Estrategia,Filtro,SL,TP,MaxTrades,Senales,Total_Trades_IS,Win_Rate_IS,Profit_Factor_IS,Expectancy_IS,Retorno_Pct_IS,Max_DD_Pct_IS,Sharpe_Ratio_IS,Sortino_Ratio_IS,Total_Trades_OOS,Win_Rate_OOS,Profit_Factor_OOS,Expectancy_OOS,Retorno_Pct_OOS,Max_DD_Pct_OOS,Sharpe_Ratio_OOS,Sortino_Ratio_OOS,Veredicto
PDH_PDL,sin_filtro,20.0,20.0,1,2917,326,20.858895705521473,0.25115440982149295,-2.390276073619632,-77.923,78.1194999999996,-10.814019203119651,-9.981591171147693,226,17.25663716814159,0.21357002954928841,-3.0735840707964606,-69.46300000000001,69.46299999999992,-12.925603146911763,-10.928524617672254,SIN EDGE IS
PDH_PDL,sin_filtro,20.0,20.0,2,2917,619,26.17124394184168,0.33177283192632395,-1.6176171243941844,-100.13050000000001,100.13049999999882,-3.0718148740375746,-3.1440248329864993,432,20.13888888888889,0.2588860013094525,-2.1354976851851855,-92.25350000000002,92.48116556871709,-12.728299869919011,-10.398259155572385,SIN EDGE IS
PDH_PDL,sin_filtro,20.0,40.0,1,2917,326,18.711656441717793,0.4338199303216147,-2.1111656441717797,-68.82400000000001,70.31395695113662,-6.004316772209419,-7.607350868270811,226,16.371681415929203,0.39573896353166965,-2.7860176991150447,-62.964000000000006,65.19552563259714,-7.317161659294918,-8.681749113892591,SIN EDGE IS
PDH_PDL,sin_filtro,20.0,40.0,2,2917,618,22.97734627831715,0.5370766727513426,-1.2844174757281557,-79.37700000000002,79.77349999999919,-5.549665647710059,-6.265722584383601,432,19.212962962962962,0.4552799997182216,-1.789953703703704,-77.32600000000002,79.28294938175009,-7.657902900392084,-8.00909287120196,SIN EDGE IS
PDH_PDL,sin_filtro,20.0,80.0,1,2917,326,13.496932515337424,0.4836107972179339,-1.9905061349693254,-64.8905,67.28383089401773,-3.9886867847351044,-6.635950811457131,226,13.716814159292035,0.5957482038503629,-2.2145575221238945,-50.04900000000001,57.041000650659555,-3.1840353513213024,-5.607636495423098,SIN EDGE IS
PDH_PDL,sin_filtro,20.0,80.0,2,2917,607,16.80395387149918,0.596132875117093,-1.1684102141680397,-70.92250000000001,73.25782194773535,-3.309447915723346,-4.770254771329898,429,16.55011655011655,0.6974874422267192,-1.4059324009324015,-60.314500000000024,65.49103681491671,-2.937328761311333,-4.381213167170384,SIN EDGE IS
PDH_PDL,sin_filtro,40.0,20.0,1,2917,326,44.785276073619634,0.38486415085745523,-1.6570552147239266,-54.02,54.39200000000008,-6.5709566079591255,-6.658149891895407,226,33.6283185840708,0.2491491491491492,-2.4892699115044246,-56.25749999999999,57.043500000000115,-10.534087790441024,-9.32249962332578,SIN EDGE IS
PDH_PDL,sin_filtro,40.0,20.0,2,2917,617,48.13614262560778,0.45260525824324055,-1.2826337115072934,-79.13850000000001,79.33499999999975,-6.66058585728025,-6.811668676823858,432,37.5,0.29472340356981774,-2.0268865740740742,-87.56150000000001,88.72999999999975,-9.046253858094461,-8.427346390313735,SIN EDGE IS
PDH_PDL,sin_filtro,40.0,40.0,1,2917,326,39.87730061349693,0.6580226536923343,-1.1567331288343559,-37.7095,41.63939247327155,-3.109513413909766,-3.9316714412341636,226,30.973451327433626,0.45615128346475553,-2.0080530973451327,-45.382,46.96800000000023,-6.019480798248604,-6.818188378582757,SIN EDGE IS
PDH_PDL,sin_filtro,40.0,40.0,2,2917,602,40.863787375415285,0.6619528222566268,-0.9049584717607975,-54.47850000000001,55.66374202929975,-3.7142385591928444,-4.409901393361854,431,35.03480278422274,0.5263467167312184,-1.4868097447795825,-64.0815,67.62899999999999,-6.068336084055564,-6.615781681714842,SIN EDGE IS
PDH_PDL,sin_filtro,40.0,80.0,1,2917,326,29.447852760736197,0.7233126498765667,-1.0812576687116564,-35.249,39.13424619965544,-2.162387801493578,-3.325465920265203,226,24.778761061946902,0.6339424797721374,-1.606482300884956,-36.30650000000001,40.46972258323013,-3.1764747059275855,-4.710635531298858,SIN EDGE IS
PDH_PDL,sin_filtro,40.0,80.0,2,2917,576,29.34027777777778,0.6854306696539708,-0.9652690972222224,-55.59950000000001,57.9009272816013,-2.9829014036003656,-3.912127316220669,425,28.000000000000004,0.6905267662987893,-1.1569529411764707,-49.170500000000004,55.931210366694664,-3.293479420207701,-4.3456886561573915,SIN EDGE IS
PDH_PDL,sin_filtro,60.0,20.0,1,2917,326,59.8159509202454,0.4950837252571193,-1.198726993865031,-39.07850000000001,40.85519652042689,-4.4303838050847,-4.631208093785567,226,50.0,0.32894093595840196,-2.0043584070796463,-45.298500000000004,46.08450000000018,-7.529256436601519,-7.183335422317676,SIN EDGE IS
PDH_PDL,sin_filtro,60.0,20.0,2,2917,609,62.5615763546798,0.568642335098186,-0.9284318555008212,-56.54150000000001,57.70621654919914,-4.759435779325274,-5.199560504548163,430,53.72093023255814,0.3830955738197772,-1.6940697674418606,-72.845,73.81349999999983,-8.06590612411446,-7.694070301200967,SIN EDGE IS
PDH_PDL,sin_filtro,60.0,40.0,1,2917,326,51.22699386503068,0.7105907726321948,-0.8191257668711657,-26.703500000000002,31.667137298445976,-2.45509455734768,-2.9546449134757773,226,46.46017699115044,0.5790253264905916,-1.3393141592920352,-30.268499999999992,33.335500000000025,-4.031691610308795,-4.625239765707698,SIN EDGE IS
PDH_PDL,sin_filtro,60.0,40.0,2,2917,584,52.56849315068494,0.7725934396708662,-0.5924914383561646,-34.60150000000001,38.85785978288816,-2.350987345085404,-2.9508564063429623,425,47.529411764705884,0.6103160771728869,-1.194294117647059,-50.7575,54.16200000000019,-4.704398825329213,-5.316302842774022,SIN EDGE IS
PDH_PDL,sin_filtro,60.0,80.0,1,2917,326,37.73006134969325,0.7302912317599926,-0.9519478527607363,-31.033500000000004,34.462458649711685,-2.180245675245516,-3.0369129106202477,226,40.26548672566372,0.8560236465463597,-0.5118805309734511,-11.568499999999995,21.27382013124145,-1.0941635965254362,-1.603205604429631,SIN EDGE IS
PDH_PDL,sin_filtro,60.0,80.0,2,2917,550,39.63636363636363,0.807787390075422,-0.6114090909090911,-33.62750000000001,40.19505570208274,-1.7081950991501984,-2.3413008584555057,415,39.75903614457831,0.8349867608120038,-0.563132530120482,-23.370000000000005,33.2076145094313,-1.735392579539047,-2.282586696632424,SIN EDGE IS
PDH_PDL,atr_alto,20.0,20.0,1,1299,167,16.16766467065868,0.18346735749932602,-3.7180838323353296,-62.092000000000006,63.36822166638337,-8.696961952321669,-8.182302041805194,126,19.047619047619047,0.20710077787653067,-4.000396825396826,-50.405,51.19100000000003,-8.071031083244373,-7.8381313653993905,SIN EDGE IS
PDH_PDL,atr_alto,20.0,20.0,2,1299,292,21.91780821917808,0.2731691461432679,-2.4888356164383567,-72.67400000000002,74.1408316454186,-8.031314776593998,-7.532298069940552,226,19.02654867256637,0.22281080523883415,-3.002477876106195,-67.85600000000001,68.03849999999998,-9.495443770225991,-8.429348628184368,SIN EDGE IS
PDH_PDL,atr_alto,20.0,40.0,1,1299,167,14.37125748502994,0.3289013710642634,-3.3911377245508985,-56.632000000000005,58.98904223763899,-5.475895376125179,-6.6849290212868135,126,19.047619047619047,0.4145712771287291,-3.1994841269841277,-40.31350000000001,42.67150000000002,-4.514455516855143,-5.730806918419827,SIN EDGE IS
PDH_PDL,atr_alto,20.0,40.0,2,1299,291,19.243986254295535,0.4441084229390681,-2.2171477663230243,-64.519,66.25354686673397,-5.087782446938212,-5.698387169330849,226,18.58407079646018,0.4174490485849511,-2.6686504424778765,-60.31150000000001,61.2660000000002,-5.957806061662945,-6.373015130024232,SIN EDGE IS
PDH_PDL,atr_alto,20.0,80.0,1,1299,167,11.377245508982035,0.4151164111300396,-3.083772455089821,-51.49900000000002,56.870627269011734,-3.507572851099085,-5.658005781523463,126,16.666666666666664,0.7497989168320015,-1.6664285714285716,-20.997000000000003,27.798605291658646,-1.1914577807473723,-2.332919773585846,SIN EDGE IS
PDH_PDL,atr_alto,20.0,80.0,2,1299,286,14.685314685314685,0.5556550704311238,-2.038269230769231,-58.294500000000006,63.23160283425214,-2.720386204074398,-4.083759340653325,225,17.333333333333336,0.7689943442849301,-1.4313777777777785,-32.20600000000002,40.30449999999994,-1.4403026339339358,-2.3041196096445757,SIN EDGE IS
PDH_PDL,atr_alto,40.0,20.0,1,1299,167,42.51497005988024,0.3478491768454595,-2.095688622754491,-34.998000000000005,36.51152907223845,-5.046676432205111,-5.207054405365817,126,32.53968253968254,0.24474732006125577,-2.9355952380952384,-36.98850000000001,37.381500000000095,-7.160749913576545,-6.93488810764171,SIN EDGE IS
PDH_PDL,atr_alto,40.0,20.0,2,1299,290,45.86206896551724,0.4090706319702602,-1.6444137931034484,-47.688,49.08507395611524,-5.259909338811191,-5.3986017819687815,226,33.1858407079646,0.23995088665687087,-2.506194690265487,-56.64,57.02250000000013,-9.082186433061144,-8.125625110473848,SIN EDGE IS
PDH_PDL,atr_alto,40.0,40.0,1,1299,167,38.32335329341318,0.5846156259313292,-1.585748502994012,-26.482,30.502321493398547,-2.8046712560056997,-3.446498228005241,126,30.952380952380953,0.4467402662305213,-2.41623015873016,-30.444500000000012,31.237500000000047,-4.444934183031785,-5.149906946320732,SIN EDGE IS
PDH_PDL,atr_alto,40.0,40.0,2,1299,285,37.89473684210527,0.5872805814222469,-1.3459649122807018,-38.36,40.63941767146161,-3.414761251241476,-3.902800420048271,226,30.973451327433626,0.43930041152263366,-2.037721238938053,-46.052499999999995,48.0140000000002,-5.7414826399864305,-5.993878397419743,SIN EDGE IS
PDH_PDL,atr_alto,40.0,80.0,1,1299,167,30.538922155688624,0.6788858336919342,-1.3181736526946108,-22.013500000000004,26.936179658170754,-1.815340036585218,-2.6938056419600356,126,25.396825396825395,0.6038172627202724,-1.9966666666666661,-25.15799999999999,26.336999999999943,-2.618334838797492,-3.8004136403420383,SIN EDGE IS
PDH_PDL,atr_alto,40.0,80.0,2,1299,277,28.51985559566787,0.6577539304716568,-1.2353971119133573,-34.2205,38.68617648177046,-2.3207102857366957,-3.0174335293212624,223,26.00896860986547,0.671401881990654,-1.5025112107623315,-33.506,37.08350000000004,-2.5470593065946896,-3.387097314967275,SIN EDGE IS
PDH_PDL,atr_alto,60.0,20.0,1,1299,167,59.2814371257485,0.474036259076953,-1.2924850299401198,-21.584500000000002,23.766079332106333,-3.4127263388628557,-3.599331491030053,126,48.41269841269841,0.30855267391724056,-2.131825396825398,-26.86100000000001,27.253999999999994,-5.754461978126629,-5.692320712440342,SIN EDGE IS
PDH_PDL,atr_alto,60.0,20.0,2,1299,289,61.93771626297578,0.5352667682926833,-1.0548961937716264,-30.4865,32.773051625257885,-3.7364430314301975,-4.014698715097001,224,49.55357142857143,0.32163001083823034,-2.05375,-46.004,46.18650000000016,-7.297200212951089,-6.892374671821861,SIN EDGE IS
PDH_PDL,atr_alto,60.0,40.0,1,1299,167,53.89221556886228,0.7587234637773163,-0.671377245508982,-11.212000000000002,16.97685430986238,-1.4418512538596595,-1.7617695248309473,126,46.82539682539682,0.5840417431249921,-1.3223015873015869,-16.660999999999994,18.17699999999998,-2.976992996432141,-3.458424635632881,SIN EDGE IS
PDH_PDL,atr_alto,60.0,40.0,2,1299,281,53.380782918149464,0.7724692182119793,-0.6125800711743773,-17.2135,22.144586082278213,-1.7087128530587865,-2.1125303431702602,222,44.14414414414414,0.5331714211226831,-1.5325225225225223,-34.022,35.81850000000008,-4.713289361732095,-5.0498786595981064,SIN EDGE IS
PDH_PDL,atr_alto,60.0,80.0,1,1299,167,41.31736526946108,0.800951673632941,-0.6900898203592816,-11.524500000000002,15.940064532288217,-1.1036472504389276,-1.5767095313130448,126,38.88888888888889,0.8039466689810042,-0.7171428571428567,-9.035999999999996,13.162499999999987,-1.1778781054073595,-1.6967329024523496,SIN EDGE IS
PDH_PDL,atr_alto,60.0,80.0,2,1299,268,41.7910447761194,0.8719037670004613,-0.41979477611940313,-11.250500000000004,18.434107167222145,-0.7897396566881182,-1.10584170984796,218,38.53211009174312,0.8178365139032603,-0.6379816513761467,-13.907999999999998,20.590508655970957,-1.3991731341805744,-1.8470505030090398,SIN EDGE IS
PDH_PDL,atr_bajo,20.0,20.0,1,1594,195,27.692307692307693,0.367285346921282,-2.725410256410257,-53.14550000000001,54.486995798829554,-5.702439147123917,-6.26671688193399,130,20.0,0.24598930481283424,-3.8124230769230776,-49.56150000000001,50.052236773698446,-8.194694351103204,-8.063448882440401,SIN EDGE IS
PDH_PDL,atr_bajo,20.0,20.0,2,1594,359,30.08356545961003,0.39350668338435774,-1.9065598885793873,-68.44550000000001,69.63869912441048,-6.79318351161585,-6.73036161462767,235,21.27659574468085,0.26000410424789655,-2.838765957446809,-66.71100000000001,67.22947045280115,-8.755048909276749,-8.050402427249255,SIN EDGE IS
PDH_PDL,atr_bajo,20.0,40.0,1,1594,195,24.615384615384617,0.6377974621582949,-1.9732051282051286,-38.477500000000006,42.427007299270166,-2.471143966479575,-3.674980904328576,130,18.461538461538463,0.42963885429638843,-3.258846153846154,-42.365,45.66792481459707,-4.895475591810699,-6.248800067604261,SIN EDGE IS
PDH_PDL,atr_bajo,20.0,40.0,2,1594,357,26.89075630252101,0.6971264552131105,-1.3226750700280117,-47.21950000000001,52.39368108959525,-2.6304944590065,-3.316166718483269,235,20.425531914893615,0.49151770619660534,-2.399765957446809,-56.3945,58.991112670291976,-4.879615946188359,-5.5855803601732275,SIN EDGE IS
PDH_PDL,atr_bajo,20.0,80.0,1,1594,195,17.435897435897434,0.7199423131867879,-1.5834102564102575,-30.876500000000025,35.61350000000005,-1.37080463915495,-2.6936626381406232,130,14.615384615384617,0.5755896805896802,-2.6574615384615385,-34.547000000000004,42.33433366274696,-2.5738960394370665,-4.541977061400496,SIN EDGE IS
PDH_PDL,atr_bajo,20.0,80.0,2,1594,347,19.30835734870317,0.74051837433049,-1.2062680115273778,-41.85750000000001,50.14412465681705,-1.5838587338762344,-2.4733547096342736,230,16.956521739130434,0.6719882000780872,-1.808065217391305,-41.58550000000002,49.6303527147564,-2.2394226330692883,-3.3759628574438882,SIN EDGE IS
PDH_PDL,atr_bajo,40.0,20.0,1,1594,195,46.666666666666664,0.4366123875381069,-1.7485384615384616,-34.0965,34.86444815623808,-4.433341977402796,-4.712706894556666,130,38.46153846153847,0.2986689740631544,-2.5251153846153844,-32.826499999999996,34.057653422051395,-6.378689469585064,-6.334170156727015,SIN EDGE IS
PDH_PDL,atr_bajo,40.0,20.0,2,1594,355,49.014084507042256,0.494152880775813,-1.2989014084507042,-46.111000000000004,46.94502421927347,-4.927748659116749,-5.247665607460911,234,42.30769230769231,0.3585037174721189,-1.9468589743589741,-45.55649999999999,46.74827926249866,-6.628064980274468,-6.505136669701787,SIN EDGE IS
PDH_PDL,atr_bajo,40.0,40.0,1,1594,195,41.02564102564102,0.6775645199765326,-1.2823589743589743,-25.006,26.748649625411407,-2.2298903921473934,-2.847137437449891,130,33.84615384615385,0.4727001529589482,-2.1346923076923074,-27.750999999999998,29.620801733477837,-4.259847851235093,-4.935370673577885,SIN EDGE IS
PDH_PDL,atr_bajo,40.0,40.0,2,1594,348,43.39080459770115,0.7683690570697717,-0.7923275862068968,-27.573000000000008,29.79975187066251,-1.7973537133538577,-2.3023402578121424,233,39.05579399141631,0.6074824307565109,-1.3855364806866954,-32.28300000000001,34.783980750076566,-3.5276513749384217,-4.081767526964839,SIN EDGE IS
PDH_PDL,atr_bajo,40.0,80.0,1,1594,195,29.230769230769234,0.7264502710333753,-1.3017179487179489,-25.383500000000005,27.37465146994075,-1.6932706004715352,-2.618724253217949,130,27.692307692307693,0.6026643972374064,-1.8675384615384618,-24.278000000000002,30.30892749699155,-2.7046768149608553,-3.8249937966328647,SIN EDGE IS
PDH_PDL,atr_bajo,40.0,80.0,2,1594,330,30.606060606060602,0.7060281932637472,-1.0348030303030304,-34.148500000000006,35.3815975772833,-2.2150312369771616,-2.9317739718687097,226,30.973451327433626,0.6929618719523362,-1.224491150442478,-27.6735,36.07875813683706,-2.4300515653022434,-3.1343338306602315,SIN EDGE IS
PDH_PDL,atr_bajo,60.0,20.0,1,1594,195,59.48717948717949,0.5065601825442099,-1.1311538461538462,-22.0575,22.709626750306892,-3.385073982229767,-3.5879004291662207,130,55.38461538461539,0.4065884476534296,-1.5678846153846155,-20.3825,22.401081774388366,-4.479361901427126,-4.605146537628844,SIN EDGE IS
PDH_PDL,atr_bajo,60.0,20.0,2,1594,347,61.67146974063401,0.5697179532795972,-0.9061095100864556,-31.442000000000007,32.857242077272716,-3.7377024388327915,-4.0914084481143265,231,58.87445887445888,0.4745133300364162,-1.264978354978355,-29.221000000000004,30.932218191254222,-4.73088066727471,-4.899523980759329,SIN EDGE IS
PDH_PDL,atr_bajo,60.0,40.0,1,1594,195,49.23076923076923,0.673697031861017,-0.9135897435897437,-17.815,18.781098829423964,-2.1959951412697567,-2.624859588769963,130,49.23076923076923,0.6362850358746709,-1.0840384615384617,-14.092500000000003,17.97301844960012,-2.5225361864903286,-2.9827309531917763,SIN EDGE IS
PDH_PDL,atr_bajo,60.0,40.0,2,1594,333,51.95195195195195,0.7711583924349881,-0.5741141141141142,-19.118000000000006,20.963518595081936,-1.7717665334178323,-2.2187176412079364,228,51.31578947368421,0.6947277066608814,-0.8639473684210527,-19.698,25.00352724247477,-2.577655091081475,-3.06037700929531,SIN EDGE IS
PDH_PDL,atr_bajo,60.0,80.0,1,1594,195,36.41025641025641,0.6973047115081925,-1.0355128205128208,-20.192500000000006,20.749999999999975,-1.9659028978352986,-2.7018885235675465,130,44.61538461538462,0.9420539570892441,-0.188846153846154,-2.455000000000002,12.310818554347975,-0.29506064158178347,-0.44063963964346015,SIN EDGE IS
PDH_PDL,atr_bajo,60.0,80.0,2,1594,312,38.141025641025635,0.7343308982234769,-0.8205769230769232,-25.602000000000004,27.37253109724591,-1.9480489686886464,-2.5788340847648237,219,42.00913242009132,0.8460033149017376,-0.5048630136986301,-11.056499999999998,20.396448834684982,-1.147139567716513,-1.5146744051876344,SIN EDGE IS
PDH_PDL,vwap_favor,20.0,20.0,1,971,226,22.566371681415927,0.25698016908645854,-2.840752212389381,-64.20100000000001,64.20100000000002,-8.040424039875203,-8.021378701777357,165,18.787878787878785,0.22929861979993907,-3.602515151515152,-59.441500000000005,59.820500000000166,-9.91661216483362,-9.277351298016184,SIN EDGE IS
PDH_PDL,vwap_favor,20.0,20.0,2,971,333,25.825825825825827,0.30115958513263413,-2.1771921921921926,-72.50050000000002,72.50049999999966,-7.892828587222019,-7.667950629709745,230,20.434782608695652,0.2631482834185537,-2.894673913043479,-66.57750000000003,66.96349999999997,-9.70922130402312,-8.874088145623219,SIN EDGE IS
PDH_PDL,vwap_favor,20.0,40.0,1,971,226,20.353982300884958,0.4710791689186885,-2.403207964601771,-54.31250000000002,55.36550000000013,-4.151664538281256,-5.650227998959716,165,17.575757575757574,0.41613954379911827,-3.0460000000000003,-50.259,52.39859632613854,-5.540032026725264,-7.036257712989204,SIN EDGE IS
PDH_PDL,vwap_favor,20.0,40.0,2,971,332,21.686746987951807,0.44843061016139196,-1.9120933734939765,-63.48150000000001,64.41800000000003,-4.916858308132684,-5.7339781216282955,230,18.695652173913043,0.4328009828009826,-2.6096086956521756,-60.021000000000036,61.200000000000145,-6.080566113020217,-6.900755046403093,SIN EDGE IS
PDH_PDL,vwap_favor,20.0,80.0,1,971,226,16.371681415929203,0.6294374918806562,-1.893230088495576,-42.78700000000002,46.110000000000035,-2.110549490064469,-3.9045673465034025,165,13.939393939393941,0.6030200240726553,-2.4186666666666667,-39.908,41.46733510734747,-2.6865815805392326,-4.8315126653750005,SIN EDGE IS
PDH_PDL,vwap_favor,20.0,80.0,2,971,325,17.846153846153847,0.6723177026136612,-1.4689846153846156,-47.742000000000004,56.44000000000007,-1.9680482899507756,-3.206769152582536,226,15.486725663716813,0.688487188487188,-1.845685840707965,-41.71250000000001,43.677500000000016,-2.165417165023973,-3.7498641593737374,SIN EDGE IS
PDH_PDL,vwap_favor,40.0,20.0,1,971,226,46.017699115044245,0.4068365218968177,-1.7368141592920354,-39.251999999999995,39.25200000000027,-5.120410914830544,-5.34970457382902,165,38.18181818181819,0.3206221380072638,-2.346818181818182,-38.722500000000004,39.312000000000126,-7.068580819843187,-6.969120266482954,SIN EDGE IS
PDH_PDL,vwap_favor,40.0,20.0,2,971,332,49.096385542168676,0.4663750652090416,-1.401882530120482,-46.542500000000004,46.54250000000045,-5.102349378011722,-5.344819955003447,229,40.174672489082965,0.347556490475503,-2.072248908296943,-47.454499999999996,48.8238751843146,-7.620384234314442,-7.378721038573293,SIN EDGE IS
PDH_PDL,vwap_favor,40.0,40.0,1,971,226,41.5929203539823,0.6591106839993246,-1.1614823008849557,-26.249499999999998,28.487183750109974,-2.4370719934927947,-3.0830533357750527,165,33.939393939393945,0.4966291606962489,-1.9480909090909095,-32.14350000000001,33.333000000000084,-4.502691415737101,-5.285545280102191,SIN EDGE IS
PDH_PDL,vwap_favor,40.0,40.0,2,971,325,41.84615384615385,0.6441851419681058,-1.0555384615384618,-34.30500000000001,36.741793678166864,-2.8413880732026593,-3.4121565598697607,228,35.96491228070175,0.5527411876363945,-1.6225000000000003,-36.993,39.37200000000012,-4.463723323168119,-5.185323520760567,SIN EDGE IS
PDH_PDL,vwap_favor,40.0,80.0,1,971,226,30.53097345132743,0.7613092434165541,-1.0425663716814162,-23.562000000000005,27.894209654428415,-1.4993989268095538,-2.346358703286446,165,25.454545454545453,0.5960379099671962,-1.8173030303030304,-29.985500000000005,33.595429844794594,-3.1830201899980897,-4.515647064582303,SIN EDGE IS
PDH_PDL,vwap_favor,40.0,80.0,2,971,314,31.528662420382165,0.7501720276471443,-0.9076592356687899,-28.500500000000006,32.30374231696898,-1.6967462427088391,-2.4417515312357416,221,27.601809954751133,0.6511173767194014,-1.4753393665158372,-32.605000000000004,36.92995747592754,-2.9240091838480073,-4.072680034670624,SIN EDGE IS
PDH_PDL,vwap_favor,60.0,20.0,1,971,226,60.17699115044248,0.4871728594507271,-1.2290265486725662,-27.776,29.341495011026225,-3.845258645206546,-4.037495871768099,165,50.303030303030305,0.33628181733832313,-1.9509090909090907,-32.19,32.77950000000008,-6.194650337543667,-6.100408518217224,SIN EDGE IS
PDH_PDL,vwap_favor,60.0,20.0,2,971,328,60.670731707317074,0.5072822203902172,-1.147957317073171,-37.653000000000006,39.35441024141495,-4.370633604973482,-4.622561714925275,227,52.42290748898678,0.36744024720943447,-1.7674889867841408,-40.122,41.30100000000014,-6.280338973657857,-6.217468920204249,SIN EDGE IS
PDH_PDL,vwap_favor,60.0,40.0,1,971,226,52.21238938053098,0.7287950954588468,-0.7545796460176992,-17.053500000000003,21.24418174382141,-1.8547009495122424,-2.2569366577196717,165,46.06060606060606,0.5688921201917098,-1.3656060606060605,-22.5325,24.065999999999963,-3.5521939254847057,-4.0889018734797835,SIN EDGE IS
PDH_PDL,vwap_favor,60.0,40.0,2,971,317,52.36593059936908,0.718668686611696,-0.7674132492113566,-24.327000000000005,28.48168763056783,-2.289797198004897,-2.795701267619023,225,46.22222222222222,0.5832105085306322,-1.2882222222222224,-28.985,31.364000000000082,-3.873795954989931,-4.442601934894024,SIN EDGE IS
PDH_PDL,vwap_favor,60.0,80.0,1,971,226,38.93805309734513,0.7951589032559591,-0.6981637168141595,-15.778500000000003,20.661901031148524,-1.3176367607019814,-1.8892889252596075,165,37.57575757575757,0.7654927404491667,-0.8521212121212121,-14.06,17.48210320897674,-1.6720159852650567,-2.368214351279809,SIN EDGE IS
PDH_PDL,vwap_favor,60.0,80.0,2,971,299,41.1371237458194,0.8350682843301038,-0.5283110367892977,-15.7965,23.460495459414567,-1.13766938667678,-1.6075672974368065,215,37.67441860465116,0.7501197090250767,-0.8859302325581396,-19.047500000000003,22.793540372670765,-2.026285205343116,-2.71918898526322,SIN EDGE IS
PDH_PDL,vwap_contra,20.0,20.0,1,1945,289,25.259515570934255,0.360807164805516,-2.360899653979239,-68.23,70.82996503125001,-8.00524126098231,-8.216285336445395,207,21.256038647342994,0.256858248279967,-3.076014492753623,-63.673500000000004,63.67350000000004,-10.209290154042694,-9.559216621094771,SIN EDGE IS
PDH_PDL,vwap_contra,20.0,20.0,2,1945,501,28.942115768463072,0.4450319843669099,-1.6580638722554895,-83.06900000000002,84.27422954578519,-8.435079103949771,-8.143768009981818,362,20.441988950276244,0.24183072077451462,-2.2974309392265195,-83.167,83.33549999999961,-11.936557645051986,-10.074223087635502,SIN EDGE IS
PDH_PDL,vwap_contra,20.0,40.0,1,1945,289,21.453287197231834,0.5611419157243839,-2.092335640138409,-60.46850000000001,64.56880044543666,-4.170943880713109,-5.812729699445853,207,19.32367149758454,0.45015849412994,-2.6437681159420294,-54.726000000000006,56.09671143310677,-5.475255656377827,-7.023458633750231,SIN EDGE IS
PDH_PDL,vwap_contra,20.0,40.0,2,1945,494,25.101214574898783,0.6819282497192557,-1.338795546558705,-66.13650000000003,69.30506002879923,-3.8453700418141974,-4.768518804012963,361,19.390581717451525,0.4403279291835834,-1.9799445983379502,-71.476,72.79913690668532,-6.824949717219406,-7.408010209055697,SIN EDGE IS
PDH_PDL,vwap_contra,20.0,80.0,1,1945,289,15.22491349480969,0.6618510345976099,-1.8267474048442913,-52.79300000000002,58.305848897847966,-2.448849113300001,-4.555938723179526,207,17.874396135265698,0.7807634657686242,-1.3601932367149767,-28.15600000000002,34.92310933220978,-1.3339704883782477,-2.6337648068520267,SIN EDGE IS
PDH_PDL,vwap_contra,20.0,80.0,2,1945,483,18.633540372670808,0.7706203955495581,-1.1648447204968946,-56.262000000000015,62.96418968094555,-1.9660157944607906,-3.1203508456666853,358,17.59776536312849,0.7581072941872631,-1.2788826815642462,-45.78400000000001,53.71846380818957,-2.0181007698667557,-3.1332659796776934,SIN EDGE IS
PDH_PDL,vwap_contra,40.0,20.0,1,1945,289,49.82698961937716,0.49366613962615535,-1.4017301038062284,-40.510000000000005,43.08158234308519,-4.695379627940144,-5.032098731008946,207,36.231884057971016,0.28003173413844024,-2.367391304347826,-49.004999999999995,49.398000000000245,-8.906852203044622,-8.323108768053546,SIN EDGE IS
PDH_PDL,vwap_contra,40.0,20.0,2,1945,493,50.10141987829615,0.512030724682351,-1.2203042596348885,-60.161,62.13452666367378,-5.899100971150252,-6.138562404725178,360,39.44444444444444,0.30040767793443196,-1.9448472222222222,-70.0145,70.21099999999998,-9.632508311487257,-8.65189508539474,SIN EDGE IS
PDH_PDL,vwap_contra,40.0,40.0,1,1945,289,41.86851211072664,0.7300520768924252,-1.019688581314879,-29.469000000000005,34.66318250840766,-2.262081039689229,-2.944410723134754,207,32.850241545893724,0.49827045654764984,-1.8708937198067632,-38.7275,39.52050000000018,-4.923070580388176,-5.795050799406711,SIN EDGE IS
PDH_PDL,vwap_contra,40.0,40.0,2,1945,471,42.88747346072187,0.742494233959172,-0.8272823779193207,-38.965,43.96272098030729,-2.768803560915427,-3.372518180470712,356,36.79775280898877,0.5433480403937806,-1.4143960674157305,-50.35250000000001,51.521000000000384,-5.246407910614406,-5.801612979577838,SIN EDGE IS
PDH_PDL,vwap_contra,40.0,80.0,1,1945,289,31.833910034602077,0.7909293606112595,-0.942543252595156,-27.23950000000001,32.003867995183924,-1.5029554780549814,-2.380486536225075,207,28.019323671497588,0.7112527484761613,-1.2529468599033817,-25.936000000000003,29.492078932740412,-2.1873964460328743,-3.3437960854051196,SIN EDGE IS
PDH_PDL,vwap_contra,40.0,80.0,2,1945,446,32.73542600896861,0.7773566942554858,-0.8127354260089686,-36.248000000000005,41.66557707753539,-2.0404612563426987,-2.71586780265814,349,30.08595988538682,0.7834629488621343,-0.9737249283667623,-33.983000000000004,37.046413502109694,-1.9833930129005308,-2.755401017978233,SIN EDGE IS
PDH_PDL,vwap_contra,60.0,20.0,1,1945,289,63.667820069204154,0.5943044996918021,-0.8540311418685123,-24.681500000000007,27.144824046703686,-3.1443821970494565,-3.3874370136873564,207,51.20772946859904,0.3430420711974112,-1.927028985507247,-39.88950000000002,40.39961475700261,-6.956087306705627,-6.733813550008775,SIN EDGE IS
PDH_PDL,vwap_contra,60.0,20.0,2,1945,483,62.939958592132506,0.5948855311585849,-0.832929606625259,-40.230500000000006,41.759766946866996,-4.072926151608198,-4.407078472990828,352,55.39772727272727,0.4120848098338971,-1.553039772727273,-54.66700000000001,54.95201928211068,-7.269310368272381,-7.020577442944012,SIN EDGE IS
PDH_PDL,vwap_contra,60.0,40.0,1,1945,289,52.595155709342556,0.7819016881827211,-0.5775605536332181,-16.691500000000005,20.100710123019898,-1.7030359363580445,-2.0962085337085523,207,46.85990338164252,0.5958503958503963,-1.2515458937198065,-25.90699999999999,28.2618356860728,-3.6863333161024303,-4.256175685352269,SIN EDGE IS
PDH_PDL,vwap_contra,60.0,40.0,2,1945,454,51.76211453744494,0.7756074137273148,-0.5764096916299559,-26.168999999999997,29.385475948220847,-2.1453277356390466,-2.6193944258990878,345,49.275362318840585,0.6519678852905795,-1.0271739130434785,-35.43750000000001,38.99222522383072,-3.7938673823725906,-4.320705842007692,SIN EDGE IS
PDH_PDL,vwap_contra,60.0,80.0,1,1945,289,41.17647058823529,0.8598700002697094,-0.44944636678200717,-12.989000000000006,17.45066583447511,-0.9768938000640652,-1.429845227521397,207,40.09661835748793,0.8566389360379435,-0.4957487922705313,-10.261999999999997,18.265242791137542,-1.0443198498528126,-1.5258559806710432,SIN EDGE IS
PDH_PDL,vwap_contra,60.0,80.0,2,1945,424,40.56603773584906,0.8484983093295143,-0.46654481132075487,-19.781500000000005,25.43087180777451,-1.2506580248603345,-1.6815907460207613,334,40.7185628742515,0.8488735082680751,-0.5073053892215571,-16.944000000000006,28.008039260617146,-1.372899817548428,-1.8276524315804683,SIN EDGE IS
PDH_PDL,rsi_extremo,20.0,20.0,1,1604,215,23.72093023255814,0.2896259776169283,-2.8917674418604653,-62.173,62.901976168293125,-7.428989229766539,-7.593788475623156,141,16.312056737588655,0.18799330303755085,-3.9728723404255324,-56.01750000000001,56.78950000000012,-9.595215503281189,-8.997485621880044,SIN EDGE IS
PDH_PDL,rsi_extremo,20.0,20.0,2,1604,373,27.882037533512065,0.38154854519169235,-1.95544235924933,-72.93800000000002,73.91740157100847,-7.379150406099654,-7.23164465015284,256,18.75,0.22869520237941288,-2.7958593750000005,-71.57400000000001,71.7704999999999,-10.467025316123431,-9.064722971593389,SIN EDGE IS
PDH_PDL,rsi_extremo,20.0,40.0,1,1604,215,20.46511627906977,0.5163016225715479,-2.4451627906976747,-52.571,56.76579840933439,-4.0011498383143165,-5.483526880035895,141,14.184397163120568,0.307607054292562,-3.544609929078014,-49.979,52.27400000000002,-6.362201327861398,-7.590965012073991,SIN EDGE IS
PDH_PDL,rsi_extremo,20.0,40.0,2,1604,371,24.797843665768195,0.649449290581258,-1.583638814016173,-58.75300000000002,63.41891712119248,-3.265631141017963,-4.120391363078722,255,17.254901960784313,0.3952508581370196,-2.5218039215686283,-64.30600000000001,65.47775894042373,-6.753014621743796,-7.049246352307355,SIN EDGE IS
PDH_PDL,rsi_extremo,20.0,80.0,1,1604,215,15.813953488372093,0.6328619942376512,-2.056604651162791,-44.217000000000006,49.398416153383074,-2.2492733223766384,-4.095618167764817,141,10.638297872340425,0.42436078863282706,-3.1878368794326244,-44.9485,49.622499999999995,-3.879979720427691,-6.280519736394495,SIN EDGE IS
PDH_PDL,rsi_extremo,20.0,80.0,2,1604,364,18.40659340659341,0.7569705777093344,-1.2312912087912091,-44.81900000000001,54.21692002355463,-1.603535431516305,-2.5641209797784996,251,13.94422310756972,0.5558864205031453,-2.2133665338645425,-55.555500000000016,56.985449360894826,-3.4834920227847737,-4.95844146910724,SIN EDGE IS
PDH_PDL,rsi_extremo,40.0,20.0,1,1604,215,48.837209302325576,0.45197657749593056,-1.5736046511627906,-33.832499999999996,35.0512458118781,-4.331094278283245,-4.629722849405583,141,34.751773049645394,0.2755828362295036,-2.6742553191489367,-37.70700000000001,38.4930000000001,-7.107576255176454,-6.957059716994486,SIN EDGE IS
PDH_PDL,rsi_extremo,40.0,20.0,2,1604,368,51.08695652173913,0.5034093133827438,-1.2062228260869567,-44.38900000000001,46.062152043607796,-4.690892995904272,-4.9588644635295305,255,37.64705882352941,0.3086088154269972,-2.1652745098039214,-55.2145,55.990000000000165,-8.143060960935209,-7.622697124678984,SIN EDGE IS
PDH_PDL,rsi_extremo,40.0,40.0,1,1604,215,42.32558139534884,0.6831550464051795,-1.1654883720930234,-25.058000000000003,28.952133559598337,-2.2361498884430935,-2.850425301625753,141,30.49645390070922,0.4371707590262344,-2.2808156028368796,-32.1595,34.50350000000005,-4.6871820236892665,-5.433024921953199,SIN EDGE IS
PDH_PDL,rsi_extremo,40.0,40.0,2,1604,355,41.971830985915496,0.6842711456589556,-0.9536478873239439,-33.85450000000001,36.82498901644705,-2.663134493626654,-3.1686780231312395,253,34.387351778656125,0.5268570226755738,-1.6894664031620554,-42.7435,44.71900000000022,-4.69825712773013,-5.253355074312005,SIN EDGE IS
PDH_PDL,rsi_extremo,40.0,80.0,1,1604,215,31.627906976744185,0.7708749283412737,-1.0782093023255814,-23.1815,25.553369643168576,-1.3923682147105991,-2.175101074853995,141,21.27659574468085,0.499166601147889,-2.258900709219858,-31.850499999999997,35.77000000000005,-3.642984572985361,-5.06276764150447,SIN EDGE IS
PDH_PDL,rsi_extremo,40.0,80.0,2,1604,335,30.74626865671642,0.7554755653425937,-0.8618208955223882,-28.871000000000002,33.71667986905788,-1.7293677088056463,-2.312028682331676,246,25.203252032520325,0.564480296217932,-1.6734756097560974,-41.1675,43.28524583608287,-3.9084493303392676,-4.69789278469316,SIN EDGE IS
PDH_PDL,rsi_extremo,60.0,20.0,1,1604,215,61.395348837209305,0.5323290679418373,-1.0598837209302325,-22.787499999999998,24.432700198740267,-3.2610039599720735,-3.479699343658837,141,51.77304964539007,0.3562257872255885,-1.8385460992907798,-25.923499999999994,27.102500000000017,-5.329397259453953,-5.363280694329422,SIN EDGE IS
PDH_PDL,rsi_extremo,60.0,20.0,2,1604,364,62.91208791208791,0.59035636651077,-0.8542307692307693,-31.094000000000005,32.79008610888691,-3.5066241625429804,-3.8200730259804274,252,52.77777777777778,0.37086286517776235,-1.748888888888889,-44.072,45.040500000000186,-6.525587702438251,-6.370266342370778,SIN EDGE IS
PDH_PDL,rsi_extremo,60.0,40.0,1,1604,215,51.627906976744185,0.73878598811659,-0.7146511627906975,-15.364999999999998,19.551648309438466,-1.7627689435758982,-2.149300243456116,141,45.39007092198582,0.564147018030513,-1.381808510638298,-19.4835,24.395999999999958,-3.223248071373187,-3.73900455217459,SIN EDGE IS
PDH_PDL,rsi_extremo,60.0,40.0,2,1604,347,51.008645533141205,0.7507876304642729,-0.6485446685878964,-22.504500000000004,25.811229428847938,-2.023998719122989,-2.4586148675487673,247,45.74898785425101,0.565514523974085,-1.3616194331983804,-33.632,35.81050000000003,-4.138608506670818,-4.572243323492233,SIN EDGE IS
PDH_PDL,rsi_extremo,60.0,80.0,1,1604,215,40.0,0.8514480837992349,-0.49372093023255803,-10.614999999999998,15.408049767208345,-0.8747472953455753,-1.2830241599825194,141,36.87943262411347,0.7335807554795586,-0.9724113475177306,-13.711,22.29449999999997,-1.6888031273864708,-2.3841972599592474,SIN EDGE IS
PDH_PDL,rsi_extremo,60.0,80.0,2,1604,321,39.56386292834891,0.839878889790682,-0.5131931464174457,-16.47350000000001,22.242026770323108,-1.1171157339696143,-1.5032665913563574,237,35.0210970464135,0.6642614205511683,-1.216223628691983,-28.824499999999997,32.73700000000003,-2.885745463941012,-3.471873441645198,SIN EDGE IS
PDH_PDL,bb_extremo,20.0,20.0,1,1553,230,22.608695652173914,0.29983604872004366,-2.813000000000001,-64.69900000000003,66.35195996663884,-7.9366355647165605,-7.999099066265365,153,18.30065359477124,0.21698920575325067,-3.707581699346405,-56.726,57.891000000000126,-9.39737150882176,-8.95187180150397,SIN EDGE IS
PDH_PDL,bb_extremo,20.0,20.0,2,1553,397,28.71536523929471,0.40303460973206934,-1.862141057934509,-73.927,75.58879292184515,-7.3950566500636015,-7.27578175494068,272,19.852941176470587,0.2545310620624428,-2.6659558823529417,-72.51400000000001,73.01297395752975,-10.135107940692311,-9.023377748836227,SIN EDGE IS
PDH_PDL,bb_extremo,20.0,40.0,1,1553,230,19.130434782608695,0.4817547702772812,-2.540652173913044,-58.43500000000002,59.57557514722141,-4.547680751421702,-6.086485714200741,153,17.647058823529413,0.39876640653842715,-3.086764705882353,-47.227500000000006,50.25441052856709,-5.334467276716088,-6.784983303194199,SIN EDGE IS
PDH_PDL,bb_extremo,20.0,40.0,2,1553,396,25.5050505050505,0.6642898639528533,-1.4665404040404046,-58.075000000000024,60.05031230793466,-3.232381277926667,-4.055637294228446,272,18.38235294117647,0.42485658971917056,-2.364632352941177,-64.31800000000003,65.88394974569573,-6.233423095026987,-6.829220936767855,SIN EDGE IS
PDH_PDL,bb_extremo,20.0,80.0,1,1553,230,13.91304347826087,0.5491097781979252,-2.3744565217391305,-54.6125,57.59295720247584,-3.0825376610149386,-5.351634499731947,153,13.725490196078432,0.5203596682469922,-2.717679738562092,-41.58050000000001,45.917500000000025,-3.2278396556794915,-5.403884571794791,SIN EDGE IS
PDH_PDL,bb_extremo,20.0,80.0,2,1553,387,19.379844961240313,0.7574292116834415,-1.2209302325581401,-47.25000000000003,52.1035833783546,-1.7136007508793087,-2.727915046527115,268,15.298507462686567,0.633832075902649,-1.884309701492538,-50.49950000000002,53.544762217022694,-2.7617127776048997,-4.188237184731317,SIN EDGE IS
PDH_PDL,bb_extremo,40.0,20.0,1,1553,230,48.26086956521739,0.4605273960844611,-1.5712608695652173,-36.138999999999996,37.79186775826041,-4.496341695134037,-4.800677565016569,153,38.56209150326798,0.3270820618099098,-2.378039215686275,-36.38400000000001,37.36650000000011,-6.532328990810272,-6.549008568462201,SIN EDGE IS
PDH_PDL,bb_extremo,40.0,20.0,2,1553,391,51.406649616368284,0.5106647975413815,-1.1605754475703327,-45.37850000000001,47.42270522100775,-4.622811502130162,-4.902712592140791,270,38.51851851851852,0.3292972207470349,-2.1048888888888886,-56.831999999999994,57.80400000000011,-8.193638260222528,-7.697947593394952,SIN EDGE IS
PDH_PDL,bb_extremo,40.0,40.0,1,1553,230,42.608695652173914,0.7316986712601152,-1.0530652173913042,-24.220499999999998,27.833171437822536,-1.9794629681619258,-2.570532024537071,153,35.947712418300654,0.5397686906237092,-1.8206209150326802,-27.855500000000006,30.192500000000017,-3.736639186620724,-4.509931648689365,SIN EDGE IS
PDH_PDL,bb_extremo,40.0,40.0,2,1553,381,43.832020997375324,0.7510103828463204,-0.7729265091863518,-29.4485,32.5586861215837,-2.115332711435816,-2.5921099883802827,270,35.92592592592593,0.5796235270621133,-1.5591296296296298,-42.096500000000006,44.4685000000002,-4.340855325622078,-4.99837256788201,SIN EDGE IS
PDH_PDL,bb_extremo,40.0,80.0,1,1553,230,30.0,0.7223829091199236,-1.210217391304348,-27.835000000000004,31.821959023831113,-1.8339079347074143,-2.807502569124012,153,27.450980392156865,0.6453574575069302,-1.6180392156862746,-24.756,28.088622041383427,-2.4991560664455568,-3.671759211164548,SIN EDGE IS
PDH_PDL,bb_extremo,40.0,80.0,2,1553,359,32.590529247910865,0.7747500088614429,-0.7965598885793874,-28.59650000000001,33.90313791807594,-1.6052641245897121,-2.2196589264118165,260,28.46153846153846,0.7083521187794641,-1.2813269230769233,-33.3145,36.23058004918731,-2.522391870504767,-3.344509331959678,SIN EDGE IS
PDH_PDL,bb_extremo,60.0,20.0,1,1553,230,62.17391304347826,0.551030013040622,-0.9954347826086956,-22.895,25.094366621107483,-3.187497399450939,-3.410167048379157,153,52.28758169934641,0.36317011470353816,-1.8016666666666667,-27.565500000000004,28.941000000000056,-5.484217109951936,-5.50609490352007,SIN EDGE IS
PDH_PDL,bb_extremo,60.0,20.0,2,1553,384,63.802083333333336,0.6112583665452604,-0.796328125,-30.579,33.219291900451694,-3.2736948243528268,-3.6098168058030757,268,51.865671641791046,0.36173706899406016,-1.7982462686567167,-48.193000000000005,49.1615000000002,-6.891654188681049,-6.653040010085021,SIN EDGE IS
PDH_PDL,bb_extremo,60.0,40.0,1,1553,230,52.17391304347826,0.7565182349385459,-0.6567391304347826,-15.105000000000002,19.54879979976602,-1.675410188329495,-2.0500116701493543,153,47.712418300653596,0.609461888148853,-1.2072222222222222,-18.4705,23.365499999999965,-2.948557889621993,-3.462287398230878,SIN EDGE IS
PDH_PDL,bb_extremo,60.0,40.0,2,1553,369,52.30352303523035,0.7862815580478616,-0.5502439024390244,-20.304000000000002,24.24520687638638,-1.7533779806447387,-2.1834901139947607,265,46.0377358490566,0.5751693440306609,-1.3217924528301888,-35.0275,37.59600000000012,-4.072927094042752,-4.538074083882295,SIN EDGE IS
PDH_PDL,bb_extremo,60.0,80.0,1,1553,230,36.95652173913043,0.7128744321971987,-0.9824999999999999,-22.597499999999997,26.83846698746911,-1.9026711375674001,-2.6497031783807907,153,39.869281045751634,0.7986292247072535,-0.711470588235294,-10.885499999999999,17.658499999999968,-1.2943127443722924,-1.8560866898308084,SIN EDGE IS
PDH_PDL,bb_extremo,60.0,80.0,2,1553,343,39.650145772594755,0.7889709489289807,-0.6772740524781341,-23.2305,28.017141084309248,-1.5358329167170415,-2.08288200865664,254,37.79527559055118,0.7384410452731557,-0.9199409448818898,-23.366500000000002,27.077499999999965,-2.211285788282069,-2.797801452144848,SIN EDGE IS
ORB,sin_filtro,20.0,20.0,1,503,271,30.996309963099634,0.43690735325716296,-2.2241328413284136,-60.274000000000015,60.753591116556,-5.871487882320204,-6.556776132133362,176,23.295454545454543,0.3073469915575178,-3.195511363636364,-56.24100000000001,56.80491187546593,-8.439278398992807,-8.456351497687072,SIN EDGE IS
ORB,sin_filtro,20.0,20.0,2,503,279,31.182795698924732,0.44786733098421394,-2.1706630824372763,-60.56150000000001,61.40952567332889,-5.782303520755722,-6.451671977891385,181,22.65193370165746,0.30056727850845494,-3.208425414364642,-58.07250000000002,58.61280976847277,-8.485659095282472,-8.42590039974922,SIN EDGE IS
ORB,sin_filtro,20.0,40.0,1,503,271,28.044280442804425,0.7448007155120124,-1.3740221402214028,-37.23600000000002,42.543391589169424,-1.9092841440550423,-2.97326961935151,176,22.15909090909091,0.5422238486068272,-2.4877272727272737,-43.78400000000001,46.71393432134107,-4.133680088015765,-5.665758565886301,SIN EDGE IS
ORB,sin_filtro,20.0,40.0,2,503,279,28.31541218637993,0.7661181645245386,-1.2845519713261655,-35.83900000000001,43.22579492994981,-1.7809212418649147,-2.7761054729462833,181,21.54696132596685,0.5237247737247738,-2.5060497237569064,-45.35950000000001,48.20732048322964,-4.353404034081013,-5.786113411444631,SIN EDGE IS
ORB,sin_filtro,20.0,80.0,1,503,271,20.66420664206642,0.8805708144879001,-0.8447785977859779,-22.8935,35.59247399629765,-0.6656940530730933,-1.3836933538522087,176,21.022727272727273,0.944170563525402,-0.4002272727272729,-7.044000000000003,24.161895394236684,-0.21419539360846282,-0.46442033768860497,SIN EDGE IS
ORB,sin_filtro,20.0,80.0,2,503,278,20.863309352517987,0.8948491116150415,-0.7589208633093528,-21.09800000000001,36.05164093464451,-0.5962815933823604,-1.2262854262326037,181,20.441988950276244,0.9127958510869898,-0.6196408839779006,-11.215500000000002,27.108266675910603,-0.41170214874172956,-0.8591401439152044,SIN EDGE IS
ORB,sin_filtro,40.0,20.0,1,503,271,50.92250922509225,0.4885056241485317,-1.323081180811808,-35.85549999999999,36.289369394424206,-4.459731652368657,-4.775746468960617,176,47.72727272727273,0.46669764560099136,-1.760625,-30.987,32.62153991590437,-4.9040813479360885,-5.207809773230864,SIN EDGE IS
ORB,sin_filtro,40.0,20.0,2,503,278,51.07913669064749,0.49395162696005634,-1.3054136690647482,-36.2905,36.96746937887115,-4.454734987838476,-4.75981503234617,181,46.96132596685083,0.45717320385403226,-1.7788674033149172,-32.1975,33.81355181140516,-5.039491417250986,-5.311255431213961,SIN EDGE IS
ORB,sin_filtro,40.0,40.0,1,503,271,45.75645756457565,0.7771104472623203,-0.7874169741697419,-21.339000000000006,26.84921900516813,-1.593921541536504,-2.1003741944268906,176,43.18181818181818,0.7081988813595788,-1.2331250000000002,-21.703000000000003,24.6636574141923,-2.336127703923792,-2.993912715143653,SIN EDGE IS
ORB,sin_filtro,40.0,40.0,2,503,278,45.68345323741007,0.7807654172075768,-0.7714928057553959,-21.44750000000001,27.50569638958531,-1.5938996308613795,-2.0893837912671285,181,42.5414364640884,0.6953234108774593,-1.265552486187845,-22.906499999999998,25.83951304823593,-2.475867368311246,-3.122780500824118,SIN EDGE IS
ORB,sin_filtro,40.0,80.0,1,503,271,36.162361623616235,0.9302938874153567,-0.33845018450184533,-9.172000000000008,21.459877660689383,-0.3704894639929338,-0.6189346591067056,176,34.090909090909086,0.8738645950891342,-0.6540909090909092,-11.512000000000002,23.15805235033734,-0.7950763495702563,-1.3028359262900893,SIN EDGE IS
ORB,sin_filtro,40.0,80.0,2,503,277,36.101083032490976,0.9285092839774244,-0.3470758122743685,-9.614000000000008,23.04898307789047,-0.3954436723757135,-0.6517700332098698,181,33.70165745856354,0.8608709455526751,-0.7263535911602211,-13.147000000000004,24.329813541950678,-0.9021504633662764,-1.4422885272752117,SIN EDGE IS
ORB,sin_filtro,60.0,20.0,1,503,271,63.46863468634686,0.6012867514916256,-0.8186715867158673,-22.186,23.33614447610439,-2.9941342868968386,-3.2331694747269295,176,57.95454545454546,0.4505158578525029,-1.388977272727273,-24.446000000000005,25.590224873567514,-4.7759339161276895,-4.903157755753073,SIN EDGE IS
ORB,sin_filtro,60.0,20.0,2,503,277,63.537906137184116,0.6023464846704546,-0.8161371841155235,-22.607,23.756318833492116,-3.026499743094592,-3.2658281490290544,181,56.9060773480663,0.43151823977144316,-1.473121546961326,-26.663500000000003,27.79131574114971,-4.959377848667464,-5.036712883471924,SIN EDGE IS
ORB,sin_filtro,60.0,40.0,1,503,271,56.08856088560885,0.9283964892839651,-0.1645202952029522,-4.458500000000004,10.114747545650413,-0.45806026617619705,-0.5859526648589499,176,51.13636363636363,0.6863610661957997,-0.8982102272727275,-15.808500000000002,18.5819874344625,-2.507588742429861,-2.986402380730815,SIN EDGE IS
ORB,sin_filtro,60.0,40.0,2,503,277,55.95667870036101,0.9260029507785035,-0.17019855595667882,-4.714500000000004,10.321485700909049,-0.48178575285777964,-0.6153510544983816,181,50.27624309392266,0.6624982250201166,-0.9848618784530386,-17.826,20.56098601703848,-2.742216203559916,-3.2062121442856104,SIN EDGE IS
ORB,sin_filtro,60.0,80.0,1,503,271,46.86346863468634,1.0807343016635662,0.21453874538745377,5.8139999999999965,7.326544740980497,0.5396941555741036,0.8364857321711443,176,41.47727272727273,0.8488323656179074,-0.5051704545454545,-8.891,15.35092553104827,-1.0472666443500755,-1.5171215642348055,OVERFITTING
ORB,sin_filtro,60.0,80.0,2,503,276,46.73913043478261,1.0761848365425848,0.20277173913043475,5.596499999999999,7.852140184482096,0.5226846725738793,0.8039477444450271,181,40.88397790055249,0.8283752112952094,-0.5805801104972376,-10.5085,16.901064252890606,-1.2222665547556522,-1.7272469247626285,OVERFITTING
ORB,atr_alto,20.0,20.0,1,238,124,26.61290322580645,0.3575171834665504,-3.331895161290323,-41.31550000000001,41.88646547669154,-4.745131992790217,-5.2551471620355095,91,20.87912087912088,0.25105651105651094,-4.1870879120879145,-38.10250000000002,38.102500000000035,-6.315295703545313,-6.550232327113735,SIN EDGE IS
ORB,atr_alto,20.0,20.0,2,238,126,26.984126984126984,0.36698890904498366,-3.281785714285715,-41.35050000000001,41.92112494739192,-4.702613150810965,-5.206061562278044,94,20.212765957446805,0.2423325396298368,-4.248297872340428,-39.934000000000026,39.93400000000003,-6.3363330819314845,-6.508294389372095,SIN EDGE IS
ORB,atr_alto,20.0,40.0,1,238,124,25.0,0.6583889083889081,-2.040685483870969,-25.30450000000001,29.676403193745298,-1.8630108064535014,-2.8037195195799187,91,20.87912087912088,0.5142624882401831,-2.921978021978023,-26.590000000000007,26.589999999999954,-2.9958432930164944,-4.199226065761904,SIN EDGE IS
ORB,atr_alto,20.0,40.0,2,238,126,25.396825396825395,0.6687761471545253,-1.9793253968253972,-24.939500000000002,29.330082025931347,-1.8260220827401998,-2.7283406641994614,94,20.212765957446805,0.47643429760218065,-3.105691489361704,-29.193500000000018,29.193499999999993,-3.3457618639796847,-4.46986893082796,SIN EDGE IS
ORB,atr_alto,20.0,80.0,1,238,124,18.548387096774192,0.8564616248208361,-1.0620161290322583,-13.169000000000002,24.58580185457191,-0.5415439772749959,-1.1303602477460035,91,19.78021978021978,0.9038585550213457,-0.6471428571428575,-5.889000000000003,17.68025138433829,-0.30329736460831674,-0.6539275481392894,SIN EDGE IS
ORB,atr_alto,20.0,80.0,2,238,126,19.047619047619047,0.8647746599772874,-1.0064682539682537,-12.681499999999996,24.150508734881928,-0.5112259105485248,-1.0570922902458983,94,19.148936170212767,0.8649916778949037,-0.9060638297872345,-8.517000000000005,18.155325163104553,-0.4713635497630933,-0.9694707825596172,SIN EDGE IS
ORB,atr_alto,40.0,20.0,1,238,124,49.193548387096776,0.4510185410369546,-1.9114516129032255,-23.701999999999995,24.591071269729838,-3.29658358499891,-3.568068677224023,91,40.65934065934066,0.3281881364150638,-2.7405494505494503,-24.938999999999997,25.135499999999965,-4.834630212644057,-4.9855938708452,SIN EDGE IS
ORB,atr_alto,40.0,20.0,2,238,126,50.0,0.46487906741934004,-1.8507539682539682,-23.319499999999998,24.2130283952203,-3.2637179768626274,-3.537815893084213,94,39.361702127659576,0.3212054101083604,-2.7389361702127664,-25.746000000000002,25.942499999999963,-4.922296754862855,-5.051009968417655,SIN EDGE IS
ORB,atr_alto,40.0,40.0,1,238,124,44.354838709677416,0.7732754549747536,-1.006693548387097,-12.483,19.069681064226966,-1.1316107387481888,-1.5097194390376516,91,37.362637362637365,0.5861431770255875,-2.091978021978022,-19.037000000000003,19.829999999999973,-2.57960866244183,-3.208535233665385,SIN EDGE IS
ORB,atr_alto,40.0,40.0,2,238,126,44.44444444444444,0.7809129377869809,-0.9656349206349205,-12.166999999999998,18.760812831715658,-1.1013942408180226,-1.4664905166865514,94,36.17021276595745,0.5506238516429516,-2.2376063829787234,-21.0335,21.42999999999996,-2.87307076797649,-3.4671705404288207,SIN EDGE IS
ORB,atr_alto,40.0,80.0,1,238,124,37.096774193548384,1.0710501713929563,0.34935483870967726,4.331999999999998,9.706377225999093,0.34431399432022275,0.6077494144042781,91,28.57142857142857,0.7183871890191592,-1.6232967032967034,-14.771999999999998,19.80104996028747,-1.4599516855383547,-2.270698398529089,OVERFITTING
ORB,atr_alto,40.0,80.0,2,238,126,37.301587301587304,1.0767803671396943,0.374444444444444,4.7179999999999955,8.867038193330034,0.37066641556535945,0.6526517334221812,94,27.659574468085108,0.6866936365624314,-1.8290425531914893,-17.193,20.86039280513241,-1.6839380983048333,-2.5300320192520678,OVERFITTING
ORB,atr_alto,60.0,20.0,1,238,124,63.70967741935484,0.5698477534348312,-0.9341935483870969,-11.584000000000001,13.095800257482109,-2.236186049970619,-2.417943330910092,91,51.64835164835166,0.34780070799126317,-1.9031318681318685,-17.318500000000004,17.514999999999976,-4.390726524911249,-4.473778074436871,SIN EDGE IS
ORB,atr_alto,60.0,20.0,2,238,126,64.28571428571429,0.5844411437059043,-0.8881746031746031,-11.190999999999999,12.70510341536639,-2.1819728814844863,-2.364983236030504,94,50.0,0.3256006628003314,-2.0349999999999997,-19.128999999999998,19.325499999999966,-4.570154411912456,-4.60911793678322,SIN EDGE IS
ORB,atr_alto,60.0,40.0,1,238,124,58.06451612903226,0.9392918782151173,-0.1460887096774196,-1.811500000000003,6.017527163137445,-0.2606339167585026,-0.3332459869908907,91,46.15384615384615,0.5631435672860693,-1.4196153846153847,-12.9185,13.314999999999975,-2.710755692622689,-3.139246064069989,SIN EDGE IS
ORB,atr_alto,60.0,40.0,2,238,126,57.936507936507944,0.9450262650442179,-0.13123015873015875,-1.6535000000000004,6.008116401068983,-0.23609031746561102,-0.3017995102614056,94,44.680851063829785,0.5306545153272575,-1.5669148936170214,-14.729000000000003,15.125499999999978,-2.972134141798539,-3.371655983266113,SIN EDGE IS
ORB,atr_alto,60.0,80.0,1,238,124,50.0,1.258380753014712,0.7067338709677418,8.763499999999997,3.419782225139544,1.0512804481070555,1.7075513547720773,91,37.362637362637365,0.7353661737684836,-0.997087912087912,-9.0735,11.28056994043163,-1.427239513170915,-2.0050282136570523,OVERFITTING
ORB,atr_alto,60.0,80.0,2,238,126,50.0,1.262227166927727,0.7108333333333332,8.956499999999998,3.4136480866191143,1.0749873616126377,1.7461635604027363,94,36.17021276595745,0.6984832744649904,-1.1578723404255318,-10.883999999999999,12.291499999999985,-1.6826206232121044,-2.290222437249321,OVERFITTING
ORB,atr_bajo,20.0,20.0,1,260,143,34.96503496503497,0.5146022451411669,-2.3071328671328675,-32.992000000000004,35.09209525792972,-3.2407936109647717,-3.9008768261159448,85,25.882352941176475,0.3466263466263466,-3.660352941176472,-31.113000000000014,32.000730463795165,-4.950549867157239,-5.44447632602624,SIN EDGE IS
ORB,atr_bajo,20.0,20.0,2,260,148,34.45945945945946,0.500993483602179,-2.3671621621621624,-35.034000000000006,37.07009701120263,-3.3617797802224074,-4.000896174032638,87,25.287356321839084,0.337960687960688,-3.7165517241379327,-32.33400000000001,33.205995725799696,-4.975846531326842,-5.4061128242328085,SIN EDGE IS
ORB,atr_bajo,20.0,40.0,1,260,143,30.76923076923077,0.836255767963085,-0.9553846153846158,-13.662000000000008,21.725534657901242,-0.796592471938549,-1.2956735995422246,85,23.52941176470588,0.5834364781733202,-2.652823529411765,-22.549,26.585686052408303,-2.4706699910286996,-3.5429432015973386,SIN EDGE IS
ORB,atr_bajo,20.0,40.0,2,260,148,30.405405405405407,0.8231419639870344,-1.0359459459459466,-15.33200000000001,22.58501037771215,-0.868191442691267,-1.3955444978086198,87,22.988505747126435,0.5747929747929746,-2.685402298850575,-23.363,27.357261003710914,-2.5280311763197276,-3.566358153652975,SIN EDGE IS
ORB,atr_bajo,20.0,80.0,1,260,143,23.076923076923077,0.9263119786402788,-0.5124125874125876,-7.327500000000002,23.66437067387176,-0.24450323774938948,-0.5142906580121114,85,22.35294117647059,0.9745832545832548,-0.1977647058823525,-1.6809999999999965,18.194818233204803,-0.023384639876562096,-0.050813723420945305,SIN EDGE IS
ORB,atr_bajo,20.0,80.0,2,260,147,22.448979591836736,0.9005117877376245,-0.6922789115646261,-10.176500000000003,25.385308183121268,-0.3723325336391224,-0.7592252563322109,87,21.839080459770116,0.95665306674481,-0.33155172413793055,-2.8844999999999956,19.381849473977265,-0.10134361240757128,-0.21426744671172743,SIN EDGE IS
ORB,atr_bajo,40.0,20.0,1,260,143,52.44755244755245,0.5392702470866372,-1.539965034965035,-22.0215,23.360583078892887,-2.7900004725048464,-3.0932457693261832,85,55.294117647058826,0.6023283114850325,-1.434705882352941,-12.194999999999999,15.903882349499215,-2.2692036104929545,-2.5568991869819455,SIN EDGE IS
ORB,atr_bajo,40.0,20.0,2,260,147,51.70068027210885,0.5222306806024195,-1.5796938775510203,-23.2215,24.5424997537673,-2.886881745710445,-3.1766957680699592,87,55.172413793103445,0.5993708893337147,-1.449310344827586,-12.608999999999998,16.30762329214655,-2.2960659590740184,-2.5703306512431423,SIN EDGE IS
ORB,atr_bajo,40.0,40.0,1,260,143,46.85314685314685,0.8534405565504889,-0.5951748251748255,-8.511000000000005,12.945977458219964,-0.7389576227231943,-1.0060217511642005,85,49.411764705882355,0.9147710574266738,-0.3411764705882355,-2.900000000000002,12.201231994466305,-0.38840606345749923,-0.5347914913863162,SIN EDGE IS
ORB,atr_bajo,40.0,40.0,2,260,147,46.25850340136054,0.8323938306911541,-0.6897278911564628,-10.139000000000005,14.527788573649412,-0.8578305095706051,-1.155953084883418,87,49.42528735632184,0.9163436970688715,-0.33494252873563246,-2.9140000000000024,12.214318430375485,-0.38477374153542004,-0.5242591996928787,SIN EDGE IS
ORB,atr_bajo,40.0,80.0,1,260,143,35.66433566433567,0.8264442303762733,-0.8315384615384618,-11.891000000000004,19.372553437156768,-0.8206274683197382,-1.302156889508695,85,40.0,1.0839946408327321,0.3835294117647057,3.2599999999999985,11.554640571805418,0.40680845669771615,0.7121482390729986,SIN EDGE IS
ORB,atr_bajo,40.0,80.0,2,260,146,34.93150684931507,0.7982378233594134,-0.9802739726027402,-14.312000000000005,21.64521670562391,-0.9892047017265729,-1.526803834518316,87,40.229885057471265,1.1021227188974987,0.4650574712643678,4.046,10.854143272195769,0.48902187130689023,0.8482087593226141,SIN EDGE IS
ORB,atr_bajo,60.0,20.0,1,260,143,63.63636363636363,0.6441633038862835,-0.6844755244755244,-9.787999999999998,10.826866999456309,-1.8835386921396942,-2.068633890587587,85,64.70588235294117,0.6025926958461112,-0.8385294117647057,-7.1274999999999995,9.056269515689241,-2.0759391295512635,-2.256538973632656,SIN EDGE IS
ORB,atr_bajo,60.0,20.0,2,260,146,63.013698630136986,0.623929093821829,-0.739623287671233,-10.7985,11.825730242672828,-2.0119803420931897,-2.198344283334255,87,64.36781609195403,0.5935755320009711,-0.8660344827586205,-7.534499999999998,9.4590782903885,-2.1257373472658645,-2.2953985893034434,SIN EDGE IS
ORB,atr_bajo,60.0,40.0,1,260,143,54.54545454545454,0.933440102498398,-0.14531468531468536,-2.0780000000000007,4.93984430290163,-0.30795331866852477,-0.3956639388522499,85,56.470588235294116,0.8612711213517665,-0.33999999999999997,-2.8899999999999997,8.581162880836054,-0.6738620697476319,-0.8444911157640701,SIN EDGE IS
ORB,atr_bajo,60.0,40.0,2,260,146,54.109589041095894,0.9109229962685411,-0.19784246575342485,-2.8885000000000027,5.731019840398275,-0.4244357851417461,-0.5416591777172403,87,56.32183908045977,0.855520048517646,-0.35597701149425276,-3.0969999999999986,8.779267014704688,-0.7095912325978769,-0.8799427860105518,SIN EDGE IS
ORB,atr_bajo,60.0,80.0,1,260,143,44.75524475524475,0.9524407214385112,-0.12188811188811184,-1.7429999999999994,5.510037759142004,-0.19532581637174473,-0.2904242825581782,85,45.88235294117647,1.007440324520456,0.021470588235294078,0.18249999999999966,8.571668048092231,0.06260475069921129,0.09498915847554103,SIN EDGE IS
ORB,atr_bajo,60.0,80.0,2,260,145,44.13793103448276,0.922073119188504,-0.2034482758620691,-2.950000000000002,6.397835721209261,-0.34732575658184095,-0.5059581793473812,87,45.97701149425287,1.014941110934267,0.04316091954022988,0.3755,8.391927507753048,0.09812710074406876,0.1471008828977777,SIN EDGE IS
ORB,vwap_favor,20.0,20.0,1,503,271,30.996309963099634,0.43690735325716296,-2.2241328413284136,-60.274000000000015,60.753591116556,-5.871487882320204,-6.556776132133362,176,23.295454545454543,0.3073469915575178,-3.195511363636364,-56.24100000000001,56.80491187546593,-8.439278398992807,-8.456351497687072,SIN EDGE IS
ORB,vwap_favor,20.0,20.0,2,503,279,31.182795698924732,0.44786733098421394,-2.1706630824372763,-60.56150000000001,61.40952567332889,-5.782303520755722,-6.451671977891385,181,22.65193370165746,0.30056727850845494,-3.208425414364642,-58.07250000000002,58.61280976847277,-8.485659095282472,-8.42590039974922,SIN EDGE IS
ORB,vwap_favor,20.0,40.0,1,503,271,28.044280442804425,0.7448007155120124,-1.3740221402214028,-37.23600000000002,42.543391589169424,-1.9092841440550423,-2.97326961935151,176,22.15909090909091,0.5422238486068272,-2.4877272727272737,-43.78400000000001,46.71393432134107,-4.133680088015765,-5.665758565886301,SIN EDGE IS
ORB,vwap_favor,20.0,40.0,2,503,279,28.31541218637993,0.7661181645245386,-1.2845519713261655,-35.83900000000001,43.22579492994981,-1.7809212418649147,-2.7761054729462833,181,21.54696132596685,0.5237247737247738,-2.5060497237569064,-45.35950000000001,48.20732048322964,-4.353404034081013,-5.786113411444631,SIN EDGE IS
ORB,vwap_favor,20.0,80.0,1,503,271,20.66420664206642,0.8805708144879001,-0.8447785977859779,-22.8935,35.59247399629765,-0.6656940530730933,-1.3836933538522087,176,21.022727272727273,0.944170563525402,-0.4002272727272729,-7.044000000000003,24.161895394236684,-0.21419539360846282,-0.46442033768860497,SIN EDGE IS
ORB,vwap_favor,20.0,80.0,2,503,278,20.863309352517987,0.8948491116150415,-0.7589208633093528,-21.09800000000001,36.05164093464451,-0.5962815933823604,-1.2262854262326037,181,20.441988950276244,0.9127958510869898,-0.6196408839779006,-11.215500000000002,27.108266675910603,-0.41170214874172956,-0.8591401439152044,SIN EDGE IS
ORB,vwap_favor,40.0,20.0,1,503,271,50.92250922509225,0.4885056241485317,-1.323081180811808,-35.85549999999999,36.289369394424206,-4.459731652368657,-4.775746468960617,176,47.72727272727273,0.46669764560099136,-1.760625,-30.987,32.62153991590437,-4.9040813479360885,-5.207809773230864,SIN EDGE IS
ORB,vwap_favor,40.0,20.0,2,503,278,51.07913669064749,0.49395162696005634,-1.3054136690647482,-36.2905,36.96746937887115,-4.454734987838476,-4.75981503234617,181,46.96132596685083,0.45717320385403226,-1.7788674033149172,-32.1975,33.81355181140516,-5.039491417250986,-5.311255431213961,SIN EDGE IS
ORB,vwap_favor,40.0,40.0,1,503,271,45.75645756457565,0.7771104472623203,-0.7874169741697419,-21.339000000000006,26.84921900516813,-1.593921541536504,-2.1003741944268906,176,43.18181818181818,0.7081988813595788,-1.2331250000000002,-21.703000000000003,24.6636574141923,-2.336127703923792,-2.993912715143653,SIN EDGE IS
ORB,vwap_favor,40.0,40.0,2,503,278,45.68345323741007,0.7807654172075768,-0.7714928057553959,-21.44750000000001,27.50569638958531,-1.5938996308613795,-2.0893837912671285,181,42.5414364640884,0.6953234108774593,-1.265552486187845,-22.906499999999998,25.83951304823593,-2.475867368311246,-3.122780500824118,SIN EDGE IS
ORB,vwap_favor,40.0,80.0,1,503,271,36.162361623616235,0.9302938874153567,-0.33845018450184533,-9.172000000000008,21.459877660689383,-0.3704894639929338,-0.6189346591067056,176,34.090909090909086,0.8738645950891342,-0.6540909090909092,-11.512000000000002,23.15805235033734,-0.7950763495702563,-1.3028359262900893,SIN EDGE IS
ORB,vwap_favor,40.0,80.0,2,503,277,36.101083032490976,0.9285092839774244,-0.3470758122743685,-9.614000000000008,23.04898307789047,-0.3954436723757135,-0.6517700332098698,181,33.70165745856354,0.8608709455526751,-0.7263535911602211,-13.147000000000004,24.329813541950678,-0.9021504633662764,-1.4422885272752117,SIN EDGE IS
ORB,vwap_favor,60.0,20.0,1,503,271,63.46863468634686,0.6012867514916256,-0.8186715867158673,-22.186,23.33614447610439,-2.9941342868968386,-3.2331694747269295,176,57.95454545454546,0.4505158578525029,-1.388977272727273,-24.446000000000005,25.590224873567514,-4.7759339161276895,-4.903157755753073,SIN EDGE IS
ORB,vwap_favor,60.0,20.0,2,503,277,63.537906137184116,0.6023464846704546,-0.8161371841155235,-22.607,23.756318833492116,-3.026499743094592,-3.2658281490290544,181,56.9060773480663,0.43151823977144316,-1.473121546961326,-26.663500000000003,27.79131574114971,-4.959377848667464,-5.036712883471924,SIN EDGE IS
ORB,vwap_favor,60.0,40.0,1,503,271,56.08856088560885,0.9283964892839651,-0.1645202952029522,-4.458500000000004,10.114747545650413,-0.45806026617619705,-0.5859526648589499,176,51.13636363636363,0.6863610661957997,-0.8982102272727275,-15.808500000000002,18.5819874344625,-2.507588742429861,-2.986402380730815,SIN EDGE IS
ORB,vwap_favor,60.0,40.0,2,503,277,55.95667870036101,0.9260029507785035,-0.17019855595667882,-4.714500000000004,10.321485700909049,-0.48178575285777964,-0.6153510544983816,181,50.27624309392266,0.6624982250201166,-0.9848618784530386,-17.826,20.56098601703848,-2.742216203559916,-3.2062121442856104,SIN EDGE IS
ORB,vwap_favor,60.0,80.0,1,503,271,46.86346863468634,1.0807343016635662,0.21453874538745377,5.8139999999999965,7.326544740980497,0.5396941555741036,0.8364857321711443,176,41.47727272727273,0.8488323656179074,-0.5051704545454545,-8.891,15.35092553104827,-1.0472666443500755,-1.5171215642348055,OVERFITTING
ORB,vwap_favor,60.0,80.0,2,503,276,46.73913043478261,1.0761848365425848,0.20277173913043475,5.596499999999999,7.852140184482096,0.5226846725738793,0.8039477444450271,181,40.88397790055249,0.8283752112952094,-0.5805801104972376,-10.5085,16.901064252890606,-1.2222665547556522,-1.7272469247626285,OVERFITTING
ORB,vwap_contra,20.0,20.0,1,0,0,,,,,,,,0,,,,,,,,SIN DATOS OOS
ORB,vwap_contra,20.0,20.0,2,0,0,,,,,,,,0,,,,,,,,SIN DATOS OOS
ORB,vwap_contra,20.0,40.0,1,0,0,,,,,,,,0,,,,,,,,SIN DATOS OOS
ORB,vwap_contra,20.0,40.0,2,0,0,,,,,,,,0,,,,,,,,SIN DATOS OOS
ORB,vwap_contra,20.0,80.0,1,0,0,,,,,,,,0,,,,,,,,SIN DATOS OOS
ORB,vwap_contra,20.0,80.0,2,0,0,,,,,,,,0,,,,,,,,SIN DATOS OOS
ORB,vwap_contra,40.0,20.0,1,0,0,,,,,,,,0,,,,,,,,SIN DATOS OOS
ORB,vwap_contra,40.0,20.0,2,0,0,,,,,,,,0,,,,,,,,SIN DATOS OOS
ORB,vwap_contra,40.0,40.0,1,0,0,,,,,,,,0,,,,,,,,SIN DATOS OOS
ORB,vwap_contra,40.0,40.0,2,0,0,,,,,,,,0,,,,,,,,SIN DATOS OOS
ORB,vwap_contra,40.0,80.0,1,0,0,,,,,,,,0,,,,,,,,SIN DATOS OOS
ORB,vwap_contra,40.0,80.0,2,0,0,,,,,,,,0,,,,,,,,SIN DATOS OOS
ORB,vwap_contra,60.0,20.0,1,0,0,,,,,,,,0,,,,,,,,SIN DATOS OOS
ORB,vwap_contra,60.0,20.0,2,0,0,,,,,,,,0,,,,,,,,SIN DATOS OOS
ORB,vwap_contra,60.0,40.0,1,0,0,,,,,,,,0,,,,,,,,SIN DATOS OOS
ORB,vwap_contra,60.0,40.0,2,0,0,,,,,,,,0,,,,,,,,SIN DATOS OOS
ORB,vwap_contra,60.0,80.0,1,0,0,,,,,,,,0,,,,,,,,SIN DATOS OOS
ORB,vwap_contra,60.0,80.0,2,0,0,,,,,,,,0,,,,,,,,SIN DATOS OOS
ORB,rsi_extremo,20.0,20.0,1,50,27,59.25925925925925,1.4385498671212957,1.6196296296296293,4.372999999999999,4.4731035159123245,0.8000430310954968,1.249554282132877,21,14.285714285714285,0.15872909023593956,-5.951190476190477,-12.4975,12.497500000000002,-3.482695468479475,-3.6710507755499973,OVERFITTING
ORB,rsi_extremo,20.0,20.0,2,50,27,59.25925925925925,1.4385498671212957,1.6196296296296293,4.372999999999999,4.4731035159123245,0.8000430310954968,1.249554282132877,21,14.285714285714285,0.15872909023593956,-5.951190476190477,-12.4975,12.497500000000002,-3.482695468479475,-3.6710507755499973,OVERFITTING
ORB,rsi_extremo,20.0,40.0,1,50,27,51.85185185185185,2.0683046683046675,5.233703703703703,14.130999999999997,3.91477901216756,1.4794997746360579,3.312950488639656,21,14.285714285714285,0.3202854161758271,-4.808333333333334,-10.0975,10.869500000000006,-2.3082624165079557,-2.941350731492399,OVERFITTING
ORB,rsi_extremo,20.0,40.0,2,50,27,51.85185185185185,2.0683046683046675,5.233703703703703,14.130999999999997,3.91477901216756,1.4794997746360579,3.312950488639656,21,14.285714285714285,0.3202854161758271,-4.808333333333334,-10.0975,10.869500000000006,-2.3082624165079557,-2.941350731492399,OVERFITTING
ORB,rsi_extremo,20.0,80.0,1,50,27,33.33333333333333,1.9484852794766032,6.174814814814815,16.672,6.668945047331019,1.168405227028865,3.4027432406444778,21,9.523809523809524,0.40664986119531576,-4.427380952380953,-9.2975,9.297500000000001,-1.6337433158172585,-2.640180720134816,OVERFITTING
ORB,rsi_extremo,20.0,80.0,2,50,27,33.33333333333333,1.9484852794766032,6.174814814814815,16.672,6.668945047331019,1.168405227028865,3.4027432406444778,21,9.523809523809524,0.40664986119531576,-4.427380952380953,-9.2975,9.297500000000001,-1.6337433158172585,-2.640180720134816,OVERFITTING
ORB,rsi_extremo,40.0,20.0,1,50,27,74.07407407407408,1.3913967073818378,0.8188888888888889,2.211,2.0121842319369727,0.6866819886909714,0.8914622173412721,21,33.33333333333333,0.24349442379182165,-4.0699999999999985,-8.546999999999997,9.687926449055201,-2.7854311337535087,-2.9132113874279537,OVERFITTING
ORB,rsi_extremo,40.0,20.0,2,50,27,74.07407407407408,1.3913967073818378,0.8188888888888889,2.211,2.0121842319369727,0.6866819886909714,0.8914622173412721,21,33.33333333333333,0.24349442379182165,-4.0699999999999985,-8.546999999999997,9.687926449055201,-2.7854311337535087,-2.9132113874279537,OVERFITTING
ORB,rsi_extremo,40.0,40.0,1,50,27,59.25925925925925,1.6066860833227807,1.774444444444444,4.790999999999999,1.6025830330951087,1.0298792830626324,1.6959116995685313,21,28.57142857142857,0.3525815778603884,-3.7319047619047607,-7.836999999999998,9.423000000000002,-2.219229734377844,-2.5576613886616624,OVERFITTING
ORB,rsi_extremo,40.0,40.0,2,50,27,59.25925925925925,1.6066860833227807,1.774444444444444,4.790999999999999,1.6025830330951087,1.0298792830626324,1.6959116995685313,21,28.57142857142857,0.3525815778603884,-3.7319047619047607,-7.836999999999998,9.423000000000002,-2.219229734377844,-2.5576613886616624,OVERFITTING
ORB,rsi_extremo,40.0,80.0,1,50,27,44.44444444444444,2.001675392670158,3.542962962962963,9.565999999999999,2.8299193842095423,1.3310472390697095,3.097353046689699,21,19.047619047619047,0.381416991894326,-3.9247619047619042,-8.241999999999999,9.835000000000003,-1.9464443094530197,-2.5753242222695505,OVERFITTING
ORB,rsi_extremo,40.0,80.0,2,50,27,44.44444444444444,2.001675392670158,3.542962962962963,9.565999999999999,2.8299193842095423,1.3310472390697095,3.097353046689699,21,19.047619047619047,0.381416991894326,-3.9247619047619042,-8.241999999999999,9.835000000000003,-1.9464443094530197,-2.5753242222695505,OVERFITTING
ORB,rsi_extremo,60.0,20.0,1,50,27,88.88888888888889,2.604805302402651,1.076111111111111,2.9055,1.1615150698641366,1.758659167251684,2.389484043791885,21,33.33333333333333,0.16280033140016575,-3.3683333333333327,-7.0734999999999975,7.647971735539665,-3.2069463283971995,-3.234521335406976,OVERFITTING
ORB,rsi_extremo,60.0,20.0,2,50,27,88.88888888888889,2.604805302402651,1.076111111111111,2.9055,1.1615150698641366,1.758659167251684,2.389484043791885,21,33.33333333333333,0.16280033140016575,-3.3683333333333327,-7.0734999999999975,7.647971735539665,-3.2069463283971995,-3.234521335406976,OVERFITTING
ORB,rsi_extremo,60.0,40.0,1,50,27,77.77777777777779,3.289806400632162,2.146481481481482,5.795500000000001,1.1322064424141172,2.3426947178681323,4.444350024985707,21,33.33333333333333,0.29950289975144995,-2.818333333333333,-5.918499999999999,7.079928085142415,-2.4976091916202123,-2.7008682484372675,OVERFITTING
ORB,rsi_extremo,60.0,40.0,2,50,27,77.77777777777779,3.289806400632162,2.146481481481482,5.795500000000001,1.1322064424141172,2.3426947178681323,4.444350024985707,21,33.33333333333333,0.29950289975144995,-2.818333333333333,-5.918499999999999,7.079928085142415,-2.4976091916202123,-2.7008682484372675,OVERFITTING
ORB,rsi_extremo,60.0,80.0,1,50,27,62.96296296296296,3.7415319747013345,3.6122222222222224,9.753,1.0956442015731105,2.4078117299309514,6.440687162134438,21,23.809523809523807,0.36047955932386455,-2.819523809523809,-5.920999999999999,7.454623920473427,-2.1596887187232174,-2.601340013226709,OVERFITTING
ORB,rsi_extremo,60.0,80.0,2,50,27,62.96296296296296,3.7415319747013345,3.6122222222222224,9.753,1.0956442015731105,2.4078117299309514,6.440687162134438,21,23.809523809523807,0.36047955932386455,-2.819523809523809,-5.920999999999999,7.454623920473427,-2.1596887187232174,-2.601340013226709,OVERFITTING
ORB,bb_extremo,20.0,20.0,1,36,21,52.38095238095239,1.0345735345735345,0.1407142857142856,0.29549999999999976,5.121184363627364,0.0810767856405998,0.11440531917441077,15,13.333333333333334,0.14575124009086274,-6.142333333333334,-9.213500000000002,9.2135,-3.0147716391528787,-3.1736349941653175,OVERFITTING
ORB,bb_extremo,20.0,20.0,2,36,21,52.38095238095239,1.0345735345735345,0.1407142857142856,0.29549999999999976,5.121184363627364,0.0810767856405998,0.11440531917441077,15,13.333333333333334,0.14575124009086274,-6.142333333333334,-9.213500000000002,9.2135,-3.0147716391528787,-3.1736349941653175,OVERFITTING
ORB,bb_extremo,20.0,40.0,1,36,21,47.61904761904761,1.7645913494970098,3.926904761904762,8.2465,3.815894529804672,1.0258521978344803,2.1637576325146086,15,13.333333333333334,0.29409855824950165,-5.075666666666667,-7.613500000000001,7.613499999999999,-2.083172066571715,-2.606876836391191,OVERFITTING
ORB,bb_extremo,20.0,40.0,2,36,21,47.61904761904761,1.7645913494970098,3.926904761904762,8.2465,3.815894529804672,1.0258521978344803,2.1637576325146086,15,13.333333333333334,0.29409855824950165,-5.075666666666667,-7.613500000000001,7.613499999999999,-2.083172066571715,-2.606876836391191,OVERFITTING
ORB,bb_extremo,20.0,80.0,1,36,21,28.57142857142857,1.522113022113022,3.642857142857143,7.6499999999999995,7.17693315858453,0.6794036819872017,1.8016224332552955,15,6.666666666666667,0.27466701150911677,-5.609,-8.4135,8.413499999999999,-1.9535412091116293,-2.796638603059578,OVERFITTING
ORB,bb_extremo,20.0,80.0,2,36,21,28.57142857142857,1.522113022113022,3.642857142857143,7.6499999999999995,7.17693315858453,0.6794036819872017,1.8016224332552955,15,6.666666666666667,0.27466701150911677,-5.609,-8.4135,8.413499999999999,-1.9535412091116293,-2.796638603059578,OVERFITTING
ORB,bb_extremo,40.0,20.0,1,36,21,61.904761904761905,0.7913568773234201,-0.6414285714285717,-1.3470000000000006,3.669578556273836,-0.4104025683242572,-0.48467202752181887,15,40.0,0.3246592317224288,-3.2700000000000005,-4.905,5.668721922843224,-1.9488488926505152,-2.088615271874939,SIN EDGE IS
ORB,bb_extremo,40.0,20.0,2,36,21,61.904761904761905,0.7913568773234201,-0.6414285714285717,-1.3470000000000006,3.669578556273836,-0.4104025683242572,-0.48467202752181887,15,40.0,0.3246592317224288,-3.2700000000000005,-4.905,5.668721922843224,-1.9488488926505152,-2.088615271874939,SIN EDGE IS
ORB,bb_extremo,40.0,40.0,1,36,21,52.38095238095239,1.1410071942446047,0.5133333333333331,1.0779999999999994,3.2581627692399193,0.2661149863178092,0.3921902060870664,15,33.33333333333333,0.49132589838909546,-2.736666666666667,-4.105,4.8980000000000015,-1.3402297661423077,-1.6385915360943202,OVERFITTING
ORB,bb_extremo,40.0,40.0,2,36,21,52.38095238095239,1.1410071942446047,0.5133333333333331,1.0779999999999994,3.2581627692399193,0.2661149863178092,0.3921902060870664,15,33.33333333333333,0.49132589838909546,-2.736666666666667,-4.105,4.8980000000000015,-1.3402297661423077,-1.6385915360943202,OVERFITTING
ORB,bb_extremo,40.0,80.0,1,36,21,42.857142857142854,1.3993951830651261,1.7609523809523808,3.698,4.8074178339058715,0.6041923161626206,1.1811206708369617,15,20.0,0.4934944237918217,-3.2700000000000005,-4.905,6.498000000000002,-1.254571880771603,-1.7793635714281781,OVERFITTING
ORB,bb_extremo,40.0,80.0,2,36,21,42.857142857142854,1.3993951830651261,1.7609523809523808,3.698,4.8074178339058715,0.6041923161626206,1.1811206708369617,15,20.0,0.4934944237918217,-3.2700000000000005,-4.905,6.498000000000002,-1.254571880771603,-1.7793635714281781,OVERFITTING
ORB,bb_extremo,60.0,20.0,1,36,21,80.95238095238095,1.3838028169014085,0.44119047619047624,0.9265000000000001,0.6011375295090264,0.5466517118454867,0.6597497277902774,15,40.0,0.2170671085335543,-2.8349999999999995,-4.2524999999999995,4.636389494643031,-2.366074697254422,-2.4276289603003547,OVERFITTING
ORB,bb_extremo,60.0,20.0,2,36,21,80.95238095238095,1.3838028169014085,0.44119047619047624,0.9265000000000001,0.6011375295090264,0.5466517118454867,0.6597497277902774,15,40.0,0.2170671085335543,-2.8349999999999995,-4.2524999999999995,4.636389494643031,-2.366074697254422,-2.4276289603003547,OVERFITTING
ORB,bb_extremo,60.0,40.0,1,36,21,76.19047619047619,2.43531669865643,1.7804761904761905,3.739,0.598751897453193,1.598066210326696,2.6180502873815974,15,40.0,0.4380005523336095,-2.035,-3.0525,3.830312809709506,-1.5317146838737612,-1.7364839918060913,OVERFITTING
ORB,bb_extremo,60.0,40.0,2,36,21,76.19047619047619,2.43531669865643,1.7804761904761905,3.739,0.598751897453193,1.598066210326696,2.6180502873815974,15,40.0,0.4380005523336095,-2.035,-3.0525,3.830312809709506,-1.5317146838737612,-1.7364839918060913,OVERFITTING
ORB,bb_extremo,60.0,80.0,1,36,21,66.66666666666666,2.807243792015366,3.136428571428572,6.586500000000001,1.1751190209613354,1.7812566310013342,3.9336391191767652,15,26.666666666666668,0.47992769450930184,-2.3016666666666663,-3.4524999999999992,5.005630155808985,-1.3880714183935998,-1.7754631783771784,OVERFITTING
ORB,bb_extremo,60.0,80.0,2,36,21,66.66666666666666,2.807243792015366,3.136428571428572,6.586500000000001,1.1751190209613354,1.7812566310013342,3.9336391191767652,15,26.666666666666668,0.47992769450930184,-2.3016666666666663,-3.4524999999999992,5.005630155808985,-1.3880714183935998,-1.7754631783771784,OVERFITTING
VWAP,sin_filtro,20.0,20.0,1,746,227,30.837004405286343,0.4289216608691444,-2.339647577092512,-53.110000000000014,53.95538830985569,-5.361281421652554,-6.040747409994753,156,29.48717948717949,0.4130776801076526,-2.8098717948717953,-43.834,45.823842249690415,-5.693958063857361,-6.363616321248638,SIN EDGE IS
VWAP,sin_filtro,20.0,20.0,2,746,294,30.952380952380953,0.42471966156176666,-2.1184013605442185,-62.28100000000002,62.84257173272627,-5.755961519054523,-6.1847301025507475,197,29.441624365482234,0.4196307607522561,-2.5659390862944162,-50.549,52.78117329996632,-6.429831057057271,-6.705364200466492,SIN EDGE IS
VWAP,sin_filtro,20.0,40.0,1,746,227,23.788546255506606,0.5644632394632392,-2.0303303964757715,-46.08850000000001,48.292599220454505,-3.297512462616015,-4.683609289406681,156,28.205128205128204,0.7464075645893825,-1.4191666666666674,-22.13900000000001,30.592369708523716,-1.7033536876025446,-2.6602749214977495,SIN EDGE IS
VWAP,sin_filtro,20.0,40.0,2,746,288,24.65277777777778,0.5875015065686389,-1.7825520833333337,-51.33750000000001,54.71330865589694,-3.09772091145712,-4.218010664354302,196,29.081632653061224,0.791985770047927,-1.1813775510204092,-23.15500000000002,32.72230994811632,-1.5839431888884374,-2.298144840728039,SIN EDGE IS
VWAP,sin_filtro,20.0,80.0,1,746,227,18.94273127753304,0.7688655134853125,-1.4442290748898683,-32.784000000000006,42.38517585846145,-1.290302049381363,-2.556878478670038,156,22.435897435897438,1.0448913123331731,0.3525320512820515,5.499500000000003,15.537166924239596,0.3547926528025391,0.8025753022806444,SIN EDGE IS
VWAP,sin_filtro,20.0,80.0,2,746,283,20.49469964664311,0.7948238413233836,-1.164929328621909,-32.96750000000002,43.25295121775306,-1.0901938007477459,-2.0366812872625024,193,24.352331606217618,1.1118094429950103,0.9148445595854923,17.6565,19.826768186683477,0.7834267127473257,1.6533587412793147,SIN EDGE IS
VWAP,sin_filtro,40.0,20.0,1,746,227,56.38766519823789,0.6041362759399562,-1.111784140969163,-25.2375,27.41307987786854,-2.8310037540629436,-3.1735724362699864,156,47.43589743589743,0.43231238004788203,-1.8391987179487181,-28.691500000000005,30.12213138973706,-4.921656546428921,-5.174931014920955,SIN EDGE IS
VWAP,sin_filtro,40.0,20.0,2,746,288,55.90277777777778,0.5988983947845671,-1.0328993055555555,-29.747500000000006,33.07791175691462,-3.0367383249148223,-3.3634394187948655,196,46.93877551020408,0.4301243013264371,-1.7426275510204086,-34.1555,35.590592898560836,-5.43715715817309,-5.583484528936794,SIN EDGE IS
VWAP,sin_filtro,40.0,40.0,1,746,227,46.25550660792951,0.7745448808604869,-0.8813656387665197,-20.007,25.07999612140007,-1.4822160750784281,-1.952920944780451,156,42.30769230769231,0.6558992764769556,-1.3551282051282054,-21.140000000000004,26.014316364720884,-2.5779651770066443,-3.2442571221792584,SIN EDGE IS
VWAP,sin_filtro,40.0,40.0,2,746,278,44.96402877697842,0.7390453354151568,-0.8416726618705036,-23.398500000000002,29.903519829341562,-1.7291207910802349,-2.1775599611373817,192,43.22916666666667,0.6973351381653612,-1.1529166666666668,-22.136000000000003,27.49880645469297,-2.4491751226201286,-3.041061333759248,SIN EDGE IS
VWAP,sin_filtro,40.0,80.0,1,746,227,36.12334801762114,0.9297073342736248,-0.35127753303964737,-7.973999999999995,19.123551571217362,-0.3526424697744988,-0.5886891206607687,156,33.97435897435898,0.8823368992574776,-0.6084615384615386,-9.492000000000003,19.713554123638783,-0.6629611333143944,-1.0975593531866736,SIN EDGE IS
VWAP,sin_filtro,40.0,80.0,2,746,269,34.20074349442379,0.8221938527483401,-0.7818215613382904,-21.03100000000001,27.983405655428868,-1.1203881784970906,-1.6485951297226615,187,34.75935828877005,0.9260515963481749,-0.3729411764705885,-6.9740000000000055,18.924313834211244,-0.4232751098907193,-0.6777585170129551,SIN EDGE IS
VWAP,sin_filtro,60.0,20.0,1,746,227,63.87665198237885,0.577455544844843,-0.9075770925110132,-20.601999999999997,22.45703183380655,-2.926498797283299,-3.149138327458837,156,60.256410256410255,0.5047248548055565,-1.1507051282051282,-17.951,20.315738720244127,-3.7042899087787804,-3.9153955549303006,SIN EDGE IS
VWAP,sin_filtro,60.0,20.0,2,746,288,63.19444444444444,0.5794264195622505,-0.8880381944444444,-25.5755,28.124984481226022,-3.0817124035813435,-3.3337102486281416,195,58.97435897435898,0.4890124870494575,-1.2014102564102564,-23.427500000000002,24.702379473006584,-4.363311811606368,-4.561940660942249,SIN EDGE IS
VWAP,sin_filtro,60.0,40.0,1,746,227,51.10132158590308,0.7139590311775321,-0.7824669603524229,-17.762,23.159510721537103,-1.9299360755377988,-2.3455335482191804,156,53.205128205128204,0.7505981072703917,-0.6782692307692308,-10.581000000000001,14.863860350403874,-1.7214859035661585,-2.106810583936319,SIN EDGE IS
VWAP,sin_filtro,60.0,40.0,2,746,274,50.36496350364964,0.7093878772218519,-0.7798905109489052,-21.369000000000003,27.588768385083878,-1.9841531656405413,-2.409561996519814,190,53.1578947368421,0.7613722924275865,-0.6430263157894737,-12.2175,16.685627421173898,-1.8066559180147586,-2.2092201281036608,SIN EDGE IS
VWAP,sin_filtro,60.0,80.0,1,746,227,41.409691629955944,0.8431062913999835,-0.4945814977973568,-11.226999999999999,18.050624831209603,-0.9486019310369952,-1.3741519787951206,156,44.230769230769226,0.9788585474675696,-0.06560897435897449,-1.023500000000002,9.085741216711932,-0.08719760397000788,-0.13237560667329168,SIN EDGE IS
VWAP,sin_filtro,60.0,80.0,2,746,265,39.62264150943396,0.7925691982242352,-0.6567924528301888,-17.405000000000005,23.845719476565712,-1.3318101506987017,-1.8424833815972095,184,44.02173913043478,0.9870274310220574,-0.039619565217391475,-0.7290000000000031,10.517814955884473,-0.0392009505686996,-0.05804056598129365,SIN EDGE IS
VWAP,atr_alto,20.0,20.0,1,328,107,28.971962616822427,0.4011508165919931,-3.097897196261684,-33.14750000000002,34.38169979947025,-3.831172484575764,-4.406165644247561,75,24.0,0.2953054554996301,-3.9388666666666685,-29.541500000000013,30.22701953308743,-5.044379407815056,-5.45805586459976,SIN EDGE IS
VWAP,atr_alto,20.0,20.0,2,328,136,28.676470588235293,0.39090834861227597,-3.0167279411764714,-41.02750000000001,41.990443888792655,-4.188104482302901,-4.586270932016059,94,21.27659574468085,0.26198502942688984,-4.1221276595744705,-38.748000000000026,39.34394573317164,-5.668821578724105,-5.733145439799526,SIN EDGE IS
VWAP,atr_alto,20.0,40.0,1,328,107,23.364485981308412,0.5646175211392601,-2.475841121495329,-26.491500000000016,29.65459760252984,-2.2106305087221587,-3.205781547938171,75,24.0,0.607835107835108,-2.4899333333333336,-18.6745,23.29108543606783,-2.00946461944914,-2.9735323936353577,SIN EDGE IS
VWAP,atr_alto,20.0,40.0,2,328,135,22.962962962962962,0.5563377345378733,-2.3645555555555564,-31.92150000000001,35.21731669649206,-2.341078779213766,-3.1669117751469527,94,21.27659574468085,0.5012195990456859,-2.98026595744681,-28.014500000000016,30.958016152092423,-3.1089853114437047,-3.865876376132282,SIN EDGE IS
VWAP,atr_alto,20.0,80.0,1,328,107,19.626168224299064,0.815968485389973,-1.2705140186915882,-13.594499999999993,27.36497868498245,-0.6437745729083316,-1.322647583810155,75,20.0,0.9274787984465407,-0.4880000000000004,-3.660000000000003,14.426479107914917,-0.18778621046400493,-0.4072585179665623,SIN EDGE IS
VWAP,atr_alto,20.0,80.0,2,328,133,18.796992481203006,0.716188461585763,-1.7351127819548873,-23.077,30.031976534512992,-1.166866733713754,-2.022133174115496,92,18.478260869565215,0.8484635757363032,-1.0323913043478263,-9.498000000000003,18.40321197399375,-0.5521591791163611,-1.0142418983855155,SIN EDGE IS
VWAP,atr_alto,40.0,20.0,1,328,107,59.813084112149525,0.7248206103570503,-0.8924299065420561,-9.549000000000001,17.585230314060187,-1.262036657864089,-1.4708839117660688,75,37.333333333333336,0.27171202594581356,-3.1737333333333333,-23.803,25.043002036418255,-4.975873092046751,-5.051542905736131,SIN EDGE IS
VWAP,atr_alto,40.0,20.0,2,328,135,57.77777777777777,0.6493184634448577,-1.1634444444444447,-15.706500000000004,23.65818661289068,-1.722128626405867,-1.953075682657334,93,35.483870967741936,0.25236172735872936,-3.016720430107528,-28.05550000000001,28.87908025069696,-5.2622724159992735,-5.175869917173035,SIN EDGE IS
VWAP,atr_alto,40.0,40.0,1,328,107,49.532710280373834,0.9554419625142965,-0.17841121495327125,-1.9090000000000025,15.482076038697903,-0.15144428302417826,-0.21198639499135563,75,36.0,0.5078327789734559,-2.5154666666666667,-18.866,22.649831485370957,-2.879796419163456,-3.4716386769387326,SIN EDGE IS
VWAP,atr_alto,40.0,40.0,2,328,132,46.96969696969697,0.8787728483512443,-0.4999242424242427,-6.599000000000004,21.941100060101927,-0.4799038200826944,-0.6406519862108246,93,34.40860215053764,0.4736737509059876,-2.4205913978494626,-22.5115,25.049089044106847,-3.448055220809628,-3.810219488152549,SIN EDGE IS
VWAP,atr_alto,40.0,80.0,1,328,107,41.1214953271028,1.1554820126248697,0.711308411214953,7.610999999999997,9.238699823397448,0.6066339998614675,1.083459669434507,75,29.333333333333332,0.7367417016405954,-1.472,-11.040000000000001,17.967752934872603,-1.178282654996462,-1.8642853734665767,OVERFITTING
VWAP,atr_alto,40.0,80.0,2,328,128,37.5,1.0015356967815718,0.007343749999999705,0.09399999999999623,15.48088396735238,0.059014578809586195,0.09162668109029333,91,29.67032967032967,0.7289669966347195,-1.5134065934065937,-13.772000000000004,19.854839495348028,-1.3822581802671599,-1.9554689431821979,OVERFITTING
VWAP,atr_alto,60.0,20.0,1,328,107,67.28971962616822,0.6698070777606818,-0.651822429906542,-6.9745,11.476638832854084,-1.469044213659569,-1.6197524527795937,75,52.0,0.35284690799396695,-1.8306666666666664,-13.729999999999997,14.79691967443388,-3.8416509871259876,-3.9594926415296627,SIN EDGE IS
VWAP,atr_alto,60.0,20.0,2,328,135,65.18518518518519,0.6239896073903002,-0.7718518518518519,-10.42,15.515512070406592,-1.8075631872721365,-1.97777284403184,92,48.91304347826087,0.31708566619094675,-2.028478260869565,-18.662,18.969107084151045,-4.644240577280113,-4.628482678271312,SIN EDGE IS
VWAP,atr_alto,60.0,40.0,1,328,107,55.140186915887845,0.8285641750988285,-0.4417757009345795,-4.727000000000001,12.125785419070995,-0.7396565638352673,-0.9241298346709254,75,46.666666666666664,0.5713076597545492,-1.350666666666667,-10.13,12.557621370039357,-2.357306728195977,-2.752354826950717,SIN EDGE IS
VWAP,atr_alto,60.0,40.0,2,328,131,53.43511450381679,0.7884511838409705,-0.5548473282442749,-7.2684999999999995,15.408516556683319,-0.9570901736028216,-1.1855109289174282,92,44.565217391304344,0.5339094179751857,-1.5067391304347824,-13.861999999999997,15.352660114376238,-3.0052068903774827,-3.312164480718263,SIN EDGE IS
VWAP,atr_alto,60.0,80.0,1,328,107,46.728971962616825,1.0392304790645037,0.11663551401869145,1.2479999999999984,8.16862812262973,0.1827954581255447,0.279731695159515,75,38.666666666666664,0.7953354644674371,-0.7213333333333333,-5.409999999999999,9.98195258226408,-0.9397371376068369,-1.3570692686579706,OVERFITTING
VWAP,atr_alto,60.0,80.0,2,328,127,44.09448818897638,0.9356040173640541,-0.19740157480314968,-2.5070000000000014,11.16928873773578,-0.2489072470323674,-0.3585092604823986,90,37.77777777777778,0.7644427524507472,-0.825,-7.425,11.633909367351478,-1.2090025606997963,-1.5974008558661135,SIN EDGE IS
VWAP,atr_bajo,20.0,20.0,1,410,122,32.78688524590164,0.47308015764391587,-2.6191803278688535,-31.954000000000015,33.11347786127475,-3.372347010037123,-4.0000605857516085,88,34.090909090909086,0.4979561706019106,-2.5889772727272735,-22.783000000000005,25.406757220614878,-3.317541555829149,-3.9549626465568783,SIN EDGE IS
VWAP,atr_bajo,20.0,20.0,2,410,158,32.91139240506329,0.4547156070701774,-2.535348101265823,-40.0585,41.46618370546579,-3.9776820754650086,-4.401695091924798,106,36.79245283018868,0.5607919107919105,-2.1923113207547176,-23.238500000000002,27.108951779424224,-3.2764406452447417,-3.8757779923296543,SIN EDGE IS
VWAP,atr_bajo,20.0,40.0,1,410,122,24.59016393442623,0.6114900166624301,-2.2552049180327876,-27.513500000000015,31.968522544663898,-2.093865074993507,-3.0904369061181787,88,31.818181818181817,0.8840821340821343,-0.6755113636363642,-5.944500000000005,14.697893833984562,-0.5032679916243926,-0.831432888685819,SIN EDGE IS
VWAP,atr_bajo,20.0,40.0,2,410,153,26.143790849673206,0.6464772349617811,-1.9467320261437913,-29.785000000000007,34.70933002954342,-2.0068587602234946,-2.7795257158335027,105,36.19047619047619,1.0944809123913608,0.6134285714285715,6.441000000000001,12.259905608604962,0.5549288735223061,0.9706114322004421,SIN EDGE IS
VWAP,atr_bajo,20.0,80.0,1,410,122,18.852459016393443,0.7544453544453545,-1.6588524590163938,-20.238000000000007,28.713573335310688,-0.9974202359312287,-1.9637991517995699,88,25.0,1.1828670776039203,1.4462500000000005,12.727000000000006,12.089180921091803,0.7913409190527876,1.8771745665597783,SIN EDGE IS
VWAP,atr_bajo,20.0,80.0,2,410,150,22.0,0.8625268482129521,-0.8896666666666672,-13.345000000000006,23.649655185543008,-0.5057468219757625,-0.9590789775344586,104,29.807692307692307,1.4077026476129613,3.558028846153845,37.00349999999998,11.208564641827683,1.6859563014491619,4.330644421693861,SIN EDGE IS
VWAP,atr_bajo,40.0,20.0,1,410,122,52.459016393442624,0.5255410477110817,-1.7304918032786885,-21.112000000000002,21.616546970406237,-2.687404395641656,-2.976943714738162,88,55.68181818181818,0.6253694021368494,-1.3109090909090912,-11.536000000000003,13.506176997988867,-2.1050867620601723,-2.394179803093749,SIN EDGE IS
VWAP,atr_bajo,40.0,20.0,2,410,153,53.59477124183007,0.5289546696706091,-1.4758496732026145,-22.5805,23.275029135497423,-2.7646720689144573,-3.0104204582114344,106,56.60377358490566,0.6522460721398541,-1.1860377358490568,-12.572000000000003,15.130402126755394,-2.145614900241533,-2.484393102479259,SIN EDGE IS
VWAP,atr_bajo,40.0,40.0,1,410,122,42.62295081967213,0.7179598480737923,-1.2781967213114753,-15.594,17.681053833733653,-1.4788967725583337,-1.9344738181465067,88,47.72727272727273,0.8762142582734209,-0.5126136363636365,-4.511000000000001,9.110507353375471,-0.5922942013293214,-0.8123429623901745,SIN EDGE IS
VWAP,atr_bajo,40.0,40.0,2,410,147,42.17687074829932,0.6883239462771551,-1.3702721088435375,-20.143,22.15965029732597,-1.7488000354710767,-2.1712856581239306,102,50.98039215686274,1.004814721451979,0.01872549019607819,0.19099999999999753,6.857004597144933,0.06584798306244678,0.09657910509689394,SIN EDGE IS
VWAP,atr_bajo,40.0,80.0,1,410,122,31.147540983606557,0.7476761252446182,-1.3527868852459013,-16.503999999999998,19.819723666847757,-1.2146119740335037,-1.887882689907306,88,38.63636363636363,1.0836639973065918,0.39534090909090885,3.478999999999998,6.1796820244199235,0.4134047946249264,0.7288749317501962,SIN EDGE IS
VWAP,atr_bajo,40.0,80.0,2,410,142,30.28169014084507,0.70641384143313,-1.5194014084507044,-21.5755,23.331899038696584,-1.4918741773622224,-2.1394368523106597,100,40.0,1.1786225895316804,0.8105,8.105,5.8452250274423685,0.849982887873874,1.5647907182508247,SIN EDGE IS
VWAP,atr_bajo,60.0,20.0,1,410,122,59.83606557377049,0.4950519544779813,-1.1710655737704916,-14.286999999999997,14.651210371619738,-2.746265338387189,-2.922737835055453,88,68.18181818181817,0.7440598277113378,-0.46085227272727286,-4.055500000000001,6.3605032223362095,-1.2096588126551662,-1.3525047348663553,SIN EDGE IS
VWAP,atr_bajo,60.0,20.0,2,410,153,60.78431372549019,0.5265781470217342,-1.042843137254902,-15.9555,16.512552833681784,-2.7126757719312082,-2.919430864025251,105,68.57142857142857,0.7803425167535369,-0.3792857142857144,-3.9825000000000013,6.659826880360174,-1.160019999561064,-1.3439537143306461,SIN EDGE IS
VWAP,atr_bajo,60.0,40.0,1,410,122,46.72131147540984,0.610758189440773,-1.1225,-13.694499999999998,14.969777106157887,-2.136342672442626,-2.5214403230091755,88,59.09090909090909,1.0034993202759177,0.007897727272727134,0.06949999999999878,3.8928650483287885,0.039131541195602124,0.05087888897818199,SIN EDGE IS
VWAP,atr_bajo,60.0,40.0,2,410,144,46.52777777777778,0.6194893552922273,-1.052534722222222,-15.156500000000001,16.81744974449722,-2.1116687819600317,-2.4786685629064826,100,62.0,1.1342082779570914,0.2827499999999999,2.827499999999999,4.1483123778406465,0.6605028828554457,0.937154965229913,SIN EDGE IS
VWAP,atr_bajo,60.0,80.0,1,410,122,36.0655737704918,0.6749328680501412,-1.0765983606557377,-13.1345,14.451342473083631,-1.664367159246601,-2.266963251391841,88,50.0,1.2823728519354276,0.7394318181818179,6.506999999999998,2.8663118944075636,1.1658267663199575,1.9157067126353882,SIN EDGE IS
VWAP,atr_bajo,60.0,80.0,2,410,139,34.53237410071942,0.6416425628889473,-1.1765467625899282,-16.354000000000003,17.362015650323624,-1.8805978598415005,-2.4391058403119077,98,51.02040816326531,1.376105653609424,0.9415306122448981,9.227,4.1089772219741025,1.5677016238715795,2.788058772600555,SIN EDGE IS
VWAP,vwap_favor,20.0,20.0,1,746,227,30.837004405286343,0.4289216608691444,-2.339647577092512,-53.110000000000014,53.95538830985569,-5.361281421652554,-6.040747409994753,156,29.48717948717949,0.4130776801076526,-2.8098717948717953,-43.834,45.823842249690415,-5.693958063857361,-6.363616321248638,SIN EDGE IS
VWAP,vwap_favor,20.0,20.0,2,746,294,30.952380952380953,0.42471966156176666,-2.1184013605442185,-62.28100000000002,62.84257173272627,-5.755961519054523,-6.1847301025507475,197,29.441624365482234,0.4196307607522561,-2.5659390862944162,-50.549,52.78117329996632,-6.429831057057271,-6.705364200466492,SIN EDGE IS
VWAP,vwap_favor,20.0,40.0,1,746,227,23.788546255506606,0.5644632394632392,-2.0303303964757715,-46.08850000000001,48.292599220454505,-3.297512462616015,-4.683609289406681,156,28.205128205128204,0.7464075645893825,-1.4191666666666674,-22.13900000000001,30.592369708523716,-1.7033536876025446,-2.6602749214977495,SIN EDGE IS
VWAP,vwap_favor,20.0,40.0,2,746,288,24.65277777777778,0.5875015065686389,-1.7825520833333337,-51.33750000000001,54.71330865589694,-3.09772091145712,-4.218010664354302,196,29.081632653061224,0.791985770047927,-1.1813775510204092,-23.15500000000002,32.72230994811632,-1.5839431888884374,-2.298144840728039,SIN EDGE IS
VWAP,vwap_favor,20.0,80.0,1,746,227,18.94273127753304,0.7688655134853125,-1.4442290748898683,-32.784000000000006,42.38517585846145,-1.290302049381363,-2.556878478670038,156,22.435897435897438,1.0448913123331731,0.3525320512820515,5.499500000000003,15.537166924239596,0.3547926528025391,0.8025753022806444,SIN EDGE IS
VWAP,vwap_favor,20.0,80.0,2,746,283,20.49469964664311,0.7948238413233836,-1.164929328621909,-32.96750000000002,43.25295121775306,-1.0901938007477459,-2.0366812872625024,193,24.352331606217618,1.1118094429950103,0.9148445595854923,17.6565,19.826768186683477,0.7834267127473257,1.6533587412793147,SIN EDGE IS
VWAP,vwap_favor,40.0,20.0,1,746,227,56.38766519823789,0.6041362759399562,-1.111784140969163,-25.2375,27.41307987786854,-2.8310037540629436,-3.1735724362699864,156,47.43589743589743,0.43231238004788203,-1.8391987179487181,-28.691500000000005,30.12213138973706,-4.921656546428921,-5.174931014920955,SIN EDGE IS
VWAP,vwap_favor,40.0,20.0,2,746,288,55.90277777777778,0.5988983947845671,-1.0328993055555555,-29.747500000000006,33.07791175691462,-3.0367383249148223,-3.3634394187948655,196,46.93877551020408,0.4301243013264371,-1.7426275510204086,-34.1555,35.590592898560836,-5.43715715817309,-5.583484528936794,SIN EDGE IS
VWAP,vwap_favor,40.0,40.0,1,746,227,46.25550660792951,0.7745448808604869,-0.8813656387665197,-20.007,25.07999612140007,-1.4822160750784281,-1.952920944780451,156,42.30769230769231,0.6558992764769556,-1.3551282051282054,-21.140000000000004,26.014316364720884,-2.5779651770066443,-3.2442571221792584,SIN EDGE IS
VWAP,vwap_favor,40.0,40.0,2,746,278,44.96402877697842,0.7390453354151568,-0.8416726618705036,-23.398500000000002,29.903519829341562,-1.7291207910802349,-2.1775599611373817,192,43.22916666666667,0.6973351381653612,-1.1529166666666668,-22.136000000000003,27.49880645469297,-2.4491751226201286,-3.041061333759248,SIN EDGE IS
VWAP,vwap_favor,40.0,80.0,1,746,227,36.12334801762114,0.9297073342736248,-0.35127753303964737,-7.973999999999995,19.123551571217362,-0.3526424697744988,-0.5886891206607687,156,33.97435897435898,0.8823368992574776,-0.6084615384615386,-9.492000000000003,19.713554123638783,-0.6629611333143944,-1.0975593531866736,SIN EDGE IS
VWAP,vwap_favor,40.0,80.0,2,746,269,34.20074349442379,0.8221938527483401,-0.7818215613382904,-21.03100000000001,27.983405655428868,-1.1203881784970906,-1.6485951297226615,187,34.75935828877005,0.9260515963481749,-0.3729411764705885,-6.9740000000000055,18.924313834211244,-0.4232751098907193,-0.6777585170129551,SIN EDGE IS
VWAP,vwap_favor,60.0,20.0,1,746,227,63.87665198237885,0.577455544844843,-0.9075770925110132,-20.601999999999997,22.45703183380655,-2.926498797283299,-3.149138327458837,156,60.256410256410255,0.5047248548055565,-1.1507051282051282,-17.951,20.315738720244127,-3.7042899087787804,-3.9153955549303006,SIN EDGE IS
VWAP,vwap_favor,60.0,20.0,2,746,288,63.19444444444444,0.5794264195622505,-0.8880381944444444,-25.5755,28.124984481226022,-3.0817124035813435,-3.3337102486281416,195,58.97435897435898,0.4890124870494575,-1.2014102564102564,-23.427500000000002,24.702379473006584,-4.363311811606368,-4.561940660942249,SIN EDGE IS
VWAP,vwap_favor,60.0,40.0,1,746,227,51.10132158590308,0.7139590311775321,-0.7824669603524229,-17.762,23.159510721537103,-1.9299360755377988,-2.3455335482191804,156,53.205128205128204,0.7505981072703917,-0.6782692307692308,-10.581000000000001,14.863860350403874,-1.7214859035661585,-2.106810583936319,SIN EDGE IS
VWAP,vwap_favor,60.0,40.0,2,746,274,50.36496350364964,0.7093878772218519,-0.7798905109489052,-21.369000000000003,27.588768385083878,-1.9841531656405413,-2.409561996519814,190,53.1578947368421,0.7613722924275865,-0.6430263157894737,-12.2175,16.685627421173898,-1.8066559180147586,-2.2092201281036608,SIN EDGE IS
VWAP,vwap_favor,60.0,80.0,1,746,227,41.409691629955944,0.8431062913999835,-0.4945814977973568,-11.226999999999999,18.050624831209603,-0.9486019310369952,-1.3741519787951206,156,44.230769230769226,0.9788585474675696,-0.06560897435897449,-1.023500000000002,9.085741216711932,-0.08719760397000788,-0.13237560667329168,SIN EDGE IS
VWAP,vwap_favor,60.0,80.0,2,746,265,39.62264150943396,0.7925691982242352,-0.6567924528301888,-17.405000000000005,23.845719476565712,-1.3318101506987017,-1.8424833815972095,184,44.02173913043478,0.9870274310220574,-0.039619565217391475,-0.7290000000000031,10.517814955884473,-0.0392009505686996,-0.05804056598129365,SIN EDGE IS
VWAP,vwap_contra,20.0,20.0,1,0,0,,,,,,,,0,,,,,,,,SIN DATOS OOS
VWAP,vwap_contra,20.0,20.0,2,0,0,,,,,,,,0,,,,,,,,SIN DATOS OOS
VWAP,vwap_contra,20.0,40.0,1,0,0,,,,,,,,0,,,,,,,,SIN DATOS OOS
VWAP,vwap_contra,20.0,40.0,2,0,0,,,,,,,,0,,,,,,,,SIN DATOS OOS
VWAP,vwap_contra,20.0,80.0,1,0,0,,,,,,,,0,,,,,,,,SIN DATOS OOS
VWAP,vwap_contra,20.0,80.0,2,0,0,,,,,,,,0,,,,,,,,SIN DATOS OOS
VWAP,vwap_contra,40.0,20.0,1,0,0,,,,,,,,0,,,,,,,,SIN DATOS OOS
VWAP,vwap_contra,40.0,20.0,2,0,0,,,,,,,,0,,,,,,,,SIN DATOS OOS
VWAP,vwap_contra,40.0,40.0,1,0,0,,,,,,,,0,,,,,,,,SIN DATOS OOS
VWAP,vwap_contra,40.0,40.0,2,0,0,,,,,,,,0,,,,,,,,SIN DATOS OOS
VWAP,vwap_contra,40.0,80.0,1,0,0,,,,,,,,0,,,,,,,,SIN DATOS OOS
VWAP,vwap_contra,40.0,80.0,2,0,0,,,,,,,,0,,,,,,,,SIN DATOS OOS
VWAP,vwap_contra,60.0,20.0,1,0,0,,,,,,,,0,,,,,,,,SIN DATOS OOS
VWAP,vwap_contra,60.0,20.0,2,0,0,,,,,,,,0,,,,,,,,SIN DATOS OOS
VWAP,vwap_contra,60.0,40.0,1,0,0,,,,,,,,0,,,,,,,,SIN DATOS OOS
VWAP,vwap_contra,60.0,40.0,2,0,0,,,,,,,,0,,,,,,,,SIN DATOS OOS
VWAP,vwap_contra,60.0,80.0,1,0,0,,,,,,,,0,,,,,,,,SIN DATOS OOS
VWAP,vwap_contra,60.0,80.0,2,0,0,,,,,,,,0,,,,,,,,SIN DATOS OOS
VWAP,rsi_extremo,20.0,20.0,1,146,66,36.36363636363637,0.5613964916290498,-2.3260606060606057,-15.351999999999999,19.05777216542412,-1.891112497939582,-2.3554476490283767,49,22.448979591836736,0.2627488341774055,-4.50091836734694,-22.054500000000004,23.23349999999998,-4.273681520292291,-4.632879371647046,SIN EDGE IS
VWAP,rsi_extremo,20.0,20.0,2,146,68,36.76470588235294,0.5728147253570983,-2.262794117647058,-15.386999999999995,19.8566342730684,-1.86200298746417,-2.3596736688878237,51,23.52941176470588,0.2813674601754071,-4.329901960784314,-22.082500000000003,23.26149999999998,-4.176829822387153,-4.509780306020145,SIN EDGE IS
VWAP,rsi_extremo,20.0,40.0,1,146,66,30.303030303030305,0.8425526263364105,-0.8981060606060611,-5.927500000000004,16.04749999999999,-0.4858943221052014,-0.7996015806901082,49,20.408163265306122,0.4964083944975667,-3.2835714285714293,-16.089500000000005,19.26149999999998,-2.1929628418623714,-3.1130486906750643,SIN EDGE IS
VWAP,rsi_extremo,20.0,40.0,2,146,67,29.850746268656714,0.84156905403075,-0.8912686567164184,-5.971500000000003,16.091499999999996,-0.48944033911882523,-0.8049138928867328,51,21.568627450980394,0.5324827933523587,-3.00343137254902,-15.3175,18.489499999999975,-2.0469730469180893,-2.8854688365107757,SIN EDGE IS
VWAP,rsi_extremo,20.0,80.0,1,146,66,25.757575757575758,1.1542832857749985,0.9625757575757574,6.352999999999999,10.79243775130491,0.4276783398144221,1.0035826039055913,49,16.3265306122449,0.7590797408979227,-1.6509183673469392,-8.089500000000003,10.251499999999998,-0.7249089673371841,-1.469615175696401,OVERFITTING
VWAP,rsi_extremo,20.0,80.0,2,146,67,25.37313432835821,1.1530511990102252,0.941641791044776,6.308999999999999,10.797183647566182,0.42500204665354874,0.9964885529402164,51,15.686274509803921,0.7239777875616027,-1.9053921568627457,-9.717500000000003,11.879500000000007,-0.8619057285604927,-1.6603674307977994,OVERFITTING
VWAP,rsi_extremo,40.0,20.0,1,146,66,69.6969696969697,1.0965303593556388,0.23606060606060592,1.5579999999999992,5.6649470326468,0.30883354929131834,0.3835043382165873,49,40.816326530612244,0.3246753246753248,-3.173061224489796,-15.548,16.33399999999998,-3.5132076593326085,-3.7114553801164107,OVERFITTING
VWAP,rsi_extremo,40.0,20.0,2,146,68,69.11764705882352,1.067504573080782,0.16823529411764687,1.1439999999999986,5.643112832834793,0.2302621296429727,0.2875079059594762,51,41.17647058823529,0.33017205203524985,-3.1298039215686275,-15.962000000000002,16.74799999999998,-3.4848144889793997,-3.6635024616308174,OVERFITTING
VWAP,rsi_extremo,40.0,40.0,1,146,66,57.57575757575758,1.343640688400728,1.116363636363636,7.3679999999999986,6.398416886543537,0.9858801394647374,1.5015022995704386,49,32.6530612244898,0.42790750828539864,-3.0648979591836736,-15.018,16.603999999999985,-2.7951959948686906,-3.3157510086197544,OVERFITTING
VWAP,rsi_extremo,40.0,40.0,2,146,66,57.57575757575758,1.343640688400728,1.116363636363636,7.3679999999999986,6.398416886543537,0.9858801394647374,1.5015022995704386,51,33.33333333333333,0.444452657254786,-2.9474509803921567,-15.031999999999998,16.617999999999984,-2.735982798798703,-3.218012180164878,OVERFITTING
VWAP,rsi_extremo,40.0,80.0,1,146,66,39.39393939393939,1.1528,0.6656060606060602,4.392999999999997,7.486000000000001,0.44901170177028665,0.8100248791655316,49,30.612244897959183,0.6670292165172712,-1.811836734693878,-8.878000000000002,12.119738852618406,-1.2576121019248545,-1.9122025977039319,OVERFITTING
VWAP,rsi_extremo,40.0,80.0,2,146,66,39.39393939393939,1.1528,0.6656060606060602,4.392999999999997,7.486000000000001,0.44901170177028665,0.8100248791655316,51,29.411764705882355,0.6379811313986442,-1.9788235294117646,-10.091999999999999,13.32427122814675,-1.390875792584915,-2.042864932331972,OVERFITTING
VWAP,rsi_extremo,60.0,20.0,1,146,66,71.21212121212122,0.7994961993989752,-0.34371212121212136,-2.2685000000000013,4.555196158196571,-0.6405610902908316,-0.7211951052775759,49,48.97959183673469,0.31158946099535045,-2.0395918367346937,-9.994,10.583499999999994,-3.412867761567861,-3.514638721410117,SIN EDGE IS
VWAP,rsi_extremo,60.0,20.0,2,146,68,70.58823529411765,0.7754982169079088,-0.3934558823529413,-2.675500000000001,5.143960587230465,-0.7486406198895392,-0.8440654675360374,51,49.01960784313725,0.3121486674161762,-2.039411764705882,-10.401,10.990499999999997,-3.3937239421849674,-3.4801917529705206,SIN EDGE IS
VWAP,rsi_extremo,60.0,40.0,1,146,66,59.09090909090909,1.0323638139080702,0.0703030303030302,0.4639999999999993,5.571848965064716,0.11846739717539051,0.15480025010529241,49,36.734693877551024,0.345257621175273,-2.3625510204081634,-11.576500000000001,12.369499999999993,-3.379762287470616,-3.6793571398125695,OVERFITTING
VWAP,rsi_extremo,60.0,40.0,2,146,66,59.09090909090909,1.0323638139080702,0.0703030303030302,0.4639999999999993,5.571848965064716,0.11846739717539051,0.15480025010529241,51,37.254901960784316,0.35554704804615933,-2.3104901960784314,-11.7835,12.576499999999987,-3.339107512291182,-3.613488149880271,OVERFITTING
VWAP,rsi_extremo,60.0,80.0,1,146,66,40.909090909090914,0.8810631570830013,-0.3505303030303033,-2.313500000000002,7.542499999999995,-0.3639286387605866,-0.5375036735022847,49,34.69387755102041,0.546793760831889,-1.6543877551020407,-8.1065,9.556555847214865,-1.9645068486839639,-2.557668230532574,SIN EDGE IS
VWAP,rsi_extremo,60.0,80.0,2,146,66,40.909090909090914,0.8810631570830013,-0.3505303030303033,-2.313500000000002,7.542499999999995,-0.3639286387605866,-0.5375036735022847,51,33.33333333333333,0.5231892585856425,-1.7477450980392157,-8.9135,10.362001337418764,-2.082428966776545,-2.642639643955102,SIN EDGE IS
VWAP,bb_extremo,20.0,20.0,1,92,48,37.5,0.5887816863426621,-2.1443750000000006,-10.293000000000003,15.75220379319556,-1.46273007908424,-1.8465374586103076,34,26.47058823529412,0.3441749580363442,-3.964558823529412,-13.479500000000003,14.265499999999998,-2.963709579935459,-3.3736203811679433,SIN EDGE IS
VWAP,bb_extremo,20.0,20.0,2,92,49,36.734693877551024,0.5702373812610035,-2.266734693877551,-11.107,16.542898079117993,-1.5356107031043902,-1.9095393251967765,36,27.77777777777778,0.3678483678483679,-3.752083333333333,-13.5075,14.293499999999995,-2.8810562616715707,-3.2520994101636997,SIN EDGE IS
VWAP,bb_extremo,20.0,40.0,1,92,48,31.25,0.8869595511386559,-0.6421875000000004,-3.0825000000000014,15.729169220209357,-0.2756508550726084,-0.4619312273149686,34,23.52941176470588,0.5937989937989937,-2.552794117647059,-8.6795,10.265499999999998,-1.4119902533824933,-2.0845652725062145,SIN EDGE IS
VWAP,bb_extremo,20.0,40.0,2,92,49,30.612244897959183,0.8612505786418833,-0.7952040816326535,-3.8965000000000027,16.527345377883464,-0.3501329742779097,-0.572793584494058,36,25.0,0.643509230665194,-2.1965277777777783,-7.907500000000002,9.493500000000006,-1.2492285701687813,-1.8233370981426495,SIN EDGE IS
VWAP,bb_extremo,20.0,80.0,1,92,48,29.166666666666668,1.4646967287402313,2.8307291666666674,13.587500000000002,12.525184526242397,0.8740534065676385,2.2560518878484075,34,20.588235294117645,0.905720145389567,-0.6827941176470591,-2.321500000000001,5.335709291485399,-0.1970697501687908,-0.40758253393403365,OVERFITTING
VWAP,bb_extremo,20.0,80.0,2,92,49,28.57142857142857,1.4100021628096557,2.5146938775510206,12.322000000000001,13.308008559132556,0.7954078308301767,1.9823863490766016,36,19.444444444444446,0.8767371007371009,-0.8709722222222225,-3.135500000000001,6.916660192666255,-0.27785003157201926,-0.5521515021113261,OVERFITTING
VWAP,bb_extremo,40.0,20.0,1,92,48,66.66666666666666,0.9739776951672863,-0.07000000000000013,-0.3360000000000007,5.989839719607769,-0.05466622338193919,-0.06661102453287637,34,44.11764705882353,0.3844648796712973,-2.7758823529411765,-9.437999999999999,10.224000000000002,-2.569334029991532,-2.770937692646552,SIN EDGE IS
VWAP,bb_extremo,40.0,20.0,2,92,49,67.3469387755102,1.004414498141264,0.01163265306122436,0.05699999999999936,5.602922065136069,0.028912480738529322,0.0354980563930819,36,44.44444444444444,0.38959107806691456,-2.7366666666666664,-9.851999999999999,10.638,-2.5553924991964485,-2.732788346670588,OVERFITTING
VWAP,bb_extremo,40.0,40.0,1,92,48,58.333333333333336,1.3233581164807933,1.0872916666666663,5.2189999999999985,7.122041507502071,0.807392063204511,1.2225317868186083,34,35.294117647058826,0.4982539146107921,-2.6200000000000006,-8.908000000000001,10.493999999999994,-1.983615214438463,-2.411237139194784,OVERFITTING
VWAP,bb_extremo,40.0,40.0,2,92,49,59.183673469387756,1.372490706319703,1.2269387755102037,6.011999999999999,6.341314535501919,0.9393364542345182,1.4420928602368195,36,36.11111111111111,0.5193146920963312,-2.4783333333333335,-8.921999999999999,10.507999999999992,-1.926523500203735,-2.3102969827648665,OVERFITTING
VWAP,bb_extremo,40.0,80.0,1,92,48,41.66666666666667,1.2399697913716607,1.0591666666666664,5.083999999999999,10.350122547813331,0.5725316608671153,1.048747138246616,34,32.35294117647059,0.8306664511610368,-0.9244117647058827,-3.1430000000000016,7.153546252904351,-0.48568494537161266,-0.7885421815656283,OVERFITTING
VWAP,bb_extremo,40.0,80.0,2,92,49,40.816326530612244,1.2288333801103943,0.9983673469387752,4.891999999999998,10.539111946689236,0.5502788739819414,1.001248254413339,36,30.555555555555557,0.7796713021491782,-1.2102777777777782,-4.357000000000001,8.348757531603205,-0.6605153768328988,-1.018340313709967,OVERFITTING
VWAP,bb_extremo,60.0,20.0,1,92,48,68.75,0.7387638849330677,-0.47770833333333346,-2.2930000000000006,4.021984007129949,-0.751511276689991,-0.8402840494369984,34,50.0,0.3256006628003314,-2.035,-6.9190000000000005,7.508499999999993,-2.767280425357427,-2.8739470448520503,SIN EDGE IS
VWAP,bb_extremo,60.0,20.0,2,92,49,69.38775510204081,0.7611506693249789,-0.42785714285714294,-2.0965000000000003,3.8273958359121716,-0.6974294789604705,-0.7829538725726318,36,50.0,0.32560066280033145,-2.0349999999999997,-7.325999999999999,7.915499999999998,-2.7540421625527456,-2.8430447811461437,SIN EDGE IS
VWAP,bb_extremo,60.0,40.0,1,92,48,62.5,1.167031178475154,0.34208333333333324,1.6419999999999995,4.40274304953829,0.4435527028240493,0.5966833439605423,34,38.23529411764706,0.394523575638507,-2.1754411764705885,-7.3965000000000005,8.189499999999999,-2.545304609084071,-2.827248938369221,OVERFITTING
VWAP,bb_extremo,60.0,40.0,2,92,49,63.26530612244898,1.2073648339352017,0.41602040816326513,2.038499999999999,4.010100760032679,0.5565504146422454,0.7583952130210649,36,38.88888888888889,0.40688014353133906,-2.112083333333333,-7.6034999999999995,8.39649999999999,-2.5120421425530135,-2.7635777455876958,OVERFITTING
VWAP,bb_extremo,60.0,80.0,1,92,48,45.83333333333333,1.0808513810713087,0.2259375,1.0845,5.843456866061815,0.2260009616198709,0.3528173465504981,34,35.294117647058826,0.6634814150317876,-1.268823529411765,-4.314,6.413528878227202,-1.1680516979300892,-1.594724542854551,OVERFITTING
VWAP,bb_extremo,60.0,80.0,2,92,49,44.89795918367347,1.073170731707317,0.20173469387755086,0.9884999999999993,5.938698268293048,0.20703178782123416,0.32173474498563814,36,33.33333333333333,0.6241881627710711,-1.4225,-5.1209999999999996,7.213485262265737,-1.3269545168681303,-1.7445472373233002,OVERFITTING
VWAP_inv,sin_filtro,20.0,20.0,1,746,227,24.669603524229075,0.3432332468735038,-2.7495814977973576,-62.41550000000002,62.415500000000215,-7.014136552643575,-7.386888594624447,156,23.076923076923077,0.31316820506009696,-3.315064102564103,-51.71500000000001,51.71500000000003,-7.934439553687497,-8.03117088633674,SIN EDGE IS
VWAP_inv,sin_filtro,20.0,20.0,2,746,294,26.53061224489796,0.37194914424515924,-2.2909863945578235,-67.355,67.35499999999996,-7.273131852385428,-7.362231019694978,197,25.380710659898476,0.35795770807212457,-2.898299492385787,-57.096500000000006,57.09650000000019,-7.733623189678056,-7.705154123866309,SIN EDGE IS
VWAP_inv,sin_filtro,20.0,40.0,1,746,227,20.26431718061674,0.5149669119920831,-2.418392070484582,-54.89750000000001,55.404550263504014,-4.241783697501112,-5.732850869889864,156,20.51282051282051,0.528636849420507,-2.728301282051283,-42.56150000000002,43.089064373259895,-4.123405672444634,-5.647125462425786,SIN EDGE IS
VWAP_inv,sin_filtro,20.0,40.0,2,746,289,21.79930795847751,0.5551002899236728,-2.0814532871972324,-60.15400000000002,60.601955762975166,-4.155416260774087,-5.356278126677135,196,22.95918367346939,0.5815530945366006,-2.2535714285714294,-44.170000000000016,44.169999999999995,-3.9044793249166476,-5.014473956367263,SIN EDGE IS
VWAP_inv,sin_filtro,20.0,80.0,1,746,227,17.62114537444934,0.7808703765493887,-1.562268722466961,-35.46350000000001,44.32693095699206,-1.4096781997511414,-2.781380869511124,156,18.58974358974359,0.827808722799894,-1.29400641025641,-20.186499999999995,31.286185952209777,-0.9979951377808302,-2.0326269565974737,SIN EDGE IS
VWAP_inv,sin_filtro,20.0,80.0,2,746,285,18.947368421052634,0.7839938002134438,-1.4523157894736847,-41.39100000000001,47.95330725478099,-1.5988281371749038,-2.756546263288811,192,21.354166666666664,0.9035670662277707,-0.7278124999999999,-13.973999999999997,34.3513431013431,-0.547599214489138,-1.0441967240997443,SIN EDGE IS
VWAP_inv,sin_filtro,40.0,20.0,1,746,227,47.57709251101321,0.4853367022484672,-1.5972246696035242,-36.257,36.92121955805384,-4.448977143299059,-4.768925020506098,156,41.66666666666667,0.3501710949126517,-2.1972756410256413,-34.2775,34.277500000000074,-6.266623129556754,-6.301374444671596,SIN EDGE IS
VWAP_inv,sin_filtro,40.0,20.0,2,746,288,47.22222222222222,0.49810932400247,-1.4816666666666667,-42.672000000000004,43.30864392868114,-4.770258122561376,-5.093500586230374,196,41.83673469387755,0.361950906979538,-2.0323979591836734,-39.835,39.835000000000136,-7.007164391115241,-6.868213787557779,SIN EDGE IS
VWAP_inv,sin_filtro,40.0,40.0,1,746,227,39.647577092511014,0.6638616933838044,-1.3241850220264313,-30.05899999999999,31.325360355052812,-2.6817840804216417,-3.3826198193930663,156,37.17948717948718,0.6066236780236313,-1.667852564102564,-26.0185,26.508687057327574,-3.1375325616019554,-3.9097078534915366,SIN EDGE IS
VWAP_inv,sin_filtro,40.0,40.0,2,746,278,39.568345323741006,0.6732142424315879,-1.212428057553957,-33.70550000000001,34.728950063012086,-2.8054290649065465,-3.4923885716060545,192,37.5,0.631137952956135,-1.5109895833333333,-29.011000000000003,29.01099999999998,-3.3481026780904117,-4.00612027435227,SIN EDGE IS
VWAP_inv,sin_filtro,40.0,80.0,1,746,227,33.480176211453745,0.8482204304272836,-0.7869603524229076,-17.864000000000004,27.75251347999329,-1.0236353578656174,-1.6395585197071336,156,32.69230769230769,0.8733292682926829,-0.6658333333333335,-10.387000000000004,14.591235338740733,-0.7497432085931849,-1.229633900588143,SIN EDGE IS
VWAP_inv,sin_filtro,40.0,80.0,2,746,268,34.701492537313435,0.8541354493448977,-0.7373507462686568,-19.761,31.857054292532506,-1.0640289439607586,-1.6094428876048779,186,33.33333333333333,0.8714516145603237,-0.6726881720430111,-12.512000000000006,15.48849519908811,-0.8741601744681267,-1.3222711536927412,SIN EDGE IS
VWAP_inv,sin_filtro,60.0,20.0,1,746,227,62.55506607929515,0.5731039794608472,-0.9156167400881057,-20.7845,21.892840591999477,-3.0510625234550424,-3.269878880584397,156,54.48717948717948,0.39213729794452196,-1.6596794871794869,-25.891,26.428567864146924,-5.287593251497694,-5.328833947974476,SIN EDGE IS
VWAP_inv,sin_filtro,60.0,20.0,2,746,287,62.02090592334495,0.5814151463052298,-0.8737630662020907,-25.076999999999998,26.584945225076872,-3.3203282316702305,-3.5797842170514325,195,54.35897435897436,0.3914747258323702,-1.6603846153846156,-32.377500000000005,32.90234688836441,-5.970158547501293,-5.933508618029078,SIN EDGE IS
VWAP_inv,sin_filtro,60.0,40.0,1,746,227,52.42290748898678,0.7636437137852042,-0.6181497797356826,-14.031999999999996,14.30323027617587,-1.6486685018751601,-2.017329605000813,156,48.07692307692308,0.6246087087929879,-1.1146474358974359,-17.388499999999997,18.019341169699135,-2.956251843105219,-3.4512886115085917,SIN EDGE IS
VWAP_inv,sin_filtro,60.0,40.0,2,746,274,54.379562043795616,0.8152017608217169,-0.4596350364963505,-12.594000000000005,14.556216488345116,-1.3237749641045378,-1.6705184761579834,190,48.94736842105264,0.6286867820712078,-1.0939473684210526,-20.784999999999997,20.889030924334463,-3.3026112849031146,-3.837753026799648,SIN EDGE IS
VWAP_inv,sin_filtro,60.0,80.0,1,746,227,45.37444933920705,0.9936911601046721,-0.018480176211453557,-0.41949999999999577,8.919163648337172,-0.0013615723935617614,-0.00206842438798049,156,41.66666666666667,0.8564573234367533,-0.471698717948718,-7.358500000000001,8.480423699450562,-0.9181410358774114,-1.3296026563480112,SIN EDGE IS
VWAP_inv,sin_filtro,60.0,80.0,2,746,261,47.509578544061306,1.0308623442553602,0.08664750957854404,2.2615,8.86434122344214,0.23852345478840664,0.3620444333851109,183,42.62295081967213,0.8591500942013818,-0.4595901639344263,-8.4105,10.36219375845902,-0.9890781988459887,-1.3929394845970882,OVERFITTING
VWAP_inv,atr_alto,20.0,20.0,1,328,107,14.953271028037381,0.18168120607144986,-4.466682242990655,-47.79350000000001,47.793499999999995,-6.800805064878455,-6.717789843871804,75,24.0,0.3188308376987622,-3.918266666666668,-29.387000000000015,29.38699999999998,-4.916211884357231,-5.374767023120669,SIN EDGE IS
VWAP_inv,atr_alto,20.0,20.0,2,328,136,17.647058823529413,0.22568803338034113,-3.9161397058823533,-53.2595,53.25950000000006,-6.649041779654976,-6.443920947817858,94,27.659574468085108,0.3823783783783783,-3.3427127659574483,-31.421500000000012,31.42149999999999,-4.572013941575257,-4.962838589787011,SIN EDGE IS
VWAP_inv,atr_alto,20.0,40.0,1,328,107,13.084112149532709,0.3112464773806625,-4.1000467289719635,-43.870500000000014,43.87050000000003,-4.711865505899412,-5.703529956049518,75,20.0,0.5023650646169441,-3.1421333333333332,-23.566000000000003,23.565999999999985,-2.9117631453300405,-4.0222225936476015,SIN EDGE IS
VWAP_inv,atr_alto,20.0,40.0,2,328,135,14.814814814814813,0.35231395779340974,-3.5635925925925926,-48.1085,48.10849999999999,-4.971712908146129,-5.452460130052754,93,23.655913978494624,0.6028746221133031,-2.3871505376344087,-22.2005,22.779499999999985,-2.3839826454931923,-3.19696080655687,SIN EDGE IS
VWAP_inv,atr_alto,20.0,80.0,1,328,107,12.149532710280374,0.5306505894741187,-3.186728971962618,-34.09800000000001,37.19042921747749,-2.3562505251388965,-4.007129930253307,75,17.333333333333336,0.7476763129891043,-1.7862666666666671,-13.397000000000004,20.716456715980662,-1.0378120785492988,-2.0117891587794863,SIN EDGE IS
VWAP_inv,atr_alto,20.0,80.0,2,328,133,14.285714285714285,0.5959468090615629,-2.6398496240601506,-35.11,36.19939532482859,-2.1872095496467687,-3.3886590139416537,91,20.87912087912088,0.8730385595559489,-0.9224725274725267,-8.394499999999994,22.61640798226164,-0.5148311020201707,-0.948215202180292,SIN EDGE IS
VWAP_inv,atr_alto,40.0,20.0,1,328,107,40.18691588785047,0.3498433271613731,-2.559672897196262,-27.388500000000004,29.303663749038517,-4.188003497259896,-4.37254949537609,75,38.666666666666664,0.31096878219196483,-3.0768,-23.076,23.075999999999976,-4.558246271946485,-4.72145979580879,SIN EDGE IS
VWAP_inv,atr_alto,40.0,20.0,2,328,135,41.48148148148148,0.3844064773717597,-2.2499259259259254,-30.373999999999995,32.25658938109928,-4.032115223339904,-4.207018907465031,94,43.61702127659575,0.37301273431938614,-2.5298936170212767,-23.781,23.78099999999997,-4.78071889124028,-4.904273687349179,SIN EDGE IS
VWAP_inv,atr_alto,40.0,40.0,1,328,107,29.906542056074763,0.4463704655927369,-2.5759813084112153,-27.563000000000002,28.364600124605655,-3.4730343854962684,-4.06529605624426,75,34.66666666666667,0.5312822098536385,-2.4253333333333336,-18.19,18.189999999999966,-2.7141777139435974,-3.3208896525634297,SIN EDGE IS
VWAP_inv,atr_alto,40.0,40.0,2,328,132,31.818181818181817,0.483817264430424,-2.290189393939394,-30.2305,30.802074861642836,-3.3924245921003786,-3.897135796039246,93,38.70967741935484,0.6306998939554612,-1.7974193548387096,-16.716,16.715999999999962,-2.517903216964034,-3.052005824866229,SIN EDGE IS
VWAP_inv,atr_alto,40.0,80.0,1,328,107,25.233644859813083,0.6167128102256336,-2.1607009345794395,-23.119500000000002,26.916203241598925,-2.0533902403204745,-2.986421469216735,75,30.666666666666664,0.8156323993685872,-0.9966666666666667,-7.475,13.29946619570178,-0.7781114522344824,-1.2580325595062625,SIN EDGE IS
VWAP_inv,atr_alto,40.0,80.0,2,328,128,28.125,0.682277470531971,-1.7257421875000003,-22.089500000000005,25.93566111813523,-1.7564530390494901,-2.4701878607460714,91,34.065934065934066,0.9069787234042552,-0.48043956043956065,-4.3720000000000026,8.384100966404064,-0.4454034673199035,-0.6791884412643305,SIN EDGE IS
VWAP_inv,atr_alto,60.0,20.0,1,328,107,57.009345794392516,0.45123948274888476,-1.3623364485981309,-14.577000000000002,15.549030657136337,-2.9530526174427663,-3.113342410596967,75,53.333333333333336,0.3721150432003788,-1.7683333333333333,-13.2625,13.797774745251152,-3.726208111991767,-3.8480136224479007,SIN EDGE IS
VWAP_inv,atr_alto,60.0,20.0,2,328,135,58.51851851851851,0.48916137856449915,-1.1896296296296296,-16.06,17.532863065647515,-2.8970192691513743,-3.0718645132344085,94,56.38297872340425,0.4208984177662822,-1.5243617021276599,-14.329000000000002,15.055830585797791,-3.9125775823221476,-4.084250224775851,SIN EDGE IS
VWAP_inv,atr_alto,60.0,40.0,1,328,107,43.925233644859816,0.5295899242821799,-1.46607476635514,-15.686999999999998,16.169861597200118,-2.665356845652385,-3.053493524932359,75,49.333333333333336,0.6530996191437619,-1.008,-7.560000000000001,8.439937131943319,-1.8040204729189688,-2.146616495528529,SIN EDGE IS
VWAP_inv,atr_alto,60.0,40.0,2,328,131,48.091603053435115,0.6130606216455011,-1.1199236641221375,-14.671000000000001,15.694052670839346,-2.2037820802370276,-2.594222164915173,93,51.61290322580645,0.7146920342077447,-0.7981720430107526,-7.422999999999999,8.698074168390878,-1.7678590840012953,-2.1844288465898942,SIN EDGE IS
VWAP_inv,atr_alto,60.0,80.0,1,328,107,36.44859813084112,0.7124356521036033,-0.9971495327102804,-10.669500000000001,13.070492983787766,-1.443790565043839,-1.9942621939366265,75,42.66666666666667,0.916738323441203,-0.26466666666666666,-1.9850000000000003,5.7927433417881975,-0.3363244198264101,-0.4979850819938609,SIN EDGE IS
VWAP_inv,atr_alto,60.0,80.0,2,328,126,40.476190476190474,0.8179541467545821,-0.5971031746031742,-7.523499999999994,12.124235642915169,-0.8953239315309056,-1.2586827313487219,91,45.05494505494506,0.9549795118474965,-0.1388461538461539,-1.2635000000000005,4.913403614457823,-0.1980871861834911,-0.29664033139423324,SIN EDGE IS
VWAP_inv,atr_bajo,20.0,20.0,1,410,122,32.78688524590164,0.4746730201275655,-2.602500000000001,-31.75050000000001,31.75050000000002,-3.402914617292221,-4.025948286565446,88,22.727272727272727,0.30101761680709044,-3.992500000000001,-35.13400000000001,36.08064563809975,-5.649772596645081,-6.046648004354683,SIN EDGE IS
VWAP_inv,atr_bajo,20.0,20.0,2,410,158,33.54430379746836,0.490630187927485,-2.4274050632911397,-38.35300000000001,38.353000000000044,-3.5811760494330973,-4.128618184303529,106,23.58490566037736,0.30940062982316496,-3.765330188679247,-39.912500000000016,39.912500000000044,-5.999770717593611,-6.167752088810307,SIN EDGE IS
VWAP_inv,atr_bajo,20.0,40.0,1,410,122,26.229508196721312,0.6643852725183591,-1.9272950819672139,-23.51300000000001,25.707836307380937,-1.7963065441070816,-2.6837843484857213,88,21.59090909090909,0.5338793338793337,-2.91034090909091,-25.611000000000004,30.76164148958942,-2.9185223460502048,-4.073366553077479,SIN EDGE IS
VWAP_inv,atr_bajo,20.0,40.0,2,410,154,27.27272727272727,0.7000932996993675,-1.690714285714286,-26.037000000000006,28.5436874444487,-1.6438402091709852,-2.418959144417929,106,22.641509433962266,0.5630435630435628,-2.6424528301886805,-28.010000000000012,32.036098886998495,-2.928131650605717,-3.864826857286296,SIN EDGE IS
VWAP_inv,atr_bajo,20.0,80.0,1,410,122,22.131147540983605,0.9042000786925949,-0.7084836065573767,-8.643499999999996,20.11778181945366,-0.3284918223684267,-0.6917047577775012,88,19.318181818181817,0.8364001490936478,-1.2219886363636367,-10.753500000000003,24.050008789267654,-0.6639542997509184,-1.3564544085301744,SIN EDGE IS
VWAP_inv,atr_bajo,20.0,80.0,2,410,151,22.516556291390728,0.9143250234869297,-0.6371523178807941,-9.620999999999992,24.85855743129487,-0.3295406455378992,-0.6259213950197792,103,20.388349514563107,0.8380718380718382,-1.2093203883495143,-12.455999999999996,24.277756634259408,-0.732750627087369,-1.3553566206450978,SIN EDGE IS
VWAP_inv,atr_bajo,40.0,20.0,1,410,122,54.09836065573771,0.5833745670460168,-1.518360655737705,-18.524,20.12783311112851,-2.35317151756645,-2.6384092353047914,88,45.45454545454545,0.42014673063302643,-2.465397727272727,-21.695500000000003,21.953054918768032,-3.89196866845435,-4.157746122679684,SIN EDGE IS
VWAP_inv,atr_bajo,40.0,20.0,2,410,153,52.28758169934641,0.5546658303031491,-1.4848692810457518,-22.718500000000002,24.742915571136397,-2.8743321262098576,-3.198301438206446,105,40.95238095238095,0.3494652471556995,-2.5430952380952383,-26.7025,26.70249999999996,-4.706856772288865,-4.798141041076117,SIN EDGE IS
VWAP_inv,atr_bajo,40.0,40.0,1,410,122,48.36065573770492,0.9231065442532579,-0.31098360655737717,-3.7940000000000014,12.870513386290087,-0.34279661707453307,-0.474867637030599,88,40.909090909090914,0.6845924869000468,-1.4569318181818185,-12.821000000000005,15.466886453990087,-1.8128383256366956,-2.3315410000638224,SIN EDGE IS
VWAP_inv,atr_bajo,40.0,40.0,2,410,147,46.93877551020408,0.8837987693556018,-0.46761904761904766,-6.8740000000000006,15.722998916098696,-0.5801812621334262,-0.7951712540852077,102,37.254901960784316,0.5891106460108754,-2.0113235294117646,-20.5155,21.702490247842675,-2.5981402854434927,-3.0990338269242614,SIN EDGE IS
VWAP_inv,atr_bajo,40.0,80.0,1,410,122,40.98360655737705,1.0981995552686323,0.44885245901639315,5.475999999999996,8.442089885860607,0.45799726337615226,0.8060665251646932,88,35.22727272727273,0.9173977262554831,-0.4194318181818184,-3.691000000000002,8.525430973073087,-0.34903282903929217,-0.5769260139321261,OVERFITTING
VWAP_inv,atr_bajo,40.0,80.0,2,410,140,40.714285714285715,1.030098533092545,0.13571428571428562,1.8999999999999986,10.749476671367116,0.18708504260107708,0.3086402832545795,98,32.6530612244898,0.819797100891293,-0.9552040816326532,-9.361,13.245850801125595,-0.9009446551661168,-1.3317393937549824,OVERFITTING
VWAP_inv,atr_bajo,60.0,20.0,1,410,122,67.21311475409836,0.7089649103508966,-0.542172131147541,-6.614500000000001,7.8579851039588355,-1.3613243810411175,-1.5094655124733196,88,55.68181818181818,0.4135687133560983,-1.551477272727273,-13.653000000000004,13.84949999999999,-3.6552701622847827,-3.79979726581289,SIN EDGE IS
VWAP_inv,atr_bajo,60.0,20.0,2,410,152,65.13157894736842,0.6832862085316379,-0.5932236842105263,-9.017,10.309420916162468,-1.7227417080301382,-1.9471472227683913,104,52.88461538461539,0.3718197925446821,-1.755673076923077,-18.259,18.455499999999972,-4.289080853967412,-4.367909822310143,SIN EDGE IS
VWAP_inv,atr_bajo,60.0,40.0,1,410,122,60.65573770491803,1.0803405007590166,0.17135245901639343,2.0904999999999996,3.7615860807804866,0.3660394844995264,0.4811393446692694,88,47.72727272727273,0.6107219469597737,-1.1651136363636365,-10.253,11.110780963700275,-2.2995202000043875,-2.6961791207978663,OVERFITTING
VWAP_inv,atr_bajo,60.0,40.0,2,410,144,61.111111111111114,1.1051601363436943,0.21638888888888877,3.1159999999999983,4.508070566959724,0.4995525304828052,0.6945978077857787,101,46.53465346534654,0.5622383007395758,-1.3508415841584158,-13.6435,13.643499999999984,-2.8260123806452566,-3.206406538356318,OVERFITTING
VWAP_inv,atr_bajo,60.0,80.0,1,410,122,54.09836065573771,1.3530162294579973,0.8504508196721311,10.3755,3.0849289728270244,1.3261425202269779,2.190124073568194,88,40.909090909090914,0.7800382075945971,-0.7457954545454545,-6.563,8.253430542258876,-1.1395751533261536,-1.5993023954512375,OVERFITTING
VWAP_inv,atr_bajo,60.0,80.0,2,410,135,54.81481481481482,1.3184616857015243,0.7394444444444446,9.982500000000002,3.5291170713152513,1.2489553591740925,2.0568742080121343,97,40.20618556701031,0.7450684440193676,-0.8793298969072166,-8.5295,9.648949515502913,-1.4078196839607646,-1.857016944994566,OVERFITTING
VWAP_inv,vwap_favor,20.0,20.0,1,0,0,,,,,,,,0,,,,,,,,SIN DATOS OOS
VWAP_inv,vwap_favor,20.0,20.0,2,0,0,,,,,,,,0,,,,,,,,SIN DATOS OOS
VWAP_inv,vwap_favor,20.0,40.0,1,0,0,,,,,,,,0,,,,,,,,SIN DATOS OOS
VWAP_inv,vwap_favor,20.0,40.0,2,0,0,,,,,,,,0,,,,,,,,SIN DATOS OOS
VWAP_inv,vwap_favor,20.0,80.0,1,0,0,,,,,,,,0,,,,,,,,SIN DATOS OOS
VWAP_inv,vwap_favor,20.0,80.0,2,0,0,,,,,,,,0,,,,,,,,SIN DATOS OOS
VWAP_inv,vwap_favor,40.0,20.0,1,0,0,,,,,,,,0,,,,,,,,SIN DATOS OOS
VWAP_inv,vwap_favor,40.0,20.0,2,0,0,,,,,,,,0,,,,,,,,SIN DATOS OOS
VWAP_inv,vwap_favor,40.0,40.0,1,0,0,,,,,,,,0,,,,,,,,SIN DATOS OOS
VWAP_inv,vwap_favor,40.0,40.0,2,0,0,,,,,,,,0,,,,,,,,SIN DATOS OOS
VWAP_inv,vwap_favor,40.0,80.0,1,0,0,,,,,,,,0,,,,,,,,SIN DATOS OOS
VWAP_inv,vwap_favor,40.0,80.0,2,0,0,,,,,,,,0,,,,,,,,SIN DATOS OOS
VWAP_inv,vwap_favor,60.0,20.0,1,0,0,,,,,,,,0,,,,,,,,SIN DATOS OOS
VWAP_inv,vwap_favor,60.0,20.0,2,0,0,,,,,,,,0,,,,,,,,SIN DATOS OOS
VWAP_inv,vwap_favor,60.0,40.0,1,0,0,,,,,,,,0,,,,,,,,SIN DATOS OOS
VWAP_inv,vwap_favor,60.0,40.0,2,0,0,,,,,,,,0,,,,,,,,SIN DATOS OOS
VWAP_inv,vwap_favor,60.0,80.0,1,0,0,,,,,,,,0,,,,,,,,SIN DATOS OOS
VWAP_inv,vwap_favor,60.0,80.0,2,0,0,,,,,,,,0,,,,,,,,SIN DATOS OOS
VWAP_inv,vwap_contra,20.0,20.0,1,746,227,24.669603524229075,0.3432332468735038,-2.7495814977973576,-62.41550000000002,62.415500000000215,-7.014136552643575,-7.386888594624447,156,23.076923076923077,0.31316820506009696,-3.315064102564103,-51.71500000000001,51.71500000000003,-7.934439553687497,-8.03117088633674,SIN EDGE IS
VWAP_inv,vwap_contra,20.0,20.0,2,746,294,26.53061224489796,0.37194914424515924,-2.2909863945578235,-67.355,67.35499999999996,-7.273131852385428,-7.362231019694978,197,25.380710659898476,0.35795770807212457,-2.898299492385787,-57.096500000000006,57.09650000000019,-7.733623189678056,-7.705154123866309,SIN EDGE IS
VWAP_inv,vwap_contra,20.0,40.0,1,746,227,20.26431718061674,0.5149669119920831,-2.418392070484582,-54.89750000000001,55.404550263504014,-4.241783697501112,-5.732850869889864,156,20.51282051282051,0.528636849420507,-2.728301282051283,-42.56150000000002,43.089064373259895,-4.123405672444634,-5.647125462425786,SIN EDGE IS
VWAP_inv,vwap_contra,20.0,40.0,2,746,289,21.79930795847751,0.5551002899236728,-2.0814532871972324,-60.15400000000002,60.601955762975166,-4.155416260774087,-5.356278126677135,196,22.95918367346939,0.5815530945366006,-2.2535714285714294,-44.170000000000016,44.169999999999995,-3.9044793249166476,-5.014473956367263,SIN EDGE IS
VWAP_inv,vwap_contra,20.0,80.0,1,746,227,17.62114537444934,0.7808703765493887,-1.562268722466961,-35.46350000000001,44.32693095699206,-1.4096781997511414,-2.781380869511124,156,18.58974358974359,0.827808722799894,-1.29400641025641,-20.186499999999995,31.286185952209777,-0.9979951377808302,-2.0326269565974737,SIN EDGE IS
VWAP_inv,vwap_contra,20.0,80.0,2,746,285,18.947368421052634,0.7839938002134438,-1.4523157894736847,-41.39100000000001,47.95330725478099,-1.5988281371749038,-2.756546263288811,192,21.354166666666664,0.9035670662277707,-0.7278124999999999,-13.973999999999997,34.3513431013431,-0.547599214489138,-1.0441967240997443,SIN EDGE IS
VWAP_inv,vwap_contra,40.0,20.0,1,746,227,47.57709251101321,0.4853367022484672,-1.5972246696035242,-36.257,36.92121955805384,-4.448977143299059,-4.768925020506098,156,41.66666666666667,0.3501710949126517,-2.1972756410256413,-34.2775,34.277500000000074,-6.266623129556754,-6.301374444671596,SIN EDGE IS
VWAP_inv,vwap_contra,40.0,20.0,2,746,288,47.22222222222222,0.49810932400247,-1.4816666666666667,-42.672000000000004,43.30864392868114,-4.770258122561376,-5.093500586230374,196,41.83673469387755,0.361950906979538,-2.0323979591836734,-39.835,39.835000000000136,-7.007164391115241,-6.868213787557779,SIN EDGE IS
VWAP_inv,vwap_contra,40.0,40.0,1,746,227,39.647577092511014,0.6638616933838044,-1.3241850220264313,-30.05899999999999,31.325360355052812,-2.6817840804216417,-3.3826198193930663,156,37.17948717948718,0.6066236780236313,-1.667852564102564,-26.0185,26.508687057327574,-3.1375325616019554,-3.9097078534915366,SIN EDGE IS
VWAP_inv,vwap_contra,40.0,40.0,2,746,278,39.568345323741006,0.6732142424315879,-1.212428057553957,-33.70550000000001,34.728950063012086,-2.8054290649065465,-3.4923885716060545,192,37.5,0.631137952956135,-1.5109895833333333,-29.011000000000003,29.01099999999998,-3.3481026780904117,-4.00612027435227,SIN EDGE IS
VWAP_inv,vwap_contra,40.0,80.0,1,746,227,33.480176211453745,0.8482204304272836,-0.7869603524229076,-17.864000000000004,27.75251347999329,-1.0236353578656174,-1.6395585197071336,156,32.69230769230769,0.8733292682926829,-0.6658333333333335,-10.387000000000004,14.591235338740733,-0.7497432085931849,-1.229633900588143,SIN EDGE IS
VWAP_inv,vwap_contra,40.0,80.0,2,746,268,34.701492537313435,0.8541354493448977,-0.7373507462686568,-19.761,31.857054292532506,-1.0640289439607586,-1.6094428876048779,186,33.33333333333333,0.8714516145603237,-0.6726881720430111,-12.512000000000006,15.48849519908811,-0.8741601744681267,-1.3222711536927412,SIN EDGE IS
VWAP_inv,vwap_contra,60.0,20.0,1,746,227,62.55506607929515,0.5731039794608472,-0.9156167400881057,-20.7845,21.892840591999477,-3.0510625234550424,-3.269878880584397,156,54.48717948717948,0.39213729794452196,-1.6596794871794869,-25.891,26.428567864146924,-5.287593251497694,-5.328833947974476,SIN EDGE IS
VWAP_inv,vwap_contra,60.0,20.0,2,746,287,62.02090592334495,0.5814151463052298,-0.8737630662020907,-25.076999999999998,26.584945225076872,-3.3203282316702305,-3.5797842170514325,195,54.35897435897436,0.3914747258323702,-1.6603846153846156,-32.377500000000005,32.90234688836441,-5.970158547501293,-5.933508618029078,SIN EDGE IS
VWAP_inv,vwap_contra,60.0,40.0,1,746,227,52.42290748898678,0.7636437137852042,-0.6181497797356826,-14.031999999999996,14.30323027617587,-1.6486685018751601,-2.017329605000813,156,48.07692307692308,0.6246087087929879,-1.1146474358974359,-17.388499999999997,18.019341169699135,-2.956251843105219,-3.4512886115085917,SIN EDGE IS
VWAP_inv,vwap_contra,60.0,40.0,2,746,274,54.379562043795616,0.8152017608217169,-0.4596350364963505,-12.594000000000005,14.556216488345116,-1.3237749641045378,-1.6705184761579834,190,48.94736842105264,0.6286867820712078,-1.0939473684210526,-20.784999999999997,20.889030924334463,-3.3026112849031146,-3.837753026799648,SIN EDGE IS
VWAP_inv,vwap_contra,60.0,80.0,1,746,227,45.37444933920705,0.9936911601046721,-0.018480176211453557,-0.41949999999999577,8.919163648337172,-0.0013615723935617614,-0.00206842438798049,156,41.66666666666667,0.8564573234367533,-0.471698717948718,-7.358500000000001,8.480423699450562,-0.9181410358774114,-1.3296026563480112,SIN EDGE IS
VWAP_inv,vwap_contra,60.0,80.0,2,746,261,47.509578544061306,1.0308623442553602,0.08664750957854404,2.2615,8.86434122344214,0.23852345478840664,0.3620444333851109,183,42.62295081967213,0.8591500942013818,-0.4595901639344263,-8.4105,10.36219375845902,-0.9890781988459887,-1.3929394845970882,OVERFITTING
VWAP_inv,rsi_extremo,20.0,20.0,1,221,97,31.958762886597935,0.4656262442823708,-2.836340206185568,-27.512500000000014,30.642897451851397,-3.1936022106147512,-3.7561244960938773,65,20.0,0.22323056194023924,-4.523307692307693,-29.401500000000002,29.40150000000001,-5.4880784313988125,-5.722956173714679,SIN EDGE IS
VWAP_inv,rsi_extremo,20.0,20.0,2,221,108,33.33333333333333,0.49164349164349147,-2.6150000000000015,-28.24200000000002,30.509351703127958,-3.055201173651686,-3.687135020686967,68,20.588235294117645,0.22895716710149683,-4.476470588235296,-30.440000000000015,30.440000000000012,-5.325239349346973,-5.600465046633612,SIN EDGE IS
VWAP_inv,rsi_extremo,20.0,40.0,1,221,97,26.804123711340207,0.7076244340395286,-1.9505670103092787,-18.920500000000004,24.72076505269019,-1.405410744416946,-2.158598538610768,65,16.923076923076923,0.3768825580532679,-3.876461538461539,-25.197000000000003,25.775999999999954,-3.5334199629929626,-4.58085093159715,SIN EDGE IS
VWAP_inv,rsi_extremo,20.0,40.0,2,221,107,28.037383177570092,0.757030557617068,-1.575747663551402,-16.860500000000002,22.7058686809994,-1.1120529322294255,-1.8001492958798198,68,17.647058823529413,0.4019445074830094,-3.6816911764705886,-25.0355,25.61449999999995,-3.1814338442618433,-4.35153414046086,SIN EDGE IS
VWAP_inv,rsi_extremo,20.0,80.0,1,221,97,22.68041237113402,0.9393724995819241,-0.4858762886597929,-4.712999999999991,23.765520993343582,-0.16504394515323192,-0.35579424027963086,65,16.923076923076923,0.5775187114130996,-2.826692307692308,-18.3735,18.77549999999999,-1.6868606824950043,-3.0318382810256894,SIN EDGE IS
VWAP_inv,rsi_extremo,20.0,80.0,2,221,104,23.076923076923077,0.9394778869778873,-0.4737019230769221,-4.92649999999999,22.39056345788861,-0.1699620028202452,-0.3571823766198111,68,17.647058823529413,0.6272953953565689,-2.472867647058824,-16.815500000000004,18.77549999999999,-1.3183317434330974,-2.596630900264392,SIN EDGE IS
VWAP_inv,rsi_extremo,40.0,20.0,1,221,97,51.546391752577314,0.5375608688515622,-1.7426804123711341,-16.904000000000003,19.00392536855946,-2.3968692119005492,-2.663017315718584,65,38.46153846153847,0.2735142842593065,-3.292153846153846,-21.398999999999997,21.791999999999973,-4.557309289103053,-4.656105354239022,SIN EDGE IS
VWAP_inv,rsi_extremo,40.0,20.0,2,221,108,52.77777777777778,0.5664113533314548,-1.567222222222222,-16.926,19.731244976770597,-2.293645866861928,-2.599470816553277,68,38.23529411764706,0.27553316376442966,-3.2671323529411764,-22.2165,22.60949999999997,-4.60861556937324,-4.73016097265881,SIN EDGE IS
VWAP_inv,rsi_extremo,40.0,40.0,1,221,97,45.36082474226804,0.8247206363148393,-0.7406185567010313,-7.184000000000003,13.37470936773418,-0.7956703552868534,-1.0700417144518701,65,32.30769230769231,0.46256356303699814,-2.829230769230769,-18.39,19.975999999999978,-2.955179707992348,-3.5362489065780642,SIN EDGE IS
VWAP_inv,rsi_extremo,40.0,40.0,2,221,107,45.794392523364486,0.8374062697623995,-0.6728037383177571,-7.199000000000002,12.75074609950512,-0.7573030696613914,-1.0434891556249029,68,32.35294117647059,0.44172806430006706,-2.941764705882353,-20.004,20.79699999999997,-3.1728514649532453,-3.744018608210916,SIN EDGE IS
VWAP_inv,rsi_extremo,40.0,80.0,1,221,97,37.11340206185567,0.882192993550019,-0.5761855670103095,-5.589000000000003,17.22397865276395,-0.46778461956038614,-0.7614126857437277,65,27.692307692307693,0.528098474303338,-2.66,-17.29,18.895999999999983,-2.251654135491319,-3.1680196460539913,SIN EDGE IS
VWAP_inv,rsi_extremo,40.0,80.0,2,221,102,38.23529411764706,0.9083231562170107,-0.43421568627450985,-4.429,16.218643515624308,-0.3514566965025832,-0.5771823505533286,67,28.35820895522388,0.5592586658121027,-2.4632835820895527,-16.504,18.109999999999978,-1.975115888636092,-2.9166227938899913,SIN EDGE IS
VWAP_inv,rsi_extremo,60.0,20.0,1,221,97,57.73195876288659,0.47629147098924407,-1.2473711340206184,-12.099499999999999,13.52649588733118,-2.6191227704282305,-2.7815825230935585,65,47.69230769230769,0.29687119255324346,-2.2196153846153845,-14.427500000000002,14.987549465300667,-4.1672439410774995,-4.231481571618561,SIN EDGE IS
VWAP_inv,rsi_extremo,60.0,20.0,2,221,108,58.333333333333336,0.49045900982160767,-1.176898148148148,-12.7105,14.508001932691064,-2.621793629675199,-2.809107734773195,68,47.05882352941176,0.28942281137807235,-2.2702941176470586,-15.437999999999999,15.996067726916593,-4.256790723753875,-4.30701438753314,SIN EDGE IS
VWAP_inv,rsi_extremo,60.0,40.0,1,221,97,49.48453608247423,0.7061767065204935,-0.7929896907216496,-7.692000000000002,10.662857752579015,-1.3996536876158827,-1.6946913612459824,65,40.0,0.4241297504448196,-1.9419230769230769,-12.6225,13.529209090046578,-3.222455859015573,-3.5767938030661597,SIN EDGE IS
VWAP_inv,rsi_extremo,60.0,40.0,2,221,107,50.467289719626166,0.7323566674399097,-0.7008878504672895,-7.499499999999998,10.658122098904665,-1.2952947294870962,-1.6089537417659514,68,39.705882352941174,0.4191386318429473,-1.975441176470588,-13.432999999999998,14.338644682242844,-3.2980374770484815,-3.6529946067400263,SIN EDGE IS
VWAP_inv,rsi_extremo,60.0,80.0,1,221,97,41.23711340206185,0.7996318957369546,-0.6228865979381444,-6.042,12.039256712062718,-0.8731533784386782,-1.2469560621026672,65,33.84615384615385,0.44868961814088926,-2.0534615384615384,-13.347499999999998,14.26324383435781,-2.9237805522077975,-3.5817589186974206,SIN EDGE IS
VWAP_inv,rsi_extremo,60.0,80.0,2,221,102,42.15686274509804,0.8161031537237324,-0.5550980392156863,-5.662000000000001,11.835752185865275,-0.7983347731142334,-1.142790819944308,67,34.32835820895522,0.46987587652131857,-1.9633582089552242,-13.154500000000002,14.070497296055684,-2.6912119743467904,-3.3954343770706426,SIN EDGE IS
VWAP_inv,bb_extremo,20.0,20.0,1,199,94,27.659574468085108,0.37934362934362925,-3.3860106382978743,-31.82850000000002,32.99011633336122,-3.906615834930776,-4.414351819768132,60,18.333333333333332,0.1995937023869984,-4.8593333333333355,-29.15600000000001,29.156000000000006,-5.579731851500245,-5.744354889197751,SIN EDGE IS
VWAP_inv,bb_extremo,20.0,20.0,2,199,104,30.76923076923077,0.4323590890755069,-2.9767307692307696,-30.958000000000002,31.824173870969364,-3.511184429513169,-4.144556732664217,63,19.047619047619047,0.2180391535230244,-4.698095238095241,-29.59800000000002,29.598000000000003,-5.233042540043137,-5.528440059424556,SIN EDGE IS
VWAP_inv,bb_extremo,20.0,40.0,1,199,94,25.53191489361702,0.6417341788963409,-2.295797872340426,-21.5805,26.776945797979383,-1.7414301340526819,-2.5823494993002165,60,15.0,0.32630862468421523,-4.289000000000001,-25.734,25.733999999999966,-3.8910312946514036,-4.856707331421088,SIN EDGE IS
VWAP_inv,bb_extremo,20.0,40.0,2,199,103,28.155339805825243,0.7192527003847758,-1.7638834951456306,-18.167999999999996,26.33462612690583,-1.2644220766722745,-2.022510687802195,63,15.873015873015872,0.35279273850325776,-4.091428571428572,-25.776,25.775999999999954,-3.480858429475274,-4.614853979390349,SIN EDGE IS
VWAP_inv,bb_extremo,20.0,80.0,1,199,94,20.212765957446805,0.8643036553900065,-1.0546276595744675,-9.913499999999994,26.593330481370586,-0.4705585647295076,-0.9832883292999258,60,15.0,0.5336256775686704,-3.1905833333333335,-19.1435,19.14349999999997,-1.872389513879979,-3.266291510975536,SIN EDGE IS
VWAP_inv,bb_extremo,20.0,80.0,2,199,100,22.0,0.888779688779689,-0.8487499999999996,-8.487499999999995,25.638587894965664,-0.3734479658695288,-0.7787663795428004,63,15.873015873015872,0.587925156120022,-2.7913492063492056,-17.585499999999996,18.77549999999999,-1.4502251865767117,-2.7978104653696207,SIN EDGE IS
VWAP_inv,bb_extremo,40.0,20.0,1,199,94,48.93617021276596,0.4613578556055567,-2.1965425531914895,-20.6475,21.34959608737658,-2.902860811793189,-3.1598630729315715,60,36.666666666666664,0.28018536436319197,-3.5337499999999995,-21.202499999999997,21.202499999999976,-4.4111901074424535,-4.5418645070048855,SIN EDGE IS
VWAP_inv,bb_extremo,40.0,20.0,2,199,103,50.48543689320388,0.4959665445907157,-1.9775728155339805,-20.369,21.652807577839926,-2.7173090730395093,-3.020965821055672,63,36.507936507936506,0.2819409117589514,-3.4952380952380953,-22.02,22.01999999999997,-4.524782944922026,-4.6646413021244335,SIN EDGE IS
VWAP_inv,bb_extremo,40.0,40.0,1,199,94,44.680851063829785,0.7843047600712326,-0.9535106382978723,-8.963000000000001,12.656746203072068,-0.9833810106835927,-1.309143918527184,60,31.666666666666664,0.44022007912957467,-3.0183333333333326,-18.109999999999996,18.109999999999978,-3.086933438271841,-3.634691809049279,SIN EDGE IS
VWAP_inv,bb_extremo,40.0,40.0,2,199,102,45.09803921568628,0.8121125417262756,-0.811176470588235,-8.273999999999997,12.642966346060813,-0.8529572687013859,-1.1693134186484224,63,31.746031746031743,0.44264853088382505,-3.004920634920634,-18.930999999999994,18.930999999999973,-3.1097057269218253,-3.6694874790067096,SIN EDGE IS
VWAP_inv,bb_extremo,40.0,80.0,1,199,94,35.1063829787234,0.8630025805377507,-0.7003191489361703,-6.583000000000001,14.886657677029035,-0.5422417767707929,-0.8806510935157883,60,26.666666666666668,0.5473499554251862,-2.623333333333333,-15.739999999999998,15.739999999999988,-2.1468271293593872,-3.0189482386485764,SIN EDGE IS
VWAP_inv,bb_extremo,40.0,80.0,2,199,98,35.714285714285715,0.8870423744404242,-0.5638775510204085,-5.5260000000000025,13.978475042339689,-0.43607307771810055,-0.7128421182494512,62,27.419354838709676,0.579707700955593,-2.411935483870967,-14.953999999999995,14.953999999999985,-1.870862946191788,-2.761347238999561,SIN EDGE IS
VWAP_inv,bb_extremo,60.0,20.0,1,199,94,59.57446808510638,0.4840007917133998,-1.2480319148936168,-11.731499999999997,12.627329717475916,-2.5131938093388544,-2.677199486731634,60,45.0,0.2664005422911803,-2.435,-14.610000000000001,14.77746228660681,-4.336545790129883,-4.36774725586926,SIN EDGE IS
VWAP_inv,bb_extremo,60.0,20.0,2,199,103,60.19417475728155,0.5081861221765701,-1.1447087378640775,-11.790499999999998,13.151131293423182,-2.4065504436487264,-2.5926998655046583,63,44.44444444444444,0.2604805302402652,-2.479444444444445,-15.620500000000002,15.785980548222739,-4.415153403995241,-4.4330859728187715,SIN EDGE IS
VWAP_inv,bb_extremo,60.0,40.0,1,199,94,52.12765957446809,0.7497935915077649,-0.6770212765957447,-6.364,7.345453463756109,-1.1283063514251466,-1.3837012538387454,60,38.333333333333336,0.3984048703367235,-2.1245833333333333,-12.7475,12.862086356441274,-3.368006832848676,-3.6971531674541835,SIN EDGE IS
VWAP_inv,bb_extremo,60.0,40.0,2,199,102,52.94117647058824,0.7893187867881378,-0.5509313725490196,-5.6194999999999995,8.07623978228453,-0.938615001552853,-1.1836354030385625,63,38.095238095238095,0.3946375549751077,-2.1520634920634922,-13.558,13.671521948637539,-3.438752806201453,-3.767702041737429,SIN EDGE IS
VWAP_inv,bb_extremo,60.0,80.0,1,199,94,41.48936170212766,0.8529821323714452,-0.4661170212765959,-4.381500000000002,7.724191174696612,-0.5993153049150782,-0.8756375413306928,60,31.666666666666664,0.4532813764320089,-2.1395833333333334,-12.837499999999999,12.95196816186714,-2.888572427240836,-3.5309592689184366,SIN EDGE IS
VWAP_inv,bb_extremo,60.0,80.0,2,199,98,41.83673469387755,0.8668397016788776,-0.4135714285714287,-4.053000000000002,7.803972669266386,-0.5400816453878161,-0.7887212423078362,62,32.25806451612903,0.47499429093400325,-2.039435483870968,-12.6445,12.75922162356501,-2.6547488158639765,-3.341623420334915,SIN EDGE IS
