Estrategia,Filtro,SL,TP,MaxTrades,Senales,Total_Trades_IS,Win_Rate_IS,Profit_Factor_IS,Expectancy_IS,Retorno_Pct_IS,Max_DD_Pct_IS,Sharpe_Ratio_IS,Sortino_Ratio_IS,Total_Trades_OOS,Win_Rate_OOS,Profit_Factor_OOS,Expectancy_OOS,Retorno_Pct_OOS,Max_DD_Pct_OOS,Sharpe_Ratio_OOS,Sortino_Ratio_OOS,Veredicto
PDH_PDL,sin_filtro,20.0,20.0,1,2678,28,50.0,0.9486615802405276,-0.21267857142857158,-0.5955000000000005,4.329499999999996,-0.3372675691318269,-0.4750627460362505,18,38.88888888888889,0.6297404123491079,-1.9255555555555561,-3.466000000000001,6.813122149757272,-3.3307031235218902,-4.273351559727082,SIN EDGE IS
PDH_PDL,sin_filtro,20.0,20.0,2,2678,54,46.2962962962963,0.8253008253008255,-0.7702777777777782,-4.159500000000002,8.483500000000003,-1.9158729738488705,-2.4940043234244653,36,44.44444444444444,0.774727158448089,-1.095138888888889,-3.942500000000001,6.351889987074083,-3.273548807946007,-3.9893884621457123,SIN EDGE IS
PDH_PDL,sin_filtro,20.0,40.0,1,2678,28,42.857142857142854,1.4342410592410588,2.2723214285714284,6.3625,3.459500000000003,2.712134382496893,5.284627812945351,18,38.88888888888889,1.2469778869778871,1.3961111111111106,2.5129999999999995,6.304044630404471,1.614100595267459,3.085027127383485,ROBUSTO (n<30)
PDH_PDL,sin_filtro,20.0,40.0,2,2678,54,35.18518518518518,1.0136961285609933,0.07638888888888816,0.4124999999999961,7.697500000000003,0.2667734395588635,0.403623733235027,36,36.11111111111111,1.1053439803439802,0.6193055555555548,2.2294999999999976,7.837473522048899,1.3005764654151422,1.9220070111778618,ROBUSTO
PDH_PDL,sin_filtro,20.0,80.0,1,2678,28,32.142857142857146,1.8470584987438918,5.479107142857143,15.3415,5.339001579011301,3.956671247502792,11.276611895357595,18,16.666666666666664,0.7828009828009828,-1.596111111111111,-2.873,7.045416296011347,-1.323582802292925,-2.767296394857601,OVERFITTING
PDH_PDL,sin_filtro,20.0,80.0,2,2678,54,29.629629629629626,1.630835380835381,4.279166666666667,23.1075,8.508641855264118,4.366791132479823,9.877708551112157,36,13.88888888888889,0.6421414312039314,-2.5893055555555557,-9.3215,15.858437717885229,-3.840101867578091,-5.269789523329995,OVERFITTING
PDH_PDL,sin_filtro,40.0,20.0,1,2678,28,67.85714285714286,1.0280875671210246,0.0728571428571428,0.20399999999999985,2.484000000000003,0.24485305709588945,0.30600324715654453,18,66.66666666666666,0.9739776951672863,-0.07000000000000009,-0.12600000000000017,3.5581000019539335,-0.14158675685815672,-0.1767082038514653,OVERFITTING
PDH_PDL,sin_filtro,40.0,20.0,2,2678,54,66.66666666666666,0.9739776951672864,-0.07000000000000016,-0.37800000000000084,5.382000000000005,-0.23291169548585655,-0.32397663864343573,36,66.66666666666666,0.9739776951672866,-0.07000000000000015,-0.25200000000000056,4.71811120986128,-0.2013267320068654,-0.27462964016770547,SIN EDGE IS
PDH_PDL,sin_filtro,40.0,40.0,1,2678,28,57.14285714285714,1.3102023957042548,1.0728571428571425,3.003999999999999,3.284000000000003,2.1302747951767294,3.2551629301647313,18,55.55555555555556,1.2283147459727386,0.8188888888888886,1.4739999999999995,3.155895010274111,1.5837401906731763,2.4144321975008696,ROBUSTO (n<30)
PDH_PDL,sin_filtro,40.0,40.0,2,2678,54,51.85185185185185,1.0582403965303595,0.22629629629629602,1.2219999999999984,4.8489421482680255,0.7140225486420648,1.0475603319866156,36,50.0,0.9826517967781909,-0.07000000000000028,-0.252000000000001,6.313503451485314,-0.11417560120758577,-0.165539405603225,OVERFITTING
PDH_PDL,sin_filtro,40.0,80.0,1,2678,28,39.285714285714285,1.2772796851082442,1.3585714285714283,3.803999999999999,4.730455851032657,1.866696207503644,3.563419263075163,18,27.77777777777778,0.7592221904489566,-1.4033333333333335,-2.5260000000000007,4.791021596225784,-1.8662589148570874,-3.0167986377151403,OVERFITTING
PDH_PDL,sin_filtro,40.0,80.0,2,2678,54,38.88888888888889,1.256167624197364,1.2633333333333328,6.821999999999997,7.825606314789139,2.724973241346173,4.339755189517285,36,33.33333333333333,0.9869888475836432,-0.07000000000000028,-0.252000000000001,4.066812619727121,-0.04789944331937453,-0.0682422564560958,OVERFITTING
PDH_PDL,sin_filtro,60.0,20.0,1,2678,28,78.57142857142857,1.193869096934549,0.2507142857142857,0.702,1.8036641130116875,1.2135029525172654,1.4532178249486378,18,66.66666666666666,0.6512013256006628,-0.7016666666666668,-1.2630000000000003,2.7881279712193168,-2.711182153018301,-3.0177800896969003,OVERFITTING
PDH_PDL,sin_filtro,60.0,20.0,2,2678,54,74.07407407407408,0.9302876080009471,-0.10907407407407418,-0.5890000000000005,4.445529070751944,-0.6171440130901088,-0.7680050593171518,36,72.22222222222221,0.8465617232808619,-0.25722222222222224,-0.926,3.4003204439320873,-1.3538982139455975,-1.6372819371269214,SIN EDGE IS
PDH_PDL,sin_filtro,60.0,40.0,1,2678,28,64.28571428571429,1.1826014913007459,0.3935714285714284,1.1019999999999996,2.026963091342828,1.309420409775889,1.7741881651359976,18,55.55555555555556,0.8212510356255179,-0.47944444444444456,-0.8630000000000002,2.7838481680546505,-1.3886773525645928,-1.7631035885686694,OVERFITTING
PDH_PDL,sin_filtro,60.0,40.0,2,2678,54,59.25925925925925,0.9556375687278754,-0.10907407407407421,-0.5890000000000009,4.4313593205877355,-0.40872444462225466,-0.5557936753291682,36,58.333333333333336,0.9198011599005803,-0.2016666666666668,-0.7260000000000005,4.128145740477623,-0.8209091874080418,-1.1312280607738536,SIN EDGE IS
PDH_PDL,sin_filtro,60.0,80.0,1,2678,28,53.57142857142857,1.5228474921929775,1.4649999999999999,4.101999999999999,3.550731032859699,3.2804219320234083,5.67642099353793,18,27.77777777777778,0.5076158307309925,-2.146111111111111,-3.8629999999999995,4.804954970566245,-5.002981572609562,-6.308462354557376,OVERFITTING
PDH_PDL,sin_filtro,60.0,80.0,2,2678,54,50.0,1.3198011599005801,0.965,5.210999999999999,5.9305336497594885,2.818609020906533,4.619687726358616,36,33.33333333333333,0.6599005799502901,-1.3683333333333332,-4.925999999999999,7.2007913931077905,-4.295248663879504,-5.125618840842612,OVERFITTING
PDH_PDL,atr_alto,20.0,20.0,1,1173,28,39.285714285714285,0.6157461809635723,-1.9269642857142861,-5.395500000000001,6.967499999999996,-3.6823654824114316,-4.622095068598259,16,43.75,0.7623173412647096,-1.1487500000000006,-1.8380000000000012,5.18903545334183,-1.812675700323744,-2.451182033878216,SIN EDGE IS
PDH_PDL,atr_alto,20.0,20.0,2,1173,52,38.46153846153847,0.59882292440432,-2.025288461538462,-10.531500000000001,11.2615,-5.23845311198146,-5.873353545209035,32,50.0,0.914103194103194,-0.4096875000000004,-1.3110000000000015,3.7652297424152383,-0.937698153526329,-1.2778910700596013,SIN EDGE IS
PDH_PDL,atr_alto,20.0,40.0,1,1173,28,35.714285714285715,0.9742014742014741,-0.1500000000000005,-0.42000000000000137,3.484617030487288,-0.09958420355065098,-0.16771164105533293,16,43.75,1.4952859836580765,2.7087499999999998,4.334,5.4806906170345915,2.7243300318422534,5.477290248620432,SIN EDGE IS
PDH_PDL,atr_alto,20.0,40.0,2,1173,52,30.76923076923077,0.8599847496399222,-0.7945192307692313,-4.131500000000003,6.883500000000003,-1.4717788486971108,-1.9814170083636606,32,40.625,1.313054160880247,1.831562499999999,5.860999999999997,6.26997881763912,2.882072494287669,4.9827134017067145,SIN EDGE IS
PDH_PDL,atr_alto,20.0,80.0,1,1173,28,32.142857142857146,1.829371861980557,5.545535714285714,15.5275,3.8440650752048398,3.935138468690432,11.182566883655067,16,18.75,0.8624078624078625,-1.0325000000000002,-1.6520000000000004,6.262592263121198,-0.7130880400519707,-1.5255033991433193,OVERFITTING
PDH_PDL,atr_alto,20.0,80.0,2,1173,52,28.846153846153843,1.5483975483975485,3.905961538461538,20.311,5.901499999999999,4.19165756035309,8.735904299613114,32,15.625,0.7338759213759215,-1.89546875,-6.0655,12.727141586324626,-2.5128600325477417,-3.6431061954125417,OVERFITTING
PDH_PDL,atr_alto,40.0,20.0,1,1173,28,67.85714285714286,1.0280875671210246,0.07285714285714273,0.20399999999999968,2.919000000000006,0.2444372724613564,0.30547808004914484,16,68.75,1.071375464684015,0.17999999999999994,0.28799999999999987,2.394939440003919,0.4889236337752748,0.61982411081857,ROBUSTO (n<30)
PDH_PDL,atr_alto,40.0,20.0,2,1173,52,63.46153846153846,0.8458227352768539,-0.45461538461538475,-2.3640000000000008,5.382000000000005,-1.6419787862508777,-2.0958378397573196,32,68.75,1.0713754646840155,0.17999999999999994,0.5759999999999997,3.5860994840844853,0.6573550055547703,0.906743657459073,SIN EDGE IS
PDH_PDL,atr_alto,40.0,40.0,1,1173,28,53.57142857142857,1.1338289962825288,0.5014285714285711,1.4039999999999992,2.421000000000004,1.0308318587709207,1.5283225447266493,16,56.25,1.263409453000531,0.9299999999999997,1.4879999999999995,3.1287558639941047,1.687660829184589,2.59122498976713,ROBUSTO (n<30)
PDH_PDL,atr_alto,40.0,40.0,2,1173,52,50.0,0.9826517967781909,-0.07000000000000028,-0.3640000000000015,4.1330000000000044,-0.08836132399885892,-0.1250360441715877,32,53.125,1.1136720363486168,0.4299999999999997,1.375999999999999,5.476809121228574,1.0735253377121525,1.6460851571518214,SIN EDGE IS
PDH_PDL,atr_alto,40.0,80.0,1,1173,28,42.857142857142854,1.4804832713754648,2.2157142857142853,6.203999999999999,2.421000000000004,2.9722379967831145,5.929106003090021,16,31.25,0.897262588712403,-0.5700000000000003,-0.9120000000000005,3.9412379491887894,-0.6366482868673239,-1.0940296011282151,OVERFITTING
PDH_PDL,atr_alto,40.0,80.0,2,1173,51,41.17647058823529,1.3817843866171007,1.8123529411764707,9.243000000000002,4.679110940055806,4.082918550780915,6.517456281667198,32,31.25,0.897262588712403,-0.5700000000000003,-1.824000000000001,6.396109968206462,-1.2698310667289219,-1.5398081390583702,OVERFITTING
PDH_PDL,atr_alto,60.0,20.0,1,1173,28,82.14285714285714,1.4977630488815252,0.5364285714285714,1.502,1.6218531764612094,2.729531427219227,3.3395720430405667,16,68.75,0.7163214581607291,-0.535,-0.856,2.001336865298446,-1.9751449267413659,-2.23362521070309,OVERFITTING
PDH_PDL,atr_alto,60.0,20.0,2,1173,52,73.07692307692307,0.8837732276008999,-0.1888461538461539,-0.9820000000000004,4.068012710049498,-1.0530898633265167,-1.2887525722415485,32,75.0,0.9768019884009943,-0.03500000000000003,-0.1120000000000001,2.4086696415436615,-0.13375792654931382,-0.16457213906087265,SIN EDGE IS
PDH_PDL,atr_alto,60.0,40.0,1,1173,28,67.85714285714286,1.3870017490564304,0.7507142857142856,2.102,1.425846518553939,2.5199097920237965,3.5051981043797373,16,56.25,0.844715350929104,-0.41000000000000014,-0.6560000000000002,2.37631169649361,-1.1155928464514768,-1.425669802022515,OVERFITTING
PDH_PDL,atr_alto,60.0,40.0,2,1173,52,61.53846153846154,1.051201325600663,0.1188461538461537,0.6179999999999993,3.2338555256813386,0.5267381224843478,0.7303506896444873,32,59.375,0.9602319801159903,-0.09750000000000014,-0.3120000000000005,3.3756802255020952,-0.3234024252632739,-0.44800841223837246,OVERFITTING
PDH_PDL,atr_alto,60.0,80.0,1,1173,28,60.71428571428571,2.0396927016645328,2.4650000000000003,6.902000000000001,1.3942175938613324,5.594179948148012,10.279913194128781,16,31.25,0.5999096181366274,-1.6600000000000001,-2.6560000000000006,3.6097812148787676,-3.489202453256213,-4.682518951131745,OVERFITTING
PDH_PDL,atr_alto,60.0,80.0,2,1173,50,54.0,1.5493317964050288,1.525,7.625,2.936711078237677,4.806262348035453,8.290160554397934,32,31.25,0.5999096181366274,-1.6600000000000001,-5.312000000000001,7.58073883043123,-5.4102134970037286,-5.909004416221494,OVERFITTING
PDH_PDL,atr_bajo,20.0,20.0,1,1505,23,47.82608695652174,0.8497297297297298,-0.6647826086956524,-1.5290000000000006,3.474072708979793,-1.0823540123467292,-1.4739638367740837,16,43.75,0.7307258118068929,-1.2671875000000001,-2.0275000000000003,5.957500000000005,-2.07352525356046,-2.7514799135322194,SIN EDGE IS
PDH_PDL,atr_bajo,20.0,20.0,2,1505,44,40.909090909090914,0.6621270621270622,-1.640795454545455,-7.219500000000003,8.791499999999996,-3.546300512282432,-4.274319705410084,32,50.0,0.9372019077901431,-0.2715625000000005,-0.8690000000000015,7.682226229540498,-0.4625165456723427,-0.6496674241974819,SIN EDGE IS
PDH_PDL,atr_bajo,20.0,40.0,1,1505,23,30.434782608695656,0.8393120393120392,-0.9241304347826093,-2.1255000000000015,4.357500000000004,-1.0738987552002037,-1.7771205144417563,16,43.75,1.4125921375921375,2.0990624999999996,3.3585,6.036366512750039,2.308773674521395,4.4292021310819125,SIN EDGE IS
PDH_PDL,atr_bajo,20.0,40.0,2,1505,44,25.0,0.6445844340581185,-2.1862500000000007,-9.619500000000002,9.619500000000004,-4.6310868199388775,-5.130189355745477,32,37.5,1.1365683865683867,0.7295312499999995,2.3344999999999985,10.044571242417213,1.3068623748862205,2.1070256355223327,SIN EDGE IS
PDH_PDL,atr_bajo,20.0,80.0,1,1505,23,17.391304347826086,0.7064827064827066,-2.0256521739130435,-4.659000000000001,5.157500000000004,-1.9077213093289362,-3.655098844054195,16,31.25,1.6774306774306773,4.221875,6.755,7.768049839236165,2.953205668404204,7.9850071255918165,SIN EDGE IS
PDH_PDL,atr_bajo,20.0,80.0,2,1505,44,13.636363636363635,0.5648215059979768,-3.0794318181818183,-13.5495,13.5495,-4.69833363128565,-6.03007040180901,29,27.586206896551722,1.2838349713349708,1.912068965517241,5.544999999999998,10.338910750147376,2.264415566651565,4.1457435754208625,SIN EDGE IS
PDH_PDL,atr_bajo,40.0,20.0,1,1505,23,60.86956521739131,0.7575382073523338,-0.7656521739130437,-1.7610000000000008,3.249000000000001,-1.7891726706064397,-2.122825348904611,16,56.25,0.6261285183218269,-1.3200000000000003,-2.1120000000000005,4.076999999999998,-2.986275417546811,-3.4454916131205517,SIN EDGE IS
PDH_PDL,atr_bajo,40.0,20.0,2,1505,44,54.54545454545454,0.5843866171003719,-1.5245454545454542,-6.707999999999998,7.494000000000005,-4.321800906598337,-4.805219353487223,31,67.74193548387096,1.022676579925651,0.05903225806451599,0.18299999999999958,4.011234621622686,0.24962651462995117,0.337232414292758,SIN EDGE IS
PDH_PDL,atr_bajo,40.0,40.0,1,1505,23,47.82608695652174,0.975290697674419,-0.0960869565217394,-0.2210000000000006,4.076999999999998,-0.11506447810906566,-0.1649299368530825,16,50.0,0.9826517967781908,-0.07000000000000028,-0.11200000000000045,4.076999999999998,-0.06318416695166933,-0.09126076189540466,SIN EDGE IS
PDH_PDL,atr_bajo,40.0,40.0,2,1505,43,37.2093023255814,0.6027839802365909,-1.9444186046511627,-8.361,8.361000000000002,-4.623669362997695,-5.33723215934354,31,45.16129032258064,0.8092426561702751,-0.844193548387097,-2.617000000000001,8.139999999999997,-1.9787935436883286,-2.64572904609964,SIN EDGE IS
PDH_PDL,atr_bajo,40.0,80.0,1,1505,23,26.08695652173913,0.5657600739656369,-2.450434782608696,-5.636000000000001,6.476999999999998,-3.5729265645882133,-5.116043547077883,16,37.5,1.184386617100372,0.9299999999999997,1.4879999999999995,4.825074911197983,1.1636229425656335,2.188722978378279,SIN EDGE IS
PDH_PDL,atr_bajo,40.0,80.0,2,1505,41,21.951219512195124,0.46152926168075264,-3.294390243902439,-13.507,13.506999999999984,-7.4319083449519425,-7.340810255838555,28,35.714285714285715,1.0278121988159163,0.144285714285714,0.40399999999999925,4.97980892347089,0.3413284985080803,0.533118578968477,SIN EDGE IS
PDH_PDL,atr_bajo,60.0,20.0,1,1505,23,60.86956521739131,0.5064899199116266,-1.1654347826086957,-2.6805000000000003,3.073500000000001,-4.142268783246515,-4.405115056918367,16,68.75,0.7163214581607291,-0.5350000000000001,-0.8560000000000002,2.6040323060742567,-1.9689677130664731,-2.2272267562364805,SIN EDGE IS
PDH_PDL,atr_bajo,60.0,20.0,2,1505,44,70.45454545454545,0.7764323497546369,-0.3986363636363636,-1.754,2.8490000000000006,-1.875300455715489,-2.1842642778780443,29,72.41379310344827,0.8547017398508702,-0.24189655172413801,-0.7015000000000002,3.3918451696909004,-1.0448843946772706,-1.244548179664587,SIN EDGE IS
PDH_PDL,atr_bajo,60.0,40.0,1,1505,23,52.17391304347826,0.7840487764686499,-0.5697826086956523,-1.3105000000000004,2.638499999999999,-1.6067142546075126,-2.009764082506132,16,68.75,1.356752278376139,0.6728124999999998,1.0764999999999998,2.4530939302659776,2.0666357932265806,2.882111618934059,SIN EDGE IS
PDH_PDL,atr_bajo,60.0,40.0,2,1505,42,50.0,0.7061742006615217,-0.8248809523809525,-3.4645,4.466499999999996,-2.7443800739502957,-3.3176800178797303,29,62.06896551724138,1.034797017398509,0.07965517241379294,0.2309999999999995,3.513070674774517,0.34770017814530774,0.498568996350026,SIN EDGE IS
PDH_PDL,atr_bajo,60.0,80.0,1,1505,23,34.78260869565217,0.5721557804354493,-1.5165217391304349,-3.488,4.2509999999999994,-3.599273471448898,-4.688122759250479,16,62.5,2.015327257663629,2.2978125,3.6765,2.2103135066115853,4.789808992610224,8.994413909750858,SIN EDGE IS
PDH_PDL,atr_bajo,60.0,80.0,2,1505,40,40.0,0.7886896865405751,-0.6968750000000001,-2.7875000000000005,5.532999999999992,-2.022912287060822,-2.630592775500817,26,50.0,1.170989739341024,0.5159615384615382,1.3414999999999997,3.1089483644228215,1.5393492682912429,2.2862584821721708,SIN EDGE IS
PDH_PDL,vwap_favor,20.0,20.0,1,865,24,45.83333333333333,0.8046683046683046,-0.8943750000000005,-2.1465000000000014,4.65526205035527,-1.4955575959470324,-2.021918731325955,16,43.75,0.7634992286155077,-1.2934375000000014,-2.0695000000000023,5.772635427691716,-1.8425137482626348,-2.4854938709778103,SIN EDGE IS
PDH_PDL,vwap_favor,20.0,20.0,2,865,45,44.44444444444444,0.7540891540891543,-1.167666666666667,-5.254500000000002,7.138306541225274,-2.8580356748803335,-3.6204914894348654,32,34.375,0.5207740938078018,-2.7123437500000005,-8.6795,11.094182016433676,-6.441414552246653,-6.896504594528698,SIN EDGE IS
PDH_PDL,vwap_favor,20.0,40.0,1,865,24,29.166666666666668,0.8053398853398853,-1.2379166666666672,-2.971000000000001,6.49894363631948,-1.3999667150605153,-2.2933432423446583,16,31.25,0.8617936117936118,-0.9140625,-1.4625000000000001,4.722422320310566,-0.8986789550862385,-1.5056712076904382,SIN EDGE IS
PDH_PDL,vwap_favor,20.0,40.0,2,865,45,28.888888888888886,0.7849680943206125,-1.3516666666666675,-6.082500000000003,10.809142332098656,-2.1179597733197637,-2.949849771459245,32,25.0,0.6555374405841696,-2.3439062500000007,-7.500500000000003,10.642316163684848,-4.081268225149898,-5.012051893581483,SIN EDGE IS
PDH_PDL,vwap_favor,20.0,80.0,1,865,24,25.0,1.2753499157993538,2.0779166666666664,4.987,7.4209308305476895,1.5606896874225844,3.9224014539944565,16,25.0,1.3046683046683047,2.325,3.72,4.757006942658771,1.645368820808984,4.259638058306906,ROBUSTO (n<30)
PDH_PDL,vwap_favor,20.0,80.0,2,865,44,25.0,1.2486396044678252,1.874431818181819,8.247500000000004,10.575230296827023,1.8017407377400592,3.9432715315566815,32,15.625,0.7144612144612146,-2.2879687500000006,-7.321500000000001,13.271102376941787,-2.982621456209305,-4.170477591291712,OVERFITTING
PDH_PDL,vwap_favor,40.0,20.0,1,865,24,70.83333333333334,1.182687201274562,0.43,1.032,3.2571992071160274,1.159971719939976,1.4806024096717492,16,75.0,1.4609665427509295,0.9299999999999999,1.488,1.5854852942602544,2.5421533622417014,3.381814627831171,ROBUSTO (n<30)
PDH_PDL,vwap_favor,40.0,20.0,2,865,45,68.88888888888889,1.0783324482209249,0.19666666666666663,0.8849999999999999,4.086877145635312,0.7967907037905217,1.1856285537879474,32,59.375,0.7117529310837865,-0.9450000000000002,-3.0240000000000005,4.852771675417942,-3.3882806539213752,-4.107912705672867,OVERFITTING
PDH_PDL,vwap_favor,40.0,40.0,1,865,24,50.0,0.9826517967781914,-0.07000000000000028,-0.16800000000000068,3.2442729157778745,-0.0676313975886495,-0.09694621654980792,16,43.75,0.7642847308274818,-1.0700000000000003,-1.7120000000000004,2.485291637316079,-1.8169577373607644,-2.4568249581752637,SIN EDGE IS
PDH_PDL,vwap_favor,40.0,40.0,2,865,45,53.333333333333336,1.1230306248893611,0.46333333333333304,2.0849999999999986,4.722195287501205,1.1604713016868724,1.791667017284099,32,34.375,0.5147223697409573,-2.5700000000000003,-8.224,9.732818747333635,-7.352865194897403,-7.3579058571827725,OVERFITTING
PDH_PDL,vwap_favor,40.0,80.0,1,865,24,33.33333333333333,0.986988847583643,-0.07000000000000028,-0.16800000000000068,6.305980718702073,-0.005546120087434622,-0.009777096576849657,16,43.75,1.535315985130112,2.4299999999999997,3.888,1.5970071987419208,2.9043478766917925,5.946450317088406,SIN EDGE IS
PDH_PDL,vwap_favor,40.0,80.0,2,865,43,37.2093023255814,1.1697645600991327,0.8602325581395346,3.698999999999999,7.842776135317217,1.3846481185147776,2.470756010747821,32,31.25,0.897262588712403,-0.5700000000000003,-1.824000000000001,5.603229211462521,-1.0054774414483496,-1.4012535862563136,OVERFITTING
PDH_PDL,vwap_favor,60.0,20.0,1,865,24,79.16666666666666,1.2372825186412595,0.2983333333333333,0.7159999999999999,2.017036523231853,1.3367755869469398,1.6073399107982784,16,75.0,0.9768019884009943,-0.03500000000000003,-0.05600000000000005,1.4120768824814616,-0.11732307337427667,-0.1383164014314067,OVERFITTING
PDH_PDL,vwap_favor,60.0,20.0,2,865,45,77.77777777777779,1.2140335392762578,0.2694444444444444,1.2124999999999997,2.2367097307581134,1.6413563697782616,2.1951607168524645,32,68.75,0.7163214581607295,-0.535,-1.712,2.8628722798504773,-2.631949327540993,-3.056914978256615,OVERFITTING
PDH_PDL,vwap_favor,60.0,40.0,1,865,24,54.166666666666664,0.776455524591399,-0.6183333333333335,-1.4840000000000004,2.6629414372014977,-1.7508329865085832,-2.1814267873889093,16,43.75,0.5110006443892111,-1.6600000000000001,-2.6560000000000006,3.0404446370142364,-4.562343371156682,-5.192487764703266,SIN EDGE IS
PDH_PDL,vwap_favor,60.0,40.0,2,865,45,55.55555555555556,0.8472222222222223,-0.39722222222222237,-1.7875000000000005,4.082390513207736,-1.4286411414318907,-1.8344054348639496,31,45.16129032258064,0.5410595058238707,-1.5188709677419352,-4.7085,6.028272225385586,-5.339105447023128,-5.944043593736872,SIN EDGE IS
PDH_PDL,vwap_favor,60.0,80.0,1,865,24,37.5,0.7918806959403482,-0.7850000000000001,-1.8840000000000003,4.780695022749888,-1.5994254092291982,-2.328635491268533,16,43.75,1.0265120132560068,0.08999999999999986,0.14399999999999977,1.601651656855411,0.2277985476051749,0.3600762186871744,SIN EDGE IS
PDH_PDL,vwap_favor,60.0,80.0,2,865,43,39.53488372093023,0.8837869590757783,-0.41406976744186064,-1.7805000000000009,6.370172707731084,-0.9108426499980695,-1.3383707671824203,31,38.70967741935484,0.8335586273056296,-0.6156451612903228,-1.9085000000000005,4.230606439420029,-1.5598429058826284,-2.1804120224190155,SIN EDGE IS
PDH_PDL,vwap_contra,20.0,20.0,1,1813,28,42.857142857142854,0.7130599130599131,-1.3555357142857147,-3.795500000000001,5.115499999999997,-2.53534124871247,-3.3181947809037284,18,55.55555555555556,1.2212024859083683,0.8502777777777776,1.5304999999999995,5.243956259500812,1.5041009270590096,2.2823852366295148,SIN EDGE IS
PDH_PDL,vwap_contra,20.0,20.0,2,1813,52,40.38461538461539,0.6488845208845213,-1.7175961538461544,-8.931500000000002,11.0375,-3.956169066045538,-4.809920196381899,35,48.57142857142857,0.9003585895477789,-0.4287142857142862,-1.5005000000000017,6.322877726338724,-1.099359707422832,-1.5039527093465257,SIN EDGE IS
PDH_PDL,vwap_contra,20.0,40.0,1,1813,28,42.857142857142854,1.4145939214432361,2.1996428571428566,6.158999999999999,4.3154999999999974,2.613435180492165,5.046943578697303,18,44.44444444444444,1.4807862407862409,2.717777777777777,4.891999999999999,4.397152887991164,2.8487374649085497,5.630962340541723,ROBUSTO (n<30)
PDH_PDL,vwap_contra,20.0,40.0,2,1813,52,34.61538461538461,1.0232619800965124,0.12653846153846102,0.6579999999999973,10.013499999999999,0.34033905562560746,0.5531994055585713,35,37.142857142857146,1.1160754752987763,0.6951428571428566,2.432999999999998,6.793279414596568,1.4789144498426294,2.1597109599744058,ROBUSTO
PDH_PDL,vwap_contra,20.0,80.0,1,1813,28,28.57142857142857,1.5571847507331376,3.7660714285714296,10.545000000000003,4.273500000000001,2.913223722924237,7.887294194327727,18,22.22222222222222,1.0623727623727623,0.493611111111111,0.8884999999999998,3.914120164450753,0.5062630325936346,1.1819367920841557,DEGRADA
PDH_PDL,vwap_contra,20.0,80.0,2,1813,52,25.0,1.3120811927630105,2.149519230769231,11.1775,8.483500000000003,2.50604960028669,5.044374612135787,35,20.0,0.8937491535916734,-0.7845714285714293,-2.746000000000002,8.751953453706163,-0.9575876246447654,-1.446527094545575,OVERFITTING
PDH_PDL,vwap_contra,40.0,20.0,1,1813,28,64.28571428571429,0.8765799256505579,-0.3557142857142858,-0.9960000000000002,2.0217527838977642,-0.9186110896202903,-1.1176435209384197,18,72.22222222222221,1.2661710037174723,0.5966666666666666,1.0739999999999998,3.5581000019539335,1.6707202106483612,2.1717103743099972,SIN EDGE IS
PDH_PDL,vwap_contra,40.0,20.0,2,1813,52,67.3076923076923,1.0026240979663241,0.0069230769230768435,0.03599999999999959,2.8044265949194265,0.0830255458219973,0.11502261666335714,35,65.71428571428571,0.9333952912019834,-0.18428571428571447,-0.6450000000000006,5.518652482957242,-0.5358912956835566,-0.6924345107113377,OVERFITTING
PDH_PDL,vwap_contra,40.0,40.0,1,1813,28,57.14285714285714,1.3102023957042548,1.0728571428571425,3.003999999999999,3.2559999999999945,2.1415044151872733,3.274592906962424,18,61.111111111111114,1.5441671092228715,1.7077777777777774,3.074,3.155895010274111,3.272078391059369,5.239120952292999,ROBUSTO (n<30)
PDH_PDL,vwap_contra,40.0,40.0,2,1813,52,53.84615384615385,1.1464270962412226,0.5453846153846151,2.8359999999999985,4.104999999999995,1.5234844826992253,2.2655367337571364,35,54.285714285714285,1.1668990086741018,0.6157142857142854,2.154999999999999,6.909394160514777,1.6288901342440651,2.526032124227829,ROBUSTO
PDH_PDL,vwap_contra,40.0,80.0,1,1813,28,42.857142857142854,1.4804832713754648,2.215714285714286,6.2040000000000015,2.949777030484682,2.9775650616310565,5.9427856579122125,18,33.33333333333333,0.9869888475836435,-0.07000000000000028,-0.1260000000000005,4.002774006388031,-0.00861753146082002,-0.01530098603559463,OVERFITTING
PDH_PDL,vwap_contra,40.0,80.0,2,1813,52,42.30769230769231,1.447583643122677,2.083846153846154,10.836000000000002,4.841999999999995,4.255205356393775,7.182820198118249,35,37.142857142857146,1.166441365326124,0.844285714285714,2.9549999999999987,6.176570908815285,1.867824794700373,2.8537069828001775,ROBUSTO
PDH_PDL,vwap_contra,60.0,20.0,1,1813,28,71.42857142857143,0.8140016570008287,-0.32071428571428573,-0.898,1.426095099572614,-1.3594626024926746,-1.5524289780038738,18,72.22222222222221,0.8465617232808617,-0.25722222222222235,-0.4630000000000002,2.7881279712193168,-1.0287614407733352,-1.1905339237423338,SIN EDGE IS
PDH_PDL,vwap_contra,60.0,20.0,2,1813,52,73.07692307692307,0.8837732276008999,-0.18884615384615386,-0.9820000000000001,1.646753479214218,-1.1004606958913714,-1.3433504157545795,35,71.42857142857143,0.8140016570008287,-0.32071428571428573,-1.1225,3.7915457388546576,-1.6624241413158558,-1.984451012025053,SIN EDGE IS
PDH_PDL,vwap_contra,60.0,40.0,1,1813,28,60.71428571428571,1.0153649167733676,0.03642857142857129,0.10199999999999959,2.215714691249197,0.15407471218057736,0.20297847322887388,18,61.111111111111114,1.032429873357794,0.07611111111111096,0.13699999999999976,2.7838481680546505,0.2654329472152731,0.35346857174288665,ROBUSTO (n<30)
PDH_PDL,vwap_contra,60.0,40.0,2,1813,52,59.61538461538461,0.9698583658815642,-0.0734615384615386,-0.38200000000000073,3.4353787233618713,-0.28083240657630626,-0.3841461217055295,35,60.0,0.9855012427506218,-0.03500000000000014,-0.1225000000000005,4.6879157132975084,-0.09494016159891432,-0.13246845464358578,SIN EDGE IS
PDH_PDL,vwap_contra,60.0,80.0,1,1813,28,57.14285714285714,1.7597348798674401,1.9650000000000003,5.502000000000002,1.4132435153998406,4.434171191510157,7.926567000740817,18,33.33333333333333,0.6599005799502902,-1.3683333333333332,-2.463,4.207368092722512,-2.9958775019608104,-4.138015254079663,OVERFITTING
PDH_PDL,vwap_contra,60.0,80.0,2,1813,51,52.94117647058824,1.4847763048881524,1.3767647058823531,7.0215,2.993655533674291,4.289813066117213,7.146703430940947,35,37.142857142857146,0.7798825035776157,-0.8350000000000002,-2.9225000000000003,7.039547368014529,-2.525050331237133,-3.2253787571623236,OVERFITTING
PDH_PDL,rsi_extremo,20.0,20.0,1,1126,28,50.0,0.9486615802405276,-0.21267857142857158,-0.5955000000000005,5.1715000000000035,-0.3342820309316903,-0.4709736252892193,18,38.88888888888889,0.6297404123491079,-1.9255555555555561,-3.466000000000001,6.813122149757272,-3.3307031235218902,-4.273351559727082,SIN EDGE IS
PDH_PDL,rsi_extremo,20.0,20.0,2,1126,52,48.07692307692308,0.8858733629375832,-0.48682692307692343,-2.5315000000000016,7.781500000000005,-1.1102895078431287,-1.5216579928282057,36,41.66666666666667,0.6973791973791976,-1.5395833333333337,-5.542500000000001,7.9246265979249815,-4.3824798752078005,-5.096681427277528,SIN EDGE IS
PDH_PDL,rsi_extremo,20.0,40.0,1,1126,28,46.42857142857143,1.6866771792144923,3.34375,9.3625,3.459500000000003,3.87840458204819,7.919079953157436,18,38.88888888888889,1.2469778869778871,1.3961111111111106,2.5129999999999995,6.304044630404471,1.614100595267459,3.085027127383485,ROBUSTO (n<30)
PDH_PDL,rsi_extremo,20.0,40.0,2,1126,52,44.230769230769226,1.5616970197122861,2.8796153846153834,14.973999999999993,5.901499999999999,4.02959149158787,7.983252689326603,36,33.33333333333333,0.9558203143108804,-0.26472222222222286,-0.9530000000000023,8.70209897939533,-0.41315788361209566,-0.5701059488449668,OVERFITTING
PDH_PDL,rsi_extremo,20.0,80.0,1,1126,28,35.714285714285715,2.1642144818615403,7.192142857142856,20.137999999999998,5.339001579011301,4.957911119821645,14.75891028010554,18,16.666666666666664,0.7828009828009828,-1.596111111111111,-2.873,7.045416296011347,-1.323582802292925,-2.767296394857601,OVERFITTING
PDH_PDL,rsi_extremo,20.0,80.0,2,1126,52,34.61538461538461,2.0645300645300644,7.582115384615384,39.427,7.306968999241483,6.283738430451544,16.517884649268012,36,13.88888888888889,0.6421414312039314,-2.5893055555555557,-9.3215,15.858437717885229,-3.840101867578091,-5.269789523329995,OVERFITTING
PDH_PDL,rsi_extremo,40.0,20.0,1,1126,28,75.0,1.4609665427509297,0.9299999999999999,2.604,1.6292812229075966,2.7991465920815446,3.6722540894607443,18,66.66666666666666,0.9739776951672863,-0.07000000000000009,-0.12600000000000017,3.5581000019539335,-0.14158675685815672,-0.1767082038514653,OVERFITTING
PDH_PDL,rsi_extremo,40.0,20.0,2,1126,52,71.15384615384616,1.201239157372987,0.4684615384615383,2.435999999999999,4.0163926351358095,1.7830797416868727,2.4720757677073295,36,66.66666666666666,0.9739776951672866,-0.07000000000000015,-0.25200000000000056,4.354993551390084,-0.2000035321872265,-0.27267568314670987,OVERFITTING
PDH_PDL,rsi_extremo,40.0,40.0,1,1126,28,67.85714285714286,2.0744871265317366,2.787142857142857,7.804,2.421000000000004,5.753896297613615,9.537776967087725,18,55.55555555555556,1.2283147459727386,0.8188888888888886,1.4739999999999995,3.155895010274111,1.5837401906731763,2.4144321975008696,DEGRADA
PDH_PDL,rsi_extremo,40.0,40.0,2,1126,52,63.46153846153846,1.7067110154568579,2.083846153846154,10.836000000000002,3.1335110529405483,5.315102162765256,9.084214656679451,36,52.77777777777778,1.0982578905168017,0.37444444444444414,1.347999999999999,5.490382378034603,1.0533298534947533,1.6152025998431436,DEGRADA
PDH_PDL,rsi_extremo,40.0,80.0,1,1126,28,50.0,1.9739776951672872,3.9300000000000006,11.004000000000003,2.421000000000004,5.129750185609067,11.014898209911525,18,27.77777777777778,0.7592221904489566,-1.4033333333333335,-2.5260000000000007,4.791021596225784,-1.8662589148570874,-3.0167986377151403,OVERFITTING
PDH_PDL,rsi_extremo,40.0,80.0,2,1126,51,47.05882352941176,1.8193585228895024,3.3760784313725494,17.218,4.841999999999995,5.570697190515185,10.87787303383065,36,30.555555555555557,0.8108054522924412,-1.060277777777778,-3.817000000000001,6.893191460041535,-2.631996234584436,-3.0862771677391563,OVERFITTING
PDH_PDL,rsi_extremo,60.0,20.0,1,1126,28,85.71428571428571,1.9536039768019886,0.8221428571428573,2.302,1.2000934621254729,4.583094726932948,5.728801590429526,18,66.66666666666666,0.6512013256006628,-0.7016666666666668,-1.2630000000000003,2.7881279712193168,-2.711182153018301,-3.0177800896969003,OVERFITTING
PDH_PDL,rsi_extremo,60.0,20.0,2,1126,52,76.92307692307693,1.0853355426677715,0.11884615384615384,0.618,2.7943281379235123,0.6923809384769952,0.8533831278308713,36,69.44444444444444,0.7400015063643898,-0.4794444444444445,-1.7260000000000002,3.9975920478849694,-2.574070779878771,-3.0202279936148866,OVERFITTING
PDH_PDL,rsi_extremo,60.0,40.0,1,1126,28,75.0,1.971002485501243,1.4649999999999999,4.101999999999999,1.202233145577789,5.274561768730392,7.708390551293183,18,55.55555555555556,0.8212510356255179,-0.47944444444444456,-0.8630000000000002,2.7838481680546505,-1.3886773525645928,-1.7631035885686694,OVERFITTING
PDH_PDL,rsi_extremo,60.0,40.0,2,1126,52,67.3076923076923,1.3526487645596765,0.6957692307692309,3.6180000000000003,2.5657215296438163,2.7783691058224256,4.03239994525812,36,58.333333333333336,0.9198011599005803,-0.2016666666666668,-0.7260000000000005,3.7567835563175644,-0.8160028193002646,-1.1238660563571132,OVERFITTING
PDH_PDL,rsi_extremo,60.0,80.0,1,1126,28,64.28571428571429,2.3756420878210442,2.9650000000000003,8.302000000000001,1.7616066085789055,6.858520839450884,12.965028175004035,18,27.77777777777778,0.5076158307309925,-2.146111111111111,-3.8629999999999995,4.804954970566245,-5.002981572609562,-6.308462354557376,OVERFITTING
PDH_PDL,rsi_extremo,60.0,80.0,2,1126,51,54.90196078431373,1.6777251184834128,1.7664705882352942,9.009,3.5306850757620003,4.897457373677567,8.403784541436755,36,30.555555555555557,0.5421043910521955,-1.9190277777777776,-6.908499999999999,9.152205368480102,-6.886257860303524,-7.162830698777831,OVERFITTING
PDH_PDL,bb_extremo,20.0,20.0,1,861,28,46.42857142857143,0.8231361018246265,-0.784107142857143,-2.1955000000000005,5.1715000000000035,-1.4172779926620458,-1.9284002173278127,18,38.88888888888889,0.6297404123491079,-1.9255555555555561,-3.466000000000001,6.813122149757272,-3.3307031235218902,-4.273351559727082,SIN EDGE IS
PDH_PDL,bb_extremo,20.0,20.0,2,861,51,43.13725490196079,0.7262647262647267,-1.2779411764705888,-6.517500000000003,8.567499999999995,-3.3004679691519754,-4.103993379719147,36,38.88888888888889,0.6115479115479118,-1.9762500000000003,-7.114500000000001,8.796573663753625,-5.609139689298321,-6.234372776207773,SIN EDGE IS
PDH_PDL,bb_extremo,20.0,40.0,1,861,28,42.857142857142854,1.4342410592410588,2.2723214285714284,6.3625,3.459500000000003,2.712134382496893,5.284627812945351,18,38.88888888888889,1.2469778869778871,1.3961111111111106,2.5129999999999995,6.304044630404471,1.614100595267459,3.085027127383485,ROBUSTO (n<30)
PDH_PDL,bb_extremo,20.0,40.0,2,861,51,39.21568627450981,1.2706975750454006,1.4905882352941175,7.601999999999999,5.901499999999999,2.3269126312590047,4.136920499123004,36,33.33333333333333,0.9550994845112495,-0.2588888888888895,-0.932000000000002,9.52912892493746,-0.3280928610607422,-0.49287551438925187,OVERFITTING
PDH_PDL,bb_extremo,20.0,80.0,1,861,28,32.142857142857146,1.8470584987438918,5.479107142857143,15.3415,5.339001579011301,3.956671247502792,11.276611895357595,18,16.666666666666664,0.7828009828009828,-1.596111111111111,-2.873,7.045416296011347,-1.323582802292925,-2.767296394857601,OVERFITTING
PDH_PDL,bb_extremo,20.0,80.0,2,861,51,29.411764705882355,1.6289500220136055,4.341666666666668,22.142500000000005,8.767100992791011,4.22631039046781,9.859593196569705,36,16.666666666666664,0.7891138939526039,-1.4781944444444446,-5.3215,13.308008559132556,-1.601689631275016,-2.804139742545414,OVERFITTING
PDH_PDL,bb_extremo,40.0,20.0,1,861,28,71.42857142857143,1.217472118959108,0.5014285714285714,1.4040000000000001,1.6292812229075966,1.4742599139718953,1.8893966015412549,18,66.66666666666666,0.9739776951672863,-0.07000000000000009,-0.12600000000000017,3.5581000019539335,-0.14158675685815672,-0.1767082038514653,OVERFITTING
PDH_PDL,bb_extremo,40.0,20.0,2,861,51,66.66666666666666,0.9739776951672863,-0.0700000000000001,-0.35700000000000054,4.161000000000001,-0.23179255488630826,-0.31533483944800833,36,63.888888888888886,0.8615956534172154,-0.40333333333333354,-1.4520000000000006,5.518652482957242,-1.2958613601604847,-1.6541546928436734,SIN EDGE IS
PDH_PDL,bb_extremo,40.0,40.0,1,861,28,64.28571428571429,1.7687732342007438,2.2157142857142853,6.203999999999999,2.421000000000004,4.496825268327865,7.2766094900095135,18,55.55555555555556,1.2283147459727386,0.8188888888888886,1.4739999999999995,3.155895010274111,1.5837401906731763,2.4144321975008696,DEGRADA
PDH_PDL,bb_extremo,40.0,40.0,2,861,51,54.90196078431373,1.196271752599537,0.7143137254901958,3.6429999999999985,4.841999999999995,1.897777201074478,2.8331089479013443,36,52.77777777777778,1.0982578905168017,0.37444444444444414,1.347999999999999,6.2170625525089855,0.9764248789158111,1.4822580453016412,ROBUSTO
PDH_PDL,bb_extremo,40.0,80.0,1,861,28,46.42857142857143,1.7107806691449823,3.0728571428571425,8.604,2.421000000000004,4.0614231591535646,8.430068987631827,18,27.77777777777778,0.7592221904489566,-1.4033333333333335,-2.5260000000000007,4.791021596225784,-1.8662589148570874,-3.0167986377151403,OVERFITTING
PDH_PDL,bb_extremo,40.0,80.0,2,861,51,45.09803921568628,1.551115241635688,2.441764705882353,12.453,4.841999999999995,4.892191466095465,8.493511380771965,36,33.33333333333333,0.9869888475836432,-0.07000000000000028,-0.252000000000001,4.856298163136735,-0.04959735145065832,-0.07064100434259032,OVERFITTING
PDH_PDL,bb_extremo,60.0,20.0,1,861,28,82.14285714285714,1.4977630488815252,0.5364285714285714,1.502,1.2000934621254729,2.752709148831318,3.370455621447174,18,66.66666666666666,0.6512013256006628,-0.7016666666666668,-1.2630000000000003,2.7881279712193168,-2.711182153018301,-3.0177800896969003,OVERFITTING
PDH_PDL,bb_extremo,60.0,20.0,2,861,51,74.50980392156863,0.9517557835701999,-0.07421568627450983,-0.37850000000000017,3.243254011733881,-0.3987769742099151,-0.49259220397664033,36,66.66666666666666,0.651201325600663,-0.7016666666666667,-2.5260000000000002,4.780665906432465,-3.4343954479056404,-3.862498601056141,SIN EDGE IS
PDH_PDL,bb_extremo,60.0,40.0,1,861,28,71.42857142857143,1.6425020712510359,1.1078571428571427,3.1019999999999994,1.202233145577789,3.847506089376676,5.493580300230046,18,55.55555555555556,0.8212510356255179,-0.47944444444444456,-0.8630000000000002,2.7838481680546505,-1.3886773525645928,-1.7631035885686694,OVERFITTING
PDH_PDL,bb_extremo,60.0,40.0,2,861,51,62.745098039215684,1.1065277111585925,0.23950980392156848,1.2214999999999994,3.4353787233618713,1.072412386811287,1.5154850186504736,36,55.55555555555556,0.8663352815862786,-0.3398611111111113,-1.2235000000000007,4.995056798356151,-1.2392241860202813,-1.6421840287920555,OVERFITTING
PDH_PDL,bb_extremo,60.0,80.0,1,861,28,60.71428571428571,2.0396927016645328,2.4650000000000003,6.902000000000001,1.7616066085789055,5.626966078192557,10.364444922837162,18,27.77777777777778,0.5076158307309925,-2.146111111111111,-3.8629999999999995,4.804954970566245,-5.002981572609562,-6.308462354557376,OVERFITTING
PDH_PDL,bb_extremo,60.0,80.0,2,861,51,54.90196078431373,1.5494398616764529,1.495392156862745,7.6265,2.993655533674291,5.02324321916261,8.355500286867224,36,33.33333333333333,0.6836176375925331,-1.22875,-4.4235,7.606073160626821,-3.9422815795521484,-4.801648643059313,OVERFITTING
ORB,sin_filtro,20.0,20.0,1,57,27,37.03703703703704,0.5597692554214293,-2.289444444444445,-6.1815,7.697500000000003,-4.411141232694604,-5.3679038367155,20,40.0,0.6305972020257734,-1.8417500000000004,-3.6835000000000004,4.4695000000000045,-3.5186572150601703,-4.460390518620935,SIN EDGE IS
ORB,sin_filtro,20.0,20.0,2,57,32,40.625,0.643734643734644,-1.7671875000000004,-5.655000000000001,6.096814487834737,-4.0643626047268056,-4.850862908860231,23,34.78260869565217,0.5065452934305393,-2.663260869565218,-6.1255000000000015,6.911500000000001,-5.996175654719929,-6.707006684693103,SIN EDGE IS
ORB,sin_filtro,20.0,40.0,1,57,27,25.925925925925924,0.6735220068553402,-1.9931481481481486,-5.381500000000001,10.097500000000002,-2.720410544131342,-4.183128797279605,20,25.0,0.6185406185406186,-2.4452500000000006,-4.890500000000002,6.031744463490899,-3.4992260379355304,-5.147660307588389,SIN EDGE IS
ORB,sin_filtro,20.0,40.0,2,57,32,28.125,0.7542204961559803,-1.4535937500000005,-4.651500000000001,8.511500000000002,-2.274452762057797,-3.3026440409075817,23,21.73913043478261,0.5338090269597119,-3.0110869565217397,-6.925500000000001,6.9254999999999995,-5.492767378137764,-6.966113534416757,SIN EDGE IS
ORB,sin_filtro,20.0,80.0,1,57,27,22.22222222222222,1.0521518586034715,0.36555555555555536,0.9869999999999993,8.54244866281709,0.4451414705239245,1.0161166212510473,20,10.0,0.4289320453704015,-4.241750000000001,-8.483500000000001,8.483500000000003,-5.333997586103369,-8.498892457225436,OVERFITTING
ORB,sin_filtro,20.0,80.0,2,57,32,21.875,1.0483941733941733,0.3446874999999996,1.1029999999999989,8.73890638419697,0.47194911747663626,0.9698418300047688,23,8.695652173913043,0.3683769330828155,-4.750217391304348,-10.925500000000001,10.9255,-6.523855000667263,-9.021239439533563,OVERFITTING
ORB,sin_filtro,40.0,20.0,1,57,27,62.96296296296296,0.8278810408921935,-0.5144444444444445,-1.3890000000000002,4.425047810523219,-1.3275068913064136,-1.597641758147841,20,70.0,1.1363073110285007,0.3299999999999999,0.6599999999999998,2.397546967779616,0.9818000651729599,1.2561451799831331,SIN EDGE IS
ORB,sin_filtro,40.0,20.0,2,57,32,62.5,0.8116480793060723,-0.5700000000000001,-1.8240000000000003,4.06597809199019,-1.7185268759705263,-2.016684981589733,23,73.91304347826086,1.3798017348203222,0.7995652173913044,1.839,1.9798057877192143,2.5974387485766846,3.6407903228062457,SIN EDGE IS
ORB,sin_filtro,40.0,40.0,1,57,27,48.148148148148145,0.9124623827226064,-0.36629629629629656,-0.9890000000000008,6.263646419468101,-0.6516783091956189,-0.9159619133562902,20,50.0,0.9826517967781911,-0.07000000000000028,-0.14000000000000057,3.1688316765875997,-0.07469580395062957,-0.10785938840760372,SIN EDGE IS
ORB,sin_filtro,40.0,40.0,2,57,32,46.875,0.8670457030395805,-0.5700000000000003,-1.824000000000001,5.568220074063396,-1.1899063386880766,-1.5530085392914774,23,52.17391304347826,1.0719837783034813,0.27782608695652145,0.6389999999999993,3.208566599251598,0.6702540241455013,1.0450363655417612,SIN EDGE IS
ORB,sin_filtro,40.0,80.0,1,57,27,40.74074074074074,1.3571096654275094,1.7077777777777774,4.610999999999999,5.290603436298811,2.3546975403122126,4.6154364693495165,20,35.0,0.9170717758078356,-0.4350000000000005,-0.870000000000001,3.249000000000001,-0.5245775366116949,-0.9075108150726046,OVERFITTING
ORB,sin_filtro,40.0,80.0,2,57,32,37.5,1.184386617100372,0.9299999999999997,2.975999999999999,5.3100541842263835,1.4886523793145499,2.5106392907843844,23,30.434782608695656,0.7451208178438662,-1.4308695652173917,-3.291000000000001,5.670000000000004,-1.9875570101385054,-2.930030138732343,OVERFITTING
ORB,sin_filtro,60.0,20.0,1,57,27,70.37037037037037,0.7733015741507873,-0.4053703703703704,-1.0945,2.990780523176951,-1.6809335712889333,-1.9052290238427163,20,70.0,0.7597348798674399,-0.43500000000000005,-0.8700000000000001,2.2058024020165017,-1.8212524734126005,-2.073574888334618,SIN EDGE IS
ORB,sin_filtro,60.0,20.0,2,57,32,71.875,0.8320905827119585,-0.28500000000000003,-0.9120000000000001,2.805293526851652,-1.5505311848713321,-1.795429714149748,23,73.91304347826086,0.9225352112676056,-0.12195652173913042,-0.28049999999999997,1.813805044321561,-0.5606157701344697,-0.6780807706503672,SIN EDGE IS
ORB,sin_filtro,60.0,40.0,1,57,27,48.148148148148145,0.6100721978932422,-1.2201851851851855,-3.294500000000001,5.546049567327733,-3.732320658768769,-4.375107359088878,20,55.00000000000001,0.8030010126116176,-0.5350000000000001,-1.0700000000000003,2.6079350017791474,-1.635871186012994,-2.065570496058196,SIN EDGE IS
ORB,sin_filtro,60.0,40.0,2,57,32,50.0,0.6570008285004142,-1.0350000000000001,-3.3120000000000003,5.580369180986942,-3.762762835592163,-4.345975817741527,23,56.52173913043478,0.8541010770505388,-0.38282608695652187,-0.8805000000000004,2.98813116271284,-1.3314938298890235,-1.768408469701656,SIN EDGE IS
ORB,sin_filtro,60.0,80.0,1,57,27,40.74074074074074,0.9073632974316488,-0.3312962962962964,-0.8945000000000003,5.247036760993442,-0.6974383684188237,-1.0547968257145335,20,35.0,0.6131540373462496,-1.5174999999999998,-3.0349999999999997,4.024500000000001,-3.6122013596956153,-4.8700026242091115,SIN EDGE IS
ORB,sin_filtro,60.0,80.0,2,57,32,37.5,0.7918806959403482,-0.7850000000000001,-2.5120000000000005,6.245762508114351,-1.9007700624171235,-2.531275097243704,23,30.434782608695656,0.4981876553438277,-2.106739130434782,-4.845499999999999,5.835000000000002,-5.037245635595264,-5.992830715094074,SIN EDGE IS
ORB,atr_alto,20.0,20.0,1,45,25,36.0,0.5347949347949349,-2.4614000000000003,-6.153500000000001,7.6695000000000055,-4.559431487141842,-5.494340991397253,15,53.333333333333336,0.9948626312262676,-0.02300000000000034,-0.03450000000000051,2.7923570374944267,0.02597485919539718,0.036565050636070746,SIN EDGE IS
ORB,atr_alto,20.0,20.0,2,45,28,39.285714285714285,0.6157461809635723,-1.926964285714286,-5.3955,6.097500000000002,-3.8816921069951027,-4.67628149982512,17,47.05882352941176,0.8131384973490238,-0.8500000000000002,-1.4450000000000003,2.634579667279132,-1.6135799963885689,-2.1476895166177576,SIN EDGE IS
ORB,atr_alto,20.0,40.0,1,45,25,24.0,0.6072944254762437,-2.4614000000000003,-6.153500000000001,10.869500000000006,-3.307841716493837,-4.919074831416784,15,33.33333333333333,0.9120184013801035,-0.5610000000000004,-0.8415000000000006,4.694235528750262,-0.5057169983896767,-0.8536925746429869,SIN EDGE IS
ORB,atr_alto,20.0,40.0,2,45,28,25.0,0.6418268535915596,-2.212678571428572,-6.195500000000001,10.869500000000006,-3.1168062266977183,-4.420706077289327,17,29.411764705882355,0.7720087154049418,-1.4464705882352946,-2.459000000000001,4.38844125546472,-1.9617844598172574,-2.988129140616467,SIN EDGE IS
ORB,atr_alto,20.0,80.0,1,45,25,20.0,0.9431337142180515,-0.3842000000000006,-0.9605000000000015,7.6695000000000055,-0.21795164872783065,-0.4810884543286716,15,13.333333333333334,0.5591435591435591,-3.3493333333333335,-5.024,6.976106407048098,-3.1411150028965826,-5.529454140741392,SIN EDGE IS
ORB,atr_alto,20.0,80.0,2,45,28,17.857142857142858,0.8327670029797691,-1.1425000000000005,-3.199000000000001,9.297500000000001,-0.9599474900625653,-1.8710834471734048,17,11.76470588235294,0.4970164970164971,-3.7932352941176477,-6.448500000000001,7.6349293327212004,-3.8478202947367848,-6.047134519135895,SIN EDGE IS
ORB,atr_alto,40.0,20.0,1,45,25,64.0,0.86575795125981,-0.39000000000000007,-0.9750000000000002,4.019026136419361,-0.9619098403743278,-1.1675347043158668,15,66.66666666666666,0.9739776951672863,-0.07000000000000002,-0.10500000000000004,2.375322547413247,-0.12964215180524138,-0.16179844243788494,SIN EDGE IS
ORB,atr_alto,40.0,20.0,2,45,28,64.28571428571429,0.8765799256505579,-0.35571428571428576,-0.996,3.248173392830874,-0.9287145163995376,-1.1025923247775646,17,70.58823529411765,1.1687732342007435,0.4005882352941176,0.6809999999999998,2.3571449434810896,1.0364740396231624,1.4123330923779887,SIN EDGE IS
ORB,atr_alto,40.0,40.0,1,45,25,48.0,0.9070631970260228,-0.3900000000000003,-0.9750000000000006,6.250180349155979,-0.6690011573415818,-0.9390493421471982,15,46.666666666666664,0.8598203221809169,-0.6033333333333336,-0.9050000000000005,3.1793558554121906,-0.9638853377255345,-1.3450714009228926,SIN EDGE IS
ORB,atr_alto,40.0,40.0,2,45,28,46.42857142857143,0.851631557207766,-0.6414285714285717,-1.7960000000000007,6.263646419468101,-1.1642119320980548,-1.5210040673648484,17,47.05882352941176,0.8734682638028363,-0.5405882352941179,-0.9190000000000006,3.2198349711494956,-0.914844764581533,-1.3600462115769398,SIN EDGE IS
ORB,atr_alto,40.0,80.0,1,45,25,40.0,1.3159851301115248,1.5299999999999998,3.8249999999999993,6.0186171444449705,2.0347038248664355,3.948449007128089,15,26.666666666666668,0.7178100709699224,-1.6700000000000004,-2.5050000000000003,4.098000000000002,-2.000471211887279,-3.192900762629708,OVERFITTING
ORB,atr_alto,40.0,80.0,2,45,28,35.714285714285715,1.096654275092937,0.5014285714285711,1.4039999999999992,7.513546056592424,0.7535141258923095,1.2538621744205936,17,23.52941176470588,0.6073777523591651,-2.4229411764705886,-4.119000000000001,5.712000000000001,-3.0280515884399244,-4.2606352548646536,OVERFITTING
ORB,atr_alto,60.0,20.0,1,45,25,72.0,0.8372588472008522,-0.2750000000000001,-0.6875000000000002,2.400039539366379,-1.1066268067432148,-1.2690323036300029,15,66.66666666666666,0.6512013256006629,-0.7016666666666667,-1.0525,1.8140600842153414,-2.471404088256363,-2.757582725697735,SIN EDGE IS
ORB,atr_alto,60.0,20.0,2,45,28,75.0,0.9768019884009944,-0.03500000000000001,-0.09800000000000002,2.395386808600896,-0.15428680187118088,-0.18311810442317492,17,70.58823529411765,0.7814415907207954,-0.3879411764705884,-0.6595000000000003,1.7933821672139336,-1.4498468223537717,-1.7154056366959702,SIN EDGE IS
ORB,atr_alto,60.0,40.0,1,45,25,48.0,0.6064623032311519,-1.235,-3.0875000000000004,5.34307356654328,-3.6209728501449088,-4.248905257572797,15,46.666666666666664,0.5748757249378624,-1.3683333333333334,-2.0525,2.834262150572982,-3.6210633368952854,-4.249649627300667,SIN EDGE IS
ORB,atr_alto,60.0,40.0,2,45,28,50.0,0.6570008285004146,-1.0350000000000004,-2.898000000000001,5.546049567327733,-3.2726722679235145,-3.8164929788245074,17,47.05882352941176,0.5840007364448127,-1.3291176470588237,-2.2595000000000005,3.0404446370142364,-3.8362286414756044,-4.649356548414402,SIN EDGE IS
ORB,atr_alto,60.0,80.0,1,45,25,40.0,0.8798674399337203,-0.43500000000000016,-1.0875000000000004,5.432644916211863,-0.8965747914061816,-1.3437082054295364,15,26.666666666666668,0.47992769450930184,-2.3016666666666663,-3.4524999999999992,4.2490000000000006,-4.818732838061597,-6.059058929598402,SIN EDGE IS
ORB,atr_alto,60.0,80.0,2,45,28,35.714285714285715,0.7332228666114334,-1.0350000000000001,-2.898,6.616978818551204,-2.200402175344881,-2.917968902893468,17,23.52941176470588,0.4060926645847939,-2.7408823529411763,-4.6594999999999995,5.455999999999995,-5.737406749961983,-6.5822276412364955,SIN EDGE IS
ORB,atr_bajo,20.0,20.0,1,12,4,50.0,0.9656019656019654,-0.1750000000000007,-0.07000000000000028,1.995782866669938,-0.07495759249633517,-0.10660240190530439,6,0.0,0.0,-8.479166666666666,-5.0874999999999995,5.0874999999999995,-10.084695454109468,-8.668052023590038,SIN DATOS OOS
ORB,atr_bajo,20.0,20.0,2,12,4,50.0,0.9656019656019654,-0.1750000000000007,-0.07000000000000028,1.995782866669938,-0.07495759249633517,-0.10660240190530439,6,0.0,0.0,-8.479166666666666,-5.0874999999999995,5.0874999999999995,-10.084695454109468,-8.668052023590038,SIN DATOS OOS
ORB,atr_bajo,20.0,40.0,1,12,4,50.0,1.9484029484029481,4.824999999999999,1.9299999999999997,1.9573895060837911,1.8720939787950701,4.226059029535806,6,0.0,0.0,-8.479166666666666,-5.0874999999999995,5.0874999999999995,-10.084695454109468,-8.668052023590038,SIN DATOS OOS
ORB,atr_bajo,20.0,40.0,2,12,4,50.0,1.9484029484029481,4.824999999999999,1.9299999999999997,1.9573895060837911,1.8720939787950701,4.226059029535806,6,0.0,0.0,-8.479166666666666,-5.0874999999999995,5.0874999999999995,-10.084695454109468,-8.668052023590038,SIN DATOS OOS
ORB,atr_bajo,20.0,80.0,1,12,4,50.0,3.914004914004914,14.825000000000003,5.9300000000000015,1.8848700967906389,3.1279966147299483,13.258990874223088,6,0.0,0.0,-8.479166666666666,-5.0874999999999995,5.0874999999999995,-10.084695454109468,-8.668052023590038,SIN DATOS OOS
ORB,atr_bajo,20.0,80.0,2,12,4,50.0,3.914004914004914,14.825000000000003,5.9300000000000015,1.8848700967906389,3.1279966147299483,13.258990874223088,6,0.0,0.0,-8.479166666666666,-5.0874999999999995,5.0874999999999995,-10.084695454109468,-8.668052023590038,SIN DATOS OOS
ORB,atr_bajo,40.0,20.0,1,12,4,50.0,0.48698884758364314,-2.0700000000000003,-0.8280000000000001,1.601412894648065,-1.9321755180071398,-2.172694475499017,6,83.33333333333334,2.4349442379182156,1.93,1.158,0.7975963391612821,3.469567985949133,5.155202541291691,SIN DATOS OOS
ORB,atr_bajo,40.0,20.0,2,12,4,50.0,0.48698884758364314,-2.0700000000000003,-0.8280000000000001,1.601412894648065,-1.9321755180071398,-2.172694475499017,6,83.33333333333334,2.4349442379182156,1.93,1.158,0.7975963391612821,3.469567985949133,5.155202541291691,SIN DATOS OOS
ORB,atr_bajo,40.0,40.0,1,12,4,50.0,0.9826517967781908,-0.07000000000000028,-0.02800000000000011,1.588801606520582,-0.028581615833223887,-0.04096392316173003,6,66.66666666666666,1.9653035935563816,2.5966666666666662,1.5579999999999998,1.588801606520582,2.8351959609005903,4.924368847536033,SIN DATOS OOS
ORB,atr_bajo,40.0,40.0,2,12,4,50.0,0.9826517967781908,-0.07000000000000028,-0.02800000000000011,1.588801606520582,-0.028581615833223887,-0.04096392316173003,6,66.66666666666666,1.9653035935563816,2.5966666666666662,1.5579999999999998,1.588801606520582,2.8351959609005903,4.924368847536033,SIN DATOS OOS
ORB,atr_bajo,40.0,80.0,1,12,4,50.0,1.973977695167286,3.9299999999999997,1.5719999999999998,1.5641656813908742,1.8913091868011245,4.297616713237141,6,50.0,1.3420074349442377,1.3799999999999997,0.8279999999999997,2.381561344141017,1.1238176085856206,2.201287702024078,SIN DATOS OOS
ORB,atr_bajo,40.0,80.0,2,12,4,50.0,1.973977695167286,3.9299999999999997,1.5719999999999998,1.5641656813908742,1.8913091868011245,4.297616713237141,6,50.0,1.3420074349442377,1.3799999999999997,0.8279999999999997,2.381561344141017,1.1238176085856206,2.201287702024078,SIN DATOS OOS
ORB,atr_bajo,60.0,20.0,1,12,4,50.0,0.3256006628003314,-2.035,-0.8140000000000002,1.2022750590180529,-2.711862742849773,-2.8613288916212167,6,83.33333333333334,1.6280033140016572,0.6316666666666667,0.37900000000000006,0.5999632168367441,1.7855142997393456,2.25447076884011,SIN DATOS OOS
ORB,atr_bajo,60.0,20.0,2,12,4,50.0,0.3256006628003314,-2.035,-0.8140000000000002,1.2022750590180529,-2.711862742849773,-2.8613288916212167,6,83.33333333333334,1.6280033140016572,0.6316666666666667,0.37900000000000006,0.5999632168367441,1.7855142997393456,2.25447076884011,SIN DATOS OOS
ORB,atr_bajo,60.0,40.0,1,12,4,50.0,0.6570008285004142,-1.0350000000000001,-0.41400000000000003,1.197503794906386,-1.190025786031754,-1.4470790024391105,6,83.33333333333334,3.285004142502071,2.2983333333333333,1.3789999999999998,0.5964057535613841,4.668711746224223,8.18506835262583,SIN DATOS OOS
ORB,atr_bajo,60.0,40.0,2,12,4,50.0,0.6570008285004142,-1.0350000000000001,-0.41400000000000003,1.197503794906386,-1.190025786031754,-1.4470790024391105,6,83.33333333333334,3.285004142502071,2.2983333333333333,1.3789999999999998,0.5964057535613841,4.668711746224223,8.18506835262583,SIN DATOS OOS
ORB,atr_bajo,60.0,80.0,1,12,4,50.0,1.31980115990058,0.9649999999999999,0.38599999999999995,1.1880739814750954,0.8306601295746245,1.406638596895842,6,50.0,0.8972659486329742,-0.3100000000000002,-0.1860000000000001,1.7956321656682686,-0.39189368713834005,-0.5933176234622736,SIN DATOS OOS
ORB,atr_bajo,60.0,80.0,2,12,4,50.0,1.31980115990058,0.9649999999999999,0.38599999999999995,1.1880739814750954,0.8306601295746245,1.406638596895842,6,50.0,0.8972659486329742,-0.3100000000000002,-0.1860000000000001,1.7956321656682686,-0.39189368713834005,-0.5933176234622736,SIN DATOS OOS
ORB,vwap_favor,20.0,20.0,1,57,27,37.03703703703704,0.5597692554214293,-2.289444444444445,-6.1815,7.697500000000003,-4.411141232694604,-5.3679038367155,20,40.0,0.6305972020257734,-1.8417500000000004,-3.6835000000000004,4.4695000000000045,-3.5186572150601703,-4.460390518620935,SIN EDGE IS
ORB,vwap_favor,20.0,20.0,2,57,32,40.625,0.643734643734644,-1.7671875000000004,-5.655000000000001,6.096814487834737,-4.0643626047268056,-4.850862908860231,23,34.78260869565217,0.5065452934305393,-2.663260869565218,-6.1255000000000015,6.911500000000001,-5.996175654719929,-6.707006684693103,SIN EDGE IS
ORB,vwap_favor,20.0,40.0,1,57,27,25.925925925925924,0.6735220068553402,-1.9931481481481486,-5.381500000000001,10.097500000000002,-2.720410544131342,-4.183128797279605,20,25.0,0.6185406185406186,-2.4452500000000006,-4.890500000000002,6.031744463490899,-3.4992260379355304,-5.147660307588389,SIN EDGE IS
ORB,vwap_favor,20.0,40.0,2,57,32,28.125,0.7542204961559803,-1.4535937500000005,-4.651500000000001,8.511500000000002,-2.274452762057797,-3.3026440409075817,23,21.73913043478261,0.5338090269597119,-3.0110869565217397,-6.925500000000001,6.9254999999999995,-5.492767378137764,-6.966113534416757,SIN EDGE IS
ORB,vwap_favor,20.0,80.0,1,57,27,22.22222222222222,1.0521518586034715,0.36555555555555536,0.9869999999999993,8.54244866281709,0.4451414705239245,1.0161166212510473,20,10.0,0.4289320453704015,-4.241750000000001,-8.483500000000001,8.483500000000003,-5.333997586103369,-8.498892457225436,OVERFITTING
ORB,vwap_favor,20.0,80.0,2,57,32,21.875,1.0483941733941733,0.3446874999999996,1.1029999999999989,8.73890638419697,0.47194911747663626,0.9698418300047688,23,8.695652173913043,0.3683769330828155,-4.750217391304348,-10.925500000000001,10.9255,-6.523855000667263,-9.021239439533563,OVERFITTING
ORB,vwap_favor,40.0,20.0,1,57,27,62.96296296296296,0.8278810408921935,-0.5144444444444445,-1.3890000000000002,4.425047810523219,-1.3275068913064136,-1.597641758147841,20,70.0,1.1363073110285007,0.3299999999999999,0.6599999999999998,2.397546967779616,0.9818000651729599,1.2561451799831331,SIN EDGE IS
ORB,vwap_favor,40.0,20.0,2,57,32,62.5,0.8116480793060723,-0.5700000000000001,-1.8240000000000003,4.06597809199019,-1.7185268759705263,-2.016684981589733,23,73.91304347826086,1.3798017348203222,0.7995652173913044,1.839,1.9798057877192143,2.5974387485766846,3.6407903228062457,SIN EDGE IS
ORB,vwap_favor,40.0,40.0,1,57,27,48.148148148148145,0.9124623827226064,-0.36629629629629656,-0.9890000000000008,6.263646419468101,-0.6516783091956189,-0.9159619133562902,20,50.0,0.9826517967781911,-0.07000000000000028,-0.14000000000000057,3.1688316765875997,-0.07469580395062957,-0.10785938840760372,SIN EDGE IS
ORB,vwap_favor,40.0,40.0,2,57,32,46.875,0.8670457030395805,-0.5700000000000003,-1.824000000000001,5.568220074063396,-1.1899063386880766,-1.5530085392914774,23,52.17391304347826,1.0719837783034813,0.27782608695652145,0.6389999999999993,3.208566599251598,0.6702540241455013,1.0450363655417612,SIN EDGE IS
ORB,vwap_favor,40.0,80.0,1,57,27,40.74074074074074,1.3571096654275094,1.7077777777777774,4.610999999999999,5.290603436298811,2.3546975403122126,4.6154364693495165,20,35.0,0.9170717758078356,-0.4350000000000005,-0.870000000000001,3.249000000000001,-0.5245775366116949,-0.9075108150726046,OVERFITTING
ORB,vwap_favor,40.0,80.0,2,57,32,37.5,1.184386617100372,0.9299999999999997,2.975999999999999,5.3100541842263835,1.4886523793145499,2.5106392907843844,23,30.434782608695656,0.7451208178438662,-1.4308695652173917,-3.291000000000001,5.670000000000004,-1.9875570101385054,-2.930030138732343,OVERFITTING
ORB,vwap_favor,60.0,20.0,1,57,27,70.37037037037037,0.7733015741507873,-0.4053703703703704,-1.0945,2.990780523176951,-1.6809335712889333,-1.9052290238427163,20,70.0,0.7597348798674399,-0.43500000000000005,-0.8700000000000001,2.2058024020165017,-1.8212524734126005,-2.073574888334618,SIN EDGE IS
ORB,vwap_favor,60.0,20.0,2,57,32,71.875,0.8320905827119585,-0.28500000000000003,-0.9120000000000001,2.805293526851652,-1.5505311848713321,-1.795429714149748,23,73.91304347826086,0.9225352112676056,-0.12195652173913042,-0.28049999999999997,1.813805044321561,-0.5606157701344697,-0.6780807706503672,SIN EDGE IS
ORB,vwap_favor,60.0,40.0,1,57,27,48.148148148148145,0.6100721978932422,-1.2201851851851855,-3.294500000000001,5.546049567327733,-3.732320658768769,-4.375107359088878,20,55.00000000000001,0.8030010126116176,-0.5350000000000001,-1.0700000000000003,2.6079350017791474,-1.635871186012994,-2.065570496058196,SIN EDGE IS
ORB,vwap_favor,60.0,40.0,2,57,32,50.0,0.6570008285004142,-1.0350000000000001,-3.3120000000000003,5.580369180986942,-3.762762835592163,-4.345975817741527,23,56.52173913043478,0.8541010770505388,-0.38282608695652187,-0.8805000000000004,2.98813116271284,-1.3314938298890235,-1.768408469701656,SIN EDGE IS
ORB,vwap_favor,60.0,80.0,1,57,27,40.74074074074074,0.9073632974316488,-0.3312962962962964,-0.8945000000000003,5.247036760993442,-0.6974383684188237,-1.0547968257145335,20,35.0,0.6131540373462496,-1.5174999999999998,-3.0349999999999997,4.024500000000001,-3.6122013596956153,-4.8700026242091115,SIN EDGE IS
ORB,vwap_favor,60.0,80.0,2,57,32,37.5,0.7918806959403482,-0.7850000000000001,-2.5120000000000005,6.245762508114351,-1.9007700624171235,-2.531275097243704,23,30.434782608695656,0.4981876553438277,-2.106739130434782,-4.845499999999999,5.835000000000002,-5.037245635595264,-5.992830715094074,SIN EDGE IS
ORB,vwap_contra,20.0,20.0,1,0,0,,,,,,,,0,,,,,,,,SIN DATOS OOS
ORB,vwap_contra,20.0,20.0,2,0,0,,,,,,,,0,,,,,,,,SIN DATOS OOS
ORB,vwap_contra,20.0,40.0,1,0,0,,,,,,,,0,,,,,,,,SIN DATOS OOS
ORB,vwap_contra,20.0,40.0,2,0,0,,,,,,,,0,,,,,,,,SIN DATOS OOS
ORB,vwap_contra,20.0,80.0,1,0,0,,,,,,,,0,,,,,,,,SIN DATOS OOS
ORB,vwap_contra,20.0,80.0,2,0,0,,,,,,,,0,,,,,,,,SIN DATOS OOS
ORB,vwap_contra,40.0,20.0,1,0,0,,,,,,,,0,,,,,,,,SIN DATOS OOS
ORB,vwap_contra,40.0,20.0,2,0,0,,,,,,,,0,,,,,,,,SIN DATOS OOS
ORB,vwap_contra,40.0,40.0,1,0,0,,,,,,,,0,,,,,,,,SIN DATOS OOS
ORB,vwap_contra,40.0,40.0,2,0,0,,,,,,,,0,,,,,,,,SIN DATOS OOS
ORB,vwap_contra,40.0,80.0,1,0,0,,,,,,,,0,,,,,,,,SIN DATOS OOS
ORB,vwap_contra,40.0,80.0,2,0,0,,,,,,,,0,,,,,,,,SIN DATOS OOS
ORB,vwap_contra,60.0,20.0,1,0,0,,,,,,,,0,,,,,,,,SIN DATOS OOS
ORB,vwap_contra,60.0,20.0,2,0,0,,,,,,,,0,,,,,,,,SIN DATOS OOS
ORB,vwap_contra,60.0,40.0,1,0,0,,,,,,,,0,,,,,,,,SIN DATOS OOS
ORB,vwap_contra,60.0,40.0,2,0,0,,,,,,,,0,,,,,,,,SIN DATOS OOS
ORB,vwap_contra,60.0,80.0,1,0,0,,,,,,,,0,,,,,,,,SIN DATOS OOS
ORB,vwap_contra,60.0,80.0,2,0,0,,,,,,,,0,,,,,,,,SIN DATOS OOS
ORB,rsi_extremo,20.0,20.0,1,2,1,100.0,999.0,9.825,0.9824999999999998,0.0,3.0,0.0,1,100.0,999.0,9.825,0.9824999999999998,0.0,3.54964786985977,0.0,SIN DATOS OOS
ORB,rsi_extremo,20.0,20.0,2,2,1,100.0,999.0,9.825,0.9824999999999998,0.0,3.0,0.0,1,100.0,999.0,9.825,0.9824999999999998,0.0,3.54964786985977,0.0,SIN DATOS OOS
ORB,rsi_extremo,20.0,40.0,1,2,1,100.0,999.0,19.825,1.9825,0.0,3.0,0.0,1,0.0,0.0,-10.175,-1.0175,1.0174999999999954,-3.5496478698597698,-3.5496478698597698,SIN DATOS OOS
ORB,rsi_extremo,20.0,40.0,2,2,1,100.0,999.0,19.825,1.9825,0.0,3.0,0.0,1,0.0,0.0,-10.175,-1.0175,1.0174999999999954,-3.5496478698597698,-3.5496478698597698,SIN DATOS OOS
ORB,rsi_extremo,20.0,80.0,1,2,1,100.0,999.0,39.825,3.982500000000001,0.0,3.0000000000000004,0.0,1,0.0,0.0,-10.175,-1.0175,1.0174999999999954,-3.5496478698597698,-3.5496478698597698,SIN DATOS OOS
ORB,rsi_extremo,20.0,80.0,2,2,1,100.0,999.0,39.825,3.982500000000001,0.0,3.0000000000000004,0.0,1,0.0,0.0,-10.175,-1.0175,1.0174999999999954,-3.5496478698597698,-3.5496478698597698,SIN DATOS OOS
ORB,rsi_extremo,40.0,20.0,1,2,1,100.0,999.0,3.93,0.393,0.0,3.000000000000001,0.0,1,100.0,999.0,3.93,0.393,0.0,3.5496478698597693,0.0,SIN DATOS OOS
ORB,rsi_extremo,40.0,20.0,2,2,1,100.0,999.0,3.93,0.393,0.0,3.000000000000001,0.0,1,100.0,999.0,3.93,0.393,0.0,3.5496478698597693,0.0,SIN DATOS OOS
ORB,rsi_extremo,40.0,40.0,1,2,1,100.0,999.0,7.93,0.7929999999999999,0.0,3.0,0.0,1,0.0,0.0,-8.07,-0.807,0.8070000000000049,-3.5496478698597707,-3.5496478698597698,SIN DATOS OOS
ORB,rsi_extremo,40.0,40.0,2,2,1,100.0,999.0,7.93,0.7929999999999999,0.0,3.0,0.0,1,0.0,0.0,-8.07,-0.807,0.8070000000000049,-3.5496478698597707,-3.5496478698597698,SIN DATOS OOS
ORB,rsi_extremo,40.0,80.0,1,2,1,100.0,999.0,15.93,1.593,0.0,3.0000000000000004,0.0,1,0.0,0.0,-8.07,-0.807,0.8070000000000049,-3.5496478698597707,-3.5496478698597698,SIN DATOS OOS
ORB,rsi_extremo,40.0,80.0,2,2,1,100.0,999.0,15.93,1.593,0.0,3.0000000000000004,0.0,1,0.0,0.0,-8.07,-0.807,0.8070000000000049,-3.5496478698597707,-3.5496478698597698,SIN DATOS OOS
ORB,rsi_extremo,60.0,20.0,1,2,1,100.0,999.0,1.965,0.1965,0.0,3.000000000000001,0.0,1,100.0,999.0,1.965,0.1965,0.0,3.5496478698597693,0.0,SIN DATOS OOS
ORB,rsi_extremo,60.0,20.0,2,2,1,100.0,999.0,1.965,0.1965,0.0,3.000000000000001,0.0,1,100.0,999.0,1.965,0.1965,0.0,3.5496478698597693,0.0,SIN DATOS OOS
ORB,rsi_extremo,60.0,40.0,1,2,1,100.0,999.0,3.965,0.39649999999999996,0.0,3.0,0.0,1,0.0,0.0,-6.035,-0.6035,0.6034999999999968,-3.5496478698597698,-3.54964786985977,SIN DATOS OOS
ORB,rsi_extremo,60.0,40.0,2,2,1,100.0,999.0,3.965,0.39649999999999996,0.0,3.0,0.0,1,0.0,0.0,-6.035,-0.6035,0.6034999999999968,-3.5496478698597698,-3.54964786985977,SIN DATOS OOS
ORB,rsi_extremo,60.0,80.0,1,2,1,100.0,999.0,7.965,0.7965,0.0,3.0000000000000004,0.0,1,0.0,0.0,-6.035,-0.6035,0.6034999999999968,-3.5496478698597698,-3.54964786985977,SIN DATOS OOS
ORB,rsi_extremo,60.0,80.0,2,2,1,100.0,999.0,7.965,0.7965,0.0,3.0000000000000004,0.0,1,0.0,0.0,-6.035,-0.6035,0.6034999999999968,-3.5496478698597698,-3.54964786985977,SIN DATOS OOS
ORB,bb_extremo,20.0,20.0,1,0,0,,,,,,,,0,,,,,,,,SIN DATOS OOS
ORB,bb_extremo,20.0,20.0,2,0,0,,,,,,,,0,,,,,,,,SIN DATOS OOS
ORB,bb_extremo,20.0,40.0,1,0,0,,,,,,,,0,,,,,,,,SIN DATOS OOS
ORB,bb_extremo,20.0,40.0,2,0,0,,,,,,,,0,,,,,,,,SIN DATOS OOS
ORB,bb_extremo,20.0,80.0,1,0,0,,,,,,,,0,,,,,,,,SIN DATOS OOS
ORB,bb_extremo,20.0,80.0,2,0,0,,,,,,,,0,,,,,,,,SIN DATOS OOS
ORB,bb_extremo,40.0,20.0,1,0,0,,,,,,,,0,,,,,,,,SIN DATOS OOS
ORB,bb_extremo,40.0,20.0,2,0,0,,,,,,,,0,,,,,,,,SIN DATOS OOS
ORB,bb_extremo,40.0,40.0,1,0,0,,,,,,,,0,,,,,,,,SIN DATOS OOS
ORB,bb_extremo,40.0,40.0,2,0,0,,,,,,,,0,,,,,,,,SIN DATOS OOS
ORB,bb_extremo,40.0,80.0,1,0,0,,,,,,,,0,,,,,,,,SIN DATOS OOS
ORB,bb_extremo,40.0,80.0,2,0,0,,,,,,,,0,,,,,,,,SIN DATOS OOS
ORB,bb_extremo,60.0,20.0,1,0,0,,,,,,,,0,,,,,,,,SIN DATOS OOS
ORB,bb_extremo,60.0,20.0,2,0,0,,,,,,,,0,,,,,,,,SIN DATOS OOS
ORB,bb_extremo,60.0,40.0,1,0,0,,,,,,,,0,,,,,,,,SIN DATOS OOS
ORB,bb_extremo,60.0,40.0,2,0,0,,,,,,,,0,,,,,,,,SIN DATOS OOS
ORB,bb_extremo,60.0,80.0,1,0,0,,,,,,,,0,,,,,,,,SIN DATOS OOS
ORB,bb_extremo,60.0,80.0,2,0,0,,,,,,,,0,,,,,,,,SIN DATOS OOS
VWAP,sin_filtro,20.0,20.0,1,324,26,30.76923076923077,0.43650499814883376,-3.219615384615385,-8.371,10.040848661896874,-6.330839504588907,-7.14787301896268,19,31.57894736842105,0.4291564291564292,-3.301578947368421,-6.273000000000001,6.789850280196309,-6.503496838804819,-7.274327085793504,SIN EDGE IS
VWAP,sin_filtro,20.0,20.0,2,324,49,32.6530612244898,0.47191073506862985,-2.916938775510204,-14.293,15.126878419528147,-8.315237135790543,-8.151116517776119,34,38.23529411764706,0.583852351294212,-2.1420588235294122,-7.283,7.768598329793639,-5.345295612108527,-6.030346835059585,SIN EDGE IS
VWAP,sin_filtro,20.0,40.0,1,324,26,15.384615384615385,0.37711024807799015,-4.534038461538462,-11.788500000000003,14.10926758972561,-7.292514988101328,-8.8828460926445,19,21.052631578947366,0.5110565110565111,-3.194473684210527,-6.069500000000001,6.069500000000005,-4.745783985295094,-6.597930526407326,SIN EDGE IS
VWAP,sin_filtro,20.0,40.0,2,324,49,16.3265306122449,0.3873331162487789,-4.223775510204082,-20.696500000000004,22.238129090775374,-10.927734716940138,-9.612471511623403,34,23.52941176470588,0.5881971164990033,-2.61264705882353,-8.883000000000001,9.360218449861483,-4.567256434070095,-5.7668322629281175,SIN EDGE IS
VWAP,sin_filtro,20.0,80.0,1,324,26,3.8461538461538463,0.1881733131733132,-6.60826923076923,-17.1815,20.353424855143892,-11.222351361015901,-12.337501762953014,19,10.526315789473683,0.44101463819773673,-4.25078947368421,-8.076500000000001,9.304964259110346,-5.077507380274499,-8.097048545159291,SIN EDGE IS
VWAP,sin_filtro,20.0,80.0,2,324,48,10.416666666666668,0.4670119499664954,-3.9769791666666667,-19.0895,22.18834900103382,-6.823149009589459,-8.115159346547564,34,11.76470588235294,0.5175543687940383,-3.4939705882352947,-11.879500000000002,11.879500000000007,-5.428398205447674,-7.081048330068445,SIN EDGE IS
VWAP,sin_filtro,40.0,20.0,1,324,26,69.23076923076923,1.0957249070631971,0.2376923076923076,0.6179999999999997,3.1930362530293377,0.6834674064341953,0.8627332806416033,19,68.42105263157895,1.0551425030978934,0.14052631578947364,0.2669999999999999,2.4329494281273734,0.41971422087168325,0.530635470603282,ROBUSTO (n<30)
VWAP,sin_filtro,40.0,20.0,2,324,49,65.3061224489796,0.9166848895692107,-0.23326530612244908,-1.1430000000000005,4.423195916157464,-0.9921015538398009,-1.4091511860826447,34,70.58823529411765,1.1687732342007437,0.4005882352941175,1.3619999999999994,3.266014985361978,1.6787304668964118,2.480140769823482,SIN EDGE IS
VWAP,sin_filtro,40.0,40.0,1,324,26,46.15384615384615,0.8422729686670212,-0.6853846153846157,-1.7820000000000007,6.990711776312633,-1.2501253905937142,-1.719724055724863,19,47.368421052631575,0.8843866171003719,-0.49105263157894763,-0.9330000000000005,4.8700000000000045,-0.8483653431843895,-1.1939534351232497,SIN EDGE IS
VWAP,sin_filtro,40.0,40.0,2,324,49,42.857142857142854,0.7369888475836434,-1.212857142857143,-5.943000000000001,11.555635612100756,-2.933552421795477,-3.673777814624974,34,47.05882352941176,0.8734682638028363,-0.5405882352941179,-1.8380000000000012,7.235647298169004,-1.3976051675880579,-1.8354194162777149,SIN EDGE IS
VWAP,sin_filtro,40.0,80.0,1,324,26,23.076923076923077,0.592193308550186,-2.531538461538462,-6.582000000000001,8.820489600661464,-3.693316698449556,-5.411395626048847,19,36.84210526315789,1.151486988847584,0.7721052631578944,1.4669999999999994,3.270000000000005,1.0784976509687736,2.0116136116495897,SIN EDGE IS
VWAP,sin_filtro,40.0,80.0,2,324,46,21.73913043478261,0.5483271375464684,-2.8526086956521732,-13.121999999999998,16.545849243114358,-5.488089342643746,-6.458425877294017,34,32.35294117647059,0.9246807822854376,-0.41117647058823564,-1.3980000000000012,8.132999999999994,-0.5426493270778098,-0.8335028729537027,SIN EDGE IS
VWAP,sin_filtro,60.0,20.0,1,324,26,73.07692307692307,0.8837732276008996,-0.1888461538461539,-0.4910000000000002,2.400855317138664,-0.7713709676416599,-0.8912101844758149,19,68.42105263157895,0.7054681027340514,-0.5613157894736843,-1.0665000000000002,2.049000000000001,-2.2391368583151894,-2.524091645941616,SIN EDGE IS
VWAP,sin_filtro,60.0,20.0,2,324,49,73.46938775510205,0.9016633739086103,-0.1574489795918368,-0.7715000000000003,3.414732652980807,-0.9491289295223397,-1.206970384064076,34,73.52941176470588,0.9044462855564763,-0.1526470588235295,-0.5190000000000002,2.241409427794279,-0.8788323733349485,-1.0945543061084975,SIN EDGE IS
VWAP,sin_filtro,60.0,40.0,1,324,26,46.15384615384615,0.5631435672860696,-1.4196153846153845,-3.691,5.380519577007855,-4.268036546251517,-4.90606888815747,19,47.368421052631575,0.5913007456503729,-1.2981578947368422,-2.4665000000000004,4.035000000000003,-3.8350776627679806,-4.514164630736029,SIN EDGE IS
VWAP,sin_filtro,60.0,40.0,2,324,49,48.97959183673469,0.6307207953603977,-1.1370408163265306,-5.5715,9.135496680279726,-3.8574339738777197,-4.497553224384115,33,48.484848484848484,0.6183537209415664,-1.1865151515151515,-3.9155,5.259500000000003,-5.224215498130533,-5.850534020104193,SIN EDGE IS
VWAP,sin_filtro,60.0,80.0,1,324,26,26.923076923076923,0.4417651419352026,-2.4619230769230764,-6.401,7.332099824894711,-6.168799197619011,-7.301310927132663,19,42.10526315789473,0.9598553890186037,-0.14026315789473698,-0.2665000000000003,3.2350000000000025,-0.24975939967192654,-0.38738339551587947,SIN EDGE IS
VWAP,sin_filtro,60.0,80.0,2,324,45,33.33333333333333,0.567239921060051,-1.7055555555555553,-7.674999999999999,10.480562848663523,-5.192805928386569,-5.878758349992343,33,36.36363636363637,0.7399692271274709,-0.9986363636363635,-3.2954999999999997,6.662999999999999,-2.7669742025180315,-3.582439421321946,SIN EDGE IS
VWAP,atr_alto,20.0,20.0,1,191,26,26.923076923076923,0.36366827275918184,-3.8350000000000004,-9.971,11.62528160819945,-7.773184324600527,-8.276219959538643,15,33.33333333333333,0.4491171933032398,-3.213666666666667,-4.820500000000001,5.345359978916906,-5.37500564826453,-6.161259394409696,SIN EDGE IS
VWAP,atr_alto,20.0,20.0,2,191,43,30.23255813953488,0.4229496212967288,-3.304418604651162,-14.208999999999996,15.043695689847247,-10.143732296708771,-9.265036615543563,28,35.714285714285715,0.514987714987715,-2.6437500000000003,-7.402500000000001,7.8874724575112,-5.642150709346024,-6.264451321785394,SIN EDGE IS
VWAP,atr_alto,20.0,40.0,1,191,26,11.538461538461538,0.2694599822259398,-5.374807692307693,-13.9745,15.646802147427257,-10.04347936876838,-10.614931233417048,15,20.0,0.47715990573133427,-3.475666666666667,-5.213500000000001,5.2135,-4.664393034564251,-6.358230437135371,SIN EDGE IS
VWAP,atr_alto,20.0,40.0,2,191,43,13.953488372093023,0.3247338247338248,-4.7936046511627906,-20.6125,22.155762017993275,-12.380464876259829,-10.382818783591796,28,25.0,0.62707221327911,-2.358035714285715,-6.602500000000002,7.091662397477279,-3.694259072314129,-4.765414166876085,SIN EDGE IS
VWAP,atr_alto,20.0,80.0,1,191,26,3.8461538461538463,0.1881733131733132,-6.60826923076923,-17.1815,20.353424855143892,-11.222351361015901,-12.337501762953014,15,13.333333333333334,0.5693098056734419,-3.213666666666667,-4.820500000000001,6.0924773937023025,-3.004140435803549,-5.3764041778184914,SIN EDGE IS
VWAP,atr_alto,20.0,80.0,2,191,42,9.523809523809524,0.42652617652617664,-4.334642857142858,-18.2055,22.053710960979004,-7.2316850568765645,-8.5600328302059,28,14.285714285714285,0.6325664507482689,-2.6437500000000007,-7.4025000000000025,8.57683061080422,-3.363053420126438,-4.72533305566091,SIN EDGE IS
VWAP,atr_alto,40.0,20.0,1,191,26,69.23076923076923,1.0957249070631971,0.23769230769230765,0.6179999999999999,2.5161116810933026,0.6800375462679432,0.8582698229162067,15,66.66666666666666,0.9739776951672863,-0.07000000000000026,-0.10500000000000038,1.6559999999999946,-0.12690295946619537,-0.15840248508896104,OVERFITTING
VWAP,atr_alto,40.0,20.0,2,191,43,67.44186046511628,1.008762612851833,0.023023255813953494,0.09900000000000002,2.4437917964796694,0.1429096109268901,0.21702928277449082,28,67.85714285714286,1.0280875671210246,0.07285714285714273,0.20399999999999968,3.2451744157197373,0.2954544210766819,0.4195769227955476,ROBUSTO (n<30)
VWAP,atr_alto,40.0,40.0,1,191,26,46.15384615384615,0.8422729686670212,-0.6853846153846157,-1.7820000000000007,4.91502386078398,-1.2276381573992245,-1.6912996516084045,15,46.666666666666664,0.8598203221809169,-0.6033333333333336,-0.9050000000000005,3.2559999999999945,-0.9478323909596527,-1.3242164612061287,SIN EDGE IS
VWAP,atr_alto,40.0,40.0,2,191,43,44.18604651162791,0.7779326724494011,-1.0002325581395353,-4.301000000000001,8.123166578071778,-2.0403968639590477,-2.6983689719571333,28,50.0,0.9826517967781915,-0.07000000000000028,-0.19600000000000078,4.833027340842548,-0.1375953584373296,-0.1992715562867494,SIN EDGE IS
VWAP,atr_alto,40.0,80.0,1,191,26,19.230769230769234,0.46999468932554445,-3.4546153846153844,-8.982,11.182857086610289,-5.35390581363734,-7.2028056753960135,15,40.0,1.3159851301115244,1.5299999999999998,2.2949999999999995,2.4026199573264453,1.801711339281751,3.508485197720199,SIN EDGE IS
VWAP,atr_alto,40.0,80.0,2,191,40,20.0,0.4934944237918215,-3.2700000000000005,-13.08,17.287228887639774,-5.403890160717481,-6.624043332696297,27,33.33333333333333,0.9869888475836432,-0.07000000000000028,-0.18900000000000078,5.712000000000001,-0.004355497152760938,-0.006576200889971059,SIN EDGE IS
VWAP,atr_alto,60.0,20.0,1,191,26,73.07692307692307,0.8837732276008996,-0.188846153846154,-0.4910000000000004,2.0589541550852566,-0.7684977186991339,-0.8879894489217235,15,66.66666666666666,0.6512013256006629,-0.7016666666666668,-1.0525000000000002,1.641999999999996,-2.452507212082534,-2.7387650567052906,SIN EDGE IS
VWAP,atr_alto,60.0,20.0,2,191,43,74.4186046511628,0.9472019281464188,-0.08151162790697672,-0.3504999999999999,2.222764535375967,-0.48173006691027875,-0.6351086060594706,28,71.42857142857143,0.8140016570008287,-0.32071428571428573,-0.898,2.0312928904748855,-1.5732044425213194,-1.919697160492167,SIN EDGE IS
VWAP,atr_alto,60.0,40.0,1,191,26,50.0,0.6570008285004146,-1.0350000000000001,-2.6910000000000003,4.260108669126921,-3.070884139978982,-3.6764618185500684,15,46.666666666666664,0.5748757249378624,-1.3683333333333334,-2.0525,2.827999999999997,-3.5883806555041025,-4.219335829840256,SIN EDGE IS
VWAP,atr_alto,60.0,40.0,2,191,43,48.837209302325576,0.6271371544776684,-1.1512790697674418,-4.950499999999999,7.665214846269075,-3.643490522608196,-4.26209561460159,27,51.85185185185185,0.7075393537696772,-0.8498148148148149,-2.2945,3.4490000000000007,-4.0476677238412355,-5.021366758191856,SIN EDGE IS
VWAP,atr_alto,60.0,80.0,1,191,26,26.923076923076923,0.4417651419352026,-2.4619230769230764,-6.401,7.332099824894711,-6.151103556680486,-7.289136866958577,15,46.666666666666664,1.1548260149130076,0.4983333333333332,0.7474999999999998,2.0279999999999974,0.9937159169205706,1.6221662898876652,SIN EDGE IS
VWAP,atr_alto,60.0,80.0,2,191,38,28.947368421052634,0.5063978643100433,-2.1165789473684207,-8.042999999999997,9.67487917474629,-5.58740609355593,-6.336127343545378,26,38.46153846153847,0.8248757249378625,-0.6503846153846156,-1.6910000000000005,4.852499999999997,-1.7190568696380588,-2.244059835674514,SIN EDGE IS
VWAP,atr_bajo,20.0,20.0,1,133,17,23.52941176470588,0.2915024801817255,-4.495,-7.641500000000001,7.641499999999997,-7.398346540027201,-7.673871439561294,11,36.36363636363637,0.5327459120562569,-2.5068181818181823,-2.7575000000000003,4.329499999999996,-3.4838519690661878,-4.287270076335501,SIN EDGE IS
VWAP,atr_bajo,20.0,20.0,2,133,27,33.33333333333333,0.4761872707078187,-2.8820370370370374,-7.781500000000001,7.781500000000005,-5.304596360165964,-5.970192514863441,15,40.0,0.6263364101201939,-1.875666666666667,-2.8135000000000003,4.329499999999996,-3.5598256157333212,-4.702213348702439,SIN EDGE IS
VWAP,atr_bajo,20.0,40.0,1,133,17,11.76470588235294,0.25552825552825553,-5.436176470588236,-9.2415,9.241499999999997,-7.868504544347734,-8.681933975672765,11,18.181818181818183,0.421276313168205,-3.9613636363636364,-4.3575,7.529499999999996,-4.462524581390398,-5.989237470454981,SIN EDGE IS
VWAP,atr_bajo,20.0,40.0,2,133,26,19.230769230769234,0.4584477525653997,-3.6028846153846157,-9.367500000000001,9.367499999999996,-6.116710324862909,-6.5222868857765,14,21.428571428571427,0.5195741195741196,-3.1425000000000005,-4.399500000000001,6.757500000000006,-4.554073895152979,-5.516215872364348,SIN EDGE IS
VWAP,atr_bajo,20.0,80.0,1,133,17,5.88235294117647,0.055641655641655643,-7.347941176470589,-12.491500000000002,12.491499999999997,-15.15573121453191,-11.327263893561963,11,9.090909090909092,0.295559417510637,-5.343181818181819,-5.8775,8.343499999999993,-5.741640891264146,-7.728882280060258,SIN EDGE IS
VWAP,atr_bajo,20.0,80.0,2,133,26,11.538461538461538,0.3755779239650209,-4.545192307692308,-11.8175,11.817499999999995,-6.1527465869148905,-7.193604851788318,13,15.384615384615385,0.6171990171990172,-2.696538461538462,-3.505500000000001,5.971500000000003,-2.6104092740052107,-4.159055950101855,SIN EDGE IS
VWAP,atr_bajo,40.0,20.0,1,133,17,52.94117647058824,0.5478624535315986,-1.717058823529412,-2.9190000000000005,5.518194470126816,-3.4503339063583627,-3.8574640862201517,11,72.72727272727273,1.298636926889715,0.6572727272727271,0.7229999999999999,1.6285996035580081,1.4317615875514509,1.8721245800063395,SIN EDGE IS
VWAP,atr_bajo,40.0,20.0,2,133,27,62.96296296296296,0.8278810408921935,-0.5144444444444445,-1.3890000000000002,5.830054623935221,-1.2590113072306997,-1.6306720991281156,15,66.66666666666666,0.9739776951672863,-0.07000000000000016,-0.10500000000000026,2.0409789527158164,-0.17085678755976808,-0.2335718385297743,SIN EDGE IS
VWAP,atr_bajo,40.0,40.0,1,133,17,23.52941176470588,0.30235439900867417,-4.305294117647058,-7.318999999999999,8.740818054707663,-7.277727308081518,-7.611565965117498,11,45.45454545454545,0.818876497315159,-0.7972727272727276,-0.8770000000000003,4.017144047701715,-1.085484451436695,-1.4994860115971143,SIN EDGE IS
VWAP,atr_bajo,40.0,40.0,2,133,26,30.76923076923077,0.43673413190141813,-3.1469230769230765,-8.181999999999999,10.278784799241715,-5.356571233455394,-6.016908174040155,14,42.857142857142854,0.736988847583643,-1.212857142857143,-1.6980000000000006,4.031033901163771,-2.071527153412618,-2.5738583691026187,SIN EDGE IS
VWAP,atr_bajo,40.0,80.0,1,133,17,11.76470588235294,0.16199917389508472,-5.9670588235294115,-10.144,10.143999999999995,-10.235205516425383,-9.779015216341602,11,36.36363636363637,0.6872012745618693,-1.6063636363636364,-1.7670000000000001,4.533502674062099,-1.938076849388816,-2.8440488483411013,SIN EDGE IS
VWAP,atr_bajo,40.0,80.0,2,133,26,15.384615384615385,0.28990649994367473,-4.848846153846154,-12.607,12.606999999999994,-9.158241843256945,-8.427311195972006,13,38.46153846153847,0.8480483271375464,-0.7546153846153849,-0.9810000000000004,3.7536092396535166,-0.945124895246594,-1.348527897695184,SIN EDGE IS
VWAP,atr_bajo,60.0,20.0,1,133,17,58.82352941176471,0.509793747567778,-1.1114705882352942,-1.8895000000000002,3.3780351268304476,-3.5267814993668094,-3.792791468612111,11,72.72727272727273,0.8682684341342171,-0.21681818181818197,-0.23850000000000016,1.4147200750525286,-0.6761693150546337,-0.7857373356396173,SIN EDGE IS
VWAP,atr_bajo,60.0,20.0,2,133,25,68.0,0.7493270524899058,-0.447,-1.1175000000000002,3.3954356278942526,-1.8381289656774378,-2.2567538059397783,15,66.66666666666666,0.6512013256006629,-0.7016666666666668,-1.0525000000000002,1.8209218884891194,-2.9310533710384283,-3.352192043738358,SIN EDGE IS
VWAP,atr_bajo,60.0,40.0,1,133,17,47.05882352941176,0.6266916921861108,-1.1114705882352942,-1.8895000000000002,3.7612195469440066,-2.7507026368439242,-3.291995632572143,11,45.45454545454545,0.5475006904170119,-1.4895454545454547,-1.6385,3.211765350385721,-3.315757465031024,-3.8886376851247815,SIN EDGE IS
VWAP,atr_bajo,60.0,40.0,2,133,23,47.82608695652174,0.634676949941793,-1.091521739130435,-2.5105000000000004,5.110730877413627,-3.1648715343672666,-3.8508853830288903,14,50.0,0.6570008285004142,-1.0350000000000001,-1.449,2.8168312640380977,-3.418034633992351,-4.05664495314497,SIN EDGE IS
VWAP,atr_bajo,60.0,80.0,1,133,17,35.294117647058826,0.3587780170694744,-2.364411764705882,-4.0195,4.44900173719133,-5.568663104182077,-6.277669344714073,11,36.36363636363637,0.4594626583027577,-2.075909090909091,-2.2835000000000005,3.4709113819396973,-4.173724287512583,-5.026987652664787,SIN EDGE IS
VWAP,atr_bajo,60.0,80.0,2,133,21,33.33333333333333,0.3769649709122417,-2.396904761904762,-5.0335,5.27646586505614,-6.338970875827801,-6.429716307785586,13,46.15384615384615,0.8365487039886377,-0.5311538461538462,-0.6905,2.6775175189134535,-1.3284534503113796,-1.7721353378360127,SIN EDGE IS
VWAP,vwap_favor,20.0,20.0,1,324,26,30.76923076923077,0.43650499814883376,-3.219615384615385,-8.371,10.040848661896874,-6.330839504588907,-7.14787301896268,19,31.57894736842105,0.4291564291564292,-3.301578947368421,-6.273000000000001,6.789850280196309,-6.503496838804819,-7.274327085793504,SIN EDGE IS
VWAP,vwap_favor,20.0,20.0,2,324,49,32.6530612244898,0.47191073506862985,-2.916938775510204,-14.293,15.126878419528147,-8.315237135790543,-8.151116517776119,34,38.23529411764706,0.583852351294212,-2.1420588235294122,-7.283,7.768598329793639,-5.345295612108527,-6.030346835059585,SIN EDGE IS
VWAP,vwap_favor,20.0,40.0,1,324,26,15.384615384615385,0.37711024807799015,-4.534038461538462,-11.788500000000003,14.10926758972561,-7.292514988101328,-8.8828460926445,19,21.052631578947366,0.5110565110565111,-3.194473684210527,-6.069500000000001,6.069500000000005,-4.745783985295094,-6.597930526407326,SIN EDGE IS
VWAP,vwap_favor,20.0,40.0,2,324,49,16.3265306122449,0.3873331162487789,-4.223775510204082,-20.696500000000004,22.238129090775374,-10.927734716940138,-9.612471511623403,34,23.52941176470588,0.5881971164990033,-2.61264705882353,-8.883000000000001,9.360218449861483,-4.567256434070095,-5.7668322629281175,SIN EDGE IS
VWAP,vwap_favor,20.0,80.0,1,324,26,3.8461538461538463,0.1881733131733132,-6.60826923076923,-17.1815,20.353424855143892,-11.222351361015901,-12.337501762953014,19,10.526315789473683,0.44101463819773673,-4.25078947368421,-8.076500000000001,9.304964259110346,-5.077507380274499,-8.097048545159291,SIN EDGE IS
VWAP,vwap_favor,20.0,80.0,2,324,48,10.416666666666668,0.4670119499664954,-3.9769791666666667,-19.0895,22.18834900103382,-6.823149009589459,-8.115159346547564,34,11.76470588235294,0.5175543687940383,-3.4939705882352947,-11.879500000000002,11.879500000000007,-5.428398205447674,-7.081048330068445,SIN EDGE IS
VWAP,vwap_favor,40.0,20.0,1,324,26,69.23076923076923,1.0957249070631971,0.2376923076923076,0.6179999999999997,3.1930362530293377,0.6834674064341953,0.8627332806416033,19,68.42105263157895,1.0551425030978934,0.14052631578947364,0.2669999999999999,2.4329494281273734,0.41971422087168325,0.530635470603282,ROBUSTO (n<30)
VWAP,vwap_favor,40.0,20.0,2,324,49,65.3061224489796,0.9166848895692107,-0.23326530612244908,-1.1430000000000005,4.423195916157464,-0.9921015538398009,-1.4091511860826447,34,70.58823529411765,1.1687732342007437,0.4005882352941175,1.3619999999999994,3.266014985361978,1.6787304668964118,2.480140769823482,SIN EDGE IS
VWAP,vwap_favor,40.0,40.0,1,324,26,46.15384615384615,0.8422729686670212,-0.6853846153846157,-1.7820000000000007,6.990711776312633,-1.2501253905937142,-1.719724055724863,19,47.368421052631575,0.8843866171003719,-0.49105263157894763,-0.9330000000000005,4.8700000000000045,-0.8483653431843895,-1.1939534351232497,SIN EDGE IS
VWAP,vwap_favor,40.0,40.0,2,324,49,42.857142857142854,0.7369888475836434,-1.212857142857143,-5.943000000000001,11.555635612100756,-2.933552421795477,-3.673777814624974,34,47.05882352941176,0.8734682638028363,-0.5405882352941179,-1.8380000000000012,7.235647298169004,-1.3976051675880579,-1.8354194162777149,SIN EDGE IS
VWAP,vwap_favor,40.0,80.0,1,324,26,23.076923076923077,0.592193308550186,-2.531538461538462,-6.582000000000001,8.820489600661464,-3.693316698449556,-5.411395626048847,19,36.84210526315789,1.151486988847584,0.7721052631578944,1.4669999999999994,3.270000000000005,1.0784976509687736,2.0116136116495897,SIN EDGE IS
VWAP,vwap_favor,40.0,80.0,2,324,46,21.73913043478261,0.5483271375464684,-2.8526086956521732,-13.121999999999998,16.545849243114358,-5.488089342643746,-6.458425877294017,34,32.35294117647059,0.9246807822854376,-0.41117647058823564,-1.3980000000000012,8.132999999999994,-0.5426493270778098,-0.8335028729537027,SIN EDGE IS
VWAP,vwap_favor,60.0,20.0,1,324,26,73.07692307692307,0.8837732276008996,-0.1888461538461539,-0.4910000000000002,2.400855317138664,-0.7713709676416599,-0.8912101844758149,19,68.42105263157895,0.7054681027340514,-0.5613157894736843,-1.0665000000000002,2.049000000000001,-2.2391368583151894,-2.524091645941616,SIN EDGE IS
VWAP,vwap_favor,60.0,20.0,2,324,49,73.46938775510205,0.9016633739086103,-0.1574489795918368,-0.7715000000000003,3.414732652980807,-0.9491289295223397,-1.206970384064076,34,73.52941176470588,0.9044462855564763,-0.1526470588235295,-0.5190000000000002,2.241409427794279,-0.8788323733349485,-1.0945543061084975,SIN EDGE IS
VWAP,vwap_favor,60.0,40.0,1,324,26,46.15384615384615,0.5631435672860696,-1.4196153846153845,-3.691,5.380519577007855,-4.268036546251517,-4.90606888815747,19,47.368421052631575,0.5913007456503729,-1.2981578947368422,-2.4665000000000004,4.035000000000003,-3.8350776627679806,-4.514164630736029,SIN EDGE IS
VWAP,vwap_favor,60.0,40.0,2,324,49,48.97959183673469,0.6307207953603977,-1.1370408163265306,-5.5715,9.135496680279726,-3.8574339738777197,-4.497553224384115,33,48.484848484848484,0.6183537209415664,-1.1865151515151515,-3.9155,5.259500000000003,-5.224215498130533,-5.850534020104193,SIN EDGE IS
VWAP,vwap_favor,60.0,80.0,1,324,26,26.923076923076923,0.4417651419352026,-2.4619230769230764,-6.401,7.332099824894711,-6.168799197619011,-7.301310927132663,19,42.10526315789473,0.9598553890186037,-0.14026315789473698,-0.2665000000000003,3.2350000000000025,-0.24975939967192654,-0.38738339551587947,SIN EDGE IS
VWAP,vwap_favor,60.0,80.0,2,324,45,33.33333333333333,0.567239921060051,-1.7055555555555553,-7.674999999999999,10.480562848663523,-5.192805928386569,-5.878758349992343,33,36.36363636363637,0.7399692271274709,-0.9986363636363635,-3.2954999999999997,6.662999999999999,-2.7669742025180315,-3.582439421321946,SIN EDGE IS
VWAP,vwap_contra,20.0,20.0,1,0,0,,,,,,,,0,,,,,,,,SIN DATOS OOS
VWAP,vwap_contra,20.0,20.0,2,0,0,,,,,,,,0,,,,,,,,SIN DATOS OOS
VWAP,vwap_contra,20.0,40.0,1,0,0,,,,,,,,0,,,,,,,,SIN DATOS OOS
VWAP,vwap_contra,20.0,40.0,2,0,0,,,,,,,,0,,,,,,,,SIN DATOS OOS
VWAP,vwap_contra,20.0,80.0,1,0,0,,,,,,,,0,,,,,,,,SIN DATOS OOS
VWAP,vwap_contra,20.0,80.0,2,0,0,,,,,,,,0,,,,,,,,SIN DATOS OOS
VWAP,vwap_contra,40.0,20.0,1,0,0,,,,,,,,0,,,,,,,,SIN DATOS OOS
VWAP,vwap_contra,40.0,20.0,2,0,0,,,,,,,,0,,,,,,,,SIN DATOS OOS
VWAP,vwap_contra,40.0,40.0,1,0,0,,,,,,,,0,,,,,,,,SIN DATOS OOS
VWAP,vwap_contra,40.0,40.0,2,0,0,,,,,,,,0,,,,,,,,SIN DATOS OOS
VWAP,vwap_contra,40.0,80.0,1,0,0,,,,,,,,0,,,,,,,,SIN DATOS OOS
VWAP,vwap_contra,40.0,80.0,2,0,0,,,,,,,,0,,,,,,,,SIN DATOS OOS
VWAP,vwap_contra,60.0,20.0,1,0,0,,,,,,,,0,,,,,,,,SIN DATOS OOS
VWAP,vwap_contra,60.0,20.0,2,0,0,,,,,,,,0,,,,,,,,SIN DATOS OOS
VWAP,vwap_contra,60.0,40.0,1,0,0,,,,,,,,0,,,,,,,,SIN DATOS OOS
VWAP,vwap_contra,60.0,40.0,2,0,0,,,,,,,,0,,,,,,,,SIN DATOS OOS
VWAP,vwap_contra,60.0,80.0,1,0,0,,,,,,,,0,,,,,,,,SIN DATOS OOS
VWAP,vwap_contra,60.0,80.0,2,0,0,,,,,,,,0,,,,,,,,SIN DATOS OOS
VWAP,rsi_extremo,20.0,20.0,1,36,11,27.27272727272727,0.3803886531159258,-3.782727272727273,-4.1610000000000005,5.093456787067072,-4.564126781686682,-5.251574802255669,12,50.0,0.8913248913248913,-0.4791666666666672,-0.5750000000000006,3.468268451436783,-0.6286617505686783,-0.8651317477942106,SIN EDGE IS
VWAP,rsi_extremo,20.0,20.0,2,36,13,23.076923076923077,0.30616647689818416,-4.453076923076924,-5.7890000000000015,6.705617309929941,-5.255514988290758,-5.620538678413414,14,57.14285714285714,1.2070024570024571,0.8424999999999995,1.1794999999999993,3.7987894985831905,1.1310046446193447,1.9038493319035128,SIN EDGE IS
VWAP,rsi_extremo,20.0,40.0,1,36,11,18.181818181818183,0.4383906633906634,-4.155909090909091,-4.5715,6.4265927977839405,-3.7392186885376733,-5.049614779461237,12,25.0,0.6319144697523076,-2.3095833333333338,-2.7715000000000005,3.5014999999999983,-2.523831908985607,-3.813342392390445,SIN EDGE IS
VWAP,rsi_extremo,20.0,40.0,2,36,13,15.384615384615385,0.37309843692822414,-4.612307692307693,-5.996,7.823401073713635,-4.352602033109436,-5.3123989307682455,14,28.57142857142857,0.7249871435917946,-1.718928571428572,-2.406500000000001,4.417779663609315,-2.3587771618523763,-3.3968890804915475,SIN EDGE IS
VWAP,rsi_extremo,20.0,80.0,1,36,11,9.090909090909092,0.4447732856823766,-4.5195454545454545,-4.9715,8.611064361791655,-3.0550473133716745,-5.251149322727199,12,8.333333333333332,0.33310680119190755,-5.315416666666667,-6.378500000000001,7.629656305344107,-5.432000100089873,-7.81996149506618,SIN EDGE IS
VWAP,rsi_extremo,20.0,80.0,2,36,13,7.6923076923076925,0.37634662634662636,-5.076538461538462,-6.5995,10.176712427571951,-3.783709970380042,-5.5994653358153625,14,7.142857142857142,0.28992628992628994,-5.573571428571428,-7.803,8.298645819346428,-8.069791948969081,-8.952240398888456,SIN EDGE IS
VWAP,rsi_extremo,40.0,20.0,1,36,11,45.45454545454545,0.405824039653036,-2.6154545454545457,-2.8770000000000002,3.6486607632006214,-4.039403296567435,-4.359388980013205,12,75.0,1.4609665427509295,0.93,1.1159999999999999,0.8070000000000049,2.1562230695115407,2.871383601312885,SIN EDGE IS
VWAP,rsi_extremo,40.0,20.0,2,36,13,46.15384615384615,0.41741901221455124,-2.531538461538462,-3.2910000000000004,4.06104011235843,-4.937537046017683,-5.1909275368534935,14,78.57142857142857,1.7856257744733581,1.3585714285714285,1.902,0.8070000000000049,3.2772341138344125,4.881535451008881,SIN EDGE IS
VWAP,rsi_extremo,40.0,40.0,1,36,11,36.36363636363637,0.5615153124446804,-2.251818181818182,-2.4770000000000003,3.9863348166817634,-2.7872242522117165,-3.4804338796308145,12,41.66666666666667,0.7018941405558505,-1.4033333333333335,-1.6840000000000004,3.2419999999999956,-2.0483478653224325,-2.721325201848927,SIN EDGE IS
VWAP,rsi_extremo,40.0,40.0,2,36,13,30.76923076923077,0.43673413190141813,-3.1469230769230774,-4.091,4.845574593473746,-4.33763260789122,-4.832859627276129,14,50.0,0.9826517967781908,-0.07000000000000028,-0.09800000000000039,2.4026199573264453,-0.060932767175523275,-0.09503226100486668,SIN EDGE IS
VWAP,rsi_extremo,40.0,80.0,1,36,11,18.181818181818183,0.43866171003717475,-3.7063636363636365,-4.077,5.581093185554117,-3.7199173846769895,-5.039999276528894,12,25.0,0.6579925650557621,-2.0700000000000003,-2.4840000000000004,4.076999999999998,-2.280477624156136,-3.5388154094208457,SIN EDGE IS
VWAP,rsi_extremo,40.0,80.0,2,36,13,15.384615384615385,0.3589050354849612,-4.377692307692308,-5.691,7.169785319854707,-4.527895278140025,-5.471007769713723,14,28.57142857142857,0.7895910780669146,-1.212857142857143,-1.6980000000000006,4.02520716518632,-1.1305374720557668,-2.009655489117124,SIN EDGE IS
VWAP,rsi_extremo,60.0,20.0,1,36,11,63.63636363636363,0.56980115990058,-0.9440909090909092,-1.0385000000000002,1.624807253746397,-2.341249828037153,-2.5686582287062607,12,83.33333333333334,1.6280033140016572,0.6316666666666667,0.758,0.612684301391073,2.5420411078540335,3.1882468747270303,SIN EDGE IS
VWAP,rsi_extremo,60.0,20.0,2,36,13,69.23076923076923,0.7326014913007457,-0.4965384615384617,-0.6455000000000002,1.6047645798430024,-1.3479505186140617,-1.5871785234660503,14,85.71428571428571,1.9536039768019886,0.8221428571428572,1.151,0.6103045098291102,3.5526571944984777,4.843362464302433,SIN EDGE IS
VWAP,rsi_extremo,60.0,40.0,1,36,11,45.45454545454545,0.5475006904170119,-1.4895454545454547,-1.6385,2.211540373411807,-2.8366201010724312,-3.315957801878428,12,50.0,0.6570008285004142,-1.0350000000000001,-1.2420000000000002,2.026963091342828,-2.427706028635419,-2.9493589866940897,SIN EDGE IS
VWAP,rsi_extremo,60.0,40.0,2,36,13,46.15384615384615,0.5631435672860693,-1.4196153846153847,-1.8455000000000004,2.8004852325898133,-2.5800337987472437,-3.053258872728943,14,57.14285714285714,0.8760011046672189,-0.32071428571428584,-0.4490000000000002,1.810214641150703,-0.829692161604163,-1.1293402203237626,SIN EDGE IS
VWAP,rsi_extremo,60.0,80.0,1,36,11,36.36363636363637,0.6659959758551307,-1.2827272727272727,-1.411,2.3815311047506604,-1.9179614302134813,-2.620714733458023,12,33.33333333333333,0.65990057995029,-1.3683333333333334,-1.6420000000000001,3.394412290386622,-2.430171907277454,-3.3777980949478486,SIN EDGE IS
VWAP,rsi_extremo,60.0,80.0,2,36,12,33.33333333333333,0.5827464788732395,-1.67875,-2.0145,2.9802622114855253,-2.483687053064198,-3.1412471399550794,14,35.714285714285715,0.7332228666114334,-1.0350000000000001,-1.449,3.3879376374373127,-1.6926057292550767,-2.517561657423311,SIN EDGE IS
VWAP,bb_extremo,20.0,20.0,1,23,11,9.090909090909092,0.11775633726853238,-6.691818181818181,-7.361,8.262322679672227,-8.924214999584612,-8.385590962076671,8,37.5,0.5517725517725518,-2.394375,-1.9155000000000002,2.701499999999999,-2.8092354630230307,-3.491153163497004,SIN EDGE IS
VWAP,bb_extremo,20.0,20.0,2,23,13,23.076923076923077,0.29887679887679885,-4.609615384615385,-5.992500000000001,6.907137375287798,-7.653054920781495,-7.539580428442517,8,37.5,0.5517725517725518,-2.394375,-1.9155000000000002,2.701499999999999,-2.8092354630230307,-3.491153163497004,SIN EDGE IS
VWAP,bb_extremo,20.0,40.0,1,23,11,9.090909090909092,0.23195273195273194,-5.967727272727274,-6.564500000000001,8.380849655578166,-6.286841743180528,-7.306924359884717,8,25.0,0.5995085995085995,-2.6487500000000006,-2.119,2.6723079294212404,-2.3207307130975896,-3.405140237913133,SIN EDGE IS
VWAP,bb_extremo,20.0,40.0,2,23,13,23.076923076923077,0.6199463926736654,-2.6176923076923084,-3.4030000000000014,6.918575001821309,-2.961187699642653,-4.031949010922645,8,25.0,0.5995085995085995,-2.6487500000000006,-2.119,2.6723079294212404,-2.3207307130975896,-3.405140237913133,SIN EDGE IS
VWAP,bb_extremo,20.0,80.0,1,23,11,9.090909090909092,0.4447732856823766,-4.5195454545454545,-4.9715,8.611064361791655,-3.055047313371674,-5.251149322727197,8,12.5,0.4892506142506142,-4.157500000000001,-3.3260000000000005,5.377880657932723,-2.8601583042973715,-4.733055311146188,SIN EDGE IS
VWAP,bb_extremo,20.0,80.0,2,23,13,15.384615384615385,0.7338759213759214,-1.999615384615385,-2.5995000000000004,8.611064361791655,-1.2951094298337786,-2.353840824924453,8,12.5,0.4892506142506142,-4.157500000000001,-3.3260000000000005,5.377880657932723,-2.8601583042973715,-4.733055311146188,SIN EDGE IS
VWAP,bb_extremo,40.0,20.0,1,23,11,45.45454545454545,0.405824039653036,-2.6154545454545457,-2.8770000000000002,3.2571992071160274,-4.046751489691452,-4.365362591210323,8,62.5,0.811648079306072,-0.5700000000000002,-0.4560000000000002,0.849000000000001,-0.9287195565293033,-1.1255672505569483,SIN EDGE IS
VWAP,bb_extremo,40.0,20.0,2,23,13,53.84615384615385,0.5681536555142503,-1.6084615384615388,-2.0910000000000006,2.834317471344211,-2.8836649285508273,-3.374080688299464,8,62.5,0.811648079306072,-0.5700000000000002,-0.4560000000000002,0.849000000000001,-0.9287195565293033,-1.1255672505569483,SIN EDGE IS
VWAP,bb_extremo,40.0,40.0,1,23,11,27.27272727272727,0.3684944237918215,-3.7063636363636365,-4.077,4.831684740011701,-4.73482073807872,-5.376064697644704,8,50.0,0.9826517967781908,-0.07000000000000028,-0.05600000000000022,1.6279999999999972,-0.04571990408109431,-0.06602934410861627,SIN EDGE IS
VWAP,bb_extremo,40.0,40.0,2,23,13,38.46153846153847,0.6141573729863692,-1.9161538461538465,-2.4910000000000005,4.000118142795258,-3.115863908670186,-3.78659102814536,8,50.0,0.9826517967781908,-0.07000000000000028,-0.05600000000000022,1.6279999999999972,-0.04571990408109431,-0.06602934410861627,SIN EDGE IS
VWAP,bb_extremo,40.0,80.0,1,23,11,9.090909090909092,0.19739776951672866,-5.8881818181818195,-6.477000000000001,7.943460671502951,-7.033801595547367,-7.651211072717323,8,37.5,1.1843866171003716,0.9299999999999997,0.7439999999999998,1.6222491219018538,0.8322031401972289,1.5700665552893946,SIN EDGE IS
VWAP,bb_extremo,40.0,80.0,2,23,13,15.384615384615385,0.3589050354849612,-4.377692307692309,-5.691000000000001,7.943460671502951,-5.387903296023584,-6.140482398508512,8,37.5,1.1843866171003716,0.9299999999999997,0.7439999999999998,1.6222491219018538,0.8322031401972289,1.5700665552893946,SIN EDGE IS
VWAP,bb_extremo,60.0,20.0,1,23,11,63.63636363636363,0.56980115990058,-0.9440909090909092,-1.0385000000000002,1.4121479592344968,-2.3453053251313696,-2.5725490377737117,8,75.0,0.9768019884009943,-0.03500000000000003,-0.028000000000000025,0.8092295915577656,-0.08233417504282428,-0.09707166425363041,SIN EDGE IS
VWAP,bb_extremo,60.0,20.0,2,23,13,69.23076923076923,0.7326014913007457,-0.4965384615384616,-0.6455000000000001,1.2140133531526103,-1.4766056500620963,-1.7128595146795553,8,75.0,0.9768019884009943,-0.03500000000000003,-0.028000000000000025,0.8092295915577656,-0.08233417504282428,-0.09707166425363041,SIN EDGE IS
VWAP,bb_extremo,60.0,40.0,1,23,11,45.45454545454545,0.5475006904170119,-1.4895454545454547,-1.6385,2.211540373411807,-2.8414762434711878,-3.320460837956356,8,62.5,1.0950013808340238,0.21499999999999986,0.17199999999999988,1.197503794906386,0.4587108591343303,0.618154654368776,SIN EDGE IS
VWAP,bb_extremo,60.0,40.0,2,23,13,53.84615384615385,0.7665009665838166,-0.6503846153846156,-0.8455000000000003,1.810214641150703,-1.6307939050908016,-2.0311682255968164,8,62.5,1.0950013808340238,0.21499999999999986,0.17199999999999988,1.197503794906386,0.4587108591343303,0.618154654368776,SIN EDGE IS
VWAP,bb_extremo,60.0,80.0,1,23,11,36.36363636363637,0.6659959758551307,-1.282727272727273,-1.411,2.785132156961352,-1.9297287390251494,-2.6331319924804157,8,50.0,1.31980115990058,0.9649999999999999,0.7719999999999999,1.5921372535509293,1.378677100870011,2.3447437117751653,SIN EDGE IS
VWAP,bb_extremo,60.0,80.0,2,23,13,38.46153846153847,0.747721623860812,-0.9369230769230769,-1.218,2.394603709949408,-1.5257433501810442,-1.9904585515117215,8,50.0,1.31980115990058,0.9649999999999999,0.7719999999999999,1.5921372535509293,1.378677100870011,2.3447437117751653,SIN EDGE IS
VWAP_inv,sin_filtro,20.0,20.0,1,324,26,34.61538461538461,0.5037923298792863,-2.679807692307693,-6.967500000000001,6.967499999999996,-5.158075321469752,-6.079188560446881,19,52.63157894736842,0.9891532330556719,-0.04763157894736881,-0.09050000000000073,2.869348346791116,-0.015088337297930132,-0.021306130924363943,SIN EDGE IS
VWAP_inv,sin_filtro,20.0,20.0,2,324,49,42.857142857142854,0.7177926115979216,-1.3243877551020413,-6.489500000000002,9.297500000000001,-3.188797470669061,-3.9364630751653924,34,50.0,0.9521908271908274,-0.20602941176470624,-0.7005000000000012,5.386753804135781,-0.44870895558884016,-0.6392399168158903,SIN EDGE IS
VWAP_inv,sin_filtro,20.0,40.0,1,324,26,15.384615384615385,0.3463827463827465,-4.604230769230769,-11.971000000000002,12.468615918503307,-7.8683202326335335,-9.198236075566129,19,31.57894736842105,0.8659568659568662,-0.9044736842105272,-1.7185000000000017,5.712065467139322,-0.9498400015792291,-1.5888533023547335,SIN EDGE IS
VWAP_inv,sin_filtro,20.0,40.0,2,324,49,22.448979591836736,0.556686556686557,-2.83530612244898,-13.893,14.343978950823919,-5.5667651472056825,-6.477964762986999,34,29.411764705882355,0.7830030540310913,-1.389705882352942,-4.725000000000003,9.37152206378951,-2.5560164219721297,-3.45220257379181,SIN EDGE IS
VWAP_inv,sin_filtro,20.0,80.0,1,324,26,11.538461538461538,0.5050328921296665,-3.6028846153846157,-9.367500000000001,9.367499999999996,-4.055479050267448,-6.962518703858005,19,31.57894736842105,1.8064638064638063,5.614473684210528,10.667500000000002,4.395058528789254,3.844754421798235,11.27168745048784,SIN EDGE IS
VWAP_inv,sin_filtro,20.0,80.0,2,324,49,12.244897959183673,0.5191234324182302,-3.4550000000000005,-16.929500000000004,16.929499999999994,-4.721118500712784,-6.987765630603399,34,26.47058823529412,1.2224471744471743,1.6642647058823536,5.658500000000003,5.610223470923762,2.1249528781467553,3.9570060139959367,SIN EDGE IS
VWAP_inv,sin_filtro,40.0,20.0,1,324,26,76.92307692307693,1.6232961586121442,1.160769230769231,3.0180000000000007,1.62894034192803,3.447401858719344,4.588243692774505,19,73.68421052631578,1.3635687732342008,0.7721052631578947,1.467,1.9945488172880375,2.2594632692678456,2.9679959654961965,ROBUSTO (n<30)
VWAP_inv,sin_filtro,40.0,20.0,2,324,49,79.59183673469387,1.899256505576209,1.4810204081632654,7.257000000000001,2.3758120547192436,6.360055272548819,10.815450284886158,34,70.58823529411765,1.1687732342007437,0.40058823529411763,1.3619999999999999,2.8022636290142007,1.5421585092544385,2.2776705822646353,DEGRADA
VWAP_inv,sin_filtro,40.0,40.0,1,324,26,50.0,0.9826517967781915,-0.07000000000000028,-0.18200000000000074,4.104999999999995,-0.06906436127162578,-0.09900894836242807,19,52.63157894736842,1.0918353297535457,0.35105263157894706,0.6669999999999995,4.636684808555327,0.733379036570709,1.087393388801912,SIN EDGE IS
VWAP_inv,sin_filtro,40.0,40.0,2,324,49,53.06122448979592,1.1108237702709987,0.41979591836734664,2.0569999999999986,5.719000000000006,1.1124417372910766,1.7128138245787607,34,52.94117647058824,1.1054832713754648,0.40058823529411736,1.361999999999999,5.3550256883151075,1.2124074741984068,1.9800926631110198,ROBUSTO
VWAP_inv,sin_filtro,40.0,80.0,1,324,26,34.61538461538461,1.0450470150885633,0.2376923076923074,0.6179999999999993,4.904999999999996,0.39319565692340774,0.705984290411903,19,47.368421052631575,1.776579925650558,3.2984210526315785,6.266999999999999,3.7303412121769473,4.275868880844973,9.118555610359664,ROBUSTO (n<30)
VWAP_inv,sin_filtro,40.0,80.0,2,324,49,32.6530612244898,0.9413090007885547,-0.318979591836735,-1.5630000000000015,7.3889999999999985,-0.34560185838930124,-0.573862007084899,32,46.875,1.626576281070049,2.68625,8.596,5.122366135318321,5.43225090958704,10.160555063947934,SIN EDGE IS
VWAP_inv,sin_filtro,60.0,20.0,1,324,26,88.46153846153845,2.496271748135875,1.041923076923077,2.7090000000000005,0.6034999999999968,6.053587889126907,7.723622634545753,19,84.21052631578947,1.7365368682684341,0.7018421052631578,1.3335,1.1931003805663951,3.6450328312570046,4.5590941143205095,DEGRADA
VWAP_inv,sin_filtro,60.0,20.0,2,324,49,85.71428571428571,1.9536039768019886,0.8221428571428572,4.0285,0.9990014928176704,6.659362779541492,11.196266014228076,34,82.35294117647058,1.5194697597348803,0.5532352941176472,1.8810000000000004,1.3988463834763496,3.9927650859276063,6.142601153328326,ROBUSTO
VWAP_inv,sin_filtro,60.0,40.0,1,324,26,61.53846153846154,1.051201325600663,0.1188461538461537,0.30899999999999966,3.0524999999999975,0.39970321127476505,0.5300379535715926,19,63.1578947368421,1.1262871345721388,0.28078947368421037,0.5334999999999998,1.7927720296180036,0.919145841166285,1.2446681539801752,ROBUSTO (n<30)
VWAP_inv,sin_filtro,60.0,40.0,2,324,48,64.58333333333334,1.198060334324285,0.4233333333333332,2.0319999999999996,2.6909999999999967,1.7474705442499558,2.628179525509285,34,64.70588235294117,1.2045015189174266,0.4355882352941175,1.4809999999999994,2.541280044988697,2.065037142442564,3.416126570524665,ROBUSTO
VWAP_inv,sin_filtro,60.0,80.0,1,324,26,42.30769230769231,0.9678541839270923,-0.11192307692307707,-0.29100000000000037,3.452499999999998,-0.1877952655445423,-0.28978753503627824,19,57.89473684210527,1.8147265948632976,2.070263157894737,3.9335,2.1119193648076866,4.602449689713818,8.41636522218068,SIN EDGE IS
VWAP_inv,sin_filtro,60.0,80.0,2,324,48,41.66666666666667,0.9497820018192654,-0.16677083333333345,-0.8005000000000007,5.498500000000002,-0.35493931960912445,-0.5450492069252421,32,59.375,1.934911641710509,2.16578125,6.9305,2.446018422985028,8.207152510362185,17.273170959490656,SIN EDGE IS
VWAP_inv,atr_alto,20.0,20.0,1,191,26,30.76923076923077,0.4232775739625055,-3.295192307692308,-8.5675,8.567499999999995,-6.55578590292803,-7.299748843165107,15,46.666666666666664,0.8485593031047576,-0.6780000000000004,-1.0170000000000006,3.536751417324787,-1.035838735723112,-1.437854334724198,SIN EDGE IS
VWAP_inv,atr_alto,20.0,20.0,2,191,43,37.2093023255814,0.5669589522800532,-2.233837209302326,-9.605500000000001,10.391499999999997,-5.609703405494175,-6.060561506805225,28,50.0,0.9492358305917628,-0.21767857142857186,-0.6095000000000012,4.435561288035795,-0.4098868269970013,-0.5777082558394443,SIN EDGE IS
VWAP_inv,atr_alto,20.0,40.0,1,191,26,11.538461538461538,0.24873229128548288,-5.527307692307692,-14.370999999999997,14.855049046172509,-10.742769208151689,-10.861820890038652,15,33.33333333333333,0.9145564859850575,-0.5680000000000004,-0.8520000000000006,3.8023809754819733,-0.48721672103806835,-0.8253557384856695,SIN EDGE IS
VWAP_inv,atr_alto,20.0,40.0,2,191,43,16.27906976744186,0.37366631887179835,-4.3276744186046505,-18.608999999999998,19.035279254723868,-9.54566612843995,-9.109892847304724,28,32.142857142857146,0.8634967612240337,-0.8730357142857148,-2.4445000000000014,7.059462394786861,-1.2378753273082614,-1.7405909031760263,SIN EDGE IS
VWAP_inv,atr_alto,20.0,80.0,1,191,26,7.6923076923076925,0.322804528990096,-5.141346153846154,-13.367500000000001,13.367499999999996,-7.08254495400782,-9.896662777941541,15,33.33333333333333,1.957002457002457,6.491666666666669,9.737500000000002,2.7288575004469755,3.822300471037991,11.588768332974054,SIN EDGE IS
VWAP_inv,atr_alto,20.0,80.0,2,191,43,6.976744186046512,0.2972661960003732,-5.254651162790697,-22.595,22.59499999999998,-9.877320647688295,-10.279863481863924,28,28.57142857142857,1.3323587223587219,2.4155357142857157,6.763500000000003,5.550454128065018,2.5391399398879595,4.843891637558435,SIN EDGE IS
VWAP_inv,atr_alto,40.0,20.0,1,191,26,84.61538461538461,2.678438661710038,2.083846153846154,5.418000000000001,0.8070000000000049,7.176668160524536,10.082026481329352,15,73.33333333333333,1.3392193308550187,0.73,1.095,1.6038217060346878,1.8833153066665609,2.471999929205478,DEGRADA
VWAP_inv,atr_alto,40.0,20.0,2,191,43,83.72093023255815,2.5045140732873077,1.9765116279069777,8.499000000000004,1.1168329872767053,10.093513356726406,23.426557626537026,28,67.85714285714286,1.0280875671210246,0.0728571428571428,0.20399999999999985,3.2013637080245947,0.2966198666735849,0.42230217240503093,DEGRADA
VWAP_inv,atr_alto,40.0,40.0,1,191,26,50.0,0.9826517967781915,-0.07000000000000028,-0.18200000000000074,3.1683981118614652,-0.07228256060980866,-0.10360038286424263,15,53.333333333333336,1.123030624889361,0.46333333333333304,0.6949999999999996,3.1431784689366395,0.837818603878468,1.2508047273030303,SIN EDGE IS
VWAP_inv,atr_alto,40.0,40.0,2,191,43,51.162790697674424,1.0294447394819146,0.11604651162790669,0.4989999999999988,3.8894940283976567,0.3447185547933109,0.5002117043692711,28,50.0,0.9826517967781915,-0.07000000000000028,-0.19600000000000078,4.687424803888546,-0.14426771973106978,-0.2088033433704018,OVERFITTING
VWAP_inv,atr_alto,40.0,80.0,1,191,26,34.61538461538461,1.0450470150885633,0.2376923076923074,0.6179999999999993,3.9940522496085658,0.3957064404469009,0.7106579859430392,15,46.666666666666664,1.7272304832713756,3.13,4.695,2.3137269764268997,3.5550764725013497,7.5466749635261845,ROBUSTO (n<30)
VWAP_inv,atr_alto,40.0,80.0,2,191,43,30.23255813953488,0.8553903345724909,-0.8141860465116282,-3.5010000000000012,5.68532780796747,-1.1164065253908557,-1.7571474893748769,26,46.15384615384615,1.5521331209063558,2.3992307692307686,6.2379999999999995,4.554090404619935,4.775104269260166,7.750906791723287,SIN EDGE IS
VWAP_inv,atr_alto,60.0,20.0,1,191,26,88.46153846153845,2.496271748135875,1.041923076923077,2.7090000000000005,0.6034999999999968,6.053587889126907,7.723622634545753,15,80.0,1.3024026512013256,0.36500000000000005,0.5475000000000001,1.197753344182913,1.5487092376261509,1.8888011685816404,DEGRADA
VWAP_inv,atr_alto,60.0,20.0,2,191,43,86.04651162790698,2.0078707539353773,0.8487209302325585,3.6495000000000015,0.6034999999999968,6.71210090843051,10.977754285753011,28,78.57142857142857,1.193869096934549,0.2507142857142857,0.702,1.40919280839451,1.5761670006136623,2.317788712175672,DEGRADA
VWAP_inv,atr_alto,60.0,40.0,1,191,26,69.23076923076923,1.4782518641259321,0.888076923076923,2.3089999999999997,2.381574858304187,2.901574126069157,4.0824473935914645,15,60.0,0.9855012427506215,-0.03500000000000014,-0.05250000000000021,1.7895267465306623,-0.06332498311149182,-0.08355384777068216,OVERFITTING
VWAP_inv,atr_alto,60.0,40.0,2,191,41,70.73170731707317,1.587752002209335,1.038170731707317,4.2565,2.0350000000000024,3.8271568785507935,5.954335932821012,28,60.71428571428571,1.0153649167733676,0.03642857142857129,0.10199999999999959,2.570931116506048,0.19884684567946115,0.30598913812226397,DEGRADA
VWAP_inv,atr_alto,60.0,80.0,1,191,26,50.0,1.3198011599005803,0.9649999999999999,2.509,2.802861906085024,2.0981714704185856,3.515211010939421,15,53.333333333333336,1.5083441827435198,1.4316666666666664,2.1475,2.1444019619202135,2.7988410772543193,4.920356182969336,ROBUSTO (n<30)
VWAP_inv,atr_alto,60.0,80.0,2,191,40,47.5,1.1941058113386203,0.6149999999999999,2.4599999999999995,3.217160843124864,1.4844662528615866,2.4524806922395563,25,60.0,1.8487986743993376,2.049,5.1225,2.1079205994428896,7.007501032378902,13.829740790989979,ROBUSTO (n<30)
VWAP_inv,atr_bajo,20.0,20.0,1,133,17,58.82352941176471,1.3705318221447256,1.3749999999999993,2.337499999999999,4.231921372515041,1.9275594744458409,2.9710735953652216,11,54.54545454545454,1.1587223587223587,0.7340909090909084,0.8074999999999992,2.9717503248472013,0.9162397631592137,1.3750426882806401,ROBUSTO (n<30)
VWAP_inv,atr_bajo,20.0,20.0,2,133,27,55.55555555555556,1.2306691718456422,0.8866666666666662,2.3939999999999984,5.2508213602706775,1.6754740389510148,2.604525007873693,15,46.666666666666664,0.8612125639152666,-0.6966666666666673,-1.045000000000001,4.6416862964132175,-0.935233096293456,-1.1723125524898268,OVERFITTING
VWAP_inv,atr_bajo,20.0,40.0,1,133,17,47.05882352941176,1.7485667485667487,3.494705882352941,5.941,5.901499999999999,3.155325469324275,6.597413070482474,11,27.27272727272727,0.6845740088983331,-2.1590909090909096,-2.3750000000000004,4.575022848233961,-2.0160215083723556,-3.092180449377305,OVERFITTING
VWAP_inv,atr_bajo,20.0,40.0,2,133,27,37.03703703703704,1.1577466794858098,0.82037037037037,2.214999999999999,9.971500000000002,1.0259448048329014,1.6528228282418382,15,26.666666666666668,0.6632861100946207,-2.1470000000000007,-3.2205000000000013,5.344615858842481,-2.7815786961153286,-3.609358136643833,OVERFITTING
VWAP_inv,atr_bajo,20.0,80.0,1,133,17,41.17647058823529,2.4943600625418805,7.870882352941177,13.380500000000001,5.901499999999999,4.385033098978735,13.967694130622485,11,18.181818181818183,0.7828009828009828,-1.6072727272727276,-1.7680000000000005,4.548038382120729,-1.0669125842304366,-2.1397855038447005,OVERFITTING
VWAP_inv,atr_bajo,20.0,80.0,2,133,25,32.0,1.610682912052775,3.6288,9.072,9.971500000000002,2.894967134651501,5.911953753199386,15,20.0,0.9209423327070386,-0.5470000000000004,-0.8205000000000006,5.223899017125037,-0.39244317077345187,-0.7061588824266721,OVERFITTING
VWAP_inv,atr_bajo,40.0,20.0,1,133,17,76.47058823529412,1.5827137546468402,1.106470588235294,1.881,2.823902064884993,2.608913486499243,3.4851996161439693,11,81.81818181818183,2.1914498141263943,1.7481818181818185,1.9230000000000005,1.5588630151539908,4.2928671282563675,6.151049413293606,ROBUSTO (n<30)
VWAP_inv,atr_bajo,40.0,20.0,2,133,26,73.07692307692307,1.321826872012746,0.6992307692307692,1.8179999999999998,2.485464250987247,2.3044215378422868,3.7268410722071605,14,78.57142857142857,1.7856257744733581,1.3585714285714285,1.902,1.565121262957826,4.224065475115019,6.937310167724535,ROBUSTO (n<30)
VWAP_inv,atr_bajo,40.0,40.0,1,133,17,76.47058823529412,3.193618339529121,4.165294117647059,7.0809999999999995,2.4158423700058447,6.847732779289804,12.810557198450486,11,54.54545454545454,1.179182156133829,0.657272727272727,0.7229999999999996,2.3604567750440983,1.0012254853427223,1.51408952494742,DEGRADA
VWAP_inv,atr_bajo,40.0,40.0,2,133,26,69.23076923076923,2.2109665427509295,3.0069230769230773,7.818000000000001,3.985785442875988,4.999025046562513,9.011459629291926,14,50.0,0.9826517967781908,-0.07000000000000028,-0.09800000000000039,3.180774678845303,-0.11218565468884321,-0.1619680397970137,OVERFITTING
VWAP_inv,atr_bajo,40.0,80.0,1,133,17,47.05882352941176,1.4365964477488642,1.8652941176470588,3.1710000000000003,3.9789999999999965,2.0894812350045715,3.997728811701105,11,36.36363636363637,1.2291666666666665,1.0799999999999996,1.1879999999999995,3.8347129429877516,1.170239561628043,2.2732811179540287,ROBUSTO (n<30)
VWAP_inv,atr_bajo,40.0,80.0,2,133,23,47.82608695652174,1.5709417596034703,2.4039130434782607,5.529,5.5929999999999955,3.4496038728754024,5.824325623524298,13,38.46153846153847,1.329494241362043,1.518461538461538,1.9739999999999993,3.864350291143132,2.03518492493392,3.9863361790319467,ROBUSTO (n<30)
VWAP_inv,atr_bajo,60.0,20.0,1,133,17,94.11764705882352,15.641791044776118,1.7311764705882355,2.9430000000000005,0.19904438887926035,14.665413302744641,43.76503589193104,11,90.9090909090909,3.2560066280033144,1.237727272727273,1.3615000000000002,0.5918697592311056,5.874291247000651,8.132209524427697,DEGRADA
VWAP_inv,atr_bajo,60.0,20.0,2,133,26,88.46153846153845,3.2098721590909105,1.1967307692307694,3.1115,0.987264724704091,7.829128826722004,15.407425431993646,14,85.71428571428571,1.9536039768019886,0.8221428571428572,1.151,0.5976283019335114,4.697912729072703,7.164639307367237,DEGRADA
VWAP_inv,atr_bajo,60.0,40.0,1,133,17,82.35294117647058,3.942471590909092,2.4370588235294113,4.143,1.0035419126328113,7.902307044780168,14.029617482960049,11,63.63636363636363,1.5689655172413792,0.9149999999999998,1.0064999999999997,0.7960360254181429,2.519313308945493,3.7973074764994084,DEGRADA
VWAP_inv,atr_bajo,60.0,40.0,2,133,26,80.76923076923077,3.184130019120459,2.196730769230769,5.711499999999999,0.7904652887973981,8.301222939883655,23.341168901620204,14,57.14285714285714,1.0658602150537633,0.13999999999999982,0.19599999999999973,1.3970468366374036,0.5817870500719929,0.876484076812407,DEGRADA
VWAP_inv,atr_bajo,60.0,80.0,1,133,17,52.94117647058824,1.9163479923518167,1.6914705882352943,2.8755,1.181321687573988,3.567047496817976,6.854242039048223,11,45.45454545454545,1.5657558482406135,1.308181818181818,1.4389999999999996,1.3259393898047411,2.423840956126603,4.57539545716851,ROBUSTO (n<30)
VWAP_inv,atr_bajo,60.0,80.0,2,133,20,50.0,1.5673187571921752,1.2325,2.465,1.7816818041642182,2.9828033234434743,4.851038552302297,13,46.15384615384615,1.5185891325071499,1.255384615384615,1.6319999999999997,1.333784300461753,3.0778494102263907,6.0380727326731956,ROBUSTO (n<30)
VWAP_inv,vwap_favor,20.0,20.0,1,0,0,,,,,,,,0,,,,,,,,SIN DATOS OOS
VWAP_inv,vwap_favor,20.0,20.0,2,0,0,,,,,,,,0,,,,,,,,SIN DATOS OOS
VWAP_inv,vwap_favor,20.0,40.0,1,0,0,,,,,,,,0,,,,,,,,SIN DATOS OOS
VWAP_inv,vwap_favor,20.0,40.0,2,0,0,,,,,,,,0,,,,,,,,SIN DATOS OOS
VWAP_inv,vwap_favor,20.0,80.0,1,0,0,,,,,,,,0,,,,,,,,SIN DATOS OOS
VWAP_inv,vwap_favor,20.0,80.0,2,0,0,,,,,,,,0,,,,,,,,SIN DATOS OOS
VWAP_inv,vwap_favor,40.0,20.0,1,0,0,,,,,,,,0,,,,,,,,SIN DATOS OOS
VWAP_inv,vwap_favor,40.0,20.0,2,0,0,,,,,,,,0,,,,,,,,SIN DATOS OOS
VWAP_inv,vwap_favor,40.0,40.0,1,0,0,,,,,,,,0,,,,,,,,SIN DATOS OOS
VWAP_inv,vwap_favor,40.0,40.0,2,0,0,,,,,,,,0,,,,,,,,SIN DATOS OOS
VWAP_inv,vwap_favor,40.0,80.0,1,0,0,,,,,,,,0,,,,,,,,SIN DATOS OOS
VWAP_inv,vwap_favor,40.0,80.0,2,0,0,,,,,,,,0,,,,,,,,SIN DATOS OOS
VWAP_inv,vwap_favor,60.0,20.0,1,0,0,,,,,,,,0,,,,,,,,SIN DATOS OOS
VWAP_inv,vwap_favor,60.0,20.0,2,0,0,,,,,,,,0,,,,,,,,SIN DATOS OOS
VWAP_inv,vwap_favor,60.0,40.0,1,0,0,,,,,,,,0,,,,,,,,SIN DATOS OOS
VWAP_inv,vwap_favor,60.0,40.0,2,0,0,,,,,,,,0,,,,,,,,SIN DATOS OOS
VWAP_inv,vwap_favor,60.0,80.0,1,0,0,,,,,,,,0,,,,,,,,SIN DATOS OOS
VWAP_inv,vwap_favor,60.0,80.0,2,0,0,,,,,,,,0,,,,,,,,SIN DATOS OOS
VWAP_inv,vwap_contra,20.0,20.0,1,324,26,34.61538461538461,0.5037923298792863,-2.679807692307693,-6.967500000000001,6.967499999999996,-5.158075321469752,-6.079188560446881,19,52.63157894736842,0.9891532330556719,-0.04763157894736881,-0.09050000000000073,2.869348346791116,-0.015088337297930132,-0.021306130924363943,SIN EDGE IS
VWAP_inv,vwap_contra,20.0,20.0,2,324,49,42.857142857142854,0.7177926115979216,-1.3243877551020413,-6.489500000000002,9.297500000000001,-3.188797470669061,-3.9364630751653924,34,50.0,0.9521908271908274,-0.20602941176470624,-0.7005000000000012,5.386753804135781,-0.44870895558884016,-0.6392399168158903,SIN EDGE IS
VWAP_inv,vwap_contra,20.0,40.0,1,324,26,15.384615384615385,0.3463827463827465,-4.604230769230769,-11.971000000000002,12.468615918503307,-7.8683202326335335,-9.198236075566129,19,31.57894736842105,0.8659568659568662,-0.9044736842105272,-1.7185000000000017,5.712065467139322,-0.9498400015792291,-1.5888533023547335,SIN EDGE IS
VWAP_inv,vwap_contra,20.0,40.0,2,324,49,22.448979591836736,0.556686556686557,-2.83530612244898,-13.893,14.343978950823919,-5.5667651472056825,-6.477964762986999,34,29.411764705882355,0.7830030540310913,-1.389705882352942,-4.725000000000003,9.37152206378951,-2.5560164219721297,-3.45220257379181,SIN EDGE IS
VWAP_inv,vwap_contra,20.0,80.0,1,324,26,11.538461538461538,0.5050328921296665,-3.6028846153846157,-9.367500000000001,9.367499999999996,-4.055479050267448,-6.962518703858005,19,31.57894736842105,1.8064638064638063,5.614473684210528,10.667500000000002,4.395058528789254,3.844754421798235,11.27168745048784,SIN EDGE IS
VWAP_inv,vwap_contra,20.0,80.0,2,324,49,12.244897959183673,0.5191234324182302,-3.4550000000000005,-16.929500000000004,16.929499999999994,-4.721118500712784,-6.987765630603399,34,26.47058823529412,1.2224471744471743,1.6642647058823536,5.658500000000003,5.610223470923762,2.1249528781467553,3.9570060139959367,SIN EDGE IS
VWAP_inv,vwap_contra,40.0,20.0,1,324,26,76.92307692307693,1.6232961586121442,1.160769230769231,3.0180000000000007,1.62894034192803,3.447401858719344,4.588243692774505,19,73.68421052631578,1.3635687732342008,0.7721052631578947,1.467,1.9945488172880375,2.2594632692678456,2.9679959654961965,ROBUSTO (n<30)
VWAP_inv,vwap_contra,40.0,20.0,2,324,49,79.59183673469387,1.899256505576209,1.4810204081632654,7.257000000000001,2.3758120547192436,6.360055272548819,10.815450284886158,34,70.58823529411765,1.1687732342007437,0.40058823529411763,1.3619999999999999,2.8022636290142007,1.5421585092544385,2.2776705822646353,DEGRADA
VWAP_inv,vwap_contra,40.0,40.0,1,324,26,50.0,0.9826517967781915,-0.07000000000000028,-0.18200000000000074,4.104999999999995,-0.06906436127162578,-0.09900894836242807,19,52.63157894736842,1.0918353297535457,0.35105263157894706,0.6669999999999995,4.636684808555327,0.733379036570709,1.087393388801912,SIN EDGE IS
VWAP_inv,vwap_contra,40.0,40.0,2,324,49,53.06122448979592,1.1108237702709987,0.41979591836734664,2.0569999999999986,5.719000000000006,1.1124417372910766,1.7128138245787607,34,52.94117647058824,1.1054832713754648,0.40058823529411736,1.361999999999999,5.3550256883151075,1.2124074741984068,1.9800926631110198,ROBUSTO
VWAP_inv,vwap_contra,40.0,80.0,1,324,26,34.61538461538461,1.0450470150885633,0.2376923076923074,0.6179999999999993,4.904999999999996,0.39319565692340774,0.705984290411903,19,47.368421052631575,1.776579925650558,3.2984210526315785,6.266999999999999,3.7303412121769473,4.275868880844973,9.118555610359664,ROBUSTO (n<30)
VWAP_inv,vwap_contra,40.0,80.0,2,324,49,32.6530612244898,0.9413090007885547,-0.318979591836735,-1.5630000000000015,7.3889999999999985,-0.34560185838930124,-0.573862007084899,32,46.875,1.626576281070049,2.68625,8.596,5.122366135318321,5.43225090958704,10.160555063947934,SIN EDGE IS
VWAP_inv,vwap_contra,60.0,20.0,1,324,26,88.46153846153845,2.496271748135875,1.041923076923077,2.7090000000000005,0.6034999999999968,6.053587889126907,7.723622634545753,19,84.21052631578947,1.7365368682684341,0.7018421052631578,1.3335,1.1931003805663951,3.6450328312570046,4.5590941143205095,DEGRADA
VWAP_inv,vwap_contra,60.0,20.0,2,324,49,85.71428571428571,1.9536039768019886,0.8221428571428572,4.0285,0.9990014928176704,6.659362779541492,11.196266014228076,34,82.35294117647058,1.5194697597348803,0.5532352941176472,1.8810000000000004,1.3988463834763496,3.9927650859276063,6.142601153328326,ROBUSTO
VWAP_inv,vwap_contra,60.0,40.0,1,324,26,61.53846153846154,1.051201325600663,0.1188461538461537,0.30899999999999966,3.0524999999999975,0.39970321127476505,0.5300379535715926,19,63.1578947368421,1.1262871345721388,0.28078947368421037,0.5334999999999998,1.7927720296180036,0.919145841166285,1.2446681539801752,ROBUSTO (n<30)
VWAP_inv,vwap_contra,60.0,40.0,2,324,48,64.58333333333334,1.198060334324285,0.4233333333333332,2.0319999999999996,2.6909999999999967,1.7474705442499558,2.628179525509285,34,64.70588235294117,1.2045015189174266,0.4355882352941175,1.4809999999999994,2.541280044988697,2.065037142442564,3.416126570524665,ROBUSTO
VWAP_inv,vwap_contra,60.0,80.0,1,324,26,42.30769230769231,0.9678541839270923,-0.11192307692307707,-0.29100000000000037,3.452499999999998,-0.1877952655445423,-0.28978753503627824,19,57.89473684210527,1.8147265948632976,2.070263157894737,3.9335,2.1119193648076866,4.602449689713818,8.41636522218068,SIN EDGE IS
VWAP_inv,vwap_contra,60.0,80.0,2,324,48,41.66666666666667,0.9497820018192654,-0.16677083333333345,-0.8005000000000007,5.498500000000002,-0.35493931960912445,-0.5450492069252421,32,59.375,1.934911641710509,2.16578125,6.9305,2.446018422985028,8.207152510362185,17.273170959490656,SIN EDGE IS
VWAP_inv,rsi_extremo,20.0,20.0,1,68,14,21.428571428571427,0.2574938574938575,-4.8567857142857145,-6.7995,7.585500000000002,-7.1158612273926485,-7.3570151680814835,14,50.0,0.9033050645953871,-0.435714285714286,-0.6100000000000004,3.1337112866090755,-0.5971170820219276,-0.8274673849304339,SIN EDGE IS
VWAP_inv,rsi_extremo,20.0,20.0,2,68,23,43.47826086956522,0.7152607152607153,-1.360434782608696,-3.1290000000000004,5.226518952408888,-3.1800063485374537,-3.996826242939845,21,47.61904761904761,0.8449017199017198,-0.7214285714285721,-1.5150000000000012,3.6403984613867215,-1.4875827326846036,-2.011180127108025,SIN EDGE IS
VWAP_inv,rsi_extremo,20.0,40.0,1,68,14,14.285714285714285,0.31174447174447173,-5.002142857142858,-7.003000000000001,9.105733902762788,-5.8687789986789,-7.077474127720148,14,35.714285714285715,1.0391482391482392,0.2560714285714284,0.35849999999999976,4.824744418944293,0.32873683546123583,0.5855535672995292,SIN EDGE IS
VWAP_inv,rsi_extremo,20.0,40.0,2,68,23,30.434782608695656,0.8309365515247868,-1.0171739130434787,-2.339500000000001,7.861941863073008,-1.5515724273951053,-1.9473337180740002,21,28.57142857142857,0.7683842613420081,-1.593571428571429,-3.3465000000000007,7.045619569242023,-2.2830255873815952,-3.0044230741278395,SIN EDGE IS
VWAP_inv,rsi_extremo,20.0,80.0,1,68,14,7.142857142857142,0.27957177957177953,-5.864285714285715,-8.21,10.158219020539597,-5.816303903130583,-7.8088472014066745,14,28.57142857142857,1.5656019656019657,4.1107142857142875,5.755000000000003,4.589845952590387,2.5134742855690857,7.020644628469925,SIN EDGE IS
VWAP_inv,rsi_extremo,20.0,80.0,2,68,23,21.73913043478261,0.9897483690587139,-0.07891304347826109,-0.18150000000000047,8.00840312385187,0.03359315919046309,0.055642655368696815,21,19.047619047619047,0.931905931905932,-0.5542857142857143,-1.1640000000000001,7.433093727317417,-0.37788677348405963,-0.6673622065864052,SIN EDGE IS
VWAP_inv,rsi_extremo,40.0,20.0,1,68,14,71.42857142857143,1.2174721189591078,0.5014285714285713,0.7019999999999998,2.004368495438774,1.0483953881916361,1.3473412286090687,14,78.57142857142857,1.7856257744733581,1.3585714285714285,1.902,1.5951926783225756,3.5657924944759074,4.88606934248425,ROBUSTO (n<30)
VWAP_inv,rsi_extremo,40.0,20.0,2,68,23,78.26086956521739,1.7531598513011155,1.3213043478260869,3.0389999999999997,1.6240866964154315,3.7919526392956144,6.846070270564204,21,71.42857142857143,1.2174721189591078,0.5014285714285713,1.0529999999999997,1.6017466382176337,1.5914821910184807,2.447362659873147,DEGRADA
VWAP_inv,rsi_extremo,40.0,40.0,1,68,14,57.14285714285714,1.3102023957042543,1.0728571428571425,1.5019999999999996,2.378417448890877,1.538537761269588,2.3708060801039217,14,57.14285714285714,1.3102023957042543,1.0728571428571425,1.5019999999999996,2.364742769513272,1.812321293988667,2.80855609452989,ROBUSTO (n<30)
VWAP_inv,rsi_extremo,40.0,40.0,2,68,23,65.21739130434783,1.8424721189591085,2.364782608695652,5.438999999999999,2.3690665127687307,3.8948687505987385,7.817523825488853,21,47.61904761904761,0.893319815252901,-0.4509523809523812,-0.9470000000000006,4.0101597225614185,-0.8866555400462217,-1.188825992174859,OVERFITTING
VWAP_inv,rsi_extremo,40.0,80.0,1,68,14,35.714285714285715,1.096654275092937,0.5014285714285711,0.7019999999999996,4.692497044172645,0.5446314787761196,0.994604140906282,14,50.0,1.7739422906709152,3.1228571428571428,4.372,2.3105775012168395,3.5632867768703385,7.572094024404552,ROBUSTO (n<30)
VWAP_inv,rsi_extremo,40.0,80.0,2,68,21,47.61904761904761,1.794525177424806,3.3585714285714285,7.053,3.813033505057727,3.3760518054833364,8.6922213960369,21,33.33333333333333,0.886971145335458,-0.6080952380952385,-1.2770000000000008,5.8498521785489395,-0.9733742692322483,-1.3228025559198202,OVERFITTING
VWAP_inv,rsi_extremo,60.0,20.0,1,68,14,71.42857142857143,0.8140016570008286,-0.32071428571428584,-0.4490000000000002,1.6045412294523769,-0.9576753859334082,-1.0957877514581682,14,78.57142857142857,1.1938690969345485,0.2507142857142857,0.35100000000000003,1.1999264336734883,1.0102252363252828,1.2201360865198132,SIN EDGE IS
VWAP_inv,rsi_extremo,60.0,20.0,2,68,23,78.26086956521739,1.1721623860811932,0.22586956521739132,0.5195,1.6121605228628808,1.0398508927027448,1.4399526011053156,21,76.19047619047619,1.0419221209610605,0.06023809523809528,0.12650000000000008,1.2091203921471578,0.31305920677148913,0.4134081843737976,ROBUSTO (n<30)
VWAP_inv,rsi_extremo,60.0,40.0,1,68,14,71.42857142857143,1.6425020712510359,1.1078571428571427,1.5509999999999997,1.3973781864719153,2.6889666703130946,3.900238704894578,14,57.14285714285714,0.8760011046672189,-0.32071428571428584,-0.4490000000000002,2.011078224519345,-0.8107156367200224,-1.0443122890158238,OVERFITTING
VWAP_inv,rsi_extremo,60.0,40.0,2,68,23,73.91304347826086,1.8615023474178403,1.3563043478260868,3.1194999999999995,1.792464393400837,3.722605557213807,6.268642170858803,21,52.38095238095239,0.7227009113504559,-0.796904761904762,-1.6735000000000004,3.9737209815409598,-2.3687646737116324,-2.8999005435827314,OVERFITTING
VWAP_inv,rsi_extremo,60.0,80.0,1,68,14,50.0,1.7066115702479345,1.6489285714285713,2.3085,2.583839437756539,2.7712204809993066,5.123436160204826,14,50.0,1.1860575216001894,0.5614285714285714,0.7859999999999999,2.343990350573057,1.1265042348260645,1.836929685454915,DEGRADA
VWAP_inv,rsi_extremo,60.0,80.0,2,68,21,57.14285714285714,2.136343316942334,2.4209523809523814,5.084000000000001,2.5439497606264307,4.159281989749516,9.611130714840405,21,38.095238095238095,0.740169523930916,-0.9707142857142858,-2.0385,5.281115199961013,-2.246431391097572,-2.9623084353457827,OVERFITTING
VWAP_inv,bb_extremo,20.0,20.0,1,94,19,36.84210526315789,0.5517725517725518,-2.352368421052632,-4.469500000000001,6.0414999999999965,-3.7387008206725962,-4.582938655586531,17,52.94117647058824,1.041833699728436,0.19029411764705823,0.32349999999999896,3.8006682707763035,0.3585722364728165,0.5183900640905114,SIN EDGE IS
VWAP_inv,bb_extremo,20.0,20.0,2,94,31,51.61290322580645,1.0130905868610787,0.052419354838709506,0.16249999999999948,2.9815000000000054,0.17947604697393418,0.2575946844262455,26,42.30769230769231,0.6897156897156898,-1.5300000000000002,-3.978000000000001,5.690589953704853,-3.8247665608998966,-4.649652267050318,OVERFITTING
VWAP_inv,bb_extremo,20.0,40.0,1,94,19,26.31578947368421,0.6836501573343678,-1.9313157894736845,-3.6695000000000007,6.841499999999996,-2.1973612789421066,-3.4002301135917112,17,35.294117647058826,1.0627652445834264,0.41323529411764637,0.7024999999999988,7.47869628132393,0.5220601473110295,0.948717561989851,SIN EDGE IS
VWAP_inv,bb_extremo,20.0,40.0,2,94,31,45.16129032258064,1.5382128540023272,2.68516129032258,8.323999999999998,2.8058599039763643,4.074736569077923,8.018633873735913,25,28.000000000000004,0.7422487422487423,-1.7624000000000006,-4.4060000000000015,9.13161059120443,-2.7138956432031156,-3.542116482027273,OVERFITTING
VWAP_inv,bb_extremo,20.0,80.0,1,94,19,21.052631578947366,0.7880551880551878,-1.475526315789474,-2.803500000000001,6.210263949605193,-1.1606426337551266,-2.281342865222938,17,35.294117647058826,1.7819968729059639,5.148529411764707,8.752500000000001,6.963663194815737,3.483483292310198,10.292393324065111,SIN EDGE IS
VWAP_inv,bb_extremo,20.0,80.0,2,94,30,33.33333333333333,1.7016355198173374,4.711833333333333,14.135499999999999,3.896489330129334,4.297839817383272,9.334879748021637,25,24.0,1.0316824001034524,0.24499999999999986,0.6124999999999997,11.61937807449052,0.3908848015660181,0.7256113131645017,DEGRADA
VWAP_inv,bb_extremo,40.0,20.0,1,94,19,84.21052631578947,2.59727385377943,2.035263157894737,3.8670000000000004,1.9737034189448253,5.811269275664071,8.369330674983782,17,64.70588235294117,0.8928128872366791,-0.305294117647059,-0.5190000000000002,2.414546605100009,-0.7213133638583702,-0.8870491757430256,OVERFITTING
VWAP_inv,bb_extremo,40.0,20.0,2,94,31,87.09677419354838,3.287174721189592,2.381612903225807,7.383000000000002,1.1842641267870688,9.947875629616872,26.549066316634917,26,57.692307692307686,0.6640757012504226,-1.1469230769230772,-2.9820000000000007,4.048578975591347,-3.6021189934941966,-4.275709577614552,OVERFITTING
VWAP_inv,bb_extremo,40.0,40.0,1,94,19,57.89473684210527,1.3511462205700127,1.1931578947368418,2.2669999999999995,2.4168494605512625,1.9608379868484187,3.03038188008416,17,47.05882352941176,0.8734682638028363,-0.5405882352941179,-0.9190000000000006,3.9565357593050425,-0.9165006502094656,-1.2836456763562072,OVERFITTING
VWAP_inv,bb_extremo,40.0,40.0,2,94,31,70.96774193548387,2.4020377254578005,3.2848387096774205,10.183000000000005,1.6139999999999988,7.464934285583533,21.264631365951757,25,40.0,0.6551011978521276,-1.6700000000000004,-4.175000000000001,6.387170495291386,-3.646530526923809,-4.4015873624182555,OVERFITTING
VWAP_inv,bb_extremo,40.0,80.0,1,94,19,42.10526315789473,1.3049453644249187,1.4247368421052629,2.7069999999999994,4.730455851032657,1.654307169498821,3.1599793426038665,17,41.17647058823529,1.1859975216852543,0.8829411764705879,1.5009999999999994,5.351610977955029,1.2082628087554406,2.281072138525324,ROBUSTO (n<30)
VWAP_inv,bb_extremo,40.0,80.0,2,94,30,56.666666666666664,2.361166714326566,4.760000000000001,14.280000000000001,1.6139999999999988,7.678764529982555,23.659693496359196,24,33.33333333333333,0.8646220570012392,-0.7283333333333336,-1.7480000000000007,8.411347786537284,-1.2402755530987657,-1.7370571912058284,OVERFITTING
VWAP_inv,bb_extremo,60.0,20.0,1,94,19,84.21052631578947,1.7365368682684341,0.7018421052631579,1.3335000000000001,1.5921006554838186,3.084570181123926,3.860539862224059,17,70.58823529411765,0.7814415907207954,-0.3879411764705883,-0.6595000000000001,1.4398414232067902,-1.492318942381498,-1.7083964797810725,OVERFITTING
VWAP_inv,bb_extremo,60.0,20.0,2,94,31,90.32258064516128,3.0389395194697606,1.1908064516129035,3.691500000000001,1.0047565341048403,8.427164110881165,15.752567637483011,26,69.23076923076923,0.7326014913007457,-0.4965384615384616,-1.2910000000000001,2.0648278398838826,-2.575943607882743,-3.128544726610419,OVERFITTING
VWAP_inv,bb_extremo,60.0,40.0,1,94,19,73.68421052631578,1.8396023198011604,1.3334210526315788,2.5334999999999996,1.4031188136005266,3.822561220470228,5.6143034441052215,17,52.94117647058824,0.7391259320629661,-0.7408823529411767,-1.2595000000000003,2.4297322234678895,-2.084433401920282,-2.5869538518905477,OVERFITTING
VWAP_inv,bb_extremo,60.0,40.0,2,94,31,83.87096774193549,3.416404308202154,2.3520967741935492,7.291500000000002,1.207000000000005,9.927812294194352,29.11657296219841,25,48.0,0.6064623032311519,-1.235,-3.0875000000000004,4.618562202600074,-4.223075200793485,-4.918307640101771,OVERFITTING
VWAP_inv,bb_extremo,60.0,80.0,1,94,19,57.89473684210527,2.1138095853248937,2.2689473684210526,4.311,2.574059365163416,4.482789174530102,8.608017696547046,17,41.17647058823529,0.7929577464788734,-0.7350000000000001,-1.2495,4.134431411696199,-1.5594599425883005,-2.282057447731483,OVERFITTING
VWAP_inv,bb_extremo,60.0,80.0,2,94,29,68.96551724137932,3.3024139472507823,3.5520689655172415,10.301,1.207000000000005,9.194677368415828,34.34078493290317,24,37.5,0.7046119856393263,-1.1141666666666667,-2.6740000000000004,6.434650279156337,-2.8013473704686813,-3.6829454495149725,OVERFITTING
