SL,TP,MaxTrades,Modo,Trailing,HoraLimite,Total_Trades,Win_Rate,Profit_Factor,Expectancy,Neto_USD,Retorno_Pct,Max_DD_Pct,Max_DD_USD,Sharpe_Ratio,Sortino_Ratio,Calmar_Ratio,Consistencia_Pct,Racha_Max_Perdidas,Racha_Max_Ganancias,Trades_por_Dia_Promedio,Estado
10,20,1,TP_FIJO,0,12:00,46,17.391304347826086,0.3651059085841695,-4.456956521739131,-205.02000000000004,-20.502000000000002,24.348000000000003,243.48000000000002,-7.183390856251756,-8.641630461196286,-4.420712173484476,17.391304347826086,18,4,0.9583333333333334,ok
10,20,1,TP_FIJO,0,14:00,46,17.391304347826086,0.3651059085841695,-4.456956521739131,-205.02000000000004,-20.502000000000002,24.348000000000003,243.48000000000002,-7.183390856251756,-8.641630461196286,-4.420712173484476,17.391304347826086,18,4,0.9583333333333334,ok
10,20,1,TP_FIJO,0,15:00,46,17.391304347826086,0.3651059085841695,-4.456956521739131,-205.02000000000004,-20.502000000000002,24.348000000000003,243.48000000000002,-7.183390856251756,-8.641630461196286,-4.420712173484476,17.391304347826086,18,4,0.9583333333333334,ok
10,20,2,TP_FIJO,0,12:00,89,17.97752808988764,0.3775527009222661,-3.8219662921348316,-340.15500000000003,-34.0155,34.38449999999996,343.8449999999996,-9.871245582790271,-9.071132633506503,-5.193659206910096,34.78260869565217,18,2,1.8541666666666667,ok
10,20,2,TP_FIJO,0,14:00,90,17.77777777777778,0.3733105357433642,-3.8485,-346.365,-34.636500000000005,34.636499999999934,346.3649999999993,-10.33271833746435,-9.277656720764469,-5.250000000000011,34.78260869565217,18,2,1.875,ok
10,20,2,TP_FIJO,0,15:00,90,17.77777777777778,0.3733105357433642,-3.8485,-346.365,-34.636500000000005,34.636499999999934,346.3649999999993,-10.33271833746435,-9.277656720764469,-5.250000000000011,34.78260869565217,18,2,1.875,ok
10,20,3,TP_FIJO,0,12:00,130,21.53846153846154,0.4800008187996397,-2.931115384615385,-381.0450000000001,-38.10450000000001,39.28349999999987,392.8349999999987,-10.22115861778881,-9.11349750503267,-5.092433846271353,6.521739130434782,14,2,2.7083333333333335,ok
10,20,3,TP_FIJO,0,14:00,132,21.21212121212121,0.469363929146538,-2.995681818181818,-395.43,-39.543,40.52549999999987,405.25499999999874,-11.136969452841402,-9.552810962537754,-5.122719028759685,4.3478260869565215,14,2,2.75,ok
10,20,3,TP_FIJO,0,15:00,132,21.21212121212121,0.469363929146538,-2.995681818181818,-395.43,-39.543,40.52549999999987,405.25499999999874,-11.136969452841402,-9.552810962537754,-5.122719028759685,4.3478260869565215,14,2,2.75,ok
10,30,1,TP_FIJO,0,12:00,46,17.391304347826086,0.5747429315645208,-3.052282608695652,-140.405,-14.0405,22.202499999999997,222.02499999999998,-3.4192232461347114,-5.583888341450268,-3.3200146379912177,17.391304347826086,18,4,0.9583333333333334,ok
10,30,1,TP_FIJO,0,14:00,46,17.391304347826086,0.5747429315645208,-3.052282608695652,-140.405,-14.0405,22.202499999999997,222.02499999999998,-3.4192232461347114,-5.583888341450268,-3.3200146379912177,17.391304347826086,18,4,0.9583333333333334,ok
10,30,1,TP_FIJO,0,15:00,46,17.391304347826086,0.5747429315645208,-3.052282608695652,-140.405,-14.0405,22.202499999999997,222.02499999999998,-3.4192232461347114,-5.583888341450268,-3.3200146379912177,17.391304347826086,18,4,0.9583333333333334,ok
10,30,2,TP_FIJO,0,12:00,89,16.853932584269664,0.54252490274037,-3.0058426966292147,-267.5200000000001,-26.75200000000001,30.214500000000022,302.1450000000002,-5.552375693609441,-6.488081999187186,-4.648364195998608,32.608695652173914,18,2,1.8541666666666667,ok
10,30,2,TP_FIJO,0,14:00,90,16.666666666666664,0.5358856119725683,-3.0529444444444453,-274.7650000000001,-27.47650000000001,30.214500000000022,302.1450000000002,-5.848440639277497,-6.701509991671121,-4.774251601052473,32.608695652173914,18,2,1.875,ok
10,30,2,TP_FIJO,0,15:00,90,16.666666666666664,0.5358856119725683,-3.0529444444444453,-274.7650000000001,-27.47650000000001,30.214500000000022,302.1450000000002,-5.848440639277497,-6.701509991671121,-4.774251601052473,32.608695652173914,18,2,1.875,ok
10,30,3,TP_FIJO,0,12:00,130,20.0,0.6803284279982387,-1.9826153846153851,-257.74000000000007,-25.774000000000008,31.05950000000001,310.59500000000014,-5.102583454115933,-5.390094837299631,-4.356589771245512,56.52173913043478,14,1,2.7083333333333335,ok
10,30,3,TP_FIJO,0,14:00,132,19.696969696969695,0.668317585637614,-2.0623484848484854,-272.2300000000001,-27.22300000000001,31.05950000000001,310.59500000000014,-5.618640325746366,-5.758083164079745,-4.60151483443069,56.52173913043478,14,1,2.75,ok
10,30,3,TP_FIJO,0,15:00,132,19.696969696969695,0.668317585637614,-2.0623484848484854,-272.2300000000001,-27.22300000000001,31.05950000000001,310.59500000000014,-5.618640325746366,-5.758083164079745,-4.60151483443069,56.52173913043478,14,1,2.75,ok
10,40,1,TP_FIJO,0,12:00,46,17.391304347826086,0.770855425945564,-1.691086956521739,-77.78999999999999,-7.779,20.119999999999994,201.19999999999993,-1.373653583221276,-2.78718366987446,-2.0298086481113327,17.391304347826086,18,4,0.9583333333333334,ok
10,40,1,TP_FIJO,0,14:00,46,17.391304347826086,0.770855425945564,-1.691086956521739,-77.78999999999999,-7.779,20.119999999999994,201.19999999999993,-1.373653583221276,-2.78718366987446,-2.0298086481113327,17.391304347826086,18,4,0.9583333333333334,ok
10,40,1,TP_FIJO,0,15:00,46,17.391304347826086,0.770855425945564,-1.691086956521739,-77.78999999999999,-7.779,20.119999999999994,201.19999999999993,-1.373653583221276,-2.78718366987446,-2.0298086481113327,17.391304347826086,18,4,0.9583333333333334,ok
10,40,2,TP_FIJO,0,12:00,89,14.606741573033707,0.6118827160493826,-2.5997752808988777,-231.3800000000001,-23.138000000000012,30.70050000000001,307.0050000000001,-3.871309550861085,-5.25523614689567,-3.956759661894759,28.26086956521739,23,2,1.8541666666666667,ok
10,40,2,TP_FIJO,0,14:00,90,14.444444444444443,0.6045359252906422,-2.6513888888888903,-238.6250000000001,-23.86250000000001,30.70050000000001,307.0050000000001,-4.085918401252054,-5.456008806657632,-4.0806542238725765,28.26086956521739,23,2,1.875,ok
10,40,2,TP_FIJO,0,15:00,90,14.444444444444443,0.6045359252906422,-2.6513888888888903,-238.6250000000001,-23.86250000000001,30.70050000000001,307.0050000000001,-4.085918401252054,-5.456008806657632,-4.0806542238725765,28.26086956521739,23,2,1.875,ok
10,40,3,TP_FIJO,0,12:00,130,17.692307692307693,0.7719371436517867,-1.4507692307692315,-188.60000000000008,-18.860000000000007,30.721000000000014,307.21000000000015,-2.7861965788876724,-3.3935574891666858,-3.223039614595879,50.0,14,1,2.7083333333333335,ok
10,40,3,TP_FIJO,0,14:00,132,17.424242424242426,0.7586442531091975,-1.5385606060606065,-203.09000000000006,-20.309000000000005,30.721000000000014,307.21000000000015,-3.1305219151329235,-3.7275625836719724,-3.4706633898636103,50.0,14,1,2.75,ok
10,40,3,TP_FIJO,0,15:00,132,17.424242424242426,0.7586442531091975,-1.5385606060606065,-203.09000000000006,-20.309000000000005,30.721000000000014,307.21000000000015,-3.1305219151329235,-3.7275625836719724,-3.4706633898636103,50.0,14,1,2.75,ok
10,60,1,TP_FIJO,0,12:00,46,10.869565217391305,0.6864854737912669,-2.546521739130434,-117.13999999999996,-11.713999999999995,16.08949002173386,162.495,-1.8591516730884012,-4.232797525188226,-3.8222777674697666,10.869565217391305,18,2,0.9583333333333334,ok
10,60,1,TP_FIJO,0,14:00,46,10.869565217391305,0.6864854737912669,-2.546521739130434,-117.13999999999996,-11.713999999999995,16.08949002173386,162.495,-1.8591516730884012,-4.232797525188226,-3.8222777674697666,10.869565217391305,18,2,0.9583333333333334,ok
10,60,1,TP_FIJO,0,15:00,46,10.869565217391305,0.6864854737912669,-2.546521739130434,-117.13999999999996,-11.713999999999995,16.08949002173386,162.495,-1.8591516730884012,-4.232797525188226,-3.8222777674697666,10.869565217391305,18,2,0.9583333333333334,ok
10,60,2,TP_FIJO,0,12:00,89,10.112359550561797,0.5993816425120773,-2.9117977528089893,-259.15000000000003,-25.915000000000006,27.366999999999997,273.66999999999996,-3.6924477419727633,-5.65468443239741,-4.971452844666937,19.565217391304348,23,2,1.8541666666666667,ok
10,60,2,TP_FIJO,0,14:00,90,10.0,0.5927429217880511,-2.959944444444445,-266.39500000000004,-26.639500000000005,27.366999999999997,273.66999999999996,-3.808486775635408,-5.787834168498056,-5.1104386670077115,19.565217391304348,23,2,1.875,ok
10,60,2,TP_FIJO,0,15:00,90,10.0,0.5927429217880511,-2.959944444444445,-266.39500000000004,-26.639500000000005,27.366999999999997,273.66999999999996,-3.808486775635408,-5.787834168498056,-5.1104386670077115,19.565217391304348,23,2,1.875,ok
10,60,3,TP_FIJO,0,12:00,130,12.307692307692308,0.7898292110190444,-1.562846153846154,-203.17000000000002,-20.317,20.317000000000007,203.17000000000007,-2.18207644413325,-3.1116265925396442,-5.249999999999998,34.78260869565217,14,1,2.7083333333333335,ok
10,60,3,TP_FIJO,0,14:00,132,12.121212121212121,0.7781650665525184,-1.6489393939393941,-217.66000000000003,-21.766000000000002,21.76600000000001,217.66000000000008,-2.361122143825345,-3.3368480519472583,-5.249999999999998,34.78260869565217,14,1,2.75,ok
10,60,3,TP_FIJO,0,15:00,132,12.121212121212121,0.7781650665525184,-1.6489393939393941,-217.66000000000003,-21.766000000000002,21.76600000000001,217.66000000000008,-2.361122143825345,-3.3368480519472583,-5.249999999999998,34.78260869565217,14,1,2.75,ok
10,80,1,TP_FIJO,0,12:00,46,8.695652173913043,0.7090844821491694,-2.4153260869565214,-111.10499999999999,-11.1105,19.681663940629353,201.55500000000006,-1.440230182574667,-3.7860408530671754,-2.963678537340924,8.695652173913043,18,1,0.9583333333333334,ok
10,80,1,TP_FIJO,0,14:00,46,8.695652173913043,0.7090844821491694,-2.4153260869565214,-111.10499999999999,-11.1105,19.681663940629353,201.55500000000006,-1.440230182574667,-3.7860408530671754,-2.963678537340924,8.695652173913043,18,1,0.9583333333333334,ok
10,80,1,TP_FIJO,0,15:00,46,8.695652173913043,0.7090844821491694,-2.4153260869565214,-111.10499999999999,-11.1105,19.681663940629353,201.55500000000006,-1.440230182574667,-3.7860408530671754,-2.963678537340924,8.695652173913043,18,1,0.9583333333333334,ok
10,80,2,TP_FIJO,0,12:00,89,7.865168539325842,0.6050041017227236,-2.921460674157304,-260.01000000000005,-26.00100000000001,31.063499999999998,310.635,-3.0838018388692845,-5.401700401700705,-4.3943937418513705,15.217391304347828,25,2,1.8541666666666667,ok
10,80,2,TP_FIJO,0,14:00,90,7.777777777777778,0.5984177429170329,-2.9695000000000005,-267.25500000000005,-26.725500000000007,31.063499999999998,310.635,-3.1847103524912517,-5.535146322222854,-4.516840504128641,15.217391304347828,25,2,1.875,ok
10,80,2,TP_FIJO,0,15:00,90,7.777777777777778,0.5984177429170329,-2.9695000000000005,-267.25500000000005,-26.725500000000007,31.063499999999998,310.635,-3.1847103524912517,-5.535146322222854,-4.516840504128641,15.217391304347828,25,2,1.875,ok
10,80,3,TP_FIJO,0,12:00,130,9.230769230769232,0.751592356687898,-1.8630000000000002,-242.19000000000003,-24.219,29.19150000000001,291.9150000000001,-2.21451307830805,-3.5015981415638096,-4.35571142284569,26.08695652173913,24,1,2.7083333333333335,ok
10,80,3,TP_FIJO,0,14:00,132,9.090909090909092,0.7405857740585774,-1.944545454545455,-256.68000000000006,-25.668000000000006,29.19150000000001,291.9150000000001,-2.3749803955470132,-3.7181686320364005,-4.616309542161245,26.08695652173913,24,1,2.75,ok
10,80,3,TP_FIJO,0,15:00,132,9.090909090909092,0.7405857740585774,-1.944545454545455,-256.68000000000006,-25.668000000000006,29.19150000000001,291.9150000000001,-2.3749803955470132,-3.7181686320364005,-4.616309542161245,26.08695652173913,24,1,2.75,ok
10,100,1,TP_FIJO,0,12:00,46,4.3478260869565215,0.4466606902734201,-4.830652173913043,-222.20999999999998,-22.221,25.361418324016995,264.2850000000001,-3.7373405473998904,-8.464932114437245,-4.599910324791416,4.3478260869565215,27,1,0.9583333333333334,ok
10,100,1,TP_FIJO,0,14:00,46,4.3478260869565215,0.4466606902734201,-4.830652173913043,-222.20999999999998,-22.221,25.361418324016995,264.2850000000001,-3.7373405473998904,-8.464932114437245,-4.599910324791416,4.3478260869565215,27,1,0.9583333333333334,ok
10,100,1,TP_FIJO,0,15:00,46,4.3478260869565215,0.4466606902734201,-4.830652173913043,-222.20999999999998,-22.221,25.361418324016995,264.2850000000001,-3.7373405473998904,-8.464932114437245,-4.599910324791416,4.3478260869565215,27,1,0.9583333333333334,ok
10,100,2,TP_FIJO,0,12:00,89,6.741573033707865,0.6590608465608464,-2.664382022471911,-237.13000000000008,-23.713000000000008,25.826500000000006,258.2650000000001,-2.2982225985774543,-4.620432513051986,-4.820368613633284,13.043478260869565,25,1,1.8541666666666667,ok
10,100,2,TP_FIJO,0,14:00,90,6.666666666666667,0.6522664048437243,-2.7152777777777786,-244.37500000000009,-24.43750000000001,25.826500000000006,258.2650000000001,-2.383436157233424,-4.7533594809170525,-4.967644667299093,13.043478260869565,25,1,1.875,ok
10,100,2,TP_FIJO,0,15:00,90,6.666666666666667,0.6522664048437243,-2.7152777777777786,-244.37500000000009,-24.43750000000001,25.826500000000006,258.2650000000001,-2.383436157233424,-4.7533594809170525,-4.967644667299093,13.043478260869565,25,1,1.875,ok
10,100,3,TP_FIJO,0,12:00,129,8.527131782945736,0.8339229335463505,-1.3537984496124025,-174.63999999999993,-17.463999999999995,22.64899999999999,226.4899999999999,-1.1425275327050053,-2.0672278845626857,-4.048125745066008,23.91304347826087,24,1,2.6875,ok
10,100,3,TP_FIJO,0,14:00,132,8.333333333333332,0.8146785581568192,-1.5112121212121208,-199.47999999999993,-19.947999999999993,22.64899999999999,226.4899999999999,-1.3892657602853369,-2.4618554923632785,-4.623912755530045,23.91304347826087,25,1,2.75,ok
10,100,3,TP_FIJO,0,15:00,132,8.333333333333332,0.8146785581568192,-1.5112121212121208,-199.47999999999993,-19.947999999999993,22.64899999999999,226.4899999999999,-1.3892657602853369,-2.4618554923632785,-4.623912755530045,23.91304347826087,25,1,2.75,ok
15,20,1,TP_FIJO,0,12:00,46,32.608695652173914,0.5902823018458194,-2.460978260869566,-113.20500000000003,-11.320500000000003,13.562000000000014,135.62000000000012,-3.8495763759723913,-5.0148346131935515,-4.382290591358203,32.608695652173914,7,4,0.9583333333333334,ok
15,20,1,TP_FIJO,0,14:00,46,32.608695652173914,0.5902823018458194,-2.460978260869566,-113.20500000000003,-11.320500000000003,13.562000000000014,135.62000000000012,-3.8495763759723913,-5.0148346131935515,-4.382290591358203,32.608695652173914,7,4,0.9583333333333334,ok
15,20,1,TP_FIJO,0,15:00,46,32.608695652173914,0.5902823018458194,-2.460978260869566,-113.20500000000003,-11.320500000000003,13.562000000000014,135.62000000000012,-3.8495763759723913,-5.0148346131935515,-4.382290591358203,32.608695652173914,7,4,0.9583333333333334,ok
15,20,2,TP_FIJO,0,12:00,89,33.70786516853933,0.6318062414626456,-1.968595505617978,-175.20500000000004,-17.520500000000002,19.578000000000063,195.78000000000065,-4.774291264593169,-5.364843437841882,-4.698264633772586,58.69565217391305,9,3,1.8541666666666667,ok
15,20,2,TP_FIJO,0,14:00,90,33.33333333333333,0.6217775709632386,-2.0320000000000005,-182.88000000000005,-18.288000000000004,19.578000000000063,195.78000000000065,-5.078037874985798,-5.630388605682082,-4.904076003677583,58.69565217391305,9,3,1.875,ok
15,20,2,TP_FIJO,0,15:00,90,33.33333333333333,0.6217775709632386,-2.0320000000000005,-182.88000000000005,-18.288000000000004,19.578000000000063,195.78000000000065,-5.078037874985798,-5.630388605682082,-4.904076003677583,58.69565217391305,9,3,1.875,ok
15,20,3,TP_FIJO,0,12:00,130,36.15384615384615,0.7012368738753105,-1.5133846153846156,-196.74,-19.674,22.499000000000112,224.99000000000115,-4.290436264485787,-5.030968797962355,-4.590804035734899,32.608695652173914,12,4,2.7083333333333335,ok
15,20,3,TP_FIJO,0,14:00,132,35.60606060606061,0.6852633687756452,-1.6067424242424242,-212.09,-21.209,23.174000000000124,231.74000000000126,-4.726419808323527,-5.466164110509743,-4.804835160093182,30.434782608695656,12,4,2.75,ok
15,20,3,TP_FIJO,0,15:00,132,35.60606060606061,0.6852633687756452,-1.6067424242424242,-212.09,-21.209,23.174000000000124,231.74000000000126,-4.726419808323527,-5.466164110509743,-4.804835160093182,30.434782608695656,12,4,2.75,ok
15,30,1,TP_FIJO,0,12:00,46,32.608695652173914,0.9346432699380056,-0.4056521739130443,-18.66000000000004,-1.8660000000000037,8.415000000000008,84.15000000000009,-0.369214460307714,-0.6315922620626131,-1.1641711229946536,32.608695652173914,7,4,0.9583333333333334,ok
15,30,1,TP_FIJO,0,14:00,46,32.608695652173914,0.9346432699380056,-0.4056521739130443,-18.66000000000004,-1.8660000000000037,8.415000000000008,84.15000000000009,-0.369214460307714,-0.6315922620626131,-1.1641711229946536,32.608695652173914,7,4,0.9583333333333334,ok
15,30,1,TP_FIJO,0,15:00,46,32.608695652173914,0.9346432699380056,-0.4056521739130443,-18.66000000000004,-1.8660000000000037,8.415000000000008,84.15000000000009,-0.369214460307714,-0.6315922620626131,-1.1641711229946536,32.608695652173914,7,4,0.9583333333333334,ok
15,30,2,TP_FIJO,0,12:00,89,32.58426966292135,0.8976240659130102,-0.6003370786516861,-53.43000000000006,-5.343000000000005,14.97750000000001,149.7750000000001,-0.9531606883661538,-1.317808123037698,-1.8728592889334006,56.52173913043478,9,3,1.8541666666666667,ok
15,30,2,TP_FIJO,0,14:00,90,32.22222222222222,0.8820583306659637,-0.6960000000000007,-62.640000000000065,-6.264000000000007,14.97750000000001,149.7750000000001,-1.1614927865133335,-1.587362731144132,-2.195693540310467,56.52173913043478,9,3,1.875,ok
15,30,2,TP_FIJO,0,15:00,90,32.22222222222222,0.8820583306659637,-0.6960000000000007,-62.640000000000065,-6.264000000000007,14.97750000000001,149.7750000000001,-1.1614927865133335,-1.587362731144132,-2.195693540310467,56.52173913043478,9,3,1.875,ok
15,30,3,TP_FIJO,0,12:00,130,34.61538461538461,1.0030194712952005,0.017576923076922393,2.2849999999999113,0.22849999999999113,16.237000000000013,162.37000000000012,0.19543309506092876,0.2806186848438938,0.07388218266920936,32.608695652173914,12,4,2.7083333333333335,ok
15,30,3,TP_FIJO,0,14:00,132,34.090909090909086,0.9791853452446213,-0.12223484848484928,-16.135000000000105,-1.6135000000000104,16.237000000000013,162.37000000000012,-0.10879406815351787,-0.1549113607462428,-0.5217019769661912,30.434782608695656,12,4,2.75,ok
15,30,3,TP_FIJO,0,15:00,132,34.090909090909086,0.9791853452446213,-0.12223484848484928,-16.135000000000105,-1.6135000000000104,16.237000000000013,162.37000000000012,-0.10879406815351787,-0.1549113607462428,-0.5217019769661912,30.434782608695656,12,4,2.75,ok
15,40,1,TP_FIJO,0,12:00,46,30.434782608695656,1.124234190140251,0.800108695652173,36.80499999999996,3.6804999999999954,7.751999999999998,77.51999999999998,0.8897546099506283,1.7864366527694946,2.492598684210524,30.434782608695656,7,4,0.9583333333333334,ok
15,40,1,TP_FIJO,0,14:00,46,30.434782608695656,1.124234190140251,0.800108695652173,36.80499999999996,3.6804999999999954,7.751999999999998,77.51999999999998,0.8897546099506283,1.7864366527694946,2.492598684210524,30.434782608695656,7,4,0.9583333333333334,ok
15,40,1,TP_FIJO,0,15:00,46,30.434782608695656,1.124234190140251,0.800108695652173,36.80499999999996,3.6804999999999954,7.751999999999998,77.51999999999998,0.8897546099506283,1.7864366527694946,2.492598684210524,30.434782608695656,7,4,0.9583333333333334,ok
15,40,2,TP_FIJO,0,12:00,89,28.08988764044944,0.9569560759620008,-0.26651685393258484,-23.72000000000005,-2.372000000000005,15.824000000000012,158.24000000000012,-0.25634966921777147,-0.3870012014994758,-0.786969160768454,50.0,13,3,1.8541666666666667,ok
15,40,2,TP_FIJO,0,14:00,90,27.77777777777778,0.9412252911516665,-0.36588888888888943,-32.93000000000005,-3.293000000000005,15.824000000000012,158.24000000000012,-0.4247613484882244,-0.6340700320775562,-1.0925334934277056,50.0,13,3,1.875,ok
15,40,2,TP_FIJO,0,15:00,90,27.77777777777778,0.9412252911516665,-0.36588888888888943,-32.93000000000005,-3.293000000000005,15.824000000000012,158.24000000000012,-0.4247613484882244,-0.6340700320775562,-1.0925334934277056,50.0,13,3,1.875,ok
15,40,3,TP_FIJO,0,12:00,130,30.0,1.0881209476540425,0.5483461538461529,71.28499999999988,7.128499999999987,16.297500000000014,162.97500000000014,1.1248894112634884,1.7251441832626293,2.2963414634146284,65.21739130434783,12,4,2.7083333333333335,ok
15,40,3,TP_FIJO,0,14:00,132,29.545454545454547,1.0638956204335444,0.40049242424242326,52.86499999999987,5.286499999999987,16.297500000000014,162.97500000000014,0.893925088780346,1.3648470326881126,1.7029682466635931,65.21739130434783,12,4,2.75,ok
15,40,3,TP_FIJO,0,15:00,132,29.545454545454547,1.0638956204335444,0.40049242424242326,52.86499999999987,5.286499999999987,16.297500000000014,162.97500000000014,0.893925088780346,1.3648470326881126,1.7029682466635931,65.21739130434783,12,4,2.75,ok
15,60,1,TP_FIJO,0,12:00,46,21.73913043478261,1.0535360115816144,0.4019565217391299,18.489999999999974,1.8489999999999975,7.424222375331389,81.35500000000013,0.46618652068578603,1.0718949617545863,1.307510673744695,21.73913043478261,8,2,0.9583333333333334,ok
15,60,1,TP_FIJO,0,14:00,46,21.73913043478261,1.0535360115816144,0.4019565217391299,18.489999999999974,1.8489999999999975,7.424222375331389,81.35500000000013,0.46618652068578603,1.0718949617545863,1.307510673744695,21.73913043478261,8,2,0.9583333333333334,ok
15,60,1,TP_FIJO,0,15:00,46,21.73913043478261,1.0535360115816144,0.4019565217391299,18.489999999999974,1.8489999999999975,7.424222375331389,81.35500000000013,0.46618652068578603,1.0718949617545863,1.307510673744695,21.73913043478261,8,2,0.9583333333333334,ok
15,60,2,TP_FIJO,0,12:00,89,20.224719101123593,0.9646728558460277,-0.26016853932584344,-23.155000000000065,-2.3155000000000063,12.884500000000001,131.60500000000002,-0.12461061321257177,-0.21468619160276578,-0.9434882998952254,36.95652173913043,13,3,1.8541666666666667,ok
15,60,2,TP_FIJO,0,14:00,90,20.0,0.9513055645410021,-0.35961111111111177,-32.36500000000006,-3.236500000000006,13.127645293009897,140.81499999999994,-0.2482862907410713,-0.4240382323641531,-1.294339130951961,36.95652173913043,13,3,1.875,ok
15,60,2,TP_FIJO,0,15:00,90,20.0,0.9513055645410021,-0.35961111111111177,-32.36500000000006,-3.236500000000006,13.127645293009897,140.81499999999994,-0.2482862907410713,-0.4240382323641531,-1.294339130951961,36.95652173913043,13,3,1.875,ok
15,60,3,TP_FIJO,0,12:00,130,21.53846153846154,1.0390043004615366,0.3048846153846152,39.63499999999998,3.9634999999999976,14.926877196518335,177.7500000000001,0.6736259481285887,1.0530045564350574,1.3940206465189853,54.347826086956516,12,4,2.7083333333333335,ok
15,60,3,TP_FIJO,0,14:00,132,21.21212121212121,1.0205057075749813,0.1607196969696968,21.214999999999975,2.1214999999999975,16.47372995578622,196.17000000000007,0.46326109979904057,0.7157446381327299,0.6760991608999837,54.347826086956516,12,4,2.75,ok
15,60,3,TP_FIJO,0,15:00,132,21.21212121212121,1.0205057075749813,0.1607196969696968,21.214999999999975,2.1214999999999975,16.47372995578622,196.17000000000007,0.46326109979904057,0.7157446381327299,0.6760991608999837,54.347826086956516,12,4,2.75,ok
15,80,1,TP_FIJO,0,12:00,46,19.565217391304348,1.2057253301255624,1.6544565217391294,76.10499999999995,7.610499999999995,7.582018725716331,85.96000000000004,1.2309694490577026,3.359727756009177,5.2697212240431535,19.565217391304348,8,1,0.9583333333333334,ok
15,80,1,TP_FIJO,0,14:00,46,19.565217391304348,1.2057253301255624,1.6544565217391294,76.10499999999995,7.610499999999995,7.582018725716331,85.96000000000004,1.2309694490577026,3.359727756009177,5.2697212240431535,19.565217391304348,8,1,0.9583333333333334,ok
15,80,1,TP_FIJO,0,15:00,46,19.565217391304348,1.2057253301255624,1.6544565217391294,76.10499999999995,7.610499999999995,7.582018725716331,85.96000000000004,1.2309694490577026,3.359727756009177,5.2697212240431535,19.565217391304348,8,1,0.9583333333333334,ok
15,80,2,TP_FIJO,0,12:00,89,17.97752808988764,1.08242093096564,0.6610112359550556,58.82999999999995,5.882999999999996,14.190577278641376,165.77999999999997,0.8526174113581138,1.7187820235269589,2.1764970792616705,32.608695652173914,16,3,1.8541666666666667,ok
15,80,2,TP_FIJO,0,14:00,90,17.77777777777778,1.068632129297288,0.5513333333333328,49.61999999999995,4.961999999999995,14.244504553858798,166.40999999999997,0.756559862815698,1.513866178723172,1.8288105354245519,32.608695652173914,16,3,1.875,ok
15,80,2,TP_FIJO,0,15:00,90,17.77777777777778,1.068632129297288,0.5513333333333328,49.61999999999995,4.961999999999995,14.244504553858798,166.40999999999997,0.756559862815698,1.513866178723172,1.8288105354245519,32.608695652173914,16,3,1.875,ok
15,80,3,TP_FIJO,0,12:00,130,18.461538461538463,1.1451420869369877,1.2425,161.525,16.1525,14.431820359051978,188.30999999999995,1.7079011119087835,3.0452119531770685,5.875947932431895,47.82608695652174,13,4,2.7083333333333335,ok
15,80,3,TP_FIJO,0,14:00,132,18.181818181818183,1.1234479202020518,1.060871212121212,140.035,14.003499999999999,16.078784511332938,209.79999999999995,1.519605654108885,2.678124659498941,4.572383873182792,47.82608695652174,13,4,2.75,ok
15,80,3,TP_FIJO,0,15:00,132,18.181818181818183,1.1234479202020518,1.060871212121212,140.035,14.003499999999999,16.078784511332938,209.79999999999995,1.519605654108885,2.678124659498941,4.572383873182792,47.82608695652174,13,4,2.75,ok
15,100,1,TP_FIJO,0,12:00,46,13.043478260869565,0.9531694328111264,-0.3938043478260881,-18.11500000000005,-1.8115000000000052,14.900264776110363,171.9200000000002,-0.07651504077957945,-0.21138222479215077,-0.6382688591714181,13.043478260869565,17,1,0.9583333333333334,ok
15,100,1,TP_FIJO,0,14:00,46,13.043478260869565,0.9531694328111264,-0.3938043478260881,-18.11500000000005,-1.8115000000000052,14.900264776110363,171.9200000000002,-0.07651504077957945,-0.21138222479215077,-0.6382688591714181,13.043478260869565,17,1,0.9583333333333334,ok
15,100,1,TP_FIJO,0,15:00,46,13.043478260869565,0.9531694328111264,-0.3938043478260881,-18.11500000000005,-1.8115000000000052,14.900264776110363,171.9200000000002,-0.07651504077957945,-0.21138222479215077,-0.6382688591714181,13.043478260869565,17,1,0.9583333333333334,ok
15,100,2,TP_FIJO,0,12:00,89,14.606741573033707,1.0819761129207377,0.678651685393257,60.39999999999988,6.039999999999988,16.287414752722622,192.80500000000018,0.8115871238120889,1.8427974940934964,1.946901978087054,26.08695652173913,19,2,1.8541666666666667,ok
15,100,2,TP_FIJO,0,14:00,90,14.444444444444443,1.0686183831315927,0.5687777777777764,51.18999999999988,5.118999999999987,16.927472840545846,202.0150000000002,0.7300852305578577,1.64539856138448,1.5876410054327594,26.08695652173913,19,2,1.875,ok
15,100,2,TP_FIJO,0,15:00,90,14.444444444444443,1.0686183831315927,0.5687777777777764,51.18999999999988,5.118999999999987,16.927472840545846,202.0150000000002,0.7300852305578577,1.64539856138448,1.5876410054327594,26.08695652173913,19,2,1.875,ok
15,100,3,TP_FIJO,0,12:00,129,15.503875968992247,1.1256041819901235,1.1119767441860453,143.44499999999985,14.344499999999986,17.51370100061992,230.25,1.4587644418640542,2.6845176116006626,4.299983481351787,41.30434782608695,20,3,2.6875,ok
15,100,3,TP_FIJO,0,14:00,132,15.151515151515152,1.0947052436609823,0.8424999999999988,111.20999999999984,11.120999999999984,19.96561914070672,262.4850000000001,1.2085627831645138,2.1844572172245322,2.9242894792559517,41.30434782608695,23,3,2.75,ok
15,100,3,TP_FIJO,0,15:00,132,15.151515151515152,1.0947052436609823,0.8424999999999988,111.20999999999984,11.120999999999984,19.96561914070672,262.4850000000001,1.2085627831645138,2.1844572172245322,2.9242894792559517,41.30434782608695,23,3,2.75,ok
20,20,1,TP_FIJO,0,12:00,46,45.65217391304348,0.7968559910307486,-0.9256521739130438,-42.58000000000001,-4.258000000000002,6.866456465657836,69.47000000000003,-1.6735398628168825,-2.2362693372799853,-3.255609368792285,45.65217391304348,7,5,0.9583333333333334,ok
20,20,1,TP_FIJO,0,14:00,46,45.65217391304348,0.7968559910307486,-0.9256521739130438,-42.58000000000001,-4.258000000000002,6.866456465657836,69.47000000000003,-1.6735398628168825,-2.2362693372799853,-3.255609368792285,45.65217391304348,7,5,0.9583333333333334,ok
20,20,1,TP_FIJO,0,15:00,46,45.65217391304348,0.7968559910307486,-0.9256521739130438,-42.58000000000001,-4.258000000000002,6.866456465657836,69.47000000000003,-1.6735398628168825,-2.2362693372799853,-3.255609368792285,45.65217391304348,7,5,0.9583333333333334,ok
20,20,2,TP_FIJO,0,12:00,89,46.06741573033708,0.8205115148120331,-0.7920786516853936,-70.49500000000003,-7.049500000000003,8.483500000000003,84.83500000000004,-2.1215063269073706,-2.703818219819709,-4.3625714622502505,21.73913043478261,8,4,1.8541666666666667,ok
20,20,2,TP_FIJO,0,14:00,90,45.55555555555556,0.8038513825315857,-0.8737222222222226,-78.63500000000003,-7.863500000000004,8.6495,86.495,-2.4080303719608938,-3.041460311881028,-4.772920400023125,19.565217391304348,8,4,1.875,ok
20,20,2,TP_FIJO,0,15:00,90,45.55555555555556,0.8038513825315857,-0.8737222222222226,-78.63500000000003,-7.863500000000004,8.6495,86.495,-2.4080303719608938,-3.041460311881028,-4.772920400023125,19.565217391304348,8,4,1.875,ok
20,20,3,TP_FIJO,0,12:00,130,43.84615384615385,0.751389925451359,-1.1402692307692313,-148.23500000000007,-14.823500000000006,16.395499999999995,163.95499999999993,-3.506622538431792,-4.121860973154731,-4.746630172913304,45.65217391304348,11,4,2.7083333333333335,ok
20,20,3,TP_FIJO,0,14:00,132,43.18181818181818,0.7314194290938478,-1.2463257575757578,-164.51500000000004,-16.451500000000006,18.023499999999988,180.2349999999999,-3.9593468542305805,-4.595181651356986,-4.792097816739262,43.47826086956522,11,4,2.75,ok
20,20,3,TP_FIJO,0,15:00,132,43.18181818181818,0.7314194290938478,-1.2463257575757578,-164.51500000000004,-16.451500000000006,18.023499999999988,180.2349999999999,-3.9593468542305805,-4.595181651356986,-4.792097816739262,43.47826086956522,11,4,2.75,ok
20,30,1,TP_FIJO,0,12:00,46,43.47826086956522,1.0716794931670963,0.3836956521739127,17.649999999999984,1.7649999999999986,7.134469830940095,75.6450000000001,0.6074556088782014,0.9755854295545798,1.298800081796547,43.47826086956522,7,4,0.9583333333333334,ok
20,30,1,TP_FIJO,0,14:00,46,43.47826086956522,1.0716794931670963,0.3836956521739127,17.649999999999984,1.7649999999999986,7.134469830940095,75.6450000000001,0.6074556088782014,0.9755854295545798,1.298800081796547,43.47826086956522,7,4,0.9583333333333334,ok
20,30,1,TP_FIJO,0,15:00,46,43.47826086956522,1.0716794931670963,0.3836956521739127,17.649999999999984,1.7649999999999986,7.134469830940095,75.6450000000001,0.6074556088782014,0.9755854295545798,1.298800081796547,43.47826086956522,7,4,0.9583333333333334,ok
20,30,2,TP_FIJO,0,12:00,89,40.44943820224719,0.9516457489430464,-0.24544943820224757,-21.845000000000034,-2.1845000000000034,7.540715655952714,77.04500000000007,-0.4133892982711987,-0.5771562485097091,-1.520893443442145,65.21739130434783,8,3,1.8541666666666667,ok
20,30,2,TP_FIJO,0,14:00,90,40.0,0.9348024613511341,-0.33316666666666706,-29.985000000000035,-2.9985000000000035,7.540715655952714,77.04500000000007,-0.6169764560951984,-0.8546428582859427,-2.0876168414562923,65.21739130434783,8,3,1.875,ok
20,30,2,TP_FIJO,0,15:00,90,40.0,0.9348024613511341,-0.33316666666666706,-29.985000000000035,-2.9985000000000035,7.540715655952714,77.04500000000007,-0.6169764560951984,-0.8546428582859427,-2.0876168414562923,65.21739130434783,8,3,1.875,ok
20,30,3,TP_FIJO,0,12:00,129,39.53488372093023,0.9376293414148306,-0.31189922480620197,-40.235000000000056,-4.023500000000006,11.367499999999996,113.67499999999995,-0.6819146335625347,-0.8956018279688254,-1.8582252034308366,45.65217391304348,11,4,2.6875,ok
20,30,3,TP_FIJO,0,14:00,131,38.93129770992366,0.9145492345492345,-0.43141221374045846,-56.51500000000006,-5.651500000000006,11.367499999999996,113.67499999999995,-1.0266178712416218,-1.3378312941965906,-2.6101055641082067,43.47826086956522,11,4,2.7291666666666665,ok
20,30,3,TP_FIJO,0,15:00,131,38.93129770992366,0.9145492345492345,-0.43141221374045846,-56.51500000000006,-5.651500000000006,11.367499999999996,113.67499999999995,-1.0266178712416218,-1.3378312941965906,-2.6101055641082067,43.47826086956522,11,4,2.7291666666666665,ok
20,40,1,TP_FIJO,0,12:00,46,41.30434782608695,1.3500744839327514,1.9668478260869564,90.475,9.0475,6.503364981532256,71.75,2.2638112915228823,4.323635590192613,7.303815045731707,41.30434782608695,7,4,0.9583333333333334,ok
20,40,1,TP_FIJO,0,14:00,46,41.30434782608695,1.3500744839327514,1.9668478260869564,90.475,9.0475,6.503364981532256,71.75,2.2638112915228823,4.323635590192613,7.303815045731707,41.30434782608695,7,4,0.9583333333333334,ok
20,40,1,TP_FIJO,0,15:00,46,41.30434782608695,1.3500744839327514,1.9668478260869564,90.475,9.0475,6.503364981532256,71.75,2.2638112915228823,4.323635590192613,7.303815045731707,41.30434782608695,7,4,0.9583333333333334,ok
20,40,2,TP_FIJO,0,12:00,89,35.95505617977528,1.0684790362209717,0.38831460674157275,34.559999999999974,3.4559999999999973,8.001630343570927,83.43499999999995,0.8121988598981091,1.216909333397839,2.267537891772038,60.86956521739131,9,3,1.8541666666666667,ok
20,40,2,TP_FIJO,0,14:00,90,35.55555555555556,1.0473628497343912,0.2709444444444441,24.38499999999997,2.438499999999997,8.001630343570927,83.43499999999995,0.6166395933545882,0.913724502424194,1.5999395686013052,60.86956521739131,9,3,1.875,ok
20,40,2,TP_FIJO,0,15:00,90,35.55555555555556,1.0473628497343912,0.2709444444444441,24.38499999999997,2.438499999999997,8.001630343570927,83.43499999999995,0.6166395933545882,0.913724502424194,1.5999395686013052,60.86956521739131,9,3,1.875,ok
20,40,3,TP_FIJO,0,12:00,129,35.65891472868217,1.0268610133475002,0.1567829457364338,20.224999999999962,2.022499999999996,9.367499999999996,93.67499999999995,0.48725985878421535,0.6976864853200027,1.1335068054443538,39.130434782608695,11,4,2.6875,ok
20,40,3,TP_FIJO,0,14:00,131,35.11450381679389,0.9999739999740005,-0.0001526717557254859,-0.020000000000038654,-0.0020000000000038654,9.367499999999996,93.67499999999995,0.1517972784542486,0.21517332648112647,-0.001120896717376066,36.95652173913043,11,4,2.7291666666666665,ok
20,40,3,TP_FIJO,0,15:00,131,35.11450381679389,0.9999739999740005,-0.0001526717557254859,-0.020000000000038654,-0.0020000000000038654,9.367499999999996,93.67499999999995,0.1517972784542486,0.21517332648112647,-0.001120896717376066,36.95652173913043,11,4,2.7291666666666665,ok
20,60,1,TP_FIJO,0,12:00,46,28.26086956521739,1.1131154169128852,0.7906521739130435,36.370000000000005,3.6370000000000005,8.232648127897136,92.97499999999991,0.8584875108811085,1.79289499789137,2.3193326987093332,28.26086956521739,8,2,0.9583333333333334,ok
20,60,1,TP_FIJO,0,14:00,46,28.26086956521739,1.1131154169128852,0.7906521739130435,36.370000000000005,3.6370000000000005,8.232648127897136,92.97499999999991,0.8584875108811085,1.79289499789137,2.3193326987093332,28.26086956521739,8,2,0.9583333333333334,ok
20,60,1,TP_FIJO,0,15:00,46,28.26086956521739,1.1131154169128852,0.7906521739130435,36.370000000000005,3.6370000000000005,8.232648127897136,92.97499999999991,0.8584875108811085,1.79289499789137,2.3193326987093332,28.26086956521739,8,2,0.9583333333333334,ok
20,60,2,TP_FIJO,0,12:00,89,25.842696629213485,1.0055262676621906,0.039044943820224776,3.475000000000005,0.3475000000000005,14.96545198868075,172.40499999999997,0.2161887958680271,0.3518928223756072,0.12190577346944713,45.65217391304348,11,3,1.8541666666666667,ok
20,60,2,TP_FIJO,0,14:00,90,25.555555555555554,0.9926760917176258,-0.05183333333333329,-4.664999999999996,-0.4664999999999996,15.672036943803056,180.54499999999996,0.08926057732039254,0.14402538634211698,-0.1562735596388711,45.65217391304348,11,3,1.875,ok
20,60,2,TP_FIJO,0,15:00,90,25.555555555555554,0.9926760917176258,-0.05183333333333329,-4.664999999999996,-0.4664999999999996,15.672036943803056,180.54499999999996,0.08926057732039254,0.14402538634211698,-0.1562735596388711,45.65217391304348,11,3,1.875,ok
20,60,3,TP_FIJO,0,12:00,129,25.581395348837212,0.9964799236322418,-0.0251550387596904,-3.2450000000000614,-0.3245000000000061,16.591791282214455,195.55500000000006,0.13126406413347924,0.19309329754995877,-0.10267878681828828,60.86956521739131,11,4,2.6875,ok
20,60,3,TP_FIJO,0,14:00,131,25.190839694656486,0.9813160987074033,-0.13351145038167966,-17.490000000000038,-1.7490000000000037,17.973061830522862,211.83500000000004,-0.07019824330623729,-0.10199573025216481,-0.5108895794486283,60.86956521739131,12,4,2.7291666666666665,ok
20,60,3,TP_FIJO,0,15:00,131,25.190839694656486,0.9813160987074033,-0.13351145038167966,-17.490000000000038,-1.7490000000000037,17.973061830522862,211.83500000000004,-0.07019824330623729,-0.10199573025216481,-0.5108895794486283,60.86956521739131,12,4,2.7291666666666665,ok
20,80,1,TP_FIJO,0,12:00,46,26.08695652173913,1.360355366452927,2.61445652173913,120.26499999999997,12.026499999999997,6.8217625959572326,81.40000000000009,2.0846606677814545,5.351130621876949,9.255544166461904,26.08695652173913,8,2,0.9583333333333334,ok
20,80,1,TP_FIJO,0,14:00,46,26.08695652173913,1.360355366452927,2.61445652173913,120.26499999999997,12.026499999999997,6.8217625959572326,81.40000000000009,2.0846606677814545,5.351130621876949,9.255544166461904,26.08695652173913,8,2,0.9583333333333334,ok
20,80,1,TP_FIJO,0,15:00,46,26.08695652173913,1.360355366452927,2.61445652173913,120.26499999999997,12.026499999999997,6.8217625959572326,81.40000000000009,2.0846606677814545,5.351130621876949,9.255544166461904,26.08695652173913,8,2,0.9583333333333334,ok
20,80,2,TP_FIJO,0,12:00,89,23.595505617977526,1.1730400484109689,1.333370786516854,118.67000000000002,11.867,15.640431163570822,200.01999999999998,1.6414767735821887,3.1687674829192365,3.9833780378837123,41.30434782608695,16,3,1.8541666666666667,ok
20,80,2,TP_FIJO,0,14:00,90,23.333333333333332,1.1558903401008669,1.2055000000000002,108.49500000000002,10.849500000000003,16.436058536280232,210.19500000000016,1.517949232463744,2.9020736208115805,3.4655434497430933,41.30434782608695,16,3,1.875,ok
20,80,2,TP_FIJO,0,15:00,90,23.333333333333332,1.1558903401008669,1.2055000000000002,108.49500000000002,10.849500000000003,16.436058536280232,210.19500000000016,1.517949232463744,2.9020736208115805,3.4655434497430933,41.30434782608695,16,3,1.875,ok
20,80,3,TP_FIJO,0,12:00,129,21.705426356589147,1.058054173907833,0.45058139534883784,58.125000000000085,5.812500000000009,18.142094769642203,227.94000000000005,0.8725872282957915,1.430388169954757,1.6820342627171643,52.17391304347826,13,4,2.6875,ok
20,80,3,TP_FIJO,0,14:00,131,21.374045801526716,1.036977397535167,0.28835877862595466,37.77500000000006,3.7775000000000065,19.76178253204555,248.29000000000008,0.6461620195574344,1.04415421741216,1.003546869713844,52.17391304347826,13,4,2.7291666666666665,ok
20,80,3,TP_FIJO,0,15:00,131,21.374045801526716,1.036977397535167,0.28835877862595466,37.77500000000006,3.7775000000000065,19.76178253204555,248.29000000000008,0.6461620195574344,1.04415421741216,1.003546869713844,52.17391304347826,13,4,2.7291666666666665,ok
20,100,1,TP_FIJO,0,12:00,46,19.565217391304348,1.1443622476231168,1.1751086956521757,54.05500000000008,5.405500000000007,14.522335348522276,179.08000000000015,0.9794291732943052,2.5716380766132456,1.9541536756268154,19.565217391304348,17,2,0.9583333333333334,ok
20,100,1,TP_FIJO,0,14:00,46,19.565217391304348,1.1443622476231168,1.1751086956521757,54.05500000000008,5.405500000000007,14.522335348522276,179.08000000000015,0.9794291732943052,2.5716380766132456,1.9541536756268154,19.565217391304348,17,2,0.9583333333333334,ok
20,100,1,TP_FIJO,0,15:00,46,19.565217391304348,1.1443622476231168,1.1751086956521757,54.05500000000008,5.405500000000007,14.522335348522276,179.08000000000015,0.9794291732943052,2.5716380766132456,1.9541536756268154,19.565217391304348,17,2,0.9583333333333334,ok
20,100,2,TP_FIJO,0,12:00,89,20.224719101123593,1.1805997778600525,1.5072471910112357,134.14499999999998,13.414499999999999,18.385349827071664,244.2650000000001,1.5845309565318528,3.400123108953867,3.830556702070496,34.78260869565217,16,3,1.8541666666666667,ok
20,100,2,TP_FIJO,0,14:00,90,20.0,1.1646457268078891,1.3774444444444442,123.96999999999998,12.396999999999998,19.151202218902068,254.44000000000005,1.4839913167359708,3.1563326161042378,3.3984420015033,34.78260869565217,16,3,1.875,ok
20,100,2,TP_FIJO,0,15:00,90,20.0,1.1646457268078891,1.3774444444444442,123.96999999999998,12.396999999999998,19.151202218902068,254.44000000000005,1.4839913167359708,3.1563326161042378,3.3984420015033,34.78260869565217,16,3,1.875,ok
20,100,3,TP_FIJO,0,12:00,128,18.75,1.0902322562699918,0.7603125,97.32,9.732,21.314268284517567,286.4999999999998,1.1739766636167004,2.076369637779952,2.3971266251308916,45.65217391304348,20,3,2.6666666666666665,ok
20,100,3,TP_FIJO,0,14:00,131,18.3206106870229,1.0602258638955886,0.5098854961832064,66.79500000000004,6.679500000000004,23.585186397553873,317.02499999999986,0.8941189111776221,1.5526002138409742,1.4868390017743094,45.65217391304348,23,3,2.7291666666666665,ok
20,100,3,TP_FIJO,0,15:00,131,18.3206106870229,1.0602258638955886,0.5098854961832064,66.79500000000004,6.679500000000004,23.585186397553873,317.02499999999986,0.8941189111776221,1.5526002138409742,1.4868390017743094,45.65217391304348,23,3,2.7291666666666665,ok
25,20,1,TP_FIJO,0,12:00,46,50.0,0.7640743871513104,-0.9101086956521748,-41.86500000000004,-4.186500000000003,5.023500000000001,50.235000000000014,-1.9980656740099392,-2.5259041092710266,-4.3752612720215005,50.0,5,5,0.9583333333333334,ok
25,20,1,TP_FIJO,0,14:00,46,50.0,0.7640743871513104,-0.9101086956521748,-41.86500000000004,-4.186500000000003,5.023500000000001,50.235000000000014,-1.9980656740099392,-2.5259041092710266,-4.3752612720215005,50.0,5,5,0.9583333333333334,ok
25,20,1,TP_FIJO,0,15:00,46,50.0,0.7640743871513104,-0.9101086956521748,-41.86500000000004,-4.186500000000003,5.023500000000001,50.235000000000014,-1.9980656740099392,-2.5259041092710266,-4.3752612720215005,50.0,5,5,0.9583333333333334,ok
25,20,2,TP_FIJO,0,12:00,89,50.56179775280899,0.7868042888285801,-0.8076404494382027,-71.88000000000004,-7.188000000000004,7.77750000000002,77.7750000000002,-2.585547494679045,-3.2325271804828897,-4.852073288331717,26.08695652173913,6,4,1.8541666666666667,ok
25,20,2,TP_FIJO,0,14:00,90,50.0,0.7694483118691261,-0.8831666666666671,-79.48500000000004,-7.948500000000005,8.538000000000022,85.38000000000022,-2.90042011952819,-3.594865437810088,-4.887517568517207,23.91304347826087,6,4,1.875,ok
25,20,2,TP_FIJO,0,15:00,90,50.0,0.7694483118691261,-0.8831666666666671,-79.48500000000004,-7.948500000000005,8.538000000000022,85.38000000000022,-2.90042011952819,-3.594865437810088,-4.887517568517207,23.91304347826087,6,4,1.875,ok
25,20,3,TP_FIJO,0,12:00,130,46.92307692307692,0.6819811106053706,-1.2898846153846157,-167.68500000000006,-16.768500000000007,17.947500000000012,179.47500000000014,-4.907425239955647,-5.299337238372804,-4.90511909736732,50.0,9,4,2.7083333333333335,ok
25,20,3,TP_FIJO,0,14:00,132,46.21212121212121,0.6628601448874629,-1.3855681818181824,-182.89500000000007,-18.289500000000007,19.468500000000017,194.68500000000017,-5.427201829272537,-5.771395782511258,-4.932063333076505,47.82608695652174,9,4,2.75,ok
25,20,3,TP_FIJO,0,15:00,132,46.21212121212121,0.6628601448874629,-1.3855681818181824,-182.89500000000007,-18.289500000000007,19.468500000000017,194.68500000000017,-5.427201829272537,-5.771395782511258,-4.932063333076505,47.82608695652174,9,4,2.75,ok
25,30,1,TP_FIJO,0,12:00,46,50.0,1.0755174680904127,0.36206521739130376,16.654999999999973,1.665499999999997,5.622016394377974,59.11999999999989,0.6317549380957291,0.9437134674771535,1.5552916225473612,50.0,5,5,0.9583333333333334,ok
25,30,1,TP_FIJO,0,14:00,46,50.0,1.0755174680904127,0.36206521739130376,16.654999999999973,1.665499999999997,5.622016394377974,59.11999999999989,0.6317549380957291,0.9437134674771535,1.5552916225473612,50.0,5,5,0.9583333333333334,ok
25,30,1,TP_FIJO,0,15:00,46,50.0,1.0755174680904127,0.36206521739130376,16.654999999999973,1.665499999999997,5.622016394377974,59.11999999999989,0.6317549380957291,0.9437134674771535,1.5552916225473612,50.0,5,5,0.9583333333333334,ok
25,30,2,TP_FIJO,0,12:00,89,47.19101123595505,1.0113818308388447,0.05511235955056117,4.904999999999944,0.4904999999999944,7.316288417508726,78.44999999999993,0.22569396518290968,0.32033845554414725,0.35197149880496753,67.3913043478261,7,4,1.8541666666666667,ok
25,30,2,TP_FIJO,0,14:00,90,46.666666666666664,0.9938434175873038,-0.030000000000000623,-2.700000000000056,-0.2700000000000056,7.8208278737065955,83.86000000000001,0.02971855205648769,0.0418120534699748,-0.181246796744578,69.56521739130434,7,4,1.875,ok
25,30,2,TP_FIJO,0,15:00,90,46.666666666666664,0.9938434175873038,-0.030000000000000623,-2.700000000000056,-0.2700000000000056,7.8208278737065955,83.86000000000001,0.02971855205648769,0.0418120534699748,-0.181246796744578,69.56521739130434,7,4,1.875,ok
25,30,3,TP_FIJO,0,12:00,129,44.18604651162791,0.8938184198513386,-0.4778294573643416,-61.64000000000007,-6.164000000000007,10.12650000000001,101.2650000000001,-1.417136205012285,-1.7210580423188544,-3.195674714857059,54.347826086956516,9,4,2.6875,ok
25,30,3,TP_FIJO,0,14:00,131,43.51145038167939,0.8709975240253469,-0.5866412213740464,-76.85000000000008,-7.6850000000000085,10.845888724766148,110.14000000000021,-1.8161976540495695,-2.1861588823875597,-3.719957951243868,52.17391304347826,9,4,2.7291666666666665,ok
25,30,3,TP_FIJO,0,15:00,131,43.51145038167939,0.8709975240253469,-0.5866412213740464,-76.85000000000008,-7.6850000000000085,10.845888724766148,110.14000000000021,-1.8161976540495695,-2.1861588823875597,-3.719957951243868,52.17391304347826,9,4,2.7291666666666665,ok
25,40,1,TP_FIJO,0,12:00,46,47.82608695652174,1.3750352211890673,1.8807608695652167,86.51499999999997,8.651499999999997,5.017865677416409,55.11999999999989,2.4602474460398303,4.329442046954042,9.051731935436335,47.82608695652174,5,5,0.9583333333333334,ok
25,40,1,TP_FIJO,0,14:00,46,47.82608695652174,1.3750352211890673,1.8807608695652167,86.51499999999997,8.651499999999997,5.017865677416409,55.11999999999989,2.4602474460398303,4.329442046954042,9.051731935436335,47.82608695652174,5,5,0.9583333333333334,ok
25,40,1,TP_FIJO,0,15:00,46,47.82608695652174,1.3750352211890673,1.8807608695652167,86.51499999999997,8.651499999999997,5.017865677416409,55.11999999999989,2.4602474460398303,4.329442046954042,9.051731935436335,47.82608695652174,5,5,0.9583333333333334,ok
25,40,2,TP_FIJO,0,12:00,89,41.57303370786517,1.0815602836879434,0.43674157303370725,38.86999999999995,3.8869999999999947,8.398829354488395,91.25999999999999,0.9489318619479851,1.4170090960940962,2.4297136111111075,67.3913043478261,9,4,1.8541666666666667,ok
25,40,2,TP_FIJO,0,14:00,90,41.11111111111111,1.0590277777777781,0.3192222222222216,28.729999999999944,2.8729999999999944,8.398829354488395,91.25999999999999,0.7392595187226014,1.093926284802569,1.7958752777777742,67.3913043478261,9,4,1.875,ok
25,40,2,TP_FIJO,0,15:00,90,41.11111111111111,1.0590277777777781,0.3192222222222216,28.729999999999944,2.8729999999999944,8.398829354488395,91.25999999999999,0.7392595187226014,1.093926284802569,1.7958752777777742,67.3913043478261,9,4,1.875,ok
25,40,3,TP_FIJO,0,12:00,129,38.759689922480625,0.9600792161767766,-0.19298449612403162,-24.895000000000078,-2.4895000000000076,10.276500000000011,102.7650000000001,-0.4138726942408533,-0.5494251462278912,-1.2718216318785602,45.65217391304348,9,4,2.6875,ok
25,40,3,TP_FIJO,0,14:00,131,38.16793893129771,0.9372201872201869,-0.30614503816793953,-40.10500000000008,-4.010500000000008,10.276500000000011,102.7650000000001,-0.7533217743274685,-0.9921510728617006,-2.0488614800759035,43.47826086956522,9,4,2.7291666666666665,ok
25,40,3,TP_FIJO,0,15:00,131,38.16793893129771,0.9372201872201869,-0.30614503816793953,-40.10500000000008,-4.010500000000008,10.276500000000011,102.7650000000001,-0.7533217743274685,-0.9921510728617006,-2.0488614800759035,43.47826086956522,9,4,2.7291666666666665,ok
25,60,1,TP_FIJO,0,12:00,46,34.78260869565217,1.2170985513160582,1.3878260869565209,63.83999999999996,6.383999999999997,8.137607073777287,94.24000000000001,1.5264480287448154,3.033317975446419,4.118655483870965,34.78260869565217,7,4,0.9583333333333334,ok
25,60,1,TP_FIJO,0,14:00,46,34.78260869565217,1.2170985513160582,1.3878260869565209,63.83999999999996,6.383999999999997,8.137607073777287,94.24000000000001,1.5264480287448154,3.033317975446419,4.118655483870965,34.78260869565217,7,4,0.9583333333333334,ok
25,60,1,TP_FIJO,0,15:00,46,34.78260869565217,1.2170985513160582,1.3878260869565209,63.83999999999996,6.383999999999997,8.137607073777287,94.24000000000001,1.5264480287448154,3.033317975446419,4.118655483870965,34.78260869565217,7,4,0.9583333333333334,ok
25,60,2,TP_FIJO,0,12:00,89,32.58426966292135,1.1235318158395082,0.7811235955056176,69.51999999999997,6.951999999999997,12.392969051090002,147.92000000000007,1.3930837345506137,2.242411497606308,2.9450569794483483,56.52173913043478,11,4,1.8541666666666667,ok
25,60,2,TP_FIJO,0,14:00,90,32.22222222222222,1.1036462969750922,0.6597777777777775,59.37999999999997,5.937999999999997,13.242514117193647,158.05999999999995,1.2055510962813176,1.9163702587903735,2.3541224667847653,56.52173913043478,11,4,1.875,ok
25,60,2,TP_FIJO,0,15:00,90,32.22222222222222,1.1036462969750922,0.6597777777777775,59.37999999999997,5.937999999999997,13.242514117193647,158.05999999999995,1.2055510962813176,1.9163702587903735,2.3541224667847653,56.52173913043478,11,4,1.875,ok
25,60,3,TP_FIJO,0,12:00,129,30.23255813953488,1.0064280791806277,0.04193798449612323,5.409999999999897,0.5409999999999897,15.847697453048623,187.88,0.24820647757342643,0.3784137076499445,0.17922161931817843,65.21739130434783,11,4,2.6875,ok
25,60,3,TP_FIJO,0,14:00,131,29.770992366412212,0.9885624919762379,-0.07480916030534425,-9.800000000000097,-0.9800000000000096,17.130662527888248,203.08999999999992,0.01685794576585415,0.025245397635759576,-0.3003386466591197,67.3913043478261,12,4,2.7291666666666665,ok
25,60,3,TP_FIJO,0,15:00,131,29.770992366412212,0.9885624919762379,-0.07480916030534425,-9.800000000000097,-0.9800000000000096,17.130662527888248,203.08999999999992,0.01685794576585415,0.025245397635759576,-0.3003386466591197,67.3913043478261,12,4,2.7291666666666665,ok
25,80,1,TP_FIJO,0,12:00,46,30.434782608695656,1.3216398985629756,2.233369565217391,102.73499999999997,10.273499999999997,7.419938461021807,88.37999999999988,2.0201865462467024,4.63048895157045,7.269046136074344,30.434782608695656,8,3,0.9583333333333334,ok
25,80,1,TP_FIJO,0,14:00,46,30.434782608695656,1.3216398985629756,2.233369565217391,102.73499999999997,10.273499999999997,7.419938461021807,88.37999999999988,2.0201865462467024,4.63048895157045,7.269046136074344,30.434782608695656,8,3,0.9583333333333334,ok
25,80,1,TP_FIJO,0,15:00,46,30.434782608695656,1.3216398985629756,2.233369565217391,102.73499999999997,10.273499999999997,7.419938461021807,88.37999999999988,2.0201865462467024,4.63048895157045,7.269046136074344,30.434782608695656,8,3,0.9583333333333334,ok
25,80,2,TP_FIJO,0,12:00,89,29.213483146067414,1.2669402557740028,1.88561797752809,167.82,16.782,13.798101366682072,181.8299999999997,2.6287652434656064,4.7498016155302825,6.385335029698082,52.17391304347826,16,3,1.8541666666666667,ok
25,80,2,TP_FIJO,0,14:00,90,28.888888888888886,1.246830092983939,1.7519999999999998,157.67999999999998,15.767999999999999,14.56757146434559,191.9699999999998,2.4744241159374973,4.424388026592263,5.682621856540091,52.17391304347826,16,3,1.875,ok
25,80,2,TP_FIJO,0,15:00,90,28.888888888888886,1.246830092983939,1.7519999999999998,157.67999999999998,15.767999999999999,14.56757146434559,191.9699999999998,2.4744241159374973,4.424388026592263,5.682621856540091,52.17391304347826,16,3,1.875,ok
25,80,3,TP_FIJO,0,12:00,129,25.581395348837212,1.07374073889911,0.5173255813953481,66.73499999999991,6.673499999999992,16.256435941099838,202.85999999999967,1.1308835911689552,1.7194456333430588,2.155200262034163,63.04347826086957,13,4,2.6875,ok
25,80,3,TP_FIJO,0,14:00,131,25.190839694656486,1.0502066953068008,0.3546183206106865,46.45499999999993,4.645499999999993,17.881598717820264,223.13999999999965,0.838070753543821,1.2524889375858523,1.3639090880445017,63.04347826086957,13,4,2.7291666666666665,ok
25,80,3,TP_FIJO,0,15:00,131,25.190839694656486,1.0502066953068008,0.3546183206106865,46.45499999999993,4.645499999999993,17.881598717820264,223.13999999999965,0.838070753543821,1.2524889375858523,1.3639090880445017,63.04347826086957,13,4,2.7291666666666665,ok
25,100,1,TP_FIJO,0,12:00,46,23.91304347826087,1.2160543754345636,1.6549999999999994,76.12999999999997,7.612999999999996,13.981511456422426,174.91499999999996,1.414992902259917,3.502555592658343,2.8586501627218928,23.91304347826087,17,3,0.9583333333333334,ok
25,100,1,TP_FIJO,0,14:00,46,23.91304347826087,1.2160543754345636,1.6549999999999994,76.12999999999997,7.612999999999996,13.981511456422426,174.91499999999996,1.414992902259917,3.502555592658343,2.8586501627218928,23.91304347826087,17,3,0.9583333333333334,ok
25,100,1,TP_FIJO,0,15:00,46,23.91304347826087,1.2160543754345636,1.6549999999999994,76.12999999999997,7.612999999999996,13.981511456422426,174.91499999999996,1.414992902259917,3.502555592658343,2.8586501627218928,23.91304347826087,17,3,0.9583333333333334,ok
25,100,2,TP_FIJO,0,12:00,89,26.96629213483146,1.364356059835838,3.020000000000001,268.7800000000001,26.878000000000007,15.663345137116053,228.24000000000024,3.1962864062830905,6.471796561478882,9.008899361198731,47.82608695652174,16,3,1.8541666666666667,ok
25,100,2,TP_FIJO,0,14:00,90,26.666666666666668,1.3458563166516233,2.873777777777779,258.6400000000001,25.864000000000008,16.35921930330232,238.3800000000001,3.082126255408188,6.1856862442640175,8.300273838409261,47.82608695652174,16,3,1.875,ok
25,100,2,TP_FIJO,0,15:00,90,26.666666666666668,1.3458563166516233,2.873777777777779,258.6400000000001,25.864000000000008,16.35921930330232,238.3800000000001,3.082126255408188,6.1856862442640175,8.300273838409261,47.82608695652174,16,3,1.875,ok
25,100,3,TP_FIJO,0,12:00,128,23.4375,1.1579591150253044,1.2106640624999998,154.96499999999997,15.496499999999996,19.444028229371117,259.53499999999985,1.9568521365000957,3.2716375314736434,4.184144563064714,56.52173913043478,18,2,2.6666666666666665,ok
25,100,3,TP_FIJO,0,14:00,131,22.900763358778626,1.1259552198864142,0.9700763358778626,127.08,12.708,21.53313654684664,287.4199999999996,1.6487438382923914,2.7163162353398578,3.098341008280569,56.52173913043478,20,2,2.7291666666666665,ok
25,100,3,TP_FIJO,0,15:00,131,22.900763358778626,1.1259552198864142,0.9700763358778626,127.08,12.708,21.53313654684664,287.4199999999996,1.6487438382923914,2.7163162353398578,3.098341008280569,56.52173913043478,20,2,2.7291666666666665,ok
30,20,1,TP_FIJO,0,12:00,46,56.52173913043478,0.8416803953871501,-0.626739130434783,-28.83000000000002,-2.883000000000002,4.803678532529682,48.735000000000014,-1.2333277907678875,-1.549078001219334,-3.150866548938136,56.52173913043478,4,8,0.9583333333333334,ok
30,20,1,TP_FIJO,0,14:00,46,56.52173913043478,0.8416803953871501,-0.626739130434783,-28.83000000000002,-2.883000000000002,4.803678532529682,48.735000000000014,-1.2333277907678875,-1.549078001219334,-3.150866548938136,56.52173913043478,4,8,0.9583333333333334,ok
30,20,1,TP_FIJO,0,15:00,46,56.52173913043478,0.8416803953871501,-0.626739130434783,-28.83000000000002,-2.883000000000002,4.803678532529682,48.735000000000014,-1.2333277907678875,-1.549078001219334,-3.150866548938136,56.52173913043478,4,8,0.9583333333333334,ok
30,20,2,TP_FIJO,0,12:00,89,55.0561797752809,0.7931219110378911,-0.8465730337078656,-75.34500000000004,-7.534500000000004,9.904500000000008,99.04500000000007,-2.3349576163128845,-2.9339543133177615,-3.9937528396183546,32.608695652173914,6,8,1.8541666666666667,ok
30,20,2,TP_FIJO,0,14:00,90,54.44444444444444,0.7737774741833083,-0.9383333333333338,-84.45000000000005,-8.445000000000004,9.904500000000008,99.04500000000007,-2.654219953643541,-3.309457944869948,-4.47637437528396,30.434782608695656,6,8,1.875,ok
30,20,2,TP_FIJO,0,15:00,90,54.44444444444444,0.7737774741833083,-0.9383333333333338,-84.45000000000005,-8.445000000000004,9.904500000000008,99.04500000000007,-2.654219953643541,-3.309457944869948,-4.47637437528396,30.434782608695656,6,8,1.875,ok
30,20,3,TP_FIJO,0,12:00,130,52.307692307692314,0.6254244696231047,-1.2855,-167.115,-16.7115,17.497499999999945,174.97499999999945,-5.716593480906443,-5.829701026628979,-5.014166309472799,47.82608695652174,8,6,2.7083333333333335,ok
30,20,3,TP_FIJO,0,14:00,132,51.515151515151516,0.6088569340039496,-1.3579924242424244,-179.25500000000002,-17.925500000000003,18.711499999999944,187.11499999999944,-6.198710809088831,-6.237167295374955,-5.029467172594409,45.65217391304348,8,6,2.75,ok
30,20,3,TP_FIJO,0,15:00,132,51.515151515151516,0.6088569340039496,-1.3579924242424244,-179.25500000000002,-17.925500000000003,18.711499999999944,187.11499999999944,-6.198710809088831,-6.237167295374955,-5.029467172594409,45.65217391304348,8,6,2.75,ok
30,30,1,TP_FIJO,0,12:00,46,54.347826086956516,1.1630187495096889,0.6776086956521734,31.169999999999977,3.1169999999999973,4.31651620758164,45.73500000000013,1.2221964593289327,1.8073171170319016,3.791078085437835,54.347826086956516,4,8,0.9583333333333334,ok
30,30,1,TP_FIJO,0,14:00,46,54.347826086956516,1.1630187495096889,0.6776086956521734,31.169999999999977,3.1169999999999973,4.31651620758164,45.73500000000013,1.2221964593289327,1.8073171170319016,3.791078085437835,54.347826086956516,4,8,0.9583333333333334,ok
30,30,1,TP_FIJO,0,15:00,46,54.347826086956516,1.1630187495096889,0.6776086956521734,31.169999999999977,3.1169999999999973,4.31651620758164,45.73500000000013,1.2221964593289327,1.8073171170319016,3.791078085437835,54.347826086956516,4,8,0.9583333333333334,ok
30,30,2,TP_FIJO,0,12:00,89,50.56179775280899,0.99913883480605,-0.003876404494382529,-0.34500000000004505,-0.034500000000004506,7.410000000000003,74.10000000000002,0.08745767003113716,0.12399976789795052,-0.024443319838059863,28.26086956521739,6,6,1.8541666666666667,ok
30,30,2,TP_FIJO,0,14:00,90,50.0,0.9769357495881378,-0.10500000000000051,-9.450000000000045,-0.9450000000000045,7.410000000000003,74.10000000000002,-0.15778398173895705,-0.22241639527782475,-0.6695344129554686,26.08695652173913,6,6,1.875,ok
30,30,2,TP_FIJO,0,15:00,90,50.0,0.9769357495881378,-0.10500000000000051,-9.450000000000045,-0.9450000000000045,7.410000000000003,74.10000000000002,-0.15778398173895705,-0.22241639527782475,-0.6695344129554686,26.08695652173913,6,6,1.875,ok
30,30,3,TP_FIJO,0,12:00,129,48.06201550387597,0.8672796960629385,-0.6120155038759695,-78.95000000000006,-7.895000000000006,12.273000000000001,122.73000000000002,-1.63106903704975,-1.9765211122441233,-3.377230505988758,56.52173913043478,9,4,2.6875,ok
30,30,3,TP_FIJO,0,14:00,131,47.32824427480916,0.8359848205430829,-0.763778625954199,-100.05500000000006,-10.005500000000007,12.273000000000001,122.73000000000002,-2.1340950787700814,-2.5539734728289716,-4.28003544365681,54.347826086956516,9,4,2.7291666666666665,ok
30,30,3,TP_FIJO,0,15:00,131,47.32824427480916,0.8359848205430829,-0.763778625954199,-100.05500000000006,-10.005500000000007,12.273000000000001,122.73000000000002,-2.1340950787700814,-2.5539734728289716,-4.28003544365681,54.347826086956516,9,4,2.7291666666666665,ok
30,40,1,TP_FIJO,0,12:00,46,50.0,1.306425041186162,1.394999999999999,64.16999999999994,6.4169999999999945,4.77066921887653,51.83999999999992,2.099167911550934,3.476086902266203,7.061745104166671,50.0,5,7,0.9583333333333334,ok
30,40,1,TP_FIJO,0,14:00,46,50.0,1.306425041186162,1.394999999999999,64.16999999999994,6.4169999999999945,4.77066921887653,51.83999999999992,2.099167911550934,3.476086902266203,7.061745104166671,50.0,5,7,0.9583333333333334,ok
30,40,1,TP_FIJO,0,15:00,46,50.0,1.306425041186162,1.394999999999999,64.16999999999994,6.4169999999999945,4.77066921887653,51.83999999999992,2.099167911550934,3.476086902266203,7.061745104166671,50.0,5,7,0.9583333333333334,ok
30,40,2,TP_FIJO,0,12:00,89,43.82022471910113,1.0190115321252053,0.09724719101123545,8.654999999999955,0.8654999999999955,7.759810040450869,82.67999999999995,0.31204583035872596,0.4474520004855207,0.5855652363026096,69.56521739130434,9,4,1.8541666666666667,ok
30,40,2,TP_FIJO,0,14:00,90,43.333333333333336,0.9990309138482405,-0.005000000000000505,-0.4500000000000455,-0.04500000000000455,7.759810040450869,82.67999999999995,0.09757886295825209,0.1389152843473389,-0.03044533291001761,69.56521739130434,9,4,1.875,ok
30,40,2,TP_FIJO,0,15:00,90,43.333333333333336,0.9990309138482405,-0.005000000000000505,-0.4500000000000455,-0.04500000000000455,7.759810040450869,82.67999999999995,0.09757886295825209,0.1389152843473389,-0.03044533291001761,69.56521739130434,9,4,1.875,ok
30,40,3,TP_FIJO,0,12:00,129,41.86046511627907,0.8788677549797805,-0.6269767441860469,-80.88000000000005,-8.088000000000005,10.887000000000011,108.87000000000012,-1.4957292987394386,-1.886874947431848,-3.9002480022044623,47.82608695652174,9,4,2.6875,ok
30,40,3,TP_FIJO,0,14:00,131,41.221374045801525,0.8573414332784175,-0.7403435114503821,-96.98500000000006,-9.698500000000006,11.284500000000037,112.84500000000037,-1.8645411378570904,-2.3356017454601425,-4.512129469626467,45.65217391304348,9,4,2.7291666666666665,ok
30,40,3,TP_FIJO,0,15:00,131,41.221374045801525,0.8573414332784175,-0.7403435114503821,-96.98500000000006,-9.698500000000006,11.284500000000037,112.84500000000037,-1.8645411378570904,-2.3356017454601425,-4.512129469626467,45.65217391304348,9,4,2.7291666666666665,ok
30,60,1,TP_FIJO,0,12:00,46,36.95652173913043,1.1521331591206045,0.8732608695652159,40.16999999999993,4.016999999999992,7.354742172087166,82.57500000000005,1.1402353162776775,2.0990805456992976,2.8674356634877314,36.95652173913043,6,5,0.9583333333333334,ok
30,60,1,TP_FIJO,0,14:00,46,36.95652173913043,1.1521331591206045,0.8732608695652159,40.16999999999993,4.016999999999992,7.354742172087166,82.57500000000005,1.1402353162776775,2.0990805456992976,2.8674356634877314,36.95652173913043,6,5,0.9583333333333334,ok
30,60,1,TP_FIJO,0,15:00,46,36.95652173913043,1.1521331591206045,0.8732608695652159,40.16999999999993,4.016999999999992,7.354742172087166,82.57500000000005,1.1402353162776775,2.0990805456992976,2.8674356634877314,36.95652173913043,6,5,0.9583333333333334,ok
30,60,2,TP_FIJO,0,12:00,89,33.70786516853933,0.9993577751095966,-0.003876404494382489,-0.3450000000000415,-0.03450000000000415,13.018516877824052,146.94000000000005,0.12287314291850836,0.18391823654693398,-0.013912875153125394,56.52173913043478,11,4,1.8541666666666667,ok
30,60,2,TP_FIJO,0,14:00,90,33.33333333333333,0.9827018121911033,-0.10500000000000047,-9.450000000000042,-0.9450000000000042,13.825197129440948,156.04499999999996,-0.054657759266017895,-0.0809407665847073,-0.3588556426030969,56.52173913043478,11,4,1.875,ok
30,60,2,TP_FIJO,0,15:00,90,33.33333333333333,0.9827018121911033,-0.10500000000000047,-9.450000000000042,-0.9450000000000042,13.825197129440948,156.04499999999996,-0.054657759266017895,-0.0809407665847073,-0.3588556426030969,56.52173913043478,11,4,1.875,ok
30,60,3,TP_FIJO,0,12:00,129,32.55813953488372,0.9369947511589588,-0.38244186046511713,-49.33500000000011,-4.933500000000011,15.015090883662605,166.41000000000008,-0.6650741259724574,-0.9496750758940407,-1.7249895588831827,30.434782608695656,11,4,2.6875,ok
30,60,3,TP_FIJO,0,14:00,131,32.06106870229007,0.9156994159053463,-0.5156106870229017,-67.54500000000012,-6.754500000000012,16.65817005553627,184.62000000000012,-0.9574304400800733,-1.342400652028254,-2.128752731048913,30.434782608695656,11,4,2.7291666666666665,ok
30,60,3,TP_FIJO,0,15:00,131,32.06106870229007,0.9156994159053463,-0.5156106870229017,-67.54500000000012,-6.754500000000012,16.65817005553627,184.62000000000012,-0.9574304400800733,-1.342400652028254,-2.128752731048913,30.434782608695656,11,4,2.7291666666666665,ok
30,80,1,TP_FIJO,0,12:00,46,32.608695652173914,1.2698623585056066,1.6558695652173898,76.16999999999993,7.616999999999993,6.154376081866505,70.57500000000005,1.7801050546901869,3.7808878573981004,6.497693587141328,32.608695652173914,6,3,0.9583333333333334,ok
30,80,1,TP_FIJO,0,14:00,46,32.608695652173914,1.2698623585056066,1.6558695652173898,76.16999999999993,7.616999999999993,6.154376081866505,70.57500000000005,1.7801050546901869,3.7808878573981004,6.497693587141328,32.608695652173914,6,3,0.9583333333333334,ok
30,80,1,TP_FIJO,0,15:00,46,32.608695652173914,1.2698623585056066,1.6558695652173898,76.16999999999993,7.616999999999993,6.154376081866505,70.57500000000005,1.7801050546901869,3.7808878573981004,6.497693587141328,32.608695652173914,6,3,0.9583333333333334,ok
30,80,2,TP_FIJO,0,12:00,89,30.337078651685395,1.1428761226550455,0.9062359550561793,80.65499999999996,8.065499999999997,11.362368680408474,135.46499999999992,1.5616398309372048,2.5632489774645104,3.7266767336120035,54.347826086956516,12,3,1.8541666666666667,ok
30,80,2,TP_FIJO,0,14:00,90,30.0,1.1247352318192512,0.7949999999999995,71.54999999999995,7.154999999999996,12.126066807859251,144.56999999999994,1.397516074994961,2.270826900867877,3.097768682558621,54.347826086956516,12,3,1.875,ok
30,80,2,TP_FIJO,0,15:00,90,30.0,1.1247352318192512,0.7949999999999995,71.54999999999995,7.154999999999996,12.126066807859251,144.56999999999994,1.397516074994961,2.270826900867877,3.097768682558621,54.347826086956516,12,3,1.875,ok
30,80,3,TP_FIJO,0,12:00,129,27.906976744186046,0.9984062746221611,-0.010348837209302937,-1.335000000000079,-0.1335000000000079,13.163492259624732,149.1450000000001,0.13916495264002188,0.19825590619476652,-0.05324384944182146,67.3913043478261,13,4,2.6875,ok
30,80,3,TP_FIJO,0,14:00,131,27.480916030534353,0.9771635879280726,-0.1491984732824435,-19.5450000000001,-1.9545000000000101,14.770701311539078,167.35500000000002,-0.1472356017455575,-0.20658260217848023,-0.6946945025544534,67.3913043478261,13,4,2.7291666666666665,ok
30,80,3,TP_FIJO,0,15:00,131,27.480916030534353,0.9771635879280726,-0.1491984732824435,-19.5450000000001,-1.9545000000000101,14.770701311539078,167.35500000000002,-0.1472356017455575,-0.20658260217848023,-0.6946945025544534,67.3913043478261,13,4,2.7291666666666665,ok
30,100,1,TP_FIJO,0,12:00,46,26.08695652173913,1.158833220273282,1.0689130434782594,49.16999999999993,4.916999999999993,11.518075134198316,136.57499999999982,1.1126727091672317,2.5075690446172287,2.241194791598023,26.08695652173913,15,3,0.9583333333333334,ok
30,100,1,TP_FIJO,0,14:00,46,26.08695652173913,1.158833220273282,1.0689130434782594,49.16999999999993,4.916999999999993,11.518075134198316,136.57499999999982,1.1126727091672317,2.5075690446172287,2.241194791598023,26.08695652173913,15,3,0.9583333333333334,ok
30,100,1,TP_FIJO,0,15:00,46,26.08695652173913,1.158833220273282,1.0689130434782594,49.16999999999993,4.916999999999993,11.518075134198316,136.57499999999982,1.1126727091672317,2.5075690446172287,2.241194791598023,26.08695652173913,15,3,0.9583333333333334,ok
30,100,2,TP_FIJO,0,12:00,89,28.08988764044944,1.2390040719903017,1.727865168539325,153.77999999999992,15.377999999999991,13.776463322477545,179.5699999999997,2.3195589776252588,4.210964925351732,5.860321194937915,50.0,12,3,1.8541666666666667,ok
30,100,2,TP_FIJO,0,14:00,90,27.77777777777778,1.2217156430788092,1.6074999999999993,144.67499999999993,14.467499999999992,14.474991464991097,188.67499999999973,2.1904740823792315,3.945461507630414,5.247282886743082,50.0,13,3,1.875,ok
30,100,2,TP_FIJO,0,15:00,90,27.77777777777778,1.2217156430788092,1.6074999999999993,144.67499999999993,14.467499999999992,14.474991464991097,188.67499999999973,2.1904740823792315,3.945461507630414,5.247282886743082,50.0,13,3,1.875,ok
30,100,3,TP_FIJO,0,12:00,128,25.0,1.0794610818983996,0.5501562499999982,70.41999999999977,7.041999999999978,17.143817534884494,209.11000000000013,1.0881007406072063,1.7249898455885377,2.1564916871502953,58.69565217391305,16,2,2.6666666666666665,ok
30,100,3,TP_FIJO,0,14:00,131,24.427480916030532,1.0471848369246932,0.3290458015267168,43.104999999999905,4.3104999999999905,19.383229212783057,236.42500000000007,0.7446829345062769,1.161378496030856,1.1675105706883762,58.69565217391305,16,2,2.7291666666666665,ok
30,100,3,TP_FIJO,0,15:00,131,24.427480916030532,1.0471848369246932,0.3290458015267168,43.104999999999905,4.3104999999999905,19.383229212783057,236.42500000000007,0.7446829345062769,1.161378496030856,1.1675105706883762,58.69565217391305,16,2,2.7291666666666665,ok
40,20,1,TP_FIJO,0,12:00,46,67.3913043478261,1.00644361833953,0.01695652173913038,0.7799999999999976,0.07799999999999976,3.551022795967303,36.419999999999845,0.08970089005597696,0.1108748632001677,0.115318887973641,67.3913043478261,3,9,0.9583333333333334,ok
40,20,1,TP_FIJO,0,14:00,46,67.3913043478261,1.00644361833953,0.01695652173913038,0.7799999999999976,0.07799999999999976,3.551022795967303,36.419999999999845,0.08970089005597696,0.1108748632001677,0.115318887973641,67.3913043478261,3,9,0.9583333333333334,ok
40,20,1,TP_FIJO,0,15:00,46,67.3913043478261,1.00644361833953,0.01695652173913038,0.7799999999999976,0.07799999999999976,3.551022795967303,36.419999999999845,0.08970089005597696,0.1108748632001677,0.115318887973641,67.3913043478261,3,9,0.9583333333333334,ok
40,20,2,TP_FIJO,0,12:00,89,67.41573033707866,1.0075631329316757,0.01988764044943806,1.7699999999999876,0.17699999999999874,5.382000000000005,53.82000000000005,0.13651078766031446,0.18726322846863083,0.1726588628762528,45.65217391304348,4,10,1.8541666666666667,ok
40,20,2,TP_FIJO,0,14:00,90,66.66666666666666,0.9739776951672865,-0.07000000000000013,-6.300000000000011,-0.6300000000000011,5.382000000000005,53.82000000000005,-0.22167868227837575,-0.30238222006723003,-0.6145484949832781,43.47826086956522,4,10,1.875,ok
40,20,2,TP_FIJO,0,15:00,90,66.66666666666666,0.9739776951672865,-0.07000000000000013,-6.300000000000011,-0.6300000000000011,5.382000000000005,53.82000000000005,-0.22167868227837575,-0.30238222006723003,-0.6145484949832781,43.47826086956522,4,10,1.875,ok
40,20,3,TP_FIJO,0,12:00,130,63.84615384615384,0.8600015819030296,-0.40846153846153865,-53.10000000000002,-5.310000000000002,8.196000000000003,81.96000000000004,-1.816473128480016,-2.248050635283334,-3.401354319180088,28.26086956521739,4,9,2.7083333333333335,ok
40,20,3,TP_FIJO,0,14:00,132,62.878787878787875,0.8248994765192323,-0.5245454545454548,-69.24000000000002,-6.924000000000002,8.196000000000003,82.38,-2.380474673480128,-2.898638404854208,-4.435212298682284,26.08695652173913,4,9,2.75,ok
40,20,3,TP_FIJO,0,15:00,132,62.878787878787875,0.8248994765192323,-0.5245454545454548,-69.24000000000002,-6.924000000000002,8.196000000000003,82.38,-2.380474673480128,-2.898638404854208,-4.435212298682284,26.08695652173913,4,9,2.75,ok
40,30,1,TP_FIJO,0,12:00,46,60.86956521739131,1.143053834503649,0.4517391304347823,20.779999999999987,2.0779999999999985,3.2855424676886513,34.419999999999845,1.063632965539701,1.4587804284955002,3.320456243463115,60.86956521739131,3,9,0.9583333333333334,ok
40,30,1,TP_FIJO,0,14:00,46,60.86956521739131,1.143053834503649,0.4517391304347823,20.779999999999987,2.0779999999999985,3.2855424676886513,34.419999999999845,1.063632965539701,1.4587804284955002,3.320456243463115,60.86956521739131,3,9,0.9583333333333334,ok
40,30,1,TP_FIJO,0,15:00,46,60.86956521739131,1.143053834503649,0.4517391304347823,20.779999999999987,2.0779999999999985,3.2855424676886513,34.419999999999845,1.063632965539701,1.4587804284955002,3.320456243463115,60.86956521739131,3,9,0.9583333333333334,ok
40,30,2,TP_FIJO,0,12:00,89,59.55056179775281,1.081818807655239,0.26707865168539296,23.769999999999975,2.3769999999999976,5.196232636585867,54.83999999999992,0.883344161644904,1.275367585219192,2.4015957084245083,39.130434782608695,5,8,1.8541666666666667,ok
40,30,2,TP_FIJO,0,14:00,90,58.88888888888889,1.0525804615023948,0.17444444444444415,15.699999999999974,1.5699999999999974,5.196232636585867,54.83999999999992,0.6120904580483709,0.8805592612674932,1.5862453774617067,36.95652173913043,5,8,1.875,ok
40,30,2,TP_FIJO,0,15:00,90,58.88888888888889,1.0525804615023948,0.17444444444444415,15.699999999999974,1.5699999999999974,5.196232636585867,54.83999999999992,0.6120904580483709,0.8805592612674932,1.5862453774617067,36.95652173913043,5,8,1.875,ok
40,30,3,TP_FIJO,0,12:00,129,56.58914728682171,0.9578907771286953,-0.14751937984496152,-19.030000000000037,-1.9030000000000036,8.596000000000004,85.96000000000004,-0.42513845825733015,-0.5574598719236452,-1.1622557003257346,60.86956521739131,5,9,2.6875,ok
40,30,3,TP_FIJO,0,14:00,131,55.72519083969466,0.9248600606759817,-0.2684732824427484,-35.17000000000004,-3.5170000000000035,8.83723154924189,92.38000000000011,-0.869825317761906,-1.130283998644324,-2.0893703980840006,58.69565217391305,5,9,2.7291666666666665,ok
40,30,3,TP_FIJO,0,15:00,131,55.72519083969466,0.9248600606759817,-0.2684732824427484,-35.17000000000004,-3.5170000000000035,8.83723154924189,92.38000000000011,-0.869825317761906,-1.130283998644324,-2.0893703980840006,58.69565217391305,5,9,2.7291666666666665,ok
40,40,1,TP_FIJO,0,12:00,46,56.52173913043478,1.2774473358116483,0.9734782608695649,44.77999999999999,4.477999999999999,3.284000000000003,32.84000000000003,1.9315798563738356,2.919026261014143,7.15880024360535,56.52173913043478,3,7,0.9583333333333334,ok
40,40,1,TP_FIJO,0,14:00,46,56.52173913043478,1.2774473358116483,0.9734782608695649,44.77999999999999,4.477999999999999,3.284000000000003,32.84000000000003,1.9315798563738356,2.919026261014143,7.15880024360535,56.52173913043478,3,7,0.9583333333333334,ok
40,40,1,TP_FIJO,0,15:00,46,56.52173913043478,1.2774473358116483,0.9734782608695649,44.77999999999999,4.477999999999999,3.284000000000003,32.84000000000003,1.9315798563738356,2.919026261014143,7.15880024360535,56.52173913043478,3,7,0.9583333333333334,ok
40,40,2,TP_FIJO,0,12:00,89,51.68539325842697,1.051208898878995,0.19966292134831432,17.769999999999975,1.7769999999999972,6.239579939827157,65.12000000000012,0.6317369138230892,0.9180913474985599,1.4951727664311991,28.26086956521739,6,4,1.8541666666666667,ok
40,40,2,TP_FIJO,0,14:00,90,51.11111111111111,1.027317787540836,0.1077777777777775,9.699999999999974,0.9699999999999974,6.239579939827157,65.12000000000012,0.3846317734832429,0.5559981108605206,0.8161607109950824,26.08695652173913,6,4,1.875,ok
40,40,2,TP_FIJO,0,15:00,90,51.11111111111111,1.027317787540836,0.1077777777777775,9.699999999999974,0.9699999999999974,6.239579939827157,65.12000000000012,0.3846317734832429,0.5559981108605206,0.8161607109950824,26.08695652173913,6,4,1.875,ok
40,40,3,TP_FIJO,0,12:00,128,50.0,0.9826517967781908,-0.07000000000000028,-8.960000000000036,-0.8960000000000036,7.88028871995699,82.09999999999991,-0.13486707804772052,-0.1874173297637393,-0.5969324433617571,47.82608695652174,6,6,2.6666666666666665,ok
40,40,3,TP_FIJO,0,14:00,131,48.854961832061065,0.9386524625940924,-0.2532061068702293,-33.17000000000004,-3.317000000000004,8.72206864777701,90.87,-0.7713494763829479,-1.0574950585641274,-1.9965733707494244,45.65217391304348,7,6,2.7291666666666665,ok
40,40,3,TP_FIJO,0,15:00,131,48.854961832061065,0.9386524625940924,-0.2532061068702293,-33.17000000000004,-3.317000000000004,8.72206864777701,90.87,-0.7713494763829479,-1.0574950585641274,-1.9965733707494244,45.65217391304348,7,6,2.7291666666666665,ok
40,60,1,TP_FIJO,0,12:00,46,41.30434782608695,1.040295561980816,0.190869565217391,8.779999999999987,0.8779999999999988,5.706514119065642,61.049999999999955,0.37572645133894694,0.6085431049230564,0.807761078624078,41.30434782608695,6,5,0.9583333333333334,ok
40,60,1,TP_FIJO,0,14:00,46,41.30434782608695,1.040295561980816,0.190869565217391,8.779999999999987,0.8779999999999988,5.706514119065642,61.049999999999955,0.37572645133894694,0.6085431049230564,0.807761078624078,41.30434782608695,6,5,0.9583333333333334,ok
40,60,1,TP_FIJO,0,15:00,46,41.30434782608695,1.040295561980816,0.190869565217391,8.779999999999987,0.8779999999999988,5.706514119065642,61.049999999999955,0.37572645133894694,0.6085431049230564,0.807761078624078,41.30434782608695,6,5,0.9583333333333334,ok
40,60,2,TP_FIJO,0,12:00,89,42.69662921348314,1.101489418567923,0.4693258426966289,41.769999999999975,4.176999999999998,7.980380328906386,80.70000000000005,1.1788549642032888,1.7686420009822,2.747895350371744,69.56521739130434,10,4,1.8541666666666667,ok
40,60,2,TP_FIJO,0,14:00,90,42.22222222222222,1.080306929749309,0.37444444444444414,33.699999999999974,3.3699999999999974,7.980380328906386,80.70000000000005,0.9632052515381662,1.4260607468709192,2.216999600371744,69.56521739130434,10,4,1.875,ok
40,60,2,TP_FIJO,0,15:00,90,42.22222222222222,1.080306929749309,0.37444444444444414,33.699999999999974,3.3699999999999974,7.980380328906386,80.70000000000005,0.9632052515381662,1.4260607468709192,2.216999600371744,69.56521739130434,10,4,1.875,ok
40,60,3,TP_FIJO,0,12:00,127,41.732283464566926,1.0587929937372311,0.2764566929133857,35.109999999999985,3.510999999999999,8.947462793616644,89.82000000000005,0.8585576098571439,1.3086502849663888,2.0601091533066116,43.47826086956522,8,6,2.6458333333333335,ok
40,60,3,TP_FIJO,0,14:00,131,41.221374045801525,1.0367402114614002,0.17427480916030505,22.829999999999963,2.282999999999996,9.301628806449859,102.45000000000005,0.5966016348833862,0.8843483769967279,1.2885646427525597,43.47826086956522,8,6,2.7291666666666665,ok
40,60,3,TP_FIJO,0,15:00,131,41.221374045801525,1.0367402114614002,0.17427480916030505,22.829999999999963,2.282999999999996,9.301628806449859,102.45000000000005,0.5966016348833862,0.8843483769967279,1.2885646427525597,43.47826086956522,8,6,2.7291666666666665,ok
40,80,1,TP_FIJO,0,12:00,46,34.78260869565217,1.0527881040892195,0.27782608695652145,12.779999999999987,1.2779999999999987,4.730455851032657,49.049999999999955,0.46300824362402626,0.8275123070734036,1.4183622490706287,34.78260869565217,6,3,0.9583333333333334,ok
40,80,1,TP_FIJO,0,14:00,46,34.78260869565217,1.0527881040892195,0.27782608695652145,12.779999999999987,1.2779999999999987,4.730455851032657,49.049999999999955,0.46300824362402626,0.8275123070734036,1.4183622490706287,34.78260869565217,6,3,0.9583333333333334,ok
40,80,1,TP_FIJO,0,15:00,46,34.78260869565217,1.0527881040892195,0.27782608695652145,12.779999999999987,1.2779999999999987,4.730455851032657,49.049999999999955,0.46300824362402626,0.8275123070734036,1.4183622490706287,34.78260869565217,6,3,0.9583333333333334,ok
40,80,2,TP_FIJO,0,12:00,89,37.07865168539326,1.163236856080722,0.8288764044943818,73.76999999999998,7.376999999999999,7.825606314789139,80.70000000000005,1.863022530841235,2.8577256386700323,4.949041447026019,65.21739130434783,10,3,1.8541666666666667,ok
40,80,2,TP_FIJO,0,14:00,90,36.666666666666664,1.142829191938955,0.7299999999999998,65.69999999999997,6.5699999999999985,7.825606314789139,80.70000000000005,1.6601097784086023,2.5180545755391552,4.407645697026019,65.21739130434783,10,3,1.875,ok
40,80,2,TP_FIJO,0,15:00,90,36.666666666666664,1.142829191938955,0.7299999999999998,65.69999999999997,6.5699999999999985,7.825606314789139,80.70000000000005,1.6601097784086023,2.5180545755391552,4.407645697026019,65.21739130434783,10,3,1.875,ok
40,80,3,TP_FIJO,0,12:00,127,36.22047244094488,1.1210243700950018,0.6229133858267715,79.10999999999997,7.910999999999997,8.911952056833297,89.82000000000005,1.7225718358252236,2.6315600045147365,4.660342620240476,34.78260869565217,8,4,2.6458333333333335,ok
40,80,3,TP_FIJO,0,14:00,131,35.11450381679389,1.0682702820905308,0.35748091603053406,46.82999999999996,4.682999999999996,8.911952056833297,89.82000000000005,1.0772724053310512,1.582330963078964,2.758739033066128,32.608695652173914,8,4,2.7291666666666665,ok
40,80,3,TP_FIJO,0,15:00,131,35.11450381679389,1.0682702820905308,0.35748091603053406,46.82999999999996,4.682999999999996,8.911952056833297,89.82000000000005,1.0772724053310512,1.582330963078964,2.758739033066128,32.608695652173914,8,4,2.7291666666666665,ok
40,100,1,TP_FIJO,0,12:00,46,30.434782608695656,1.0804677819083024,0.4517391304347823,20.779999999999987,2.0779999999999985,6.317798865659589,68.84000000000003,0.6418623357120993,1.2550498611648404,1.7267881159209746,30.434782608695656,8,3,0.9583333333333334,ok
40,100,1,TP_FIJO,0,14:00,46,30.434782608695656,1.0804677819083024,0.4517391304347823,20.779999999999987,2.0779999999999985,6.317798865659589,68.84000000000003,0.6418623357120993,1.2550498611648404,1.7267881159209746,30.434782608695656,8,3,0.9583333333333334,ok
40,100,1,TP_FIJO,0,15:00,46,30.434782608695656,1.0804677819083024,0.4517391304347823,20.779999999999987,2.0779999999999985,6.317798865659589,68.84000000000003,0.6418623357120993,1.2550498611648404,1.7267881159209746,30.434782608695656,8,3,0.9583333333333334,ok
40,100,2,TP_FIJO,0,12:00,88,34.090909090909086,1.2774003332906032,1.4754545454545451,129.83999999999997,12.983999999999998,7.676721554750154,80.70000000000005,2.681273131875025,4.609818794146033,8.879571769516721,58.69565217391305,10,3,1.8333333333333333,ok
40,100,2,TP_FIJO,0,14:00,90,34.44444444444444,1.2976077961901156,1.5744444444444443,141.7,14.17,7.676721554750154,80.70000000000005,2.7985976098286,4.931419971895458,9.69066019516728,58.69565217391305,10,3,1.875,ok
40,100,2,TP_FIJO,0,15:00,90,34.44444444444444,1.2976077961901156,1.5744444444444443,141.7,14.17,7.676721554750154,80.70000000000005,2.7985976098286,4.931419971895458,9.69066019516728,58.69565217391305,10,3,1.875,ok
40,100,3,TP_FIJO,0,12:00,125,32.800000000000004,1.216093938356674,1.1616,145.2,14.52,7.547966043476135,76.91000000000008,2.5835430089764375,4.1166388400151455,10.099409504615775,71.73913043478261,8,3,2.6041666666666665,ok
40,100,3,TP_FIJO,0,14:00,131,32.06106870229007,1.1751839164373563,0.9525190839694654,124.77999999999997,12.477999999999998,7.547966043476135,76.91000000000008,2.227357867321692,3.4873343390824054,8.679093099076832,71.73913043478261,8,3,2.7291666666666665,ok
40,100,3,TP_FIJO,0,15:00,131,32.06106870229007,1.1751839164373563,0.9525190839694654,124.77999999999997,12.477999999999998,7.547966043476135,76.91000000000008,2.227357867321692,3.4873343390824054,8.679093099076832,71.73913043478261,8,3,2.7291666666666665,ok
50,20,1,TP_FIJO,0,12:00,46,73.91304347826086,0.903778811477552,-0.20010869565217396,-9.205000000000002,-0.9205000000000001,3.7405303030302974,38.31499999999994,-0.6033762889938029,-0.6942344004482117,-1.2919625316455718,73.91304347826086,3,12,0.9583333333333334,ok
50,20,1,TP_FIJO,0,14:00,46,73.91304347826086,0.903778811477552,-0.20010869565217396,-9.205000000000002,-0.9205000000000001,3.7405303030302974,38.31499999999994,-0.6033762889938029,-0.6942344004482117,-1.2919625316455718,73.91304347826086,3,12,0.9583333333333334,ok
50,20,1,TP_FIJO,0,15:00,46,73.91304347826086,0.903778811477552,-0.20010869565217396,-9.205000000000002,-0.9205000000000001,3.7405303030302974,38.31499999999994,-0.6033762889938029,-0.6942344004482117,-1.2919625316455718,73.91304347826086,3,12,0.9583333333333334,ok
50,20,2,TP_FIJO,0,12:00,89,73.03370786516854,0.96266137040715,-0.06337078651685393,-5.640000000000001,-0.5640000000000001,4.435139801162864,44.700000000000045,-0.2741848112856527,-0.3428483965514801,-0.6676226979865766,56.52173913043478,4,15,1.8541666666666667,ok
50,20,2,TP_FIJO,0,14:00,90,72.22222222222221,0.931607777813371,-0.11861111111111113,-10.675,-1.0675000000000001,4.435139801162864,44.700000000000045,-0.560327131419865,-0.6983842083397024,-1.2636298406040258,54.347826086956516,4,15,1.875,ok
50,20,2,TP_FIJO,0,15:00,90,72.22222222222221,0.931607777813371,-0.11861111111111113,-10.675,-1.0675000000000001,4.435139801162864,44.700000000000045,-0.560327131419865,-0.6983842083397024,-1.2636298406040258,54.347826086956516,4,15,1.875,ok
50,20,3,TP_FIJO,0,12:00,130,70.0,0.84558093346574,-0.2870769230769231,-37.32000000000001,-3.7320000000000007,5.4701158621507195,55.38000000000011,-1.8010455222844661,-2.2079465736908808,-3.581825411700969,39.130434782608695,3,15,2.7083333333333335,ok
50,20,3,TP_FIJO,0,14:00,132,69.6969696969697,0.8362888352957868,-0.30598484848484847,-40.39,-4.039000000000001,5.603461048389488,56.73000000000002,-1.9604825659545326,-2.3978869158195693,-3.7842236819143307,36.95652173913043,3,15,2.75,ok
50,20,3,TP_FIJO,0,15:00,132,69.6969696969697,0.8362888352957868,-0.30598484848484847,-40.39,-4.039000000000001,5.603461048389488,56.73000000000002,-1.9604825659545326,-2.3978869158195693,-3.7842236819143307,36.95652173913043,3,15,2.75,ok
50,30,1,TP_FIJO,0,12:00,46,67.3913043478261,1.2004048582995956,0.5703260869565214,26.234999999999985,2.6234999999999986,4.162781435231832,44.42000000000007,1.3834981389521304,1.8234841317318493,3.308695211194275,67.3913043478261,3,10,0.9583333333333334,ok
50,30,1,TP_FIJO,0,14:00,46,67.3913043478261,1.2004048582995956,0.5703260869565214,26.234999999999985,2.6234999999999986,4.162781435231832,44.42000000000007,1.3834981389521304,1.8234841317318493,3.308695211194275,67.3913043478261,3,10,0.9583333333333334,ok
50,30,1,TP_FIJO,0,15:00,46,67.3913043478261,1.2004048582995956,0.5703260869565214,26.234999999999985,2.6234999999999986,4.162781435231832,44.42000000000007,1.3834981389521304,1.8234841317318493,3.308695211194275,67.3913043478261,3,10,0.9583333333333334,ok
50,30,2,TP_FIJO,0,12:00,89,66.29213483146067,1.1777557100297917,0.5028089887640448,44.749999999999986,4.474999999999999,5.241801615699596,56.840000000000146,1.616369438276512,2.308571162677366,4.4819990763546675,50.0,5,11,1.8541666666666667,ok
50,30,2,TP_FIJO,0,14:00,90,65.55555555555556,1.1324574134901844,0.3853333333333332,34.679999999999986,3.467999999999999,5.241801615699596,56.840000000000146,1.2747136607930998,1.8136759018950601,3.4734240886699417,47.82608695652174,5,11,1.875,ok
50,30,2,TP_FIJO,0,15:00,90,65.55555555555556,1.1324574134901844,0.3853333333333332,34.679999999999986,3.467999999999999,5.241801615699596,56.840000000000146,1.2747136607930998,1.8136759018950601,3.4734240886699417,47.82608695652174,5,11,1.875,ok
50,30,3,TP_FIJO,0,12:00,129,63.565891472868216,0.9789138369078785,-0.06337209302325612,-8.17500000000004,-0.817500000000004,9.211501715127653,100.02999999999997,-0.1396570841878352,-0.17798886364433025,-0.46592565824003046,69.56521739130434,5,15,2.6875,ok
50,30,3,TP_FIJO,0,14:00,131,62.59541984732825,0.9663636595116235,-0.10083969465648883,-13.210000000000036,-1.3210000000000035,9.675161728480324,105.06499999999994,-0.2901826154474272,-0.37146111838753665,-0.7168097231475775,67.3913043478261,5,15,2.7291666666666665,ok
50,30,3,TP_FIJO,0,15:00,131,62.59541984732825,0.9663636595116235,-0.10083969465648883,-13.210000000000036,-1.3210000000000035,9.675161728480324,105.06499999999994,-0.2901826154474272,-0.37146111838753665,-0.7168097231475775,67.3913043478261,5,15,2.7291666666666665,ok
50,40,1,TP_FIJO,0,12:00,46,58.69565217391305,0.99748427672956,-0.008260869565217679,-0.3800000000000132,-0.03800000000000132,4.282432990879643,44.559999999999945,0.03508948173652557,0.04657920637449064,-0.046585667639139905,58.69565217391305,3,7,0.9583333333333334,ok
50,40,1,TP_FIJO,0,14:00,46,58.69565217391305,0.99748427672956,-0.008260869565217679,-0.3800000000000132,-0.03800000000000132,4.282432990879643,44.559999999999945,0.03508948173652557,0.04657920637449064,-0.046585667639139905,58.69565217391305,3,7,0.9583333333333334,ok
50,40,1,TP_FIJO,0,15:00,46,58.69565217391305,0.99748427672956,-0.008260869565217679,-0.3800000000000132,-0.03800000000000132,4.282432990879643,44.559999999999945,0.03508948173652557,0.04657920637449064,-0.046585667639139905,58.69565217391305,3,7,0.9583333333333334,ok
50,40,2,TP_FIJO,0,12:00,89,56.17977528089888,0.9642705145613358,-0.09904494382022494,-8.815000000000019,-0.881500000000002,5.1397980289573,52.805000000000064,-0.2743644097112985,-0.37012113146162734,-0.9004001662958062,34.78260869565217,5,4,1.8541666666666667,ok
50,40,2,TP_FIJO,0,14:00,90,55.55555555555556,0.9449851042701091,-0.1538888888888891,-13.85000000000002,-1.3850000000000018,5.1397980289573,52.805000000000064,-0.4720888422088456,-0.6350998094613799,-1.4146956668402613,32.608695652173914,5,4,1.875,ok
50,40,2,TP_FIJO,0,15:00,90,55.55555555555556,0.9449851042701091,-0.1538888888888891,-13.85000000000002,-1.3850000000000018,5.1397980289573,52.805000000000064,-0.4720888422088456,-0.6350998094613799,-1.4146956668402613,32.608695652173914,5,4,1.875,ok
50,40,3,TP_FIJO,0,12:00,128,55.46875,0.9086395233366429,-0.23359375000000013,-29.900000000000016,-2.9900000000000015,6.431004272242231,65.32999999999993,-1.154929031714205,-1.4595932275974373,-2.4409095897749924,56.52173913043478,5,7,2.6666666666666665,ok
50,40,3,TP_FIJO,0,14:00,131,54.19847328244275,0.8685524855423791,-0.34354961832061076,-45.00500000000001,-4.500500000000001,6.772094579961801,68.79499999999996,-1.7990622026641434,-2.23108679748626,-3.4889685489497815,54.347826086956516,6,7,2.7291666666666665,ok
50,40,3,TP_FIJO,0,15:00,131,54.19847328244275,0.8685524855423791,-0.34354961832061076,-45.00500000000001,-4.500500000000001,6.772094579961801,68.79499999999996,-1.7990622026641434,-2.23108679748626,-3.4889685489497815,54.347826086956516,6,7,2.7291666666666665,ok
50,60,1,TP_FIJO,0,12:00,46,43.47826086956522,0.8505589081557304,-0.6379347826086957,-29.345000000000006,-2.9345000000000008,6.43612791286117,66.76999999999998,-1.1378630972789385,-1.6066169844713711,-2.3936946574996263,43.47826086956522,6,5,0.9583333333333334,ok
50,60,1,TP_FIJO,0,14:00,46,43.47826086956522,0.8505589081557304,-0.6379347826086957,-29.345000000000006,-2.9345000000000008,6.43612791286117,66.76999999999998,-1.1378630972789385,-1.6066169844713711,-2.3936946574996263,43.47826086956522,6,5,0.9583333333333334,ok
50,60,1,TP_FIJO,0,15:00,46,43.47826086956522,0.8505589081557304,-0.6379347826086957,-29.345000000000006,-2.9345000000000008,6.43612791286117,66.76999999999998,-1.1378630972789385,-1.6066169844713711,-2.3936946574996263,43.47826086956522,6,5,0.9583333333333334,ok
50,60,2,TP_FIJO,0,12:00,89,46.06741573033708,0.9402436909884772,-0.21297752808988774,-18.95500000000001,-1.895500000000001,6.92233313148282,70.875,-0.5125204015006752,-0.7149946580574549,-1.4375752814814822,69.56521739130434,10,4,1.8541666666666667,ok
50,60,2,TP_FIJO,0,14:00,90,45.55555555555556,0.9255523833167821,-0.26655555555555566,-23.99000000000001,-2.399000000000001,6.92233313148282,70.875,-0.6666755959014932,-0.9236325238555697,-1.8194371407407413,69.56521739130434,10,4,1.875,ok
50,60,2,TP_FIJO,0,15:00,90,45.55555555555556,0.9255523833167821,-0.26655555555555566,-23.99000000000001,-2.399000000000001,6.92233313148282,70.875,-0.6666755959014932,-0.9236325238555697,-1.8194371407407413,69.56521739130434,10,4,1.875,ok
50,60,3,TP_FIJO,0,12:00,125,47.199999999999996,1.0554662814841558,0.2457599999999998,30.719999999999978,3.071999999999998,9.218285096023802,102.24000000000001,0.8075095940257839,1.1492143583699423,1.7495661971830976,56.52173913043478,8,7,2.6041666666666665,ok
50,60,3,TP_FIJO,0,14:00,129,46.51162790697674,0.9976480426488262,-0.010465116279069944,-1.3500000000000227,-0.13500000000000228,11.108708773636753,123.31000000000006,0.08216790893253069,0.10983378319425242,-0.06380129450166354,56.52173913043478,8,7,2.6875,ok
50,60,3,TP_FIJO,0,15:00,129,46.51162790697674,0.9976480426488262,-0.010465116279069944,-1.3500000000000227,-0.13500000000000228,11.108708773636753,123.31000000000006,0.08216790893253069,0.10983378319425242,-0.06380129450166354,56.52173913043478,8,7,2.6875,ok
50,80,1,TP_FIJO,0,12:00,46,39.130434782608695,0.9175173783515391,-0.45141304347826106,-20.765000000000008,-2.076500000000001,6.306301996373706,65.90999999999997,-0.5598539746586605,-0.8727905187085201,-1.7286874314406024,39.130434782608695,6,3,0.9583333333333334,ok
50,80,1,TP_FIJO,0,14:00,46,39.130434782608695,0.9175173783515391,-0.45141304347826106,-20.765000000000008,-2.076500000000001,6.306301996373706,65.90999999999997,-0.5598539746586605,-0.8727905187085201,-1.7286874314406024,39.130434782608695,6,3,0.9583333333333334,ok
50,80,1,TP_FIJO,0,15:00,46,39.130434782608695,0.9175173783515391,-0.45141304347826106,-20.765000000000008,-2.076500000000001,6.306301996373706,65.90999999999997,-0.5598539746586605,-0.8727905187085201,-1.7286874314406024,39.130434782608695,6,3,0.9583333333333334,ok
50,80,2,TP_FIJO,0,12:00,89,41.57303370786517,1.1004706187124909,0.5229213483146065,46.53999999999997,4.653999999999997,6.815006743463192,70.49000000000001,1.138682114215431,1.7272279505241734,3.5852495705064524,67.3913043478261,10,4,1.8541666666666667,ok
50,80,2,TP_FIJO,0,14:00,90,41.11111111111111,1.0770563502292463,0.4052222222222219,36.46999999999997,3.6469999999999967,6.897778588696803,75.61000000000001,0.9110787870891941,1.361112493107793,2.7757849507340273,67.3913043478261,10,4,1.875,ok
50,80,2,TP_FIJO,0,15:00,90,41.11111111111111,1.0770563502292463,0.4052222222222219,36.46999999999997,3.6469999999999967,6.897778588696803,75.61000000000001,0.9110787870891941,1.361112493107793,2.7757849507340273,67.3913043478261,10,4,1.875,ok
50,80,3,TP_FIJO,0,12:00,125,43.2,1.1897133290109714,0.9246400000000001,115.58000000000001,11.558000000000002,8.339309596263057,86.04999999999995,2.39086567167604,3.6640134257053165,7.276321774549683,52.17391304347826,8,5,2.6041666666666665,ok
50,80,3,TP_FIJO,0,14:00,129,41.86046511627907,1.1335064000813198,0.6617829457364339,85.36999999999998,8.536999999999997,8.339309596263057,88.24000000000001,1.7933605385922453,2.640686458095095,5.374455700755374,50.0,8,5,2.6875,ok
50,80,3,TP_FIJO,0,15:00,129,41.86046511627907,1.1335064000813198,0.6617829457364339,85.36999999999998,8.536999999999997,8.339309596263057,88.24000000000001,1.7933605385922453,2.640686458095095,5.374455700755374,50.0,8,5,2.6875,ok
50,100,1,TP_FIJO,0,12:00,46,34.78260869565217,0.9722120594435443,-0.1733695652173915,-7.9750000000000085,-0.7975000000000008,8.406620040163428,91.05000000000007,-0.11154401169494027,-0.19120517468693177,-0.49804499073311387,34.78260869565217,8,3,0.9583333333333334,ok
50,100,1,TP_FIJO,0,14:00,46,34.78260869565217,0.9722120594435443,-0.1733695652173915,-7.9750000000000085,-0.7975000000000008,8.406620040163428,91.05000000000007,-0.11154401169494027,-0.19120517468693177,-0.49804499073311387,34.78260869565217,8,3,0.9583333333333334,ok
50,100,1,TP_FIJO,0,15:00,46,34.78260869565217,0.9722120594435443,-0.1733695652173915,-7.9750000000000085,-0.7975000000000008,8.406620040163428,91.05000000000007,-0.11154401169494027,-0.19120517468693177,-0.49804499073311387,34.78260869565217,8,3,0.9583333333333334,ok
50,100,2,TP_FIJO,0,12:00,88,39.77272727272727,1.2575823402846737,1.4148295454545454,124.505,12.4505,7.197655579910414,75.52499999999998,2.4096703727737485,4.130768110276634,9.081446628599803,58.69565217391305,10,4,1.8333333333333333,ok
50,100,2,TP_FIJO,0,14:00,90,40.0,1.2723081288125972,1.4929444444444446,134.365,13.4365,7.197655579910414,75.52499999999998,2.494505529928136,4.35022819878853,9.800639141012912,58.69565217391305,10,4,1.875,ok
50,100,2,TP_FIJO,0,15:00,90,40.0,1.2723081288125972,1.4929444444444446,134.365,13.4365,7.197655579910414,75.52499999999998,2.494505529928136,4.35022819878853,9.800639141012912,58.69565217391305,10,4,1.875,ok
50,100,3,TP_FIJO,0,12:00,122,39.34426229508197,1.2709093721002165,1.4358196721311471,175.16999999999996,17.516999999999996,7.817879329909781,81.29499999999985,2.9567278360286653,4.7794188038793,11.763324313303421,52.17391304347826,8,4,2.5416666666666665,ok
50,100,3,TP_FIJO,0,14:00,129,37.98449612403101,1.212479343720491,1.1163565891472866,144.00999999999996,14.400999999999996,8.281884099782653,86.11999999999989,2.4703096352662506,3.916148381350109,9.128991554226669,47.82608695652174,8,4,2.6875,ok
50,100,3,TP_FIJO,0,15:00,129,37.98449612403101,1.212479343720491,1.1163565891472866,144.00999999999996,14.400999999999996,8.281884099782653,86.11999999999989,2.4703096352662506,3.916148381350109,9.128991554226669,47.82608695652174,8,4,2.6875,ok
10,0,1,TRAILING,15,12:00,46,17.391304347826086,0.7392755073914496,-1.9534782608695649,-89.85999999999999,-8.985999999999999,19.737113655348626,200.83499999999992,-1.4161342115843618,-3.2350122331764624,-2.3902431137500937,17.391304347826086,18,4,0.9583333333333334,ok
10,0,1,TRAILING,15,14:00,46,17.391304347826086,0.7392755073914496,-1.9534782608695649,-89.85999999999999,-8.985999999999999,19.737113655348626,200.83499999999992,-1.4161342115843618,-3.2350122331764624,-2.3902431137500937,17.391304347826086,18,4,0.9583333333333334,ok
10,0,1,TRAILING,15,15:00,46,17.391304347826086,0.7392755073914496,-1.9534782608695649,-89.85999999999999,-8.985999999999999,19.737113655348626,200.83499999999992,-1.4161342115843618,-3.2350122331764624,-2.3902431137500937,17.391304347826086,18,4,0.9583333333333334,ok
10,0,2,TRAILING,15,12:00,89,19.101123595505616,0.6359437240444105,-2.413202247191012,-214.7750000000001,-21.47750000000001,27.356500000000004,273.56500000000005,-3.5153256725855866,-5.098097100991484,-4.121758083088116,30.434782608695656,18,2,1.8541666666666667,ok
10,0,2,TRAILING,15,14:00,90,18.88888888888889,0.6282286355378058,-2.46688888888889,-222.0200000000001,-22.202000000000012,27.356500000000004,273.56500000000005,-3.6963493971226646,-5.316099950211461,-4.260797251110341,30.434782608695656,18,2,1.875,ok
10,0,2,TRAILING,15,15:00,90,18.88888888888889,0.6282286355378058,-2.46688888888889,-222.0200000000001,-22.202000000000012,27.356500000000004,273.56500000000005,-3.6963493971226646,-5.316099950211461,-4.260797251110341,30.434782608695656,18,2,1.875,ok
10,0,3,TRAILING,15,12:00,130,21.53846153846154,0.7375355316392749,-1.6442692307692313,-213.75500000000005,-21.375500000000006,29.270000000000007,292.70000000000005,-3.151232490116799,-4.206092854387814,-3.834006662111377,39.130434782608695,14,2,2.7083333333333335,ok
10,0,3,TRAILING,15,14:00,132,21.21212121212121,0.7246427515819062,-1.7291287878787884,-228.24500000000006,-22.824500000000008,29.270000000000007,292.70000000000005,-3.45939358411424,-4.572900794748968,-4.093905876323881,36.95652173913043,14,2,2.75,ok
10,0,3,TRAILING,15,15:00,132,21.21212121212121,0.7246427515819062,-1.7291287878787884,-228.24500000000006,-22.824500000000008,29.270000000000007,292.70000000000005,-3.45939358411424,-4.572900794748968,-4.093905876323881,36.95652173913043,14,2,2.75,ok
10,0,1,TRAILING,25,12:00,46,17.391304347826086,0.7166197995529601,-2.135978260869565,-98.255,-9.8255,18.658051201415155,189.8549999999999,-1.6943496443283819,-3.626332683590344,-2.7646979013589332,17.391304347826086,18,4,0.9583333333333334,ok
10,0,1,TRAILING,25,14:00,46,17.391304347826086,0.7166197995529601,-2.135978260869565,-98.255,-9.8255,18.658051201415155,189.8549999999999,-1.6943496443283819,-3.626332683590344,-2.7646979013589332,17.391304347826086,18,4,0.9583333333333334,ok
10,0,1,TRAILING,25,15:00,46,17.391304347826086,0.7166197995529601,-2.135978260869565,-98.255,-9.8255,18.658051201415155,189.8549999999999,-1.6943496443283819,-3.626332683590344,-2.7646979013589332,17.391304347826086,18,4,0.9583333333333334,ok
10,0,2,TRAILING,25,12:00,89,16.853932584269664,0.5445552932416079,-3.0238202247191017,-269.12000000000006,-26.91200000000001,28.966499999999996,289.66499999999996,-4.899123665462418,-6.5547598684442185,-4.877634508829167,26.08695652173913,18,2,1.8541666666666667,ok
10,0,2,TRAILING,25,14:00,90,16.666666666666664,0.5379593406225965,-3.070722222222223,-276.36500000000007,-27.63650000000001,28.966499999999996,289.66499999999996,-5.103266511437484,-6.768050045362008,-5.008945678628764,26.08695652173913,18,2,1.875,ok
10,0,2,TRAILING,25,15:00,90,16.666666666666664,0.5379593406225965,-3.070722222222223,-276.36500000000007,-27.63650000000001,28.966499999999996,289.66499999999996,-5.103266511437484,-6.768050045362008,-5.008945678628764,26.08695652173913,18,2,1.875,ok
10,0,3,TRAILING,25,12:00,130,20.0,0.6138136745602546,-2.370307692307693,-308.1400000000001,-30.814000000000007,32.856000000000016,328.5600000000002,-5.467261574275978,-6.413539456831005,-4.923712563915266,32.608695652173914,14,1,2.7083333333333335,ok
10,0,3,TRAILING,25,14:00,132,19.696969696969695,0.604405639712461,-2.428484848484849,-320.56000000000006,-32.056000000000004,32.856000000000016,328.5600000000002,-5.828651900739192,-6.755489781155085,-5.122169466764059,30.434782608695656,14,1,2.75,ok
10,0,3,TRAILING,25,15:00,132,19.696969696969695,0.604405639712461,-2.428484848484849,-320.56000000000006,-32.056000000000004,32.856000000000016,328.5600000000002,-5.828651900739192,-6.755489781155085,-5.122169466764059,30.434782608695656,14,1,2.75,ok
10,0,1,TRAILING,35,12:00,46,17.391304347826086,0.6932510076322788,-2.3328260869565214,-107.30999999999997,-10.730999999999998,16.79622622966929,170.90999999999985,-1.8501437660561824,-4.009145506100155,-3.354190949183783,17.391304347826086,18,4,0.9583333333333334,ok
10,0,1,TRAILING,35,14:00,46,17.391304347826086,0.6932510076322788,-2.3328260869565214,-107.30999999999997,-10.730999999999998,16.79622622966929,170.90999999999985,-1.8501437660561824,-4.009145506100155,-3.354190949183783,17.391304347826086,18,4,0.9583333333333334,ok
10,0,1,TRAILING,35,15:00,46,17.391304347826086,0.6932510076322788,-2.3328260869565214,-107.30999999999997,-10.730999999999998,16.79622622966929,170.90999999999985,-1.8501437660561824,-4.009145506100155,-3.354190949183783,17.391304347826086,18,4,0.9583333333333334,ok
10,0,2,TRAILING,35,12:00,89,15.730337078651685,0.5461635220125785,-3.0404494382022476,-270.6,-27.060000000000002,30.947499999999987,309.4749999999999,-4.257655459019977,-6.398021435459351,-4.59051619678488,23.91304347826087,23,2,1.8541666666666667,ok
10,0,2,TRAILING,35,14:00,90,15.555555555555555,0.539606790445654,-3.087166666666667,-277.845,-27.7845,30.947499999999987,309.4749999999999,-4.410017748975031,-6.6017410497324684,-4.713421924226515,21.73913043478261,23,2,1.875,ok
10,0,2,TRAILING,35,15:00,90,15.555555555555555,0.539606790445654,-3.087166666666667,-277.845,-27.7845,30.947499999999987,309.4749999999999,-4.410017748975031,-6.6017410497324684,-4.713421924226515,21.73913043478261,23,2,1.875,ok
10,0,3,TRAILING,35,12:00,130,17.692307692307693,0.5586055272343898,-2.6408461538461547,-343.3100000000001,-34.33100000000001,37.71799999999998,377.17999999999984,-5.548382330157237,-6.98074784009395,-4.7785606341799705,28.26086956521739,14,1,2.7083333333333335,ok
10,0,3,TRAILING,35,14:00,132,17.424242424242426,0.5498256781468098,-2.694924242424243,-355.73000000000013,-35.573000000000015,37.71799999999998,377.17999999999984,-5.82644215419749,-7.268579116621313,-4.951435654064377,26.08695652173913,14,1,2.75,ok
10,0,3,TRAILING,35,15:00,132,17.424242424242426,0.5498256781468098,-2.694924242424243,-355.73000000000013,-35.573000000000015,37.71799999999998,377.17999999999984,-5.82644215419749,-7.268579116621313,-4.951435654064377,26.08695652173913,14,1,2.75,ok
10,0,1,TRAILING,50,12:00,46,13.043478260869565,0.5006095614060551,-3.740108695652173,-172.04499999999996,-17.204499999999996,19.07130599149401,191.69999999999993,-3.920743022862392,-6.93268530881249,-4.736100665590768,13.043478260869565,18,2,0.9583333333333334,ok
10,0,1,TRAILING,50,14:00,46,13.043478260869565,0.5006095614060551,-3.740108695652173,-172.04499999999996,-17.204499999999996,19.07130599149401,191.69999999999993,-3.920743022862392,-6.93268530881249,-4.736100665590768,13.043478260869565,18,2,0.9583333333333334,ok
10,0,1,TRAILING,50,15:00,46,13.043478260869565,0.5006095614060551,-3.740108695652173,-172.04499999999996,-17.204499999999996,19.07130599149401,191.69999999999993,-3.920743022862392,-6.93268530881249,-4.736100665590768,13.043478260869565,18,2,0.9583333333333334,ok
10,0,2,TRAILING,50,12:00,89,11.235955056179774,0.4917920600910815,-3.5045505617977533,-311.90500000000003,-31.190500000000004,31.544000000000004,315.44000000000005,-4.840557615116619,-7.2879569315185515,-5.1911655148364195,19.565217391304348,23,2,1.8541666666666667,ok
10,0,2,TRAILING,50,14:00,90,11.11111111111111,0.4868657703505955,-3.5346111111111114,-318.115,-31.811500000000002,31.811500000000002,318.115,-4.9632022283202675,-7.434942300085172,-5.25,19.565217391304348,23,2,1.875,ok
10,0,2,TRAILING,50,15:00,90,11.11111111111111,0.4868657703505955,-3.5346111111111114,-318.115,-31.811500000000002,31.811500000000002,318.115,-4.9632022283202675,-7.434942300085172,-5.25,19.565217391304348,23,2,1.875,ok
10,0,3,TRAILING,50,12:00,130,14.615384615384617,0.6864057872775459,-2.1708076923076924,-282.20500000000004,-28.220500000000005,28.220499999999994,282.2049999999999,-3.2138872378150642,-4.934819506027553,-5.250000000000002,26.08695652173913,14,1,2.7083333333333335,ok
10,0,3,TRAILING,50,14:00,132,14.393939393939394,0.6755286282186581,-2.2476893939393943,-296.69500000000005,-29.669500000000003,29.669499999999992,296.69499999999994,-3.414486206940372,-5.190182984916246,-5.250000000000002,26.08695652173913,14,1,2.75,ok
10,0,3,TRAILING,50,15:00,132,14.393939393939394,0.6755286282186581,-2.2476893939393943,-296.69500000000005,-29.669500000000003,29.669499999999992,296.69499999999994,-3.414486206940372,-5.190182984916246,-5.250000000000002,26.08695652173913,14,1,2.75,ok
15,0,1,TRAILING,15,12:00,46,34.78260869565217,1.2555076879969178,1.5858695652173904,72.94999999999996,7.294999999999996,6.510444279503775,70.61000000000013,1.3685407612158562,3.474129197361868,5.882663049674253,34.78260869565217,7,5,0.9583333333333334,ok
15,0,1,TRAILING,15,14:00,46,34.78260869565217,1.2555076879969178,1.5858695652173904,72.94999999999996,7.294999999999996,6.510444279503775,70.61000000000013,1.3685407612158562,3.474129197361868,5.882663049674253,34.78260869565217,7,5,0.9583333333333334,ok
15,0,1,TRAILING,15,15:00,46,34.78260869565217,1.2555076879969178,1.5858695652173904,72.94999999999996,7.294999999999996,6.510444279503775,70.61000000000013,1.3685407612158562,3.474129197361868,5.882663049674253,34.78260869565217,7,5,0.9583333333333334,ok
15,0,2,TRAILING,15,12:00,89,34.831460674157306,1.108865372874771,0.6611797752808979,58.844999999999914,5.884499999999991,10.890547458090737,111.48000000000002,1.0680675233868786,1.9053208434553168,2.8367375578579073,47.82608695652174,8,3,1.8541666666666667,ok
15,0,2,TRAILING,15,14:00,90,34.44444444444444,1.0863180808126616,0.5287222222222213,47.58499999999992,4.758499999999993,10.890547458090737,111.48000000000002,0.8998389372029386,1.598606516435704,2.2939273802475744,47.82608695652174,8,3,1.875,ok
15,0,2,TRAILING,15,15:00,90,34.44444444444444,1.0863180808126616,0.5287222222222213,47.58499999999992,4.758499999999993,10.890547458090737,111.48000000000002,0.8998389372029386,1.598606516435704,2.2939273802475744,47.82608695652174,8,3,1.875,ok
15,0,3,TRAILING,15,12:00,130,35.38461538461539,1.1523024715232117,0.939038461538461,122.07499999999993,12.207499999999992,10.244979999601986,102.96000000000004,1.6818015953131988,3.0578540309068205,6.255685711684143,47.82608695652174,8,4,2.7083333333333335,ok
15,0,3,TRAILING,15,14:00,132,34.84848484848485,1.1222145269859785,0.7620075757575749,100.5849999999999,10.05849999999999,10.244979999601986,102.96000000000004,1.4318810285632204,2.594401435974817,5.154439052301858,45.65217391304348,8,4,2.75,ok
15,0,3,TRAILING,15,15:00,132,34.84848484848485,1.1222145269859785,0.7620075757575749,100.5849999999999,10.05849999999999,10.244979999601986,102.96000000000004,1.4318810285632204,2.594401435974817,5.154439052301858,45.65217391304348,8,4,2.75,ok
15,0,1,TRAILING,25,12:00,46,30.434782608695656,1.1195900171996207,0.7406521739130426,34.06999999999996,3.4069999999999956,6.240132356416922,66.005,0.7619609903442066,1.8071053627832736,2.86640554692826,30.434782608695656,7,4,0.9583333333333334,ok
15,0,1,TRAILING,25,14:00,46,30.434782608695656,1.1195900171996207,0.7406521739130426,34.06999999999996,3.4069999999999956,6.240132356416922,66.005,0.7619609903442066,1.8071053627832736,2.86640554692826,30.434782608695656,7,4,0.9583333333333334,ok
15,0,1,TRAILING,25,15:00,46,30.434782608695656,1.1195900171996207,0.7406521739130426,34.06999999999996,3.4069999999999956,6.240132356416922,66.005,0.7619609903442066,1.8071053627832736,2.86640554692826,30.434782608695656,7,4,0.9583333333333334,ok
15,0,2,TRAILING,25,12:00,89,28.08988764044944,0.9093775427176564,-0.5506179775280908,-49.00500000000008,-4.900500000000008,12.054189237278088,121.94500000000005,-0.6787009798478926,-1.0942725275993632,-2.1343306043708257,43.47826086956522,9,3,1.8541666666666667,ok
15,0,2,TRAILING,25,14:00,90,27.77777777777778,0.8941487717511862,-0.6468333333333343,-58.21500000000008,-5.821500000000008,12.054189237278088,121.94500000000005,-0.8431995630217566,-1.3545584624352693,-2.5354567112222752,43.47826086956522,9,3,1.875,ok
15,0,2,TRAILING,25,15:00,90,27.77777777777778,0.8941487717511862,-0.6468333333333343,-58.21500000000008,-5.821500000000008,12.054189237278088,121.94500000000005,-0.8431995630217566,-1.3545584624352693,-2.5354567112222752,43.47826086956522,9,3,1.875,ok
15,0,3,TRAILING,25,12:00,130,30.76923076923077,0.9343489347271765,-0.3871923076923083,-50.33500000000008,-5.033500000000008,12.52800000000001,125.28000000000009,-0.5414228646025692,-0.8468158882410064,-2.1093450670498104,43.47826086956522,12,4,2.7083333333333335,ok
15,0,3,TRAILING,25,14:00,132,30.303030303030305,0.9124279573316348,-0.5208712121212127,-68.75500000000008,-6.875500000000008,12.52800000000001,125.28000000000009,-0.8161944175717012,-1.2694396449530556,-2.88125598659004,41.30434782608695,12,4,2.75,ok
15,0,3,TRAILING,25,15:00,132,30.303030303030305,0.9124279573316348,-0.5208712121212127,-68.75500000000008,-6.875500000000008,12.52800000000001,125.28000000000009,-0.8161944175717012,-1.2694396449530556,-2.88125598659004,41.30434782608695,12,4,2.75,ok
15,0,1,TRAILING,35,12:00,46,30.434782608695656,0.960425401370283,-0.25239130434782703,-11.610000000000044,-1.1610000000000045,6.897000000000003,68.97000000000003,-0.09608546437426328,-0.21511688885858588,-0.883753806002613,30.434782608695656,7,4,0.9583333333333334,ok
15,0,1,TRAILING,35,14:00,46,30.434782608695656,0.960425401370283,-0.25239130434782703,-11.610000000000044,-1.1610000000000045,6.897000000000003,68.97000000000003,-0.09608546437426328,-0.21511688885858588,-0.883753806002613,30.434782608695656,7,4,0.9583333333333334,ok
15,0,1,TRAILING,35,15:00,46,30.434782608695656,0.960425401370283,-0.25239130434782703,-11.610000000000044,-1.1610000000000045,6.897000000000003,68.97000000000003,-0.09608546437426328,-0.21511688885858588,-0.883753806002613,30.434782608695656,7,4,0.9583333333333334,ok
15,0,2,TRAILING,35,12:00,89,28.08988764044944,0.9073597121033038,-0.590056179775282,-52.5150000000001,-5.251500000000011,14.04242082547584,144.46000000000015,-0.6317062251152535,-1.076556978346298,-1.963363393153816,41.30434782608695,13,3,1.8541666666666667,ok
15,0,2,TRAILING,35,14:00,90,27.77777777777778,0.8928534231356752,-0.6858333333333345,-61.72500000000011,-6.172500000000011,14.04242082547584,144.46000000000015,-0.776524888035158,-1.3204994479571406,-2.3076950479371465,39.130434782608695,13,3,1.875,ok
15,0,2,TRAILING,35,15:00,90,27.77777777777778,0.8928534231356752,-0.6858333333333345,-61.72500000000011,-6.172500000000011,14.04242082547584,144.46000000000015,-0.776524888035158,-1.3204994479571406,-2.3076950479371465,39.130434782608695,13,3,1.875,ok
15,0,3,TRAILING,35,12:00,130,28.46153846153846,0.8448945345275035,-0.917192307692308,-119.23500000000004,-11.923500000000004,14.217000000000008,142.17000000000007,-1.6089163693779436,-2.331110391068864,-4.403064992614475,43.47826086956522,12,4,2.7083333333333335,ok
15,0,3,TRAILING,35,14:00,132,28.030303030303028,0.8283540687553014,-1.0195833333333335,-134.58500000000004,-13.458500000000004,15.061000000000014,150.61000000000013,-1.8517118485036657,-2.6665161882440302,-4.691396653608655,41.30434782608695,12,4,2.75,ok
15,0,3,TRAILING,35,15:00,132,28.030303030303028,0.8283540687553014,-1.0195833333333335,-134.58500000000004,-13.458500000000004,15.061000000000014,150.61000000000013,-1.8517118485036657,-2.6665161882440302,-4.691396653608655,41.30434782608695,12,4,2.75,ok
15,0,1,TRAILING,50,12:00,46,23.91304347826087,1.0149575440888308,0.09956521739130361,4.579999999999966,0.45799999999999663,8.160000000000002,81.60000000000002,0.22399269996409188,0.5623749733892297,0.2946691176470566,23.91304347826087,8,2,0.9583333333333334,ok
15,0,1,TRAILING,50,14:00,46,23.91304347826087,1.0149575440888308,0.09956521739130361,4.579999999999966,0.45799999999999663,8.160000000000002,81.60000000000002,0.22399269996409188,0.5623749733892297,0.2946691176470566,23.91304347826087,8,2,0.9583333333333334,ok
15,0,1,TRAILING,50,15:00,46,23.91304347826087,1.0149575440888308,0.09956521739130361,4.579999999999966,0.45799999999999663,8.160000000000002,81.60000000000002,0.22399269996409188,0.5623749733892297,0.2946691176470566,23.91304347826087,8,2,0.9583333333333334,ok
15,0,2,TRAILING,50,12:00,89,22.47191011235955,0.9161897838600879,-0.557022471910113,-49.57500000000006,-4.957500000000006,14.615072813374333,147.83000000000004,-0.46754978808515824,-0.8798099623114363,-1.7808241759960783,34.78260869565217,13,3,1.8541666666666667,ok
15,0,2,TRAILING,50,14:00,90,22.22222222222222,0.9021432435806731,-0.6531666666666672,-58.78500000000005,-5.878500000000005,14.615072813374333,147.83000000000004,-0.5920261979694993,-1.1077094406811046,-2.111664128813503,34.78260869565217,13,3,1.875,ok
15,0,2,TRAILING,50,15:00,90,22.22222222222222,0.9021432435806731,-0.6531666666666672,-58.78500000000005,-5.878500000000005,14.615072813374333,147.83000000000004,-0.5920261979694993,-1.1077094406811046,-2.111664128813503,34.78260869565217,13,3,1.875,ok
15,0,3,TRAILING,50,12:00,130,24.615384615384617,0.9642076441159235,-0.2443461538461543,-31.765000000000057,-3.1765000000000057,13.995421492054941,155.89499999999998,-0.17164537118933484,-0.2842946194629228,-1.1915771889733497,39.130434782608695,12,4,2.7083333333333335,ok
15,0,3,TRAILING,50,14:00,132,24.242424242424242,0.9446020532067554,-0.38018939393939455,-50.18500000000008,-5.018500000000008,15.649070832211157,174.31500000000005,-0.3955133686116835,-0.6483904427194406,-1.6836223238103454,39.130434782608695,12,4,2.75,ok
15,0,3,TRAILING,50,15:00,132,24.242424242424242,0.9446020532067554,-0.38018939393939455,-50.18500000000008,-5.018500000000008,15.649070832211157,174.31500000000005,-0.3955133686116835,-0.6483904427194406,-1.6836223238103454,39.130434782608695,12,4,2.75,ok
20,0,1,TRAILING,15,12:00,46,43.47826086956522,1.483862849952815,2.5079347826086957,115.36500000000001,11.5365,5.679678399705717,64.84999999999991,2.421584708760294,5.814443168542255,10.66374198284504,43.47826086956522,7,5,0.9583333333333334,ok
20,0,1,TRAILING,15,14:00,46,43.47826086956522,1.483862849952815,2.5079347826086957,115.36500000000001,11.5365,5.679678399705717,64.84999999999991,2.421584708760294,5.814443168542255,10.66374198284504,43.47826086956522,7,5,0.9583333333333334,ok
20,0,1,TRAILING,15,15:00,46,43.47826086956522,1.483862849952815,2.5079347826086957,115.36500000000001,11.5365,5.679678399705717,64.84999999999991,2.421584708760294,5.814443168542255,10.66374198284504,43.47826086956522,7,5,0.9583333333333334,ok
20,0,2,TRAILING,15,12:00,89,42.69662921348314,1.2606353399138053,1.2638764044943813,112.48499999999994,11.248499999999995,5.808962729957172,60.29499999999996,2.1969509948350745,4.1422365582902705,10.166122205510408,52.17391304347826,5,4,1.8541666666666667,ok
20,0,2,TRAILING,15,14:00,90,42.22222222222222,1.231598963226223,1.1367777777777772,102.30999999999995,10.230999999999995,5.808962729957172,60.29499999999996,2.0206716151820805,3.802377272998855,9.246530318227052,50.0,5,4,1.875,ok
20,0,2,TRAILING,15,15:00,90,42.22222222222222,1.231598963226223,1.1367777777777772,102.30999999999995,10.230999999999995,5.808962729957172,60.29499999999996,2.0206716151820805,3.802377272998855,9.246530318227052,50.0,5,4,1.875,ok
20,0,3,TRAILING,15,12:00,130,40.76923076923077,1.1664093049697706,0.8331153846153848,108.30500000000002,10.830500000000002,7.457500000000004,74.57500000000005,1.7761663329200894,3.1199326332294053,7.624555816292321,47.82608695652174,6,4,2.7083333333333335,ok
20,0,3,TRAILING,15,14:00,132,40.15151515151515,1.13527296111024,0.6852651515151518,90.45500000000003,9.045500000000002,7.457500000000004,81.95000000000005,1.5193243222540223,2.6592612442946315,6.367934964800535,45.65217391304348,6,4,2.75,ok
20,0,3,TRAILING,15,15:00,132,40.15151515151515,1.13527296111024,0.6852651515151518,90.45500000000003,9.045500000000002,7.457500000000004,81.95000000000005,1.5193243222540223,2.6592612442946315,6.367934964800535,45.65217391304348,6,4,2.75,ok
20,0,1,TRAILING,25,12:00,46,39.130434782608695,1.2860080250733634,1.5572826086956526,71.63500000000002,7.163500000000002,6.267181494885353,69.875,1.667499992477835,3.6350462256244676,6.000843446243292,39.130434782608695,7,4,0.9583333333333334,ok
20,0,1,TRAILING,25,14:00,46,39.130434782608695,1.2860080250733634,1.5572826086956526,71.63500000000002,7.163500000000002,6.267181494885353,69.875,1.667499992477835,3.6350462256244676,6.000843446243292,39.130434782608695,7,4,0.9583333333333334,ok
20,0,1,TRAILING,25,15:00,46,39.130434782608695,1.2860080250733634,1.5572826086956526,71.63500000000002,7.163500000000002,6.267181494885353,69.875,1.667499992477835,3.6350462256244676,6.000843446243292,39.130434782608695,7,4,0.9583333333333334,ok
20,0,2,TRAILING,25,12:00,89,34.831460674157306,1.0877586338256582,0.4529775280898876,40.315,4.031499999999999,7.167794218733041,79.25,0.9340445518509165,1.589371945170767,2.9528435602523655,47.82608695652174,8,3,1.8541666666666667,ok
20,0,2,TRAILING,25,14:00,90,34.44444444444444,1.0641877502342618,0.33488888888888885,30.139999999999997,3.014,7.167794218733041,79.25,0.7331792366249926,1.2441892115766722,2.2075829072555204,45.65217391304348,8,3,1.875,ok
20,0,2,TRAILING,25,15:00,90,34.44444444444444,1.0641877502342618,0.33488888888888885,30.139999999999997,3.014,7.167794218733041,79.25,0.7331792366249926,1.2441892115766722,2.2075829072555204,45.65217391304348,8,3,1.875,ok
20,0,3,TRAILING,25,12:00,129,34.883720930232556,0.9794232404036884,-0.10976744186046504,-14.15999999999999,-1.415999999999999,11.347722514978694,125.75999999999988,-0.08544564201491603,-0.12887156159114596,-0.6551094274809163,47.82608695652174,11,4,2.6875,ok
20,0,3,TRAILING,25,14:00,131,34.35114503816794,0.9567880641932901,-0.23236641221374027,-30.439999999999976,-3.043999999999998,12.816718400346483,142.03999999999985,-0.36615358141528553,-0.552029079752431,-1.2468870346381304,45.65217391304348,11,4,2.7291666666666665,ok
20,0,3,TRAILING,25,15:00,131,34.35114503816794,0.9567880641932901,-0.23236641221374027,-30.439999999999976,-3.043999999999998,12.816718400346483,142.03999999999985,-0.36615358141528553,-0.552029079752431,-1.2468870346381304,45.65217391304348,11,4,2.7291666666666665,ok
20,0,1,TRAILING,35,12:00,46,39.130434782608695,1.0336053952561597,0.19065217391304348,8.77,0.877,7.092198581560284,76.25,0.31294159423059253,0.6263913211490508,0.6491992499999999,39.130434782608695,7,4,0.9583333333333334,ok
20,0,1,TRAILING,35,14:00,46,39.130434782608695,1.0336053952561597,0.19065217391304348,8.77,0.877,7.092198581560284,76.25,0.31294159423059253,0.6263913211490508,0.6491992499999999,39.130434782608695,7,4,0.9583333333333334,ok
20,0,1,TRAILING,35,15:00,46,39.130434782608695,1.0336053952561597,0.19065217391304348,8.77,0.877,7.092198581560284,76.25,0.31294159423059253,0.6263913211490508,0.6491992499999999,39.130434782608695,7,4,0.9583333333333334,ok
20,0,2,TRAILING,35,12:00,89,34.831460674157306,0.9975144234169605,-0.013820224719101168,-1.230000000000004,-0.12300000000000039,8.057111549833282,85.29500000000007,0.1187385348385077,0.207294443446387,-0.08014658801805517,50.0,8,3,1.8541666666666667,ok
20,0,2,TRAILING,35,14:00,90,34.44444444444444,0.9813715842105786,-0.10411111111111117,-9.370000000000005,-0.9370000000000005,8.214390296893168,86.96000000000015,-0.02853971985593247,-0.049862505600456894,-0.598857592858785,47.82608695652174,8,3,1.875,ok
20,0,2,TRAILING,35,15:00,90,34.44444444444444,0.9813715842105786,-0.10411111111111117,-9.370000000000005,-0.9370000000000005,8.214390296893168,86.96000000000015,-0.02853971985593247,-0.049862505600456894,-0.598857592858785,47.82608695652174,8,3,1.875,ok
20,0,3,TRAILING,35,12:00,129,32.55813953488372,0.8884233192207528,-0.5944961240310078,-76.69000000000001,-7.6690000000000005,13.289126559714804,139.78500000000008,-1.1333137857594817,-1.6888132400166966,-3.029713790374502,45.65217391304348,11,4,2.6875,ok
20,0,3,TRAILING,35,14:00,131,32.06106870229007,0.8678671423089496,-0.7096946564885497,-92.97000000000001,-9.297,14.836838978015454,156.06500000000005,-1.4133203622056871,-2.088101249025543,-3.289733754765641,43.47826086956522,11,4,2.7291666666666665,ok
20,0,3,TRAILING,35,15:00,131,32.06106870229007,0.8678671423089496,-0.7096946564885497,-92.97000000000001,-9.297,14.836838978015454,156.06500000000005,-1.4133203622056871,-2.088101249025543,-3.289733754765641,43.47826086956522,11,4,2.7291666666666665,ok
20,0,1,TRAILING,50,12:00,46,30.434782608695656,1.0677504280427856,0.40000000000000013,18.400000000000006,1.8400000000000007,7.68045325779037,84.72500000000002,0.4992847164930501,1.1298821606133564,1.257738270876365,30.434782608695656,8,2,0.9583333333333334,ok
20,0,1,TRAILING,50,14:00,46,30.434782608695656,1.0677504280427856,0.40000000000000013,18.400000000000006,1.8400000000000007,7.68045325779037,84.72500000000002,0.4992847164930501,1.1298821606133564,1.257738270876365,30.434782608695656,8,2,0.9583333333333334,ok
20,0,1,TRAILING,50,15:00,46,30.434782608695656,1.0677504280427856,0.40000000000000013,18.400000000000006,1.8400000000000007,7.68045325779037,84.72500000000002,0.4992847164930501,1.1298821606133564,1.257738270876365,30.434782608695656,8,2,0.9583333333333334,ok
20,0,2,TRAILING,50,12:00,89,28.08988764044944,1.1188187055954193,0.755393258426967,67.23000000000006,6.723000000000007,13.58082552211808,165.17000000000007,1.0919502428035197,2.2584682388123842,2.598939949748745,41.30434782608695,11,3,1.8541666666666667,ok
20,0,2,TRAILING,50,14:00,90,27.77777777777778,1.1009660953573512,0.6450555555555563,58.055000000000064,5.8055000000000065,14.335224469659597,174.34500000000003,0.9692922402499573,1.9934924269360865,2.1261526155037447,41.30434782608695,11,3,1.875,ok
20,0,2,TRAILING,50,15:00,90,27.77777777777778,1.1009660953573512,0.6450555555555563,58.055000000000064,5.8055000000000065,14.335224469659597,174.34500000000003,0.9692922402499573,1.9934924269360865,2.1261526155037447,41.30434782608695,11,3,1.875,ok
20,0,3,TRAILING,50,12:00,129,27.906976744186046,0.9838666875746361,-0.103682170542635,-13.374999999999915,-1.3374999999999915,17.34047837544307,205.96500000000015,0.03812737559018059,0.06681713541501717,-0.40494125063724135,34.78260869565217,11,4,2.6875,ok
20,0,3,TRAILING,50,14:00,131,27.480916030534353,0.9660610439293631,-0.21874045801526676,-28.654999999999944,-2.8654999999999946,18.62692272072877,221.24500000000012,-0.1528994299246646,-0.26621267000220805,-0.8076414566995844,34.78260869565217,11,4,2.7291666666666665,ok
20,0,3,TRAILING,50,15:00,131,27.480916030534353,0.9660610439293631,-0.21874045801526676,-28.654999999999944,-2.8654999999999946,18.62692272072877,221.24500000000012,-0.1528994299246646,-0.26621267000220805,-0.8076414566995844,34.78260869565217,11,4,2.7291666666666665,ok
25,0,1,TRAILING,15,12:00,46,45.65217391304348,1.224854845913354,1.09445652173913,50.344999999999985,5.034499999999999,5.8544093597255,63.899999999999864,1.3388421006218285,2.7105068230517713,4.514738101819257,45.65217391304348,7,5,0.9583333333333334,ok
25,0,1,TRAILING,15,14:00,46,45.65217391304348,1.224854845913354,1.09445652173913,50.344999999999985,5.034499999999999,5.8544093597255,63.899999999999864,1.3388421006218285,2.7105068230517713,4.514738101819257,45.65217391304348,7,5,0.9583333333333334,ok
25,0,1,TRAILING,15,15:00,46,45.65217391304348,1.224854845913354,1.09445652173913,50.344999999999985,5.034499999999999,5.8544093597255,63.899999999999864,1.3388421006218285,2.7105068230517713,4.514738101819257,45.65217391304348,7,5,0.9583333333333334,ok
25,0,2,TRAILING,15,12:00,89,44.9438202247191,1.0927875942014151,0.40741573033707873,36.260000000000005,3.626000000000001,5.554800174816689,59.41999999999996,0.9504237492469627,1.5883192765800669,3.4270359690532373,50.0,5,4,1.8541666666666667,ok
25,0,2,TRAILING,15,14:00,90,44.44444444444444,1.065149342146287,0.2902222222222222,26.12,2.612,5.554800174816689,59.41999999999996,0.7186216944535053,1.1967252596733513,2.4686756622082333,47.82608695652174,5,4,1.875,ok
25,0,2,TRAILING,15,15:00,90,44.44444444444444,1.065149342146287,0.2902222222222222,26.12,2.612,5.554800174816689,59.41999999999996,0.7186216944535053,1.1967252596733513,2.4686756622082333,47.82608695652174,5,4,1.875,ok
25,0,3,TRAILING,15,12:00,130,42.30769230769231,0.9427798438408798,-0.24973076923076948,-32.46500000000003,-3.246500000000003,7.858182235922576,82.08500000000004,-0.5662217247857289,-0.8173373409211582,-2.1689653520740704,43.47826086956522,4,4,2.7083333333333335,ok
25,0,3,TRAILING,15,14:00,132,41.66666666666667,0.9229183201628764,-0.33844696969697,-44.67500000000004,-4.467500000000004,9.027073082004247,94.29499999999996,-0.8314807213253159,-1.194768299883713,-2.5982258908213614,41.30434782608695,6,4,2.75,ok
25,0,3,TRAILING,15,15:00,132,41.66666666666667,0.9229183201628764,-0.33844696969697,-44.67500000000004,-4.467500000000004,9.027073082004247,94.29499999999996,-0.8314807213253159,-1.194768299883713,-2.5982258908213614,41.30434782608695,6,4,2.75,ok
25,0,1,TRAILING,25,12:00,46,41.30434782608695,0.9848965413079594,-0.07608695652173944,-3.500000000000014,-0.3500000000000014,6.93733909634143,73.42999999999995,-0.01399477506486764,-0.02397605577513195,-0.26487100810295644,41.30434782608695,7,4,0.9583333333333334,ok
25,0,1,TRAILING,25,14:00,46,41.30434782608695,0.9848965413079594,-0.07608695652173944,-3.500000000000014,-0.3500000000000014,6.93733909634143,73.42999999999995,-0.01399477506486764,-0.02397605577513195,-0.26487100810295644,41.30434782608695,7,4,0.9583333333333334,ok
25,0,1,TRAILING,25,15:00,46,41.30434782608695,0.9848965413079594,-0.07608695652173944,-3.500000000000014,-0.3500000000000014,6.93733909634143,73.42999999999995,-0.01399477506486764,-0.02397605577513195,-0.26487100810295644,41.30434782608695,7,4,0.9583333333333334,ok
25,0,2,TRAILING,25,12:00,89,37.07865168539326,0.9240300835795909,-0.3365168539325848,-29.950000000000045,-2.9950000000000045,7.576705427282075,79.33000000000015,-0.7010896786201695,-1.0591858911211367,-2.075275349016765,45.65217391304348,7,3,1.8541666666666667,ok
25,0,2,TRAILING,25,14:00,90,36.666666666666664,0.9065424049372885,-0.4172777777777783,-37.55500000000005,-3.7555000000000045,8.078126119242631,84.58000000000015,-0.9093428608539728,-1.369208331682482,-2.4407114606733256,43.47826086956522,7,3,1.875,ok
25,0,2,TRAILING,25,15:00,90,36.666666666666664,0.9065424049372885,-0.4172777777777783,-37.55500000000005,-3.7555000000000045,8.078126119242631,84.58000000000015,-0.9093428608539728,-1.369208331682482,-2.4407114606733256,43.47826086956522,7,3,1.875,ok
25,0,3,TRAILING,25,12:00,129,36.434108527131784,0.8213701085515184,-0.7570930232558144,-97.66500000000006,-9.766500000000006,11.145617837728416,112.87,-2.254165875721514,-2.964978827519543,-4.600384271783914,43.47826086956522,9,4,2.6875,ok
25,0,3,TRAILING,25,14:00,131,35.87786259541985,0.7991387210719718,-0.8616412213740463,-112.87500000000007,-11.287500000000007,12.647565629983662,128.08000000000004,-2.6392030228097565,-3.435842431502329,-4.68543724015264,41.30434782608695,9,4,2.7291666666666665,ok
25,0,3,TRAILING,25,15:00,131,35.87786259541985,0.7991387210719718,-0.8616412213740463,-112.87500000000007,-11.287500000000007,12.647565629983662,128.08000000000004,-2.6392030228097565,-3.435842431502329,-4.68543724015264,41.30434782608695,9,4,2.7291666666666665,ok
25,0,1,TRAILING,35,12:00,46,41.30434782608695,0.8875573448179007,-0.5221739130434788,-24.020000000000028,-2.402000000000003,5.91475537021773,60.99000000000012,-0.6942791849347606,-1.17652575054205,-2.132040838662074,41.30434782608695,7,4,0.9583333333333334,ok
25,0,1,TRAILING,35,14:00,46,41.30434782608695,0.8875573448179007,-0.5221739130434788,-24.020000000000028,-2.402000000000003,5.91475537021773,60.99000000000012,-0.6942791849347606,-1.17652575054205,-2.132040838662074,41.30434782608695,7,4,0.9583333333333334,ok
25,0,1,TRAILING,35,15:00,46,41.30434782608695,0.8875573448179007,-0.5221739130434788,-24.020000000000028,-2.402000000000003,5.91475537021773,60.99000000000012,-0.6942791849347606,-1.17652575054205,-2.132040838662074,41.30434782608695,7,4,0.9583333333333334,ok
25,0,2,TRAILING,35,12:00,89,35.95505617977528,0.8736595902404108,-0.555337078651686,-49.425000000000054,-4.942500000000005,8.093265672696571,82.45499999999993,-1.152611145868298,-1.7970889056592196,-3.2061378001637317,50.0,7,3,1.8541666666666667,ok
25,0,2,TRAILING,35,14:00,90,35.55555555555556,0.8569995737318521,-0.6336666666666673,-57.03000000000006,-5.703000000000006,8.839724776945648,90.05999999999995,-1.349650043869511,-2.0950413319881305,-3.387068122085281,47.82608695652174,7,3,1.875,ok
25,0,2,TRAILING,35,15:00,90,35.55555555555556,0.8569995737318521,-0.6336666666666673,-57.03000000000006,-5.703000000000006,8.839724776945648,90.05999999999995,-1.349650043869511,-2.0950413319881305,-3.387068122085281,47.82608695652174,7,3,1.875,ok
25,0,3,TRAILING,35,12:00,129,33.33333333333333,0.783053012561209,-0.9479069767441863,-122.28000000000004,-12.228000000000003,13.069500000000017,130.69500000000016,-2.643884977054668,-3.506888652783613,-4.9119706186158565,43.47826086956522,9,4,2.6875,ok
25,0,3,TRAILING,35,14:00,131,32.82442748091603,0.7624773257320547,-1.049541984732825,-137.49000000000007,-13.749000000000006,14.59050000000002,145.9050000000002,-2.9942510328608156,-3.9252965522799834,-4.947208800246731,41.30434782608695,9,4,2.7291666666666665,ok
25,0,3,TRAILING,35,15:00,131,32.82442748091603,0.7624773257320547,-1.049541984732825,-137.49000000000007,-13.749000000000006,14.59050000000002,145.9050000000002,-2.9942510328608156,-3.9252965522799834,-4.947208800246731,41.30434782608695,9,4,2.7291666666666665,ok
25,0,1,TRAILING,50,12:00,46,34.78260869565217,1.0136662003658667,0.06902173913043456,3.17499999999999,0.317499999999999,7.597256955478492,82.48000000000002,0.17986865303949912,0.34694860995512367,0.21940484700836493,34.78260869565217,8,3,0.9583333333333334,ok
25,0,1,TRAILING,50,14:00,46,34.78260869565217,1.0136662003658667,0.06902173913043456,3.17499999999999,0.317499999999999,7.597256955478492,82.48000000000002,0.17986865303949912,0.34694860995512367,0.21940484700836493,34.78260869565217,8,3,0.9583333333333334,ok
25,0,1,TRAILING,50,15:00,46,34.78260869565217,1.0136662003658667,0.06902173913043456,3.17499999999999,0.317499999999999,7.597256955478492,82.48000000000002,0.17986865303949912,0.34694860995512367,0.21940484700836493,34.78260869565217,8,3,0.9583333333333334,ok
25,0,2,TRAILING,50,12:00,89,32.58426966292135,1.1142487890259292,0.6307303370786511,56.13499999999995,5.613499999999995,12.930527211948956,154.91999999999985,1.0845781328378703,2.09350057419845,2.279170409445198,43.47826086956522,11,4,1.8541666666666667,ok
25,0,2,TRAILING,50,14:00,90,32.22222222222222,1.0978483195636481,0.5421666666666662,48.79499999999996,4.879499999999996,13.543166443395558,162.26,0.9632775755596946,1.8509098424540529,1.891535122681189,43.47826086956522,11,4,1.875,ok
25,0,2,TRAILING,50,15:00,90,32.22222222222222,1.0978483195636481,0.5421666666666662,48.79499999999996,4.879499999999996,13.543166443395558,162.26,0.9632775755596946,1.8509098424540529,1.891535122681189,43.47826086956522,11,4,1.875,ok
25,0,3,TRAILING,50,12:00,129,31.007751937984494,0.9277111718478431,-0.41108527131783,-53.03000000000007,-5.303000000000007,16.457705196332427,186.1350000000001,-0.6775425041745252,-1.072095128126,-1.6916544358933046,36.95652173913043,11,4,2.6875,ok
25,0,3,TRAILING,50,14:00,131,30.53435114503817,0.9114230040377931,-0.5048854961832063,-66.14000000000003,-6.614000000000003,17.616866638962335,199.24500000000012,-0.8874284587251404,-1.3929667934785115,-1.9710372287886775,36.95652173913043,11,4,2.7291666666666665,ok
25,0,3,TRAILING,50,15:00,131,30.53435114503817,0.9114230040377931,-0.5048854961832063,-66.14000000000003,-6.614000000000003,17.616866638962335,199.24500000000012,-0.8874284587251404,-1.3929667934785115,-1.9710372287886775,36.95652173913043,11,4,2.7291666666666665,ok
30,0,1,TRAILING,15,12:00,46,47.82608695652174,1.215910886395955,0.8911956521739125,40.994999999999976,4.099499999999997,3.468615608770248,36.90000000000009,1.300908441485013,2.4958422802472904,6.204889047256078,47.82608695652174,4,5,0.9583333333333334,ok
30,0,1,TRAILING,15,14:00,46,47.82608695652174,1.215910886395955,0.8911956521739125,40.994999999999976,4.099499999999997,3.468615608770248,36.90000000000009,1.300908441485013,2.4958422802472904,6.204889047256078,47.82608695652174,4,5,0.9583333333333334,ok
30,0,1,TRAILING,15,15:00,46,47.82608695652174,1.215910886395955,0.8911956521739125,40.994999999999976,4.099499999999997,3.468615608770248,36.90000000000009,1.300908441485013,2.4958422802472904,6.204889047256078,47.82608695652174,4,5,0.9583333333333334,ok
30,0,2,TRAILING,15,12:00,89,46.06741573033708,1.000925497454882,0.0037078651685388078,0.3299999999999539,0.03299999999999539,6.053398463799029,61.59000000000003,0.10523391155223978,0.16238161930339493,0.028620286775446546,50.0,5,4,1.8541666666666667,ok
30,0,2,TRAILING,15,14:00,90,45.55555555555556,0.9826539462272332,-0.07000000000000058,-6.300000000000052,-0.6300000000000052,6.053398463799029,61.59000000000003,-0.0715355142564554,-0.11006998553724748,-0.5463872929858786,47.82608695652174,5,4,1.875,ok
30,0,2,TRAILING,15,15:00,90,45.55555555555556,0.9826539462272332,-0.07000000000000058,-6.300000000000052,-0.6300000000000052,6.053398463799029,61.59000000000003,-0.0715355142564554,-0.11006998553724748,-0.5463872929858786,47.82608695652174,5,4,1.875,ok
30,0,3,TRAILING,15,12:00,130,43.84615384615385,0.9323095857458531,-0.2792307692307697,-36.30000000000006,-3.630000000000006,7.262639517420665,72.78000000000009,-0.6666933875332037,-0.9425883895036545,-2.624045975886234,45.65217391304348,4,4,2.7083333333333335,ok
30,0,3,TRAILING,15,14:00,132,43.18181818181818,0.9131780821917806,-0.3601136363636368,-47.53500000000006,-4.753500000000006,8.018329830148097,82.58999999999992,-0.9170215799746257,-1.291091585303154,-3.112353261669095,43.47826086956522,6,4,2.75,ok
30,0,3,TRAILING,15,15:00,132,43.18181818181818,0.9131780821917806,-0.3601136363636368,-47.53500000000006,-4.753500000000006,8.018329830148097,82.58999999999992,-0.9170215799746257,-1.291091585303154,-3.112353261669095,43.47826086956522,6,4,2.75,ok
30,0,1,TRAILING,25,12:00,46,43.47826086956522,1.0644162513215525,0.27815217391304314,12.794999999999984,1.2794999999999983,4.369799985696229,45.82499999999993,0.48420262930937213,0.8652450517300014,1.5372271092471361,43.47826086956522,4,4,0.9583333333333334,ok
30,0,1,TRAILING,25,14:00,46,43.47826086956522,1.0644162513215525,0.27815217391304314,12.794999999999984,1.2794999999999983,4.369799985696229,45.82499999999993,0.48420262930937213,0.8652450517300014,1.5372271092471361,43.47826086956522,4,4,0.9583333333333334,ok
30,0,1,TRAILING,25,15:00,46,43.47826086956522,1.0644162513215525,0.27815217391304314,12.794999999999984,1.2794999999999983,4.369799985696229,45.82499999999993,0.48420262930937213,0.8652450517300014,1.5372271092471361,43.47826086956522,4,4,0.9583333333333334,ok
30,0,2,TRAILING,25,12:00,89,38.20224719101123,0.8847180713289498,-0.4875842696629216,-43.395000000000024,-4.339500000000003,6.529513498724871,66.82499999999993,-1.1247298357614228,-1.6006950906397543,-3.489138203703709,47.82608695652174,7,3,1.8541666666666667,ok
30,0,2,TRAILING,25,14:00,90,37.77777777777778,0.8671978751660026,-0.566666666666667,-51.00000000000003,-5.100000000000003,7.272602913731271,74.42999999999995,-1.34665436152835,-1.9089103914078107,-3.681625453446196,45.65217391304348,7,3,1.875,ok
30,0,2,TRAILING,25,15:00,90,37.77777777777778,0.8671978751660026,-0.566666666666667,-51.00000000000003,-5.100000000000003,7.272602913731271,74.42999999999995,-1.34665436152835,-1.9089103914078107,-3.681625453446196,45.65217391304348,7,3,1.875,ok
30,0,3,TRAILING,25,12:00,129,37.98449612403101,0.8033347049036619,-0.8521705426356592,-109.93000000000004,-10.993000000000004,11.161000000000012,111.61000000000013,-2.443670949251346,-3.0986986727474815,-5.170974823044526,43.47826086956522,8,4,2.6875,ok
30,0,3,TRAILING,25,14:00,131,37.404580152671755,0.7859349429854114,-0.9336259541984736,-122.30500000000005,-12.230500000000005,12.398500000000013,123.98500000000013,-2.7640728774738603,-3.4881216207997876,-5.178862362382542,41.30434782608695,8,4,2.7291666666666665,ok
30,0,3,TRAILING,25,15:00,131,37.404580152671755,0.7859349429854114,-0.9336259541984736,-122.30500000000005,-12.230500000000005,12.398500000000013,123.98500000000013,-2.7640728774738603,-3.4881216207997876,-5.178862362382542,41.30434782608695,8,4,2.7291666666666665,ok
30,0,1,TRAILING,35,12:00,46,43.47826086956522,0.8702714409471556,-0.5859782608695656,-26.955000000000016,-2.695500000000002,5.08462140481314,51.97499999999991,-0.8138983146343255,-1.3522829330882844,-2.7831718181818244,43.47826086956522,4,4,0.9583333333333334,ok
30,0,1,TRAILING,35,14:00,46,43.47826086956522,0.8702714409471556,-0.5859782608695656,-26.955000000000016,-2.695500000000002,5.08462140481314,51.97499999999991,-0.8138983146343255,-1.3522829330882844,-2.7831718181818244,43.47826086956522,4,4,0.9583333333333334,ok
30,0,1,TRAILING,35,15:00,46,43.47826086956522,0.8702714409471556,-0.5859782608695656,-26.955000000000016,-2.695500000000002,5.08462140481314,51.97499999999991,-0.8138983146343255,-1.3522829330882844,-2.7831718181818244,43.47826086956522,4,4,0.9583333333333334,ok
30,0,2,TRAILING,35,12:00,89,37.07865168539326,0.8282595156976956,-0.7901123595505624,-70.32000000000005,-7.032000000000005,9.704146097283125,98.3850000000001,-1.6372145159042588,-2.4377385396834623,-3.8043532764140866,50.0,7,3,1.8541666666666667,ok
30,0,2,TRAILING,35,14:00,90,36.666666666666664,0.8137417218543045,-0.8625000000000005,-77.62500000000004,-7.762500000000004,10.42467043778882,105.69000000000005,-1.8244814638310525,-2.705718897036153,-3.909296245210048,47.82608695652174,7,3,1.875,ok
30,0,2,TRAILING,35,15:00,90,36.666666666666664,0.8137417218543045,-0.8625000000000005,-77.62500000000004,-7.762500000000004,10.42467043778882,105.69000000000005,-1.8244814638310525,-2.705718897036153,-3.909296245210048,47.82608695652174,7,3,1.875,ok
30,0,3,TRAILING,35,12:00,129,34.883720930232556,0.7456312696365665,-1.1391085271317836,-146.94500000000008,-14.694500000000007,15.255500000000005,152.55500000000006,-2.9515118633568793,-3.9889755211949596,-5.056938481203501,34.78260869565217,9,4,2.6875,ok
30,0,3,TRAILING,35,14:00,131,34.35114503816794,0.7335802784519094,-1.194160305343512,-156.43500000000006,-15.643500000000005,16.204500000000007,162.04500000000007,-3.165447189176277,-4.254514915589959,-5.068244931963343,32.608695652173914,9,4,2.7291666666666665,ok
30,0,3,TRAILING,35,15:00,131,34.35114503816794,0.7335802784519094,-1.194160305343512,-156.43500000000006,-15.643500000000005,16.204500000000007,162.04500000000007,-3.165447189176277,-4.254514915589959,-5.068244931963343,32.608695652173914,9,4,2.7291666666666665,ok
30,0,1,TRAILING,50,12:00,46,36.95652173913043,1.1152729590030448,0.5308695652173908,24.419999999999977,2.4419999999999975,5.669915607346242,61.57499999999982,0.7577767425628646,1.5010223915481353,2.2611447661388593,36.95652173913043,6,3,0.9583333333333334,ok
30,0,1,TRAILING,50,14:00,46,36.95652173913043,1.1152729590030448,0.5308695652173908,24.419999999999977,2.4419999999999975,5.669915607346242,61.57499999999982,0.7577767425628646,1.5010223915481353,2.2611447661388593,36.95652173913043,6,3,0.9583333333333334,ok
30,0,1,TRAILING,50,15:00,46,36.95652173913043,1.1152729590030448,0.5308695652173908,24.419999999999977,2.4419999999999975,5.669915607346242,61.57499999999982,0.7577767425628646,1.5010223915481353,2.2611447661388593,36.95652173913043,6,3,0.9583333333333334,ok
30,0,2,TRAILING,50,12:00,89,33.70786516853933,1.0696240905416328,0.3483707865168531,31.004999999999924,3.1004999999999927,9.953490422553848,112.8900000000001,0.6995340462846553,1.290796554518664,1.635368529929572,43.47826086956522,11,4,1.8541666666666667,ok
30,0,2,TRAILING,50,14:00,90,33.33333333333333,1.0565629678921973,0.2833333333333325,25.499999999999925,2.5499999999999927,10.438865254480136,118.3950000000001,0.6005319954392588,1.1050241176848679,1.2824669802356472,43.47826086956522,11,4,1.875,ok
30,0,2,TRAILING,50,15:00,90,33.33333333333333,1.0565629678921973,0.2833333333333325,25.499999999999925,2.5499999999999927,10.438865254480136,118.3950000000001,0.6005319954392588,1.1050241176848679,1.2824669802356472,43.47826086956522,11,4,1.875,ok
30,0,3,TRAILING,50,12:00,129,33.33333333333333,0.9499126644073866,-0.2600775193798455,-33.550000000000075,-3.355000000000007,12.110000000000003,121.10000000000002,-0.3521426456580962,-0.5521861701145733,-1.4544797687861297,43.47826086956522,11,4,2.6875,ok
30,0,3,TRAILING,50,14:00,131,32.82442748091603,0.929635906726667,-0.3676335877862601,-48.160000000000075,-4.816000000000008,12.110000000000003,122.22000000000003,-0.5789251908283881,-0.899993520492979,-2.0878612716763034,43.47826086956522,11,4,2.7291666666666665,ok
30,0,3,TRAILING,50,15:00,131,32.82442748091603,0.929635906726667,-0.3676335877862601,-48.160000000000075,-4.816000000000008,12.110000000000003,122.22000000000003,-0.5789251908283881,-0.899993520492979,-2.0878612716763034,43.47826086956522,11,4,2.7291666666666665,ok
40,0,1,TRAILING,15,12:00,46,50.0,1.1636836027713626,0.49304347826086964,22.680000000000003,2.2680000000000002,3.0114062438331275,30.519999999999982,1.0192356423226252,1.7805298509193916,3.9539666972477097,50.0,4,5,0.9583333333333334,ok
40,0,1,TRAILING,15,14:00,46,50.0,1.1636836027713626,0.49304347826086964,22.680000000000003,2.2680000000000002,3.0114062438331275,30.519999999999982,1.0192356423226252,1.7805298509193916,3.9539666972477097,50.0,4,5,0.9583333333333334,ok
40,0,1,TRAILING,15,15:00,46,50.0,1.1636836027713626,0.49304347826086964,22.680000000000003,2.2680000000000002,3.0114062438331275,30.519999999999982,1.0192356423226252,1.7805298509193916,3.9539666972477097,50.0,4,5,0.9583333333333334,ok
40,0,2,TRAILING,15,12:00,89,49.43820224719101,1.0556122448979592,0.15921348314606726,14.169999999999986,1.4169999999999987,5.306580935042807,54.80000000000007,0.5894582037979031,0.8978826562196647,1.4018913667883184,52.17391304347826,5,4,1.8541666666666667,ok
40,0,2,TRAILING,15,14:00,90,48.888888888888886,1.0376128385155468,0.10833333333333316,9.749999999999984,0.9749999999999984,5.306580935042807,54.80000000000007,0.42844102741885837,0.6513448690143759,0.9646041514598513,50.0,5,4,1.875,ok
40,0,2,TRAILING,15,15:00,90,48.888888888888886,1.0376128385155468,0.10833333333333316,9.749999999999984,0.9749999999999984,5.306580935042807,54.80000000000007,0.42844102741885837,0.6513448690143759,0.9646041514598513,50.0,5,4,1.875,ok
40,0,3,TRAILING,15,12:00,130,46.92307692307692,0.9956607816017139,-0.012307692307692374,-1.6000000000000085,-0.16000000000000086,5.53096039194853,56.22000000000003,0.0330034042287517,0.04878557150339751,-0.15187235859124942,47.82608695652174,4,6,2.7083333333333335,ok
40,0,3,TRAILING,15,14:00,132,46.21212121212121,0.9758386050715007,-0.0688636363636365,-9.090000000000018,-0.9090000000000018,5.53096039194853,56.22000000000003,-0.2007162619099018,-0.295768733378783,-0.8628248372465328,45.65217391304348,6,6,2.75,ok
40,0,3,TRAILING,15,15:00,132,46.21212121212121,0.9758386050715007,-0.0688636363636365,-9.090000000000018,-0.9090000000000018,5.53096039194853,56.22000000000003,-0.2007162619099018,-0.295768733378783,-0.8628248372465328,45.65217391304348,6,6,2.75,ok
40,0,1,TRAILING,25,12:00,46,45.65217391304348,1.0268698060941828,0.08434782608695635,3.879999999999992,0.3879999999999992,3.5013057355643724,36.200000000000045,0.2305819208362266,0.3785963185747778,0.5817829558011031,45.65217391304348,4,4,0.9583333333333334,ok
40,0,1,TRAILING,25,14:00,46,45.65217391304348,1.0268698060941828,0.08434782608695635,3.879999999999992,0.3879999999999992,3.5013057355643724,36.200000000000045,0.2305819208362266,0.3785963185747778,0.5817829558011031,45.65217391304348,4,4,0.9583333333333334,ok
40,0,1,TRAILING,25,15:00,46,45.65217391304348,1.0268698060941828,0.08434782608695635,3.879999999999992,0.3879999999999992,3.5013057355643724,36.200000000000045,0.2305819208362266,0.3785963185747778,0.5817829558011031,45.65217391304348,4,4,0.9583333333333334,ok
40,0,2,TRAILING,25,12:00,89,41.57303370786517,0.9441128189822414,-0.1683146067415731,-14.980000000000006,-1.4980000000000004,5.0599992207893445,51.950000000000045,-0.5098554517296527,-0.7225393946649455,-1.554249251203079,50.0,7,4,1.8541666666666667,ok
40,0,2,TRAILING,25,14:00,90,41.11111111111111,0.9265863571454724,-0.22277777777777782,-20.050000000000004,-2.0050000000000003,5.0599992207893445,51.950000000000045,-0.7081846651472417,-1.0008810911378758,-2.080286881616938,47.82608695652174,7,4,1.875,ok
40,0,2,TRAILING,25,15:00,90,41.11111111111111,0.9265863571454724,-0.22277777777777782,-20.050000000000004,-2.0050000000000003,5.0599992207893445,51.950000000000045,-0.7081846651472417,-1.0008810911378758,-2.080286881616938,47.82608695652174,7,4,1.875,ok
40,0,3,TRAILING,25,12:00,129,41.08527131782946,0.855915858770283,-0.434341085271318,-56.03000000000002,-5.603000000000002,7.2010320954097375,73.12,-1.746076733012189,-2.2949556920852734,-4.084935271813459,43.47826086956522,6,6,2.6875,ok
40,0,3,TRAILING,25,14:00,131,40.458015267175576,0.834164557279266,-0.505114503816794,-66.17000000000002,-6.617000000000002,8.19964349376114,83.25999999999999,-2.084153475320825,-2.718727444709202,-4.236678097826088,41.30434782608695,7,6,2.7291666666666665,ok
40,0,3,TRAILING,25,15:00,131,40.458015267175576,0.834164557279266,-0.505114503816794,-66.17000000000002,-6.617000000000002,8.19964349376114,83.25999999999999,-2.084153475320825,-2.718727444709202,-4.236678097826088,41.30434782608695,7,6,2.7291666666666665,ok
40,0,1,TRAILING,35,12:00,46,45.65217391304348,0.8368784985182743,-0.5384782608695653,-24.770000000000003,-2.4770000000000003,4.101629819291949,41.65000000000009,-1.0981956856963249,-1.6828369785604376,-3.170507962184867,45.65217391304348,4,4,0.9583333333333334,ok
40,0,1,TRAILING,35,14:00,46,45.65217391304348,0.8368784985182743,-0.5384782608695653,-24.770000000000003,-2.4770000000000003,4.101629819291949,41.65000000000009,-1.0981956856963249,-1.6828369785604376,-3.170507962184867,45.65217391304348,4,4,0.9583333333333334,ok
40,0,1,TRAILING,35,15:00,46,45.65217391304348,0.8368784985182743,-0.5384782608695653,-24.770000000000003,-2.4770000000000003,4.101629819291949,41.65000000000009,-1.0981956856963249,-1.6828369785604376,-3.170507962184867,45.65217391304348,4,4,0.9583333333333334,ok
40,0,2,TRAILING,35,12:00,89,40.44943820224719,0.8670241836316437,-0.43741573033707887,-38.93000000000002,-3.893000000000002,7.570444766058304,77.94000000000005,-1.2898508376887299,-1.8646637371086618,-2.6997423046574283,54.347826086956516,7,4,1.8541666666666667,ok
40,0,2,TRAILING,35,14:00,90,40.0,0.8528374155831066,-0.48666666666666697,-43.800000000000026,-4.380000000000003,8.043476149310845,82.80999999999995,-1.463461818257295,-2.1094200733473345,-2.8588385883347462,52.17391304347826,7,4,1.875,ok
40,0,2,TRAILING,35,15:00,90,40.0,0.8528374155831066,-0.48666666666666697,-43.800000000000026,-4.380000000000003,8.043476149310845,82.80999999999995,-1.463461818257295,-2.1094200733473345,-2.8588385883347462,52.17391304347826,7,4,1.875,ok
40,0,3,TRAILING,35,12:00,129,37.98449612403101,0.7918827770671008,-0.6936434108527133,-89.48000000000002,-8.948000000000002,10.27702863488538,103.64999999999998,-2.4788029282412642,-3.3119622856306337,-4.5710683183791625,43.47826086956522,9,6,2.6875,ok
40,0,3,TRAILING,35,14:00,131,37.404580152671755,0.774781540141999,-0.755496183206107,-98.97000000000001,-9.897000000000002,11.217974141350043,113.13999999999999,-2.7573032774216273,-3.655889581938325,-4.631785502916741,41.30434782608695,9,6,2.7291666666666665,ok
40,0,3,TRAILING,35,15:00,131,37.404580152671755,0.774781540141999,-0.755496183206107,-98.97000000000001,-9.897000000000002,11.217974141350043,113.13999999999999,-2.7573032774216273,-3.655889581938325,-4.631785502916741,41.30434782608695,9,6,2.7291666666666665,ok
40,0,1,TRAILING,50,12:00,46,41.30434782608695,1.13034188034188,0.4376086956521739,20.13,2.013,3.867429346853009,41.04000000000008,0.8318084017410001,1.5138964337863599,2.732629106359644,41.30434782608695,6,4,0.9583333333333334,ok
40,0,1,TRAILING,50,14:00,46,41.30434782608695,1.13034188034188,0.4376086956521739,20.13,2.013,3.867429346853009,41.04000000000008,0.8318084017410001,1.5138964337863599,2.732629106359644,41.30434782608695,6,4,0.9583333333333334,ok
40,0,1,TRAILING,50,15:00,46,41.30434782608695,1.13034188034188,0.4376086956521739,20.13,2.013,3.867429346853009,41.04000000000008,0.8318084017410001,1.5138964337863599,2.732629106359644,41.30434782608695,6,4,0.9583333333333334,ok
40,0,2,TRAILING,50,12:00,89,40.44943820224719,1.1619406079550891,0.570449438202247,50.76999999999999,5.076999999999999,6.346041866111353,64.30000000000007,1.3978805100269374,2.5055105143944294,4.20013774922239,43.47826086956522,10,4,1.8541666666666667,ok
40,0,2,TRAILING,50,14:00,90,40.0,1.1484961220757928,0.5233333333333333,47.099999999999994,4.71,6.346041866111353,64.30000000000007,1.3041788406341017,2.333300102926383,3.8965233009331226,43.47826086956522,10,4,1.875,ok
40,0,2,TRAILING,50,15:00,90,40.0,1.1484961220757928,0.5233333333333333,47.099999999999994,4.71,6.346041866111353,64.30000000000007,1.3041788406341017,2.333300102926383,3.8965233009331226,43.47826086956522,10,4,1.875,ok
40,0,3,TRAILING,50,12:00,128,39.84375,1.0511337537061012,0.1913281249999998,24.489999999999974,2.448999999999997,8.822944428974903,88.72000000000003,0.6337197357204954,1.0480312710083373,1.457251612939583,41.30434782608695,8,6,2.6666666666666665,ok
40,0,3,TRAILING,50,14:00,131,38.93129770992366,1.0096871239470517,0.03687022900763344,4.8299999999999805,0.482999999999998,8.822944428974903,91.75,0.2226711050105355,0.3600206983399333,0.2874040543282223,41.30434782608695,8,6,2.7291666666666665,ok
40,0,3,TRAILING,50,15:00,131,38.93129770992366,1.0096871239470517,0.03687022900763344,4.8299999999999805,0.482999999999998,8.822944428974903,91.75,0.2226711050105355,0.3600206983399333,0.2874040543282223,41.30434782608695,8,6,2.7291666666666665,ok
50,0,1,TRAILING,15,12:00,46,54.347826086956516,1.3393756294058412,1.0256521739130435,47.18,4.718,3.3673943334881558,36.25,1.8985325590153113,3.3907072876989597,7.3556873793103446,54.347826086956516,4,5,0.9583333333333334,ok
50,0,1,TRAILING,15,14:00,46,54.347826086956516,1.3393756294058412,1.0256521739130435,47.18,4.718,3.3673943334881558,36.25,1.8985325590153113,3.3907072876989597,7.3556873793103446,54.347826086956516,4,5,0.9583333333333334,ok
50,0,1,TRAILING,15,15:00,46,54.347826086956516,1.3393756294058412,1.0256521739130435,47.18,4.718,3.3673943334881558,36.25,1.8985325590153113,3.3907072876989597,7.3556873793103446,54.347826086956516,4,5,0.9583333333333334,ok
50,0,2,TRAILING,15,12:00,89,51.68539325842697,1.1194774527726992,0.35247191011235945,31.36999999999999,3.1369999999999987,5.688025012242446,60.40000000000009,1.0248310762502513,1.7090149142612516,2.895425031456948,54.347826086956516,5,4,1.8541666666666667,ok
50,0,2,TRAILING,15,14:00,90,51.11111111111111,1.100943890928159,0.29944444444444424,26.94999999999998,2.694999999999998,5.688025012242446,60.40000000000009,0.8944455460009216,1.4899814053179001,2.487462690397346,52.17391304347826,5,4,1.875,ok
50,0,2,TRAILING,15,15:00,90,51.11111111111111,1.100943890928159,0.29944444444444424,26.94999999999998,2.694999999999998,5.688025012242446,60.40000000000009,0.8944455460009216,1.4899814053179001,2.487462690397346,52.17391304347826,5,4,1.875,ok
50,0,3,TRAILING,15,12:00,130,48.46153846153846,0.9908754893001813,-0.025730769230769467,-3.345000000000031,-0.3345000000000031,5.543187783911558,58.389999999999986,-0.008746608150973823,-0.01302104206486303,-0.31680777712365427,50.0,4,6,2.7083333333333335,ok
50,0,3,TRAILING,15,14:00,132,47.72727272727273,0.9842839723614685,-0.04393939393939413,-5.800000000000026,-0.5800000000000025,5.77625039753552,60.84500000000003,-0.08153708399862085,-0.12174102147354002,-0.5271585873942003,47.82608695652174,6,6,2.75,ok
50,0,3,TRAILING,15,15:00,132,47.72727272727273,0.9842839723614685,-0.04393939393939413,-5.800000000000026,-0.5800000000000025,5.77625039753552,60.84500000000003,-0.08153708399862085,-0.12174102147354002,-0.5271585873942003,47.82608695652174,6,6,2.75,ok
50,0,1,TRAILING,25,12:00,46,50.0,1.3619356620185006,1.139782608695652,52.42999999999999,5.242999999999999,3.8699619423173957,42.200000000000045,1.7682287893701134,3.8255085220301157,7.11266684537914,50.0,4,5,0.9583333333333334,ok
50,0,1,TRAILING,25,14:00,46,50.0,1.3619356620185006,1.139782608695652,52.42999999999999,5.242999999999999,3.8699619423173957,42.200000000000045,1.7682287893701134,3.8255085220301157,7.11266684537914,50.0,4,5,0.9583333333333334,ok
50,0,1,TRAILING,25,15:00,46,50.0,1.3619356620185006,1.139782608695652,52.42999999999999,5.242999999999999,3.8699619423173957,42.200000000000045,1.7682287893701134,3.8255085220301157,7.11266684537914,50.0,4,5,0.9583333333333334,ok
50,0,2,TRAILING,25,12:00,89,43.82022471910113,1.091293352601156,0.28393258426966306,25.27000000000001,2.527000000000001,5.9107335964433965,63.950000000000045,0.7315745576174377,1.4169430170467812,2.244518346755277,52.17391304347826,7,4,1.8541666666666667,ok
50,0,2,TRAILING,25,14:00,90,43.333333333333336,1.0716642423812395,0.22444444444444456,20.20000000000001,2.020000000000001,5.9107335964433965,63.950000000000045,0.6059409662828575,1.172312480821375,1.7941935340109458,50.0,7,4,1.875,ok
50,0,2,TRAILING,25,15:00,90,43.333333333333336,1.0716642423812395,0.22444444444444456,20.20000000000001,2.020000000000001,5.9107335964433965,63.950000000000045,0.6059409662828575,1.172312480821375,1.7941935340109458,50.0,7,4,1.875,ok
50,0,3,TRAILING,25,12:00,129,42.63565891472868,0.9397163603667423,-0.17151162790697697,-22.12500000000003,-2.212500000000003,8.290624765337533,88.32499999999993,-0.4820297816131107,-0.7950181423427429,-1.4010554486272317,45.65217391304348,6,6,2.6875,ok
50,0,3,TRAILING,25,14:00,131,41.98473282442748,0.9269118615370144,-0.2075954198473284,-27.19500000000002,-2.7195000000000022,8.766520237290669,93.39499999999987,-0.6164433979148662,-1.0148102707024762,-1.6286251116226815,43.47826086956522,7,6,2.7291666666666665,ok
50,0,3,TRAILING,25,15:00,131,41.98473282442748,0.9269118615370144,-0.2075954198473284,-27.19500000000002,-2.7195000000000022,8.766520237290669,93.39499999999987,-0.6164433979148662,-1.0148102707024762,-1.6286251116226815,43.47826086956522,7,6,2.7291666666666665,ok
50,0,1,TRAILING,35,12:00,46,47.82608695652174,1.1290448851774528,0.4300000000000001,19.780000000000005,1.9780000000000006,4.514981273408242,48.22000000000003,0.7394876657709588,1.4961300384541611,2.30000953961012,47.82608695652174,4,4,0.9583333333333334,ok
50,0,1,TRAILING,35,14:00,46,47.82608695652174,1.1290448851774528,0.4300000000000001,19.780000000000005,1.9780000000000006,4.514981273408242,48.22000000000003,0.7394876657709588,1.4961300384541611,2.30000953961012,47.82608695652174,4,4,0.9583333333333334,ok
50,0,1,TRAILING,35,15:00,46,47.82608695652174,1.1290448851774528,0.4300000000000001,19.780000000000005,1.9780000000000006,4.514981273408242,48.22000000000003,0.7394876657709588,1.4961300384541611,2.30000953961012,47.82608695652174,4,4,0.9583333333333334,ok
50,0,2,TRAILING,35,12:00,89,41.57303370786517,0.9593410629033102,-0.13061797752809023,-11.62500000000003,-1.162500000000003,9.15232791185245,99.09500000000003,-0.19595240424729807,-0.37007950617555163,-0.6668385419294631,50.0,7,4,1.8541666666666667,ok
50,0,2,TRAILING,35,14:00,90,41.11111111111111,0.9512398127275878,-0.15622222222222254,-14.060000000000029,-1.4060000000000028,9.377222391547289,101.52999999999997,-0.25824061403786364,-0.48742133454211706,-0.7871733965330463,47.82608695652174,7,4,1.875,ok
50,0,2,TRAILING,35,15:00,90,41.11111111111111,0.9512398127275878,-0.15622222222222254,-14.060000000000029,-1.4060000000000028,9.377222391547289,101.52999999999997,-0.25824061403786364,-0.48742133454211706,-0.7871733965330463,47.82608695652174,7,4,1.875,ok
50,0,3,TRAILING,35,12:00,129,38.759689922480625,0.8686641402179061,-0.34387596899224804,-44.36,-4.436,10.330695175087744,109.77499999999986,-1.103701016785038,-1.8014635581437797,-2.25434974174448,45.65217391304348,9,6,2.6875,ok
50,0,3,TRAILING,35,14:00,131,38.16793893129771,0.8566298302214566,-0.37484732824427486,-49.105000000000004,-4.9105,10.777237180150749,114.51999999999987,-1.2343584096428022,-2.009306815461771,-2.392090344590467,43.47826086956522,9,6,2.7291666666666665,ok
50,0,3,TRAILING,35,15:00,131,38.16793893129771,0.8566298302214566,-0.37484732824427486,-49.105000000000004,-4.9105,10.777237180150749,114.51999999999987,-1.2343584096428022,-2.009306815461771,-2.392090344590467,43.47826086956522,9,6,2.7291666666666665,ok
50,0,1,TRAILING,50,12:00,46,43.47826086956522,1.3443950067976762,1.2115217391304345,55.72999999999998,5.572999999999998,4.693424331058391,51.99000000000001,1.7905977649131644,3.7732404013220617,6.233881263704555,43.47826086956522,6,4,0.9583333333333334,ok
50,0,1,TRAILING,50,14:00,46,43.47826086956522,1.3443950067976762,1.2115217391304345,55.72999999999998,5.572999999999998,4.693424331058391,51.99000000000001,1.7905977649131644,3.7732404013220617,6.233881263704555,43.47826086956522,6,4,0.9583333333333334,ok
50,0,1,TRAILING,50,15:00,46,43.47826086956522,1.3443950067976762,1.2115217391304345,55.72999999999998,5.572999999999998,4.693424331058391,51.99000000000001,1.7905977649131644,3.7732404013220617,6.233881263704555,43.47826086956522,6,4,0.9583333333333334,ok
50,0,2,TRAILING,50,12:00,89,41.57303370786517,1.175209551950793,0.6529213483146064,58.109999999999964,5.810999999999996,6.683137972331979,70.87,1.3809474148634193,2.6074244561356124,4.564884059898403,45.65217391304348,10,4,1.8541666666666667,ok
50,0,2,TRAILING,50,14:00,90,41.11111111111111,1.162347538245907,0.6048888888888885,54.43999999999996,5.443999999999996,6.683137972331979,73.8599999999999,1.3016151777003067,2.4538886626689123,4.276583862000844,45.65217391304348,10,4,1.875,ok
50,0,2,TRAILING,50,15:00,90,41.11111111111111,1.162347538245907,0.6048888888888885,54.43999999999996,5.443999999999996,6.683137972331979,73.8599999999999,1.3016151777003067,2.4538886626689123,4.276583862000844,45.65217391304348,10,4,1.875,ok
50,0,3,TRAILING,50,12:00,128,40.625,0.9845276963090035,-0.05460937500000024,-6.99000000000003,-0.699000000000003,9.312329052346644,98.39499999999987,-0.04246909850781559,-0.06808974951909777,-0.39407434803597957,41.30434782608695,8,6,2.6666666666666665,ok
50,0,3,TRAILING,50,14:00,131,39.69465648854962,0.9621762338116906,-0.1319847328244277,-17.290000000000028,-1.7290000000000028,9.85387063928156,107.42000000000007,-0.2808957445405643,-0.44227317790130766,-0.9211862355706583,41.30434782608695,8,6,2.7291666666666665,ok
50,0,3,TRAILING,50,15:00,131,39.69465648854962,0.9621762338116906,-0.1319847328244277,-17.290000000000028,-1.7290000000000028,9.85387063928156,107.42000000000007,-0.2808957445405643,-0.44227317790130766,-0.9211862355706583,41.30434782608695,8,6,2.7291666666666665,ok
