SL,TP,MaxTrades,Modo,Trailing,HoraLimite,Total_Trades,Win_Rate,Profit_Factor,Expectancy,Neto_USD,Retorno_Pct,Max_DD_Pct,Max_DD_USD,Sharpe_Ratio,Sortino_Ratio,Calmar_Ratio,Consistencia_Pct,Racha_Max_Perdidas,Racha_Max_Ganancias,Trades_por_Dia_Promedio,Estado
10,20,1,TP_FIJO,0,12:00,18,27.77777777777778,0.7240235814296242,-1.8724999999999998,-33.705,-3.3705,8.581499999999995,85.81499999999994,-2.0759650131107508,-3.2929334101178167,-4.948820136339804,27.77777777777778,9,4,0.9,ok
10,20,1,TP_FIJO,0,14:00,18,27.77777777777778,0.7240235814296242,-1.8724999999999998,-33.705,-3.3705,8.581499999999995,85.81499999999994,-2.0759650131107508,-3.2929334101178167,-4.948820136339804,27.77777777777778,9,4,0.9,ok
10,20,1,TP_FIJO,0,15:00,18,27.77777777777778,0.7240235814296242,-1.8724999999999998,-33.705,-3.3705,8.581499999999995,85.81499999999994,-2.0759650131107508,-3.2929334101178167,-4.948820136339804,27.77777777777778,9,4,0.9,ok
10,20,2,TP_FIJO,0,12:00,35,28.57142857142857,0.7560600230858022,-1.6302857142857141,-57.059999999999995,-5.7059999999999995,6.259500000000003,62.59500000000003,-3.1805900398069635,-3.709010570733122,-11.485837526959015,55.55555555555556,5,2,1.75,ok
10,20,2,TP_FIJO,0,14:00,36,27.77777777777778,0.727104532839963,-1.84375,-66.375,-6.6375,6.6375,66.375,-3.9058911987511182,-4.355231912172845,-12.600000000000001,55.55555555555556,5,2,1.8,ok
10,20,2,TP_FIJO,0,15:00,36,27.77777777777778,0.727104532839963,-1.84375,-66.375,-6.6375,6.6375,66.375,-3.9058911987511182,-4.355231912172845,-12.600000000000001,55.55555555555556,5,2,1.8,ok
10,20,3,TP_FIJO,0,12:00,52,32.69230769230769,0.9077445652173913,-0.5875961538461538,-30.554999999999996,-3.0554999999999994,5.339426820959879,53.68500000000006,-1.997191864994563,-2.619607968740708,-7.210380681475263,11.11111111111111,5,2,2.6,ok
10,20,3,TP_FIJO,0,14:00,54,31.48148148148148,0.8594031386673527,-0.9108333333333332,-49.18499999999999,-4.918499999999999,7.192337721108569,72.31500000000005,-3.5730189195060698,-4.303866246795219,-8.61654477349097,5.555555555555555,7,2,2.7,ok
10,20,3,TP_FIJO,0,15:00,54,31.48148148148148,0.8594031386673527,-0.9108333333333332,-49.18499999999999,-4.918499999999999,7.192337721108569,72.31500000000005,-3.5730189195060698,-4.303866246795219,-8.61654477349097,5.555555555555555,7,2,2.7,ok
10,30,1,TP_FIJO,0,12:00,18,27.77777777777778,1.098148148148148,0.6772222222222218,12.189999999999992,1.2189999999999992,8.487,84.87,0.6982519403923633,1.4724688464542988,1.8097560975609743,27.77777777777778,9,4,0.9,ok
10,30,1,TP_FIJO,0,14:00,18,27.77777777777778,1.098148148148148,0.6772222222222218,12.189999999999992,1.2189999999999992,8.487,84.87,0.6982519403923633,1.4724688464542988,1.8097560975609743,27.77777777777778,9,4,0.9,ok
10,30,1,TP_FIJO,0,15:00,18,27.77777777777778,1.098148148148148,0.6772222222222218,12.189999999999992,1.2189999999999992,8.487,84.87,0.6982519403923633,1.4724688464542988,1.8097560975609743,27.77777777777778,9,4,0.9,ok
10,30,2,TP_FIJO,0,12:00,35,25.71428571428571,0.9706950932247376,-0.20971428571428596,-7.340000000000009,-0.7340000000000009,6.635826062940486,67.27500000000009,-0.16608269449640384,-0.24042332673809377,-1.3937074167224077,50.0,7,2,1.75,ok
10,30,2,TP_FIJO,0,14:00,36,25.0,0.9358892930692689,-0.4626388888888891,-16.65500000000001,-1.6655000000000006,6.635826062940486,67.27500000000009,-0.5960414970426434,-0.8312359366494897,-3.1624246628762513,50.0,7,2,1.8,ok
10,30,2,TP_FIJO,0,15:00,36,25.0,0.9358892930692689,-0.4626388888888891,-16.65500000000001,-1.6655000000000006,6.635826062940486,67.27500000000009,-0.5960414970426434,-0.8312359366494897,-3.1624246628762513,50.0,7,2,1.8,ok
10,30,3,TP_FIJO,0,12:00,52,28.846153846153843,1.1443367989918076,1.0572115384615377,54.97499999999996,5.497499999999996,5.055933944674858,53.14999999999998,2.9791714819214343,3.8945407096589677,13.700436112888049,83.33333333333334,5,1,2.6,ok
10,30,3,TP_FIJO,0,14:00,54,27.77777777777778,1.0853503660540855,0.6347222222222215,34.27499999999996,3.4274999999999967,6.726551075830368,72.44999999999993,2.054313098210673,2.4696708577430604,6.42030358695652,83.33333333333334,7,1,2.7,ok
10,30,3,TP_FIJO,0,15:00,54,27.77777777777778,1.0853503660540855,0.6347222222222215,34.27499999999996,3.4274999999999967,6.726551075830368,72.44999999999993,2.054313098210673,2.4696708577430604,6.42030358695652,83.33333333333334,7,1,2.7,ok
10,40,1,TP_FIJO,0,12:00,18,27.77777777777778,1.5004428341384866,3.4530555555555567,62.15500000000002,6.215500000000002,8.487,84.87,2.4370433377806946,6.491167626617969,9.227677624602336,27.77777777777778,9,4,0.9,ok
10,40,1,TP_FIJO,0,14:00,18,27.77777777777778,1.5004428341384866,3.4530555555555567,62.15500000000002,6.215500000000002,8.487,84.87,2.4370433377806946,6.491167626617969,9.227677624602336,27.77777777777778,9,4,0.9,ok
10,40,1,TP_FIJO,0,15:00,18,27.77777777777778,1.5004428341384866,3.4530555555555567,62.15500000000002,6.215500000000002,8.487,84.87,2.4370433377806946,6.491167626617969,9.227677624602336,27.77777777777778,9,4,0.9,ok
10,40,2,TP_FIJO,0,12:00,35,22.857142857142858,1.1249520742274366,0.9311428571428576,32.59000000000002,3.2590000000000017,8.468177180625867,85.90500000000009,1.2630949064839978,2.1639487001549056,4.849142752226294,44.44444444444444,9,2,1.75,ok
10,40,2,TP_FIJO,0,14:00,36,22.22222222222222,1.082014972157687,0.6177777777777782,22.240000000000016,2.2240000000000015,8.468177180625867,85.90500000000009,0.9393701474311561,1.5577373342711116,3.3091419088528022,44.44444444444444,9,2,1.8,ok
10,40,2,TP_FIJO,0,15:00,36,22.22222222222222,1.082014972157687,0.6177777777777782,22.240000000000016,2.2240000000000015,8.468177180625867,85.90500000000009,0.9393701474311561,1.5577373342711116,3.3091419088528022,44.44444444444444,9,2,1.8,ok
10,40,3,TP_FIJO,0,12:00,52,26.923076923076923,1.3814818933244375,2.968846153846154,154.38000000000002,15.438000000000002,6.875112925119657,74.20000000000016,5.807459724220703,8.99236392507242,28.293178907547116,77.77777777777779,6,1,2.6,ok
10,40,3,TP_FIJO,0,14:00,54,25.925925925925924,1.3017682097462595,2.382962962962963,128.68,12.868000000000002,6.875112925119657,78.66000000000008,5.208270645951583,7.550846596121106,23.58314718113203,77.77777777777779,7,1,2.7,ok
10,40,3,TP_FIJO,0,15:00,54,25.925925925925924,1.3017682097462595,2.382962962962963,128.68,12.868000000000002,6.875112925119657,78.66000000000008,5.208270645951583,7.550846596121106,23.58314718113203,77.77777777777779,7,1,2.7,ok
10,60,1,TP_FIJO,0,12:00,18,11.11111111111111,0.7154422788605698,-2.372499999999999,-42.704999999999984,-4.270499999999998,8.487,84.87,-1.5218913262004576,-3.6227603002882027,-6.340084835630964,11.11111111111111,9,1,0.9,ok
10,60,1,TP_FIJO,0,14:00,18,11.11111111111111,0.7154422788605698,-2.372499999999999,-42.704999999999984,-4.270499999999998,8.487,84.87,-1.5218913262004576,-3.6227603002882027,-6.340084835630964,11.11111111111111,9,1,0.9,ok
10,60,1,TP_FIJO,0,15:00,18,11.11111111111111,0.7154422788605698,-2.372499999999999,-42.704999999999984,-4.270499999999998,8.487,84.87,-1.5218913262004576,-3.6227603002882027,-6.340084835630964,11.11111111111111,9,1,0.9,ok
10,60,2,TP_FIJO,0,12:00,35,11.428571428571429,0.7357385137218625,-2.2037142857142844,-77.12999999999995,-7.712999999999995,10.287503416743284,103.5,-2.1946043715847425,-3.712067550074672,-9.446781795652168,22.22222222222222,11,2,1.75,ok
10,60,2,TP_FIJO,0,14:00,36,11.11111111111111,0.7129837143284028,-2.4012499999999988,-86.44499999999995,-8.644499999999995,10.287503416743284,103.5,-2.4734144281221826,-4.097407097573512,-10.587670845652168,22.22222222222222,11,2,1.8,ok
10,60,2,TP_FIJO,0,15:00,36,11.11111111111111,0.7129837143284028,-2.4012499999999988,-86.44499999999995,-8.644499999999995,10.287503416743284,103.5,-2.4734144281221826,-4.097407097573512,-10.587670845652168,22.22222222222222,11,2,1.8,ok
10,60,3,TP_FIJO,0,12:00,52,13.461538461538462,0.8744294519406962,-1.0872115384615377,-56.53499999999996,-5.653499999999996,15.590596971526976,174.25999999999988,-1.2874730729002575,-1.8893894557746576,-4.569042489527143,38.88888888888889,12,1,2.6,ok
10,60,3,TP_FIJO,0,14:00,54,12.962962962962962,0.8396839108039799,-1.3919444444444438,-75.16499999999996,-7.516499999999997,17.257375472499934,192.88999999999987,-1.7641888342464753,-2.5252791452098653,-5.487966588599721,38.88888888888889,14,1,2.7,ok
10,60,3,TP_FIJO,0,15:00,54,12.962962962962962,0.8396839108039799,-1.3919444444444438,-75.16499999999996,-7.516499999999997,17.257375472499934,192.88999999999987,-1.7641888342464753,-2.5252791452098653,-5.487966588599721,38.88888888888889,14,1,2.7,ok
10,80,1,TP_FIJO,0,12:00,18,11.11111111111111,0.935957696827262,-0.5449999999999989,-9.809999999999981,-0.980999999999998,8.487,84.87,-0.10537204206419853,-0.31780711608688145,-1.4564156945917255,11.11111111111111,9,1,0.9,ok
10,80,1,TP_FIJO,0,14:00,18,11.11111111111111,0.935957696827262,-0.5449999999999989,-9.809999999999981,-0.980999999999998,8.487,84.87,-0.10537204206419853,-0.31780711608688145,-1.4564156945917255,11.11111111111111,9,1,0.9,ok
10,80,1,TP_FIJO,0,15:00,18,11.11111111111111,0.935957696827262,-0.5449999999999989,-9.809999999999981,-0.980999999999998,8.487,84.87,-0.10537204206419853,-0.31780711608688145,-1.4564156945917255,11.11111111111111,9,1,0.9,ok
10,80,2,TP_FIJO,0,12:00,35,8.571428571428571,0.707021047779997,-2.451857142857141,-85.81499999999994,-8.581499999999995,15.317999999999996,153.17999999999995,-2.0435080856166863,-3.8939643570269142,-7.0588131609870715,16.666666666666664,17,2,1.75,ok
10,80,2,TP_FIJO,0,14:00,36,8.333333333333332,0.685229303156641,-2.6424999999999983,-95.12999999999994,-9.512999999999995,15.317999999999996,153.17999999999995,-2.2866240497709187,-4.26566657463776,-7.825029377203287,16.666666666666664,17,2,1.8,ok
10,80,2,TP_FIJO,0,15:00,36,8.333333333333332,0.685229303156641,-2.6424999999999983,-95.12999999999994,-9.512999999999995,15.317999999999996,153.17999999999995,-2.2866240497709187,-4.26566657463776,-7.825029377203287,16.666666666666664,17,2,1.8,ok
10,80,3,TP_FIJO,0,12:00,52,9.615384615384617,0.7823003391921061,-1.8328846153846143,-95.30999999999995,-9.530999999999995,15.317999999999996,153.17999999999995,-1.9411792789546425,-3.0816384828727457,-7.839835487661573,27.77777777777778,17,1,2.6,ok
10,80,3,TP_FIJO,0,14:00,54,9.25925925925926,0.7520750988142293,-2.0908333333333324,-112.90499999999994,-11.290499999999994,15.957386336721832,168.43499999999995,-2.340502544643469,-3.628316299708226,-8.91501258402351,27.77777777777778,17,1,2.7,ok
10,80,3,TP_FIJO,0,15:00,54,9.25925925925926,0.7520750988142293,-2.0908333333333324,-112.90499999999994,-11.290499999999994,15.957386336721832,168.43499999999995,-2.340502544643469,-3.628316299708226,-8.91501258402351,27.77777777777778,17,1,2.7,ok
10,100,1,TP_FIJO,0,12:00,18,0.0,0.0,-8.969999999999999,-161.45999999999998,-16.146,16.146000000000004,161.46000000000004,-46.16660027132876,-15.051674872876422,-12.599999999999998,0.0,18,0,0.9,ok
10,100,1,TP_FIJO,0,14:00,18,0.0,0.0,-8.969999999999999,-161.45999999999998,-16.146,16.146000000000004,161.46000000000004,-46.16660027132876,-15.051674872876422,-12.599999999999998,0.0,18,0,0.9,ok
10,100,1,TP_FIJO,0,15:00,18,0.0,0.0,-8.969999999999999,-161.45999999999998,-16.146,16.146000000000004,161.46000000000004,-46.16660027132876,-15.051674872876422,-12.599999999999998,0.0,18,0,0.9,ok
10,100,2,TP_FIJO,0,12:00,35,5.714285714285714,0.56440113276695,-3.735571428571427,-130.74499999999995,-13.074499999999995,15.317999999999996,153.17999999999995,-3.239145439020906,-6.112320606470169,-10.754582843713278,11.11111111111111,17,1,1.75,ok
10,100,2,TP_FIJO,0,14:00,36,5.555555555555555,0.54924942450475,-3.861805555555554,-139.02499999999995,-13.902499999999996,15.317999999999996,153.17999999999995,-3.459563162951421,-6.398391510370295,-11.43566392479436,11.11111111111111,17,1,1.8,ok
10,100,2,TP_FIJO,0,15:00,36,5.555555555555555,0.54924942450475,-3.861805555555554,-139.02499999999995,-13.902499999999996,15.317999999999996,153.17999999999995,-3.459563162951421,-6.398391510370295,-11.43566392479436,11.11111111111111,17,1,1.8,ok
10,100,3,TP_FIJO,0,12:00,51,7.8431372549019605,0.7800478618715333,-1.9283333333333328,-98.34499999999997,-9.834499999999997,19.572285529514076,219.41999999999996,-1.631232296532334,-2.911403412496058,-6.33113081316653,22.22222222222222,22,1,2.55,ok
10,100,3,TP_FIJO,0,14:00,54,7.4074074074074066,0.7373756593621498,-2.30037037037037,-124.21999999999997,-12.421999999999997,21.88033806837187,245.29499999999996,-2.2333361157002916,-3.7871384403330364,-7.1533264024949546,22.22222222222222,25,1,2.7,ok
10,100,3,TP_FIJO,0,15:00,54,7.4074074074074066,0.7373756593621498,-2.30037037037037,-124.21999999999997,-12.421999999999997,21.88033806837187,245.29499999999996,-2.2333361157002916,-3.7871384403330364,-7.1533264024949546,22.22222222222222,25,1,2.7,ok
15,20,1,TP_FIJO,0,12:00,18,38.88888888888889,0.8146283683742965,-1.0433333333333341,-18.780000000000015,-1.8780000000000014,6.94620840579144,71.10000000000002,-1.4071998215358723,-2.067628715321655,-3.406577893670888,38.88888888888889,7,4,0.9,ok
15,20,1,TP_FIJO,0,14:00,18,38.88888888888889,0.8146283683742965,-1.0433333333333341,-18.780000000000015,-1.8780000000000014,6.94620840579144,71.10000000000002,-1.4071998215358723,-2.067628715321655,-3.406577893670888,38.88888888888889,7,4,0.9,ok
15,20,1,TP_FIJO,0,15:00,18,38.88888888888889,0.8146283683742965,-1.0433333333333341,-18.780000000000015,-1.8780000000000014,6.94620840579144,71.10000000000002,-1.4071998215358723,-2.067628715321655,-3.406577893670888,38.88888888888889,7,4,0.9,ok
15,20,2,TP_FIJO,0,12:00,35,42.857142857142854,0.9600977198697063,-0.21000000000000085,-7.35000000000003,-0.735000000000003,4.575253605686285,46.40999999999997,-0.46834564803648204,-0.6069453858808994,-2.024150090497747,77.77777777777779,3,3,1.75,ok
15,20,2,TP_FIJO,0,14:00,36,41.66666666666667,0.9143787808282916,-0.46000000000000085,-16.56000000000003,-1.656000000000003,4.575253605686285,46.40999999999997,-1.2057201949821081,-1.5086678155085924,-4.560534081447974,77.77777777777779,4,3,1.8,ok
15,20,2,TP_FIJO,0,15:00,36,41.66666666666667,0.9143787808282916,-0.46000000000000085,-16.56000000000003,-1.656000000000003,4.575253605686285,46.40999999999997,-1.2057201949821081,-1.5086678155085924,-4.560534081447974,77.77777777777779,4,3,1.8,ok
15,20,3,TP_FIJO,0,12:00,52,44.230769230769226,1.015275749747276,0.07846153846153761,4.079999999999956,0.4079999999999956,5.928324865221269,61.139999999999986,0.32724528889178783,0.5125333701662375,0.8671589558390487,38.88888888888889,4,4,2.6,ok
15,20,3,TP_FIJO,0,14:00,54,42.592592592592595,0.9497740884732583,-0.26555555555555643,-14.340000000000046,-1.4340000000000046,6.7137260985920975,69.24000000000001,-0.6488343316671864,-0.9901369710115628,-2.6912626065857967,33.33333333333333,6,4,2.7,ok
15,20,3,TP_FIJO,0,15:00,54,42.592592592592595,0.9497740884732583,-0.26555555555555643,-14.340000000000046,-1.4340000000000046,6.7137260985920975,69.24000000000001,-0.6488343316671864,-0.9901369710115628,-2.6912626065857967,33.33333333333333,6,4,2.7,ok
15,30,1,TP_FIJO,0,12:00,18,38.88888888888889,1.229197512585134,1.2899999999999991,23.219999999999985,2.3219999999999983,6.286332296877103,65.09999999999991,1.5186955720671855,2.8727370350123493,4.654096954838713,38.88888888888889,7,4,0.9,ok
15,30,1,TP_FIJO,0,14:00,18,38.88888888888889,1.229197512585134,1.2899999999999991,23.219999999999985,2.3219999999999983,6.286332296877103,65.09999999999991,1.5186955720671855,2.8727370350123493,4.654096954838713,38.88888888888889,7,4,0.9,ok
15,30,1,TP_FIJO,0,15:00,18,38.88888888888889,1.229197512585134,1.2899999999999991,23.219999999999985,2.3219999999999983,6.286332296877103,65.09999999999991,1.5186955720671855,2.8727370350123493,4.654096954838713,38.88888888888889,7,4,0.9,ok
15,30,2,TP_FIJO,0,12:00,35,40.0,1.2676099348534196,1.5022857142857133,52.57999999999997,5.2579999999999965,6.181800747914482,64.47000000000014,2.956336866362186,4.574079948903964,10.717071400651436,72.22222222222221,7,3,1.75,ok
15,30,2,TP_FIJO,0,14:00,36,38.88888888888889,1.2108512810540126,1.2047222222222214,43.36999999999997,4.336999999999997,6.181800747914482,64.47000000000014,2.54265053728873,3.86241629698445,8.839851400651442,72.22222222222221,7,3,1.8,ok
15,30,2,TP_FIJO,0,15:00,36,38.88888888888889,1.2108512810540126,1.2047222222222214,43.36999999999997,4.336999999999997,6.181800747914482,64.47000000000014,2.54265053728873,3.86241629698445,8.839851400651442,72.22222222222221,7,3,1.8,ok
15,30,3,TP_FIJO,0,12:00,52,40.38461538461539,1.2369827185058007,1.4200961538461532,73.84499999999997,7.3844999999999965,4.775090363404921,51.3900000000001,3.1128169860473567,5.153283562833463,19.485432299474557,38.88888888888889,5,2,2.6,ok
15,30,3,TP_FIJO,0,14:00,54,38.88888888888889,1.158957654723127,0.9714814814814807,52.45999999999996,5.245999999999996,5.559812211805025,59.86500000000001,2.3518639442484948,3.842551550862778,11.888818809320961,33.33333333333333,6,2,2.7,ok
15,30,3,TP_FIJO,0,15:00,54,38.88888888888889,1.158957654723127,0.9714814814814807,52.45999999999996,5.245999999999996,5.559812211805025,59.86500000000001,2.3518639442484948,3.842551550862778,11.888818809320961,33.33333333333333,6,2,2.7,ok
15,40,1,TP_FIJO,0,12:00,18,38.88888888888889,1.6334067829086025,3.6730555555555546,66.11499999999998,6.611499999999998,6.154183928673698,64.46999999999991,3.336336960749912,7.707490129613855,13.53630326384366,38.88888888888889,7,4,0.9,ok
15,40,1,TP_FIJO,0,14:00,18,38.88888888888889,1.6334067829086025,3.6730555555555546,66.11499999999998,6.611499999999998,6.154183928673698,64.46999999999991,3.336336960749912,7.707490129613855,13.53630326384366,38.88888888888889,7,4,0.9,ok
15,40,1,TP_FIJO,0,15:00,18,38.88888888888889,1.6334067829086025,3.6730555555555546,66.11499999999998,6.611499999999998,6.154183928673698,64.46999999999991,3.336336960749912,7.707490129613855,13.53630326384366,38.88888888888889,7,4,0.9,ok
15,40,2,TP_FIJO,0,12:00,35,37.142857142857146,1.5384412722743814,3.211571428571428,112.40499999999997,11.240499999999997,7.977265855317858,84.42499999999995,4.672588429582353,8.681975086079525,17.754240935267994,66.66666666666666,9,3,1.75,ok
15,40,2,TP_FIJO,0,14:00,36,36.11111111111111,1.4631329582469643,2.823888888888888,101.65999999999997,10.165999999999997,7.977265855317858,84.42499999999995,4.348225776639055,7.887415065269305,16.05708049890436,66.66666666666666,9,3,1.8,ok
15,40,2,TP_FIJO,0,15:00,36,36.11111111111111,1.4631329582469643,2.823888888888888,101.65999999999997,10.165999999999997,7.977265855317858,84.42499999999995,4.348225776639055,7.887415065269305,16.05708049890436,66.66666666666666,9,3,1.8,ok
15,40,3,TP_FIJO,0,12:00,52,38.46153846153847,1.586903492499379,3.863461538461538,200.89999999999998,20.089999999999996,4.865381306430738,53.725000000000136,6.765219080951522,13.677658531726221,52.02757688599335,83.33333333333334,5,2,2.6,ok
15,40,3,TP_FIJO,0,14:00,54,37.03703703703704,1.4931623579213567,3.322407407407407,179.40999999999997,17.940999999999995,5.42507804808267,64.47000000000003,6.15237164626113,12.281305548470224,41.66881987622147,83.33333333333334,6,2,2.7,ok
15,40,3,TP_FIJO,0,15:00,54,37.03703703703704,1.4931623579213567,3.322407407407407,179.40999999999997,17.940999999999995,5.42507804808267,64.47000000000003,6.15237164626113,12.281305548470224,41.66881987622147,83.33333333333334,6,2,2.7,ok
15,60,1,TP_FIJO,0,12:00,18,16.666666666666664,0.7771986970684036,-1.7100000000000009,-30.780000000000015,-3.0780000000000016,7.1134110196082165,73.67999999999995,-1.3664238772153083,-2.843251497680672,-5.452067916938118,16.666666666666664,8,1,0.9,ok
15,60,1,TP_FIJO,0,14:00,18,16.666666666666664,0.7771986970684036,-1.7100000000000009,-30.780000000000015,-3.0780000000000016,7.1134110196082165,73.67999999999995,-1.3664238772153083,-2.843251497680672,-5.452067916938118,16.666666666666664,8,1,0.9,ok
15,60,1,TP_FIJO,0,15:00,18,16.666666666666664,0.7771986970684036,-1.7100000000000009,-30.780000000000015,-3.0780000000000016,7.1134110196082165,73.67999999999995,-1.3664238772153083,-2.843251497680672,-5.452067916938118,16.666666666666664,8,1,0.9,ok
15,60,2,TP_FIJO,0,12:00,35,17.142857142857142,0.803998652139728,-1.4957142857142869,-52.350000000000044,-5.235000000000004,11.964780505700968,123.93000000000006,-1.8702835918627219,-2.801995727314531,-5.512930217864924,33.33333333333333,11,2,1.75,ok
15,60,2,TP_FIJO,0,14:00,36,16.666666666666664,0.7771986970684038,-1.7100000000000015,-61.56000000000005,-6.156000000000005,12.85395688315199,133.14,-2.2000248822435444,-3.22874438204607,-6.034375305993695,33.33333333333333,11,2,1.8,ok
15,60,2,TP_FIJO,0,15:00,36,16.666666666666664,0.7771986970684038,-1.7100000000000015,-61.56000000000005,-6.156000000000005,12.85395688315199,133.14,-2.2000248822435444,-3.22874438204607,-6.034375305993695,33.33333333333333,11,2,1.8,ok
15,60,3,TP_FIJO,0,12:00,52,19.230769230769234,0.9082206996393226,-0.7071153846153853,-36.77000000000003,-3.677000000000003,15.000294933050196,165.29499999999996,-1.2572337499325785,-1.591204068278014,-3.088619270939838,55.55555555555556,11,1,2.6,ok
15,60,3,TP_FIJO,0,14:00,54,18.51851851851852,0.8682989106441876,-1.0220370370370377,-55.19000000000004,-5.519000000000004,16.6718847129394,183.71500000000003,-1.899197881298139,-2.345891035625923,-4.171058113545438,55.55555555555556,12,1,2.7,ok
15,60,3,TP_FIJO,0,15:00,54,18.51851851851852,0.8682989106441876,-1.0220370370370377,-55.19000000000004,-5.519000000000004,16.6718847129394,183.71500000000003,-1.899197881298139,-2.345891035625923,-4.171058113545438,55.55555555555556,12,1,2.7,ok
15,80,1,TP_FIJO,0,12:00,18,16.666666666666664,1.0377850162866444,0.28999999999999915,5.219999999999985,0.5219999999999985,7.03194342377766,73.67999999999995,0.35157655353511386,0.9335161785787472,0.9353317573289882,16.666666666666664,8,1,0.9,ok
15,80,1,TP_FIJO,0,14:00,18,16.666666666666664,1.0377850162866444,0.28999999999999915,5.219999999999985,0.5219999999999985,7.03194342377766,73.67999999999995,0.35157655353511386,0.9335161785787472,0.9353317573289882,16.666666666666664,8,1,0.9,ok
15,80,1,TP_FIJO,0,15:00,18,16.666666666666664,1.0377850162866444,0.28999999999999915,5.219999999999985,0.5219999999999985,7.03194342377766,73.67999999999995,0.35157655353511386,0.9335161785787472,0.9353317573289882,16.666666666666664,8,1,0.9,ok
15,80,2,TP_FIJO,0,12:00,35,14.285714285714285,0.8648208469055374,-1.0671428571428585,-37.350000000000044,-3.7350000000000043,14.063886847555333,147.36,-0.9733485366975925,-1.7013642267751252,-3.346229993892511,27.77777777777778,16,2,1.75,ok
15,80,2,TP_FIJO,0,14:00,36,13.88888888888889,0.8369234002311653,-1.2933333333333348,-46.56000000000005,-4.656000000000005,14.063886847555333,147.36,-1.2489136641929948,-2.1385158848481565,-4.171364618892512,27.77777777777778,16,2,1.8,ok
15,80,2,TP_FIJO,0,15:00,36,13.88888888888889,0.8369234002311653,-1.2933333333333348,-46.56000000000005,-4.656000000000005,14.063886847555333,147.36,-1.2489136641929948,-2.1385158848481565,-4.171364618892512,27.77777777777778,16,2,1.8,ok
15,80,3,TP_FIJO,0,12:00,52,15.384615384615385,0.9293597160775926,-0.5588461538461547,-29.060000000000045,-2.9060000000000046,13.998450356049148,151.76,-0.6578643611676261,-0.9536890934160926,-2.6156895276752805,44.44444444444444,13,1,2.6,ok
15,80,3,TP_FIJO,0,14:00,54,14.814814814814813,0.8895300139599815,-0.8792592592592604,-47.48000000000006,-4.748000000000006,15.697524259307086,170.17999999999995,-1.1766696786533741,-1.6634237928803404,-3.8110977891644198,44.44444444444444,13,1,2.7,ok
15,80,3,TP_FIJO,0,15:00,54,14.814814814814813,0.8895300139599815,-0.8792592592592604,-47.48000000000006,-4.748000000000006,15.697524259307086,170.17999999999995,-1.1766696786533741,-1.6634237928803404,-3.8110977891644198,44.44444444444444,13,1,2.7,ok
15,100,1,TP_FIJO,0,12:00,18,5.555555555555555,0.3781664083994813,-5.461944444444446,-98.31500000000003,-9.831500000000002,14.91852159390068,158.10500000000002,-5.158655943080517,-9.183892111230126,-8.303564077733153,5.555555555555555,17,1,0.9,ok
15,100,1,TP_FIJO,0,14:00,18,5.555555555555555,0.3781664083994813,-5.461944444444446,-98.31500000000003,-9.831500000000002,14.91852159390068,158.10500000000002,-5.158655943080517,-9.183892111230126,-8.303564077733153,5.555555555555555,17,1,0.9,ok
15,100,1,TP_FIJO,0,15:00,18,5.555555555555555,0.3781664083994813,-5.461944444444446,-98.31500000000003,-9.831500000000002,14.91852159390068,158.10500000000002,-5.158655943080517,-9.183892111230126,-8.303564077733153,5.555555555555555,17,1,0.9,ok
15,100,2,TP_FIJO,0,12:00,35,11.428571428571429,0.7984636555243952,-1.652857142857144,-57.85000000000004,-5.785000000000004,15.801715434189795,167.46500000000003,-1.4924416468657642,-2.7174991327598397,-4.6128536046338064,22.22222222222222,16,1,1.75,ok
15,100,2,TP_FIJO,0,14:00,36,11.11111111111111,0.7776703311617805,-1.8201388888888899,-65.52500000000003,-6.552500000000003,16.52591551156361,175.14,-1.6924182539809949,-3.03261284117847,-4.995880557553959,22.22222222222222,16,1,1.8,ok
15,100,2,TP_FIJO,0,15:00,36,11.11111111111111,0.7776703311617805,-1.8201388888888899,-65.52500000000003,-6.552500000000003,16.52591551156361,175.14,-1.6924182539809949,-3.03261284117847,-4.995880557553959,22.22222222222222,16,1,1.8,ok
15,100,3,TP_FIJO,0,12:00,51,11.76470588235294,0.8322893176313371,-1.378039215686275,-70.28000000000003,-7.028000000000002,17.398211589826975,187.2700000000001,-1.5549971921187706,-2.3822611878099003,-5.089764516473539,33.33333333333333,20,1,2.55,ok
15,100,3,TP_FIJO,0,14:00,54,11.11111111111111,0.7889409156713716,-1.727870370370371,-93.30500000000004,-9.330500000000004,19.537335965625367,210.29500000000007,-2.2045820969047685,-3.2353430200519284,-6.0174171241589205,33.33333333333333,23,1,2.7,ok
15,100,3,TP_FIJO,0,15:00,54,11.11111111111111,0.7889409156713716,-1.727870370370371,-93.30500000000004,-9.330500000000004,19.537335965625367,210.29500000000007,-2.2045820969047685,-3.2353430200519284,-6.0174171241589205,33.33333333333333,23,1,2.7,ok
20,20,1,TP_FIJO,0,12:00,18,38.88888888888889,0.6297404123491079,-1.9255555555555561,-34.66000000000001,-3.466000000000001,6.813122149757272,69.47000000000003,-3.3307031235218902,-4.273351559727082,-6.409924707067798,38.88888888888889,7,4,0.9,ok
20,20,1,TP_FIJO,0,14:00,18,38.88888888888889,0.6297404123491079,-1.9255555555555561,-34.66000000000001,-3.466000000000001,6.813122149757272,69.47000000000003,-3.3307031235218902,-4.273351559727082,-6.409924707067798,38.88888888888889,7,4,0.9,ok
20,20,1,TP_FIJO,0,15:00,18,38.88888888888889,0.6297404123491079,-1.9255555555555561,-34.66000000000001,-3.466000000000001,6.813122149757272,69.47000000000003,-3.3307031235218902,-4.273351559727082,-6.409924707067798,38.88888888888889,7,4,0.9,ok
20,20,2,TP_FIJO,0,12:00,35,45.714285714285715,0.8125187271528738,-0.8938571428571431,-31.28500000000001,-3.1285000000000016,5.551760236303678,56.48000000000002,-2.5042471325137643,-3.136113571833137,-7.100288615173514,16.666666666666664,3,3,1.75,ok
20,20,2,TP_FIJO,0,14:00,36,44.44444444444444,0.774727158448089,-1.095138888888889,-39.42500000000001,-3.942500000000001,6.351889987074083,64.62000000000012,-3.273548807946007,-3.9893884621457123,-7.820585699860712,11.11111111111111,4,3,1.8,ok
20,20,2,TP_FIJO,0,15:00,36,44.44444444444444,0.774727158448089,-1.095138888888889,-39.42500000000001,-3.942500000000001,6.351889987074083,64.62000000000012,-3.273548807946007,-3.9893884621457123,-7.820585699860712,11.11111111111111,4,3,1.8,ok
20,20,3,TP_FIJO,0,12:00,52,46.15384615384615,0.8321447833642955,-0.8079807692307698,-42.01500000000003,-4.201500000000003,9.134172625447805,94.71999999999991,-2.2995038526330167,-3.1958057516781846,-5.795697341269012,38.88888888888889,4,4,2.6,ok
20,20,3,TP_FIJO,0,14:00,54,44.44444444444444,0.7813267813267815,-1.0795370370370376,-58.29500000000003,-5.829500000000003,10.704108545446646,110.99999999999989,-3.282517065965982,-4.428262362464097,-6.862010011216227,33.33333333333333,6,4,2.7,ok
20,20,3,TP_FIJO,0,15:00,54,44.44444444444444,0.7813267813267815,-1.0795370370370376,-58.29500000000003,-5.829500000000003,10.704108545446646,110.99999999999989,-3.282517065965982,-4.428262362464097,-6.862010011216227,33.33333333333333,6,4,2.7,ok
20,30,1,TP_FIJO,0,12:00,18,38.88888888888889,0.9106265356265354,-0.4850000000000006,-8.730000000000011,-0.873000000000001,6.5561112999563065,67.50500000000011,-0.5925725734269616,-0.9276722172809222,-1.677793359010443,38.88888888888889,7,4,0.9,ok
20,30,1,TP_FIJO,0,14:00,18,38.88888888888889,0.9106265356265354,-0.4850000000000006,-8.730000000000011,-0.873000000000001,6.5561112999563065,67.50500000000011,-0.5925725734269616,-0.9276722172809222,-1.677793359010443,38.88888888888889,7,4,0.9,ok
20,30,1,TP_FIJO,0,15:00,18,38.88888888888889,0.9106265356265354,-0.4850000000000006,-8.730000000000011,-0.873000000000001,6.5561112999563065,67.50500000000011,-0.5925725734269616,-0.9276722172809222,-1.677793359010443,38.88888888888889,7,4,0.9,ok
20,30,2,TP_FIJO,0,12:00,35,40.0,0.9502189936972549,-0.2662857142857149,-9.320000000000022,-0.932000000000002,5.983622223202336,61.049999999999955,-0.5671398729206348,-0.7339640184389886,-1.9625570535626595,72.22222222222221,7,3,1.75,ok
20,30,2,TP_FIJO,0,14:00,36,38.88888888888889,0.910626535626536,-0.4850000000000006,-17.460000000000022,-1.746000000000002,5.983622223202336,61.049999999999955,-1.2034220397377011,-1.5200531067336516,-3.6766358535626606,72.22222222222221,7,3,1.8,ok
20,30,2,TP_FIJO,0,15:00,36,38.88888888888889,0.910626535626536,-0.4850000000000006,-17.460000000000022,-1.746000000000002,5.983622223202336,61.049999999999955,-1.2034220397377011,-1.5200531067336516,-3.6766358535626606,72.22222222222221,7,3,1.8,ok
20,30,3,TP_FIJO,0,12:00,52,40.38461538461539,0.9542340035297787,-0.2543269230769238,-13.225000000000037,-1.3225000000000038,8.050602697219244,84.32000000000005,-0.5724222437635343,-0.7910631220769141,-2.0698450323173674,38.88888888888889,5,2,2.6,ok
20,30,3,TP_FIJO,0,14:00,54,38.88888888888889,0.9033415233415235,-0.5463888888888896,-29.505000000000038,-2.950500000000004,9.60496479293472,100.60000000000002,-1.456568139824669,-1.9677440557466372,-3.8705295439860876,33.33333333333333,6,2,2.7,ok
20,30,3,TP_FIJO,0,15:00,54,38.88888888888889,0.9033415233415235,-0.5463888888888896,-29.505000000000038,-2.950500000000004,9.60496479293472,100.60000000000002,-1.456568139824669,-1.9677440557466372,-3.8705295439860876,33.33333333333333,6,2,2.7,ok
20,40,1,TP_FIJO,0,12:00,18,38.88888888888889,1.2469778869778871,1.3961111111111106,25.129999999999992,2.5129999999999995,6.304044630404471,65.54000000000008,1.614100595267459,3.085027127383485,5.0227753539822935,38.88888888888889,7,4,0.9,ok
20,40,1,TP_FIJO,0,14:00,18,38.88888888888889,1.2469778869778871,1.3961111111111106,25.129999999999992,2.5129999999999995,6.304044630404471,65.54000000000008,1.614100595267459,3.085027127383485,5.0227753539822935,38.88888888888889,7,4,0.9,ok
20,40,1,TP_FIJO,0,15:00,18,38.88888888888889,1.2469778869778871,1.3961111111111106,25.129999999999992,2.5129999999999995,6.304044630404471,65.54000000000008,1.614100595267459,3.085027127383485,5.0227753539822935,38.88888888888889,7,4,0.9,ok
20,40,2,TP_FIJO,0,12:00,35,37.142857142857146,1.1611694338967065,0.9277142857142848,32.46999999999997,3.246999999999997,7.837473522048899,81.39999999999986,1.7889576562756506,2.727343571657365,5.220075051597056,66.66666666666666,9,3,1.75,ok
20,40,2,TP_FIJO,0,14:00,36,36.11111111111111,1.1053439803439802,0.6193055555555548,22.294999999999973,2.2294999999999976,7.837473522048899,81.39999999999986,1.3005764654151422,1.9220070111778618,3.5842800515970534,66.66666666666666,9,3,1.8,ok
20,40,2,TP_FIJO,0,15:00,36,36.11111111111111,1.1053439803439802,0.6193055555555548,22.294999999999973,2.2294999999999976,7.837473522048899,81.39999999999986,1.3005764654151422,1.9220070111778618,3.5842800515970534,66.66666666666666,9,3,1.8,ok
20,40,3,TP_FIJO,0,12:00,52,38.46153846153847,1.2177518427518426,1.3634615384615378,70.89999999999996,7.089999999999996,5.860471645143168,62.624999999999886,3.0356465433774327,5.124417136707122,15.243483017964092,33.33333333333333,5,2,2.6,ok
20,40,3,TP_FIJO,0,14:00,54,37.03703703703704,1.1461193814134987,0.9361111111111106,50.54999999999997,5.054999999999997,5.860471645143168,62.624999999999886,2.249110461690338,3.724447166684994,10.868237892215582,27.77777777777778,6,2,2.7,ok
20,40,3,TP_FIJO,0,15:00,54,37.03703703703704,1.1461193814134987,0.9361111111111106,50.54999999999997,5.054999999999997,5.860471645143168,62.624999999999886,2.249110461690338,3.724447166684994,10.868237892215582,27.77777777777778,6,2,2.7,ok
20,60,1,TP_FIJO,0,12:00,18,16.666666666666664,0.6048516048516048,-2.814444444444445,-50.66000000000001,-5.066000000000001,7.815405530065789,80.48500000000001,-3.1122882877595126,-5.311727866022511,-8.167407277132385,16.666666666666664,8,1,0.9,ok
20,60,1,TP_FIJO,0,14:00,18,16.666666666666664,0.6048516048516048,-2.814444444444445,-50.66000000000001,-5.066000000000001,7.815405530065789,80.48500000000001,-3.1122882877595126,-5.311727866022511,-8.167407277132385,16.666666666666664,8,1,0.9,ok
20,60,1,TP_FIJO,0,15:00,18,16.666666666666664,0.6048516048516048,-2.814444444444445,-50.66000000000001,-5.066000000000001,7.815405530065789,80.48500000000001,-3.1122882877595126,-5.311727866022511,-8.167407277132385,16.666666666666664,8,1,0.9,ok
20,60,2,TP_FIJO,0,12:00,35,17.142857142857142,0.6056206469429611,-2.774571428571429,-97.11000000000001,-9.711000000000002,14.642779112956092,150.79500000000007,-4.945038628240186,-5.941920007646001,-8.356241602506712,33.33333333333333,11,2,1.75,ok
20,60,2,TP_FIJO,0,14:00,36,16.666666666666664,0.5862407862407863,-2.9236111111111116,-105.25000000000001,-10.525,15.433204670696481,158.93500000000006,-5.303034797696598,-6.261603000072145,-8.592836214490198,33.33333333333333,11,2,1.8,ok
20,60,2,TP_FIJO,0,15:00,36,16.666666666666664,0.5862407862407863,-2.9236111111111116,-105.25000000000001,-10.525,15.433204670696481,158.93500000000006,-5.303034797696598,-6.261603000072145,-8.592836214490198,33.33333333333333,11,2,1.8,ok
20,60,3,TP_FIJO,0,12:00,52,19.230769230769234,0.680168868014172,-2.26548076923077,-117.80500000000004,-11.780500000000004,16.255907680709804,168.19500000000016,-6.14045109953952,-6.166373382511797,-9.131098854365465,55.55555555555556,11,1,2.6,ok
20,60,3,TP_FIJO,0,14:00,54,18.51851851851852,0.6513786513786516,-2.4830555555555556,-134.085,-13.4085,17.82935621985755,184.47500000000014,-6.755941317346846,-6.651693004430578,-9.475782407209643,55.55555555555556,12,1,2.7,ok
20,60,3,TP_FIJO,0,15:00,54,18.51851851851852,0.6513786513786516,-2.4830555555555556,-134.085,-13.4085,17.82935621985755,184.47500000000014,-6.755941317346846,-6.651693004430578,-9.475782407209643,55.55555555555556,12,1,2.7,ok
20,80,1,TP_FIJO,0,12:00,18,16.666666666666664,0.7828009828009828,-1.596111111111111,-28.73,-2.873,7.045416296011347,73.25999999999999,-1.323582802292925,-2.767296394857601,-5.138064023341524,16.666666666666664,8,1,0.9,ok
20,80,1,TP_FIJO,0,14:00,18,16.666666666666664,0.7828009828009828,-1.596111111111111,-28.73,-2.873,7.045416296011347,73.25999999999999,-1.323582802292925,-2.767296394857601,-5.138064023341524,16.666666666666664,8,1,0.9,ok
20,80,1,TP_FIJO,0,15:00,18,16.666666666666664,0.7828009828009828,-1.596111111111111,-28.73,-2.873,7.045416296011347,73.25999999999999,-1.323582802292925,-2.767296394857601,-5.138064023341524,16.666666666666664,8,1,0.9,ok
20,80,2,TP_FIJO,0,12:00,35,14.285714285714285,0.6628556709201872,-2.4307142857142856,-85.075,-8.5075,15.075613684995082,156.7600000000001,-3.5242349452540234,-4.927789693522556,-7.110456810570293,27.77777777777778,16,2,1.75,ok
20,80,2,TP_FIJO,0,14:00,36,13.88888888888889,0.6421414312039314,-2.5893055555555557,-93.215,-9.3215,15.858437717885229,164.9000000000001,-3.840101867578091,-5.269789523329995,-7.406208738174648,27.77777777777778,16,2,1.8,ok
20,80,2,TP_FIJO,0,15:00,36,13.88888888888889,0.6421414312039314,-2.5893055555555557,-93.215,-9.3215,15.858437717885229,164.9000000000001,-3.840101867578091,-5.269789523329995,-7.406208738174648,27.77777777777778,16,2,1.8,ok
20,80,3,TP_FIJO,0,12:00,52,15.384615384615385,0.7096822096822099,-2.067788461538462,-107.525,-10.752500000000001,16.451806794412526,171.07000000000005,-4.332596583550089,-4.993243254221196,-8.235052945431693,44.44444444444444,13,1,2.6,ok
20,80,3,TP_FIJO,0,14:00,54,14.814814814814813,0.6798008534850642,-2.2926851851851846,-123.80499999999998,-12.380499999999998,18.01745486019282,187.35000000000002,-4.899876561259121,-5.520344805051194,-8.657954256605283,44.44444444444444,13,1,2.7,ok
20,80,3,TP_FIJO,0,15:00,54,14.814814814814813,0.6798008534850642,-2.2926851851851846,-123.80499999999998,-12.380499999999998,18.01745486019282,187.35000000000002,-4.899876561259121,-5.520344805051194,-8.657954256605283,44.44444444444444,13,1,2.7,ok
20,100,1,TP_FIJO,0,12:00,18,5.555555555555555,0.33539766416478745,-5.485,-98.73,-9.873,14.150453647036414,148.55500000000006,-6.122831159757633,-9.808328828626795,-8.791223454949343,5.555555555555555,17,1,0.9,ok
20,100,1,TP_FIJO,0,14:00,18,5.555555555555555,0.33539766416478745,-5.485,-98.73,-9.873,14.150453647036414,148.55500000000006,-6.122831159757633,-9.808328828626795,-8.791223454949343,5.555555555555555,17,1,0.9,ok
20,100,1,TP_FIJO,0,15:00,18,5.555555555555555,0.33539766416478745,-5.485,-98.73,-9.873,14.150453647036414,148.55500000000006,-6.122831159757633,-9.808328828626795,-8.791223454949343,5.555555555555555,17,1,0.9,ok
20,100,2,TP_FIJO,0,12:00,35,11.428571428571429,0.6453155057806224,-2.660285714285714,-93.11,-9.311,17.411949610649398,182.79500000000007,-3.423276423101172,-5.1660726823381395,-6.7378210150715265,22.22222222222222,16,1,1.75,ok
20,100,2,TP_FIJO,0,14:00,36,11.11111111111111,0.625907520644363,-2.8125000000000004,-101.25000000000001,-10.125000000000002,18.18731693377468,190.93500000000006,-3.7100054440110695,-5.492131383457281,-7.014503594155078,22.22222222222222,16,1,1.8,ok
20,100,2,TP_FIJO,0,15:00,36,11.11111111111111,0.625907520644363,-2.8125000000000004,-101.25000000000001,-10.125000000000002,18.18731693377468,190.93500000000006,-3.7100054440110695,-5.492131383457281,-7.014503594155078,22.22222222222222,16,1,1.8,ok
20,100,3,TP_FIJO,0,12:00,51,11.76470588235294,0.6581728355921906,-2.536960784313726,-129.38500000000002,-12.938500000000003,20.09192008191842,210.93000000000006,-4.28080147748045,-5.3562048418648684,-8.113963191935714,33.33333333333333,20,1,2.55,ok
20,100,3,TP_FIJO,0,14:00,54,11.11111111111111,0.6182835728290275,-2.84824074074074,-153.80499999999995,-15.380499999999994,22.418022051294255,235.3499999999999,-5.252912550122749,-6.2253447459465345,-8.644576205544933,33.33333333333333,23,1,2.7,ok
20,100,3,TP_FIJO,0,15:00,54,11.11111111111111,0.6182835728290275,-2.84824074074074,-153.80499999999995,-15.380499999999994,22.418022051294255,235.3499999999999,-5.252912550122749,-6.2253447459465345,-8.644576205544933,33.33333333333333,23,1,2.7,ok
25,20,1,TP_FIJO,0,12:00,18,44.44444444444444,0.6342119419042495,-1.7000000000000004,-30.60000000000001,-3.060000000000001,5.384357893907775,54.690000000000055,-3.267699264931251,-4.030066956045382,-7.160742424574872,44.44444444444444,5,4,0.9,ok
25,20,1,TP_FIJO,0,14:00,18,44.44444444444444,0.6342119419042495,-1.7000000000000004,-30.60000000000001,-3.060000000000001,5.384357893907775,54.690000000000055,-3.267699264931251,-4.030066956045382,-7.160742424574872,44.44444444444444,5,4,0.9,ok
25,20,1,TP_FIJO,0,15:00,18,44.44444444444444,0.6342119419042495,-1.7000000000000004,-30.60000000000001,-3.060000000000001,5.384357893907775,54.690000000000055,-3.267699264931251,-4.030066956045382,-7.160742424574872,44.44444444444444,5,4,0.9,ok
25,20,2,TP_FIJO,0,12:00,35,48.57142857142857,0.7363905325443787,-1.1455714285714294,-40.09500000000003,-4.009500000000003,6.9181346745827685,70.90499999999997,-3.3564431802258667,-4.168540204346065,-7.302503113391164,22.22222222222222,3,3,1.75,ok
25,20,2,TP_FIJO,0,14:00,36,47.22222222222222,0.7013243167089321,-1.3250000000000008,-47.70000000000003,-4.770000000000003,7.660147426859789,78.50999999999999,-4.103765805621025,-4.983547450763786,-7.846063091325951,16.666666666666664,4,3,1.8,ok
25,20,2,TP_FIJO,0,15:00,36,47.22222222222222,0.7013243167089321,-1.3250000000000008,-47.70000000000003,-4.770000000000003,7.660147426859789,78.50999999999999,-4.103765805621025,-4.983547450763786,-7.846063091325951,16.666666666666664,4,3,1.8,ok
25,20,3,TP_FIJO,0,12:00,52,48.07692307692308,0.7325573834449576,-1.1864423076923083,-61.695000000000036,-6.169500000000004,10.09029641094814,103.98000000000002,-3.9628834656952794,-4.84364977414139,-7.704005594489326,44.44444444444444,4,4,2.6,ok
25,20,3,TP_FIJO,0,14:00,54,46.2962962962963,0.6872445556030015,-1.4241666666666675,-76.90500000000004,-7.6905000000000046,11.566286105221273,119.18999999999994,-5.035705651290602,-5.952938554223601,-8.377823193934063,38.88888888888889,6,4,2.7,ok
25,20,3,TP_FIJO,0,15:00,54,46.2962962962963,0.6872445556030015,-1.4241666666666675,-76.90500000000004,-7.6905000000000046,11.566286105221273,119.18999999999994,-5.035705651290602,-5.952938554223601,-8.377823193934063,38.88888888888889,6,4,2.7,ok
25,30,1,TP_FIJO,0,12:00,18,44.44444444444444,0.9097085250931404,-0.4577777777777783,-8.240000000000009,-0.824000000000001,5.065630363551261,51.94500000000005,-0.6187822972983356,-0.9095478096141367,-2.0495771019347395,44.44444444444444,5,4,0.9,ok
25,30,1,TP_FIJO,0,14:00,18,44.44444444444444,0.9097085250931404,-0.4577777777777783,-8.240000000000009,-0.824000000000001,5.065630363551261,51.94500000000005,-0.6187822972983356,-0.9095478096141367,-2.0495771019347395,44.44444444444444,5,4,0.9,ok
25,30,1,TP_FIJO,0,15:00,18,44.44444444444444,0.9097085250931404,-0.4577777777777783,-8.240000000000009,-0.824000000000001,5.065630363551261,51.94500000000005,-0.6187822972983356,-0.9095478096141367,-2.0495771019347395,44.44444444444444,5,4,0.9,ok
25,30,2,TP_FIJO,0,12:00,35,42.857142857142854,0.8728546616032267,-0.6170000000000004,-21.595000000000017,-2.1595000000000018,6.283845918054566,64.57500000000005,-1.4583580755116585,-1.9465896064701433,-4.330102990243903,66.66666666666666,7,3,1.75,ok
25,30,2,TP_FIJO,0,14:00,36,41.66666666666667,0.8354466046773741,-0.8111111111111114,-29.200000000000014,-2.9200000000000013,6.396239910084808,65.73000000000002,-2.0543264271155994,-2.683269734577257,-5.75212945686901,66.66666666666666,7,3,1.8,ok
25,30,2,TP_FIJO,0,15:00,36,41.66666666666667,0.8354466046773741,-0.8111111111111114,-29.200000000000014,-2.9200000000000013,6.396239910084808,65.73000000000002,-2.0543264271155994,-2.683269734577257,-5.75212945686901,66.66666666666666,7,3,1.8,ok
25,30,3,TP_FIJO,0,12:00,52,42.30769230769231,0.8630244537638118,-0.6877884615384624,-35.76500000000004,-3.576500000000004,9.509035280619576,99.45500000000015,-2.0507843629965286,-2.5400499332557955,-4.739061184455279,44.44444444444444,5,2,2.6,ok
25,30,3,TP_FIJO,0,14:00,54,40.74074074074074,0.8155185205291064,-0.9439814814814824,-50.97500000000005,-5.097500000000005,10.963285208911003,114.66500000000019,-3.0314768960801524,-3.6593299431367727,-5.8585085379147905,38.88888888888889,6,2,2.7,ok
25,30,3,TP_FIJO,0,15:00,54,40.74074074074074,0.8155185205291064,-0.9439814814814824,-50.97500000000005,-5.097500000000005,10.963285208911003,114.66500000000019,-3.0314768960801524,-3.6593299431367727,-5.8585085379147905,38.88888888888889,6,2,2.7,ok
25,40,1,TP_FIJO,0,12:00,18,44.44444444444444,1.193657219973009,1.0363888888888881,18.654999999999987,1.8654999999999988,5.2065661628624404,54.0150000000001,1.356069843013801,2.3347373559490237,4.514549371841143,44.44444444444444,5,4,0.9,ok
25,40,1,TP_FIJO,0,14:00,18,44.44444444444444,1.193657219973009,1.0363888888888881,18.654999999999987,1.8654999999999988,5.2065661628624404,54.0150000000001,1.356069843013801,2.3347373559490237,4.514549371841143,44.44444444444444,5,4,0.9,ok
25,40,1,TP_FIJO,0,15:00,18,44.44444444444444,1.193657219973009,1.0363888888888881,18.654999999999987,1.8654999999999988,5.2065661628624404,54.0150000000001,1.356069843013801,2.3347373559490237,4.514549371841143,44.44444444444444,5,4,0.9,ok
25,40,2,TP_FIJO,0,12:00,35,40.0,1.0145530145530148,0.07799999999999961,2.729999999999986,0.27299999999999863,7.733963847151258,81.12000000000012,0.25863589526660546,0.3783861354710064,0.4447654615384587,66.66666666666666,9,3,1.75,ok
25,40,2,TP_FIJO,0,14:00,36,38.88888888888889,0.9750249750249753,-0.13541666666666707,-4.875000000000014,-0.4875000000000014,7.733963847151258,81.12000000000012,-0.17026488389573163,-0.24245541485547648,-0.7942240384615397,66.66666666666666,9,3,1.8,ok
25,40,2,TP_FIJO,0,15:00,36,38.88888888888889,0.9750249750249753,-0.13541666666666707,-4.875000000000014,-0.4875000000000014,7.733963847151258,81.12000000000012,-0.17026488389573163,-0.24245541485547648,-0.7942240384615397,66.66666666666666,9,3,1.8,ok
25,40,3,TP_FIJO,0,12:00,52,40.38461538461539,0.998922645981469,-0.006250000000000875,-0.3250000000000455,-0.032500000000004546,8.8349868280926,94.57500000000005,0.10381359122500455,0.1465069659221126,-0.04634981443299615,38.88888888888889,5,2,2.6,ok
25,40,3,TP_FIJO,0,14:00,54,38.88888888888889,0.9509743589743586,-0.28768518518518604,-15.535000000000046,-1.5535000000000048,10.255871307662135,109.78500000000008,-0.6834381426872163,-0.9558999280042828,-1.90857504085258,33.33333333333333,6,2,2.7,ok
25,40,3,TP_FIJO,0,15:00,54,38.88888888888889,0.9509743589743586,-0.28768518518518604,-15.535000000000046,-1.5535000000000048,10.255871307662135,109.78500000000008,-0.6834381426872163,-0.9558999280042828,-1.90857504085258,33.33333333333333,6,2,2.7,ok
25,60,1,TP_FIJO,0,12:00,18,22.22222222222222,0.700910655084141,-1.9797222222222228,-35.63500000000001,-3.5635000000000012,7.955846982018098,83.35500000000002,-2.3066480647060317,-3.8780858986436684,-5.6436605808889695,22.22222222222222,7,2,0.9,ok
25,60,1,TP_FIJO,0,14:00,18,22.22222222222222,0.700910655084141,-1.9797222222222228,-35.63500000000001,-3.5635000000000012,7.955846982018098,83.35500000000002,-2.3066480647060317,-3.8780858986436684,-5.6436605808889695,22.22222222222222,7,2,0.9,ok
25,60,1,TP_FIJO,0,15:00,18,22.22222222222222,0.700910655084141,-1.9797222222222228,-35.63500000000001,-3.5635000000000012,7.955846982018098,83.35500000000002,-2.3066480647060317,-3.8780858986436684,-5.6436605808889695,22.22222222222222,7,2,0.9,ok
25,60,2,TP_FIJO,0,12:00,35,22.857142857142858,0.7138488132438003,-1.844571428571429,-64.56000000000002,-6.456000000000002,11.872814937185458,123.61500000000012,-3.7604054939101,-4.482597943989475,-6.8514164863487395,44.44444444444444,11,2,1.75,ok
25,60,2,TP_FIJO,0,14:00,36,22.22222222222222,0.6905711345510678,-2.004583333333334,-72.16500000000002,-7.216500000000002,12.60325022090746,131.22000000000014,-4.144989803578982,-4.861268794824163,-7.214638954732505,44.44444444444444,11,2,1.8,ok
25,60,2,TP_FIJO,0,15:00,36,22.22222222222222,0.6905711345510678,-2.004583333333334,-72.16500000000002,-7.216500000000002,12.60325022090746,131.22000000000014,-4.144989803578982,-4.861268794824163,-7.214638954732505,44.44444444444444,11,2,1.8,ok
25,60,3,TP_FIJO,0,12:00,52,23.076923076923077,0.697202133099569,-1.992788461538463,-103.62500000000007,-10.362500000000006,16.001346124677703,168.7950000000002,-5.366536352636991,-6.109555745166262,-8.159782244734735,50.0,10,1,2.6,ok
25,60,3,TP_FIJO,0,14:00,54,22.22222222222222,0.6675339572229916,-2.2006481481481495,-118.83500000000006,-11.883500000000007,17.44321629000457,184.00500000000022,-5.983557432805043,-6.605800208202666,-8.583973133773533,50.0,12,1,2.7,ok
25,60,3,TP_FIJO,0,15:00,54,22.22222222222222,0.6675339572229916,-2.2006481481481495,-118.83500000000006,-11.883500000000007,17.44321629000457,184.00500000000022,-5.983557432805043,-6.605800208202666,-8.583973133773533,50.0,12,1,2.7,ok
25,80,1,TP_FIJO,0,12:00,18,16.666666666666664,0.6412269049631685,-2.475833333333334,-44.56500000000001,-4.456500000000001,7.406528017366694,76.42499999999995,-2.6802296610117935,-4.781466845079418,-7.581406546810603,16.666666666666664,8,1,0.9,ok
25,80,1,TP_FIJO,0,14:00,18,16.666666666666664,0.6412269049631685,-2.475833333333334,-44.56500000000001,-4.456500000000001,7.406528017366694,76.42499999999995,-2.6802296610117935,-4.781466845079418,-7.581406546810603,16.666666666666664,8,1,0.9,ok
25,80,1,TP_FIJO,0,15:00,18,16.666666666666664,0.6412269049631685,-2.475833333333334,-44.56500000000001,-4.456500000000001,7.406528017366694,76.42499999999995,-2.6802296610117935,-4.781466845079418,-7.581406546810603,16.666666666666664,8,1,0.9,ok
25,80,2,TP_FIJO,0,12:00,35,17.142857142857142,0.6560244489238571,-2.267142857142858,-79.35000000000002,-7.935000000000001,13.093345996549925,135.10500000000002,-3.993417716044426,-5.108351723126274,-7.63601603641612,33.33333333333333,16,2,1.75,ok
25,80,2,TP_FIJO,0,14:00,36,16.666666666666664,0.6350874984262873,-2.415416666666667,-86.95500000000003,-8.695500000000003,13.830364584342842,142.71000000000004,-4.3376685436678795,-5.451804336539182,-7.921938668488543,33.33333333333333,16,2,1.8,ok
25,80,2,TP_FIJO,0,15:00,36,16.666666666666664,0.6350874984262873,-2.415416666666667,-86.95500000000003,-8.695500000000003,13.830364584342842,142.71000000000004,-4.3376685436678795,-5.451804336539182,-7.921938668488543,33.33333333333333,16,2,1.8,ok
25,80,3,TP_FIJO,0,12:00,52,17.307692307692307,0.661476175646216,-2.194903846153847,-114.13500000000005,-11.413500000000004,15.72742426298142,162.28500000000008,-5.779848777118538,-6.0075318253418,-9.14390669414918,50.0,13,1,2.6,ok
25,80,3,TP_FIJO,0,14:00,54,16.666666666666664,0.6329232472010555,-2.3952777777777783,-129.34500000000003,-12.934500000000002,17.20146143856725,177.495,-6.379223835414383,-6.494651320874878,-9.474468235274234,50.0,13,1,2.7,ok
25,80,3,TP_FIJO,0,15:00,54,16.666666666666664,0.6329232472010555,-2.3952777777777783,-129.34500000000003,-12.934500000000002,17.20146143856725,177.495,-6.379223835414383,-6.494651320874878,-9.474468235274234,50.0,13,1,2.7,ok
25,100,1,TP_FIJO,0,12:00,18,5.555555555555555,0.28588847050385513,-5.531388888888889,-99.56500000000001,-9.956500000000002,13.408054930471405,139.42499999999995,-7.50824972845475,-10.513867319613567,-9.356457789779457,5.555555555555555,17,1,0.9,ok
25,100,1,TP_FIJO,0,14:00,18,5.555555555555555,0.28588847050385513,-5.531388888888889,-99.56500000000001,-9.956500000000002,13.408054930471405,139.42499999999995,-7.50824972845475,-10.513867319613567,-9.356457789779457,5.555555555555555,17,1,0.9,ok
25,100,1,TP_FIJO,0,15:00,18,5.555555555555555,0.28588847050385513,-5.531388888888889,-99.56500000000001,-9.956500000000002,13.408054930471405,139.42499999999995,-7.50824972845475,-10.513867319613567,-9.356457789779457,5.555555555555555,17,1,0.9,ok
25,100,2,TP_FIJO,0,12:00,35,14.285714285714285,0.6691006756473206,-2.2528571428571436,-78.85000000000002,-7.885000000000002,14.290866078125905,148.60500000000002,-3.470838609383789,-4.874013333454923,-6.952062909054204,27.77777777777778,16,1,1.75,ok
25,100,2,TP_FIJO,0,14:00,36,13.88888888888889,0.648406840318022,-2.4015277777777784,-86.45500000000003,-8.645500000000004,15.022214528878894,156.21000000000004,-3.7845805229063276,-5.216790532746251,-7.2514807847128875,27.77777777777778,16,1,1.8,ok
25,100,2,TP_FIJO,0,15:00,36,13.88888888888889,0.648406840318022,-2.4015277777777784,-86.45500000000003,-8.645500000000004,15.022214528878894,156.21000000000004,-3.7845805229063276,-5.216790532746251,-7.2514807847128875,27.77777777777778,16,1,1.8,ok
25,100,3,TP_FIJO,0,12:00,51,15.686274509803921,0.7389034716969938,-1.7260784313725497,-88.03000000000003,-8.803000000000003,18.04858346315851,187.68000000000006,-2.8082760529159425,-3.933040368842267,-6.14551276150895,38.88888888888889,18,2,2.55,ok
25,100,3,TP_FIJO,0,14:00,54,14.814814814814813,0.6920715615190152,-2.0526851851851853,-110.84500000000001,-11.084500000000002,20.24262881541746,210.495,-3.573945545495163,-4.815833756419679,-6.8995337153851635,38.88888888888889,20,2,2.7,ok
25,100,3,TP_FIJO,0,15:00,54,14.814814814814813,0.6920715615190152,-2.0526851851851853,-110.84500000000001,-11.084500000000002,20.24262881541746,210.495,-3.573945545495163,-4.815833756419679,-6.8995337153851635,38.88888888888889,20,2,2.7,ok
30,20,1,TP_FIJO,0,12:00,18,55.55555555555556,0.8093080724876439,-0.7716666666666671,-13.890000000000008,-1.389000000000001,4.733966342067549,48.7349999999999,-1.4806280651022499,-1.8702837812484463,-3.696984459833805,55.55555555555556,4,5,0.9,ok
30,20,1,TP_FIJO,0,14:00,18,55.55555555555556,0.8093080724876439,-0.7716666666666671,-13.890000000000008,-1.389000000000001,4.733966342067549,48.7349999999999,-1.4806280651022499,-1.8702837812484463,-3.696984459833805,55.55555555555556,4,5,0.9,ok
30,20,1,TP_FIJO,0,15:00,18,55.55555555555556,0.8093080724876439,-0.7716666666666671,-13.890000000000008,-1.389000000000001,4.733966342067549,48.7349999999999,-1.4806280651022499,-1.8702837812484463,-3.696984459833805,55.55555555555556,4,5,0.9,ok
30,20,2,TP_FIJO,0,12:00,35,57.14285714285714,0.8632619439868201,-0.533571428571429,-18.675000000000015,-1.8675000000000015,6.563532736242165,68.5200000000001,-1.4827351959615074,-1.963915220616381,-3.5850358253064782,33.33333333333333,3,8,1.75,ok
30,20,2,TP_FIJO,0,14:00,36,55.55555555555556,0.8093080724876439,-0.771666666666667,-27.780000000000012,-2.7780000000000014,7.435700943531789,77.62500000000011,-2.2786914429107674,-2.960817732399042,-4.70739749565217,27.77777777777778,4,8,1.8,ok
30,20,2,TP_FIJO,0,15:00,36,55.55555555555556,0.8093080724876439,-0.771666666666667,-27.780000000000012,-2.7780000000000014,7.435700943531789,77.62500000000011,-2.2786914429107674,-2.960817732399042,-4.70739749565217,27.77777777777778,4,8,1.8,ok
30,20,3,TP_FIJO,0,12:00,52,53.84615384615385,0.755354200988468,-1.0280769230769238,-53.460000000000036,-5.346000000000004,10.645152039460468,111.3599999999999,-3.1876351273608505,-3.8242518285642624,-6.327725498922423,55.55555555555556,4,6,2.6,ok
30,20,3,TP_FIJO,0,14:00,54,51.85185185185185,0.6972500316816628,-1.327222222222223,-71.67000000000004,-7.167000000000004,12.385886761430436,129.56999999999994,-4.324565203453555,-5.019946513875411,-7.290895011345227,50.0,6,6,2.7,ok
30,20,3,TP_FIJO,0,15:00,54,51.85185185185185,0.6972500316816628,-1.327222222222223,-71.67000000000004,-7.167000000000004,12.385886761430436,129.56999999999994,-4.324565203453555,-5.019946513875411,-7.290895011345227,50.0,6,6,2.7,ok
30,30,1,TP_FIJO,0,12:00,18,55.55555555555556,1.2211696869851727,0.8949999999999996,16.109999999999992,1.6109999999999993,4.378754876851998,45.7349999999999,1.5505333296428454,2.358466310672143,4.635701374221063,55.55555555555556,4,5,0.9,ok
30,30,1,TP_FIJO,0,14:00,18,55.55555555555556,1.2211696869851727,0.8949999999999996,16.109999999999992,1.6109999999999993,4.378754876851998,45.7349999999999,1.5505333296428454,2.358466310672143,4.635701374221063,55.55555555555556,4,5,0.9,ok
30,30,1,TP_FIJO,0,15:00,18,55.55555555555556,1.2211696869851727,0.8949999999999996,16.109999999999992,1.6109999999999993,4.378754876851998,45.7349999999999,1.5505333296428454,2.358466310672143,4.635701374221063,55.55555555555556,4,5,0.9,ok
30,30,2,TP_FIJO,0,12:00,35,51.42857142857142,1.0344025583874408,0.15214285714285672,5.324999999999985,0.5324999999999985,5.367776247685084,56.520000000000095,0.4508601644418459,0.662463270494422,1.2499589570063638,27.77777777777778,5,6,1.75,ok
30,30,2,TP_FIJO,0,14:00,36,50.0,0.9769357495881386,-0.10500000000000043,-3.7800000000000153,-0.37800000000000156,6.232489671874268,65.62500000000011,-0.17629961594655819,-0.254926969263925,-0.7641889920000019,22.22222222222222,5,6,1.8,ok
30,30,2,TP_FIJO,0,15:00,36,50.0,0.9769357495881386,-0.10500000000000043,-3.7800000000000153,-0.37800000000000156,6.232489671874268,65.62500000000011,-0.17629961594655819,-0.254926969263925,-0.7641889920000019,22.22222222222222,5,6,1.8,ok
30,30,3,TP_FIJO,0,12:00,52,50.0,0.9769357495881384,-0.10500000000000043,-5.460000000000022,-0.5460000000000023,8.724336750427518,93.3599999999999,-0.1655182926848572,-0.22761633515716337,-0.7885527802056596,55.55555555555556,5,4,2.6,ok
30,30,3,TP_FIJO,0,14:00,54,48.148148148148145,0.9071546246175572,-0.43833333333333385,-23.670000000000027,-2.3670000000000027,10.426030968778905,111.56999999999994,-1.1146773502355927,-1.501930781332411,-2.8605516413014302,50.0,6,4,2.7,ok
30,30,3,TP_FIJO,0,15:00,54,48.148148148148145,0.9071546246175572,-0.43833333333333385,-23.670000000000027,-2.3670000000000027,10.426030968778905,111.56999999999994,-1.1146773502355927,-1.501930781332411,-2.8605516413014302,50.0,6,4,2.7,ok
30,40,1,TP_FIJO,0,12:00,18,50.0,1.3064250411861613,1.3949999999999994,25.10999999999999,2.510999999999999,4.9485480822466945,51.83999999999992,2.03837571165881,3.438418251895817,6.393511687500006,50.0,5,4,0.9,ok
30,40,1,TP_FIJO,0,14:00,18,50.0,1.3064250411861613,1.3949999999999994,25.10999999999999,2.510999999999999,4.9485480822466945,51.83999999999992,2.03837571165881,3.438418251895817,6.393511687500006,50.0,5,4,0.9,ok
30,40,1,TP_FIJO,0,15:00,18,50.0,1.3064250411861613,1.3949999999999994,25.10999999999999,2.510999999999999,4.9485480822466945,51.83999999999992,2.03837571165881,3.438418251895817,6.393511687500006,50.0,5,4,0.9,ok
30,40,2,TP_FIJO,0,12:00,35,42.857142857142854,0.9798187808896215,-0.10500000000000043,-3.675000000000015,-0.3675000000000015,7.850658969197469,82.68000000000006,-0.09935617626354475,-0.14356507667199622,-0.589823098693761,66.66666666666666,9,4,1.75,ok
30,40,2,TP_FIJO,0,14:00,36,41.66666666666667,0.9331607437044015,-0.3550000000000004,-12.780000000000015,-1.2780000000000016,7.850658969197469,82.68000000000006,-0.6279963933405388,-0.8900441796096407,-2.0511399187227877,66.66666666666666,9,4,1.8,ok
30,40,2,TP_FIJO,0,15:00,36,41.66666666666667,0.9331607437044015,-0.3550000000000004,-12.780000000000015,-1.2780000000000016,7.850658969197469,82.68000000000006,-0.6279963933405388,-0.8900441796096407,-2.0511399187227877,66.66666666666666,9,4,1.8,ok
30,40,3,TP_FIJO,0,12:00,52,44.230769230769226,1.03613020507868,0.18346153846153795,9.539999999999974,0.9539999999999974,8.733009004115775,93.25500000000011,0.5827973500601312,0.8752088426949154,1.376432795882253,44.44444444444444,5,4,2.6,ok
30,40,3,TP_FIJO,0,14:00,54,42.592592592592595,0.9692830950736038,-0.16055555555555598,-8.670000000000023,-0.8670000000000023,9.393217180396036,100.30500000000006,-0.3003170251817517,-0.442364559001586,-1.1629881211305544,38.88888888888889,6,4,2.7,ok
30,40,3,TP_FIJO,0,15:00,54,42.592592592592595,0.9692830950736038,-0.16055555555555598,-8.670000000000023,-0.8670000000000023,9.393217180396036,100.30500000000006,-0.3003170251817517,-0.442364559001586,-1.1629881211305544,38.88888888888889,6,4,2.7,ok
30,60,1,TP_FIJO,0,12:00,18,27.77777777777778,0.7559244709162335,-1.6050000000000004,-28.890000000000008,-2.8890000000000007,7.8367823400731655,82.57499999999993,-1.905832290620743,-3.0696764805593775,-4.64494207193461,27.77777777777778,6,3,0.9,ok
30,60,1,TP_FIJO,0,14:00,18,27.77777777777778,0.7559244709162335,-1.6050000000000004,-28.890000000000008,-2.8890000000000007,7.8367823400731655,82.57499999999993,-1.905832290620743,-3.0696764805593775,-4.64494207193461,27.77777777777778,6,3,0.9,ok
30,60,1,TP_FIJO,0,15:00,18,27.77777777777778,0.7559244709162335,-1.6050000000000004,-28.890000000000008,-2.8890000000000007,7.8367823400731655,82.57499999999993,-1.905832290620743,-3.0696764805593775,-4.64494207193461,27.77777777777778,6,3,0.9,ok
30,60,2,TP_FIJO,0,12:00,35,25.71428571428571,0.6803320238246103,-2.162142857142858,-75.67500000000003,-7.567500000000002,13.949514415637426,146.93999999999994,-3.8656118828963986,-4.835546644081238,-6.8353992231523115,44.44444444444444,11,2,1.75,ok
30,60,2,TP_FIJO,0,14:00,36,25.0,0.6308702991844124,-2.5206944444444455,-90.74500000000003,-9.074500000000004,14.813883061032683,156.04499999999996,-4.660581604179792,-5.6195856630592935,-7.718347682976069,44.44444444444444,11,2,1.8,ok
30,60,2,TP_FIJO,0,15:00,36,25.0,0.6308702991844124,-2.5206944444444455,-90.74500000000003,-9.074500000000004,14.813883061032683,156.04499999999996,-4.660581604179792,-5.6195856630592935,-7.718347682976069,44.44444444444444,11,2,1.8,ok
30,60,3,TP_FIJO,0,12:00,52,26.923076923076923,0.7068556894707939,-1.9504807692307697,-101.42500000000003,-10.142500000000004,15.667131129020126,166.4100000000002,-5.220380792485464,-5.9038186425911645,-8.156917750135202,11.11111111111111,7,3,2.6,ok
30,60,3,TP_FIJO,0,14:00,54,25.925925925925924,0.6887311846125685,-2.046851851851852,-110.53,-11.053,16.810085109588023,178.55000000000018,-5.470181104773155,-6.056507751006244,-8.284776614281709,11.11111111111111,7,3,2.7,ok
30,60,3,TP_FIJO,0,15:00,54,25.925925925925924,0.6887311846125685,-2.046851851851852,-110.53,-11.053,16.810085109588023,178.55000000000018,-5.470181104773155,-6.056507751006244,-8.284776614281709,11.11111111111111,7,3,2.7,ok
30,80,1,TP_FIJO,0,12:00,18,22.22222222222222,0.7498234878795009,-1.7716666666666672,-31.890000000000008,-3.189000000000001,6.79464900330706,70.57499999999993,-1.8185829868906598,-3.2150793969317446,-5.913682955579178,22.22222222222222,6,1,0.9,ok
30,80,1,TP_FIJO,0,14:00,18,22.22222222222222,0.7498234878795009,-1.7716666666666672,-31.890000000000008,-3.189000000000001,6.79464900330706,70.57499999999993,-1.8185829868906598,-3.2150793969317446,-5.913682955579178,22.22222222222222,6,1,0.9,ok
30,80,1,TP_FIJO,0,15:00,18,22.22222222222222,0.7498234878795009,-1.7716666666666672,-31.890000000000008,-3.189000000000001,6.79464900330706,70.57499999999993,-1.8185829868906598,-3.2150793969317446,-5.913682955579178,22.22222222222222,6,1,0.9,ok
30,80,2,TP_FIJO,0,12:00,35,20.0,0.6323812548381336,-2.6458571428571434,-92.60500000000002,-9.260500000000002,12.93394342193292,132.43000000000006,-4.731864890070376,-5.546288513728475,-9.021401763837495,38.88888888888889,12,2,1.75,ok
30,80,2,TP_FIJO,0,14:00,36,19.444444444444446,0.6175016959007658,-2.7409722222222226,-98.67500000000001,-9.867500000000001,13.526777648098681,138.5,-5.004811547252948,-5.797459345463758,-9.19143518393502,38.88888888888889,12,2,1.8,ok
30,80,2,TP_FIJO,0,15:00,36,19.444444444444446,0.6175016959007658,-2.7409722222222226,-98.67500000000001,-9.867500000000001,13.526777648098681,138.5,-5.004811547252948,-5.797459345463758,-9.19143518393502,38.88888888888889,12,2,1.8,ok
30,80,3,TP_FIJO,0,12:00,52,21.153846153846153,0.6836625918901333,-2.197115384615385,-114.25000000000003,-11.425000000000002,14.455095493190232,148.0050000000001,-6.304887205974738,-6.205353335495339,-9.958771982365455,55.55555555555556,7,1,2.6,ok
30,80,3,TP_FIJO,0,14:00,54,20.37037037037037,0.661429662072568,-2.340555555555556,-126.39000000000001,-12.639,15.640763945521757,160.14499999999998,-6.78429144405612,-6.582667152005135,-10.181817240813013,55.55555555555556,7,1,2.7,ok
30,80,3,TP_FIJO,0,15:00,54,20.37037037037037,0.661429662072568,-2.340555555555556,-126.39000000000001,-12.639,15.640763945521757,160.14499999999998,-6.78429144405612,-6.582667152005135,-10.181817240813013,55.55555555555556,7,1,2.7,ok
30,100,1,TP_FIJO,0,12:00,18,11.11111111111111,0.41042009884678743,-4.771666666666667,-85.89000000000001,-8.589,12.998662777140622,136.57499999999993,-5.852066759187429,-8.49263144818833,-8.325579473476115,11.11111111111111,15,1,0.9,ok
30,100,1,TP_FIJO,0,14:00,18,11.11111111111111,0.41042009884678743,-4.771666666666667,-85.89000000000001,-8.589,12.998662777140622,136.57499999999993,-5.852066759187429,-8.49263144818833,-8.325579473476115,11.11111111111111,15,1,0.9,ok
30,100,1,TP_FIJO,0,15:00,18,11.11111111111111,0.41042009884678743,-4.771666666666667,-85.89000000000001,-8.589,12.998662777140622,136.57499999999993,-5.852066759187429,-8.49263144818833,-8.325579473476115,11.11111111111111,15,1,0.9,ok
30,100,2,TP_FIJO,0,12:00,35,17.142857142857142,0.6490364353856174,-2.617285714285715,-91.60500000000002,-9.160500000000003,13.948037482747766,144.01,-4.133089438931193,-5.250644396672185,-8.275164168634126,33.33333333333333,12,1,1.75,ok
30,100,2,TP_FIJO,0,14:00,36,16.666666666666664,0.6342856073086716,-2.713194444444445,-97.67500000000001,-9.767500000000002,14.535945180270705,150.07999999999993,-4.385483893579307,-5.502664557559751,-8.466632095382465,33.33333333333333,13,1,1.8,ok
30,100,2,TP_FIJO,0,15:00,36,16.666666666666664,0.6342856073086716,-2.713194444444445,-97.67500000000001,-9.767500000000002,14.535945180270705,150.07999999999993,-4.385483893579307,-5.502664557559751,-8.466632095382465,33.33333333333333,13,1,1.8,ok
30,100,3,TP_FIJO,0,12:00,51,17.647058823529413,0.6325740973051402,-2.3833333333333337,-121.55000000000001,-12.155000000000001,18.5751945586686,191.30499999999995,-4.969912194995889,-5.730520692968767,-8.245028040824863,44.44444444444444,16,2,2.55,ok
30,100,3,TP_FIJO,0,14:00,54,16.666666666666664,0.5760282089077721,-2.7164814814814813,-146.69,-14.668999999999999,21.016220100107287,216.44499999999994,-6.320839357946631,-6.982175695313858,-8.794607171013423,44.44444444444444,16,2,2.7,ok
30,100,3,TP_FIJO,0,15:00,54,16.666666666666664,0.5760282089077721,-2.7164814814814813,-146.69,-14.668999999999999,21.016220100107287,216.44499999999994,-6.320839357946631,-6.982175695313858,-8.794607171013423,44.44444444444444,16,2,2.7,ok
40,20,1,TP_FIJO,0,12:00,18,66.66666666666666,0.9739776951672863,-0.07000000000000009,-1.2600000000000016,-0.12600000000000017,3.5581000019539335,36.42000000000007,-0.14158675685815672,-0.1767082038514653,-0.4461931927512353,66.66666666666666,3,6,0.9,ok
40,20,1,TP_FIJO,0,14:00,18,66.66666666666666,0.9739776951672863,-0.07000000000000009,-1.2600000000000016,-0.12600000000000017,3.5581000019539335,36.42000000000007,-0.14158675685815672,-0.1767082038514653,-0.4461931927512353,66.66666666666666,3,6,0.9,ok
40,20,1,TP_FIJO,0,15:00,18,66.66666666666666,0.9739776951672863,-0.07000000000000009,-1.2600000000000016,-0.12600000000000017,3.5581000019539335,36.42000000000007,-0.14158675685815672,-0.1767082038514653,-0.4461931927512353,66.66666666666666,3,6,0.9,ok
40,20,2,TP_FIJO,0,12:00,35,68.57142857142857,1.0625211220006763,0.15857142857142845,5.549999999999995,0.5549999999999995,4.71811120986128,48.84000000000003,0.6290411774942928,0.8682623421117506,1.482160909090907,50.0,3,10,1.75,ok
40,20,2,TP_FIJO,0,14:00,36,66.66666666666666,0.9739776951672866,-0.07000000000000015,-2.5200000000000053,-0.25200000000000056,4.71811120986128,48.84000000000003,-0.2013267320068654,-0.27462964016770547,-0.6729811695331707,44.44444444444444,3,10,1.8,ok
40,20,2,TP_FIJO,0,15:00,36,66.66666666666666,0.9739776951672866,-0.07000000000000015,-2.5200000000000053,-0.25200000000000056,4.71811120986128,48.84000000000003,-0.2013267320068654,-0.27462964016770547,-0.6729811695331707,44.44444444444444,3,10,1.8,ok
40,20,3,TP_FIJO,0,12:00,52,63.46153846153846,0.8458227352768539,-0.45461538461538475,-23.640000000000008,-2.3640000000000008,7.120629336838245,73.68000000000006,-1.9208669072620699,-2.3866842086879134,-4.183113400651464,27.77777777777778,3,6,2.6,ok
40,20,3,TP_FIJO,0,14:00,54,61.111111111111114,0.7652681890600107,-0.7366666666666668,-39.78000000000001,-3.978000000000001,7.961420260161972,82.38,-3.222029355048708,-3.8553213828612756,-6.295710860888567,22.22222222222222,3,6,2.7,ok
40,20,3,TP_FIJO,0,15:00,54,61.111111111111114,0.7652681890600107,-0.7366666666666668,-39.78000000000001,-3.978000000000001,7.961420260161972,82.38,-3.222029355048708,-3.8553213828612756,-6.295710860888567,22.22222222222222,3,6,2.7,ok
40,30,1,TP_FIJO,0,12:00,18,61.111111111111114,1.1547176491414408,0.4855555555555553,8.739999999999995,0.8739999999999994,3.323741285076958,34.41999999999996,1.1073980957227916,1.5469368544729154,3.3132542684485777,61.111111111111114,3,6,0.9,ok
40,30,1,TP_FIJO,0,14:00,18,61.111111111111114,1.1547176491414408,0.4855555555555553,8.739999999999995,0.8739999999999994,3.323741285076958,34.41999999999996,1.1073980957227916,1.5469368544729154,3.3132542684485777,61.111111111111114,3,6,0.9,ok
40,30,1,TP_FIJO,0,15:00,18,61.111111111111114,1.1547176491414408,0.4855555555555553,8.739999999999995,0.8739999999999994,3.323741285076958,34.41999999999996,1.1073980957227916,1.5469368544729154,3.3132542684485777,61.111111111111114,3,6,0.9,ok
40,30,2,TP_FIJO,0,12:00,35,60.0,1.102230483271376,0.32999999999999974,11.54999999999999,1.1549999999999991,5.257103416542059,54.840000000000146,1.0512955734039289,1.5636984775283245,2.7682544638949578,38.88888888888889,5,8,1.75,ok
40,30,2,TP_FIJO,0,14:00,36,58.333333333333336,1.0287484510532845,0.09666666666666639,3.4799999999999898,0.347999999999999,5.257103416542059,54.840000000000146,0.36851220329290385,0.5426309706492259,0.8340714748358815,33.33333333333333,5,8,1.8,ok
40,30,2,TP_FIJO,0,15:00,36,58.333333333333336,1.0287484510532845,0.09666666666666639,3.4799999999999898,0.347999999999999,5.257103416542059,54.840000000000146,0.36851220329290385,0.5426309706492259,0.8340714748358815,33.33333333333333,5,8,1.8,ok
40,30,3,TP_FIJO,0,12:00,52,55.769230769230774,0.9265125801411566,-0.2623076923076926,-13.640000000000015,-1.3640000000000014,7.773569103679318,81.68000000000006,-0.8230163232440967,-1.086238625328172,-2.2108763388834483,61.111111111111114,5,6,2.6,ok
40,30,3,TP_FIJO,0,14:00,54,53.70370370370371,0.8523915737298638,-0.5514814814814818,-29.780000000000015,-2.9780000000000015,8.791899042579516,92.38,-1.9035913376476967,-2.4499012959127495,-4.267883402468068,55.55555555555556,5,6,2.7,ok
40,30,3,TP_FIJO,0,15:00,54,53.70370370370371,0.8523915737298638,-0.5514814814814818,-29.780000000000015,-2.9780000000000015,8.791899042579516,92.38,-1.9035913376476967,-2.4499012959127495,-4.267883402468068,55.55555555555556,5,6,2.7,ok
40,40,1,TP_FIJO,0,12:00,18,55.55555555555556,1.2283147459727386,0.8188888888888886,14.739999999999995,1.4739999999999995,3.155895010274111,32.56000000000006,1.5837401906731763,2.4144321975008696,5.884986648648637,55.55555555555556,3,4,0.9,ok
40,40,1,TP_FIJO,0,14:00,18,55.55555555555556,1.2283147459727386,0.8188888888888886,14.739999999999995,1.4739999999999995,3.155895010274111,32.56000000000006,1.5837401906731763,2.4144321975008696,5.884986648648637,55.55555555555556,3,4,0.9,ok
40,40,1,TP_FIJO,0,15:00,18,55.55555555555556,1.2283147459727386,0.8188888888888886,14.739999999999995,1.4739999999999995,3.155895010274111,32.56000000000006,1.5837401906731763,2.4144321975008696,5.884986648648637,55.55555555555556,3,4,0.9,ok
40,40,2,TP_FIJO,0,12:00,35,51.42857142857142,1.0404548436474963,0.15857142857142828,5.54999999999999,0.5549999999999989,6.313503451485314,65.12000000000012,0.4959736030066338,0.7297123207621035,1.1076259090909049,27.77777777777778,6,4,1.75,ok
40,40,2,TP_FIJO,0,14:00,36,50.0,0.9826517967781909,-0.07000000000000028,-2.5200000000000102,-0.252000000000001,6.313503451485314,65.12000000000012,-0.11417560120758577,-0.165539405603225,-0.5029220343980355,22.22222222222222,6,4,1.8,ok
40,40,2,TP_FIJO,0,15:00,36,50.0,0.9826517967781909,-0.07000000000000028,-2.5200000000000102,-0.252000000000001,6.313503451485314,65.12000000000012,-0.11417560120758577,-0.165539405603225,-0.5029220343980355,22.22222222222222,6,4,1.8,ok
40,40,3,TP_FIJO,0,12:00,51,49.01960784313725,0.9448574969021066,-0.2268627450980395,-11.570000000000014,-1.1570000000000014,7.900079866824478,82.10000000000002,-0.6864976565261202,-0.9188270049613003,-1.8453231164433637,50.0,6,4,2.55,ok
40,40,3,TP_FIJO,0,14:00,54,46.2962962962963,0.8471136179122336,-0.6625925925925928,-35.780000000000015,-3.578000000000001,8.743973903755666,90.87,-2.3130686157810114,-2.9789610049870396,-5.155870831297459,44.44444444444444,7,4,2.7,ok
40,40,3,TP_FIJO,0,15:00,54,46.2962962962963,0.8471136179122336,-0.6625925925925928,-35.780000000000015,-3.578000000000001,8.743973903755666,90.87,-2.3130686157810114,-2.9789610049870396,-5.155870831297459,44.44444444444444,7,4,2.7,ok
40,60,1,TP_FIJO,0,12:00,18,33.33333333333333,0.7391573729863694,-1.4033333333333335,-25.260000000000005,-2.5260000000000007,5.894051883103714,61.049999999999955,-2.1638500547629755,-3.18461180272179,-5.3999524658476705,33.33333333333333,4,3,0.9,ok
40,60,1,TP_FIJO,0,14:00,18,33.33333333333333,0.7391573729863694,-1.4033333333333335,-25.260000000000005,-2.5260000000000007,5.894051883103714,61.049999999999955,-2.1638500547629755,-3.18461180272179,-5.3999524658476705,33.33333333333333,4,3,0.9,ok
40,60,1,TP_FIJO,0,15:00,18,33.33333333333333,0.7391573729863694,-1.4033333333333335,-25.260000000000005,-2.5260000000000007,5.894051883103714,61.049999999999955,-2.1638500547629755,-3.18461180272179,-5.3999524658476705,33.33333333333333,4,3,0.9,ok
40,60,2,TP_FIJO,0,12:00,35,42.857142857142854,1.1087360594795543,0.5014285714285711,17.54999999999999,1.754999999999999,4.305188082365128,44.91000000000008,1.3402888032596099,2.0403786054881348,5.136360961923837,72.22222222222221,5,2,1.75,ok
40,60,2,TP_FIJO,0,14:00,36,41.66666666666667,1.0559391042662423,0.26333333333333303,9.47999999999999,0.9479999999999991,4.742321408029462,49.47000000000014,0.7401833126239504,1.0812367561228484,2.5187664378411063,72.22222222222221,5,2,1.8,ok
40,60,2,TP_FIJO,0,15:00,36,41.66666666666667,1.0559391042662423,0.26333333333333303,9.47999999999999,0.9479999999999991,4.742321408029462,49.47000000000014,0.7401833126239504,1.0812367561228484,2.5187664378411063,72.22222222222221,5,2,1.8,ok
40,60,3,TP_FIJO,0,12:00,50,40.0,0.985543163981826,-0.07000000000000028,-3.500000000000014,-0.3500000000000014,7.779194579780765,81.75000000000011,-0.13221623224356893,-0.20031634380608396,-0.5668967339449557,33.33333333333333,5,3,2.5,ok
40,60,3,TP_FIJO,0,14:00,54,38.88888888888889,0.9407457474371973,-0.2922222222222225,-15.780000000000015,-1.5780000000000016,9.639540463488295,102.44999999999993,-0.8545910936516177,-1.1766950321918568,-2.0626294453879974,33.33333333333333,6,3,2.7,ok
40,60,3,TP_FIJO,0,15:00,54,38.88888888888889,0.9407457474371973,-0.2922222222222225,-15.780000000000015,-1.5780000000000016,9.639540463488295,102.44999999999993,-0.8545910936516177,-1.1766950321918568,-2.0626294453879974,33.33333333333333,6,3,2.7,ok
40,80,1,TP_FIJO,0,12:00,18,27.77777777777778,0.7592221904489566,-1.4033333333333335,-25.260000000000005,-2.5260000000000007,4.791021596225784,49.049999999999955,-1.8662589148570874,-3.0167986377151403,-6.643176066055053,27.77777777777778,4,1,0.9,ok
40,80,1,TP_FIJO,0,14:00,18,27.77777777777778,0.7592221904489566,-1.4033333333333335,-25.260000000000005,-2.5260000000000007,4.791021596225784,49.049999999999955,-1.8662589148570874,-3.0167986377151403,-6.643176066055053,27.77777777777778,4,1,0.9,ok
40,80,1,TP_FIJO,0,15:00,18,27.77777777777778,0.7592221904489566,-1.4033333333333335,-25.260000000000005,-2.5260000000000007,4.791021596225784,49.049999999999955,-1.8662589148570874,-3.0167986377151403,-6.643176066055053,27.77777777777778,4,1,0.9,ok
40,80,2,TP_FIJO,0,12:00,35,34.285714285714285,1.0299014061742366,0.15857142857142828,5.54999999999999,0.5549999999999989,3.943664724969704,40.35000000000002,0.434868116391274,0.636910291812871,1.77322376208178,61.111111111111114,5,2,1.75,ok
40,80,2,TP_FIJO,0,14:00,36,33.33333333333333,0.9869888475836432,-0.07000000000000028,-2.5200000000000102,-0.252000000000001,4.066812619727121,41.610000000000014,-0.04789944331937453,-0.0682422564560958,-0.7807588637346821,61.111111111111114,5,2,1.8,ok
40,80,2,TP_FIJO,0,15:00,36,33.33333333333333,0.9869888475836432,-0.07000000000000028,-2.5200000000000102,-0.252000000000001,4.066812619727121,41.610000000000014,-0.04789944331937453,-0.0682422564560958,-0.7807588637346821,61.111111111111114,5,2,1.8,ok
40,80,3,TP_FIJO,0,12:00,50,34.0,1.0168976005407233,0.08999999999999972,4.499999999999986,0.44999999999999857,5.787800340574642,58.799999999999955,0.3526124825281107,0.5448605071730451,0.9796467857142833,22.22222222222222,5,3,2.5,ok
40,80,3,TP_FIJO,0,14:00,54,31.48148148148148,0.906962724806591,-0.5144444444444447,-27.780000000000015,-2.778000000000002,8.212179973029633,83.42999999999995,-1.3848090646981908,-1.8817577077941516,-4.262303080906154,16.666666666666664,6,3,2.7,ok
40,80,3,TP_FIJO,0,15:00,54,31.48148148148148,0.906962724806591,-0.5144444444444447,-27.780000000000015,-2.778000000000002,8.212179973029633,83.42999999999995,-1.3848090646981908,-1.8817577077941516,-4.262303080906154,16.666666666666664,6,3,2.7,ok
40,100,1,TP_FIJO,0,12:00,18,22.22222222222222,0.70561161267481,-1.847777777777778,-33.260000000000005,-3.3260000000000005,6.647482570153916,68.83999999999992,-2.3054906331023464,-3.8814278544933356,-6.304281291109828,22.22222222222222,8,1,0.9,ok
40,100,1,TP_FIJO,0,14:00,18,22.22222222222222,0.70561161267481,-1.847777777777778,-33.260000000000005,-3.3260000000000005,6.647482570153916,68.83999999999992,-2.3054906331023464,-3.8814278544933356,-6.304281291109828,22.22222222222222,8,1,0.9,ok
40,100,1,TP_FIJO,0,15:00,18,22.22222222222222,0.70561161267481,-1.847777777777778,-33.260000000000005,-3.3260000000000005,6.647482570153916,68.83999999999992,-2.3054906331023464,-3.8814278544933356,-6.304281291109828,22.22222222222222,8,1,0.9,ok
40,100,2,TP_FIJO,0,12:00,34,29.411764705882355,1.029016935150764,0.16529411764705854,5.61999999999999,0.5619999999999991,6.528026703839629,68.84000000000003,0.3964545689260007,0.6349978902425587,1.084738209761764,50.0,7,2,1.7,ok
40,100,2,TP_FIJO,0,14:00,36,30.555555555555557,1.086641883519207,0.4855555555555553,17.47999999999999,1.7479999999999989,7.15801425832512,76.91000000000008,0.8960239204911385,1.5516986489447155,3.0769427393056765,50.0,7,3,1.8,ok
40,100,2,TP_FIJO,0,15:00,36,30.555555555555557,1.086641883519207,0.4855555555555553,17.47999999999999,1.7479999999999989,7.15801425832512,76.91000000000008,0.8960239204911385,1.5516986489447155,3.0769427393056765,50.0,7,3,1.8,ok
40,100,3,TP_FIJO,0,12:00,48,31.25,1.1225639292553793,0.6799999999999997,32.639999999999986,3.263999999999999,5.922771042064635,60.76999999999998,1.447813096219641,2.332205284549356,6.94377677406615,66.66666666666666,6,2,2.4,ok
40,100,3,TP_FIJO,0,14:00,54,29.629629629629626,1.0398486923628776,0.22629629629629602,12.219999999999985,1.2219999999999984,6.425931191356267,65.53999999999996,0.626060536399832,0.9618302412576839,2.396104088495573,66.66666666666666,6,2,2.7,ok
40,100,3,TP_FIJO,0,15:00,54,29.629629629629626,1.0398486923628776,0.22629629629629602,12.219999999999985,1.2219999999999984,6.425931191356267,65.53999999999996,0.626060536399832,0.9618302412576839,2.396104088495573,66.66666666666666,6,2,2.7,ok
50,20,1,TP_FIJO,0,12:00,18,66.66666666666666,0.7805362462760677,-0.5525,-9.945,-0.9945,3.743234529787613,38.315000000000055,-1.5348199977900217,-1.7913503977443153,-3.347559416938531,66.66666666666666,3,6,0.9,ok
50,20,1,TP_FIJO,0,14:00,18,66.66666666666666,0.7805362462760677,-0.5525,-9.945,-0.9945,3.743234529787613,38.315000000000055,-1.5348199977900217,-1.7913503977443153,-3.347559416938531,66.66666666666666,3,6,0.9,ok
50,20,1,TP_FIJO,0,15:00,18,66.66666666666666,0.7805362462760677,-0.5525,-9.945,-0.9945,3.743234529787613,38.315000000000055,-1.5348199977900217,-1.7913503977443153,-3.347559416938531,66.66666666666666,3,6,0.9,ok
50,20,2,TP_FIJO,0,12:00,35,74.28571428571429,0.9973518702416421,-0.0068571428571428065,-0.23999999999999821,-0.02399999999999982,5.066083502043629,53.05000000000007,0.045625870504184006,0.05783143192313097,-0.059691080867105985,61.111111111111114,3,12,1.75,ok
50,20,2,TP_FIJO,0,14:00,36,72.22222222222221,0.903778811477552,-0.2556944444444446,-9.205000000000005,-0.9205000000000005,5.570304442492077,58.33000000000004,-0.7748189246031266,-0.9625946024119946,-2.08216626572947,55.55555555555556,3,12,1.8,ok
50,20,2,TP_FIJO,0,15:00,36,72.22222222222221,0.903778811477552,-0.2556944444444446,-9.205000000000005,-0.9205000000000005,5.570304442492077,58.33000000000004,-0.7748189246031266,-0.9625946024119946,-2.08216626572947,55.55555555555556,3,12,1.8,ok
50,20,3,TP_FIJO,0,12:00,52,67.3076923076923,0.8555878084179971,-0.3635576923076924,-18.905000000000005,-1.8905000000000005,6.453670138289502,67.29499999999996,-1.6913054504832346,-2.237862189402322,-3.690969555241849,33.33333333333333,3,8,2.6,ok
50,20,3,TP_FIJO,0,14:00,54,66.66666666666666,0.8383537460002207,-0.40694444444444455,-21.975000000000005,-2.1975000000000007,6.583136735907319,68.64499999999998,-1.9863102379082125,-2.6178537625106246,-4.205973703838593,27.77777777777778,3,8,2.7,ok
50,20,3,TP_FIJO,0,15:00,54,66.66666666666666,0.8383537460002207,-0.40694444444444455,-21.975000000000005,-2.1975000000000007,6.583136735907319,68.64499999999998,-1.9863102379082125,-2.6178537625106246,-4.205973703838593,27.77777777777778,3,8,2.7,ok
50,30,1,TP_FIJO,0,12:00,18,61.111111111111114,0.86066763425254,-0.5066666666666669,-9.120000000000005,-0.9120000000000005,4.316421715367228,44.69999999999993,-0.9962875528594998,-1.2451564995058182,-2.662205122147656,61.111111111111114,3,6,0.9,ok
50,30,1,TP_FIJO,0,14:00,18,61.111111111111114,0.86066763425254,-0.5066666666666669,-9.120000000000005,-0.9120000000000005,4.316421715367228,44.69999999999993,-0.9962875528594998,-1.2451564995058182,-2.662205122147656,61.111111111111114,3,6,0.9,ok
50,30,1,TP_FIJO,0,15:00,18,61.111111111111114,0.86066763425254,-0.5066666666666669,-9.120000000000005,-0.9120000000000005,4.316421715367228,44.69999999999993,-0.9962875528594998,-1.2451564995058182,-2.662205122147656,61.111111111111114,3,6,0.9,ok
50,30,2,TP_FIJO,0,12:00,35,65.71428571428571,1.1041459781529301,0.3595714285714282,12.584999999999987,1.2584999999999986,5.386860760453405,56.840000000000146,0.9873465457594648,1.380525771579848,2.943662497536935,50.0,5,8,1.75,ok
50,30,2,TP_FIJO,0,14:00,36,63.888888888888886,0.9965625238713626,-0.012500000000000375,-0.4500000000000135,-0.04500000000000135,5.551290799499606,58.575000000000045,0.05118291340333561,0.07053905884144743,-0.1021384071702975,44.44444444444444,5,8,1.8,ok
50,30,2,TP_FIJO,0,15:00,36,63.888888888888886,0.9965625238713626,-0.012500000000000375,-0.4500000000000135,-0.04500000000000135,5.551290799499606,58.575000000000045,0.05118291340333561,0.07053905884144743,-0.1021384071702975,44.44444444444444,5,8,1.8,ok
50,30,3,TP_FIJO,0,12:00,52,59.61538461538461,0.8922391742649936,-0.3443269230769233,-17.905000000000012,-1.790500000000001,7.799365283261239,82.57500000000005,-1.1484830091533802,-1.5119535754490439,-2.892581534604905,61.111111111111114,5,6,2.6,ok
50,30,3,TP_FIJO,0,14:00,54,57.407407407407405,0.8412540785927082,-0.5180555555555558,-27.975000000000016,-2.7975000000000017,8.75049587245216,92.64499999999998,-1.8447532569134573,-2.3981039078802127,-4.02817171892709,55.55555555555556,5,6,2.7,ok
50,30,3,TP_FIJO,0,15:00,54,57.407407407407405,0.8412540785927082,-0.5180555555555558,-27.975000000000016,-2.7975000000000017,8.75049587245216,92.64499999999998,-1.8447532569134573,-2.3981039078802127,-4.02817171892709,55.55555555555556,5,6,2.7,ok
50,40,1,TP_FIJO,0,12:00,18,55.55555555555556,0.8999858135905802,-0.3916666666666669,-7.050000000000004,-0.7050000000000004,4.215290970418331,43.49000000000001,-0.691492030337165,-0.917575691729811,-2.1073278362842047,55.55555555555556,3,4,0.9,ok
50,40,1,TP_FIJO,0,14:00,18,55.55555555555556,0.8999858135905802,-0.3916666666666669,-7.050000000000004,-0.7050000000000004,4.215290970418331,43.49000000000001,-0.691492030337165,-0.917575691729811,-2.1073278362842047,55.55555555555556,3,4,0.9,ok
50,40,1,TP_FIJO,0,15:00,18,55.55555555555556,0.8999858135905802,-0.3916666666666669,-7.050000000000004,-0.7050000000000004,4.215290970418331,43.49000000000001,-0.691492030337165,-0.917575691729811,-2.1073278362842047,55.55555555555556,3,4,0.9,ok
50,40,2,TP_FIJO,0,12:00,35,57.14285714285714,0.9515475008275408,-0.1672857142857145,-5.8550000000000075,-0.5855000000000008,6.014214110805031,62.875000000000114,-0.3258534412184572,-0.4541946504353989,-1.226644057574552,38.88888888888889,5,4,1.75,ok
50,40,2,TP_FIJO,0,14:00,36,55.55555555555556,0.913485600794439,-0.3025000000000002,-10.890000000000008,-1.0890000000000006,6.014214110805031,62.875000000000114,-0.6846832558449542,-0.9502962760998352,-2.2814950959840927,33.33333333333333,5,4,1.8,ok
50,40,2,TP_FIJO,0,15:00,36,55.55555555555556,0.913485600794439,-0.3025000000000002,-10.890000000000008,-1.0890000000000006,6.014214110805031,62.875000000000114,-0.6846832558449542,-0.9502962760998352,-2.2814950959840927,33.33333333333333,5,4,1.8,ok
50,40,3,TP_FIJO,0,12:00,51,54.90196078431373,0.9545304083536458,-0.14813725490196097,-7.55500000000001,-0.7555000000000011,6.795373039201702,71.43500000000006,-0.41863729199978666,-0.5594916043238461,-1.4008502469377766,61.111111111111114,5,4,2.55,ok
50,40,3,TP_FIJO,0,14:00,54,51.85185185185185,0.8749862076575087,-0.4196296296296299,-22.660000000000014,-2.2660000000000013,7.783263415237393,81.82000000000005,-1.550595096561826,-1.9928540869185438,-3.668332738694696,55.55555555555556,6,4,2.7,ok
50,40,3,TP_FIJO,0,15:00,54,51.85185185185185,0.8749862076575087,-0.4196296296296299,-22.660000000000014,-2.2660000000000013,7.783263415237393,81.82000000000005,-1.550595096561826,-1.9928540869185438,-3.668332738694696,55.55555555555556,6,4,2.7,ok
50,60,1,TP_FIJO,0,12:00,18,33.33333333333333,0.6581705836919344,-1.7211111111111113,-30.980000000000004,-3.0980000000000003,6.446287374853974,66.76999999999998,-2.928603406674233,-4.010491354183798,-6.05539246547851,33.33333333333333,4,3,0.9,ok
50,60,1,TP_FIJO,0,14:00,18,33.33333333333333,0.6581705836919344,-1.7211111111111113,-30.980000000000004,-3.0980000000000003,6.446287374853974,66.76999999999998,-2.928603406674233,-4.010491354183798,-6.05539246547851,33.33333333333333,4,3,0.9,ok
50,60,1,TP_FIJO,0,15:00,18,33.33333333333333,0.6581705836919344,-1.7211111111111113,-30.980000000000004,-3.0980000000000003,6.446287374853974,66.76999999999998,-2.928603406674233,-4.010491354183798,-6.05539246547851,33.33333333333333,4,3,0.9,ok
50,60,2,TP_FIJO,0,12:00,35,45.714285714285715,0.9407967755125884,-0.28957142857142915,-10.13500000000002,-1.0135000000000018,6.841616437317567,72.19000000000005,-0.5229766931738292,-0.7711536307616633,-1.8665325829062223,61.111111111111114,5,3,1.75,ok
50,60,2,TP_FIJO,0,14:00,36,44.44444444444444,0.9139168676408002,-0.4213888888888894,-15.17000000000002,-1.5170000000000021,7.318795253800384,77.22500000000014,-0.8224421376859584,-1.1968744448231867,-2.6116593424409187,61.111111111111114,5,3,1.8,ok
50,60,2,TP_FIJO,0,15:00,36,44.44444444444444,0.9139168676408002,-0.4213888888888894,-15.17000000000002,-1.5170000000000021,7.318795253800384,77.22500000000014,-0.8224421376859584,-1.1968744448231867,-2.6116593424409187,61.111111111111114,5,3,1.8,ok
50,60,3,TP_FIJO,0,12:00,50,44.0,0.952916540736583,-0.21810000000000002,-10.905000000000001,-1.0905000000000002,7.717116198247218,81.71500000000015,-0.5811433699620518,-0.795292420815727,-1.7804967097840025,44.44444444444444,5,3,2.5,ok
50,60,3,TP_FIJO,0,14:00,53,43.39622641509434,0.942930101534159,-0.2656603773584906,-14.080000000000002,-1.4080000000000001,9.041753438985435,96.81999999999994,-0.7989973446036737,-1.0515387787730863,-1.9620972989051864,44.44444444444444,6,3,2.65,ok
50,60,3,TP_FIJO,0,15:00,53,43.39622641509434,0.942930101534159,-0.2656603773584906,-14.080000000000002,-1.4080000000000001,9.041753438985435,96.81999999999994,-0.7989973446036737,-1.0515387787730863,-1.9620972989051864,44.44444444444444,6,3,2.65,ok
50,80,1,TP_FIJO,0,12:00,18,27.77777777777778,0.6660743218522971,-1.7747222222222225,-31.945000000000004,-3.1945,5.2589083862633235,53.735000000000014,-2.72409631652427,-4.029911381287726,-7.653812738996928,27.77777777777778,4,1,0.9,ok
50,80,1,TP_FIJO,0,14:00,18,27.77777777777778,0.6660743218522971,-1.7747222222222225,-31.945000000000004,-3.1945,5.2589083862633235,53.735000000000014,-2.72409631652427,-4.029911381287726,-7.653812738996928,27.77777777777778,4,1,0.9,ok
50,80,1,TP_FIJO,0,15:00,18,27.77777777777778,0.6660743218522971,-1.7747222222222225,-31.945000000000004,-3.1945,5.2589083862633235,53.735000000000014,-2.72409631652427,-4.029911381287726,-7.653812738996928,27.77777777777778,4,1,0.9,ok
50,80,2,TP_FIJO,0,12:00,35,37.142857142857146,0.9108061749571186,-0.42342857142857165,-14.820000000000007,-1.4820000000000007,5.597685381969941,57.94500000000005,-0.7183771898536639,-1.0937814102071348,-3.3358788009319174,55.55555555555556,5,2,1.75,ok
50,80,2,TP_FIJO,0,14:00,36,36.11111111111111,0.8840177580466151,-0.551527777777778,-19.855000000000008,-1.9855000000000007,6.084083619923502,62.98000000000013,-0.9909464599154275,-1.4899966298173772,-4.111925733248643,55.55555555555556,5,2,1.8,ok
50,80,2,TP_FIJO,0,15:00,36,36.11111111111111,0.8840177580466151,-0.551527777777778,-19.855000000000008,-1.9855000000000007,6.084083619923502,62.98000000000013,-0.9909464599154275,-1.4899966298173772,-4.111925733248643,55.55555555555556,5,2,1.8,ok
50,80,3,TP_FIJO,0,12:00,50,40.0,0.9329310213123521,-0.26340000000000025,-13.170000000000012,-1.317000000000001,6.271684143197713,64.71499999999992,-0.6833945297031264,-0.9462369445012486,-2.645892175229859,33.33333333333333,5,3,2.5,ok
50,80,3,TP_FIJO,0,14:00,53,37.735849056603776,0.8700595829195631,-0.4937735849056605,-26.170000000000005,-2.6170000000000004,7.451592270269211,76.88999999999987,-1.7069661451007871,-2.2165328579966594,-4.425121343737815,33.33333333333333,6,3,2.65,ok
50,80,3,TP_FIJO,0,15:00,53,37.735849056603776,0.8700595829195631,-0.4937735849056605,-26.170000000000005,-2.6170000000000004,7.451592270269211,76.88999999999987,-1.7069661451007871,-2.2165328579966594,-4.425121343737815,33.33333333333333,6,3,2.65,ok
50,100,1,TP_FIJO,0,12:00,18,22.22222222222222,0.6597153260509765,-1.9988888888888892,-35.980000000000004,-3.5980000000000003,6.386739043882732,65.76999999999998,-2.6998113929861223,-4.291010183922783,-7.098270289189602,22.22222222222222,8,1,0.9,ok
50,100,1,TP_FIJO,0,14:00,18,22.22222222222222,0.6597153260509765,-1.9988888888888892,-35.980000000000004,-3.5980000000000003,6.386739043882732,65.76999999999998,-2.6998113929861223,-4.291010183922783,-7.098270289189602,22.22222222222222,8,1,0.9,ok
50,100,1,TP_FIJO,0,15:00,18,22.22222222222222,0.6597153260509765,-1.9988888888888892,-35.980000000000004,-3.5980000000000003,6.386739043882732,65.76999999999998,-2.6998113929861223,-4.291010183922783,-7.098270289189602,22.22222222222222,8,1,0.9,ok
50,100,2,TP_FIJO,0,12:00,34,35.294117647058826,1.0345535794890315,0.22514705882352914,7.6549999999999905,0.7654999999999991,5.803655727180042,61.47000000000014,0.46247297474633636,0.7497422133482055,1.661935244509511,50.0,5,2,1.7,ok
50,100,2,TP_FIJO,0,14:00,36,36.11111111111111,1.118647726782091,0.7633333333333331,27.47999999999999,2.747999999999999,6.575116369638195,70.91000000000008,1.1952337582793642,2.042932112535815,5.2660360750246715,55.55555555555556,5,3,1.8,ok
50,100,2,TP_FIJO,0,15:00,36,36.11111111111111,1.118647726782091,0.7633333333333331,27.47999999999999,2.747999999999999,6.575116369638195,70.91000000000008,1.1952337582793642,2.042932112535815,5.2660360750246715,55.55555555555556,5,3,1.8,ok
50,100,3,TP_FIJO,0,12:00,47,36.17021276595745,0.9641993226898888,-0.14957446808510663,-7.030000000000012,-0.7030000000000012,7.36397207316369,76.57499999999993,-0.2666053726007742,-0.3782091193351184,-1.202856272673852,38.88888888888889,5,2,2.35,ok
50,100,3,TP_FIJO,0,14:00,53,33.9622641509434,0.9165114621415925,-0.34254716981132066,-18.154999999999994,-1.8154999999999994,7.969822860769709,82.87499999999989,-0.9212324428552485,-1.296630807823617,-2.870239451945704,33.33333333333333,6,2,2.65,ok
50,100,3,TP_FIJO,0,15:00,53,33.9622641509434,0.9165114621415925,-0.34254716981132066,-18.154999999999994,-1.8154999999999994,7.969822860769709,82.87499999999989,-0.9212324428552485,-1.296630807823617,-2.870239451945704,33.33333333333333,6,2,2.65,ok
10,0,1,TRAILING,15,12:00,18,27.77777777777778,1.178582930756844,1.232222222222222,22.18,2.218,8.487,84.87,0.9834285340555434,2.6080857728185456,3.292895015906681,27.77777777777778,9,4,0.9,ok
10,0,1,TRAILING,15,14:00,18,27.77777777777778,1.178582930756844,1.232222222222222,22.18,2.218,8.487,84.87,0.9834285340555434,2.6080857728185456,3.292895015906681,27.77777777777778,9,4,0.9,ok
10,0,1,TRAILING,15,15:00,18,27.77777777777778,1.178582930756844,1.232222222222222,22.18,2.218,8.487,84.87,0.9834285340555434,2.6080857728185456,3.292895015906681,27.77777777777778,9,4,0.9,ok
10,0,2,TRAILING,15,12:00,35,31.428571428571427,1.0970157057113579,0.6627142857142855,23.194999999999993,2.3194999999999992,5.633796081544436,58.905000000000086,1.0103561174943165,1.8071264783170369,5.187567951871649,44.44444444444444,5,2,1.75,ok
10,0,2,TRAILING,15,14:00,36,30.555555555555557,1.0514963818229197,0.3568055555555554,12.844999999999994,1.2844999999999993,5.633796081544436,58.905000000000086,0.6375384680984338,1.1210709573290079,2.872787684491973,44.44444444444444,5,2,1.8,ok
10,0,2,TRAILING,15,15:00,36,30.555555555555557,1.0514963818229197,0.3568055555555554,12.844999999999994,1.2844999999999993,5.633796081544436,58.905000000000086,0.6375384680984338,1.1210709573290079,2.872787684491973,44.44444444444444,5,2,1.8,ok
10,0,3,TRAILING,15,12:00,52,32.69230769230769,1.2351168453766361,1.6803846153846156,87.38000000000001,8.738000000000001,6.466784761385679,73.56000000000017,2.9979376526470576,5.994490385809248,17.025276712071744,61.111111111111114,5,2,2.6,ok
10,0,3,TRAILING,15,14:00,54,31.48148148148148,1.1699524653047697,1.234814814814815,66.68,6.668,7.250517580142517,82.47500000000014,2.379593962255185,4.74723397503986,11.587696888026656,55.55555555555556,7,2,2.7,ok
10,0,3,TRAILING,15,15:00,54,31.48148148148148,1.1699524653047697,1.234814814814815,66.68,6.668,7.250517580142517,82.47500000000014,2.379593962255185,4.74723397503986,11.587696888026656,55.55555555555556,7,2,2.7,ok
10,0,1,TRAILING,25,12:00,18,27.77777777777778,0.9878421900161032,-0.08388888888888858,-1.5099999999999945,-0.15099999999999944,8.487,84.87,0.06877304838651582,0.15753795914816185,-0.22417815482502568,27.77777777777778,9,4,0.9,ok
10,0,1,TRAILING,25,14:00,18,27.77777777777778,0.9878421900161032,-0.08388888888888858,-1.5099999999999945,-0.15099999999999944,8.487,84.87,0.06877304838651582,0.15753795914816185,-0.22417815482502568,27.77777777777778,9,4,0.9,ok
10,0,1,TRAILING,25,15:00,18,27.77777777777778,0.9878421900161032,-0.08388888888888858,-1.5099999999999945,-0.15099999999999944,8.487,84.87,0.06877304838651582,0.15753795914816185,-0.22417815482502568,27.77777777777778,9,4,0.9,ok
10,0,2,TRAILING,25,12:00,35,25.71428571428571,0.8290909090909091,-1.148142857142857,-40.18499999999999,-4.018499999999999,6.659999999999991,66.59999999999991,-1.5788455280716327,-2.411177027241884,-7.602567567567576,38.88888888888889,7,2,1.75,ok
10,0,2,TRAILING,25,14:00,36,25.0,0.7974963181148749,-1.3749999999999996,-49.499999999999986,-4.949999999999999,6.659999999999991,66.59999999999991,-2.0256150167654483,-3.03545841034976,-9.364864864864876,38.88888888888889,7,2,1.8,ok
10,0,2,TRAILING,25,15:00,36,25.0,0.7974963181148749,-1.3749999999999996,-49.499999999999986,-4.949999999999999,6.659999999999991,66.59999999999991,-2.0256150167654483,-3.03545841034976,-9.364864864864876,38.88888888888889,7,2,1.8,ok
10,0,3,TRAILING,25,12:00,52,28.846153846153843,0.9473420818505335,-0.36423076923076925,-18.94,-1.8940000000000001,7.931361349439762,81.58000000000004,-0.6275038147335603,-0.9553980263337308,-3.008865558960528,44.44444444444444,5,1,2.6,ok
10,0,3,TRAILING,25,14:00,54,27.77777777777778,0.9006899103909489,-0.6957407407407407,-37.56999999999999,-3.7569999999999992,8.314729731676044,86.59499999999991,-1.4487765351159994,-2.1686243079188343,-5.693293892603503,38.88888888888889,7,1,2.7,ok
10,0,3,TRAILING,25,15:00,54,27.77777777777778,0.9006899103909489,-0.6957407407407407,-37.56999999999999,-3.7569999999999992,8.314729731676044,86.59499999999991,-1.4487765351159994,-2.1686243079188343,-5.693293892603503,38.88888888888889,7,1,2.7,ok
10,0,1,TRAILING,35,12:00,18,27.77777777777778,0.7424465733235077,-1.7474999999999998,-31.455,-3.1454999999999997,8.487,84.87,-1.5678768356079482,-3.001049225976987,-4.669883351007423,27.77777777777778,9,4,0.9,ok
10,0,1,TRAILING,35,14:00,18,27.77777777777778,0.7424465733235077,-1.7474999999999998,-31.455,-3.1454999999999997,8.487,84.87,-1.5678768356079482,-3.001049225976987,-4.669883351007423,27.77777777777778,9,4,0.9,ok
10,0,1,TRAILING,35,15:00,18,27.77777777777778,0.7424465733235077,-1.7474999999999998,-31.455,-3.1454999999999997,8.487,84.87,-1.5678768356079482,-3.001049225976987,-4.669883351007423,27.77777777777778,9,4,0.9,ok
10,0,2,TRAILING,35,12:00,35,25.71428571428571,0.8352210449397149,-1.1597142857142853,-40.58999999999998,-4.058999999999998,9.931499999999994,99.31499999999994,-1.138635658821972,-2.134464749139006,-5.149614861803354,33.33333333333333,7,2,1.75,ok
10,0,2,TRAILING,35,14:00,36,25.0,0.8047878894560817,-1.3862499999999995,-49.90499999999998,-4.990499999999997,9.931499999999994,99.31499999999994,-1.4529497346526479,-2.708065677762152,-6.331400090620752,27.77777777777778,7,2,1.8,ok
10,0,2,TRAILING,35,15:00,36,25.0,0.8047878894560817,-1.3862499999999995,-49.90499999999998,-4.990499999999997,9.931499999999994,99.31499999999994,-1.4529497346526479,-2.708065677762152,-6.331400090620752,27.77777777777778,7,2,1.8,ok
10,0,3,TRAILING,35,12:00,52,26.923076923076923,0.8233990044756766,-1.217884615384615,-63.329999999999984,-6.332999999999998,11.276397530999501,113.17499999999995,-2.0339935294134626,-3.1875485411881606,-7.076355704970181,33.33333333333333,9,1,2.6,ok
10,0,3,TRAILING,35,14:00,54,25.925925925925924,0.7827348999960237,-1.5177777777777774,-81.95999999999998,-8.195999999999998,11.276397530999501,113.26499999999987,-2.704849385358761,-4.148568770207456,-9.158031163419485,27.77777777777778,9,1,2.7,ok
10,0,3,TRAILING,35,15:00,54,25.925925925925924,0.7827348999960237,-1.5177777777777774,-81.95999999999998,-8.195999999999998,11.276397530999501,113.26499999999987,-2.704849385358761,-4.148568770207456,-9.158031163419485,27.77777777777778,9,1,2.7,ok
10,0,1,TRAILING,50,12:00,18,16.666666666666664,0.45337159253945475,-3.81,-68.58,-6.8580000000000005,8.487,84.87,-4.465114335026884,-6.932537542038491,-10.181548250265113,16.666666666666664,9,2,0.9,ok
10,0,1,TRAILING,50,14:00,18,16.666666666666664,0.45337159253945475,-3.81,-68.58,-6.8580000000000005,8.487,84.87,-4.465114335026884,-6.932537542038491,-10.181548250265113,16.666666666666664,9,2,0.9,ok
10,0,1,TRAILING,50,15:00,18,16.666666666666664,0.45337159253945475,-3.81,-68.58,-6.8580000000000005,8.487,84.87,-4.465114335026884,-6.932537542038491,-10.181548250265113,16.666666666666664,9,2,0.9,ok
10,0,2,TRAILING,50,12:00,35,14.285714285714285,0.515088086516658,-3.5742857142857143,-125.1,-12.509999999999998,13.265999999999996,132.65999999999997,-4.87709275980764,-6.9409961018363555,-11.881953867028495,22.22222222222222,11,2,1.75,ok
10,0,2,TRAILING,50,14:00,36,13.88888888888889,0.49907047490282247,-3.705,-133.38,-13.338,13.338,133.38,-5.230902349135676,-7.3354499458806375,-12.6,22.22222222222222,11,2,1.8,ok
10,0,2,TRAILING,50,15:00,36,13.88888888888889,0.49907047490282247,-3.705,-133.38,-13.338,13.338,133.38,-5.230902349135676,-7.3354499458806375,-12.6,22.22222222222222,11,2,1.8,ok
10,0,3,TRAILING,50,12:00,52,19.230769230769234,0.6392403363150402,-2.582692307692307,-134.29999999999995,-13.429999999999994,14.674893306655889,148.89,-4.840801301097633,-6.200079270362534,-11.53112301833568,27.77777777777778,9,1,2.6,ok
10,0,3,TRAILING,50,14:00,54,18.51851851851852,0.6120155337808297,-2.7937037037037027,-150.85999999999996,-15.085999999999997,16.307079707073797,165.45000000000005,-5.455874992397405,-6.806081681554241,-11.656507689573886,27.77777777777778,11,1,2.7,ok
10,0,3,TRAILING,50,15:00,54,18.51851851851852,0.6120155337808297,-2.7937037037037027,-150.85999999999996,-15.085999999999997,16.307079707073797,165.45000000000005,-5.455874992397405,-6.806081681554241,-11.656507689573886,27.77777777777778,11,1,2.7,ok
15,0,1,TRAILING,15,12:00,18,38.88888888888889,1.419959401406788,2.4711111111111097,44.479999999999976,4.447999999999998,6.265722449522047,66.00500000000011,2.1416862418712026,5.294242749724739,8.944666868267538,38.88888888888889,7,4,0.9,ok
15,0,1,TRAILING,15,14:00,18,38.88888888888889,1.419959401406788,2.4711111111111097,44.479999999999976,4.447999999999998,6.265722449522047,66.00500000000011,2.1416862418712026,5.294242749724739,8.944666868267538,38.88888888888889,7,4,0.9,ok
15,0,1,TRAILING,15,15:00,18,38.88888888888889,1.419959401406788,2.4711111111111097,44.479999999999976,4.447999999999998,6.265722449522047,66.00500000000011,2.1416862418712026,5.294242749724739,8.944666868267538,38.88888888888889,7,4,0.9,ok
15,0,2,TRAILING,15,12:00,35,42.857142857142854,1.2971270227171718,1.6237142857142852,56.829999999999984,5.682999999999998,4.715707896976725,50.13999999999987,2.843230688214392,5.4728573865089025,15.184528296569637,50.0,5,3,1.75,ok
15,0,2,TRAILING,15,14:00,36,41.66666666666667,1.2255828919360423,1.2658333333333327,45.56999999999998,4.556999999999998,4.715707896976725,50.13999999999987,2.334418378757475,4.427202234217568,12.175945002193881,50.0,5,3,1.8,ok
15,0,2,TRAILING,15,15:00,36,41.66666666666667,1.2255828919360423,1.2658333333333327,45.56999999999998,4.556999999999998,4.715707896976725,50.13999999999987,2.334418378757475,4.427202234217568,12.175945002193881,50.0,5,3,1.8,ok
15,0,3,TRAILING,15,12:00,52,40.38461538461539,1.2392401980680248,1.4169230769230763,73.67999999999996,7.367999999999997,6.333169269318556,70.77000000000021,2.7832307263695557,5.1154106733225095,14.658821839762563,55.55555555555556,4,2,2.6,ok
15,0,3,TRAILING,15,14:00,54,38.88888888888889,1.1533091527172838,0.9353703703703695,50.509999999999955,5.050999999999996,6.892478410667162,77.02000000000021,1.9723627676973217,3.5841067493438814,9.233630663464004,44.44444444444444,6,2,2.7,ok
15,0,3,TRAILING,15,15:00,54,38.88888888888889,1.1533091527172838,0.9353703703703695,50.509999999999955,5.050999999999996,6.892478410667162,77.02000000000021,1.9723627676973217,3.5841067493438814,9.233630663464004,44.44444444444444,6,2,2.7,ok
15,0,1,TRAILING,25,12:00,18,38.88888888888889,1.264732010660349,1.4899999999999989,26.81999999999998,2.6819999999999977,6.155065254957374,64.47000000000003,1.5104882903860855,3.3899474802744654,5.490307348534195,38.88888888888889,7,4,0.9,ok
15,0,1,TRAILING,25,14:00,18,38.88888888888889,1.264732010660349,1.4899999999999989,26.81999999999998,2.6819999999999977,6.155065254957374,64.47000000000003,1.5104882903860855,3.3899474802744654,5.490307348534195,38.88888888888889,7,4,0.9,ok
15,0,1,TRAILING,25,15:00,18,38.88888888888889,1.264732010660349,1.4899999999999989,26.81999999999998,2.6819999999999977,6.155065254957374,64.47000000000003,1.5104882903860855,3.3899474802744654,5.490307348534195,38.88888888888889,7,4,0.9,ok
15,0,2,TRAILING,25,12:00,35,34.285714285714285,1.019212295869356,0.1028571428571418,3.599999999999963,0.35999999999999627,6.612575676297042,69.03000000000009,0.30383447756649606,0.4978204807113738,0.6859656844849986,50.0,7,3,1.75,ok
15,0,2,TRAILING,25,14:00,36,33.33333333333333,0.9714634518541123,-0.1558333333333344,-5.6100000000000385,-0.5610000000000038,6.612575676297042,69.03000000000009,-0.19513877246943162,-0.3157256658920862,-1.0689631916558078,50.0,7,3,1.8,ok
15,0,2,TRAILING,25,15:00,36,33.33333333333333,0.9714634518541123,-0.1558333333333344,-5.6100000000000385,-0.5610000000000038,6.612575676297042,69.03000000000009,-0.19513877246943162,-0.3157256658920862,-1.0689631916558078,50.0,7,3,1.8,ok
15,0,3,TRAILING,25,12:00,52,34.61538461538461,0.9638371552125147,-0.20182692307692413,-10.495000000000054,-1.0495000000000054,8.435307325287695,90.16500000000019,-0.31187017098067266,-0.4868276300996516,-1.5676607253368875,50.0,5,2,2.6,ok
15,0,3,TRAILING,25,14:00,54,33.33333333333333,0.9063132826801885,-0.535462962962964,-28.915000000000056,-2.8915000000000055,9.622509121526814,102.85500000000013,-1.1171444510021913,-1.7104417185351952,-3.7862162082543414,44.44444444444444,7,2,2.7,ok
15,0,3,TRAILING,25,15:00,54,33.33333333333333,0.9063132826801885,-0.535462962962964,-28.915000000000056,-2.8915000000000055,9.622509121526814,102.85500000000013,-1.1171444510021913,-1.7104417185351952,-3.7862162082543414,44.44444444444444,7,2,2.7,ok
15,0,1,TRAILING,35,12:00,18,38.88888888888889,0.9597275688480896,-0.22666666666666777,-4.08000000000002,-0.4080000000000019,6.221184822238084,64.5,-0.1552729959648699,-0.29462191664020787,-0.8263377711627945,38.88888888888889,7,4,0.9,ok
15,0,1,TRAILING,35,14:00,18,38.88888888888889,0.9597275688480896,-0.22666666666666777,-4.08000000000002,-0.4080000000000019,6.221184822238084,64.5,-0.1552729959648699,-0.29462191664020787,-0.8263377711627945,38.88888888888889,7,4,0.9,ok
15,0,1,TRAILING,35,15:00,18,38.88888888888889,0.9597275688480896,-0.22666666666666777,-4.08000000000002,-0.4080000000000019,6.221184822238084,64.5,-0.1552729959648699,-0.29462191664020787,-0.8263377711627945,38.88888888888889,7,4,0.9,ok
15,0,2,TRAILING,35,12:00,35,37.142857142857146,1.1026190840863834,0.5742857142857133,20.099999999999966,2.0099999999999967,8.067207326064178,83.15999999999997,1.0107660210674847,1.8198143541506564,3.139376363636359,44.44444444444444,7,3,1.75,ok
15,0,2,TRAILING,35,14:00,36,36.11111111111111,1.0531012287887649,0.30249999999999905,10.889999999999965,1.0889999999999966,8.067207326064178,83.15999999999997,0.6100831976303858,1.0930421168140374,1.7008859999999952,38.88888888888889,7,3,1.8,ok
15,0,2,TRAILING,35,15:00,36,36.11111111111111,1.0531012287887649,0.30249999999999905,10.889999999999965,1.0889999999999966,8.067207326064178,83.15999999999997,0.6100831976303858,1.0930421168140374,1.7008859999999952,38.88888888888889,7,3,1.8,ok
15,0,3,TRAILING,35,12:00,52,34.61538461538461,1.0029525773195875,0.017211538461537293,0.8949999999999392,0.08949999999999392,7.216782291450069,76.35500000000002,0.17888489980027383,0.26546597786620635,0.156260775849639,50.0,8,2,2.6,ok
15,0,3,TRAILING,35,14:00,54,33.33333333333333,0.9454975197872771,-0.3245370370370382,-17.525000000000063,-1.7525000000000062,8.957770174476861,94.77500000000009,-0.593890713942469,-0.8642351322400657,-2.465066592455823,44.44444444444444,8,2,2.7,ok
15,0,3,TRAILING,35,15:00,54,33.33333333333333,0.9454975197872771,-0.3245370370370382,-17.525000000000063,-1.7525000000000062,8.957770174476861,94.77500000000009,-0.593890713942469,-0.8642351322400657,-2.465066592455823,44.44444444444444,8,2,2.7,ok
15,0,1,TRAILING,50,12:00,18,22.22222222222222,0.5606529693216997,-2.6016666666666675,-46.83000000000001,-4.683000000000001,6.720230173021223,68.67000000000007,-3.5199394301133626,-5.3125420683716635,-8.780324256880727,22.22222222222222,8,2,0.9,ok
15,0,1,TRAILING,50,14:00,18,22.22222222222222,0.5606529693216997,-2.6016666666666675,-46.83000000000001,-4.683000000000001,6.720230173021223,68.67000000000007,-3.5199394301133626,-5.3125420683716635,-8.780324256880727,22.22222222222222,8,2,0.9,ok
15,0,1,TRAILING,50,15:00,18,22.22222222222222,0.5606529693216997,-2.6016666666666675,-46.83000000000001,-4.683000000000001,6.720230173021223,68.67000000000007,-3.5199394301133626,-5.3125420683716635,-8.780324256880727,22.22222222222222,8,2,0.9,ok
15,0,2,TRAILING,50,12:00,35,22.857142857142858,0.6545226130653264,-2.1214285714285723,-74.25000000000003,-7.4250000000000025,11.661316840209825,119.16000000000008,-3.6920652527767603,-4.9680783243454325,-8.022678851963745,33.33333333333333,11,2,1.75,ok
15,0,2,TRAILING,50,14:00,36,22.22222222222222,0.6131709275866684,-2.408333333333334,-86.70000000000003,-8.670000000000003,12.20739058952479,124.74000000000012,-4.374451219464986,-5.724223822893823,-8.948841212121208,33.33333333333333,11,2,1.8,ok
15,0,2,TRAILING,50,15:00,36,22.22222222222222,0.6131709275866684,-2.408333333333334,-86.70000000000003,-8.670000000000003,12.20739058952479,124.74000000000012,-4.374451219464986,-5.724223822893823,-8.948841212121208,33.33333333333333,11,2,1.8,ok
15,0,3,TRAILING,50,12:00,52,26.923076923076923,0.7301963760554027,-1.6407692307692316,-85.32000000000005,-8.532000000000005,11.55561205530892,118.17000000000007,-4.3890126092032125,-5.131185877377633,-9.303116051789793,38.88888888888889,6,2,2.6,ok
15,0,3,TRAILING,50,14:00,54,25.925925925925924,0.6834576647704244,-1.952685185185186,-105.44500000000005,-10.544500000000005,13.206763020476819,135.05500000000006,-5.346476502384753,-6.032699914454437,-10.060050278331051,33.33333333333333,8,2,2.7,ok
15,0,3,TRAILING,50,15:00,54,25.925925925925924,0.6834576647704244,-1.952685185185186,-105.44500000000005,-10.544500000000005,13.206763020476819,135.05500000000006,-5.346476502384753,-6.032699914454437,-10.060050278331051,33.33333333333333,8,2,2.7,ok
20,0,1,TRAILING,15,12:00,18,38.88888888888889,1.10149783208514,0.5722222222222219,10.299999999999994,1.0299999999999994,6.0137383020990445,62.815000000000055,0.6927817158618756,1.3895629012345643,2.1580586563718827,38.88888888888889,7,4,0.9,ok
20,0,1,TRAILING,15,14:00,18,38.88888888888889,1.10149783208514,0.5722222222222219,10.299999999999994,1.0299999999999994,6.0137383020990445,62.815000000000055,0.6927817158618756,1.3895629012345643,2.1580586563718827,38.88888888888889,7,4,0.9,ok
20,0,1,TRAILING,15,15:00,18,38.88888888888889,1.10149783208514,0.5722222222222219,10.299999999999994,1.0299999999999994,6.0137383020990445,62.815000000000055,0.6927817158618756,1.3895629012345643,2.1580586563718827,38.88888888888889,7,4,0.9,ok
20,0,2,TRAILING,15,12:00,35,42.857142857142854,1.1885546588407916,0.9178571428571423,32.12499999999998,3.212499999999998,4.900151429112235,51.774999999999864,1.8787584403803057,3.1942689190459457,8.260459005311459,50.0,5,3,1.75,ok
20,0,2,TRAILING,15,14:00,36,41.66666666666667,1.1215729714760447,0.6097222222222216,21.949999999999978,2.1949999999999976,4.900151429112235,51.774999999999864,1.3312801399213472,2.240319729705882,5.644111289232263,44.44444444444444,5,3,1.8,ok
20,0,2,TRAILING,15,15:00,36,41.66666666666667,1.1215729714760447,0.6097222222222216,21.949999999999978,2.1949999999999976,4.900151429112235,51.774999999999864,1.3312801399213472,2.240319729705882,5.644111289232263,44.44444444444444,5,3,1.8,ok
20,0,3,TRAILING,15,12:00,52,40.38461538461539,1.1124605527397913,0.5653846153846148,29.39999999999997,2.9399999999999973,5.960280158510741,64.67500000000007,1.38608037139575,2.2608281155542285,6.215144089679154,50.0,4,2,2.6,ok
20,0,3,TRAILING,15,14:00,54,38.88888888888889,1.041357085310178,0.21388888888888827,11.549999999999967,1.1549999999999967,7.552299327250949,81.95000000000005,0.6316569280967187,1.0164677590894744,1.9269628187919396,44.44444444444444,6,2,2.7,ok
20,0,3,TRAILING,15,15:00,54,38.88888888888889,1.041357085310178,0.21388888888888827,11.549999999999967,1.1549999999999967,7.552299327250949,81.95000000000005,0.6316569280967187,1.0164677590894744,1.9269628187919396,44.44444444444444,6,2,2.7,ok
20,0,1,TRAILING,25,12:00,18,38.88888888888889,0.9273020212869838,-0.41361111111111154,-7.445000000000007,-0.7445000000000007,6.329814097785053,65.80000000000007,-0.38844720200612803,-0.6954881418507137,-1.4819866515957443,38.88888888888889,7,4,0.9,ok
20,0,1,TRAILING,25,14:00,18,38.88888888888889,0.9273020212869838,-0.41361111111111154,-7.445000000000007,-0.7445000000000007,6.329814097785053,65.80000000000007,-0.38844720200612803,-0.6954881418507137,-1.4819866515957443,38.88888888888889,7,4,0.9,ok
20,0,1,TRAILING,25,15:00,18,38.88888888888889,0.9273020212869838,-0.41361111111111154,-7.445000000000007,-0.7445000000000007,6.329814097785053,65.80000000000007,-0.38844720200612803,-0.6954881418507137,-1.4819866515957443,38.88888888888889,7,4,0.9,ok
20,0,2,TRAILING,25,12:00,35,34.285714285714285,0.8361047231558467,-0.7941428571428572,-27.795,-2.7795,7.133042451124559,73.97500000000002,-1.821735614130208,-2.493508750729549,-4.909784322744168,38.88888888888889,7,3,1.75,ok
20,0,2,TRAILING,25,14:00,36,33.33333333333333,0.797811286783323,-0.9981944444444445,-35.935,-3.5935,7.133042451124559,73.97500000000002,-2.4520528656008214,-3.3355333283702415,-6.347656040216288,33.33333333333333,7,3,1.8,ok
20,0,2,TRAILING,25,15:00,36,33.33333333333333,0.797811286783323,-0.9981944444444445,-35.935,-3.5935,7.133042451124559,73.97500000000002,-2.4520528656008214,-3.3355333283702415,-6.347656040216288,33.33333333333333,7,3,1.8,ok
20,0,3,TRAILING,25,12:00,52,34.61538461538461,0.7929188887391463,-1.0342307692307697,-53.78000000000003,-5.378000000000003,11.153619637682857,118.3649999999999,-2.69563042256716,-3.6269356686773757,-6.075408898745415,33.33333333333333,5,2,2.6,ok
20,0,3,TRAILING,25,14:00,54,33.33333333333333,0.746145623856369,-1.297407407407408,-70.06000000000003,-7.006000000000003,12.68769582322315,134.64499999999987,-3.589179160761579,-4.706972315074159,-6.957575373017945,27.77777777777778,7,2,2.7,ok
20,0,3,TRAILING,25,15:00,54,33.33333333333333,0.746145623856369,-1.297407407407408,-70.06000000000003,-7.006000000000003,12.68769582322315,134.64499999999987,-3.589179160761579,-4.706972315074159,-6.957575373017945,27.77777777777778,7,2,2.7,ok
20,0,1,TRAILING,35,12:00,18,38.88888888888889,0.7263513513513513,-1.4850000000000003,-26.730000000000008,-2.673000000000001,6.708387910541901,69.1400000000001,-1.9634918334840437,-3.1072355197757675,-5.020550458490015,38.88888888888889,7,4,0.9,ok
20,0,1,TRAILING,35,14:00,18,38.88888888888889,0.7263513513513513,-1.4850000000000003,-26.730000000000008,-2.673000000000001,6.708387910541901,69.1400000000001,-1.9634918334840437,-3.1072355197757675,-5.020550458490015,38.88888888888889,7,4,0.9,ok
20,0,1,TRAILING,35,15:00,18,38.88888888888889,0.7263513513513513,-1.4850000000000003,-26.730000000000008,-2.673000000000001,6.708387910541901,69.1400000000001,-1.9634918334840437,-3.1072355197757675,-5.020550458490015,38.88888888888889,7,4,0.9,ok
20,0,2,TRAILING,35,12:00,35,37.142857142857146,0.879226500371875,-0.6031428571428573,-21.110000000000007,-2.1110000000000007,7.515842839036758,77.09000000000003,-1.1948678180351835,-1.7471794566373404,-3.539004283305228,50.0,7,3,1.75,ok
20,0,2,TRAILING,35,14:00,36,36.11111111111111,0.84010277155196,-0.8125000000000002,-29.250000000000007,-2.9250000000000007,7.515842839036758,77.09000000000003,-1.6970704010471163,-2.458081111040602,-4.9036416526138265,44.44444444444444,7,3,1.8,ok
20,0,2,TRAILING,35,15:00,36,36.11111111111111,0.84010277155196,-0.8125000000000002,-29.250000000000007,-2.9250000000000007,7.515842839036758,77.09000000000003,-1.6970704010471163,-2.458081111040602,-4.9036416526138265,44.44444444444444,7,3,1.8,ok
20,0,3,TRAILING,35,12:00,52,34.61538461538461,0.7826838094891707,-1.1490384615384621,-59.75000000000003,-5.975000000000002,10.203943553063981,105.56999999999994,-3.2447750737757737,-3.9205460826234053,-7.378029838022171,50.0,8,2,2.6,ok
20,0,3,TRAILING,35,14:00,54,33.33333333333333,0.7389303802901538,-1.4079629629629633,-76.03000000000002,-7.6030000000000015,11.777498550164307,121.84999999999991,-4.139133849475956,-4.87693263589876,-8.133968311858851,44.44444444444444,8,2,2.7,ok
20,0,3,TRAILING,35,15:00,54,33.33333333333333,0.7389303802901538,-1.4079629629629633,-76.03000000000002,-7.6030000000000015,11.777498550164307,121.84999999999991,-4.139133849475956,-4.87693263589876,-8.133968311858851,44.44444444444444,8,2,2.7,ok
20,0,1,TRAILING,50,12:00,18,22.22222222222222,0.44530929946743136,-3.0088888888888894,-54.16000000000001,-5.416000000000001,7.106658809664114,72.36000000000001,-5.135361412696469,-6.711636659646723,-9.602487164179106,22.22222222222222,8,2,0.9,ok
20,0,1,TRAILING,50,14:00,18,22.22222222222222,0.44530929946743136,-3.0088888888888894,-54.16000000000001,-5.416000000000001,7.106658809664114,72.36000000000001,-5.135361412696469,-6.711636659646723,-9.602487164179106,22.22222222222222,8,2,0.9,ok
20,0,1,TRAILING,50,15:00,18,22.22222222222222,0.44530929946743136,-3.0088888888888894,-54.16000000000001,-5.416000000000001,7.106658809664114,72.36000000000001,-5.135361412696469,-6.711636659646723,-9.602487164179106,22.22222222222222,8,2,0.9,ok
20,0,2,TRAILING,50,12:00,35,22.857142857142858,0.5131149267881598,-2.641142857142858,-92.44000000000003,-9.244000000000002,12.13906894519741,123.60000000000002,-6.531661119723059,-7.240850142106231,-9.595002757281552,33.33333333333333,11,2,1.75,ok
20,0,2,TRAILING,50,14:00,36,22.22222222222222,0.4940162271805274,-2.771666666666667,-99.78000000000002,-9.978000000000002,12.859948929483405,130.94000000000005,-7.0698250408383,-7.696398865432564,-9.776306320452116,33.33333333333333,11,2,1.8,ok
20,0,2,TRAILING,50,15:00,36,22.22222222222222,0.4940162271805274,-2.771666666666667,-99.78000000000002,-9.978000000000002,12.859948929483405,130.94000000000005,-7.0698250408383,-7.696398865432564,-9.776306320452116,33.33333333333333,11,2,1.8,ok
20,0,3,TRAILING,50,12:00,52,26.923076923076923,0.5617460514861335,-2.371923076923077,-123.34,-12.334,14.374386171675507,146.36,-8.69065839101078,-8.275652812485733,-10.811480792566273,22.22222222222222,6,2,2.6,ok
20,0,3,TRAILING,50,14:00,54,25.925925925925924,0.5324587845006146,-2.5707407407407405,-138.82,-13.882,15.894716165782757,161.84000000000003,-9.655118875387286,-8.890640888076451,-11.004487162629756,22.22222222222222,8,2,2.7,ok
20,0,3,TRAILING,50,15:00,54,25.925925925925924,0.5324587845006146,-2.5707407407407405,-138.82,-13.882,15.894716165782757,161.84000000000003,-9.655118875387286,-8.890640888076451,-11.004487162629756,22.22222222222222,8,2,2.7,ok
25,0,1,TRAILING,15,12:00,18,38.88888888888889,0.90254506892895,-0.5105555555555562,-9.190000000000012,-0.9190000000000013,5.680172263957816,58.82499999999993,-0.5598652948720203,-0.9781033309042434,-2.0385649346366392,38.88888888888889,7,4,0.9,ok
25,0,1,TRAILING,15,14:00,18,38.88888888888889,0.90254506892895,-0.5105555555555562,-9.190000000000012,-0.9190000000000013,5.680172263957816,58.82499999999993,-0.5598652948720203,-0.9781033309042434,-2.0385649346366392,38.88888888888889,7,4,0.9,ok
25,0,1,TRAILING,15,15:00,18,38.88888888888889,0.90254506892895,-0.5105555555555562,-9.190000000000012,-0.9190000000000013,5.680172263957816,58.82499999999993,-0.5598652948720203,-0.9781033309042434,-2.0385649346366392,38.88888888888889,7,4,0.9,ok
25,0,2,TRAILING,15,12:00,35,42.857142857142854,0.9296764233277671,-0.3188571428571431,-11.160000000000009,-1.1160000000000008,5.496120159803321,57.23000000000002,-0.7036485003629492,-0.9881761138604077,-2.5584593478944617,44.44444444444444,5,3,1.75,ok
25,0,2,TRAILING,15,14:00,36,41.66666666666667,0.8871617558628985,-0.5212500000000002,-18.765000000000008,-1.8765000000000007,5.914835586969886,61.59000000000003,-1.2944319181956123,-1.8167193959898276,-3.9973892177301504,38.88888888888889,5,3,1.8,ok
25,0,2,TRAILING,15,15:00,36,41.66666666666667,0.8871617558628985,-0.5212500000000002,-18.765000000000008,-1.8765000000000007,5.914835586969886,61.59000000000003,-1.2944319181956123,-1.8167193959898276,-3.9973892177301504,38.88888888888889,5,3,1.8,ok
25,0,3,TRAILING,15,12:00,52,40.38461538461539,0.9265610516558527,-0.3351923076923079,-17.43000000000001,-1.7430000000000012,7.821929692214851,82.95000000000005,-0.8038936942308947,-1.1437186796914252,-2.8077214784810134,44.44444444444444,4,2,2.6,ok
25,0,3,TRAILING,15,14:00,54,38.88888888888889,0.8812262071729112,-0.548888888888889,-29.640000000000004,-2.9640000000000004,8.973295111647564,95.16000000000008,-1.485237691884324,-2.1025223645878452,-4.161949377049177,38.88888888888889,6,2,2.7,ok
25,0,3,TRAILING,15,15:00,54,38.88888888888889,0.8812262071729112,-0.548888888888889,-29.640000000000004,-2.9640000000000004,8.973295111647564,95.16000000000008,-1.485237691884324,-2.1025223645878452,-4.161949377049177,38.88888888888889,6,2,2.7,ok
25,0,1,TRAILING,25,12:00,18,38.88888888888889,0.7935387838359336,-1.0402777777777783,-18.72500000000001,-1.872500000000001,6.1350109536457085,63.28999999999985,-1.420089549536531,-2.307196249515569,-3.845714405119303,38.88888888888889,7,4,0.9,ok
25,0,1,TRAILING,25,14:00,18,38.88888888888889,0.7935387838359336,-1.0402777777777783,-18.72500000000001,-1.872500000000001,6.1350109536457085,63.28999999999985,-1.420089549536531,-2.307196249515569,-3.845714405119303,38.88888888888889,7,4,0.9,ok
25,0,1,TRAILING,25,15:00,18,38.88888888888889,0.7935387838359336,-1.0402777777777783,-18.72500000000001,-1.872500000000001,6.1350109536457085,63.28999999999985,-1.420089549536531,-2.307196249515569,-3.845714405119303,38.88888888888889,7,4,0.9,ok
25,0,2,TRAILING,25,12:00,35,34.285714285714285,0.7287517810397959,-1.1694285714285717,-40.93000000000001,-4.093000000000001,6.722013142756864,68.94500000000005,-3.4131857408404542,-4.20811216446902,-7.6720766390601165,38.88888888888889,7,3,1.75,ok
25,0,2,TRAILING,25,14:00,36,33.33333333333333,0.6937854889589905,-1.3481944444444447,-48.53500000000001,-4.853500000000001,7.23387867324455,74.19500000000005,-4.136941523215511,-5.001546698553321,-8.45384651337691,33.33333333333333,7,3,1.8,ok
25,0,2,TRAILING,25,15:00,36,33.33333333333333,0.6937854889589905,-1.3481944444444447,-48.53500000000001,-4.853500000000001,7.23387867324455,74.19500000000005,-4.136941523215511,-5.001546698553321,-8.45384651337691,33.33333333333333,7,3,1.8,ok
25,0,3,TRAILING,25,12:00,52,34.61538461538461,0.7006883508170042,-1.3086538461538466,-68.05000000000003,-6.805000000000002,11.057627897184641,115.55000000000007,-4.292207699250916,-5.224178739632144,-7.754194733016008,33.33333333333333,5,2,2.6,ok
25,0,3,TRAILING,25,14:00,54,33.33333333333333,0.6567517984870035,-1.5418518518518525,-83.26000000000003,-8.326000000000002,12.513158146567397,130.76,-5.332053484880942,-6.28043131204927,-8.383782796573879,27.77777777777778,7,2,2.7,ok
25,0,3,TRAILING,25,15:00,54,33.33333333333333,0.6567517984870035,-1.5418518518518525,-83.26000000000003,-8.326000000000002,12.513158146567397,130.76,-5.332053484880942,-6.28043131204927,-8.383782796573879,27.77777777777778,7,2,2.7,ok
25,0,1,TRAILING,35,12:00,18,38.88888888888889,0.6410796885063528,-1.7027777777777784,-30.650000000000013,-3.0650000000000013,5.953031663608325,60.99000000000001,-2.7756005001690935,-4.008169571519843,-6.487282813575997,38.88888888888889,7,4,0.9,ok
25,0,1,TRAILING,35,14:00,18,38.88888888888889,0.6410796885063528,-1.7027777777777784,-30.650000000000013,-3.0650000000000013,5.953031663608325,60.99000000000001,-2.7756005001690935,-4.008169571519843,-6.487282813575997,38.88888888888889,7,4,0.9,ok
25,0,1,TRAILING,35,15:00,18,38.88888888888889,0.6410796885063528,-1.7027777777777784,-30.650000000000013,-3.0650000000000013,5.953031663608325,60.99000000000001,-2.7756005001690935,-4.008169571519843,-6.487282813575997,38.88888888888889,7,4,0.9,ok
25,0,2,TRAILING,35,12:00,35,37.142857142857146,0.7669523281957705,-1.0217142857142862,-35.76000000000002,-3.5760000000000023,6.911891510543228,70.53999999999996,-2.730361508557659,-3.498238490210049,-6.518852318684441,55.55555555555556,7,3,1.75,ok
25,0,2,TRAILING,35,14:00,36,36.11111111111111,0.7307357963365415,-1.204583333333334,-43.36500000000002,-4.336500000000002,7.657070627890568,78.14499999999998,-3.3368611201382223,-4.217514485422448,-7.135875147994119,50.0,7,3,1.8,ok
25,0,2,TRAILING,35,15:00,36,36.11111111111111,0.7307357963365415,-1.204583333333334,-43.36500000000002,-4.336500000000002,7.657070627890568,78.14499999999998,-3.3368611201382223,-4.217514485422448,-7.135875147994119,50.0,7,3,1.8,ok
25,0,3,TRAILING,35,12:00,52,34.61538461538461,0.6904112463281578,-1.4187500000000006,-73.77500000000003,-7.377500000000003,10.34209909346671,105.87,-5.120205999344494,-5.6328004684915305,-8.988165667327857,44.44444444444444,8,2,2.6,ok
25,0,3,TRAILING,35,14:00,54,33.33333333333333,0.6489882055934676,-1.6478703703703712,-88.98500000000004,-8.898500000000004,11.827914973429202,121.08000000000004,-6.153495589370795,-6.558630115249795,-9.47936303666997,38.88888888888889,8,2,2.7,ok
25,0,3,TRAILING,35,15:00,54,33.33333333333333,0.6489882055934676,-1.6478703703703712,-88.98500000000004,-8.898500000000004,11.827914973429202,121.08000000000004,-6.153495589370795,-6.558630115249795,-9.47936303666997,38.88888888888889,8,2,2.7,ok
25,0,1,TRAILING,50,12:00,18,22.22222222222222,0.39633461424770894,-2.836388888888889,-51.05500000000001,-5.105500000000001,6.467335593754929,65.61500000000001,-5.884616893570034,-7.1619616011028695,-9.94680097660596,22.22222222222222,8,2,0.9,ok
25,0,1,TRAILING,50,14:00,18,22.22222222222222,0.39633461424770894,-2.836388888888889,-51.05500000000001,-5.105500000000001,6.467335593754929,65.61500000000001,-5.884616893570034,-7.1619616011028695,-9.94680097660596,22.22222222222222,8,2,0.9,ok
25,0,1,TRAILING,50,15:00,18,22.22222222222222,0.39633461424770894,-2.836388888888889,-51.05500000000001,-5.105500000000001,6.467335593754929,65.61500000000001,-5.884616893570034,-7.1619616011028695,-9.94680097660596,22.22222222222222,8,2,0.9,ok
25,0,2,TRAILING,50,12:00,35,22.857142857142858,0.43193296937494535,-2.779714285714286,-97.29,-9.729000000000001,11.98253430058351,121.57000000000005,-8.683283682620079,-8.499956395858339,-10.23034000361931,33.33333333333333,11,2,1.75,ok
25,0,2,TRAILING,50,14:00,36,22.22222222222222,0.41848164281269457,-2.855416666666667,-102.79500000000002,-10.2795,12.525134048257378,127.07500000000005,-9.239294556197917,-8.883962232282085,-10.340943218729093,33.33333333333333,11,2,1.8,ok
25,0,2,TRAILING,50,15:00,36,22.22222222222222,0.41848164281269457,-2.855416666666667,-102.79500000000002,-10.2795,12.525134048257378,127.07500000000005,-9.239294556197917,-8.883962232282085,-10.340943218729093,33.33333333333333,11,2,1.8,ok
25,0,3,TRAILING,50,12:00,52,26.923076923076923,0.4692060254197395,-2.602115384615385,-135.31,-13.531,14.980385585869737,151.985,-11.853340210147858,-9.879625815221962,-11.380922007829723,16.666666666666664,6,2,2.6,ok
25,0,3,TRAILING,50,14:00,54,25.925925925925924,0.4462560161175987,-2.748518518518518,-148.42,-14.841999999999999,16.272571360984074,165.09500000000003,-12.965167953218154,-10.412670517632405,-11.49229558448166,16.666666666666664,8,2,2.7,ok
25,0,3,TRAILING,50,15:00,54,25.925925925925924,0.4462560161175987,-2.748518518518518,-148.42,-14.841999999999999,16.272571360984074,165.09500000000003,-12.965167953218154,-10.412670517632405,-11.49229558448166,16.666666666666664,8,2,2.7,ok
30,0,1,TRAILING,15,12:00,18,44.44444444444444,1.0509341199606685,0.21583333333333263,3.8849999999999874,0.38849999999999874,3.593986646732538,36.89999999999998,0.3869185556348517,0.6854025269374774,1.3620250939024352,44.44444444444444,4,4,0.9,ok
30,0,1,TRAILING,15,14:00,18,44.44444444444444,1.0509341199606685,0.21583333333333263,3.8849999999999874,0.38849999999999874,3.593986646732538,36.89999999999998,0.3869185556348517,0.6854025269374774,1.3620250939024352,44.44444444444444,4,4,0.9,ok
30,0,1,TRAILING,15,15:00,18,44.44444444444444,1.0509341199606685,0.21583333333333263,3.8849999999999874,0.38849999999999874,3.593986646732538,36.89999999999998,0.3869185556348517,0.6854025269374774,1.3620250939024352,44.44444444444444,4,4,0.9,ok
30,0,2,TRAILING,15,12:00,35,45.714285714285715,0.9837925445705025,-0.060000000000000546,-2.100000000000019,-0.21000000000000194,4.751307017123132,49.530000000000086,-0.09083536092466869,-0.12687899254402252,-0.556899394306485,50.0,5,3,1.75,ok
30,0,2,TRAILING,15,14:00,36,44.44444444444444,0.9359030837004406,-0.2425000000000005,-8.730000000000018,-0.8730000000000019,5.057796537004175,52.72500000000002,-0.6255635895247696,-0.8640332732729376,-2.1748205803698473,44.44444444444444,5,3,1.8,ok
30,0,2,TRAILING,15,15:00,36,44.44444444444444,0.9359030837004406,-0.2425000000000005,-8.730000000000018,-0.8730000000000019,5.057796537004175,52.72500000000002,-0.6255635895247696,-0.8640332732729376,-2.1748205803698473,44.44444444444444,5,3,1.8,ok
30,0,3,TRAILING,15,12:00,52,42.30769230769231,0.9212098009188361,-0.2968269230769234,-15.435000000000015,-1.5435000000000014,6.790023599269175,71.3549999999999,-0.8812964910742558,-1.1666598111792064,-2.8642168492747593,50.0,4,2,2.6,ok
30,0,3,TRAILING,15,14:00,54,40.74074074074074,0.8712433919907306,-0.49388888888888927,-26.67000000000002,-2.667000000000002,7.859127588306936,82.58999999999992,-1.6074047477794662,-2.0985500112920596,-4.275818100980755,44.44444444444444,6,2,2.7,ok
30,0,3,TRAILING,15,15:00,54,40.74074074074074,0.8712433919907306,-0.49388888888888927,-26.67000000000002,-2.667000000000002,7.859127588306936,82.58999999999992,-1.6074047477794662,-2.0985500112920596,-4.275818100980755,44.44444444444444,6,2,2.7,ok
30,0,1,TRAILING,25,12:00,18,44.44444444444444,0.8465468306527909,-0.6758333333333338,-12.16500000000001,-1.2165000000000008,4.47634351357556,45.825000000000045,-1.0170910946703107,-1.5968595632828333,-3.424201014402618,44.44444444444444,4,4,0.9,ok
30,0,1,TRAILING,25,14:00,18,44.44444444444444,0.8465468306527909,-0.6758333333333338,-12.16500000000001,-1.2165000000000008,4.47634351357556,45.825000000000045,-1.0170910946703107,-1.5968595632828333,-3.424201014402618,44.44444444444444,4,4,0.9,ok
30,0,1,TRAILING,25,15:00,18,44.44444444444444,0.8465468306527909,-0.6758333333333338,-12.16500000000001,-1.2165000000000008,4.47634351357556,45.825000000000045,-1.0170910946703107,-1.5968595632828333,-3.424201014402618,44.44444444444444,4,4,0.9,ok
30,0,2,TRAILING,25,12:00,35,37.142857142857146,0.7049039596523231,-1.1785714285714295,-41.25000000000003,-4.125000000000003,6.515856958291693,66.82500000000005,-3.4807187587400934,-4.096591006954232,-7.976694444444446,44.44444444444444,7,3,1.75,ok
30,0,2,TRAILING,25,14:00,36,36.11111111111111,0.6685324648890697,-1.3570833333333339,-48.85500000000002,-4.885500000000001,7.257392194622534,74.43000000000006,-4.212464259184247,-4.861057050341328,-8.48201369709794,38.88888888888889,7,3,1.8,ok
30,0,2,TRAILING,25,15:00,36,36.11111111111111,0.6685324648890697,-1.3570833333333339,-48.85500000000002,-4.885500000000001,7.257392194622534,74.43000000000006,-4.212464259184247,-4.861057050341328,-8.48201369709794,38.88888888888889,7,3,1.8,ok
30,0,3,TRAILING,25,12:00,52,36.53846153846153,0.6661771904062651,-1.3771153846153852,-71.61000000000003,-7.161000000000003,10.473464612230881,108.31499999999994,-4.858050823838517,-5.400048267318834,-8.614971582052357,33.33333333333333,5,2,2.6,ok
30,0,3,TRAILING,25,14:00,54,35.18518518518518,0.6220698661443028,-1.6077777777777782,-86.82000000000002,-8.682000000000002,11.944187935427413,123.52499999999998,-5.980905817435282,-6.4301305059915075,-9.158697149726779,27.77777777777778,7,2,2.7,ok
30,0,3,TRAILING,25,15:00,54,35.18518518518518,0.6220698661443028,-1.6077777777777782,-86.82000000000002,-8.682000000000002,11.944187935427413,123.52499999999998,-5.980905817435282,-6.4301305059915075,-9.158697149726779,27.77777777777778,7,2,2.7,ok
30,0,1,TRAILING,35,12:00,18,44.44444444444444,0.6126534466477808,-1.7091666666666674,-30.76500000000001,-3.076500000000001,5.103643987077644,51.97500000000002,-3.039516868866832,-4.112262902917438,-7.5953377818181815,44.44444444444444,4,4,0.9,ok
30,0,1,TRAILING,35,14:00,18,44.44444444444444,0.6126534466477808,-1.7091666666666674,-30.76500000000001,-3.076500000000001,5.103643987077644,51.97500000000002,-3.039516868866832,-4.112262902917438,-7.5953377818181815,44.44444444444444,4,4,0.9,ok
30,0,1,TRAILING,35,15:00,18,44.44444444444444,0.6126534466477808,-1.7091666666666674,-30.76500000000001,-3.076500000000001,5.103643987077644,51.97500000000002,-3.039516868866832,-4.112262902917438,-7.5953377818181815,44.44444444444444,4,4,0.9,ok
30,0,2,TRAILING,35,12:00,35,40.0,0.7143423923824638,-1.2342857142857149,-43.20000000000002,-4.320000000000002,7.17338638198971,72.83999999999992,-3.379369781029865,-4.048393023115882,-7.58804797364087,61.111111111111114,7,3,1.75,ok
30,0,2,TRAILING,35,14:00,36,38.88888888888889,0.6814268142681427,-1.402916666666667,-50.50500000000001,-5.0505,7.892793129936379,80.14499999999998,-3.981983610502705,-4.70726895021905,-8.062583036496353,55.55555555555556,7,3,1.8,ok
30,0,2,TRAILING,35,15:00,36,38.88888888888889,0.6814268142681427,-1.402916666666667,-50.50500000000001,-5.0505,7.892793129936379,80.14499999999998,-3.981983610502705,-4.70726895021905,-8.062583036496353,55.55555555555556,7,3,1.8,ok
30,0,3,TRAILING,35,12:00,52,36.53846153846153,0.6321401845846842,-1.701634615384616,-88.48500000000003,-8.848500000000001,11.20047983795637,113.91000000000008,-5.929191362827384,-6.206202238317872,-9.954136038188036,38.88888888888889,8,3,2.6,ok
30,0,3,TRAILING,35,14:00,54,35.18518518518518,0.5851870977993165,-1.9337962962962962,-104.425,-10.4425,12.30174727878782,125.11000000000001,-7.045401417356514,-7.142721316427329,-10.695675745743745,33.33333333333333,8,3,2.7,ok
30,0,3,TRAILING,35,15:00,54,35.18518518518518,0.5851870977993165,-1.9337962962962962,-104.425,-10.4425,12.30174727878782,125.11000000000001,-7.045401417356514,-7.142721316427329,-10.695675745743745,33.33333333333333,8,3,2.7,ok
30,0,1,TRAILING,50,12:00,18,27.77777777777778,0.6881740084079692,-1.4216666666666669,-25.590000000000003,-2.5590000000000006,5.943618874790652,61.57499999999993,-2.1395428925813436,-3.4056811720379954,-5.424876776126681,27.77777777777778,6,2,0.9,ok
30,0,1,TRAILING,50,14:00,18,27.77777777777778,0.6881740084079692,-1.4216666666666669,-25.590000000000003,-2.5590000000000006,5.943618874790652,61.57499999999993,-2.1395428925813436,-3.4056811720379954,-5.424876776126681,27.77777777777778,6,2,0.9,ok
30,0,1,TRAILING,50,15:00,18,27.77777777777778,0.6881740084079692,-1.4216666666666669,-25.590000000000003,-2.5590000000000006,5.943618874790652,61.57499999999993,-2.1395428925813436,-3.4056811720379954,-5.424876776126681,27.77777777777778,6,2,0.9,ok
30,0,2,TRAILING,50,12:00,35,25.71428571428571,0.5503321410321921,-2.2628571428571433,-79.20000000000002,-7.920000000000002,11.024737052843355,112.8900000000001,-5.2221518375956535,-6.431067701348628,-9.051644453893164,38.88888888888889,11,2,1.75,ok
30,0,2,TRAILING,50,14:00,36,25.0,0.533652655049963,-2.352916666666667,-84.70500000000003,-8.470500000000003,11.562350459486128,118.3950000000001,-5.607222729335503,-6.820016480619216,-9.230675058152789,38.88888888888889,11,2,1.8,ok
30,0,2,TRAILING,50,15:00,36,25.0,0.533652655049963,-2.352916666666667,-84.70500000000003,-8.470500000000003,11.562350459486128,118.3950000000001,-5.607222729335503,-6.820016480619216,-9.230675058152789,38.88888888888889,11,2,1.8,ok
30,0,3,TRAILING,50,12:00,52,30.76923076923077,0.7100830900516505,-1.489615384615385,-77.46000000000002,-7.746000000000003,11.74025166701473,120.87000000000012,-3.26515160650494,-4.72312156084283,-8.313245982129557,33.33333333333333,6,3,2.6,ok
30,0,3,TRAILING,50,14:00,54,29.629629629629626,0.6732673267326731,-1.7050000000000003,-92.07000000000002,-9.207000000000003,11.87137882636337,122.22000000000014,-3.8896117169347897,-5.4610486040042305,-9.772091489690714,33.33333333333333,7,3,2.7,ok
30,0,3,TRAILING,50,15:00,54,29.629629629629626,0.6732673267326731,-1.7050000000000003,-92.07000000000002,-9.207000000000003,11.87137882636337,122.22000000000014,-3.8896117169347897,-5.4610486040042305,-9.772091489690714,33.33333333333333,7,3,2.7,ok
40,0,1,TRAILING,15,12:00,18,44.44444444444444,0.9383669885864794,-0.19500000000000023,-3.5100000000000042,-0.3510000000000004,2.972067478213026,30.25,-0.3504475146119253,-0.5653423384549598,-1.4880550433057869,44.44444444444444,4,4,0.9,ok
40,0,1,TRAILING,15,14:00,18,44.44444444444444,0.9383669885864794,-0.19500000000000023,-3.5100000000000042,-0.3510000000000004,2.972067478213026,30.25,-0.3504475146119253,-0.5653423384549598,-1.4880550433057869,44.44444444444444,4,4,0.9,ok
40,0,1,TRAILING,15,15:00,18,44.44444444444444,0.9383669885864794,-0.19500000000000023,-3.5100000000000042,-0.3510000000000004,2.972067478213026,30.25,-0.3504475146119253,-0.5653423384549598,-1.4880550433057869,44.44444444444444,4,4,0.9,ok
40,0,2,TRAILING,15,12:00,35,48.57142857142857,1.0005478851632696,0.0014285714285711887,0.04999999999999161,0.0049999999999991605,3.306050862320954,33.92999999999995,0.05819716263724219,0.07858426731625257,0.019055968169758103,55.55555555555556,5,3,1.75,ok
40,0,2,TRAILING,15,14:00,36,47.22222222222222,0.954326923076923,-0.12138888888888921,-4.370000000000012,-0.43700000000000117,3.306050862320954,33.92999999999995,-0.45260628095587185,-0.6052636600994143,-1.6654916180371422,50.0,5,3,1.8,ok
40,0,2,TRAILING,15,15:00,36,47.22222222222222,0.954326923076923,-0.12138888888888921,-4.370000000000012,-0.43700000000000117,3.306050862320954,33.92999999999995,-0.45260628095587185,-0.6052636600994143,-1.6654916180371422,50.0,5,3,1.8,ok
40,0,3,TRAILING,15,12:00,52,44.230769230769226,0.9235032450958943,-0.20173076923076938,-10.490000000000007,-1.0490000000000008,4.249844648128019,43.770000000000095,-0.8932929144572078,-1.140423592548003,-3.110090154900612,50.0,4,2,2.6,ok
40,0,3,TRAILING,15,14:00,54,42.592592592592595,0.8756741806112571,-0.3329629629629632,-17.98000000000001,-1.798000000000001,4.977085598881477,51.260000000000105,-1.5909851780600093,-2.006960244570074,-4.551820447912595,44.44444444444444,6,2,2.7,ok
40,0,3,TRAILING,15,15:00,54,42.592592592592595,0.8756741806112571,-0.3329629629629632,-17.98000000000001,-1.798000000000001,4.977085598881477,51.260000000000105,-1.5909851780600093,-2.006960244570074,-4.551820447912595,44.44444444444444,6,2,2.7,ok
40,0,1,TRAILING,25,12:00,18,44.44444444444444,0.7589482612383376,-0.7894444444444445,-14.21,-1.421,3.5636585581949314,36.19999999999993,-1.7411109696864293,-2.5203856643339364,-5.024218708839788,44.44444444444444,4,4,0.9,ok
40,0,1,TRAILING,25,14:00,18,44.44444444444444,0.7589482612383376,-0.7894444444444445,-14.21,-1.421,3.5636585581949314,36.19999999999993,-1.7411109696864293,-2.5203856643339364,-5.024218708839788,44.44444444444444,4,4,0.9,ok
40,0,1,TRAILING,25,15:00,18,44.44444444444444,0.7589482612383376,-0.7894444444444445,-14.21,-1.421,3.5636585581949314,36.19999999999993,-1.7411109696864293,-2.5203856643339364,-5.024218708839788,44.44444444444444,4,4,0.9,ok
40,0,2,TRAILING,25,12:00,35,40.0,0.7343734067502804,-0.7442857142857144,-26.050000000000004,-2.6050000000000004,4.2786069651741245,43.42999999999995,-3.0847819966909205,-3.5999375284596753,-7.671422093023266,50.0,7,3,1.75,ok
40,0,2,TRAILING,25,14:00,36,38.88888888888889,0.6982741904207873,-0.8644444444444447,-31.120000000000008,-3.112000000000001,4.54854440667947,46.16999999999996,-3.7515075781433134,-4.307118478980396,-8.620603976608196,44.44444444444444,7,3,1.8,ok
40,0,2,TRAILING,25,15:00,36,38.88888888888889,0.6982741904207873,-0.8644444444444447,-31.120000000000008,-3.112000000000001,4.54854440667947,46.16999999999996,-3.7515075781433134,-4.307118478980396,-8.620603976608196,44.44444444444444,7,3,1.8,ok
40,0,3,TRAILING,25,12:00,52,38.46153846153847,0.6916740417999864,-0.8709615384615386,-45.290000000000006,-4.529000000000001,6.637996061873647,67.75999999999999,-4.429939087964632,-4.873551947678438,-8.596781237603308,44.44444444444444,5,2,2.6,ok
40,0,3,TRAILING,25,14:00,54,37.03703703703704,0.6470101254537349,-1.0264814814814816,-55.43000000000001,-5.543000000000001,7.631344350943875,77.89999999999998,-5.486173453182157,-5.865928750149035,-9.15196547137356,38.88888888888889,7,2,2.7,ok
40,0,3,TRAILING,25,15:00,54,37.03703703703704,0.6470101254537349,-1.0264814814814816,-55.43000000000001,-5.543000000000001,7.631344350943875,77.89999999999998,-5.486173453182157,-5.865928750149035,-9.15196547137356,38.88888888888889,7,2,2.7,ok
40,0,1,TRAILING,35,12:00,18,44.44444444444444,0.5370860927152318,-1.5533333333333337,-27.960000000000004,-2.7960000000000007,4.11455554896963,41.64999999999998,-3.852877515314119,-4.83550873349252,-8.562188450420177,44.44444444444444,4,4,0.9,ok
40,0,1,TRAILING,35,14:00,18,44.44444444444444,0.5370860927152318,-1.5533333333333337,-27.960000000000004,-2.7960000000000007,4.11455554896963,41.64999999999998,-3.852877515314119,-4.83550873349252,-8.562188450420177,44.44444444444444,4,4,0.9,ok
40,0,1,TRAILING,35,15:00,18,44.44444444444444,0.5370860927152318,-1.5533333333333337,-27.960000000000004,-2.7960000000000007,4.11455554896963,41.64999999999998,-3.852877515314119,-4.83550873349252,-8.562188450420177,44.44444444444444,4,4,0.9,ok
40,0,2,TRAILING,35,12:00,35,42.857142857142854,0.7155534796823915,-0.8700000000000002,-30.450000000000006,-3.0450000000000004,4.969909332066361,50.210000000000036,-3.561247275231069,-4.06808453338988,-7.719859143596889,66.66666666666666,7,3,1.75,ok
40,0,2,TRAILING,35,14:00,36,41.66666666666667,0.6844174410293067,-0.9811111111111113,-35.32000000000001,-3.5320000000000005,5.451953913766474,55.07999999999993,-4.15799936901172,-4.691552193972282,-8.162798274509816,61.111111111111114,7,3,1.8,ok
40,0,2,TRAILING,35,15:00,36,41.66666666666667,0.6844174410293067,-0.9811111111111113,-35.32000000000001,-3.5320000000000005,5.451953913766474,55.07999999999993,-4.15799936901172,-4.691552193972282,-8.162798274509816,61.111111111111114,7,3,1.8,ok
40,0,3,TRAILING,35,12:00,52,38.46153846153847,0.6260340345072086,-1.2171153846153846,-63.29,-6.329,7.837431207190081,79.17999999999995,-6.412831340451804,-6.480075160201404,-10.174940984086897,44.44444444444444,8,3,2.6,ok
40,0,3,TRAILING,35,14:00,54,37.03703703703704,0.5927935992838359,-1.347777777777778,-72.78000000000002,-7.278000000000001,8.776774755513319,88.66999999999996,-7.39902011497076,-7.2710020407144125,-10.448348346002035,38.88888888888889,8,3,2.7,ok
40,0,3,TRAILING,35,15:00,54,37.03703703703704,0.5927935992838359,-1.347777777777778,-72.78000000000002,-7.278000000000001,8.776774755513319,88.66999999999996,-7.39902011497076,-7.2710020407144125,-10.448348346002035,38.88888888888889,8,3,2.7,ok
40,0,1,TRAILING,50,12:00,18,33.33333333333333,0.8661364020984939,-0.43944444444444464,-7.910000000000004,-0.7910000000000004,3.9723945679633803,41.04000000000008,-0.8029043111945015,-1.301691339190601,-2.5089652675438567,33.33333333333333,3,2,0.9,ok
40,0,1,TRAILING,50,14:00,18,33.33333333333333,0.8661364020984939,-0.43944444444444464,-7.910000000000004,-0.7910000000000004,3.9723945679633803,41.04000000000008,-0.8029043111945015,-1.301691339190601,-2.5089652675438567,33.33333333333333,3,2,0.9,ok
40,0,1,TRAILING,50,15:00,18,33.33333333333333,0.8661364020984939,-0.43944444444444464,-7.910000000000004,-0.7910000000000004,3.9723945679633803,41.04000000000008,-0.8029043111945015,-1.301691339190601,-2.5089652675438567,33.33333333333333,3,2,0.9,ok
40,0,2,TRAILING,50,12:00,35,37.142857142857146,0.8205418590469553,-0.5885714285714287,-20.600000000000005,-2.0600000000000005,5.377306192314807,55.29000000000008,-1.5868612559246669,-2.4585425727577594,-4.826952208355936,27.77777777777778,6,2,1.75,ok
40,0,2,TRAILING,50,14:00,36,36.11111111111111,0.7951207158534528,-0.6741666666666668,-24.270000000000003,-2.4270000000000005,5.734237169449824,58.960000000000036,-1.8806413335905612,-2.8892487487489236,-5.332915102103119,27.77777777777778,6,2,1.8,ok
40,0,2,TRAILING,50,15:00,36,36.11111111111111,0.7951207158534528,-0.6741666666666668,-24.270000000000003,-2.4270000000000005,5.734237169449824,58.960000000000036,-1.8806413335905612,-2.8892487487489236,-5.332915102103119,27.77777777777778,6,2,1.8,ok
40,0,3,TRAILING,50,12:00,51,37.254901960784316,0.7759688267321447,-0.8229411764705885,-41.97000000000001,-4.197000000000002,8.188042703235945,83.82999999999993,-2.399347339969862,-3.6863992339288343,-6.45846656113564,27.77777777777778,6,3,2.55,ok
40,0,3,TRAILING,50,14:00,54,35.18518518518518,0.7022705314009662,-1.1412962962962965,-61.63000000000001,-6.163000000000001,8.961623738779657,91.75,-3.7296545187391543,-5.242168308676427,-8.665148444468667,27.77777777777778,6,3,2.7,ok
40,0,3,TRAILING,50,15:00,54,35.18518518518518,0.7022705314009662,-1.1412962962962965,-61.63000000000001,-6.163000000000001,8.961623738779657,91.75,-3.7296545187391543,-5.242168308676427,-8.665148444468667,27.77777777777778,6,3,2.7,ok
50,0,1,TRAILING,15,12:00,18,44.44444444444444,0.8257958287596048,-0.44083333333333335,-7.9350000000000005,-0.7935000000000001,2.869887307061232,29.209999999999923,-1.1179692793446299,-1.6957863805910018,-3.483795330708671,44.44444444444444,4,4,0.9,ok
50,0,1,TRAILING,15,14:00,18,44.44444444444444,0.8257958287596048,-0.44083333333333335,-7.9350000000000005,-0.7935000000000001,2.869887307061232,29.209999999999923,-1.1179692793446299,-1.6957863805910018,-3.483795330708671,44.44444444444444,4,4,0.9,ok
50,0,1,TRAILING,15,15:00,18,44.44444444444444,0.8257958287596048,-0.44083333333333335,-7.9350000000000005,-0.7935000000000001,2.869887307061232,29.209999999999923,-1.1179692793446299,-1.6957863805910018,-3.483795330708671,44.44444444444444,4,4,0.9,ok
50,0,2,TRAILING,15,12:00,35,48.57142857142857,0.8800781712661377,-0.2892857142857145,-10.125000000000007,-1.0125000000000006,4.113200232603212,42.43999999999994,-1.1822475411044988,-1.5994402128912233,-3.1015995523091484,50.0,5,3,1.75,ok
50,0,2,TRAILING,15,14:00,36,47.22222222222222,0.8581244947453517,-0.3412500000000003,-12.285000000000009,-1.228500000000001,4.322543128513269,44.59999999999991,-1.4741358756720142,-2.0067828099551415,-3.581016901345302,44.44444444444444,5,3,1.8,ok
50,0,2,TRAILING,15,15:00,36,47.22222222222222,0.8581244947453517,-0.3412500000000003,-12.285000000000009,-1.228500000000001,4.322543128513269,44.59999999999991,-1.4741358756720142,-2.0067828099551415,-3.581016901345302,44.44444444444444,5,3,1.8,ok
50,0,3,TRAILING,15,12:00,52,44.230769230769226,0.8793676530198622,-0.2861538461538462,-14.880000000000003,-1.4880000000000002,4.893427720397655,50.59999999999991,-1.193512148086484,-1.545464190358938,-3.8314247335968448,50.0,4,2,2.6,ok
50,0,3,TRAILING,15,14:00,54,42.592592592592595,0.8534560761634998,-0.3449074074074075,-18.625000000000004,-1.8625000000000003,5.255599396541712,54.344999999999914,-1.5180170474929617,-1.9584787801083947,-4.465237593154852,44.44444444444444,6,2,2.7,ok
50,0,3,TRAILING,15,15:00,54,42.592592592592595,0.8534560761634998,-0.3449074074074075,-18.625000000000004,-1.8625000000000003,5.255599396541712,54.344999999999914,-1.5180170474929617,-1.9584787801083947,-4.465237593154852,44.44444444444444,6,2,2.7,ok
50,0,1,TRAILING,25,12:00,18,44.44444444444444,0.7001566345938689,-0.7444444444444445,-13.4,-1.34,3.0812848859530773,31.299999999999955,-2.138129580173883,-2.9977769997121997,-5.479532281150168,44.44444444444444,4,4,0.9,ok
50,0,1,TRAILING,25,14:00,18,44.44444444444444,0.7001566345938689,-0.7444444444444445,-13.4,-1.34,3.0812848859530773,31.299999999999955,-2.138129580173883,-2.9977769997121997,-5.479532281150168,44.44444444444444,4,4,0.9,ok
50,0,1,TRAILING,25,15:00,18,44.44444444444444,0.7001566345938689,-0.7444444444444445,-13.4,-1.34,3.0812848859530773,31.299999999999955,-2.138129580173883,-2.9977769997121997,-5.479532281150168,44.44444444444444,4,4,0.9,ok
50,0,2,TRAILING,25,12:00,35,40.0,0.738880918220947,-0.5200000000000001,-18.200000000000003,-1.8200000000000005,3.702613898288461,37.75,-2.7912591253424783,-3.3642779145403665,-6.193462410596028,50.0,7,3,1.75,ok
50,0,2,TRAILING,25,14:00,36,38.88888888888889,0.7129507856302348,-0.5759722222222222,-20.735,-2.0735,3.9512530037761726,40.28499999999997,-3.2111745346618634,-3.8389397977985613,-6.612105065160735,44.44444444444444,7,3,1.8,ok
50,0,2,TRAILING,25,15:00,36,38.88888888888889,0.7129507856302348,-0.5759722222222222,-20.735,-2.0735,3.9512530037761726,40.28499999999997,-3.2111745346618634,-3.8389397977985613,-6.612105065160735,44.44444444444444,7,3,1.8,ok
50,0,3,TRAILING,25,12:00,52,38.46153846153847,0.6991758241758242,-0.5896153846153847,-30.660000000000004,-3.0660000000000003,5.538920695608068,56.789999999999964,-3.8102821798796342,-4.7182514850650765,-6.974571784469102,44.44444444444444,5,2,2.6,ok
50,0,3,TRAILING,25,14:00,54,37.03703703703704,0.6660435554724742,-0.6616666666666667,-35.730000000000004,-3.5730000000000004,6.033414936261937,61.860000000000014,-4.480799529380757,-5.456524745982088,-7.461744381183316,38.88888888888889,7,2,2.7,ok
50,0,3,TRAILING,25,15:00,54,37.03703703703704,0.6660435554724742,-0.6616666666666667,-35.730000000000004,-3.5730000000000004,6.033414936261937,61.860000000000014,-4.480799529380757,-5.456524745982088,-7.461744381183316,38.88888888888889,7,2,2.7,ok
50,0,1,TRAILING,35,12:00,18,44.44444444444444,0.5026972353337829,-1.2291666666666667,-22.125,-2.2125,3.396854563056921,34.38499999999999,-3.974064125489325,-4.946244203876684,-8.206857103388108,44.44444444444444,4,4,0.9,ok
50,0,1,TRAILING,35,14:00,18,44.44444444444444,0.5026972353337829,-1.2291666666666667,-22.125,-2.2125,3.396854563056921,34.38499999999999,-3.974064125489325,-4.946244203876684,-8.206857103388108,44.44444444444444,4,4,0.9,ok
50,0,1,TRAILING,35,15:00,18,44.44444444444444,0.5026972353337829,-1.2291666666666667,-22.125,-2.2125,3.396854563056921,34.38499999999999,-3.974064125489325,-4.946244203876684,-8.206857103388108,44.44444444444444,4,4,0.9,ok
50,0,2,TRAILING,35,12:00,35,42.857142857142854,0.70522141440846,-0.5734285714285716,-20.070000000000007,-2.007000000000001,3.473294532208896,35.09000000000003,-3.973483675693182,-4.406549523805586,-7.280753119407234,55.55555555555556,7,3,1.75,ok
50,0,2,TRAILING,35,14:00,36,41.66666666666667,0.6808706749858195,-0.6251388888888891,-22.50500000000001,-2.250500000000001,3.714316823058952,37.52499999999998,-4.4814319110361795,-4.919094075035222,-7.634324520719529,50.0,7,3,1.8,ok
50,0,2,TRAILING,35,15:00,36,41.66666666666667,0.6808706749858195,-0.6251388888888891,-22.50500000000001,-2.250500000000001,3.714316823058952,37.52499999999998,-4.4814319110361795,-4.919094075035222,-7.634324520719529,50.0,7,3,1.8,ok
50,0,3,TRAILING,35,12:00,52,38.46153846153847,0.6054638746359727,-0.820673076923077,-42.675000000000004,-4.2675,5.664927261227076,57.32000000000005,-6.470870584380549,-6.739196263861698,-9.491825317515694,44.44444444444444,8,3,2.6,ok
50,0,3,TRAILING,35,14:00,54,37.03703703703704,0.580019484545213,-0.8781481481481483,-47.42000000000001,-4.742000000000001,6.133874920936122,62.065000000000055,-7.242505419499105,-7.379983352579527,-9.740857250946581,38.88888888888889,8,3,2.7,ok
50,0,3,TRAILING,35,15:00,54,37.03703703703704,0.580019484545213,-0.8781481481481483,-47.42000000000001,-4.742000000000001,6.133874920936122,62.065000000000055,-7.242505419499105,-7.379983352579527,-9.740857250946581,38.88888888888889,8,3,2.7,ok
50,0,1,TRAILING,50,12:00,18,33.33333333333333,0.7703406813627253,-0.7958333333333336,-14.325000000000005,-1.4325000000000006,4.593323202307565,47.455000000000155,-1.4513798995436544,-2.171928102983212,-3.9295079412074485,33.33333333333333,3,2,0.9,ok
50,0,1,TRAILING,50,14:00,18,33.33333333333333,0.7703406813627253,-0.7958333333333336,-14.325000000000005,-1.4325000000000006,4.593323202307565,47.455000000000155,-1.4513798995436544,-2.171928102983212,-3.9295079412074485,33.33333333333333,3,2,0.9,ok
50,0,1,TRAILING,50,15:00,18,33.33333333333333,0.7703406813627253,-0.7958333333333336,-14.325000000000005,-1.4325000000000006,4.593323202307565,47.455000000000155,-1.4513798995436544,-2.171928102983212,-3.9295079412074485,33.33333333333333,3,2,0.9,ok
50,0,2,TRAILING,50,12:00,35,37.142857142857146,0.69468464655016,-0.7212857142857144,-25.245000000000005,-2.5245,4.254050538100679,43.164999999999964,-2.798738900114399,-3.835481121519798,-7.477273651337896,33.33333333333333,6,2,1.75,ok
50,0,2,TRAILING,50,14:00,36,36.11111111111111,0.6796024609559866,-0.7522222222222225,-27.08000000000001,-2.708000000000001,4.43489573067371,45.0,-3.009063116882769,-4.1053675317797,-7.693709632000004,33.33333333333333,6,2,1.8,ok
50,0,2,TRAILING,50,15:00,36,36.11111111111111,0.6796024609559866,-0.7522222222222225,-27.08000000000001,-2.708000000000001,4.43489573067371,45.0,-3.009063116882769,-4.1053675317797,-7.693709632000004,33.33333333333333,6,2,1.8,ok
50,0,3,TRAILING,50,12:00,51,37.254901960784316,0.6825293084432824,-0.7619607843137256,-38.86000000000001,-3.8860000000000006,5.81402243193834,58.835000000000036,-3.662507053717946,-4.8885126126409615,-8.42163933372992,27.77777777777778,6,3,2.55,ok
50,0,3,TRAILING,50,14:00,54,35.18518518518518,0.6251730459834622,-0.9275925925925927,-50.09000000000001,-5.009000000000001,6.296753792183411,63.72000000000003,-5.452977419505358,-6.5763520392325585,-10.023164646892653,27.77777777777778,6,3,2.7,ok
50,0,3,TRAILING,50,15:00,54,35.18518518518518,0.6251730459834622,-0.9275925925925927,-50.09000000000001,-5.009000000000001,6.296753792183411,63.72000000000003,-5.452977419505358,-6.5763520392325585,-10.023164646892653,27.77777777777778,6,3,2.7,ok
