SL,TP,MaxTrades,Modo,Trailing,HoraLimite,Total_Trades,Win_Rate,Profit_Factor,Expectancy,Neto_USD,Retorno_Pct,Max_DD_Pct,Max_DD_USD,Sharpe_Ratio,Sortino_Ratio,Calmar_Ratio,Consistencia_Pct,Racha_Max_Perdidas,Racha_Max_Ganancias,Trades_por_Dia_Promedio,Estado
10,20,1,TP_FIJO,0,12:00,28,10.714285714285714,0.22076171216717225,-6.192857142857142,-173.39999999999998,-17.339999999999996,17.339999999999996,173.39999999999998,-12.193591132114575,-11.639587680859893,-9.0,10.714285714285714,11,2,1.0,ok
10,20,1,TP_FIJO,0,14:00,28,10.714285714285714,0.22076171216717225,-6.192857142857142,-173.39999999999998,-17.339999999999996,17.339999999999996,173.39999999999998,-12.193591132114575,-11.639587680859893,-9.0,10.714285714285714,11,2,1.0,ok
10,20,1,TP_FIJO,0,15:00,28,10.714285714285714,0.22076171216717225,-6.192857142857142,-173.39999999999998,-17.339999999999996,17.339999999999996,173.39999999999998,-12.193591132114575,-11.639587680859893,-9.0,10.714285714285714,11,2,1.0,ok
10,20,2,TP_FIJO,0,12:00,54,11.11111111111111,0.22601794340924775,-5.607500000000001,-302.80500000000006,-30.280500000000004,30.280500000000004,302.80500000000006,-16.139892207924547,-11.912691926680592,-9.0,21.428571428571427,18,1,1.9285714285714286,ok
10,20,2,TP_FIJO,0,14:00,54,11.11111111111111,0.22601794340924775,-5.607500000000001,-302.80500000000006,-30.280500000000004,30.280500000000004,302.80500000000006,-16.139892207924547,-11.912691926680592,-9.0,21.428571428571427,18,1,1.9285714285714286,ok
10,20,2,TP_FIJO,0,15:00,54,11.11111111111111,0.22601794340924775,-5.607500000000001,-302.80500000000006,-30.280500000000004,30.280500000000004,302.80500000000006,-16.139892207924547,-11.912691926680592,-9.0,21.428571428571427,18,1,1.9285714285714286,ok
10,20,3,TP_FIJO,0,12:00,78,14.102564102564102,0.29355101565683017,-4.66826923076923,-364.12499999999994,-36.412499999999994,36.41249999999997,364.1249999999998,-17.623170070000853,-12.059156864911595,-9.000000000000005,3.571428571428571,14,1,2.7857142857142856,ok
10,20,3,TP_FIJO,0,14:00,78,14.102564102564102,0.29355101565683017,-4.66826923076923,-364.12499999999994,-36.412499999999994,36.41249999999997,364.1249999999998,-17.623170070000853,-12.059156864911595,-9.000000000000005,3.571428571428571,14,1,2.7857142857142856,ok
10,20,3,TP_FIJO,0,15:00,78,14.102564102564102,0.29355101565683017,-4.66826923076923,-364.12499999999994,-36.412499999999994,36.41249999999997,364.1249999999998,-17.623170070000853,-12.059156864911595,-9.000000000000005,3.571428571428571,14,1,2.7857142857142856,ok
10,30,1,TP_FIJO,0,12:00,28,10.714285714285714,0.3401054419517791,-5.341964285714286,-149.57500000000002,-14.957500000000001,14.957499999999992,149.57499999999993,-7.56296623414954,-9.798747121483492,-9.000000000000005,10.714285714285714,11,2,1.0,ok
10,30,1,TP_FIJO,0,14:00,28,10.714285714285714,0.3401054419517791,-5.341964285714286,-149.57500000000002,-14.957500000000001,14.957499999999992,149.57499999999993,-7.56296623414954,-9.798747121483492,-9.000000000000005,10.714285714285714,11,2,1.0,ok
10,30,1,TP_FIJO,0,15:00,28,10.714285714285714,0.3401054419517791,-5.341964285714286,-149.57500000000002,-14.957500000000001,14.957499999999992,149.57499999999993,-7.56296623414954,-9.798747121483492,-9.000000000000005,10.714285714285714,11,2,1.0,ok
10,30,2,TP_FIJO,0,12:00,54,11.11111111111111,0.3365875808831875,-4.87,-262.98,-26.298,26.298,262.98,-10.58205685080563,-10.11084443343637,-9.0,21.428571428571427,18,1,1.9285714285714286,ok
10,30,2,TP_FIJO,0,14:00,54,11.11111111111111,0.3365875808831875,-4.87,-262.98,-26.298,26.298,262.98,-10.58205685080563,-10.11084443343637,-9.0,21.428571428571427,18,1,1.9285714285714286,ok
10,30,2,TP_FIJO,0,15:00,54,11.11111111111111,0.3365875808831875,-4.87,-262.98,-26.298,26.298,262.98,-10.58205685080563,-10.11084443343637,-9.0,21.428571428571427,18,1,1.9285714285714286,ok
10,30,3,TP_FIJO,0,12:00,78,14.102564102564102,0.4500157328743035,-3.80948717948718,-297.14000000000004,-29.714000000000006,29.714000000000013,297.1400000000001,-10.378375064831335,-9.265306162443164,-8.999999999999998,39.285714285714285,14,1,2.7857142857142856,ok
10,30,3,TP_FIJO,0,14:00,78,14.102564102564102,0.4500157328743035,-3.80948717948718,-297.14000000000004,-29.714000000000006,29.714000000000013,297.1400000000001,-10.378375064831335,-9.265306162443164,-8.999999999999998,39.285714285714285,14,1,2.7857142857142856,ok
10,30,3,TP_FIJO,0,15:00,78,14.102564102564102,0.4500157328743035,-3.80948717948718,-297.14000000000004,-29.714000000000006,29.714000000000013,297.1400000000001,-10.378375064831335,-9.265306162443164,-8.999999999999998,39.285714285714285,14,1,2.7857142857142856,ok
10,40,1,TP_FIJO,0,12:00,28,10.714285714285714,0.44866605736170956,-4.524285714285715,-126.68,-12.668000000000001,12.667999999999996,126.67999999999995,-5.044942606472603,-8.112262592559413,-9.000000000000004,10.714285714285714,11,2,1.0,ok
10,40,1,TP_FIJO,0,14:00,28,10.714285714285714,0.44866605736170956,-4.524285714285715,-126.68,-12.668000000000001,12.667999999999996,126.67999999999995,-5.044942606472603,-8.112262592559413,-9.000000000000004,10.714285714285714,11,2,1.0,ok
10,40,1,TP_FIJO,0,15:00,28,10.714285714285714,0.44866605736170956,-4.524285714285715,-126.68,-12.668000000000001,12.667999999999996,126.67999999999995,-5.044942606472603,-8.112262592559413,-9.000000000000004,10.714285714285714,11,2,1.0,ok
10,40,2,TP_FIJO,0,12:00,54,9.25925925925926,0.36626346602753745,-4.700740740740742,-253.84000000000006,-25.384000000000007,25.38400000000001,253.84000000000015,-8.576370374291864,-9.457343911569563,-8.999999999999998,17.857142857142858,23,1,1.9285714285714286,ok
10,40,2,TP_FIJO,0,14:00,54,9.25925925925926,0.36626346602753745,-4.700740740740742,-253.84000000000006,-25.384000000000007,25.38400000000001,253.84000000000015,-8.576370374291864,-9.457343911569563,-8.999999999999998,17.857142857142858,23,1,1.9285714285714286,ok
10,40,2,TP_FIJO,0,15:00,54,9.25925925925926,0.36626346602753745,-4.700740740740742,-253.84000000000006,-25.384000000000007,25.38400000000001,253.84000000000015,-8.576370374291864,-9.457343911569563,-8.999999999999998,17.857142857142858,23,1,1.9285714285714286,ok
10,40,3,TP_FIJO,0,12:00,78,11.538461538461538,0.4634758865053925,-3.7660897435897445,-293.75500000000005,-29.375500000000006,29.37550000000001,293.7550000000001,-8.550571736444418,-8.554891932587482,-9.0,32.142857142857146,14,1,2.7857142857142856,ok
10,40,3,TP_FIJO,0,14:00,78,11.538461538461538,0.4634758865053925,-3.7660897435897445,-293.75500000000005,-29.375500000000006,29.37550000000001,293.7550000000001,-8.550571736444418,-8.554891932587482,-9.0,32.142857142857146,14,1,2.7857142857142856,ok
10,40,3,TP_FIJO,0,15:00,78,11.538461538461538,0.4634758865053925,-3.7660897435897445,-293.75500000000005,-29.375500000000006,29.37550000000001,293.7550000000001,-8.550571736444418,-8.554891932587482,-9.0,32.142857142857146,14,1,2.7857142857142856,ok
10,60,1,TP_FIJO,0,12:00,28,10.714285714285714,0.6824942791762014,-2.675892857142856,-74.92499999999997,-7.492499999999996,10.287503416743284,103.5,-1.929190737965126,-4.421196109398604,-6.5547973369565184,10.714285714285714,11,2,1.0,ok
10,60,1,TP_FIJO,0,14:00,28,10.714285714285714,0.6824942791762014,-2.675892857142856,-74.92499999999997,-7.492499999999996,10.287503416743284,103.5,-1.929190737965126,-4.421196109398604,-6.5547973369565184,10.714285714285714,11,2,1.0,ok
10,60,1,TP_FIJO,0,15:00,28,10.714285714285714,0.6824942791762014,-2.675892857142856,-74.92499999999997,-7.492499999999996,10.287503416743284,103.5,-1.929190737965126,-4.421196109398604,-6.5547973369565184,10.714285714285714,11,2,1.0,ok
10,60,2,TP_FIJO,0,12:00,54,9.25925925925926,0.5278256086478215,-3.6562037037037025,-197.43499999999995,-19.743499999999994,23.404499999999995,234.04499999999996,-4.668972832507452,-6.832651413999524,-7.5921938088829055,17.857142857142858,23,1,1.9285714285714286,ok
10,60,2,TP_FIJO,0,14:00,54,9.25925925925926,0.5278256086478215,-3.6562037037037025,-197.43499999999995,-19.743499999999994,23.404499999999995,234.04499999999996,-4.668972832507452,-6.832651413999524,-7.5921938088829055,17.857142857142858,23,1,1.9285714285714286,ok
10,60,2,TP_FIJO,0,15:00,54,9.25925925925926,0.5278256086478215,-3.6562037037037025,-197.43499999999995,-19.743499999999994,23.404499999999995,234.04499999999996,-4.668972832507452,-6.832651413999524,-7.5921938088829055,17.857142857142858,23,1,1.9285714285714286,ok
10,60,3,TP_FIJO,0,12:00,78,11.538461538461538,0.7305572565829763,-2.030769230769231,-158.40000000000003,-15.840000000000003,19.7245,197.245,-2.82468144238089,-3.9993474414457286,-7.22755963395777,32.142857142857146,14,1,2.7857142857142856,ok
10,60,3,TP_FIJO,0,14:00,78,11.538461538461538,0.7305572565829763,-2.030769230769231,-158.40000000000003,-15.840000000000003,19.7245,197.245,-2.82468144238089,-3.9993474414457286,-7.22755963395777,32.142857142857146,14,1,2.7857142857142856,ok
10,60,3,TP_FIJO,0,15:00,78,11.538461538461538,0.7305572565829763,-2.030769230769231,-158.40000000000003,-15.840000000000003,19.7245,197.245,-2.82468144238089,-3.9993474414457286,-7.22755963395777,32.142857142857146,14,1,2.7857142857142856,ok
10,80,1,TP_FIJO,0,12:00,28,7.142857142857142,0.5820241139934235,-3.6771428571428566,-102.95999999999998,-10.295999999999998,12.40485316016893,127.03499999999997,-2.5300580496419407,-6.0799257003001355,-7.469979596174283,7.142857142857142,12,1,1.0,ok
10,80,1,TP_FIJO,0,14:00,28,7.142857142857142,0.5820241139934235,-3.6771428571428566,-102.95999999999998,-10.295999999999998,12.40485316016893,127.03499999999997,-2.5300580496419407,-6.0799257003001355,-7.469979596174283,7.142857142857142,12,1,1.0,ok
10,80,1,TP_FIJO,0,15:00,28,7.142857142857142,0.5820241139934235,-3.6771428571428566,-102.95999999999998,-10.295999999999998,12.40485316016893,127.03499999999997,-2.5300580496419407,-6.0799257003001355,-7.469979596174283,7.142857142857142,12,1,1.0,ok
10,80,2,TP_FIJO,0,12:00,54,7.4074074074074066,0.5617264360520471,-3.4525,-186.435,-18.6435,23.467499999999998,234.67499999999995,-3.589978106063596,-6.165542938705916,-7.149952061361459,14.285714285714285,25,1,1.9285714285714286,ok
10,80,2,TP_FIJO,0,14:00,54,7.4074074074074066,0.5617264360520471,-3.4525,-186.435,-18.6435,23.467499999999998,234.67499999999995,-3.589978106063596,-6.165542938705916,-7.149952061361459,14.285714285714285,25,1,1.9285714285714286,ok
10,80,2,TP_FIJO,0,15:00,54,7.4074074074074066,0.5617264360520471,-3.4525,-186.435,-18.6435,23.467499999999998,234.67499999999995,-3.589978106063596,-6.165542938705916,-7.149952061361459,14.285714285714285,25,1,1.9285714285714286,ok
10,80,3,TP_FIJO,0,12:00,78,8.974358974358974,0.7316749095740759,-2.097115384615385,-163.57500000000002,-16.3575,18.337500000000002,183.375,-2.381650678650756,-3.8112916531730505,-8.028220858895704,25.0,14,1,2.7857142857142856,ok
10,80,3,TP_FIJO,0,14:00,78,8.974358974358974,0.7316749095740759,-2.097115384615385,-163.57500000000002,-16.3575,18.337500000000002,183.375,-2.381650678650756,-3.8112916531730505,-8.028220858895704,25.0,14,1,2.7857142857142856,ok
10,80,3,TP_FIJO,0,15:00,78,8.974358974358974,0.7316749095740759,-2.097115384615385,-163.57500000000002,-16.3575,18.337500000000002,183.375,-2.381650678650756,-3.8112916531730505,-8.028220858895704,25.0,14,1,2.7857142857142856,ok
10,100,1,TP_FIJO,0,12:00,28,7.142857142857142,0.7161336687028388,-2.5392857142857133,-71.09999999999997,-7.109999999999997,11.223280474054175,116.95500000000004,-1.3109053375826598,-3.831411555479317,-5.701541554444012,7.142857142857142,12,1,1.0,ok
10,100,1,TP_FIJO,0,14:00,28,7.142857142857142,0.7161336687028388,-2.5392857142857133,-71.09999999999997,-7.109999999999997,11.223280474054175,116.95500000000004,-1.3109053375826598,-3.831411555479317,-5.701541554444012,7.142857142857142,12,1,1.0,ok
10,100,1,TP_FIJO,0,15:00,28,7.142857142857142,0.7161336687028388,-2.5392857142857133,-71.09999999999997,-7.109999999999997,11.223280474054175,116.95500000000004,-1.3109053375826598,-3.831411555479317,-5.701541554444012,7.142857142857142,12,1,1.0,ok
10,100,2,TP_FIJO,0,12:00,54,7.4074074074074066,0.7106395215090867,-2.329351851851852,-125.78500000000003,-12.578500000000004,22.081500000000005,220.81500000000005,-1.7626700570401166,-3.704609104262009,-5.126757693091502,14.285714285714285,25,1,1.9285714285714286,ok
10,100,2,TP_FIJO,0,14:00,54,7.4074074074074066,0.7106395215090867,-2.329351851851852,-125.78500000000003,-12.578500000000004,22.081500000000005,220.81500000000005,-1.7626700570401166,-3.704609104262009,-5.126757693091502,14.285714285714285,25,1,1.9285714285714286,ok
10,100,2,TP_FIJO,0,15:00,54,7.4074074074074066,0.7106395215090867,-2.329351851851852,-125.78500000000003,-12.578500000000004,22.081500000000005,220.81500000000005,-1.7626700570401166,-3.704609104262009,-5.126757693091502,14.285714285714285,25,1,1.9285714285714286,ok
10,100,3,TP_FIJO,0,12:00,78,8.974358974358974,0.8654399392064265,-1.112371794871794,-86.76499999999993,-8.676499999999992,16.247000000000003,162.47000000000003,-0.8210347063175562,-1.5209601785826412,-4.806333476949585,25.0,14,1,2.7857142857142856,ok
10,100,3,TP_FIJO,0,14:00,78,8.974358974358974,0.8654399392064265,-1.112371794871794,-86.76499999999993,-8.676499999999992,16.247000000000003,162.47000000000003,-0.8210347063175562,-1.5209601785826412,-4.806333476949585,25.0,14,1,2.7857142857142856,ok
10,100,3,TP_FIJO,0,15:00,78,8.974358974358974,0.8654399392064265,-1.112371794871794,-86.76499999999993,-8.676499999999992,16.247000000000003,162.47000000000003,-0.8210347063175562,-1.5209601785826412,-4.806333476949585,25.0,14,1,2.7857142857142856,ok
15,20,1,TP_FIJO,0,12:00,28,28.57142857142857,0.49071661237784997,-3.350357142857144,-93.81000000000003,-9.381000000000004,10.683000000000016,106.83000000000015,-5.370172052150131,-6.625853591299326,-7.90311710193765,28.57142857142857,6,2,1.0,ok
15,20,1,TP_FIJO,0,14:00,28,28.57142857142857,0.49071661237784997,-3.350357142857144,-93.81000000000003,-9.381000000000004,10.683000000000016,106.83000000000015,-5.370172052150131,-6.625853591299326,-7.90311710193765,28.57142857142857,6,2,1.0,ok
15,20,1,TP_FIJO,0,15:00,28,28.57142857142857,0.49071661237784997,-3.350357142857144,-93.81000000000003,-9.381000000000004,10.683000000000016,106.83000000000015,-5.370172052150131,-6.625853591299326,-7.90311710193765,28.57142857142857,6,2,1.0,ok
15,20,2,TP_FIJO,0,12:00,54,27.77777777777778,0.47547696603071177,-3.131111111111113,-169.0800000000001,-16.90800000000001,17.983000000000025,179.83000000000027,-7.31263509193527,-7.641798327338758,-8.461991881221145,46.42857142857143,9,3,1.9285714285714286,ok
15,20,2,TP_FIJO,0,14:00,54,27.77777777777778,0.47547696603071177,-3.131111111111113,-169.0800000000001,-16.90800000000001,17.983000000000025,179.83000000000027,-7.31263509193527,-7.641798327338758,-8.461991881221145,46.42857142857143,9,3,1.9285714285714286,ok
15,20,2,TP_FIJO,0,15:00,54,27.77777777777778,0.47547696603071177,-3.131111111111113,-169.0800000000001,-16.90800000000001,17.983000000000025,179.83000000000027,-7.31263509193527,-7.641798327338758,-8.461991881221145,46.42857142857143,9,3,1.9285714285714286,ok
15,20,3,TP_FIJO,0,12:00,78,30.76923076923077,0.5409001238702573,-2.5658974358974374,-200.1400000000001,-20.01400000000001,20.014000000000067,200.14000000000067,-7.667547387246344,-7.676737464967762,-8.999999999999973,28.57142857142857,12,4,2.7857142857142856,ok
15,20,3,TP_FIJO,0,14:00,78,30.76923076923077,0.5409001238702573,-2.5658974358974374,-200.1400000000001,-20.01400000000001,20.014000000000067,200.14000000000067,-7.667547387246344,-7.676737464967762,-8.999999999999973,28.57142857142857,12,4,2.7857142857142856,ok
15,20,3,TP_FIJO,0,15:00,78,30.76923076923077,0.5409001238702573,-2.5658974358974374,-200.1400000000001,-20.01400000000001,20.014000000000067,200.14000000000067,-7.667547387246344,-7.676737464967762,-8.999999999999973,28.57142857142857,12,4,2.7857142857142856,ok
15,30,1,TP_FIJO,0,12:00,28,28.57142857142857,0.7726384364820844,-1.4957142857142869,-41.88000000000003,-4.188000000000002,8.415000000000008,84.15000000000009,-1.7319886367547364,-2.806363658742206,-4.4791443850267365,28.57142857142857,6,2,1.0,ok
15,30,1,TP_FIJO,0,14:00,28,28.57142857142857,0.7726384364820844,-1.4957142857142869,-41.88000000000003,-4.188000000000002,8.415000000000008,84.15000000000009,-1.7319886367547364,-2.806363658742206,-4.4791443850267365,28.57142857142857,6,2,1.0,ok
15,30,1,TP_FIJO,0,15:00,28,28.57142857142857,0.7726384364820844,-1.4957142857142869,-41.88000000000003,-4.188000000000002,8.415000000000008,84.15000000000009,-1.7319886367547364,-2.806363658742206,-4.4791443850267365,28.57142857142857,6,2,1.0,ok
15,30,2,TP_FIJO,0,12:00,54,27.77777777777778,0.7064633852093133,-1.8023148148148156,-97.32500000000005,-9.732500000000005,14.97750000000001,149.7750000000001,-3.1603234330301935,-4.097899877435922,-5.848272408612919,46.42857142857143,9,3,1.9285714285714286,ok
15,30,2,TP_FIJO,0,14:00,54,27.77777777777778,0.7064633852093133,-1.8023148148148156,-97.32500000000005,-9.732500000000005,14.97750000000001,149.7750000000001,-3.1603234330301935,-4.097899877435922,-5.848272408612919,46.42857142857143,9,3,1.9285714285714286,ok
15,30,2,TP_FIJO,0,15:00,54,27.77777777777778,0.7064633852093133,-1.8023148148148156,-97.32500000000005,-9.732500000000005,14.97750000000001,149.7750000000001,-3.1603234330301935,-4.097899877435922,-5.848272408612919,46.42857142857143,9,3,1.9285714285714286,ok
15,30,3,TP_FIJO,0,12:00,78,30.76923076923077,0.8179397128882004,-1.099935897435898,-85.79500000000004,-8.579500000000003,16.237000000000013,162.37000000000012,-2.2482974755743177,-2.9279914354014487,-4.755527498922212,28.57142857142857,12,4,2.7857142857142856,ok
15,30,3,TP_FIJO,0,14:00,78,30.76923076923077,0.8179397128882004,-1.099935897435898,-85.79500000000004,-8.579500000000003,16.237000000000013,162.37000000000012,-2.2482974755743177,-2.9279914354014487,-4.755527498922212,28.57142857142857,12,4,2.7857142857142856,ok
15,30,3,TP_FIJO,0,15:00,78,30.76923076923077,0.8179397128882004,-1.099935897435898,-85.79500000000004,-8.579500000000003,16.237000000000013,162.37000000000012,-2.2482974755743177,-2.9279914354014487,-4.755527498922212,28.57142857142857,12,4,2.7857142857142856,ok
15,40,1,TP_FIJO,0,12:00,28,25.0,0.861020629750271,-0.9600000000000009,-26.880000000000024,-2.6880000000000024,7.751999999999998,77.51999999999998,-0.8939090565140329,-1.656051924622986,-3.1207430340557316,25.0,6,2,1.0,ok
15,40,1,TP_FIJO,0,14:00,28,25.0,0.861020629750271,-0.9600000000000009,-26.880000000000024,-2.6880000000000024,7.751999999999998,77.51999999999998,-0.8939090565140329,-1.656051924622986,-3.1207430340557316,25.0,6,2,1.0,ok
15,40,1,TP_FIJO,0,15:00,28,25.0,0.861020629750271,-0.9600000000000009,-26.880000000000024,-2.6880000000000024,7.751999999999998,77.51999999999998,-0.8939090565140329,-1.656051924622986,-3.1207430340557316,25.0,6,2,1.0,ok
15,40,2,TP_FIJO,0,12:00,54,22.22222222222222,0.6873383567963538,-2.0708333333333333,-111.825,-11.182500000000001,15.824000000000012,158.24000000000012,-3.321689359617832,-4.435992805993523,-6.360117542972696,39.285714285714285,13,3,1.9285714285714286,ok
15,40,2,TP_FIJO,0,14:00,54,22.22222222222222,0.6873383567963538,-2.0708333333333333,-111.825,-11.182500000000001,15.824000000000012,158.24000000000012,-3.321689359617832,-4.435992805993523,-6.360117542972696,39.285714285714285,13,3,1.9285714285714286,ok
15,40,2,TP_FIJO,0,15:00,54,22.22222222222222,0.6873383567963538,-2.0708333333333333,-111.825,-11.182500000000001,15.824000000000012,158.24000000000012,-3.321689359617832,-4.435992805993523,-6.360117542972696,39.285714285714285,13,3,1.9285714285714286,ok
15,40,3,TP_FIJO,0,12:00,78,24.358974358974358,0.7989650888673692,-1.317435897435898,-102.76000000000005,-10.276000000000005,16.297500000000014,162.97500000000014,-2.258693087622842,-3.0328280683341493,-5.674735388863321,53.57142857142857,12,4,2.7857142857142856,ok
15,40,3,TP_FIJO,0,14:00,78,24.358974358974358,0.7989650888673692,-1.317435897435898,-102.76000000000005,-10.276000000000005,16.297500000000014,162.97500000000014,-2.258693087622842,-3.0328280683341493,-5.674735388863321,53.57142857142857,12,4,2.7857142857142856,ok
15,40,3,TP_FIJO,0,15:00,78,24.358974358974358,0.7989650888673692,-1.317435897435898,-102.76000000000005,-10.276000000000005,16.297500000000014,162.97500000000014,-2.258693087622842,-3.0328280683341493,-5.674735388863321,53.57142857142857,12,4,2.7857142857142856,ok
15,60,1,TP_FIJO,0,12:00,28,25.0,1.2750916123778497,1.9303571428571422,54.04999999999998,5.404999999999998,6.551999999999998,65.51999999999998,1.6276826001266906,4.047056534329782,7.424450549450549,25.0,6,2,1.0,ok
15,60,1,TP_FIJO,0,14:00,28,25.0,1.2750916123778497,1.9303571428571422,54.04999999999998,5.404999999999998,6.551999999999998,65.51999999999998,1.6276826001266906,4.047056534329782,7.424450549450549,25.0,6,2,1.0,ok
15,60,1,TP_FIJO,0,15:00,28,25.0,1.2750916123778497,1.9303571428571422,54.04999999999998,5.404999999999998,6.551999999999998,65.51999999999998,1.6276826001266906,4.047056534329782,7.424450549450549,25.0,6,2,1.0,ok
15,60,2,TP_FIJO,0,12:00,54,22.22222222222222,1.0968529998949248,0.6827777777777769,36.869999999999955,3.686999999999995,12.884500000000001,128.84500000000003,0.9532788181297192,1.800973959615255,2.575420078388758,39.285714285714285,13,3,1.9285714285714286,ok
15,60,2,TP_FIJO,0,14:00,54,22.22222222222222,1.0968529998949248,0.6827777777777769,36.869999999999955,3.686999999999995,12.884500000000001,128.84500000000003,0.9532788181297192,1.800973959615255,2.575420078388758,39.285714285714285,13,3,1.9285714285714286,ok
15,60,2,TP_FIJO,0,15:00,54,22.22222222222222,1.0968529998949248,0.6827777777777769,36.869999999999955,3.686999999999995,12.884500000000001,128.84500000000003,0.9532788181297192,1.800973959615255,2.575420078388758,39.285714285714285,13,3,1.9285714285714286,ok
15,60,3,TP_FIJO,0,12:00,78,23.076923076923077,1.1251670145226222,0.9187820512820506,71.66499999999995,7.166499999999995,12.66500000000001,126.65000000000009,1.4621126101942754,2.509711141689503,5.092656928543222,53.57142857142857,12,4,2.7857142857142856,ok
15,60,3,TP_FIJO,0,14:00,78,23.076923076923077,1.1251670145226222,0.9187820512820506,71.66499999999995,7.166499999999995,12.66500000000001,126.65000000000009,1.4621126101942754,2.509711141689503,5.092656928543222,53.57142857142857,12,4,2.7857142857142856,ok
15,60,3,TP_FIJO,0,15:00,78,23.076923076923077,1.1251670145226222,0.9187820512820506,71.66499999999995,7.166499999999995,12.66500000000001,126.65000000000009,1.4621126101942754,2.509711141689503,5.092656928543222,53.57142857142857,12,4,2.7857142857142856,ok
15,80,1,TP_FIJO,0,12:00,28,21.428571428571427,1.3735389921440886,2.784999999999999,77.97999999999996,7.7979999999999965,5.516401461457064,55.25999999999999,1.945159239554204,5.622470769227598,12.722424299674264,21.428571428571427,6,1,1.0,ok
15,80,1,TP_FIJO,0,14:00,28,21.428571428571427,1.3735389921440886,2.784999999999999,77.97999999999996,7.7979999999999965,5.516401461457064,55.25999999999999,1.945159239554204,5.622470769227598,12.722424299674264,21.428571428571427,6,1,1.0,ok
15,80,1,TP_FIJO,0,15:00,28,21.428571428571427,1.3735389921440886,2.784999999999999,77.97999999999996,7.7979999999999965,5.516401461457064,55.25999999999999,1.945159239554204,5.622470769227598,12.722424299674264,21.428571428571427,6,1,1.0,ok
15,80,2,TP_FIJO,0,12:00,54,20.37037037037037,1.277576251110453,2.0830555555555548,112.48499999999996,11.248499999999996,11.822966554424358,119.73000000000002,2.0403220700567757,4.553853017558925,8.562698670759202,35.714285714285715,13,3,1.9285714285714286,ok
15,80,2,TP_FIJO,0,14:00,54,20.37037037037037,1.277576251110453,2.0830555555555548,112.48499999999996,11.248499999999996,11.822966554424358,119.73000000000002,2.0403220700567757,4.553853017558925,8.562698670759202,35.714285714285715,13,3,1.9285714285714286,ok
15,80,2,TP_FIJO,0,15:00,54,20.37037037037037,1.277576251110453,2.0830555555555548,112.48499999999996,11.248499999999996,11.822966554424358,119.73000000000002,2.0403220700567757,4.553853017558925,8.562698670759202,35.714285714285715,13,3,1.9285714285714286,ok
15,80,3,TP_FIJO,0,12:00,78,20.51282051282051,1.3365413088540128,2.622692307692308,204.57000000000002,20.457000000000004,14.26350000000001,142.6350000000001,3.0341179988918623,6.060483340998268,12.907981911872955,50.0,13,4,2.7857142857142856,ok
15,80,3,TP_FIJO,0,14:00,78,20.51282051282051,1.3365413088540128,2.622692307692308,204.57000000000002,20.457000000000004,14.26350000000001,142.6350000000001,3.0341179988918623,6.060483340998268,12.907981911872955,50.0,13,4,2.7857142857142856,ok
15,80,3,TP_FIJO,0,15:00,78,20.51282051282051,1.3365413088540128,2.622692307692308,204.57000000000002,20.457000000000004,14.26350000000001,142.6350000000001,3.0341179988918623,6.060483340998268,12.907981911872955,50.0,13,4,2.7857142857142856,ok
15,100,1,TP_FIJO,0,12:00,28,17.857142857142858,1.391112145183806,3.0017857142857136,84.04999999999998,8.405,8.17665279065638,82.88999999999999,1.8666430120767228,6.0548581276445566,9.251340608034745,17.857142857142858,9,1,1.0,ok
15,100,1,TP_FIJO,0,14:00,28,17.857142857142858,1.391112145183806,3.0017857142857136,84.04999999999998,8.405,8.17665279065638,82.88999999999999,1.8666430120767228,6.0548581276445566,9.251340608034745,17.857142857142858,9,1,1.0,ok
15,100,1,TP_FIJO,0,15:00,28,17.857142857142858,1.391112145183806,3.0017857142857136,84.04999999999998,8.405,8.17665279065638,82.88999999999999,1.8666430120767228,6.0548581276445566,9.251340608034745,17.857142857142858,9,1,1.0,ok
15,100,2,TP_FIJO,0,12:00,54,16.666666666666664,1.298371335504886,2.2899999999999996,123.65999999999997,12.365999999999996,16.287414752722622,168.85000000000014,1.9403413872475912,4.9285829306111975,6.833128626591641,28.57142857142857,19,2,1.9285714285714286,ok
15,100,2,TP_FIJO,0,14:00,54,16.666666666666664,1.298371335504886,2.2899999999999996,123.65999999999997,12.365999999999996,16.287414752722622,168.85000000000014,1.9403413872475912,4.9285829306111975,6.833128626591641,28.57142857142857,19,2,1.9285714285714286,ok
15,100,2,TP_FIJO,0,15:00,54,16.666666666666664,1.298371335504886,2.2899999999999996,123.65999999999997,12.365999999999996,16.287414752722622,168.85000000000014,1.9403413872475912,4.9285829306111975,6.833128626591641,28.57142857142857,19,2,1.9285714285714286,ok
15,100,3,TP_FIJO,0,12:00,78,17.94871794871795,1.355793163610753,2.849743589743589,222.27999999999994,22.227999999999994,12.370500000000003,123.70500000000004,3.0834769043140535,6.266464857144212,16.17169879956347,46.42857142857143,13,3,2.7857142857142856,ok
15,100,3,TP_FIJO,0,14:00,78,17.94871794871795,1.355793163610753,2.849743589743589,222.27999999999994,22.227999999999994,12.370500000000003,123.70500000000004,3.0834769043140535,6.266464857144212,16.17169879956347,46.42857142857143,13,3,2.7857142857142856,ok
15,100,3,TP_FIJO,0,15:00,78,17.94871794871795,1.355793163610753,2.849743589743589,222.27999999999994,22.227999999999994,12.370500000000003,123.70500000000004,3.0834769043140535,6.266464857144212,16.17169879956347,46.42857142857143,13,3,2.7857142857142856,ok
20,20,1,TP_FIJO,0,12:00,28,50.0,0.9486615802405276,-0.21267857142857158,-5.9550000000000045,-0.5955000000000005,4.329499999999996,43.29499999999996,-0.3372675691318269,-0.4750627460362505,-1.2379027601339667,50.0,4,3,1.0,ok
20,20,1,TP_FIJO,0,14:00,28,50.0,0.9486615802405276,-0.21267857142857158,-5.9550000000000045,-0.5955000000000005,4.329499999999996,43.29499999999996,-0.3372675691318269,-0.4750627460362505,-1.2379027601339667,50.0,4,3,1.0,ok
20,20,1,TP_FIJO,0,15:00,28,50.0,0.9486615802405276,-0.21267857142857158,-5.9550000000000045,-0.5955000000000005,4.329499999999996,43.29499999999996,-0.3372675691318269,-0.4750627460362505,-1.2379027601339667,50.0,4,3,1.0,ok
20,20,2,TP_FIJO,0,12:00,54,46.2962962962963,0.8253008253008255,-0.7702777777777782,-41.59500000000002,-4.159500000000002,8.483500000000003,84.83500000000004,-1.9158729738488705,-2.4940043234244653,-4.412742382271469,25.0,8,4,1.9285714285714286,ok
20,20,2,TP_FIJO,0,14:00,54,46.2962962962963,0.8253008253008255,-0.7702777777777782,-41.59500000000002,-4.159500000000002,8.483500000000003,84.83500000000004,-1.9158729738488705,-2.4940043234244653,-4.412742382271469,25.0,8,4,1.9285714285714286,ok
20,20,2,TP_FIJO,0,15:00,54,46.2962962962963,0.8253008253008255,-0.7702777777777782,-41.59500000000002,-4.159500000000002,8.483500000000003,84.83500000000004,-1.9158729738488705,-2.4940043234244653,-4.412742382271469,25.0,8,4,1.9285714285714286,ok
20,20,3,TP_FIJO,0,12:00,78,42.30769230769231,0.7041959086157983,-1.396858974358975,-108.95500000000004,-10.895500000000004,13.395500000000006,133.95500000000004,-4.3095661587157945,-4.727286151551518,-7.32033145459296,50.0,11,4,2.7857142857142856,ok
20,20,3,TP_FIJO,0,14:00,78,42.30769230769231,0.7041959086157983,-1.396858974358975,-108.95500000000004,-10.895500000000004,13.395500000000006,133.95500000000004,-4.3095661587157945,-4.727286151551518,-7.32033145459296,50.0,11,4,2.7857142857142856,ok
20,20,3,TP_FIJO,0,15:00,78,42.30769230769231,0.7041959086157983,-1.396858974358975,-108.95500000000004,-10.895500000000004,13.395500000000006,133.95500000000004,-4.3095661587157945,-4.727286151551518,-7.32033145459296,50.0,11,4,2.7857142857142856,ok
20,30,1,TP_FIJO,0,12:00,28,46.42857142857143,1.2213108830755888,1.0937499999999993,30.624999999999982,3.0624999999999982,3.5294999999999956,35.29499999999996,1.592399332604224,2.675073055830742,7.809179770505742,46.42857142857143,4,2,1.0,ok
20,30,1,TP_FIJO,0,14:00,28,46.42857142857143,1.2213108830755888,1.0937499999999993,30.624999999999982,3.0624999999999982,3.5294999999999956,35.29499999999996,1.592399332604224,2.675073055830742,7.809179770505742,46.42857142857143,4,2,1.0,ok
20,30,1,TP_FIJO,0,15:00,28,46.42857142857143,1.2213108830755888,1.0937499999999993,30.624999999999982,3.0624999999999982,3.5294999999999956,35.29499999999996,1.592399332604224,2.675073055830742,7.809179770505742,46.42857142857143,4,2,1.0,ok
20,30,2,TP_FIJO,0,12:00,54,40.74074074074074,0.9677105871135724,-0.16305555555555615,-8.805000000000032,-0.8805000000000032,6.855500000000006,68.55500000000006,-0.19241907656081264,-0.2795206249314107,-1.1559331923273315,60.71428571428571,8,3,1.9285714285714286,ok
20,30,2,TP_FIJO,0,14:00,54,40.74074074074074,0.9677105871135724,-0.16305555555555615,-8.805000000000032,-0.8805000000000032,6.855500000000006,68.55500000000006,-0.19241907656081264,-0.2795206249314107,-1.1559331923273315,60.71428571428571,8,3,1.9285714285714286,ok
20,30,2,TP_FIJO,0,15:00,54,40.74074074074074,0.9677105871135724,-0.16305555555555615,-8.805000000000032,-0.8805000000000032,6.855500000000006,68.55500000000006,-0.19241907656081264,-0.2795206249314107,-1.1559331923273315,60.71428571428571,8,3,1.9285714285714286,ok
20,30,3,TP_FIJO,0,12:00,77,38.961038961038966,0.9106265356265358,-0.45350649350649397,-34.92000000000004,-3.4920000000000035,11.367499999999996,113.67499999999995,-0.9398305643520664,-1.2229275340689683,-2.7647239938420975,50.0,11,4,2.75,ok
20,30,3,TP_FIJO,0,14:00,77,38.961038961038966,0.9106265356265358,-0.45350649350649397,-34.92000000000004,-3.4920000000000035,11.367499999999996,113.67499999999995,-0.9398305643520664,-1.2229275340689683,-2.7647239938420975,50.0,11,4,2.75,ok
20,30,3,TP_FIJO,0,15:00,77,38.961038961038966,0.9106265356265358,-0.45350649350649397,-34.92000000000004,-3.4920000000000035,11.367499999999996,113.67499999999995,-0.9398305643520664,-1.2229275340689683,-2.7647239938420975,50.0,11,4,2.75,ok
20,40,1,TP_FIJO,0,12:00,28,42.857142857142854,1.4342410592410588,2.2723214285714284,63.625,6.3625,3.459500000000003,34.59500000000003,2.712134382496893,5.284627812945351,16.55224743460036,42.857142857142854,4,2,1.0,ok
20,40,1,TP_FIJO,0,14:00,28,42.857142857142854,1.4342410592410588,2.2723214285714284,63.625,6.3625,3.459500000000003,34.59500000000003,2.712134382496893,5.284627812945351,16.55224743460036,42.857142857142854,4,2,1.0,ok
20,40,1,TP_FIJO,0,15:00,28,42.857142857142854,1.4342410592410588,2.2723214285714284,63.625,6.3625,3.459500000000003,34.59500000000003,2.712134382496893,5.284627812945351,16.55224743460036,42.857142857142854,4,2,1.0,ok
20,40,2,TP_FIJO,0,12:00,54,35.18518518518518,1.0136961285609933,0.07638888888888816,4.124999999999961,0.4124999999999961,7.697500000000003,76.97500000000002,0.2667734395588635,0.403623733235027,0.4822994478726812,57.14285714285714,8,3,1.9285714285714286,ok
20,40,2,TP_FIJO,0,14:00,54,35.18518518518518,1.0136961285609933,0.07638888888888816,4.124999999999961,0.4124999999999961,7.697500000000003,76.97500000000002,0.2667734395588635,0.403623733235027,0.4822994478726812,57.14285714285714,8,3,1.9285714285714286,ok
20,40,2,TP_FIJO,0,15:00,54,35.18518518518518,1.0136961285609933,0.07638888888888816,4.124999999999961,0.4124999999999961,7.697500000000003,76.97500000000002,0.2667734395588635,0.403623733235027,0.4822994478726812,57.14285714285714,8,3,1.9285714285714286,ok
20,40,3,TP_FIJO,0,12:00,77,33.76623376623377,0.9607332510558316,-0.2251948051948055,-17.340000000000025,-1.7340000000000027,9.367499999999996,93.67499999999995,-0.29637852619960614,-0.4114839912479831,-1.6659727782225813,42.857142857142854,11,4,2.75,ok
20,40,3,TP_FIJO,0,14:00,77,33.76623376623377,0.9607332510558316,-0.2251948051948055,-17.340000000000025,-1.7340000000000027,9.367499999999996,93.67499999999995,-0.29637852619960614,-0.4114839912479831,-1.6659727782225813,42.857142857142854,11,4,2.75,ok
20,40,3,TP_FIJO,0,15:00,77,33.76623376623377,0.9607332510558316,-0.2251948051948055,-17.340000000000025,-1.7340000000000027,9.367499999999996,93.67499999999995,-0.29637852619960614,-0.4114839912479831,-1.6659727782225813,42.857142857142854,11,4,2.75,ok
20,60,1,TP_FIJO,0,12:00,28,35.714285714285715,1.5892069506527335,3.5542857142857143,99.52,9.952,5.222455274521897,52.90999999999997,3.232473574909674,7.640532912777262,17.15055377055378,35.714285714285715,6,2,1.0,ok
20,60,1,TP_FIJO,0,14:00,28,35.714285714285715,1.5892069506527335,3.5542857142857143,99.52,9.952,5.222455274521897,52.90999999999997,3.232473574909674,7.640532912777262,17.15055377055378,35.714285714285715,6,2,1.0,ok
20,60,1,TP_FIJO,0,15:00,28,35.714285714285715,1.5892069506527335,3.5542857142857143,99.52,9.952,5.222455274521897,52.90999999999997,3.232473574909674,7.640532912777262,17.15055377055378,35.714285714285715,6,2,1.0,ok
20,60,2,TP_FIJO,0,12:00,54,31.48148148148148,1.35965483555845,2.249907407407407,121.49499999999996,12.149499999999996,8.306742663713065,83.43499999999995,3.0068539668588627,5.769991719584864,13.163463035596576,53.57142857142857,10,3,1.9285714285714286,ok
20,60,2,TP_FIJO,0,14:00,54,31.48148148148148,1.35965483555845,2.249907407407407,121.49499999999996,12.149499999999996,8.306742663713065,83.43499999999995,3.0068539668588627,5.769991719584864,13.163463035596576,53.57142857142857,10,3,1.9285714285714286,ok
20,60,2,TP_FIJO,0,15:00,54,31.48148148148148,1.35965483555845,2.249907407407407,121.49499999999996,12.149499999999996,8.306742663713065,83.43499999999995,3.0068539668588627,5.769991719584864,13.163463035596576,53.57142857142857,10,3,1.9285714285714286,ok
20,60,3,TP_FIJO,0,12:00,77,29.87012987012987,1.2562302562302565,1.6590909090909085,127.74999999999996,12.774999999999995,9.157500000000004,91.57500000000005,2.8267588215606883,4.872529743069059,12.555282555282544,64.28571428571429,11,4,2.75,ok
20,60,3,TP_FIJO,0,14:00,77,29.87012987012987,1.2562302562302565,1.6590909090909085,127.74999999999996,12.774999999999995,9.157500000000004,91.57500000000005,2.8267588215606883,4.872529743069059,12.555282555282544,64.28571428571429,11,4,2.75,ok
20,60,3,TP_FIJO,0,15:00,77,29.87012987012987,1.2562302562302565,1.6590909090909085,127.74999999999996,12.774999999999995,9.157500000000004,91.57500000000005,2.8267588215606883,4.872529743069059,12.555282555282544,64.28571428571429,11,4,2.75,ok
20,80,1,TP_FIJO,0,12:00,28,32.142857142857146,1.8470584987438918,5.479107142857143,153.415,15.3415,5.339001579011301,54.94500000000005,3.956671247502792,11.276611895357595,25.861295966420943,32.142857142857146,6,2,1.0,ok
20,80,1,TP_FIJO,0,14:00,28,32.142857142857146,1.8470584987438918,5.479107142857143,153.415,15.3415,5.339001579011301,54.94500000000005,3.956671247502792,11.276611895357595,25.861295966420943,32.142857142857146,6,2,1.0,ok
20,80,1,TP_FIJO,0,15:00,28,32.142857142857146,1.8470584987438918,5.479107142857143,153.415,15.3415,5.339001579011301,54.94500000000005,3.956671247502792,11.276611895357595,25.861295966420943,32.142857142857146,6,2,1.0,ok
20,80,2,TP_FIJO,0,12:00,54,29.629629629629626,1.630835380835381,4.279166666666667,231.07500000000002,23.1075,8.508641855264118,87.505,4.366791132479823,9.877708551112157,24.44191488343523,50.0,10,3,1.9285714285714286,ok
20,80,2,TP_FIJO,0,14:00,54,29.629629629629626,1.630835380835381,4.279166666666667,231.07500000000002,23.1075,8.508641855264118,87.505,4.366791132479823,9.877708551112157,24.44191488343523,50.0,10,3,1.9285714285714286,ok
20,80,2,TP_FIJO,0,15:00,54,29.629629629629626,1.630835380835381,4.279166666666667,231.07500000000002,23.1075,8.508641855264118,87.505,4.366791132479823,9.877708551112157,24.44191488343523,50.0,10,3,1.9285714285714286,ok
20,80,3,TP_FIJO,0,12:00,77,25.97402597402597,1.3582181231434964,2.537207792207792,195.36499999999998,19.536499999999997,10.995500000000003,109.95500000000004,3.3662274285325564,6.438599123979119,15.99095084352689,57.14285714285714,13,4,2.75,ok
20,80,3,TP_FIJO,0,14:00,77,25.97402597402597,1.3582181231434964,2.537207792207792,195.36499999999998,19.536499999999997,10.995500000000003,109.95500000000004,3.3662274285325564,6.438599123979119,15.99095084352689,57.14285714285714,13,4,2.75,ok
20,80,3,TP_FIJO,0,15:00,77,25.97402597402597,1.3582181231434964,2.537207792207792,195.36499999999998,19.536499999999997,10.995500000000003,109.95500000000004,3.3662274285325564,6.438599123979119,15.99095084352689,57.14285714285714,13,4,2.75,ok
20,100,1,TP_FIJO,0,12:00,28,28.57142857142857,1.938319000819,6.546785714285712,183.30999999999995,18.330999999999996,6.557734411282445,69.18999999999994,3.9934401961215857,12.811277277432044,25.15792645035411,28.57142857142857,7,2,1.0,ok
20,100,1,TP_FIJO,0,14:00,28,28.57142857142857,1.938319000819,6.546785714285712,183.30999999999995,18.330999999999996,6.557734411282445,69.18999999999994,3.9934401961215857,12.811277277432044,25.15792645035411,28.57142857142857,7,2,1.0,ok
20,100,1,TP_FIJO,0,15:00,28,28.57142857142857,1.938319000819,6.546785714285712,183.30999999999995,18.330999999999996,6.557734411282445,69.18999999999994,3.9934401961215857,12.811277277432044,25.15792645035411,28.57142857142857,7,2,1.0,ok
20,100,2,TP_FIJO,0,12:00,54,25.925925925925924,1.673908138193852,4.977685185185186,268.7950000000001,26.879500000000007,9.002814409021177,95.6450000000001,4.117730185684952,10.412791621329625,26.871097082440258,42.857142857142854,10,3,1.9285714285714286,ok
20,100,2,TP_FIJO,0,14:00,54,25.925925925925924,1.673908138193852,4.977685185185186,268.7950000000001,26.879500000000007,9.002814409021177,95.6450000000001,4.117730185684952,10.412791621329625,26.871097082440258,42.857142857142854,10,3,1.9285714285714286,ok
20,100,2,TP_FIJO,0,15:00,54,25.925925925925924,1.673908138193852,4.977685185185186,268.7950000000001,26.879500000000007,9.002814409021177,95.6450000000001,4.117730185684952,10.412791621329625,26.871097082440258,42.857142857142854,10,3,1.9285714285714286,ok
20,100,3,TP_FIJO,0,12:00,77,23.376623376623375,1.4933521529266207,3.6768831168831184,283.1200000000001,28.31200000000001,10.774955508817342,109.88999999999999,4.109062914807745,8.686954443543092,23.648171891891902,53.57142857142857,13,3,2.75,ok
20,100,3,TP_FIJO,0,14:00,77,23.376623376623375,1.4933521529266207,3.6768831168831184,283.1200000000001,28.31200000000001,10.774955508817342,109.88999999999999,4.109062914807745,8.686954443543092,23.648171891891902,53.57142857142857,13,3,2.75,ok
20,100,3,TP_FIJO,0,15:00,77,23.376623376623375,1.4933521529266207,3.6768831168831184,283.1200000000001,28.31200000000001,10.774955508817342,109.88999999999999,4.109062914807745,8.686954443543092,23.648171891891902,53.57142857142857,13,3,2.75,ok
25,20,1,TP_FIJO,0,12:00,28,53.57142857142857,0.8720414201183427,-0.46339285714285755,-12.975000000000012,-1.2975000000000012,3.0659999999999967,30.659999999999968,-0.9883903075501177,-1.2966912403499438,-3.808708414872806,53.57142857142857,3,3,1.0,ok
25,20,1,TP_FIJO,0,14:00,28,53.57142857142857,0.8720414201183427,-0.46339285714285755,-12.975000000000012,-1.2975000000000012,3.0659999999999967,30.659999999999968,-0.9883903075501177,-1.2966912403499438,-3.808708414872806,53.57142857142857,3,3,1.0,ok
25,20,1,TP_FIJO,0,15:00,28,53.57142857142857,0.8720414201183427,-0.46339285714285755,-12.975000000000012,-1.2975000000000012,3.0659999999999967,30.659999999999968,-0.9883903075501177,-1.2966912403499438,-3.808708414872806,53.57142857142857,3,3,1.0,ok
25,20,2,TP_FIJO,0,12:00,54,51.85185185185185,0.8242079245000377,-0.6519444444444448,-35.20500000000002,-3.520500000000002,7.458000000000016,74.58000000000015,-2.004203219601941,-2.5855843488970187,-4.248390989541425,28.57142857142857,6,4,1.9285714285714286,ok
25,20,2,TP_FIJO,0,14:00,54,51.85185185185185,0.8242079245000377,-0.6519444444444448,-35.20500000000002,-3.520500000000002,7.458000000000016,74.58000000000015,-2.004203219601941,-2.5855843488970187,-4.248390989541425,28.57142857142857,6,4,1.9285714285714286,ok
25,20,2,TP_FIJO,0,15:00,54,51.85185185185185,0.8242079245000377,-0.6519444444444448,-35.20500000000002,-3.520500000000002,7.458000000000016,74.58000000000015,-2.004203219601941,-2.5855843488970187,-4.248390989541425,28.57142857142857,6,4,1.9285714285714286,ok
25,20,3,TP_FIJO,0,12:00,78,46.15384615384615,0.6591809159949681,-1.4067307692307698,-109.72500000000005,-10.972500000000004,12.097500000000014,120.97500000000014,-5.458694680939794,-5.599036149786617,-8.163050216986974,53.57142857142857,9,4,2.7857142857142856,ok
25,20,3,TP_FIJO,0,14:00,78,46.15384615384615,0.6591809159949681,-1.4067307692307698,-109.72500000000005,-10.972500000000004,12.097500000000014,120.97500000000014,-5.458694680939794,-5.599036149786617,-8.163050216986974,53.57142857142857,9,4,2.7857142857142856,ok
25,20,3,TP_FIJO,0,15:00,78,46.15384615384615,0.6591809159949681,-1.4067307692307698,-109.72500000000005,-10.972500000000004,12.097500000000014,120.97500000000014,-5.458694680939794,-5.599036149786617,-8.163050216986974,53.57142857142857,9,4,2.7857142857142856,ok
25,30,1,TP_FIJO,0,12:00,28,53.57142857142857,1.219396533635486,0.933571428571428,26.139999999999986,2.6139999999999985,2.5350000000000024,25.350000000000023,1.5855235993234644,2.4389971166467106,9.280473372781051,53.57142857142857,3,3,1.0,ok
25,30,1,TP_FIJO,0,14:00,28,53.57142857142857,1.219396533635486,0.933571428571428,26.139999999999986,2.6139999999999985,2.5350000000000024,25.350000000000023,1.5855235993234644,2.4389971166467106,9.280473372781051,53.57142857142857,3,3,1.0,ok
25,30,1,TP_FIJO,0,15:00,28,53.57142857142857,1.219396533635486,0.933571428571428,26.139999999999986,2.6139999999999985,2.5350000000000024,25.350000000000023,1.5855235993234644,2.4389971166467106,9.280473372781051,53.57142857142857,3,3,1.0,ok
25,30,2,TP_FIJO,0,12:00,54,50.0,1.1826210826210828,0.7715740740740736,41.66499999999998,4.166499999999998,5.692500000000007,56.92500000000007,1.8470016126348539,2.855687017855044,6.5873517786561155,75.0,6,4,1.9285714285714286,ok
25,30,2,TP_FIJO,0,14:00,54,50.0,1.1826210826210828,0.7715740740740736,41.66499999999998,4.166499999999998,5.692500000000007,56.92500000000007,1.8470016126348539,2.855687017855044,6.5873517786561155,75.0,6,4,1.9285714285714286,ok
25,30,2,TP_FIJO,0,15:00,54,50.0,1.1826210826210828,0.7715740740740736,41.66499999999998,4.166499999999998,5.692500000000007,56.92500000000007,1.8470016126348539,2.855687017855044,6.5873517786561155,75.0,6,4,1.9285714285714286,ok
25,30,3,TP_FIJO,0,12:00,77,45.45454545454545,0.9409767021103049,-0.2584415584415589,-19.900000000000038,-1.990000000000004,10.12650000000001,101.2650000000001,-0.655157500761377,-0.812431621184559,-1.7686268700933212,60.71428571428571,9,4,2.75,ok
25,30,3,TP_FIJO,0,14:00,77,45.45454545454545,0.9409767021103049,-0.2584415584415589,-19.900000000000038,-1.990000000000004,10.12650000000001,101.2650000000001,-0.655157500761377,-0.812431621184559,-1.7686268700933212,60.71428571428571,9,4,2.75,ok
25,30,3,TP_FIJO,0,15:00,77,45.45454545454545,0.9409767021103049,-0.2584415584415589,-19.900000000000038,-1.990000000000004,10.12650000000001,101.2650000000001,-0.655157500761377,-0.812431621184559,-1.7686268700933212,60.71428571428571,9,4,2.75,ok
25,40,1,TP_FIJO,0,12:00,28,50.0,1.4720965309200607,2.179821428571428,61.03499999999998,6.103499999999999,3.0880846451919455,31.200000000000045,2.9688652823296686,5.296687013462388,17.78821059374997,50.0,3,3,1.0,ok
25,40,1,TP_FIJO,0,14:00,28,50.0,1.4720965309200607,2.179821428571428,61.03499999999998,6.103499999999999,3.0880846451919455,31.200000000000045,2.9688652823296686,5.296687013462388,17.78821059374997,50.0,3,3,1.0,ok
25,40,1,TP_FIJO,0,15:00,28,50.0,1.4720965309200607,2.179821428571428,61.03499999999998,6.103499999999999,3.0880846451919455,31.200000000000045,2.9688652823296686,5.296687013462388,17.78821059374997,50.0,3,3,1.0,ok
25,40,2,TP_FIJO,0,12:00,54,42.592592592592595,1.1429980276134126,0.6981481481481476,37.699999999999974,3.769999999999998,6.474,64.74000000000001,1.5002332882202896,2.310380270171328,5.2409638554216835,67.85714285714286,7,4,1.9285714285714286,ok
25,40,2,TP_FIJO,0,14:00,54,42.592592592592595,1.1429980276134126,0.6981481481481476,37.699999999999974,3.769999999999998,6.474,64.74000000000001,1.5002332882202896,2.310380270171328,5.2409638554216835,67.85714285714286,7,4,1.9285714285714286,ok
25,40,2,TP_FIJO,0,15:00,54,42.592592592592595,1.1429980276134126,0.6981481481481476,37.699999999999974,3.769999999999998,6.474,64.74000000000001,1.5002332882202896,2.310380270171328,5.2409638554216835,67.85714285714286,7,4,1.9285714285714286,ok
25,40,3,TP_FIJO,0,12:00,77,37.66233766233766,0.9384615384615381,-0.2937662337662346,-22.620000000000065,-2.2620000000000062,10.276500000000011,102.7650000000001,-0.6401634634362958,-0.8364623904441884,-1.9810246679316923,50.0,9,4,2.75,ok
25,40,3,TP_FIJO,0,14:00,77,37.66233766233766,0.9384615384615381,-0.2937662337662346,-22.620000000000065,-2.2620000000000062,10.276500000000011,102.7650000000001,-0.6401634634362958,-0.8364623904441884,-1.9810246679316923,50.0,9,4,2.75,ok
25,40,3,TP_FIJO,0,15:00,77,37.66233766233766,0.9384615384615381,-0.2937662337662346,-22.620000000000065,-2.2620000000000062,10.276500000000011,102.7650000000001,-0.6401634634362958,-0.8364623904441884,-1.9810246679316923,50.0,9,4,2.75,ok
25,60,1,TP_FIJO,0,12:00,28,42.857142857142854,1.7255752794214332,3.9414285714285704,110.35999999999997,11.035999999999998,5.392052595958618,55.76999999999998,3.9554042497200834,8.732990283071201,18.420443464228082,42.857142857142854,6,3,1.0,ok
25,60,1,TP_FIJO,0,14:00,28,42.857142857142854,1.7255752794214332,3.9414285714285704,110.35999999999997,11.035999999999998,5.392052595958618,55.76999999999998,3.9554042497200834,8.732990283071201,18.420443464228082,42.857142857142854,6,3,1.0,ok
25,60,1,TP_FIJO,0,15:00,28,42.857142857142854,1.7255752794214332,3.9414285714285704,110.35999999999997,11.035999999999998,5.392052595958618,55.76999999999998,3.9554042497200834,8.732990283071201,18.420443464228082,42.857142857142854,6,3,1.0,ok
25,60,2,TP_FIJO,0,12:00,54,38.88888888888889,1.5274230942247138,2.822592592592593,152.42000000000002,15.242000000000003,7.9857453657672215,81.12,4.3578665537062315,8.301280134964816,17.17785801035503,64.28571428571429,10,4,1.9285714285714286,ok
25,60,2,TP_FIJO,0,14:00,54,38.88888888888889,1.5274230942247138,2.822592592592593,152.42000000000002,15.242000000000003,7.9857453657672215,81.12,4.3578665537062315,8.301280134964816,17.17785801035503,64.28571428571429,10,4,1.9285714285714286,ok
25,60,2,TP_FIJO,0,15:00,54,38.88888888888889,1.5274230942247138,2.822592592592593,152.42000000000002,15.242000000000003,7.9857453657672215,81.12,4.3578665537062315,8.301280134964816,17.17785801035503,64.28571428571429,10,4,1.9285714285714286,ok
25,60,3,TP_FIJO,0,12:00,77,35.064935064935064,1.2996536856107521,1.6968181818181807,130.65499999999992,13.065499999999991,8.797500000000003,87.97500000000002,3.1347227960547617,5.638963060418695,13.366240409207148,71.42857142857143,11,4,2.75,ok
25,60,3,TP_FIJO,0,14:00,77,35.064935064935064,1.2996536856107521,1.6968181818181807,130.65499999999992,13.065499999999991,8.797500000000003,87.97500000000002,3.1347227960547617,5.638963060418695,13.366240409207148,71.42857142857143,11,4,2.75,ok
25,60,3,TP_FIJO,0,15:00,77,35.064935064935064,1.2996536856107521,1.6968181818181807,130.65499999999992,13.065499999999991,8.797500000000003,87.97500000000002,3.1347227960547617,5.638963060418695,13.366240409207148,71.42857142857143,11,4,2.75,ok
25,80,1,TP_FIJO,0,12:00,28,39.285714285714285,1.951855836471221,5.687678571428571,159.255,15.925500000000001,5.770653514180017,60.83999999999992,4.592459658350099,11.829735552586929,24.83765480769234,39.285714285714285,6,3,1.0,ok
25,80,1,TP_FIJO,0,14:00,28,39.285714285714285,1.951855836471221,5.687678571428571,159.255,15.925500000000001,5.770653514180017,60.83999999999992,4.592459658350099,11.829735552586929,24.83765480769234,39.285714285714285,6,3,1.0,ok
25,80,1,TP_FIJO,0,15:00,28,39.285714285714285,1.951855836471221,5.687678571428571,159.255,15.925500000000001,5.770653514180017,60.83999999999992,4.592459658350099,11.829735552586929,24.83765480769234,39.285714285714285,6,3,1.0,ok
25,80,2,TP_FIJO,0,12:00,54,37.03703703703704,1.8702451394759083,5.1475,277.965,27.796499999999995,8.467943976521688,88.72500000000014,6.5299609535235765,14.080139690540193,29.543003672865552,64.28571428571429,10,3,1.9285714285714286,ok
25,80,2,TP_FIJO,0,14:00,54,37.03703703703704,1.8702451394759083,5.1475,277.965,27.796499999999995,8.467943976521688,88.72500000000014,6.5299609535235765,14.080139690540193,29.543003672865552,64.28571428571429,10,3,1.9285714285714286,ok
25,80,2,TP_FIJO,0,15:00,54,37.03703703703704,1.8702451394759083,5.1475,277.965,27.796499999999995,8.467943976521688,88.72500000000014,6.5299609535235765,14.080139690540193,29.543003672865552,64.28571428571429,10,3,1.9285714285714286,ok
25,80,3,TP_FIJO,0,12:00,77,31.16883116883117,1.4606109067647532,2.8053896103896103,216.015,21.601499999999998,10.04567114792103,101.40000000000009,4.827169882540762,8.895835310649792,19.35296279733726,71.42857142857143,13,4,2.75,ok
25,80,3,TP_FIJO,0,14:00,77,31.16883116883117,1.4606109067647532,2.8053896103896103,216.015,21.601499999999998,10.04567114792103,101.40000000000009,4.827169882540762,8.895835310649792,19.35296279733726,71.42857142857143,13,4,2.75,ok
25,80,3,TP_FIJO,0,15:00,77,31.16883116883117,1.4606109067647532,2.8053896103896103,216.015,21.601499999999998,10.04567114792103,101.40000000000009,4.827169882540762,8.895835310649792,19.35296279733726,71.42857142857143,13,4,2.75,ok
25,100,1,TP_FIJO,0,12:00,28,35.714285714285715,2.1901098901098903,7.542321428571428,211.185,21.1185,6.546370121695354,70.98000000000013,5.037322160736939,15.190781610981743,29.033876249999945,35.714285714285715,7,3,1.0,ok
25,100,1,TP_FIJO,0,14:00,28,35.714285714285715,2.1901098901098903,7.542321428571428,211.185,21.1185,6.546370121695354,70.98000000000013,5.037322160736939,15.190781610981743,29.033876249999945,35.714285714285715,7,3,1.0,ok
25,100,1,TP_FIJO,0,15:00,28,35.714285714285715,2.1901098901098903,7.542321428571428,211.185,21.1185,6.546370121695354,70.98000000000013,5.037322160736939,15.190781610981743,29.033876249999945,35.714285714285715,7,3,1.0,ok
25,100,2,TP_FIJO,0,12:00,54,35.18518518518518,2.1315804094785675,7.543240740740739,407.3349999999999,40.73349999999999,9.122575525495046,98.86500000000001,7.12573382675921,17.272303648721433,40.18618415111514,60.71428571428571,10,3,1.9285714285714286,ok
25,100,2,TP_FIJO,0,14:00,54,35.18518518518518,2.1315804094785675,7.543240740740739,407.3349999999999,40.73349999999999,9.122575525495046,98.86500000000001,7.12573382675921,17.272303648721433,40.18618415111514,60.71428571428571,10,3,1.9285714285714286,ok
25,100,2,TP_FIJO,0,15:00,54,35.18518518518518,2.1315804094785675,7.543240740740739,407.3349999999999,40.73349999999999,9.122575525495046,98.86500000000001,7.12573382675921,17.272303648721433,40.18618415111514,60.71428571428571,10,3,1.9285714285714286,ok
25,100,3,TP_FIJO,0,12:00,77,28.57142857142857,1.5456712816682945,3.700714285714284,284.95499999999987,28.495499999999986,10.716550412175014,111.53999999999996,5.444021602178012,10.300999375756394,23.931161627218927,67.85714285714286,13,2,2.75,ok
25,100,3,TP_FIJO,0,14:00,77,28.57142857142857,1.5456712816682945,3.700714285714284,284.95499999999987,28.495499999999986,10.716550412175014,111.53999999999996,5.444021602178012,10.300999375756394,23.931161627218927,67.85714285714286,13,2,2.75,ok
25,100,3,TP_FIJO,0,15:00,77,28.57142857142857,1.5456712816682945,3.700714285714284,284.95499999999987,28.495499999999986,10.716550412175014,111.53999999999996,5.444021602178012,10.300999375756394,23.931161627218927,67.85714285714286,13,2,2.75,ok
30,20,1,TP_FIJO,0,12:00,28,57.14285714285714,0.8632619439868202,-0.5335714285714291,-14.940000000000015,-1.4940000000000015,3.6945000000000046,36.94500000000005,-1.04498860029099,-1.3305057135398701,-3.6394640682095,57.14285714285714,3,4,1.0,ok
30,20,1,TP_FIJO,0,14:00,28,57.14285714285714,0.8632619439868202,-0.5335714285714291,-14.940000000000015,-1.4940000000000015,3.6945000000000046,36.94500000000005,-1.04498860029099,-1.3305057135398701,-3.6394640682095,57.14285714285714,3,4,1.0,ok
30,20,1,TP_FIJO,0,15:00,28,57.14285714285714,0.8632619439868202,-0.5335714285714291,-14.940000000000015,-1.4940000000000015,3.6945000000000046,36.94500000000005,-1.04498860029099,-1.3305057135398701,-3.6394640682095,57.14285714285714,3,4,1.0,ok
30,20,2,TP_FIJO,0,12:00,54,53.70370370370371,0.7510378912685339,-1.0494444444444453,-56.670000000000044,-5.667000000000004,9.904500000000008,99.04500000000007,-2.8581952204126737,-3.538332042378888,-5.149477510222626,32.142857142857146,6,8,1.9285714285714286,ok
30,20,2,TP_FIJO,0,14:00,54,53.70370370370371,0.7510378912685339,-1.0494444444444453,-56.670000000000044,-5.667000000000004,9.904500000000008,99.04500000000007,-2.8581952204126737,-3.538332042378888,-5.149477510222626,32.142857142857146,6,8,1.9285714285714286,ok
30,20,2,TP_FIJO,0,15:00,54,53.70370370370371,0.7510378912685339,-1.0494444444444453,-56.670000000000044,-5.667000000000004,9.904500000000008,99.04500000000007,-2.8581952204126737,-3.538332042378888,-5.149477510222626,32.142857142857146,6,8,1.9285714285714286,ok
30,20,3,TP_FIJO,0,12:00,78,51.28205128205128,0.580004118616145,-1.5688461538461536,-122.36999999999998,-12.236999999999998,12.673000000000002,126.73000000000002,-6.833671178507964,-6.529184527006601,-8.690365343643967,50.0,8,4,2.7857142857142856,ok
30,20,3,TP_FIJO,0,14:00,78,51.28205128205128,0.580004118616145,-1.5688461538461536,-122.36999999999998,-12.236999999999998,12.673000000000002,126.73000000000002,-6.833671178507964,-6.529184527006601,-8.690365343643967,50.0,8,4,2.7857142857142856,ok
30,20,3,TP_FIJO,0,15:00,78,51.28205128205128,0.580004118616145,-1.5688461538461536,-122.36999999999998,-12.236999999999998,12.673000000000002,126.73000000000002,-6.833671178507964,-6.529184527006601,-8.690365343643967,50.0,8,4,2.7857142857142856,ok
30,30,1,TP_FIJO,0,12:00,28,53.57142857142857,1.1272335572170824,0.5378571428571425,15.059999999999988,1.505999999999999,2.794500000000005,27.94500000000005,0.9901315474241966,1.4641923903008698,4.850241545893708,53.57142857142857,3,3,1.0,ok
30,30,1,TP_FIJO,0,14:00,28,53.57142857142857,1.1272335572170824,0.5378571428571425,15.059999999999988,1.505999999999999,2.794500000000005,27.94500000000005,0.9901315474241966,1.4641923903008698,4.850241545893708,53.57142857142857,3,3,1.0,ok
30,30,1,TP_FIJO,0,15:00,28,53.57142857142857,1.1272335572170824,0.5378571428571425,15.059999999999988,1.505999999999999,2.794500000000005,27.94500000000005,0.9901315474241966,1.4641923903008698,4.850241545893708,53.57142857142857,3,3,1.0,ok
30,30,2,TP_FIJO,0,12:00,54,50.0,0.9769357495881386,-0.10500000000000043,-5.670000000000023,-0.5670000000000023,7.410000000000003,74.10000000000002,-0.14440069435132596,-0.20398748635265854,-0.6886639676113386,28.57142857142857,6,4,1.9285714285714286,ok
30,30,2,TP_FIJO,0,14:00,54,50.0,0.9769357495881386,-0.10500000000000043,-5.670000000000023,-0.5670000000000023,7.410000000000003,74.10000000000002,-0.14440069435132596,-0.20398748635265854,-0.6886639676113386,28.57142857142857,6,4,1.9285714285714286,ok
30,30,2,TP_FIJO,0,15:00,54,50.0,0.9769357495881386,-0.10500000000000043,-5.670000000000023,-0.5670000000000023,7.410000000000003,74.10000000000002,-0.14440069435132596,-0.20398748635265854,-0.6886639676113386,28.57142857142857,6,4,1.9285714285714286,ok
30,30,3,TP_FIJO,0,12:00,77,46.75324675324675,0.7947951861056036,-0.954415584415585,-73.49000000000005,-7.3490000000000055,12.273000000000001,122.73000000000002,-2.7852852034956554,-3.1213081100363547,-5.389146907846496,57.14285714285714,9,4,2.75,ok
30,30,3,TP_FIJO,0,14:00,77,46.75324675324675,0.7947951861056036,-0.954415584415585,-73.49000000000005,-7.3490000000000055,12.273000000000001,122.73000000000002,-2.7852852034956554,-3.1213081100363547,-5.389146907846496,57.14285714285714,9,4,2.75,ok
30,30,3,TP_FIJO,0,15:00,77,46.75324675324675,0.7947951861056036,-0.954415584415585,-73.49000000000005,-7.3490000000000055,12.273000000000001,122.73000000000002,-2.7852852034956554,-3.1213081100363547,-5.389146907846496,57.14285714285714,9,4,2.75,ok
30,40,1,TP_FIJO,0,12:00,28,50.0,1.3064250411861613,1.3949999999999998,39.059999999999995,3.9059999999999997,3.3350853357398567,33.629999999999995,2.1093172550822596,3.5133001656701337,10.54065982158787,50.0,3,3,1.0,ok
30,40,1,TP_FIJO,0,14:00,28,50.0,1.3064250411861613,1.3949999999999998,39.059999999999995,3.9059999999999997,3.3350853357398567,33.629999999999995,2.1093172550822596,3.5133001656701337,10.54065982158787,50.0,3,3,1.0,ok
30,40,1,TP_FIJO,0,15:00,28,50.0,1.3064250411861613,1.3949999999999998,39.059999999999995,3.9059999999999997,3.3350853357398567,33.629999999999995,2.1093172550822596,3.5133001656701337,10.54065982158787,50.0,3,3,1.0,ok
30,40,2,TP_FIJO,0,12:00,54,44.44444444444444,1.0451400329489293,0.22833333333333278,12.32999999999997,1.232999999999997,6.520500000000004,65.20500000000004,0.5950657321402537,0.8639241006951184,1.7018633540372616,71.42857142857143,6,4,1.9285714285714286,ok
30,40,2,TP_FIJO,0,14:00,54,44.44444444444444,1.0451400329489293,0.22833333333333278,12.32999999999997,1.232999999999997,6.520500000000004,65.20500000000004,0.5950657321402537,0.8639241006951184,1.7018633540372616,71.42857142857143,6,4,1.9285714285714286,ok
30,40,2,TP_FIJO,0,15:00,54,44.44444444444444,1.0451400329489293,0.22833333333333278,12.32999999999997,1.232999999999997,6.520500000000004,65.20500000000004,0.5950657321402537,0.8639241006951184,1.7018633540372616,71.42857142857143,6,4,1.9285714285714286,ok
30,40,3,TP_FIJO,0,12:00,77,40.25974025974026,0.7994541296810832,-1.05922077922078,-81.56000000000006,-8.156000000000006,10.887000000000011,108.87000000000012,-2.666649202242585,-3.1402248859943263,-6.742353265362358,50.0,9,4,2.75,ok
30,40,3,TP_FIJO,0,14:00,77,40.25974025974026,0.7994541296810832,-1.05922077922078,-81.56000000000006,-8.156000000000006,10.887000000000011,108.87000000000012,-2.666649202242585,-3.1402248859943263,-6.742353265362358,50.0,9,4,2.75,ok
30,40,3,TP_FIJO,0,15:00,77,40.25974025974026,0.7994541296810832,-1.05922077922078,-81.56000000000006,-8.156000000000006,10.887000000000011,108.87000000000012,-2.666649202242585,-3.1402248859943263,-6.742353265362358,50.0,9,4,2.75,ok
30,60,1,TP_FIJO,0,12:00,28,42.857142857142854,1.4740527182866558,2.466428571428571,69.05999999999999,6.905999999999998,5.322641932246644,54.62999999999988,2.918262236098195,5.79210332772234,11.677283723229017,42.857142857142854,6,3,1.0,ok
30,60,1,TP_FIJO,0,14:00,28,42.857142857142854,1.4740527182866558,2.466428571428571,69.05999999999999,6.905999999999998,5.322641932246644,54.62999999999988,2.918262236098195,5.79210332772234,11.677283723229017,42.857142857142854,6,3,1.0,ok
30,60,1,TP_FIJO,0,15:00,28,42.857142857142854,1.4740527182866558,2.466428571428571,69.05999999999999,6.905999999999998,5.322641932246644,54.62999999999988,2.918262236098195,5.79210332772234,11.677283723229017,42.857142857142854,6,3,1.0,ok
30,60,2,TP_FIJO,0,12:00,54,38.88888888888889,1.2507113973341317,1.3949999999999991,75.32999999999996,7.532999999999995,9.034127271554661,91.05000000000007,2.4304319093442177,4.013592601129051,7.504543378912674,64.28571428571429,10,4,1.9285714285714286,ok
30,60,2,TP_FIJO,0,14:00,54,38.88888888888889,1.2507113973341317,1.3949999999999991,75.32999999999996,7.532999999999995,9.034127271554661,91.05000000000007,2.4304319093442177,4.013592601129051,7.504543378912674,64.28571428571429,10,4,1.9285714285714286,ok
30,60,2,TP_FIJO,0,15:00,54,38.88888888888889,1.2507113973341317,1.3949999999999991,75.32999999999996,7.532999999999995,9.034127271554661,91.05000000000007,2.4304319093442177,4.013592601129051,7.504543378912674,64.28571428571429,10,4,1.9285714285714286,ok
30,60,3,TP_FIJO,0,12:00,77,36.36363636363637,1.1055395387149916,0.5990259740259729,46.124999999999915,4.612499999999992,11.387000000000013,113.87000000000012,1.2792118238091548,1.9977065044811078,3.6456046368665915,42.857142857142854,11,4,2.75,ok
30,60,3,TP_FIJO,0,14:00,77,36.36363636363637,1.1055395387149916,0.5990259740259729,46.124999999999915,4.612499999999992,11.387000000000013,113.87000000000012,1.2792118238091548,1.9977065044811078,3.6456046368665915,42.857142857142854,11,4,2.75,ok
30,60,3,TP_FIJO,0,15:00,77,36.36363636363637,1.1055395387149916,0.5990259740259729,46.124999999999915,4.612499999999992,11.387000000000013,113.87000000000012,1.2792118238091548,1.9977065044811078,3.6456046368665915,42.857142857142854,11,4,2.75,ok
30,80,1,TP_FIJO,0,12:00,28,39.285714285714285,1.6981296637271055,3.859285714285714,108.05999999999999,10.806,5.230904755977277,54.62999999999988,3.7713001840047244,8.765423114369447,18.5921947611203,39.285714285714285,6,3,1.0,ok
30,80,1,TP_FIJO,0,14:00,28,39.285714285714285,1.6981296637271055,3.859285714285714,108.05999999999999,10.806,5.230904755977277,54.62999999999988,3.7713001840047244,8.765423114369447,18.5921947611203,39.285714285714285,6,3,1.0,ok
30,80,1,TP_FIJO,0,15:00,28,39.285714285714285,1.6981296637271055,3.859285714285714,108.05999999999999,10.806,5.230904755977277,54.62999999999988,3.7713001840047244,8.765423114369447,18.5921947611203,39.285714285714285,6,3,1.0,ok
30,80,2,TP_FIJO,0,12:00,54,37.03703703703704,1.5437542397519135,3.1172222222222223,168.33,16.833000000000002,8.823999728641422,91.05000000000007,4.604470664395343,8.617560908780481,17.168744861614485,64.28571428571429,10,3,1.9285714285714286,ok
30,80,2,TP_FIJO,0,14:00,54,37.03703703703704,1.5437542397519135,3.1172222222222223,168.33,16.833000000000002,8.823999728641422,91.05000000000007,4.604470664395343,8.617560908780481,17.168744861614485,64.28571428571429,10,3,1.9285714285714286,ok
30,80,2,TP_FIJO,0,15:00,54,37.03703703703704,1.5437542397519135,3.1172222222222223,168.33,16.833000000000002,8.823999728641422,91.05000000000007,4.604470664395343,8.617560908780481,17.168744861614485,64.28571428571429,10,3,1.9285714285714286,ok
30,80,3,TP_FIJO,0,12:00,77,32.467532467532465,1.2350033918015308,1.417207792207791,109.12499999999991,10.91249999999999,11.687000000000012,116.87000000000012,2.6475274854969046,4.267769766526182,8.403568067083068,71.42857142857143,13,4,2.75,ok
30,80,3,TP_FIJO,0,14:00,77,32.467532467532465,1.2350033918015308,1.417207792207791,109.12499999999991,10.91249999999999,11.687000000000012,116.87000000000012,2.6475274854969046,4.267769766526182,8.403568067083068,71.42857142857143,13,4,2.75,ok
30,80,3,TP_FIJO,0,15:00,77,32.467532467532465,1.2350033918015308,1.417207792207791,109.12499999999991,10.91249999999999,11.687000000000012,116.87000000000012,2.6475274854969046,4.267769766526182,8.403568067083068,71.42857142857143,13,4,2.75,ok
30,100,1,TP_FIJO,0,12:00,28,35.714285714285715,1.8240893282079444,4.823571428571428,135.06,13.506000000000002,5.9993222700189115,63.7349999999999,4.052571732876638,10.610320654527392,20.26128861379151,35.714285714285715,7,3,1.0,ok
30,100,1,TP_FIJO,0,14:00,28,35.714285714285715,1.8240893282079444,4.823571428571428,135.06,13.506000000000002,5.9993222700189115,63.7349999999999,4.052571732876638,10.610320654527392,20.26128861379151,35.714285714285715,7,3,1.0,ok
30,100,1,TP_FIJO,0,15:00,28,35.714285714285715,1.8240893282079444,4.823571428571428,135.06,13.506000000000002,5.9993222700189115,63.7349999999999,4.052571732876638,10.610320654527392,20.26128861379151,35.714285714285715,7,3,1.0,ok
30,100,2,TP_FIJO,0,12:00,54,35.18518518518518,1.7936878394044786,4.817685185185185,260.15500000000003,26.015500000000003,8.623424839820245,91.05000000000007,5.729954333590034,12.284574912337241,27.151567312191087,60.71428571428571,10,3,1.9285714285714286,ok
30,100,2,TP_FIJO,0,14:00,54,35.18518518518518,1.7936878394044786,4.817685185185185,260.15500000000003,26.015500000000003,8.623424839820245,91.05000000000007,5.729954333590034,12.284574912337241,27.151567312191087,60.71428571428571,10,3,1.9285714285714286,ok
30,100,2,TP_FIJO,0,15:00,54,35.18518518518518,1.7936878394044786,4.817685185185185,260.15500000000003,26.015500000000003,8.623424839820245,91.05000000000007,5.729954333590034,12.284574912337241,27.151567312191087,60.71428571428571,10,3,1.9285714285714286,ok
30,100,3,TP_FIJO,0,12:00,77,29.87012987012987,1.3814139912404062,2.4655194805194793,189.8449999999999,18.98449999999999,11.610957157220984,118.36500000000001,3.8462291597364606,6.757591753332893,14.715453488151049,67.85714285714286,13,2,2.75,ok
30,100,3,TP_FIJO,0,14:00,77,29.87012987012987,1.3814139912404062,2.4655194805194793,189.8449999999999,18.98449999999999,11.610957157220984,118.36500000000001,3.8462291597364606,6.757591753332893,14.715453488151049,67.85714285714286,13,2,2.75,ok
30,100,3,TP_FIJO,0,15:00,77,29.87012987012987,1.3814139912404062,2.4655194805194793,189.8449999999999,18.98449999999999,11.610957157220984,118.36500000000001,3.8462291597364606,6.757591753332893,14.715453488151049,67.85714285714286,13,2,2.75,ok
40,20,1,TP_FIJO,0,12:00,28,67.85714285714286,1.0280875671210246,0.0728571428571428,2.0399999999999983,0.20399999999999985,2.484000000000003,24.840000000000032,0.24485305709588945,0.30600324715654453,0.7391304347826072,67.85714285714286,3,4,1.0,ok
40,20,1,TP_FIJO,0,14:00,28,67.85714285714286,1.0280875671210246,0.0728571428571428,2.0399999999999983,0.20399999999999985,2.484000000000003,24.840000000000032,0.24485305709588945,0.30600324715654453,0.7391304347826072,67.85714285714286,3,4,1.0,ok
40,20,1,TP_FIJO,0,15:00,28,67.85714285714286,1.0280875671210246,0.0728571428571428,2.0399999999999983,0.20399999999999985,2.484000000000003,24.840000000000032,0.24485305709588945,0.30600324715654453,0.7391304347826072,67.85714285714286,3,4,1.0,ok
40,20,2,TP_FIJO,0,12:00,54,66.66666666666666,0.9739776951672864,-0.07000000000000016,-3.7800000000000082,-0.37800000000000084,5.382000000000005,53.82000000000005,-0.23291169548585655,-0.32397663864343573,-0.632107023411372,42.857142857142854,4,8,1.9285714285714286,ok
40,20,2,TP_FIJO,0,14:00,54,66.66666666666666,0.9739776951672864,-0.07000000000000016,-3.7800000000000082,-0.37800000000000084,5.382000000000005,53.82000000000005,-0.23291169548585655,-0.32397663864343573,-0.632107023411372,42.857142857142854,4,8,1.9285714285714286,ok
40,20,2,TP_FIJO,0,15:00,54,66.66666666666666,0.9739776951672864,-0.07000000000000016,-3.7800000000000082,-0.37800000000000084,5.382000000000005,53.82000000000005,-0.23291169548585655,-0.32397663864343573,-0.632107023411372,42.857142857142854,4,8,1.9285714285714286,ok
40,20,3,TP_FIJO,0,12:00,78,64.1025641025641,0.8696229421136487,-0.3776923076923078,-29.46000000000001,-2.946000000000001,8.196000000000003,81.96000000000004,-1.7070863336445774,-2.146836856597847,-3.2349926793557833,28.57142857142857,4,9,2.7857142857142856,ok
40,20,3,TP_FIJO,0,14:00,78,64.1025641025641,0.8696229421136487,-0.3776923076923078,-29.46000000000001,-2.946000000000001,8.196000000000003,81.96000000000004,-1.7070863336445774,-2.146836856597847,-3.2349926793557833,28.57142857142857,4,9,2.7857142857142856,ok
40,20,3,TP_FIJO,0,15:00,78,64.1025641025641,0.8696229421136487,-0.3776923076923078,-29.46000000000001,-2.946000000000001,8.196000000000003,81.96000000000004,-1.7070863336445774,-2.146836856597847,-3.2349926793557833,28.57142857142857,4,9,2.7857142857142856,ok
40,30,1,TP_FIJO,0,12:00,28,60.71428571428571,1.135631407006872,0.4299999999999997,12.039999999999992,1.203999999999999,3.0629999999999993,30.629999999999995,1.0187010168278778,1.4052518976732853,3.537708129285013,60.71428571428571,3,4,1.0,ok
40,30,1,TP_FIJO,0,14:00,28,60.71428571428571,1.135631407006872,0.4299999999999997,12.039999999999992,1.203999999999999,3.0629999999999993,30.629999999999995,1.0187010168278778,1.4052518976732853,3.537708129285013,60.71428571428571,3,4,1.0,ok
40,30,1,TP_FIJO,0,15:00,28,60.71428571428571,1.135631407006872,0.4299999999999997,12.039999999999992,1.203999999999999,3.0629999999999993,30.629999999999995,1.0187010168278778,1.4052518976732853,3.537708129285013,60.71428571428571,3,4,1.0,ok
40,30,2,TP_FIJO,0,12:00,54,59.25925925925925,1.0688295595358794,0.22629629629629602,12.219999999999985,1.2219999999999984,4.939999999999998,49.39999999999998,0.7609857664659069,1.0979573849232487,2.2263157894736825,39.285714285714285,4,6,1.9285714285714286,ok
40,30,2,TP_FIJO,0,14:00,54,59.25925925925925,1.0688295595358794,0.22629629629629602,12.219999999999985,1.2219999999999984,4.939999999999998,49.39999999999998,0.7609857664659069,1.0979573849232487,2.2263157894736825,39.285714285714285,4,6,1.9285714285714286,ok
40,30,2,TP_FIJO,0,15:00,54,59.25925925925925,1.0688295595358794,0.22629629629629602,12.219999999999985,1.2219999999999984,4.939999999999998,49.39999999999998,0.7609857664659069,1.0979573849232487,2.2263157894736825,39.285714285714285,4,6,1.9285714285714286,ok
40,30,3,TP_FIJO,0,12:00,77,57.14285714285714,0.979760429574556,-0.07000000000000028,-5.390000000000022,-0.5390000000000021,8.596000000000004,85.96000000000004,-0.1470723768852048,-0.1953452262474288,-0.5643322475570053,60.71428571428571,4,9,2.75,ok
40,30,3,TP_FIJO,0,14:00,77,57.14285714285714,0.979760429574556,-0.07000000000000028,-5.390000000000022,-0.5390000000000021,8.596000000000004,85.96000000000004,-0.1470723768852048,-0.1953452262474288,-0.5643322475570053,60.71428571428571,4,9,2.75,ok
40,30,3,TP_FIJO,0,15:00,77,57.14285714285714,0.979760429574556,-0.07000000000000028,-5.390000000000022,-0.5390000000000021,8.596000000000004,85.96000000000004,-0.1470723768852048,-0.1953452262474288,-0.5643322475570053,60.71428571428571,4,9,2.75,ok
40,40,1,TP_FIJO,0,12:00,28,57.14285714285714,1.3102023957042548,1.0728571428571425,30.039999999999992,3.003999999999999,3.284000000000003,32.84000000000003,2.1302747951767294,3.2551629301647313,8.23264311814859,57.14285714285714,3,4,1.0,ok
40,40,1,TP_FIJO,0,14:00,28,57.14285714285714,1.3102023957042548,1.0728571428571425,30.039999999999992,3.003999999999999,3.284000000000003,32.84000000000003,2.1302747951767294,3.2551629301647313,8.23264311814859,57.14285714285714,3,4,1.0,ok
40,40,1,TP_FIJO,0,15:00,28,57.14285714285714,1.3102023957042548,1.0728571428571425,30.039999999999992,3.003999999999999,3.284000000000003,32.84000000000003,2.1302747951767294,3.2551629301647313,8.23264311814859,57.14285714285714,3,4,1.0,ok
40,40,2,TP_FIJO,0,12:00,54,51.85185185185185,1.0582403965303595,0.22629629629629602,12.219999999999985,1.2219999999999984,4.8489421482680255,48.84000000000003,0.7140225486420648,1.0475603319866156,2.2681235749385706,28.57142857142857,4,4,1.9285714285714286,ok
40,40,2,TP_FIJO,0,14:00,54,51.85185185185185,1.0582403965303595,0.22629629629629602,12.219999999999985,1.2219999999999984,4.8489421482680255,48.84000000000003,0.7140225486420648,1.0475603319866156,2.2681235749385706,28.57142857142857,4,4,1.9285714285714286,ok
40,40,2,TP_FIJO,0,15:00,54,51.85185185185185,1.0582403965303595,0.22629629629629602,12.219999999999985,1.2219999999999984,4.8489421482680255,48.84000000000003,0.7140225486420648,1.0475603319866156,2.2681235749385706,28.57142857142857,4,4,1.9285714285714286,ok
40,40,3,TP_FIJO,0,12:00,77,50.649350649350644,1.0085110545881435,0.03389610389610361,2.609999999999978,0.26099999999999784,6.665999999999997,66.65999999999997,0.212828351216908,0.30724857980416914,0.35238523852384956,46.42857142857143,4,6,2.75,ok
40,40,3,TP_FIJO,0,14:00,77,50.649350649350644,1.0085110545881435,0.03389610389610361,2.609999999999978,0.26099999999999784,6.665999999999997,66.65999999999997,0.212828351216908,0.30724857980416914,0.35238523852384956,46.42857142857143,4,6,2.75,ok
40,40,3,TP_FIJO,0,15:00,77,50.649350649350644,1.0085110545881435,0.03389610389610361,2.609999999999978,0.26099999999999784,6.665999999999997,66.65999999999997,0.212828351216908,0.30724857980416914,0.35238523852384956,46.42857142857143,4,6,2.75,ok
40,60,1,TP_FIJO,0,12:00,28,46.42857142857143,1.2812061131763741,1.2157142857142855,34.03999999999999,3.4039999999999995,4.786571502006769,48.42000000000007,1.9465414335532445,3.35991924231493,6.400405799256495,46.42857142857143,6,4,1.0,ok
40,60,1,TP_FIJO,0,14:00,28,46.42857142857143,1.2812061131763741,1.2157142857142855,34.03999999999999,3.4039999999999995,4.786571502006769,48.42000000000007,1.9465414335532445,3.35991924231493,6.400405799256495,46.42857142857143,6,4,1.0,ok
40,60,1,TP_FIJO,0,15:00,28,46.42857142857143,1.2812061131763741,1.2157142857142855,34.03999999999999,3.4039999999999995,4.786571502006769,48.42000000000007,1.9465414335532445,3.35991924231493,6.400405799256495,46.42857142857143,6,4,1.0,ok
40,60,2,TP_FIJO,0,12:00,54,42.592592592592595,1.096814166366871,0.44851851851851826,24.219999999999985,2.4219999999999984,7.980380328906386,80.70000000000005,1.086246586310025,1.6427432395379584,2.7314487657992528,67.85714285714286,10,4,1.9285714285714286,ok
40,60,2,TP_FIJO,0,14:00,54,42.592592592592595,1.096814166366871,0.44851851851851826,24.219999999999985,2.4219999999999984,7.980380328906386,80.70000000000005,1.086246586310025,1.6427432395379584,2.7314487657992528,67.85714285714286,10,4,1.9285714285714286,ok
40,60,2,TP_FIJO,0,15:00,54,42.592592592592595,1.096814166366871,0.44851851851851826,24.219999999999985,2.4219999999999984,7.980380328906386,80.70000000000005,1.086246586310025,1.6427432395379584,2.7314487657992528,67.85714285714286,10,4,1.9285714285714286,ok
40,60,3,TP_FIJO,0,12:00,77,42.857142857142854,1.108736059479554,0.5014285714285711,38.60999999999998,3.860999999999998,8.947462793616644,89.82000000000005,1.3463300186776717,2.0787407281383534,3.8836708016032024,50.0,8,6,2.75,ok
40,60,3,TP_FIJO,0,14:00,77,42.857142857142854,1.108736059479554,0.5014285714285711,38.60999999999998,3.860999999999998,8.947462793616644,89.82000000000005,1.3463300186776717,2.0787407281383534,3.8836708016032024,50.0,8,6,2.75,ok
40,60,3,TP_FIJO,0,15:00,77,42.857142857142854,1.108736059479554,0.5014285714285711,38.60999999999998,3.860999999999998,8.947462793616644,89.82000000000005,1.3463300186776717,2.0787407281383534,3.8836708016032024,50.0,8,6,2.75,ok
40,80,1,TP_FIJO,0,12:00,28,39.285714285714285,1.2772796851082442,1.3585714285714283,38.03999999999999,3.803999999999999,4.730455851032657,48.42000000000007,1.866696207503644,3.563419263075163,7.237357472118947,39.285714285714285,6,3,1.0,ok
40,80,1,TP_FIJO,0,14:00,28,39.285714285714285,1.2772796851082442,1.3585714285714283,38.03999999999999,3.803999999999999,4.730455851032657,48.42000000000007,1.866696207503644,3.563419263075163,7.237357472118947,39.285714285714285,6,3,1.0,ok
40,80,1,TP_FIJO,0,15:00,28,39.285714285714285,1.2772796851082442,1.3585714285714283,38.03999999999999,3.803999999999999,4.730455851032657,48.42000000000007,1.866696207503644,3.563419263075163,7.237357472118947,39.285714285714285,6,3,1.0,ok
40,80,2,TP_FIJO,0,12:00,54,38.88888888888889,1.256167624197364,1.2633333333333328,68.21999999999997,6.821999999999997,7.825606314789139,80.70000000000005,2.724973241346173,4.339755189517285,7.845781851301108,67.85714285714286,10,3,1.9285714285714286,ok
40,80,2,TP_FIJO,0,14:00,54,38.88888888888889,1.256167624197364,1.2633333333333328,68.21999999999997,6.821999999999997,7.825606314789139,80.70000000000005,2.724973241346173,4.339755189517285,7.845781851301108,67.85714285714286,10,3,1.9285714285714286,ok
40,80,2,TP_FIJO,0,15:00,54,38.88888888888889,1.256167624197364,1.2633333333333328,68.21999999999997,6.821999999999997,7.825606314789139,80.70000000000005,2.724973241346173,4.339755189517285,7.845781851301108,67.85714285714286,10,3,1.9285714285714286,ok
40,80,3,TP_FIJO,0,12:00,77,37.66233766233766,1.1926115241635689,0.9689610389610391,74.61000000000001,7.461000000000001,8.911952056833297,89.82000000000005,2.502574892400787,3.844160990686181,7.5347128857715395,42.857142857142854,8,4,2.75,ok
40,80,3,TP_FIJO,0,14:00,77,37.66233766233766,1.1926115241635689,0.9689610389610391,74.61000000000001,7.461000000000001,8.911952056833297,89.82000000000005,2.502574892400787,3.844160990686181,7.5347128857715395,42.857142857142854,8,4,2.75,ok
40,80,3,TP_FIJO,0,15:00,77,37.66233766233766,1.1926115241635689,0.9689610389610391,74.61000000000001,7.461000000000001,8.911952056833297,89.82000000000005,2.502574892400787,3.844160990686181,7.5347128857715395,42.857142857142854,8,4,2.75,ok
40,100,1,TP_FIJO,0,12:00,28,35.714285714285715,1.372022580201019,1.9299999999999997,54.03999999999999,5.403999999999999,5.454914154386904,56.489999999999895,2.297523878605818,4.8803135866652,8.915997323420088,35.714285714285715,7,3,1.0,ok
40,100,1,TP_FIJO,0,14:00,28,35.714285714285715,1.372022580201019,1.9299999999999997,54.03999999999999,5.403999999999999,5.454914154386904,56.489999999999895,2.297523878605818,4.8803135866652,8.915997323420088,35.714285714285715,7,3,1.0,ok
40,100,1,TP_FIJO,0,15:00,28,35.714285714285715,1.372022580201019,1.9299999999999997,54.03999999999999,5.403999999999999,5.454914154386904,56.489999999999895,2.297523878605818,4.8803135866652,8.915997323420088,35.714285714285715,7,3,1.0,ok
40,100,2,TP_FIJO,0,12:00,54,37.03703703703704,1.452729790801079,2.300370370370371,124.22000000000003,12.422000000000002,7.676721554750154,80.70000000000005,4.091549978716993,7.367837737426173,14.563248022304826,64.28571428571429,10,3,1.9285714285714286,ok
40,100,2,TP_FIJO,0,14:00,54,37.03703703703704,1.452729790801079,2.300370370370371,124.22000000000003,12.422000000000002,7.676721554750154,80.70000000000005,4.091549978716993,7.367837737426173,14.563248022304826,64.28571428571429,10,3,1.9285714285714286,ok
40,100,2,TP_FIJO,0,15:00,54,37.03703703703704,1.452729790801079,2.300370370370371,124.22000000000003,12.422000000000002,7.676721554750154,80.70000000000005,4.091549978716993,7.367837737426173,14.563248022304826,64.28571428571429,10,3,1.9285714285714286,ok
40,100,3,TP_FIJO,0,12:00,77,33.76623376623377,1.2775011094127506,1.461818181818182,112.56,11.256,7.547966043476135,76.91000000000008,3.304314626565733,5.3054014157766485,13.421364035886088,75.0,8,3,2.75,ok
40,100,3,TP_FIJO,0,14:00,77,33.76623376623377,1.2775011094127506,1.461818181818182,112.56,11.256,7.547966043476135,76.91000000000008,3.304314626565733,5.3054014157766485,13.421364035886088,75.0,8,3,2.75,ok
40,100,3,TP_FIJO,0,15:00,77,33.76623376623377,1.2775011094127506,1.461818181818182,112.56,11.256,7.547966043476135,76.91000000000008,3.304314626565733,5.3054014157766485,13.421364035886088,75.0,8,3,2.75,ok
50,20,1,TP_FIJO,0,12:00,28,78.57142857142857,1.0146971201588881,0.02642857142857142,0.7399999999999998,0.07399999999999998,2.2262508342215006,22.34999999999991,0.12586629180710257,0.1456345136260442,0.2991576644295313,78.57142857142857,3,12,1.0,ok
50,20,1,TP_FIJO,0,14:00,28,78.57142857142857,1.0146971201588881,0.02642857142857142,0.7399999999999998,0.07399999999999998,2.2262508342215006,22.34999999999991,0.12586629180710257,0.1456345136260442,0.2991576644295313,78.57142857142857,3,12,1.0,ok
50,20,1,TP_FIJO,0,15:00,28,78.57142857142857,1.0146971201588881,0.02642857142857142,0.7399999999999998,0.07399999999999998,2.2262508342215006,22.34999999999991,0.12586629180710257,0.1456345136260442,0.2991576644295313,78.57142857142857,3,12,1.0,ok
50,20,2,TP_FIJO,0,12:00,54,72.22222222222221,0.888944058258855,-0.18638888888888897,-10.065000000000005,-1.0065000000000004,4.435139801162864,44.700000000000045,-1.0531315119976528,-1.328983402047585,-2.0424384362416097,53.57142857142857,4,15,1.9285714285714286,ok
50,20,2,TP_FIJO,0,14:00,54,72.22222222222221,0.888944058258855,-0.18638888888888897,-10.065000000000005,-1.0065000000000004,4.435139801162864,44.700000000000045,-1.0531315119976528,-1.328983402047585,-2.0424384362416097,53.57142857142857,4,15,1.9285714285714286,ok
50,20,2,TP_FIJO,0,15:00,54,72.22222222222221,0.888944058258855,-0.18638888888888897,-10.065000000000005,-1.0065000000000004,4.435139801162864,44.700000000000045,-1.0531315119976528,-1.328983402047585,-2.0424384362416097,53.57142857142857,4,15,1.9285714285714286,ok
50,20,3,TP_FIJO,0,12:00,78,71.7948717948718,0.9059795715704357,-0.16993589743589751,-13.255000000000006,-1.3255000000000006,5.153989641418455,51.94500000000005,-1.0144549398353166,-1.2793960108297362,-2.3146146635864846,42.857142857142854,3,15,2.7857142857142856,ok
50,20,3,TP_FIJO,0,14:00,78,71.7948717948718,0.9059795715704357,-0.16993589743589751,-13.255000000000006,-1.3255000000000006,5.153989641418455,51.94500000000005,-1.0144549398353166,-1.2793960108297362,-2.3146146635864846,42.857142857142854,3,15,2.7857142857142856,ok
50,20,3,TP_FIJO,0,15:00,78,71.7948717948718,0.9059795715704357,-0.16993589743589751,-13.255000000000006,-1.3255000000000006,5.153989641418455,51.94500000000005,-1.0144549398353166,-1.2793960108297362,-2.3146146635864846,42.857142857142854,3,15,2.7857142857142856,ok
50,30,1,TP_FIJO,0,12:00,28,71.42857142857143,1.5212677921218143,1.1248214285714284,31.494999999999994,3.1494999999999997,2.118934717127429,21.31499999999994,3.067563738389604,4.254886986463834,13.377240823363861,71.42857142857143,3,10,1.0,ok
50,30,1,TP_FIJO,0,14:00,28,71.42857142857143,1.5212677921218143,1.1248214285714284,31.494999999999994,3.1494999999999997,2.118934717127429,21.31499999999994,3.067563738389604,4.254886986463834,13.377240823363861,71.42857142857143,3,10,1.0,ok
50,30,1,TP_FIJO,0,15:00,28,71.42857142857143,1.5212677921218143,1.1248214285714284,31.494999999999994,3.1494999999999997,2.118934717127429,21.31499999999994,3.067563738389604,4.254886986463834,13.377240823363861,71.42857142857143,3,10,1.0,ok
50,30,2,TP_FIJO,0,12:00,54,66.66666666666666,1.2230540065693989,0.5407407407407405,29.19999999999999,2.919999999999999,4.124582452117883,41.735000000000014,2.0003177957096203,2.96532832547755,6.371554043368872,50.0,4,11,1.9285714285714286,ok
50,30,2,TP_FIJO,0,14:00,54,66.66666666666666,1.2230540065693989,0.5407407407407405,29.19999999999999,2.919999999999999,4.124582452117883,41.735000000000014,2.0003177957096203,2.96532832547755,6.371554043368872,50.0,4,11,1.9285714285714286,ok
50,30,2,TP_FIJO,0,15:00,54,66.66666666666666,1.2230540065693989,0.5407407407407405,29.19999999999999,2.919999999999999,4.124582452117883,41.735000000000014,2.0003177957096203,2.96532832547755,6.371554043368872,50.0,4,11,1.9285714285714286,ok
50,30,3,TP_FIJO,0,12:00,77,66.23376623376623,1.145924474623581,0.35305194805194773,27.184999999999974,2.7184999999999975,6.026525408653373,60.98000000000002,1.5091978496935505,2.0688455640909305,4.059802015414885,71.42857142857143,4,15,2.75,ok
50,30,3,TP_FIJO,0,14:00,77,66.23376623376623,1.145924474623581,0.35305194805194773,27.184999999999974,2.7184999999999975,6.026525408653373,60.98000000000002,1.5091978496935505,2.0688455640909305,4.059802015414885,71.42857142857143,4,15,2.75,ok
50,30,3,TP_FIJO,0,15:00,77,66.23376623376623,1.145924474623581,0.35305194805194773,27.184999999999974,2.7184999999999975,6.026525408653373,60.98000000000002,1.5091978496935505,2.0688455640909305,4.059802015414885,71.42857142857143,4,15,2.75,ok
50,40,1,TP_FIJO,0,12:00,28,60.71428571428571,1.1249822669882255,0.31464285714285695,8.809999999999995,0.8809999999999995,2.601902476987354,26.24499999999989,0.8992115510137578,1.2317636826304459,3.047385545818262,60.71428571428571,3,4,1.0,ok
50,40,1,TP_FIJO,0,14:00,28,60.71428571428571,1.1249822669882255,0.31464285714285695,8.809999999999995,0.8809999999999995,2.601902476987354,26.24499999999989,0.8992115510137578,1.2317636826304459,3.047385545818262,60.71428571428571,3,4,1.0,ok
50,40,1,TP_FIJO,0,15:00,28,60.71428571428571,1.1249822669882255,0.31464285714285695,8.809999999999995,0.8809999999999995,2.601902476987354,26.24499999999989,0.8992115510137578,1.2317636826304459,3.047385545818262,60.71428571428571,3,4,1.0,ok
50,40,2,TP_FIJO,0,12:00,54,55.55555555555556,0.9562349269399913,-0.11425925925925942,-6.170000000000009,-0.6170000000000009,4.52276888547635,45.94500000000005,-0.4137003062575229,-0.5671430304442981,-1.2277876983349658,32.142857142857146,4,4,1.9285714285714286,ok
50,40,2,TP_FIJO,0,14:00,54,55.55555555555556,0.9562349269399913,-0.11425925925925942,-6.170000000000009,-0.6170000000000009,4.52276888547635,45.94500000000005,-0.4137003062575229,-0.5671430304442981,-1.2277876983349658,32.142857142857146,4,4,1.9285714285714286,ok
50,40,2,TP_FIJO,0,15:00,54,55.55555555555556,0.9562349269399913,-0.11425925925925942,-6.170000000000009,-0.6170000000000009,4.52276888547635,45.94500000000005,-0.4137003062575229,-0.5671430304442981,-1.2277876983349658,32.142857142857146,4,4,1.9285714285714286,ok
50,40,3,TP_FIJO,0,12:00,77,55.84415584415584,0.9325510897402394,-0.16759740259740274,-12.905000000000012,-1.290500000000001,6.431004272242231,65.32999999999993,-0.7848563890416108,-1.0031858830583325,-1.806016526863619,57.14285714285714,4,7,2.75,ok
50,40,3,TP_FIJO,0,14:00,77,55.84415584415584,0.9325510897402394,-0.16759740259740274,-12.905000000000012,-1.290500000000001,6.431004272242231,65.32999999999993,-0.7848563890416108,-1.0031858830583325,-1.806016526863619,57.14285714285714,4,7,2.75,ok
50,40,3,TP_FIJO,0,15:00,77,55.84415584415584,0.9325510897402394,-0.16759740259740274,-12.905000000000012,-1.290500000000001,6.431004272242231,65.32999999999993,-0.7848563890416108,-1.0031858830583325,-1.806016526863619,57.14285714285714,4,7,2.75,ok
50,60,1,TP_FIJO,0,12:00,28,50.0,1.0154631862675558,0.05839285714285695,1.6349999999999945,0.16349999999999945,3.9659331462610123,40.27999999999997,0.1758072401588434,0.2570086067747978,0.37103499875868823,50.0,6,4,1.0,ok
50,60,1,TP_FIJO,0,14:00,28,50.0,1.0154631862675558,0.05839285714285695,1.6349999999999945,0.16349999999999945,3.9659331462610123,40.27999999999997,0.1758072401588434,0.2570086067747978,0.37103499875868823,50.0,6,4,1.0,ok
50,60,1,TP_FIJO,0,15:00,28,50.0,1.0154631862675558,0.05839285714285695,1.6349999999999945,0.16349999999999945,3.9659331462610123,40.27999999999997,0.1758072401588434,0.2570086067747978,0.37103499875868823,50.0,6,4,1.0,ok
50,60,2,TP_FIJO,0,12:00,54,46.2962962962963,0.9477656405163852,-0.17046296296296312,-9.205000000000009,-0.9205000000000009,6.92233313148282,70.875,-0.44382460901925264,-0.6131399963694324,-1.1967785777777786,71.42857142857143,10,4,1.9285714285714286,ok
50,60,2,TP_FIJO,0,14:00,54,46.2962962962963,0.9477656405163852,-0.17046296296296312,-9.205000000000009,-0.9205000000000009,6.92233313148282,70.875,-0.44382460901925264,-0.6131399963694324,-1.1967785777777786,71.42857142857143,10,4,1.9285714285714286,ok
50,60,2,TP_FIJO,0,15:00,54,46.2962962962963,0.9477656405163852,-0.17046296296296312,-9.205000000000009,-0.9205000000000009,6.92233313148282,70.875,-0.44382460901925264,-0.6131399963694324,-1.1967785777777786,71.42857142857143,10,4,1.9285714285714286,ok
50,60,3,TP_FIJO,0,12:00,75,49.333333333333336,1.1847070506454818,0.6695999999999998,50.219999999999985,5.0219999999999985,7.323266852890045,74.98000000000002,1.9673769522254851,2.9260739881822464,6.171835726860493,64.28571428571429,8,7,2.6785714285714284,ok
50,60,3,TP_FIJO,0,14:00,76,48.68421052631579,1.1416267942583735,0.5160526315789472,39.219999999999985,3.9219999999999984,7.815033305334712,80.01499999999999,1.5748145045316186,2.2310710513851806,4.516679407611073,64.28571428571429,8,7,2.7142857142857144,ok
50,60,3,TP_FIJO,0,15:00,76,48.68421052631579,1.1416267942583735,0.5160526315789472,39.219999999999985,3.9219999999999984,7.815033305334712,80.01499999999999,1.5748145045316186,2.2310710513851806,4.516679407611073,64.28571428571429,8,7,2.7142857142857144,ok
50,80,1,TP_FIJO,0,12:00,28,46.42857142857143,1.171797418073486,0.8341071428571427,23.354999999999997,2.3354999999999997,4.86184537690165,50.35000000000002,1.256573831994396,2.0971565217134156,4.323358389771596,46.42857142857143,6,3,1.0,ok
50,80,1,TP_FIJO,0,14:00,28,46.42857142857143,1.171797418073486,0.8341071428571427,23.354999999999997,2.3354999999999997,4.86184537690165,50.35000000000002,1.256573831994396,2.0971565217134156,4.323358389771596,46.42857142857143,6,3,1.0,ok
50,80,1,TP_FIJO,0,15:00,28,46.42857142857143,1.171797418073486,0.8341071428571427,23.354999999999997,2.3354999999999997,4.86184537690165,50.35000000000002,1.256573831994396,2.0971565217134156,4.323358389771596,46.42857142857143,6,3,1.0,ok
50,80,2,TP_FIJO,0,12:00,54,44.44444444444444,1.252358490566038,1.1294444444444443,60.98999999999999,6.098999999999998,6.815006743463192,70.49000000000001,2.403086850445531,3.866527548710681,8.054430768194067,71.42857142857143,10,4,1.9285714285714286,ok
50,80,2,TP_FIJO,0,14:00,54,44.44444444444444,1.252358490566038,1.1294444444444443,60.98999999999999,6.098999999999998,6.815006743463192,70.49000000000001,2.403086850445531,3.866527548710681,8.054430768194067,71.42857142857143,10,4,1.9285714285714286,ok
50,80,2,TP_FIJO,0,15:00,54,44.44444444444444,1.252358490566038,1.1294444444444443,60.98999999999999,6.098999999999998,6.815006743463192,70.49000000000001,2.403086850445531,3.866527548710681,8.054430768194067,71.42857142857143,10,4,1.9285714285714286,ok
50,80,3,TP_FIJO,0,12:00,75,45.33333333333333,1.3225942989239259,1.3210666666666668,99.08000000000001,9.908000000000001,8.339309596263057,86.04999999999995,3.50662034618095,5.4694396387113535,10.692971518884374,60.71428571428571,8,5,2.6785714285714284,ok
50,80,3,TP_FIJO,0,14:00,76,44.73684210526316,1.322594298923926,1.303684210526316,99.08000000000001,9.908000000000001,8.339309596263057,86.04999999999995,3.414627929833794,5.205997827682712,10.692971518884374,60.71428571428571,8,5,2.7142857142857144,ok
50,80,3,TP_FIJO,0,15:00,76,44.73684210526316,1.322594298923926,1.303684210526316,99.08000000000001,9.908000000000001,8.339309596263057,86.04999999999995,3.414627929833794,5.205997827682712,10.692971518884374,60.71428571428571,8,5,2.7142857142857144,ok
50,100,1,TP_FIJO,0,12:00,28,42.857142857142854,1.3649282607951236,1.9030357142857142,53.285,5.3285,5.756396392963141,60.42000000000007,2.3295978964041253,4.462883150568226,8.330993337884797,42.857142857142854,7,3,1.0,ok
50,100,1,TP_FIJO,0,14:00,28,42.857142857142854,1.3649282607951236,1.9030357142857142,53.285,5.3285,5.756396392963141,60.42000000000007,2.3295978964041253,4.462883150568226,8.330993337884797,42.857142857142854,7,3,1.0,ok
50,100,1,TP_FIJO,0,15:00,28,42.857142857142854,1.3649282607951236,1.9030357142857142,53.285,5.3285,5.756396392963141,60.42000000000007,2.3295978964041253,4.462883150568226,8.330993337884797,42.857142857142854,7,3,1.0,ok
50,100,2,TP_FIJO,0,12:00,54,42.592592592592595,1.4082384844549696,1.9793518518518523,106.88500000000002,10.688500000000003,7.197655579910414,75.52499999999998,3.4835357052602256,6.300946119608045,13.364976822244298,60.71428571428571,10,4,1.9285714285714286,ok
50,100,2,TP_FIJO,0,14:00,54,42.592592592592595,1.4082384844549696,1.9793518518518523,106.88500000000002,10.688500000000003,7.197655579910414,75.52499999999998,3.4835357052602256,6.300946119608045,13.364976822244298,60.71428571428571,10,4,1.9285714285714286,ok
50,100,2,TP_FIJO,0,15:00,54,42.592592592592595,1.4082384844549696,1.9793518518518523,106.88500000000002,10.688500000000003,7.197655579910414,75.52499999999998,3.4835357052602256,6.300946119608045,13.364976822244298,60.71428571428571,10,4,1.9285714285714286,ok
50,100,3,TP_FIJO,0,12:00,75,41.333333333333336,1.4019158200290278,1.846133333333333,138.45999999999998,13.845999999999997,7.817879329909781,81.29499999999985,4.132915971100063,7.065668864354682,15.939616709514755,57.14285714285714,8,4,2.6785714285714284,ok
50,100,3,TP_FIJO,0,14:00,76,40.78947368421053,1.4275188062646442,1.8246052631578948,138.67000000000002,13.867,8.281884099782653,86.11999999999989,4.137727117390084,7.004290900222646,15.06939707152812,57.14285714285714,8,4,2.7142857142857144,ok
50,100,3,TP_FIJO,0,15:00,76,40.78947368421053,1.4275188062646442,1.8246052631578948,138.67000000000002,13.867,8.281884099782653,86.11999999999989,4.137727117390084,7.004290900222646,15.06939707152812,57.14285714285714,8,4,2.7142857142857144,ok
10,0,1,TRAILING,15,12:00,28,10.714285714285714,0.5370618655429994,-3.884464285714285,-108.76499999999999,-10.876499999999998,12.413640607341158,126.31499999999994,-3.2446819004586063,-6.741912448071075,-7.885559369433562,10.714285714285714,11,2,1.0,ok
10,0,1,TRAILING,15,14:00,28,10.714285714285714,0.5370618655429994,-3.884464285714285,-108.76499999999999,-10.876499999999998,12.413640607341158,126.31499999999994,-3.2446819004586063,-6.741912448071075,-7.885559369433562,10.714285714285714,11,2,1.0,ok
10,0,1,TRAILING,15,15:00,28,10.714285714285714,0.5370618655429994,-3.884464285714285,-108.76499999999999,-10.876499999999998,12.413640607341158,126.31499999999994,-3.2446819004586063,-6.741912448071075,-7.885559369433562,10.714285714285714,11,2,1.0,ok
10,0,2,TRAILING,15,12:00,54,11.11111111111111,0.4223828471994061,-4.395185185185186,-237.34000000000006,-23.734000000000005,23.734,237.34000000000003,-7.073441889757043,-8.796791203249015,-9.000000000000002,21.428571428571427,18,1,1.9285714285714286,ok
10,0,2,TRAILING,15,14:00,54,11.11111111111111,0.4223828471994061,-4.395185185185186,-237.34000000000006,-23.734000000000005,23.734,237.34000000000003,-7.073441889757043,-8.796791203249015,-9.000000000000002,21.428571428571427,18,1,1.9285714285714286,ok
10,0,2,TRAILING,15,15:00,54,11.11111111111111,0.4223828471994061,-4.395185185185186,-237.34000000000006,-23.734000000000005,23.734,237.34000000000003,-7.073441889757043,-8.796791203249015,-9.000000000000002,21.428571428571427,18,1,1.9285714285714286,ok
10,0,3,TRAILING,15,12:00,78,14.102564102564102,0.49568117754756147,-3.566794871794872,-278.21000000000004,-27.821,27.821,278.21000000000004,-7.978216064962339,-8.479792336047778,-9.000000000000002,25.0,14,1,2.7857142857142856,ok
10,0,3,TRAILING,15,14:00,78,14.102564102564102,0.49568117754756147,-3.566794871794872,-278.21000000000004,-27.821,27.821,278.21000000000004,-7.978216064962339,-8.479792336047778,-9.000000000000002,25.0,14,1,2.7857142857142856,ok
10,0,3,TRAILING,15,15:00,78,14.102564102564102,0.49568117754756147,-3.566794871794872,-278.21000000000004,-27.821,27.821,278.21000000000004,-7.978216064962339,-8.479792336047778,-9.000000000000002,25.0,14,1,2.7857142857142856,ok
10,0,1,TRAILING,25,12:00,28,10.714285714285714,0.5900076277650648,-3.4553571428571423,-96.74999999999999,-9.674999999999999,11.232863249963144,114.29999999999995,-2.845973495680388,-5.925275408425499,-7.7518080708661445,10.714285714285714,11,2,1.0,ok
10,0,1,TRAILING,25,14:00,28,10.714285714285714,0.5900076277650648,-3.4553571428571423,-96.74999999999999,-9.674999999999999,11.232863249963144,114.29999999999995,-2.845973495680388,-5.925275408425499,-7.7518080708661445,10.714285714285714,11,2,1.0,ok
10,0,1,TRAILING,25,15:00,28,10.714285714285714,0.5900076277650648,-3.4553571428571423,-96.74999999999999,-9.674999999999999,11.232863249963144,114.29999999999995,-2.845973495680388,-5.925275408425499,-7.7518080708661445,10.714285714285714,11,2,1.0,ok
10,0,2,TRAILING,25,12:00,54,11.11111111111111,0.41620497767993636,-4.419814814814815,-238.67000000000002,-23.867,23.867000000000008,238.67000000000007,-7.1666720556872265,-8.878389764851159,-8.999999999999998,17.857142857142858,18,1,1.9285714285714286,ok
10,0,2,TRAILING,25,14:00,54,11.11111111111111,0.41620497767993636,-4.419814814814815,-238.67000000000002,-23.867,23.867000000000008,238.67000000000007,-7.1666720556872265,-8.878389764851159,-8.999999999999998,17.857142857142858,18,1,1.9285714285714286,ok
10,0,2,TRAILING,25,15:00,54,11.11111111111111,0.41620497767993636,-4.419814814814815,-238.67000000000002,-23.867,23.867000000000008,238.67000000000007,-7.1666720556872265,-8.878389764851159,-8.999999999999998,17.857142857142858,18,1,1.9285714285714286,ok
10,0,3,TRAILING,25,12:00,78,14.102564102564102,0.4640436435774507,-3.740769230769232,-291.7800000000001,-29.178000000000008,29.178000000000008,291.7800000000001,-8.529072595350375,-8.873680854388523,-8.999999999999998,25.0,14,1,2.7857142857142856,ok
10,0,3,TRAILING,25,14:00,78,14.102564102564102,0.4640436435774507,-3.740769230769232,-291.7800000000001,-29.178000000000008,29.178000000000008,291.7800000000001,-8.529072595350375,-8.873680854388523,-8.999999999999998,25.0,14,1,2.7857142857142856,ok
10,0,3,TRAILING,25,15:00,78,14.102564102564102,0.4640436435774507,-3.740769230769232,-291.7800000000001,-29.178000000000008,29.178000000000008,291.7800000000001,-8.529072595350375,-8.873680854388523,-8.999999999999998,25.0,14,1,2.7857142857142856,ok
10,0,1,TRAILING,35,12:00,28,10.714285714285714,0.6804632618188723,-2.704821428571428,-75.73499999999999,-7.573499999999998,10.273205247899364,104.53499999999997,-1.9083143544604386,-4.463076930988214,-6.634881554024966,10.714285714285714,11,2,1.0,ok
10,0,1,TRAILING,35,14:00,28,10.714285714285714,0.6804632618188723,-2.704821428571428,-75.73499999999999,-7.573499999999998,10.273205247899364,104.53499999999997,-1.9083143544604386,-4.463076930988214,-6.634881554024966,10.714285714285714,11,2,1.0,ok
10,0,1,TRAILING,35,15:00,28,10.714285714285714,0.6804632618188723,-2.704821428571428,-75.73499999999999,-7.573499999999998,10.273205247899364,104.53499999999997,-1.9083143544604386,-4.463076930988214,-6.634881554024966,10.714285714285714,11,2,1.0,ok
10,0,2,TRAILING,35,12:00,54,9.25925925925926,0.4275827494711615,-4.33462962962963,-234.07000000000002,-23.407000000000004,23.407000000000007,234.07000000000005,-6.220282723421747,-8.595314856570877,-8.999999999999998,17.857142857142858,23,1,1.9285714285714286,ok
10,0,2,TRAILING,35,14:00,54,9.25925925925926,0.4275827494711615,-4.33462962962963,-234.07000000000002,-23.407000000000004,23.407000000000007,234.07000000000005,-6.220282723421747,-8.595314856570877,-8.999999999999998,17.857142857142858,23,1,1.9285714285714286,ok
10,0,2,TRAILING,35,15:00,54,9.25925925925926,0.4275827494711615,-4.33462962962963,-234.07000000000002,-23.407000000000004,23.407000000000007,234.07000000000005,-6.220282723421747,-8.595314856570877,-8.999999999999998,17.857142857142858,23,1,1.9285714285714286,ok
10,0,3,TRAILING,35,12:00,78,11.538461538461538,0.4341163695089239,-3.9083333333333345,-304.8500000000001,-30.485000000000007,30.485000000000014,304.85000000000014,-8.090360017970335,-9.068327156436741,-8.999999999999998,25.0,14,1,2.7857142857142856,ok
10,0,3,TRAILING,35,14:00,78,11.538461538461538,0.4341163695089239,-3.9083333333333345,-304.8500000000001,-30.485000000000007,30.485000000000014,304.85000000000014,-8.090360017970335,-9.068327156436741,-8.999999999999998,25.0,14,1,2.7857142857142856,ok
10,0,3,TRAILING,35,15:00,78,11.538461538461538,0.4341163695089239,-3.9083333333333345,-304.8500000000001,-30.485000000000007,30.485000000000014,304.85000000000014,-8.090360017970335,-9.068327156436741,-8.999999999999998,25.0,14,1,2.7857142857142856,ok
10,0,1,TRAILING,50,12:00,28,10.714285714285714,0.5211619853789919,-4.000178571428571,-112.00499999999998,-11.200499999999998,11.657671549730143,117.17999999999995,-3.701708889862719,-6.995817143939447,-8.647052678571429,10.714285714285714,11,2,1.0,ok
10,0,1,TRAILING,50,14:00,28,10.714285714285714,0.5211619853789919,-4.000178571428571,-112.00499999999998,-11.200499999999998,11.657671549730143,117.17999999999995,-3.701708889862719,-6.995817143939447,-8.647052678571429,10.714285714285714,11,2,1.0,ok
10,0,1,TRAILING,50,15:00,28,10.714285714285714,0.5211619853789919,-4.000178571428571,-112.00499999999998,-11.200499999999998,11.657671549730143,117.17999999999995,-3.701708889862719,-6.995817143939447,-8.647052678571429,10.714285714285714,11,2,1.0,ok
10,0,2,TRAILING,50,12:00,54,9.25925925925926,0.4848958144152652,-3.9392592592592597,-212.72000000000003,-21.272000000000002,24.121500000000005,241.21500000000003,-4.719421523548957,-7.454050418969736,-7.9368198495118465,17.857142857142858,23,1,1.9285714285714286,ok
10,0,2,TRAILING,50,14:00,54,9.25925925925926,0.4848958144152652,-3.9392592592592597,-212.72000000000003,-21.272000000000002,24.121500000000005,241.21500000000003,-4.719421523548957,-7.454050418969736,-7.9368198495118465,17.857142857142858,23,1,1.9285714285714286,ok
10,0,2,TRAILING,50,15:00,54,9.25925925925926,0.4848958144152652,-3.9392592592592597,-212.72000000000003,-21.272000000000002,24.121500000000005,241.21500000000003,-4.719421523548957,-7.454050418969736,-7.9368198495118465,17.857142857142858,23,1,1.9285714285714286,ok
10,0,3,TRAILING,50,12:00,78,11.538461538461538,0.7063204508856684,-2.2446153846153845,-175.07999999999998,-17.508,19.113,191.13,-2.64459623423209,-4.367672161337667,-8.244231674776328,25.0,14,1,2.7857142857142856,ok
10,0,3,TRAILING,50,14:00,78,11.538461538461538,0.7063204508856684,-2.2446153846153845,-175.07999999999998,-17.508,19.113,191.13,-2.64459623423209,-4.367672161337667,-8.244231674776328,25.0,14,1,2.7857142857142856,ok
10,0,3,TRAILING,50,15:00,78,11.538461538461538,0.7063204508856684,-2.2446153846153845,-175.07999999999998,-17.508,19.113,191.13,-2.64459623423209,-4.367672161337667,-8.244231674776328,25.0,14,1,2.7857142857142856,ok
15,0,1,TRAILING,15,12:00,28,32.142857142857146,1.167838162180696,1.0489285714285708,29.36999999999998,2.936999999999998,5.787000000000001,57.870000000000005,0.9474712020693324,2.5126270283101166,4.567651632970447,32.142857142857146,6,3,1.0,ok
15,0,1,TRAILING,15,14:00,28,32.142857142857146,1.167838162180696,1.0489285714285708,29.36999999999998,2.936999999999998,5.787000000000001,57.870000000000005,0.9474712020693324,2.5126270283101166,4.567651632970447,32.142857142857146,6,3,1.0,ok
15,0,1,TRAILING,15,15:00,28,32.142857142857146,1.167838162180696,1.0489285714285708,29.36999999999998,2.936999999999998,5.787000000000001,57.870000000000005,0.9474712020693324,2.5126270283101166,4.567651632970447,32.142857142857146,6,3,1.0,ok
15,0,2,TRAILING,15,12:00,54,29.629629629629626,1.0053489776550777,0.034444444444443674,1.8599999999999586,0.18599999999999584,10.890547458090737,111.48000000000002,0.2238585248348022,0.39568722594373973,0.15371128094725164,42.857142857142854,8,3,1.9285714285714286,ok
15,0,2,TRAILING,15,14:00,54,29.629629629629626,1.0053489776550777,0.034444444444443674,1.8599999999999586,0.18599999999999584,10.890547458090737,111.48000000000002,0.2238585248348022,0.39568722594373973,0.15371128094725164,42.857142857142854,8,3,1.9285714285714286,ok
15,0,2,TRAILING,15,15:00,54,29.629629629629626,1.0053489776550777,0.034444444444443674,1.8599999999999586,0.18599999999999584,10.890547458090737,111.48000000000002,0.2238585248348022,0.39568722594373973,0.15371128094725164,42.857142857142854,8,3,1.9285714285714286,ok
15,0,3,TRAILING,15,12:00,78,32.05128205128205,1.0674944187895652,0.42442307692307596,33.104999999999926,3.3104999999999927,10.244979999601986,102.96000000000004,0.8637004201138899,1.551317781677415,2.908204798951042,42.857142857142854,8,4,2.7857142857142856,ok
15,0,3,TRAILING,15,14:00,78,32.05128205128205,1.0674944187895652,0.42442307692307596,33.104999999999926,3.3104999999999927,10.244979999601986,102.96000000000004,0.8637004201138899,1.551317781677415,2.908204798951042,42.857142857142854,8,4,2.7857142857142856,ok
15,0,3,TRAILING,15,15:00,78,32.05128205128205,1.0674944187895652,0.42442307692307596,33.104999999999926,3.3104999999999927,10.244979999601986,102.96000000000004,0.8637004201138899,1.551317781677415,2.908204798951042,42.857142857142854,8,4,2.7857142857142856,ok
15,0,1,TRAILING,25,12:00,28,25.0,1.0571713478477642,0.36857142857142794,10.319999999999983,1.0319999999999983,5.997000000000003,59.97000000000003,0.4430750787687092,1.1067285863266019,1.5487743871935933,25.0,6,2,1.0,ok
15,0,1,TRAILING,25,14:00,28,25.0,1.0571713478477642,0.36857142857142794,10.319999999999983,1.0319999999999983,5.997000000000003,59.97000000000003,0.4430750787687092,1.1067285863266019,1.5487743871935933,25.0,6,2,1.0,ok
15,0,1,TRAILING,25,15:00,28,25.0,1.0571713478477642,0.36857142857142794,10.319999999999983,1.0319999999999983,5.997000000000003,59.97000000000003,0.4430750787687092,1.1067285863266019,1.5487743871935933,25.0,6,2,1.0,ok
15,0,2,TRAILING,25,12:00,54,24.074074074074073,0.8511375856019016,-0.974166666666667,-52.60500000000002,-5.260500000000002,12.054189237278088,121.94500000000005,-1.1694015574302228,-1.8957445391265875,-3.927638687933085,39.285714285714285,9,3,1.9285714285714286,ok
15,0,2,TRAILING,25,14:00,54,24.074074074074073,0.8511375856019016,-0.974166666666667,-52.60500000000002,-5.260500000000002,12.054189237278088,121.94500000000005,-1.1694015574302228,-1.8957445391265875,-3.927638687933085,39.285714285714285,9,3,1.9285714285714286,ok
15,0,2,TRAILING,25,15:00,54,24.074074074074073,0.8511375856019016,-0.974166666666667,-52.60500000000002,-5.260500000000002,12.054189237278088,121.94500000000005,-1.1694015574302228,-1.8957445391265875,-3.927638687933085,39.285714285714285,9,3,1.9285714285714286,ok
15,0,3,TRAILING,25,12:00,78,28.205128205128204,0.9018619685437816,-0.6091666666666671,-47.515000000000036,-4.751500000000004,12.52800000000001,125.28000000000009,-0.837600264590603,-1.3214429151975935,-3.4134339080459766,39.285714285714285,12,4,2.7857142857142856,ok
15,0,3,TRAILING,25,14:00,78,28.205128205128204,0.9018619685437816,-0.6091666666666671,-47.515000000000036,-4.751500000000004,12.52800000000001,125.28000000000009,-0.837600264590603,-1.3214429151975935,-3.4134339080459766,39.285714285714285,12,4,2.7857142857142856,ok
15,0,3,TRAILING,25,15:00,78,28.205128205128204,0.9018619685437816,-0.6091666666666671,-47.515000000000036,-4.751500000000004,12.52800000000001,125.28000000000009,-0.837600264590603,-1.3214429151975935,-3.4134339080459766,39.285714285714285,12,4,2.7857142857142856,ok
15,0,1,TRAILING,35,12:00,28,25.0,0.9607935020306151,-0.26892857142857224,-7.5300000000000225,-0.7530000000000023,6.897000000000003,68.97000000000003,-0.06993289876665754,-0.16940902228191895,-0.9826011309264925,25.0,6,2,1.0,ok
15,0,1,TRAILING,35,14:00,28,25.0,0.9607935020306151,-0.26892857142857224,-7.5300000000000225,-0.7530000000000023,6.897000000000003,68.97000000000003,-0.06993289876665754,-0.16940902228191895,-0.9826011309264925,25.0,6,2,1.0,ok
15,0,1,TRAILING,35,15:00,28,25.0,0.9607935020306151,-0.26892857142857224,-7.5300000000000225,-0.7530000000000023,6.897000000000003,68.97000000000003,-0.06993289876665754,-0.16940902228191895,-0.9826011309264925,25.0,6,2,1.0,ok
15,0,2,TRAILING,35,12:00,54,22.22222222222222,0.8223059855107332,-1.2309259259259269,-66.47000000000006,-6.647000000000006,13.178256896786374,135.57000000000016,-1.370804914693643,-2.3555873394542495,-4.539522978535073,39.285714285714285,13,3,1.9285714285714286,ok
15,0,2,TRAILING,35,14:00,54,22.22222222222222,0.8223059855107332,-1.2309259259259269,-66.47000000000006,-6.647000000000006,13.178256896786374,135.57000000000016,-1.370804914693643,-2.3555873394542495,-4.539522978535073,39.285714285714285,13,3,1.9285714285714286,ok
15,0,2,TRAILING,35,15:00,54,22.22222222222222,0.8223059855107332,-1.2309259259259269,-66.47000000000006,-6.647000000000006,13.178256896786374,135.57000000000016,-1.370804914693643,-2.3555873394542495,-4.539522978535073,39.285714285714285,13,3,1.9285714285714286,ok
15,0,3,TRAILING,35,12:00,78,24.358974358974358,0.7790170649848411,-1.3970512820512826,-108.97000000000004,-10.897000000000004,13.9245,139.245,-2.229847842487064,-3.2907644379648913,-7.04319724227082,39.285714285714285,12,4,2.7857142857142856,ok
15,0,3,TRAILING,35,14:00,78,24.358974358974358,0.7790170649848411,-1.3970512820512826,-108.97000000000004,-10.897000000000004,13.9245,139.245,-2.229847842487064,-3.2907644379648913,-7.04319724227082,39.285714285714285,12,4,2.7857142857142856,ok
15,0,3,TRAILING,35,15:00,78,24.358974358974358,0.7790170649848411,-1.3970512820512826,-108.97000000000004,-10.897000000000004,13.9245,139.245,-2.229847842487064,-3.2907644379648913,-7.04319724227082,39.285714285714285,12,4,2.7857142857142856,ok
15,0,1,TRAILING,50,12:00,28,25.0,1.2719093035810685,1.8887499999999993,52.88499999999998,5.288499999999997,8.160000000000002,81.60000000000002,1.406497744324745,4.0716218647048645,5.8329044117647015,25.0,6,2,1.0,ok
15,0,1,TRAILING,50,14:00,28,25.0,1.2719093035810685,1.8887499999999993,52.88499999999998,5.288499999999997,8.160000000000002,81.60000000000002,1.406497744324745,4.0716218647048645,5.8329044117647015,25.0,6,2,1.0,ok
15,0,1,TRAILING,50,15:00,28,25.0,1.2719093035810685,1.8887499999999993,52.88499999999998,5.288499999999997,8.160000000000002,81.60000000000002,1.406497744324745,4.0716218647048645,5.8329044117647015,25.0,6,2,1.0,ok
15,0,2,TRAILING,50,12:00,54,22.22222222222222,1.0655213160026022,0.45694444444444415,24.674999999999983,2.467499999999998,14.615072813374333,147.83000000000004,0.679020205673091,1.4165557571165839,1.519492942907392,35.714285714285715,13,3,1.9285714285714286,ok
15,0,2,TRAILING,50,14:00,54,22.22222222222222,1.0655213160026022,0.45694444444444415,24.674999999999983,2.467499999999998,14.615072813374333,147.83000000000004,0.679020205673091,1.4165557571165839,1.519492942907392,35.714285714285715,13,3,1.9285714285714286,ok
15,0,2,TRAILING,50,15:00,54,22.22222222222222,1.0655213160026022,0.45694444444444415,24.674999999999983,2.467499999999998,14.615072813374333,147.83000000000004,0.679020205673091,1.4165557571165839,1.519492942907392,35.714285714285715,13,3,1.9285714285714286,ok
15,0,3,TRAILING,50,12:00,78,23.076923076923077,1.1085055357207254,0.7714743589743582,60.17499999999994,6.017499999999994,13.151999999999997,131.51999999999998,1.2311627720560974,2.2153086841684733,4.117814781021894,39.285714285714285,12,4,2.7857142857142856,ok
15,0,3,TRAILING,50,14:00,78,23.076923076923077,1.1085055357207254,0.7714743589743582,60.17499999999994,6.017499999999994,13.151999999999997,131.51999999999998,1.2311627720560974,2.2153086841684733,4.117814781021894,39.285714285714285,12,4,2.7857142857142856,ok
15,0,3,TRAILING,50,15:00,78,23.076923076923077,1.1085055357207254,0.7714743589743582,60.17499999999994,6.017499999999994,13.151999999999997,131.51999999999998,1.2311627720560974,2.2153086841684733,4.117814781021894,39.285714285714285,12,4,2.7857142857142856,ok
20,0,1,TRAILING,15,12:00,28,46.42857142857143,1.7320037629350893,3.4737499999999994,97.26499999999999,9.7265,3.4016041600235547,34.67000000000007,3.202518840104065,8.365080907696404,25.734475818430862,46.42857142857143,4,3,1.0,ok
20,0,1,TRAILING,15,14:00,28,46.42857142857143,1.7320037629350893,3.4737499999999994,97.26499999999999,9.7265,3.4016041600235547,34.67000000000007,3.202518840104065,8.365080907696404,25.734475818430862,46.42857142857143,4,3,1.0,ok
20,0,1,TRAILING,15,15:00,28,46.42857142857143,1.7320037629350893,3.4737499999999994,97.26499999999999,9.7265,3.4016041600235547,34.67000000000007,3.202518840104065,8.365080907696404,25.734475818430862,46.42857142857143,4,3,1.0,ok
20,0,2,TRAILING,15,12:00,54,42.592592592592595,1.3076510786546958,1.4881481481481482,80.36,8.036,5.808962729957172,60.29499999999996,2.3826818114813153,4.727640561220717,12.450415566796591,53.57142857142857,4,4,1.9285714285714286,ok
20,0,2,TRAILING,15,14:00,54,42.592592592592595,1.3076510786546958,1.4881481481481482,80.36,8.036,5.808962729957172,60.29499999999996,2.3826818114813153,4.727640561220717,12.450415566796591,53.57142857142857,4,4,1.9285714285714286,ok
20,0,2,TRAILING,15,15:00,54,42.592592592592595,1.3076510786546958,1.4881481481481482,80.36,8.036,5.808962729957172,60.29499999999996,2.3826818114813153,4.727640561220717,12.450415566796591,53.57142857142857,4,4,1.9285714285714286,ok
20,0,3,TRAILING,15,12:00,78,41.02564102564102,1.2026270511799901,1.011602564102564,78.905,7.8905,7.457500000000004,74.57500000000005,1.9909461401952815,3.6562777824621935,9.52256118002011,46.42857142857143,6,4,2.7857142857142856,ok
20,0,3,TRAILING,15,14:00,78,41.02564102564102,1.2026270511799901,1.011602564102564,78.905,7.8905,7.457500000000004,74.57500000000005,1.9909461401952815,3.6562777824621935,9.52256118002011,46.42857142857143,6,4,2.7857142857142856,ok
20,0,3,TRAILING,15,15:00,78,41.02564102564102,1.2026270511799901,1.011602564102564,78.905,7.8905,7.457500000000004,74.57500000000005,1.9909461401952815,3.6562777824621935,9.52256118002011,46.42857142857143,6,4,2.7857142857142856,ok
20,0,1,TRAILING,25,12:00,28,39.285714285714285,1.5389700889825964,2.693214285714285,75.40999999999998,7.540999999999998,3.5666970376025056,36.210000000000036,2.6767748452475075,6.504511940729527,19.028529556752254,39.285714285714285,4,2,1.0,ok
20,0,1,TRAILING,25,14:00,28,39.285714285714285,1.5389700889825964,2.693214285714285,75.40999999999998,7.540999999999998,3.5666970376025056,36.210000000000036,2.6767748452475075,6.504511940729527,19.028529556752254,39.285714285714285,4,2,1.0,ok
20,0,1,TRAILING,25,15:00,28,39.285714285714285,1.5389700889825964,2.693214285714285,75.40999999999998,7.540999999999998,3.5666970376025056,36.210000000000036,2.6767748452475075,6.504511940729527,19.028529556752254,39.285714285714285,4,2,1.0,ok
20,0,2,TRAILING,25,12:00,54,35.18518518518518,1.2520911079655126,1.269722222222222,68.56499999999998,6.856499999999999,5.8154999999999974,58.15499999999997,2.1872694605252887,4.092376802258053,10.611039463502712,53.57142857142857,8,3,1.9285714285714286,ok
20,0,2,TRAILING,25,14:00,54,35.18518518518518,1.2520911079655126,1.269722222222222,68.56499999999998,6.856499999999999,5.8154999999999974,58.15499999999997,2.1872694605252887,4.092376802258053,10.611039463502712,53.57142857142857,8,3,1.9285714285714286,ok
20,0,2,TRAILING,25,15:00,54,35.18518518518518,1.2520911079655126,1.269722222222222,68.56499999999998,6.856499999999999,5.8154999999999974,58.15499999999997,2.1872694605252887,4.092376802258053,10.611039463502712,53.57142857142857,8,3,1.9285714285714286,ok
20,0,3,TRAILING,25,12:00,77,35.064935064935064,1.1168873143141276,0.6105844155844163,47.01500000000006,4.701500000000006,8.257500000000006,82.57500000000005,1.3521364140009728,2.203611647642134,5.124250681198912,53.57142857142857,11,4,2.75,ok
20,0,3,TRAILING,25,14:00,77,35.064935064935064,1.1168873143141276,0.6105844155844163,47.01500000000006,4.701500000000006,8.257500000000006,82.57500000000005,1.3521364140009728,2.203611647642134,5.124250681198912,53.57142857142857,11,4,2.75,ok
20,0,3,TRAILING,25,15:00,77,35.064935064935064,1.1168873143141276,0.6105844155844163,47.01500000000006,4.701500000000006,8.257500000000006,82.57500000000005,1.3521364140009728,2.203611647642134,5.124250681198912,53.57142857142857,11,4,2.75,ok
20,0,1,TRAILING,35,12:00,28,39.285714285714285,1.2983998121372737,1.5883928571428574,44.47500000000001,4.447500000000001,3.973222005385235,40.20999999999992,1.6621219394525903,3.8860143322926035,10.074317504973909,39.285714285714285,4,2,1.0,ok
20,0,1,TRAILING,35,14:00,28,39.285714285714285,1.2983998121372737,1.5883928571428574,44.47500000000001,4.447500000000001,3.973222005385235,40.20999999999992,1.6621219394525903,3.8860143322926035,10.074317504973909,39.285714285714285,4,2,1.0,ok
20,0,1,TRAILING,35,15:00,28,39.285714285714285,1.2983998121372737,1.5883928571428574,44.47500000000001,4.447500000000001,3.973222005385235,40.20999999999992,1.6621219394525903,3.8860143322926035,10.074317504973909,39.285714285714285,4,2,1.0,ok
20,0,2,TRAILING,35,12:00,54,33.33333333333333,1.0987876213195644,0.5598148148148145,30.229999999999986,3.022999999999999,6.5355000000000025,66.70499999999993,0.9497357478829495,1.8341958697218448,4.162956162497128,50.0,8,3,1.9285714285714286,ok
20,0,2,TRAILING,35,14:00,54,33.33333333333333,1.0987876213195644,0.5598148148148145,30.229999999999986,3.022999999999999,6.5355000000000025,66.70499999999993,0.9497357478829495,1.8341958697218448,4.162956162497128,50.0,8,3,1.9285714285714286,ok
20,0,2,TRAILING,35,15:00,54,33.33333333333333,1.0987876213195644,0.5598148148148145,30.229999999999986,3.022999999999999,6.5355000000000025,66.70499999999993,0.9497357478829495,1.8341958697218448,4.162956162497128,50.0,8,3,1.9285714285714286,ok
20,0,3,TRAILING,35,12:00,77,31.16883116883117,0.9564626169319862,-0.24116883116883112,-18.569999999999997,-1.8569999999999995,8.977499999999997,89.77499999999998,-0.25598513553943075,-0.4144992080680431,-1.8616541353383462,42.857142857142854,11,4,2.75,ok
20,0,3,TRAILING,35,14:00,77,31.16883116883117,0.9564626169319862,-0.24116883116883112,-18.569999999999997,-1.8569999999999995,8.977499999999997,89.77499999999998,-0.25598513553943075,-0.4144992080680431,-1.8616541353383462,42.857142857142854,11,4,2.75,ok
20,0,3,TRAILING,35,15:00,77,31.16883116883117,0.9564626169319862,-0.24116883116883112,-18.569999999999997,-1.8569999999999995,8.977499999999997,89.77499999999998,-0.25598513553943075,-0.4144992080680431,-1.8616541353383462,42.857142857142854,11,4,2.75,ok
20,0,1,TRAILING,50,12:00,28,35.714285714285715,1.5469857014040962,3.0330357142857145,84.92500000000001,8.492500000000001,4.388862671071256,44.174999999999955,2.5549740961309286,7.033405951875412,17.415104032258085,35.714285714285715,6,2,1.0,ok
20,0,1,TRAILING,50,14:00,28,35.714285714285715,1.5469857014040962,3.0330357142857145,84.92500000000001,8.492500000000001,4.388862671071256,44.174999999999955,2.5549740961309286,7.033405951875412,17.415104032258085,35.714285714285715,6,2,1.0,ok
20,0,1,TRAILING,50,15:00,28,35.714285714285715,1.5469857014040962,3.0330357142857145,84.92500000000001,8.492500000000001,4.388862671071256,44.174999999999955,2.5549740961309286,7.033405951875412,17.415104032258085,35.714285714285715,6,2,1.0,ok
20,0,2,TRAILING,50,12:00,54,31.48148148148148,1.543369636766202,3.363055555555555,181.60499999999996,18.160499999999995,7.565434047906846,76.66999999999996,3.547218063011698,8.608098630215272,21.604114048845712,46.42857142857143,10,3,1.9285714285714286,ok
20,0,2,TRAILING,50,14:00,54,31.48148148148148,1.543369636766202,3.363055555555555,181.60499999999996,18.160499999999995,7.565434047906846,76.66999999999996,3.547218063011698,8.608098630215272,21.604114048845712,46.42857142857143,10,3,1.9285714285714286,ok
20,0,2,TRAILING,50,15:00,54,31.48148148148148,1.543369636766202,3.363055555555555,181.60499999999996,18.160499999999995,7.565434047906846,76.66999999999996,3.547218063011698,8.608098630215272,21.604114048845712,46.42857142857143,10,3,1.9285714285714286,ok
20,0,3,TRAILING,50,12:00,77,28.57142857142857,1.2796200786396363,1.777857142857143,136.895,13.689500000000002,10.565499999999997,105.65499999999997,2.4775513361328443,4.936866079765767,11.66111400312338,42.857142857142854,11,4,2.75,ok
20,0,3,TRAILING,50,14:00,77,28.57142857142857,1.2796200786396363,1.777857142857143,136.895,13.689500000000002,10.565499999999997,105.65499999999997,2.4775513361328443,4.936866079765767,11.66111400312338,42.857142857142854,11,4,2.75,ok
20,0,3,TRAILING,50,15:00,77,28.57142857142857,1.2796200786396363,1.777857142857143,136.895,13.689500000000002,10.565499999999997,105.65499999999997,2.4775513361328443,4.936866079765767,11.66111400312338,42.857142857142854,11,4,2.75,ok
25,0,1,TRAILING,15,12:00,28,50.0,1.467646073999665,1.995178571428571,55.86499999999999,5.586499999999999,3.2260123639256224,32.85000000000002,2.3293849372211524,5.166862612030857,15.585340143835603,50.0,3,3,1.0,ok
25,0,1,TRAILING,15,14:00,28,50.0,1.467646073999665,1.995178571428571,55.86499999999999,5.586499999999999,3.2260123639256224,32.85000000000002,2.3293849372211524,5.166862612030857,15.585340143835603,50.0,3,3,1.0,ok
25,0,1,TRAILING,15,15:00,28,50.0,1.467646073999665,1.995178571428571,55.86499999999999,5.586499999999999,3.2260123639256224,32.85000000000002,2.3293849372211524,5.166862612030857,15.585340143835603,50.0,3,3,1.0,ok
25,0,2,TRAILING,15,12:00,54,46.2962962962963,1.1806802236229592,0.7511111111111111,40.559999999999995,4.055999999999999,5.554800174816689,57.19500000000005,1.5718807412558973,2.8614913935535924,6.571613532651449,50.0,4,4,1.9285714285714286,ok
25,0,2,TRAILING,15,14:00,54,46.2962962962963,1.1806802236229592,0.7511111111111111,40.559999999999995,4.055999999999999,5.554800174816689,57.19500000000005,1.5718807412558973,2.8614913935535924,6.571613532651449,50.0,4,4,1.9285714285714286,ok
25,0,2,TRAILING,15,15:00,54,46.2962962962963,1.1806802236229592,0.7511111111111111,40.559999999999995,4.055999999999999,5.554800174816689,57.19500000000005,1.5718807412558973,2.8614913935535924,6.571613532651449,50.0,4,4,1.9285714285714286,ok
25,0,3,TRAILING,15,12:00,78,43.58974358974359,0.9743055759246765,-0.11230769230769255,-8.76000000000002,-0.876000000000002,6.026799096704565,60.31499999999994,-0.15064261745899327,-0.22862901730330853,-1.308157095249942,42.857142857142854,4,4,2.7857142857142856,ok
25,0,3,TRAILING,15,14:00,78,43.58974358974359,0.9743055759246765,-0.11230769230769255,-8.76000000000002,-0.876000000000002,6.026799096704565,60.31499999999994,-0.15064261745899327,-0.22862901730330853,-1.308157095249942,42.857142857142854,4,4,2.7857142857142856,ok
25,0,3,TRAILING,15,15:00,78,43.58974358974359,0.9743055759246765,-0.11230769230769255,-8.76000000000002,-0.876000000000002,6.026799096704565,60.31499999999994,-0.15064261745899327,-0.22862901730330853,-1.308157095249942,42.857142857142854,4,4,2.7857142857142856,ok
25,0,1,TRAILING,25,12:00,28,42.857142857142854,1.2134228721290632,0.9591071428571427,26.854999999999997,2.6854999999999998,3.4645444382611736,35.174999999999955,1.3402702572186365,2.5426009464244683,6.976241878464827,42.857142857142854,3,3,1.0,ok
25,0,1,TRAILING,25,14:00,28,42.857142857142854,1.2134228721290632,0.9591071428571427,26.854999999999997,2.6854999999999998,3.4645444382611736,35.174999999999955,1.3402702572186365,2.5426009464244683,6.976241878464827,42.857142857142854,3,3,1.0,ok
25,0,1,TRAILING,25,15:00,28,42.857142857142854,1.2134228721290632,0.9591071428571427,26.854999999999997,2.6854999999999998,3.4645444382611736,35.174999999999955,1.3402702572186365,2.5426009464244683,6.976241878464827,42.857142857142854,3,3,1.0,ok
25,0,2,TRAILING,25,12:00,54,38.88888888888889,1.0917129917795283,0.39564814814814775,21.364999999999977,2.1364999999999976,5.429194501731775,55.01999999999998,0.9439304793703637,1.5926780349648715,3.541685602508176,50.0,6,3,1.9285714285714286,ok
25,0,2,TRAILING,25,14:00,54,38.88888888888889,1.0917129917795283,0.39564814814814775,21.364999999999977,2.1364999999999976,5.429194501731775,55.01999999999998,0.9439304793703637,1.5926780349648715,3.541685602508176,50.0,6,3,1.9285714285714286,ok
25,0,2,TRAILING,25,15:00,54,38.88888888888889,1.0917129917795283,0.39564814814814775,21.364999999999977,2.1364999999999976,5.429194501731775,55.01999999999998,0.9439304793703637,1.5926780349648715,3.541685602508176,50.0,6,3,1.9285714285714286,ok
25,0,3,TRAILING,25,12:00,77,37.66233766233766,0.9203524019286863,-0.3475324675324679,-26.76000000000003,-2.676000000000003,7.410000000000003,74.10000000000002,-0.8346797946346179,-1.1806457355566014,-3.2502024291497995,50.0,9,4,2.75,ok
25,0,3,TRAILING,25,14:00,77,37.66233766233766,0.9203524019286863,-0.3475324675324679,-26.76000000000003,-2.676000000000003,7.410000000000003,74.10000000000002,-0.8346797946346179,-1.1806457355566014,-3.2502024291497995,50.0,9,4,2.75,ok
25,0,3,TRAILING,25,15:00,77,37.66233766233766,0.9203524019286863,-0.3475324675324679,-26.76000000000003,-2.676000000000003,7.410000000000003,74.10000000000002,-0.8346797946346179,-1.1806457355566014,-3.2502024291497995,50.0,9,4,2.75,ok
25,0,1,TRAILING,35,12:00,28,42.857142857142854,1.0517059855722362,0.23678571428571393,6.62999999999999,0.662999999999999,3.7711711622714903,38.174999999999955,0.4118080161058845,0.7645032976704774,1.582267084479371,42.857142857142854,3,3,1.0,ok
25,0,1,TRAILING,35,14:00,28,42.857142857142854,1.0517059855722362,0.23678571428571393,6.62999999999999,0.662999999999999,3.7711711622714903,38.174999999999955,0.4118080161058845,0.7645032976704774,1.582267084479371,42.857142857142854,3,3,1.0,ok
25,0,1,TRAILING,35,15:00,28,42.857142857142854,1.0517059855722362,0.23678571428571393,6.62999999999999,0.662999999999999,3.7711711622714903,38.174999999999955,0.4118080161058845,0.7645032976704774,1.582267084479371,42.857142857142854,3,3,1.0,ok
25,0,2,TRAILING,35,12:00,54,35.18518518518518,0.9479392624728853,-0.23777777777777814,-12.84000000000002,-1.284000000000002,5.989340505099085,61.01999999999998,-0.3554280711053072,-0.6063480545987643,-1.9294277876106227,46.42857142857143,7,3,1.9285714285714286,ok
25,0,2,TRAILING,35,14:00,54,35.18518518518518,0.9479392624728853,-0.23777777777777814,-12.84000000000002,-1.284000000000002,5.989340505099085,61.01999999999998,-0.3554280711053072,-0.6063480545987643,-1.9294277876106227,46.42857142857143,7,3,1.9285714285714286,ok
25,0,2,TRAILING,35,15:00,54,35.18518518518518,0.9479392624728853,-0.23777777777777814,-12.84000000000002,-1.284000000000002,5.989340505099085,61.01999999999998,-0.3554280711053072,-0.6063480545987643,-1.9294277876106227,46.42857142857143,7,3,1.9285714285714286,ok
25,0,3,TRAILING,35,12:00,77,32.467532467532465,0.846498156924697,-0.6814285714285719,-52.47000000000004,-5.247000000000004,7.8,78.0,-1.55517989736909,-2.2624154708512596,-6.054230769230774,42.857142857142854,9,4,2.75,ok
25,0,3,TRAILING,35,14:00,77,32.467532467532465,0.846498156924697,-0.6814285714285719,-52.47000000000004,-5.247000000000004,7.8,78.0,-1.55517989736909,-2.2624154708512596,-6.054230769230774,42.857142857142854,9,4,2.75,ok
25,0,3,TRAILING,35,15:00,77,32.467532467532465,0.846498156924697,-0.6814285714285719,-52.47000000000004,-5.247000000000004,7.8,78.0,-1.55517989736909,-2.2624154708512596,-6.054230769230774,42.857142857142854,9,4,2.75,ok
25,0,1,TRAILING,50,12:00,28,42.857142857142854,1.5707461967647416,2.539107142857142,71.09499999999998,7.109499999999999,3.9850684033913772,40.139999999999986,2.8047848177703605,6.660857299644892,16.056311591928253,42.857142857142854,6,3,1.0,ok
25,0,1,TRAILING,50,14:00,28,42.857142857142854,1.5707461967647416,2.539107142857142,71.09499999999998,7.109499999999999,3.9850684033913772,40.139999999999986,2.8047848177703605,6.660857299644892,16.056311591928253,42.857142857142854,6,3,1.0,ok
25,0,1,TRAILING,50,15:00,28,42.857142857142854,1.5707461967647416,2.539107142857142,71.09499999999998,7.109499999999999,3.9850684033913772,40.139999999999986,2.8047848177703605,6.660857299644892,16.056311591928253,42.857142857142854,6,3,1.0,ok
25,0,2,TRAILING,50,12:00,54,38.88888888888889,1.6793566775244304,3.3987962962962968,183.53500000000003,18.353500000000004,6.705351065890981,67.4849999999999,4.407621049414908,10.395253520167147,24.63428064792181,50.0,10,4,1.9285714285714286,ok
25,0,2,TRAILING,50,14:00,54,38.88888888888889,1.6793566775244304,3.3987962962962968,183.53500000000003,18.353500000000004,6.705351065890981,67.4849999999999,4.407621049414908,10.395253520167147,24.63428064792181,50.0,10,4,1.9285714285714286,ok
25,0,2,TRAILING,50,15:00,54,38.88888888888889,1.6793566775244304,3.3987962962962968,183.53500000000003,18.353500000000004,6.705351065890981,67.4849999999999,4.407621049414908,10.395253520167147,24.63428064792181,50.0,10,4,1.9285714285714286,ok
25,0,3,TRAILING,50,12:00,77,33.76623376623377,1.2592278119766975,1.427402597402597,109.90999999999997,10.990999999999996,10.3875,103.875,2.5120047142938224,4.590532946139229,9.522888086642597,50.0,11,4,2.75,ok
25,0,3,TRAILING,50,14:00,77,33.76623376623377,1.2592278119766975,1.427402597402597,109.90999999999997,10.990999999999996,10.3875,103.875,2.5120047142938224,4.590532946139229,9.522888086642597,50.0,11,4,2.75,ok
25,0,3,TRAILING,50,15:00,77,33.76623376623377,1.2592278119766975,1.427402597402597,109.90999999999997,10.990999999999996,10.3875,103.875,2.5120047142938224,4.590532946139229,9.522888086642597,50.0,11,4,2.75,ok
30,0,1,TRAILING,15,12:00,28,50.0,1.326686914036709,1.3253571428571427,37.10999999999999,3.710999999999999,3.318857951307705,33.780000000000086,1.813392664844809,3.6712738869414943,10.063401474245087,50.0,3,3,1.0,ok
30,0,1,TRAILING,15,14:00,28,50.0,1.326686914036709,1.3253571428571427,37.10999999999999,3.710999999999999,3.318857951307705,33.780000000000086,1.813392664844809,3.6712738869414943,10.063401474245087,50.0,3,3,1.0,ok
30,0,1,TRAILING,15,15:00,28,50.0,1.326686914036709,1.3253571428571427,37.10999999999999,3.710999999999999,3.318857951307705,33.780000000000086,1.813392664844809,3.6712738869414943,10.063401474245087,50.0,3,3,1.0,ok
30,0,2,TRAILING,15,12:00,54,46.2962962962963,1.0107050816097272,0.044999999999999894,2.4299999999999944,0.2429999999999994,6.053398463799029,61.59000000000003,0.2047527335261848,0.3337817753033497,0.36128465903555673,50.0,4,4,1.9285714285714286,ok
30,0,2,TRAILING,15,14:00,54,46.2962962962963,1.0107050816097272,0.044999999999999894,2.4299999999999944,0.2429999999999994,6.053398463799029,61.59000000000003,0.2047527335261848,0.3337817753033497,0.36128465903555673,50.0,4,4,1.9285714285714286,ok
30,0,2,TRAILING,15,15:00,54,46.2962962962963,1.0107050816097272,0.044999999999999894,2.4299999999999944,0.2429999999999994,6.053398463799029,61.59000000000003,0.2047527335261848,0.3337817753033497,0.36128465903555673,50.0,4,4,1.9285714285714286,ok
30,0,3,TRAILING,15,12:00,78,44.871794871794876,0.9386981622669779,-0.26750000000000035,-20.865000000000027,-2.0865000000000027,7.262639517420665,72.78000000000009,-0.5541652897667252,-0.817730777372888,-2.585630190643034,42.857142857142854,4,4,2.7857142857142856,ok
30,0,3,TRAILING,15,14:00,78,44.871794871794876,0.9386981622669779,-0.26750000000000035,-20.865000000000027,-2.0865000000000027,7.262639517420665,72.78000000000009,-0.5541652897667252,-0.817730777372888,-2.585630190643034,42.857142857142854,4,4,2.7857142857142856,ok
30,0,3,TRAILING,15,15:00,78,44.871794871794876,0.9386981622669779,-0.26750000000000035,-20.865000000000027,-2.0865000000000027,7.262639517420665,72.78000000000009,-0.5541652897667252,-0.817730777372888,-2.585630190643034,42.857142857142854,4,4,2.7857142857142856,ok
30,0,1,TRAILING,25,12:00,28,42.857142857142854,1.2091240417242677,0.8914285714285713,24.959999999999997,2.4959999999999996,3.5577737923966826,36.10500000000002,1.2956864793080145,2.497354061336484,6.31406078936435,42.857142857142854,3,3,1.0,ok
30,0,1,TRAILING,25,14:00,28,42.857142857142854,1.2091240417242677,0.8914285714285713,24.959999999999997,2.4959999999999996,3.5577737923966826,36.10500000000002,1.2956864793080145,2.497354061336484,6.31406078936435,42.857142857142854,3,3,1.0,ok
30,0,1,TRAILING,25,15:00,28,42.857142857142854,1.2091240417242677,0.8914285714285713,24.959999999999997,2.4959999999999996,3.5577737923966826,36.10500000000002,1.2956864793080145,2.497354061336484,6.31406078936435,42.857142857142854,3,3,1.0,ok
30,0,2,TRAILING,25,12:00,54,38.88888888888889,0.990935598377282,-0.03972222222222231,-2.145000000000005,-0.2145000000000005,5.994377482163136,60.450000000000045,0.015592269962325862,0.024378180531099077,-0.3220517903225812,50.0,6,3,1.9285714285714286,ok
30,0,2,TRAILING,25,14:00,54,38.88888888888889,0.990935598377282,-0.03972222222222231,-2.145000000000005,-0.2145000000000005,5.994377482163136,60.450000000000045,0.015592269962325862,0.024378180531099077,-0.3220517903225812,50.0,6,3,1.9285714285714286,ok
30,0,2,TRAILING,25,15:00,54,38.88888888888889,0.990935598377282,-0.03972222222222231,-2.145000000000005,-0.2145000000000005,5.994377482163136,60.450000000000045,0.015592269962325862,0.024378180531099077,-0.3220517903225812,50.0,6,3,1.9285714285714286,ok
30,0,3,TRAILING,25,12:00,77,38.961038961038966,0.8772343435209394,-0.5579220779220784,-42.960000000000036,-4.296000000000004,8.92650000000001,89.2650000000001,-1.3409053803355624,-1.8132632171060021,-4.331372878507813,50.0,8,4,2.75,ok
30,0,3,TRAILING,25,14:00,77,38.961038961038966,0.8772343435209394,-0.5579220779220784,-42.960000000000036,-4.296000000000004,8.92650000000001,89.2650000000001,-1.3409053803355624,-1.8132632171060021,-4.331372878507813,50.0,8,4,2.75,ok
30,0,3,TRAILING,25,15:00,77,38.961038961038966,0.8772343435209394,-0.5579220779220784,-42.960000000000036,-4.296000000000004,8.92650000000001,89.2650000000001,-1.3409053803355624,-1.8132632171060021,-4.331372878507813,50.0,8,4,2.75,ok
30,0,1,TRAILING,35,12:00,28,42.857142857142854,1.0296833002220402,0.13607142857142834,3.8099999999999934,0.38099999999999934,3.864817852977804,39.10500000000002,0.2746485753517764,0.5068625185443542,0.8872345684695033,42.857142857142854,3,3,1.0,ok
30,0,1,TRAILING,35,14:00,28,42.857142857142854,1.0296833002220402,0.13607142857142834,3.8099999999999934,0.38099999999999934,3.864817852977804,39.10500000000002,0.2746485753517764,0.5068625185443542,0.8872345684695033,42.857142857142854,3,3,1.0,ok
30,0,1,TRAILING,35,15:00,28,42.857142857142854,1.0296833002220402,0.13607142857142834,3.8099999999999934,0.38099999999999934,3.864817852977804,39.10500000000002,0.2746485753517764,0.5068625185443542,0.8872345684695033,42.857142857142854,3,3,1.0,ok
30,0,2,TRAILING,35,12:00,54,35.18518518518518,0.8949753122277084,-0.5022222222222223,-27.120000000000008,-2.712000000000001,6.554256321232541,66.45000000000005,-0.85444364287453,-1.4106175923796893,-3.723992288939051,42.857142857142854,7,3,1.9285714285714286,ok
30,0,2,TRAILING,35,14:00,54,35.18518518518518,0.8949753122277084,-0.5022222222222223,-27.120000000000008,-2.712000000000001,6.554256321232541,66.45000000000005,-0.85444364287453,-1.4106175923796893,-3.723992288939051,42.857142857142854,7,3,1.9285714285714286,ok
30,0,2,TRAILING,35,15:00,54,35.18518518518518,0.8949753122277084,-0.5022222222222223,-27.120000000000008,-2.712000000000001,6.554256321232541,66.45000000000005,-0.85444364287453,-1.4106175923796893,-3.723992288939051,42.857142857142854,7,3,1.9285714285714286,ok
30,0,3,TRAILING,35,12:00,77,33.76623376623377,0.8196643067377295,-0.8832467532467541,-68.01000000000006,-6.8010000000000055,9.766500000000008,97.66500000000008,-1.77641125102189,-2.591002957592179,-6.2672400552910466,35.714285714285715,9,4,2.75,ok
30,0,3,TRAILING,35,14:00,77,33.76623376623377,0.8196643067377295,-0.8832467532467541,-68.01000000000006,-6.8010000000000055,9.766500000000008,97.66500000000008,-1.77641125102189,-2.591002957592179,-6.2672400552910466,35.714285714285715,9,4,2.75,ok
30,0,3,TRAILING,35,15:00,77,33.76623376623377,0.8196643067377295,-0.8832467532467541,-68.01000000000006,-6.8010000000000055,9.766500000000008,97.66500000000008,-1.77641125102189,-2.591002957592179,-6.2672400552910466,35.714285714285715,9,4,2.75,ok
30,0,1,TRAILING,50,12:00,28,42.857142857142854,1.3853444290337495,1.7860714285714283,50.00999999999999,5.0009999999999994,4.337532764014534,43.604999999999905,2.1081582049480456,4.569210688428645,10.376636315789495,42.857142857142854,6,3,1.0,ok
30,0,1,TRAILING,50,14:00,28,42.857142857142854,1.3853444290337495,1.7860714285714283,50.00999999999999,5.0009999999999994,4.337532764014534,43.604999999999905,2.1081582049480456,4.569210688428645,10.376636315789495,42.857142857142854,6,3,1.0,ok
30,0,1,TRAILING,50,15:00,28,42.857142857142854,1.3853444290337495,1.7860714285714283,50.00999999999999,5.0009999999999994,4.337532764014534,43.604999999999905,2.1081582049480456,4.569210688428645,10.376636315789495,42.857142857142854,6,3,1.0,ok
30,0,2,TRAILING,50,12:00,54,38.88888888888889,1.4093948512203274,2.0408333333333326,110.20499999999996,11.020499999999995,7.698000000000002,76.98000000000002,2.9524699778763894,6.115958234038181,12.884450506625088,46.42857142857143,10,4,1.9285714285714286,ok
30,0,2,TRAILING,50,14:00,54,38.88888888888889,1.4093948512203274,2.0408333333333326,110.20499999999996,11.020499999999995,7.698000000000002,76.98000000000002,2.9524699778763894,6.115958234038181,12.884450506625088,46.42857142857143,10,4,1.9285714285714286,ok
30,0,2,TRAILING,50,15:00,54,38.88888888888889,1.4093948512203274,2.0408333333333326,110.20499999999996,11.020499999999995,7.698000000000002,76.98000000000002,2.9524699778763894,6.115958234038181,12.884450506625088,46.42857142857143,10,4,1.9285714285714286,ok
30,0,3,TRAILING,50,12:00,77,35.064935064935064,1.1090525270085678,0.5702597402597395,43.90999999999994,4.390999999999994,12.110000000000003,121.10000000000002,1.1945828012186532,1.9477041367965395,3.2633360858794327,50.0,11,4,2.75,ok
30,0,3,TRAILING,50,14:00,77,35.064935064935064,1.1090525270085678,0.5702597402597395,43.90999999999994,4.390999999999994,12.110000000000003,121.10000000000002,1.1945828012186532,1.9477041367965395,3.2633360858794327,50.0,11,4,2.75,ok
30,0,3,TRAILING,50,15:00,77,35.064935064935064,1.1090525270085678,0.5702597402597395,43.90999999999994,4.390999999999994,12.110000000000003,121.10000000000002,1.1945828012186532,1.9477041367965395,3.2633360858794327,50.0,11,4,2.75,ok
40,0,1,TRAILING,15,12:00,28,53.57142857142857,1.320916554343831,0.9353571428571427,26.189999999999994,2.6189999999999993,3.0114062438331275,30.519999999999982,1.7992753784994016,3.3139669868721184,7.827240196592402,53.57142857142857,3,4,1.0,ok
40,0,1,TRAILING,15,14:00,28,53.57142857142857,1.320916554343831,0.9353571428571427,26.189999999999994,2.6189999999999993,3.0114062438331275,30.519999999999982,1.7992753784994016,3.3139669868721184,7.827240196592402,53.57142857142857,3,4,1.0,ok
40,0,1,TRAILING,15,15:00,28,53.57142857142857,1.320916554343831,0.9353571428571427,26.189999999999994,2.6189999999999993,3.0114062438331275,30.519999999999982,1.7992753784994016,3.3139669868721184,7.827240196592402,53.57142857142857,3,4,1.0,ok
40,0,2,TRAILING,15,12:00,54,50.0,1.0863397333985574,0.26148148148148137,14.119999999999994,1.4119999999999995,5.306580935042807,54.80000000000007,0.8499216104876828,1.3718712259978747,2.3947623065693393,50.0,4,4,1.9285714285714286,ok
40,0,2,TRAILING,15,14:00,54,50.0,1.0863397333985574,0.26148148148148137,14.119999999999994,1.4119999999999995,5.306580935042807,54.80000000000007,0.8499216104876828,1.3718712259978747,2.3947623065693393,50.0,4,4,1.9285714285714286,ok
40,0,2,TRAILING,15,15:00,54,50.0,1.0863397333985574,0.26148148148148137,14.119999999999994,1.4119999999999995,5.306580935042807,54.80000000000007,0.8499216104876828,1.3718712259978747,2.3947623065693393,50.0,4,4,1.9285714285714286,ok
40,0,3,TRAILING,15,12:00,78,48.717948717948715,1.038385146804836,0.11397435897435884,8.88999999999999,0.888999999999999,5.53096039194853,56.22000000000003,0.5088360196956319,0.8156546012641892,1.4465842155816415,46.42857142857143,4,6,2.7857142857142856,ok
40,0,3,TRAILING,15,14:00,78,48.717948717948715,1.038385146804836,0.11397435897435884,8.88999999999999,0.888999999999999,5.53096039194853,56.22000000000003,0.5088360196956319,0.8156546012641892,1.4465842155816415,46.42857142857143,4,6,2.7857142857142856,ok
40,0,3,TRAILING,15,15:00,78,48.717948717948715,1.038385146804836,0.11397435897435884,8.88999999999999,0.888999999999999,5.53096039194853,56.22000000000003,0.5088360196956319,0.8156546012641892,1.4465842155816415,46.42857142857143,4,6,2.7857142857142856,ok
40,0,1,TRAILING,25,12:00,28,46.42857142857143,1.2117027501462845,0.6460714285714283,18.089999999999993,1.808999999999999,3.17060149483925,32.07000000000005,1.3059781288277121,2.3054912756329693,5.134987801683807,46.42857142857143,3,4,1.0,ok
40,0,1,TRAILING,25,14:00,28,46.42857142857143,1.2117027501462845,0.6460714285714283,18.089999999999993,1.808999999999999,3.17060149483925,32.07000000000005,1.3059781288277121,2.3054912756329693,5.134987801683807,46.42857142857143,3,4,1.0,ok
40,0,1,TRAILING,25,15:00,28,46.42857142857143,1.2117027501462845,0.6460714285714283,18.089999999999993,1.808999999999999,3.17060149483925,32.07000000000005,1.3059781288277121,2.3054912756329693,5.134987801683807,46.42857142857143,3,4,1.0,ok
40,0,2,TRAILING,25,12:00,54,42.592592592592595,1.0651291404365475,0.20499999999999993,11.069999999999997,1.1069999999999998,5.0599992207893445,51.950000000000045,0.7055027242876363,1.0923514871871294,1.968972635226177,50.0,4,4,1.9285714285714286,ok
40,0,2,TRAILING,25,14:00,54,42.592592592592595,1.0651291404365475,0.20499999999999993,11.069999999999997,1.1069999999999998,5.0599992207893445,51.950000000000045,0.7055027242876363,1.0923514871871294,1.968972635226177,50.0,4,4,1.9285714285714286,ok
40,0,2,TRAILING,25,15:00,54,42.592592592592595,1.0651291404365475,0.20499999999999993,11.069999999999997,1.1069999999999998,5.0599992207893445,51.950000000000045,0.7055027242876363,1.0923514871871294,1.968972635226177,50.0,4,4,1.9285714285714286,ok
40,0,3,TRAILING,25,12:00,77,42.857142857142854,0.9556161666253409,-0.13948051948051973,-10.74000000000002,-1.074000000000002,6.090299313392309,61.469999999999914,-0.4277980570731246,-0.6146527155858811,-1.5871141142020553,42.857142857142854,6,6,2.75,ok
40,0,3,TRAILING,25,14:00,77,42.857142857142854,0.9556161666253409,-0.13948051948051973,-10.74000000000002,-1.074000000000002,6.090299313392309,61.469999999999914,-0.4277980570731246,-0.6146527155858811,-1.5871141142020553,42.857142857142854,6,6,2.75,ok
40,0,3,TRAILING,25,15:00,77,42.857142857142854,0.9556161666253409,-0.13948051948051973,-10.74000000000002,-1.074000000000002,6.090299313392309,61.469999999999914,-0.4277980570731246,-0.6146527155858811,-1.5871141142020553,42.857142857142854,6,6,2.75,ok
40,0,1,TRAILING,35,12:00,28,46.42857142857143,1.0348824494259157,0.11392857142857145,3.1900000000000004,0.31900000000000006,3.3750049530451367,34.07000000000005,0.28469891112430273,0.4839849101394715,0.8506654182565297,46.42857142857143,3,4,1.0,ok
40,0,1,TRAILING,35,14:00,28,46.42857142857143,1.0348824494259157,0.11392857142857145,3.1900000000000004,0.31900000000000006,3.3750049530451367,34.07000000000005,0.28469891112430273,0.4839849101394715,0.8506654182565297,46.42857142857143,3,4,1.0,ok
40,0,1,TRAILING,35,15:00,28,46.42857142857143,1.0348824494259157,0.11392857142857145,3.1900000000000004,0.31900000000000006,3.3750049530451367,34.07000000000005,0.28469891112430273,0.4839849101394715,0.8506654182565297,46.42857142857143,3,4,1.0,ok
40,0,2,TRAILING,35,12:00,54,38.88888888888889,0.9543374077863337,-0.15703703703703728,-8.480000000000013,-0.8480000000000013,5.565646460035158,57.299999999999955,-0.3417502689550647,-0.5441144918567073,-1.3712692774869142,46.42857142857143,7,4,1.9285714285714286,ok
40,0,2,TRAILING,35,14:00,54,38.88888888888889,0.9543374077863337,-0.15703703703703728,-8.480000000000013,-0.8480000000000013,5.565646460035158,57.299999999999955,-0.3417502689550647,-0.5441144918567073,-1.3712692774869142,46.42857142857143,7,4,1.9285714285714286,ok
40,0,2,TRAILING,35,15:00,54,38.88888888888889,0.9543374077863337,-0.15703703703703728,-8.480000000000013,-0.8480000000000013,5.565646460035158,57.299999999999955,-0.3417502689550647,-0.5441144918567073,-1.3712692774869142,46.42857142857143,7,4,1.9285714285714286,ok
40,0,3,TRAILING,35,12:00,77,37.66233766233766,0.8995435541406159,-0.3401298701298702,-26.19000000000001,-2.6190000000000007,7.0714682319346345,71.31999999999994,-0.949297414499387,-1.4078177570454242,-3.3332540325294477,42.857142857142854,9,6,2.75,ok
40,0,3,TRAILING,35,14:00,77,37.66233766233766,0.8995435541406159,-0.3401298701298702,-26.19000000000001,-2.6190000000000007,7.0714682319346345,71.31999999999994,-0.949297414499387,-1.4078177570454242,-3.3332540325294477,42.857142857142854,9,6,2.75,ok
40,0,3,TRAILING,35,15:00,77,37.66233766233766,0.8995435541406159,-0.3401298701298702,-26.19000000000001,-2.6190000000000007,7.0714682319346345,71.31999999999994,-0.949297414499387,-1.4078177570454242,-3.3332540325294477,42.857142857142854,9,6,2.75,ok
40,0,1,TRAILING,50,12:00,28,46.42857142857143,1.2940744625065546,1.0014285714285711,28.039999999999992,2.8039999999999994,3.698936318824955,37.069999999999936,1.7048055518127898,3.3091222756185297,6.8225018829242075,46.42857142857143,6,4,1.0,ok
40,0,1,TRAILING,50,14:00,28,46.42857142857143,1.2940744625065546,1.0014285714285711,28.039999999999992,2.8039999999999994,3.698936318824955,37.069999999999936,1.7048055518127898,3.3091222756185297,6.8225018829242075,46.42857142857143,6,4,1.0,ok
40,0,1,TRAILING,50,15:00,28,46.42857142857143,1.2940744625065546,1.0014285714285711,28.039999999999992,2.8039999999999994,3.698936318824955,37.069999999999936,1.7048055518127898,3.3091222756185297,6.8225018829242075,46.42857142857143,6,4,1.0,ok
40,0,2,TRAILING,50,12:00,54,42.592592592592595,1.359148550724638,1.3216666666666668,71.37,7.1370000000000005,6.346041866111353,64.30000000000007,2.8078232344176275,5.300183183185111,10.121742237947114,53.57142857142857,10,4,1.9285714285714286,ok
40,0,2,TRAILING,50,14:00,54,42.592592592592595,1.359148550724638,1.3216666666666668,71.37,7.1370000000000005,6.346041866111353,64.30000000000007,2.8078232344176275,5.300183183185111,10.121742237947114,53.57142857142857,10,4,1.9285714285714286,ok
40,0,2,TRAILING,50,15:00,54,42.592592592592595,1.359148550724638,1.3216666666666668,71.37,7.1370000000000005,6.346041866111353,64.30000000000007,2.8078232344176275,5.300183183185111,10.121742237947114,53.57142857142857,10,4,1.9285714285714286,ok
40,0,3,TRAILING,50,12:00,77,41.55844155844156,1.227914951989026,0.8631168831168832,66.46000000000001,6.646000000000001,8.822944428974903,88.72000000000003,2.2365197357052735,3.8179999319532727,6.779369458972045,50.0,8,6,2.75,ok
40,0,3,TRAILING,50,14:00,77,41.55844155844156,1.227914951989026,0.8631168831168832,66.46000000000001,6.646000000000001,8.822944428974903,88.72000000000003,2.2365197357052735,3.8179999319532727,6.779369458972045,50.0,8,6,2.75,ok
40,0,3,TRAILING,50,15:00,77,41.55844155844156,1.227914951989026,0.8631168831168832,66.46000000000001,6.646000000000001,8.822944428974903,88.72000000000003,2.2365197357052735,3.8179999319532727,6.779369458972045,50.0,8,6,2.75,ok
50,0,1,TRAILING,15,12:00,28,60.71428571428571,1.7923585797218848,2.0960714285714284,58.69,5.869,2.8951201747997124,30.210000000000036,3.6323257994490037,7.251410275608988,18.24483849056601,60.71428571428571,3,5,1.0,ok
50,0,1,TRAILING,15,14:00,28,60.71428571428571,1.7923585797218848,2.0960714285714284,58.69,5.869,2.8951201747997124,30.210000000000036,3.6323257994490037,7.251410275608988,18.24483849056601,60.71428571428571,3,5,1.0,ok
50,0,1,TRAILING,15,15:00,28,60.71428571428571,1.7923585797218848,2.0960714285714284,58.69,5.869,2.8951201747997124,30.210000000000036,3.6323257994490037,7.251410275608988,18.24483849056601,60.71428571428571,3,5,1.0,ok
50,0,2,TRAILING,15,12:00,54,53.70370370370371,1.2147482014388489,0.6633333333333331,35.819999999999986,3.5819999999999985,5.688025012242446,60.40000000000009,1.6517341883004883,2.9879579369558584,5.66769659602648,53.57142857142857,4,4,1.9285714285714286,ok
50,0,2,TRAILING,15,14:00,54,53.70370370370371,1.2147482014388489,0.6633333333333331,35.819999999999986,3.5819999999999985,5.688025012242446,60.40000000000009,1.6517341883004883,2.9879579369558584,5.66769659602648,53.57142857142857,4,4,1.9285714285714286,ok
50,0,2,TRAILING,15,15:00,54,53.70370370370371,1.2147482014388489,0.6633333333333331,35.819999999999986,3.5819999999999985,5.688025012242446,60.40000000000009,1.6517341883004883,2.9879579369558584,5.66769659602648,53.57142857142857,4,4,1.9285714285714286,ok
50,0,3,TRAILING,15,12:00,78,51.28205128205128,1.0882561139908205,0.24775641025641001,19.32499999999998,1.932499999999998,5.181625985008646,53.91999999999996,0.9685657332280443,1.6101877593888463,3.3565718657270014,50.0,4,6,2.7857142857142856,ok
50,0,3,TRAILING,15,14:00,78,51.28205128205128,1.0882561139908205,0.24775641025641001,19.32499999999998,1.932499999999998,5.181625985008646,53.91999999999996,0.9685657332280443,1.6101877593888463,3.3565718657270014,50.0,4,6,2.7857142857142856,ok
50,0,3,TRAILING,15,15:00,78,51.28205128205128,1.0882561139908205,0.24775641025641001,19.32499999999998,1.932499999999998,5.181625985008646,53.91999999999996,0.9685657332280443,1.6101877593888463,3.3565718657270014,50.0,4,6,2.7857142857142856,ok
50,0,1,TRAILING,25,12:00,28,53.57142857142857,1.9580284944166344,2.6657142857142864,74.64000000000001,7.464000000000001,2.8298970520734814,30.210000000000036,3.5525843860550532,9.352649677282333,23.73796599801388,53.57142857142857,3,5,1.0,ok
50,0,1,TRAILING,25,14:00,28,53.57142857142857,1.9580284944166344,2.6657142857142864,74.64000000000001,7.464000000000001,2.8298970520734814,30.210000000000036,3.5525843860550532,9.352649677282333,23.73796599801388,53.57142857142857,3,5,1.0,ok
50,0,1,TRAILING,25,15:00,28,53.57142857142857,1.9580284944166344,2.6657142857142864,74.64000000000001,7.464000000000001,2.8298970520734814,30.210000000000036,3.5525843860550532,9.352649677282333,23.73796599801388,53.57142857142857,3,5,1.0,ok
50,0,2,TRAILING,25,12:00,54,46.2962962962963,1.3280032326964155,1.0522222222222222,56.82,5.682,5.9107335964433965,63.950000000000045,2.078194768704569,4.634540363619164,8.65171795777951,53.57142857142857,4,4,1.9285714285714286,ok
50,0,2,TRAILING,25,14:00,54,46.2962962962963,1.3280032326964155,1.0522222222222222,56.82,5.682,5.9107335964433965,63.950000000000045,2.078194768704569,4.634540363619164,8.65171795777951,53.57142857142857,4,4,1.9285714285714286,ok
50,0,2,TRAILING,25,15:00,54,46.2962962962963,1.3280032326964155,1.0522222222222222,56.82,5.682,5.9107335964433965,63.950000000000045,2.078194768704569,4.634540363619164,8.65171795777951,53.57142857142857,4,4,1.9285714285714286,ok
50,0,3,TRAILING,25,12:00,77,45.45454545454545,1.0705293837980858,0.22155844155844132,17.05999999999998,1.7059999999999982,6.9497634602387794,74.03999999999985,0.733988847708589,1.326072900787716,2.209283824959483,46.42857142857143,6,6,2.75,ok
50,0,3,TRAILING,25,14:00,77,45.45454545454545,1.0705293837980858,0.22155844155844132,17.05999999999998,1.7059999999999982,6.9497634602387794,74.03999999999985,0.733988847708589,1.326072900787716,2.209283824959483,46.42857142857143,6,6,2.75,ok
50,0,3,TRAILING,25,15:00,77,45.45454545454545,1.0705293837980858,0.22155844155844132,17.05999999999998,1.7059999999999982,6.9497634602387794,74.03999999999985,0.733988847708589,1.326072900787716,2.209283824959483,46.42857142857143,6,6,2.75,ok
50,0,1,TRAILING,35,12:00,28,50.0,1.6566918001885016,1.990714285714286,55.74000000000001,5.574000000000002,3.1000535951031027,32.97000000000003,2.745248504113919,6.878990384587493,16.182300873521374,50.0,3,4,1.0,ok
50,0,1,TRAILING,35,14:00,28,50.0,1.6566918001885016,1.990714285714286,55.74000000000001,5.574000000000002,3.1000535951031027,32.97000000000003,2.745248504113919,6.878990384587493,16.182300873521374,50.0,3,4,1.0,ok
50,0,1,TRAILING,35,15:00,28,50.0,1.6566918001885016,1.990714285714286,55.74000000000001,5.574000000000002,3.1000535951031027,32.97000000000003,2.745248504113919,6.878990384587493,16.182300873521374,50.0,3,4,1.0,ok
50,0,2,TRAILING,35,12:00,54,40.74074074074074,1.174851307963577,0.615185185185185,33.219999999999985,3.3219999999999987,6.400487656202383,69.30000000000007,1.246752031133121,2.6355060560873014,4.6712065714285655,50.0,7,4,1.9285714285714286,ok
50,0,2,TRAILING,35,14:00,54,40.74074074074074,1.174851307963577,0.615185185185185,33.219999999999985,3.3219999999999987,6.400487656202383,69.30000000000007,1.246752031133121,2.6355060560873014,4.6712065714285655,50.0,7,4,1.9285714285714286,ok
50,0,2,TRAILING,35,15:00,54,40.74074074074074,1.174851307963577,0.615185185185185,33.219999999999985,3.3219999999999987,6.400487656202383,69.30000000000007,1.246752031133121,2.6355060560873014,4.6712065714285655,50.0,7,4,1.9285714285714286,ok
50,0,3,TRAILING,35,12:00,77,38.961038961038966,0.986946080745469,-0.04129870129870124,-3.1799999999999953,-0.3179999999999995,7.267953435409032,77.2299999999999,0.008524387174717206,0.01474133404224313,-0.39378348051275397,46.42857142857143,9,6,2.75,ok
50,0,3,TRAILING,35,14:00,77,38.961038961038966,0.986946080745469,-0.04129870129870124,-3.1799999999999953,-0.3179999999999995,7.267953435409032,77.2299999999999,0.008524387174717206,0.01474133404224313,-0.39378348051275397,46.42857142857143,9,6,2.75,ok
50,0,3,TRAILING,35,15:00,77,38.961038961038966,0.986946080745469,-0.04129870129870124,-3.1799999999999953,-0.3179999999999995,7.267953435409032,77.2299999999999,0.008524387174717206,0.01474133404224313,-0.39378348051275397,46.42857142857143,9,6,2.75,ok
50,0,1,TRAILING,50,12:00,28,50.0,1.8127042928742643,2.6639285714285714,74.59,7.4590000000000005,3.700046523551363,38.97000000000003,3.4531475215704766,8.617313812762749,18.143285381062345,50.0,6,4,1.0,ok
50,0,1,TRAILING,50,14:00,28,50.0,1.8127042928742643,2.6639285714285714,74.59,7.4590000000000005,3.700046523551363,38.97000000000003,3.4531475215704766,8.617313812762749,18.143285381062345,50.0,6,4,1.0,ok
50,0,1,TRAILING,50,15:00,28,50.0,1.8127042928742643,2.6639285714285714,74.59,7.4590000000000005,3.700046523551363,38.97000000000003,3.4531475215704766,8.617313812762749,18.143285381062345,50.0,6,4,1.0,ok
50,0,2,TRAILING,50,12:00,54,44.44444444444444,1.4484245601999317,1.6946296296296295,91.50999999999999,9.151,6.683137972331979,70.87,2.9888688229471474,6.17943927996613,12.323402620290674,53.57142857142857,10,4,1.9285714285714286,ok
50,0,2,TRAILING,50,14:00,54,44.44444444444444,1.4484245601999317,1.6946296296296295,91.50999999999999,9.151,6.683137972331979,70.87,2.9888688229471474,6.17943927996613,12.323402620290674,53.57142857142857,10,4,1.9285714285714286,ok
50,0,2,TRAILING,50,15:00,54,44.44444444444444,1.4484245601999317,1.6946296296296295,91.50999999999999,9.151,6.683137972331979,70.87,2.9888688229471474,6.17943927996613,12.323402620290674,53.57142857142857,10,4,1.9285714285714286,ok
50,0,3,TRAILING,50,12:00,77,42.857142857142854,1.2614239750498413,0.86,66.22,6.622,9.312329052346644,98.39499999999987,2.3233657989930507,4.275385749757805,6.399902716601461,50.0,8,6,2.75,ok
50,0,3,TRAILING,50,14:00,77,42.857142857142854,1.2614239750498413,0.86,66.22,6.622,9.312329052346644,98.39499999999987,2.3233657989930507,4.275385749757805,6.399902716601461,50.0,8,6,2.75,ok
50,0,3,TRAILING,50,15:00,77,42.857142857142854,1.2614239750498413,0.86,66.22,6.622,9.312329052346644,98.39499999999987,2.3233657989930507,4.275385749757805,6.399902716601461,50.0,8,6,2.75,ok
