fecha,anio,combo,d,R,pnl,motivo,entry
2018-01-29,2018,"(0.5, 0.5)",-1,0.9278201691070326,34.63571428571439,TP,7014.9
2018-01-29,2018,"(0.5, 0.75)",-1,0.7795421736440479,29.5,T,7014.9
2018-01-29,2018,"(0.5, 1.0)",-1,0.7795421736440479,29.5,T,7014.9
2018-01-29,2018,"(0.75, 0.5)",-1,0.6185467794046884,34.63571428571439,TP,7014.9
2018-01-29,2018,"(0.75, 0.75)",-1,0.5196947824293653,29.5,T,7014.9
2018-01-29,2018,"(0.75, 1.0)",-1,0.5196947824293653,29.5,T,7014.9
2018-01-29,2018,"(1.0, 0.5)",-1,0.4639100845535163,34.63571428571439,TP,7014.9
2018-01-29,2018,"(1.0, 0.75)",-1,0.38977108682202394,29.5,T,7014.9
2018-01-29,2018,"(1.0, 1.0)",-1,0.38977108682202394,29.5,T,7014.9
2018-02-01,2018,"(0.5, 0.5)",1,0.9329116350392948,37.26428571428577,TP,6924.9
2018-02-01,2018,"(0.5, 0.75)",1,-1.0670883649607052,-37.26428571428577,SL,6924.9
2018-02-01,2018,"(0.5, 1.0)",1,-1.0670883649607052,-37.26428571428577,SL,6924.9
2018-02-01,2018,"(0.75, 0.5)",1,0.6219410900261965,37.26428571428577,TP,6924.9
2018-02-01,2018,"(0.75, 0.75)",1,-0.5080825506357348,-25.899999999999636,T,6924.9
2018-02-01,2018,"(0.75, 1.0)",1,-0.5080825506357348,-25.899999999999636,T,6924.9
2018-02-01,2018,"(1.0, 0.5)",1,0.4664558175196474,37.26428571428577,TP,6924.9
2018-02-01,2018,"(1.0, 0.75)",1,-0.38106191297680114,-25.899999999999636,T,6924.9
2018-02-01,2018,"(1.0, 1.0)",1,-0.38106191297680114,-25.899999999999636,T,6924.9
2018-02-02,2018,"(0.5, 0.5)",1,-1.064137804654572,-38.97857142857145,SL,6877.1
2018-02-02,2018,"(0.5, 0.75)",1,-1.064137804654572,-38.97857142857145,SL,6877.1
2018-02-02,2018,"(0.5, 1.0)",1,-1.064137804654572,-38.97857142857145,SL,6877.1
2018-02-02,2018,"(0.75, 0.5)",1,-1.0427585364363814,-58.46785714285717,SL,6877.1
2018-02-02,2018,"(0.75, 0.75)",1,-1.0427585364363814,-58.46785714285717,SL,6877.1
2018-02-02,2018,"(0.75, 1.0)",1,-1.0427585364363814,-58.46785714285717,SL,6877.1
2018-02-02,2018,"(1.0, 0.5)",1,-1.032068902327286,-77.9571428571429,SL,6877.1
2018-02-02,2018,"(1.0, 0.75)",1,-1.032068902327286,-77.9571428571429,SL,6877.1
2018-02-02,2018,"(1.0, 1.0)",1,-1.032068902327286,-77.9571428571429,SL,6877.1
2018-02-08,2018,"(0.5, 0.5)",1,-1.0414446417998817,-60.321428571428505,SL,6585.7
2018-02-08,2018,"(0.5, 0.75)",1,-1.0414446417998817,-60.321428571428505,SL,6585.7
2018-02-08,2018,"(0.5, 1.0)",1,-1.0414446417998817,-60.321428571428505,SL,6585.7
2018-02-08,2018,"(0.75, 0.5)",1,-1.027629761199921,-90.48214285714276,SL,6585.7
2018-02-08,2018,"(0.75, 0.75)",1,-1.027629761199921,-90.48214285714276,SL,6585.7
2018-02-08,2018,"(0.75, 1.0)",1,-1.027629761199921,-90.48214285714276,SL,6585.7
2018-02-08,2018,"(1.0, 0.5)",1,-1.0207223208999407,-120.64285714285701,SL,6585.7
2018-02-08,2018,"(1.0, 0.75)",1,-1.0207223208999407,-120.64285714285701,SL,6585.7
2018-02-08,2018,"(1.0, 1.0)",1,-1.0207223208999407,-120.64285714285701,SL,6585.7
2018-02-13,2018,"(0.5, 0.5)",-1,0.01746024675960529,3.899999999999636,T,6557.4
2018-02-13,2018,"(0.5, 0.75)",-1,0.01746024675960529,3.899999999999636,T,6557.4
2018-02-13,2018,"(0.5, 1.0)",-1,0.01746024675960529,3.899999999999636,T,6557.4
2018-02-13,2018,"(0.75, 0.5)",-1,0.011640164506403528,3.899999999999636,T,6557.4
2018-02-13,2018,"(0.75, 0.75)",-1,0.011640164506403528,3.899999999999636,T,6557.4
2018-02-13,2018,"(0.75, 1.0)",-1,0.011640164506403528,3.899999999999636,T,6557.4
2018-02-13,2018,"(1.0, 0.5)",-1,0.008730123379802645,3.899999999999636,T,6557.4
2018-02-13,2018,"(1.0, 0.75)",-1,0.008730123379802645,3.899999999999636,T,6557.4
2018-02-13,2018,"(1.0, 1.0)",-1,0.008730123379802645,3.899999999999636,T,6557.4
2018-02-20,2018,"(0.5, 0.5)",1,0.17663770053475308,17.599999999999454,T,6761.3
2018-02-20,2018,"(0.5, 0.75)",1,0.17663770053475308,17.599999999999454,T,6761.3
2018-02-20,2018,"(0.5, 1.0)",1,0.17663770053475308,17.599999999999454,T,6761.3
2018-02-20,2018,"(0.75, 0.5)",1,0.11775846702316872,17.599999999999454,T,6761.3
2018-02-20,2018,"(0.75, 0.75)",1,0.11775846702316872,17.599999999999454,T,6761.3
2018-02-20,2018,"(0.75, 1.0)",1,0.11775846702316872,17.599999999999454,T,6761.3
2018-02-20,2018,"(1.0, 0.5)",1,0.08831885026737654,17.599999999999454,T,6761.3
2018-02-20,2018,"(1.0, 0.75)",1,0.08831885026737654,17.599999999999454,T,6761.3
2018-02-20,2018,"(1.0, 1.0)",1,0.08831885026737654,17.599999999999454,T,6761.3
2018-02-21,2018,"(0.5, 0.5)",-1,0.8132005500229159,72.19999999999982,T,6830.7
2018-02-21,2018,"(0.5, 0.75)",-1,0.8132005500229159,72.19999999999982,T,6830.7
2018-02-21,2018,"(0.5, 1.0)",-1,0.8132005500229159,72.19999999999982,T,6830.7
2018-02-21,2018,"(0.75, 0.5)",-1,0.5421337000152772,72.19999999999982,T,6830.7
2018-02-21,2018,"(0.75, 0.75)",-1,0.5421337000152772,72.19999999999982,T,6830.7
2018-02-21,2018,"(0.75, 1.0)",-1,0.5421337000152772,72.19999999999982,T,6830.7
2018-02-21,2018,"(1.0, 0.5)",-1,0.40660027501145796,72.19999999999982,T,6830.7
2018-02-21,2018,"(1.0, 0.75)",-1,0.40660027501145796,72.19999999999982,T,6830.7
2018-02-21,2018,"(1.0, 1.0)",-1,0.40660027501145796,72.19999999999982,T,6830.7
2018-02-22,2018,"(0.5, 0.5)",1,0.0022814307830175628,2.699999999999818,T,6759.3
2018-02-22,2018,"(0.5, 0.75)",1,0.0022814307830175628,2.699999999999818,T,6759.3
2018-02-22,2018,"(0.5, 1.0)",1,0.0022814307830175628,2.699999999999818,T,6759.3
2018-02-22,2018,"(0.75, 0.5)",1,0.0015209538553450418,2.699999999999818,T,6759.3
2018-02-22,2018,"(0.75, 0.75)",1,0.0015209538553450418,2.699999999999818,T,6759.3
2018-02-22,2018,"(0.75, 1.0)",1,0.0015209538553450418,2.699999999999818,T,6759.3
2018-02-22,2018,"(1.0, 0.5)",1,0.0011407153915087814,2.699999999999818,T,6759.3
2018-02-22,2018,"(1.0, 0.75)",1,0.0011407153915087814,2.699999999999818,T,6759.3
2018-02-22,2018,"(1.0, 1.0)",1,0.0011407153915087814,2.699999999999818,T,6759.3
2018-02-23,2018,"(0.5, 0.5)",-1,-0.9404737552673511,-79.59999999999945,T,6817.1
2018-02-23,2018,"(0.5, 0.75)",-1,-0.9404737552673511,-79.59999999999945,T,6817.1
2018-02-23,2018,"(0.5, 1.0)",-1,-0.9404737552673511,-79.59999999999945,T,6817.1
2018-02-23,2018,"(0.75, 0.5)",-1,-0.6269825035115675,-79.59999999999945,T,6817.1
2018-02-23,2018,"(0.75, 0.75)",-1,-0.6269825035115675,-79.59999999999945,T,6817.1
2018-02-23,2018,"(0.75, 1.0)",-1,-0.6269825035115675,-79.59999999999945,T,6817.1
2018-02-23,2018,"(1.0, 0.5)",-1,-0.47023687763367555,-79.59999999999945,T,6817.1
2018-02-23,2018,"(1.0, 0.75)",-1,-0.47023687763367555,-79.59999999999945,T,6817.1
2018-02-23,2018,"(1.0, 1.0)",-1,-0.47023687763367555,-79.59999999999945,T,6817.1
2018-02-27,2018,"(0.5, 0.5)",-1,0.9682884841895443,78.83571428571425,TP,6980.5
2018-02-27,2018,"(0.5, 0.75)",-1,0.9944731358158879,80.89999999999964,T,6980.5
2018-02-27,2018,"(0.5, 1.0)",-1,0.9944731358158879,80.89999999999964,T,6980.5
2018-02-27,2018,"(0.75, 0.5)",-1,0.6455256561263628,78.83571428571425,TP,6980.5
2018-02-27,2018,"(0.75, 0.75)",-1,0.6629820905439252,80.89999999999964,T,6980.5
2018-02-27,2018,"(0.75, 1.0)",-1,0.6629820905439252,80.89999999999964,T,6980.5
2018-02-27,2018,"(1.0, 0.5)",-1,0.48414424209477214,78.83571428571425,TP,6980.5
2018-02-27,2018,"(1.0, 0.75)",-1,0.49723656790794396,80.89999999999964,T,6980.5
2018-02-27,2018,"(1.0, 1.0)",-1,0.49723656790794396,80.89999999999964,T,6980.5
2018-02-28,2018,"(0.5, 0.5)",1,-0.7213180229655574,-49.100000000000364,T,6904.8
2018-02-28,2018,"(0.5, 0.75)",1,-0.7213180229655574,-49.100000000000364,T,6904.8
2018-02-28,2018,"(0.5, 1.0)",1,-0.7213180229655574,-49.100000000000364,T,6904.8
2018-02-28,2018,"(0.75, 0.5)",1,-0.48087868197703826,-49.100000000000364,T,6904.8
2018-02-28,2018,"(0.75, 0.75)",1,-0.48087868197703826,-49.100000000000364,T,6904.8
2018-02-28,2018,"(0.75, 1.0)",1,-0.48087868197703826,-49.100000000000364,T,6904.8
2018-02-28,2018,"(1.0, 0.5)",1,-0.3606590114827787,-49.100000000000364,T,6904.8
2018-02-28,2018,"(1.0, 0.75)",1,-0.3606590114827787,-49.100000000000364,T,6904.8
2018-02-28,2018,"(1.0, 1.0)",1,-0.3606590114827787,-49.100000000000364,T,6904.8
2018-03-02,2018,"(0.5, 0.5)",1,0.9628489544634328,67.2928571428571,TP,6687.9
2018-03-02,2018,"(0.5, 0.75)",1,1.4628489544634329,100.93928571428566,TP,6687.9
2018-03-02,2018,"(0.5, 1.0)",1,1.7490712238615977,120.20000000000073,T,6687.9
2018-03-02,2018,"(0.75, 0.5)",1,0.6418993029756218,67.2928571428571,TP,6687.9
2018-03-02,2018,"(0.75, 0.75)",1,0.9752326363089552,100.93928571428566,TP,6687.9
2018-03-02,2018,"(0.75, 1.0)",1,1.1660474825743983,120.20000000000073,T,6687.9
2018-03-02,2018,"(1.0, 0.5)",1,0.4814244772317164,67.2928571428571,TP,6687.9
2018-03-02,2018,"(1.0, 0.75)",1,0.7314244772317164,100.93928571428566,TP,6687.9
2018-03-02,2018,"(1.0, 1.0)",1,0.8745356119307989,120.20000000000073,T,6687.9
2018-03-07,2018,"(0.5, 0.5)",1,0.7961321514907431,51.900000000000546,T,6875.9
2018-03-07,2018,"(0.5, 0.75)",1,0.7961321514907431,51.900000000000546,T,6875.9
2018-03-07,2018,"(0.5, 1.0)",1,0.7961321514907431,51.900000000000546,T,6875.9
2018-03-07,2018,"(0.75, 0.5)",1,0.5307547676604955,51.900000000000546,T,6875.9
2018-03-07,2018,"(0.75, 0.75)",1,0.5307547676604955,51.900000000000546,T,6875.9
2018-03-07,2018,"(0.75, 1.0)",1,0.5307547676604955,51.900000000000546,T,6875.9
2018-03-07,2018,"(1.0, 0.5)",1,0.39806607574537156,51.900000000000546,T,6875.9
2018-03-07,2018,"(1.0, 0.75)",1,0.39806607574537156,51.900000000000546,T,6875.9
2018-03-07,2018,"(1.0, 1.0)",1,0.39806607574537156,51.900000000000546,T,6875.9
2018-03-15,2018,"(0.5, 0.5)",1,0.1734776894674355,12.400000000000546,T,7018.4
2018-03-15,2018,"(0.5, 0.75)",1,0.1734776894674355,12.400000000000546,T,7018.4
2018-03-15,2018,"(0.5, 1.0)",1,0.1734776894674355,12.400000000000546,T,7018.4
2018-03-15,2018,"(0.75, 0.5)",1,0.11565179297829034,12.400000000000546,T,7018.4
2018-03-15,2018,"(0.75, 0.75)",1,0.11565179297829034,12.400000000000546,T,7018.4
2018-03-15,2018,"(0.75, 1.0)",1,0.11565179297829034,12.400000000000546,T,7018.4
2018-03-15,2018,"(1.0, 0.5)",1,0.08673884473371775,12.400000000000546,T,7018.4
2018-03-15,2018,"(1.0, 0.75)",1,0.08673884473371775,12.400000000000546,T,7018.4
2018-03-15,2018,"(1.0, 1.0)",1,0.08673884473371775,12.400000000000546,T,7018.4
2018-03-23,2018,"(0.5, 0.5)",1,-1.048526863084922,-51.517857142857174,SL,6696.8
2018-03-23,2018,"(0.5, 0.75)",1,-1.048526863084922,-51.517857142857174,SL,6696.8
2018-03-23,2018,"(0.5, 1.0)",1,-1.048526863084922,-51.517857142857174,SL,6696.8
2018-03-23,2018,"(0.75, 0.5)",1,-1.0323512420566145,-77.27678571428577,SL,6696.8
2018-03-23,2018,"(0.75, 0.75)",1,-1.0323512420566145,-77.27678571428577,SL,6696.8
2018-03-23,2018,"(0.75, 1.0)",1,-1.0323512420566145,-77.27678571428577,SL,6696.8
2018-03-23,2018,"(1.0, 0.5)",1,-1.024263431542461,-103.03571428571435,SL,6696.8
2018-03-23,2018,"(1.0, 0.75)",1,-1.024263431542461,-103.03571428571435,SL,6696.8
2018-03-23,2018,"(1.0, 1.0)",1,-1.024263431542461,-103.03571428571435,SL,6696.8
2018-03-29,2018,"(0.5, 0.5)",-1,-1.0343828282332137,-72.7107142857143,SL,6559.8
2018-03-29,2018,"(0.5, 0.75)",-1,-1.0343828282332137,-72.7107142857143,SL,6559.8
2018-03-29,2018,"(0.5, 1.0)",-1,-1.0343828282332137,-72.7107142857143,SL,6559.8
2018-03-29,2018,"(0.75, 0.5)",-1,-0.18612571016913237,-17.800000000000182,T,6559.8
2018-03-29,2018,"(0.75, 0.75)",-1,-0.18612571016913237,-17.800000000000182,T,6559.8
2018-03-29,2018,"(0.75, 1.0)",-1,-0.18612571016913237,-17.800000000000182,T,6559.8
2018-03-29,2018,"(1.0, 0.5)",-1,-0.13959428262684928,-17.800000000000182,T,6559.8
2018-03-29,2018,"(1.0, 0.75)",-1,-0.13959428262684928,-17.800000000000182,T,6559.8
2018-03-29,2018,"(1.0, 1.0)",-1,-0.13959428262684928,-17.800000000000182,T,6559.8
2018-04-04,2018,"(0.5, 0.5)",-1,-1.0304586197894003,-82.07857142857142,SL,6485.3
2018-04-04,2018,"(0.5, 0.75)",-1,-1.0304586197894003,-82.07857142857142,SL,6485.3
2018-04-04,2018,"(0.5, 1.0)",-1,-1.0304586197894003,-82.07857142857142,SL,6485.3
2018-04-04,2018,"(0.75, 0.5)",-1,-0.6286659124532213,-74.89999999999964,T,6485.3
2018-04-04,2018,"(0.75, 0.75)",-1,-0.6286659124532213,-74.89999999999964,T,6485.3
2018-04-04,2018,"(0.75, 1.0)",-1,-0.6286659124532213,-74.89999999999964,T,6485.3
2018-04-04,2018,"(1.0, 0.5)",-1,-0.47149943433991603,-74.89999999999964,T,6485.3
2018-04-04,2018,"(1.0, 0.75)",-1,-0.47149943433991603,-74.89999999999964,T,6485.3
2018-04-04,2018,"(1.0, 1.0)",-1,-0.47149943433991603,-74.89999999999964,T,6485.3
2018-04-04,2018,"(0.5, 0.5)",1,0.9695413802105995,82.07857142857142,TP,6376.0
2018-04-04,2018,"(0.5, 0.75)",1,1.4695413802105997,123.11785714285713,TP,6376.0
2018-04-04,2018,"(0.5, 1.0)",1,1.9695413802105997,164.15714285714284,TP,6376.0
2018-04-04,2018,"(0.75, 0.5)",1,0.6463609201403997,82.07857142857142,TP,6376.0
2018-04-04,2018,"(0.75, 0.75)",1,0.9796942534737331,123.11785714285713,TP,6376.0
2018-04-04,2018,"(0.75, 1.0)",1,1.3130275868070664,164.15714285714284,TP,6376.0
2018-04-04,2018,"(1.0, 0.5)",1,0.4847706901052998,82.07857142857142,TP,6376.0
2018-04-04,2018,"(1.0, 0.75)",1,0.7347706901052998,123.11785714285713,TP,6376.0
2018-04-04,2018,"(1.0, 1.0)",1,0.9847706901052998,164.15714285714284,TP,6376.0
2018-04-09,2018,"(0.5, 0.5)",-1,0.9735189528637361,94.40714285714284,TP,6587.1
2018-04-09,2018,"(0.5, 0.75)",-1,1.1778769766210262,113.70000000000073,T,6587.1
2018-04-09,2018,"(0.5, 1.0)",-1,1.1778769766210262,113.70000000000073,T,6587.1
2018-04-09,2018,"(0.75, 0.5)",-1,0.6490126352424908,94.40714285714284,TP,6587.1
2018-04-09,2018,"(0.75, 0.75)",-1,0.7852513177473508,113.70000000000073,T,6587.1
2018-04-09,2018,"(0.75, 1.0)",-1,0.7852513177473508,113.70000000000073,T,6587.1
2018-04-09,2018,"(1.0, 0.5)",-1,0.48675947643186807,94.40714285714284,TP,6587.1
2018-04-09,2018,"(1.0, 0.75)",-1,0.5889384883105131,113.70000000000073,T,6587.1
2018-04-09,2018,"(1.0, 1.0)",-1,0.5889384883105131,113.70000000000073,T,6587.1
2018-04-10,2018,"(0.5, 0.5)",-1,-0.16319018404907787,-12.699999999999818,T,6604.1
2018-04-10,2018,"(0.5, 0.75)",-1,-0.16319018404907787,-12.699999999999818,T,6604.1
2018-04-10,2018,"(0.5, 1.0)",-1,-0.16319018404907787,-12.699999999999818,T,6604.1
2018-04-10,2018,"(0.75, 0.5)",-1,-0.10879345603271857,-12.699999999999818,T,6604.1
2018-04-10,2018,"(0.75, 0.75)",-1,-0.10879345603271857,-12.699999999999818,T,6604.1
2018-04-10,2018,"(0.75, 1.0)",-1,-0.10879345603271857,-12.699999999999818,T,6604.1
2018-04-10,2018,"(1.0, 0.5)",-1,-0.08159509202453893,-12.699999999999818,T,6604.1
2018-04-10,2018,"(1.0, 0.75)",-1,-0.08159509202453893,-12.699999999999818,T,6604.1
2018-04-10,2018,"(1.0, 1.0)",-1,-0.08159509202453893,-12.699999999999818,T,6604.1
2018-04-12,2018,"(0.5, 0.5)",-1,-0.12083333333333716,-9.100000000000364,T,6647.4
2018-04-12,2018,"(0.5, 0.75)",-1,-0.12083333333333716,-9.100000000000364,T,6647.4
2018-04-12,2018,"(0.5, 1.0)",-1,-0.12083333333333716,-9.100000000000364,T,6647.4
2018-04-12,2018,"(0.75, 0.5)",-1,-0.08055555555555811,-9.100000000000364,T,6647.4
2018-04-12,2018,"(0.75, 0.75)",-1,-0.08055555555555811,-9.100000000000364,T,6647.4
2018-04-12,2018,"(0.75, 1.0)",-1,-0.08055555555555811,-9.100000000000364,T,6647.4
2018-04-12,2018,"(1.0, 0.5)",-1,-0.06041666666666858,-9.100000000000364,T,6647.4
2018-04-12,2018,"(1.0, 0.75)",-1,-0.06041666666666858,-9.100000000000364,T,6647.4
2018-04-12,2018,"(1.0, 1.0)",-1,-0.06041666666666858,-9.100000000000364,T,6647.4
2018-04-13,2018,"(0.5, 0.5)",1,0.03318423366594419,5.600000000000364,T,6619.5
2018-04-13,2018,"(0.5, 0.75)",1,0.03318423366594419,5.600000000000364,T,6619.5
2018-04-13,2018,"(0.5, 1.0)",1,0.03318423366594419,5.600000000000364,T,6619.5
2018-04-13,2018,"(0.75, 0.5)",1,0.022122822443962794,5.600000000000364,T,6619.5
2018-04-13,2018,"(0.75, 0.75)",1,0.022122822443962794,5.600000000000364,T,6619.5
2018-04-13,2018,"(0.75, 1.0)",1,0.022122822443962794,5.600000000000364,T,6619.5
2018-04-13,2018,"(1.0, 0.5)",1,0.016592116832972095,5.600000000000364,T,6619.5
2018-04-13,2018,"(1.0, 0.75)",1,0.016592116832972095,5.600000000000364,T,6619.5
2018-04-13,2018,"(1.0, 1.0)",1,0.016592116832972095,5.600000000000364,T,6619.5
2018-04-30,2018,"(0.5, 0.5)",1,-0.2681680984443928,-14.0,T,6618.3
2018-04-30,2018,"(0.5, 0.75)",1,-0.2681680984443928,-14.0,T,6618.3
2018-04-30,2018,"(0.5, 1.0)",1,-0.2681680984443928,-14.0,T,6618.3
2018-04-30,2018,"(0.75, 0.5)",1,-0.1787787322962619,-14.0,T,6618.3
2018-04-30,2018,"(0.75, 0.75)",1,-0.1787787322962619,-14.0,T,6618.3
2018-04-30,2018,"(0.75, 1.0)",1,-0.1787787322962619,-14.0,T,6618.3
2018-04-30,2018,"(1.0, 0.5)",1,-0.1340840492221964,-14.0,T,6618.3
2018-04-30,2018,"(1.0, 0.75)",1,-0.1340840492221964,-14.0,T,6618.3
2018-04-30,2018,"(1.0, 1.0)",1,-0.1340840492221964,-14.0,T,6618.3
2018-05-01,2018,"(0.5, 0.5)",1,0.9582836710369488,59.92857142857143,TP,6596.3
2018-05-01,2018,"(0.5, 0.75)",1,1.3883194278903426,85.69999999999982,T,6596.3
2018-05-01,2018,"(0.5, 1.0)",1,1.3883194278903426,85.69999999999982,T,6596.3
2018-05-01,2018,"(0.75, 0.5)",1,0.6388557806912992,59.92857142857143,TP,6596.3
2018-05-01,2018,"(0.75, 0.75)",1,0.9255462852602284,85.69999999999982,T,6596.3
2018-05-01,2018,"(0.75, 1.0)",1,0.9255462852602284,85.69999999999982,T,6596.3
2018-05-01,2018,"(1.0, 0.5)",1,0.4791418355184744,59.92857142857143,TP,6596.3
2018-05-01,2018,"(1.0, 0.75)",1,0.6941597139451713,85.69999999999982,T,6596.3
2018-05-01,2018,"(1.0, 1.0)",1,0.6941597139451713,85.69999999999982,T,6596.3
2018-05-02,2018,"(0.5, 0.5)",-1,0.5201542236242581,34.30000000000018,T,6677.5
2018-05-02,2018,"(0.5, 0.75)",-1,0.5201542236242581,34.30000000000018,T,6677.5
2018-05-02,2018,"(0.5, 1.0)",-1,0.5201542236242581,34.30000000000018,T,6677.5
2018-05-02,2018,"(0.75, 0.5)",-1,0.34676948241617206,34.30000000000018,T,6677.5
2018-05-02,2018,"(0.75, 0.75)",-1,0.34676948241617206,34.30000000000018,T,6677.5
2018-05-02,2018,"(0.75, 1.0)",-1,0.34676948241617206,34.30000000000018,T,6677.5
2018-05-02,2018,"(1.0, 0.5)",-1,0.26007711181212906,34.30000000000018,T,6677.5
2018-05-02,2018,"(1.0, 0.75)",-1,0.26007711181212906,34.30000000000018,T,6677.5
2018-05-02,2018,"(1.0, 1.0)",-1,0.26007711181212906,34.30000000000018,T,6677.5
2018-05-11,2018,"(0.5, 0.5)",-1,0.22537562604340533,16.0,T,6967.7
2018-05-11,2018,"(0.5, 0.75)",-1,0.22537562604340533,16.0,T,6967.7
2018-05-11,2018,"(0.5, 1.0)",-1,0.22537562604340533,16.0,T,6967.7
2018-05-11,2018,"(0.75, 0.5)",-1,0.1502504173622702,16.0,T,6967.7
2018-05-11,2018,"(0.75, 0.75)",-1,0.1502504173622702,16.0,T,6967.7
2018-05-11,2018,"(0.75, 1.0)",-1,0.1502504173622702,16.0,T,6967.7
2018-05-11,2018,"(1.0, 0.5)",-1,0.11268781302170267,16.0,T,6967.7
2018-05-11,2018,"(1.0, 0.75)",-1,0.11268781302170267,16.0,T,6967.7
2018-05-11,2018,"(1.0, 1.0)",-1,0.11268781302170267,16.0,T,6967.7
2018-05-17,2018,"(0.5, 0.5)",-1,0.9477416946621875,47.839285714285815,TP,6944.3
2018-05-17,2018,"(0.5, 0.75)",-1,1.4477416946621875,71.75892857142873,TP,6944.3
2018-05-17,2018,"(0.5, 1.0)",-1,0.8465845464725626,43.0,T,6944.3
2018-05-17,2018,"(0.75, 0.5)",-1,0.6318277964414583,47.839285714285815,TP,6944.3
2018-05-17,2018,"(0.75, 0.75)",-1,0.9651611297747916,71.75892857142873,TP,6944.3
2018-05-17,2018,"(0.75, 1.0)",-1,0.5643896976483751,43.0,T,6944.3
2018-05-17,2018,"(1.0, 0.5)",-1,0.47387084733109375,47.839285714285815,TP,6944.3
2018-05-17,2018,"(1.0, 0.75)",-1,0.7238708473310937,71.75892857142873,TP,6944.3
2018-05-17,2018,"(1.0, 1.0)",-1,0.4232922732362813,43.0,T,6944.3
2018-05-18,2018,"(0.5, 0.5)",1,-0.27754975605978827,-10.300000000000182,T,6877.1
2018-05-18,2018,"(0.5, 0.75)",1,-0.27754975605978827,-10.300000000000182,T,6877.1
2018-05-18,2018,"(0.5, 1.0)",1,-0.27754975605978827,-10.300000000000182,T,6877.1
2018-05-18,2018,"(0.75, 0.5)",1,-0.1850331707065255,-10.300000000000182,T,6877.1
2018-05-18,2018,"(0.75, 0.75)",1,-0.1850331707065255,-10.300000000000182,T,6877.1
2018-05-18,2018,"(0.75, 1.0)",1,-0.1850331707065255,-10.300000000000182,T,6877.1
2018-05-18,2018,"(1.0, 0.5)",1,-0.13877487802989413,-10.300000000000182,T,6877.1
2018-05-18,2018,"(1.0, 0.75)",1,-0.13877487802989413,-10.300000000000182,T,6877.1
2018-05-18,2018,"(1.0, 1.0)",1,-0.13877487802989413,-10.300000000000182,T,6877.1
2018-05-24,2018,"(0.5, 0.5)",-1,0.9391727493917275,41.10000000000001,TP,6954.6
2018-05-24,2018,"(0.5, 0.75)",-1,1.4391727493917275,61.65000000000001,TP,6954.6
2018-05-24,2018,"(0.5, 1.0)",-1,0.048661800486617994,4.5,T,6954.6
2018-05-24,2018,"(0.75, 0.5)",-1,0.6261151662611517,41.10000000000001,TP,6954.6
2018-05-24,2018,"(0.75, 0.75)",-1,0.959448499594485,61.65000000000001,TP,6954.6
2018-05-24,2018,"(0.75, 1.0)",-1,0.032441200324411994,4.5,T,6954.6
2018-05-24,2018,"(1.0, 0.5)",-1,0.46958637469586373,41.10000000000001,TP,6954.6
2018-05-24,2018,"(1.0, 0.75)",-1,0.7195863746958637,61.65000000000001,TP,6954.6
2018-05-24,2018,"(1.0, 1.0)",-1,0.024330900243308997,4.5,T,6954.6
2018-05-30,2018,"(0.5, 0.5)",-1,-0.6063044936284472,-20.100000000000364,T,6956.4
2018-05-30,2018,"(0.5, 0.75)",-1,-0.6063044936284472,-20.100000000000364,T,6956.4
2018-05-30,2018,"(0.5, 1.0)",-1,-0.6063044936284472,-20.100000000000364,T,6956.4
2018-05-30,2018,"(0.75, 0.5)",-1,-0.4042029957522981,-20.100000000000364,T,6956.4
2018-05-30,2018,"(0.75, 0.75)",-1,-0.4042029957522981,-20.100000000000364,T,6956.4
2018-05-30,2018,"(0.75, 1.0)",-1,-0.4042029957522981,-20.100000000000364,T,6956.4
2018-05-30,2018,"(1.0, 0.5)",-1,-0.3031522468142236,-20.100000000000364,T,6956.4
2018-05-30,2018,"(1.0, 0.75)",-1,-0.3031522468142236,-20.100000000000364,T,6956.4
2018-05-30,2018,"(1.0, 1.0)",-1,-0.3031522468142236,-20.100000000000364,T,6956.4
2018-05-31,2018,"(0.5, 0.5)",-1,0.3976331360946645,16.899999999999636,T,6988.0
2018-05-31,2018,"(0.5, 0.75)",-1,0.3976331360946645,16.899999999999636,T,6988.0
2018-05-31,2018,"(0.5, 1.0)",-1,0.3976331360946645,16.899999999999636,T,6988.0
2018-05-31,2018,"(0.75, 0.5)",-1,0.265088757396443,16.899999999999636,T,6988.0
2018-05-31,2018,"(0.75, 0.75)",-1,0.265088757396443,16.899999999999636,T,6988.0
2018-05-31,2018,"(0.75, 1.0)",-1,0.265088757396443,16.899999999999636,T,6988.0
2018-05-31,2018,"(1.0, 0.5)",-1,0.19881656804733225,16.899999999999636,T,6988.0
2018-05-31,2018,"(1.0, 0.75)",-1,0.19881656804733225,16.899999999999636,T,6988.0
2018-05-31,2018,"(1.0, 1.0)",-1,0.19881656804733225,16.899999999999636,T,6988.0
2018-06-06,2018,"(0.5, 0.5)",-1,0.9307479224376731,36.09999999999997,TP,7176.0
2018-06-06,2018,"(0.5, 0.75)",-1,-1.0027700831024888,-33.69999999999982,T,7176.0
2018-06-06,2018,"(0.5, 1.0)",-1,-1.0027700831024888,-33.69999999999982,T,7176.0
2018-06-06,2018,"(0.75, 0.5)",-1,0.6204986149584487,36.09999999999997,TP,7176.0
2018-06-06,2018,"(0.75, 0.75)",-1,-0.6685133887349924,-33.69999999999982,T,7176.0
2018-06-06,2018,"(0.75, 1.0)",-1,-0.6685133887349924,-33.69999999999982,T,7176.0
2018-06-06,2018,"(1.0, 0.5)",-1,0.46537396121883656,36.09999999999997,TP,7176.0
2018-06-06,2018,"(1.0, 0.75)",-1,-0.5013850415512444,-33.69999999999982,T,7176.0
2018-06-06,2018,"(1.0, 1.0)",-1,-0.5013850415512444,-33.69999999999982,T,7176.0
2018-06-07,2018,"(0.5, 0.5)",-1,0.9316072300928188,36.55357142857143,TP,7193.8
2018-06-07,2018,"(0.5, 0.75)",-1,1.4316072300928189,54.830357142857146,TP,7193.8
2018-06-07,2018,"(0.5, 1.0)",-1,1.9316072300928189,73.10714285714286,TP,7193.8
2018-06-07,2018,"(0.75, 0.5)",-1,0.6210714867285458,36.55357142857143,TP,7193.8
2018-06-07,2018,"(0.75, 0.75)",-1,0.9544048200618792,54.830357142857146,TP,7193.8
2018-06-07,2018,"(0.75, 1.0)",-1,1.2877381533952126,73.10714285714286,TP,7193.8
2018-06-07,2018,"(1.0, 0.5)",-1,0.4658036150464094,36.55357142857143,TP,7193.8
2018-06-07,2018,"(1.0, 0.75)",-1,0.7158036150464094,54.830357142857146,TP,7193.8
2018-06-07,2018,"(1.0, 1.0)",-1,0.9658036150464094,73.10714285714286,TP,7193.8
2018-06-07,2018,"(0.5, 0.5)",1,0.18876404494383514,9.400000000000546,T,7142.2
2018-06-07,2018,"(0.5, 0.75)",1,0.18876404494383514,9.400000000000546,T,7142.2
2018-06-07,2018,"(0.5, 1.0)",1,0.18876404494383514,9.400000000000546,T,7142.2
2018-06-07,2018,"(0.75, 0.5)",1,0.12584269662922343,9.400000000000546,T,7142.2
2018-06-07,2018,"(0.75, 0.75)",1,0.12584269662922343,9.400000000000546,T,7142.2
2018-06-07,2018,"(0.75, 1.0)",1,0.12584269662922343,9.400000000000546,T,7142.2
2018-06-07,2018,"(1.0, 0.5)",1,0.09438202247191757,9.400000000000546,T,7142.2
2018-06-07,2018,"(1.0, 0.75)",1,0.09438202247191757,9.400000000000546,T,7142.2
2018-06-07,2018,"(1.0, 1.0)",1,0.09438202247191757,9.400000000000546,T,7142.2
2018-06-14,2018,"(0.5, 0.5)",-1,-0.6456775823944279,-19.399999999999636,T,7262.5
2018-06-14,2018,"(0.5, 0.75)",-1,-0.6456775823944279,-19.399999999999636,T,7262.5
2018-06-14,2018,"(0.5, 1.0)",-1,-0.6456775823944279,-19.399999999999636,T,7262.5
2018-06-14,2018,"(0.75, 0.5)",-1,-0.4304517215962852,-19.399999999999636,T,7262.5
2018-06-14,2018,"(0.75, 0.75)",-1,-0.4304517215962852,-19.399999999999636,T,7262.5
2018-06-14,2018,"(0.75, 1.0)",-1,-0.4304517215962852,-19.399999999999636,T,7262.5
2018-06-14,2018,"(1.0, 0.5)",-1,-0.3228387911972139,-19.399999999999636,T,7262.5
2018-06-14,2018,"(1.0, 0.75)",-1,-0.3228387911972139,-19.399999999999636,T,7262.5
2018-06-14,2018,"(1.0, 1.0)",-1,-0.3228387911972139,-19.399999999999636,T,7262.5
2018-06-22,2018,"(0.5, 0.5)",1,-0.4374145674672916,-13.5,T,7205.2
2018-06-22,2018,"(0.5, 0.75)",1,-0.4374145674672916,-13.5,T,7205.2
2018-06-22,2018,"(0.5, 1.0)",1,-0.4374145674672916,-13.5,T,7205.2
2018-06-22,2018,"(0.75, 0.5)",1,-0.2916097116448611,-13.5,T,7205.2
2018-06-22,2018,"(0.75, 0.75)",1,-0.2916097116448611,-13.5,T,7205.2
2018-06-22,2018,"(0.75, 1.0)",1,-0.2916097116448611,-13.5,T,7205.2
2018-06-22,2018,"(1.0, 0.5)",1,-0.2187072837336458,-13.5,T,7205.2
2018-06-22,2018,"(1.0, 0.75)",1,-0.2187072837336458,-13.5,T,7205.2
2018-06-22,2018,"(1.0, 1.0)",1,-0.2187072837336458,-13.5,T,7205.2
2018-06-28,2018,"(0.5, 0.5)",1,0.9449382521828049,45.40357142857137,TP,6972.5
2018-06-28,2018,"(0.5, 0.75)",1,1.4449382521828051,68.10535714285706,TP,6972.5
2018-06-28,2018,"(0.5, 1.0)",1,1.2532053803193517,59.399999999999636,T,6972.5
2018-06-28,2018,"(0.75, 0.5)",1,0.6299588347885365,45.40357142857137,TP,6972.5
2018-06-28,2018,"(0.75, 0.75)",1,0.9632921681218699,68.10535714285706,TP,6972.5
2018-06-28,2018,"(0.75, 1.0)",1,0.8354702535462344,59.399999999999636,T,6972.5
2018-06-28,2018,"(1.0, 0.5)",1,0.47246912609140246,45.40357142857137,TP,6972.5
2018-06-28,2018,"(1.0, 0.75)",1,0.7224691260914026,68.10535714285706,TP,6972.5
2018-06-28,2018,"(1.0, 1.0)",1,0.6266026901596758,59.399999999999636,T,6972.5
2018-07-10,2018,"(0.5, 0.5)",-1,-0.15176151761517614,-5.5,T,7275.9
2018-07-10,2018,"(0.5, 0.75)",-1,-0.15176151761517614,-5.5,T,7275.9
2018-07-10,2018,"(0.5, 1.0)",-1,-0.15176151761517614,-5.5,T,7275.9
2018-07-10,2018,"(0.75, 0.5)",-1,-0.1011743450767841,-5.5,T,7275.9
2018-07-10,2018,"(0.75, 0.75)",-1,-0.1011743450767841,-5.5,T,7275.9
2018-07-10,2018,"(0.75, 1.0)",-1,-0.1011743450767841,-5.5,T,7275.9
2018-07-10,2018,"(1.0, 0.5)",-1,-0.07588075880758807,-5.5,T,7275.9
2018-07-10,2018,"(1.0, 0.75)",-1,-0.07588075880758807,-5.5,T,7275.9
2018-07-10,2018,"(1.0, 1.0)",-1,-0.07588075880758807,-5.5,T,7275.9
2018-07-16,2018,"(0.5, 0.5)",-1,0.5118081450610508,27.5,T,7385.2
2018-07-16,2018,"(0.5, 0.75)",-1,0.5118081450610508,27.5,T,7385.2
2018-07-16,2018,"(0.5, 1.0)",-1,0.5118081450610508,27.5,T,7385.2
2018-07-16,2018,"(0.75, 0.5)",-1,0.34120543004070053,27.5,T,7385.2
2018-07-16,2018,"(0.75, 0.75)",-1,0.34120543004070053,27.5,T,7385.2
2018-07-16,2018,"(0.75, 1.0)",-1,0.34120543004070053,27.5,T,7385.2
2018-07-16,2018,"(1.0, 0.5)",-1,0.2559040725305254,27.5,T,7385.2
2018-07-16,2018,"(1.0, 0.75)",-1,0.2559040725305254,27.5,T,7385.2
2018-07-16,2018,"(1.0, 1.0)",-1,0.2559040725305254,27.5,T,7385.2
2018-07-16,2018,"(0.5, 0.5)",1,0.06755867514806242,5.800000000000182,T,7351.9
2018-07-16,2018,"(0.5, 0.75)",1,0.06755867514806242,5.800000000000182,T,7351.9
2018-07-16,2018,"(0.5, 1.0)",1,0.06755867514806242,5.800000000000182,T,7351.9
2018-07-16,2018,"(0.75, 0.5)",1,0.045039116765374955,5.800000000000182,T,7351.9
2018-07-16,2018,"(0.75, 0.75)",1,0.045039116765374955,5.800000000000182,T,7351.9
2018-07-16,2018,"(0.75, 1.0)",1,0.045039116765374955,5.800000000000182,T,7351.9
2018-07-16,2018,"(1.0, 0.5)",1,0.03377933757403121,5.800000000000182,T,7351.9
2018-07-16,2018,"(1.0, 0.75)",1,0.03377933757403121,5.800000000000182,T,7351.9
2018-07-16,2018,"(1.0, 1.0)",1,0.03377933757403121,5.800000000000182,T,7351.9
2018-07-19,2018,"(0.5, 0.5)",1,-0.6188972552829559,-24.799999999999272,T,7378.4
2018-07-19,2018,"(0.5, 0.75)",1,-0.6188972552829559,-24.799999999999272,T,7378.4
2018-07-19,2018,"(0.5, 1.0)",1,-0.6188972552829559,-24.799999999999272,T,7378.4
2018-07-19,2018,"(0.75, 0.5)",1,-0.41259817018863726,-24.799999999999272,T,7378.4
2018-07-19,2018,"(0.75, 0.75)",1,-0.41259817018863726,-24.799999999999272,T,7378.4
2018-07-19,2018,"(0.75, 1.0)",1,-0.41259817018863726,-24.799999999999272,T,7378.4
2018-07-19,2018,"(1.0, 0.5)",1,-0.30944862764147796,-24.799999999999272,T,7378.4
2018-07-19,2018,"(1.0, 0.75)",1,-0.30944862764147796,-24.799999999999272,T,7378.4
2018-07-19,2018,"(1.0, 1.0)",1,-0.30944862764147796,-24.799999999999272,T,7378.4
2018-07-20,2018,"(0.5, 0.5)",-1,0.9373096901307542,39.878571428571476,TP,7384.9
2018-07-20,2018,"(0.5, 0.75)",-1,0.8174816406949522,35.099999999999454,T,7384.9
2018-07-20,2018,"(0.5, 1.0)",-1,0.8174816406949522,35.099999999999454,T,7384.9
2018-07-20,2018,"(0.75, 0.5)",-1,0.6248731267538361,39.878571428571476,TP,7384.9
2018-07-20,2018,"(0.75, 0.75)",-1,0.5449877604633014,35.099999999999454,T,7384.9
2018-07-20,2018,"(0.75, 1.0)",-1,0.5449877604633014,35.099999999999454,T,7384.9
2018-07-20,2018,"(1.0, 0.5)",-1,0.4686548450653771,39.878571428571476,TP,7384.9
2018-07-20,2018,"(1.0, 0.75)",-1,0.4087408203474761,35.099999999999454,T,7384.9
2018-07-20,2018,"(1.0, 1.0)",-1,0.4087408203474761,35.099999999999454,T,7384.9
2018-07-20,2018,"(0.5, 0.5)",1,0.0,2.5,T,7347.3
2018-07-20,2018,"(0.5, 0.75)",1,0.0,2.5,T,7347.3
2018-07-20,2018,"(0.5, 1.0)",1,0.0,2.5,T,7347.3
2018-07-20,2018,"(0.75, 0.5)",1,0.0,2.5,T,7347.3
2018-07-20,2018,"(0.75, 0.75)",1,0.0,2.5,T,7347.3
2018-07-20,2018,"(0.75, 1.0)",1,0.0,2.5,T,7347.3
2018-07-20,2018,"(1.0, 0.5)",1,0.0,2.5,T,7347.3
2018-07-20,2018,"(1.0, 0.75)",1,0.0,2.5,T,7347.3
2018-07-20,2018,"(1.0, 1.0)",1,0.0,2.5,T,7347.3
2018-07-25,2018,"(0.5, 0.5)",-1,-1.0669536107125777,-37.339285714285715,SL,7473.5
2018-07-25,2018,"(0.5, 0.75)",-1,-1.0669536107125777,-37.339285714285715,SL,7473.5
2018-07-25,2018,"(0.5, 1.0)",-1,-1.0669536107125777,-37.339285714285715,SL,7473.5
2018-07-25,2018,"(0.75, 0.5)",-1,-0.6606089590307668,-34.5,T,7473.5
2018-07-25,2018,"(0.75, 0.75)",-1,-0.6606089590307668,-34.5,T,7473.5
2018-07-25,2018,"(0.75, 1.0)",-1,-0.6606089590307668,-34.5,T,7473.5
2018-07-25,2018,"(1.0, 0.5)",-1,-0.49545671927307505,-34.5,T,7473.5
2018-07-25,2018,"(1.0, 0.75)",-1,-0.49545671927307505,-34.5,T,7473.5
2018-07-25,2018,"(1.0, 1.0)",-1,-0.49545671927307505,-34.5,T,7473.5
2018-07-26,2018,"(0.5, 0.5)",1,-0.5910704277974822,-20.099999999999454,T,7417.7
2018-07-26,2018,"(0.5, 0.75)",1,-0.5910704277974822,-20.099999999999454,T,7417.7
2018-07-26,2018,"(0.5, 1.0)",1,-0.5910704277974822,-20.099999999999454,T,7417.7
2018-07-26,2018,"(0.75, 0.5)",1,-0.3940469518649881,-20.099999999999454,T,7417.7
2018-07-26,2018,"(0.75, 0.75)",1,-0.3940469518649881,-20.099999999999454,T,7417.7
2018-07-26,2018,"(0.75, 1.0)",1,-0.3940469518649881,-20.099999999999454,T,7417.7
2018-07-26,2018,"(1.0, 0.5)",1,-0.2955352138987411,-20.099999999999454,T,7417.7
2018-07-26,2018,"(1.0, 0.75)",1,-0.2955352138987411,-20.099999999999454,T,7417.7
2018-07-26,2018,"(1.0, 1.0)",1,-0.2955352138987411,-20.099999999999454,T,7417.7
2018-07-27,2018,"(0.5, 0.5)",-1,0.9350709581671459,38.50357142857144,TP,7428.8
2018-07-27,2018,"(0.5, 0.75)",-1,1.435070958167146,57.755357142857164,TP,7428.8
2018-07-27,2018,"(0.5, 1.0)",-1,1.935070958167146,77.00714285714288,TP,7428.8
2018-07-27,2018,"(0.75, 0.5)",-1,0.6233806387780972,38.50357142857144,TP,7428.8
2018-07-27,2018,"(0.75, 0.75)",-1,0.9567139721114306,57.755357142857164,TP,7428.8
2018-07-27,2018,"(0.75, 1.0)",-1,1.2900473054447639,77.00714285714288,TP,7428.8
2018-07-27,2018,"(1.0, 0.5)",-1,0.46753547908357296,38.50357142857144,TP,7428.8
2018-07-27,2018,"(1.0, 0.75)",-1,0.717535479083573,57.755357142857164,TP,7428.8
2018-07-27,2018,"(1.0, 1.0)",-1,0.967535479083573,77.00714285714288,TP,7428.8
2018-08-01,2018,"(0.5, 0.5)",-1,-0.33370811783223897,-13.399999999999636,T,7259.3
2018-08-01,2018,"(0.5, 0.75)",-1,-0.33370811783223897,-13.399999999999636,T,7259.3
2018-08-01,2018,"(0.5, 1.0)",-1,-0.33370811783223897,-13.399999999999636,T,7259.3
2018-08-01,2018,"(0.75, 0.5)",-1,-0.22247207855482598,-13.399999999999636,T,7259.3
2018-08-01,2018,"(0.75, 0.75)",-1,-0.22247207855482598,-13.399999999999636,T,7259.3
2018-08-01,2018,"(0.75, 1.0)",-1,-0.22247207855482598,-13.399999999999636,T,7259.3
2018-08-01,2018,"(1.0, 0.5)",-1,-0.16685405891611949,-13.399999999999636,T,7259.3
2018-08-01,2018,"(1.0, 0.75)",-1,-0.16685405891611949,-13.399999999999636,T,7259.3
2018-08-01,2018,"(1.0, 1.0)",-1,-0.16685405891611949,-13.399999999999636,T,7259.3
2018-08-02,2018,"(0.5, 0.5)",1,0.9449209221811314,45.3892857142857,TP,7235.0
2018-08-02,2018,"(0.5, 0.75)",1,1.4449209221811314,68.08392857142854,TP,7235.0
2018-08-02,2018,"(0.5, 1.0)",1,1.9449209221811314,90.7785714285714,TP,7235.0
2018-08-02,2018,"(0.75, 0.5)",1,0.6299472814540876,45.3892857142857,TP,7235.0
2018-08-02,2018,"(0.75, 0.75)",1,0.963280614787421,68.08392857142854,TP,7235.0
2018-08-02,2018,"(0.75, 1.0)",1,1.2966139481207544,90.7785714285714,TP,7235.0
2018-08-02,2018,"(1.0, 0.5)",1,0.4724604610905657,45.3892857142857,TP,7235.0
2018-08-02,2018,"(1.0, 0.75)",1,0.7224604610905657,68.08392857142854,TP,7235.0
2018-08-02,2018,"(1.0, 1.0)",1,0.9724604610905657,90.7785714285714,TP,7235.0
2018-08-03,2018,"(0.5, 0.5)",-1,-0.49350649350648995,-22.199999999999818,T,7372.5
2018-08-03,2018,"(0.5, 0.75)",-1,-0.49350649350648995,-22.199999999999818,T,7372.5
2018-08-03,2018,"(0.5, 1.0)",-1,-0.49350649350648995,-22.199999999999818,T,7372.5
2018-08-03,2018,"(0.75, 0.5)",-1,-0.32900432900432663,-22.199999999999818,T,7372.5
2018-08-03,2018,"(0.75, 0.75)",-1,-0.32900432900432663,-22.199999999999818,T,7372.5
2018-08-03,2018,"(0.75, 1.0)",-1,-0.32900432900432663,-22.199999999999818,T,7372.5
2018-08-03,2018,"(1.0, 0.5)",-1,-0.24675324675324498,-22.199999999999818,T,7372.5
2018-08-03,2018,"(1.0, 0.75)",-1,-0.24675324675324498,-22.199999999999818,T,7372.5
2018-08-03,2018,"(1.0, 1.0)",-1,-0.24675324675324498,-22.199999999999818,T,7372.5
2018-08-06,2018,"(0.5, 0.5)",-1,-0.9260505404824929,-43.69999999999982,T,7394.8
2018-08-06,2018,"(0.5, 0.75)",-1,-0.9260505404824929,-43.69999999999982,T,7394.8
2018-08-06,2018,"(0.5, 1.0)",-1,-0.9260505404824929,-43.69999999999982,T,7394.8
2018-08-06,2018,"(0.75, 0.5)",-1,-0.6173670269883287,-43.69999999999982,T,7394.8
2018-08-06,2018,"(0.75, 0.75)",-1,-0.6173670269883287,-43.69999999999982,T,7394.8
2018-08-06,2018,"(0.75, 1.0)",-1,-0.6173670269883287,-43.69999999999982,T,7394.8
2018-08-06,2018,"(1.0, 0.5)",-1,-0.46302527024124646,-43.69999999999982,T,7394.8
2018-08-06,2018,"(1.0, 0.75)",-1,-0.46302527024124646,-43.69999999999982,T,7394.8
2018-08-06,2018,"(1.0, 1.0)",-1,-0.46302527024124646,-43.69999999999982,T,7394.8
2018-08-08,2018,"(0.5, 0.5)",-1,0.15168625057224527,9.599999999999454,T,7478.2
2018-08-08,2018,"(0.5, 0.75)",-1,0.15168625057224527,9.599999999999454,T,7478.2
2018-08-08,2018,"(0.5, 1.0)",-1,0.15168625057224527,9.599999999999454,T,7478.2
2018-08-08,2018,"(0.75, 0.5)",-1,0.10112416704816353,9.599999999999454,T,7478.2
2018-08-08,2018,"(0.75, 0.75)",-1,0.10112416704816353,9.599999999999454,T,7478.2
2018-08-08,2018,"(0.75, 1.0)",-1,0.10112416704816353,9.599999999999454,T,7478.2
2018-08-08,2018,"(1.0, 0.5)",-1,0.07584312528612264,9.599999999999454,T,7478.2
2018-08-08,2018,"(1.0, 0.75)",-1,0.07584312528612264,9.599999999999454,T,7478.2
2018-08-08,2018,"(1.0, 1.0)",-1,0.07584312528612264,9.599999999999454,T,7478.2
2018-08-08,2018,"(0.5, 0.5)",1,0.4230123607508049,22.300000000000182,T,7446.3
2018-08-08,2018,"(0.5, 0.75)",1,0.4230123607508049,22.300000000000182,T,7446.3
2018-08-08,2018,"(0.5, 1.0)",1,0.4230123607508049,22.300000000000182,T,7446.3
2018-08-08,2018,"(0.75, 0.5)",1,0.28200824050053663,22.300000000000182,T,7446.3
2018-08-08,2018,"(0.75, 0.75)",1,0.28200824050053663,22.300000000000182,T,7446.3
2018-08-08,2018,"(0.75, 1.0)",1,0.28200824050053663,22.300000000000182,T,7446.3
2018-08-08,2018,"(1.0, 0.5)",1,0.21150618037540245,22.300000000000182,T,7446.3
2018-08-08,2018,"(1.0, 0.75)",1,0.21150618037540245,22.300000000000182,T,7446.3
2018-08-08,2018,"(1.0, 1.0)",1,0.21150618037540245,22.300000000000182,T,7446.3
2018-08-13,2018,"(0.5, 0.5)",-1,0.6365092684415323,32.30000000000018,T,7432.7
2018-08-13,2018,"(0.5, 0.75)",-1,0.6365092684415323,32.30000000000018,T,7432.7
2018-08-13,2018,"(0.5, 1.0)",-1,0.6365092684415323,32.30000000000018,T,7432.7
2018-08-13,2018,"(0.75, 0.5)",-1,0.4243395122943549,32.30000000000018,T,7432.7
2018-08-13,2018,"(0.75, 0.75)",-1,0.4243395122943549,32.30000000000018,T,7432.7
2018-08-13,2018,"(0.75, 1.0)",-1,0.4243395122943549,32.30000000000018,T,7432.7
2018-08-13,2018,"(1.0, 0.5)",-1,0.31825463422076616,32.30000000000018,T,7432.7
2018-08-13,2018,"(1.0, 0.75)",-1,0.31825463422076616,32.30000000000018,T,7432.7
2018-08-13,2018,"(1.0, 1.0)",-1,0.31825463422076616,32.30000000000018,T,7432.7
2018-08-20,2018,"(0.5, 0.5)",-1,0.934780583247927,38.3321428571429,TP,7389.2
2018-08-20,2018,"(0.5, 0.75)",-1,0.4252305972235205,18.800000000000182,T,7389.2
2018-08-20,2018,"(0.5, 1.0)",-1,0.4252305972235205,18.800000000000182,T,7389.2
2018-08-20,2018,"(0.75, 0.5)",-1,0.623187055498618,38.3321428571429,TP,7389.2
2018-08-20,2018,"(0.75, 0.75)",-1,0.28348706481568037,18.800000000000182,T,7389.2
2018-08-20,2018,"(0.75, 1.0)",-1,0.28348706481568037,18.800000000000182,T,7389.2
2018-08-20,2018,"(1.0, 0.5)",-1,0.4673902916239635,38.3321428571429,TP,7389.2
2018-08-20,2018,"(1.0, 0.75)",-1,0.21261529861176026,18.800000000000182,T,7389.2
2018-08-20,2018,"(1.0, 1.0)",-1,0.21261529861176026,18.800000000000182,T,7389.2
2018-08-22,2018,"(0.5, 0.5)",1,0.9329309188464119,37.275000000000055,TP,7397.2
2018-08-22,2018,"(0.5, 0.75)",1,0.7028839704895984,28.699999999999818,T,7397.2
2018-08-22,2018,"(0.5, 1.0)",1,0.7028839704895984,28.699999999999818,T,7397.2
2018-08-22,2018,"(0.75, 0.5)",1,0.621953945897608,37.275000000000055,TP,7397.2
2018-08-22,2018,"(0.75, 0.75)",1,0.4685893136597323,28.699999999999818,T,7397.2
2018-08-22,2018,"(0.75, 1.0)",1,0.4685893136597323,28.699999999999818,T,7397.2
2018-08-22,2018,"(1.0, 0.5)",1,0.46646545942320594,37.275000000000055,TP,7397.2
2018-08-22,2018,"(1.0, 0.75)",1,0.3514419852447992,28.699999999999818,T,7397.2
2018-08-22,2018,"(1.0, 1.0)",1,0.3514419852447992,28.699999999999818,T,7397.2
2018-09-06,2018,"(0.5, 0.5)",1,-1.06998600279944,-35.72142857142863,SL,7498.9
2018-09-06,2018,"(0.5, 0.75)",1,-1.06998600279944,-35.72142857142863,SL,7498.9
2018-09-06,2018,"(0.5, 1.0)",1,-1.06998600279944,-35.72142857142863,SL,7498.9
2018-09-06,2018,"(0.75, 0.5)",1,-1.0466573351996267,-53.58214285714295,SL,7498.9
2018-09-06,2018,"(0.75, 0.75)",1,-1.0466573351996267,-53.58214285714295,SL,7498.9
2018-09-06,2018,"(0.75, 1.0)",1,-1.0466573351996267,-53.58214285714295,SL,7498.9
2018-09-06,2018,"(1.0, 0.5)",1,-1.03499300139972,-71.44285714285726,SL,7498.9
2018-09-06,2018,"(1.0, 0.75)",1,-1.03499300139972,-71.44285714285726,SL,7498.9
2018-09-06,2018,"(1.0, 1.0)",1,-1.03499300139972,-71.44285714285726,SL,7498.9
2018-09-07,2018,"(0.5, 0.5)",1,0.9338999055712938,37.82142857142863,TP,7418.0
2018-09-07,2018,"(0.5, 0.75)",1,1.4338999055712938,56.73214285714295,TP,7418.0
2018-09-07,2018,"(0.5, 1.0)",1,0.29612842304059905,13.699999999999818,T,7418.0
2018-09-07,2018,"(0.75, 0.5)",1,0.6225999370475293,37.82142857142863,TP,7418.0
2018-09-07,2018,"(0.75, 0.75)",1,0.9559332703808625,56.73214285714295,TP,7418.0
2018-09-07,2018,"(0.75, 1.0)",1,0.19741894869373272,13.699999999999818,T,7418.0
2018-09-07,2018,"(1.0, 0.5)",1,0.4669499527856469,37.82142857142863,TP,7418.0
2018-09-07,2018,"(1.0, 0.75)",1,0.7169499527856469,56.73214285714295,TP,7418.0
2018-09-07,2018,"(1.0, 1.0)",1,0.14806421152029953,13.699999999999818,T,7418.0
2018-09-11,2018,"(0.5, 0.5)",-1,-1.0651283959806475,-38.38571428571436,SL,7472.0
2018-09-11,2018,"(0.5, 0.75)",-1,-1.0651283959806475,-38.38571428571436,SL,7472.0
2018-09-11,2018,"(0.5, 1.0)",-1,-1.0651283959806475,-38.38571428571436,SL,7472.0
2018-09-11,2018,"(0.75, 0.5)",-1,-0.6773353181987334,-36.5,T,7472.0
2018-09-11,2018,"(0.75, 0.75)",-1,-0.6773353181987334,-36.5,T,7472.0
2018-09-11,2018,"(0.75, 1.0)",-1,-0.6773353181987334,-36.5,T,7472.0
2018-09-11,2018,"(1.0, 0.5)",-1,-0.50800148864905,-36.5,T,7472.0
2018-09-11,2018,"(1.0, 0.75)",-1,-0.50800148864905,-36.5,T,7472.0
2018-09-11,2018,"(1.0, 1.0)",-1,-0.50800148864905,-36.5,T,7472.0
2018-09-11,2018,"(0.5, 0.5)",1,0.9348716040193525,38.38571428571436,TP,7410.4
2018-09-11,2018,"(0.5, 0.75)",1,1.4348716040193525,57.578571428571536,TP,7410.4
2018-09-11,2018,"(0.5, 1.0)",1,1.9348716040193525,76.77142857142871,TP,7410.4
2018-09-11,2018,"(0.75, 0.5)",1,0.6232477360129017,38.38571428571436,TP,7410.4
2018-09-11,2018,"(0.75, 0.75)",1,0.956581069346235,57.578571428571536,TP,7410.4
2018-09-11,2018,"(0.75, 1.0)",1,1.2899144026795684,76.77142857142871,TP,7410.4
2018-09-11,2018,"(1.0, 0.5)",1,0.46743580200967627,38.38571428571436,TP,7410.4
2018-09-11,2018,"(1.0, 0.75)",1,0.7174358020096763,57.578571428571536,TP,7410.4
2018-09-11,2018,"(1.0, 1.0)",1,0.9674358020096763,76.77142857142871,TP,7410.4
2018-10-12,2018,"(0.5, 0.5)",-1,0.9608084653714798,63.789285714285725,TP,7114.7
2018-10-12,2018,"(0.5, 0.75)",-1,1.46080846537148,95.6839285714286,TP,7114.7
2018-10-12,2018,"(0.5, 1.0)",-1,-1.0391915346285203,-63.789285714285725,SL,7114.7
2018-10-12,2018,"(0.75, 0.5)",-1,0.6405389769143198,63.789285714285725,TP,7114.7
2018-10-12,2018,"(0.75, 0.75)",-1,0.9738723102476532,95.6839285714286,TP,7114.7
2018-10-12,2018,"(0.75, 1.0)",-1,-0.4880652445738367,-44.19999999999982,T,7114.7
2018-10-12,2018,"(1.0, 0.5)",-1,0.4804042326857399,63.789285714285725,TP,7114.7
2018-10-12,2018,"(1.0, 0.75)",-1,0.73040423268574,95.6839285714286,TP,7114.7
2018-10-12,2018,"(1.0, 1.0)",-1,-0.36604893343037753,-44.19999999999982,T,7114.7
2018-10-16,2018,"(0.5, 0.5)",-1,-1.0356560717196415,-70.11428571428571,SL,7144.0
2018-10-16,2018,"(0.5, 0.75)",-1,-1.0356560717196415,-70.11428571428571,SL,7144.0
2018-10-16,2018,"(0.5, 1.0)",-1,-1.0356560717196415,-70.11428571428571,SL,7144.0
2018-10-16,2018,"(0.75, 0.5)",-1,-1.023770714479761,-105.17142857142858,SL,7144.0
2018-10-16,2018,"(0.75, 0.75)",-1,-1.023770714479761,-105.17142857142858,SL,7144.0
2018-10-16,2018,"(0.75, 1.0)",-1,-1.023770714479761,-105.17142857142858,SL,7144.0
2018-10-16,2018,"(1.0, 0.5)",-1,-1.0178280358598206,-140.22857142857143,SL,7144.0
2018-10-16,2018,"(1.0, 0.75)",-1,-1.0178280358598206,-140.22857142857143,SL,7144.0
2018-10-16,2018,"(1.0, 1.0)",-1,-1.0178280358598206,-140.22857142857143,SL,7144.0
2018-10-17,2018,"(0.5, 0.5)",-1,0.9667252935304463,75.13214285714285,TP,7282.0
2018-10-17,2018,"(0.5, 0.75)",-1,0.0,2.5,T,7282.0
2018-10-17,2018,"(0.5, 1.0)",-1,0.0,2.5,T,7282.0
2018-10-17,2018,"(0.75, 0.5)",-1,0.6444835290202976,75.13214285714285,TP,7282.0
2018-10-17,2018,"(0.75, 0.75)",-1,0.0,2.5,T,7282.0
2018-10-17,2018,"(0.75, 1.0)",-1,0.0,2.5,T,7282.0
2018-10-17,2018,"(1.0, 0.5)",-1,0.48336264676522317,75.13214285714285,TP,7282.0
2018-10-17,2018,"(1.0, 0.75)",-1,0.0,2.5,T,7282.0
2018-10-17,2018,"(1.0, 1.0)",-1,0.0,2.5,T,7282.0
2018-10-18,2018,"(0.5, 0.5)",1,-1.0330048564288745,-75.7464285714286,SL,7217.2
2018-10-18,2018,"(0.5, 0.75)",1,-1.0330048564288745,-75.7464285714286,SL,7217.2
2018-10-18,2018,"(0.5, 1.0)",1,-1.0330048564288745,-75.7464285714286,SL,7217.2
2018-10-18,2018,"(0.75, 0.5)",1,-1.0220032376192496,-113.61964285714289,SL,7217.2
2018-10-18,2018,"(0.75, 0.75)",1,-1.0220032376192496,-113.61964285714289,SL,7217.2
2018-10-18,2018,"(0.75, 1.0)",1,-1.0220032376192496,-113.61964285714289,SL,7217.2
2018-10-18,2018,"(1.0, 0.5)",1,-0.7030034419350274,-104.0,T,7217.2
2018-10-18,2018,"(1.0, 0.75)",1,-0.7030034419350274,-104.0,T,7217.2
2018-10-18,2018,"(1.0, 1.0)",1,-0.7030034419350274,-104.0,T,7217.2
2018-10-19,2018,"(0.5, 0.5)",1,0.10731277533039424,11.199999999999818,T,7092.3
2018-10-19,2018,"(0.5, 0.75)",1,0.10731277533039424,11.199999999999818,T,7092.3
2018-10-19,2018,"(0.5, 1.0)",1,0.10731277533039424,11.199999999999818,T,7092.3
2018-10-19,2018,"(0.75, 0.5)",1,0.07154185022026283,11.199999999999818,T,7092.3
2018-10-19,2018,"(0.75, 0.75)",1,0.07154185022026283,11.199999999999818,T,7092.3
2018-10-19,2018,"(0.75, 1.0)",1,0.07154185022026283,11.199999999999818,T,7092.3
2018-10-19,2018,"(1.0, 0.5)",1,0.05365638766519712,11.199999999999818,T,7092.3
2018-10-19,2018,"(1.0, 0.75)",1,0.05365638766519712,11.199999999999818,T,7092.3
2018-10-19,2018,"(1.0, 1.0)",1,0.05365638766519712,11.199999999999818,T,7092.3
2018-10-24,2018,"(0.5, 0.5)",1,-1.0275341226448491,-90.79642857142855,SL,6930.9
2018-10-24,2018,"(0.5, 0.75)",1,-1.0275341226448491,-90.79642857142855,SL,6930.9
2018-10-24,2018,"(0.5, 1.0)",1,-1.0275341226448491,-90.79642857142855,SL,6930.9
2018-10-24,2018,"(0.75, 0.5)",1,-1.0183560817632327,-136.1946428571428,SL,6930.9
2018-10-24,2018,"(0.75, 0.75)",1,-1.0183560817632327,-136.1946428571428,SL,6930.9
2018-10-24,2018,"(0.75, 1.0)",1,-1.0183560817632327,-136.1946428571428,SL,6930.9
2018-10-24,2018,"(1.0, 0.5)",1,-0.8557605318019098,-152.89999999999964,T,6930.9
2018-10-24,2018,"(1.0, 0.75)",1,-0.8557605318019098,-152.89999999999964,T,6930.9
2018-10-24,2018,"(1.0, 1.0)",1,-0.8557605318019098,-152.89999999999964,T,6930.9
2018-11-01,2018,"(0.5, 0.5)",-1,-0.37559855690390803,-38.400000000000546,T,7027.9
2018-11-01,2018,"(0.5, 0.75)",-1,-0.37559855690390803,-38.400000000000546,T,7027.9
2018-11-01,2018,"(0.5, 1.0)",-1,-0.37559855690390803,-38.400000000000546,T,7027.9
2018-11-01,2018,"(0.75, 0.5)",-1,-0.2503990379359387,-38.400000000000546,T,7027.9
2018-11-01,2018,"(0.75, 0.75)",-1,-0.2503990379359387,-38.400000000000546,T,7027.9
2018-11-01,2018,"(0.75, 1.0)",-1,-0.2503990379359387,-38.400000000000546,T,7027.9
2018-11-01,2018,"(1.0, 0.5)",-1,-0.18779927845195402,-38.400000000000546,T,7027.9
2018-11-01,2018,"(1.0, 0.75)",-1,-0.18779927845195402,-38.400000000000546,T,7027.9
2018-11-01,2018,"(1.0, 1.0)",-1,-0.18779927845195402,-38.400000000000546,T,7027.9
2018-11-13,2018,"(0.5, 0.5)",1,-0.03167529395632825,-0.8000000000001819,T,6832.1
2018-11-13,2018,"(0.5, 0.75)",1,-0.03167529395632825,-0.8000000000001819,T,6832.1
2018-11-13,2018,"(0.5, 1.0)",1,-0.03167529395632825,-0.8000000000001819,T,6832.1
2018-11-13,2018,"(0.75, 0.5)",1,-0.021116862637552167,-0.8000000000001819,T,6832.1
2018-11-13,2018,"(0.75, 0.75)",1,-0.021116862637552167,-0.8000000000001819,T,6832.1
2018-11-13,2018,"(0.75, 1.0)",1,-0.021116862637552167,-0.8000000000001819,T,6832.1
2018-11-13,2018,"(1.0, 0.5)",1,-0.015837646978164126,-0.8000000000001819,T,6832.1
2018-11-13,2018,"(1.0, 0.75)",1,-0.015837646978164126,-0.8000000000001819,T,6832.1
2018-11-13,2018,"(1.0, 1.0)",1,-0.015837646978164126,-0.8000000000001819,T,6832.1
2018-11-15,2018,"(0.5, 0.5)",1,0.9731667113888144,93.1678571428571,TP,6759.6
2018-11-15,2018,"(0.5, 0.75)",1,1.4731667113888145,139.75178571428566,TP,6759.6
2018-11-15,2018,"(0.5, 1.0)",1,1.4049909916816772,133.39999999999964,T,6759.6
2018-11-15,2018,"(0.75, 0.5)",1,0.6487778075925429,93.1678571428571,TP,6759.6
2018-11-15,2018,"(0.75, 0.75)",1,0.9821111409258763,139.75178571428566,TP,6759.6
2018-11-15,2018,"(0.75, 1.0)",1,0.9366606611211181,133.39999999999964,T,6759.6
2018-11-15,2018,"(1.0, 0.5)",1,0.4865833556944072,93.1678571428571,TP,6759.6
2018-11-15,2018,"(1.0, 0.75)",1,0.7365833556944072,139.75178571428566,TP,6759.6
2018-11-15,2018,"(1.0, 1.0)",1,0.7024954958408386,133.39999999999964,T,6759.6
2018-11-29,2018,"(0.5, 0.5)",-1,0.2195889171370687,20.699999999999818,T,6913.8
2018-11-29,2018,"(0.5, 0.75)",-1,0.2195889171370687,20.699999999999818,T,6913.8
2018-11-29,2018,"(0.5, 1.0)",-1,0.2195889171370687,20.699999999999818,T,6913.8
2018-11-29,2018,"(0.75, 0.5)",-1,0.14639261142471247,20.699999999999818,T,6913.8
2018-11-29,2018,"(0.75, 0.75)",-1,0.14639261142471247,20.699999999999818,T,6913.8
2018-11-29,2018,"(0.75, 1.0)",-1,0.14639261142471247,20.699999999999818,T,6913.8
2018-11-29,2018,"(1.0, 0.5)",-1,0.10979445856853436,20.699999999999818,T,6913.8
2018-11-29,2018,"(1.0, 0.75)",-1,0.10979445856853436,20.699999999999818,T,6913.8
2018-11-29,2018,"(1.0, 1.0)",-1,0.10979445856853436,20.699999999999818,T,6913.8
2018-12-04,2018,"(0.5, 0.5)",1,-1.032073310423826,-77.94642857142854,SL,7011.7
2018-12-04,2018,"(0.5, 0.75)",1,-1.032073310423826,-77.94642857142854,SL,7011.7
2018-12-04,2018,"(0.5, 1.0)",1,-1.032073310423826,-77.94642857142854,SL,7011.7
2018-12-04,2018,"(0.75, 0.5)",1,-1.0213822069492173,-116.9196428571428,SL,7011.7
2018-12-04,2018,"(0.75, 0.75)",1,-1.0213822069492173,-116.9196428571428,SL,7011.7
2018-12-04,2018,"(0.75, 1.0)",1,-1.0213822069492173,-116.9196428571428,SL,7011.7
2018-12-04,2018,"(1.0, 0.5)",1,-1.0160366552119129,-155.89285714285708,SL,7011.7
2018-12-04,2018,"(1.0, 0.75)",1,-1.0160366552119129,-155.89285714285708,SL,7011.7
2018-12-04,2018,"(1.0, 1.0)",1,-1.0160366552119129,-155.89285714285708,SL,7011.7
2018-12-07,2018,"(0.5, 0.5)",-1,0.9696483545072193,82.36785714285709,TP,6831.1
2018-12-07,2018,"(0.5, 0.75)",-1,1.4696483545072194,123.55178571428564,TP,6831.1
2018-12-07,2018,"(0.5, 1.0)",-1,1.9696483545072194,164.73571428571418,TP,6831.1
2018-12-07,2018,"(0.75, 0.5)",-1,0.6464322363381462,82.36785714285709,TP,6831.1
2018-12-07,2018,"(0.75, 0.75)",-1,0.9797655696714795,123.55178571428564,TP,6831.1
2018-12-07,2018,"(0.75, 1.0)",-1,1.3130989030048128,164.73571428571418,TP,6831.1
2018-12-07,2018,"(1.0, 0.5)",-1,0.48482417725360966,82.36785714285709,TP,6831.1
2018-12-07,2018,"(1.0, 0.75)",-1,0.7348241772536097,123.55178571428564,TP,6831.1
2018-12-07,2018,"(1.0, 1.0)",-1,0.9848241772536097,164.73571428571418,TP,6831.1
2018-12-07,2018,"(0.5, 0.5)",1,-0.40064172050470476,-30.5,T,6641.6
2018-12-07,2018,"(0.5, 0.75)",1,-0.40064172050470476,-30.5,T,6641.6
2018-12-07,2018,"(0.5, 1.0)",1,-0.40064172050470476,-30.5,T,6641.6
2018-12-07,2018,"(0.75, 0.5)",1,-0.2670944803364698,-30.5,T,6641.6
2018-12-07,2018,"(0.75, 0.75)",1,-0.2670944803364698,-30.5,T,6641.6
2018-12-07,2018,"(0.75, 1.0)",1,-0.2670944803364698,-30.5,T,6641.6
2018-12-07,2018,"(1.0, 0.5)",1,-0.20032086025235238,-30.5,T,6641.6
2018-12-07,2018,"(1.0, 0.75)",1,-0.20032086025235238,-30.5,T,6641.6
2018-12-07,2018,"(1.0, 1.0)",1,-0.20032086025235238,-30.5,T,6641.6
2018-12-10,2018,"(0.5, 0.5)",1,0.9706079946254619,85.05714285714281,TP,6593.6
2018-12-10,2018,"(0.5, 0.75)",1,1.0099093046691263,88.39999999999964,T,6593.6
2018-12-10,2018,"(0.5, 1.0)",1,1.0099093046691263,88.39999999999964,T,6593.6
2018-12-10,2018,"(0.75, 0.5)",1,0.6470719964169747,85.05714285714281,TP,6593.6
2018-12-10,2018,"(0.75, 0.75)",1,0.6732728697794176,88.39999999999964,T,6593.6
2018-12-10,2018,"(0.75, 1.0)",1,0.6732728697794176,88.39999999999964,T,6593.6
2018-12-10,2018,"(1.0, 0.5)",1,0.48530399731273094,85.05714285714281,TP,6593.6
2018-12-10,2018,"(1.0, 0.75)",1,0.5049546523345632,88.39999999999964,T,6593.6
2018-12-10,2018,"(1.0, 1.0)",1,0.5049546523345632,88.39999999999964,T,6593.6
2018-12-12,2018,"(0.5, 0.5)",-1,0.3006978396222452,28.199999999999818,T,6791.8
2018-12-12,2018,"(0.5, 0.75)",-1,0.3006978396222452,28.199999999999818,T,6791.8
2018-12-12,2018,"(0.5, 1.0)",-1,0.3006978396222452,28.199999999999818,T,6791.8
2018-12-12,2018,"(0.75, 0.5)",-1,0.20046522641483017,28.199999999999818,T,6791.8
2018-12-12,2018,"(0.75, 0.75)",-1,0.20046522641483017,28.199999999999818,T,6791.8
2018-12-12,2018,"(0.75, 1.0)",-1,0.20046522641483017,28.199999999999818,T,6791.8
2018-12-12,2018,"(1.0, 0.5)",-1,0.1503489198111226,28.199999999999818,T,6791.8
2018-12-12,2018,"(1.0, 0.75)",-1,0.1503489198111226,28.199999999999818,T,6791.8
2018-12-12,2018,"(1.0, 1.0)",-1,0.1503489198111226,28.199999999999818,T,6791.8
2018-12-13,2018,"(0.5, 0.5)",1,-0.07994462709811828,-4.100000000000364,T,6767.5
2018-12-13,2018,"(0.5, 0.75)",1,-0.07994462709811828,-4.100000000000364,T,6767.5
2018-12-13,2018,"(0.5, 1.0)",1,-0.07994462709811828,-4.100000000000364,T,6767.5
2018-12-13,2018,"(0.75, 0.5)",1,-0.05329641806541219,-4.100000000000364,T,6767.5
2018-12-13,2018,"(0.75, 0.75)",1,-0.05329641806541219,-4.100000000000364,T,6767.5
2018-12-13,2018,"(0.75, 1.0)",1,-0.05329641806541219,-4.100000000000364,T,6767.5
2018-12-13,2018,"(1.0, 0.5)",1,-0.03997231354905914,-4.100000000000364,T,6767.5
2018-12-13,2018,"(1.0, 0.75)",1,-0.03997231354905914,-4.100000000000364,T,6767.5
2018-12-13,2018,"(1.0, 1.0)",1,-0.03997231354905914,-4.100000000000364,T,6767.5
2018-12-19,2018,"(0.5, 0.5)",-1,0.9710863279636514,86.46428571428568,TP,6549.2
2018-12-19,2018,"(0.5, 0.75)",-1,1.4710863279636515,129.69642857142853,TP,6549.2
2018-12-19,2018,"(0.5, 1.0)",-1,1.9710863279636515,172.92857142857136,TP,6549.2
2018-12-19,2018,"(0.75, 0.5)",-1,0.6473908853091008,86.46428571428568,TP,6549.2
2018-12-19,2018,"(0.75, 0.75)",-1,0.9807242186424342,129.69642857142853,TP,6549.2
2018-12-19,2018,"(0.75, 1.0)",-1,1.3140575519757676,172.92857142857136,TP,6549.2
2018-12-19,2018,"(1.0, 0.5)",-1,0.4855431639818257,86.46428571428568,TP,6549.2
2018-12-19,2018,"(1.0, 0.75)",-1,0.7355431639818257,129.69642857142853,TP,6549.2
2018-12-19,2018,"(1.0, 1.0)",-1,0.9855431639818257,172.92857142857136,TP,6549.2
2018-12-19,2018,"(0.5, 0.5)",1,-1.0289136720363485,-86.46428571428568,SL,6435.7
2018-12-19,2018,"(0.5, 0.75)",1,-1.0289136720363485,-86.46428571428568,SL,6435.7
2018-12-19,2018,"(0.5, 1.0)",1,-1.0289136720363485,-86.46428571428568,SL,6435.7
2018-12-19,2018,"(0.75, 0.5)",1,-1.0192757813575657,-129.69642857142853,SL,6435.7
2018-12-19,2018,"(0.75, 0.75)",1,-1.0192757813575657,-129.69642857142853,SL,6435.7
2018-12-19,2018,"(0.75, 1.0)",1,-1.0192757813575657,-129.69642857142853,SL,6435.7
2018-12-19,2018,"(1.0, 0.5)",1,-0.6019826517967752,-101.59999999999945,T,6435.7
2018-12-19,2018,"(1.0, 0.75)",1,-0.6019826517967752,-101.59999999999945,T,6435.7
2018-12-19,2018,"(1.0, 1.0)",1,-0.6019826517967752,-101.59999999999945,T,6435.7
2018-12-21,2018,"(0.5, 0.5)",1,-1.0266048420812588,-93.96785714285716,SL,6163.3
2018-12-21,2018,"(0.5, 0.75)",1,-1.0266048420812588,-93.96785714285716,SL,6163.3
2018-12-21,2018,"(0.5, 1.0)",1,-1.0266048420812588,-93.96785714285716,SL,6163.3
2018-12-21,2018,"(0.75, 0.5)",1,-1.0177365613875058,-140.95178571428573,SL,6163.3
2018-12-21,2018,"(0.75, 0.75)",1,-1.0177365613875058,-140.95178571428573,SL,6163.3
2018-12-21,2018,"(0.75, 1.0)",1,-1.0177365613875058,-140.95178571428573,SL,6163.3
2018-12-21,2018,"(1.0, 0.5)",1,-0.6486260499410921,-119.40000000000055,T,6163.3
2018-12-21,2018,"(1.0, 0.75)",1,-0.6486260499410921,-119.40000000000055,T,6163.3
2018-12-21,2018,"(1.0, 1.0)",1,-0.6486260499410921,-119.40000000000055,T,6163.3
2019-01-02,2019,"(0.5, 0.5)",-1,-0.02310728381772698,0.1999999999998181,T,6361.0
2019-01-02,2019,"(0.5, 0.75)",-1,-0.02310728381772698,0.1999999999998181,T,6361.0
2019-01-02,2019,"(0.5, 1.0)",-1,-0.02310728381772698,0.1999999999998181,T,6361.0
2019-01-02,2019,"(0.75, 0.5)",-1,-0.015404855878484652,0.1999999999998181,T,6361.0
2019-01-02,2019,"(0.75, 0.75)",-1,-0.015404855878484652,0.1999999999998181,T,6361.0
2019-01-02,2019,"(0.75, 1.0)",-1,-0.015404855878484652,0.1999999999998181,T,6361.0
2019-01-02,2019,"(1.0, 0.5)",-1,-0.01155364190886349,0.1999999999998181,T,6361.0
2019-01-02,2019,"(1.0, 0.75)",-1,-0.01155364190886349,0.1999999999998181,T,6361.0
2019-01-02,2019,"(1.0, 1.0)",-1,-0.01155364190886349,0.1999999999998181,T,6361.0
2019-01-22,2019,"(0.5, 0.5)",1,-1.0386804442725313,-64.63214285714285,SL,6726.7
2019-01-22,2019,"(0.5, 0.75)",1,-1.0386804442725313,-64.63214285714285,SL,6726.7
2019-01-22,2019,"(0.5, 1.0)",1,-1.0386804442725313,-64.63214285714285,SL,6726.7
2019-01-22,2019,"(0.75, 0.5)",1,-1.0257869628483542,-96.94821428571427,SL,6726.7
2019-01-22,2019,"(0.75, 0.75)",1,-1.0257869628483542,-96.94821428571427,SL,6726.7
2019-01-22,2019,"(0.75, 1.0)",1,-1.0257869628483542,-96.94821428571427,SL,6726.7
2019-01-22,2019,"(1.0, 0.5)",1,-0.5840747085152236,-73.0,T,6726.7
2019-01-22,2019,"(1.0, 0.75)",1,-0.5840747085152236,-73.0,T,6726.7
2019-01-22,2019,"(1.0, 1.0)",1,-0.5840747085152236,-73.0,T,6726.7
2019-02-06,2019,"(0.5, 0.5)",-1,0.9543825350276963,54.80357142857137,TP,7028.1
2019-02-06,2019,"(0.5, 0.75)",-1,0.4926686217008803,29.5,T,7028.1
2019-02-06,2019,"(0.5, 1.0)",-1,0.4926686217008803,29.5,T,7028.1
2019-02-06,2019,"(0.75, 0.5)",-1,0.6362550233517975,54.80357142857137,TP,7028.1
2019-02-06,2019,"(0.75, 0.75)",-1,0.3284457478005869,29.5,T,7028.1
2019-02-06,2019,"(0.75, 1.0)",-1,0.3284457478005869,29.5,T,7028.1
2019-02-06,2019,"(1.0, 0.5)",-1,0.47719126751384816,54.80357142857137,TP,7028.1
2019-02-06,2019,"(1.0, 0.75)",-1,0.24633431085044016,29.5,T,7028.1
2019-02-06,2019,"(1.0, 1.0)",-1,0.24633431085044016,29.5,T,7028.1
2019-02-08,2019,"(0.5, 0.5)",1,0.9039735099337723,53.19999999999982,T,6861.0
2019-02-08,2019,"(0.5, 0.75)",1,0.9039735099337723,53.19999999999982,T,6861.0
2019-02-08,2019,"(0.5, 1.0)",1,0.9039735099337723,53.19999999999982,T,6861.0
2019-02-08,2019,"(0.75, 0.5)",1,0.6026490066225149,53.19999999999982,T,6861.0
2019-02-08,2019,"(0.75, 0.75)",1,0.6026490066225149,53.19999999999982,T,6861.0
2019-02-08,2019,"(0.75, 1.0)",1,0.6026490066225149,53.19999999999982,T,6861.0
2019-02-08,2019,"(1.0, 0.5)",1,0.4519867549668862,53.19999999999982,T,6861.0
2019-02-08,2019,"(1.0, 0.75)",1,0.4519867549668862,53.19999999999982,T,6861.0
2019-02-08,2019,"(1.0, 1.0)",1,0.4519867549668862,53.19999999999982,T,6861.0
2019-02-12,2019,"(0.5, 0.5)",-1,-1.048712595685456,-51.32142857142854,SL,6957.7
2019-02-12,2019,"(0.5, 0.75)",-1,-1.048712595685456,-51.32142857142854,SL,6957.7
2019-02-12,2019,"(0.5, 1.0)",-1,-1.048712595685456,-51.32142857142854,SL,6957.7
2019-02-12,2019,"(0.75, 0.5)",-1,-0.7248434237995853,-53.30000000000018,T,6957.7
2019-02-12,2019,"(0.75, 0.75)",-1,-0.7248434237995853,-53.30000000000018,T,6957.7
2019-02-12,2019,"(0.75, 1.0)",-1,-0.7248434237995853,-53.30000000000018,T,6957.7
2019-02-12,2019,"(1.0, 0.5)",-1,-0.5436325678496889,-53.30000000000018,T,6957.7
2019-02-12,2019,"(1.0, 0.75)",-1,-0.5436325678496889,-53.30000000000018,T,6957.7
2019-02-12,2019,"(1.0, 1.0)",-1,-0.5436325678496889,-53.30000000000018,T,6957.7
2019-02-20,2019,"(0.5, 0.5)",1,0.4873000940733934,24.700000000000728,T,7038.4
2019-02-20,2019,"(0.5, 0.75)",1,0.4873000940733934,24.700000000000728,T,7038.4
2019-02-20,2019,"(0.5, 1.0)",1,0.4873000940733934,24.700000000000728,T,7038.4
2019-02-20,2019,"(0.75, 0.5)",1,0.32486672938226224,24.700000000000728,T,7038.4
2019-02-20,2019,"(0.75, 0.75)",1,0.32486672938226224,24.700000000000728,T,7038.4
2019-02-20,2019,"(0.75, 1.0)",1,0.32486672938226224,24.700000000000728,T,7038.4
2019-02-20,2019,"(1.0, 0.5)",1,0.2436500470366967,24.700000000000728,T,7038.4
2019-02-20,2019,"(1.0, 0.75)",1,0.2436500470366967,24.700000000000728,T,7038.4
2019-02-20,2019,"(1.0, 1.0)",1,0.2436500470366967,24.700000000000728,T,7038.4
2019-02-22,2019,"(0.5, 0.5)",-1,-1.0643974241030358,-38.82142857142854,SL,7054.3
2019-02-22,2019,"(0.5, 0.75)",-1,-1.0643974241030358,-38.82142857142854,SL,7054.3
2019-02-22,2019,"(0.5, 1.0)",-1,-1.0643974241030358,-38.82142857142854,SL,7054.3
2019-02-22,2019,"(0.75, 0.5)",-1,-0.6353879178166212,-34.5,T,7054.3
2019-02-22,2019,"(0.75, 0.75)",-1,-0.6353879178166212,-34.5,T,7054.3
2019-02-22,2019,"(0.75, 1.0)",-1,-0.6353879178166212,-34.5,T,7054.3
2019-02-22,2019,"(1.0, 0.5)",-1,-0.47654093836246586,-34.5,T,7054.3
2019-02-22,2019,"(1.0, 0.75)",-1,-0.47654093836246586,-34.5,T,7054.3
2019-02-22,2019,"(1.0, 1.0)",-1,-0.47654093836246586,-34.5,T,7054.3
2019-03-04,2019,"(0.5, 0.5)",1,0.9266093520654225,34.064285714285724,TP,7101.4
2019-03-04,2019,"(0.5, 0.75)",1,1.3856154330048438,49.70000000000073,T,7101.4
2019-03-04,2019,"(0.5, 1.0)",1,1.3856154330048438,49.70000000000073,T,7101.4
2019-03-04,2019,"(0.75, 0.5)",1,0.617739568043615,34.064285714285724,TP,7101.4
2019-03-04,2019,"(0.75, 0.75)",1,0.9237436220032291,49.70000000000073,T,7101.4
2019-03-04,2019,"(0.75, 1.0)",1,0.9237436220032291,49.70000000000073,T,7101.4
2019-03-04,2019,"(1.0, 0.5)",1,0.46330467603271125,34.064285714285724,TP,7101.4
2019-03-04,2019,"(1.0, 0.75)",1,0.6928077165024219,49.70000000000073,T,7101.4
2019-03-04,2019,"(1.0, 1.0)",1,0.6928077165024219,49.70000000000073,T,7101.4
2019-03-18,2019,"(0.5, 0.5)",-1,0.06746385864717153,5.200000000000728,T,7330.6
2019-03-18,2019,"(0.5, 0.75)",-1,0.06746385864717153,5.200000000000728,T,7330.6
2019-03-18,2019,"(0.5, 1.0)",-1,0.06746385864717153,5.200000000000728,T,7330.6
2019-03-18,2019,"(0.75, 0.5)",-1,0.04497590576478101,5.200000000000728,T,7330.6
2019-03-18,2019,"(0.75, 0.75)",-1,0.04497590576478101,5.200000000000728,T,7330.6
2019-03-18,2019,"(0.75, 1.0)",-1,0.04497590576478101,5.200000000000728,T,7330.6
2019-03-18,2019,"(1.0, 0.5)",-1,0.03373192932358576,5.200000000000728,T,7330.6
2019-03-18,2019,"(1.0, 0.75)",-1,0.03373192932358576,5.200000000000728,T,7330.6
2019-03-18,2019,"(1.0, 1.0)",-1,0.03373192932358576,5.200000000000728,T,7330.6
2019-03-20,2019,"(0.5, 0.5)",-1,-1.063354149696805,-39.460714285714275,SL,7381.8
2019-03-20,2019,"(0.5, 0.75)",-1,-1.063354149696805,-39.460714285714275,SL,7381.8
2019-03-20,2019,"(0.5, 1.0)",-1,-1.063354149696805,-39.460714285714275,SL,7381.8
2019-03-20,2019,"(0.75, 0.5)",-1,-0.021962771894895528,1.199999999999818,T,7381.8
2019-03-20,2019,"(0.75, 0.75)",-1,-0.021962771894895528,1.199999999999818,T,7381.8
2019-03-20,2019,"(0.75, 1.0)",-1,-0.021962771894895528,1.199999999999818,T,7381.8
2019-03-20,2019,"(1.0, 0.5)",-1,-0.016472078921171647,1.199999999999818,T,7381.8
2019-03-20,2019,"(1.0, 0.75)",-1,-0.016472078921171647,1.199999999999818,T,7381.8
2019-03-20,2019,"(1.0, 1.0)",-1,-0.016472078921171647,1.199999999999818,T,7381.8
2019-03-20,2019,"(0.5, 0.5)",1,0.9366458503031948,39.460714285714275,TP,7328.1
2019-03-20,2019,"(0.5, 0.75)",1,1.436645850303195,59.19107142857141,TP,7328.1
2019-03-20,2019,"(0.5, 1.0)",1,1.936645850303195,78.92142857142855,TP,7328.1
2019-03-20,2019,"(0.75, 0.5)",1,0.6244305668687966,39.460714285714275,TP,7328.1
2019-03-20,2019,"(0.75, 0.75)",1,0.9577639002021299,59.19107142857141,TP,7328.1
2019-03-20,2019,"(0.75, 1.0)",1,1.2910972335354631,78.92142857142855,TP,7328.1
2019-03-20,2019,"(1.0, 0.5)",1,0.4683229251515974,39.460714285714275,TP,7328.1
2019-03-20,2019,"(1.0, 0.75)",1,0.7183229251515975,59.19107142857141,TP,7328.1
2019-03-20,2019,"(1.0, 1.0)",1,0.9683229251515975,78.92142857142855,TP,7328.1
2019-03-21,2019,"(0.5, 0.5)",-1,-1.0601322910402886,-41.57499999999998,SL,7421.7
2019-03-21,2019,"(0.5, 0.75)",-1,-1.0601322910402886,-41.57499999999998,SL,7421.7
2019-03-21,2019,"(0.5, 1.0)",-1,-1.0601322910402886,-41.57499999999998,SL,7421.7
2019-03-21,2019,"(0.75, 0.5)",-1,-1.0400881940268591,-62.36249999999997,SL,7421.7
2019-03-21,2019,"(0.75, 0.75)",-1,-1.0400881940268591,-62.36249999999997,SL,7421.7
2019-03-21,2019,"(0.75, 1.0)",-1,-1.0400881940268591,-62.36249999999997,SL,7421.7
2019-03-21,2019,"(1.0, 0.5)",-1,-1.0300661455201443,-83.14999999999996,SL,7421.7
2019-03-21,2019,"(1.0, 0.75)",-1,-1.0300661455201443,-83.14999999999996,SL,7421.7
2019-03-21,2019,"(1.0, 1.0)",-1,-1.0300661455201443,-83.14999999999996,SL,7421.7
2019-04-02,2019,"(0.5, 0.5)",-1,-0.5170605669123827,-21.800000000000182,T,7477.7
2019-04-02,2019,"(0.5, 0.75)",-1,-0.5170605669123827,-21.800000000000182,T,7477.7
2019-04-02,2019,"(0.5, 1.0)",-1,-0.5170605669123827,-21.800000000000182,T,7477.7
2019-04-02,2019,"(0.75, 0.5)",-1,-0.34470704460825513,-21.800000000000182,T,7477.7
2019-04-02,2019,"(0.75, 0.75)",-1,-0.34470704460825513,-21.800000000000182,T,7477.7
2019-04-02,2019,"(0.75, 1.0)",-1,-0.34470704460825513,-21.800000000000182,T,7477.7
2019-04-02,2019,"(1.0, 0.5)",-1,-0.25853028345619133,-21.800000000000182,T,7477.7
2019-04-02,2019,"(1.0, 0.75)",-1,-0.25853028345619133,-21.800000000000182,T,7477.7
2019-04-02,2019,"(1.0, 1.0)",-1,-0.25853028345619133,-21.800000000000182,T,7477.7
2019-04-05,2019,"(0.5, 0.5)",-1,-0.37683350975351904,-15.300000000000182,T,7562.4
2019-04-05,2019,"(0.5, 0.75)",-1,-0.37683350975351904,-15.300000000000182,T,7562.4
2019-04-05,2019,"(0.5, 1.0)",-1,-0.37683350975351904,-15.300000000000182,T,7562.4
2019-04-05,2019,"(0.75, 0.5)",-1,-0.2512223398356794,-15.300000000000182,T,7562.4
2019-04-05,2019,"(0.75, 0.75)",-1,-0.2512223398356794,-15.300000000000182,T,7562.4
2019-04-05,2019,"(0.75, 1.0)",-1,-0.2512223398356794,-15.300000000000182,T,7562.4
2019-04-05,2019,"(1.0, 0.5)",-1,-0.18841675487675952,-15.300000000000182,T,7562.4
2019-04-05,2019,"(1.0, 0.75)",-1,-0.18841675487675952,-15.300000000000182,T,7562.4
2019-04-05,2019,"(1.0, 1.0)",-1,-0.18841675487675952,-15.300000000000182,T,7562.4
2019-04-08,2019,"(0.5, 0.5)",-1,-0.44522590016054137,-18.300000000000182,T,7581.3
2019-04-08,2019,"(0.5, 0.75)",-1,-0.44522590016054137,-18.300000000000182,T,7581.3
2019-04-08,2019,"(0.5, 1.0)",-1,-0.44522590016054137,-18.300000000000182,T,7581.3
2019-04-08,2019,"(0.75, 0.5)",-1,-0.2968172667736942,-18.300000000000182,T,7581.3
2019-04-08,2019,"(0.75, 0.75)",-1,-0.2968172667736942,-18.300000000000182,T,7581.3
2019-04-08,2019,"(0.75, 1.0)",-1,-0.2968172667736942,-18.300000000000182,T,7581.3
2019-04-08,2019,"(1.0, 0.5)",-1,-0.22261295008027068,-18.300000000000182,T,7581.3
2019-04-08,2019,"(1.0, 0.75)",-1,-0.22261295008027068,-18.300000000000182,T,7581.3
2019-04-08,2019,"(1.0, 1.0)",-1,-0.22261295008027068,-18.300000000000182,T,7581.3
2019-04-08,2019,"(0.5, 0.5)",1,0.94648727161532,46.71785714285722,TP,7551.2
2019-04-08,2019,"(0.5, 0.75)",1,0.9824936931427362,48.400000000000546,T,7551.2
2019-04-08,2019,"(0.5, 1.0)",1,0.9824936931427362,48.400000000000546,T,7551.2
2019-04-08,2019,"(0.75, 0.5)",1,0.6309915144102133,46.71785714285722,TP,7551.2
2019-04-08,2019,"(0.75, 0.75)",1,0.6549957954284907,48.400000000000546,T,7551.2
2019-04-08,2019,"(0.75, 1.0)",1,0.6549957954284907,48.400000000000546,T,7551.2
2019-04-08,2019,"(1.0, 0.5)",1,0.47324363580766,46.71785714285722,TP,7551.2
2019-04-08,2019,"(1.0, 0.75)",1,0.4912468465713681,48.400000000000546,T,7551.2
2019-04-08,2019,"(1.0, 1.0)",1,0.4912468465713681,48.400000000000546,T,7551.2
2019-04-12,2019,"(0.5, 0.5)",-1,-0.2726550079491303,-7.300000000000182,T,7620.8
2019-04-12,2019,"(0.5, 0.75)",-1,-0.2726550079491303,-7.300000000000182,T,7620.8
2019-04-12,2019,"(0.5, 1.0)",-1,-0.2726550079491303,-7.300000000000182,T,7620.8
2019-04-12,2019,"(0.75, 0.5)",-1,-0.1817700052994202,-7.300000000000182,T,7620.8
2019-04-12,2019,"(0.75, 0.75)",-1,-0.1817700052994202,-7.300000000000182,T,7620.8
2019-04-12,2019,"(0.75, 1.0)",-1,-0.1817700052994202,-7.300000000000182,T,7620.8
2019-04-12,2019,"(1.0, 0.5)",-1,-0.13632750397456514,-7.300000000000182,T,7620.8
2019-04-12,2019,"(1.0, 0.75)",-1,-0.13632750397456514,-7.300000000000182,T,7620.8
2019-04-12,2019,"(1.0, 1.0)",-1,-0.13632750397456514,-7.300000000000182,T,7620.8
2019-04-18,2019,"(0.5, 0.5)",1,0.9145924841386043,29.271428571428583,TP,7659.4
2019-04-18,2019,"(0.5, 0.75)",1,0.9428989751098217,30.100000000000364,T,7659.4
2019-04-18,2019,"(0.5, 1.0)",1,0.9428989751098217,30.100000000000364,T,7659.4
2019-04-18,2019,"(0.75, 0.5)",1,0.6097283227590695,29.271428571428583,TP,7659.4
2019-04-18,2019,"(0.75, 0.75)",1,0.6285993167398811,30.100000000000364,T,7659.4
2019-04-18,2019,"(0.75, 1.0)",1,0.6285993167398811,30.100000000000364,T,7659.4
2019-04-18,2019,"(1.0, 0.5)",1,0.45729624206930214,29.271428571428583,TP,7659.4
2019-04-18,2019,"(1.0, 0.75)",1,0.47144948755491084,30.100000000000364,T,7659.4
2019-04-18,2019,"(1.0, 1.0)",1,0.47144948755491084,30.100000000000364,T,7659.4
2019-04-24,2019,"(0.5, 0.5)",-1,0.915192633874485,29.478571428571417,TP,7813.4
2019-04-24,2019,"(0.5, 0.75)",-1,0.8921734916403924,28.799999999999272,T,7813.4
2019-04-24,2019,"(0.5, 1.0)",-1,0.8921734916403924,28.799999999999272,T,7813.4
2019-04-24,2019,"(0.75, 0.5)",-1,0.61012842258299,29.478571428571417,TP,7813.4
2019-04-24,2019,"(0.75, 0.75)",-1,0.5947823277602616,28.799999999999272,T,7813.4
2019-04-24,2019,"(0.75, 1.0)",-1,0.5947823277602616,28.799999999999272,T,7813.4
2019-04-24,2019,"(1.0, 0.5)",-1,0.4575963169372425,29.478571428571417,TP,7813.4
2019-04-24,2019,"(1.0, 0.75)",-1,0.4460867458201962,28.799999999999272,T,7813.4
2019-04-24,2019,"(1.0, 1.0)",-1,0.4460867458201962,28.799999999999272,T,7813.4
2019-04-25,2019,"(0.5, 0.5)",1,0.9099215030240636,27.753571428571377,TP,7785.9
2019-04-25,2019,"(0.5, 0.75)",1,1.4099215030240637,41.630357142857065,TP,7785.9
2019-04-25,2019,"(0.5, 1.0)",1,0.9656414875820442,29.300000000000182,T,7785.9
2019-04-25,2019,"(0.75, 0.5)",1,0.6066143353493758,27.753571428571377,TP,7785.9
2019-04-25,2019,"(0.75, 0.75)",1,0.9399476686827091,41.630357142857065,TP,7785.9
2019-04-25,2019,"(0.75, 1.0)",1,0.6437609917213628,29.300000000000182,T,7785.9
2019-04-25,2019,"(1.0, 0.5)",1,0.4549607515120318,27.753571428571377,TP,7785.9
2019-04-25,2019,"(1.0, 0.75)",1,0.7049607515120319,41.630357142857065,TP,7785.9
2019-04-25,2019,"(1.0, 1.0)",1,0.4828207437910221,29.300000000000182,T,7785.9
2019-05-14,2019,"(0.5, 0.5)",-1,0.4283450800415234,30.5,T,7431.7
2019-05-14,2019,"(0.5, 0.75)",-1,0.4283450800415234,30.5,T,7431.7
2019-05-14,2019,"(0.5, 1.0)",-1,0.4283450800415234,30.5,T,7431.7
2019-05-14,2019,"(0.75, 0.5)",-1,0.28556338669434894,30.5,T,7431.7
2019-05-14,2019,"(0.75, 0.75)",-1,0.28556338669434894,30.5,T,7431.7
2019-05-14,2019,"(0.75, 1.0)",-1,0.28556338669434894,30.5,T,7431.7
2019-05-14,2019,"(1.0, 0.5)",-1,0.2141725400207617,30.5,T,7431.7
2019-05-14,2019,"(1.0, 0.75)",-1,0.2141725400207617,30.5,T,7431.7
2019-05-14,2019,"(1.0, 1.0)",-1,0.2141725400207617,30.5,T,7431.7
2019-05-22,2019,"(0.5, 0.5)",1,-0.16283577956245274,-10.100000000000364,T,7430.6
2019-05-22,2019,"(0.5, 0.75)",1,-0.16283577956245274,-10.100000000000364,T,7430.6
2019-05-22,2019,"(0.5, 1.0)",1,-0.16283577956245274,-10.100000000000364,T,7430.6
2019-05-22,2019,"(0.75, 0.5)",1,-0.10855718637496849,-10.100000000000364,T,7430.6
2019-05-22,2019,"(0.75, 0.75)",1,-0.10855718637496849,-10.100000000000364,T,7430.6
2019-05-22,2019,"(0.75, 1.0)",1,-0.10855718637496849,-10.100000000000364,T,7430.6
2019-05-22,2019,"(1.0, 0.5)",1,-0.08141788978122637,-10.100000000000364,T,7430.6
2019-05-22,2019,"(1.0, 0.75)",1,-0.08141788978122637,-10.100000000000364,T,7430.6
2019-05-22,2019,"(1.0, 1.0)",1,-0.08141788978122637,-10.100000000000364,T,7430.6
2019-06-03,2019,"(0.5, 0.5)",1,-1.0401330122692352,-62.29285714285707,SL,7125.2
2019-06-03,2019,"(0.5, 0.75)",1,-1.0401330122692352,-62.29285714285707,SL,7125.2
2019-06-03,2019,"(0.5, 1.0)",1,-1.0401330122692352,-62.29285714285707,SL,7125.2
2019-06-03,2019,"(0.75, 0.5)",1,-1.0267553415128234,-93.4392857142856,SL,7125.2
2019-06-03,2019,"(0.75, 0.75)",1,-1.0267553415128234,-93.4392857142856,SL,7125.2
2019-06-03,2019,"(0.75, 1.0)",1,-1.0267553415128234,-93.4392857142856,SL,7125.2
2019-06-03,2019,"(1.0, 0.5)",1,-1.0200665061346177,-124.58571428571415,SL,7125.2
2019-06-03,2019,"(1.0, 0.75)",1,-1.0200665061346177,-124.58571428571415,SL,7125.2
2019-06-03,2019,"(1.0, 1.0)",1,-1.0200665061346177,-124.58571428571415,SL,7125.2
2019-06-04,2019,"(0.5, 0.5)",-1,-0.7275376396308928,-40.30000000000018,T,7125.9
2019-06-04,2019,"(0.5, 0.75)",-1,-0.7275376396308928,-40.30000000000018,T,7125.9
2019-06-04,2019,"(0.5, 1.0)",-1,-0.7275376396308928,-40.30000000000018,T,7125.9
2019-06-04,2019,"(0.75, 0.5)",-1,-0.4850250930872618,-40.30000000000018,T,7125.9
2019-06-04,2019,"(0.75, 0.75)",-1,-0.4850250930872618,-40.30000000000018,T,7125.9
2019-06-04,2019,"(0.75, 1.0)",-1,-0.4850250930872618,-40.30000000000018,T,7125.9
2019-06-04,2019,"(1.0, 0.5)",-1,-0.3637688198154464,-40.30000000000018,T,7125.9
2019-06-04,2019,"(1.0, 0.75)",-1,-0.3637688198154464,-40.30000000000018,T,7125.9
2019-06-04,2019,"(1.0, 1.0)",-1,-0.3637688198154464,-40.30000000000018,T,7125.9
2019-06-21,2019,"(0.5, 0.5)",-1,0.656072786190572,40.100000000000364,T,7766.1
2019-06-21,2019,"(0.5, 0.75)",-1,0.656072786190572,40.100000000000364,T,7766.1
2019-06-21,2019,"(0.5, 1.0)",-1,0.656072786190572,40.100000000000364,T,7766.1
2019-06-21,2019,"(0.75, 0.5)",-1,0.43738185746038133,40.100000000000364,T,7766.1
2019-06-21,2019,"(0.75, 0.75)",-1,0.43738185746038133,40.100000000000364,T,7766.1
2019-06-21,2019,"(0.75, 1.0)",-1,0.43738185746038133,40.100000000000364,T,7766.1
2019-06-21,2019,"(1.0, 0.5)",-1,0.328036393095286,40.100000000000364,T,7766.1
2019-06-21,2019,"(1.0, 0.75)",-1,0.328036393095286,40.100000000000364,T,7766.1
2019-06-21,2019,"(1.0, 1.0)",-1,0.328036393095286,40.100000000000364,T,7766.1
2019-07-09,2019,"(0.5, 0.5)",1,0.9432186891628814,44.02857142857153,TP,7761.6
2019-07-09,2019,"(0.5, 0.75)",1,1.4432186891628815,66.0428571428573,TP,7761.6
2019-07-09,2019,"(0.5, 1.0)",1,1.4149902660609794,64.79999999999927,T,7761.6
2019-07-09,2019,"(0.75, 0.5)",1,0.6288124594419209,44.02857142857153,TP,7761.6
2019-07-09,2019,"(0.75, 0.75)",1,0.9621457927752542,66.0428571428573,TP,7761.6
2019-07-09,2019,"(0.75, 1.0)",1,0.9433268440406529,64.79999999999927,T,7761.6
2019-07-09,2019,"(1.0, 0.5)",1,0.4716093445814407,44.02857142857153,TP,7761.6
2019-07-09,2019,"(1.0, 0.75)",1,0.7216093445814408,66.0428571428573,TP,7761.6
2019-07-09,2019,"(1.0, 1.0)",1,0.7074951330304897,64.79999999999927,T,7761.6
2019-07-11,2019,"(0.5, 0.5)",-1,0.9411715270190774,42.49642857142866,TP,7916.2
2019-07-11,2019,"(0.5, 0.75)",-1,0.41179931086645855,20.0,T,7916.2
2019-07-11,2019,"(0.5, 1.0)",-1,0.41179931086645855,20.0,T,7916.2
2019-07-11,2019,"(0.75, 0.5)",-1,0.6274476846793848,42.49642857142866,TP,7916.2
2019-07-11,2019,"(0.75, 0.75)",-1,0.2745328739109723,20.0,T,7916.2
2019-07-11,2019,"(0.75, 1.0)",-1,0.2745328739109723,20.0,T,7916.2
2019-07-11,2019,"(1.0, 0.5)",-1,0.4705857635095387,42.49642857142866,TP,7916.2
2019-07-11,2019,"(1.0, 0.75)",-1,0.20589965543322927,20.0,T,7916.2
2019-07-11,2019,"(1.0, 1.0)",-1,0.20589965543322927,20.0,T,7916.2
2019-07-12,2019,"(0.5, 0.5)",-1,-0.2721459629977105,-8.900000000000546,T,7933.7
2019-07-12,2019,"(0.5, 0.75)",-1,-0.2721459629977105,-8.900000000000546,T,7933.7
2019-07-12,2019,"(0.5, 1.0)",-1,-0.2721459629977105,-8.900000000000546,T,7933.7
2019-07-12,2019,"(0.75, 0.5)",-1,-0.18143064199847367,-8.900000000000546,T,7933.7
2019-07-12,2019,"(0.75, 0.75)",-1,-0.18143064199847367,-8.900000000000546,T,7933.7
2019-07-12,2019,"(0.75, 1.0)",-1,-0.18143064199847367,-8.900000000000546,T,7933.7
2019-07-12,2019,"(1.0, 0.5)",-1,-0.13607298149885524,-8.900000000000546,T,7933.7
2019-07-12,2019,"(1.0, 0.75)",-1,-0.13607298149885524,-8.900000000000546,T,7933.7
2019-07-12,2019,"(1.0, 1.0)",-1,-0.13607298149885524,-8.900000000000546,T,7933.7
2019-07-17,2019,"(0.5, 0.5)",1,-0.4541218637992912,-15.600000000000364,T,7902.5
2019-07-17,2019,"(0.5, 0.75)",1,-0.4541218637992912,-15.600000000000364,T,7902.5
2019-07-17,2019,"(0.5, 1.0)",1,-0.4541218637992912,-15.600000000000364,T,7902.5
2019-07-17,2019,"(0.75, 0.5)",1,-0.30274790919952743,-15.600000000000364,T,7902.5
2019-07-17,2019,"(0.75, 0.75)",1,-0.30274790919952743,-15.600000000000364,T,7902.5
2019-07-17,2019,"(0.75, 1.0)",1,-0.30274790919952743,-15.600000000000364,T,7902.5
2019-07-17,2019,"(1.0, 0.5)",1,-0.2270609318996456,-15.600000000000364,T,7902.5
2019-07-17,2019,"(1.0, 0.75)",1,-0.2270609318996456,-15.600000000000364,T,7902.5
2019-07-17,2019,"(1.0, 1.0)",1,-0.2270609318996456,-15.600000000000364,T,7902.5
2019-07-24,2019,"(0.5, 0.5)",-1,-1.0673789585138125,-37.10357142857151,SL,7953.6
2019-07-24,2019,"(0.5, 0.75)",-1,-1.0673789585138125,-37.10357142857151,SL,7953.6
2019-07-24,2019,"(0.5, 1.0)",-1,-1.0673789585138125,-37.10357142857151,SL,7953.6
2019-07-24,2019,"(0.75, 0.5)",-1,-1.044919305675875,-55.65535714285727,SL,7953.6
2019-07-24,2019,"(0.75, 0.75)",-1,-1.044919305675875,-55.65535714285727,SL,7953.6
2019-07-24,2019,"(0.75, 1.0)",-1,-1.044919305675875,-55.65535714285727,SL,7953.6
2019-07-24,2019,"(1.0, 0.5)",-1,-0.7815959187602254,-55.5,T,7953.6
2019-07-24,2019,"(1.0, 0.75)",-1,-0.7815959187602254,-55.5,T,7953.6
2019-07-24,2019,"(1.0, 1.0)",-1,-0.7815959187602254,-55.5,T,7953.6
2019-08-06,2019,"(0.5, 0.5)",-1,0.18309938553470315,14.100000000000364,T,7531.0
2019-08-06,2019,"(0.5, 0.75)",-1,0.18309938553470315,14.100000000000364,T,7531.0
2019-08-06,2019,"(0.5, 1.0)",-1,0.18309938553470315,14.100000000000364,T,7531.0
2019-08-06,2019,"(0.75, 0.5)",-1,0.12206625702313545,14.100000000000364,T,7531.0
2019-08-06,2019,"(0.75, 0.75)",-1,0.12206625702313545,14.100000000000364,T,7531.0
2019-08-06,2019,"(0.75, 1.0)",-1,0.12206625702313545,14.100000000000364,T,7531.0
2019-08-06,2019,"(1.0, 0.5)",-1,0.09154969276735157,14.100000000000364,T,7531.0
2019-08-06,2019,"(1.0, 0.75)",-1,0.09154969276735157,14.100000000000364,T,7531.0
2019-08-06,2019,"(1.0, 1.0)",-1,0.09154969276735157,14.100000000000364,T,7531.0
2019-08-07,2019,"(0.5, 0.5)",-1,-0.2652519893899202,-15.0,T,7534.2
2019-08-07,2019,"(0.5, 0.75)",-1,-0.2652519893899202,-15.0,T,7534.2
2019-08-07,2019,"(0.5, 1.0)",-1,-0.2652519893899202,-15.0,T,7534.2
2019-08-07,2019,"(0.75, 0.5)",-1,-0.17683465959328012,-15.0,T,7534.2
2019-08-07,2019,"(0.75, 0.75)",-1,-0.17683465959328012,-15.0,T,7534.2
2019-08-07,2019,"(0.75, 1.0)",-1,-0.17683465959328012,-15.0,T,7534.2
2019-08-07,2019,"(1.0, 0.5)",-1,-0.1326259946949601,-15.0,T,7534.2
2019-08-07,2019,"(1.0, 0.75)",-1,-0.1326259946949601,-15.0,T,7534.2
2019-08-07,2019,"(1.0, 1.0)",-1,-0.1326259946949601,-15.0,T,7534.2
2019-08-20,2019,"(0.5, 0.5)",1,-0.29451786971142174,-24.399999999999636,T,7689.9
2019-08-20,2019,"(0.5, 0.75)",1,-0.29451786971142174,-24.399999999999636,T,7689.9
2019-08-20,2019,"(0.5, 1.0)",1,-0.29451786971142174,-24.399999999999636,T,7689.9
2019-08-20,2019,"(0.75, 0.5)",1,-0.19634524647428114,-24.399999999999636,T,7689.9
2019-08-20,2019,"(0.75, 0.75)",1,-0.19634524647428114,-24.399999999999636,T,7689.9
2019-08-20,2019,"(0.75, 1.0)",1,-0.19634524647428114,-24.399999999999636,T,7689.9
2019-08-20,2019,"(1.0, 0.5)",1,-0.14725893485571087,-24.399999999999636,T,7689.9
2019-08-20,2019,"(1.0, 0.75)",1,-0.14725893485571087,-24.399999999999636,T,7689.9
2019-08-20,2019,"(1.0, 1.0)",1,-0.14725893485571087,-24.399999999999636,T,7689.9
2019-08-21,2019,"(0.5, 0.5)",-1,-0.08574739281576532,-4.900000000000546,T,7726.9
2019-08-21,2019,"(0.5, 0.75)",-1,-0.08574739281576532,-4.900000000000546,T,7726.9
2019-08-21,2019,"(0.5, 1.0)",-1,-0.08574739281576532,-4.900000000000546,T,7726.9
2019-08-21,2019,"(0.75, 0.5)",-1,-0.05716492854384354,-4.900000000000546,T,7726.9
2019-08-21,2019,"(0.75, 0.75)",-1,-0.05716492854384354,-4.900000000000546,T,7726.9
2019-08-21,2019,"(0.75, 1.0)",-1,-0.05716492854384354,-4.900000000000546,T,7726.9
2019-08-21,2019,"(1.0, 0.5)",-1,-0.04287369640788266,-4.900000000000546,T,7726.9
2019-08-21,2019,"(1.0, 0.75)",-1,-0.04287369640788266,-4.900000000000546,T,7726.9
2019-08-21,2019,"(1.0, 1.0)",-1,-0.04287369640788266,-4.900000000000546,T,7726.9
2019-08-22,2019,"(0.5, 0.5)",-1,0.9691629955947136,81.07142857142854,TP,7750.2
2019-08-22,2019,"(0.5, 0.75)",-1,0.48599118942730846,41.899999999999636,T,7750.2
2019-08-22,2019,"(0.5, 1.0)",-1,0.48599118942730846,41.899999999999636,T,7750.2
2019-08-22,2019,"(0.75, 0.5)",-1,0.6461086637298091,81.07142857142854,TP,7750.2
2019-08-22,2019,"(0.75, 0.75)",-1,0.32399412628487234,41.899999999999636,T,7750.2
2019-08-22,2019,"(0.75, 1.0)",-1,0.32399412628487234,41.899999999999636,T,7750.2
2019-08-22,2019,"(1.0, 0.5)",-1,0.4845814977973568,81.07142857142854,TP,7750.2
2019-08-22,2019,"(1.0, 0.75)",-1,0.24299559471365423,41.899999999999636,T,7750.2
2019-08-22,2019,"(1.0, 1.0)",-1,0.24299559471365423,41.899999999999636,T,7750.2
2019-08-30,2019,"(0.5, 0.5)",1,0.3692492132474101,28.899999999999636,T,7654.0
2019-08-30,2019,"(0.5, 0.75)",1,0.3692492132474101,28.899999999999636,T,7654.0
2019-08-30,2019,"(0.5, 1.0)",1,0.3692492132474101,28.899999999999636,T,7654.0
2019-08-30,2019,"(0.75, 0.5)",1,0.24616614216494007,28.899999999999636,T,7654.0
2019-08-30,2019,"(0.75, 0.75)",1,0.24616614216494007,28.899999999999636,T,7654.0
2019-08-30,2019,"(0.75, 1.0)",1,0.24616614216494007,28.899999999999636,T,7654.0
2019-08-30,2019,"(1.0, 0.5)",1,0.18462460662370506,28.899999999999636,T,7654.0
2019-08-30,2019,"(1.0, 0.75)",1,0.18462460662370506,28.899999999999636,T,7654.0
2019-08-30,2019,"(1.0, 1.0)",1,0.18462460662370506,28.899999999999636,T,7654.0
2019-09-03,2019,"(0.5, 0.5)",1,-0.49753347427766326,-32.80000000000018,T,7642.3
2019-09-03,2019,"(0.5, 0.75)",1,-0.49753347427766326,-32.80000000000018,T,7642.3
2019-09-03,2019,"(0.5, 1.0)",1,-0.49753347427766326,-32.80000000000018,T,7642.3
2019-09-03,2019,"(0.75, 0.5)",1,-0.3316889828517755,-32.80000000000018,T,7642.3
2019-09-03,2019,"(0.75, 0.75)",1,-0.3316889828517755,-32.80000000000018,T,7642.3
2019-09-03,2019,"(0.75, 1.0)",1,-0.3316889828517755,-32.80000000000018,T,7642.3
2019-09-03,2019,"(1.0, 0.5)",1,-0.24876673713883163,-32.80000000000018,T,7642.3
2019-09-03,2019,"(1.0, 0.75)",1,-0.24876673713883163,-32.80000000000018,T,7642.3
2019-09-03,2019,"(1.0, 1.0)",1,-0.24876673713883163,-32.80000000000018,T,7642.3
2019-09-09,2019,"(0.5, 0.5)",-1,0.9583482089729859,60.02142857142859,TP,7867.1
2019-09-09,2019,"(0.5, 0.75)",-1,0.5298107818636231,34.30000000000018,T,7867.1
2019-09-09,2019,"(0.5, 1.0)",-1,0.5298107818636231,34.30000000000018,T,7867.1
2019-09-09,2019,"(0.75, 0.5)",-1,0.6388988059819907,60.02142857142859,TP,7867.1
2019-09-09,2019,"(0.75, 0.75)",-1,0.35320718790908207,34.30000000000018,T,7867.1
2019-09-09,2019,"(0.75, 1.0)",-1,0.35320718790908207,34.30000000000018,T,7867.1
2019-09-09,2019,"(1.0, 0.5)",-1,0.47917410448649295,60.02142857142859,TP,7867.1
2019-09-09,2019,"(1.0, 0.75)",-1,0.26490539093181154,34.30000000000018,T,7867.1
2019-09-09,2019,"(1.0, 1.0)",-1,0.26490539093181154,34.30000000000018,T,7867.1
2019-09-17,2019,"(0.5, 0.5)",-1,-0.6331499208562591,-27.5,T,7861.1
2019-09-17,2019,"(0.5, 0.75)",-1,-0.6331499208562591,-27.5,T,7861.1
2019-09-17,2019,"(0.5, 1.0)",-1,-0.6331499208562591,-27.5,T,7861.1
2019-09-17,2019,"(0.75, 0.5)",-1,-0.4220999472375061,-27.5,T,7861.1
2019-09-17,2019,"(0.75, 0.75)",-1,-0.4220999472375061,-27.5,T,7861.1
2019-09-17,2019,"(0.75, 1.0)",-1,-0.4220999472375061,-27.5,T,7861.1
2019-09-17,2019,"(1.0, 0.5)",-1,-0.31657496042812955,-27.5,T,7861.1
2019-09-17,2019,"(1.0, 0.75)",-1,-0.31657496042812955,-27.5,T,7861.1
2019-09-17,2019,"(1.0, 1.0)",-1,-0.31657496042812955,-27.5,T,7861.1
2019-09-18,2019,"(0.5, 0.5)",1,-1.055109431585577,-45.36428571428577,SL,7841.8
2019-09-18,2019,"(0.5, 0.75)",1,-1.055109431585577,-45.36428571428577,SL,7841.8
2019-09-18,2019,"(0.5, 1.0)",1,-1.055109431585577,-45.36428571428577,SL,7841.8
2019-09-18,2019,"(0.75, 0.5)",1,0.6299270456096152,45.36428571428577,TP,7841.8
2019-09-18,2019,"(0.75, 0.75)",1,0.6348606518658444,45.69999999999982,T,7841.8
2019-09-18,2019,"(0.75, 1.0)",1,0.6348606518658444,45.69999999999982,T,7841.8
2019-09-18,2019,"(1.0, 0.5)",1,0.4724452842072115,45.36428571428577,TP,7841.8
2019-09-18,2019,"(1.0, 0.75)",1,0.47614548889938335,45.69999999999982,T,7841.8
2019-09-18,2019,"(1.0, 1.0)",1,0.47614548889938335,45.69999999999982,T,7841.8
2019-09-20,2019,"(0.5, 0.5)",1,-1.0582896161212423,-42.8892857142858,SL,7883.4
2019-09-20,2019,"(0.5, 0.75)",1,-1.0582896161212423,-42.8892857142858,SL,7883.4
2019-09-20,2019,"(0.5, 1.0)",1,-1.0582896161212423,-42.8892857142858,SL,7883.4
2019-09-20,2019,"(0.75, 0.5)",1,-1.0388597440808283,-64.3339285714287,SL,7883.4
2019-09-20,2019,"(0.75, 0.75)",1,-1.0388597440808283,-64.3339285714287,SL,7883.4
2019-09-20,2019,"(0.75, 1.0)",1,-1.0388597440808283,-64.3339285714287,SL,7883.4
2019-09-20,2019,"(1.0, 0.5)",1,-1.0291448080606211,-85.7785714285716,SL,7883.4
2019-09-20,2019,"(1.0, 0.75)",1,-1.0291448080606211,-85.7785714285716,SL,7883.4
2019-09-20,2019,"(1.0, 1.0)",1,-1.0291448080606211,-85.7785714285716,SL,7883.4
2019-09-23,2019,"(0.5, 0.5)",1,0.9429177199706434,43.79642857142864,TP,7792.1
2019-09-23,2019,"(0.5, 0.75)",1,0.5525564706841669,26.699999999999818,T,7792.1
2019-09-23,2019,"(0.5, 1.0)",1,0.5525564706841669,26.699999999999818,T,7792.1
2019-09-23,2019,"(0.75, 0.5)",1,0.6286118133137623,43.79642857142864,TP,7792.1
2019-09-23,2019,"(0.75, 0.75)",1,0.3683709804561112,26.699999999999818,T,7792.1
2019-09-23,2019,"(0.75, 1.0)",1,0.3683709804561112,26.699999999999818,T,7792.1
2019-09-23,2019,"(1.0, 0.5)",1,0.4714588599853217,43.79642857142864,TP,7792.1
2019-09-23,2019,"(1.0, 0.75)",1,0.27627823534208346,26.699999999999818,T,7792.1
2019-09-23,2019,"(1.0, 1.0)",1,0.27627823534208346,26.699999999999818,T,7792.1
2019-09-25,2019,"(0.5, 0.5)",1,0.9442985597199014,44.882142857142945,TP,7687.1
2019-09-25,2019,"(0.5, 0.75)",1,1.4442985597199014,67.32321428571441,TP,7687.1
2019-09-25,2019,"(0.5, 1.0)",1,1.9442985597199014,89.76428571428589,TP,7687.1
2019-09-25,2019,"(0.75, 0.5)",1,0.629532373146601,44.882142857142945,TP,7687.1
2019-09-25,2019,"(0.75, 0.75)",1,0.9628657064799343,67.32321428571441,TP,7687.1
2019-09-25,2019,"(0.75, 1.0)",1,1.2961990398132677,89.76428571428589,TP,7687.1
2019-09-25,2019,"(1.0, 0.5)",1,0.4721492798599507,44.882142857142945,TP,7687.1
2019-09-25,2019,"(1.0, 0.75)",1,0.7221492798599507,67.32321428571441,TP,7687.1
2019-09-25,2019,"(1.0, 1.0)",1,0.9721492798599507,89.76428571428589,TP,7687.1
2019-09-27,2019,"(0.5, 0.5)",1,-1.0529701097237987,-47.19642857142867,SL,7717.7
2019-09-27,2019,"(0.5, 0.75)",1,-1.0529701097237987,-47.19642857142867,SL,7717.7
2019-09-27,2019,"(0.5, 1.0)",1,-1.0529701097237987,-47.19642857142867,SL,7717.7
2019-09-27,2019,"(0.75, 0.5)",1,-1.0353134064825325,-70.794642857143,SL,7717.7
2019-09-27,2019,"(0.75, 0.75)",1,-1.0353134064825325,-70.794642857143,SL,7717.7
2019-09-27,2019,"(0.75, 1.0)",1,-1.0353134064825325,-70.794642857143,SL,7717.7
2019-09-27,2019,"(1.0, 0.5)",1,-1.0264850548618993,-94.39285714285734,SL,7717.7
2019-09-27,2019,"(1.0, 0.75)",1,-1.0264850548618993,-94.39285714285734,SL,7717.7
2019-09-27,2019,"(1.0, 1.0)",1,-1.0264850548618993,-94.39285714285734,SL,7717.7
2019-10-07,2019,"(0.5, 0.5)",-1,0.5380278448970279,35.900000000000546,T,7757.6
2019-10-07,2019,"(0.5, 0.75)",-1,0.5380278448970279,35.900000000000546,T,7757.6
2019-10-07,2019,"(0.5, 1.0)",-1,0.5380278448970279,35.900000000000546,T,7757.6
2019-10-07,2019,"(0.75, 0.5)",-1,0.35868522993135193,35.900000000000546,T,7757.6
2019-10-07,2019,"(0.75, 0.75)",-1,0.35868522993135193,35.900000000000546,T,7757.6
2019-10-07,2019,"(0.75, 1.0)",-1,0.35868522993135193,35.900000000000546,T,7757.6
2019-10-07,2019,"(1.0, 0.5)",-1,0.26901392244851396,35.900000000000546,T,7757.6
2019-10-07,2019,"(1.0, 0.75)",-1,0.26901392244851396,35.900000000000546,T,7757.6
2019-10-07,2019,"(1.0, 1.0)",-1,0.26901392244851396,35.900000000000546,T,7757.6
2019-10-14,2019,"(0.5, 0.5)",1,0.03842702560042757,5.100000000000364,T,7836.4
2019-10-14,2019,"(0.5, 0.75)",1,0.03842702560042757,5.100000000000364,T,7836.4
2019-10-14,2019,"(0.5, 1.0)",1,0.03842702560042757,5.100000000000364,T,7836.4
2019-10-14,2019,"(0.75, 0.5)",1,0.02561801706695172,5.100000000000364,T,7836.4
2019-10-14,2019,"(0.75, 0.75)",1,0.02561801706695172,5.100000000000364,T,7836.4
2019-10-14,2019,"(0.75, 1.0)",1,0.02561801706695172,5.100000000000364,T,7836.4
2019-10-14,2019,"(1.0, 0.5)",1,0.019213512800213786,5.100000000000364,T,7836.4
2019-10-14,2019,"(1.0, 0.75)",1,0.019213512800213786,5.100000000000364,T,7836.4
2019-10-14,2019,"(1.0, 1.0)",1,0.019213512800213786,5.100000000000364,T,7836.4
2019-10-18,2019,"(0.5, 0.5)",1,-1.0453074433656957,-55.17857142857152,SL,7915.4
2019-10-18,2019,"(0.5, 0.75)",1,-1.0453074433656957,-55.17857142857152,SL,7915.4
2019-10-18,2019,"(0.5, 1.0)",1,-1.0453074433656957,-55.17857142857152,SL,7915.4
2019-10-18,2019,"(0.75, 0.5)",1,-1.0302049622437972,-82.76785714285728,SL,7915.4
2019-10-18,2019,"(0.75, 0.75)",1,-1.0302049622437972,-82.76785714285728,SL,7915.4
2019-10-18,2019,"(0.75, 1.0)",1,-1.0302049622437972,-82.76785714285728,SL,7915.4
2019-10-18,2019,"(1.0, 0.5)",1,-0.4802588996763746,-50.5,T,7915.4
2019-10-18,2019,"(1.0, 0.75)",1,-0.4802588996763746,-50.5,T,7915.4
2019-10-18,2019,"(1.0, 1.0)",1,-0.4802588996763746,-50.5,T,7915.4
2019-10-22,2019,"(0.5, 0.5)",1,-0.26707292839636276,-11.899999999999636,T,7886.9
2019-10-22,2019,"(0.5, 0.75)",1,-0.26707292839636276,-11.899999999999636,T,7886.9
2019-10-22,2019,"(0.5, 1.0)",1,-0.26707292839636276,-11.899999999999636,T,7886.9
2019-10-22,2019,"(0.75, 0.5)",1,-0.1780486189309085,-11.899999999999636,T,7886.9
2019-10-22,2019,"(0.75, 0.75)",1,-0.1780486189309085,-11.899999999999636,T,7886.9
2019-10-22,2019,"(0.75, 1.0)",1,-0.1780486189309085,-11.899999999999636,T,7886.9
2019-10-22,2019,"(1.0, 0.5)",1,-0.13353646419818138,-11.899999999999636,T,7886.9
2019-10-22,2019,"(1.0, 0.75)",1,-0.13353646419818138,-11.899999999999636,T,7886.9
2019-10-22,2019,"(1.0, 1.0)",1,-0.13353646419818138,-11.899999999999636,T,7886.9
2019-11-05,2019,"(0.5, 0.5)",-1,0.23996391520072152,12.0,T,8222.8
2019-11-05,2019,"(0.5, 0.75)",-1,0.23996391520072152,12.0,T,8222.8
2019-11-05,2019,"(0.5, 1.0)",-1,0.23996391520072152,12.0,T,8222.8
2019-11-05,2019,"(0.75, 0.5)",-1,0.1599759434671477,12.0,T,8222.8
2019-11-05,2019,"(0.75, 0.75)",-1,0.1599759434671477,12.0,T,8222.8
2019-11-05,2019,"(0.75, 1.0)",-1,0.1599759434671477,12.0,T,8222.8
2019-11-05,2019,"(1.0, 0.5)",-1,0.11998195760036076,12.0,T,8222.8
2019-11-05,2019,"(1.0, 0.75)",-1,0.11998195760036076,12.0,T,8222.8
2019-11-05,2019,"(1.0, 1.0)",-1,0.11998195760036076,12.0,T,8222.8
2019-11-05,2019,"(0.5, 0.5)",1,0.22733423545331513,11.5,T,8199.3
2019-11-05,2019,"(0.5, 0.75)",1,0.22733423545331513,11.5,T,8199.3
2019-11-05,2019,"(0.5, 1.0)",1,0.22733423545331513,11.5,T,8199.3
2019-11-05,2019,"(0.75, 0.5)",1,0.15155615696887675,11.5,T,8199.3
2019-11-05,2019,"(0.75, 0.75)",1,0.15155615696887675,11.5,T,8199.3
2019-11-05,2019,"(0.75, 1.0)",1,0.15155615696887675,11.5,T,8199.3
2019-11-05,2019,"(1.0, 0.5)",1,0.11366711772665757,11.5,T,8199.3
2019-11-05,2019,"(1.0, 0.75)",1,0.11366711772665757,11.5,T,8199.3
2019-11-05,2019,"(1.0, 1.0)",1,0.11366711772665757,11.5,T,8199.3
2019-11-08,2019,"(0.5, 0.5)",1,0.9330655957161981,37.34999999999997,TP,8198.5
2019-11-08,2019,"(0.5, 0.75)",1,1.4330655957161982,56.02499999999996,TP,8198.5
2019-11-08,2019,"(0.5, 1.0)",1,1.4431057563587597,56.399999999999636,T,8198.5
2019-11-08,2019,"(0.75, 0.5)",1,0.6220437304774653,37.34999999999997,TP,8198.5
2019-11-08,2019,"(0.75, 0.75)",1,0.9553770638107987,56.02499999999996,TP,8198.5
2019-11-08,2019,"(0.75, 1.0)",1,0.9620705042391731,56.399999999999636,T,8198.5
2019-11-08,2019,"(1.0, 0.5)",1,0.46653279785809904,37.34999999999997,TP,8198.5
2019-11-08,2019,"(1.0, 0.75)",1,0.7165327978580991,56.02499999999996,TP,8198.5
2019-11-08,2019,"(1.0, 1.0)",1,0.7215528781793799,56.399999999999636,T,8198.5
2019-11-13,2019,"(0.5, 0.5)",1,0.30324909747290435,13.299999999999272,T,8245.2
2019-11-13,2019,"(0.5, 0.75)",1,0.30324909747290435,13.299999999999272,T,8245.2
2019-11-13,2019,"(0.5, 1.0)",1,0.30324909747290435,13.299999999999272,T,8245.2
2019-11-13,2019,"(0.75, 0.5)",1,0.20216606498193623,13.299999999999272,T,8245.2
2019-11-13,2019,"(0.75, 0.75)",1,0.20216606498193623,13.299999999999272,T,8245.2
2019-11-13,2019,"(0.75, 1.0)",1,0.20216606498193623,13.299999999999272,T,8245.2
2019-11-13,2019,"(1.0, 0.5)",1,0.15162454873645217,13.299999999999272,T,8245.2
2019-11-13,2019,"(1.0, 0.75)",1,0.15162454873645217,13.299999999999272,T,8245.2
2019-11-13,2019,"(1.0, 1.0)",1,0.15162454873645217,13.299999999999272,T,8245.2
2019-11-14,2019,"(0.5, 0.5)",1,0.4291970802919928,17.200000000000728,T,8241.9
2019-11-14,2019,"(0.5, 0.75)",1,0.4291970802919928,17.200000000000728,T,8241.9
2019-11-14,2019,"(0.5, 1.0)",1,0.4291970802919928,17.200000000000728,T,8241.9
2019-11-14,2019,"(0.75, 0.5)",1,0.2861313868613286,17.200000000000728,T,8241.9
2019-11-14,2019,"(0.75, 0.75)",1,0.2861313868613286,17.200000000000728,T,8241.9
2019-11-14,2019,"(0.75, 1.0)",1,0.2861313868613286,17.200000000000728,T,8241.9
2019-11-14,2019,"(1.0, 0.5)",1,0.2145985401459964,17.200000000000728,T,8241.9
2019-11-14,2019,"(1.0, 0.75)",1,0.2145985401459964,17.200000000000728,T,8241.9
2019-11-14,2019,"(1.0, 1.0)",1,0.2145985401459964,17.200000000000728,T,8241.9
2019-11-18,2019,"(0.5, 0.5)",-1,-0.5170821791320414,-13.5,T,8313.6
2019-11-18,2019,"(0.5, 0.75)",-1,-0.5170821791320414,-13.5,T,8313.6
2019-11-18,2019,"(0.5, 1.0)",-1,-0.5170821791320414,-13.5,T,8313.6
2019-11-18,2019,"(0.75, 0.5)",-1,-0.34472145275469424,-13.5,T,8313.6
2019-11-18,2019,"(0.75, 0.75)",-1,-0.34472145275469424,-13.5,T,8313.6
2019-11-18,2019,"(0.75, 1.0)",-1,-0.34472145275469424,-13.5,T,8313.6
2019-11-18,2019,"(1.0, 0.5)",-1,-0.2585410895660207,-13.5,T,8313.6
2019-11-18,2019,"(1.0, 0.75)",-1,-0.2585410895660207,-13.5,T,8313.6
2019-11-18,2019,"(1.0, 1.0)",-1,-0.2585410895660207,-13.5,T,8313.6
2019-11-22,2019,"(0.5, 0.5)",1,0.8772420218960977,29.399999999999636,T,8241.6
2019-11-22,2019,"(0.5, 0.75)",1,0.8772420218960977,29.399999999999636,T,8241.6
2019-11-22,2019,"(0.5, 1.0)",1,0.8772420218960977,29.399999999999636,T,8241.6
2019-11-22,2019,"(0.75, 0.5)",1,0.5848280145973984,29.399999999999636,T,8241.6
2019-11-22,2019,"(0.75, 0.75)",1,0.5848280145973984,29.399999999999636,T,8241.6
2019-11-22,2019,"(0.75, 1.0)",1,0.5848280145973984,29.399999999999636,T,8241.6
2019-11-22,2019,"(1.0, 0.5)",1,0.43862101094804884,29.399999999999636,T,8241.6
2019-11-22,2019,"(1.0, 0.75)",1,0.43862101094804884,29.399999999999636,T,8241.6
2019-11-22,2019,"(1.0, 1.0)",1,0.43862101094804884,29.399999999999636,T,8241.6
2019-12-05,2019,"(0.5, 0.5)",-1,0.9346344196470261,38.24642857142872,TP,8309.5
2019-12-05,2019,"(0.5, 0.75)",-1,-0.06013633392471694,0.2000000000007276,T,8309.5
2019-12-05,2019,"(0.5, 1.0)",-1,-0.06013633392471694,0.2000000000007276,T,8309.5
2019-12-05,2019,"(0.75, 0.5)",-1,0.6230896130980175,38.24642857142872,TP,8309.5
2019-12-05,2019,"(0.75, 0.75)",-1,-0.04009088928314463,0.2000000000007276,T,8309.5
2019-12-05,2019,"(0.75, 1.0)",-1,-0.04009088928314463,0.2000000000007276,T,8309.5
2019-12-05,2019,"(1.0, 0.5)",-1,0.46731720982351305,38.24642857142872,TP,8309.5
2019-12-05,2019,"(1.0, 0.75)",-1,-0.03006816696235847,0.2000000000007276,T,8309.5
2019-12-05,2019,"(1.0, 1.0)",-1,-0.03006816696235847,0.2000000000007276,T,8309.5
2019-12-11,2019,"(0.5, 0.5)",-1,-0.24491253123882417,-7.299999999999272,T,8393.0
2019-12-11,2019,"(0.5, 0.75)",-1,-0.24491253123882417,-7.299999999999272,T,8393.0
2019-12-11,2019,"(0.5, 1.0)",-1,-0.24491253123882417,-7.299999999999272,T,8393.0
2019-12-11,2019,"(0.75, 0.5)",-1,-0.1632750208258828,-7.299999999999272,T,8393.0
2019-12-11,2019,"(0.75, 0.75)",-1,-0.1632750208258828,-7.299999999999272,T,8393.0
2019-12-11,2019,"(0.75, 1.0)",-1,-0.1632750208258828,-7.299999999999272,T,8393.0
2019-12-11,2019,"(1.0, 0.5)",-1,-0.12245626561941209,-7.299999999999272,T,8393.0
2019-12-11,2019,"(1.0, 0.75)",-1,-0.12245626561941209,-7.299999999999272,T,8393.0
2019-12-11,2019,"(1.0, 1.0)",-1,-0.12245626561941209,-7.299999999999272,T,8393.0
2019-12-17,2019,"(0.5, 0.5)",-1,0.13910407544631215,8.400000000001455,T,8582.7
2019-12-17,2019,"(0.5, 0.75)",-1,0.13910407544631215,8.400000000001455,T,8582.7
2019-12-17,2019,"(0.5, 1.0)",-1,0.13910407544631215,8.400000000001455,T,8582.7
2019-12-17,2019,"(0.75, 0.5)",-1,0.09273605029754144,8.400000000001455,T,8582.7
2019-12-17,2019,"(0.75, 0.75)",-1,0.09273605029754144,8.400000000001455,T,8582.7
2019-12-17,2019,"(0.75, 1.0)",-1,0.09273605029754144,8.400000000001455,T,8582.7
2019-12-17,2019,"(1.0, 0.5)",-1,0.06955203772315607,8.400000000001455,T,8582.7
2019-12-17,2019,"(1.0, 0.75)",-1,0.06955203772315607,8.400000000001455,T,8582.7
2019-12-17,2019,"(1.0, 1.0)",-1,0.06955203772315607,8.400000000001455,T,8582.7
2019-12-18,2019,"(0.5, 0.5)",-1,0.18349941646465467,9.799999999999272,T,8591.4
2019-12-18,2019,"(0.5, 0.75)",-1,0.18349941646465467,9.799999999999272,T,8591.4
2019-12-18,2019,"(0.5, 1.0)",-1,0.18349941646465467,9.799999999999272,T,8591.4
2019-12-18,2019,"(0.75, 0.5)",-1,0.12233294430976979,9.799999999999272,T,8591.4
2019-12-18,2019,"(0.75, 0.75)",-1,0.12233294430976979,9.799999999999272,T,8591.4
2019-12-18,2019,"(0.75, 1.0)",-1,0.12233294430976979,9.799999999999272,T,8591.4
2019-12-18,2019,"(1.0, 0.5)",-1,0.09174970823232734,9.799999999999272,T,8591.4
2019-12-18,2019,"(1.0, 0.75)",-1,0.09174970823232734,9.799999999999272,T,8591.4
2019-12-18,2019,"(1.0, 1.0)",-1,0.09174970823232734,9.799999999999272,T,8591.4
2020-01-03,2020,"(0.5, 0.5)",1,0.9309732767971604,36.217857142857284,TP,8806.8
2020-01-03,2020,"(0.5, 0.75)",1,-0.4279656838576061,-13.0,T,8806.8
2020-01-03,2020,"(0.5, 1.0)",1,-0.4279656838576061,-13.0,T,8806.8
2020-01-03,2020,"(0.75, 0.5)",1,0.6206488511981069,36.217857142857284,TP,8806.8
2020-01-03,2020,"(0.75, 0.75)",1,-0.2853104559050707,-13.0,T,8806.8
2020-01-03,2020,"(0.75, 1.0)",1,-0.2853104559050707,-13.0,T,8806.8
2020-01-03,2020,"(1.0, 0.5)",1,0.4654866383985802,36.217857142857284,TP,8806.8
2020-01-03,2020,"(1.0, 0.75)",1,-0.21398284192880304,-13.0,T,8806.8
2020-01-03,2020,"(1.0, 1.0)",1,-0.21398284192880304,-13.0,T,8806.8
2020-01-07,2020,"(0.5, 0.5)",-1,0.033851468048350285,3.899999999999636,T,8850.0
2020-01-07,2020,"(0.5, 0.75)",-1,0.033851468048350285,3.899999999999636,T,8850.0
2020-01-07,2020,"(0.5, 1.0)",-1,0.033851468048350285,3.899999999999636,T,8850.0
2020-01-07,2020,"(0.75, 0.5)",-1,0.022567645365566855,3.899999999999636,T,8850.0
2020-01-07,2020,"(0.75, 0.75)",-1,0.022567645365566855,3.899999999999636,T,8850.0
2020-01-07,2020,"(0.75, 1.0)",-1,0.022567645365566855,3.899999999999636,T,8850.0
2020-01-07,2020,"(1.0, 0.5)",-1,0.016925734024175142,3.899999999999636,T,8850.0
2020-01-07,2020,"(1.0, 0.75)",-1,0.016925734024175142,3.899999999999636,T,8850.0
2020-01-07,2020,"(1.0, 1.0)",-1,0.016925734024175142,3.899999999999636,T,8850.0
2020-01-10,2020,"(0.5, 0.5)",-1,0.9382389271219342,40.47857142857161,TP,9002.0
2020-01-10,2020,"(0.5, 0.75)",-1,0.8251279336509489,35.899999999999636,T,9002.0
2020-01-10,2020,"(0.5, 1.0)",-1,0.8251279336509489,35.899999999999636,T,9002.0
2020-01-10,2020,"(0.75, 0.5)",-1,0.6254926180812895,40.47857142857161,TP,9002.0
2020-01-10,2020,"(0.75, 0.75)",-1,0.5500852891006327,35.899999999999636,T,9002.0
2020-01-10,2020,"(0.75, 1.0)",-1,0.5500852891006327,35.899999999999636,T,9002.0
2020-01-10,2020,"(1.0, 0.5)",-1,0.4691194635609671,40.47857142857161,TP,9002.0
2020-01-10,2020,"(1.0, 0.75)",-1,0.41256396682547447,35.899999999999636,T,9002.0
2020-01-10,2020,"(1.0, 1.0)",-1,0.41256396682547447,35.899999999999636,T,9002.0
2020-01-15,2020,"(0.5, 0.5)",-1,0.9439641370477105,44.61428571428574,TP,9073.4
2020-01-15,2020,"(0.5, 0.75)",-1,0.7531219980787781,36.100000000000364,T,9073.4
2020-01-15,2020,"(0.5, 1.0)",-1,0.7531219980787781,36.100000000000364,T,9073.4
2020-01-15,2020,"(0.75, 0.5)",-1,0.6293094246984737,44.61428571428574,TP,9073.4
2020-01-15,2020,"(0.75, 0.75)",-1,0.5020813320525188,36.100000000000364,T,9073.4
2020-01-15,2020,"(0.75, 1.0)",-1,0.5020813320525188,36.100000000000364,T,9073.4
2020-01-15,2020,"(1.0, 0.5)",-1,0.47198206852385527,44.61428571428574,TP,9073.4
2020-01-15,2020,"(1.0, 0.75)",-1,0.37656099903938905,36.100000000000364,T,9073.4
2020-01-15,2020,"(1.0, 1.0)",-1,0.37656099903938905,36.100000000000364,T,9073.4
2020-01-21,2020,"(0.5, 0.5)",-1,0.14387606411536194,9.200000000000728,T,9177.1
2020-01-21,2020,"(0.5, 0.75)",-1,0.14387606411536194,9.200000000000728,T,9177.1
2020-01-21,2020,"(0.5, 1.0)",-1,0.14387606411536194,9.200000000000728,T,9177.1
2020-01-21,2020,"(0.75, 0.5)",-1,0.09591737607690795,9.200000000000728,T,9177.1
2020-01-21,2020,"(0.75, 0.75)",-1,0.09591737607690795,9.200000000000728,T,9177.1
2020-01-21,2020,"(0.75, 1.0)",-1,0.09591737607690795,9.200000000000728,T,9177.1
2020-01-21,2020,"(1.0, 0.5)",-1,0.07193803205768097,9.200000000000728,T,9177.1
2020-01-21,2020,"(1.0, 0.75)",-1,0.07193803205768097,9.200000000000728,T,9177.1
2020-01-21,2020,"(1.0, 1.0)",-1,0.07193803205768097,9.200000000000728,T,9177.1
2020-01-30,2020,"(0.5, 0.5)",1,-1.0502296211251436,-49.77142857142845,SL,9082.2
2020-01-30,2020,"(0.5, 0.75)",1,-1.0502296211251436,-49.77142857142845,SL,9082.2
2020-01-30,2020,"(0.5, 1.0)",1,-1.0502296211251436,-49.77142857142845,SL,9082.2
2020-01-30,2020,"(0.75, 0.5)",1,0.6331802525832376,49.77142857142845,TP,9082.2
2020-01-30,2020,"(0.75, 0.75)",1,0.691159586681957,54.099999999998545,T,9082.2
2020-01-30,2020,"(0.75, 1.0)",1,0.691159586681957,54.099999999998545,T,9082.2
2020-01-30,2020,"(1.0, 0.5)",1,0.4748851894374282,49.77142857142845,TP,9082.2
2020-01-30,2020,"(1.0, 0.75)",1,0.5183696900114677,54.099999999998545,T,9082.2
2020-01-30,2020,"(1.0, 1.0)",1,0.5183696900114677,54.099999999998545,T,9082.2
2020-01-31,2020,"(0.5, 0.5)",1,-1.0491193600449094,-50.89642857142845,SL,9039.2
2020-01-31,2020,"(0.5, 0.75)",1,-1.0491193600449094,-50.89642857142845,SL,9039.2
2020-01-31,2020,"(0.5, 1.0)",1,-1.0491193600449094,-50.89642857142845,SL,9039.2
2020-01-31,2020,"(0.75, 0.5)",1,-1.0327462400299394,-76.34464285714267,SL,9039.2
2020-01-31,2020,"(0.75, 0.75)",1,-1.0327462400299394,-76.34464285714267,SL,9039.2
2020-01-31,2020,"(0.75, 1.0)",1,-1.0327462400299394,-76.34464285714267,SL,9039.2
2020-01-31,2020,"(1.0, 0.5)",1,-0.524594765279645,-50.900000000001455,T,9039.2
2020-01-31,2020,"(1.0, 0.75)",1,-0.524594765279645,-50.900000000001455,T,9039.2
2020-01-31,2020,"(1.0, 1.0)",1,-0.524594765279645,-50.900000000001455,T,9039.2
2020-02-07,2020,"(0.5, 0.5)",-1,0.9624564226334138,66.58928571428578,TP,9446.9
2020-02-07,2020,"(0.5, 0.75)",-1,0.6532582461785995,46.0,T,9446.9
2020-02-07,2020,"(0.5, 1.0)",-1,0.6532582461785995,46.0,T,9446.9
2020-02-07,2020,"(0.75, 0.5)",-1,0.6416376150889426,66.58928571428578,TP,9446.9
2020-02-07,2020,"(0.75, 0.75)",-1,0.4355054974523997,46.0,T,9446.9
2020-02-07,2020,"(0.75, 1.0)",-1,0.4355054974523997,46.0,T,9446.9
2020-02-07,2020,"(1.0, 0.5)",-1,0.4812282113167069,66.58928571428578,TP,9446.9
2020-02-07,2020,"(1.0, 0.75)",-1,0.32662912308929976,46.0,T,9446.9
2020-02-07,2020,"(1.0, 1.0)",-1,0.32662912308929976,46.0,T,9446.9
2020-02-10,2020,"(0.5, 0.5)",1,0.9628173802188463,67.23571428571437,TP,9405.8
2020-02-10,2020,"(0.5, 0.75)",1,1.4628173802188462,100.85357142857154,TP,9405.8
2020-02-10,2020,"(0.5, 1.0)",1,1.6048018697546145,110.40000000000146,T,9405.8
2020-02-10,2020,"(0.75, 0.5)",1,0.6418782534792309,67.23571428571437,TP,9405.8
2020-02-10,2020,"(0.75, 0.75)",1,0.9752115868125643,100.85357142857154,TP,9405.8
2020-02-10,2020,"(0.75, 1.0)",1,1.069867913169743,110.40000000000146,T,9405.8
2020-02-10,2020,"(1.0, 0.5)",1,0.48140869010942317,67.23571428571437,TP,9405.8
2020-02-10,2020,"(1.0, 0.75)",1,0.7314086901094231,100.85357142857154,TP,9405.8
2020-02-10,2020,"(1.0, 1.0)",1,0.8024009348773072,110.40000000000146,T,9405.8
2020-02-13,2020,"(0.5, 0.5)",1,0.9655477901368246,72.56428571428594,TP,9559.9
2020-02-13,2020,"(0.5, 0.75)",1,0.46579387735014643,36.30000000000109,T,9559.9
2020-02-13,2020,"(0.5, 1.0)",1,0.46579387735014643,36.30000000000109,T,9559.9
2020-02-13,2020,"(0.75, 0.5)",1,0.6436985267578831,72.56428571428594,TP,9559.9
2020-02-13,2020,"(0.75, 0.75)",1,0.3105292515667643,36.30000000000109,T,9559.9
2020-02-13,2020,"(0.75, 1.0)",1,0.3105292515667643,36.30000000000109,T,9559.9
2020-02-13,2020,"(1.0, 0.5)",1,0.4827738950684123,72.56428571428594,TP,9559.9
2020-02-13,2020,"(1.0, 0.75)",1,0.23289693867507322,36.30000000000109,T,9559.9
2020-02-13,2020,"(1.0, 1.0)",1,0.23289693867507322,36.30000000000109,T,9559.9
2020-02-18,2020,"(0.5, 0.5)",1,0.3823217968009791,27.0,T,9600.8
2020-02-18,2020,"(0.5, 0.75)",1,0.3823217968009791,27.0,T,9600.8
2020-02-18,2020,"(0.5, 1.0)",1,0.3823217968009791,27.0,T,9600.8
2020-02-18,2020,"(0.75, 0.5)",1,0.2548811978673194,27.0,T,9600.8
2020-02-18,2020,"(0.75, 0.75)",1,0.2548811978673194,27.0,T,9600.8
2020-02-18,2020,"(0.75, 1.0)",1,0.2548811978673194,27.0,T,9600.8
2020-02-18,2020,"(1.0, 0.5)",1,0.19116089840048955,27.0,T,9600.8
2020-02-18,2020,"(1.0, 0.75)",1,0.19116089840048955,27.0,T,9600.8
2020-02-18,2020,"(1.0, 1.0)",1,0.19116089840048955,27.0,T,9600.8
2020-02-25,2020,"(0.5, 0.5)",1,-1.0336376741950983,-74.32142857142883,SL,9046.0
2020-02-25,2020,"(0.5, 0.75)",1,-1.0336376741950983,-74.32142857142883,SL,9046.0
2020-02-25,2020,"(0.5, 1.0)",1,-1.0336376741950983,-74.32142857142883,SL,9046.0
2020-02-25,2020,"(0.75, 0.5)",1,-1.0224251161300657,-111.48214285714323,SL,9046.0
2020-02-25,2020,"(0.75, 0.75)",1,-1.0224251161300657,-111.48214285714323,SL,9046.0
2020-02-25,2020,"(0.75, 1.0)",1,-1.0224251161300657,-111.48214285714323,SL,9046.0
2020-02-25,2020,"(1.0, 0.5)",1,-1.0168188370975493,-148.64285714285765,SL,9046.0
2020-02-25,2020,"(1.0, 0.75)",1,-1.0168188370975493,-148.64285714285765,SL,9046.0
2020-02-25,2020,"(1.0, 1.0)",1,-1.0168188370975493,-148.64285714285765,SL,9046.0
2020-03-03,2020,"(0.5, 0.5)",-1,-1.0215789635932058,-115.85357142857154,SL,8851.4
2020-03-03,2020,"(0.5, 0.75)",-1,-1.0215789635932058,-115.85357142857154,SL,8851.4
2020-03-03,2020,"(0.5, 1.0)",-1,-1.0215789635932058,-115.85357142857154,SL,8851.4
2020-03-03,2020,"(0.75, 0.5)",-1,0.6522806909378628,115.85357142857154,TP,8851.4
2020-03-03,2020,"(0.75, 0.75)",-1,0.9856140242711962,173.78035714285733,TP,8851.4
2020-03-03,2020,"(0.75, 1.0)",-1,1.3189473576045294,231.70714285714308,TP,8851.4
2020-03-03,2020,"(1.0, 0.5)",-1,0.48921051820339717,115.85357142857154,TP,8851.4
2020-03-03,2020,"(1.0, 0.75)",-1,0.7392105182033972,173.78035714285733,TP,8851.4
2020-03-03,2020,"(1.0, 1.0)",-1,0.9892105182033971,231.70714285714308,TP,8851.4
2020-03-05,2020,"(0.5, 0.5)",1,-0.03172069311773984,-1.8999999999996362,T,8673.8
2020-03-05,2020,"(0.5, 0.75)",1,-0.03172069311773984,-1.8999999999996362,T,8673.8
2020-03-05,2020,"(0.5, 1.0)",1,-0.03172069311773984,-1.8999999999996362,T,8673.8
2020-03-05,2020,"(0.75, 0.5)",1,-0.021147128745159893,-1.8999999999996362,T,8673.8
2020-03-05,2020,"(0.75, 0.75)",1,-0.021147128745159893,-1.8999999999996362,T,8673.8
2020-03-05,2020,"(0.75, 1.0)",1,-0.021147128745159893,-1.8999999999996362,T,8673.8
2020-03-05,2020,"(1.0, 0.5)",1,-0.01586034655886992,-1.8999999999996362,T,8673.8
2020-03-05,2020,"(1.0, 0.75)",1,-0.01586034655886992,-1.8999999999996362,T,8673.8
2020-03-05,2020,"(1.0, 1.0)",1,-0.01586034655886992,-1.8999999999996362,T,8673.8
2020-03-10,2020,"(0.5, 0.5)",-1,0.9860557768924303,179.28571428571425,TP,8226.9
2020-03-10,2020,"(0.5, 0.75)",-1,1.4860557768924303,268.9285714285714,TP,8226.9
2020-03-10,2020,"(0.5, 1.0)",-1,-0.8210358565737094,-144.70000000000073,T,8226.9
2020-03-10,2020,"(0.75, 0.5)",-1,0.6573705179282868,179.28571428571425,TP,8226.9
2020-03-10,2020,"(0.75, 0.75)",-1,0.9907038512616202,268.9285714285714,TP,8226.9
2020-03-10,2020,"(0.75, 1.0)",-1,-0.5473572377158062,-144.70000000000073,T,8226.9
2020-03-10,2020,"(1.0, 0.5)",-1,0.49302788844621515,179.28571428571425,TP,8226.9
2020-03-10,2020,"(1.0, 0.75)",-1,0.7430278884462151,268.9285714285714,TP,8226.9
2020-03-10,2020,"(1.0, 1.0)",-1,-0.4105179282868547,-144.70000000000073,T,8226.9
2020-03-23,2020,"(0.5, 0.5)",1,0.033102396237209064,11.800000000000182,T,6992.5
2020-03-23,2020,"(0.5, 0.75)",1,0.033102396237209064,11.800000000000182,T,6992.5
2020-03-23,2020,"(0.5, 1.0)",1,0.033102396237209064,11.800000000000182,T,6992.5
2020-03-23,2020,"(0.75, 0.5)",1,0.022068264158139377,11.800000000000182,T,6992.5
2020-03-23,2020,"(0.75, 0.75)",1,0.022068264158139377,11.800000000000182,T,6992.5
2020-03-23,2020,"(0.75, 1.0)",1,0.022068264158139377,11.800000000000182,T,6992.5
2020-03-23,2020,"(1.0, 0.5)",1,0.016551198118604532,11.800000000000182,T,6992.5
2020-03-23,2020,"(1.0, 0.75)",1,0.016551198118604532,11.800000000000182,T,6992.5
2020-03-23,2020,"(1.0, 1.0)",1,0.016551198118604532,11.800000000000182,T,6992.5
2020-03-26,2020,"(0.5, 0.5)",-1,-0.4914001225873441,-137.80000000000018,T,7754.4
2020-03-26,2020,"(0.5, 0.75)",-1,-0.4914001225873441,-137.80000000000018,T,7754.4
2020-03-26,2020,"(0.5, 1.0)",-1,-0.4914001225873441,-137.80000000000018,T,7754.4
2020-03-26,2020,"(0.75, 0.5)",-1,-0.3276000817248961,-137.80000000000018,T,7754.4
2020-03-26,2020,"(0.75, 0.75)",-1,-0.3276000817248961,-137.80000000000018,T,7754.4
2020-03-26,2020,"(0.75, 1.0)",-1,-0.3276000817248961,-137.80000000000018,T,7754.4
2020-03-26,2020,"(1.0, 0.5)",-1,-0.24570006129367206,-137.80000000000018,T,7754.4
2020-03-26,2020,"(1.0, 0.75)",-1,-0.24570006129367206,-137.80000000000018,T,7754.4
2020-03-26,2020,"(1.0, 1.0)",-1,-0.24570006129367206,-137.80000000000018,T,7754.4
2020-03-30,2020,"(0.5, 0.5)",-1,-0.27766255314736077,-74.0,T,7811.2
2020-03-30,2020,"(0.5, 0.75)",-1,-0.27766255314736077,-74.0,T,7811.2
2020-03-30,2020,"(0.5, 1.0)",-1,-0.27766255314736077,-74.0,T,7811.2
2020-03-30,2020,"(0.75, 0.5)",-1,-0.18510836876490716,-74.0,T,7811.2
2020-03-30,2020,"(0.75, 0.75)",-1,-0.18510836876490716,-74.0,T,7811.2
2020-03-30,2020,"(0.75, 1.0)",-1,-0.18510836876490716,-74.0,T,7811.2
2020-03-30,2020,"(1.0, 0.5)",-1,-0.13883127657368038,-74.0,T,7811.2
2020-03-30,2020,"(1.0, 0.75)",-1,-0.13883127657368038,-74.0,T,7811.2
2020-03-30,2020,"(1.0, 1.0)",-1,-0.13883127657368038,-74.0,T,7811.2
2020-03-31,2020,"(0.5, 0.5)",-1,0.2862336978000277,80.10000000000036,T,7895.5
2020-03-31,2020,"(0.5, 0.75)",-1,0.2862336978000277,80.10000000000036,T,7895.5
2020-03-31,2020,"(0.5, 1.0)",-1,0.2862336978000277,80.10000000000036,T,7895.5
2020-03-31,2020,"(0.75, 0.5)",-1,0.1908224652000185,80.10000000000036,T,7895.5
2020-03-31,2020,"(0.75, 0.75)",-1,0.1908224652000185,80.10000000000036,T,7895.5
2020-03-31,2020,"(0.75, 1.0)",-1,0.1908224652000185,80.10000000000036,T,7895.5
2020-03-31,2020,"(1.0, 0.5)",-1,0.14311684890001386,80.10000000000036,T,7895.5
2020-03-31,2020,"(1.0, 0.75)",-1,0.14311684890001386,80.10000000000036,T,7895.5
2020-03-31,2020,"(1.0, 1.0)",-1,0.14311684890001386,80.10000000000036,T,7895.5
2020-04-03,2020,"(0.5, 0.5)",-1,0.440938113948921,105.10000000000036,T,7636.3
2020-04-03,2020,"(0.5, 0.75)",-1,0.440938113948921,105.10000000000036,T,7636.3
2020-04-03,2020,"(0.5, 1.0)",-1,0.440938113948921,105.10000000000036,T,7636.3
2020-04-03,2020,"(0.75, 0.5)",-1,0.293958742632614,105.10000000000036,T,7636.3
2020-04-03,2020,"(0.75, 0.75)",-1,0.293958742632614,105.10000000000036,T,7636.3
2020-04-03,2020,"(0.75, 1.0)",-1,0.293958742632614,105.10000000000036,T,7636.3
2020-04-03,2020,"(1.0, 0.5)",-1,0.2204690569744605,105.10000000000036,T,7636.3
2020-04-03,2020,"(1.0, 0.75)",-1,0.2204690569744605,105.10000000000036,T,7636.3
2020-04-03,2020,"(1.0, 1.0)",-1,0.2204690569744605,105.10000000000036,T,7636.3
2020-04-22,2020,"(0.5, 0.5)",-1,-0.033825503355704736,-2.0,T,8660.5
2020-04-22,2020,"(0.5, 0.75)",-1,-0.033825503355704736,-2.0,T,8660.5
2020-04-22,2020,"(0.5, 1.0)",-1,-0.033825503355704736,-2.0,T,8660.5
2020-04-22,2020,"(0.75, 0.5)",-1,-0.022550335570469822,-2.0,T,8660.5
2020-04-22,2020,"(0.75, 0.75)",-1,-0.022550335570469822,-2.0,T,8660.5
2020-04-22,2020,"(0.75, 1.0)",-1,-0.022550335570469822,-2.0,T,8660.5
2020-04-22,2020,"(1.0, 0.5)",-1,-0.016912751677852368,-2.0,T,8660.5
2020-04-22,2020,"(1.0, 0.75)",-1,-0.016912751677852368,-2.0,T,8660.5
2020-04-22,2020,"(1.0, 1.0)",-1,-0.016912751677852368,-2.0,T,8660.5
2020-04-28,2020,"(0.5, 0.5)",1,-1.0226581213180552,-110.3357142857141,SL,8801.5
2020-04-28,2020,"(0.5, 0.75)",1,-1.0226581213180552,-110.3357142857141,SL,8801.5
2020-04-28,2020,"(0.5, 1.0)",1,-1.0226581213180552,-110.3357142857141,SL,8801.5
2020-04-28,2020,"(0.75, 0.5)",1,-0.7383526466843672,-119.70000000000073,T,8801.5
2020-04-28,2020,"(0.75, 0.75)",1,-0.7383526466843672,-119.70000000000073,T,8801.5
2020-04-28,2020,"(0.75, 1.0)",1,-0.7383526466843672,-119.70000000000073,T,8801.5
2020-04-28,2020,"(1.0, 0.5)",1,-0.5537644850132754,-119.70000000000073,T,8801.5
2020-04-28,2020,"(1.0, 0.75)",1,-0.5537644850132754,-119.70000000000073,T,8801.5
2020-04-28,2020,"(1.0, 1.0)",1,-0.5537644850132754,-119.70000000000073,T,8801.5
2020-04-30,2020,"(0.5, 0.5)",-1,-0.08193506210503067,-6.899999999999636,T,8985.4
2020-04-30,2020,"(0.5, 0.75)",-1,-0.08193506210503067,-6.899999999999636,T,8985.4
2020-04-30,2020,"(0.5, 1.0)",-1,-0.08193506210503067,-6.899999999999636,T,8985.4
2020-04-30,2020,"(0.75, 0.5)",-1,-0.054623374736687116,-6.899999999999636,T,8985.4
2020-04-30,2020,"(0.75, 0.75)",-1,-0.054623374736687116,-6.899999999999636,T,8985.4
2020-04-30,2020,"(0.75, 1.0)",-1,-0.054623374736687116,-6.899999999999636,T,8985.4
2020-04-30,2020,"(1.0, 0.5)",-1,-0.040967531052515334,-6.899999999999636,T,8985.4
2020-04-30,2020,"(1.0, 0.75)",-1,-0.040967531052515334,-6.899999999999636,T,8985.4
2020-04-30,2020,"(1.0, 1.0)",-1,-0.040967531052515334,-6.899999999999636,T,8985.4
2020-05-04,2020,"(0.5, 0.5)",1,0.9786128933699969,116.89285714285708,TP,8693.4
2020-05-04,2020,"(0.5, 0.75)",1,1.1472043996333676,136.60000000000036,T,8693.4
2020-05-04,2020,"(0.5, 1.0)",1,1.1472043996333676,136.60000000000036,T,8693.4
2020-05-04,2020,"(0.75, 0.5)",1,0.652408595579998,116.89285714285708,TP,8693.4
2020-05-04,2020,"(0.75, 0.75)",1,0.7648029330889118,136.60000000000036,T,8693.4
2020-05-04,2020,"(0.75, 1.0)",1,0.7648029330889118,136.60000000000036,T,8693.4
2020-05-04,2020,"(1.0, 0.5)",1,0.48930644668499845,116.89285714285708,TP,8693.4
2020-05-04,2020,"(1.0, 0.75)",1,0.5736021998166838,136.60000000000036,T,8693.4
2020-05-04,2020,"(1.0, 1.0)",1,0.5736021998166838,136.60000000000036,T,8693.4
2020-05-06,2020,"(0.5, 0.5)",-1,0.3400587659157589,39.69999999999891,T,9021.9
2020-05-06,2020,"(0.5, 0.75)",-1,0.3400587659157589,39.69999999999891,T,9021.9
2020-05-06,2020,"(0.5, 1.0)",-1,0.3400587659157589,39.69999999999891,T,9021.9
2020-05-06,2020,"(0.75, 0.5)",-1,0.22670584394383925,39.69999999999891,T,9021.9
2020-05-06,2020,"(0.75, 0.75)",-1,0.22670584394383925,39.69999999999891,T,9021.9
2020-05-06,2020,"(0.75, 1.0)",-1,0.22670584394383925,39.69999999999891,T,9021.9
2020-05-06,2020,"(1.0, 0.5)",-1,0.17002938295787945,39.69999999999891,T,9021.9
2020-05-06,2020,"(1.0, 0.75)",-1,0.17002938295787945,39.69999999999891,T,9021.9
2020-05-06,2020,"(1.0, 1.0)",-1,0.17002938295787945,39.69999999999891,T,9021.9
2020-05-11,2020,"(0.5, 0.5)",-1,-1.0236542425573616,-105.68928571428569,SL,9224.9
2020-05-11,2020,"(0.5, 0.75)",-1,-1.0236542425573616,-105.68928571428569,SL,9224.9
2020-05-11,2020,"(0.5, 1.0)",-1,-1.0236542425573616,-105.68928571428569,SL,9224.9
2020-05-11,2020,"(0.75, 0.5)",-1,-0.45920769551358565,-70.30000000000109,T,9224.9
2020-05-11,2020,"(0.75, 0.75)",-1,-0.45920769551358565,-70.30000000000109,T,9224.9
2020-05-11,2020,"(0.75, 1.0)",-1,-0.45920769551358565,-70.30000000000109,T,9224.9
2020-05-11,2020,"(1.0, 0.5)",-1,-0.34440577163518926,-70.30000000000109,T,9224.9
2020-05-11,2020,"(1.0, 0.75)",-1,-0.34440577163518926,-70.30000000000109,T,9224.9
2020-05-11,2020,"(1.0, 1.0)",-1,-0.34440577163518926,-70.30000000000109,T,9224.9
2020-05-12,2020,"(0.5, 0.5)",-1,0.9748509017748078,99.40714285714284,TP,9311.4
2020-05-12,2020,"(0.5, 0.75)",-1,1.4748509017748077,149.11071428571427,TP,9311.4
2020-05-12,2020,"(0.5, 1.0)",-1,1.9748509017748077,198.8142857142857,TP,9311.4
2020-05-12,2020,"(0.75, 0.5)",-1,0.6499006011832051,99.40714285714284,TP,9311.4
2020-05-12,2020,"(0.75, 0.75)",-1,0.9832339345165385,149.11071428571427,TP,9311.4
2020-05-12,2020,"(0.75, 1.0)",-1,1.3165672678498719,198.8142857142857,TP,9311.4
2020-05-12,2020,"(1.0, 0.5)",-1,0.4874254508874039,99.40714285714284,TP,9311.4
2020-05-12,2020,"(1.0, 0.75)",-1,0.7374254508874039,149.11071428571427,TP,9311.4
2020-05-12,2020,"(1.0, 1.0)",-1,0.9874254508874039,198.8142857142857,TP,9311.4
2020-05-19,2020,"(0.5, 0.5)",-1,0.5337367624810958,59.20000000000073,T,9356.7
2020-05-19,2020,"(0.5, 0.75)",-1,0.5337367624810958,59.20000000000073,T,9356.7
2020-05-19,2020,"(0.5, 1.0)",-1,0.5337367624810958,59.20000000000073,T,9356.7
2020-05-19,2020,"(0.75, 0.5)",-1,0.3558245083207305,59.20000000000073,T,9356.7
2020-05-19,2020,"(0.75, 0.75)",-1,0.3558245083207305,59.20000000000073,T,9356.7
2020-05-19,2020,"(0.75, 1.0)",-1,0.3558245083207305,59.20000000000073,T,9356.7
2020-05-19,2020,"(1.0, 0.5)",-1,0.2668683812405479,59.20000000000073,T,9356.7
2020-05-19,2020,"(1.0, 0.75)",-1,0.2668683812405479,59.20000000000073,T,9356.7
2020-05-19,2020,"(1.0, 1.0)",-1,0.2668683812405479,59.20000000000073,T,9356.7
2020-05-20,2020,"(0.5, 0.5)",-1,-0.6507378267648054,-61.600000000000364,T,9420.9
2020-05-20,2020,"(0.5, 0.75)",-1,-0.6507378267648054,-61.600000000000364,T,9420.9
2020-05-20,2020,"(0.5, 1.0)",-1,-0.6507378267648054,-61.600000000000364,T,9420.9
2020-05-20,2020,"(0.75, 0.5)",-1,-0.4338252178432036,-61.600000000000364,T,9420.9
2020-05-20,2020,"(0.75, 0.75)",-1,-0.4338252178432036,-61.600000000000364,T,9420.9
2020-05-20,2020,"(0.75, 1.0)",-1,-0.4338252178432036,-61.600000000000364,T,9420.9
2020-05-20,2020,"(1.0, 0.5)",-1,-0.3253689133824027,-61.600000000000364,T,9420.9
2020-05-20,2020,"(1.0, 0.75)",-1,-0.3253689133824027,-61.600000000000364,T,9420.9
2020-05-20,2020,"(1.0, 1.0)",-1,-0.3253689133824027,-61.600000000000364,T,9420.9
2020-05-21,2020,"(0.5, 0.5)",-1,0.9754360108081552,101.77500000000002,TP,9499.6
2020-05-21,2020,"(0.5, 0.75)",-1,1.1417342176369512,118.70000000000073,T,9499.6
2020-05-21,2020,"(0.5, 1.0)",-1,1.1417342176369512,118.70000000000073,T,9499.6
2020-05-21,2020,"(0.75, 0.5)",-1,0.6502906738721035,101.77500000000002,TP,9499.6
2020-05-21,2020,"(0.75, 0.75)",-1,0.7611561450913008,118.70000000000073,T,9499.6
2020-05-21,2020,"(0.75, 1.0)",-1,0.7611561450913008,118.70000000000073,T,9499.6
2020-05-21,2020,"(1.0, 0.5)",-1,0.4877180054040776,101.77500000000002,TP,9499.6
2020-05-21,2020,"(1.0, 0.75)",-1,0.5708671088184756,118.70000000000073,T,9499.6
2020-05-21,2020,"(1.0, 1.0)",-1,0.5708671088184756,118.70000000000073,T,9499.6
2020-05-29,2020,"(0.5, 0.5)",1,0.9747429189969331,98.98214285714299,TP,9399.0
2020-05-29,2020,"(0.5, 0.75)",1,1.474742918996933,148.47321428571448,TP,9399.0
2020-05-29,2020,"(0.5, 1.0)",1,1.5659390221901477,157.5,T,9399.0
2020-05-29,2020,"(0.75, 0.5)",1,0.6498286126646221,98.98214285714299,TP,9399.0
2020-05-29,2020,"(0.75, 0.75)",1,0.9831619459979554,148.47321428571448,TP,9399.0
2020-05-29,2020,"(0.75, 1.0)",1,1.043959348126765,157.5,T,9399.0
2020-05-29,2020,"(1.0, 0.5)",1,0.48737145949846655,98.98214285714299,TP,9399.0
2020-05-29,2020,"(1.0, 0.75)",1,0.7373714594984665,148.47321428571448,TP,9399.0
2020-05-29,2020,"(1.0, 1.0)",1,0.7829695110950738,157.5,T,9399.0
2020-06-02,2020,"(0.5, 0.5)",1,0.9745842712947499,98.3642857142858,TP,9514.2
2020-06-02,2020,"(0.5, 0.75)",1,1.4547963110885034,145.59999999999854,T,9514.2
2020-06-02,2020,"(0.5, 1.0)",1,1.4547963110885034,145.59999999999854,T,9514.2
2020-06-02,2020,"(0.75, 0.5)",1,0.6497228475298332,98.3642857142858,TP,9514.2
2020-06-02,2020,"(0.75, 0.75)",1,0.9698642073923356,145.59999999999854,T,9514.2
2020-06-02,2020,"(0.75, 1.0)",1,0.9698642073923356,145.59999999999854,T,9514.2
2020-06-02,2020,"(1.0, 0.5)",1,0.48729213564737495,98.3642857142858,TP,9514.2
2020-06-02,2020,"(1.0, 0.75)",1,0.7273981555442517,145.59999999999854,T,9514.2
2020-06-02,2020,"(1.0, 1.0)",1,0.7273981555442517,145.59999999999854,T,9514.2
2020-06-04,2020,"(0.5, 0.5)",1,-0.28763562853252544,-22.399999999999636,T,9653.8
2020-06-04,2020,"(0.5, 0.75)",1,-0.28763562853252544,-22.399999999999636,T,9653.8
2020-06-04,2020,"(0.5, 1.0)",1,-0.28763562853252544,-22.399999999999636,T,9653.8
2020-06-04,2020,"(0.75, 0.5)",1,-0.19175708568835026,-22.399999999999636,T,9653.8
2020-06-04,2020,"(0.75, 0.75)",1,-0.19175708568835026,-22.399999999999636,T,9653.8
2020-06-04,2020,"(0.75, 1.0)",1,-0.19175708568835026,-22.399999999999636,T,9653.8
2020-06-04,2020,"(1.0, 0.5)",1,-0.14381781426626272,-22.399999999999636,T,9653.8
2020-06-04,2020,"(1.0, 0.75)",1,-0.14381781426626272,-22.399999999999636,T,9653.8
2020-06-04,2020,"(1.0, 1.0)",1,-0.14381781426626272,-22.399999999999636,T,9653.8
2020-06-05,2020,"(0.5, 0.5)",-1,-1.029756844074137,-84.01428571428589,SL,9730.7
2020-06-05,2020,"(0.5, 0.75)",-1,-1.029756844074137,-84.01428571428589,SL,9730.7
2020-06-05,2020,"(0.5, 1.0)",-1,-1.029756844074137,-84.01428571428589,SL,9730.7
2020-06-05,2020,"(0.75, 0.5)",-1,-0.6919458142039235,-84.69999999999891,T,9730.7
2020-06-05,2020,"(0.75, 0.75)",-1,-0.6919458142039235,-84.69999999999891,T,9730.7
2020-06-05,2020,"(0.75, 1.0)",-1,-0.6919458142039235,-84.69999999999891,T,9730.7
2020-06-05,2020,"(1.0, 0.5)",-1,-0.5189593606529426,-84.69999999999891,T,9730.7
2020-06-05,2020,"(1.0, 0.75)",-1,-0.5189593606529426,-84.69999999999891,T,9730.7
2020-06-05,2020,"(1.0, 1.0)",-1,-0.5189593606529426,-84.69999999999891,T,9730.7
2020-06-09,2020,"(0.5, 0.5)",-1,-1.0304056988967074,-82.22142857142866,SL,9894.8
2020-06-09,2020,"(0.5, 0.75)",-1,-1.0304056988967074,-82.22142857142866,SL,9894.8
2020-06-09,2020,"(0.5, 1.0)",-1,-1.0304056988967074,-82.22142857142866,SL,9894.8
2020-06-09,2020,"(0.75, 0.5)",-1,-0.5967625170127148,-71.10000000000036,T,9894.8
2020-06-09,2020,"(0.75, 0.75)",-1,-0.5967625170127148,-71.10000000000036,T,9894.8
2020-06-09,2020,"(0.75, 1.0)",-1,-0.5967625170127148,-71.10000000000036,T,9894.8
2020-06-09,2020,"(1.0, 0.5)",-1,-0.4475718877595361,-71.10000000000036,T,9894.8
2020-06-09,2020,"(1.0, 0.75)",-1,-0.4475718877595361,-71.10000000000036,T,9894.8
2020-06-09,2020,"(1.0, 1.0)",-1,-0.4475718877595361,-71.10000000000036,T,9894.8
2020-06-12,2020,"(0.5, 0.5)",1,0.973753280839895,95.25000000000007,TP,9585.5
2020-06-12,2020,"(0.5, 0.75)",1,1.4737532808398952,142.8750000000001,TP,9585.5
2020-06-12,2020,"(0.5, 1.0)",1,0.820997375328091,80.70000000000073,T,9585.5
2020-06-12,2020,"(0.75, 0.5)",1,0.6491688538932633,95.25000000000007,TP,9585.5
2020-06-12,2020,"(0.75, 0.75)",1,0.9825021872265967,142.8750000000001,TP,9585.5
2020-06-12,2020,"(0.75, 1.0)",1,0.5473315835520607,80.70000000000073,T,9585.5
2020-06-12,2020,"(1.0, 0.5)",1,0.4868766404199475,95.25000000000007,TP,9585.5
2020-06-12,2020,"(1.0, 0.75)",1,0.7368766404199476,142.8750000000001,TP,9585.5
2020-06-12,2020,"(1.0, 1.0)",1,0.4104986876640455,80.70000000000073,T,9585.5
2020-06-15,2020,"(0.5, 0.5)",1,0.9760495432305745,104.38214285714288,TP,9499.9
2020-06-15,2020,"(0.5, 0.75)",1,1.4760495432305745,156.57321428571433,TP,9499.9
2020-06-15,2020,"(0.5, 1.0)",1,1.9760495432305745,208.76428571428576,TP,9499.9
2020-06-15,2020,"(0.75, 0.5)",1,0.6506996954870496,104.38214285714288,TP,9499.9
2020-06-15,2020,"(0.75, 0.75)",1,0.984033028820383,156.57321428571433,TP,9499.9
2020-06-15,2020,"(0.75, 1.0)",1,1.3173663621537162,208.76428571428576,TP,9499.9
2020-06-15,2020,"(1.0, 0.5)",1,0.48802477161528723,104.38214285714288,TP,9499.9
2020-06-15,2020,"(1.0, 0.75)",1,0.7380247716152872,156.57321428571433,TP,9499.9
2020-06-15,2020,"(1.0, 1.0)",1,0.9880247716152872,208.76428571428576,TP,9499.9
2020-06-18,2020,"(0.5, 0.5)",1,0.36721935308506376,41.099999999998545,T,9969.7
2020-06-18,2020,"(0.5, 0.75)",1,0.36721935308506376,41.099999999998545,T,9969.7
2020-06-18,2020,"(0.5, 1.0)",1,0.36721935308506376,41.099999999998545,T,9969.7
2020-06-18,2020,"(0.75, 0.5)",1,0.24481290205670916,41.099999999998545,T,9969.7
2020-06-18,2020,"(0.75, 0.75)",1,0.24481290205670916,41.099999999998545,T,9969.7
2020-06-18,2020,"(0.75, 1.0)",1,0.24481290205670916,41.099999999998545,T,9969.7
2020-06-18,2020,"(1.0, 0.5)",1,0.18360967654253188,41.099999999998545,T,9969.7
2020-06-18,2020,"(1.0, 0.75)",1,0.18360967654253188,41.099999999998545,T,9969.7
2020-06-18,2020,"(1.0, 1.0)",1,0.18360967654253188,41.099999999998545,T,9969.7
2020-06-19,2020,"(0.5, 0.5)",1,0.3495296697079113,37.80000000000109,T,9964.8
2020-06-19,2020,"(0.5, 0.75)",1,0.3495296697079113,37.80000000000109,T,9964.8
2020-06-19,2020,"(0.5, 1.0)",1,0.3495296697079113,37.80000000000109,T,9964.8
2020-06-19,2020,"(0.75, 0.5)",1,0.23301977980527416,37.80000000000109,T,9964.8
2020-06-19,2020,"(0.75, 0.75)",1,0.23301977980527416,37.80000000000109,T,9964.8
2020-06-19,2020,"(0.75, 1.0)",1,0.23301977980527416,37.80000000000109,T,9964.8
2020-06-19,2020,"(1.0, 0.5)",1,0.17476483485395564,37.80000000000109,T,9964.8
2020-06-19,2020,"(1.0, 0.75)",1,0.17476483485395564,37.80000000000109,T,9964.8
2020-06-19,2020,"(1.0, 1.0)",1,0.17476483485395564,37.80000000000109,T,9964.8
2020-06-26,2020,"(0.5, 0.5)",1,-0.42850739578663655,-45.29999999999927,T,9902.0
2020-06-26,2020,"(0.5, 0.75)",1,-0.42850739578663655,-45.29999999999927,T,9902.0
2020-06-26,2020,"(0.5, 1.0)",1,-0.42850739578663655,-45.29999999999927,T,9902.0
2020-06-26,2020,"(0.75, 0.5)",1,-0.28567159719109103,-45.29999999999927,T,9902.0
2020-06-26,2020,"(0.75, 0.75)",1,-0.28567159719109103,-45.29999999999927,T,9902.0
2020-06-26,2020,"(0.75, 1.0)",1,-0.28567159719109103,-45.29999999999927,T,9902.0
2020-06-26,2020,"(1.0, 0.5)",1,-0.21425369789331827,-45.29999999999927,T,9902.0
2020-06-26,2020,"(1.0, 0.75)",1,-0.21425369789331827,-45.29999999999927,T,9902.0
2020-06-26,2020,"(1.0, 1.0)",1,-0.21425369789331827,-45.29999999999927,T,9902.0
2020-07-07,2020,"(0.5, 0.5)",-1,0.9747456526444909,98.99285714285705,TP,10624.6
2020-07-07,2020,"(0.5, 0.75)",-1,0.9606753734035691,97.60000000000036,T,10624.6
2020-07-07,2020,"(0.5, 1.0)",-1,0.9606753734035691,97.60000000000036,T,10624.6
2020-07-07,2020,"(0.75, 0.5)",-1,0.6498304350963272,98.99285714285705,TP,10624.6
2020-07-07,2020,"(0.75, 0.75)",-1,0.6404502489357127,97.60000000000036,T,10624.6
2020-07-07,2020,"(0.75, 1.0)",-1,0.6404502489357127,97.60000000000036,T,10624.6
2020-07-07,2020,"(1.0, 0.5)",-1,0.48737282632224543,98.99285714285705,TP,10624.6
2020-07-07,2020,"(1.0, 0.75)",-1,0.48033768670178456,97.60000000000036,T,10624.6
2020-07-07,2020,"(1.0, 1.0)",-1,0.48033768670178456,97.60000000000036,T,10624.6
2020-07-14,2020,"(0.5, 0.5)",1,-1.0214796403694497,-116.3892857142857,SL,10594.0
2020-07-14,2020,"(0.5, 0.75)",1,-1.0214796403694497,-116.3892857142857,SL,10594.0
2020-07-14,2020,"(0.5, 1.0)",1,-1.0214796403694497,-116.3892857142857,SL,10594.0
2020-07-14,2020,"(0.75, 0.5)",1,-1.0143197602462999,-174.58392857142854,SL,10594.0
2020-07-14,2020,"(0.75, 0.75)",1,-1.0143197602462999,-174.58392857142854,SL,10594.0
2020-07-14,2020,"(0.75, 1.0)",1,-1.0143197602462999,-174.58392857142854,SL,10594.0
2020-07-14,2020,"(1.0, 0.5)",1,0.3853447482279328,92.20000000000073,T,10594.0
2020-07-14,2020,"(1.0, 0.75)",1,0.3853447482279328,92.20000000000073,T,10594.0
2020-07-14,2020,"(1.0, 1.0)",1,0.3853447482279328,92.20000000000073,T,10594.0
2020-07-17,2020,"(0.5, 0.5)",-1,0.07074109720885166,10.899999999999636,T,10655.5
2020-07-17,2020,"(0.5, 0.75)",-1,0.07074109720885166,10.899999999999636,T,10655.5
2020-07-17,2020,"(0.5, 1.0)",-1,0.07074109720885166,10.899999999999636,T,10655.5
2020-07-17,2020,"(0.75, 0.5)",-1,0.04716073147256777,10.899999999999636,T,10655.5
2020-07-17,2020,"(0.75, 0.75)",-1,0.04716073147256777,10.899999999999636,T,10655.5
2020-07-17,2020,"(0.75, 1.0)",-1,0.04716073147256777,10.899999999999636,T,10655.5
2020-07-17,2020,"(1.0, 0.5)",-1,0.03537054860442583,10.899999999999636,T,10655.5
2020-07-17,2020,"(1.0, 0.75)",-1,0.03537054860442583,10.899999999999636,T,10655.5
2020-07-17,2020,"(1.0, 1.0)",-1,0.03537054860442583,10.899999999999636,T,10655.5
2020-07-20,2020,"(0.5, 0.5)",-1,-1.021920896877838,-114.04642857142848,SL,10677.4
2020-07-20,2020,"(0.5, 0.75)",-1,-1.021920896877838,-114.04642857142848,SL,10677.4
2020-07-20,2020,"(0.5, 1.0)",-1,-1.021920896877838,-114.04642857142848,SL,10677.4
2020-07-20,2020,"(0.75, 0.5)",-1,-1.014613931251892,-171.06964285714272,SL,10677.4
2020-07-20,2020,"(0.75, 0.75)",-1,-1.014613931251892,-171.06964285714272,SL,10677.4
2020-07-20,2020,"(0.75, 1.0)",-1,-1.014613931251892,-171.06964285714272,SL,10677.4
2020-07-20,2020,"(1.0, 0.5)",-1,-1.010960448438919,-228.09285714285696,SL,10677.4
2020-07-20,2020,"(1.0, 0.75)",-1,-1.010960448438919,-228.09285714285696,SL,10677.4
2020-07-20,2020,"(1.0, 1.0)",-1,-1.010960448438919,-228.09285714285696,SL,10677.4
2020-07-30,2020,"(0.5, 0.5)",1,0.9795817168859201,122.43928571428543,TP,10613.0
2020-07-30,2020,"(0.5, 0.75)",1,0.8208149811860125,103.0,T,10613.0
2020-07-30,2020,"(0.5, 1.0)",1,0.8208149811860125,103.0,T,10613.0
2020-07-30,2020,"(0.75, 0.5)",1,0.6530544779239468,122.43928571428543,TP,10613.0
2020-07-30,2020,"(0.75, 0.75)",1,0.5472099874573417,103.0,T,10613.0
2020-07-30,2020,"(0.75, 1.0)",1,0.5472099874573417,103.0,T,10613.0
2020-07-30,2020,"(1.0, 0.5)",1,0.48979085844296005,122.43928571428543,TP,10613.0
2020-07-30,2020,"(1.0, 0.75)",1,0.41040749059300624,103.0,T,10613.0
2020-07-30,2020,"(1.0, 1.0)",1,0.41040749059300624,103.0,T,10613.0
2020-08-05,2020,"(0.5, 0.5)",-1,-0.41071987208454364,-39.70000000000073,T,11085.3
2020-08-05,2020,"(0.5, 0.75)",-1,-0.41071987208454364,-39.70000000000073,T,11085.3
2020-08-05,2020,"(0.5, 1.0)",-1,-0.41071987208454364,-39.70000000000073,T,11085.3
2020-08-05,2020,"(0.75, 0.5)",-1,-0.2738132480563624,-39.70000000000073,T,11085.3
2020-08-05,2020,"(0.75, 0.75)",-1,-0.2738132480563624,-39.70000000000073,T,11085.3
2020-08-05,2020,"(0.75, 1.0)",-1,-0.2738132480563624,-39.70000000000073,T,11085.3
2020-08-05,2020,"(1.0, 0.5)",-1,-0.20535993604227182,-39.70000000000073,T,11085.3
2020-08-05,2020,"(1.0, 0.75)",-1,-0.20535993604227182,-39.70000000000073,T,11085.3
2020-08-05,2020,"(1.0, 1.0)",-1,-0.20535993604227182,-39.70000000000073,T,11085.3
2020-08-07,2020,"(0.5, 0.5)",1,0.3784460256731086,40.29999999999927,T,11095.7
2020-08-07,2020,"(0.5, 0.75)",1,0.3784460256731086,40.29999999999927,T,11095.7
2020-08-07,2020,"(0.5, 1.0)",1,0.3784460256731086,40.29999999999927,T,11095.7
2020-08-07,2020,"(0.75, 0.5)",1,0.252297350448739,40.29999999999927,T,11095.7
2020-08-07,2020,"(0.75, 0.75)",1,0.252297350448739,40.29999999999927,T,11095.7
2020-08-07,2020,"(0.75, 1.0)",1,0.252297350448739,40.29999999999927,T,11095.7
2020-08-07,2020,"(1.0, 0.5)",1,0.1892230128365543,40.29999999999927,T,11095.7
2020-08-07,2020,"(1.0, 0.75)",1,0.1892230128365543,40.29999999999927,T,11095.7
2020-08-07,2020,"(1.0, 1.0)",1,0.1892230128365543,40.29999999999927,T,11095.7
2020-08-13,2020,"(0.5, 0.5)",-1,0.07375429867563113,9.699999999998909,T,11184.8
2020-08-13,2020,"(0.5, 0.75)",-1,0.07375429867563113,9.699999999998909,T,11184.8
2020-08-13,2020,"(0.5, 1.0)",-1,0.07375429867563113,9.699999999998909,T,11184.8
2020-08-13,2020,"(0.75, 0.5)",-1,0.04916953245042075,9.699999999998909,T,11184.8
2020-08-13,2020,"(0.75, 0.75)",-1,0.04916953245042075,9.699999999998909,T,11184.8
2020-08-13,2020,"(0.75, 1.0)",-1,0.04916953245042075,9.699999999998909,T,11184.8
2020-08-13,2020,"(1.0, 0.5)",-1,0.036877149337815565,9.699999999998909,T,11184.8
2020-08-13,2020,"(1.0, 0.75)",-1,0.036877149337815565,9.699999999998909,T,11184.8
2020-08-13,2020,"(1.0, 1.0)",-1,0.036877149337815565,9.699999999998909,T,11184.8
2020-08-20,2020,"(0.5, 0.5)",1,0.9709386806160999,86.02499999999976,TP,11308.2
2020-08-20,2020,"(0.5, 0.75)",1,1.4709386806161,129.03749999999965,TP,11308.2
2020-08-20,2020,"(0.5, 1.0)",1,1.9709386806160998,172.04999999999953,TP,11308.2
2020-08-20,2020,"(0.75, 0.5)",1,0.6472924537440665,86.02499999999976,TP,11308.2
2020-08-20,2020,"(0.75, 0.75)",1,0.9806257870773999,129.03749999999965,TP,11308.2
2020-08-20,2020,"(0.75, 1.0)",1,1.3139591204107333,172.04999999999953,TP,11308.2
2020-08-20,2020,"(1.0, 0.5)",1,0.48546934030804995,86.02499999999976,TP,11308.2
2020-08-20,2020,"(1.0, 0.75)",1,0.73546934030805,129.03749999999965,TP,11308.2
2020-08-20,2020,"(1.0, 1.0)",1,0.9854693403080499,172.04999999999953,TP,11308.2
2020-08-21,2020,"(0.5, 0.5)",-1,-0.7674705737097764,-64.10000000000036,T,11494.1
2020-08-21,2020,"(0.5, 0.75)",-1,-0.7674705737097764,-64.10000000000036,T,11494.1
2020-08-21,2020,"(0.5, 1.0)",-1,-0.7674705737097764,-64.10000000000036,T,11494.1
2020-08-21,2020,"(0.75, 0.5)",-1,-0.511647049139851,-64.10000000000036,T,11494.1
2020-08-21,2020,"(0.75, 0.75)",-1,-0.511647049139851,-64.10000000000036,T,11494.1
2020-08-21,2020,"(0.75, 1.0)",-1,-0.511647049139851,-64.10000000000036,T,11494.1
2020-08-21,2020,"(1.0, 0.5)",-1,-0.3837352868548882,-64.10000000000036,T,11494.1
2020-08-21,2020,"(1.0, 0.75)",-1,-0.3837352868548882,-64.10000000000036,T,11494.1
2020-08-21,2020,"(1.0, 1.0)",-1,-0.3837352868548882,-64.10000000000036,T,11494.1
2020-08-27,2020,"(0.5, 0.5)",-1,0.9732354515561673,93.40714285714272,TP,11964.0
2020-08-27,2020,"(0.5, 0.75)",-1,0.31368050776171175,31.799999999999272,T,11964.0
2020-08-27,2020,"(0.5, 1.0)",-1,0.31368050776171175,31.799999999999272,T,11964.0
2020-08-27,2020,"(0.75, 0.5)",-1,0.6488236343707782,93.40714285714272,TP,11964.0
2020-08-27,2020,"(0.75, 0.75)",-1,0.20912033850780784,31.799999999999272,T,11964.0
2020-08-27,2020,"(0.75, 1.0)",-1,0.20912033850780784,31.799999999999272,T,11964.0
2020-08-27,2020,"(1.0, 0.5)",-1,0.48661772577808365,93.40714285714272,TP,11964.0
2020-08-27,2020,"(1.0, 0.75)",-1,0.15684025388085587,31.799999999999272,T,11964.0
2020-08-27,2020,"(1.0, 1.0)",-1,0.15684025388085587,31.799999999999272,T,11964.0
2020-08-31,2020,"(0.5, 0.5)",-1,-1.0283102806762112,-88.30714285714274,SL,12014.2
2020-08-31,2020,"(0.5, 0.75)",-1,-1.0283102806762112,-88.30714285714274,SL,12014.2
2020-08-31,2020,"(0.5, 1.0)",-1,-1.0283102806762112,-88.30714285714274,SL,12014.2
2020-08-31,2020,"(0.75, 0.5)",-1,-1.0188735204508075,-132.46071428571412,SL,12014.2
2020-08-31,2020,"(0.75, 0.75)",-1,-1.0188735204508075,-132.46071428571412,SL,12014.2
2020-08-31,2020,"(0.75, 1.0)",-1,-1.0188735204508075,-132.46071428571412,SL,12014.2
2020-08-31,2020,"(1.0, 0.5)",-1,-0.4750465097468238,-81.39999999999964,T,12014.2
2020-08-31,2020,"(1.0, 0.75)",-1,-0.4750465097468238,-81.39999999999964,T,12014.2
2020-08-31,2020,"(1.0, 1.0)",-1,-0.4750465097468238,-81.39999999999964,T,12014.2
2020-09-01,2020,"(0.5, 0.5)",-1,-1.0290685602757361,-86.00357142857138,SL,12148.0
2020-09-01,2020,"(0.5, 0.75)",-1,-1.0290685602757361,-86.00357142857138,SL,12148.0
2020-09-01,2020,"(0.5, 1.0)",-1,-1.0290685602757361,-86.00357142857138,SL,12148.0
2020-09-01,2020,"(0.75, 0.5)",-1,-1.019379040183824,-129.00535714285706,SL,12148.0
2020-09-01,2020,"(0.75, 0.75)",-1,-1.019379040183824,-129.00535714285706,SL,12148.0
2020-09-01,2020,"(0.75, 1.0)",-1,-1.019379040183824,-129.00535714285706,SL,12148.0
2020-09-01,2020,"(1.0, 0.5)",-1,-0.8836842323823767,-149.5,T,12148.0
2020-09-01,2020,"(1.0, 0.75)",-1,-0.8836842323823767,-149.5,T,12148.0
2020-09-01,2020,"(1.0, 1.0)",-1,-0.8836842323823767,-149.5,T,12148.0
2020-09-03,2020,"(0.5, 0.5)",1,-1.0288386272813415,-86.68928571428569,SL,12213.5
2020-09-03,2020,"(0.5, 0.75)",1,-1.0288386272813415,-86.68928571428569,SL,12213.5
2020-09-03,2020,"(0.5, 1.0)",1,-1.0288386272813415,-86.68928571428569,SL,12213.5
2020-09-03,2020,"(0.75, 0.5)",1,-1.0192257515208942,-130.03392857142853,SL,12213.5
2020-09-03,2020,"(0.75, 0.75)",1,-1.0192257515208942,-130.03392857142853,SL,12213.5
2020-09-03,2020,"(0.75, 1.0)",1,-1.0192257515208942,-130.03392857142853,SL,12213.5
2020-09-03,2020,"(1.0, 0.5)",1,-1.0144193136406707,-173.37857142857138,SL,12213.5
2020-09-03,2020,"(1.0, 0.75)",1,-1.0144193136406707,-173.37857142857138,SL,12213.5
2020-09-03,2020,"(1.0, 1.0)",1,-1.0144193136406707,-173.37857142857138,SL,12213.5
2020-09-08,2020,"(0.5, 0.5)",1,0.9807045592370032,129.5642857142857,TP,11215.2
2020-09-08,2020,"(0.5, 0.75)",1,-1.0192954407629968,-129.5642857142857,SL,11215.2
2020-09-08,2020,"(0.5, 1.0)",1,-1.0192954407629968,-129.5642857142857,SL,11215.2
2020-09-08,2020,"(0.75, 0.5)",1,0.6538030394913354,129.5642857142857,TP,11215.2
2020-09-08,2020,"(0.75, 0.75)",1,-0.7558667328224712,-144.40000000000146,T,11215.2
2020-09-08,2020,"(0.75, 1.0)",1,-0.7558667328224712,-144.40000000000146,T,11215.2
2020-09-08,2020,"(1.0, 0.5)",1,0.4903522796185016,129.5642857142857,TP,11215.2
2020-09-08,2020,"(1.0, 0.75)",1,-0.5669000496168534,-144.40000000000146,T,11215.2
2020-09-08,2020,"(1.0, 1.0)",1,-0.5669000496168534,-144.40000000000146,T,11215.2
2020-09-16,2020,"(0.5, 0.5)",1,-0.6915117219078349,-119.69999999999891,T,11369.4
2020-09-16,2020,"(0.5, 0.75)",1,-0.6915117219078349,-119.69999999999891,T,11369.4
2020-09-16,2020,"(0.5, 1.0)",1,-0.6915117219078349,-119.69999999999891,T,11369.4
2020-09-16,2020,"(0.75, 0.5)",1,-0.4610078146052232,-119.69999999999891,T,11369.4
2020-09-16,2020,"(0.75, 0.75)",1,-0.4610078146052232,-119.69999999999891,T,11369.4
2020-09-16,2020,"(0.75, 1.0)",1,-0.4610078146052232,-119.69999999999891,T,11369.4
2020-09-16,2020,"(1.0, 0.5)",1,-0.34575586095391747,-119.69999999999891,T,11369.4
2020-09-16,2020,"(1.0, 0.75)",1,-0.34575586095391747,-119.69999999999891,T,11369.4
2020-09-16,2020,"(1.0, 1.0)",1,-0.34575586095391747,-119.69999999999891,T,11369.4
2020-09-21,2020,"(0.5, 0.5)",1,0.9678325870693362,187.0,T,10795.4
2020-09-21,2020,"(0.5, 0.75)",1,0.9678325870693362,187.0,T,10795.4
2020-09-21,2020,"(0.5, 1.0)",1,0.9678325870693362,187.0,T,10795.4
2020-09-21,2020,"(0.75, 0.5)",1,0.6452217247128907,187.0,T,10795.4
2020-09-21,2020,"(0.75, 0.75)",1,0.6452217247128907,187.0,T,10795.4
2020-09-21,2020,"(0.75, 1.0)",1,0.6452217247128907,187.0,T,10795.4
2020-09-21,2020,"(1.0, 0.5)",1,0.4839162935346681,187.0,T,10795.4
2020-09-21,2020,"(1.0, 0.75)",1,0.4839162935346681,187.0,T,10795.4
2020-09-21,2020,"(1.0, 1.0)",1,0.4839162935346681,187.0,T,10795.4
2020-09-23,2020,"(0.5, 0.5)",1,-0.6021070131372085,-116.5,T,10954.3
2020-09-23,2020,"(0.5, 0.75)",1,-0.6021070131372085,-116.5,T,10954.3
2020-09-23,2020,"(0.5, 1.0)",1,-0.6021070131372085,-116.5,T,10954.3
2020-09-23,2020,"(0.75, 0.5)",1,-0.4014046754248057,-116.5,T,10954.3
2020-09-23,2020,"(0.75, 0.75)",1,-0.4014046754248057,-116.5,T,10954.3
2020-09-23,2020,"(0.75, 1.0)",1,-0.4014046754248057,-116.5,T,10954.3
2020-09-23,2020,"(1.0, 0.5)",1,-0.30105350656860425,-116.5,T,10954.3
2020-09-23,2020,"(1.0, 0.75)",1,-0.30105350656860425,-116.5,T,10954.3
2020-09-23,2020,"(1.0, 1.0)",1,-0.30105350656860425,-116.5,T,10954.3
2020-09-29,2020,"(0.5, 0.5)",-1,0.2594498273749768,44.099999999998545,T,11365.3
2020-09-29,2020,"(0.5, 0.75)",-1,0.2594498273749768,44.099999999998545,T,11365.3
2020-09-29,2020,"(0.5, 1.0)",-1,0.2594498273749768,44.099999999998545,T,11365.3
2020-09-29,2020,"(0.75, 0.5)",-1,0.17296655158331786,44.099999999998545,T,11365.3
2020-09-29,2020,"(0.75, 0.75)",-1,0.17296655158331786,44.099999999998545,T,11365.3
2020-09-29,2020,"(0.75, 1.0)",-1,0.17296655158331786,44.099999999998545,T,11365.3
2020-09-29,2020,"(1.0, 0.5)",-1,0.1297249136874884,44.099999999998545,T,11365.3
2020-09-29,2020,"(1.0, 0.75)",-1,0.1297249136874884,44.099999999998545,T,11365.3
2020-09-29,2020,"(1.0, 1.0)",-1,0.1297249136874884,44.099999999998545,T,11365.3
2020-09-30,2020,"(0.5, 0.5)",-1,-0.11267875535966161,-14.299999999999272,T,11394.1
2020-09-30,2020,"(0.5, 0.75)",-1,-0.11267875535966161,-14.299999999999272,T,11394.1
2020-09-30,2020,"(0.5, 1.0)",-1,-0.11267875535966161,-14.299999999999272,T,11394.1
2020-09-30,2020,"(0.75, 0.5)",-1,-0.0751191702397744,-14.299999999999272,T,11394.1
2020-09-30,2020,"(0.75, 0.75)",-1,-0.0751191702397744,-14.299999999999272,T,11394.1
2020-09-30,2020,"(0.75, 1.0)",-1,-0.0751191702397744,-14.299999999999272,T,11394.1
2020-09-30,2020,"(1.0, 0.5)",-1,-0.056339377679830806,-14.299999999999272,T,11394.1
2020-09-30,2020,"(1.0, 0.75)",-1,-0.056339377679830806,-14.299999999999272,T,11394.1
2020-09-30,2020,"(1.0, 1.0)",-1,-0.056339377679830806,-14.299999999999272,T,11394.1
2020-10-05,2020,"(0.5, 0.5)",-1,-0.2307692307692253,-29.299999999999272,T,11475.7
2020-10-05,2020,"(0.5, 0.75)",-1,-0.2307692307692253,-29.299999999999272,T,11475.7
2020-10-05,2020,"(0.5, 1.0)",-1,-0.2307692307692253,-29.299999999999272,T,11475.7
2020-10-05,2020,"(0.75, 0.5)",-1,-0.1538461538461502,-29.299999999999272,T,11475.7
2020-10-05,2020,"(0.75, 0.75)",-1,-0.1538461538461502,-29.299999999999272,T,11475.7
2020-10-05,2020,"(0.75, 1.0)",-1,-0.1538461538461502,-29.299999999999272,T,11475.7
2020-10-05,2020,"(1.0, 0.5)",-1,-0.11538461538461264,-29.299999999999272,T,11475.7
2020-10-05,2020,"(1.0, 0.75)",-1,-0.11538461538461264,-29.299999999999272,T,11475.7
2020-10-05,2020,"(1.0, 1.0)",-1,-0.11538461538461264,-29.299999999999272,T,11475.7
2020-10-06,2020,"(0.5, 0.5)",1,-0.5085546935210316,-68.19999999999891,T,11357.8
2020-10-06,2020,"(0.5, 0.75)",1,-0.5085546935210316,-68.19999999999891,T,11357.8
2020-10-06,2020,"(0.5, 1.0)",1,-0.5085546935210316,-68.19999999999891,T,11357.8
2020-10-06,2020,"(0.75, 0.5)",1,-0.33903646234735435,-68.19999999999891,T,11357.8
2020-10-06,2020,"(0.75, 0.75)",1,-0.33903646234735435,-68.19999999999891,T,11357.8
2020-10-06,2020,"(0.75, 1.0)",1,-0.33903646234735435,-68.19999999999891,T,11357.8
2020-10-06,2020,"(1.0, 0.5)",1,-0.2542773467605158,-68.19999999999891,T,11357.8
2020-10-06,2020,"(1.0, 0.75)",1,-0.2542773467605158,-68.19999999999891,T,11357.8
2020-10-06,2020,"(1.0, 1.0)",1,-0.2542773467605158,-68.19999999999891,T,11357.8
2020-10-19,2020,"(0.5, 0.5)",1,-1.0215816247880376,-115.83928571428578,SL,11842.8
2020-10-19,2020,"(0.5, 0.75)",1,-1.0215816247880376,-115.83928571428578,SL,11842.8
2020-10-19,2020,"(0.5, 1.0)",1,-1.0215816247880376,-115.83928571428578,SL,11842.8
2020-10-19,2020,"(0.75, 0.5)",1,-1.0143877498586917,-173.75892857142867,SL,11842.8
2020-10-19,2020,"(0.75, 0.75)",1,-1.0143877498586917,-173.75892857142867,SL,11842.8
2020-10-19,2020,"(0.75, 1.0)",1,-1.0143877498586917,-173.75892857142867,SL,11842.8
2020-10-19,2020,"(1.0, 0.5)",1,-1.0107908123940188,-231.67857142857156,SL,11842.8
2020-10-19,2020,"(1.0, 0.75)",1,-1.0107908123940188,-231.67857142857156,SL,11842.8
2020-10-19,2020,"(1.0, 1.0)",1,-1.0107908123940188,-231.67857142857156,SL,11842.8
2020-11-02,2020,"(0.5, 0.5)",1,0.9256658802126198,118.79999999999927,T,10961.2
2020-11-02,2020,"(0.5, 0.75)",1,0.9256658802126198,118.79999999999927,T,10961.2
2020-11-02,2020,"(0.5, 1.0)",1,0.9256658802126198,118.79999999999927,T,10961.2
2020-11-02,2020,"(0.75, 0.5)",1,0.6171105868084132,118.79999999999927,T,10961.2
2020-11-02,2020,"(0.75, 0.75)",1,0.6171105868084132,118.79999999999927,T,10961.2
2020-11-02,2020,"(0.75, 1.0)",1,0.6171105868084132,118.79999999999927,T,10961.2
2020-11-02,2020,"(1.0, 0.5)",1,0.4628329401063099,118.79999999999927,T,10961.2
2020-11-02,2020,"(1.0, 0.75)",1,0.4628329401063099,118.79999999999927,T,10961.2
2020-11-02,2020,"(1.0, 1.0)",1,0.4628329401063099,118.79999999999927,T,10961.2
2020-11-06,2020,"(0.5, 0.5)",1,0.6778059071729922,102.89999999999964,T,11984.6
2020-11-06,2020,"(0.5, 0.75)",1,0.6778059071729922,102.89999999999964,T,11984.6
2020-11-06,2020,"(0.5, 1.0)",1,0.6778059071729922,102.89999999999964,T,11984.6
2020-11-06,2020,"(0.75, 0.5)",1,0.45187060478199476,102.89999999999964,T,11984.6
2020-11-06,2020,"(0.75, 0.75)",1,0.45187060478199476,102.89999999999964,T,11984.6
2020-11-06,2020,"(0.75, 1.0)",1,0.45187060478199476,102.89999999999964,T,11984.6
2020-11-06,2020,"(1.0, 0.5)",1,0.3389029535864961,102.89999999999964,T,11984.6
2020-11-06,2020,"(1.0, 0.75)",1,0.3389029535864961,102.89999999999964,T,11984.6
2020-11-06,2020,"(1.0, 1.0)",1,0.3389029535864961,102.89999999999964,T,11984.6
2020-11-09,2020,"(0.5, 0.5)",-1,-1.017417701361069,-143.5321428571431,SL,12099.4
2020-11-09,2020,"(0.5, 0.75)",-1,-1.017417701361069,-143.5321428571431,SL,12099.4
2020-11-09,2020,"(0.5, 1.0)",-1,-1.017417701361069,-143.5321428571431,SL,12099.4
2020-11-09,2020,"(0.75, 0.5)",-1,0.6550548657592874,143.5321428571431,TP,12099.4
2020-11-09,2020,"(0.75, 0.75)",-1,0.9883881990926208,215.29821428571466,TP,12099.4
2020-11-09,2020,"(0.75, 1.0)",-1,1.2224903995288854,265.6999999999989,T,12099.4
2020-11-09,2020,"(1.0, 0.5)",-1,0.49129114931946555,143.5321428571431,TP,12099.4
2020-11-09,2020,"(1.0, 0.75)",-1,0.7412911493194656,215.29821428571466,TP,12099.4
2020-11-09,2020,"(1.0, 1.0)",-1,0.9168677996466641,265.6999999999989,T,12099.4
2020-11-16,2020,"(0.5, 0.5)",-1,-0.4122245265388813,-62.099999999998545,T,11957.2
2020-11-16,2020,"(0.5, 0.75)",-1,-0.4122245265388813,-62.099999999998545,T,11957.2
2020-11-16,2020,"(0.5, 1.0)",-1,-0.4122245265388813,-62.099999999998545,T,11957.2
2020-11-16,2020,"(0.75, 0.5)",-1,-0.2748163510259209,-62.099999999998545,T,11957.2
2020-11-16,2020,"(0.75, 0.75)",-1,-0.2748163510259209,-62.099999999998545,T,11957.2
2020-11-16,2020,"(0.75, 1.0)",-1,-0.2748163510259209,-62.099999999998545,T,11957.2
2020-11-16,2020,"(1.0, 0.5)",-1,-0.20611226326944065,-62.099999999998545,T,11957.2
2020-11-16,2020,"(1.0, 0.75)",-1,-0.20611226326944065,-62.099999999998545,T,11957.2
2020-11-16,2020,"(1.0, 1.0)",-1,-0.20611226326944065,-62.099999999998545,T,11957.2
2020-11-17,2020,"(0.5, 0.5)",-1,0.34125378021328556,56.100000000000364,T,12037.9
2020-11-17,2020,"(0.5, 0.75)",-1,0.34125378021328556,56.100000000000364,T,12037.9
2020-11-17,2020,"(0.5, 1.0)",-1,0.34125378021328556,56.100000000000364,T,12037.9
2020-11-17,2020,"(0.75, 0.5)",-1,0.22750252014219036,56.100000000000364,T,12037.9
2020-11-17,2020,"(0.75, 0.75)",-1,0.22750252014219036,56.100000000000364,T,12037.9
2020-11-17,2020,"(0.75, 1.0)",-1,0.22750252014219036,56.100000000000364,T,12037.9
2020-11-17,2020,"(1.0, 0.5)",-1,0.17062689010664278,56.100000000000364,T,12037.9
2020-11-17,2020,"(1.0, 0.75)",-1,0.17062689010664278,56.100000000000364,T,12037.9
2020-11-17,2020,"(1.0, 1.0)",-1,0.17062689010664278,56.100000000000364,T,12037.9
2020-11-23,2020,"(0.5, 0.5)",1,-0.09036161936320987,-8.700000000000728,T,11913.5
2020-11-23,2020,"(0.5, 0.75)",1,-0.09036161936320987,-8.700000000000728,T,11913.5
2020-11-23,2020,"(0.5, 1.0)",1,-0.09036161936320987,-8.700000000000728,T,11913.5
2020-11-23,2020,"(0.75, 0.5)",1,-0.060241079575473255,-8.700000000000728,T,11913.5
2020-11-23,2020,"(0.75, 0.75)",1,-0.060241079575473255,-8.700000000000728,T,11913.5
2020-11-23,2020,"(0.75, 1.0)",1,-0.060241079575473255,-8.700000000000728,T,11913.5
2020-11-23,2020,"(1.0, 0.5)",1,-0.045180809681604935,-8.700000000000728,T,11913.5
2020-11-23,2020,"(1.0, 0.75)",1,-0.045180809681604935,-8.700000000000728,T,11913.5
2020-11-23,2020,"(1.0, 1.0)",1,-0.045180809681604935,-8.700000000000728,T,11913.5
2020-12-08,2020,"(0.5, 0.5)",1,0.9653671086483276,72.18571428571411,TP,12529.1
2020-12-08,2020,"(0.5, 0.75)",1,1.4653671086483278,108.27857142857117,TP,12529.1
2020-12-08,2020,"(0.5, 1.0)",1,1.453196121116167,107.39999999999964,T,12529.1
2020-12-08,2020,"(0.75, 0.5)",1,0.6435780724322184,72.18571428571411,TP,12529.1
2020-12-08,2020,"(0.75, 0.75)",1,0.9769114057655518,108.27857142857117,TP,12529.1
2020-12-08,2020,"(0.75, 1.0)",1,0.9687974140774447,107.39999999999964,T,12529.1
2020-12-08,2020,"(1.0, 0.5)",1,0.4826835543241638,72.18571428571411,TP,12529.1
2020-12-08,2020,"(1.0, 0.75)",1,0.7326835543241639,108.27857142857117,TP,12529.1
2020-12-08,2020,"(1.0, 1.0)",1,0.7265980605580835,107.39999999999964,T,12529.1
2020-12-18,2020,"(0.5, 0.5)",-1,0.9692483416069938,81.29642857142842,TP,12755.1
2020-12-18,2020,"(0.5, 0.75)",-1,1.469248341606994,121.94464285714264,TP,12755.1
2020-12-18,2020,"(0.5, 1.0)",-1,0.6556253569389067,55.80000000000109,T,12755.1
2020-12-18,2020,"(0.75, 0.5)",-1,0.6461655610713292,81.29642857142842,TP,12755.1
2020-12-18,2020,"(0.75, 0.75)",-1,0.9794988944046625,121.94464285714264,TP,12755.1
2020-12-18,2020,"(0.75, 1.0)",-1,0.43708357129260444,55.80000000000109,T,12755.1
2020-12-18,2020,"(1.0, 0.5)",-1,0.4846241708034969,81.29642857142842,TP,12755.1
2020-12-18,2020,"(1.0, 0.75)",-1,0.734624170803497,121.94464285714264,TP,12755.1
2020-12-18,2020,"(1.0, 1.0)",-1,0.32781267846945333,55.80000000000109,T,12755.1
2020-12-21,2020,"(0.5, 0.5)",1,-1.0312430261102432,-80.01785714285701,SL,12628.2
2020-12-21,2020,"(0.5, 0.75)",1,-1.0312430261102432,-80.01785714285701,SL,12628.2
2020-12-21,2020,"(0.5, 1.0)",1,-1.0312430261102432,-80.01785714285701,SL,12628.2
2020-12-21,2020,"(0.75, 0.5)",1,-1.0208286840734955,-120.02678571428552,SL,12628.2
2020-12-21,2020,"(0.75, 0.75)",1,-1.0208286840734955,-120.02678571428552,SL,12628.2
2020-12-21,2020,"(0.75, 1.0)",1,-1.0208286840734955,-120.02678571428552,SL,12628.2
2020-12-21,2020,"(1.0, 0.5)",1,-1.0156215130551216,-160.03571428571402,SL,12628.2
2020-12-21,2020,"(1.0, 0.75)",1,-1.0156215130551216,-160.03571428571402,SL,12628.2
2020-12-21,2020,"(1.0, 1.0)",1,-1.0156215130551216,-160.03571428571402,SL,12628.2
2020-12-22,2020,"(0.5, 0.5)",-1,0.968836256789244,80.22142857142846,TP,12685.7
2020-12-22,2020,"(0.5, 0.75)",-1,-0.4512510016917331,-33.69999999999891,T,12685.7
2020-12-22,2020,"(0.5, 1.0)",-1,-0.4512510016917331,-33.69999999999891,T,12685.7
2020-12-22,2020,"(0.75, 0.5)",-1,0.6458908378594961,80.22142857142846,TP,12685.7
2020-12-22,2020,"(0.75, 0.75)",-1,-0.30083400112782205,-33.69999999999891,T,12685.7
2020-12-22,2020,"(0.75, 1.0)",-1,-0.30083400112782205,-33.69999999999891,T,12685.7
2020-12-22,2020,"(1.0, 0.5)",-1,0.484418128394622,80.22142857142846,TP,12685.7
2020-12-22,2020,"(1.0, 0.75)",-1,-0.22562550084586655,-33.69999999999891,T,12685.7
2020-12-22,2020,"(1.0, 1.0)",-1,-0.22562550084586655,-33.69999999999891,T,12685.7
2021-01-04,2021,"(0.5, 0.5)",-1,0.969772864668797,82.70714285714277,TP,12908.8
2021-01-04,2021,"(0.5, 0.75)",-1,1.4697728646687969,124.06071428571416,TP,12908.8
2021-01-04,2021,"(0.5, 1.0)",-1,1.9697728646687969,165.41428571428554,TP,12908.8
2021-01-04,2021,"(0.75, 0.5)",-1,0.6465152431125313,82.70714285714277,TP,12908.8
2021-01-04,2021,"(0.75, 0.75)",-1,0.9798485764458646,124.06071428571416,TP,12908.8
2021-01-04,2021,"(0.75, 1.0)",-1,1.313181909779198,165.41428571428554,TP,12908.8
2021-01-04,2021,"(1.0, 0.5)",-1,0.4848864323343985,82.70714285714277,TP,12908.8
2021-01-04,2021,"(1.0, 0.75)",-1,0.7348864323343984,124.06071428571416,TP,12908.8
2021-01-04,2021,"(1.0, 1.0)",-1,0.9848864323343984,165.41428571428554,TP,12908.8
2021-01-07,2021,"(0.5, 0.5)",-1,-1.0291448080606211,-85.7785714285714,SL,12807.3
2021-01-07,2021,"(0.5, 0.75)",-1,-1.0291448080606211,-85.7785714285714,SL,12807.3
2021-01-07,2021,"(0.5, 1.0)",-1,-1.0291448080606211,-85.7785714285714,SL,12807.3
2021-01-07,2021,"(0.75, 0.5)",-1,-1.0194298720404142,-128.6678571428571,SL,12807.3
2021-01-07,2021,"(0.75, 0.75)",-1,-1.0194298720404142,-128.6678571428571,SL,12807.3
2021-01-07,2021,"(0.75, 1.0)",-1,-1.0194298720404142,-128.6678571428571,SL,12807.3
2021-01-07,2021,"(1.0, 0.5)",-1,-0.7595136980597952,-127.80000000000109,T,12807.3
2021-01-07,2021,"(1.0, 0.75)",-1,-0.7595136980597952,-127.80000000000109,T,12807.3
2021-01-07,2021,"(1.0, 1.0)",-1,-0.7595136980597952,-127.80000000000109,T,12807.3
2021-01-11,2021,"(0.5, 0.5)",1,-0.41575140637556135,-36.29999999999927,T,12943.9
2021-01-11,2021,"(0.5, 0.75)",1,-0.41575140637556135,-36.29999999999927,T,12943.9
2021-01-11,2021,"(0.5, 1.0)",1,-0.41575140637556135,-36.29999999999927,T,12943.9
2021-01-11,2021,"(0.75, 0.5)",1,-0.2771676042503743,-36.29999999999927,T,12943.9
2021-01-11,2021,"(0.75, 0.75)",1,-0.2771676042503743,-36.29999999999927,T,12943.9
2021-01-11,2021,"(0.75, 1.0)",1,-0.2771676042503743,-36.29999999999927,T,12943.9
2021-01-11,2021,"(1.0, 0.5)",1,-0.20787570318778067,-36.29999999999927,T,12943.9
2021-01-11,2021,"(1.0, 0.75)",1,-0.20787570318778067,-36.29999999999927,T,12943.9
2021-01-11,2021,"(1.0, 1.0)",1,-0.20787570318778067,-36.29999999999927,T,12943.9
2021-01-12,2021,"(0.5, 0.5)",1,-1.0259230455875272,-96.43928571428569,SL,12884.8
2021-01-12,2021,"(0.5, 0.75)",1,-1.0259230455875272,-96.43928571428569,SL,12884.8
2021-01-12,2021,"(0.5, 1.0)",1,-1.0259230455875272,-96.43928571428569,SL,12884.8
2021-01-12,2021,"(0.75, 0.5)",1,0.03318149835204251,7.300000000001091,T,12884.8
2021-01-12,2021,"(0.75, 0.75)",1,0.03318149835204251,7.300000000001091,T,12884.8
2021-01-12,2021,"(0.75, 1.0)",1,0.03318149835204251,7.300000000001091,T,12884.8
2021-01-12,2021,"(1.0, 0.5)",1,0.024886123764031886,7.300000000001091,T,12884.8
2021-01-12,2021,"(1.0, 0.75)",1,0.024886123764031886,7.300000000001091,T,12884.8
2021-01-12,2021,"(1.0, 1.0)",1,0.024886123764031886,7.300000000001091,T,12884.8
2021-01-13,2021,"(0.5, 0.5)",-1,-0.25378855730304134,-22.799999999999272,T,12952.7
2021-01-13,2021,"(0.5, 0.75)",-1,-0.25378855730304134,-22.799999999999272,T,12952.7
2021-01-13,2021,"(0.5, 1.0)",-1,-0.25378855730304134,-22.799999999999272,T,12952.7
2021-01-13,2021,"(0.75, 0.5)",-1,-0.1691923715353609,-22.799999999999272,T,12952.7
2021-01-13,2021,"(0.75, 0.75)",-1,-0.1691923715353609,-22.799999999999272,T,12952.7
2021-01-13,2021,"(0.75, 1.0)",-1,-0.1691923715353609,-22.799999999999272,T,12952.7
2021-01-13,2021,"(1.0, 0.5)",-1,-0.12689427865152067,-22.799999999999272,T,12952.7
2021-01-13,2021,"(1.0, 0.75)",-1,-0.12689427865152067,-22.799999999999272,T,12952.7
2021-01-13,2021,"(1.0, 1.0)",-1,-0.12689427865152067,-22.799999999999272,T,12952.7
2021-01-14,2021,"(0.5, 0.5)",-1,0.9745371212396785,98.18214285714294,TP,13001.3
2021-01-14,2021,"(0.5, 0.75)",-1,0.9645338474409688,97.19999999999891,T,13001.3
2021-01-14,2021,"(0.5, 1.0)",-1,0.9645338474409688,97.19999999999891,T,13001.3
2021-01-14,2021,"(0.75, 0.5)",-1,0.6496914141597856,98.18214285714294,TP,13001.3
2021-01-14,2021,"(0.75, 0.75)",-1,0.6430225649606459,97.19999999999891,T,13001.3
2021-01-14,2021,"(0.75, 1.0)",-1,0.6430225649606459,97.19999999999891,T,13001.3
2021-01-14,2021,"(1.0, 0.5)",-1,0.48726856061983925,98.18214285714294,TP,13001.3
2021-01-14,2021,"(1.0, 0.75)",-1,0.4822669237204844,97.19999999999891,T,13001.3
2021-01-14,2021,"(1.0, 1.0)",-1,0.4822669237204844,97.19999999999891,T,13001.3
2021-01-15,2021,"(0.5, 0.5)",1,-1.0263713080168777,-94.80000000000005,SL,12917.9
2021-01-15,2021,"(0.5, 0.75)",1,-1.0263713080168777,-94.80000000000005,SL,12917.9
2021-01-15,2021,"(0.5, 1.0)",1,-1.0263713080168777,-94.80000000000005,SL,12917.9
2021-01-15,2021,"(0.75, 0.5)",1,-1.0175808720112518,-142.20000000000007,SL,12917.9
2021-01-15,2021,"(0.75, 0.75)",1,-1.0175808720112518,-142.20000000000007,SL,12917.9
2021-01-15,2021,"(0.75, 1.0)",1,-1.0175808720112518,-142.20000000000007,SL,12917.9
2021-01-15,2021,"(1.0, 0.5)",1,-0.5907172995780587,-109.5,T,12917.9
2021-01-15,2021,"(1.0, 0.75)",1,-0.5907172995780587,-109.5,T,12917.9
2021-01-15,2021,"(1.0, 1.0)",1,-0.5907172995780587,-109.5,T,12917.9
2021-01-19,2021,"(0.5, 0.5)",-1,-0.7492266984683146,-69.30000000000109,T,12922.8
2021-01-19,2021,"(0.5, 0.75)",-1,-0.7492266984683146,-69.30000000000109,T,12922.8
2021-01-19,2021,"(0.5, 1.0)",-1,-0.7492266984683146,-69.30000000000109,T,12922.8
2021-01-19,2021,"(0.75, 0.5)",-1,-0.49948446564554305,-69.30000000000109,T,12922.8
2021-01-19,2021,"(0.75, 0.75)",-1,-0.49948446564554305,-69.30000000000109,T,12922.8
2021-01-19,2021,"(0.75, 1.0)",-1,-0.49948446564554305,-69.30000000000109,T,12922.8
2021-01-19,2021,"(1.0, 0.5)",-1,-0.3746133492341573,-69.30000000000109,T,12922.8
2021-01-19,2021,"(1.0, 0.75)",-1,-0.3746133492341573,-69.30000000000109,T,12922.8
2021-01-19,2021,"(1.0, 1.0)",-1,-0.3746133492341573,-69.30000000000109,T,12922.8
2021-01-21,2021,"(0.5, 0.5)",-1,-1.0238257317903334,-104.92857142857156,SL,13306.0
2021-01-21,2021,"(0.5, 0.75)",-1,-1.0238257317903334,-104.92857142857156,SL,13306.0
2021-01-21,2021,"(0.5, 1.0)",-1,-1.0238257317903334,-104.92857142857156,SL,13306.0
2021-01-21,2021,"(0.75, 0.5)",-1,-0.6544134331744943,-100.5,T,13306.0
2021-01-21,2021,"(0.75, 0.75)",-1,-0.6544134331744943,-100.5,T,13306.0
2021-01-21,2021,"(0.75, 1.0)",-1,-0.6544134331744943,-100.5,T,13306.0
2021-01-21,2021,"(1.0, 0.5)",-1,-0.49081007488087075,-100.5,T,13306.0
2021-01-21,2021,"(1.0, 0.75)",-1,-0.49081007488087075,-100.5,T,13306.0
2021-01-21,2021,"(1.0, 1.0)",-1,-0.49081007488087075,-100.5,T,13306.0
2021-01-28,2021,"(0.5, 0.5)",-1,0.9772350320335621,109.81785714285726,TP,13387.5
2021-01-28,2021,"(0.5, 0.75)",-1,1.4772350320335619,164.72678571428588,TP,13387.5
2021-01-28,2021,"(0.5, 1.0)",-1,1.7164785846694182,191.0,T,13387.5
2021-01-28,2021,"(0.75, 0.5)",-1,0.6514900213557081,109.81785714285726,TP,13387.5
2021-01-28,2021,"(0.75, 0.75)",-1,0.9848233546890414,164.72678571428588,TP,13387.5
2021-01-28,2021,"(0.75, 1.0)",-1,1.1443190564462788,191.0,T,13387.5
2021-01-28,2021,"(1.0, 0.5)",-1,0.48861751601678105,109.81785714285726,TP,13387.5
2021-01-28,2021,"(1.0, 0.75)",-1,0.7386175160167809,164.72678571428588,TP,13387.5
2021-01-28,2021,"(1.0, 1.0)",-1,0.8582392923347091,191.0,T,13387.5
2021-02-10,2021,"(0.5, 0.5)",-1,0.9768004507341,107.76071428571439,TP,13735.7
2021-02-10,2021,"(0.5, 0.75)",-1,1.4768004507341002,161.6410714285716,TP,13735.7
2021-02-10,2021,"(0.5, 1.0)",-1,0.6959864779769986,77.5,T,13735.7
2021-02-10,2021,"(0.75, 0.5)",-1,0.6512003004893999,107.76071428571439,TP,13735.7
2021-02-10,2021,"(0.75, 0.75)",-1,0.9845336338227334,161.6410714285716,TP,13735.7
2021-02-10,2021,"(0.75, 1.0)",-1,0.46399098531799904,77.5,T,13735.7
2021-02-10,2021,"(1.0, 0.5)",-1,0.48840022536705,107.76071428571439,TP,13735.7
2021-02-10,2021,"(1.0, 0.75)",-1,0.7384002253670501,161.6410714285716,TP,13735.7
2021-02-10,2021,"(1.0, 1.0)",-1,0.3479932389884993,77.5,T,13735.7
2021-02-18,2021,"(0.5, 0.5)",1,0.9748101766886178,99.2464285714287,TP,13555.1
2021-02-18,2021,"(0.5, 0.75)",1,0.853431213789617,87.19999999999891,T,13555.1
2021-02-18,2021,"(0.5, 1.0)",1,0.853431213789617,87.19999999999891,T,13555.1
2021-02-18,2021,"(0.75, 0.5)",1,0.6498734511257452,99.2464285714287,TP,13555.1
2021-02-18,2021,"(0.75, 0.75)",1,0.5689541425264113,87.19999999999891,T,13555.1
2021-02-18,2021,"(0.75, 1.0)",1,0.5689541425264113,87.19999999999891,T,13555.1
2021-02-18,2021,"(1.0, 0.5)",1,0.4874050883443089,99.2464285714287,TP,13555.1
2021-02-18,2021,"(1.0, 0.75)",1,0.4267156068948085,87.19999999999891,T,13555.1
2021-02-18,2021,"(1.0, 1.0)",1,0.4267156068948085,87.19999999999891,T,13555.1
2021-02-25,2021,"(0.5, 0.5)",1,-1.023500184644308,-106.38214285714288,SL,13013.0
2021-02-25,2021,"(0.5, 0.75)",1,-1.023500184644308,-106.38214285714288,SL,13013.0
2021-02-25,2021,"(0.5, 1.0)",1,-1.023500184644308,-106.38214285714288,SL,13013.0
2021-02-25,2021,"(0.75, 0.5)",1,-1.015666789762872,-159.57321428571433,SL,13013.0
2021-02-25,2021,"(0.75, 0.75)",1,-1.015666789762872,-159.57321428571433,SL,13013.0
2021-02-25,2021,"(0.75, 1.0)",1,-1.015666789762872,-159.57321428571433,SL,13013.0
2021-02-25,2021,"(1.0, 0.5)",1,-1.0117500923221538,-212.76428571428576,SL,13013.0
2021-02-25,2021,"(1.0, 0.75)",1,-1.0117500923221538,-212.76428571428576,SL,13013.0
2021-02-25,2021,"(1.0, 1.0)",1,-1.0117500923221538,-212.76428571428576,SL,13013.0
2021-03-02,2021,"(0.5, 0.5)",-1,0.9818742069965561,137.92500000000004,TP,13274.5
2021-03-02,2021,"(0.5, 0.75)",-1,1.481874206996556,206.88750000000005,TP,13274.5
2021-03-02,2021,"(0.5, 1.0)",-1,1.51024107304694,210.79999999999927,T,13274.5
2021-03-02,2021,"(0.75, 0.5)",-1,0.6545828046643708,137.92500000000004,TP,13274.5
2021-03-02,2021,"(0.75, 0.75)",-1,0.9879161379977041,206.88750000000005,TP,13274.5
2021-03-02,2021,"(0.75, 1.0)",-1,1.0068273820312934,210.79999999999927,T,13274.5
2021-03-02,2021,"(1.0, 0.5)",-1,0.49093710349827807,137.92500000000004,TP,13274.5
2021-03-02,2021,"(1.0, 0.75)",-1,0.740937103498278,206.88750000000005,TP,13274.5
2021-03-02,2021,"(1.0, 1.0)",-1,0.75512053652347,210.79999999999927,T,13274.5
2021-03-04,2021,"(0.5, 0.5)",1,-1.0168204536716647,-148.62857142857152,SL,12750.8
2021-03-04,2021,"(0.5, 0.75)",1,-1.0168204536716647,-148.62857142857152,SL,12750.8
2021-03-04,2021,"(0.5, 1.0)",1,-1.0168204536716647,-148.62857142857152,SL,12750.8
2021-03-04,2021,"(0.75, 0.5)",1,-1.01121363578111,-222.9428571428573,SL,12750.8
2021-03-04,2021,"(0.75, 0.75)",1,-1.01121363578111,-222.9428571428573,SL,12750.8
2021-03-04,2021,"(0.75, 1.0)",1,-1.01121363578111,-222.9428571428573,SL,12750.8
2021-03-04,2021,"(1.0, 0.5)",1,-1.0084102268358324,-297.25714285714304,SL,12750.8
2021-03-04,2021,"(1.0, 0.75)",1,-1.0084102268358324,-297.25714285714304,SL,12750.8
2021-03-04,2021,"(1.0, 1.0)",1,-1.0084102268358324,-297.25714285714304,SL,12750.8
2021-03-08,2021,"(0.5, 0.5)",-1,0.9855863276021827,173.44642857142864,TP,12623.3
2021-03-08,2021,"(0.5, 0.75)",-1,1.4855863276021826,260.16964285714295,TP,12623.3
2021-03-08,2021,"(0.5, 1.0)",-1,1.829959847626889,319.89999999999964,T,12623.3
2021-03-08,2021,"(0.75, 0.5)",-1,0.6570575517347884,173.44642857142864,TP,12623.3
2021-03-08,2021,"(0.75, 0.75)",-1,0.9903908850681218,260.16964285714295,TP,12623.3
2021-03-08,2021,"(0.75, 1.0)",-1,1.2199732317512593,319.89999999999964,T,12623.3
2021-03-08,2021,"(1.0, 0.5)",-1,0.49279316380109134,173.44642857142864,TP,12623.3
2021-03-08,2021,"(1.0, 0.75)",-1,0.7427931638010913,260.16964285714295,TP,12623.3
2021-03-08,2021,"(1.0, 1.0)",-1,0.9149799238134445,319.89999999999964,T,12623.3
2021-03-09,2021,"(0.5, 0.5)",-1,-0.4667394525462058,-83.0,T,12708.2
2021-03-09,2021,"(0.5, 0.75)",-1,-0.4667394525462058,-83.0,T,12708.2
2021-03-09,2021,"(0.5, 1.0)",-1,-0.4667394525462058,-83.0,T,12708.2
2021-03-09,2021,"(0.75, 0.5)",-1,-0.31115963503080385,-83.0,T,12708.2
2021-03-09,2021,"(0.75, 0.75)",-1,-0.31115963503080385,-83.0,T,12708.2
2021-03-09,2021,"(0.75, 1.0)",-1,-0.31115963503080385,-83.0,T,12708.2
2021-03-09,2021,"(1.0, 0.5)",-1,-0.2333697262731029,-83.0,T,12708.2
2021-03-09,2021,"(1.0, 0.75)",-1,-0.2333697262731029,-83.0,T,12708.2
2021-03-09,2021,"(1.0, 1.0)",-1,-0.2333697262731029,-83.0,T,12708.2
2021-03-15,2021,"(0.5, 0.5)",-1,-0.7631476016072303,-150.8000000000011,T,12927.3
2021-03-15,2021,"(0.5, 0.75)",-1,-0.7631476016072303,-150.8000000000011,T,12927.3
2021-03-15,2021,"(0.5, 1.0)",-1,-0.7631476016072303,-150.8000000000011,T,12927.3
2021-03-15,2021,"(0.75, 0.5)",-1,-0.5087650677381536,-150.8000000000011,T,12927.3
2021-03-15,2021,"(0.75, 0.75)",-1,-0.5087650677381536,-150.8000000000011,T,12927.3
2021-03-15,2021,"(0.75, 1.0)",-1,-0.5087650677381536,-150.8000000000011,T,12927.3
2021-03-15,2021,"(1.0, 0.5)",-1,-0.38157380080361514,-150.8000000000011,T,12927.3
2021-03-15,2021,"(1.0, 0.75)",-1,-0.38157380080361514,-150.8000000000011,T,12927.3
2021-03-15,2021,"(1.0, 1.0)",-1,-0.38157380080361514,-150.8000000000011,T,12927.3
2021-03-18,2021,"(0.5, 0.5)",1,-0.8573315455582455,-150.5,T,12950.0
2021-03-18,2021,"(0.5, 0.75)",1,-0.8573315455582455,-150.5,T,12950.0
2021-03-18,2021,"(0.5, 1.0)",1,-0.8573315455582455,-150.5,T,12950.0
2021-03-18,2021,"(0.75, 0.5)",1,-0.5715543637054971,-150.5,T,12950.0
2021-03-18,2021,"(0.75, 0.75)",1,-0.5715543637054971,-150.5,T,12950.0
2021-03-18,2021,"(0.75, 1.0)",1,-0.5715543637054971,-150.5,T,12950.0
2021-03-18,2021,"(1.0, 0.5)",1,-0.42866577277912277,-150.5,T,12950.0
2021-03-18,2021,"(1.0, 0.75)",1,-0.42866577277912277,-150.5,T,12950.0
2021-03-18,2021,"(1.0, 1.0)",1,-0.42866577277912277,-150.5,T,12950.0
2021-03-29,2021,"(0.5, 0.5)",-1,0.9831653880378057,148.50357142857143,TP,12983.9
2021-03-29,2021,"(0.5, 0.75)",-1,0.07743921502609365,14.0,T,12983.9
2021-03-29,2021,"(0.5, 1.0)",-1,0.07743921502609365,14.0,T,12983.9
2021-03-29,2021,"(0.75, 0.5)",-1,0.6554435920252039,148.50357142857143,TP,12983.9
2021-03-29,2021,"(0.75, 0.75)",-1,0.0516261433507291,14.0,T,12983.9
2021-03-29,2021,"(0.75, 1.0)",-1,0.0516261433507291,14.0,T,12983.9
2021-03-29,2021,"(1.0, 0.5)",-1,0.49158269401890287,148.50357142857143,TP,12983.9
2021-03-29,2021,"(1.0, 0.75)",-1,0.03871960751304682,14.0,T,12983.9
2021-03-29,2021,"(1.0, 1.0)",-1,0.03871960751304682,14.0,T,12983.9
2021-03-30,2021,"(0.5, 0.5)",1,0.5471588201027328,76.29999999999927,T,12837.1
2021-03-30,2021,"(0.5, 0.75)",1,0.5471588201027328,76.29999999999927,T,12837.1
2021-03-30,2021,"(0.5, 1.0)",1,0.5471588201027328,76.29999999999927,T,12837.1
2021-03-30,2021,"(0.75, 0.5)",1,0.36477254673515513,76.29999999999927,T,12837.1
2021-03-30,2021,"(0.75, 0.75)",1,0.36477254673515513,76.29999999999927,T,12837.1
2021-03-30,2021,"(0.75, 1.0)",1,0.36477254673515513,76.29999999999927,T,12837.1
2021-03-30,2021,"(1.0, 0.5)",1,0.2735794100513664,76.29999999999927,T,12837.1
2021-03-30,2021,"(1.0, 0.75)",1,0.2735794100513664,76.29999999999927,T,12837.1
2021-03-30,2021,"(1.0, 1.0)",1,0.2735794100513664,76.29999999999927,T,12837.1
2021-04-06,2021,"(0.5, 0.5)",-1,0.24929925803791997,34.899999999999636,T,13614.9
2021-04-06,2021,"(0.5, 0.75)",-1,0.24929925803791997,34.899999999999636,T,13614.9
2021-04-06,2021,"(0.5, 1.0)",-1,0.24929925803791997,34.899999999999636,T,13614.9
2021-04-06,2021,"(0.75, 0.5)",-1,0.1661995053586133,34.899999999999636,T,13614.9
2021-04-06,2021,"(0.75, 0.75)",-1,0.1661995053586133,34.899999999999636,T,13614.9
2021-04-06,2021,"(0.75, 1.0)",-1,0.1661995053586133,34.899999999999636,T,13614.9
2021-04-06,2021,"(1.0, 0.5)",-1,0.12464962901895998,34.899999999999636,T,13614.9
2021-04-06,2021,"(1.0, 0.75)",-1,0.12464962901895998,34.899999999999636,T,13614.9
2021-04-06,2021,"(1.0, 1.0)",-1,0.12464962901895998,34.899999999999636,T,13614.9
2021-04-16,2021,"(0.5, 0.5)",-1,-0.5587217436123882,-51.69999999999891,T,13989.1
2021-04-16,2021,"(0.5, 0.75)",-1,-0.5587217436123882,-51.69999999999891,T,13989.1
2021-04-16,2021,"(0.5, 1.0)",-1,-0.5587217436123882,-51.69999999999891,T,13989.1
2021-04-16,2021,"(0.75, 0.5)",-1,-0.37248116240825885,-51.69999999999891,T,13989.1
2021-04-16,2021,"(0.75, 0.75)",-1,-0.37248116240825885,-51.69999999999891,T,13989.1
2021-04-16,2021,"(0.75, 1.0)",-1,-0.37248116240825885,-51.69999999999891,T,13989.1
2021-04-16,2021,"(1.0, 0.5)",-1,-0.2793608718061941,-51.69999999999891,T,13989.1
2021-04-16,2021,"(1.0, 0.75)",-1,-0.2793608718061941,-51.69999999999891,T,13989.1
2021-04-16,2021,"(1.0, 1.0)",-1,-0.2793608718061941,-51.69999999999891,T,13989.1
2021-04-20,2021,"(0.5, 0.5)",1,-1.0274004775511802,-91.23928571428574,SL,13834.7
2021-04-20,2021,"(0.5, 0.75)",1,-1.0274004775511802,-91.23928571428574,SL,13834.7
2021-04-20,2021,"(0.5, 1.0)",1,-1.0274004775511802,-91.23928571428574,SL,13834.7
2021-04-20,2021,"(0.75, 0.5)",1,-0.19874479717123217,-24.700000000000728,T,13834.7
2021-04-20,2021,"(0.75, 0.75)",1,-0.19874479717123217,-24.700000000000728,T,13834.7
2021-04-20,2021,"(0.75, 1.0)",1,-0.19874479717123217,-24.700000000000728,T,13834.7
2021-04-20,2021,"(1.0, 0.5)",1,-0.1490585978784241,-24.700000000000728,T,13834.7
2021-04-20,2021,"(1.0, 0.75)",1,-0.1490585978784241,-24.700000000000728,T,13834.7
2021-04-20,2021,"(1.0, 1.0)",1,-0.1490585978784241,-24.700000000000728,T,13834.7
2021-04-26,2021,"(0.5, 0.5)",-1,-0.5062477399654464,-42.5,T,13984.7
2021-04-26,2021,"(0.5, 0.75)",-1,-0.5062477399654464,-42.5,T,13984.7
2021-04-26,2021,"(0.5, 1.0)",-1,-0.5062477399654464,-42.5,T,13984.7
2021-04-26,2021,"(0.75, 0.5)",-1,-0.3374984933102975,-42.5,T,13984.7
2021-04-26,2021,"(0.75, 0.75)",-1,-0.3374984933102975,-42.5,T,13984.7
2021-04-26,2021,"(0.75, 1.0)",-1,-0.3374984933102975,-42.5,T,13984.7
2021-04-26,2021,"(1.0, 0.5)",-1,-0.2531238699827232,-42.5,T,13984.7
2021-04-26,2021,"(1.0, 0.75)",-1,-0.2531238699827232,-42.5,T,13984.7
2021-04-26,2021,"(1.0, 1.0)",-1,-0.2531238699827232,-42.5,T,13984.7
2021-04-27,2021,"(0.5, 0.5)",-1,0.9720089571337173,89.31428571428576,TP,14034.7
2021-04-27,2021,"(0.5, 0.75)",-1,0.7759117082533707,71.80000000000109,T,14034.7
2021-04-27,2021,"(0.5, 1.0)",-1,0.7759117082533707,71.80000000000109,T,14034.7
2021-04-27,2021,"(0.75, 0.5)",-1,0.6480059714224781,89.31428571428576,TP,14034.7
2021-04-27,2021,"(0.75, 0.75)",-1,0.5172744721689138,71.80000000000109,T,14034.7
2021-04-27,2021,"(0.75, 1.0)",-1,0.5172744721689138,71.80000000000109,T,14034.7
2021-04-27,2021,"(1.0, 0.5)",-1,0.48600447856685863,89.31428571428576,TP,14034.7
2021-04-27,2021,"(1.0, 0.75)",-1,0.3879558541266854,71.80000000000109,T,14034.7
2021-04-27,2021,"(1.0, 1.0)",-1,0.3879558541266854,71.80000000000109,T,14034.7
2021-05-12,2021,"(0.5, 0.5)",1,-1.023046026206624,-108.47857142857148,SL,13109.1
2021-05-12,2021,"(0.5, 0.75)",1,-1.023046026206624,-108.47857142857148,SL,13109.1
2021-05-12,2021,"(0.5, 1.0)",1,-1.023046026206624,-108.47857142857148,SL,13109.1
2021-05-12,2021,"(0.75, 0.5)",1,-0.63668488400167,-101.10000000000036,T,13109.1
2021-05-12,2021,"(0.75, 0.75)",1,-0.63668488400167,-101.10000000000036,T,13109.1
2021-05-12,2021,"(0.75, 1.0)",1,-0.63668488400167,-101.10000000000036,T,13109.1
2021-05-12,2021,"(1.0, 0.5)",1,-0.4775136630012525,-101.10000000000036,T,13109.1
2021-05-12,2021,"(1.0, 0.75)",1,-0.4775136630012525,-101.10000000000036,T,13109.1
2021-05-12,2021,"(1.0, 1.0)",1,-0.4775136630012525,-101.10000000000036,T,13109.1
2021-05-17,2021,"(0.5, 0.5)",1,0.7070999793003487,87.89999999999964,T,13224.9
2021-05-17,2021,"(0.5, 0.75)",1,0.7070999793003487,87.89999999999964,T,13224.9
2021-05-17,2021,"(0.5, 1.0)",1,0.7070999793003487,87.89999999999964,T,13224.9
2021-05-17,2021,"(0.75, 0.5)",1,0.47139998620023255,87.89999999999964,T,13224.9
2021-05-17,2021,"(0.75, 0.75)",1,0.47139998620023255,87.89999999999964,T,13224.9
2021-05-17,2021,"(0.75, 1.0)",1,0.47139998620023255,87.89999999999964,T,13224.9
2021-05-17,2021,"(1.0, 0.5)",1,0.35354998965017437,87.89999999999964,T,13224.9
2021-05-17,2021,"(1.0, 0.75)",1,0.35354998965017437,87.89999999999964,T,13224.9
2021-05-17,2021,"(1.0, 1.0)",1,0.35354998965017437,87.89999999999964,T,13224.9
2021-05-18,2021,"(0.5, 0.5)",-1,0.8765681910157773,110.79999999999927,T,13331.0
2021-05-18,2021,"(0.5, 0.75)",-1,0.8765681910157773,110.79999999999927,T,13331.0
2021-05-18,2021,"(0.5, 1.0)",-1,0.8765681910157773,110.79999999999927,T,13331.0
2021-05-18,2021,"(0.75, 0.5)",-1,0.5843787940105182,110.79999999999927,T,13331.0
2021-05-18,2021,"(0.75, 0.75)",-1,0.5843787940105182,110.79999999999927,T,13331.0
2021-05-18,2021,"(0.75, 1.0)",-1,0.5843787940105182,110.79999999999927,T,13331.0
2021-05-18,2021,"(1.0, 0.5)",-1,0.43828409550788866,110.79999999999927,T,13331.0
2021-05-18,2021,"(1.0, 0.75)",-1,0.43828409550788866,110.79999999999927,T,13331.0
2021-05-18,2021,"(1.0, 1.0)",-1,0.43828409550788866,110.79999999999927,T,13331.0
2021-05-27,2021,"(0.5, 0.5)",1,-0.24054270225434746,-26.5,T,13680.1
2021-05-27,2021,"(0.5, 0.75)",1,-0.24054270225434746,-26.5,T,13680.1
2021-05-27,2021,"(0.5, 1.0)",1,-0.24054270225434746,-26.5,T,13680.1
2021-05-27,2021,"(0.75, 0.5)",1,-0.1603618015028983,-26.5,T,13680.1
2021-05-27,2021,"(0.75, 0.75)",1,-0.1603618015028983,-26.5,T,13680.1
2021-05-27,2021,"(0.75, 1.0)",1,-0.1603618015028983,-26.5,T,13680.1
2021-05-27,2021,"(1.0, 0.5)",1,-0.12027135112717373,-26.5,T,13680.1
2021-05-27,2021,"(1.0, 0.75)",1,-0.12027135112717373,-26.5,T,13680.1
2021-05-27,2021,"(1.0, 1.0)",1,-0.12027135112717373,-26.5,T,13680.1
2021-05-28,2021,"(0.5, 0.5)",-1,0.18230066650210153,23.600000000000364,T,13719.5
2021-05-28,2021,"(0.5, 0.75)",-1,0.18230066650210153,23.600000000000364,T,13719.5
2021-05-28,2021,"(0.5, 1.0)",-1,0.18230066650210153,23.600000000000364,T,13719.5
2021-05-28,2021,"(0.75, 0.5)",-1,0.12153377766806768,23.600000000000364,T,13719.5
2021-05-28,2021,"(0.75, 0.75)",-1,0.12153377766806768,23.600000000000364,T,13719.5
2021-05-28,2021,"(0.75, 1.0)",-1,0.12153377766806768,23.600000000000364,T,13719.5
2021-05-28,2021,"(1.0, 0.5)",-1,0.09115033325105076,23.600000000000364,T,13719.5
2021-05-28,2021,"(1.0, 0.75)",-1,0.09115033325105076,23.600000000000364,T,13719.5
2021-05-28,2021,"(1.0, 1.0)",-1,0.09115033325105076,23.600000000000364,T,13719.5
2021-06-01,2021,"(0.5, 0.5)",-1,0.9766822118587608,107.21428571428558,TP,13755.6
2021-06-01,2021,"(0.5, 0.75)",-1,0.934576948700874,102.70000000000073,T,13755.6
2021-06-01,2021,"(0.5, 1.0)",-1,0.934576948700874,102.70000000000073,T,13755.6
2021-06-01,2021,"(0.75, 0.5)",-1,0.6511214745725071,107.21428571428558,TP,13755.6
2021-06-01,2021,"(0.75, 0.75)",-1,0.623051299133916,102.70000000000073,T,13755.6
2021-06-01,2021,"(0.75, 1.0)",-1,0.623051299133916,102.70000000000073,T,13755.6
2021-06-01,2021,"(1.0, 0.5)",-1,0.4883411059293804,107.21428571428558,TP,13755.6
2021-06-01,2021,"(1.0, 0.75)",-1,0.467288474350437,102.70000000000073,T,13755.6
2021-06-01,2021,"(1.0, 1.0)",-1,0.467288474350437,102.70000000000073,T,13755.6
2021-06-07,2021,"(0.5, 0.5)",-1,-0.2941664362731588,-24.100000000000364,T,13779.3
2021-06-07,2021,"(0.5, 0.75)",-1,-0.2941664362731588,-24.100000000000364,T,13779.3
2021-06-07,2021,"(0.5, 1.0)",-1,-0.2941664362731588,-24.100000000000364,T,13779.3
2021-06-07,2021,"(0.75, 0.5)",-1,-0.19611095751543922,-24.100000000000364,T,13779.3
2021-06-07,2021,"(0.75, 0.75)",-1,-0.19611095751543922,-24.100000000000364,T,13779.3
2021-06-07,2021,"(0.75, 1.0)",-1,-0.19611095751543922,-24.100000000000364,T,13779.3
2021-06-07,2021,"(1.0, 0.5)",-1,-0.1470832181365794,-24.100000000000364,T,13779.3
2021-06-07,2021,"(1.0, 0.75)",-1,-0.1470832181365794,-24.100000000000364,T,13779.3
2021-06-07,2021,"(1.0, 1.0)",-1,-0.1470832181365794,-24.100000000000364,T,13779.3
2021-06-11,2021,"(0.5, 0.5)",-1,-0.598296292771138,-42.399999999999636,T,13953.1
2021-06-11,2021,"(0.5, 0.75)",-1,-0.598296292771138,-42.399999999999636,T,13953.1
2021-06-11,2021,"(0.5, 1.0)",-1,-0.598296292771138,-42.399999999999636,T,13953.1
2021-06-11,2021,"(0.75, 0.5)",-1,-0.39886419518075866,-42.399999999999636,T,13953.1
2021-06-11,2021,"(0.75, 0.75)",-1,-0.39886419518075866,-42.399999999999636,T,13953.1
2021-06-11,2021,"(0.75, 1.0)",-1,-0.39886419518075866,-42.399999999999636,T,13953.1
2021-06-11,2021,"(1.0, 0.5)",-1,-0.299148146385569,-42.399999999999636,T,13953.1
2021-06-11,2021,"(1.0, 0.75)",-1,-0.299148146385569,-42.399999999999636,T,13953.1
2021-06-11,2021,"(1.0, 1.0)",-1,-0.299148146385569,-42.399999999999636,T,13953.1
2021-06-14,2021,"(0.5, 0.5)",-1,-1.0351053159478436,-71.21428571428558,SL,13979.6
2021-06-14,2021,"(0.5, 0.75)",-1,-1.0351053159478436,-71.21428571428558,SL,13979.6
2021-06-14,2021,"(0.5, 1.0)",-1,-1.0351053159478436,-71.21428571428558,SL,13979.6
2021-06-14,2021,"(0.75, 0.5)",-1,-1.0234035439652291,-106.82142857142837,SL,13979.6
2021-06-14,2021,"(0.75, 0.75)",-1,-1.0234035439652291,-106.82142857142837,SL,13979.6
2021-06-14,2021,"(0.75, 1.0)",-1,-1.0234035439652291,-106.82142857142837,SL,13979.6
2021-06-14,2021,"(1.0, 0.5)",-1,-1.0175526579739218,-142.42857142857116,SL,13979.6
2021-06-14,2021,"(1.0, 0.75)",-1,-1.0175526579739218,-142.42857142857116,SL,13979.6
2021-06-14,2021,"(1.0, 1.0)",-1,-1.0175526579739218,-142.42857142857116,SL,13979.6
2021-06-17,2021,"(0.5, 0.5)",-1,-1.0337284378914908,-74.1214285714285,SL,14099.4
2021-06-17,2021,"(0.5, 0.75)",-1,-1.0337284378914908,-74.1214285714285,SL,14099.4
2021-06-17,2021,"(0.5, 1.0)",-1,-1.0337284378914908,-74.1214285714285,SL,14099.4
2021-06-17,2021,"(0.75, 0.5)",-1,-0.6044136070155223,-64.70000000000073,T,14099.4
2021-06-17,2021,"(0.75, 0.75)",-1,-0.6044136070155223,-64.70000000000073,T,14099.4
2021-06-17,2021,"(0.75, 1.0)",-1,-0.6044136070155223,-64.70000000000073,T,14099.4
2021-06-17,2021,"(1.0, 0.5)",-1,-0.4533102052616417,-64.70000000000073,T,14099.4
2021-06-17,2021,"(1.0, 0.75)",-1,-0.4533102052616417,-64.70000000000073,T,14099.4
2021-06-17,2021,"(1.0, 1.0)",-1,-0.4533102052616417,-64.70000000000073,T,14099.4
2021-06-21,2021,"(0.5, 0.5)",-1,-0.09509710006095087,-5.299999999999272,T,14130.7
2021-06-21,2021,"(0.5, 0.75)",-1,-0.09509710006095087,-5.299999999999272,T,14130.7
2021-06-21,2021,"(0.5, 1.0)",-1,-0.09509710006095087,-5.299999999999272,T,14130.7
2021-06-21,2021,"(0.75, 0.5)",-1,-0.06339806670730058,-5.299999999999272,T,14130.7
2021-06-21,2021,"(0.75, 0.75)",-1,-0.06339806670730058,-5.299999999999272,T,14130.7
2021-06-21,2021,"(0.75, 1.0)",-1,-0.06339806670730058,-5.299999999999272,T,14130.7
2021-06-21,2021,"(1.0, 0.5)",-1,-0.04754855003047544,-5.299999999999272,T,14130.7
2021-06-21,2021,"(1.0, 0.75)",-1,-0.04754855003047544,-5.299999999999272,T,14130.7
2021-06-21,2021,"(1.0, 1.0)",-1,-0.04754855003047544,-5.299999999999272,T,14130.7
2021-06-25,2021,"(0.5, 0.5)",1,-0.13215570821066894,-7.600000000000364,T,14357.1
2021-06-25,2021,"(0.5, 0.75)",1,-0.13215570821066894,-7.600000000000364,T,14357.1
2021-06-25,2021,"(0.5, 1.0)",1,-0.13215570821066894,-7.600000000000364,T,14357.1
2021-06-25,2021,"(0.75, 0.5)",1,-0.08810380547377929,-7.600000000000364,T,14357.1
2021-06-25,2021,"(0.75, 0.75)",1,-0.08810380547377929,-7.600000000000364,T,14357.1
2021-06-25,2021,"(0.75, 1.0)",1,-0.08810380547377929,-7.600000000000364,T,14357.1
2021-06-25,2021,"(1.0, 0.5)",1,-0.06607785410533447,-7.600000000000364,T,14357.1
2021-06-25,2021,"(1.0, 0.75)",1,-0.06607785410533447,-7.600000000000364,T,14357.1
2021-06-25,2021,"(1.0, 1.0)",1,-0.06607785410533447,-7.600000000000364,T,14357.1
2021-06-29,2021,"(0.5, 0.5)",-1,-0.641694117647045,-46.19999999999891,T,14526.7
2021-06-29,2021,"(0.5, 0.75)",-1,-0.641694117647045,-46.19999999999891,T,14526.7
2021-06-29,2021,"(0.5, 1.0)",-1,-0.641694117647045,-46.19999999999891,T,14526.7
2021-06-29,2021,"(0.75, 0.5)",-1,-0.4277960784313633,-46.19999999999891,T,14526.7
2021-06-29,2021,"(0.75, 0.75)",-1,-0.4277960784313633,-46.19999999999891,T,14526.7
2021-06-29,2021,"(0.75, 1.0)",-1,-0.4277960784313633,-46.19999999999891,T,14526.7
2021-06-29,2021,"(1.0, 0.5)",-1,-0.3208470588235225,-46.19999999999891,T,14526.7
2021-06-29,2021,"(1.0, 0.75)",-1,-0.3208470588235225,-46.19999999999891,T,14526.7
2021-06-29,2021,"(1.0, 1.0)",-1,-0.3208470588235225,-46.19999999999891,T,14526.7
2021-06-30,2021,"(0.5, 0.5)",-1,-0.17791584298220853,-11.0,T,14543.1
2021-06-30,2021,"(0.5, 0.75)",-1,-0.17791584298220853,-11.0,T,14543.1
2021-06-30,2021,"(0.5, 1.0)",-1,-0.17791584298220853,-11.0,T,14543.1
2021-06-30,2021,"(0.75, 0.5)",-1,-0.11861056198813902,-11.0,T,14543.1
2021-06-30,2021,"(0.75, 0.75)",-1,-0.11861056198813902,-11.0,T,14543.1
2021-06-30,2021,"(0.75, 1.0)",-1,-0.11861056198813902,-11.0,T,14543.1
2021-06-30,2021,"(1.0, 0.5)",-1,-0.08895792149110426,-11.0,T,14543.1
2021-06-30,2021,"(1.0, 0.75)",-1,-0.08895792149110426,-11.0,T,14543.1
2021-06-30,2021,"(1.0, 1.0)",-1,-0.08895792149110426,-11.0,T,14543.1
2021-07-01,2021,"(0.5, 0.5)",1,-1.0344929535823397,-72.47857142857141,SL,14561.3
2021-07-01,2021,"(0.5, 0.75)",1,-1.0344929535823397,-72.47857142857141,SL,14561.3
2021-07-01,2021,"(0.5, 1.0)",1,-1.0344929535823397,-72.47857142857141,SL,14561.3
2021-07-01,2021,"(0.75, 0.5)",1,-0.04691041687196849,-2.599999999998545,T,14561.3
2021-07-01,2021,"(0.75, 0.75)",1,-0.04691041687196849,-2.599999999998545,T,14561.3
2021-07-01,2021,"(0.75, 1.0)",1,-0.04691041687196849,-2.599999999998545,T,14561.3
2021-07-01,2021,"(1.0, 0.5)",1,-0.03518281265397637,-2.599999999998545,T,14561.3
2021-07-01,2021,"(1.0, 0.75)",1,-0.03518281265397637,-2.599999999998545,T,14561.3
2021-07-01,2021,"(1.0, 1.0)",1,-0.03518281265397637,-2.599999999998545,T,14561.3
2021-07-16,2021,"(0.5, 0.5)",1,-0.6271372862713896,-42.30000000000109,T,14721.7
2021-07-16,2021,"(0.5, 0.75)",1,-0.6271372862713896,-42.30000000000109,T,14721.7
2021-07-16,2021,"(0.5, 1.0)",1,-0.6271372862713896,-42.30000000000109,T,14721.7
2021-07-16,2021,"(0.75, 0.5)",1,-0.41809152418092643,-42.30000000000109,T,14721.7
2021-07-16,2021,"(0.75, 0.75)",1,-0.41809152418092643,-42.30000000000109,T,14721.7
2021-07-16,2021,"(0.75, 1.0)",1,-0.41809152418092643,-42.30000000000109,T,14721.7
2021-07-16,2021,"(1.0, 0.5)",1,-0.3135686431356948,-42.30000000000109,T,14721.7
2021-07-16,2021,"(1.0, 0.75)",1,-0.3135686431356948,-42.30000000000109,T,14721.7
2021-07-16,2021,"(1.0, 1.0)",1,-0.3135686431356948,-42.30000000000109,T,14721.7
2021-07-20,2021,"(0.5, 0.5)",-1,-1.0320968407538174,-77.88928571428558,SL,14558.9
2021-07-20,2021,"(0.5, 0.75)",-1,-1.0320968407538174,-77.88928571428558,SL,14558.9
2021-07-20,2021,"(0.5, 1.0)",-1,-1.0320968407538174,-77.88928571428558,SL,14558.9
2021-07-20,2021,"(0.75, 0.5)",-1,-1.021397893835878,-116.83392857142837,SL,14558.9
2021-07-20,2021,"(0.75, 0.75)",-1,-1.021397893835878,-116.83392857142837,SL,14558.9
2021-07-20,2021,"(0.75, 1.0)",-1,-1.021397893835878,-116.83392857142837,SL,14558.9
2021-07-20,2021,"(1.0, 0.5)",-1,-1.0160484203769087,-155.77857142857115,SL,14558.9
2021-07-20,2021,"(1.0, 0.75)",-1,-1.0160484203769087,-155.77857142857115,SL,14558.9
2021-07-20,2021,"(1.0, 1.0)",-1,-1.0160484203769087,-155.77857142857115,SL,14558.9
2021-07-26,2021,"(0.5, 0.5)",-1,-0.0022868343678411657,2.3000000000010914,T,15128.2
2021-07-26,2021,"(0.5, 0.75)",-1,-0.0022868343678411657,2.3000000000010914,T,15128.2
2021-07-26,2021,"(0.5, 1.0)",-1,-0.0022868343678411657,2.3000000000010914,T,15128.2
2021-07-26,2021,"(0.75, 0.5)",-1,-0.0015245562452274439,2.3000000000010914,T,15128.2
2021-07-26,2021,"(0.75, 0.75)",-1,-0.0015245562452274439,2.3000000000010914,T,15128.2
2021-07-26,2021,"(0.75, 1.0)",-1,-0.0015245562452274439,2.3000000000010914,T,15128.2
2021-07-26,2021,"(1.0, 0.5)",-1,-0.0011434171839205828,2.3000000000010914,T,15128.2
2021-07-26,2021,"(1.0, 0.75)",-1,-0.0011434171839205828,2.3000000000010914,T,15128.2
2021-07-26,2021,"(1.0, 1.0)",-1,-0.0011434171839205828,2.3000000000010914,T,15128.2
2021-07-27,2021,"(0.5, 0.5)",1,-1.02940064681423,-85.03214285714272,SL,15050.6
2021-07-27,2021,"(0.5, 0.75)",1,-1.02940064681423,-85.03214285714272,SL,15050.6
2021-07-27,2021,"(0.5, 1.0)",1,-1.02940064681423,-85.03214285714272,SL,15050.6
2021-07-27,2021,"(0.75, 0.5)",1,-1.0196004312094866,-127.54821428571407,SL,15050.6
2021-07-27,2021,"(0.75, 0.75)",1,-1.0196004312094866,-127.54821428571407,SL,15050.6
2021-07-27,2021,"(0.75, 1.0)",1,-1.0196004312094866,-127.54821428571407,SL,15050.6
2021-07-27,2021,"(1.0, 0.5)",1,-1.014700323407115,-170.06428571428543,SL,15050.6
2021-07-27,2021,"(1.0, 0.75)",1,-1.014700323407115,-170.06428571428543,SL,15050.6
2021-07-27,2021,"(1.0, 1.0)",1,-1.014700323407115,-170.06428571428543,SL,15050.6
2021-07-29,2021,"(0.5, 0.5)",-1,0.3162948319683709,30.5,T,15075.9
2021-07-29,2021,"(0.5, 0.75)",-1,0.3162948319683709,30.5,T,15075.9
2021-07-29,2021,"(0.5, 1.0)",-1,0.3162948319683709,30.5,T,15075.9
2021-07-29,2021,"(0.75, 0.5)",-1,0.21086322131224725,30.5,T,15075.9
2021-07-29,2021,"(0.75, 0.75)",-1,0.21086322131224725,30.5,T,15075.9
2021-07-29,2021,"(0.75, 1.0)",-1,0.21086322131224725,30.5,T,15075.9
2021-07-29,2021,"(1.0, 0.5)",-1,0.15814741598418544,30.5,T,15075.9
2021-07-29,2021,"(1.0, 0.75)",-1,0.15814741598418544,30.5,T,15075.9
2021-07-29,2021,"(1.0, 1.0)",-1,0.15814741598418544,30.5,T,15075.9
2021-08-04,2021,"(0.5, 0.5)",-1,-0.3333994840246083,-27.5,T,15055.5
2021-08-04,2021,"(0.5, 0.75)",-1,-0.3333994840246083,-27.5,T,15055.5
2021-08-04,2021,"(0.5, 1.0)",-1,-0.3333994840246083,-27.5,T,15055.5
2021-08-04,2021,"(0.75, 0.5)",-1,-0.2222663226830722,-27.5,T,15055.5
2021-08-04,2021,"(0.75, 0.75)",-1,-0.2222663226830722,-27.5,T,15055.5
2021-08-04,2021,"(0.75, 1.0)",-1,-0.2222663226830722,-27.5,T,15055.5
2021-08-04,2021,"(1.0, 0.5)",-1,-0.16669974201230414,-27.5,T,15055.5
2021-08-04,2021,"(1.0, 0.75)",-1,-0.16669974201230414,-27.5,T,15055.5
2021-08-04,2021,"(1.0, 1.0)",-1,-0.16669974201230414,-27.5,T,15055.5
2021-08-05,2021,"(0.5, 0.5)",-1,-0.7768201592382875,-65.10000000000036,T,15113.3
2021-08-05,2021,"(0.5, 0.75)",-1,-0.7768201592382875,-65.10000000000036,T,15113.3
2021-08-05,2021,"(0.5, 1.0)",-1,-0.7768201592382875,-65.10000000000036,T,15113.3
2021-08-05,2021,"(0.75, 0.5)",-1,-0.5178801061588583,-65.10000000000036,T,15113.3
2021-08-05,2021,"(0.75, 0.75)",-1,-0.5178801061588583,-65.10000000000036,T,15113.3
2021-08-05,2021,"(0.75, 1.0)",-1,-0.5178801061588583,-65.10000000000036,T,15113.3
2021-08-05,2021,"(1.0, 0.5)",-1,-0.38841007961914376,-65.10000000000036,T,15113.3
2021-08-05,2021,"(1.0, 0.75)",-1,-0.38841007961914376,-65.10000000000036,T,15113.3
2021-08-05,2021,"(1.0, 1.0)",-1,-0.38841007961914376,-65.10000000000036,T,15113.3
2021-08-06,2021,"(0.5, 0.5)",1,0.20212263137540504,19.299999999999272,T,15086.5
2021-08-06,2021,"(0.5, 0.75)",1,0.20212263137540504,19.299999999999272,T,15086.5
2021-08-06,2021,"(0.5, 1.0)",1,0.20212263137540504,19.299999999999272,T,15086.5
2021-08-06,2021,"(0.75, 0.5)",1,0.1347484209169367,19.299999999999272,T,15086.5
2021-08-06,2021,"(0.75, 0.75)",1,0.1347484209169367,19.299999999999272,T,15086.5
2021-08-06,2021,"(0.75, 1.0)",1,0.1347484209169367,19.299999999999272,T,15086.5
2021-08-06,2021,"(1.0, 0.5)",1,0.10106131568770252,19.299999999999272,T,15086.5
2021-08-06,2021,"(1.0, 0.75)",1,0.10106131568770252,19.299999999999272,T,15086.5
2021-08-06,2021,"(1.0, 1.0)",1,0.10106131568770252,19.299999999999272,T,15086.5
2021-08-10,2021,"(0.5, 0.5)",-1,0.9655968938909912,72.66785714285697,TP,15145.0
2021-08-10,2021,"(0.5, 0.75)",-1,1.4655968938909911,109.00178571428546,TP,15145.0
2021-08-10,2021,"(0.5, 1.0)",-1,1.1889713471273384,88.89999999999964,T,15145.0
2021-08-10,2021,"(0.75, 0.5)",-1,0.6437312625939942,72.66785714285697,TP,15145.0
2021-08-10,2021,"(0.75, 0.75)",-1,0.9770645959273275,109.00178571428546,TP,15145.0
2021-08-10,2021,"(0.75, 1.0)",-1,0.792647564751559,88.89999999999964,T,15145.0
2021-08-10,2021,"(1.0, 0.5)",-1,0.4827984469454956,72.66785714285697,TP,15145.0
2021-08-10,2021,"(1.0, 0.75)",-1,0.7327984469454956,109.00178571428546,TP,15145.0
2021-08-10,2021,"(1.0, 1.0)",-1,0.5944856735636692,88.89999999999964,T,15145.0
2021-08-12,2021,"(0.5, 0.5)",1,0.9667994687915006,75.2999999999998,TP,14977.7
2021-08-12,2021,"(0.5, 0.75)",1,1.4667994687915007,112.9499999999997,TP,14977.7
2021-08-12,2021,"(0.5, 1.0)",1,1.3957503320052964,107.59999999999854,T,14977.7
2021-08-12,2021,"(0.75, 0.5)",1,0.6445329791943337,75.2999999999998,TP,14977.7
2021-08-12,2021,"(0.75, 0.75)",1,0.9778663125276671,112.9499999999997,TP,14977.7
2021-08-12,2021,"(0.75, 1.0)",1,0.9305002213368643,107.59999999999854,T,14977.7
2021-08-12,2021,"(1.0, 0.5)",1,0.4833997343957503,75.2999999999998,TP,14977.7
2021-08-12,2021,"(1.0, 0.75)",1,0.7333997343957503,112.9499999999997,TP,14977.7
2021-08-12,2021,"(1.0, 1.0)",1,0.6978751660026482,107.59999999999854,T,14977.7
2021-08-13,2021,"(0.5, 0.5)",-1,-0.6429329474192058,-45.100000000000364,T,15089.3
2021-08-13,2021,"(0.5, 0.75)",-1,-0.6429329474192058,-45.100000000000364,T,15089.3
2021-08-13,2021,"(0.5, 1.0)",-1,-0.6429329474192058,-45.100000000000364,T,15089.3
2021-08-13,2021,"(0.75, 0.5)",-1,-0.42862196494613725,-45.100000000000364,T,15089.3
2021-08-13,2021,"(0.75, 0.75)",-1,-0.42862196494613725,-45.100000000000364,T,15089.3
2021-08-13,2021,"(0.75, 1.0)",-1,-0.42862196494613725,-45.100000000000364,T,15089.3
2021-08-13,2021,"(1.0, 0.5)",-1,-0.3214664737096029,-45.100000000000364,T,15089.3
2021-08-13,2021,"(1.0, 0.75)",-1,-0.3214664737096029,-45.100000000000364,T,15089.3
2021-08-13,2021,"(1.0, 1.0)",-1,-0.3214664737096029,-45.100000000000364,T,15089.3
2021-08-16,2021,"(0.5, 0.5)",1,-1.034083162917519,-73.34999999999984,SL,15082.2
2021-08-16,2021,"(0.5, 0.75)",1,-1.034083162917519,-73.34999999999984,SL,15082.2
2021-08-16,2021,"(0.5, 1.0)",1,-1.034083162917519,-73.34999999999984,SL,15082.2
2021-08-16,2021,"(0.75, 0.5)",1,-1.0227221086116791,-110.02499999999975,SL,15082.2
2021-08-16,2021,"(0.75, 0.75)",1,-1.0227221086116791,-110.02499999999975,SL,15082.2
2021-08-16,2021,"(0.75, 1.0)",1,-1.0227221086116791,-110.02499999999975,SL,15082.2
2021-08-16,2021,"(1.0, 0.5)",1,-1.0170415814587594,-146.69999999999968,SL,15082.2
2021-08-16,2021,"(1.0, 0.75)",1,-1.0170415814587594,-146.69999999999968,SL,15082.2
2021-08-16,2021,"(1.0, 1.0)",1,-1.0170415814587594,-146.69999999999968,SL,15082.2
2021-08-17,2021,"(0.5, 0.5)",1,0.9637042414186455,68.87857142857125,TP,14937.2
2021-08-17,2021,"(0.5, 0.75)",1,1.007570258218394,71.89999999999964,T,14937.2
2021-08-17,2021,"(0.5, 1.0)",1,1.007570258218394,71.89999999999964,T,14937.2
2021-08-17,2021,"(0.75, 0.5)",1,0.642469494279097,68.87857142857125,TP,14937.2
2021-08-17,2021,"(0.75, 0.75)",1,0.6717135054789295,71.89999999999964,T,14937.2
2021-08-17,2021,"(0.75, 1.0)",1,0.6717135054789295,71.89999999999964,T,14937.2
2021-08-17,2021,"(1.0, 0.5)",1,0.48185212070932276,68.87857142857125,TP,14937.2
2021-08-17,2021,"(1.0, 0.75)",1,0.503785129109197,71.89999999999964,T,14937.2
2021-08-17,2021,"(1.0, 1.0)",1,0.503785129109197,71.89999999999964,T,14937.2
2021-08-24,2021,"(0.5, 0.5)",-1,-0.44477876106194275,-33.399999999999636,T,15327.9
2021-08-24,2021,"(0.5, 0.75)",-1,-0.44477876106194275,-33.399999999999636,T,15327.9
2021-08-24,2021,"(0.5, 1.0)",-1,-0.44477876106194275,-33.399999999999636,T,15327.9
2021-08-24,2021,"(0.75, 0.5)",-1,-0.2965191740412952,-33.399999999999636,T,15327.9
2021-08-24,2021,"(0.75, 0.75)",-1,-0.2965191740412952,-33.399999999999636,T,15327.9
2021-08-24,2021,"(0.75, 1.0)",-1,-0.2965191740412952,-33.399999999999636,T,15327.9
2021-08-24,2021,"(1.0, 0.5)",-1,-0.22238938053097138,-33.399999999999636,T,15327.9
2021-08-24,2021,"(1.0, 0.75)",-1,-0.22238938053097138,-33.399999999999636,T,15327.9
2021-08-24,2021,"(1.0, 1.0)",-1,-0.22238938053097138,-33.399999999999636,T,15327.9
2021-08-25,2021,"(0.5, 0.5)",-1,0.1790345821325513,16.69999999999891,T,15383.8
2021-08-25,2021,"(0.5, 0.75)",-1,0.1790345821325513,16.69999999999891,T,15383.8
2021-08-25,2021,"(0.5, 1.0)",-1,0.1790345821325513,16.69999999999891,T,15383.8
2021-08-25,2021,"(0.75, 0.5)",-1,0.11935638808836754,16.69999999999891,T,15383.8
2021-08-25,2021,"(0.75, 0.75)",-1,0.11935638808836754,16.69999999999891,T,15383.8
2021-08-25,2021,"(0.75, 1.0)",-1,0.11935638808836754,16.69999999999891,T,15383.8
2021-08-25,2021,"(1.0, 0.5)",-1,0.08951729106627565,16.69999999999891,T,15383.8
2021-08-25,2021,"(1.0, 0.75)",-1,0.08951729106627565,16.69999999999891,T,15383.8
2021-08-25,2021,"(1.0, 1.0)",-1,0.08951729106627565,16.69999999999891,T,15383.8
2021-08-26,2021,"(0.5, 0.5)",1,-1.03204981456893,-78.0035714285713,SL,15360.3
2021-08-26,2021,"(0.5, 0.75)",1,-1.03204981456893,-78.0035714285713,SL,15360.3
2021-08-26,2021,"(0.5, 1.0)",1,-1.03204981456893,-78.0035714285713,SL,15360.3
2021-08-26,2021,"(0.75, 0.5)",1,-0.7127878760130011,-80.89999999999964,T,15360.3
2021-08-26,2021,"(0.75, 0.75)",1,-0.7127878760130011,-80.89999999999964,T,15360.3
2021-08-26,2021,"(0.75, 1.0)",1,-0.7127878760130011,-80.89999999999964,T,15360.3
2021-08-26,2021,"(1.0, 0.5)",1,-0.5345909070097508,-80.89999999999964,T,15360.3
2021-08-26,2021,"(1.0, 0.75)",1,-0.5345909070097508,-80.89999999999964,T,15360.3
2021-08-26,2021,"(1.0, 1.0)",1,-0.5345909070097508,-80.89999999999964,T,15360.3
2021-08-27,2021,"(0.5, 0.5)",-1,-1.0322402358142964,-77.54285714285705,SL,15365.6
2021-08-27,2021,"(0.5, 0.75)",-1,-1.0322402358142964,-77.54285714285705,SL,15365.6
2021-08-27,2021,"(0.5, 1.0)",-1,-1.0322402358142964,-77.54285714285705,SL,15365.6
2021-08-27,2021,"(0.75, 0.5)",-1,-0.5854826823876236,-65.60000000000036,T,15365.6
2021-08-27,2021,"(0.75, 0.75)",-1,-0.5854826823876236,-65.60000000000036,T,15365.6
2021-08-27,2021,"(0.75, 1.0)",-1,-0.5854826823876236,-65.60000000000036,T,15365.6
2021-08-27,2021,"(1.0, 0.5)",-1,-0.43911201179071774,-65.60000000000036,T,15365.6
2021-08-27,2021,"(1.0, 0.75)",-1,-0.43911201179071774,-65.60000000000036,T,15365.6
2021-08-27,2021,"(1.0, 1.0)",-1,-0.43911201179071774,-65.60000000000036,T,15365.6
2021-09-07,2021,"(0.5, 0.5)",-1,-0.5963861061698336,-43.0,T,15630.5
2021-09-07,2021,"(0.5, 0.75)",-1,-0.5963861061698336,-43.0,T,15630.5
2021-09-07,2021,"(0.5, 1.0)",-1,-0.5963861061698336,-43.0,T,15630.5
2021-09-07,2021,"(0.75, 0.5)",-1,-0.39759073744655576,-43.0,T,15630.5
2021-09-07,2021,"(0.75, 0.75)",-1,-0.39759073744655576,-43.0,T,15630.5
2021-09-07,2021,"(0.75, 1.0)",-1,-0.39759073744655576,-43.0,T,15630.5
2021-09-07,2021,"(1.0, 0.5)",-1,-0.2981930530849168,-43.0,T,15630.5
2021-09-07,2021,"(1.0, 0.75)",-1,-0.2981930530849168,-43.0,T,15630.5
2021-09-07,2021,"(1.0, 1.0)",-1,-0.2981930530849168,-43.0,T,15630.5
2021-09-22,2021,"(0.5, 0.5)",-1,-1.0267175572519083,-93.5714285714287,SL,15137.7
2021-09-22,2021,"(0.5, 0.75)",-1,-1.0267175572519083,-93.5714285714287,SL,15137.7
2021-09-22,2021,"(0.5, 1.0)",-1,-1.0267175572519083,-93.5714285714287,SL,15137.7
2021-09-22,2021,"(0.75, 0.5)",-1,-0.2572010178116941,-33.599999999998545,T,15137.7
2021-09-22,2021,"(0.75, 0.75)",-1,-0.2572010178116941,-33.599999999998545,T,15137.7
2021-09-22,2021,"(0.75, 1.0)",-1,-0.2572010178116941,-33.599999999998545,T,15137.7
2021-09-22,2021,"(1.0, 0.5)",-1,-0.1929007633587706,-33.599999999998545,T,15137.7
2021-09-22,2021,"(1.0, 0.75)",-1,-0.1929007633587706,-33.599999999998545,T,15137.7
2021-09-22,2021,"(1.0, 1.0)",-1,-0.1929007633587706,-33.599999999998545,T,15137.7
2021-09-23,2021,"(0.5, 0.5)",-1,-1.0257457059840376,-97.10357142857154,SL,15203.2
2021-09-23,2021,"(0.5, 0.75)",-1,-1.0257457059840376,-97.10357142857154,SL,15203.2
2021-09-23,2021,"(0.5, 1.0)",-1,-1.0257457059840376,-97.10357142857154,SL,15203.2
2021-09-23,2021,"(0.75, 0.5)",-1,-1.0171638039893585,-145.65535714285733,SL,15203.2
2021-09-23,2021,"(0.75, 0.75)",-1,-1.0171638039893585,-145.65535714285733,SL,15203.2
2021-09-23,2021,"(0.75, 1.0)",-1,-1.0171638039893585,-145.65535714285733,SL,15203.2
2021-09-23,2021,"(1.0, 0.5)",-1,-0.5602265622126551,-106.29999999999927,T,15203.2
2021-09-23,2021,"(1.0, 0.75)",-1,-0.5602265622126551,-106.29999999999927,T,15203.2
2021-09-23,2021,"(1.0, 1.0)",-1,-0.5602265622126551,-106.29999999999927,T,15203.2
2021-10-01,2021,"(0.5, 0.5)",1,-1.021249468763281,-117.64999999999996,SL,14690.7
2021-10-01,2021,"(0.5, 0.75)",1,-1.021249468763281,-117.64999999999996,SL,14690.7
2021-10-01,2021,"(0.5, 1.0)",1,-1.021249468763281,-117.64999999999996,SL,14690.7
2021-10-01,2021,"(0.75, 0.5)",1,0.6525003541578127,117.64999999999996,TP,14690.7
2021-10-01,2021,"(0.75, 0.75)",1,0.5167870803229859,93.69999999999891,T,14690.7
2021-10-01,2021,"(0.75, 1.0)",1,0.5167870803229859,93.69999999999891,T,14690.7
2021-10-01,2021,"(1.0, 0.5)",1,0.48937526561835953,117.64999999999996,TP,14690.7
2021-10-01,2021,"(1.0, 0.75)",1,0.38759031024223944,93.69999999999891,T,14690.7
2021-10-01,2021,"(1.0, 1.0)",1,0.38759031024223944,93.69999999999891,T,14690.7
2021-10-08,2021,"(0.5, 0.5)",1,-0.5106899646307372,-66.60000000000036,T,14889.4
2021-10-08,2021,"(0.5, 0.75)",1,-0.5106899646307372,-66.60000000000036,T,14889.4
2021-10-08,2021,"(0.5, 1.0)",1,-0.5106899646307372,-66.60000000000036,T,14889.4
2021-10-08,2021,"(0.75, 0.5)",1,-0.34045997642049153,-66.60000000000036,T,14889.4
2021-10-08,2021,"(0.75, 0.75)",1,-0.34045997642049153,-66.60000000000036,T,14889.4
2021-10-08,2021,"(0.75, 1.0)",1,-0.34045997642049153,-66.60000000000036,T,14889.4
2021-10-08,2021,"(1.0, 0.5)",1,-0.2553449823153686,-66.60000000000036,T,14889.4
2021-10-08,2021,"(1.0, 0.75)",1,-0.2553449823153686,-66.60000000000036,T,14889.4
2021-10-08,2021,"(1.0, 1.0)",1,-0.2553449823153686,-66.60000000000036,T,14889.4
2021-10-13,2021,"(0.5, 0.5)",-1,0.05251897658333284,8.899999999999636,T,14787.4
2021-10-13,2021,"(0.5, 0.75)",-1,0.05251897658333284,8.899999999999636,T,14787.4
2021-10-13,2021,"(0.5, 1.0)",-1,0.05251897658333284,8.899999999999636,T,14787.4
2021-10-13,2021,"(0.75, 0.5)",-1,0.035012651055555226,8.899999999999636,T,14787.4
2021-10-13,2021,"(0.75, 0.75)",-1,0.035012651055555226,8.899999999999636,T,14787.4
2021-10-13,2021,"(0.75, 1.0)",-1,0.035012651055555226,8.899999999999636,T,14787.4
2021-10-13,2021,"(1.0, 0.5)",-1,0.02625948829166642,8.899999999999636,T,14787.4
2021-10-13,2021,"(1.0, 0.75)",-1,0.02625948829166642,8.899999999999636,T,14787.4
2021-10-13,2021,"(1.0, 1.0)",-1,0.02625948829166642,8.899999999999636,T,14787.4
2021-10-18,2021,"(0.5, 0.5)",-1,-1.0207143491255586,-120.68928571428556,SL,15140.9
2021-10-18,2021,"(0.5, 0.75)",-1,-1.0207143491255586,-120.68928571428556,SL,15140.9
2021-10-18,2021,"(0.5, 1.0)",-1,-1.0207143491255586,-120.68928571428556,SL,15140.9
2021-10-18,2021,"(0.75, 0.5)",-1,-0.8909932037206989,-158.8000000000011,T,15140.9
2021-10-18,2021,"(0.75, 0.75)",-1,-0.8909932037206989,-158.8000000000011,T,15140.9
2021-10-18,2021,"(0.75, 1.0)",-1,-0.8909932037206989,-158.8000000000011,T,15140.9
2021-10-18,2021,"(1.0, 0.5)",-1,-0.6682449027905241,-158.8000000000011,T,15140.9
2021-10-18,2021,"(1.0, 0.75)",-1,-0.6682449027905241,-158.8000000000011,T,15140.9
2021-10-18,2021,"(1.0, 1.0)",-1,-0.6682449027905241,-158.8000000000011,T,15140.9
2021-10-25,2021,"(0.5, 0.5)",-1,-0.44824240614972827,-40.400000000001455,T,15473.8
2021-10-25,2021,"(0.5, 0.75)",-1,-0.44824240614972827,-40.400000000001455,T,15473.8
2021-10-25,2021,"(0.5, 1.0)",-1,-0.44824240614972827,-40.400000000001455,T,15473.8
2021-10-25,2021,"(0.75, 0.5)",-1,-0.29882827076648555,-40.400000000001455,T,15473.8
2021-10-25,2021,"(0.75, 0.75)",-1,-0.29882827076648555,-40.400000000001455,T,15473.8
2021-10-25,2021,"(0.75, 1.0)",-1,-0.29882827076648555,-40.400000000001455,T,15473.8
2021-10-25,2021,"(1.0, 0.5)",-1,-0.22412120307486413,-40.400000000001455,T,15473.8
2021-10-25,2021,"(1.0, 0.75)",-1,-0.22412120307486413,-40.400000000001455,T,15473.8
2021-10-25,2021,"(1.0, 1.0)",-1,-0.22412120307486413,-40.400000000001455,T,15473.8
2021-10-29,2021,"(0.5, 0.5)",1,0.9719854324248609,89.23928571428567,TP,15654.8
2021-10-29,2021,"(0.5, 0.75)",1,1.4719854324248611,133.85892857142852,TP,15654.8
2021-10-29,2021,"(0.5, 1.0)",1,1.971985432424861,178.47857142857134,TP,15654.8
2021-10-29,2021,"(0.75, 0.5)",1,0.6479902882832406,89.23928571428567,TP,15654.8
2021-10-29,2021,"(0.75, 0.75)",1,0.9813236216165739,133.85892857142852,TP,15654.8
2021-10-29,2021,"(0.75, 1.0)",1,1.3146569549499072,178.47857142857134,TP,15654.8
2021-10-29,2021,"(1.0, 0.5)",1,0.48599271621243045,89.23928571428567,TP,15654.8
2021-10-29,2021,"(1.0, 0.75)",1,0.7359927162124306,133.85892857142852,TP,15654.8
2021-10-29,2021,"(1.0, 1.0)",1,0.9859927162124305,178.47857142857134,TP,15654.8
2021-11-01,2021,"(0.5, 0.5)",-1,-0.6323366555924737,-54.600000000000364,T,15848.1
2021-11-01,2021,"(0.5, 0.75)",-1,-0.6323366555924737,-54.600000000000364,T,15848.1
2021-11-01,2021,"(0.5, 1.0)",-1,-0.6323366555924737,-54.600000000000364,T,15848.1
2021-11-01,2021,"(0.75, 0.5)",-1,-0.42155777039498243,-54.600000000000364,T,15848.1
2021-11-01,2021,"(0.75, 0.75)",-1,-0.42155777039498243,-54.600000000000364,T,15848.1
2021-11-01,2021,"(0.75, 1.0)",-1,-0.42155777039498243,-54.600000000000364,T,15848.1
2021-11-01,2021,"(1.0, 0.5)",-1,-0.3161683277962368,-54.600000000000364,T,15848.1
2021-11-01,2021,"(1.0, 0.75)",-1,-0.3161683277962368,-54.600000000000364,T,15848.1
2021-11-01,2021,"(1.0, 1.0)",-1,-0.3161683277962368,-54.600000000000364,T,15848.1
2021-11-03,2021,"(0.5, 0.5)",-1,-1.028322880841594,-88.26785714285714,SL,15980.4
2021-11-03,2021,"(0.5, 0.75)",-1,-1.028322880841594,-88.26785714285714,SL,15980.4
2021-11-03,2021,"(0.5, 1.0)",-1,-1.028322880841594,-88.26785714285714,SL,15980.4
2021-11-03,2021,"(0.75, 0.5)",-1,-1.0188819205610629,-132.40178571428572,SL,15980.4
2021-11-03,2021,"(0.75, 0.75)",-1,-1.0188819205610629,-132.40178571428572,SL,15980.4
2021-11-03,2021,"(0.75, 1.0)",-1,-1.0188819205610629,-132.40178571428572,SL,15980.4
2021-11-03,2021,"(1.0, 0.5)",-1,-1.014161440420797,-176.53571428571428,SL,15980.4
2021-11-03,2021,"(1.0, 0.75)",-1,-1.014161440420797,-176.53571428571428,SL,15980.4
2021-11-03,2021,"(1.0, 1.0)",-1,-1.014161440420797,-176.53571428571428,SL,15980.4
2021-11-12,2021,"(0.5, 0.5)",-1,-1.0265332423622167,-94.22142857142866,SL,16115.1
2021-11-12,2021,"(0.5, 0.75)",-1,-1.0265332423622167,-94.22142857142866,SL,16115.1
2021-11-12,2021,"(0.5, 1.0)",-1,-1.0265332423622167,-94.22142857142866,SL,16115.1
2021-11-12,2021,"(0.75, 0.5)",-1,-0.5900993101356954,-80.89999999999964,T,16115.1
2021-11-12,2021,"(0.75, 0.75)",-1,-0.5900993101356954,-80.89999999999964,T,16115.1
2021-11-12,2021,"(0.75, 1.0)",-1,-0.5900993101356954,-80.89999999999964,T,16115.1
2021-11-12,2021,"(1.0, 0.5)",-1,-0.44257448260177157,-80.89999999999964,T,16115.1
2021-11-12,2021,"(1.0, 0.75)",-1,-0.44257448260177157,-80.89999999999964,T,16115.1
2021-11-12,2021,"(1.0, 1.0)",-1,-0.44257448260177157,-80.89999999999964,T,16115.1
2021-11-12,2021,"(0.5, 0.5)",1,0.9734667576377833,94.22142857142866,TP,16032.2
2021-11-12,2021,"(0.5, 0.75)",1,1.4734667576377833,141.332142857143,TP,16032.2
2021-11-12,2021,"(0.5, 1.0)",1,1.7119247972102098,163.79999999999927,T,16032.2
2021-11-12,2021,"(0.75, 0.5)",1,0.6489778384251889,94.22142857142866,TP,16032.2
2021-11-12,2021,"(0.75, 0.75)",1,0.9823111717585222,141.332142857143,TP,16032.2
2021-11-12,2021,"(0.75, 1.0)",1,1.1412831981401397,163.79999999999927,T,16032.2
2021-11-12,2021,"(1.0, 0.5)",1,0.48673337881889167,94.22142857142866,TP,16032.2
2021-11-12,2021,"(1.0, 0.75)",1,0.7367333788188917,141.332142857143,TP,16032.2
2021-11-12,2021,"(1.0, 1.0)",1,0.8559623986051049,163.79999999999927,T,16032.2
2021-11-16,2021,"(0.5, 0.5)",-1,-0.673206385843431,-60.0,T,16249.1
2021-11-16,2021,"(0.5, 0.75)",-1,-0.673206385843431,-60.0,T,16249.1
2021-11-16,2021,"(0.5, 1.0)",-1,-0.673206385843431,-60.0,T,16249.1
2021-11-16,2021,"(0.75, 0.5)",-1,-0.44880425722895395,-60.0,T,16249.1
2021-11-16,2021,"(0.75, 0.75)",-1,-0.44880425722895395,-60.0,T,16249.1
2021-11-16,2021,"(0.75, 1.0)",-1,-0.44880425722895395,-60.0,T,16249.1
2021-11-16,2021,"(1.0, 0.5)",-1,-0.3366031929217155,-60.0,T,16249.1
2021-11-16,2021,"(1.0, 0.75)",-1,-0.3366031929217155,-60.0,T,16249.1
2021-11-16,2021,"(1.0, 1.0)",-1,-0.3366031929217155,-60.0,T,16249.1
2021-11-17,2021,"(0.5, 0.5)",-1,0.03775765748410711,6.0,T,16322.9
2021-11-17,2021,"(0.5, 0.75)",-1,0.03775765748410711,6.0,T,16322.9
2021-11-17,2021,"(0.5, 1.0)",-1,0.03775765748410711,6.0,T,16322.9
2021-11-17,2021,"(0.75, 0.5)",-1,0.025171771656071405,6.0,T,16322.9
2021-11-17,2021,"(0.75, 0.75)",-1,0.025171771656071405,6.0,T,16322.9
2021-11-17,2021,"(0.75, 1.0)",-1,0.025171771656071405,6.0,T,16322.9
2021-11-17,2021,"(1.0, 0.5)",-1,0.018878828742053554,6.0,T,16322.9
2021-11-17,2021,"(1.0, 0.75)",-1,0.018878828742053554,6.0,T,16322.9
2021-11-17,2021,"(1.0, 1.0)",-1,0.018878828742053554,6.0,T,16322.9
2021-11-18,2021,"(0.5, 0.5)",-1,-1.027618859735648,-90.51785714285721,SL,16364.3
2021-11-18,2021,"(0.5, 0.75)",-1,-1.027618859735648,-90.51785714285721,SL,16364.3
2021-11-18,2021,"(0.5, 1.0)",-1,-1.027618859735648,-90.51785714285721,SL,16364.3
2021-11-18,2021,"(0.75, 0.5)",-1,-1.0184125731570988,-135.7767857142858,SL,16364.3
2021-11-18,2021,"(0.75, 0.75)",-1,-1.0184125731570988,-135.7767857142858,SL,16364.3
2021-11-18,2021,"(0.75, 1.0)",-1,-1.0184125731570988,-135.7767857142858,SL,16364.3
2021-11-18,2021,"(1.0, 0.5)",-1,-0.6810810810810766,-120.79999999999927,T,16364.3
2021-11-18,2021,"(1.0, 0.75)",-1,-0.6810810810810766,-120.79999999999927,T,16364.3
2021-11-18,2021,"(1.0, 1.0)",-1,-0.6810810810810766,-120.79999999999927,T,16364.3
2021-11-22,2021,"(0.5, 0.5)",1,-1.0277810850498075,-89.98928571428587,SL,16520.3
2021-11-22,2021,"(0.5, 0.75)",1,-1.0277810850498075,-89.98928571428587,SL,16520.3
2021-11-22,2021,"(0.5, 1.0)",1,-1.0277810850498075,-89.98928571428587,SL,16520.3
2021-11-22,2021,"(0.75, 0.5)",1,-1.0185207233665383,-134.9839285714288,SL,16520.3
2021-11-22,2021,"(0.75, 0.75)",1,-1.0185207233665383,-134.9839285714288,SL,16520.3
2021-11-22,2021,"(0.75, 1.0)",1,-1.0185207233665383,-134.9839285714288,SL,16520.3
2021-11-22,2021,"(1.0, 0.5)",1,-0.762312973766721,-134.70000000000073,T,16520.3
2021-11-22,2021,"(1.0, 0.75)",1,-0.762312973766721,-134.70000000000073,T,16520.3
2021-11-22,2021,"(1.0, 1.0)",1,-0.762312973766721,-134.70000000000073,T,16520.3
2021-11-24,2021,"(0.5, 0.5)",1,0.9757163671685285,102.9500000000002,TP,16129.2
2021-11-24,2021,"(0.5, 0.75)",1,1.4757163671685285,154.4250000000003,TP,16129.2
2021-11-24,2021,"(0.5, 1.0)",1,1.9757163671685285,205.9000000000004,TP,16129.2
2021-11-24,2021,"(0.75, 0.5)",1,0.6504775781123523,102.9500000000002,TP,16129.2
2021-11-24,2021,"(0.75, 0.75)",1,0.9838109114456857,154.4250000000003,TP,16129.2
2021-11-24,2021,"(0.75, 1.0)",1,1.317144244779019,205.9000000000004,TP,16129.2
2021-11-24,2021,"(1.0, 0.5)",1,0.48785818358426425,102.9500000000002,TP,16129.2
2021-11-24,2021,"(1.0, 0.75)",1,0.7378581835842642,154.4250000000003,TP,16129.2
2021-11-24,2021,"(1.0, 1.0)",1,0.9878581835842642,205.9000000000004,TP,16129.2
2021-12-03,2021,"(0.5, 0.5)",-1,0.9804997632114104,128.2035714285716,TP,16046.7
2021-12-03,2021,"(0.5, 0.75)",-1,1.4804997632114105,192.3053571428574,TP,16046.7
2021-12-03,2021,"(0.5, 1.0)",-1,1.9804997632114105,256.4071428571432,TP,16046.7
2021-12-03,2021,"(0.75, 0.5)",-1,0.653666508807607,128.2035714285716,TP,16046.7
2021-12-03,2021,"(0.75, 0.75)",-1,0.9869998421409403,192.3053571428574,TP,16046.7
2021-12-03,2021,"(0.75, 1.0)",-1,1.3203331754742735,256.4071428571432,TP,16046.7
2021-12-03,2021,"(1.0, 0.5)",-1,0.4902498816057052,128.2035714285716,TP,16046.7
2021-12-03,2021,"(1.0, 0.75)",-1,0.7402498816057053,192.3053571428574,TP,16046.7
2021-12-03,2021,"(1.0, 1.0)",-1,0.9902498816057053,256.4071428571432,TP,16046.7
2021-12-08,2021,"(0.5, 0.5)",-1,-0.5484659001770629,-84.90000000000146,T,16304.8
2021-12-08,2021,"(0.5, 0.75)",-1,-0.5484659001770629,-84.90000000000146,T,16304.8
2021-12-08,2021,"(0.5, 1.0)",-1,-0.5484659001770629,-84.90000000000146,T,16304.8
2021-12-08,2021,"(0.75, 0.5)",-1,-0.36564393345137525,-84.90000000000146,T,16304.8
2021-12-08,2021,"(0.75, 0.75)",-1,-0.36564393345137525,-84.90000000000146,T,16304.8
2021-12-08,2021,"(0.75, 1.0)",-1,-0.36564393345137525,-84.90000000000146,T,16304.8
2021-12-08,2021,"(1.0, 0.5)",-1,-0.27423295008853144,-84.90000000000146,T,16304.8
2021-12-08,2021,"(1.0, 0.75)",-1,-0.27423295008853144,-84.90000000000146,T,16304.8
2021-12-08,2021,"(1.0, 1.0)",-1,-0.27423295008853144,-84.90000000000146,T,16304.8
2021-12-10,2021,"(0.5, 0.5)",1,0.9847248286998648,163.66428571428585,TP,16147.9
2021-12-10,2021,"(0.5, 0.75)",1,1.0857591760136203,180.20000000000073,T,16147.9
2021-12-10,2021,"(0.5, 1.0)",1,1.0857591760136203,180.20000000000073,T,16147.9
2021-12-10,2021,"(0.75, 0.5)",1,0.6564832191332431,163.66428571428585,TP,16147.9
2021-12-10,2021,"(0.75, 0.75)",1,0.7238394506757468,180.20000000000073,T,16147.9
2021-12-10,2021,"(0.75, 1.0)",1,0.7238394506757468,180.20000000000073,T,16147.9
2021-12-10,2021,"(1.0, 0.5)",1,0.4923624143499324,163.66428571428585,TP,16147.9
2021-12-10,2021,"(1.0, 0.75)",1,0.5428795880068101,180.20000000000073,T,16147.9
2021-12-10,2021,"(1.0, 1.0)",1,0.5428795880068101,180.20000000000073,T,16147.9
2021-12-13,2021,"(0.5, 0.5)",-1,0.9847301601151782,163.72142857142873,TP,16286.9
2021-12-13,2021,"(0.5, 0.75)",-1,1.1806640198944143,195.79999999999927,T,16286.9
2021-12-13,2021,"(0.5, 1.0)",-1,1.1806640198944143,195.79999999999927,T,16286.9
2021-12-13,2021,"(0.75, 0.5)",-1,0.6564867734101189,163.72142857142873,TP,16286.9
2021-12-13,2021,"(0.75, 0.75)",-1,0.7871093465962763,195.79999999999927,T,16286.9
2021-12-13,2021,"(0.75, 1.0)",-1,0.7871093465962763,195.79999999999927,T,16286.9
2021-12-13,2021,"(1.0, 0.5)",-1,0.4923650800575891,163.72142857142873,TP,16286.9
2021-12-13,2021,"(1.0, 0.75)",-1,0.5903320099472071,195.79999999999927,T,16286.9
2021-12-13,2021,"(1.0, 1.0)",-1,0.5903320099472071,195.79999999999927,T,16286.9
2022-01-03,2022,"(0.5, 0.5)",1,-1.017272009474931,-144.74285714285693,SL,16440.6
2022-01-03,2022,"(0.5, 0.75)",1,-1.017272009474931,-144.74285714285693,SL,16440.6
2022-01-03,2022,"(0.5, 1.0)",1,-1.017272009474931,-144.74285714285693,SL,16440.6
2022-01-03,2022,"(0.75, 0.5)",1,0.24917752335834703,56.60000000000218,T,16440.6
2022-01-03,2022,"(0.75, 0.75)",1,0.24917752335834703,56.60000000000218,T,16440.6
2022-01-03,2022,"(0.75, 1.0)",1,0.24917752335834703,56.60000000000218,T,16440.6
2022-01-03,2022,"(1.0, 0.5)",1,0.1868831425187603,56.60000000000218,T,16440.6
2022-01-03,2022,"(1.0, 0.75)",1,0.1868831425187603,56.60000000000218,T,16440.6
2022-01-03,2022,"(1.0, 1.0)",1,0.1868831425187603,56.60000000000218,T,16440.6
2022-01-04,2022,"(0.5, 0.5)",-1,0.9827713512183116,145.10714285714266,TP,16487.6
2022-01-04,2022,"(0.5, 0.75)",-1,1.4827713512183116,217.660714285714,TP,16487.6
2022-01-04,2022,"(0.5, 1.0)",-1,1.9827713512183116,290.2142857142853,TP,16487.6
2022-01-04,2022,"(0.75, 0.5)",-1,0.6551809008122077,145.10714285714266,TP,16487.6
2022-01-04,2022,"(0.75, 0.75)",-1,0.9885142341455411,217.660714285714,TP,16487.6
2022-01-04,2022,"(0.75, 1.0)",-1,1.3218475674788743,290.2142857142853,TP,16487.6
2022-01-04,2022,"(1.0, 0.5)",-1,0.4913856756091558,145.10714285714266,TP,16487.6
2022-01-04,2022,"(1.0, 0.75)",-1,0.7413856756091558,217.660714285714,TP,16487.6
2022-01-04,2022,"(1.0, 1.0)",-1,0.9913856756091558,290.2142857142853,TP,16487.6
2022-01-06,2022,"(0.5, 0.5)",1,-1.0161778640597194,-154.53214285714253,SL,15801.2
2022-01-06,2022,"(0.5, 0.75)",1,-1.0161778640597194,-154.53214285714253,SL,15801.2
2022-01-06,2022,"(0.5, 1.0)",1,-1.0161778640597194,-154.53214285714253,SL,15801.2
2022-01-06,2022,"(0.75, 0.5)",1,-0.15530749497330684,-33.5,T,15801.2
2022-01-06,2022,"(0.75, 0.75)",1,-0.15530749497330684,-33.5,T,15801.2
2022-01-06,2022,"(0.75, 1.0)",1,-0.15530749497330684,-33.5,T,15801.2
2022-01-06,2022,"(1.0, 0.5)",1,-0.11648062122998014,-33.5,T,15801.2
2022-01-06,2022,"(1.0, 0.75)",1,-0.11648062122998014,-33.5,T,15801.2
2022-01-06,2022,"(1.0, 1.0)",1,-0.11648062122998014,-33.5,T,15801.2
2022-01-13,2022,"(0.5, 0.5)",1,-1.0179653013037677,-139.15714285714253,SL,15817.9
2022-01-13,2022,"(0.5, 0.75)",1,-1.0179653013037677,-139.15714285714253,SL,15817.9
2022-01-13,2022,"(0.5, 1.0)",1,-1.0179653013037677,-139.15714285714253,SL,15817.9
2022-01-13,2022,"(0.75, 0.5)",1,-1.0119768675358451,-208.7357142857138,SL,15817.9
2022-01-13,2022,"(0.75, 0.75)",1,-1.0119768675358451,-208.7357142857138,SL,15817.9
2022-01-13,2022,"(0.75, 1.0)",1,-1.0119768675358451,-208.7357142857138,SL,15817.9
2022-01-13,2022,"(1.0, 0.5)",1,-1.0089826506518838,-278.31428571428506,SL,15817.9
2022-01-13,2022,"(1.0, 0.75)",1,-1.0089826506518838,-278.31428571428506,SL,15817.9
2022-01-13,2022,"(1.0, 1.0)",1,-1.0089826506518838,-278.31428571428506,SL,15817.9
2022-01-27,2022,"(0.5, 0.5)",1,0.023020636356162128,7.5,T,13997.1
2022-01-27,2022,"(0.5, 0.75)",1,0.023020636356162128,7.5,T,13997.1
2022-01-27,2022,"(0.5, 1.0)",1,0.023020636356162128,7.5,T,13997.1
2022-01-27,2022,"(0.75, 0.5)",1,0.015347090904108086,7.5,T,13997.1
2022-01-27,2022,"(0.75, 0.75)",1,0.015347090904108086,7.5,T,13997.1
2022-01-27,2022,"(0.75, 1.0)",1,0.015347090904108086,7.5,T,13997.1
2022-01-27,2022,"(1.0, 0.5)",1,0.011510318178081064,7.5,T,13997.1
2022-01-27,2022,"(1.0, 0.75)",1,0.011510318178081064,7.5,T,13997.1
2022-01-27,2022,"(1.0, 1.0)",1,0.011510318178081064,7.5,T,13997.1
2022-02-01,2022,"(0.5, 0.5)",-1,-0.39137209373376913,-89.0,T,14917.1
2022-02-01,2022,"(0.5, 0.75)",-1,-0.39137209373376913,-89.0,T,14917.1
2022-02-01,2022,"(0.5, 1.0)",-1,-0.39137209373376913,-89.0,T,14917.1
2022-02-01,2022,"(0.75, 0.5)",-1,-0.2609147291558461,-89.0,T,14917.1
2022-02-01,2022,"(0.75, 0.75)",-1,-0.2609147291558461,-89.0,T,14917.1
2022-02-01,2022,"(0.75, 1.0)",-1,-0.2609147291558461,-89.0,T,14917.1
2022-02-01,2022,"(1.0, 0.5)",-1,-0.19568604686688457,-89.0,T,14917.1
2022-02-01,2022,"(1.0, 0.75)",-1,-0.19568604686688457,-89.0,T,14917.1
2022-02-01,2022,"(1.0, 1.0)",-1,-0.19568604686688457,-89.0,T,14917.1
2022-02-04,2022,"(0.5, 0.5)",1,0.9894516357499133,237.00357142857158,TP,14474.1
2022-02-04,2022,"(0.5, 0.75)",1,1.4894516357499132,355.50535714285735,TP,14474.1
2022-02-04,2022,"(0.5, 1.0)",1,0.925724446587602,221.89999999999964,T,14474.1
2022-02-04,2022,"(0.75, 0.5)",1,0.6596344238332756,237.00357142857158,TP,14474.1
2022-02-04,2022,"(0.75, 0.75)",1,0.9929677571666089,355.50535714285735,TP,14474.1
2022-02-04,2022,"(0.75, 1.0)",1,0.6171496310584014,221.89999999999964,T,14474.1
2022-02-04,2022,"(1.0, 0.5)",1,0.4947258178749567,237.00357142857158,TP,14474.1
2022-02-04,2022,"(1.0, 0.75)",1,0.7447258178749566,355.50535714285735,TP,14474.1
2022-02-04,2022,"(1.0, 1.0)",1,0.462862223293801,221.89999999999964,T,14474.1
2022-02-11,2022,"(0.5, 0.5)",1,-1.0109434847182053,-228.44642857142864,SL,14639.1
2022-02-11,2022,"(0.5, 0.75)",1,-1.0109434847182053,-228.44642857142864,SL,14639.1
2022-02-11,2022,"(0.5, 1.0)",1,-1.0109434847182053,-228.44642857142864,SL,14639.1
2022-02-11,2022,"(0.75, 0.5)",1,-1.0072956564788036,-342.66964285714295,SL,14639.1
2022-02-11,2022,"(0.75, 0.75)",1,-1.0072956564788036,-342.66964285714295,SL,14639.1
2022-02-11,2022,"(0.75, 1.0)",1,-1.0072956564788036,-342.66964285714295,SL,14639.1
2022-02-11,2022,"(1.0, 0.5)",1,-0.859939029156569,-390.39999999999964,T,14639.1
2022-02-11,2022,"(1.0, 0.75)",1,-0.859939029156569,-390.39999999999964,T,14639.1
2022-02-11,2022,"(1.0, 1.0)",1,-0.859939029156569,-390.39999999999964,T,14639.1
2022-02-14,2022,"(0.5, 0.5)",1,0.1098680156954341,26.700000000000728,T,14242.0
2022-02-14,2022,"(0.5, 0.75)",1,0.1098680156954341,26.700000000000728,T,14242.0
2022-02-14,2022,"(0.5, 1.0)",1,0.1098680156954341,26.700000000000728,T,14242.0
2022-02-14,2022,"(0.75, 0.5)",1,0.07324534379695606,26.700000000000728,T,14242.0
2022-02-14,2022,"(0.75, 0.75)",1,0.07324534379695606,26.700000000000728,T,14242.0
2022-02-14,2022,"(0.75, 1.0)",1,0.07324534379695606,26.700000000000728,T,14242.0
2022-02-14,2022,"(1.0, 0.5)",1,0.05493400784771705,26.700000000000728,T,14242.0
2022-02-14,2022,"(1.0, 0.75)",1,0.05493400784771705,26.700000000000728,T,14242.0
2022-02-14,2022,"(1.0, 1.0)",1,0.05493400784771705,26.700000000000728,T,14242.0
2022-02-17,2022,"(0.5, 0.5)",1,-1.0128223915592027,-194.9714285714286,SL,14392.8
2022-02-17,2022,"(0.5, 0.75)",1,-1.0128223915592027,-194.9714285714286,SL,14392.8
2022-02-17,2022,"(0.5, 1.0)",1,-1.0128223915592027,-194.9714285714286,SL,14392.8
2022-02-17,2022,"(0.75, 0.5)",1,-0.7584017194216465,-219.29999999999927,T,14392.8
2022-02-17,2022,"(0.75, 0.75)",1,-0.7584017194216465,-219.29999999999927,T,14392.8
2022-02-17,2022,"(0.75, 1.0)",1,-0.7584017194216465,-219.29999999999927,T,14392.8
2022-02-17,2022,"(1.0, 0.5)",1,-0.5688012895662349,-219.29999999999927,T,14392.8
2022-02-17,2022,"(1.0, 0.75)",1,-0.5688012895662349,-219.29999999999927,T,14392.8
2022-02-17,2022,"(1.0, 1.0)",1,-0.5688012895662349,-219.29999999999927,T,14392.8
2022-03-02,2022,"(0.5, 0.5)",-1,0.01720929438478654,6.100000000000364,T,14247.2
2022-03-02,2022,"(0.5, 0.75)",-1,0.01720929438478654,6.100000000000364,T,14247.2
2022-03-02,2022,"(0.5, 1.0)",-1,0.01720929438478654,6.100000000000364,T,14247.2
2022-03-02,2022,"(0.75, 0.5)",-1,0.011472862923191026,6.100000000000364,T,14247.2
2022-03-02,2022,"(0.75, 0.75)",-1,0.011472862923191026,6.100000000000364,T,14247.2
2022-03-02,2022,"(0.75, 1.0)",-1,0.011472862923191026,6.100000000000364,T,14247.2
2022-03-02,2022,"(1.0, 0.5)",-1,0.00860464719239327,6.100000000000364,T,14247.2
2022-03-02,2022,"(1.0, 0.75)",-1,0.00860464719239327,6.100000000000364,T,14247.2
2022-03-02,2022,"(1.0, 1.0)",-1,0.00860464719239327,6.100000000000364,T,14247.2
2022-03-07,2022,"(0.5, 0.5)",1,-1.0125459270543955,-199.26785714285708,SL,13744.5
2022-03-07,2022,"(0.5, 0.75)",1,-1.0125459270543955,-199.26785714285708,SL,13744.5
2022-03-07,2022,"(0.5, 1.0)",1,-1.0125459270543955,-199.26785714285708,SL,13744.5
2022-03-07,2022,"(0.75, 0.5)",1,-1.008363951369597,-298.9017857142856,SL,13744.5
2022-03-07,2022,"(0.75, 0.75)",1,-1.008363951369597,-298.9017857142856,SL,13744.5
2022-03-07,2022,"(0.75, 1.0)",1,-1.008363951369597,-298.9017857142856,SL,13744.5
2022-03-07,2022,"(1.0, 0.5)",1,-1.0062729635271979,-398.53571428571416,SL,13744.5
2022-03-07,2022,"(1.0, 0.75)",1,-1.0062729635271979,-398.53571428571416,SL,13744.5
2022-03-07,2022,"(1.0, 1.0)",1,-1.0062729635271979,-398.53571428571416,SL,13744.5
2022-03-09,2022,"(0.5, 0.5)",-1,-0.362076958738991,-75.60000000000036,T,13665.9
2022-03-09,2022,"(0.5, 0.75)",-1,-0.362076958738991,-75.60000000000036,T,13665.9
2022-03-09,2022,"(0.5, 1.0)",-1,-0.362076958738991,-75.60000000000036,T,13665.9
2022-03-09,2022,"(0.75, 0.5)",-1,-0.24138463915932734,-75.60000000000036,T,13665.9
2022-03-09,2022,"(0.75, 0.75)",-1,-0.24138463915932734,-75.60000000000036,T,13665.9
2022-03-09,2022,"(0.75, 1.0)",-1,-0.24138463915932734,-75.60000000000036,T,13665.9
2022-03-09,2022,"(1.0, 0.5)",-1,-0.1810384793694955,-75.60000000000036,T,13665.9
2022-03-09,2022,"(1.0, 0.75)",-1,-0.1810384793694955,-75.60000000000036,T,13665.9
2022-03-09,2022,"(1.0, 1.0)",-1,-0.1810384793694955,-75.60000000000036,T,13665.9
2022-03-15,2022,"(0.5, 0.5)",-1,-0.3153003124454805,-68.5,T,13389.2
2022-03-15,2022,"(0.5, 0.75)",-1,-0.3153003124454805,-68.5,T,13389.2
2022-03-15,2022,"(0.5, 1.0)",-1,-0.3153003124454805,-68.5,T,13389.2
2022-03-15,2022,"(0.75, 0.5)",-1,-0.21020020829698702,-68.5,T,13389.2
2022-03-15,2022,"(0.75, 0.75)",-1,-0.21020020829698702,-68.5,T,13389.2
2022-03-15,2022,"(0.75, 1.0)",-1,-0.21020020829698702,-68.5,T,13389.2
2022-03-15,2022,"(1.0, 0.5)",-1,-0.15765015622274026,-68.5,T,13389.2
2022-03-15,2022,"(1.0, 0.75)",-1,-0.15765015622274026,-68.5,T,13389.2
2022-03-15,2022,"(1.0, 1.0)",-1,-0.15765015622274026,-68.5,T,13389.2
2022-03-18,2022,"(0.5, 0.5)",-1,-1.0121989474051096,-204.93571428571437,SL,14100.1
2022-03-18,2022,"(0.5, 0.75)",-1,-1.0121989474051096,-204.93571428571437,SL,14100.1
2022-03-18,2022,"(0.5, 1.0)",-1,-1.0121989474051096,-204.93571428571437,SL,14100.1
2022-03-18,2022,"(0.75, 0.5)",-1,-1.0081326316034065,-307.4035714285716,SL,14100.1
2022-03-18,2022,"(0.75, 0.75)",-1,-1.0081326316034065,-307.4035714285716,SL,14100.1
2022-03-18,2022,"(0.75, 1.0)",-1,-1.0081326316034065,-307.4035714285716,SL,14100.1
2022-03-18,2022,"(1.0, 0.5)",-1,-0.7709734760029274,-313.5,T,14100.1
2022-03-18,2022,"(1.0, 0.75)",-1,-0.7709734760029274,-313.5,T,14100.1
2022-03-18,2022,"(1.0, 1.0)",-1,-0.7709734760029274,-313.5,T,14100.1
2022-03-24,2022,"(0.5, 0.5)",1,0.9875118191711416,200.18928571428583,TP,14502.6
2022-03-24,2022,"(0.5, 0.75)",1,1.3037660785328165,263.5,T,14502.6
2022-03-24,2022,"(0.5, 1.0)",1,1.3037660785328165,263.5,T,14502.6
2022-03-24,2022,"(0.75, 0.5)",1,0.6583412127807611,200.18928571428583,TP,14502.6
2022-03-24,2022,"(0.75, 0.75)",1,0.8691773856885442,263.5,T,14502.6
2022-03-24,2022,"(0.75, 1.0)",1,0.8691773856885442,263.5,T,14502.6
2022-03-24,2022,"(1.0, 0.5)",1,0.4937559095855708,200.18928571428583,TP,14502.6
2022-03-24,2022,"(1.0, 0.75)",1,0.6518830392664082,263.5,T,14502.6
2022-03-24,2022,"(1.0, 1.0)",1,0.6518830392664082,263.5,T,14502.6
2022-03-25,2022,"(0.5, 0.5)",-1,-0.07997729127487477,-13.599999999998545,T,14744.2
2022-03-25,2022,"(0.5, 0.75)",-1,-0.07997729127487477,-13.599999999998545,T,14744.2
2022-03-25,2022,"(0.5, 1.0)",-1,-0.07997729127487477,-13.599999999998545,T,14744.2
2022-03-25,2022,"(0.75, 0.5)",-1,-0.05331819418324984,-13.599999999998545,T,14744.2
2022-03-25,2022,"(0.75, 0.75)",-1,-0.05331819418324984,-13.599999999998545,T,14744.2
2022-03-25,2022,"(0.75, 1.0)",-1,-0.05331819418324984,-13.599999999998545,T,14744.2
2022-03-25,2022,"(1.0, 0.5)",-1,-0.039988645637437384,-13.599999999998545,T,14744.2
2022-03-25,2022,"(1.0, 0.75)",-1,-0.039988645637437384,-13.599999999998545,T,14744.2
2022-03-25,2022,"(1.0, 1.0)",-1,-0.039988645637437384,-13.599999999998545,T,14744.2
2022-03-28,2022,"(0.5, 0.5)",-1,-0.9677735479250666,-180.89999999999964,T,14803.5
2022-03-28,2022,"(0.5, 0.75)",-1,-0.9677735479250666,-180.89999999999964,T,14803.5
2022-03-28,2022,"(0.5, 1.0)",-1,-0.9677735479250666,-180.89999999999964,T,14803.5
2022-03-28,2022,"(0.75, 0.5)",-1,-0.6451823652833778,-180.89999999999964,T,14803.5
2022-03-28,2022,"(0.75, 0.75)",-1,-0.6451823652833778,-180.89999999999964,T,14803.5
2022-03-28,2022,"(0.75, 1.0)",-1,-0.6451823652833778,-180.89999999999964,T,14803.5
2022-03-28,2022,"(1.0, 0.5)",-1,-0.4838867739625333,-180.89999999999964,T,14803.5
2022-03-28,2022,"(1.0, 0.75)",-1,-0.4838867739625333,-180.89999999999964,T,14803.5
2022-03-28,2022,"(1.0, 1.0)",-1,-0.4838867739625333,-180.89999999999964,T,14803.5
2022-03-31,2022,"(0.5, 0.5)",1,-1.0149627001261141,-167.08214285714283,SL,15022.6
2022-03-31,2022,"(0.5, 0.75)",1,-1.0149627001261141,-167.08214285714283,SL,15022.6
2022-03-31,2022,"(0.5, 1.0)",1,-1.0149627001261141,-167.08214285714283,SL,15022.6
2022-03-31,2022,"(0.75, 0.5)",1,-0.6316254479903713,-155.8000000000011,T,15022.6
2022-03-31,2022,"(0.75, 0.75)",1,-0.6316254479903713,-155.8000000000011,T,15022.6
2022-03-31,2022,"(0.75, 1.0)",1,-0.6316254479903713,-155.8000000000011,T,15022.6
2022-03-31,2022,"(1.0, 0.5)",1,-0.4737190859927785,-155.8000000000011,T,15022.6
2022-03-31,2022,"(1.0, 0.75)",1,-0.4737190859927785,-155.8000000000011,T,15022.6
2022-03-31,2022,"(1.0, 1.0)",1,-0.4737190859927785,-155.8000000000011,T,15022.6
2022-04-05,2022,"(0.5, 0.5)",1,-0.4943109684528282,-71.20000000000073,T,14896.5
2022-04-05,2022,"(0.5, 0.75)",1,-0.4943109684528282,-71.20000000000073,T,14896.5
2022-04-05,2022,"(0.5, 1.0)",1,-0.4943109684528282,-71.20000000000073,T,14896.5
2022-04-05,2022,"(0.75, 0.5)",1,-0.3295406456352188,-71.20000000000073,T,14896.5
2022-04-05,2022,"(0.75, 0.75)",1,-0.3295406456352188,-71.20000000000073,T,14896.5
2022-04-05,2022,"(0.75, 1.0)",1,-0.3295406456352188,-71.20000000000073,T,14896.5
2022-04-05,2022,"(1.0, 0.5)",1,-0.2471554842264141,-71.20000000000073,T,14896.5
2022-04-05,2022,"(1.0, 0.75)",1,-0.2471554842264141,-71.20000000000073,T,14896.5
2022-04-05,2022,"(1.0, 1.0)",1,-0.2471554842264141,-71.20000000000073,T,14896.5
2022-04-08,2022,"(0.5, 0.5)",1,0.98281660407001,145.48928571428561,TP,14321.5
2022-04-08,2022,"(0.5, 0.75)",1,0.047426172766769754,9.399999999999636,T,14321.5
2022-04-08,2022,"(0.5, 1.0)",1,0.047426172766769754,9.399999999999636,T,14321.5
2022-04-08,2022,"(0.75, 0.5)",1,0.6552110693800067,145.48928571428561,TP,14321.5
2022-04-08,2022,"(0.75, 0.75)",1,0.03161744851117984,9.399999999999636,T,14321.5
2022-04-08,2022,"(0.75, 1.0)",1,0.03161744851117984,9.399999999999636,T,14321.5
2022-04-08,2022,"(1.0, 0.5)",1,0.491408302035005,145.48928571428561,TP,14321.5
2022-04-08,2022,"(1.0, 0.75)",1,0.023713086383384877,9.399999999999636,T,14321.5
2022-04-08,2022,"(1.0, 1.0)",1,0.023713086383384877,9.399999999999636,T,14321.5
2022-04-12,2022,"(0.5, 0.5)",-1,0.9827730472018507,145.12142857142842,TP,14155.2
2022-04-12,2022,"(0.5, 0.75)",-1,1.4827730472018508,217.68214285714265,TP,14155.2
2022-04-12,2022,"(0.5, 1.0)",-1,1.4828960968647011,217.70000000000073,T,14155.2
2022-04-12,2022,"(0.75, 0.5)",-1,0.6551820314679004,145.12142857142842,TP,14155.2
2022-04-12,2022,"(0.75, 0.75)",-1,0.9885153648012338,217.68214285714265,TP,14155.2
2022-04-12,2022,"(0.75, 1.0)",-1,0.9885973979098007,217.70000000000073,T,14155.2
2022-04-12,2022,"(1.0, 0.5)",-1,0.49138652360092533,145.12142857142842,TP,14155.2
2022-04-12,2022,"(1.0, 0.75)",-1,0.7413865236009254,217.68214285714265,TP,14155.2
2022-04-12,2022,"(1.0, 1.0)",-1,0.7414480484323506,217.70000000000073,T,14155.2
2022-04-18,2022,"(0.5, 0.5)",1,0.012232134645449703,4.399999999999636,T,13911.7
2022-04-18,2022,"(0.5, 0.75)",1,0.012232134645449703,4.399999999999636,T,13911.7
2022-04-18,2022,"(0.5, 1.0)",1,0.012232134645449703,4.399999999999636,T,13911.7
2022-04-18,2022,"(0.75, 0.5)",1,0.008154756430299802,4.399999999999636,T,13911.7
2022-04-18,2022,"(0.75, 0.75)",1,0.008154756430299802,4.399999999999636,T,13911.7
2022-04-18,2022,"(0.75, 1.0)",1,0.008154756430299802,4.399999999999636,T,13911.7
2022-04-18,2022,"(1.0, 0.5)",1,0.006116067322724851,4.399999999999636,T,13911.7
2022-04-18,2022,"(1.0, 0.75)",1,0.006116067322724851,4.399999999999636,T,13911.7
2022-04-18,2022,"(1.0, 1.0)",1,0.006116067322724851,4.399999999999636,T,13911.7
2022-04-20,2022,"(0.5, 0.5)",-1,0.9841017488076311,157.24999999999994,TP,14211.4
2022-04-20,2022,"(0.5, 0.75)",-1,1.4841017488076311,235.87499999999991,TP,14211.4
2022-04-20,2022,"(0.5, 1.0)",-1,1.3151033386327462,209.29999999999927,T,14211.4
2022-04-20,2022,"(0.75, 0.5)",-1,0.6560678325384208,157.24999999999994,TP,14211.4
2022-04-20,2022,"(0.75, 0.75)",-1,0.9894011658717541,235.87499999999991,TP,14211.4
2022-04-20,2022,"(0.75, 1.0)",-1,0.8767355590884975,209.29999999999927,T,14211.4
2022-04-20,2022,"(1.0, 0.5)",-1,0.49205087440381556,157.24999999999994,TP,14211.4
2022-04-20,2022,"(1.0, 0.75)",-1,0.7420508744038156,235.87499999999991,TP,14211.4
2022-04-20,2022,"(1.0, 1.0)",-1,0.6575516693163731,209.29999999999927,T,14211.4
2022-04-21,2022,"(0.5, 0.5)",-1,0.9843861527480371,160.11428571428561,TP,14257.2
2022-04-21,2022,"(0.5, 0.75)",-1,1.484386152748037,240.1714285714284,TP,14257.2
2022-04-21,2022,"(0.5, 1.0)",-1,1.984386152748037,320.22857142857123,TP,14257.2
2022-04-21,2022,"(0.75, 0.5)",-1,0.6562574351653581,160.11428571428561,TP,14257.2
2022-04-21,2022,"(0.75, 0.75)",-1,0.9895907684986914,240.1714285714284,TP,14257.2
2022-04-21,2022,"(0.75, 1.0)",-1,1.3229241018320248,320.22857142857123,TP,14257.2
2022-04-21,2022,"(1.0, 0.5)",-1,0.49219307637401855,160.11428571428561,TP,14257.2
2022-04-21,2022,"(1.0, 0.75)",-1,0.7421930763740185,240.1714285714284,TP,14257.2
2022-04-21,2022,"(1.0, 1.0)",-1,0.9921930763740185,320.22857142857123,TP,14257.2
2022-04-28,2022,"(0.5, 0.5)",-1,0.9862914439026301,182.36785714285705,TP,13215.7
2022-04-28,2022,"(0.5, 0.75)",-1,-1.01370855609737,-182.36785714285705,SL,13215.7
2022-04-28,2022,"(0.5, 1.0)",-1,-1.01370855609737,-182.36785714285705,SL,13215.7
2022-04-28,2022,"(0.75, 0.5)",-1,0.65752762926842,182.36785714285705,TP,13215.7
2022-04-28,2022,"(0.75, 0.75)",-1,-1.0091390373982465,-273.5517857142856,SL,13215.7
2022-04-28,2022,"(0.75, 1.0)",-1,-1.0091390373982465,-273.5517857142856,SL,13215.7
2022-04-28,2022,"(1.0, 0.5)",-1,0.49314572195131506,182.36785714285705,TP,13215.7
2022-04-28,2022,"(1.0, 0.75)",-1,-0.6761059867222806,-244.09999999999854,T,13215.7
2022-04-28,2022,"(1.0, 1.0)",-1,-0.6761059867222806,-244.09999999999854,T,13215.7
2022-05-04,2022,"(0.5, 0.5)",-1,0.9874222877061847,198.76428571428565,TP,13173.1
2022-05-04,2022,"(0.5, 0.75)",-1,-1.0125777122938153,-198.76428571428565,SL,13173.1
2022-05-04,2022,"(0.5, 1.0)",-1,-1.0125777122938153,-198.76428571428565,SL,13173.1
2022-05-04,2022,"(0.75, 0.5)",-1,0.6582815251374564,198.76428571428565,TP,13173.1
2022-05-04,2022,"(0.75, 0.75)",-1,-1.0083851415292102,-298.1464285714285,SL,13173.1
2022-05-04,2022,"(0.75, 1.0)",-1,-1.0083851415292102,-298.1464285714285,SL,13173.1
2022-05-04,2022,"(1.0, 0.5)",-1,0.49371114385309234,198.76428571428565,TP,13173.1
2022-05-04,2022,"(1.0, 0.75)",-1,-0.914399683760377,-361.0,T,13173.1
2022-05-04,2022,"(1.0, 1.0)",-1,-0.914399683760377,-361.0,T,13173.1
2022-05-05,2022,"(0.5, 0.5)",1,-0.19711954401262113,-39.0,T,12900.2
2022-05-05,2022,"(0.5, 0.75)",1,-0.19711954401262113,-39.0,T,12900.2
2022-05-05,2022,"(0.5, 1.0)",1,-0.19711954401262113,-39.0,T,12900.2
2022-05-05,2022,"(0.75, 0.5)",1,-0.13141302934174745,-39.0,T,12900.2
2022-05-05,2022,"(0.75, 0.75)",1,-0.13141302934174745,-39.0,T,12900.2
2022-05-05,2022,"(0.75, 1.0)",1,-0.13141302934174745,-39.0,T,12900.2
2022-05-05,2022,"(1.0, 0.5)",1,-0.09855977200631057,-39.0,T,12900.2
2022-05-05,2022,"(1.0, 0.75)",1,-0.09855977200631057,-39.0,T,12900.2
2022-05-05,2022,"(1.0, 1.0)",1,-0.09855977200631057,-39.0,T,12900.2
2022-05-11,2022,"(0.5, 0.5)",1,0.9896761253023421,242.1571428571428,TP,12182.3
2022-05-11,2022,"(0.5, 0.75)",1,-1.010323874697658,-242.1571428571428,SL,12182.3
2022-05-11,2022,"(0.5, 1.0)",1,-1.010323874697658,-242.1571428571428,SL,12182.3
2022-05-11,2022,"(0.75, 0.5)",1,0.6597840835348947,242.1571428571428,TP,12182.3
2022-05-11,2022,"(0.75, 0.75)",1,-0.5896997227302196,-211.6999999999989,T,12182.3
2022-05-11,2022,"(0.75, 1.0)",1,-0.5896997227302196,-211.6999999999989,T,12182.3
2022-05-11,2022,"(1.0, 0.5)",1,0.49483806265117103,242.1571428571428,TP,12182.3
2022-05-11,2022,"(1.0, 0.75)",1,-0.4422747920476647,-211.6999999999989,T,12182.3
2022-05-11,2022,"(1.0, 1.0)",1,-0.4422747920476647,-211.6999999999989,T,12182.3
2022-05-13,2022,"(0.5, 0.5)",-1,-1.0104089219330854,-240.17857142857142,SL,12089.4
2022-05-13,2022,"(0.5, 0.75)",-1,-1.0104089219330854,-240.17857142857142,SL,12089.4
2022-05-13,2022,"(0.5, 1.0)",-1,-1.0104089219330854,-240.17857142857142,SL,12089.4
2022-05-13,2022,"(0.75, 0.5)",-1,-0.8241090458488218,-294.39999999999964,T,12089.4
2022-05-13,2022,"(0.75, 0.75)",-1,-0.8241090458488218,-294.39999999999964,T,12089.4
2022-05-13,2022,"(0.75, 1.0)",-1,-0.8241090458488218,-294.39999999999964,T,12089.4
2022-05-13,2022,"(1.0, 0.5)",-1,-0.6180817843866164,-294.39999999999964,T,12089.4
2022-05-13,2022,"(1.0, 0.75)",-1,-0.6180817843866164,-294.39999999999964,T,12089.4
2022-05-13,2022,"(1.0, 1.0)",-1,-0.6180817843866164,-294.39999999999964,T,12089.4
2022-05-19,2022,"(0.5, 0.5)",1,-0.18619839985750575,-42.30000000000109,T,11916.1
2022-05-19,2022,"(0.5, 0.75)",1,-0.18619839985750575,-42.30000000000109,T,11916.1
2022-05-19,2022,"(0.5, 1.0)",1,-0.18619839985750575,-42.30000000000109,T,11916.1
2022-05-19,2022,"(0.75, 0.5)",1,-0.12413226657167051,-42.30000000000109,T,11916.1
2022-05-19,2022,"(0.75, 0.75)",1,-0.12413226657167051,-42.30000000000109,T,11916.1
2022-05-19,2022,"(0.75, 1.0)",1,-0.12413226657167051,-42.30000000000109,T,11916.1
2022-05-19,2022,"(1.0, 0.5)",1,-0.09309919992875287,-42.30000000000109,T,11916.1
2022-05-19,2022,"(1.0, 0.75)",1,-0.09309919992875287,-42.30000000000109,T,11916.1
2022-05-19,2022,"(1.0, 1.0)",1,-0.09309919992875287,-42.30000000000109,T,11916.1
2022-05-20,2022,"(0.5, 0.5)",1,-1.0109527311417439,-228.25357142857138,SL,11800.7
2022-05-20,2022,"(0.5, 0.75)",1,-1.0109527311417439,-228.25357142857138,SL,11800.7
2022-05-20,2022,"(0.5, 1.0)",1,-1.0109527311417439,-228.25357142857138,SL,11800.7
2022-05-20,2022,"(0.75, 0.5)",1,0.09054257743841698,33.5,T,11800.7
2022-05-20,2022,"(0.75, 0.75)",1,0.09054257743841698,33.5,T,11800.7
2022-05-20,2022,"(0.75, 1.0)",1,0.09054257743841698,33.5,T,11800.7
2022-05-20,2022,"(1.0, 0.5)",1,0.06790693307881274,33.5,T,11800.7
2022-05-20,2022,"(1.0, 0.75)",1,0.06790693307881274,33.5,T,11800.7
2022-05-20,2022,"(1.0, 1.0)",1,0.06790693307881274,33.5,T,11800.7
2022-05-23,2022,"(0.5, 0.5)",-1,0.025109817452241306,8.400000000001455,T,12040.7
2022-05-23,2022,"(0.5, 0.75)",-1,0.025109817452241306,8.400000000001455,T,12040.7
2022-05-23,2022,"(0.5, 1.0)",-1,0.025109817452241306,8.400000000001455,T,12040.7
2022-05-23,2022,"(0.75, 0.5)",-1,0.016739878301494204,8.400000000001455,T,12040.7
2022-05-23,2022,"(0.75, 0.75)",-1,0.016739878301494204,8.400000000001455,T,12040.7
2022-05-23,2022,"(0.75, 1.0)",-1,0.016739878301494204,8.400000000001455,T,12040.7
2022-05-23,2022,"(1.0, 0.5)",-1,0.012554908726120653,8.400000000001455,T,12040.7
2022-05-23,2022,"(1.0, 0.75)",-1,0.012554908726120653,8.400000000001455,T,12040.7
2022-05-23,2022,"(1.0, 1.0)",-1,0.012554908726120653,8.400000000001455,T,12040.7
2022-05-24,2022,"(0.5, 0.5)",1,-0.07894816199752262,-16.19999999999891,T,11794.3
2022-05-24,2022,"(0.5, 0.75)",1,-0.07894816199752262,-16.19999999999891,T,11794.3
2022-05-24,2022,"(0.5, 1.0)",1,-0.07894816199752262,-16.19999999999891,T,11794.3
2022-05-24,2022,"(0.75, 0.5)",1,-0.052632107998348415,-16.19999999999891,T,11794.3
2022-05-24,2022,"(0.75, 0.75)",1,-0.052632107998348415,-16.19999999999891,T,11794.3
2022-05-24,2022,"(0.75, 1.0)",1,-0.052632107998348415,-16.19999999999891,T,11794.3
2022-05-24,2022,"(1.0, 0.5)",1,-0.03947408099876131,-16.19999999999891,T,11794.3
2022-05-24,2022,"(1.0, 0.75)",1,-0.03947408099876131,-16.19999999999891,T,11794.3
2022-05-24,2022,"(1.0, 1.0)",1,-0.03947408099876131,-16.19999999999891,T,11794.3
2022-05-25,2022,"(0.5, 0.5)",-1,-1.0109052952998177,-229.24642857142848,SL,11755.0
2022-05-25,2022,"(0.5, 0.75)",-1,-1.0109052952998177,-229.24642857142848,SL,11755.0
2022-05-25,2022,"(0.5, 1.0)",-1,-1.0109052952998177,-229.24642857142848,SL,11755.0
2022-05-25,2022,"(0.75, 0.5)",-1,-0.5586419272253307,-189.60000000000036,T,11755.0
2022-05-25,2022,"(0.75, 0.75)",-1,-0.5586419272253307,-189.60000000000036,T,11755.0
2022-05-25,2022,"(0.75, 1.0)",-1,-0.5586419272253307,-189.60000000000036,T,11755.0
2022-05-25,2022,"(1.0, 0.5)",-1,-0.41898144541899796,-189.60000000000036,T,11755.0
2022-05-25,2022,"(1.0, 0.75)",-1,-0.41898144541899796,-189.60000000000036,T,11755.0
2022-05-25,2022,"(1.0, 1.0)",-1,-0.41898144541899796,-189.60000000000036,T,11755.0
2022-05-26,2022,"(0.5, 0.5)",-1,-1.0118307193077338,-211.3142857142857,SL,12027.8
2022-05-26,2022,"(0.5, 0.75)",-1,-1.0118307193077338,-211.3142857142857,SL,12027.8
2022-05-26,2022,"(0.5, 1.0)",-1,-1.0118307193077338,-211.3142857142857,SL,12027.8
2022-05-26,2022,"(0.75, 0.5)",-1,-0.779250045069407,-244.5,T,12027.8
2022-05-26,2022,"(0.75, 0.75)",-1,-0.779250045069407,-244.5,T,12027.8
2022-05-26,2022,"(0.75, 1.0)",-1,-0.779250045069407,-244.5,T,12027.8
2022-05-26,2022,"(1.0, 0.5)",-1,-0.5844375338020552,-244.5,T,12027.8
2022-05-26,2022,"(1.0, 0.75)",-1,-0.5844375338020552,-244.5,T,12027.8
2022-05-26,2022,"(1.0, 1.0)",-1,-0.5844375338020552,-244.5,T,12027.8
2022-05-31,2022,"(0.5, 0.5)",-1,-0.32194449232890354,-64.19999999999891,T,12579.1
2022-05-31,2022,"(0.5, 0.75)",-1,-0.32194449232890354,-64.19999999999891,T,12579.1
2022-05-31,2022,"(0.5, 1.0)",-1,-0.32194449232890354,-64.19999999999891,T,12579.1
2022-05-31,2022,"(0.75, 0.5)",-1,-0.21462966155260238,-64.19999999999891,T,12579.1
2022-05-31,2022,"(0.75, 0.75)",-1,-0.21462966155260238,-64.19999999999891,T,12579.1
2022-05-31,2022,"(0.75, 1.0)",-1,-0.21462966155260238,-64.19999999999891,T,12579.1
2022-05-31,2022,"(1.0, 0.5)",-1,-0.16097224616445177,-64.19999999999891,T,12579.1
2022-05-31,2022,"(1.0, 0.75)",-1,-0.16097224616445177,-64.19999999999891,T,12579.1
2022-05-31,2022,"(1.0, 1.0)",-1,-0.16097224616445177,-64.19999999999891,T,12579.1
2022-06-02,2022,"(0.5, 0.5)",1,0.9873639366752712,197.8464285714286,TP,12505.2
2022-06-02,2022,"(0.5, 0.75)",1,1.4873639366752713,296.7696428571429,TP,12505.2
2022-06-02,2022,"(0.5, 1.0)",1,1.9469646370742042,387.6999999999989,T,12505.2
2022-06-02,2022,"(0.75, 0.5)",1,0.6582426244501808,197.8464285714286,TP,12505.2
2022-06-02,2022,"(0.75, 0.75)",1,0.9915759577835142,296.7696428571429,TP,12505.2
2022-06-02,2022,"(0.75, 1.0)",1,1.2979764247161358,387.6999999999989,T,12505.2
2022-06-02,2022,"(1.0, 0.5)",1,0.4936819683376356,197.8464285714286,TP,12505.2
2022-06-02,2022,"(1.0, 0.75)",1,0.7436819683376357,296.7696428571429,TP,12505.2
2022-06-02,2022,"(1.0, 1.0)",1,0.9734823185371021,387.6999999999989,T,12505.2
2022-06-09,2022,"(0.5, 0.5)",1,-1.013875398917719,-180.17499999999993,SL,12582.8
2022-06-09,2022,"(0.5, 0.75)",1,-1.013875398917719,-180.17499999999993,SL,12582.8
2022-06-09,2022,"(0.5, 1.0)",1,-1.013875398917719,-180.17499999999993,SL,12582.8
2022-06-09,2022,"(0.75, 0.5)",1,-1.0092502659451459,-270.2624999999999,SL,12582.8
2022-06-09,2022,"(0.75, 0.75)",1,-1.0092502659451459,-270.2624999999999,SL,12582.8
2022-06-09,2022,"(0.75, 1.0)",1,-1.0092502659451459,-270.2624999999999,SL,12582.8
2022-06-09,2022,"(1.0, 0.5)",1,-0.877757735534895,-313.7999999999993,T,12582.8
2022-06-09,2022,"(1.0, 0.75)",1,-0.877757735534895,-313.7999999999993,T,12582.8
2022-06-09,2022,"(1.0, 1.0)",1,-0.877757735534895,-313.7999999999993,T,12582.8
2022-06-14,2022,"(0.5, 0.5)",1,0.1940387481371031,39.69999999999891,T,11275.6
2022-06-14,2022,"(0.5, 0.75)",1,0.1940387481371031,39.69999999999891,T,11275.6
2022-06-14,2022,"(0.5, 1.0)",1,0.1940387481371031,39.69999999999891,T,11275.6
2022-06-14,2022,"(0.75, 0.5)",1,0.1293591654247354,39.69999999999891,T,11275.6
2022-06-14,2022,"(0.75, 0.75)",1,0.1293591654247354,39.69999999999891,T,11275.6
2022-06-14,2022,"(0.75, 1.0)",1,0.1293591654247354,39.69999999999891,T,11275.6
2022-06-14,2022,"(1.0, 0.5)",1,0.09701937406855154,39.69999999999891,T,11275.6
2022-06-14,2022,"(1.0, 0.75)",1,0.09701937406855154,39.69999999999891,T,11275.6
2022-06-14,2022,"(1.0, 1.0)",1,0.09701937406855154,39.69999999999891,T,11275.6
2022-06-17,2022,"(0.5, 0.5)",-1,0.9869444392636664,191.48928571428573,TP,11281.4
2022-06-17,2022,"(0.5, 0.75)",-1,0.10548893074956998,22.69999999999891,T,11281.4
2022-06-17,2022,"(0.5, 1.0)",-1,0.10548893074956998,22.69999999999891,T,11281.4
2022-06-17,2022,"(0.75, 0.5)",-1,0.657962959509111,191.48928571428573,TP,11281.4
2022-06-17,2022,"(0.75, 0.75)",-1,0.07032595383304666,22.69999999999891,T,11281.4
2022-06-17,2022,"(0.75, 1.0)",-1,0.07032595383304666,22.69999999999891,T,11281.4
2022-06-17,2022,"(1.0, 0.5)",-1,0.4934722196318332,191.48928571428573,TP,11281.4
2022-06-17,2022,"(1.0, 0.75)",-1,0.05274446537478499,22.69999999999891,T,11281.4
2022-06-17,2022,"(1.0, 1.0)",-1,0.05274446537478499,22.69999999999891,T,11281.4
2022-06-22,2022,"(0.5, 0.5)",1,0.9868423525873574,190.00357142857138,TP,11466.5
2022-06-22,2022,"(0.5, 0.75)",1,0.2831525723200654,56.29999999999927,T,11466.5
2022-06-22,2022,"(0.5, 1.0)",1,0.2831525723200654,56.29999999999927,T,11466.5
2022-06-22,2022,"(0.75, 0.5)",1,0.657894901724905,190.00357142857138,TP,11466.5
2022-06-22,2022,"(0.75, 0.75)",1,0.18876838154671027,56.29999999999927,T,11466.5
2022-06-22,2022,"(0.75, 1.0)",1,0.18876838154671027,56.29999999999927,T,11466.5
2022-06-22,2022,"(1.0, 0.5)",1,0.4934211762936787,190.00357142857138,TP,11466.5
2022-06-22,2022,"(1.0, 0.75)",1,0.1415762861600327,56.29999999999927,T,11466.5
2022-06-22,2022,"(1.0, 1.0)",1,0.1415762861600327,56.29999999999927,T,11466.5
2022-06-27,2022,"(0.5, 0.5)",-1,0.3686986871851802,68.89999999999964,T,12079.3
2022-06-27,2022,"(0.5, 0.75)",-1,0.3686986871851802,68.89999999999964,T,12079.3
2022-06-27,2022,"(0.5, 1.0)",-1,0.3686986871851802,68.89999999999964,T,12079.3
2022-06-27,2022,"(0.75, 0.5)",-1,0.24579912479012014,68.89999999999964,T,12079.3
2022-06-27,2022,"(0.75, 0.75)",-1,0.24579912479012014,68.89999999999964,T,12079.3
2022-06-27,2022,"(0.75, 1.0)",-1,0.24579912479012014,68.89999999999964,T,12079.3
2022-06-27,2022,"(1.0, 0.5)",-1,0.1843493435925901,68.89999999999964,T,12079.3
2022-06-27,2022,"(1.0, 0.75)",-1,0.1843493435925901,68.89999999999964,T,12079.3
2022-06-27,2022,"(1.0, 1.0)",-1,0.1843493435925901,68.89999999999964,T,12079.3
2022-07-05,2022,"(0.5, 0.5)",1,0.985595522265207,173.55714285714294,TP,11377.5
2022-07-05,2022,"(0.5, 0.75)",1,1.485595522265207,260.3357142857144,TP,11377.5
2022-07-05,2022,"(0.5, 1.0)",1,1.985595522265207,347.11428571428587,TP,11377.5
2022-07-05,2022,"(0.75, 0.5)",1,0.657063681510138,173.55714285714294,TP,11377.5
2022-07-05,2022,"(0.75, 0.75)",1,0.9903970148434713,260.3357142857144,TP,11377.5
2022-07-05,2022,"(0.75, 1.0)",1,1.3237303481768046,347.11428571428587,TP,11377.5
2022-07-05,2022,"(1.0, 0.5)",1,0.4927977611326035,173.55714285714294,TP,11377.5
2022-07-05,2022,"(1.0, 0.75)",1,0.7427977611326035,260.3357142857144,TP,11377.5
2022-07-05,2022,"(1.0, 1.0)",1,0.9927977611326035,347.11428571428587,TP,11377.5
2022-07-14,2022,"(0.5, 0.5)",1,0.983404850525118,150.64642857142871,TP,11497.0
2022-07-14,2022,"(0.5, 0.75)",1,1.483404850525118,225.96964285714307,TP,11497.0
2022-07-14,2022,"(0.5, 1.0)",1,1.983404850525118,301.29285714285743,TP,11497.0
2022-07-14,2022,"(0.75, 0.5)",1,0.655603233683412,150.64642857142871,TP,11497.0
2022-07-14,2022,"(0.75, 0.75)",1,0.9889365670167453,225.96964285714307,TP,11497.0
2022-07-14,2022,"(0.75, 1.0)",1,1.3222699003500786,301.29285714285743,TP,11497.0
2022-07-14,2022,"(1.0, 0.5)",1,0.491702425262559,150.64642857142871,TP,11497.0
2022-07-14,2022,"(1.0, 0.75)",1,0.741702425262559,225.96964285714307,TP,11497.0
2022-07-14,2022,"(1.0, 1.0)",1,0.991702425262559,301.29285714285743,TP,11497.0
2022-07-21,2022,"(0.5, 0.5)",-1,-1.016742005692282,-149.32500000000013,SL,12429.2
2022-07-21,2022,"(0.5, 0.75)",-1,-1.016742005692282,-149.32500000000013,SL,12429.2
2022-07-21,2022,"(0.5, 1.0)",-1,-1.016742005692282,-149.32500000000013,SL,12429.2
2022-07-21,2022,"(0.75, 0.5)",-1,-0.8536190635638093,-188.6999999999989,T,12429.2
2022-07-21,2022,"(0.75, 0.75)",-1,-0.8536190635638093,-188.6999999999989,T,12429.2
2022-07-21,2022,"(0.75, 1.0)",-1,-0.8536190635638093,-188.6999999999989,T,12429.2
2022-07-21,2022,"(1.0, 0.5)",-1,-0.640214297672857,-188.6999999999989,T,12429.2
2022-07-21,2022,"(1.0, 0.75)",-1,-0.640214297672857,-188.6999999999989,T,12429.2
2022-07-21,2022,"(1.0, 1.0)",-1,-0.640214297672857,-188.6999999999989,T,12429.2
2022-07-22,2022,"(0.5, 0.5)",-1,0.9829894777769678,146.9678571428573,TP,12596.8
2022-07-22,2022,"(0.5, 0.75)",-1,1.4829894777769679,220.45178571428596,TP,12596.8
2022-07-22,2022,"(0.5, 1.0)",-1,1.339068309397092,199.29999999999927,T,12596.8
2022-07-22,2022,"(0.75, 0.5)",-1,0.6553263185179785,146.9678571428573,TP,12596.8
2022-07-22,2022,"(0.75, 0.75)",-1,0.9886596518513119,220.45178571428596,TP,12596.8
2022-07-22,2022,"(0.75, 1.0)",-1,0.892712206264728,199.29999999999927,T,12596.8
2022-07-22,2022,"(1.0, 0.5)",-1,0.4914947388884839,146.9678571428573,TP,12596.8
2022-07-22,2022,"(1.0, 0.75)",-1,0.7414947388884839,220.45178571428596,TP,12596.8
2022-07-22,2022,"(1.0, 1.0)",-1,0.669534154698546,199.29999999999927,T,12596.8
2022-07-27,2022,"(0.5, 0.5)",-1,-1.0172933445328327,-144.56428571428583,SL,12260.8
2022-07-27,2022,"(0.5, 0.75)",-1,-1.0172933445328327,-144.56428571428583,SL,12260.8
2022-07-27,2022,"(0.5, 1.0)",-1,-1.0172933445328327,-144.56428571428583,SL,12260.8
2022-07-27,2022,"(0.75, 0.5)",-1,-1.0115288963552218,-216.84642857142876,SL,12260.8
2022-07-27,2022,"(0.75, 0.75)",-1,-1.0115288963552218,-216.84642857142876,SL,12260.8
2022-07-27,2022,"(0.75, 1.0)",-1,-1.0115288963552218,-216.84642857142876,SL,12260.8
2022-07-27,2022,"(1.0, 0.5)",-1,-1.0086466722664162,-289.12857142857166,SL,12260.8
2022-07-27,2022,"(1.0, 0.75)",-1,-1.0086466722664162,-289.12857142857166,SL,12260.8
2022-07-27,2022,"(1.0, 1.0)",-1,-1.0086466722664162,-289.12857142857166,SL,12260.8
2022-07-28,2022,"(0.5, 0.5)",-1,-0.3801633874122654,-56.5,T,12661.2
2022-07-28,2022,"(0.5, 0.75)",-1,-0.3801633874122654,-56.5,T,12661.2
2022-07-28,2022,"(0.5, 1.0)",-1,-0.3801633874122654,-56.5,T,12661.2
2022-07-28,2022,"(0.75, 0.5)",-1,-0.2534422582748436,-56.5,T,12661.2
2022-07-28,2022,"(0.75, 0.75)",-1,-0.2534422582748436,-56.5,T,12661.2
2022-07-28,2022,"(0.75, 1.0)",-1,-0.2534422582748436,-56.5,T,12661.2
2022-07-28,2022,"(1.0, 0.5)",-1,-0.1900816937061327,-56.5,T,12661.2
2022-07-28,2022,"(1.0, 0.75)",-1,-0.1900816937061327,-56.5,T,12661.2
2022-07-28,2022,"(1.0, 1.0)",-1,-0.1900816937061327,-56.5,T,12661.2
2022-08-01,2022,"(0.5, 0.5)",-1,0.2522981705652158,42.100000000000364,T,12983.4
2022-08-01,2022,"(0.5, 0.75)",-1,0.2522981705652158,42.100000000000364,T,12983.4
2022-08-01,2022,"(0.5, 1.0)",-1,0.2522981705652158,42.100000000000364,T,12983.4
2022-08-01,2022,"(0.75, 0.5)",-1,0.16819878037681052,42.100000000000364,T,12983.4
2022-08-01,2022,"(0.75, 0.75)",-1,0.16819878037681052,42.100000000000364,T,12983.4
2022-08-01,2022,"(0.75, 1.0)",-1,0.16819878037681052,42.100000000000364,T,12983.4
2022-08-01,2022,"(1.0, 0.5)",-1,0.1261490852826079,42.100000000000364,T,12983.4
2022-08-01,2022,"(1.0, 0.75)",-1,0.1261490852826079,42.100000000000364,T,12983.4
2022-08-01,2022,"(1.0, 1.0)",-1,0.1261490852826079,42.100000000000364,T,12983.4
2022-08-02,2022,"(0.5, 0.5)",1,0.9838516194518778,154.81428571428575,TP,12855.4
2022-08-02,2022,"(0.5, 0.75)",1,0.2855033680908047,46.70000000000073,T,12855.4
2022-08-02,2022,"(0.5, 1.0)",1,0.2855033680908047,46.70000000000073,T,12855.4
2022-08-02,2022,"(0.75, 0.5)",1,0.6559010796345852,154.81428571428575,TP,12855.4
2022-08-02,2022,"(0.75, 0.75)",1,0.1903355787272031,46.70000000000073,T,12855.4
2022-08-02,2022,"(0.75, 1.0)",1,0.1903355787272031,46.70000000000073,T,12855.4
2022-08-02,2022,"(1.0, 0.5)",1,0.4919258097259389,154.81428571428575,TP,12855.4
2022-08-02,2022,"(1.0, 0.75)",1,0.14275168404540234,46.70000000000073,T,12855.4
2022-08-02,2022,"(1.0, 1.0)",1,0.14275168404540234,46.70000000000073,T,12855.4
2022-08-04,2022,"(0.5, 0.5)",-1,-0.4875509593016583,-73.10000000000036,T,13234.1
2022-08-04,2022,"(0.5, 0.75)",-1,-0.4875509593016583,-73.10000000000036,T,13234.1
2022-08-04,2022,"(0.5, 1.0)",-1,-0.4875509593016583,-73.10000000000036,T,13234.1
2022-08-04,2022,"(0.75, 0.5)",-1,-0.3250339728677722,-73.10000000000036,T,13234.1
2022-08-04,2022,"(0.75, 0.75)",-1,-0.3250339728677722,-73.10000000000036,T,13234.1
2022-08-04,2022,"(0.75, 1.0)",-1,-0.3250339728677722,-73.10000000000036,T,13234.1
2022-08-04,2022,"(1.0, 0.5)",-1,-0.24377547965082916,-73.10000000000036,T,13234.1
2022-08-04,2022,"(1.0, 0.75)",-1,-0.24377547965082916,-73.10000000000036,T,13234.1
2022-08-04,2022,"(1.0, 1.0)",-1,-0.24377547965082916,-73.10000000000036,T,13234.1
2022-08-08,2022,"(0.5, 0.5)",-1,0.98333174588056,149.98571428571435,TP,13291.1
2022-08-08,2022,"(0.5, 0.75)",-1,0.8594151823983208,131.39999999999964,T,13291.1
2022-08-08,2022,"(0.5, 1.0)",-1,0.8594151823983208,131.39999999999964,T,13291.1
2022-08-08,2022,"(0.75, 0.5)",-1,0.6555544972537067,149.98571428571435,TP,13291.1
2022-08-08,2022,"(0.75, 0.75)",-1,0.5729434549322139,131.39999999999964,T,13291.1
2022-08-08,2022,"(0.75, 1.0)",-1,0.5729434549322139,131.39999999999964,T,13291.1
2022-08-08,2022,"(1.0, 0.5)",-1,0.49166587294028,149.98571428571435,TP,13291.1
2022-08-08,2022,"(1.0, 0.75)",-1,0.4297075911991604,131.39999999999964,T,13291.1
2022-08-08,2022,"(1.0, 1.0)",-1,0.4297075911991604,131.39999999999964,T,13291.1
2022-08-25,2022,"(0.5, 0.5)",-1,-1.020228290709435,-123.58928571428591,SL,12958.0
2022-08-25,2022,"(0.5, 0.75)",-1,-1.020228290709435,-123.58928571428591,SL,12958.0
2022-08-25,2022,"(0.5, 1.0)",-1,-1.020228290709435,-123.58928571428591,SL,12958.0
2022-08-25,2022,"(0.75, 0.5)",-1,-1.0134855271396233,-185.38392857142887,SL,12958.0
2022-08-25,2022,"(0.75, 0.75)",-1,-1.0134855271396233,-185.38392857142887,SL,12958.0
2022-08-25,2022,"(0.75, 1.0)",-1,-1.0134855271396233,-185.38392857142887,SL,12958.0
2022-08-25,2022,"(1.0, 0.5)",-1,-0.7622019939315101,-185.89999999999964,T,12958.0
2022-08-25,2022,"(1.0, 0.75)",-1,-0.7622019939315101,-185.89999999999964,T,12958.0
2022-08-25,2022,"(1.0, 1.0)",-1,-0.7622019939315101,-185.89999999999964,T,12958.0
2022-09-07,2022,"(0.5, 0.5)",-1,-1.018035194393631,-138.6178571428573,SL,12154.4
2022-09-07,2022,"(0.5, 0.75)",-1,-1.018035194393631,-138.6178571428573,SL,12154.4
2022-09-07,2022,"(0.5, 1.0)",-1,-1.018035194393631,-138.6178571428573,SL,12154.4
2022-09-07,2022,"(0.75, 0.5)",-1,-0.49729042674704976,-100.89999999999964,T,12154.4
2022-09-07,2022,"(0.75, 0.75)",-1,-0.49729042674704976,-100.89999999999964,T,12154.4
2022-09-07,2022,"(0.75, 1.0)",-1,-0.49729042674704976,-100.89999999999964,T,12154.4
2022-09-07,2022,"(1.0, 0.5)",-1,-0.37296782006028734,-100.89999999999964,T,12154.4
2022-09-07,2022,"(1.0, 0.75)",-1,-0.37296782006028734,-100.89999999999964,T,12154.4
2022-09-07,2022,"(1.0, 1.0)",-1,-0.37296782006028734,-100.89999999999964,T,12154.4
2022-09-08,2022,"(0.5, 0.5)",-1,0.9821077115763106,139.7250000000001,TP,12297.5
2022-09-08,2022,"(0.5, 0.75)",-1,-0.200393630345321,-25.5,T,12297.5
2022-09-08,2022,"(0.5, 1.0)",-1,-0.200393630345321,-25.5,T,12297.5
2022-09-08,2022,"(0.75, 0.5)",-1,0.6547384743842072,139.7250000000001,TP,12297.5
2022-09-08,2022,"(0.75, 0.75)",-1,-0.13359575356354736,-25.5,T,12297.5
2022-09-08,2022,"(0.75, 1.0)",-1,-0.13359575356354736,-25.5,T,12297.5
2022-09-08,2022,"(1.0, 0.5)",-1,0.4910538557881553,139.7250000000001,TP,12297.5
2022-09-08,2022,"(1.0, 0.75)",-1,-0.1001968151726605,-25.5,T,12297.5
2022-09-08,2022,"(1.0, 1.0)",-1,-0.1001968151726605,-25.5,T,12297.5
2022-09-19,2022,"(0.5, 0.5)",-1,-0.5624250727864383,-79.60000000000036,T,11873.9
2022-09-19,2022,"(0.5, 0.75)",-1,-0.5624250727864383,-79.60000000000036,T,11873.9
2022-09-19,2022,"(0.5, 1.0)",-1,-0.5624250727864383,-79.60000000000036,T,11873.9
2022-09-19,2022,"(0.75, 0.5)",-1,-0.3749500485242922,-79.60000000000036,T,11873.9
2022-09-19,2022,"(0.75, 0.75)",-1,-0.3749500485242922,-79.60000000000036,T,11873.9
2022-09-19,2022,"(0.75, 1.0)",-1,-0.3749500485242922,-79.60000000000036,T,11873.9
2022-09-19,2022,"(1.0, 0.5)",-1,-0.28121253639321914,-79.60000000000036,T,11873.9
2022-09-19,2022,"(1.0, 0.75)",-1,-0.28121253639321914,-79.60000000000036,T,11873.9
2022-09-19,2022,"(1.0, 1.0)",-1,-0.28121253639321914,-79.60000000000036,T,11873.9
2022-09-26,2022,"(0.5, 0.5)",-1,0.9825305714998752,143.1071428571428,TP,11403.8
2022-09-26,2022,"(0.5, 0.75)",-1,0.9915647616670804,144.39999999999964,T,11403.8
2022-09-26,2022,"(0.5, 1.0)",-1,0.9915647616670804,144.39999999999964,T,11403.8
2022-09-26,2022,"(0.75, 0.5)",-1,0.6550203809999168,143.1071428571428,TP,11403.8
2022-09-26,2022,"(0.75, 0.75)",-1,0.6610431744447203,144.39999999999964,T,11403.8
2022-09-26,2022,"(0.75, 1.0)",-1,0.6610431744447203,144.39999999999964,T,11403.8
2022-09-26,2022,"(1.0, 0.5)",-1,0.4912652857499376,143.1071428571428,TP,11403.8
2022-09-26,2022,"(1.0, 0.75)",-1,0.4957823808335402,144.39999999999964,T,11403.8
2022-09-26,2022,"(1.0, 1.0)",-1,0.4957823808335402,144.39999999999964,T,11403.8
2022-10-03,2022,"(0.5, 0.5)",-1,0.3303096653112363,55.30000000000109,T,11285.6
2022-10-03,2022,"(0.5, 0.75)",-1,0.3303096653112363,55.30000000000109,T,11285.6
2022-10-03,2022,"(0.5, 1.0)",-1,0.3303096653112363,55.30000000000109,T,11285.6
2022-10-03,2022,"(0.75, 0.5)",-1,0.2202064435408242,55.30000000000109,T,11285.6
2022-10-03,2022,"(0.75, 0.75)",-1,0.2202064435408242,55.30000000000109,T,11285.6
2022-10-03,2022,"(0.75, 1.0)",-1,0.2202064435408242,55.30000000000109,T,11285.6
2022-10-03,2022,"(1.0, 0.5)",-1,0.16515483265561814,55.30000000000109,T,11285.6
2022-10-03,2022,"(1.0, 0.75)",-1,0.16515483265561814,55.30000000000109,T,11285.6
2022-10-03,2022,"(1.0, 1.0)",-1,0.16515483265561814,55.30000000000109,T,11285.6
2022-10-05,2022,"(0.5, 0.5)",-1,0.2153544958747029,35.5,T,11609.8
2022-10-05,2022,"(0.5, 0.75)",-1,0.2153544958747029,35.5,T,11609.8
2022-10-05,2022,"(0.5, 1.0)",-1,0.2153544958747029,35.5,T,11609.8
2022-10-05,2022,"(0.75, 0.5)",-1,0.1435696639164686,35.5,T,11609.8
2022-10-05,2022,"(0.75, 0.75)",-1,0.1435696639164686,35.5,T,11609.8
2022-10-05,2022,"(0.75, 1.0)",-1,0.1435696639164686,35.5,T,11609.8
2022-10-05,2022,"(1.0, 0.5)",-1,0.10767724793735145,35.5,T,11609.8
2022-10-05,2022,"(1.0, 0.75)",-1,0.10767724793735145,35.5,T,11609.8
2022-10-05,2022,"(1.0, 1.0)",-1,0.10767724793735145,35.5,T,11609.8
2022-10-05,2022,"(0.5, 0.5)",1,-1.0163147345359624,-153.23571428571424,SL,11461.4
2022-10-05,2022,"(0.5, 0.75)",1,-1.0163147345359624,-153.23571428571424,SL,11461.4
2022-10-05,2022,"(0.5, 1.0)",1,-1.0163147345359624,-153.23571428571424,SL,11461.4
2022-10-05,2022,"(0.75, 0.5)",1,0.6557901769760252,153.23571428571424,TP,11461.4
2022-10-05,2022,"(0.75, 0.75)",1,0.48030578473872976,112.89999999999964,T,11461.4
2022-10-05,2022,"(0.75, 1.0)",1,0.48030578473872976,112.89999999999964,T,11461.4
2022-10-05,2022,"(1.0, 0.5)",1,0.49184263273201884,153.23571428571424,TP,11461.4
2022-10-05,2022,"(1.0, 0.75)",1,0.3602293385540473,112.89999999999964,T,11461.4
2022-10-05,2022,"(1.0, 1.0)",1,0.3602293385540473,112.89999999999964,T,11461.4
2022-10-06,2022,"(0.5, 0.5)",-1,0.9838906404621085,155.18928571428563,TP,11641.8
2022-10-06,2022,"(0.5, 0.75)",-1,0.9962027938232024,157.09999999999854,T,11641.8
2022-10-06,2022,"(0.5, 1.0)",-1,0.9962027938232024,157.09999999999854,T,11641.8
2022-10-06,2022,"(0.75, 0.5)",-1,0.6559270936414057,155.18928571428563,TP,11641.8
2022-10-06,2022,"(0.75, 0.75)",-1,0.664135195882135,157.09999999999854,T,11641.8
2022-10-06,2022,"(0.75, 1.0)",-1,0.664135195882135,157.09999999999854,T,11641.8
2022-10-06,2022,"(1.0, 0.5)",-1,0.49194532023105425,155.18928571428563,TP,11641.8
2022-10-06,2022,"(1.0, 0.75)",-1,0.4981013969116012,157.09999999999854,T,11641.8
2022-10-06,2022,"(1.0, 1.0)",-1,0.4981013969116012,157.09999999999854,T,11641.8
2022-10-11,2022,"(0.5, 0.5)",1,-0.23438273331755066,-36.399999999999636,T,10826.4
2022-10-11,2022,"(0.5, 0.75)",1,-0.23438273331755066,-36.399999999999636,T,10826.4
2022-10-11,2022,"(0.5, 1.0)",1,-0.23438273331755066,-36.399999999999636,T,10826.4
2022-10-11,2022,"(0.75, 0.5)",1,-0.15625515554503377,-36.399999999999636,T,10826.4
2022-10-11,2022,"(0.75, 0.75)",1,-0.15625515554503377,-36.399999999999636,T,10826.4
2022-10-11,2022,"(0.75, 1.0)",1,-0.15625515554503377,-36.399999999999636,T,10826.4
2022-10-11,2022,"(1.0, 0.5)",1,-0.11719136665877533,-36.399999999999636,T,10826.4
2022-10-11,2022,"(1.0, 0.75)",1,-0.11719136665877533,-36.399999999999636,T,10826.4
2022-10-11,2022,"(1.0, 1.0)",1,-0.11719136665877533,-36.399999999999636,T,10826.4
2022-10-13,2022,"(0.5, 0.5)",-1,-1.015781760793597,-158.41071428571428,SL,10853.7
2022-10-13,2022,"(0.5, 0.75)",-1,-1.015781760793597,-158.41071428571428,SL,10853.7
2022-10-13,2022,"(0.5, 1.0)",-1,-1.015781760793597,-158.41071428571428,SL,10853.7
2022-10-13,2022,"(0.75, 0.5)",-1,-0.7629955285011054,-178.79999999999927,T,10853.7
2022-10-13,2022,"(0.75, 0.75)",-1,-0.7629955285011054,-178.79999999999927,T,10853.7
2022-10-13,2022,"(0.75, 1.0)",-1,-0.7629955285011054,-178.79999999999927,T,10853.7
2022-10-13,2022,"(1.0, 0.5)",-1,-0.5722466463758291,-178.79999999999927,T,10853.7
2022-10-13,2022,"(1.0, 0.75)",-1,-0.5722466463758291,-178.79999999999927,T,10853.7
2022-10-13,2022,"(1.0, 1.0)",-1,-0.5722466463758291,-178.79999999999927,T,10853.7
2022-10-14,2022,"(0.5, 0.5)",-1,0.9852922637307223,169.97857142857143,TP,11074.8
2022-10-14,2022,"(0.5, 0.75)",-1,1.4852922637307224,254.96785714285716,TP,11074.8
2022-10-14,2022,"(0.5, 1.0)",-1,1.9852922637307224,339.95714285714286,TP,11074.8
2022-10-14,2022,"(0.75, 0.5)",-1,0.6568615091538149,169.97857142857143,TP,11074.8
2022-10-14,2022,"(0.75, 0.75)",-1,0.9901948424871483,254.96785714285716,TP,11074.8
2022-10-14,2022,"(0.75, 1.0)",-1,1.3235281758204815,339.95714285714286,TP,11074.8
2022-10-14,2022,"(1.0, 0.5)",-1,0.49264613186536116,169.97857142857143,TP,11074.8
2022-10-14,2022,"(1.0, 0.75)",-1,0.7426461318653612,254.96785714285716,TP,11074.8
2022-10-14,2022,"(1.0, 1.0)",-1,0.9926461318653612,339.95714285714286,TP,11074.8
2022-10-24,2022,"(0.5, 0.5)",-1,-0.6637980968142346,-112.10000000000036,T,11323.1
2022-10-24,2022,"(0.5, 0.75)",-1,-0.6637980968142346,-112.10000000000036,T,11323.1
2022-10-24,2022,"(0.5, 1.0)",-1,-0.6637980968142346,-112.10000000000036,T,11323.1
2022-10-24,2022,"(0.75, 0.5)",-1,-0.44253206454282307,-112.10000000000036,T,11323.1
2022-10-24,2022,"(0.75, 0.75)",-1,-0.44253206454282307,-112.10000000000036,T,11323.1
2022-10-24,2022,"(0.75, 1.0)",-1,-0.44253206454282307,-112.10000000000036,T,11323.1
2022-10-24,2022,"(1.0, 0.5)",-1,-0.3318990484071173,-112.10000000000036,T,11323.1
2022-10-24,2022,"(1.0, 0.75)",-1,-0.3318990484071173,-112.10000000000036,T,11323.1
2022-10-24,2022,"(1.0, 1.0)",-1,-0.3318990484071173,-112.10000000000036,T,11323.1
2022-10-28,2022,"(0.5, 0.5)",1,0.9844139650872817,160.39999999999995,TP,11242.0
2022-10-28,2022,"(0.5, 0.75)",1,1.4844139650872816,240.5999999999999,TP,11242.0
2022-10-28,2022,"(0.5, 1.0)",1,1.9844139650872819,320.7999999999999,TP,11242.0
2022-10-28,2022,"(0.75, 0.5)",1,0.6562759767248546,160.39999999999995,TP,11242.0
2022-10-28,2022,"(0.75, 0.75)",1,0.9896093100581879,240.5999999999999,TP,11242.0
2022-10-28,2022,"(0.75, 1.0)",1,1.3229426433915212,320.7999999999999,TP,11242.0
2022-10-28,2022,"(1.0, 0.5)",1,0.49220698254364087,160.39999999999995,TP,11242.0
2022-10-28,2022,"(1.0, 0.75)",1,0.7422069825436408,240.5999999999999,TP,11242.0
2022-10-28,2022,"(1.0, 1.0)",1,0.9922069825436409,320.7999999999999,TP,11242.0
2022-11-01,2022,"(0.5, 0.5)",1,-0.2652150244964617,-41.0,T,11332.0
2022-11-01,2022,"(0.5, 0.75)",1,-0.2652150244964617,-41.0,T,11332.0
2022-11-01,2022,"(0.5, 1.0)",1,-0.2652150244964617,-41.0,T,11332.0
2022-11-01,2022,"(0.75, 0.5)",1,-0.17681001633097448,-41.0,T,11332.0
2022-11-01,2022,"(0.75, 0.75)",1,-0.17681001633097448,-41.0,T,11332.0
2022-11-01,2022,"(0.75, 1.0)",1,-0.17681001633097448,-41.0,T,11332.0
2022-11-01,2022,"(1.0, 0.5)",1,-0.13260751224823086,-41.0,T,11332.0
2022-11-01,2022,"(1.0, 0.75)",1,-0.13260751224823086,-41.0,T,11332.0
2022-11-01,2022,"(1.0, 1.0)",1,-0.13260751224823086,-41.0,T,11332.0
2022-11-04,2022,"(0.5, 0.5)",-1,0.9839860907759883,156.11428571428567,TP,10831.4
2022-11-04,2022,"(0.5, 0.75)",-1,-0.19536969253294295,-28.0,T,10831.4
2022-11-04,2022,"(0.5, 1.0)",-1,-0.19536969253294295,-28.0,T,10831.4
2022-11-04,2022,"(0.75, 0.5)",-1,0.6559907271839921,156.11428571428567,TP,10831.4
2022-11-04,2022,"(0.75, 0.75)",-1,-0.13024646168862863,-28.0,T,10831.4
2022-11-04,2022,"(0.75, 1.0)",-1,-0.13024646168862863,-28.0,T,10831.4
2022-11-04,2022,"(1.0, 0.5)",-1,0.49199304538799415,156.11428571428567,TP,10831.4
2022-11-04,2022,"(1.0, 0.75)",-1,-0.09768484626647148,-28.0,T,10831.4
2022-11-04,2022,"(1.0, 1.0)",-1,-0.09768484626647148,-28.0,T,10831.4
2022-11-04,2022,"(0.5, 0.5)",1,0.9839860907759883,156.11428571428567,TP,10686.6
2022-11-04,2022,"(0.5, 0.75)",1,1.0908674963396736,172.79999999999927,T,10686.6
2022-11-04,2022,"(0.5, 1.0)",1,1.0908674963396736,172.79999999999927,T,10686.6
2022-11-04,2022,"(0.75, 0.5)",1,0.6559907271839921,156.11428571428567,TP,10686.6
2022-11-04,2022,"(0.75, 0.75)",1,0.7272449975597823,172.79999999999927,T,10686.6
2022-11-04,2022,"(0.75, 1.0)",1,0.7272449975597823,172.79999999999927,T,10686.6
2022-11-04,2022,"(1.0, 0.5)",1,0.49199304538799415,156.11428571428567,TP,10686.6
2022-11-04,2022,"(1.0, 0.75)",1,0.5454337481698368,172.79999999999927,T,10686.6
2022-11-04,2022,"(1.0, 1.0)",1,0.5454337481698368,172.79999999999927,T,10686.6
2022-11-09,2022,"(0.5, 0.5)",1,-0.8013703518663982,-117.80000000000109,T,10914.1
2022-11-09,2022,"(0.5, 0.75)",1,-0.8013703518663982,-117.80000000000109,T,10914.1
2022-11-09,2022,"(0.5, 1.0)",1,-0.8013703518663982,-117.80000000000109,T,10914.1
2022-11-09,2022,"(0.75, 0.5)",1,-0.5342469012442654,-117.80000000000109,T,10914.1
2022-11-09,2022,"(0.75, 0.75)",1,-0.5342469012442654,-117.80000000000109,T,10914.1
2022-11-09,2022,"(0.75, 1.0)",1,-0.5342469012442654,-117.80000000000109,T,10914.1
2022-11-09,2022,"(1.0, 0.5)",1,-0.4006851759331991,-117.80000000000109,T,10914.1
2022-11-09,2022,"(1.0, 0.75)",1,-0.4006851759331991,-117.80000000000109,T,10914.1
2022-11-09,2022,"(1.0, 1.0)",1,-0.4006851759331991,-117.80000000000109,T,10914.1
2022-11-11,2022,"(0.5, 0.5)",-1,-1.0151400454201362,-165.125,SL,11554.9
2022-11-11,2022,"(0.5, 0.75)",-1,-1.0151400454201362,-165.125,SL,11554.9
2022-11-11,2022,"(0.5, 1.0)",-1,-1.0151400454201362,-165.125,SL,11554.9
2022-11-11,2022,"(0.75, 0.5)",-1,-1.0100933636134242,-247.6875,SL,11554.9
2022-11-11,2022,"(0.75, 0.75)",-1,-1.0100933636134242,-247.6875,SL,11554.9
2022-11-11,2022,"(0.75, 1.0)",-1,-1.0100933636134242,-247.6875,SL,11554.9
2022-11-11,2022,"(1.0, 0.5)",-1,-0.7936411809235439,-259.60000000000036,T,11554.9
2022-11-11,2022,"(1.0, 0.75)",-1,-0.7936411809235439,-259.60000000000036,T,11554.9
2022-11-11,2022,"(1.0, 1.0)",-1,-0.7936411809235439,-259.60000000000036,T,11554.9
2022-11-18,2022,"(0.5, 0.5)",-1,0.9841413683733575,157.64285714285714,TP,11735.6
2022-11-18,2022,"(0.5, 0.75)",-1,0.35079293158133906,57.80000000000109,T,11735.6
2022-11-18,2022,"(0.5, 1.0)",-1,0.35079293158133906,57.80000000000109,T,11735.6
2022-11-18,2022,"(0.75, 0.5)",-1,0.6560942455822383,157.64285714285714,TP,11735.6
2022-11-18,2022,"(0.75, 0.75)",-1,0.23386195438755936,57.80000000000109,T,11735.6
2022-11-18,2022,"(0.75, 1.0)",-1,0.23386195438755936,57.80000000000109,T,11735.6
2022-11-18,2022,"(1.0, 0.5)",-1,0.49207068418667876,157.64285714285714,TP,11735.6
2022-11-18,2022,"(1.0, 0.75)",-1,0.17539646579066953,57.80000000000109,T,11735.6
2022-11-18,2022,"(1.0, 1.0)",-1,0.17539646579066953,57.80000000000109,T,11735.6
2022-11-21,2022,"(0.5, 0.5)",1,-0.1518026565464895,-21.5,T,11576.8
2022-11-21,2022,"(0.5, 0.75)",1,-0.1518026565464895,-21.5,T,11576.8
2022-11-21,2022,"(0.5, 1.0)",1,-0.1518026565464895,-21.5,T,11576.8
2022-11-21,2022,"(0.75, 0.5)",1,-0.10120177103099301,-21.5,T,11576.8
2022-11-21,2022,"(0.75, 0.75)",1,-0.10120177103099301,-21.5,T,11576.8
2022-11-21,2022,"(0.75, 1.0)",1,-0.10120177103099301,-21.5,T,11576.8
2022-11-21,2022,"(1.0, 0.5)",1,-0.07590132827324475,-21.5,T,11576.8
2022-11-21,2022,"(1.0, 0.75)",1,-0.07590132827324475,-21.5,T,11576.8
2022-11-21,2022,"(1.0, 1.0)",1,-0.07590132827324475,-21.5,T,11576.8
2022-11-28,2022,"(0.5, 0.5)",1,-1.017874926585123,-139.8607142857143,SL,11726.0
2022-11-28,2022,"(0.5, 0.75)",1,-1.017874926585123,-139.8607142857143,SL,11726.0
2022-11-28,2022,"(0.5, 1.0)",1,-1.017874926585123,-139.8607142857143,SL,11726.0
2022-11-28,2022,"(0.75, 0.5)",1,-0.6711439101827463,-138.29999999999927,T,11726.0
2022-11-28,2022,"(0.75, 0.75)",1,-0.6711439101827463,-138.29999999999927,T,11726.0
2022-11-28,2022,"(0.75, 1.0)",1,-0.6711439101827463,-138.29999999999927,T,11726.0
2022-11-28,2022,"(1.0, 0.5)",1,-0.5033579326370597,-138.29999999999927,T,11726.0
2022-11-28,2022,"(1.0, 0.75)",1,-0.5033579326370597,-138.29999999999927,T,11726.0
2022-11-28,2022,"(1.0, 1.0)",1,-0.5033579326370597,-138.29999999999927,T,11726.0
2022-11-29,2022,"(0.5, 0.5)",1,-0.47492943289708994,-63.599999999998545,T,11564.8
2022-11-29,2022,"(0.5, 0.75)",1,-0.47492943289708994,-63.599999999998545,T,11564.8
2022-11-29,2022,"(0.5, 1.0)",1,-0.47492943289708994,-63.599999999998545,T,11564.8
2022-11-29,2022,"(0.75, 0.5)",1,-0.3166196219313933,-63.599999999998545,T,11564.8
2022-11-29,2022,"(0.75, 0.75)",1,-0.3166196219313933,-63.599999999998545,T,11564.8
2022-11-29,2022,"(0.75, 1.0)",1,-0.3166196219313933,-63.599999999998545,T,11564.8
2022-11-29,2022,"(1.0, 0.5)",1,-0.23746471644854497,-63.599999999998545,T,11564.8
2022-11-29,2022,"(1.0, 0.75)",1,-0.23746471644854497,-63.599999999998545,T,11564.8
2022-11-29,2022,"(1.0, 1.0)",1,-0.23746471644854497,-63.599999999998545,T,11564.8
2022-11-30,2022,"(0.5, 0.5)",-1,-1.0180393773837748,-138.5857142857142,SL,11587.8
2022-11-30,2022,"(0.5, 0.75)",-1,-1.0180393773837748,-138.5857142857142,SL,11587.8
2022-11-30,2022,"(0.5, 1.0)",-1,-1.0180393773837748,-138.5857142857142,SL,11587.8
2022-11-30,2022,"(0.75, 0.5)",-1,-1.0120262515891834,-207.87857142857132,SL,11587.8
2022-11-30,2022,"(0.75, 0.75)",-1,-1.0120262515891834,-207.87857142857132,SL,11587.8
2022-11-30,2022,"(0.75, 1.0)",-1,-1.0120262515891834,-207.87857142857132,SL,11587.8
2022-11-30,2022,"(1.0, 0.5)",-1,-1.0090196886918874,-277.1714285714284,SL,11587.8
2022-11-30,2022,"(1.0, 0.75)",-1,-1.0090196886918874,-277.1714285714284,SL,11587.8
2022-11-30,2022,"(1.0, 1.0)",-1,-1.0090196886918874,-277.1714285714284,SL,11587.8
2022-12-05,2022,"(0.5, 0.5)",1,-0.30896328605678114,-35.69999999999891,T,11823.3
2022-12-05,2022,"(0.5, 0.75)",1,-0.30896328605678114,-35.69999999999891,T,11823.3
2022-12-05,2022,"(0.5, 1.0)",1,-0.30896328605678114,-35.69999999999891,T,11823.3
2022-12-05,2022,"(0.75, 0.5)",1,-0.20597552403785407,-35.69999999999891,T,11823.3
2022-12-05,2022,"(0.75, 0.75)",1,-0.20597552403785407,-35.69999999999891,T,11823.3
2022-12-05,2022,"(0.75, 1.0)",1,-0.20597552403785407,-35.69999999999891,T,11823.3
2022-12-05,2022,"(1.0, 0.5)",1,-0.15448164302839057,-35.69999999999891,T,11823.3
2022-12-05,2022,"(1.0, 0.75)",1,-0.15448164302839057,-35.69999999999891,T,11823.3
2022-12-05,2022,"(1.0, 1.0)",1,-0.15448164302839057,-35.69999999999891,T,11823.3
2022-12-07,2022,"(0.5, 0.5)",1,-0.40198609731877216,-48.100000000000364,T,11541.0
2022-12-07,2022,"(0.5, 0.75)",1,-0.40198609731877216,-48.100000000000364,T,11541.0
2022-12-07,2022,"(0.5, 1.0)",1,-0.40198609731877216,-48.100000000000364,T,11541.0
2022-12-07,2022,"(0.75, 0.5)",1,-0.26799073154584807,-48.100000000000364,T,11541.0
2022-12-07,2022,"(0.75, 0.75)",1,-0.26799073154584807,-48.100000000000364,T,11541.0
2022-12-07,2022,"(0.75, 1.0)",1,-0.26799073154584807,-48.100000000000364,T,11541.0
2022-12-07,2022,"(1.0, 0.5)",1,-0.20099304865938608,-48.100000000000364,T,11541.0
2022-12-07,2022,"(1.0, 0.75)",1,-0.20099304865938608,-48.100000000000364,T,11541.0
2022-12-07,2022,"(1.0, 1.0)",1,-0.20099304865938608,-48.100000000000364,T,11541.0
2022-12-14,2022,"(0.5, 0.5)",1,-1.0196491228070175,-127.23214285714273,SL,11781.0
2022-12-14,2022,"(0.5, 0.75)",1,-1.0196491228070175,-127.23214285714273,SL,11781.0
2022-12-14,2022,"(0.5, 1.0)",1,-1.0196491228070175,-127.23214285714273,SL,11781.0
2022-12-14,2022,"(0.75, 0.5)",1,-0.23421754385965315,-42.20000000000073,T,11781.0
2022-12-14,2022,"(0.75, 0.75)",1,-0.23421754385965315,-42.20000000000073,T,11781.0
2022-12-14,2022,"(0.75, 1.0)",1,-0.23421754385965315,-42.20000000000073,T,11781.0
2022-12-14,2022,"(1.0, 0.5)",1,-0.17566315789473988,-42.20000000000073,T,11781.0
2022-12-14,2022,"(1.0, 0.75)",1,-0.17566315789473988,-42.20000000000073,T,11781.0
2022-12-14,2022,"(1.0, 1.0)",1,-0.17566315789473988,-42.20000000000073,T,11781.0
2022-12-27,2022,"(0.5, 0.5)",1,-0.08543897216273826,-8.899999999999636,T,10836.8
2022-12-27,2022,"(0.5, 0.75)",1,-0.08543897216273826,-8.899999999999636,T,10836.8
2022-12-27,2022,"(0.5, 1.0)",1,-0.08543897216273826,-8.899999999999636,T,10836.8
2022-12-27,2022,"(0.75, 0.5)",1,-0.05695931477515884,-8.899999999999636,T,10836.8
2022-12-27,2022,"(0.75, 0.75)",1,-0.05695931477515884,-8.899999999999636,T,10836.8
2022-12-27,2022,"(0.75, 1.0)",1,-0.05695931477515884,-8.899999999999636,T,10836.8
2022-12-27,2022,"(1.0, 0.5)",1,-0.04271948608136913,-8.899999999999636,T,10836.8
2022-12-27,2022,"(1.0, 0.75)",1,-0.04271948608136913,-8.899999999999636,T,10836.8
2022-12-27,2022,"(1.0, 1.0)",1,-0.04271948608136913,-8.899999999999636,T,10836.8
2022-12-28,2022,"(0.5, 0.5)",1,-1.019341290893015,-129.2571428571428,SL,10885.5
2022-12-28,2022,"(0.5, 0.75)",1,-1.019341290893015,-129.2571428571428,SL,10885.5
2022-12-28,2022,"(0.5, 1.0)",1,-1.019341290893015,-129.2571428571428,SL,10885.5
2022-12-28,2022,"(0.75, 0.5)",1,-1.0128941939286766,-193.88571428571422,SL,10885.5
2022-12-28,2022,"(0.75, 0.75)",1,-1.0128941939286766,-193.88571428571422,SL,10885.5
2022-12-28,2022,"(0.75, 1.0)",1,-1.0128941939286766,-193.88571428571422,SL,10885.5
2022-12-28,2022,"(1.0, 0.5)",1,-0.8076923076923052,-206.29999999999927,T,10885.5
2022-12-28,2022,"(1.0, 0.75)",1,-0.8076923076923052,-206.29999999999927,T,10885.5
2022-12-28,2022,"(1.0, 1.0)",1,-0.8076923076923052,-206.29999999999927,T,10885.5
2023-01-03,2023,"(0.5, 0.5)",1,0.6214204948854798,86.89999999999964,T,10775.1
2023-01-03,2023,"(0.5, 0.75)",1,0.6214204948854798,86.89999999999964,T,10775.1
2023-01-03,2023,"(0.5, 1.0)",1,0.6214204948854798,86.89999999999964,T,10775.1
2023-01-03,2023,"(0.75, 0.5)",1,0.4142803299236532,86.89999999999964,T,10775.1
2023-01-03,2023,"(0.75, 0.75)",1,0.4142803299236532,86.89999999999964,T,10775.1
2023-01-03,2023,"(0.75, 1.0)",1,0.4142803299236532,86.89999999999964,T,10775.1
2023-01-03,2023,"(1.0, 0.5)",1,0.3107102474427399,86.89999999999964,T,10775.1
2023-01-03,2023,"(1.0, 0.75)",1,0.3107102474427399,86.89999999999964,T,10775.1
2023-01-03,2023,"(1.0, 1.0)",1,0.3107102474427399,86.89999999999964,T,10775.1
2023-01-05,2023,"(0.5, 0.5)",1,-0.37310030395137095,-46.600000000000364,T,10789.5
2023-01-05,2023,"(0.5, 0.75)",1,-0.37310030395137095,-46.600000000000364,T,10789.5
2023-01-05,2023,"(0.5, 1.0)",1,-0.37310030395137095,-46.600000000000364,T,10789.5
2023-01-05,2023,"(0.75, 0.5)",1,-0.24873353596758063,-46.600000000000364,T,10789.5
2023-01-05,2023,"(0.75, 0.75)",1,-0.24873353596758063,-46.600000000000364,T,10789.5
2023-01-05,2023,"(0.75, 1.0)",1,-0.24873353596758063,-46.600000000000364,T,10789.5
2023-01-05,2023,"(1.0, 0.5)",1,-0.18655015197568547,-46.600000000000364,T,10789.5
2023-01-05,2023,"(1.0, 0.75)",1,-0.18655015197568547,-46.600000000000364,T,10789.5
2023-01-05,2023,"(1.0, 1.0)",1,-0.18655015197568547,-46.600000000000364,T,10789.5
2023-01-10,2023,"(0.5, 0.5)",1,0.3340289920469232,44.79999999999927,T,11163.7
2023-01-10,2023,"(0.5, 0.75)",1,0.3340289920469232,44.79999999999927,T,11163.7
2023-01-10,2023,"(0.5, 1.0)",1,0.3340289920469232,44.79999999999927,T,11163.7
2023-01-10,2023,"(0.75, 0.5)",1,0.2226859946979488,44.79999999999927,T,11163.7
2023-01-10,2023,"(0.75, 0.75)",1,0.2226859946979488,44.79999999999927,T,11163.7
2023-01-10,2023,"(0.75, 1.0)",1,0.2226859946979488,44.79999999999927,T,11163.7
2023-01-10,2023,"(1.0, 0.5)",1,0.1670144960234616,44.79999999999927,T,11163.7
2023-01-10,2023,"(1.0, 0.75)",1,0.1670144960234616,44.79999999999927,T,11163.7
2023-01-10,2023,"(1.0, 1.0)",1,0.1670144960234616,44.79999999999927,T,11163.7
2023-01-12,2023,"(0.5, 0.5)",-1,0.97997539834654,124.84642857142846,TP,11365.9
2023-01-12,2023,"(0.5, 0.75)",-1,-1.02002460165346,-124.84642857142846,SL,11365.9
2023-01-12,2023,"(0.5, 1.0)",-1,-1.02002460165346,-124.84642857142846,SL,11365.9
2023-01-12,2023,"(0.75, 0.5)",-1,0.6533169322310267,124.84642857142846,TP,11365.9
2023-01-12,2023,"(0.75, 0.75)",-1,-0.5142317704608582,-93.80000000000109,T,11365.9
2023-01-12,2023,"(0.75, 1.0)",-1,-0.5142317704608582,-93.80000000000109,T,11365.9
2023-01-12,2023,"(1.0, 0.5)",-1,0.48998769917327,124.84642857142846,TP,11365.9
2023-01-12,2023,"(1.0, 0.75)",-1,-0.38567382784564364,-93.80000000000109,T,11365.9
2023-01-12,2023,"(1.0, 1.0)",-1,-0.38567382784564364,-93.80000000000109,T,11365.9
2023-01-13,2023,"(0.5, 0.5)",-1,-0.3455426575002763,-41.29999999999927,T,11497.7
2023-01-13,2023,"(0.5, 0.75)",-1,-0.3455426575002763,-41.29999999999927,T,11497.7
2023-01-13,2023,"(0.5, 1.0)",-1,-0.3455426575002763,-41.29999999999927,T,11497.7
2023-01-13,2023,"(0.75, 0.5)",-1,-0.23036177166685087,-41.29999999999927,T,11497.7
2023-01-13,2023,"(0.75, 0.75)",-1,-0.23036177166685087,-41.29999999999927,T,11497.7
2023-01-13,2023,"(0.75, 1.0)",-1,-0.23036177166685087,-41.29999999999927,T,11497.7
2023-01-13,2023,"(1.0, 0.5)",-1,-0.17277132875013815,-41.29999999999927,T,11497.7
2023-01-13,2023,"(1.0, 0.75)",-1,-0.17277132875013815,-41.29999999999927,T,11497.7
2023-01-13,2023,"(1.0, 1.0)",-1,-0.17277132875013815,-41.29999999999927,T,11497.7
2023-01-17,2023,"(0.5, 0.5)",-1,-0.28795257251746786,-31.5,T,11525.4
2023-01-17,2023,"(0.5, 0.75)",-1,-0.28795257251746786,-31.5,T,11525.4
2023-01-17,2023,"(0.5, 1.0)",-1,-0.28795257251746786,-31.5,T,11525.4
2023-01-17,2023,"(0.75, 0.5)",-1,-0.1919683816783119,-31.5,T,11525.4
2023-01-17,2023,"(0.75, 0.75)",-1,-0.1919683816783119,-31.5,T,11525.4
2023-01-17,2023,"(0.75, 1.0)",-1,-0.1919683816783119,-31.5,T,11525.4
2023-01-17,2023,"(1.0, 0.5)",-1,-0.14397628625873393,-31.5,T,11525.4
2023-01-17,2023,"(1.0, 0.75)",-1,-0.14397628625873393,-31.5,T,11525.4
2023-01-17,2023,"(1.0, 1.0)",-1,-0.14397628625873393,-31.5,T,11525.4
2023-01-18,2023,"(0.5, 0.5)",1,-0.6530035335689018,-73.39999999999964,T,11486.1
2023-01-18,2023,"(0.5, 0.75)",1,-0.6530035335689018,-73.39999999999964,T,11486.1
2023-01-18,2023,"(0.5, 1.0)",1,-0.6530035335689018,-73.39999999999964,T,11486.1
2023-01-18,2023,"(0.75, 0.5)",1,-0.43533568904593456,-73.39999999999964,T,11486.1
2023-01-18,2023,"(0.75, 0.75)",1,-0.43533568904593456,-73.39999999999964,T,11486.1
2023-01-18,2023,"(0.75, 1.0)",1,-0.43533568904593456,-73.39999999999964,T,11486.1
2023-01-18,2023,"(1.0, 0.5)",1,-0.3265017667844509,-73.39999999999964,T,11486.1
2023-01-18,2023,"(1.0, 0.75)",1,-0.3265017667844509,-73.39999999999964,T,11486.1
2023-01-18,2023,"(1.0, 1.0)",1,-0.3265017667844509,-73.39999999999964,T,11486.1
2023-01-30,2023,"(0.5, 0.5)",1,-0.7470807529962754,-84.10000000000036,T,11999.9
2023-01-30,2023,"(0.5, 0.75)",1,-0.7470807529962754,-84.10000000000036,T,11999.9
2023-01-30,2023,"(0.5, 1.0)",1,-0.7470807529962754,-84.10000000000036,T,11999.9
2023-01-30,2023,"(0.75, 0.5)",1,-0.49805383533085024,-84.10000000000036,T,11999.9
2023-01-30,2023,"(0.75, 0.75)",1,-0.49805383533085024,-84.10000000000036,T,11999.9
2023-01-30,2023,"(0.75, 1.0)",1,-0.49805383533085024,-84.10000000000036,T,11999.9
2023-01-30,2023,"(1.0, 0.5)",1,-0.3735403764981377,-84.10000000000036,T,11999.9
2023-01-30,2023,"(1.0, 0.75)",1,-0.3735403764981377,-84.10000000000036,T,11999.9
2023-01-30,2023,"(1.0, 1.0)",1,-0.3735403764981377,-84.10000000000036,T,11999.9
2023-02-01,2023,"(0.5, 0.5)",-1,-1.021493490542864,-116.31428571428569,SL,12057.1
2023-02-01,2023,"(0.5, 0.75)",-1,-1.021493490542864,-116.31428571428569,SL,12057.1
2023-02-01,2023,"(0.5, 1.0)",-1,-1.021493490542864,-116.31428571428569,SL,12057.1
2023-02-01,2023,"(0.75, 0.5)",-1,-1.0143289936952429,-174.47142857142853,SL,12057.1
2023-02-01,2023,"(0.75, 0.75)",-1,-1.0143289936952429,-174.47142857142853,SL,12057.1
2023-02-01,2023,"(0.75, 1.0)",-1,-1.0143289936952429,-174.47142857142853,SL,12057.1
2023-02-01,2023,"(1.0, 0.5)",-1,-1.010746745271432,-232.62857142857138,SL,12057.1
2023-02-01,2023,"(1.0, 0.75)",-1,-1.010746745271432,-232.62857142857138,SL,12057.1
2023-02-01,2023,"(1.0, 1.0)",-1,-1.010746745271432,-232.62857142857138,SL,12057.1
2023-02-10,2023,"(0.5, 0.5)",1,-0.17675302834580173,-23.399999999999636,T,12327.1
2023-02-10,2023,"(0.5, 0.75)",1,-0.17675302834580173,-23.399999999999636,T,12327.1
2023-02-10,2023,"(0.5, 1.0)",1,-0.17675302834580173,-23.399999999999636,T,12327.1
2023-02-10,2023,"(0.75, 0.5)",1,-0.11783535223053448,-23.399999999999636,T,12327.1
2023-02-10,2023,"(0.75, 0.75)",1,-0.11783535223053448,-23.399999999999636,T,12327.1
2023-02-10,2023,"(0.75, 1.0)",1,-0.11783535223053448,-23.399999999999636,T,12327.1
2023-02-10,2023,"(1.0, 0.5)",1,-0.08837651417290086,-23.399999999999636,T,12327.1
2023-02-10,2023,"(1.0, 0.75)",1,-0.08837651417290086,-23.399999999999636,T,12327.1
2023-02-10,2023,"(1.0, 1.0)",1,-0.08837651417290086,-23.399999999999636,T,12327.1
2023-02-13,2023,"(0.5, 0.5)",-1,-1.0176047482521,-142.0071428571428,SL,12370.4
2023-02-13,2023,"(0.5, 0.75)",-1,-1.0176047482521,-142.0071428571428,SL,12370.4
2023-02-13,2023,"(0.5, 1.0)",-1,-1.0176047482521,-142.0071428571428,SL,12370.4
2023-02-13,2023,"(0.75, 0.5)",-1,-0.633301477122209,-132.39999999999964,T,12370.4
2023-02-13,2023,"(0.75, 0.75)",-1,-0.633301477122209,-132.39999999999964,T,12370.4
2023-02-13,2023,"(0.75, 1.0)",-1,-0.633301477122209,-132.39999999999964,T,12370.4
2023-02-13,2023,"(1.0, 0.5)",-1,-0.4749761078416567,-132.39999999999964,T,12370.4
2023-02-13,2023,"(1.0, 0.75)",-1,-0.4749761078416567,-132.39999999999964,T,12370.4
2023-02-13,2023,"(1.0, 1.0)",-1,-0.4749761078416567,-132.39999999999964,T,12370.4
2023-02-16,2023,"(0.5, 0.5)",1,0.9826543760531271,144.12857142857132,TP,12500.4
2023-02-16,2023,"(0.5, 0.75)",1,-0.41768262464069056,-57.69999999999891,T,12500.4
2023-02-16,2023,"(0.5, 1.0)",1,-0.41768262464069056,-57.69999999999891,T,12500.4
2023-02-16,2023,"(0.75, 0.5)",1,0.6551029173687515,144.12857142857132,TP,12500.4
2023-02-16,2023,"(0.75, 0.75)",1,-0.2784550830937937,-57.69999999999891,T,12500.4
2023-02-16,2023,"(0.75, 1.0)",1,-0.2784550830937937,-57.69999999999891,T,12500.4
2023-02-16,2023,"(1.0, 0.5)",1,0.49132718802656355,144.12857142857132,TP,12500.4
2023-02-16,2023,"(1.0, 0.75)",1,-0.20884131232034528,-57.69999999999891,T,12500.4
2023-02-16,2023,"(1.0, 1.0)",1,-0.20884131232034528,-57.69999999999891,T,12500.4
2023-03-07,2023,"(0.5, 0.5)",1,-1.0228124490793546,-109.58928571428598,SL,12323.6
2023-03-07,2023,"(0.5, 0.75)",1,-1.0228124490793546,-109.58928571428598,SL,12323.6
2023-03-07,2023,"(0.5, 1.0)",1,-1.0228124490793546,-109.58928571428598,SL,12323.6
2023-03-07,2023,"(0.75, 0.5)",1,-1.0152082993862364,-164.38392857142895,SL,12323.6
2023-03-07,2023,"(0.75, 0.75)",1,-1.0152082993862364,-164.38392857142895,SL,12323.6
2023-03-07,2023,"(0.75, 1.0)",1,-1.0152082993862364,-164.38392857142895,SL,12323.6
2023-03-07,2023,"(1.0, 0.5)",1,-0.7815545054586963,-168.8000000000011,T,12323.6
2023-03-07,2023,"(1.0, 0.75)",1,-0.7815545054586963,-168.8000000000011,T,12323.6
2023-03-07,2023,"(1.0, 1.0)",1,-0.7815545054586963,-168.8000000000011,T,12323.6
2023-03-08,2023,"(0.5, 0.5)",1,0.7466542379652285,82.59999999999854,T,12135.2
2023-03-08,2023,"(0.5, 0.75)",1,0.7466542379652285,82.59999999999854,T,12135.2
2023-03-08,2023,"(0.5, 1.0)",1,0.7466542379652285,82.59999999999854,T,12135.2
2023-03-08,2023,"(0.75, 0.5)",1,0.4977694919768189,82.59999999999854,T,12135.2
2023-03-08,2023,"(0.75, 0.75)",1,0.4977694919768189,82.59999999999854,T,12135.2
2023-03-08,2023,"(0.75, 1.0)",1,0.4977694919768189,82.59999999999854,T,12135.2
2023-03-08,2023,"(1.0, 0.5)",1,0.3733271189826142,82.59999999999854,T,12135.2
2023-03-08,2023,"(1.0, 0.75)",1,0.3733271189826142,82.59999999999854,T,12135.2
2023-03-08,2023,"(1.0, 1.0)",1,0.3733271189826142,82.59999999999854,T,12135.2
2023-03-09,2023,"(0.5, 0.5)",1,-1.0237787893199266,-105.13571428571458,SL,12102.9
2023-03-09,2023,"(0.5, 0.75)",1,-1.0237787893199266,-105.13571428571458,SL,12102.9
2023-03-09,2023,"(0.5, 1.0)",1,-1.0237787893199266,-105.13571428571458,SL,12102.9
2023-03-09,2023,"(0.75, 0.5)",1,-0.6835609303168175,-105.29999999999927,T,12102.9
2023-03-09,2023,"(0.75, 0.75)",1,-0.6835609303168175,-105.29999999999927,T,12102.9
2023-03-09,2023,"(0.75, 1.0)",1,-0.6835609303168175,-105.29999999999927,T,12102.9
2023-03-09,2023,"(1.0, 0.5)",1,-0.5126706977376131,-105.29999999999927,T,12102.9
2023-03-09,2023,"(1.0, 0.75)",1,-0.5126706977376131,-105.29999999999927,T,12102.9
2023-03-09,2023,"(1.0, 1.0)",1,-0.5126706977376131,-105.29999999999927,T,12102.9
2023-03-13,2023,"(0.5, 0.5)",-1,0.9776814181864558,112.01428571428596,TP,12064.2
2023-03-13,2023,"(0.5, 0.75)",-1,1.2587680142838895,143.5,T,12064.2
2023-03-13,2023,"(0.5, 1.0)",-1,1.2587680142838895,143.5,T,12064.2
2023-03-13,2023,"(0.75, 0.5)",-1,0.6517876121243039,112.01428571428596,TP,12064.2
2023-03-13,2023,"(0.75, 0.75)",-1,0.8391786761892597,143.5,T,12064.2
2023-03-13,2023,"(0.75, 1.0)",-1,0.8391786761892597,143.5,T,12064.2
2023-03-13,2023,"(1.0, 0.5)",-1,0.4888407090932279,112.01428571428596,TP,12064.2
2023-03-13,2023,"(1.0, 0.75)",-1,0.6293840071419448,143.5,T,12064.2
2023-03-13,2023,"(1.0, 1.0)",-1,0.6293840071419448,143.5,T,12064.2
2023-03-14,2023,"(0.5, 0.5)",-1,-1.021770230764446,-114.83571428571453,SL,12071.2
2023-03-14,2023,"(0.5, 0.75)",-1,-1.021770230764446,-114.83571428571453,SL,12071.2
2023-03-14,2023,"(0.5, 1.0)",-1,-1.021770230764446,-114.83571428571453,SL,12071.2
2023-03-14,2023,"(0.75, 0.5)",-1,-0.727996516763074,-122.89999999999964,T,12071.2
2023-03-14,2023,"(0.75, 0.75)",-1,-0.727996516763074,-122.89999999999964,T,12071.2
2023-03-14,2023,"(0.75, 1.0)",-1,-0.727996516763074,-122.89999999999964,T,12071.2
2023-03-14,2023,"(1.0, 0.5)",-1,-0.5459973875723055,-122.89999999999964,T,12071.2
2023-03-14,2023,"(1.0, 0.75)",-1,-0.5459973875723055,-122.89999999999964,T,12071.2
2023-03-14,2023,"(1.0, 1.0)",-1,-0.5459973875723055,-122.89999999999964,T,12071.2
2023-03-15,2023,"(0.5, 0.5)",1,0.9791356184798808,119.82142857142877,TP,12047.4
2023-03-15,2023,"(0.5, 0.75)",1,1.4791356184798807,179.73214285714315,TP,12047.4
2023-03-15,2023,"(0.5, 1.0)",1,1.7392548435171327,210.89999999999964,T,12047.4
2023-03-15,2023,"(0.75, 0.5)",1,0.6527570789865872,119.82142857142877,TP,12047.4
2023-03-15,2023,"(0.75, 0.75)",1,0.9860904123199206,179.73214285714315,TP,12047.4
2023-03-15,2023,"(0.75, 1.0)",1,1.1595032290114218,210.89999999999964,T,12047.4
2023-03-15,2023,"(1.0, 0.5)",1,0.4895678092399404,119.82142857142877,TP,12047.4
2023-03-15,2023,"(1.0, 0.75)",1,0.7395678092399404,179.73214285714315,TP,12047.4
2023-03-15,2023,"(1.0, 1.0)",1,0.8696274217585663,210.89999999999964,T,12047.4
2023-03-17,2023,"(0.5, 0.5)",-1,0.9801164607300099,125.73214285714299,TP,12572.2
2023-03-17,2023,"(0.5, 0.75)",-1,0.39926146854140576,52.70000000000073,T,12572.2
2023-03-17,2023,"(0.5, 1.0)",-1,0.39926146854140576,52.70000000000073,T,12572.2
2023-03-17,2023,"(0.75, 0.5)",-1,0.6534109738200067,125.73214285714299,TP,12572.2
2023-03-17,2023,"(0.75, 0.75)",-1,0.2661743123609372,52.70000000000073,T,12572.2
2023-03-17,2023,"(0.75, 1.0)",-1,0.2661743123609372,52.70000000000073,T,12572.2
2023-03-17,2023,"(1.0, 0.5)",-1,0.49005823036500495,125.73214285714299,TP,12572.2
2023-03-17,2023,"(1.0, 0.75)",-1,0.19963073427070288,52.70000000000073,T,12572.2
2023-03-17,2023,"(1.0, 1.0)",-1,0.19963073427070288,52.70000000000073,T,12572.2
2023-03-20,2023,"(0.5, 0.5)",1,0.7479775280898902,97.60000000000036,T,12466.3
2023-03-20,2023,"(0.5, 0.75)",1,0.7479775280898902,97.60000000000036,T,12466.3
2023-03-20,2023,"(0.5, 1.0)",1,0.7479775280898902,97.60000000000036,T,12466.3
2023-03-20,2023,"(0.75, 0.5)",1,0.4986516853932601,97.60000000000036,T,12466.3
2023-03-20,2023,"(0.75, 0.75)",1,0.4986516853932601,97.60000000000036,T,12466.3
2023-03-20,2023,"(0.75, 1.0)",1,0.4986516853932601,97.60000000000036,T,12466.3
2023-03-20,2023,"(1.0, 0.5)",1,0.3739887640449451,97.60000000000036,T,12466.3
2023-03-20,2023,"(1.0, 0.75)",1,0.3739887640449451,97.60000000000036,T,12466.3
2023-03-20,2023,"(1.0, 1.0)",1,0.3739887640449451,97.60000000000036,T,12466.3
2023-04-04,2023,"(0.5, 0.5)",-1,0.43246851767563066,53.400000000001455,T,13155.2
2023-04-04,2023,"(0.5, 0.75)",-1,0.43246851767563066,53.400000000001455,T,13155.2
2023-04-04,2023,"(0.5, 1.0)",-1,0.43246851767563066,53.400000000001455,T,13155.2
2023-04-04,2023,"(0.75, 0.5)",-1,0.2883123451170871,53.400000000001455,T,13155.2
2023-04-04,2023,"(0.75, 0.75)",-1,0.2883123451170871,53.400000000001455,T,13155.2
2023-04-04,2023,"(0.75, 1.0)",-1,0.2883123451170871,53.400000000001455,T,13155.2
2023-04-04,2023,"(1.0, 0.5)",-1,0.21623425883781533,53.400000000001455,T,13155.2
2023-04-04,2023,"(1.0, 0.75)",-1,0.21623425883781533,53.400000000001455,T,13155.2
2023-04-04,2023,"(1.0, 1.0)",-1,0.21623425883781533,53.400000000001455,T,13155.2
2023-04-06,2023,"(0.5, 0.5)",-1,-0.08812696711979841,-6.899999999999636,T,13053.5
2023-04-06,2023,"(0.5, 0.75)",-1,-0.08812696711979841,-6.899999999999636,T,13053.5
2023-04-06,2023,"(0.5, 1.0)",-1,-0.08812696711979841,-6.899999999999636,T,13053.5
2023-04-06,2023,"(0.75, 0.5)",-1,-0.058751311413198934,-6.899999999999636,T,13053.5
2023-04-06,2023,"(0.75, 0.75)",-1,-0.058751311413198934,-6.899999999999636,T,13053.5
2023-04-06,2023,"(0.75, 1.0)",-1,-0.058751311413198934,-6.899999999999636,T,13053.5
2023-04-06,2023,"(1.0, 0.5)",-1,-0.044063483559899204,-6.899999999999636,T,13053.5
2023-04-06,2023,"(1.0, 0.75)",-1,-0.044063483559899204,-6.899999999999636,T,13053.5
2023-04-06,2023,"(1.0, 1.0)",-1,-0.044063483559899204,-6.899999999999636,T,13053.5
2023-04-12,2023,"(0.5, 0.5)",-1,0.976051182045229,104.38928571428563,TP,13040.3
2023-04-12,2023,"(0.5, 0.75)",-1,1.4760511820452291,156.58392857142846,TP,13040.3
2023-04-12,2023,"(0.5, 1.0)",-1,1.9760511820452291,208.77857142857127,TP,13040.3
2023-04-12,2023,"(0.75, 0.5)",-1,0.6507007880301526,104.38928571428563,TP,13040.3
2023-04-12,2023,"(0.75, 0.75)",-1,0.984034121363486,156.58392857142846,TP,13040.3
2023-04-12,2023,"(0.75, 1.0)",-1,1.3173674546968193,208.77857142857127,TP,13040.3
2023-04-12,2023,"(1.0, 0.5)",-1,0.4880255910226145,104.38928571428563,TP,13040.3
2023-04-12,2023,"(1.0, 0.75)",-1,0.7380255910226146,156.58392857142846,TP,13040.3
2023-04-12,2023,"(1.0, 1.0)",-1,0.9880255910226146,208.77857142857127,TP,13040.3
2023-04-12,2023,"(0.5, 0.5)",1,-1.0239488179547709,-104.38928571428563,SL,12955.8
2023-04-12,2023,"(0.5, 0.75)",1,-1.0239488179547709,-104.38928571428563,SL,12955.8
2023-04-12,2023,"(0.5, 1.0)",1,-1.0239488179547709,-104.38928571428563,SL,12955.8
2023-04-12,2023,"(0.75, 0.5)",1,-0.6916418625337808,-105.79999999999927,T,12955.8
2023-04-12,2023,"(0.75, 0.75)",1,-0.6916418625337808,-105.79999999999927,T,12955.8
2023-04-12,2023,"(0.75, 1.0)",1,-0.6916418625337808,-105.79999999999927,T,12955.8
2023-04-12,2023,"(1.0, 0.5)",1,-0.5187313969003357,-105.79999999999927,T,12955.8
2023-04-12,2023,"(1.0, 0.75)",1,-0.5187313969003357,-105.79999999999927,T,12955.8
2023-04-12,2023,"(1.0, 1.0)",1,-0.5187313969003357,-105.79999999999927,T,12955.8
2023-04-14,2023,"(0.5, 0.5)",-1,0.9742807803946063,97.20357142857132,TP,13120.6
2023-04-14,2023,"(0.5, 0.75)",-1,1.4742807803946063,145.805357142857,TP,13120.6
2023-04-14,2023,"(0.5, 1.0)",-1,0.3796156813756075,39.399999999999636,T,13120.6
2023-04-14,2023,"(0.75, 0.5)",-1,0.6495205202630708,97.20357142857132,TP,13120.6
2023-04-14,2023,"(0.75, 0.75)",-1,0.9828538535964042,145.805357142857,TP,13120.6
2023-04-14,2023,"(0.75, 1.0)",-1,0.25307712091707163,39.399999999999636,T,13120.6
2023-04-14,2023,"(1.0, 0.5)",-1,0.48714039019730315,97.20357142857132,TP,13120.6
2023-04-14,2023,"(1.0, 0.75)",-1,0.7371403901973032,145.805357142857,TP,13120.6
2023-04-14,2023,"(1.0, 1.0)",-1,0.18980784068780376,39.399999999999636,T,13120.6
2023-04-20,2023,"(0.5, 0.5)",1,0.9727095516569201,91.60714285714273,TP,12990.9
2023-04-20,2023,"(0.5, 0.75)",1,-0.06440545808966473,-3.399999999999636,T,12990.9
2023-04-20,2023,"(0.5, 1.0)",1,-0.06440545808966473,-3.399999999999636,T,12990.9
2023-04-20,2023,"(0.75, 0.5)",1,0.6484730344379467,91.60714285714273,TP,12990.9
2023-04-20,2023,"(0.75, 0.75)",1,-0.042936972059776486,-3.399999999999636,T,12990.9
2023-04-20,2023,"(0.75, 1.0)",1,-0.042936972059776486,-3.399999999999636,T,12990.9
2023-04-20,2023,"(1.0, 0.5)",1,0.48635477582846004,91.60714285714273,TP,12990.9
2023-04-20,2023,"(1.0, 0.75)",1,-0.032202729044832366,-3.399999999999636,T,12990.9
2023-04-20,2023,"(1.0, 1.0)",1,-0.032202729044832366,-3.399999999999636,T,12990.9
2023-04-21,2023,"(0.5, 0.5)",1,0.9730437461491066,92.74285714285705,TP,12931.8
2023-04-21,2023,"(0.5, 0.75)",1,0.7008626001232293,67.5,T,12931.8
2023-04-21,2023,"(0.5, 1.0)",1,0.7008626001232293,67.5,T,12931.8
2023-04-21,2023,"(0.75, 0.5)",1,0.648695830766071,92.74285714285705,TP,12931.8
2023-04-21,2023,"(0.75, 0.75)",1,0.46724173341548614,67.5,T,12931.8
2023-04-21,2023,"(0.75, 1.0)",1,0.46724173341548614,67.5,T,12931.8
2023-04-21,2023,"(1.0, 0.5)",1,0.4865218730745533,92.74285714285705,TP,12931.8
2023-04-21,2023,"(1.0, 0.75)",1,0.35043130006161466,67.5,T,12931.8
2023-04-21,2023,"(1.0, 1.0)",1,0.35043130006161466,67.5,T,12931.8
2023-04-25,2023,"(0.5, 0.5)",1,-1.0276177700623372,-90.52142857142846,SL,12884.8
2023-04-25,2023,"(0.5, 0.75)",1,-1.0276177700623372,-90.52142857142846,SL,12884.8
2023-04-25,2023,"(0.5, 1.0)",1,-1.0276177700623372,-90.52142857142846,SL,12884.8
2023-04-25,2023,"(0.75, 0.5)",1,-1.0184118467082248,-135.78214285714267,SL,12884.8
2023-04-25,2023,"(0.75, 0.75)",1,-1.0184118467082248,-135.78214285714267,SL,12884.8
2023-04-25,2023,"(0.75, 1.0)",1,-1.0184118467082248,-135.78214285714267,SL,12884.8
2023-04-25,2023,"(1.0, 0.5)",1,-0.8959204608222155,-159.6999999999989,T,12884.8
2023-04-25,2023,"(1.0, 0.75)",1,-0.8959204608222155,-159.6999999999989,T,12884.8
2023-04-25,2023,"(1.0, 1.0)",1,-0.8959204608222155,-159.6999999999989,T,12884.8
2023-05-01,2023,"(0.5, 0.5)",-1,0.11578364408342988,13.699999999998909,T,13242.4
2023-05-01,2023,"(0.5, 0.75)",-1,0.11578364408342988,13.699999999998909,T,13242.4
2023-05-01,2023,"(0.5, 1.0)",-1,0.11578364408342988,13.699999999998909,T,13242.4
2023-05-01,2023,"(0.75, 0.5)",-1,0.07718909605561992,13.699999999998909,T,13242.4
2023-05-01,2023,"(0.75, 0.75)",-1,0.07718909605561992,13.699999999998909,T,13242.4
2023-05-01,2023,"(0.75, 1.0)",-1,0.07718909605561992,13.699999999998909,T,13242.4
2023-05-01,2023,"(1.0, 0.5)",-1,0.05789182204171494,13.699999999998909,T,13242.4
2023-05-01,2023,"(1.0, 0.75)",-1,0.05789182204171494,13.699999999998909,T,13242.4
2023-05-01,2023,"(1.0, 1.0)",-1,0.05789182204171494,13.699999999998909,T,13242.4
2023-05-08,2023,"(0.5, 0.5)",-1,-0.03298483286701867,-0.6999999999989086,T,13290.1
2023-05-08,2023,"(0.5, 0.75)",-1,-0.03298483286701867,-0.6999999999989086,T,13290.1
2023-05-08,2023,"(0.5, 1.0)",-1,-0.03298483286701867,-0.6999999999989086,T,13290.1
2023-05-08,2023,"(0.75, 0.5)",-1,-0.021989888578012446,-0.6999999999989086,T,13290.1
2023-05-08,2023,"(0.75, 0.75)",-1,-0.021989888578012446,-0.6999999999989086,T,13290.1
2023-05-08,2023,"(0.75, 1.0)",-1,-0.021989888578012446,-0.6999999999989086,T,13290.1
2023-05-08,2023,"(1.0, 0.5)",-1,-0.016492416433509335,-0.6999999999989086,T,13290.1
2023-05-08,2023,"(1.0, 0.75)",-1,-0.016492416433509335,-0.6999999999989086,T,13290.1
2023-05-08,2023,"(1.0, 1.0)",-1,-0.016492416433509335,-0.6999999999989086,T,13290.1
2023-05-11,2023,"(0.5, 0.5)",-1,-0.09250047465351074,-6.200000000000728,T,13384.0
2023-05-11,2023,"(0.5, 0.75)",-1,-0.09250047465351074,-6.200000000000728,T,13384.0
2023-05-11,2023,"(0.5, 1.0)",-1,-0.09250047465351074,-6.200000000000728,T,13384.0
2023-05-11,2023,"(0.75, 0.5)",-1,-0.06166698310234049,-6.200000000000728,T,13384.0
2023-05-11,2023,"(0.75, 0.75)",-1,-0.06166698310234049,-6.200000000000728,T,13384.0
2023-05-11,2023,"(0.75, 1.0)",-1,-0.06166698310234049,-6.200000000000728,T,13384.0
2023-05-11,2023,"(1.0, 0.5)",-1,-0.04625023732675537,-6.200000000000728,T,13384.0
2023-05-11,2023,"(1.0, 0.75)",-1,-0.04625023732675537,-6.200000000000728,T,13384.0
2023-05-11,2023,"(1.0, 1.0)",-1,-0.04625023732675537,-6.200000000000728,T,13384.0
2023-05-16,2023,"(0.5, 0.5)",-1,-1.0280741156653566,-89.04999999999998,SL,13410.1
2023-05-16,2023,"(0.5, 0.75)",-1,-1.0280741156653566,-89.04999999999998,SL,13410.1
2023-05-16,2023,"(0.5, 1.0)",-1,-1.0280741156653566,-89.04999999999998,SL,13410.1
2023-05-16,2023,"(0.75, 0.5)",-1,-0.14523675837544178,-16.899999999999636,T,13410.1
2023-05-16,2023,"(0.75, 0.75)",-1,-0.14523675837544178,-16.899999999999636,T,13410.1
2023-05-16,2023,"(0.75, 1.0)",-1,-0.14523675837544178,-16.899999999999636,T,13410.1
2023-05-16,2023,"(1.0, 0.5)",-1,-0.10892756878158136,-16.899999999999636,T,13410.1
2023-05-16,2023,"(1.0, 0.75)",-1,-0.10892756878158136,-16.899999999999636,T,13410.1
2023-05-16,2023,"(1.0, 1.0)",-1,-0.10892756878158136,-16.899999999999636,T,13410.1
2023-05-17,2023,"(0.5, 0.5)",-1,-1.029057700290577,-86.03571428571435,SL,13481.1
2023-05-17,2023,"(0.5, 0.75)",-1,-1.029057700290577,-86.03571428571435,SL,13481.1
2023-05-17,2023,"(0.5, 1.0)",-1,-1.029057700290577,-86.03571428571435,SL,13481.1
2023-05-17,2023,"(0.75, 0.5)",-1,-0.8523592085235914,-107.5,T,13481.1
2023-05-17,2023,"(0.75, 0.75)",-1,-0.8523592085235914,-107.5,T,13481.1
2023-05-17,2023,"(0.75, 1.0)",-1,-0.8523592085235914,-107.5,T,13481.1
2023-05-17,2023,"(1.0, 0.5)",-1,-0.6392694063926936,-107.5,T,13481.1
2023-05-17,2023,"(1.0, 0.75)",-1,-0.6392694063926936,-107.5,T,13481.1
2023-05-17,2023,"(1.0, 1.0)",-1,-0.6392694063926936,-107.5,T,13481.1
2023-05-22,2023,"(0.5, 0.5)",-1,0.22314084807160467,21.200000000000728,T,13873.1
2023-05-22,2023,"(0.5, 0.75)",-1,0.22314084807160467,21.200000000000728,T,13873.1
2023-05-22,2023,"(0.5, 1.0)",-1,0.22314084807160467,21.200000000000728,T,13873.1
2023-05-22,2023,"(0.75, 0.5)",-1,0.1487605653810698,21.200000000000728,T,13873.1
2023-05-22,2023,"(0.75, 0.75)",-1,0.1487605653810698,21.200000000000728,T,13873.1
2023-05-22,2023,"(0.75, 1.0)",-1,0.1487605653810698,21.200000000000728,T,13873.1
2023-05-22,2023,"(1.0, 0.5)",-1,0.11157042403580233,21.200000000000728,T,13873.1
2023-05-22,2023,"(1.0, 0.75)",-1,0.11157042403580233,21.200000000000728,T,13873.1
2023-05-22,2023,"(1.0, 1.0)",-1,0.11157042403580233,21.200000000000728,T,13873.1
2023-05-23,2023,"(0.5, 0.5)",1,-1.0311637432107559,-80.2214285714286,SL,13800.7
2023-05-23,2023,"(0.5, 0.75)",1,-1.0311637432107559,-80.2214285714286,SL,13800.7
2023-05-23,2023,"(0.5, 1.0)",1,-1.0311637432107559,-80.2214285714286,SL,13800.7
2023-05-23,2023,"(0.75, 0.5)",1,-1.0207758288071707,-120.33214285714291,SL,13800.7
2023-05-23,2023,"(0.75, 0.75)",1,-1.0207758288071707,-120.33214285714291,SL,13800.7
2023-05-23,2023,"(0.75, 1.0)",1,-1.0207758288071707,-120.33214285714291,SL,13800.7
2023-05-23,2023,"(1.0, 0.5)",1,-0.8015314753806448,-126.10000000000036,T,13800.7
2023-05-23,2023,"(1.0, 0.75)",1,-0.8015314753806448,-126.10000000000036,T,13800.7
2023-05-23,2023,"(1.0, 1.0)",1,-0.8015314753806448,-126.10000000000036,T,13800.7
2023-05-26,2023,"(0.5, 0.5)",-1,-1.0301334481274214,-82.96428571428571,SL,13988.8
2023-05-26,2023,"(0.5, 0.75)",-1,-1.0301334481274214,-82.96428571428571,SL,13988.8
2023-05-26,2023,"(0.5, 1.0)",-1,-1.0301334481274214,-82.96428571428571,SL,13988.8
2023-05-26,2023,"(0.75, 0.5)",-1,-1.020088965418281,-124.44642857142856,SL,13988.8
2023-05-26,2023,"(0.75, 0.75)",-1,-1.020088965418281,-124.44642857142856,SL,13988.8
2023-05-26,2023,"(0.75, 1.0)",-1,-1.020088965418281,-124.44642857142856,SL,13988.8
2023-05-26,2023,"(1.0, 0.5)",-1,-1.0150667240637108,-165.92857142857142,SL,13988.8
2023-05-26,2023,"(1.0, 0.75)",-1,-1.0150667240637108,-165.92857142857142,SL,13988.8
2023-05-26,2023,"(1.0, 1.0)",-1,-1.0150667240637108,-165.92857142857142,SL,13988.8
2023-05-31,2023,"(0.5, 0.5)",1,-1.0256692335900257,-97.39285714285714,SL,14314.9
2023-05-31,2023,"(0.5, 0.75)",1,-1.0256692335900257,-97.39285714285714,SL,14314.9
2023-05-31,2023,"(0.5, 1.0)",1,-1.0256692335900257,-97.39285714285714,SL,14314.9
2023-05-31,2023,"(0.75, 0.5)",1,-0.3696369636963696,-51.5,T,14314.9
2023-05-31,2023,"(0.75, 0.75)",1,-0.3696369636963696,-51.5,T,14314.9
2023-05-31,2023,"(0.75, 1.0)",1,-0.3696369636963696,-51.5,T,14314.9
2023-05-31,2023,"(1.0, 0.5)",1,-0.27722772277227725,-51.5,T,14314.9
2023-05-31,2023,"(1.0, 0.75)",1,-0.27722772277227725,-51.5,T,14314.9
2023-05-31,2023,"(1.0, 1.0)",1,-0.27722772277227725,-51.5,T,14314.9
2023-06-01,2023,"(0.5, 0.5)",-1,-1.0259057769882685,-96.50357142857145,SL,14356.7
2023-06-01,2023,"(0.5, 0.75)",-1,-1.0259057769882685,-96.50357142857145,SL,14356.7
2023-06-01,2023,"(0.5, 1.0)",-1,-1.0259057769882685,-96.50357142857145,SL,14356.7
2023-06-01,2023,"(0.75, 0.5)",-1,-0.607922233324698,-85.5,T,14356.7
2023-06-01,2023,"(0.75, 0.75)",-1,-0.607922233324698,-85.5,T,14356.7
2023-06-01,2023,"(0.75, 1.0)",-1,-0.607922233324698,-85.5,T,14356.7
2023-06-01,2023,"(1.0, 0.5)",-1,-0.45594167499352345,-85.5,T,14356.7
2023-06-01,2023,"(1.0, 0.75)",-1,-0.45594167499352345,-85.5,T,14356.7
2023-06-01,2023,"(1.0, 1.0)",-1,-0.45594167499352345,-85.5,T,14356.7
2023-06-01,2023,"(0.5, 0.5)",1,0.9740942230117317,96.50357142857145,TP,14247.3
2023-06-01,2023,"(0.5, 0.75)",1,1.4740942230117318,144.75535714285718,TP,14247.3
2023-06-01,2023,"(0.5, 1.0)",1,1.9740942230117315,193.0071428571429,TP,14247.3
2023-06-01,2023,"(0.75, 0.5)",1,0.6493961486744877,96.50357142857145,TP,14247.3
2023-06-01,2023,"(0.75, 0.75)",1,0.9827294820078211,144.75535714285718,TP,14247.3
2023-06-01,2023,"(0.75, 1.0)",1,1.3160628153411544,193.0071428571429,TP,14247.3
2023-06-01,2023,"(1.0, 0.5)",1,0.4870471115058658,96.50357142857145,TP,14247.3
2023-06-01,2023,"(1.0, 0.75)",1,0.7370471115058659,144.75535714285718,TP,14247.3
2023-06-01,2023,"(1.0, 1.0)",1,0.9870471115058658,193.0071428571429,TP,14247.3
2023-06-07,2023,"(0.5, 0.5)",1,-1.0243106202681114,-102.83571428571427,SL,14496.5
2023-06-07,2023,"(0.5, 0.75)",1,-1.0243106202681114,-102.83571428571427,SL,14496.5
2023-06-07,2023,"(0.5, 1.0)",1,-1.0243106202681114,-102.83571428571427,SL,14496.5
2023-06-07,2023,"(0.75, 0.5)",1,-1.0162070801787408,-154.2535714285714,SL,14496.5
2023-06-07,2023,"(0.75, 0.75)",1,-1.0162070801787408,-154.2535714285714,SL,14496.5
2023-06-07,2023,"(0.75, 1.0)",1,-1.0162070801787408,-154.2535714285714,SL,14496.5
2023-06-07,2023,"(1.0, 0.5)",1,-1.0121553101340557,-205.67142857142855,SL,14496.5
2023-06-07,2023,"(1.0, 0.75)",1,-1.0121553101340557,-205.67142857142855,SL,14496.5
2023-06-07,2023,"(1.0, 1.0)",1,-1.0121553101340557,-205.67142857142855,SL,14496.5
2023-06-15,2023,"(0.5, 0.5)",-1,-1.0214086919289231,-116.77500000000002,SL,15020.5
2023-06-15,2023,"(0.5, 0.75)",-1,-1.0214086919289231,-116.77500000000002,SL,15020.5
2023-06-15,2023,"(0.5, 1.0)",-1,-1.0214086919289231,-116.77500000000002,SL,15020.5
2023-06-15,2023,"(0.75, 0.5)",-1,-1.0142724612859488,-175.16250000000002,SL,15020.5
2023-06-15,2023,"(0.75, 0.75)",-1,-1.0142724612859488,-175.16250000000002,SL,15020.5
2023-06-15,2023,"(0.75, 1.0)",-1,-1.0142724612859488,-175.16250000000002,SL,15020.5
2023-06-15,2023,"(1.0, 0.5)",-1,-0.7261828302290745,-167.10000000000036,T,15020.5
2023-06-15,2023,"(1.0, 0.75)",-1,-0.7261828302290745,-167.10000000000036,T,15020.5
2023-06-15,2023,"(1.0, 1.0)",-1,-0.7261828302290745,-167.10000000000036,T,15020.5
2023-06-16,2023,"(0.5, 0.5)",-1,0.9782365377440617,114.87142857142855,TP,15214.3
2023-06-16,2023,"(0.5, 0.75)",-1,1.0385524188533704,121.79999999999927,T,15214.3
2023-06-16,2023,"(0.5, 1.0)",-1,1.0385524188533704,121.79999999999927,T,15214.3
2023-06-16,2023,"(0.75, 0.5)",-1,0.6521576918293744,114.87142857142855,TP,15214.3
2023-06-16,2023,"(0.75, 0.75)",-1,0.6923682792355802,121.79999999999927,T,15214.3
2023-06-16,2023,"(0.75, 1.0)",-1,0.6923682792355802,121.79999999999927,T,15214.3
2023-06-16,2023,"(1.0, 0.5)",-1,0.48911826887203086,114.87142857142855,TP,15214.3
2023-06-16,2023,"(1.0, 0.75)",-1,0.5192762094266852,121.79999999999927,T,15214.3
2023-06-16,2023,"(1.0, 1.0)",-1,0.5192762094266852,121.79999999999927,T,15214.3
2023-06-20,2023,"(0.5, 0.5)",1,-1.0230589320420331,-108.41785714285717,SL,15093.4
2023-06-20,2023,"(0.5, 0.75)",1,-1.0230589320420331,-108.41785714285717,SL,15093.4
2023-06-20,2023,"(0.5, 1.0)",1,-1.0230589320420331,-108.41785714285717,SL,15093.4
2023-06-20,2023,"(0.75, 0.5)",1,-0.15495602332245595,-22.69999999999891,T,15093.4
2023-06-20,2023,"(0.75, 0.75)",1,-0.15495602332245595,-22.69999999999891,T,15093.4
2023-06-20,2023,"(0.75, 1.0)",1,-0.15495602332245595,-22.69999999999891,T,15093.4
2023-06-20,2023,"(1.0, 0.5)",1,-0.11621701749184196,-22.69999999999891,T,15093.4
2023-06-20,2023,"(1.0, 0.75)",1,-0.11621701749184196,-22.69999999999891,T,15093.4
2023-06-20,2023,"(1.0, 1.0)",1,-0.11621701749184196,-22.69999999999891,T,15093.4
2023-06-22,2023,"(0.5, 0.5)",1,0.9772889494516904,110.07857142857152,TP,14830.3
2023-06-22,2023,"(0.5, 0.75)",1,1.4772889494516903,165.11785714285728,TP,14830.3
2023-06-22,2023,"(0.5, 1.0)",1,1.8877425215755064,210.3000000000011,T,14830.3
2023-06-22,2023,"(0.75, 0.5)",1,0.6515259663011269,110.07857142857152,TP,14830.3
2023-06-22,2023,"(0.75, 0.75)",1,0.9848592996344603,165.11785714285728,TP,14830.3
2023-06-22,2023,"(0.75, 1.0)",1,1.2584950143836708,210.3000000000011,T,14830.3
2023-06-22,2023,"(1.0, 0.5)",1,0.4886444747258452,110.07857142857152,TP,14830.3
2023-06-22,2023,"(1.0, 0.75)",1,0.7386444747258452,165.11785714285728,TP,14830.3
2023-06-22,2023,"(1.0, 1.0)",1,0.9438712607877532,210.3000000000011,T,14830.3
2023-06-26,2023,"(0.5, 0.5)",1,-1.0224287087471964,-111.46428571428585,SL,14820.9
2023-06-26,2023,"(0.5, 0.75)",1,-1.0224287087471964,-111.46428571428585,SL,14820.9
2023-06-26,2023,"(0.5, 1.0)",1,-1.0224287087471964,-111.46428571428585,SL,14820.9
2023-06-26,2023,"(0.75, 0.5)",1,-0.795471536900565,-130.5,T,14820.9
2023-06-26,2023,"(0.75, 0.75)",1,-0.795471536900565,-130.5,T,14820.9
2023-06-26,2023,"(0.75, 1.0)",1,-0.795471536900565,-130.5,T,14820.9
2023-06-26,2023,"(1.0, 0.5)",1,-0.5966036526754238,-130.5,T,14820.9
2023-06-26,2023,"(1.0, 0.75)",1,-0.5966036526754238,-130.5,T,14820.9
2023-06-26,2023,"(1.0, 1.0)",1,-0.5966036526754238,-130.5,T,14820.9
2023-07-07,2023,"(0.5, 0.5)",-1,0.5585187490275426,66.60000000000036,T,15103.6
2023-07-07,2023,"(0.5, 0.75)",-1,0.5585187490275426,66.60000000000036,T,15103.6
2023-07-07,2023,"(0.5, 1.0)",-1,0.5585187490275426,66.60000000000036,T,15103.6
2023-07-07,2023,"(0.75, 0.5)",-1,0.3723458326850284,66.60000000000036,T,15103.6
2023-07-07,2023,"(0.75, 0.75)",-1,0.3723458326850284,66.60000000000036,T,15103.6
2023-07-07,2023,"(0.75, 1.0)",-1,0.3723458326850284,66.60000000000036,T,15103.6
2023-07-07,2023,"(1.0, 0.5)",-1,0.2792593745137713,66.60000000000036,T,15103.6
2023-07-07,2023,"(1.0, 0.75)",-1,0.2792593745137713,66.60000000000036,T,15103.6
2023-07-07,2023,"(1.0, 1.0)",-1,0.2792593745137713,66.60000000000036,T,15103.6
2023-07-18,2023,"(0.5, 0.5)",-1,-1.0237594189124974,-105.22142857142853,SL,15746.1
2023-07-18,2023,"(0.5, 0.75)",-1,-1.0237594189124974,-105.22142857142853,SL,15746.1
2023-07-18,2023,"(0.5, 1.0)",-1,-1.0237594189124974,-105.22142857142853,SL,15746.1
2023-07-18,2023,"(0.75, 0.5)",-1,-0.6145769692032678,-94.5,T,15746.1
2023-07-18,2023,"(0.75, 0.75)",-1,-0.6145769692032678,-94.5,T,15746.1
2023-07-18,2023,"(0.75, 1.0)",-1,-0.6145769692032678,-94.5,T,15746.1
2023-07-18,2023,"(1.0, 0.5)",-1,-0.4609327269024508,-94.5,T,15746.1
2023-07-18,2023,"(1.0, 0.75)",-1,-0.4609327269024508,-94.5,T,15746.1
2023-07-18,2023,"(1.0, 1.0)",-1,-0.4609327269024508,-94.5,T,15746.1
2023-07-19,2023,"(0.5, 0.5)",-1,0.25571210320828053,29.399999999999636,T,15855.9
2023-07-19,2023,"(0.5, 0.75)",-1,0.25571210320828053,29.399999999999636,T,15855.9
2023-07-19,2023,"(0.5, 1.0)",-1,0.25571210320828053,29.399999999999636,T,15855.9
2023-07-19,2023,"(0.75, 0.5)",-1,0.170474735472187,29.399999999999636,T,15855.9
2023-07-19,2023,"(0.75, 0.75)",-1,0.170474735472187,29.399999999999636,T,15855.9
2023-07-19,2023,"(0.75, 1.0)",-1,0.170474735472187,29.399999999999636,T,15855.9
2023-07-19,2023,"(1.0, 0.5)",-1,0.12785605160414026,29.399999999999636,T,15855.9
2023-07-19,2023,"(1.0, 0.75)",-1,0.12785605160414026,29.399999999999636,T,15855.9
2023-07-19,2023,"(1.0, 1.0)",-1,0.12785605160414026,29.399999999999636,T,15855.9
2023-07-31,2023,"(0.5, 0.5)",-1,-0.12295950816196756,-12.0,T,15748.6
2023-07-31,2023,"(0.5, 0.75)",-1,-0.12295950816196756,-12.0,T,15748.6
2023-07-31,2023,"(0.5, 1.0)",-1,-0.12295950816196756,-12.0,T,15748.6
2023-07-31,2023,"(0.75, 0.5)",-1,-0.08197300544131171,-12.0,T,15748.6
2023-07-31,2023,"(0.75, 0.75)",-1,-0.08197300544131171,-12.0,T,15748.6
2023-07-31,2023,"(0.75, 1.0)",-1,-0.08197300544131171,-12.0,T,15748.6
2023-07-31,2023,"(1.0, 0.5)",-1,-0.06147975408098378,-12.0,T,15748.6
2023-07-31,2023,"(1.0, 0.75)",-1,-0.06147975408098378,-12.0,T,15748.6
2023-07-31,2023,"(1.0, 1.0)",-1,-0.06147975408098378,-12.0,T,15748.6
2023-08-07,2023,"(0.5, 0.5)",1,0.978814841716603,118.00714285714275,TP,15275.7
2023-08-07,2023,"(0.5, 0.75)",1,1.0846801041099217,130.5,T,15275.7
2023-08-07,2023,"(0.5, 1.0)",1,1.0846801041099217,130.5,T,15275.7
2023-08-07,2023,"(0.75, 0.5)",1,0.6525432278110688,118.00714285714275,TP,15275.7
2023-08-07,2023,"(0.75, 0.75)",1,0.7231200694066144,130.5,T,15275.7
2023-08-07,2023,"(0.75, 1.0)",1,0.7231200694066144,130.5,T,15275.7
2023-08-07,2023,"(1.0, 0.5)",1,0.4894074208583015,118.00714285714275,TP,15275.7
2023-08-07,2023,"(1.0, 0.75)",1,0.5423400520549608,130.5,T,15275.7
2023-08-07,2023,"(1.0, 1.0)",1,0.5423400520549608,130.5,T,15275.7
2023-08-10,2023,"(0.5, 0.5)",1,0.48062065621464745,55.600000000000364,T,15076.3
2023-08-10,2023,"(0.5, 0.75)",1,0.48062065621464745,55.600000000000364,T,15076.3
2023-08-10,2023,"(0.5, 1.0)",1,0.48062065621464745,55.600000000000364,T,15076.3
2023-08-10,2023,"(0.75, 0.5)",1,0.32041377080976496,55.600000000000364,T,15076.3
2023-08-10,2023,"(0.75, 0.75)",1,0.32041377080976496,55.600000000000364,T,15076.3
2023-08-10,2023,"(0.75, 1.0)",1,0.32041377080976496,55.600000000000364,T,15076.3
2023-08-10,2023,"(1.0, 0.5)",1,0.24031032810732372,55.600000000000364,T,15076.3
2023-08-10,2023,"(1.0, 0.75)",1,0.24031032810732372,55.600000000000364,T,15076.3
2023-08-10,2023,"(1.0, 1.0)",1,0.24031032810732372,55.600000000000364,T,15076.3
2023-08-14,2023,"(0.5, 0.5)",-1,-1.0216886134779242,-115.26785714285714,SL,15082.9
2023-08-14,2023,"(0.5, 0.75)",-1,-1.0216886134779242,-115.26785714285714,SL,15082.9
2023-08-14,2023,"(0.5, 1.0)",-1,-1.0216886134779242,-115.26785714285714,SL,15082.9
2023-08-14,2023,"(0.75, 0.5)",-1,-0.7223754195713895,-122.39999999999964,T,15082.9
2023-08-14,2023,"(0.75, 0.75)",-1,-0.7223754195713895,-122.39999999999964,T,15082.9
2023-08-14,2023,"(0.75, 1.0)",-1,-0.7223754195713895,-122.39999999999964,T,15082.9
2023-08-14,2023,"(1.0, 0.5)",-1,-0.5417815646785422,-122.39999999999964,T,15082.9
2023-08-14,2023,"(1.0, 0.75)",-1,-0.5417815646785422,-122.39999999999964,T,15082.9
2023-08-14,2023,"(1.0, 1.0)",-1,-0.5417815646785422,-122.39999999999964,T,15082.9
2023-08-17,2023,"(0.5, 0.5)",1,-1.02234280242579,-111.89285714285721,SL,14888.2
2023-08-17,2023,"(0.5, 0.75)",1,-1.02234280242579,-111.89285714285721,SL,14888.2
2023-08-17,2023,"(0.5, 1.0)",1,-1.02234280242579,-111.89285714285721,SL,14888.2
2023-08-17,2023,"(0.75, 0.5)",1,-1.0148952016171933,-167.8392857142858,SL,14888.2
2023-08-17,2023,"(0.75, 0.75)",1,-1.0148952016171933,-167.8392857142858,SL,14888.2
2023-08-17,2023,"(0.75, 1.0)",1,-1.0148952016171933,-167.8392857142858,SL,14888.2
2023-08-17,2023,"(1.0, 0.5)",1,-0.7931694861155437,-175.0,T,14888.2
2023-08-17,2023,"(1.0, 0.75)",1,-0.7931694861155437,-175.0,T,14888.2
2023-08-17,2023,"(1.0, 1.0)",1,-0.7931694861155437,-175.0,T,14888.2
2023-08-24,2023,"(0.5, 0.5)",1,-1.0222738409647756,-112.23928571428574,SL,14973.0
2023-08-24,2023,"(0.5, 0.75)",1,-1.0222738409647756,-112.23928571428574,SL,14973.0
2023-08-24,2023,"(0.5, 1.0)",1,-1.0222738409647756,-112.23928571428574,SL,14973.0
2023-08-24,2023,"(0.75, 0.5)",1,-0.9533203932923917,-158.0,T,14973.0
2023-08-24,2023,"(0.75, 0.75)",1,-0.9533203932923917,-158.0,T,14973.0
2023-08-24,2023,"(0.75, 1.0)",1,-0.9533203932923917,-158.0,T,14973.0
2023-08-24,2023,"(1.0, 0.5)",1,-0.7149902949692938,-158.0,T,14973.0
2023-08-24,2023,"(1.0, 0.75)",1,-0.7149902949692938,-158.0,T,14973.0
2023-08-24,2023,"(1.0, 1.0)",1,-0.7149902949692938,-158.0,T,14973.0
2023-08-25,2023,"(0.5, 0.5)",1,0.9791019823262479,119.62857142857145,TP,14823.5
2023-08-25,2023,"(0.5, 0.75)",1,0.9379030331979997,114.70000000000073,T,14823.5
2023-08-25,2023,"(0.5, 1.0)",1,0.9379030331979997,114.70000000000073,T,14823.5
2023-08-25,2023,"(0.75, 0.5)",1,0.6527346548841653,119.62857142857145,TP,14823.5
2023-08-25,2023,"(0.75, 0.75)",1,0.6252686887986665,114.70000000000073,T,14823.5
2023-08-25,2023,"(0.75, 1.0)",1,0.6252686887986665,114.70000000000073,T,14823.5
2023-08-25,2023,"(1.0, 0.5)",1,0.48955099116312395,119.62857142857145,TP,14823.5
2023-08-25,2023,"(1.0, 0.75)",1,0.46895151659899986,114.70000000000073,T,14823.5
2023-08-25,2023,"(1.0, 1.0)",1,0.46895151659899986,114.70000000000073,T,14823.5
2023-08-29,2023,"(0.5, 0.5)",-1,-1.0207290710414878,-120.60357142857141,SL,15088.9
2023-08-29,2023,"(0.5, 0.75)",-1,-1.0207290710414878,-120.60357142857141,SL,15088.9
2023-08-29,2023,"(0.5, 1.0)",-1,-1.0207290710414878,-120.60357142857141,SL,15088.9
2023-08-29,2023,"(0.75, 0.5)",-1,-1.0138193806943252,-180.90535714285713,SL,15088.9
2023-08-29,2023,"(0.75, 0.75)",-1,-1.0138193806943252,-180.90535714285713,SL,15088.9
2023-08-29,2023,"(0.75, 1.0)",-1,-1.0138193806943252,-180.90535714285713,SL,15088.9
2023-08-29,2023,"(1.0, 0.5)",-1,-1.0103645355207438,-241.20714285714283,SL,15088.9
2023-08-29,2023,"(1.0, 0.75)",-1,-1.0103645355207438,-241.20714285714283,SL,15088.9
2023-08-29,2023,"(1.0, 1.0)",-1,-1.0103645355207438,-241.20714285714283,SL,15088.9
2023-08-31,2023,"(0.5, 0.5)",-1,-0.23170008304662182,-25.399999999999636,T,15476.5
2023-08-31,2023,"(0.5, 0.75)",-1,-0.23170008304662182,-25.399999999999636,T,15476.5
2023-08-31,2023,"(0.5, 1.0)",-1,-0.23170008304662182,-25.399999999999636,T,15476.5
2023-08-31,2023,"(0.75, 0.5)",-1,-0.1544667220310812,-25.399999999999636,T,15476.5
2023-08-31,2023,"(0.75, 0.75)",-1,-0.1544667220310812,-25.399999999999636,T,15476.5
2023-08-31,2023,"(0.75, 1.0)",-1,-0.1544667220310812,-25.399999999999636,T,15476.5
2023-08-31,2023,"(1.0, 0.5)",-1,-0.11585004152331091,-25.399999999999636,T,15476.5
2023-08-31,2023,"(1.0, 0.75)",-1,-0.11585004152331091,-25.399999999999636,T,15476.5
2023-08-31,2023,"(1.0, 1.0)",-1,-0.11585004152331091,-25.399999999999636,T,15476.5
2023-09-05,2023,"(0.5, 0.5)",1,0.3548289065823775,44.19999999999891,T,15462.7
2023-09-05,2023,"(0.5, 0.75)",1,0.3548289065823775,44.19999999999891,T,15462.7
2023-09-05,2023,"(0.5, 1.0)",1,0.3548289065823775,44.19999999999891,T,15462.7
2023-09-05,2023,"(0.75, 0.5)",1,0.23655260438825162,44.19999999999891,T,15462.7
2023-09-05,2023,"(0.75, 0.75)",1,0.23655260438825162,44.19999999999891,T,15462.7
2023-09-05,2023,"(0.75, 1.0)",1,0.23655260438825162,44.19999999999891,T,15462.7
2023-09-05,2023,"(1.0, 0.5)",1,0.17741445329118874,44.19999999999891,T,15462.7
2023-09-05,2023,"(1.0, 0.75)",1,0.17741445329118874,44.19999999999891,T,15462.7
2023-09-05,2023,"(1.0, 1.0)",1,0.17741445329118874,44.19999999999891,T,15462.7
2023-09-13,2023,"(0.5, 0.5)",1,0.9777989216619093,112.60714285714273,TP,15280.5
2023-09-13,2023,"(0.5, 0.75)",1,0.6012052013955035,70.20000000000073,T,15280.5
2023-09-13,2023,"(0.5, 1.0)",1,0.6012052013955035,70.20000000000073,T,15280.5
2023-09-13,2023,"(0.75, 0.5)",1,0.6518659477746062,112.60714285714273,TP,15280.5
2023-09-13,2023,"(0.75, 0.75)",1,0.4008034675970023,70.20000000000073,T,15280.5
2023-09-13,2023,"(0.75, 1.0)",1,0.4008034675970023,70.20000000000073,T,15280.5
2023-09-13,2023,"(1.0, 0.5)",1,0.48889946083095465,112.60714285714273,TP,15280.5
2023-09-13,2023,"(1.0, 0.75)",1,0.30060260069775174,70.20000000000073,T,15280.5
2023-09-13,2023,"(1.0, 1.0)",1,0.30060260069775174,70.20000000000073,T,15280.5
2023-09-14,2023,"(0.5, 0.5)",-1,-1.0230688109675719,-108.3714285714285,SL,15388.5
2023-09-14,2023,"(0.5, 0.75)",-1,-1.0230688109675719,-108.3714285714285,SL,15388.5
2023-09-14,2023,"(0.5, 1.0)",-1,-1.0230688109675719,-108.3714285714285,SL,15388.5
2023-09-14,2023,"(0.75, 0.5)",-1,-0.5284295632305105,-83.39999999999964,T,15388.5
2023-09-14,2023,"(0.75, 0.75)",-1,-0.5284295632305105,-83.39999999999964,T,15388.5
2023-09-14,2023,"(0.75, 1.0)",-1,-0.5284295632305105,-83.39999999999964,T,15388.5
2023-09-14,2023,"(1.0, 0.5)",-1,-0.39632217242288287,-83.39999999999964,T,15388.5
2023-09-14,2023,"(1.0, 0.75)",-1,-0.39632217242288287,-83.39999999999964,T,15388.5
2023-09-14,2023,"(1.0, 1.0)",-1,-0.39632217242288287,-83.39999999999964,T,15388.5
2023-09-15,2023,"(0.5, 0.5)",1,-1.025552108048914,-97.83928571428565,SL,15337.5
2023-09-15,2023,"(0.5, 0.75)",1,-1.025552108048914,-97.83928571428565,SL,15337.5
2023-09-15,2023,"(0.5, 1.0)",1,-1.025552108048914,-97.83928571428565,SL,15337.5
2023-09-15,2023,"(0.75, 0.5)",1,-1.017034738699276,-146.75892857142847,SL,15337.5
2023-09-15,2023,"(0.75, 0.75)",1,-1.017034738699276,-146.75892857142847,SL,15337.5
2023-09-15,2023,"(0.75, 1.0)",1,-1.017034738699276,-146.75892857142847,SL,15337.5
2023-09-15,2023,"(1.0, 0.5)",1,-0.7016608870231762,-134.79999999999927,T,15337.5
2023-09-15,2023,"(1.0, 0.75)",1,-0.7016608870231762,-134.79999999999927,T,15337.5
2023-09-15,2023,"(1.0, 1.0)",1,-0.7016608870231762,-134.79999999999927,T,15337.5
2023-09-18,2023,"(0.5, 0.5)",1,-0.029554140127403386,-0.4000000000014552,T,15222.7
2023-09-18,2023,"(0.5, 0.75)",1,-0.029554140127403386,-0.4000000000014552,T,15222.7
2023-09-18,2023,"(0.5, 1.0)",1,-0.029554140127403386,-0.4000000000014552,T,15222.7
2023-09-18,2023,"(0.75, 0.5)",1,-0.019702760084935593,-0.4000000000014552,T,15222.7
2023-09-18,2023,"(0.75, 0.75)",1,-0.019702760084935593,-0.4000000000014552,T,15222.7
2023-09-18,2023,"(0.75, 1.0)",1,-0.019702760084935593,-0.4000000000014552,T,15222.7
2023-09-18,2023,"(1.0, 0.5)",1,-0.014777070063701693,-0.4000000000014552,T,15222.7
2023-09-18,2023,"(1.0, 0.75)",1,-0.014777070063701693,-0.4000000000014552,T,15222.7
2023-09-18,2023,"(1.0, 1.0)",1,-0.014777070063701693,-0.4000000000014552,T,15222.7
2023-09-19,2023,"(0.5, 0.5)",1,-1.025859839668994,-96.67499999999998,SL,15167.0
2023-09-19,2023,"(0.5, 0.75)",1,-1.025859839668994,-96.67499999999998,SL,15167.0
2023-09-19,2023,"(0.5, 1.0)",1,-1.025859839668994,-96.67499999999998,SL,15167.0
2023-09-19,2023,"(0.75, 0.5)",1,0.15033186794241374,24.299999999999272,T,15167.0
2023-09-19,2023,"(0.75, 0.75)",1,0.15033186794241374,24.299999999999272,T,15167.0
2023-09-19,2023,"(0.75, 1.0)",1,0.15033186794241374,24.299999999999272,T,15167.0
2023-09-19,2023,"(1.0, 0.5)",1,0.11274890095681032,24.299999999999272,T,15167.0
2023-09-19,2023,"(1.0, 0.75)",1,0.11274890095681032,24.299999999999272,T,15167.0
2023-09-19,2023,"(1.0, 1.0)",1,0.11274890095681032,24.299999999999272,T,15167.0
2023-09-20,2023,"(0.5, 0.5)",-1,0.9719697273054899,89.18928571428569,TP,15201.8
2023-09-20,2023,"(0.5, 0.75)",-1,1.47196972730549,133.78392857142853,TP,15201.8
2023-09-20,2023,"(0.5, 1.0)",-1,1.97196972730549,178.37857142857138,TP,15201.8
2023-09-20,2023,"(0.75, 0.5)",-1,0.6479798182036599,89.18928571428569,TP,15201.8
2023-09-20,2023,"(0.75, 0.75)",-1,0.9813131515369933,133.78392857142853,TP,15201.8
2023-09-20,2023,"(0.75, 1.0)",-1,1.3146464848703265,178.37857142857138,TP,15201.8
2023-09-20,2023,"(1.0, 0.5)",-1,0.48598486365274496,89.18928571428569,TP,15201.8
2023-09-20,2023,"(1.0, 0.75)",-1,0.735984863652745,133.78392857142853,TP,15201.8
2023-09-20,2023,"(1.0, 1.0)",-1,0.985984863652745,178.37857142857138,TP,15201.8
2023-09-22,2023,"(0.5, 0.5)",-1,0.9748986983182127,99.5964285714286,TP,14836.8
2023-09-22,2023,"(0.5, 0.75)",-1,1.4748986983182129,149.3946428571429,TP,14836.8
2023-09-22,2023,"(0.5, 1.0)",-1,1.3695270197583063,138.89999999999964,T,14836.8
2023-09-22,2023,"(0.75, 0.5)",-1,0.6499324655454751,99.5964285714286,TP,14836.8
2023-09-22,2023,"(0.75, 0.75)",-1,0.9832657988788085,149.3946428571429,TP,14836.8
2023-09-22,2023,"(0.75, 1.0)",-1,0.9130180131722041,138.89999999999964,T,14836.8
2023-09-22,2023,"(1.0, 0.5)",-1,0.48744934915910637,99.5964285714286,TP,14836.8
2023-09-22,2023,"(1.0, 0.75)",-1,0.7374493491591064,149.3946428571429,TP,14836.8
2023-09-22,2023,"(1.0, 1.0)",-1,0.6847635098791531,138.89999999999964,T,14836.8
2023-10-03,2023,"(0.5, 0.5)",1,-1.0230551347078585,-108.43571428571444,SL,14701.5
2023-10-03,2023,"(0.5, 0.75)",1,-1.0230551347078585,-108.43571428571444,SL,14701.5
2023-10-03,2023,"(0.5, 1.0)",1,-1.0230551347078585,-108.43571428571444,SL,14701.5
2023-10-03,2023,"(0.75, 0.5)",1,-1.015370089805239,-162.65357142857167,SL,14701.5
2023-10-03,2023,"(0.75, 0.75)",1,-1.015370089805239,-162.65357142857167,SL,14701.5
2023-10-03,2023,"(0.75, 1.0)",1,-1.015370089805239,-162.65357142857167,SL,14701.5
2023-10-03,2023,"(1.0, 0.5)",1,-0.5989723997101615,-127.39999999999964,T,14701.5
2023-10-03,2023,"(1.0, 0.75)",1,-0.5989723997101615,-127.39999999999964,T,14701.5
2023-10-03,2023,"(1.0, 1.0)",1,-0.5989723997101615,-127.39999999999964,T,14701.5
2023-10-05,2023,"(0.5, 0.5)",1,0.9784966055355881,116.26071428571439,TP,14601.8
2023-10-05,2023,"(0.5, 0.75)",1,1.049365649863299,124.5,T,14601.8
2023-10-05,2023,"(0.5, 1.0)",1,1.049365649863299,124.5,T,14601.8
2023-10-05,2023,"(0.75, 0.5)",1,0.6523310703570587,116.26071428571439,TP,14601.8
2023-10-05,2023,"(0.75, 0.75)",1,0.699577099908866,124.5,T,14601.8
2023-10-05,2023,"(0.75, 1.0)",1,0.699577099908866,124.5,T,14601.8
2023-10-05,2023,"(1.0, 0.5)",1,0.4892483027677941,116.26071428571439,TP,14601.8
2023-10-05,2023,"(1.0, 0.75)",1,0.5246828249316495,124.5,T,14601.8
2023-10-05,2023,"(1.0, 1.0)",1,0.5246828249316495,124.5,T,14601.8
2023-10-06,2023,"(0.5, 0.5)",1,0.9777925827226294,112.57500000000007,TP,14584.6
2023-10-06,2023,"(0.5, 0.75)",1,1.4777925827226295,168.86250000000013,TP,14584.6
2023-10-06,2023,"(0.5, 1.0)",1,1.9777925827226295,225.15000000000015,TP,14584.6
2023-10-06,2023,"(0.75, 0.5)",1,0.6518617218150862,112.57500000000007,TP,14584.6
2023-10-06,2023,"(0.75, 0.75)",1,0.9851950551484195,168.86250000000013,TP,14584.6
2023-10-06,2023,"(0.75, 1.0)",1,1.318528388481753,225.15000000000015,TP,14584.6
2023-10-06,2023,"(1.0, 0.5)",1,0.4888962913613147,112.57500000000007,TP,14584.6
2023-10-06,2023,"(1.0, 0.75)",1,0.7388962913613147,168.86250000000013,TP,14584.6
2023-10-06,2023,"(1.0, 1.0)",1,0.9888962913613147,225.15000000000015,TP,14584.6
2023-10-10,2023,"(0.5, 0.5)",-1,-1.019445524751375,-128.56428571428583,SL,15063.6
2023-10-10,2023,"(0.5, 0.75)",-1,-1.019445524751375,-128.56428571428583,SL,15063.6
2023-10-10,2023,"(0.5, 1.0)",-1,-1.019445524751375,-128.56428571428583,SL,15063.6
2023-10-10,2023,"(0.75, 0.5)",-1,-0.3645387706724406,-67.79999999999927,T,15063.6
2023-10-10,2023,"(0.75, 0.75)",-1,-0.3645387706724406,-67.79999999999927,T,15063.6
2023-10-10,2023,"(0.75, 1.0)",-1,-0.3645387706724406,-67.79999999999927,T,15063.6
2023-10-10,2023,"(1.0, 0.5)",-1,-0.2734040780043305,-67.79999999999927,T,15063.6
2023-10-10,2023,"(1.0, 0.75)",-1,-0.2734040780043305,-67.79999999999927,T,15063.6
2023-10-10,2023,"(1.0, 1.0)",-1,-0.2734040780043305,-67.79999999999927,T,15063.6
2023-10-11,2023,"(0.5, 0.5)",-1,-0.06360925741871355,-5.5,T,15236.1
2023-10-11,2023,"(0.5, 0.75)",-1,-0.06360925741871355,-5.5,T,15236.1
2023-10-11,2023,"(0.5, 1.0)",-1,-0.06360925741871355,-5.5,T,15236.1
2023-10-11,2023,"(0.75, 0.5)",-1,-0.0424061716124757,-5.5,T,15236.1
2023-10-11,2023,"(0.75, 0.75)",-1,-0.0424061716124757,-5.5,T,15236.1
2023-10-11,2023,"(0.75, 1.0)",-1,-0.0424061716124757,-5.5,T,15236.1
2023-10-11,2023,"(1.0, 0.5)",-1,-0.031804628709356776,-5.5,T,15236.1
2023-10-11,2023,"(1.0, 0.75)",-1,-0.031804628709356776,-5.5,T,15236.1
2023-10-11,2023,"(1.0, 1.0)",-1,-0.031804628709356776,-5.5,T,15236.1
2023-10-18,2023,"(0.5, 0.5)",1,-0.24975456508933255,-29.299999999999272,T,14936.4
2023-10-18,2023,"(0.5, 0.75)",1,-0.24975456508933255,-29.299999999999272,T,14936.4
2023-10-18,2023,"(0.5, 1.0)",1,-0.24975456508933255,-29.299999999999272,T,14936.4
2023-10-18,2023,"(0.75, 0.5)",1,-0.16650304339288838,-29.299999999999272,T,14936.4
2023-10-18,2023,"(0.75, 0.75)",1,-0.16650304339288838,-29.299999999999272,T,14936.4
2023-10-18,2023,"(0.75, 1.0)",1,-0.16650304339288838,-29.299999999999272,T,14936.4
2023-10-18,2023,"(1.0, 0.5)",1,-0.12487728254466628,-29.299999999999272,T,14936.4
2023-10-18,2023,"(1.0, 0.75)",1,-0.12487728254466628,-29.299999999999272,T,14936.4
2023-10-18,2023,"(1.0, 1.0)",1,-0.12487728254466628,-29.299999999999272,T,14936.4
2023-10-19,2023,"(0.5, 0.5)",1,0.9801727800594816,126.08928571428571,TP,14873.7
2023-10-19,2023,"(0.5, 0.75)",1,-1.0198272199405185,-126.08928571428571,SL,14873.7
2023-10-19,2023,"(0.5, 1.0)",1,-1.0198272199405185,-126.08928571428571,SL,14873.7
2023-10-19,2023,"(0.75, 0.5)",1,0.6534485200396545,126.08928571428571,TP,14873.7
2023-10-19,2023,"(0.75, 0.75)",1,-0.5054619270169495,-93.10000000000036,T,14873.7
2023-10-19,2023,"(0.75, 1.0)",1,-0.5054619270169495,-93.10000000000036,T,14873.7
2023-10-19,2023,"(1.0, 0.5)",1,0.4900863900297408,126.08928571428571,TP,14873.7
2023-10-19,2023,"(1.0, 0.75)",1,-0.37909644526271213,-93.10000000000036,T,14873.7
2023-10-19,2023,"(1.0, 1.0)",1,-0.37909644526271213,-93.10000000000036,T,14873.7
2023-10-24,2023,"(0.5, 0.5)",-1,0.9805458284697904,128.5071428571428,TP,14745.5
2023-10-24,2023,"(0.5, 0.75)",-1,-0.033461175031954775,-1.7999999999992724,T,14745.5
2023-10-24,2023,"(0.5, 1.0)",-1,-0.033461175031954775,-1.7999999999992724,T,14745.5
2023-10-24,2023,"(0.75, 0.5)",-1,0.6536972189798603,128.5071428571428,TP,14745.5
2023-10-24,2023,"(0.75, 0.75)",-1,-0.022307450021303184,-1.7999999999992724,T,14745.5
2023-10-24,2023,"(0.75, 1.0)",-1,-0.022307450021303184,-1.7999999999992724,T,14745.5
2023-10-24,2023,"(1.0, 0.5)",-1,0.4902729142348952,128.5071428571428,TP,14745.5
2023-10-24,2023,"(1.0, 0.75)",-1,-0.016730587515977387,-1.7999999999992724,T,14745.5
2023-10-24,2023,"(1.0, 1.0)",-1,-0.016730587515977387,-1.7999999999992724,T,14745.5
2023-10-31,2023,"(0.5, 0.5)",-1,-0.2070704241134073,-23.900000000001455,T,14381.8
2023-10-31,2023,"(0.5, 0.75)",-1,-0.2070704241134073,-23.900000000001455,T,14381.8
2023-10-31,2023,"(0.5, 1.0)",-1,-0.2070704241134073,-23.900000000001455,T,14381.8
2023-10-31,2023,"(0.75, 0.5)",-1,-0.13804694940893816,-23.900000000001455,T,14381.8
2023-10-31,2023,"(0.75, 0.75)",-1,-0.13804694940893816,-23.900000000001455,T,14381.8
2023-10-31,2023,"(0.75, 1.0)",-1,-0.13804694940893816,-23.900000000001455,T,14381.8
2023-10-31,2023,"(1.0, 0.5)",-1,-0.10353521205670364,-23.900000000001455,T,14381.8
2023-10-31,2023,"(1.0, 0.75)",-1,-0.10353521205670364,-23.900000000001455,T,14381.8
2023-10-31,2023,"(1.0, 1.0)",-1,-0.10353521205670364,-23.900000000001455,T,14381.8
2023-11-06,2023,"(0.5, 0.5)",-1,-0.14862895019114386,-16.799999999999272,T,15140.1
2023-11-06,2023,"(0.5, 0.75)",-1,-0.14862895019114386,-16.799999999999272,T,15140.1
2023-11-06,2023,"(0.5, 1.0)",-1,-0.14862895019114386,-16.799999999999272,T,15140.1
2023-11-06,2023,"(0.75, 0.5)",-1,-0.09908596679409591,-16.799999999999272,T,15140.1
2023-11-06,2023,"(0.75, 0.75)",-1,-0.09908596679409591,-16.799999999999272,T,15140.1
2023-11-06,2023,"(0.75, 1.0)",-1,-0.09908596679409591,-16.799999999999272,T,15140.1
2023-11-06,2023,"(1.0, 0.5)",-1,-0.07431447509557193,-16.799999999999272,T,15140.1
2023-11-06,2023,"(1.0, 0.75)",-1,-0.07431447509557193,-16.799999999999272,T,15140.1
2023-11-06,2023,"(1.0, 1.0)",-1,-0.07431447509557193,-16.799999999999272,T,15140.1
2023-11-07,2023,"(0.5, 0.5)",-1,-1.020005715918834,-124.96428571428558,SL,15162.1
2023-11-07,2023,"(0.5, 0.75)",-1,-1.020005715918834,-124.96428571428558,SL,15162.1
2023-11-07,2023,"(0.5, 1.0)",-1,-1.020005715918834,-124.96428571428558,SL,15162.1
2023-11-07,2023,"(0.75, 0.5)",-1,-0.7463465752119641,-137.39999999999964,T,15162.1
2023-11-07,2023,"(0.75, 0.75)",-1,-0.7463465752119641,-137.39999999999964,T,15162.1
2023-11-07,2023,"(0.75, 1.0)",-1,-0.7463465752119641,-137.39999999999964,T,15162.1
2023-11-07,2023,"(1.0, 0.5)",-1,-0.5597599314089732,-137.39999999999964,T,15162.1
2023-11-07,2023,"(1.0, 0.75)",-1,-0.5597599314089732,-137.39999999999964,T,15162.1
2023-11-07,2023,"(1.0, 1.0)",-1,-0.5597599314089732,-137.39999999999964,T,15162.1
2023-11-09,2023,"(0.5, 0.5)",-1,0.978642909445936,117.05714285714274,TP,15315.4
2023-11-09,2023,"(0.5, 0.75)",-1,1.0388088845496746,124.10000000000036,T,15315.4
2023-11-09,2023,"(0.5, 1.0)",-1,1.0388088845496746,124.10000000000036,T,15315.4
2023-11-09,2023,"(0.75, 0.5)",-1,0.6524286062972906,117.05714285714274,TP,15315.4
2023-11-09,2023,"(0.75, 0.75)",-1,0.6925392563664498,124.10000000000036,T,15315.4
2023-11-09,2023,"(0.75, 1.0)",-1,0.6925392563664498,124.10000000000036,T,15315.4
2023-11-09,2023,"(1.0, 0.5)",-1,0.489321454722968,117.05714285714274,TP,15315.4
2023-11-09,2023,"(1.0, 0.75)",-1,0.5194044422748373,124.10000000000036,T,15315.4
2023-11-09,2023,"(1.0, 1.0)",-1,0.5194044422748373,124.10000000000036,T,15315.4
2023-11-16,2023,"(0.5, 0.5)",1,0.46441104416341517,52.600000000000364,T,15781.4
2023-11-16,2023,"(0.5, 0.75)",1,0.46441104416341517,52.600000000000364,T,15781.4
2023-11-16,2023,"(0.5, 1.0)",1,0.46441104416341517,52.600000000000364,T,15781.4
2023-11-16,2023,"(0.75, 0.5)",1,0.30960736277561013,52.600000000000364,T,15781.4
2023-11-16,2023,"(0.75, 0.75)",1,0.30960736277561013,52.600000000000364,T,15781.4
2023-11-16,2023,"(0.75, 1.0)",1,0.30960736277561013,52.600000000000364,T,15781.4
2023-11-16,2023,"(1.0, 0.5)",1,0.23220552208170758,52.600000000000364,T,15781.4
2023-11-16,2023,"(1.0, 0.75)",1,0.23220552208170758,52.600000000000364,T,15781.4
2023-11-16,2023,"(1.0, 1.0)",1,0.23220552208170758,52.600000000000364,T,15781.4
2023-11-17,2023,"(0.5, 0.5)",-1,-0.04608421341380835,-2.3000000000010914,T,15833.9
2023-11-17,2023,"(0.5, 0.75)",-1,-0.04608421341380835,-2.3000000000010914,T,15833.9
2023-11-17,2023,"(0.5, 1.0)",-1,-0.04608421341380835,-2.3000000000010914,T,15833.9
2023-11-17,2023,"(0.75, 0.5)",-1,-0.030722808942538902,-2.3000000000010914,T,15833.9
2023-11-17,2023,"(0.75, 0.75)",-1,-0.030722808942538902,-2.3000000000010914,T,15833.9
2023-11-17,2023,"(0.75, 1.0)",-1,-0.030722808942538902,-2.3000000000010914,T,15833.9
2023-11-17,2023,"(1.0, 0.5)",-1,-0.023042106706904174,-2.3000000000010914,T,15833.9
2023-11-17,2023,"(1.0, 0.75)",-1,-0.023042106706904174,-2.3000000000010914,T,15833.9
2023-11-17,2023,"(1.0, 1.0)",-1,-0.023042106706904174,-2.3000000000010914,T,15833.9
2023-12-01,2023,"(0.5, 0.5)",-1,0.12022695905534792,13.699999999998909,T,16006.3
2023-12-01,2023,"(0.5, 0.75)",-1,0.12022695905534792,13.699999999998909,T,16006.3
2023-12-01,2023,"(0.5, 1.0)",-1,0.12022695905534792,13.699999999998909,T,16006.3
2023-12-01,2023,"(0.75, 0.5)",-1,0.0801513060368986,13.699999999998909,T,16006.3
2023-12-01,2023,"(0.75, 0.75)",-1,0.0801513060368986,13.699999999998909,T,16006.3
2023-12-01,2023,"(0.75, 1.0)",-1,0.0801513060368986,13.699999999998909,T,16006.3
2023-12-01,2023,"(1.0, 0.5)",-1,0.06011347952767396,13.699999999998909,T,16006.3
2023-12-01,2023,"(1.0, 0.75)",-1,0.06011347952767396,13.699999999998909,T,16006.3
2023-12-01,2023,"(1.0, 1.0)",-1,0.06011347952767396,13.699999999998909,T,16006.3
2023-12-04,2023,"(0.5, 0.5)",1,-1.0271391462799984,-92.11785714285712,SL,15844.4
2023-12-04,2023,"(0.5, 0.75)",1,-1.0271391462799984,-92.11785714285712,SL,15844.4
2023-12-04,2023,"(0.5, 1.0)",1,-1.0271391462799984,-92.11785714285712,SL,15844.4
2023-12-04,2023,"(0.75, 0.5)",1,-1.0180927641866657,-138.17678571428567,SL,15844.4
2023-12-04,2023,"(0.75, 0.75)",1,-1.0180927641866657,-138.17678571428567,SL,15844.4
2023-12-04,2023,"(0.75, 1.0)",1,-1.0180927641866657,-138.17678571428567,SL,15844.4
2023-12-04,2023,"(1.0, 0.5)",1,-0.037452021866395895,-4.399999999999636,T,15844.4
2023-12-04,2023,"(1.0, 0.75)",1,-0.037452021866395895,-4.399999999999636,T,15844.4
2023-12-04,2023,"(1.0, 1.0)",1,-0.037452021866395895,-4.399999999999636,T,15844.4
2023-12-11,2023,"(0.5, 0.5)",-1,-1.0266129338858685,-93.93928571428562,SL,16096.1
2023-12-11,2023,"(0.5, 0.75)",-1,-1.0266129338858685,-93.93928571428562,SL,16096.1
2023-12-11,2023,"(0.5, 1.0)",-1,-1.0266129338858685,-93.93928571428562,SL,16096.1
2023-12-11,2023,"(0.75, 0.5)",-1,-0.8998720044608305,-124.29999999999927,T,16096.1
2023-12-11,2023,"(0.75, 0.75)",-1,-0.8998720044608305,-124.29999999999927,T,16096.1
2023-12-11,2023,"(0.75, 1.0)",-1,-0.8998720044608305,-124.29999999999927,T,16096.1
2023-12-11,2023,"(1.0, 0.5)",-1,-0.6749040033456228,-124.29999999999927,T,16096.1
2023-12-11,2023,"(1.0, 0.75)",-1,-0.6749040033456228,-124.29999999999927,T,16096.1
2023-12-11,2023,"(1.0, 1.0)",-1,-0.6749040033456228,-124.29999999999927,T,16096.1
2023-12-15,2023,"(0.5, 0.5)",-1,0.9747064137308039,98.83928571428558,TP,16656.1
2023-12-15,2023,"(0.5, 0.75)",-1,0.4694489611562568,48.89999999999782,T,16656.1
2023-12-15,2023,"(0.5, 1.0)",-1,0.4694489611562568,48.89999999999782,T,16656.1
2023-12-15,2023,"(0.75, 0.5)",-1,0.6498042758205359,98.83928571428558,TP,16656.1
2023-12-15,2023,"(0.75, 0.75)",-1,0.31296597410417115,48.89999999999782,T,16656.1
2023-12-15,2023,"(0.75, 1.0)",-1,0.31296597410417115,48.89999999999782,T,16656.1
2023-12-15,2023,"(1.0, 0.5)",-1,0.48735320686540196,98.83928571428558,TP,16656.1
2023-12-15,2023,"(1.0, 0.75)",-1,0.2347244805781284,48.89999999999782,T,16656.1
2023-12-15,2023,"(1.0, 1.0)",-1,0.2347244805781284,48.89999999999782,T,16656.1
2023-12-19,2023,"(0.5, 0.5)",-1,-0.48125618899418643,-46.099999999998545,T,16763.9
2023-12-19,2023,"(0.5, 0.75)",-1,-0.48125618899418643,-46.099999999998545,T,16763.9
2023-12-19,2023,"(0.5, 1.0)",-1,-0.48125618899418643,-46.099999999998545,T,16763.9
2023-12-19,2023,"(0.75, 0.5)",-1,-0.3208374593294576,-46.099999999998545,T,16763.9
2023-12-19,2023,"(0.75, 0.75)",-1,-0.3208374593294576,-46.099999999998545,T,16763.9
2023-12-19,2023,"(0.75, 1.0)",-1,-0.3208374593294576,-46.099999999998545,T,16763.9
2023-12-19,2023,"(1.0, 0.5)",-1,-0.24062809449709321,-46.099999999998545,T,16763.9
2023-12-19,2023,"(1.0, 0.75)",-1,-0.24062809449709321,-46.099999999998545,T,16763.9
2023-12-19,2023,"(1.0, 1.0)",-1,-0.24062809449709321,-46.099999999998545,T,16763.9
2023-12-20,2023,"(0.5, 0.5)",-1,0.9742968348388044,97.26428571428558,TP,16816.2
2023-12-20,2023,"(0.5, 0.75)",-1,1.4742968348388046,145.89642857142837,TP,16816.2
2023-12-20,2023,"(0.5, 1.0)",-1,1.9742968348388044,194.52857142857115,TP,16816.2
2023-12-20,2023,"(0.75, 0.5)",-1,0.6495312232258695,97.26428571428558,TP,16816.2
2023-12-20,2023,"(0.75, 0.75)",-1,0.9828645565592029,145.89642857142837,TP,16816.2
2023-12-20,2023,"(0.75, 1.0)",-1,1.3161978898925362,194.52857142857115,TP,16816.2
2023-12-20,2023,"(1.0, 0.5)",-1,0.4871484174194022,97.26428571428558,TP,16816.2
2023-12-20,2023,"(1.0, 0.75)",-1,0.7371484174194023,145.89642857142837,TP,16816.2
2023-12-20,2023,"(1.0, 1.0)",-1,0.9871484174194022,194.52857142857115,TP,16816.2
2023-12-27,2023,"(0.5, 0.5)",-1,-0.12384272274072479,-9.299999999999272,T,16908.8
2023-12-27,2023,"(0.5, 0.75)",-1,-0.12384272274072479,-9.299999999999272,T,16908.8
2023-12-27,2023,"(0.5, 1.0)",-1,-0.12384272274072479,-9.299999999999272,T,16908.8
2023-12-27,2023,"(0.75, 0.5)",-1,-0.08256181516048319,-9.299999999999272,T,16908.8
2023-12-27,2023,"(0.75, 0.75)",-1,-0.08256181516048319,-9.299999999999272,T,16908.8
2023-12-27,2023,"(0.75, 1.0)",-1,-0.08256181516048319,-9.299999999999272,T,16908.8
2023-12-27,2023,"(1.0, 0.5)",-1,-0.061921361370362395,-9.299999999999272,T,16908.8
2023-12-27,2023,"(1.0, 0.75)",-1,-0.061921361370362395,-9.299999999999272,T,16908.8
2023-12-27,2023,"(1.0, 1.0)",-1,-0.061921361370362395,-9.299999999999272,T,16908.8
2023-12-29,2023,"(0.5, 0.5)",1,-1.03003003003003,-83.25,SL,16903.7
2023-12-29,2023,"(0.5, 0.75)",1,-1.03003003003003,-83.25,SL,16903.7
2023-12-29,2023,"(0.5, 1.0)",1,-1.03003003003003,-83.25,SL,16903.7
2023-12-29,2023,"(0.75, 0.5)",1,-1.02002002002002,-124.875,SL,16903.7
2023-12-29,2023,"(0.75, 0.75)",1,-1.02002002002002,-124.875,SL,16903.7
2023-12-29,2023,"(0.75, 1.0)",1,-1.02002002002002,-124.875,SL,16903.7
2023-12-29,2023,"(1.0, 0.5)",1,-0.43843843843843844,-70.5,T,16903.7
2023-12-29,2023,"(1.0, 0.75)",1,-0.43843843843843844,-70.5,T,16903.7
2023-12-29,2023,"(1.0, 1.0)",1,-0.43843843843843844,-70.5,T,16903.7
2024-01-05,2024,"(0.5, 0.5)",1,0.31793665598767185,30.5,T,16275.2
2024-01-05,2024,"(0.5, 0.75)",1,0.31793665598767185,30.5,T,16275.2
2024-01-05,2024,"(0.5, 1.0)",1,0.31793665598767185,30.5,T,16275.2
2024-01-05,2024,"(0.75, 0.5)",1,0.2119577706584479,30.5,T,16275.2
2024-01-05,2024,"(0.75, 0.75)",1,0.2119577706584479,30.5,T,16275.2
2024-01-05,2024,"(0.75, 1.0)",1,0.2119577706584479,30.5,T,16275.2
2024-01-05,2024,"(1.0, 0.5)",1,0.15896832799383592,30.5,T,16275.2
2024-01-05,2024,"(1.0, 0.75)",1,0.15896832799383592,30.5,T,16275.2
2024-01-05,2024,"(1.0, 1.0)",1,0.15896832799383592,30.5,T,16275.2
2024-01-10,2024,"(0.5, 0.5)",-1,-1.0262536098713573,-95.22500000000004,SL,16702.9
2024-01-10,2024,"(0.5, 0.75)",-1,-1.0262536098713573,-95.22500000000004,SL,16702.9
2024-01-10,2024,"(0.5, 1.0)",-1,-1.0262536098713573,-95.22500000000004,SL,16702.9
2024-01-10,2024,"(0.75, 0.5)",-1,-0.6363875032816857,-88.39999999999782,T,16702.9
2024-01-10,2024,"(0.75, 0.75)",-1,-0.6363875032816857,-88.39999999999782,T,16702.9
2024-01-10,2024,"(0.75, 1.0)",-1,-0.6363875032816857,-88.39999999999782,T,16702.9
2024-01-10,2024,"(1.0, 0.5)",-1,-0.47729062746126427,-88.39999999999782,T,16702.9
2024-01-10,2024,"(1.0, 0.75)",-1,-0.47729062746126427,-88.39999999999782,T,16702.9
2024-01-10,2024,"(1.0, 1.0)",-1,-0.47729062746126427,-88.39999999999782,T,16702.9
2024-01-12,2024,"(0.5, 0.5)",-1,0.9744049142564627,97.67499999999986,TP,16888.1
2024-01-12,2024,"(0.5, 0.75)",-1,0.5579728692091127,57.0,T,16888.1
2024-01-12,2024,"(0.5, 1.0)",-1,0.5579728692091127,57.0,T,16888.1
2024-01-12,2024,"(0.75, 0.5)",-1,0.6496032761709751,97.67499999999986,TP,16888.1
2024-01-12,2024,"(0.75, 0.75)",-1,0.3719819128060751,57.0,T,16888.1
2024-01-12,2024,"(0.75, 1.0)",-1,0.3719819128060751,57.0,T,16888.1
2024-01-12,2024,"(1.0, 0.5)",-1,0.48720245712823135,97.67499999999986,TP,16888.1
2024-01-12,2024,"(1.0, 0.75)",-1,0.27898643460455635,57.0,T,16888.1
2024-01-12,2024,"(1.0, 1.0)",-1,0.27898643460455635,57.0,T,16888.1
2024-01-16,2024,"(0.5, 0.5)",1,0.9735419737687568,94.48928571428554,TP,16787.7
2024-01-16,2024,"(0.5, 0.75)",1,0.42438674074912547,42.599999999998545,T,16787.7
2024-01-16,2024,"(0.5, 1.0)",1,0.42438674074912547,42.599999999998545,T,16787.7
2024-01-16,2024,"(0.75, 0.5)",1,0.6490279825125045,94.48928571428554,TP,16787.7
2024-01-16,2024,"(0.75, 0.75)",1,0.2829244938327503,42.599999999998545,T,16787.7
2024-01-16,2024,"(0.75, 1.0)",1,0.2829244938327503,42.599999999998545,T,16787.7
2024-01-16,2024,"(1.0, 0.5)",1,0.4867709868843784,94.48928571428554,TP,16787.7
2024-01-16,2024,"(1.0, 0.75)",1,0.21219337037456273,42.599999999998545,T,16787.7
2024-01-16,2024,"(1.0, 1.0)",1,0.21219337037456273,42.599999999998545,T,16787.7
2024-01-26,2024,"(0.5, 0.5)",1,-0.34167120392017447,-35.599999999998545,T,17451.1
2024-01-26,2024,"(0.5, 0.75)",1,-0.34167120392017447,-35.599999999998545,T,17451.1
2024-01-26,2024,"(0.5, 1.0)",1,-0.34167120392017447,-35.599999999998545,T,17451.1
2024-01-26,2024,"(0.75, 0.5)",1,-0.22778080261344966,-35.599999999998545,T,17451.1
2024-01-26,2024,"(0.75, 0.75)",1,-0.22778080261344966,-35.599999999998545,T,17451.1
2024-01-26,2024,"(0.75, 1.0)",1,-0.22778080261344966,-35.599999999998545,T,17451.1
2024-01-26,2024,"(1.0, 0.5)",1,-0.17083560196008724,-35.599999999998545,T,17451.1
2024-01-26,2024,"(1.0, 0.75)",1,-0.17083560196008724,-35.599999999998545,T,17451.1
2024-01-26,2024,"(1.0, 1.0)",1,-0.17083560196008724,-35.599999999998545,T,17451.1
2024-01-29,2024,"(0.5, 0.5)",-1,-0.7520623579084202,-80.20000000000073,T,17515.3
2024-01-29,2024,"(0.5, 0.75)",-1,-0.7520623579084202,-80.20000000000073,T,17515.3
2024-01-29,2024,"(0.5, 1.0)",-1,-0.7520623579084202,-80.20000000000073,T,17515.3
2024-01-29,2024,"(0.75, 0.5)",-1,-0.5013749052722801,-80.20000000000073,T,17515.3
2024-01-29,2024,"(0.75, 0.75)",-1,-0.5013749052722801,-80.20000000000073,T,17515.3
2024-01-29,2024,"(0.75, 1.0)",-1,-0.5013749052722801,-80.20000000000073,T,17515.3
2024-01-29,2024,"(1.0, 0.5)",-1,-0.3760311789542101,-80.20000000000073,T,17515.3
2024-01-29,2024,"(1.0, 0.75)",-1,-0.3760311789542101,-80.20000000000073,T,17515.3
2024-01-29,2024,"(1.0, 1.0)",-1,-0.3760311789542101,-80.20000000000073,T,17515.3
2024-02-06,2024,"(0.5, 0.5)",-1,0.9781188459254165,114.25357142857163,TP,17638.8
2024-02-06,2024,"(0.5, 0.75)",-1,0.5330249132568334,63.39999999999782,T,17638.8
2024-02-06,2024,"(0.5, 1.0)",-1,0.5330249132568334,63.39999999999782,T,17638.8
2024-02-06,2024,"(0.75, 0.5)",-1,0.6520792306169443,114.25357142857163,TP,17638.8
2024-02-06,2024,"(0.75, 0.75)",-1,0.35534994217122223,63.39999999999782,T,17638.8
2024-02-06,2024,"(0.75, 1.0)",-1,0.35534994217122223,63.39999999999782,T,17638.8
2024-02-06,2024,"(1.0, 0.5)",-1,0.48905942296270827,114.25357142857163,TP,17638.8
2024-02-06,2024,"(1.0, 0.75)",-1,0.2665124566284167,63.39999999999782,T,17638.8
2024-02-06,2024,"(1.0, 1.0)",-1,0.2665124566284167,63.39999999999782,T,17638.8
2024-02-07,2024,"(0.5, 0.5)",-1,-1.0223406631985446,-111.90357142857167,SL,17665.2
2024-02-07,2024,"(0.5, 0.75)",-1,-1.0223406631985446,-111.90357142857167,SL,17665.2
2024-02-07,2024,"(0.5, 1.0)",-1,-1.0223406631985446,-111.90357142857167,SL,17665.2
2024-02-07,2024,"(0.75, 0.5)",-1,-0.5337929126905507,-87.09999999999854,T,17665.2
2024-02-07,2024,"(0.75, 0.75)",-1,-0.5337929126905507,-87.09999999999854,T,17665.2
2024-02-07,2024,"(0.75, 1.0)",-1,-0.5337929126905507,-87.09999999999854,T,17665.2
2024-02-07,2024,"(1.0, 0.5)",-1,-0.40034468451791305,-87.09999999999854,T,17665.2
2024-02-07,2024,"(1.0, 0.75)",-1,-0.40034468451791305,-87.09999999999854,T,17665.2
2024-02-07,2024,"(1.0, 1.0)",-1,-0.40034468451791305,-87.09999999999854,T,17665.2
2024-02-14,2024,"(0.5, 0.5)",-1,-0.73510297778781,-78.69999999999709,T,17717.4
2024-02-14,2024,"(0.5, 0.75)",-1,-0.73510297778781,-78.69999999999709,T,17717.4
2024-02-14,2024,"(0.5, 1.0)",-1,-0.73510297778781,-78.69999999999709,T,17717.4
2024-02-14,2024,"(0.75, 0.5)",-1,-0.49006865185854004,-78.69999999999709,T,17717.4
2024-02-14,2024,"(0.75, 0.75)",-1,-0.49006865185854004,-78.69999999999709,T,17717.4
2024-02-14,2024,"(0.75, 1.0)",-1,-0.49006865185854004,-78.69999999999709,T,17717.4
2024-02-14,2024,"(1.0, 0.5)",-1,-0.367551488893905,-78.69999999999709,T,17717.4
2024-02-14,2024,"(1.0, 0.75)",-1,-0.367551488893905,-78.69999999999709,T,17717.4
2024-02-14,2024,"(1.0, 1.0)",-1,-0.367551488893905,-78.69999999999709,T,17717.4
2024-02-15,2024,"(0.5, 0.5)",-1,-0.36168215222248706,-37.400000000001455,T,17809.1
2024-02-15,2024,"(0.5, 0.75)",-1,-0.36168215222248706,-37.400000000001455,T,17809.1
2024-02-15,2024,"(0.5, 1.0)",-1,-0.36168215222248706,-37.400000000001455,T,17809.1
2024-02-15,2024,"(0.75, 0.5)",-1,-0.24112143481499135,-37.400000000001455,T,17809.1
2024-02-15,2024,"(0.75, 0.75)",-1,-0.24112143481499135,-37.400000000001455,T,17809.1
2024-02-15,2024,"(0.75, 1.0)",-1,-0.24112143481499135,-37.400000000001455,T,17809.1
2024-02-15,2024,"(1.0, 0.5)",-1,-0.18084107611124353,-37.400000000001455,T,17809.1
2024-02-15,2024,"(1.0, 0.75)",-1,-0.18084107611124353,-37.400000000001455,T,17809.1
2024-02-15,2024,"(1.0, 1.0)",-1,-0.18084107611124353,-37.400000000001455,T,17809.1
2024-02-21,2024,"(0.5, 0.5)",1,0.6149504616422999,74.10000000000218,T,17404.3
2024-02-21,2024,"(0.5, 0.75)",1,0.6149504616422999,74.10000000000218,T,17404.3
2024-02-21,2024,"(0.5, 1.0)",1,0.6149504616422999,74.10000000000218,T,17404.3
2024-02-21,2024,"(0.75, 0.5)",1,0.40996697442819996,74.10000000000218,T,17404.3
2024-02-21,2024,"(0.75, 0.75)",1,0.40996697442819996,74.10000000000218,T,17404.3
2024-02-21,2024,"(0.75, 1.0)",1,0.40996697442819996,74.10000000000218,T,17404.3
2024-02-21,2024,"(1.0, 0.5)",1,0.30747523082114997,74.10000000000218,T,17404.3
2024-02-21,2024,"(1.0, 0.75)",1,0.30747523082114997,74.10000000000218,T,17404.3
2024-02-21,2024,"(1.0, 1.0)",1,0.30747523082114997,74.10000000000218,T,17404.3
2024-02-28,2024,"(0.5, 0.5)",1,-0.08319898846215944,-6.900000000001455,T,17882.9
2024-02-28,2024,"(0.5, 0.75)",1,-0.08319898846215944,-6.900000000001455,T,17882.9
2024-02-28,2024,"(0.5, 1.0)",1,-0.08319898846215944,-6.900000000001455,T,17882.9
2024-02-28,2024,"(0.75, 0.5)",1,-0.05546599230810629,-6.900000000001455,T,17882.9
2024-02-28,2024,"(0.75, 0.75)",1,-0.05546599230810629,-6.900000000001455,T,17882.9
2024-02-28,2024,"(0.75, 1.0)",1,-0.05546599230810629,-6.900000000001455,T,17882.9
2024-02-28,2024,"(1.0, 0.5)",1,-0.04159949423107972,-6.900000000001455,T,17882.9
2024-02-28,2024,"(1.0, 0.75)",1,-0.04159949423107972,-6.900000000001455,T,17882.9
2024-02-28,2024,"(1.0, 1.0)",1,-0.04159949423107972,-6.900000000001455,T,17882.9
2024-03-08,2024,"(0.5, 0.5)",-1,0.9796936644233001,123.11428571428574,TP,18337.8
2024-03-08,2024,"(0.5, 0.75)",-1,1.4796936644233,184.6714285714286,TP,18337.8
2024-03-08,2024,"(0.5, 1.0)",-1,1.9796936644233,246.22857142857148,TP,18337.8
2024-03-08,2024,"(0.75, 0.5)",-1,0.6531291096155334,123.11428571428574,TP,18337.8
2024-03-08,2024,"(0.75, 0.75)",-1,0.9864624429488668,184.6714285714286,TP,18337.8
2024-03-08,2024,"(0.75, 1.0)",-1,1.3197957762822001,246.22857142857148,TP,18337.8
2024-03-08,2024,"(1.0, 0.5)",-1,0.48984683221165004,123.11428571428574,TP,18337.8
2024-03-08,2024,"(1.0, 0.75)",-1,0.73984683221165,184.6714285714286,TP,18337.8
2024-03-08,2024,"(1.0, 1.0)",-1,0.98984683221165,246.22857142857148,TP,18337.8
2024-03-12,2024,"(0.5, 0.5)",-1,-1.0198988003866052,-125.63571428571426,SL,18000.9
2024-03-12,2024,"(0.5, 0.75)",-1,-1.0198988003866052,-125.63571428571426,SL,18000.9
2024-03-12,2024,"(0.5, 1.0)",-1,-1.0198988003866052,-125.63571428571426,SL,18000.9
2024-03-12,2024,"(0.75, 0.5)",-1,-1.0132658669244035,-188.4535714285714,SL,18000.9
2024-03-12,2024,"(0.75, 0.75)",-1,-1.0132658669244035,-188.4535714285714,SL,18000.9
2024-03-12,2024,"(0.75, 1.0)",-1,-1.0132658669244035,-188.4535714285714,SL,18000.9
2024-03-12,2024,"(1.0, 0.5)",-1,-0.8524646085621581,-211.6999999999971,T,18000.9
2024-03-12,2024,"(1.0, 0.75)",-1,-0.8524646085621581,-211.6999999999971,T,18000.9
2024-03-12,2024,"(1.0, 1.0)",-1,-0.8524646085621581,-211.6999999999971,T,18000.9
2024-04-01,2024,"(0.5, 0.5)",1,0.48323400342425155,52.80000000000291,T,18238.42
2024-04-01,2024,"(0.5, 0.75)",1,0.48323400342425155,52.80000000000291,T,18238.42
2024-04-01,2024,"(0.5, 1.0)",1,0.48323400342425155,52.80000000000291,T,18238.42
2024-04-01,2024,"(0.75, 0.5)",1,0.32215600228283436,52.80000000000291,T,18238.42
2024-04-01,2024,"(0.75, 0.75)",1,0.32215600228283436,52.80000000000291,T,18238.42
2024-04-01,2024,"(0.75, 1.0)",1,0.32215600228283436,52.80000000000291,T,18238.42
2024-04-01,2024,"(1.0, 0.5)",1,0.24161700171212577,52.80000000000291,T,18238.42
2024-04-01,2024,"(1.0, 0.75)",1,0.24161700171212577,52.80000000000291,T,18238.42
2024-04-01,2024,"(1.0, 1.0)",1,0.24161700171212577,52.80000000000291,T,18238.42
2024-04-09,2024,"(0.5, 0.5)",-1,0.9774336226127996,110.78428571428556,TP,18170.18
2024-04-09,2024,"(0.5, 0.75)",-1,1.4774336226127998,166.17642857142835,TP,18170.18
2024-04-09,2024,"(0.5, 1.0)",-1,-0.09974338805141912,-8.549999999999272,T,18170.18
2024-04-09,2024,"(0.75, 0.5)",-1,0.6516224150751997,110.78428571428556,TP,18170.18
2024-04-09,2024,"(0.75, 0.75)",-1,0.9849557484085331,166.17642857142835,TP,18170.18
2024-04-09,2024,"(0.75, 1.0)",-1,-0.06649559203427942,-8.549999999999272,T,18170.18
2024-04-09,2024,"(1.0, 0.5)",-1,0.4887168113063998,110.78428571428556,TP,18170.18
2024-04-09,2024,"(1.0, 0.75)",-1,0.7387168113063999,166.17642857142835,TP,18170.18
2024-04-09,2024,"(1.0, 1.0)",-1,-0.04987169402570956,-8.549999999999272,T,18170.18
2024-04-09,2024,"(0.5, 0.5)",1,0.9774336226127996,110.78428571428556,TP,18057.93
2024-04-09,2024,"(0.5, 0.75)",1,1.0678409779623155,120.79999999999927,T,18057.93
2024-04-09,2024,"(0.5, 1.0)",1,1.0678409779623155,120.79999999999927,T,18057.93
2024-04-09,2024,"(0.75, 0.5)",1,0.6516224150751997,110.78428571428556,TP,18057.93
2024-04-09,2024,"(0.75, 0.75)",1,0.7118939853082104,120.79999999999927,T,18057.93
2024-04-09,2024,"(0.75, 1.0)",1,0.7118939853082104,120.79999999999927,T,18057.93
2024-04-09,2024,"(1.0, 0.5)",1,0.4887168113063998,110.78428571428556,TP,18057.93
2024-04-09,2024,"(1.0, 0.75)",1,0.5339204889811577,120.79999999999927,T,18057.93
2024-04-09,2024,"(1.0, 1.0)",1,0.5339204889811577,120.79999999999927,T,18057.93
2024-04-12,2024,"(0.5, 0.5)",1,0.028596010175748372,5.80000000000291,T,17999.67
2024-04-12,2024,"(0.5, 0.75)",1,0.028596010175748372,5.80000000000291,T,17999.67
2024-04-12,2024,"(0.5, 1.0)",1,0.028596010175748372,5.80000000000291,T,17999.67
2024-04-12,2024,"(0.75, 0.5)",1,0.019064006783832247,5.80000000000291,T,17999.67
2024-04-12,2024,"(0.75, 0.75)",1,0.019064006783832247,5.80000000000291,T,17999.67
2024-04-12,2024,"(0.75, 1.0)",1,0.019064006783832247,5.80000000000291,T,17999.67
2024-04-12,2024,"(1.0, 0.5)",1,0.014298005087874186,5.80000000000291,T,17999.67
2024-04-12,2024,"(1.0, 0.75)",1,0.014298005087874186,5.80000000000291,T,17999.67
2024-04-12,2024,"(1.0, 1.0)",1,0.014298005087874186,5.80000000000291,T,17999.67
2024-04-15,2024,"(0.5, 0.5)",-1,0.979809400743014,123.81999999999984,TP,18104.49
2024-04-15,2024,"(0.5, 0.75)",-1,1.479809400743014,185.72999999999976,TP,18104.49
2024-04-15,2024,"(0.5, 1.0)",-1,1.979809400743014,247.63999999999967,TP,18104.49
2024-04-15,2024,"(0.75, 0.5)",-1,0.6532062671620094,123.81999999999984,TP,18104.49
2024-04-15,2024,"(0.75, 0.75)",-1,0.9865396004953427,185.72999999999976,TP,18104.49
2024-04-15,2024,"(0.75, 1.0)",-1,1.3198729338286759,247.63999999999967,TP,18104.49
2024-04-15,2024,"(1.0, 0.5)",-1,0.489904700371507,123.81999999999984,TP,18104.49
2024-04-15,2024,"(1.0, 0.75)",-1,0.739904700371507,185.72999999999976,TP,18104.49
2024-04-15,2024,"(1.0, 1.0)",-1,0.989904700371507,247.63999999999967,TP,18104.49
2024-04-15,2024,"(0.5, 0.5)",1,-1.020190599256986,-123.81999999999984,SL,17949.99
2024-04-15,2024,"(0.5, 0.75)",1,-1.020190599256986,-123.81999999999984,SL,17949.99
2024-04-15,2024,"(0.5, 1.0)",1,-1.020190599256986,-123.81999999999984,SL,17949.99
2024-04-15,2024,"(0.75, 0.5)",1,-1.0134603995046574,-185.72999999999976,SL,17949.99
2024-04-15,2024,"(0.75, 0.75)",1,-1.0134603995046574,-185.72999999999976,SL,17949.99
2024-04-15,2024,"(0.75, 1.0)",1,-1.0134603995046574,-185.72999999999976,SL,17949.99
2024-04-15,2024,"(1.0, 0.5)",1,-1.010095299628493,-247.63999999999967,SL,17949.99
2024-04-15,2024,"(1.0, 0.75)",1,-1.010095299628493,-247.63999999999967,SL,17949.99
2024-04-15,2024,"(1.0, 1.0)",1,-1.010095299628493,-247.63999999999967,SL,17949.99
2024-04-16,2024,"(0.5, 0.5)",1,0.08862644766599863,14.549999999999272,T,17700.18
2024-04-16,2024,"(0.5, 0.75)",1,0.08862644766599863,14.549999999999272,T,17700.18
2024-04-16,2024,"(0.5, 1.0)",1,0.08862644766599863,14.549999999999272,T,17700.18
2024-04-16,2024,"(0.75, 0.5)",1,0.05908429844399909,14.549999999999272,T,17700.18
2024-04-16,2024,"(0.75, 0.75)",1,0.05908429844399909,14.549999999999272,T,17700.18
2024-04-16,2024,"(0.75, 1.0)",1,0.05908429844399909,14.549999999999272,T,17700.18
2024-04-16,2024,"(1.0, 0.5)",1,0.044313223832999314,14.549999999999272,T,17700.18
2024-04-16,2024,"(1.0, 0.75)",1,0.044313223832999314,14.549999999999272,T,17700.18
2024-04-16,2024,"(1.0, 1.0)",1,0.044313223832999314,14.549999999999272,T,17700.18
2024-04-17,2024,"(0.5, 0.5)",1,-1.0183975231677382,-135.88785714285692,SL,17672.61
2024-04-17,2024,"(0.5, 0.75)",1,-1.0183975231677382,-135.88785714285692,SL,17672.61
2024-04-17,2024,"(0.5, 1.0)",1,-1.0183975231677382,-135.88785714285692,SL,17672.61
2024-04-17,2024,"(0.75, 0.5)",1,-1.0122650154451587,-203.8317857142854,SL,17672.61
2024-04-17,2024,"(0.75, 0.75)",1,-1.0122650154451587,-203.8317857142854,SL,17672.61
2024-04-17,2024,"(0.75, 1.0)",1,-1.0122650154451587,-203.8317857142854,SL,17672.61
2024-04-17,2024,"(1.0, 0.5)",1,-0.6612069826485112,-177.20000000000073,T,17672.61
2024-04-17,2024,"(1.0, 0.75)",1,-0.6612069826485112,-177.20000000000073,T,17672.61
2024-04-17,2024,"(1.0, 1.0)",1,-0.6612069826485112,-177.20000000000073,T,17672.61
2024-04-23,2024,"(0.5, 0.5)",-1,-1.0161463318993853,-154.83392857142826,SL,17285.28
2024-04-23,2024,"(0.5, 0.75)",-1,-1.0161463318993853,-154.83392857142826,SL,17285.28
2024-04-23,2024,"(0.5, 1.0)",-1,-1.0161463318993853,-154.83392857142826,SL,17285.28
2024-04-23,2024,"(0.75, 0.5)",-1,-0.7844103321146726,-179.6800000000003,T,17285.28
2024-04-23,2024,"(0.75, 0.75)",-1,-0.7844103321146726,-179.6800000000003,T,17285.28
2024-04-23,2024,"(0.75, 1.0)",-1,-0.7844103321146726,-179.6800000000003,T,17285.28
2024-04-23,2024,"(1.0, 0.5)",-1,-0.5883077490860044,-179.6800000000003,T,17285.28
2024-04-23,2024,"(1.0, 0.75)",-1,-0.5883077490860044,-179.6800000000003,T,17285.28
2024-04-23,2024,"(1.0, 1.0)",-1,-0.5883077490860044,-179.6800000000003,T,17285.28
2024-04-30,2024,"(0.5, 0.5)",1,-1.0163217720781115,-153.16964285714246,SL,17674.67
2024-04-30,2024,"(0.5, 0.75)",1,-1.0163217720781115,-153.16964285714246,SL,17674.67
2024-04-30,2024,"(0.5, 1.0)",1,-1.0163217720781115,-153.16964285714246,SL,17674.67
2024-04-30,2024,"(0.75, 0.5)",1,-1.0108811813854075,-229.7544642857137,SL,17674.67
2024-04-30,2024,"(0.75, 0.75)",1,-1.0108811813854075,-229.7544642857137,SL,17674.67
2024-04-30,2024,"(0.75, 1.0)",1,-1.0108811813854075,-229.7544642857137,SL,17674.67
2024-04-30,2024,"(1.0, 0.5)",1,-0.763695715534822,-231.4499999999971,T,17674.67
2024-04-30,2024,"(1.0, 0.75)",1,-0.763695715534822,-231.4499999999971,T,17674.67
2024-04-30,2024,"(1.0, 1.0)",1,-0.763695715534822,-231.4499999999971,T,17674.67
2024-05-02,2024,"(0.5, 0.5)",1,0.9841639349454447,157.86749999999964,TP,17285.73
2024-05-02,2024,"(0.5, 0.75)",1,1.4841639349454447,236.80124999999947,TP,17285.73
2024-05-02,2024,"(0.5, 1.0)",1,1.545916670625682,246.54999999999927,T,17285.73
2024-05-02,2024,"(0.75, 0.5)",1,0.6561092899636298,157.86749999999964,TP,17285.73
2024-05-02,2024,"(0.75, 0.75)",1,0.9894426232969632,236.80124999999947,TP,17285.73
2024-05-02,2024,"(0.75, 1.0)",1,1.0306111137504546,246.54999999999927,T,17285.73
2024-05-02,2024,"(1.0, 0.5)",1,0.49208196747272237,157.86749999999964,TP,17285.73
2024-05-02,2024,"(1.0, 0.75)",1,0.7420819674727224,236.80124999999947,TP,17285.73
2024-05-02,2024,"(1.0, 1.0)",1,0.772958335312841,246.54999999999927,T,17285.73
2024-05-17,2024,"(0.5, 0.5)",1,-0.0447103566624898,-2.319999999999709,T,18555.87
2024-05-17,2024,"(0.5, 0.75)",1,-0.0447103566624898,-2.319999999999709,T,18555.87
2024-05-17,2024,"(0.5, 1.0)",1,-0.0447103566624898,-2.319999999999709,T,18555.87
2024-05-17,2024,"(0.75, 0.5)",1,-0.029806904441659867,-2.319999999999709,T,18555.87
2024-05-17,2024,"(0.75, 0.75)",1,-0.029806904441659867,-2.319999999999709,T,18555.87
2024-05-17,2024,"(0.75, 1.0)",1,-0.029806904441659867,-2.319999999999709,T,18555.87
2024-05-17,2024,"(1.0, 0.5)",1,-0.0223551783312449,-2.319999999999709,T,18555.87
2024-05-17,2024,"(1.0, 0.75)",1,-0.0223551783312449,-2.319999999999709,T,18555.87
2024-05-17,2024,"(1.0, 1.0)",1,-0.0223551783312449,-2.319999999999709,T,18555.87
2024-05-23,2024,"(0.5, 0.5)",1,-1.0290114553803815,-86.17285714285728,SL,18638.79
2024-05-23,2024,"(0.5, 0.75)",1,-1.0290114553803815,-86.17285714285728,SL,18638.79
2024-05-23,2024,"(0.5, 1.0)",1,-1.0290114553803815,-86.17285714285728,SL,18638.79
2024-05-23,2024,"(0.75, 0.5)",1,-0.11658736868862453,-12.569999999999709,T,18638.79
2024-05-23,2024,"(0.75, 0.75)",1,-0.11658736868862453,-12.569999999999709,T,18638.79
2024-05-23,2024,"(0.75, 1.0)",1,-0.11658736868862453,-12.569999999999709,T,18638.79
2024-05-23,2024,"(1.0, 0.5)",1,-0.08744052651646839,-12.569999999999709,T,18638.79
2024-05-23,2024,"(1.0, 0.75)",1,-0.08744052651646839,-12.569999999999709,T,18638.79
2024-05-23,2024,"(1.0, 1.0)",1,-0.08744052651646839,-12.569999999999709,T,18638.79
2024-05-28,2024,"(0.5, 0.5)",-1,0.9708428094202717,85.74214285714281,TP,18856.88
2024-05-28,2024,"(0.5, 0.75)",-1,-0.404468547721994,-32.18000000000029,T,18856.88
2024-05-28,2024,"(0.5, 1.0)",-1,-0.404468547721994,-32.18000000000029,T,18856.88
2024-05-28,2024,"(0.75, 0.5)",-1,0.6472285396135146,85.74214285714281,TP,18856.88
2024-05-28,2024,"(0.75, 0.75)",-1,-0.26964569848132935,-32.18000000000029,T,18856.88
2024-05-28,2024,"(0.75, 1.0)",-1,-0.26964569848132935,-32.18000000000029,T,18856.88
2024-05-28,2024,"(1.0, 0.5)",-1,0.48542140471013584,85.74214285714281,TP,18856.88
2024-05-28,2024,"(1.0, 0.75)",-1,-0.202234273860997,-32.18000000000029,T,18856.88
2024-05-28,2024,"(1.0, 1.0)",-1,-0.202234273860997,-32.18000000000029,T,18856.88
2024-06-07,2024,"(0.5, 0.5)",-1,0.5704963397956688,65.81999999999971,T,19074.43
2024-06-07,2024,"(0.5, 0.75)",-1,0.5704963397956688,65.81999999999971,T,19074.43
2024-06-07,2024,"(0.5, 1.0)",-1,0.5704963397956688,65.81999999999971,T,19074.43
2024-06-07,2024,"(0.75, 0.5)",-1,0.38033089319711255,65.81999999999971,T,19074.43
2024-06-07,2024,"(0.75, 0.75)",-1,0.38033089319711255,65.81999999999971,T,19074.43
2024-06-07,2024,"(0.75, 1.0)",-1,0.38033089319711255,65.81999999999971,T,19074.43
2024-06-07,2024,"(1.0, 0.5)",-1,0.2852481698978344,65.81999999999971,T,19074.43
2024-06-07,2024,"(1.0, 0.75)",-1,0.2852481698978344,65.81999999999971,T,19074.43
2024-06-07,2024,"(1.0, 1.0)",-1,0.2852481698978344,65.81999999999971,T,19074.43
2024-06-10,2024,"(0.5, 0.5)",1,0.9776892430278885,112.05357142857156,TP,18987.45
2024-06-10,2024,"(0.5, 0.75)",1,0.8873434262948223,101.93000000000029,T,18987.45
2024-06-10,2024,"(0.5, 1.0)",1,0.8873434262948223,101.93000000000029,T,18987.45
2024-06-10,2024,"(0.75, 0.5)",1,0.651792828685259,112.05357142857156,TP,18987.45
2024-06-10,2024,"(0.75, 0.75)",1,0.5915622841965482,101.93000000000029,T,18987.45
2024-06-10,2024,"(0.75, 1.0)",1,0.5915622841965482,101.93000000000029,T,18987.45
2024-06-10,2024,"(1.0, 0.5)",1,0.48884462151394426,112.05357142857156,TP,18987.45
2024-06-10,2024,"(1.0, 0.75)",1,0.44367171314741116,101.93000000000029,T,18987.45
2024-06-10,2024,"(1.0, 1.0)",1,0.44367171314741116,101.93000000000029,T,18987.45
2024-06-14,2024,"(0.5, 0.5)",-1,-0.3554074861773959,-38.79999999999927,T,19630.65
2024-06-14,2024,"(0.5, 0.75)",-1,-0.3554074861773959,-38.79999999999927,T,19630.65
2024-06-14,2024,"(0.5, 1.0)",-1,-0.3554074861773959,-38.79999999999927,T,19630.65
2024-06-14,2024,"(0.75, 0.5)",-1,-0.23693832411826396,-38.79999999999927,T,19630.65
2024-06-14,2024,"(0.75, 0.75)",-1,-0.23693832411826396,-38.79999999999927,T,19630.65
2024-06-14,2024,"(0.75, 1.0)",-1,-0.23693832411826396,-38.79999999999927,T,19630.65
2024-06-14,2024,"(1.0, 0.5)",-1,-0.17770374308869796,-38.79999999999927,T,19630.65
2024-06-14,2024,"(1.0, 0.75)",-1,-0.17770374308869796,-38.79999999999927,T,19630.65
2024-06-14,2024,"(1.0, 1.0)",-1,-0.17770374308869796,-38.79999999999927,T,19630.65
2024-06-17,2024,"(0.5, 0.5)",-1,-1.0221914360078241,-112.65607142857152,SL,19664.33
2024-06-17,2024,"(0.5, 0.75)",-1,-1.0221914360078241,-112.65607142857152,SL,19664.33
2024-06-17,2024,"(0.5, 1.0)",-1,-1.0221914360078241,-112.65607142857152,SL,19664.33
2024-06-17,2024,"(0.75, 0.5)",-1,-1.0147942906718828,-168.98410714285728,SL,19664.33
2024-06-17,2024,"(0.75, 0.75)",-1,-1.0147942906718828,-168.98410714285728,SL,19664.33
2024-06-17,2024,"(0.75, 1.0)",-1,-1.0147942906718828,-168.98410714285728,SL,19664.33
2024-06-17,2024,"(1.0, 0.5)",-1,-1.011095718003912,-225.31214285714304,SL,19664.33
2024-06-17,2024,"(1.0, 0.75)",-1,-1.011095718003912,-225.31214285714304,SL,19664.33
2024-06-17,2024,"(1.0, 1.0)",-1,-1.011095718003912,-225.31214285714304,SL,19664.33
2024-06-20,2024,"(0.5, 0.5)",-1,0.9788529859583827,118.22,TP,19929.81
2024-06-20,2024,"(0.5, 0.75)",-1,1.4788529859583825,177.32999999999998,TP,19929.81
2024-06-20,2024,"(0.5, 1.0)",-1,1.9788529859583828,236.44,TP,19929.81
2024-06-20,2024,"(0.75, 0.5)",-1,0.6525686573055886,118.22,TP,19929.81
2024-06-20,2024,"(0.75, 0.75)",-1,0.9859019906389218,177.32999999999998,TP,19929.81
2024-06-20,2024,"(0.75, 1.0)",-1,1.3192353239722552,236.44,TP,19929.81
2024-06-20,2024,"(1.0, 0.5)",-1,0.48942649297919133,118.22,TP,19929.81
2024-06-20,2024,"(1.0, 0.75)",-1,0.7394264929791913,177.32999999999998,TP,19929.81
2024-06-20,2024,"(1.0, 1.0)",-1,0.9894264929791914,236.44,TP,19929.81
2024-06-20,2024,"(0.5, 0.5)",1,-1.0211470140416172,-118.22,SL,19851.18
2024-06-20,2024,"(0.5, 0.75)",1,-1.0211470140416172,-118.22,SL,19851.18
2024-06-20,2024,"(0.5, 1.0)",1,-1.0211470140416172,-118.22,SL,19851.18
2024-06-20,2024,"(0.75, 0.5)",1,-0.5001973721310592,-86.20000000000073,T,19851.18
2024-06-20,2024,"(0.75, 0.75)",1,-0.5001973721310592,-86.20000000000073,T,19851.18
2024-06-20,2024,"(0.75, 1.0)",1,-0.5001973721310592,-86.20000000000073,T,19851.18
2024-06-20,2024,"(1.0, 0.5)",1,-0.3751480290982944,-86.20000000000073,T,19851.18
2024-06-20,2024,"(1.0, 0.75)",1,-0.3751480290982944,-86.20000000000073,T,19851.18
2024-06-20,2024,"(1.0, 1.0)",1,-0.3751480290982944,-86.20000000000073,T,19851.18
2024-06-21,2024,"(0.5, 0.5)",1,0.1329150913015848,18.419999999998254,T,19688.68
2024-06-21,2024,"(0.5, 0.75)",1,0.1329150913015848,18.419999999998254,T,19688.68
2024-06-21,2024,"(0.5, 1.0)",1,0.1329150913015848,18.419999999998254,T,19688.68
2024-06-21,2024,"(0.75, 0.5)",1,0.0886100608677232,18.419999999998254,T,19688.68
2024-06-21,2024,"(0.75, 0.75)",1,0.0886100608677232,18.419999999998254,T,19688.68
2024-06-21,2024,"(0.75, 1.0)",1,0.0886100608677232,18.419999999998254,T,19688.68
2024-06-21,2024,"(1.0, 0.5)",1,0.0664575456507924,18.419999999998254,T,19688.68
2024-06-21,2024,"(1.0, 0.75)",1,0.0664575456507924,18.419999999998254,T,19688.68
2024-06-21,2024,"(1.0, 1.0)",1,0.0664575456507924,18.419999999998254,T,19688.68
2024-07-02,2024,"(0.5, 0.5)",-1,-1.0217199062941185,-115.10178571428592,SL,19833.82
2024-07-02,2024,"(0.5, 0.75)",-1,-1.0217199062941185,-115.10178571428592,SL,19833.82
2024-07-02,2024,"(0.5, 1.0)",-1,-1.0217199062941185,-115.10178571428592,SL,19833.82
2024-07-02,2024,"(0.75, 0.5)",-1,-1.0144799375294125,-172.65267857142888,SL,19833.82
2024-07-02,2024,"(0.75, 0.75)",-1,-1.0144799375294125,-172.65267857142888,SL,19833.82
2024-07-02,2024,"(0.75, 1.0)",-1,-1.0144799375294125,-172.65267857142888,SL,19833.82
2024-07-02,2024,"(1.0, 0.5)",-1,-0.8201436616659121,-186.29999999999927,T,19833.82
2024-07-02,2024,"(1.0, 0.75)",-1,-0.8201436616659121,-186.29999999999927,T,19833.82
2024-07-02,2024,"(1.0, 1.0)",-1,-0.8201436616659121,-186.29999999999927,T,19833.82
2024-07-08,2024,"(0.5, 0.5)",-1,-0.36710106027666917,-40.68000000000029,T,20404.57
2024-07-08,2024,"(0.5, 0.75)",-1,-0.36710106027666917,-40.68000000000029,T,20404.57
2024-07-08,2024,"(0.5, 1.0)",-1,-0.36710106027666917,-40.68000000000029,T,20404.57
2024-07-08,2024,"(0.75, 0.5)",-1,-0.2447340401844461,-40.68000000000029,T,20404.57
2024-07-08,2024,"(0.75, 0.75)",-1,-0.2447340401844461,-40.68000000000029,T,20404.57
2024-07-08,2024,"(0.75, 1.0)",-1,-0.2447340401844461,-40.68000000000029,T,20404.57
2024-07-08,2024,"(1.0, 0.5)",-1,-0.18355053013833458,-40.68000000000029,T,20404.57
2024-07-08,2024,"(1.0, 0.75)",-1,-0.18355053013833458,-40.68000000000029,T,20404.57
2024-07-08,2024,"(1.0, 1.0)",-1,-0.18355053013833458,-40.68000000000029,T,20404.57
2024-07-15,2024,"(0.5, 0.5)",-1,0.9803263023285227,127.07321428571478,TP,20531.3
2024-07-15,2024,"(0.5, 0.75)",-1,1.4803263023285227,190.60982142857216,TP,20531.3
2024-07-15,2024,"(0.5, 1.0)",-1,1.0364103933334288,134.20000000000073,T,20531.3
2024-07-15,2024,"(0.75, 0.5)",-1,0.6535508682190152,127.07321428571478,TP,20531.3
2024-07-15,2024,"(0.75, 0.75)",-1,0.9868842015523485,190.60982142857216,TP,20531.3
2024-07-15,2024,"(0.75, 1.0)",-1,0.6909402622222859,134.20000000000073,T,20531.3
2024-07-15,2024,"(1.0, 0.5)",-1,0.49016315116426135,127.07321428571478,TP,20531.3
2024-07-15,2024,"(1.0, 0.75)",-1,0.7401631511642613,190.60982142857216,TP,20531.3
2024-07-15,2024,"(1.0, 1.0)",-1,0.5182051966667144,134.20000000000073,T,20531.3
2024-07-16,2024,"(0.5, 0.5)",1,0.7195114348213746,97.29999999999927,T,20310.05
2024-07-16,2024,"(0.5, 0.75)",1,0.7195114348213746,97.29999999999927,T,20310.05
2024-07-16,2024,"(0.5, 1.0)",1,0.7195114348213746,97.29999999999927,T,20310.05
2024-07-16,2024,"(0.75, 0.5)",1,0.47967428988091637,97.29999999999927,T,20310.05
2024-07-16,2024,"(0.75, 0.75)",1,0.47967428988091637,97.29999999999927,T,20310.05
2024-07-16,2024,"(0.75, 1.0)",1,0.47967428988091637,97.29999999999927,T,20310.05
2024-07-16,2024,"(1.0, 0.5)",1,0.3597557174106873,97.29999999999927,T,20310.05
2024-07-16,2024,"(1.0, 0.75)",1,0.3597557174106873,97.29999999999927,T,20310.05
2024-07-16,2024,"(1.0, 1.0)",1,0.3597557174106873,97.29999999999927,T,20310.05
2024-07-22,2024,"(0.5, 0.5)",-1,-0.3015908953353792,-45.55000000000291,T,19777.6
2024-07-22,2024,"(0.5, 0.75)",-1,-0.3015908953353792,-45.55000000000291,T,19777.6
2024-07-22,2024,"(0.5, 1.0)",-1,-0.3015908953353792,-45.55000000000291,T,19777.6
2024-07-22,2024,"(0.75, 0.5)",-1,-0.2010605968902528,-45.55000000000291,T,19777.6
2024-07-22,2024,"(0.75, 0.75)",-1,-0.2010605968902528,-45.55000000000291,T,19777.6
2024-07-22,2024,"(0.75, 1.0)",-1,-0.2010605968902528,-45.55000000000291,T,19777.6
2024-07-22,2024,"(1.0, 0.5)",-1,-0.1507954476676896,-45.55000000000291,T,19777.6
2024-07-22,2024,"(1.0, 0.75)",-1,-0.1507954476676896,-45.55000000000291,T,19777.6
2024-07-22,2024,"(1.0, 1.0)",-1,-0.1507954476676896,-45.55000000000291,T,19777.6
2024-07-23,2024,"(0.5, 0.5)",-1,0.5967824442877108,97.08000000000175,T,19851.72
2024-07-23,2024,"(0.5, 0.75)",-1,0.5967824442877108,97.08000000000175,T,19851.72
2024-07-23,2024,"(0.5, 1.0)",-1,0.5967824442877108,97.08000000000175,T,19851.72
2024-07-23,2024,"(0.75, 0.5)",-1,0.3978549628584739,97.08000000000175,T,19851.72
2024-07-23,2024,"(0.75, 0.75)",-1,0.3978549628584739,97.08000000000175,T,19851.72
2024-07-23,2024,"(0.75, 1.0)",-1,0.3978549628584739,97.08000000000175,T,19851.72
2024-07-23,2024,"(1.0, 0.5)",-1,0.2983912221438554,97.08000000000175,T,19851.72
2024-07-23,2024,"(1.0, 0.75)",-1,0.2983912221438554,97.08000000000175,T,19851.72
2024-07-23,2024,"(1.0, 1.0)",-1,0.2983912221438554,97.08000000000175,T,19851.72
2024-07-29,2024,"(0.5, 0.5)",-1,0.25794452037773746,49.95000000000073,T,19108.2
2024-07-29,2024,"(0.5, 0.75)",-1,0.25794452037773746,49.95000000000073,T,19108.2
2024-07-29,2024,"(0.5, 1.0)",-1,0.25794452037773746,49.95000000000073,T,19108.2
2024-07-29,2024,"(0.75, 0.5)",-1,0.17196301358515834,49.95000000000073,T,19108.2
2024-07-29,2024,"(0.75, 0.75)",-1,0.17196301358515834,49.95000000000073,T,19108.2
2024-07-29,2024,"(0.75, 1.0)",-1,0.17196301358515834,49.95000000000073,T,19108.2
2024-07-29,2024,"(1.0, 0.5)",-1,0.12897226018886873,49.95000000000073,T,19108.2
2024-07-29,2024,"(1.0, 0.75)",-1,0.12897226018886873,49.95000000000073,T,19108.2
2024-07-29,2024,"(1.0, 1.0)",-1,0.12897226018886873,49.95000000000073,T,19108.2
2024-07-30,2024,"(0.5, 0.5)",1,-1.013311856870915,-187.80250000000004,SL,18989.96
2024-07-30,2024,"(0.5, 0.75)",1,-1.013311856870915,-187.80250000000004,SL,18989.96
2024-07-30,2024,"(0.5, 1.0)",1,-1.013311856870915,-187.80250000000004,SL,18989.96
2024-07-30,2024,"(0.75, 0.5)",1,-1.0088745712472766,-281.70375000000007,SL,18989.96
2024-07-30,2024,"(0.75, 0.75)",1,-1.0088745712472766,-281.70375000000007,SL,18989.96
2024-07-30,2024,"(0.75, 1.0)",1,-1.0088745712472766,-281.70375000000007,SL,18989.96
2024-07-30,2024,"(1.0, 0.5)",1,-0.5253657432675233,-194.8299999999981,T,18989.96
2024-07-30,2024,"(1.0, 0.75)",1,-0.5253657432675233,-194.8299999999981,T,18989.96
2024-07-30,2024,"(1.0, 1.0)",1,-0.5253657432675233,-194.8299999999981,T,18989.96
2024-07-31,2024,"(0.5, 0.5)",-1,-1.0126499927714327,-197.62857142857152,SL,19165.65
2024-07-31,2024,"(0.5, 0.75)",-1,-1.0126499927714327,-197.62857142857152,SL,19165.65
2024-07-31,2024,"(0.5, 1.0)",-1,-1.0126499927714327,-197.62857142857152,SL,19165.65
2024-07-31,2024,"(0.75, 0.5)",-1,-0.6343549708447758,-185.54999999999927,T,19165.65
2024-07-31,2024,"(0.75, 0.75)",-1,-0.6343549708447758,-185.54999999999927,T,19165.65
2024-07-31,2024,"(0.75, 1.0)",-1,-0.6343549708447758,-185.54999999999927,T,19165.65
2024-07-31,2024,"(1.0, 0.5)",-1,-0.4757662281335819,-185.54999999999927,T,19165.65
2024-07-31,2024,"(1.0, 0.75)",-1,-0.4757662281335819,-185.54999999999927,T,19165.65
2024-07-31,2024,"(1.0, 1.0)",-1,-0.4757662281335819,-185.54999999999927,T,19165.65
2024-08-12,2024,"(0.5, 0.5)",-1,0.07849754333224697,23.799999999999272,T,18573.1
2024-08-12,2024,"(0.5, 0.75)",-1,0.07849754333224697,23.799999999999272,T,18573.1
2024-08-12,2024,"(0.5, 1.0)",-1,0.07849754333224697,23.799999999999272,T,18573.1
2024-08-12,2024,"(0.75, 0.5)",-1,0.05233169555483131,23.799999999999272,T,18573.1
2024-08-12,2024,"(0.75, 0.75)",-1,0.05233169555483131,23.799999999999272,T,18573.1
2024-08-12,2024,"(0.75, 1.0)",-1,0.05233169555483131,23.799999999999272,T,18573.1
2024-08-12,2024,"(1.0, 0.5)",-1,0.039248771666123485,23.799999999999272,T,18573.1
2024-08-12,2024,"(1.0, 0.75)",-1,0.039248771666123485,23.799999999999272,T,18573.1
2024-08-12,2024,"(1.0, 1.0)",-1,0.039248771666123485,23.799999999999272,T,18573.1
2024-08-19,2024,"(0.5, 0.5)",-1,-0.7815717321646796,-200.29999999999927,T,19564.3
2024-08-19,2024,"(0.5, 0.75)",-1,-0.7815717321646796,-200.29999999999927,T,19564.3
2024-08-19,2024,"(0.5, 1.0)",-1,-0.7815717321646796,-200.29999999999927,T,19564.3
2024-08-19,2024,"(0.75, 0.5)",-1,-0.5210478214431197,-200.29999999999927,T,19564.3
2024-08-19,2024,"(0.75, 0.75)",-1,-0.5210478214431197,-200.29999999999927,T,19564.3
2024-08-19,2024,"(0.75, 1.0)",-1,-0.5210478214431197,-200.29999999999927,T,19564.3
2024-08-19,2024,"(1.0, 0.5)",-1,-0.3907858660823398,-200.29999999999927,T,19564.3
2024-08-19,2024,"(1.0, 0.75)",-1,-0.3907858660823398,-200.29999999999927,T,19564.3
2024-08-19,2024,"(1.0, 1.0)",-1,-0.3907858660823398,-200.29999999999927,T,19564.3
2024-08-27,2024,"(0.5, 0.5)",1,0.9858422830329875,176.58214285714297,TP,19444.8
2024-08-27,2024,"(0.5, 0.75)",1,0.750358999251663,135.0,T,19444.8
2024-08-27,2024,"(0.5, 1.0)",1,0.750358999251663,135.0,T,19444.8
2024-08-27,2024,"(0.75, 0.5)",1,0.6572281886886584,176.58214285714297,TP,19444.8
2024-08-27,2024,"(0.75, 0.75)",1,0.5002393328344421,135.0,T,19444.8
2024-08-27,2024,"(0.75, 1.0)",1,0.5002393328344421,135.0,T,19444.8
2024-08-27,2024,"(1.0, 0.5)",1,0.49292114151649374,176.58214285714297,TP,19444.8
2024-08-27,2024,"(1.0, 0.75)",1,0.3751794996258315,135.0,T,19444.8
2024-08-27,2024,"(1.0, 1.0)",1,0.3751794996258315,135.0,T,19444.8
2024-08-29,2024,"(0.5, 0.5)",-1,0.9840386720175118,156.62857142857163,TP,19583.36
2024-08-29,2024,"(0.5, 0.75)",-1,1.484038672017512,234.94285714285746,TP,19583.36
2024-08-29,2024,"(0.5, 1.0)",-1,1.5949835826340713,252.3199999999997,T,19583.36
2024-08-29,2024,"(0.75, 0.5)",-1,0.6560257813450079,156.62857142857163,TP,19583.36
2024-08-29,2024,"(0.75, 0.75)",-1,0.9893591146783413,234.94285714285746,TP,19583.36
2024-08-29,2024,"(0.75, 1.0)",-1,1.063322388422714,252.3199999999997,T,19583.36
2024-08-29,2024,"(1.0, 0.5)",-1,0.4920193360087559,156.62857142857163,TP,19583.36
2024-08-29,2024,"(1.0, 0.75)",-1,0.742019336008756,234.94285714285746,TP,19583.36
2024-08-29,2024,"(1.0, 1.0)",-1,0.7974917913170356,252.3199999999997,T,19583.36
2024-09-04,2024,"(0.5, 0.5)",1,0.9851794137822983,168.68428571428598,TP,18877.92
2024-09-04,2024,"(0.5, 0.75)",1,0.19812159655824735,35.92000000000189,T,18877.92
2024-09-04,2024,"(0.5, 1.0)",1,0.19812159655824735,35.92000000000189,T,18877.92
2024-09-04,2024,"(0.75, 0.5)",1,0.6567862758548656,168.68428571428598,TP,18877.92
2024-09-04,2024,"(0.75, 0.75)",1,0.13208106437216488,35.92000000000189,T,18877.92
2024-09-04,2024,"(0.75, 1.0)",1,0.13208106437216488,35.92000000000189,T,18877.92
2024-09-04,2024,"(1.0, 0.5)",1,0.49258970689114917,168.68428571428598,TP,18877.92
2024-09-04,2024,"(1.0, 0.75)",1,0.09906079827912367,35.92000000000189,T,18877.92
2024-09-04,2024,"(1.0, 1.0)",1,0.09906079827912367,35.92000000000189,T,18877.92
2024-09-05,2024,"(0.5, 0.5)",-1,0.9851719733349715,168.599642857143,TP,19040.53
2024-09-05,2024,"(0.5, 0.75)",-1,0.6235481773177634,107.62999999999738,T,19040.53
2024-09-05,2024,"(0.5, 1.0)",-1,0.6235481773177634,107.62999999999738,T,19040.53
2024-09-05,2024,"(0.75, 0.5)",-1,0.6567813155566476,168.599642857143,TP,19040.53
2024-09-05,2024,"(0.75, 0.75)",-1,0.41569878487850886,107.62999999999738,T,19040.53
2024-09-05,2024,"(0.75, 1.0)",-1,0.41569878487850886,107.62999999999738,T,19040.53
2024-09-05,2024,"(1.0, 0.5)",-1,0.49258598666748576,168.599642857143,TP,19040.53
2024-09-05,2024,"(1.0, 0.75)",-1,0.3117740886588817,107.62999999999738,T,19040.53
2024-09-05,2024,"(1.0, 1.0)",-1,0.3117740886588817,107.62999999999738,T,19040.53
2024-09-11,2024,"(0.5, 0.5)",-1,0.985809880782727,176.17892857142866,TP,18823.26
2024-09-11,2024,"(0.5, 0.75)",-1,1.4858098807827271,264.268392857143,TP,18823.26
2024-09-11,2024,"(0.5, 1.0)",-1,-1.014190119217273,-176.17892857142866,SL,18823.26
2024-09-11,2024,"(0.75, 0.5)",-1,0.6572065871884846,176.17892857142866,TP,18823.26
2024-09-11,2024,"(0.75, 0.75)",-1,0.9905399205218179,264.268392857143,TP,18823.26
2024-09-11,2024,"(0.75, 1.0)",-1,-1.009460079478182,-264.268392857143,SL,18823.26
2024-09-11,2024,"(1.0, 0.5)",-1,0.4929049403913635,176.17892857142866,TP,18823.26
2024-09-11,2024,"(1.0, 0.75)",-1,0.7429049403913636,264.268392857143,TP,18823.26
2024-09-11,2024,"(1.0, 1.0)",-1,-1.0070950596086365,-352.3578571428573,SL,18823.26
2024-09-11,2024,"(0.5, 0.5)",1,0.985809880782727,176.17892857142866,TP,18562.64
2024-09-11,2024,"(0.5, 0.75)",1,1.4858098807827271,264.268392857143,TP,18562.64
2024-09-11,2024,"(0.5, 1.0)",1,1.985809880782727,352.3578571428573,TP,18562.64
2024-09-11,2024,"(0.75, 0.5)",1,0.6572065871884846,176.17892857142866,TP,18562.64
2024-09-11,2024,"(0.75, 0.75)",1,0.9905399205218179,264.268392857143,TP,18562.64
2024-09-11,2024,"(0.75, 1.0)",1,1.3238732538551512,352.3578571428573,TP,18562.64
2024-09-11,2024,"(1.0, 0.5)",1,0.4929049403913635,176.17892857142866,TP,18562.64
2024-09-11,2024,"(1.0, 0.75)",1,0.7429049403913636,264.268392857143,TP,18562.64
2024-09-11,2024,"(1.0, 1.0)",1,0.9929049403913635,352.3578571428573,TP,18562.64
2024-09-13,2024,"(0.5, 0.5)",-1,-0.31371984755514687,-56.68000000000029,T,19451.16
2024-09-13,2024,"(0.5, 0.75)",-1,-0.31371984755514687,-56.68000000000029,T,19451.16
2024-09-13,2024,"(0.5, 1.0)",-1,-0.31371984755514687,-56.68000000000029,T,19451.16
2024-09-13,2024,"(0.75, 0.5)",-1,-0.2091465650367646,-56.68000000000029,T,19451.16
2024-09-13,2024,"(0.75, 0.75)",-1,-0.2091465650367646,-56.68000000000029,T,19451.16
2024-09-13,2024,"(0.75, 1.0)",-1,-0.2091465650367646,-56.68000000000029,T,19451.16
2024-09-13,2024,"(1.0, 0.5)",-1,-0.15685992377757343,-56.68000000000029,T,19451.16
2024-09-13,2024,"(1.0, 0.75)",-1,-0.15685992377757343,-56.68000000000029,T,19451.16
2024-09-13,2024,"(1.0, 1.0)",-1,-0.15685992377757343,-56.68000000000029,T,19451.16
2024-09-18,2024,"(0.5, 0.5)",-1,0.9862211505339304,181.43750000000014,TP,19561.01
2024-09-18,2024,"(0.5, 0.75)",-1,1.1719187047881348,215.12999999999738,T,19561.01
2024-09-18,2024,"(0.5, 1.0)",-1,1.1719187047881348,215.12999999999738,T,19561.01
2024-09-18,2024,"(0.75, 0.5)",-1,0.6574807670226203,181.43750000000014,TP,19561.01
2024-09-18,2024,"(0.75, 0.75)",-1,0.7812791365254231,215.12999999999738,T,19561.01
2024-09-18,2024,"(0.75, 1.0)",-1,0.7812791365254231,215.12999999999738,T,19561.01
2024-09-18,2024,"(1.0, 0.5)",-1,0.4931105752669652,181.43750000000014,TP,19561.01
2024-09-18,2024,"(1.0, 0.75)",-1,0.5859593523940674,215.12999999999738,T,19561.01
2024-09-18,2024,"(1.0, 1.0)",-1,0.5859593523940674,215.12999999999738,T,19561.01
2024-09-23,2024,"(0.5, 0.5)",-1,-0.1362772335136772,-23.13000000000102,T,19825.26
2024-09-23,2024,"(0.5, 0.75)",-1,-0.1362772335136772,-23.13000000000102,T,19825.26
2024-09-23,2024,"(0.5, 1.0)",-1,-0.1362772335136772,-23.13000000000102,T,19825.26
2024-09-23,2024,"(0.75, 0.5)",-1,-0.09085148900911816,-23.13000000000102,T,19825.26
2024-09-23,2024,"(0.75, 0.75)",-1,-0.09085148900911816,-23.13000000000102,T,19825.26
2024-09-23,2024,"(0.75, 1.0)",-1,-0.09085148900911816,-23.13000000000102,T,19825.26
2024-09-23,2024,"(1.0, 0.5)",-1,-0.0681386167568386,-23.13000000000102,T,19825.26
2024-09-23,2024,"(1.0, 0.75)",-1,-0.0681386167568386,-23.13000000000102,T,19825.26
2024-09-23,2024,"(1.0, 1.0)",-1,-0.0681386167568386,-23.13000000000102,T,19825.26
2024-09-24,2024,"(0.5, 0.5)",-1,-0.3087175500126181,-49.12000000000262,T,19895.87
2024-09-24,2024,"(0.5, 0.75)",-1,-0.3087175500126181,-49.12000000000262,T,19895.87
2024-09-24,2024,"(0.5, 1.0)",-1,-0.3087175500126181,-49.12000000000262,T,19895.87
2024-09-24,2024,"(0.75, 0.5)",-1,-0.20581170000841206,-49.12000000000262,T,19895.87
2024-09-24,2024,"(0.75, 0.75)",-1,-0.20581170000841206,-49.12000000000262,T,19895.87
2024-09-24,2024,"(0.75, 1.0)",-1,-0.20581170000841206,-49.12000000000262,T,19895.87
2024-09-24,2024,"(1.0, 0.5)",-1,-0.15435877500630904,-49.12000000000262,T,19895.87
2024-09-24,2024,"(1.0, 0.75)",-1,-0.15435877500630904,-49.12000000000262,T,19895.87
2024-09-24,2024,"(1.0, 1.0)",-1,-0.15435877500630904,-49.12000000000262,T,19895.87
2024-09-27,2024,"(0.5, 0.5)",1,0.13414474545216606,23.0,T,19984.69
2024-09-27,2024,"(0.5, 0.75)",1,0.13414474545216606,23.0,T,19984.69
2024-09-27,2024,"(0.5, 1.0)",1,0.13414474545216606,23.0,T,19984.69
2024-09-27,2024,"(0.75, 0.5)",1,0.08942983030144405,23.0,T,19984.69
2024-09-27,2024,"(0.75, 0.75)",1,0.08942983030144405,23.0,T,19984.69
2024-09-27,2024,"(0.75, 1.0)",1,0.08942983030144405,23.0,T,19984.69
2024-09-27,2024,"(1.0, 0.5)",1,0.06707237272608303,23.0,T,19984.69
2024-09-27,2024,"(1.0, 0.75)",1,0.06707237272608303,23.0,T,19984.69
2024-09-27,2024,"(1.0, 1.0)",1,0.06707237272608303,23.0,T,19984.69
2024-09-30,2024,"(0.5, 0.5)",1,0.5426369484573281,84.04999999999927,T,19980.13
2024-09-30,2024,"(0.5, 0.75)",1,0.5426369484573281,84.04999999999927,T,19980.13
2024-09-30,2024,"(0.5, 1.0)",1,0.5426369484573281,84.04999999999927,T,19980.13
2024-09-30,2024,"(0.75, 0.5)",1,0.36175796563821877,84.04999999999927,T,19980.13
2024-09-30,2024,"(0.75, 0.75)",1,0.36175796563821877,84.04999999999927,T,19980.13
2024-09-30,2024,"(0.75, 1.0)",1,0.36175796563821877,84.04999999999927,T,19980.13
2024-09-30,2024,"(1.0, 0.5)",1,0.27131847422866406,84.04999999999927,T,19980.13
2024-09-30,2024,"(1.0, 0.75)",1,0.27131847422866406,84.04999999999927,T,19980.13
2024-09-30,2024,"(1.0, 1.0)",1,0.27131847422866406,84.04999999999927,T,19980.13
2024-10-21,2024,"(0.5, 0.5)",1,0.5695781176799355,76.75,T,20295.44
2024-10-21,2024,"(0.5, 0.75)",1,0.5695781176799355,76.75,T,20295.44
2024-10-21,2024,"(0.5, 1.0)",1,0.5695781176799355,76.75,T,20295.44
2024-10-21,2024,"(0.75, 0.5)",1,0.379718745119957,76.75,T,20295.44
2024-10-21,2024,"(0.75, 0.75)",1,0.379718745119957,76.75,T,20295.44
2024-10-21,2024,"(0.75, 1.0)",1,0.379718745119957,76.75,T,20295.44
2024-10-21,2024,"(1.0, 0.5)",1,0.28478905883996775,76.75,T,20295.44
2024-10-21,2024,"(1.0, 0.75)",1,0.28478905883996775,76.75,T,20295.44
2024-10-21,2024,"(1.0, 1.0)",1,0.28478905883996775,76.75,T,20295.44
2024-10-22,2024,"(0.5, 0.5)",-1,-0.06570822614190054,-5.5,T,20390.2
2024-10-22,2024,"(0.5, 0.75)",-1,-0.06570822614190054,-5.5,T,20390.2
2024-10-22,2024,"(0.5, 1.0)",-1,-0.06570822614190054,-5.5,T,20390.2
2024-10-22,2024,"(0.75, 0.5)",-1,-0.043805484094600354,-5.5,T,20390.2
2024-10-22,2024,"(0.75, 0.75)",-1,-0.043805484094600354,-5.5,T,20390.2
2024-10-22,2024,"(0.75, 1.0)",-1,-0.043805484094600354,-5.5,T,20390.2
2024-10-22,2024,"(1.0, 0.5)",-1,-0.03285411307095027,-5.5,T,20390.2
2024-10-22,2024,"(1.0, 0.75)",-1,-0.03285411307095027,-5.5,T,20390.2
2024-10-22,2024,"(1.0, 1.0)",-1,-0.03285411307095027,-5.5,T,20390.2
2024-10-23,2024,"(0.5, 0.5)",1,-1.020674948460307,-120.91928571428564,SL,20230.47
2024-10-23,2024,"(0.5, 0.75)",1,-1.020674948460307,-120.91928571428564,SL,20230.47
2024-10-23,2024,"(0.5, 1.0)",1,-1.020674948460307,-120.91928571428564,SL,20230.47
2024-10-23,2024,"(0.75, 0.5)",1,-1.013783298973538,-181.37892857142845,SL,20230.47
2024-10-23,2024,"(0.75, 0.75)",1,-1.013783298973538,-181.37892857142845,SL,20230.47
2024-10-23,2024,"(0.75, 1.0)",1,-1.013783298973538,-181.37892857142845,SL,20230.47
2024-10-23,2024,"(1.0, 0.5)",1,-1.0103374742301536,-241.83857142857127,SL,20230.47
2024-10-23,2024,"(1.0, 0.75)",1,-1.0103374742301536,-241.83857142857127,SL,20230.47
2024-10-23,2024,"(1.0, 1.0)",1,-1.0103374742301536,-241.83857142857127,SL,20230.47
2024-10-29,2024,"(0.5, 0.5)",-1,-1.0205285816509673,-121.78142857142835,SL,20496.52
2024-10-29,2024,"(0.5, 0.75)",-1,-1.0205285816509673,-121.78142857142835,SL,20496.52
2024-10-29,2024,"(0.5, 1.0)",-1,-1.0205285816509673,-121.78142857142835,SL,20496.52
2024-10-29,2024,"(0.75, 0.5)",-1,-0.41221391955141795,-72.79999999999927,T,20496.52
2024-10-29,2024,"(0.75, 0.75)",-1,-0.41221391955141795,-72.79999999999927,T,20496.52
2024-10-29,2024,"(0.75, 1.0)",-1,-0.41221391955141795,-72.79999999999927,T,20496.52
2024-10-29,2024,"(1.0, 0.5)",-1,-0.30916043966356344,-72.79999999999927,T,20496.52
2024-10-29,2024,"(1.0, 0.75)",-1,-0.30916043966356344,-72.79999999999927,T,20496.52
2024-10-29,2024,"(1.0, 1.0)",-1,-0.30916043966356344,-72.79999999999927,T,20496.52
2024-11-19,2024,"(0.5, 0.5)",-1,-0.3167694596265848,-44.87999999999738,T,20646.49
2024-11-19,2024,"(0.5, 0.75)",-1,-0.3167694596265848,-44.87999999999738,T,20646.49
2024-11-19,2024,"(0.5, 1.0)",-1,-0.3167694596265848,-44.87999999999738,T,20646.49
2024-11-19,2024,"(0.75, 0.5)",-1,-0.21117963975105655,-44.87999999999738,T,20646.49
2024-11-19,2024,"(0.75, 0.75)",-1,-0.21117963975105655,-44.87999999999738,T,20646.49
2024-11-19,2024,"(0.75, 1.0)",-1,-0.21117963975105655,-44.87999999999738,T,20646.49
2024-11-19,2024,"(1.0, 0.5)",-1,-0.1583847298132924,-44.87999999999738,T,20646.49
2024-11-19,2024,"(1.0, 0.75)",-1,-0.1583847298132924,-44.87999999999738,T,20646.49
2024-11-19,2024,"(1.0, 1.0)",-1,-0.1583847298132924,-44.87999999999738,T,20646.49
2024-11-20,2024,"(0.5, 0.5)",1,0.9836768958119578,153.15714285714304,TP,20438.74
2024-11-20,2024,"(0.5, 0.75)",1,1.4836768958119577,229.73571428571455,TP,20438.74
2024-11-20,2024,"(0.5, 1.0)",1,1.569825575972367,242.92999999999665,T,20438.74
2024-11-20,2024,"(0.75, 0.5)",1,0.655784597207972,153.15714285714304,TP,20438.74
2024-11-20,2024,"(0.75, 0.75)",1,0.9891179305413053,229.73571428571455,TP,20438.74
2024-11-20,2024,"(0.75, 1.0)",1,1.046550383981578,242.92999999999665,T,20438.74
2024-11-20,2024,"(1.0, 0.5)",1,0.4918384479059789,153.15714285714304,TP,20438.74
2024-11-20,2024,"(1.0, 0.75)",1,0.7418384479059789,229.73571428571455,TP,20438.74
2024-11-20,2024,"(1.0, 1.0)",1,0.7849127879861835,242.92999999999665,T,20438.74
2024-12-03,2024,"(0.5, 0.5)",-1,-0.30857481552920857,-41.38000000000102,T,21198.43
2024-12-03,2024,"(0.5, 0.75)",-1,-0.30857481552920857,-41.38000000000102,T,21198.43
2024-12-03,2024,"(0.5, 1.0)",-1,-0.30857481552920857,-41.38000000000102,T,21198.43
2024-12-03,2024,"(0.75, 0.5)",-1,-0.20571654368613904,-41.38000000000102,T,21198.43
2024-12-03,2024,"(0.75, 0.75)",-1,-0.20571654368613904,-41.38000000000102,T,21198.43
2024-12-03,2024,"(0.75, 1.0)",-1,-0.20571654368613904,-41.38000000000102,T,21198.43
2024-12-03,2024,"(1.0, 0.5)",-1,-0.15428740776460428,-41.38000000000102,T,21198.43
2024-12-03,2024,"(1.0, 0.75)",-1,-0.15428740776460428,-41.38000000000102,T,21198.43
2024-12-03,2024,"(1.0, 1.0)",-1,-0.15428740776460428,-41.38000000000102,T,21198.43
2024-12-05,2024,"(0.5, 0.5)",-1,0.4411313919464938,65.81999999999971,T,21506.1
2024-12-05,2024,"(0.5, 0.75)",-1,0.4411313919464938,65.81999999999971,T,21506.1
2024-12-05,2024,"(0.5, 1.0)",-1,0.4411313919464938,65.81999999999971,T,21506.1
2024-12-05,2024,"(0.75, 0.5)",-1,0.2940875946309959,65.81999999999971,T,21506.1
2024-12-05,2024,"(0.75, 0.75)",-1,0.2940875946309959,65.81999999999971,T,21506.1
2024-12-05,2024,"(0.75, 1.0)",-1,0.2940875946309959,65.81999999999971,T,21506.1
2024-12-05,2024,"(1.0, 0.5)",-1,0.2205656959732469,65.81999999999971,T,21506.1
2024-12-05,2024,"(1.0, 0.75)",-1,0.2205656959732469,65.81999999999971,T,21506.1
2024-12-05,2024,"(1.0, 1.0)",-1,0.2205656959732469,65.81999999999971,T,21506.1
2025-01-02,2025,"(0.5, 0.5)",1,0.9870451937668875,192.97857142857134,TP,20923.02
2025-01-02,2025,"(0.5, 0.75)",1,-0.046015471740020845,-6.380000000001019,T,20923.02
2025-01-02,2025,"(0.5, 1.0)",1,-0.046015471740020845,-6.380000000001019,T,20923.02
2025-01-02,2025,"(0.75, 0.5)",1,0.6580301291779249,192.97857142857134,TP,20923.02
2025-01-02,2025,"(0.75, 0.75)",1,-0.030676981160013893,-6.380000000001019,T,20923.02
2025-01-02,2025,"(0.75, 1.0)",1,-0.030676981160013893,-6.380000000001019,T,20923.02
2025-01-02,2025,"(1.0, 0.5)",1,0.49352259688344374,192.97857142857134,TP,20923.02
2025-01-02,2025,"(1.0, 0.75)",1,-0.023007735870010423,-6.380000000001019,T,20923.02
2025-01-02,2025,"(1.0, 1.0)",1,-0.023007735870010423,-6.380000000001019,T,20923.02
2025-01-10,2025,"(0.5, 0.5)",1,-1.0116969422521962,-213.73107142857134,SL,20929.81
2025-01-10,2025,"(0.5, 0.75)",1,-1.0116969422521962,-213.73107142857134,SL,20929.81
2025-01-10,2025,"(0.5, 1.0)",1,-1.0116969422521962,-213.73107142857134,SL,20929.81
2025-01-10,2025,"(0.75, 0.5)",1,-0.4460433978837448,-140.5,T,20929.81
2025-01-10,2025,"(0.75, 0.75)",1,-0.4460433978837448,-140.5,T,20929.81
2025-01-10,2025,"(0.75, 1.0)",1,-0.4460433978837448,-140.5,T,20929.81
2025-01-10,2025,"(1.0, 0.5)",1,-0.3345325484128086,-140.5,T,20929.81
2025-01-10,2025,"(1.0, 0.75)",1,-0.3345325484128086,-140.5,T,20929.81
2025-01-10,2025,"(1.0, 1.0)",1,-0.3345325484128086,-140.5,T,20929.81
2025-01-16,2025,"(0.5, 0.5)",-1,0.8924160866978637,180.36999999999898,T,21222.02
2025-01-16,2025,"(0.5, 0.75)",-1,0.8924160866978637,180.36999999999898,T,21222.02
2025-01-16,2025,"(0.5, 1.0)",-1,0.8924160866978637,180.36999999999898,T,21222.02
2025-01-16,2025,"(0.75, 0.5)",-1,0.5949440577985757,180.36999999999898,T,21222.02
2025-01-16,2025,"(0.75, 0.75)",-1,0.5949440577985757,180.36999999999898,T,21222.02
2025-01-16,2025,"(0.75, 1.0)",-1,0.5949440577985757,180.36999999999898,T,21222.02
2025-01-16,2025,"(1.0, 0.5)",-1,0.4462080433489318,180.36999999999898,T,21222.02
2025-01-16,2025,"(1.0, 0.75)",-1,0.4462080433489318,180.36999999999898,T,21222.02
2025-01-16,2025,"(1.0, 1.0)",-1,0.4462080433489318,180.36999999999898,T,21222.02
2025-01-24,2025,"(0.5, 0.5)",-1,0.5828790834303517,110.5,T,21842.16
2025-01-24,2025,"(0.5, 0.75)",-1,0.5828790834303517,110.5,T,21842.16
2025-01-24,2025,"(0.5, 1.0)",-1,0.5828790834303517,110.5,T,21842.16
2025-01-24,2025,"(0.75, 0.5)",-1,0.3885860556202344,110.5,T,21842.16
2025-01-24,2025,"(0.75, 0.75)",-1,0.3885860556202344,110.5,T,21842.16
2025-01-24,2025,"(0.75, 1.0)",-1,0.3885860556202344,110.5,T,21842.16
2025-01-24,2025,"(1.0, 0.5)",-1,0.29143954171517583,110.5,T,21842.16
2025-01-24,2025,"(1.0, 0.75)",-1,0.29143954171517583,110.5,T,21842.16
2025-01-24,2025,"(1.0, 1.0)",-1,0.29143954171517583,110.5,T,21842.16
2025-01-24,2025,"(0.5, 0.5)",1,0.2287260699609157,44.88000000000102,T,21686.78
2025-01-24,2025,"(0.5, 0.75)",1,0.2287260699609157,44.88000000000102,T,21686.78
2025-01-24,2025,"(0.5, 1.0)",1,0.2287260699609157,44.88000000000102,T,21686.78
2025-01-24,2025,"(0.75, 0.5)",1,0.15248404664061047,44.88000000000102,T,21686.78
2025-01-24,2025,"(0.75, 0.75)",1,0.15248404664061047,44.88000000000102,T,21686.78
2025-01-24,2025,"(0.75, 1.0)",1,0.15248404664061047,44.88000000000102,T,21686.78
2025-01-24,2025,"(1.0, 0.5)",1,0.11436303498045786,44.88000000000102,T,21686.78
2025-01-24,2025,"(1.0, 0.75)",1,0.11436303498045786,44.88000000000102,T,21686.78
2025-01-24,2025,"(1.0, 1.0)",1,0.11436303498045786,44.88000000000102,T,21686.78
2025-02-04,2025,"(0.5, 0.5)",-1,-0.8608321377331419,-161.0,T,21370.0
2025-02-04,2025,"(0.5, 0.75)",-1,-0.8608321377331419,-161.0,T,21370.0
2025-02-04,2025,"(0.5, 1.0)",-1,-0.8608321377331419,-161.0,T,21370.0
2025-02-04,2025,"(0.75, 0.5)",-1,-0.5738880918220945,-161.0,T,21370.0
2025-02-04,2025,"(0.75, 0.75)",-1,-0.5738880918220945,-161.0,T,21370.0
2025-02-04,2025,"(0.75, 1.0)",-1,-0.5738880918220945,-161.0,T,21370.0
2025-02-04,2025,"(1.0, 0.5)",-1,-0.43041606886657097,-161.0,T,21370.0
2025-02-04,2025,"(1.0, 0.75)",-1,-0.43041606886657097,-161.0,T,21370.0
2025-02-04,2025,"(1.0, 1.0)",-1,-0.43041606886657097,-161.0,T,21370.0
2025-02-06,2025,"(0.5, 0.5)",-1,-0.6283033005958462,-109.5,T,21632.21
2025-02-06,2025,"(0.5, 0.75)",-1,-0.6283033005958462,-109.5,T,21632.21
2025-02-06,2025,"(0.5, 1.0)",-1,-0.6283033005958462,-109.5,T,21632.21
2025-02-06,2025,"(0.75, 0.5)",-1,-0.4188688670638974,-109.5,T,21632.21
2025-02-06,2025,"(0.75, 0.75)",-1,-0.4188688670638974,-109.5,T,21632.21
2025-02-06,2025,"(0.75, 1.0)",-1,-0.4188688670638974,-109.5,T,21632.21
2025-02-06,2025,"(1.0, 0.5)",-1,-0.3141516502979231,-109.5,T,21632.21
2025-02-06,2025,"(1.0, 0.75)",-1,-0.3141516502979231,-109.5,T,21632.21
2025-02-06,2025,"(1.0, 1.0)",-1,-0.3141516502979231,-109.5,T,21632.21
2025-02-07,2025,"(0.5, 0.5)",1,-0.7614678525302812,-131.0,T,21592.26
2025-02-07,2025,"(0.5, 0.75)",1,-0.7614678525302812,-131.0,T,21592.26
2025-02-07,2025,"(0.5, 1.0)",1,-0.7614678525302812,-131.0,T,21592.26
2025-02-07,2025,"(0.75, 0.5)",1,-0.5076452350201874,-131.0,T,21592.26
2025-02-07,2025,"(0.75, 0.75)",1,-0.5076452350201874,-131.0,T,21592.26
2025-02-07,2025,"(0.75, 1.0)",1,-0.5076452350201874,-131.0,T,21592.26
2025-02-07,2025,"(1.0, 0.5)",1,-0.3807339262651406,-131.0,T,21592.26
2025-02-07,2025,"(1.0, 0.75)",1,-0.3807339262651406,-131.0,T,21592.26
2025-02-07,2025,"(1.0, 1.0)",1,-0.3807339262651406,-131.0,T,21592.26
2025-02-11,2025,"(0.5, 0.5)",-1,0.41705970089088534,76.40000000000146,T,21771.9
2025-02-11,2025,"(0.5, 0.75)",-1,0.41705970089088534,76.40000000000146,T,21771.9
2025-02-11,2025,"(0.5, 1.0)",-1,0.41705970089088534,76.40000000000146,T,21771.9
2025-02-11,2025,"(0.75, 0.5)",-1,0.2780398005939236,76.40000000000146,T,21771.9
2025-02-11,2025,"(0.75, 0.75)",-1,0.2780398005939236,76.40000000000146,T,21771.9
2025-02-11,2025,"(0.75, 1.0)",-1,0.2780398005939236,76.40000000000146,T,21771.9
2025-02-11,2025,"(1.0, 0.5)",-1,0.20852985044544267,76.40000000000146,T,21771.9
2025-02-11,2025,"(1.0, 0.75)",-1,0.20852985044544267,76.40000000000146,T,21771.9
2025-02-11,2025,"(1.0, 1.0)",-1,0.20852985044544267,76.40000000000146,T,21771.9
2025-02-11,2025,"(0.5, 0.5)",1,0.07731688636272423,16.200000000000728,T,21679.3
2025-02-11,2025,"(0.5, 0.75)",1,0.07731688636272423,16.200000000000728,T,21679.3
2025-02-11,2025,"(0.5, 1.0)",1,0.07731688636272423,16.200000000000728,T,21679.3
2025-02-11,2025,"(0.75, 0.5)",1,0.05154459090848282,16.200000000000728,T,21679.3
2025-02-11,2025,"(0.75, 0.75)",1,0.05154459090848282,16.200000000000728,T,21679.3
2025-02-11,2025,"(0.75, 1.0)",1,0.05154459090848282,16.200000000000728,T,21679.3
2025-02-11,2025,"(1.0, 0.5)",1,0.038658443181362113,16.200000000000728,T,21679.3
2025-02-11,2025,"(1.0, 0.75)",1,0.038658443181362113,16.200000000000728,T,21679.3
2025-02-11,2025,"(1.0, 1.0)",1,0.038658443181362113,16.200000000000728,T,21679.3
2025-02-14,2025,"(0.5, 0.5)",-1,-0.48237245036742066,-83.0,T,22025.8
2025-02-14,2025,"(0.5, 0.75)",-1,-0.48237245036742066,-83.0,T,22025.8
2025-02-14,2025,"(0.5, 1.0)",-1,-0.48237245036742066,-83.0,T,22025.8
2025-02-14,2025,"(0.75, 0.5)",-1,-0.3215816335782804,-83.0,T,22025.8
2025-02-14,2025,"(0.75, 0.75)",-1,-0.3215816335782804,-83.0,T,22025.8
2025-02-14,2025,"(0.75, 1.0)",-1,-0.3215816335782804,-83.0,T,22025.8
2025-02-14,2025,"(1.0, 0.5)",-1,-0.24118622518371033,-83.0,T,22025.8
2025-02-14,2025,"(1.0, 0.75)",-1,-0.24118622518371033,-83.0,T,22025.8
2025-02-14,2025,"(1.0, 1.0)",-1,-0.24118622518371033,-83.0,T,22025.8
2025-02-19,2025,"(0.5, 0.5)",-1,0.01192116005911,4.200000000000728,T,22175.4
2025-02-19,2025,"(0.5, 0.75)",-1,0.01192116005911,4.200000000000728,T,22175.4
2025-02-19,2025,"(0.5, 1.0)",-1,0.01192116005911,4.200000000000728,T,22175.4
2025-02-19,2025,"(0.75, 0.5)",-1,0.007947440039406667,4.200000000000728,T,22175.4
2025-02-19,2025,"(0.75, 0.75)",-1,0.007947440039406667,4.200000000000728,T,22175.4
2025-02-19,2025,"(0.75, 1.0)",-1,0.007947440039406667,4.200000000000728,T,22175.4
2025-02-19,2025,"(1.0, 0.5)",-1,0.005960580029555,4.200000000000728,T,22175.4
2025-02-19,2025,"(1.0, 0.75)",-1,0.005960580029555,4.200000000000728,T,22175.4
2025-02-19,2025,"(1.0, 1.0)",-1,0.005960580029555,4.200000000000728,T,22175.4
2025-03-10,2025,"(0.5, 0.5)",1,-1.010394856031244,-240.50357142857163,SL,19730.7
2025-03-10,2025,"(0.5, 0.75)",1,-1.010394856031244,-240.50357142857163,SL,19730.7
2025-03-10,2025,"(0.5, 1.0)",1,-1.010394856031244,-240.50357142857163,SL,19730.7
2025-03-10,2025,"(0.75, 0.5)",1,-1.0069299040208293,-360.75535714285746,SL,19730.7
2025-03-10,2025,"(0.75, 0.75)",1,-1.0069299040208293,-360.75535714285746,SL,19730.7
2025-03-10,2025,"(0.75, 1.0)",1,-1.0069299040208293,-360.75535714285746,SL,19730.7
2025-03-10,2025,"(1.0, 0.5)",1,-1.005197428015622,-481.00714285714326,SL,19730.7
2025-03-10,2025,"(1.0, 0.75)",1,-1.005197428015622,-481.00714285714326,SL,19730.7
2025-03-10,2025,"(1.0, 1.0)",1,-1.005197428015622,-481.00714285714326,SL,19730.7
2025-03-11,2025,"(0.5, 0.5)",1,0.9906919844689113,268.5857142857146,TP,19294.5
2025-03-11,2025,"(0.5, 0.75)",1,0.24238072442954595,67.59999999999854,T,19294.5
2025-03-11,2025,"(0.5, 1.0)",1,0.24238072442954595,67.59999999999854,T,19294.5
2025-03-11,2025,"(0.75, 0.5)",1,0.6604613229792742,268.5857142857146,TP,19294.5
2025-03-11,2025,"(0.75, 0.75)",1,0.1615871496196973,67.59999999999854,T,19294.5
2025-03-11,2025,"(0.75, 1.0)",1,0.1615871496196973,67.59999999999854,T,19294.5
2025-03-11,2025,"(1.0, 0.5)",1,0.49534599223445563,268.5857142857146,TP,19294.5
2025-03-11,2025,"(1.0, 0.75)",1,0.12119036221477297,67.59999999999854,T,19294.5
2025-03-11,2025,"(1.0, 1.0)",1,0.12119036221477297,67.59999999999854,T,19294.5
2025-03-13,2025,"(0.5, 0.5)",1,-0.5519979767324272,-153.40000000000146,T,19376.2
2025-03-13,2025,"(0.5, 0.75)",1,-0.5519979767324272,-153.40000000000146,T,19376.2
2025-03-13,2025,"(0.5, 1.0)",1,-0.5519979767324272,-153.40000000000146,T,19376.2
2025-03-13,2025,"(0.75, 0.5)",1,-0.36799865115495145,-153.40000000000146,T,19376.2
2025-03-13,2025,"(0.75, 0.75)",1,-0.36799865115495145,-153.40000000000146,T,19376.2
2025-03-13,2025,"(0.75, 1.0)",1,-0.36799865115495145,-153.40000000000146,T,19376.2
2025-03-13,2025,"(1.0, 0.5)",1,-0.2759989883662136,-153.40000000000146,T,19376.2
2025-03-13,2025,"(1.0, 0.75)",1,-0.2759989883662136,-153.40000000000146,T,19376.2
2025-03-13,2025,"(1.0, 1.0)",1,-0.2759989883662136,-153.40000000000146,T,19376.2
2025-03-25,2025,"(0.5, 0.5)",-1,-0.37001056586052733,-87.54999999999927,T,20195.55
2025-03-25,2025,"(0.5, 0.75)",-1,-0.37001056586052733,-87.54999999999927,T,20195.55
2025-03-25,2025,"(0.5, 1.0)",-1,-0.37001056586052733,-87.54999999999927,T,20195.55
2025-03-25,2025,"(0.75, 0.5)",-1,-0.2466737105736849,-87.54999999999927,T,20195.55
2025-03-25,2025,"(0.75, 0.75)",-1,-0.2466737105736849,-87.54999999999927,T,20195.55
2025-03-25,2025,"(0.75, 1.0)",-1,-0.2466737105736849,-87.54999999999927,T,20195.55
2025-03-25,2025,"(1.0, 0.5)",-1,-0.18500528293026366,-87.54999999999927,T,20195.55
2025-03-25,2025,"(1.0, 0.75)",-1,-0.18500528293026366,-87.54999999999927,T,20195.55
2025-03-25,2025,"(1.0, 1.0)",-1,-0.18500528293026366,-87.54999999999927,T,20195.55
2025-03-26,2025,"(0.5, 0.5)",1,-1.010868552619321,-230.02142857142877,SL,20169.0
2025-03-26,2025,"(0.5, 0.75)",1,-1.010868552619321,-230.02142857142877,SL,20169.0
2025-03-26,2025,"(0.5, 1.0)",1,-1.010868552619321,-230.02142857142877,SL,20169.0
2025-03-26,2025,"(0.75, 0.5)",1,-0.7635520500160454,-260.9500000000007,T,20169.0
2025-03-26,2025,"(0.75, 0.75)",1,-0.7635520500160454,-260.9500000000007,T,20169.0
2025-03-26,2025,"(0.75, 1.0)",1,-0.7635520500160454,-260.9500000000007,T,20169.0
2025-03-26,2025,"(1.0, 0.5)",1,-0.5726640375120341,-260.9500000000007,T,20169.0
2025-03-26,2025,"(1.0, 0.75)",1,-0.5726640375120341,-260.9500000000007,T,20169.0
2025-03-26,2025,"(1.0, 1.0)",1,-0.5726640375120341,-260.9500000000007,T,20169.0
2025-04-02,2025,"(0.5, 0.5)",-1,-1.0124603937484424,-200.63571428571453,SL,19460.6
2025-04-02,2025,"(0.5, 0.75)",-1,-1.0124603937484424,-200.63571428571453,SL,19460.6
2025-04-02,2025,"(0.5, 1.0)",-1,-1.0124603937484424,-200.63571428571453,SL,19460.6
2025-04-02,2025,"(0.75, 0.5)",-1,-0.38627220620171554,-113.75,T,19460.6
2025-04-02,2025,"(0.75, 0.75)",-1,-0.38627220620171554,-113.75,T,19460.6
2025-04-02,2025,"(0.75, 1.0)",-1,-0.38627220620171554,-113.75,T,19460.6
2025-04-02,2025,"(1.0, 0.5)",-1,-0.2897041546512866,-113.75,T,19460.6
2025-04-02,2025,"(1.0, 0.75)",-1,-0.2897041546512866,-113.75,T,19460.6
2025-04-02,2025,"(1.0, 1.0)",-1,-0.2897041546512866,-113.75,T,19460.6
2025-04-07,2025,"(0.5, 0.5)",-1,0.9902191606642587,255.60178571428605,TP,17829.4
2025-04-07,2025,"(0.5, 0.75)",-1,1.4902191606642587,383.4026785714291,TP,17829.4
2025-04-07,2025,"(0.5, 1.0)",-1,1.9902191606642587,511.2035714285721,TP,17829.4
2025-04-07,2025,"(0.75, 0.5)",-1,0.6601461071095058,255.60178571428605,TP,17829.4
2025-04-07,2025,"(0.75, 0.75)",-1,0.9934794404428392,383.4026785714291,TP,17829.4
2025-04-07,2025,"(0.75, 1.0)",-1,1.3268127737761726,511.2035714285721,TP,17829.4
2025-04-07,2025,"(1.0, 0.5)",-1,0.4951095803321294,255.60178571428605,TP,17829.4
2025-04-07,2025,"(1.0, 0.75)",-1,0.7451095803321294,383.4026785714291,TP,17829.4
2025-04-07,2025,"(1.0, 1.0)",-1,0.9951095803321294,511.2035714285721,TP,17829.4
2025-04-08,2025,"(0.5, 0.5)",-1,0.9916702365652815,300.1285714285718,TP,18147.9
2025-04-08,2025,"(0.5, 0.75)",-1,1.4916702365652814,450.19285714285763,TP,18147.9
2025-04-08,2025,"(0.5, 1.0)",-1,1.9916702365652816,600.2571428571435,TP,18147.9
2025-04-08,2025,"(0.75, 0.5)",-1,0.6611134910435211,300.1285714285718,TP,18147.9
2025-04-08,2025,"(0.75, 0.75)",-1,0.9944468243768544,450.19285714285763,TP,18147.9
2025-04-08,2025,"(0.75, 1.0)",-1,1.3277801577101878,600.2571428571435,TP,18147.9
2025-04-08,2025,"(1.0, 0.5)",-1,0.49583511828264076,300.1285714285718,TP,18147.9
2025-04-08,2025,"(1.0, 0.75)",-1,0.7458351182826407,450.19285714285763,TP,18147.9
2025-04-08,2025,"(1.0, 1.0)",-1,0.9958351182826408,600.2571428571435,TP,18147.9
2025-04-11,2025,"(0.5, 0.5)",-1,0.08178242911915218,38.0,T,18702.55
2025-04-11,2025,"(0.5, 0.75)",-1,0.08178242911915218,38.0,T,18702.55
2025-04-11,2025,"(0.5, 1.0)",-1,0.08178242911915218,38.0,T,18702.55
2025-04-11,2025,"(0.75, 0.5)",-1,0.05452161941276811,38.0,T,18702.55
2025-04-11,2025,"(0.75, 0.75)",-1,0.05452161941276811,38.0,T,18702.55
2025-04-11,2025,"(0.75, 1.0)",-1,0.05452161941276811,38.0,T,18702.55
2025-04-11,2025,"(1.0, 0.5)",-1,0.04089121455957609,38.0,T,18702.55
2025-04-11,2025,"(1.0, 0.75)",-1,0.04089121455957609,38.0,T,18702.55
2025-04-11,2025,"(1.0, 1.0)",-1,0.04089121455957609,38.0,T,18702.55
2025-04-22,2025,"(0.5, 0.5)",-1,-0.5841755468420374,-267.0,T,17997.7
2025-04-22,2025,"(0.5, 0.75)",-1,-0.5841755468420374,-267.0,T,17997.7
2025-04-22,2025,"(0.5, 1.0)",-1,-0.5841755468420374,-267.0,T,17997.7
2025-04-22,2025,"(0.75, 0.5)",-1,-0.3894503645613583,-267.0,T,17997.7
2025-04-22,2025,"(0.75, 0.75)",-1,-0.3894503645613583,-267.0,T,17997.7
2025-04-22,2025,"(0.75, 1.0)",-1,-0.3894503645613583,-267.0,T,17997.7
2025-04-22,2025,"(1.0, 0.5)",-1,-0.2920877734210187,-267.0,T,17997.7
2025-04-22,2025,"(1.0, 0.75)",-1,-0.2920877734210187,-267.0,T,17997.7
2025-04-22,2025,"(1.0, 1.0)",-1,-0.2920877734210187,-267.0,T,17997.7
2025-04-24,2025,"(0.5, 0.5)",-1,-0.3550065360456359,-166.75,T,19040.0
2025-04-24,2025,"(0.5, 0.75)",-1,-0.3550065360456359,-166.75,T,19040.0
2025-04-24,2025,"(0.5, 1.0)",-1,-0.3550065360456359,-166.75,T,19040.0
2025-04-24,2025,"(0.75, 0.5)",-1,-0.23667102403042395,-166.75,T,19040.0
2025-04-24,2025,"(0.75, 0.75)",-1,-0.23667102403042395,-166.75,T,19040.0
2025-04-24,2025,"(0.75, 1.0)",-1,-0.23667102403042395,-166.75,T,19040.0
2025-04-24,2025,"(1.0, 0.5)",-1,-0.17750326802281796,-166.75,T,19040.0
2025-04-24,2025,"(1.0, 0.75)",-1,-0.17750326802281796,-166.75,T,19040.0
2025-04-24,2025,"(1.0, 1.0)",-1,-0.17750326802281796,-166.75,T,19040.0
2025-04-25,2025,"(0.5, 0.5)",-1,-0.4299491276801578,-194.29999999999927,T,19223.5
2025-04-25,2025,"(0.5, 0.75)",-1,-0.4299491276801578,-194.29999999999927,T,19223.5
2025-04-25,2025,"(0.5, 1.0)",-1,-0.4299491276801578,-194.29999999999927,T,19223.5
2025-04-25,2025,"(0.75, 0.5)",-1,-0.28663275178677183,-194.29999999999927,T,19223.5
2025-04-25,2025,"(0.75, 0.75)",-1,-0.28663275178677183,-194.29999999999927,T,19223.5
2025-04-25,2025,"(0.75, 1.0)",-1,-0.28663275178677183,-194.29999999999927,T,19223.5
2025-04-25,2025,"(1.0, 0.5)",-1,-0.2149745638400789,-194.29999999999927,T,19223.5
2025-04-25,2025,"(1.0, 0.75)",-1,-0.2149745638400789,-194.29999999999927,T,19223.5
2025-04-25,2025,"(1.0, 1.0)",-1,-0.2149745638400789,-194.29999999999927,T,19223.5
2025-04-28,2025,"(0.5, 0.5)",-1,-0.08093700728283235,-32.150000000001455,T,19391.25
2025-04-28,2025,"(0.5, 0.75)",-1,-0.08093700728283235,-32.150000000001455,T,19391.25
2025-04-28,2025,"(0.5, 1.0)",-1,-0.08093700728283235,-32.150000000001455,T,19391.25
2025-04-28,2025,"(0.75, 0.5)",-1,-0.053958004855221564,-32.150000000001455,T,19391.25
2025-04-28,2025,"(0.75, 0.75)",-1,-0.053958004855221564,-32.150000000001455,T,19391.25
2025-04-28,2025,"(0.75, 1.0)",-1,-0.053958004855221564,-32.150000000001455,T,19391.25
2025-04-28,2025,"(1.0, 0.5)",-1,-0.04046850364141617,-32.150000000001455,T,19391.25
2025-04-28,2025,"(1.0, 0.75)",-1,-0.04046850364141617,-32.150000000001455,T,19391.25
2025-04-28,2025,"(1.0, 1.0)",-1,-0.04046850364141617,-32.150000000001455,T,19391.25
2025-05-02,2025,"(0.5, 0.5)",-1,-0.38731615846405093,-96.34999999999854,T,19986.4
2025-05-02,2025,"(0.5, 0.75)",-1,-0.38731615846405093,-96.34999999999854,T,19986.4
2025-05-02,2025,"(0.5, 1.0)",-1,-0.38731615846405093,-96.34999999999854,T,19986.4
2025-05-02,2025,"(0.75, 0.5)",-1,-0.2582107723093673,-96.34999999999854,T,19986.4
2025-05-02,2025,"(0.75, 0.75)",-1,-0.2582107723093673,-96.34999999999854,T,19986.4
2025-05-02,2025,"(0.75, 1.0)",-1,-0.2582107723093673,-96.34999999999854,T,19986.4
2025-05-02,2025,"(1.0, 0.5)",-1,-0.19365807923202547,-96.34999999999854,T,19986.4
2025-05-02,2025,"(1.0, 0.75)",-1,-0.19365807923202547,-96.34999999999854,T,19986.4
2025-05-02,2025,"(1.0, 1.0)",-1,-0.19365807923202547,-96.34999999999854,T,19986.4
2025-05-05,2025,"(0.5, 0.5)",1,0.13085711409733733,35.0,T,19931.55
2025-05-05,2025,"(0.5, 0.75)",1,0.13085711409733733,35.0,T,19931.55
2025-05-05,2025,"(0.5, 1.0)",1,0.13085711409733733,35.0,T,19931.55
2025-05-05,2025,"(0.75, 0.5)",1,0.08723807606489155,35.0,T,19931.55
2025-05-05,2025,"(0.75, 0.75)",1,0.08723807606489155,35.0,T,19931.55
2025-05-05,2025,"(0.75, 1.0)",1,0.08723807606489155,35.0,T,19931.55
2025-05-05,2025,"(1.0, 0.5)",1,0.06542855704866866,35.0,T,19931.55
2025-05-05,2025,"(1.0, 0.75)",1,0.06542855704866866,35.0,T,19931.55
2025-05-05,2025,"(1.0, 1.0)",1,0.06542855704866866,35.0,T,19931.55
2025-05-15,2025,"(0.5, 0.5)",-1,-0.13498388377633086,-23.299999999999272,T,21310.25
2025-05-15,2025,"(0.5, 0.75)",-1,-0.13498388377633086,-23.299999999999272,T,21310.25
2025-05-15,2025,"(0.5, 1.0)",-1,-0.13498388377633086,-23.299999999999272,T,21310.25
2025-05-15,2025,"(0.75, 0.5)",-1,-0.08998925585088724,-23.299999999999272,T,21310.25
2025-05-15,2025,"(0.75, 0.75)",-1,-0.08998925585088724,-23.299999999999272,T,21310.25
2025-05-15,2025,"(0.75, 1.0)",-1,-0.08998925585088724,-23.299999999999272,T,21310.25
2025-05-15,2025,"(1.0, 0.5)",-1,-0.06749194188816543,-23.299999999999272,T,21310.25
2025-05-15,2025,"(1.0, 0.75)",-1,-0.06749194188816543,-23.299999999999272,T,21310.25
2025-05-15,2025,"(1.0, 1.0)",-1,-0.06749194188816543,-23.299999999999272,T,21310.25
2025-05-21,2025,"(0.5, 0.5)",1,0.9854285060055372,171.56785714285746,TP,21248.95
2025-05-21,2025,"(0.5, 0.75)",1,-1.0145714939944628,-171.56785714285746,SL,21248.95
2025-05-21,2025,"(0.5, 1.0)",1,-1.0145714939944628,-171.56785714285746,SL,21248.95
2025-05-21,2025,"(0.75, 0.5)",1,0.6569523373370248,171.56785714285746,TP,21248.95
2025-05-21,2025,"(0.75, 0.75)",1,-0.664265839560914,-168.45000000000073,T,21248.95
2025-05-21,2025,"(0.75, 1.0)",1,-0.664265839560914,-168.45000000000073,T,21248.95
2025-05-21,2025,"(1.0, 0.5)",1,0.4927142530027686,171.56785714285746,TP,21248.95
2025-05-21,2025,"(1.0, 0.75)",1,-0.49819937967068545,-168.45000000000073,T,21248.95
2025-05-21,2025,"(1.0, 1.0)",1,-0.49819937967068545,-168.45000000000073,T,21248.95
2025-05-29,2025,"(0.5, 0.5)",1,0.3465951608879973,62.04999999999927,T,21297.3
2025-05-29,2025,"(0.5, 0.75)",1,0.3465951608879973,62.04999999999927,T,21297.3
2025-05-29,2025,"(0.5, 1.0)",1,0.3465951608879973,62.04999999999927,T,21297.3
2025-05-29,2025,"(0.75, 0.5)",1,0.23106344059199818,62.04999999999927,T,21297.3
2025-05-29,2025,"(0.75, 0.75)",1,0.23106344059199818,62.04999999999927,T,21297.3
2025-05-29,2025,"(0.75, 1.0)",1,0.23106344059199818,62.04999999999927,T,21297.3
2025-05-29,2025,"(1.0, 0.5)",1,0.17329758044399865,62.04999999999927,T,21297.3
2025-05-29,2025,"(1.0, 0.75)",1,0.17329758044399865,62.04999999999927,T,21297.3
2025-05-29,2025,"(1.0, 1.0)",1,0.17329758044399865,62.04999999999927,T,21297.3
2025-06-03,2025,"(0.5, 0.5)",-1,-1.0158451700526285,-157.77678571428584,SL,21490.1
2025-06-03,2025,"(0.5, 0.75)",-1,-1.0158451700526285,-157.77678571428584,SL,21490.1
2025-06-03,2025,"(0.5, 1.0)",-1,-1.0158451700526285,-157.77678571428584,SL,21490.1
2025-06-03,2025,"(0.75, 0.5)",-1,-0.7358496972440778,-171.65000000000146,T,21490.1
2025-06-03,2025,"(0.75, 0.75)",-1,-0.7358496972440778,-171.65000000000146,T,21490.1
2025-06-03,2025,"(0.75, 1.0)",-1,-0.7358496972440778,-171.65000000000146,T,21490.1
2025-06-03,2025,"(1.0, 0.5)",-1,-0.5518872729330584,-171.65000000000146,T,21490.1
2025-06-03,2025,"(1.0, 0.75)",-1,-0.5518872729330584,-171.65000000000146,T,21490.1
2025-06-03,2025,"(1.0, 1.0)",-1,-0.5518872729330584,-171.65000000000146,T,21490.1
2025-06-04,2025,"(0.5, 0.5)",-1,-0.03702230230980799,-3.150000000001455,T,21715.05
2025-06-04,2025,"(0.5, 0.75)",-1,-0.03702230230980799,-3.150000000001455,T,21715.05
2025-06-04,2025,"(0.5, 1.0)",-1,-0.03702230230980799,-3.150000000001455,T,21715.05
2025-06-04,2025,"(0.75, 0.5)",-1,-0.02468153487320533,-3.150000000001455,T,21715.05
2025-06-04,2025,"(0.75, 0.75)",-1,-0.02468153487320533,-3.150000000001455,T,21715.05
2025-06-04,2025,"(0.75, 1.0)",-1,-0.02468153487320533,-3.150000000001455,T,21715.05
2025-06-04,2025,"(1.0, 0.5)",-1,-0.018511151154903996,-3.150000000001455,T,21715.05
2025-06-04,2025,"(1.0, 0.75)",-1,-0.018511151154903996,-3.150000000001455,T,21715.05
2025-06-04,2025,"(1.0, 1.0)",-1,-0.018511151154903996,-3.150000000001455,T,21715.05
2025-06-05,2025,"(0.5, 0.5)",-1,0.9836490621569223,152.89642857142877,TP,21761.85
2025-06-05,2025,"(0.5, 0.75)",-1,1.4836490621569223,229.34464285714316,TP,21761.85
2025-06-05,2025,"(0.5, 1.0)",-1,1.3708626287636243,212.09999999999854,T,21761.85
2025-06-05,2025,"(0.75, 0.5)",-1,0.6557660414379483,152.89642857142877,TP,21761.85
2025-06-05,2025,"(0.75, 0.75)",-1,0.9890993747712815,229.34464285714316,TP,21761.85
2025-06-05,2025,"(0.75, 1.0)",-1,0.9139084191757495,212.09999999999854,T,21761.85
2025-06-05,2025,"(1.0, 0.5)",-1,0.49182453107846114,152.89642857142877,TP,21761.85
2025-06-05,2025,"(1.0, 0.75)",-1,0.7418245310784611,229.34464285714316,TP,21761.85
2025-06-05,2025,"(1.0, 1.0)",-1,0.6854313143818122,212.09999999999854,T,21761.85
2025-06-05,2025,"(0.5, 0.5)",1,-1.0163509378430777,-152.89642857142877,SL,21628.15
2025-06-05,2025,"(0.5, 0.75)",1,-1.0163509378430777,-152.89642857142877,SL,21628.15
2025-06-05,2025,"(0.5, 1.0)",1,-1.0163509378430777,-152.89642857142877,SL,21628.15
2025-06-05,2025,"(0.75, 0.5)",1,-0.35274423240133573,-78.40000000000146,T,21628.15
2025-06-05,2025,"(0.75, 0.75)",1,-0.35274423240133573,-78.40000000000146,T,21628.15
2025-06-05,2025,"(0.75, 1.0)",1,-0.35274423240133573,-78.40000000000146,T,21628.15
2025-06-05,2025,"(1.0, 0.5)",1,-0.2645581743010018,-78.40000000000146,T,21628.15
2025-06-05,2025,"(1.0, 0.75)",1,-0.2645581743010018,-78.40000000000146,T,21628.15
2025-06-05,2025,"(1.0, 1.0)",1,-0.2645581743010018,-78.40000000000146,T,21628.15
2025-06-09,2025,"(0.5, 0.5)",-1,0.19847176300162092,34.54999999999927,T,21821.6
2025-06-09,2025,"(0.5, 0.75)",-1,0.19847176300162092,34.54999999999927,T,21821.6
2025-06-09,2025,"(0.5, 1.0)",-1,0.19847176300162092,34.54999999999927,T,21821.6
2025-06-09,2025,"(0.75, 0.5)",-1,0.1323145086677473,34.54999999999927,T,21821.6
2025-06-09,2025,"(0.75, 0.75)",-1,0.1323145086677473,34.54999999999927,T,21821.6
2025-06-09,2025,"(0.75, 1.0)",-1,0.1323145086677473,34.54999999999927,T,21821.6
2025-06-09,2025,"(1.0, 0.5)",-1,0.09923588150081046,34.54999999999927,T,21821.6
2025-06-09,2025,"(1.0, 0.75)",-1,0.09923588150081046,34.54999999999927,T,21821.6
2025-06-09,2025,"(1.0, 1.0)",-1,0.09923588150081046,34.54999999999927,T,21821.6
2025-06-10,2025,"(0.5, 0.5)",-1,-0.5613043024832268,-84.0,T,21855.3
2025-06-10,2025,"(0.5, 0.75)",-1,-0.5613043024832268,-84.0,T,21855.3
2025-06-10,2025,"(0.5, 1.0)",-1,-0.5613043024832268,-84.0,T,21855.3
2025-06-10,2025,"(0.75, 0.5)",-1,-0.3742028683221512,-84.0,T,21855.3
2025-06-10,2025,"(0.75, 0.75)",-1,-0.3742028683221512,-84.0,T,21855.3
2025-06-10,2025,"(0.75, 1.0)",-1,-0.3742028683221512,-84.0,T,21855.3
2025-06-10,2025,"(1.0, 0.5)",-1,-0.2806521512416134,-84.0,T,21855.3
2025-06-10,2025,"(1.0, 0.75)",-1,-0.2806521512416134,-84.0,T,21855.3
2025-06-10,2025,"(1.0, 1.0)",-1,-0.2806521512416134,-84.0,T,21855.3
2025-06-10,2025,"(0.5, 0.5)",1,0.9837773322981727,154.10535714285717,TP,21752.7
2025-06-10,2025,"(0.5, 0.75)",1,1.1946372495625577,186.59999999999854,T,21752.7
2025-06-10,2025,"(0.5, 1.0)",1,1.1946372495625577,186.59999999999854,T,21752.7
2025-06-10,2025,"(0.75, 0.5)",1,0.6558515548654484,154.10535714285717,TP,21752.7
2025-06-10,2025,"(0.75, 0.75)",1,0.7964248330417052,186.59999999999854,T,21752.7
2025-06-10,2025,"(0.75, 1.0)",1,0.7964248330417052,186.59999999999854,T,21752.7
2025-06-10,2025,"(1.0, 0.5)",1,0.49188866614908633,154.10535714285717,TP,21752.7
2025-06-10,2025,"(1.0, 0.75)",1,0.5973186247812788,186.59999999999854,T,21752.7
2025-06-10,2025,"(1.0, 1.0)",1,0.5973186247812788,186.59999999999854,T,21752.7
2025-06-11,2025,"(0.5, 0.5)",-1,0.9839043458266268,155.32142857142858,TP,21946.3
2025-06-11,2025,"(0.5, 0.75)",-1,0.534053805472527,85.45000000000073,T,21946.3
2025-06-11,2025,"(0.5, 1.0)",-1,0.534053805472527,85.45000000000073,T,21946.3
2025-06-11,2025,"(0.75, 0.5)",-1,0.6559362305510845,155.32142857142858,TP,21946.3
2025-06-11,2025,"(0.75, 0.75)",-1,0.35603587031501804,85.45000000000073,T,21946.3
2025-06-11,2025,"(0.75, 1.0)",-1,0.35603587031501804,85.45000000000073,T,21946.3
2025-06-11,2025,"(1.0, 0.5)",-1,0.4919521729133134,155.32142857142858,TP,21946.3
2025-06-11,2025,"(1.0, 0.75)",-1,0.2670269027362635,85.45000000000073,T,21946.3
2025-06-11,2025,"(1.0, 1.0)",-1,0.2670269027362635,85.45000000000073,T,21946.3
2025-06-17,2025,"(0.5, 0.5)",1,-0.6273661438615471,-84.5,T,21804.7
2025-06-17,2025,"(0.5, 0.75)",1,-0.6273661438615471,-84.5,T,21804.7
2025-06-17,2025,"(0.5, 1.0)",1,-0.6273661438615471,-84.5,T,21804.7
2025-06-17,2025,"(0.75, 0.5)",1,-0.4182440959076981,-84.5,T,21804.7
2025-06-17,2025,"(0.75, 0.75)",1,-0.4182440959076981,-84.5,T,21804.7
2025-06-17,2025,"(0.75, 1.0)",1,-0.4182440959076981,-84.5,T,21804.7
2025-06-17,2025,"(1.0, 0.5)",1,-0.31368307193077355,-84.5,T,21804.7
2025-06-17,2025,"(1.0, 0.75)",1,-0.31368307193077355,-84.5,T,21804.7
2025-06-17,2025,"(1.0, 1.0)",1,-0.31368307193077355,-84.5,T,21804.7
2025-06-18,2025,"(0.5, 0.5)",1,0.2110006491936154,32.10000000000218,T,21683.3
2025-06-18,2025,"(0.5, 0.75)",1,0.2110006491936154,32.10000000000218,T,21683.3
2025-06-18,2025,"(0.5, 1.0)",1,0.2110006491936154,32.10000000000218,T,21683.3
2025-06-18,2025,"(0.75, 0.5)",1,0.14066709946241027,32.10000000000218,T,21683.3
2025-06-18,2025,"(0.75, 0.75)",1,0.14066709946241027,32.10000000000218,T,21683.3
2025-06-18,2025,"(0.75, 1.0)",1,0.14066709946241027,32.10000000000218,T,21683.3
2025-06-18,2025,"(1.0, 0.5)",1,0.1055003245968077,32.10000000000218,T,21683.3
2025-06-18,2025,"(1.0, 0.75)",1,0.1055003245968077,32.10000000000218,T,21683.3
2025-06-18,2025,"(1.0, 1.0)",1,0.1055003245968077,32.10000000000218,T,21683.3
2025-06-20,2025,"(0.5, 0.5)",1,-0.26262438389286197,-32.79999999999927,T,21656.1
2025-06-20,2025,"(0.5, 0.75)",1,-0.26262438389286197,-32.79999999999927,T,21656.1
2025-06-20,2025,"(0.5, 1.0)",1,-0.26262438389286197,-32.79999999999927,T,21656.1
2025-06-20,2025,"(0.75, 0.5)",1,-0.17508292259524133,-32.79999999999927,T,21656.1
2025-06-20,2025,"(0.75, 0.75)",1,-0.17508292259524133,-32.79999999999927,T,21656.1
2025-06-20,2025,"(0.75, 1.0)",1,-0.17508292259524133,-32.79999999999927,T,21656.1
2025-06-20,2025,"(1.0, 0.5)",1,-0.13131219194643098,-32.79999999999927,T,21656.1
2025-06-20,2025,"(1.0, 0.75)",1,-0.13131219194643098,-32.79999999999927,T,21656.1
2025-06-20,2025,"(1.0, 1.0)",1,-0.13131219194643098,-32.79999999999927,T,21656.1
2025-06-23,2025,"(0.5, 0.5)",1,0.9813832262868845,134.28749999999997,TP,21569.5
2025-06-23,2025,"(0.5, 0.75)",1,1.4813832262868845,201.43124999999995,TP,21569.5
2025-06-23,2025,"(0.5, 1.0)",1,1.9813832262868845,268.57499999999993,TP,21569.5
2025-06-23,2025,"(0.75, 0.5)",1,0.6542554841912563,134.28749999999997,TP,21569.5
2025-06-23,2025,"(0.75, 0.75)",1,0.9875888175245896,201.43124999999995,TP,21569.5
2025-06-23,2025,"(0.75, 1.0)",1,1.320922150857923,268.57499999999993,TP,21569.5
2025-06-23,2025,"(1.0, 0.5)",1,0.49069161314344223,134.28749999999997,TP,21569.5
2025-06-23,2025,"(1.0, 0.75)",1,0.7406916131434422,201.43124999999995,TP,21569.5
2025-06-23,2025,"(1.0, 1.0)",1,0.9906916131434422,268.57499999999993,TP,21569.5
2025-06-26,2025,"(0.5, 0.5)",-1,-1.0178280358598206,-140.22857142857148,SL,22315.9
2025-06-26,2025,"(0.5, 0.75)",-1,-1.0178280358598206,-140.22857142857148,SL,22315.9
2025-06-26,2025,"(0.5, 1.0)",-1,-1.0178280358598206,-140.22857142857148,SL,22315.9
2025-06-26,2025,"(0.75, 0.5)",-1,-0.6498913338766499,-134.1999999999971,T,22315.9
2025-06-26,2025,"(0.75, 0.75)",-1,-0.6498913338766499,-134.1999999999971,T,22315.9
2025-06-26,2025,"(0.75, 1.0)",-1,-0.6498913338766499,-134.1999999999971,T,22315.9
2025-06-26,2025,"(1.0, 0.5)",-1,-0.4874185004074874,-134.1999999999971,T,22315.9
2025-06-26,2025,"(1.0, 0.75)",-1,-0.4874185004074874,-134.1999999999971,T,22315.9
2025-06-26,2025,"(1.0, 1.0)",-1,-0.4874185004074874,-134.1999999999971,T,22315.9
2025-07-02,2025,"(0.5, 0.5)",-1,-0.11061580759682345,-12.299999999999272,T,22621.5
2025-07-02,2025,"(0.5, 0.75)",-1,-0.11061580759682345,-12.299999999999272,T,22621.5
2025-07-02,2025,"(0.5, 1.0)",-1,-0.11061580759682345,-12.299999999999272,T,22621.5
2025-07-02,2025,"(0.75, 0.5)",-1,-0.07374387173121565,-12.299999999999272,T,22621.5
2025-07-02,2025,"(0.75, 0.75)",-1,-0.07374387173121565,-12.299999999999272,T,22621.5
2025-07-02,2025,"(0.75, 1.0)",-1,-0.07374387173121565,-12.299999999999272,T,22621.5
2025-07-02,2025,"(1.0, 0.5)",-1,-0.055307903798411724,-12.299999999999272,T,22621.5
2025-07-02,2025,"(1.0, 0.75)",-1,-0.055307903798411724,-12.299999999999272,T,22621.5
2025-07-02,2025,"(1.0, 1.0)",-1,-0.055307903798411724,-12.299999999999272,T,22621.5
2025-07-10,2025,"(0.5, 0.5)",1,0.9791796793670623,120.07499999999995,TP,22729.8
2025-07-10,2025,"(0.5, 0.75)",1,0.7978346866541688,98.29999999999927,T,22729.8
2025-07-10,2025,"(0.5, 1.0)",1,0.7978346866541688,98.29999999999927,T,22729.8
2025-07-10,2025,"(0.75, 0.5)",1,0.6527864529113748,120.07499999999995,TP,22729.8
2025-07-10,2025,"(0.75, 0.75)",1,0.5318897911027791,98.29999999999927,T,22729.8
2025-07-10,2025,"(0.75, 1.0)",1,0.5318897911027791,98.29999999999927,T,22729.8
2025-07-10,2025,"(1.0, 0.5)",1,0.48958983968353115,120.07499999999995,TP,22729.8
2025-07-10,2025,"(1.0, 0.75)",1,0.3989173433270844,98.29999999999927,T,22729.8
2025-07-10,2025,"(1.0, 1.0)",1,0.3989173433270844,98.29999999999927,T,22729.8
2025-07-11,2025,"(0.5, 0.5)",1,0.978722757530624,117.4964285714285,TP,22711.5
2025-07-11,2025,"(0.5, 0.75)",1,0.4995896531809543,61.20000000000073,T,22711.5
2025-07-11,2025,"(0.5, 1.0)",1,0.4995896531809543,61.20000000000073,T,22711.5
2025-07-11,2025,"(0.75, 0.5)",1,0.6524818383537494,117.4964285714285,TP,22711.5
2025-07-11,2025,"(0.75, 0.75)",1,0.33305976878730287,61.20000000000073,T,22711.5
2025-07-11,2025,"(0.75, 1.0)",1,0.33305976878730287,61.20000000000073,T,22711.5
2025-07-11,2025,"(1.0, 0.5)",1,0.489361378765312,117.4964285714285,TP,22711.5
2025-07-11,2025,"(1.0, 0.75)",1,0.24979482659047714,61.20000000000073,T,22711.5
2025-07-11,2025,"(1.0, 1.0)",1,0.24979482659047714,61.20000000000073,T,22711.5
2025-07-14,2025,"(0.5, 0.5)",-1,-0.2128422223595766,-22.100000000002183,T,22832.1
2025-07-14,2025,"(0.5, 0.75)",-1,-0.2128422223595766,-22.100000000002183,T,22832.1
2025-07-14,2025,"(0.5, 1.0)",-1,-0.2128422223595766,-22.100000000002183,T,22832.1
2025-07-14,2025,"(0.75, 0.5)",-1,-0.1418948149063844,-22.100000000002183,T,22832.1
2025-07-14,2025,"(0.75, 0.75)",-1,-0.1418948149063844,-22.100000000002183,T,22832.1
2025-07-14,2025,"(0.75, 1.0)",-1,-0.1418948149063844,-22.100000000002183,T,22832.1
2025-07-14,2025,"(1.0, 0.5)",-1,-0.1064211111797883,-22.100000000002183,T,22832.1
2025-07-14,2025,"(1.0, 0.75)",-1,-0.1064211111797883,-22.100000000002183,T,22832.1
2025-07-14,2025,"(1.0, 1.0)",-1,-0.1064211111797883,-22.100000000002183,T,22832.1
2025-07-17,2025,"(0.5, 0.5)",-1,-1.0247157686604054,-101.14999999999964,SL,22915.9
2025-07-17,2025,"(0.5, 0.75)",-1,-1.0247157686604054,-101.14999999999964,SL,22915.9
2025-07-17,2025,"(0.5, 1.0)",-1,-1.0247157686604054,-101.14999999999964,SL,22915.9
2025-07-17,2025,"(0.75, 0.5)",-1,-1.016477179106937,-151.72499999999945,SL,22915.9
2025-07-17,2025,"(0.75, 0.75)",-1,-1.016477179106937,-151.72499999999945,SL,22915.9
2025-07-17,2025,"(0.75, 1.0)",-1,-1.016477179106937,-151.72499999999945,SL,22915.9
2025-07-17,2025,"(1.0, 0.5)",-1,-0.8363816114681053,-166.6999999999971,T,22915.9
2025-07-17,2025,"(1.0, 0.75)",-1,-0.8363816114681053,-166.6999999999971,T,22915.9
2025-07-17,2025,"(1.0, 1.0)",-1,-0.8363816114681053,-166.6999999999971,T,22915.9
2025-07-25,2025,"(0.5, 0.5)",-1,-0.22528614059607202,-18.799999999999272,T,23256.7
2025-07-25,2025,"(0.5, 0.75)",-1,-0.22528614059607202,-18.799999999999272,T,23256.7
2025-07-25,2025,"(0.5, 1.0)",-1,-0.22528614059607202,-18.799999999999272,T,23256.7
2025-07-25,2025,"(0.75, 0.5)",-1,-0.15019076039738136,-18.799999999999272,T,23256.7
2025-07-25,2025,"(0.75, 0.75)",-1,-0.15019076039738136,-18.799999999999272,T,23256.7
2025-07-25,2025,"(0.75, 1.0)",-1,-0.15019076039738136,-18.799999999999272,T,23256.7
2025-07-25,2025,"(1.0, 0.5)",-1,-0.11264307029803601,-18.799999999999272,T,23256.7
2025-07-25,2025,"(1.0, 0.75)",-1,-0.11264307029803601,-18.799999999999272,T,23256.7
2025-07-25,2025,"(1.0, 1.0)",-1,-0.11264307029803601,-18.799999999999272,T,23256.7
2025-08-06,2025,"(0.5, 0.5)",-1,-0.2720222708291965,-31.700000000000728,T,23280.0
2025-08-06,2025,"(0.5, 0.75)",-1,-0.2720222708291965,-31.700000000000728,T,23280.0
2025-08-06,2025,"(0.5, 1.0)",-1,-0.2720222708291965,-31.700000000000728,T,23280.0
2025-08-06,2025,"(0.75, 0.5)",-1,-0.18134818055279767,-31.700000000000728,T,23280.0
2025-08-06,2025,"(0.75, 0.75)",-1,-0.18134818055279767,-31.700000000000728,T,23280.0
2025-08-06,2025,"(0.75, 1.0)",-1,-0.18134818055279767,-31.700000000000728,T,23280.0
2025-08-06,2025,"(1.0, 0.5)",-1,-0.13601113541459825,-31.700000000000728,T,23280.0
2025-08-06,2025,"(1.0, 0.75)",-1,-0.13601113541459825,-31.700000000000728,T,23280.0
2025-08-06,2025,"(1.0, 1.0)",-1,-0.13601113541459825,-31.700000000000728,T,23280.0
2025-08-11,2025,"(0.5, 0.5)",-1,0.3110948828960568,45.10000000000218,T,23580.2
2025-08-11,2025,"(0.5, 0.75)",-1,0.3110948828960568,45.10000000000218,T,23580.2
2025-08-11,2025,"(0.5, 1.0)",-1,0.3110948828960568,45.10000000000218,T,23580.2
2025-08-11,2025,"(0.75, 0.5)",-1,0.20739658859737117,45.10000000000218,T,23580.2
2025-08-11,2025,"(0.75, 0.75)",-1,0.20739658859737117,45.10000000000218,T,23580.2
2025-08-11,2025,"(0.75, 1.0)",-1,0.20739658859737117,45.10000000000218,T,23580.2
2025-08-11,2025,"(1.0, 0.5)",-1,0.1555474414480284,45.10000000000218,T,23580.2
2025-08-11,2025,"(1.0, 0.75)",-1,0.1555474414480284,45.10000000000218,T,23580.2
2025-08-11,2025,"(1.0, 1.0)",-1,0.1555474414480284,45.10000000000218,T,23580.2
2025-08-12,2025,"(0.5, 0.5)",-1,-1.018360655737705,-136.16071428571428,SL,23637.7
2025-08-12,2025,"(0.5, 0.75)",-1,-1.018360655737705,-136.16071428571428,SL,23637.7
2025-08-12,2025,"(0.5, 1.0)",-1,-1.018360655737705,-136.16071428571428,SL,23637.7
2025-08-12,2025,"(0.75, 0.5)",-1,-1.01224043715847,-204.24107142857142,SL,23637.7
2025-08-12,2025,"(0.75, 0.75)",-1,-1.01224043715847,-204.24107142857142,SL,23637.7
2025-08-12,2025,"(0.75, 1.0)",-1,-1.01224043715847,-204.24107142857142,SL,23637.7
2025-08-12,2025,"(1.0, 0.5)",-1,-0.7204721311475437,-193.70000000000073,T,23637.7
2025-08-12,2025,"(1.0, 0.75)",-1,-0.7204721311475437,-193.70000000000073,T,23637.7
2025-08-12,2025,"(1.0, 1.0)",-1,-0.7204721311475437,-193.70000000000073,T,23637.7
2025-08-14,2025,"(0.5, 0.5)",1,0.09127556860597208,15.599999999998545,T,23806.5
2025-08-14,2025,"(0.5, 0.75)",1,0.09127556860597208,15.599999999998545,T,23806.5
2025-08-14,2025,"(0.5, 1.0)",1,0.09127556860597208,15.599999999998545,T,23806.5
2025-08-14,2025,"(0.75, 0.5)",1,0.060850379070648046,15.599999999998545,T,23806.5
2025-08-14,2025,"(0.75, 0.75)",1,0.060850379070648046,15.599999999998545,T,23806.5
2025-08-14,2025,"(0.75, 1.0)",1,0.060850379070648046,15.599999999998545,T,23806.5
2025-08-14,2025,"(1.0, 0.5)",1,0.04563778430298604,15.599999999998545,T,23806.5
2025-08-14,2025,"(1.0, 0.75)",1,0.04563778430298604,15.599999999998545,T,23806.5
2025-08-14,2025,"(1.0, 1.0)",1,0.04563778430298604,15.599999999998545,T,23806.5
2025-08-15,2025,"(0.5, 0.5)",1,-0.31214388346628386,-42.5,T,23759.1
2025-08-15,2025,"(0.5, 0.75)",1,-0.31214388346628386,-42.5,T,23759.1
2025-08-15,2025,"(0.5, 1.0)",1,-0.31214388346628386,-42.5,T,23759.1
2025-08-15,2025,"(0.75, 0.5)",1,-0.2080959223108559,-42.5,T,23759.1
2025-08-15,2025,"(0.75, 0.75)",1,-0.2080959223108559,-42.5,T,23759.1
2025-08-15,2025,"(0.75, 1.0)",1,-0.2080959223108559,-42.5,T,23759.1
2025-08-15,2025,"(1.0, 0.5)",1,-0.15607194173314193,-42.5,T,23759.1
2025-08-15,2025,"(1.0, 0.75)",1,-0.15607194173314193,-42.5,T,23759.1
2025-08-15,2025,"(1.0, 1.0)",1,-0.15607194173314193,-42.5,T,23759.1
2025-08-18,2025,"(0.5, 0.5)",1,0.31586385010841855,48.79999999999927,T,23661.0
2025-08-18,2025,"(0.5, 0.75)",1,0.31586385010841855,48.79999999999927,T,23661.0
2025-08-18,2025,"(0.5, 1.0)",1,0.31586385010841855,48.79999999999927,T,23661.0
2025-08-18,2025,"(0.75, 0.5)",1,0.21057590007227903,48.79999999999927,T,23661.0
2025-08-18,2025,"(0.75, 0.75)",1,0.21057590007227903,48.79999999999927,T,23661.0
2025-08-18,2025,"(0.75, 1.0)",1,0.21057590007227903,48.79999999999927,T,23661.0
2025-08-18,2025,"(1.0, 0.5)",1,0.15793192505420928,48.79999999999927,T,23661.0
2025-08-18,2025,"(1.0, 0.75)",1,0.15793192505420928,48.79999999999927,T,23661.0
2025-08-18,2025,"(1.0, 1.0)",1,0.15793192505420928,48.79999999999927,T,23661.0
2025-08-26,2025,"(0.5, 0.5)",1,0.9809673998749286,131.35357142857148,TP,23376.0
2025-08-26,2025,"(0.5, 0.75)",1,1.0772451670790393,144.0,T,23376.0
2025-08-26,2025,"(0.5, 1.0)",1,1.0772451670790393,144.0,T,23376.0
2025-08-26,2025,"(0.75, 0.5)",1,0.6539782665832858,131.35357142857148,TP,23376.0
2025-08-26,2025,"(0.75, 0.75)",1,0.7181634447193596,144.0,T,23376.0
2025-08-26,2025,"(0.75, 1.0)",1,0.7181634447193596,144.0,T,23376.0
2025-08-26,2025,"(1.0, 0.5)",1,0.4904836999374643,131.35357142857148,TP,23376.0
2025-08-26,2025,"(1.0, 0.75)",1,0.5386225835395196,144.0,T,23376.0
2025-08-26,2025,"(1.0, 1.0)",1,0.5386225835395196,144.0,T,23376.0
2025-09-11,2025,"(0.5, 0.5)",-1,-0.2135554714123488,-25.700000000000728,T,23957.3
2025-09-11,2025,"(0.5, 0.75)",-1,-0.2135554714123488,-25.700000000000728,T,23957.3
2025-09-11,2025,"(0.5, 1.0)",-1,-0.2135554714123488,-25.700000000000728,T,23957.3
2025-09-11,2025,"(0.75, 0.5)",-1,-0.14237031427489918,-25.700000000000728,T,23957.3
2025-09-11,2025,"(0.75, 0.75)",-1,-0.14237031427489918,-25.700000000000728,T,23957.3
2025-09-11,2025,"(0.75, 1.0)",-1,-0.14237031427489918,-25.700000000000728,T,23957.3
2025-09-11,2025,"(1.0, 0.5)",-1,-0.1067777357061744,-25.700000000000728,T,23957.3
2025-09-11,2025,"(1.0, 0.75)",-1,-0.1067777357061744,-25.700000000000728,T,23957.3
2025-09-11,2025,"(1.0, 1.0)",-1,-0.1067777357061744,-25.700000000000728,T,23957.3
2025-09-12,2025,"(0.5, 0.5)",-1,-0.590136941189378,-74.29999999999927,T,24014.8
2025-09-12,2025,"(0.5, 0.75)",-1,-0.590136941189378,-74.29999999999927,T,24014.8
2025-09-12,2025,"(0.5, 1.0)",-1,-0.590136941189378,-74.29999999999927,T,24014.8
2025-09-12,2025,"(0.75, 0.5)",-1,-0.39342462745958534,-74.29999999999927,T,24014.8
2025-09-12,2025,"(0.75, 0.75)",-1,-0.39342462745958534,-74.29999999999927,T,24014.8
2025-09-12,2025,"(0.75, 1.0)",-1,-0.39342462745958534,-74.29999999999927,T,24014.8
2025-09-12,2025,"(1.0, 0.5)",-1,-0.295068470594689,-74.29999999999927,T,24014.8
2025-09-12,2025,"(1.0, 0.75)",-1,-0.295068470594689,-74.29999999999927,T,24014.8
2025-09-12,2025,"(1.0, 1.0)",-1,-0.295068470594689,-74.29999999999927,T,24014.8
2025-09-19,2025,"(0.5, 0.5)",-1,-0.47217935407841327,-57.60000000000218,T,24558.1
2025-09-19,2025,"(0.5, 0.75)",-1,-0.47217935407841327,-57.60000000000218,T,24558.1
2025-09-19,2025,"(0.5, 1.0)",-1,-0.47217935407841327,-57.60000000000218,T,24558.1
2025-09-19,2025,"(0.75, 0.5)",-1,-0.3147862360522755,-57.60000000000218,T,24558.1
2025-09-19,2025,"(0.75, 0.75)",-1,-0.3147862360522755,-57.60000000000218,T,24558.1
2025-09-19,2025,"(0.75, 1.0)",-1,-0.3147862360522755,-57.60000000000218,T,24558.1
2025-09-19,2025,"(1.0, 0.5)",-1,-0.23608967703920664,-57.60000000000218,T,24558.1
2025-09-19,2025,"(1.0, 0.75)",-1,-0.23608967703920664,-57.60000000000218,T,24558.1
2025-09-19,2025,"(1.0, 1.0)",-1,-0.23608967703920664,-57.60000000000218,T,24558.1
2025-10-01,2025,"(0.5, 0.5)",-1,-1.0221518987341771,-112.85714285714299,SL,24674.2
2025-10-01,2025,"(0.5, 0.75)",-1,-1.0221518987341771,-112.85714285714299,SL,24674.2
2025-10-01,2025,"(0.5, 1.0)",-1,-1.0221518987341771,-112.85714285714299,SL,24674.2
2025-10-01,2025,"(0.75, 0.5)",-1,-0.7070886075949402,-117.20000000000073,T,24674.2
2025-10-01,2025,"(0.75, 0.75)",-1,-0.7070886075949402,-117.20000000000073,T,24674.2
2025-10-01,2025,"(0.75, 1.0)",-1,-0.7070886075949402,-117.20000000000073,T,24674.2
2025-10-01,2025,"(1.0, 0.5)",-1,-0.5303164556962051,-117.20000000000073,T,24674.2
2025-10-01,2025,"(1.0, 0.75)",-1,-0.5303164556962051,-117.20000000000073,T,24674.2
2025-10-01,2025,"(1.0, 1.0)",-1,-0.5303164556962051,-117.20000000000073,T,24674.2
2025-10-03,2025,"(0.5, 0.5)",-1,0.9788749396426847,118.34285714285708,TP,24937.6
2025-10-03,2025,"(0.5, 0.75)",-1,1.4788749396426846,177.51428571428562,TP,24937.6
2025-10-03,2025,"(0.5, 1.0)",-1,1.2506035731530667,150.5,T,24937.6
2025-10-03,2025,"(0.75, 0.5)",-1,0.6525832930951232,118.34285714285708,TP,24937.6
2025-10-03,2025,"(0.75, 0.75)",-1,0.9859166264284565,177.51428571428562,TP,24937.6
2025-10-03,2025,"(0.75, 1.0)",-1,0.8337357154353778,150.5,T,24937.6
2025-10-03,2025,"(1.0, 0.5)",-1,0.48943746982134234,118.34285714285708,TP,24937.6
2025-10-03,2025,"(1.0, 0.75)",-1,0.7394374698213423,177.51428571428562,TP,24937.6
2025-10-03,2025,"(1.0, 1.0)",-1,0.6253017865765333,150.5,T,24937.6
2025-10-03,2025,"(0.5, 0.5)",1,0.037180106228856515,6.899999999997817,T,24780.2
2025-10-03,2025,"(0.5, 0.75)",1,0.037180106228856515,6.899999999997817,T,24780.2
2025-10-03,2025,"(0.5, 1.0)",1,0.037180106228856515,6.899999999997817,T,24780.2
2025-10-03,2025,"(0.75, 0.5)",1,0.024786737485904344,6.899999999997817,T,24780.2
2025-10-03,2025,"(0.75, 0.75)",1,0.024786737485904344,6.899999999997817,T,24780.2
2025-10-03,2025,"(0.75, 1.0)",1,0.024786737485904344,6.899999999997817,T,24780.2
2025-10-03,2025,"(1.0, 0.5)",1,0.018590053114428257,6.899999999997817,T,24780.2
2025-10-03,2025,"(1.0, 0.75)",1,0.018590053114428257,6.899999999997817,T,24780.2
2025-10-03,2025,"(1.0, 1.0)",1,0.018590053114428257,6.899999999997817,T,24780.2
2025-10-06,2025,"(0.5, 0.5)",-1,-0.13788575180564697,-14.0,T,24960.9
2025-10-06,2025,"(0.5, 0.75)",-1,-0.13788575180564697,-14.0,T,24960.9
2025-10-06,2025,"(0.5, 1.0)",-1,-0.13788575180564697,-14.0,T,24960.9
2025-10-06,2025,"(0.75, 0.5)",-1,-0.09192383453709799,-14.0,T,24960.9
2025-10-06,2025,"(0.75, 0.75)",-1,-0.09192383453709799,-14.0,T,24960.9
2025-10-06,2025,"(0.75, 1.0)",-1,-0.09192383453709799,-14.0,T,24960.9
2025-10-06,2025,"(1.0, 0.5)",-1,-0.06894287590282348,-14.0,T,24960.9
2025-10-06,2025,"(1.0, 0.75)",-1,-0.06894287590282348,-14.0,T,24960.9
2025-10-06,2025,"(1.0, 1.0)",-1,-0.06894287590282348,-14.0,T,24960.9
2025-10-07,2025,"(0.5, 0.5)",-1,0.9800745780080271,125.46785714285708,TP,25040.2
2025-10-07,2025,"(0.5, 0.75)",-1,1.480074578008027,188.20178571428562,TP,25040.2
2025-10-07,2025,"(0.5, 1.0)",-1,1.980074578008027,250.93571428571417,TP,25040.2
2025-10-07,2025,"(0.75, 0.5)",-1,0.6533830520053514,125.46785714285708,TP,25040.2
2025-10-07,2025,"(0.75, 0.75)",-1,0.9867163853386848,188.20178571428562,TP,25040.2
2025-10-07,2025,"(0.75, 1.0)",-1,1.3200497186720181,250.93571428571417,TP,25040.2
2025-10-07,2025,"(1.0, 0.5)",-1,0.49003728900401355,125.46785714285708,TP,25040.2
2025-10-07,2025,"(1.0, 0.75)",-1,0.7400372890040136,188.20178571428562,TP,25040.2
2025-10-07,2025,"(1.0, 1.0)",-1,0.9900372890040136,250.93571428571417,TP,25040.2
2025-10-08,2025,"(0.5, 0.5)",-1,-0.6089576220124465,-73.29999999999927,T,25053.9
2025-10-08,2025,"(0.5, 0.75)",-1,-0.6089576220124465,-73.29999999999927,T,25053.9
2025-10-08,2025,"(0.5, 1.0)",-1,-0.6089576220124465,-73.29999999999927,T,25053.9
2025-10-08,2025,"(0.75, 0.5)",-1,-0.40597174800829766,-73.29999999999927,T,25053.9
2025-10-08,2025,"(0.75, 0.75)",-1,-0.40597174800829766,-73.29999999999927,T,25053.9
2025-10-08,2025,"(0.75, 1.0)",-1,-0.40597174800829766,-73.29999999999927,T,25053.9
2025-10-08,2025,"(1.0, 0.5)",-1,-0.30447881100622326,-73.29999999999927,T,25053.9
2025-10-08,2025,"(1.0, 0.75)",-1,-0.30447881100622326,-73.29999999999927,T,25053.9
2025-10-08,2025,"(1.0, 1.0)",-1,-0.30447881100622326,-73.29999999999927,T,25053.9
2025-10-10,2025,"(0.5, 0.5)",1,-1.0204630495790459,-122.17142857142855,SL,25006.1
2025-10-10,2025,"(0.5, 0.75)",1,-1.0204630495790459,-122.17142857142855,SL,25006.1
2025-10-10,2025,"(0.5, 1.0)",1,-1.0204630495790459,-122.17142857142855,SL,25006.1
2025-10-10,2025,"(0.75, 0.5)",1,-1.0136420330526972,-183.2571428571428,SL,25006.1
2025-10-10,2025,"(0.75, 0.75)",1,-1.0136420330526972,-183.2571428571428,SL,25006.1
2025-10-10,2025,"(0.75, 1.0)",1,-1.0136420330526972,-183.2571428571428,SL,25006.1
2025-10-10,2025,"(1.0, 0.5)",1,-1.0102315247895228,-244.3428571428571,SL,25006.1
2025-10-10,2025,"(1.0, 0.75)",1,-1.0102315247895228,-244.3428571428571,SL,25006.1
2025-10-10,2025,"(1.0, 1.0)",1,-1.0102315247895228,-244.3428571428571,SL,25006.1
2025-10-16,2025,"(0.5, 0.5)",-1,0.9858187638013817,176.28928571428565,TP,24881.4
2025-10-16,2025,"(0.5, 0.75)",-1,1.4858187638013818,264.4339285714285,TP,24881.4
2025-10-16,2025,"(0.5, 1.0)",-1,1.9858187638013816,352.5785714285713,TP,24881.4
2025-10-16,2025,"(0.75, 0.5)",-1,0.657212509200921,176.28928571428565,TP,24881.4
2025-10-16,2025,"(0.75, 0.75)",-1,0.9905458425342545,264.4339285714285,TP,24881.4
2025-10-16,2025,"(0.75, 1.0)",-1,1.3238791758675876,352.5785714285713,TP,24881.4
2025-10-16,2025,"(1.0, 0.5)",-1,0.49290938190069084,176.28928571428565,TP,24881.4
2025-10-16,2025,"(1.0, 0.75)",-1,0.7429093819006909,264.4339285714285,TP,24881.4
2025-10-16,2025,"(1.0, 1.0)",-1,0.9929093819006908,352.5785714285713,TP,24881.4
2025-10-16,2025,"(0.5, 0.5)",1,0.9858187638013817,176.28928571428565,TP,24496.1
2025-10-16,2025,"(0.5, 0.75)",1,0.9041956200239141,161.90000000000146,T,24496.1
2025-10-16,2025,"(0.5, 1.0)",1,0.9041956200239141,161.90000000000146,T,24496.1
2025-10-16,2025,"(0.75, 0.5)",1,0.657212509200921,176.28928571428565,TP,24496.1
2025-10-16,2025,"(0.75, 0.75)",1,0.6027970800159427,161.90000000000146,T,24496.1
2025-10-16,2025,"(0.75, 1.0)",1,0.6027970800159427,161.90000000000146,T,24496.1
2025-10-16,2025,"(1.0, 0.5)",1,0.49290938190069084,176.28928571428565,TP,24496.1
2025-10-16,2025,"(1.0, 0.75)",1,0.45209781001195704,161.90000000000146,T,24496.1
2025-10-16,2025,"(1.0, 1.0)",1,0.45209781001195704,161.90000000000146,T,24496.1
2025-10-23,2025,"(0.5, 0.5)",-1,0.07513943943592437,17.799999999999272,T,25112.3
2025-10-23,2025,"(0.5, 0.75)",-1,0.07513943943592437,17.799999999999272,T,25112.3
2025-10-23,2025,"(0.5, 1.0)",-1,0.07513943943592437,17.799999999999272,T,25112.3
2025-10-23,2025,"(0.75, 0.5)",-1,0.05009295962394958,17.799999999999272,T,25112.3
2025-10-23,2025,"(0.75, 0.75)",-1,0.05009295962394958,17.799999999999272,T,25112.3
2025-10-23,2025,"(0.75, 1.0)",-1,0.05009295962394958,17.799999999999272,T,25112.3
2025-10-23,2025,"(1.0, 0.5)",-1,0.037569719717962184,17.799999999999272,T,25112.3
2025-10-23,2025,"(1.0, 0.75)",-1,0.037569719717962184,17.799999999999272,T,25112.3
2025-10-23,2025,"(1.0, 1.0)",-1,0.037569719717962184,17.799999999999272,T,25112.3
2025-10-31,2025,"(0.5, 0.5)",-1,0.987254652052001,196.15000000000015,TP,26022.8
2025-10-31,2025,"(0.5, 0.75)",-1,0.8264083609482459,164.59999999999854,T,26022.8
2025-10-31,2025,"(0.5, 1.0)",-1,0.8264083609482459,164.59999999999854,T,26022.8
2025-10-31,2025,"(0.75, 0.5)",-1,0.6581697680346673,196.15000000000015,TP,26022.8
2025-10-31,2025,"(0.75, 0.75)",-1,0.5509389072988305,164.59999999999854,T,26022.8
2025-10-31,2025,"(0.75, 1.0)",-1,0.5509389072988305,164.59999999999854,T,26022.8
2025-10-31,2025,"(1.0, 0.5)",-1,0.4936273260260005,196.15000000000015,TP,26022.8
2025-10-31,2025,"(1.0, 0.75)",-1,0.41320418047412294,164.59999999999854,T,26022.8
2025-10-31,2025,"(1.0, 1.0)",-1,0.41320418047412294,164.59999999999854,T,26022.8
2025-11-12,2025,"(0.5, 0.5)",-1,0.2428231187389631,50.19999999999709,T,25572.1
2025-11-12,2025,"(0.5, 0.75)",-1,0.2428231187389631,50.19999999999709,T,25572.1
2025-11-12,2025,"(0.5, 1.0)",-1,0.2428231187389631,50.19999999999709,T,25572.1
2025-11-12,2025,"(0.75, 0.5)",-1,0.16188207915930872,50.19999999999709,T,25572.1
2025-11-12,2025,"(0.75, 0.75)",-1,0.16188207915930872,50.19999999999709,T,25572.1
2025-11-12,2025,"(0.75, 1.0)",-1,0.16188207915930872,50.19999999999709,T,25572.1
2025-11-12,2025,"(1.0, 0.5)",-1,0.12141155936948154,50.19999999999709,T,25572.1
2025-11-12,2025,"(1.0, 0.75)",-1,0.12141155936948154,50.19999999999709,T,25572.1
2025-11-12,2025,"(1.0, 1.0)",-1,0.12141155936948154,50.19999999999709,T,25572.1
2025-11-18,2025,"(0.5, 0.5)",1,-1.011206634327522,-223.08214285714283,SL,24658.2
2025-11-18,2025,"(0.5, 0.75)",1,-1.011206634327522,-223.08214285714283,SL,24658.2
2025-11-18,2025,"(0.5, 1.0)",1,-1.011206634327522,-223.08214285714283,SL,24658.2
2025-11-18,2025,"(0.75, 0.5)",1,-1.0074710895516812,-334.62321428571425,SL,24658.2
2025-11-18,2025,"(0.75, 0.75)",1,-1.0074710895516812,-334.62321428571425,SL,24658.2
2025-11-18,2025,"(0.75, 1.0)",1,-1.0074710895516812,-334.62321428571425,SL,24658.2
2025-11-18,2025,"(1.0, 0.5)",1,-0.3713878616140772,-163.20000000000073,T,24658.2
2025-11-18,2025,"(1.0, 0.75)",1,-0.3713878616140772,-163.20000000000073,T,24658.2
2025-11-18,2025,"(1.0, 1.0)",1,-0.3713878616140772,-163.20000000000073,T,24658.2
2025-11-20,2025,"(0.5, 0.5)",1,-1.0107115531752104,-233.39285714285714,SL,24447.6
2025-11-20,2025,"(0.5, 0.75)",1,-1.0107115531752104,-233.39285714285714,SL,24447.6
2025-11-20,2025,"(0.5, 1.0)",1,-1.0107115531752104,-233.39285714285714,SL,24447.6
2025-11-20,2025,"(0.75, 0.5)",1,-1.0071410354501402,-350.0892857142857,SL,24447.6
2025-11-20,2025,"(0.75, 0.75)",1,-1.0071410354501402,-350.0892857142857,SL,24447.6
2025-11-20,2025,"(0.75, 1.0)",1,-1.0071410354501402,-350.0892857142857,SL,24447.6
2025-11-20,2025,"(1.0, 0.5)",1,-0.8579954093343535,-398.0,T,24447.6
2025-11-20,2025,"(1.0, 0.75)",1,-0.8579954093343535,-398.0,T,24447.6
2025-11-20,2025,"(1.0, 1.0)",1,-0.8579954093343535,-398.0,T,24447.6
2025-11-21,2025,"(0.5, 0.5)",1,0.9905554731033366,264.7035714285715,TP,24065.3
2025-11-21,2025,"(0.5, 0.75)",1,1.4905554731033368,397.05535714285725,TP,24065.3
2025-11-21,2025,"(0.5, 1.0)",1,0.6607391016905757,177.40000000000146,T,24065.3
2025-11-21,2025,"(0.75, 0.5)",1,0.6603703154022244,264.7035714285715,TP,24065.3
2025-11-21,2025,"(0.75, 0.75)",1,0.9937036487355577,397.05535714285725,TP,24065.3
2025-11-21,2025,"(0.75, 1.0)",1,0.4404927344603838,177.40000000000146,T,24065.3
2025-11-21,2025,"(1.0, 0.5)",1,0.4952777365516683,264.7035714285715,TP,24065.3
2025-11-21,2025,"(1.0, 0.75)",1,0.7452777365516684,397.05535714285725,TP,24065.3
2025-11-21,2025,"(1.0, 1.0)",1,0.33036955084528785,177.40000000000146,T,24065.3
2025-12-01,2025,"(0.5, 0.5)",-1,-0.14552605703048438,-38.20000000000073,T,25311.5
2025-12-01,2025,"(0.5, 0.75)",-1,-0.14552605703048438,-38.20000000000073,T,25311.5
2025-12-01,2025,"(0.5, 1.0)",-1,-0.14552605703048438,-38.20000000000073,T,25311.5
2025-12-01,2025,"(0.75, 0.5)",-1,-0.09701737135365625,-38.20000000000073,T,25311.5
2025-12-01,2025,"(0.75, 0.75)",-1,-0.09701737135365625,-38.20000000000073,T,25311.5
2025-12-01,2025,"(0.75, 1.0)",-1,-0.09701737135365625,-38.20000000000073,T,25311.5
2025-12-01,2025,"(1.0, 0.5)",-1,-0.07276302851524219,-38.20000000000073,T,25311.5
2025-12-01,2025,"(1.0, 0.75)",-1,-0.07276302851524219,-38.20000000000073,T,25311.5
2025-12-01,2025,"(1.0, 1.0)",-1,-0.07276302851524219,-38.20000000000073,T,25311.5
2025-12-03,2025,"(0.5, 0.5)",-1,0.018919701587219662,7.400000000001455,T,25619.0
2025-12-03,2025,"(0.5, 0.75)",-1,0.018919701587219662,7.400000000001455,T,25619.0
2025-12-03,2025,"(0.5, 1.0)",-1,0.018919701587219662,7.400000000001455,T,25619.0
2025-12-03,2025,"(0.75, 0.5)",-1,0.012613134391479775,7.400000000001455,T,25619.0
2025-12-03,2025,"(0.75, 0.75)",-1,0.012613134391479775,7.400000000001455,T,25619.0
2025-12-03,2025,"(0.75, 1.0)",-1,0.012613134391479775,7.400000000001455,T,25619.0
2025-12-03,2025,"(1.0, 0.5)",-1,0.009459850793609831,7.400000000001455,T,25619.0
2025-12-03,2025,"(1.0, 0.75)",-1,0.009459850793609831,7.400000000001455,T,25619.0
2025-12-03,2025,"(1.0, 1.0)",-1,0.009459850793609831,7.400000000001455,T,25619.0
2025-12-04,2025,"(0.5, 0.5)",-1,-0.2673774748904246,-67.0,T,25515.2
2025-12-04,2025,"(0.5, 0.75)",-1,-0.2673774748904246,-67.0,T,25515.2
2025-12-04,2025,"(0.5, 1.0)",-1,-0.2673774748904246,-67.0,T,25515.2
2025-12-04,2025,"(0.75, 0.5)",-1,-0.17825164992694975,-67.0,T,25515.2
2025-12-04,2025,"(0.75, 0.75)",-1,-0.17825164992694975,-67.0,T,25515.2
2025-12-04,2025,"(0.75, 1.0)",-1,-0.17825164992694975,-67.0,T,25515.2
2025-12-04,2025,"(1.0, 0.5)",-1,-0.1336887374452123,-67.0,T,25515.2
2025-12-04,2025,"(1.0, 0.75)",-1,-0.1336887374452123,-67.0,T,25515.2
2025-12-04,2025,"(1.0, 1.0)",-1,-0.1336887374452123,-67.0,T,25515.2
2025-12-09,2025,"(0.5, 0.5)",1,0.5124489037532388,120.69999999999709,T,25546.9
2025-12-09,2025,"(0.5, 0.75)",1,0.5124489037532388,120.69999999999709,T,25546.9
2025-12-09,2025,"(0.5, 1.0)",1,0.5124489037532388,120.69999999999709,T,25546.9
2025-12-09,2025,"(0.75, 0.5)",1,0.3416326025021592,120.69999999999709,T,25546.9
2025-12-09,2025,"(0.75, 0.75)",1,0.3416326025021592,120.69999999999709,T,25546.9
2025-12-09,2025,"(0.75, 1.0)",1,0.3416326025021592,120.69999999999709,T,25546.9
2025-12-09,2025,"(1.0, 0.5)",1,0.2562244518766194,120.69999999999709,T,25546.9
2025-12-09,2025,"(1.0, 0.75)",1,0.2562244518766194,120.69999999999709,T,25546.9
2025-12-09,2025,"(1.0, 1.0)",1,0.2562244518766194,120.69999999999709,T,25546.9
2025-12-10,2025,"(0.5, 0.5)",-1,-0.390409950085921,-82.70000000000073,T,25689.6
2025-12-10,2025,"(0.5, 0.75)",-1,-0.390409950085921,-82.70000000000073,T,25689.6
2025-12-10,2025,"(0.5, 1.0)",-1,-0.390409950085921,-82.70000000000073,T,25689.6
2025-12-10,2025,"(0.75, 0.5)",-1,-0.26027330005728067,-82.70000000000073,T,25689.6
2025-12-10,2025,"(0.75, 0.75)",-1,-0.26027330005728067,-82.70000000000073,T,25689.6
2025-12-10,2025,"(0.75, 1.0)",-1,-0.26027330005728067,-82.70000000000073,T,25689.6
2025-12-10,2025,"(1.0, 0.5)",-1,-0.1952049750429605,-82.70000000000073,T,25689.6
2025-12-10,2025,"(1.0, 0.75)",-1,-0.1952049750429605,-82.70000000000073,T,25689.6
2025-12-10,2025,"(1.0, 1.0)",-1,-0.1952049750429605,-82.70000000000073,T,25689.6
2025-12-10,2025,"(0.5, 0.5)",1,0.9885443089763521,218.23214285714286,TP,25535.8
2025-12-10,2025,"(0.5, 0.75)",1,1.072252679813436,236.5,T,25535.8
2025-12-10,2025,"(0.5, 1.0)",1,1.072252679813436,236.5,T,25535.8
2025-12-10,2025,"(0.75, 0.5)",1,0.6590295393175681,218.23214285714286,TP,25535.8
2025-12-10,2025,"(0.75, 0.75)",1,0.714835119875624,236.5,T,25535.8
2025-12-10,2025,"(0.75, 1.0)",1,0.714835119875624,236.5,T,25535.8
2025-12-10,2025,"(1.0, 0.5)",1,0.4942721544881761,218.23214285714286,TP,25535.8
2025-12-10,2025,"(1.0, 0.75)",1,0.536126339906718,236.5,T,25535.8
2025-12-10,2025,"(1.0, 1.0)",1,0.536126339906718,236.5,T,25535.8
2025-12-16,2025,"(0.5, 0.5)",1,0.5174537987679633,94.29999999999927,T,25023.3
2025-12-16,2025,"(0.5, 0.75)",1,0.5174537987679633,94.29999999999927,T,25023.3
2025-12-16,2025,"(0.5, 1.0)",1,0.5174537987679633,94.29999999999927,T,25023.3
2025-12-16,2025,"(0.75, 0.5)",1,0.3449691991786422,94.29999999999927,T,25023.3
2025-12-16,2025,"(0.75, 0.75)",1,0.3449691991786422,94.29999999999927,T,25023.3
2025-12-16,2025,"(0.75, 1.0)",1,0.3449691991786422,94.29999999999927,T,25023.3
2025-12-16,2025,"(1.0, 0.5)",1,0.25872689938398163,94.29999999999927,T,25023.3
2025-12-16,2025,"(1.0, 0.75)",1,0.25872689938398163,94.29999999999927,T,25023.3
2025-12-16,2025,"(1.0, 1.0)",1,0.25872689938398163,94.29999999999927,T,25023.3
2025-12-17,2025,"(0.5, 0.5)",-1,0.9846231575247677,162.5821428571427,TP,25150.7
2025-12-17,2025,"(0.5, 0.75)",-1,1.4846231575247677,243.87321428571408,TP,25150.7
2025-12-17,2025,"(0.5, 1.0)",-1,1.9846231575247677,325.1642857142854,TP,25150.7
2025-12-17,2025,"(0.75, 0.5)",-1,0.6564154383498451,162.5821428571427,TP,25150.7
2025-12-17,2025,"(0.75, 0.75)",-1,0.9897487716831784,243.87321428571408,TP,25150.7
2025-12-17,2025,"(0.75, 1.0)",-1,1.3230821050165118,325.1642857142854,TP,25150.7
2025-12-17,2025,"(1.0, 0.5)",-1,0.49231157876238385,162.5821428571427,TP,25150.7
2025-12-17,2025,"(1.0, 0.75)",-1,0.7423115787623839,243.87321428571408,TP,25150.7
2025-12-17,2025,"(1.0, 1.0)",-1,0.9923115787623839,325.1642857142854,TP,25150.7
2025-12-23,2025,"(0.5, 0.5)",-1,-0.15773002295013563,-24.5,T,25552.8
2025-12-23,2025,"(0.5, 0.75)",-1,-0.15773002295013563,-24.5,T,25552.8
2025-12-23,2025,"(0.5, 1.0)",-1,-0.15773002295013563,-24.5,T,25552.8
2025-12-23,2025,"(0.75, 0.5)",-1,-0.10515334863342375,-24.5,T,25552.8
2025-12-23,2025,"(0.75, 0.75)",-1,-0.10515334863342375,-24.5,T,25552.8
2025-12-23,2025,"(0.75, 1.0)",-1,-0.10515334863342375,-24.5,T,25552.8
2025-12-23,2025,"(1.0, 0.5)",-1,-0.07886501147506782,-24.5,T,25552.8
2025-12-23,2025,"(1.0, 0.75)",-1,-0.07886501147506782,-24.5,T,25552.8
2025-12-23,2025,"(1.0, 1.0)",-1,-0.07886501147506782,-24.5,T,25552.8
2026-01-02,2026,"(0.5, 0.5)",-1,0.9844840961986036,161.125,TP,25468.9
2026-01-02,2026,"(0.5, 0.75)",-1,1.4844840961986037,241.6875,TP,25468.9
2026-01-02,2026,"(0.5, 1.0)",-1,1.9844840961986037,322.25,TP,25468.9
2026-01-02,2026,"(0.75, 0.5)",-1,0.656322730799069,161.125,TP,25468.9
2026-01-02,2026,"(0.75, 0.75)",-1,0.9896560641324024,241.6875,TP,25468.9
2026-01-02,2026,"(0.75, 1.0)",-1,1.3229893974657356,322.25,TP,25468.9
2026-01-02,2026,"(1.0, 0.5)",-1,0.4922420480993018,161.125,TP,25468.9
2026-01-02,2026,"(1.0, 0.75)",-1,0.7422420480993018,241.6875,TP,25468.9
2026-01-02,2026,"(1.0, 1.0)",-1,0.9922420480993018,322.25,TP,25468.9
2026-01-09,2026,"(0.5, 0.5)",-1,-1.01697710516104,-147.257142857143,SL,25623.6
2026-01-09,2026,"(0.5, 0.75)",-1,-1.01697710516104,-147.257142857143,SL,25623.6
2026-01-09,2026,"(0.5, 1.0)",-1,-1.01697710516104,-147.257142857143,SL,25623.6
2026-01-09,2026,"(0.75, 0.5)",-1,-0.6238520243176946,-135.3000000000029,T,25623.6
2026-01-09,2026,"(0.75, 0.75)",-1,-0.6238520243176946,-135.3000000000029,T,25623.6
2026-01-09,2026,"(0.75, 1.0)",-1,-0.6238520243176946,-135.3000000000029,T,25623.6
2026-01-09,2026,"(1.0, 0.5)",-1,-0.46788901823827095,-135.3000000000029,T,25623.6
2026-01-09,2026,"(1.0, 0.75)",-1,-0.46788901823827095,-135.3000000000029,T,25623.6
2026-01-09,2026,"(1.0, 1.0)",-1,-0.46788901823827095,-135.3000000000029,T,25623.6
2026-01-13,2026,"(0.5, 0.5)",-1,0.9810969187977641,132.25357142857163,TP,25824.4
2026-01-13,2026,"(0.5, 0.75)",-1,0.6230455564257075,84.90000000000146,T,25824.4
2026-01-13,2026,"(0.5, 1.0)",-1,0.6230455564257075,84.90000000000146,T,25824.4
2026-01-13,2026,"(0.75, 0.5)",-1,0.6540646125318427,132.25357142857163,TP,25824.4
2026-01-13,2026,"(0.75, 0.75)",-1,0.4153637042838049,84.90000000000146,T,25824.4
2026-01-13,2026,"(0.75, 1.0)",-1,0.4153637042838049,84.90000000000146,T,25824.4
2026-01-13,2026,"(1.0, 0.5)",-1,0.49054845939888203,132.25357142857163,TP,25824.4
2026-01-13,2026,"(1.0, 0.75)",-1,0.31152277821285373,84.90000000000146,T,25824.4
2026-01-13,2026,"(1.0, 1.0)",-1,0.31152277821285373,84.90000000000146,T,25824.4
2026-01-16,2026,"(0.5, 0.5)",1,0.05212840897656249,9.900000000001455,T,25519.3
2026-01-16,2026,"(0.5, 0.75)",1,0.05212840897656249,9.900000000001455,T,25519.3
2026-01-16,2026,"(0.5, 1.0)",1,0.05212840897656249,9.900000000001455,T,25519.3
2026-01-16,2026,"(0.75, 0.5)",1,0.03475227265104166,9.900000000001455,T,25519.3
2026-01-16,2026,"(0.75, 0.75)",1,0.03475227265104166,9.900000000001455,T,25519.3
2026-01-16,2026,"(0.75, 1.0)",1,0.03475227265104166,9.900000000001455,T,25519.3
2026-01-16,2026,"(1.0, 0.5)",1,0.026064204488281246,9.900000000001455,T,25519.3
2026-01-16,2026,"(1.0, 0.75)",1,0.026064204488281246,9.900000000001455,T,25519.3
2026-01-16,2026,"(1.0, 1.0)",1,0.026064204488281246,9.900000000001455,T,25519.3
2026-01-21,2026,"(0.5, 0.5)",-1,0.9844623990055935,160.90000000000003,TP,25267.6
2026-01-21,2026,"(0.5, 0.75)",-1,1.4844623990055936,241.35000000000005,TP,25267.6
2026-01-21,2026,"(0.5, 1.0)",-1,-1.0155376009944064,-160.90000000000003,SL,25267.6
2026-01-21,2026,"(0.75, 0.5)",-1,0.656308266003729,160.90000000000003,TP,25267.6
2026-01-21,2026,"(0.75, 0.75)",-1,0.9896415993370623,241.35000000000005,TP,25267.6
2026-01-21,2026,"(0.75, 1.0)",-1,-0.2577170084938915,-59.70000000000073,T,25267.6
2026-01-21,2026,"(1.0, 0.5)",-1,0.49223119950279676,160.90000000000003,TP,25267.6
2026-01-21,2026,"(1.0, 0.75)",-1,0.7422311995027968,241.35000000000005,TP,25267.6
2026-01-21,2026,"(1.0, 1.0)",-1,-0.19328775637041862,-59.70000000000073,T,25267.6
2026-01-26,2026,"(0.5, 0.5)",-1,-0.03767459741146885,-3.7999999999992724,T,25707.7
2026-01-26,2026,"(0.5, 0.75)",-1,-0.03767459741146885,-3.7999999999992724,T,25707.7
2026-01-26,2026,"(0.5, 1.0)",-1,-0.03767459741146885,-3.7999999999992724,T,25707.7
2026-01-26,2026,"(0.75, 0.5)",-1,-0.02511639827431257,-3.7999999999992724,T,25707.7
2026-01-26,2026,"(0.75, 0.75)",-1,-0.02511639827431257,-3.7999999999992724,T,25707.7
2026-01-26,2026,"(0.75, 1.0)",-1,-0.02511639827431257,-3.7999999999992724,T,25707.7
2026-01-26,2026,"(1.0, 0.5)",-1,-0.018837298705734425,-3.7999999999992724,T,25707.7
2026-01-26,2026,"(1.0, 0.75)",-1,-0.018837298705734425,-3.7999999999992724,T,25707.7
2026-01-26,2026,"(1.0, 1.0)",-1,-0.018837298705734425,-3.7999999999992724,T,25707.7
2026-02-02,2026,"(0.5, 0.5)",-1,0.344593116885687,64.39999999999782,T,25805.1
2026-02-02,2026,"(0.5, 0.75)",-1,0.344593116885687,64.39999999999782,T,25805.1
2026-02-02,2026,"(0.5, 1.0)",-1,0.344593116885687,64.39999999999782,T,25805.1
2026-02-02,2026,"(0.75, 0.5)",-1,0.229728744590458,64.39999999999782,T,25805.1
2026-02-02,2026,"(0.75, 0.75)",-1,0.229728744590458,64.39999999999782,T,25805.1
2026-02-02,2026,"(0.75, 1.0)",-1,0.229728744590458,64.39999999999782,T,25805.1
2026-02-02,2026,"(1.0, 0.5)",-1,0.1722965584428435,64.39999999999782,T,25805.1
2026-02-02,2026,"(1.0, 0.75)",-1,0.1722965584428435,64.39999999999782,T,25805.1
2026-02-02,2026,"(1.0, 1.0)",-1,0.1722965584428435,64.39999999999782,T,25805.1
2026-02-02,2026,"(0.5, 0.5)",1,0.986082668946458,179.63214285714275,TP,25527.0
2026-02-02,2026,"(0.5, 0.75)",1,1.4860826689464581,269.44821428571413,TP,25527.0
2026-02-02,2026,"(0.5, 1.0)",1,1.1757361274032296,213.70000000000073,T,25527.0
2026-02-02,2026,"(0.75, 0.5)",1,0.6573884459643053,179.63214285714275,TP,25527.0
2026-02-02,2026,"(0.75, 0.75)",1,0.9907217792976387,269.44821428571413,TP,25527.0
2026-02-02,2026,"(0.75, 1.0)",1,0.7838240849354864,213.70000000000073,T,25527.0
2026-02-02,2026,"(1.0, 0.5)",1,0.493041334473229,179.63214285714275,TP,25527.0
2026-02-02,2026,"(1.0, 0.75)",1,0.7430413344732291,269.44821428571413,TP,25527.0
2026-02-02,2026,"(1.0, 1.0)",1,0.5878680637016148,213.70000000000073,T,25527.0
2026-02-03,2026,"(0.5, 0.5)",-1,0.9864201602421091,184.09642857142848,TP,25762.2
2026-02-03,2026,"(0.5, 0.75)",-1,1.486420160242109,276.1446428571427,TP,25762.2
2026-02-03,2026,"(0.5, 1.0)",-1,1.9864201602421092,368.19285714285695,TP,25762.2
2026-02-03,2026,"(0.75, 0.5)",-1,0.6576134401614061,184.09642857142848,TP,25762.2
2026-02-03,2026,"(0.75, 0.75)",-1,0.9909467734947395,276.1446428571427,TP,25762.2
2026-02-03,2026,"(0.75, 1.0)",-1,1.324280106828073,368.19285714285695,TP,25762.2
2026-02-03,2026,"(1.0, 0.5)",-1,0.49321008012105455,184.09642857142848,TP,25762.2
2026-02-03,2026,"(1.0, 0.75)",-1,0.7432100801210545,276.1446428571427,TP,25762.2
2026-02-03,2026,"(1.0, 1.0)",-1,0.9932100801210546,368.19285714285695,TP,25762.2
2026-02-03,2026,"(0.5, 0.5)",1,-1.0135798397578908,-184.09642857142848,SL,25440.3
2026-02-03,2026,"(0.5, 0.75)",1,-1.0135798397578908,-184.09642857142848,SL,25440.3
2026-02-03,2026,"(0.5, 1.0)",1,-1.0135798397578908,-184.09642857142848,SL,25440.3
2026-02-03,2026,"(0.75, 0.5)",1,-1.0090532265052605,-276.1446428571427,SL,25440.3
2026-02-03,2026,"(0.75, 0.75)",1,-1.0090532265052605,-276.1446428571427,SL,25440.3
2026-02-03,2026,"(0.75, 1.0)",1,-1.0090532265052605,-276.1446428571427,SL,25440.3
2026-02-03,2026,"(1.0, 0.5)",1,-0.29006537722854686,-104.29999999999927,T,25440.3
2026-02-03,2026,"(1.0, 0.75)",1,-0.29006537722854686,-104.29999999999927,T,25440.3
2026-02-03,2026,"(1.0, 1.0)",1,-0.29006537722854686,-104.29999999999927,T,25440.3
2026-02-05,2026,"(0.5, 0.5)",1,-1.0120165485039396,-208.0464285714284,SL,24713.3
2026-02-05,2026,"(0.5, 0.75)",1,-1.0120165485039396,-208.0464285714284,SL,24713.3
2026-02-05,2026,"(0.5, 1.0)",1,-1.0120165485039396,-208.0464285714284,SL,24713.3
2026-02-05,2026,"(0.75, 0.5)",1,-0.5700650610268934,-175.39999999999782,T,24713.3
2026-02-05,2026,"(0.75, 0.75)",1,-0.5700650610268934,-175.39999999999782,T,24713.3
2026-02-05,2026,"(0.75, 1.0)",1,-0.5700650610268934,-175.39999999999782,T,24713.3
2026-02-05,2026,"(1.0, 0.5)",1,-0.42754879577017,-175.39999999999782,T,24713.3
2026-02-05,2026,"(1.0, 0.75)",1,-0.42754879577017,-175.39999999999782,T,24713.3
2026-02-05,2026,"(1.0, 1.0)",1,-0.42754879577017,-175.39999999999782,T,24713.3
2026-02-06,2026,"(0.5, 0.5)",-1,-1.011755222677504,-212.6714285714284,SL,24812.2
2026-02-06,2026,"(0.5, 0.75)",-1,-1.011755222677504,-212.6714285714284,SL,24812.2
2026-02-06,2026,"(0.5, 1.0)",-1,-1.011755222677504,-212.6714285714284,SL,24812.2
2026-02-06,2026,"(0.75, 0.5)",-1,-0.7683213542016484,-242.59999999999854,T,24812.2
2026-02-06,2026,"(0.75, 0.75)",-1,-0.7683213542016484,-242.59999999999854,T,24812.2
2026-02-06,2026,"(0.75, 1.0)",-1,-0.7683213542016484,-242.59999999999854,T,24812.2
2026-02-06,2026,"(1.0, 0.5)",-1,-0.5762410156512363,-242.59999999999854,T,24812.2
2026-02-06,2026,"(1.0, 0.75)",-1,-0.5762410156512363,-242.59999999999854,T,24812.2
2026-02-06,2026,"(1.0, 1.0)",-1,-0.5762410156512363,-242.59999999999854,T,24812.2
2026-02-09,2026,"(0.5, 0.5)",-1,-0.5507770610925178,-120.39999999999782,T,25129.7
2026-02-09,2026,"(0.5, 0.75)",-1,-0.5507770610925178,-120.39999999999782,T,25129.7
2026-02-09,2026,"(0.5, 1.0)",-1,-0.5507770610925178,-120.39999999999782,T,25129.7
2026-02-09,2026,"(0.75, 0.5)",-1,-0.36718470739501186,-120.39999999999782,T,25129.7
2026-02-09,2026,"(0.75, 0.75)",-1,-0.36718470739501186,-120.39999999999782,T,25129.7
2026-02-09,2026,"(0.75, 1.0)",-1,-0.36718470739501186,-120.39999999999782,T,25129.7
2026-02-09,2026,"(1.0, 0.5)",-1,-0.2753885305462589,-120.39999999999782,T,25129.7
2026-02-09,2026,"(1.0, 0.75)",-1,-0.2753885305462589,-120.39999999999782,T,25129.7
2026-02-09,2026,"(1.0, 1.0)",-1,-0.2753885305462589,-120.39999999999782,T,25129.7
2026-02-11,2026,"(0.5, 0.5)",-1,0.9880619414694044,209.41428571428565,TP,25300.1
2026-02-11,2026,"(0.5, 0.75)",-1,1.4880619414694045,314.1214285714285,TP,25300.1
2026-02-11,2026,"(0.5, 1.0)",-1,0.490415444436851,105.19999999999709,T,25300.1
2026-02-11,2026,"(0.75, 0.5)",-1,0.6587079609796029,209.41428571428565,TP,25300.1
2026-02-11,2026,"(0.75, 0.75)",-1,0.9920412943129363,314.1214285714285,TP,25300.1
2026-02-11,2026,"(0.75, 1.0)",-1,0.3269436296245673,105.19999999999709,T,25300.1
2026-02-11,2026,"(1.0, 0.5)",-1,0.4940309707347022,209.41428571428565,TP,25300.1
2026-02-11,2026,"(1.0, 0.75)",-1,0.7440309707347023,314.1214285714285,TP,25300.1
2026-02-11,2026,"(1.0, 1.0)",-1,0.2452077222184255,105.19999999999709,T,25300.1
2026-02-13,2026,"(0.5, 0.5)",1,0.9890590809628008,228.49999999999974,TP,24646.9
2026-02-13,2026,"(0.5, 0.75)",1,0.36630196936541437,86.19999999999709,T,24646.9
2026-02-13,2026,"(0.5, 1.0)",1,0.36630196936541437,86.19999999999709,T,24646.9
2026-02-13,2026,"(0.75, 0.5)",1,0.6593727206418672,228.49999999999974,TP,24646.9
2026-02-13,2026,"(0.75, 0.75)",1,0.24420131291027625,86.19999999999709,T,24646.9
2026-02-13,2026,"(0.75, 1.0)",1,0.24420131291027625,86.19999999999709,T,24646.9
2026-02-13,2026,"(1.0, 0.5)",1,0.4945295404814004,228.49999999999974,TP,24646.9
2026-02-13,2026,"(1.0, 0.75)",1,0.18315098468270719,86.19999999999709,T,24646.9
2026-02-13,2026,"(1.0, 1.0)",1,0.18315098468270719,86.19999999999709,T,24646.9
2026-02-18,2026,"(0.5, 0.5)",-1,-0.3013293069248338,-70.20000000000073,T,24821.0
2026-02-18,2026,"(0.5, 0.75)",-1,-0.3013293069248338,-70.20000000000073,T,24821.0
2026-02-18,2026,"(0.5, 1.0)",-1,-0.3013293069248338,-70.20000000000073,T,24821.0
2026-02-18,2026,"(0.75, 0.5)",-1,-0.20088620461655585,-70.20000000000073,T,24821.0
2026-02-18,2026,"(0.75, 0.75)",-1,-0.20088620461655585,-70.20000000000073,T,24821.0
2026-02-18,2026,"(0.75, 1.0)",-1,-0.20088620461655585,-70.20000000000073,T,24821.0
2026-02-18,2026,"(1.0, 0.5)",-1,-0.1506646534624169,-70.20000000000073,T,24821.0
2026-02-18,2026,"(1.0, 0.75)",-1,-0.1506646534624169,-70.20000000000073,T,24821.0
2026-02-18,2026,"(1.0, 1.0)",-1,-0.1506646534624169,-70.20000000000073,T,24821.0
2026-02-19,2026,"(0.5, 0.5)",1,0.33116187498190763,84.20000000000073,T,24710.6
2026-02-19,2026,"(0.5, 0.75)",1,0.33116187498190763,84.20000000000073,T,24710.6
2026-02-19,2026,"(0.5, 1.0)",1,0.33116187498190763,84.20000000000073,T,24710.6
2026-02-19,2026,"(0.75, 0.5)",1,0.22077458332127176,84.20000000000073,T,24710.6
2026-02-19,2026,"(0.75, 0.75)",1,0.22077458332127176,84.20000000000073,T,24710.6
2026-02-19,2026,"(0.75, 1.0)",1,0.22077458332127176,84.20000000000073,T,24710.6
2026-02-19,2026,"(1.0, 0.5)",1,0.16558093749095382,84.20000000000073,T,24710.6
2026-02-19,2026,"(1.0, 0.75)",1,0.16558093749095382,84.20000000000073,T,24710.6
2026-02-19,2026,"(1.0, 1.0)",1,0.16558093749095382,84.20000000000073,T,24710.6
2026-02-20,2026,"(0.5, 0.5)",-1,-1.010803636195268,-231.40357142857127,SL,24837.3
2026-02-20,2026,"(0.5, 0.75)",-1,-1.010803636195268,-231.40357142857127,SL,24837.3
2026-02-20,2026,"(0.5, 1.0)",-1,-1.010803636195268,-231.40357142857127,SL,24837.3
2026-02-20,2026,"(0.75, 0.5)",-1,-0.5203031191641139,-178.10000000000218,T,24837.3
2026-02-20,2026,"(0.75, 0.75)",-1,-0.5203031191641139,-178.10000000000218,T,24837.3
2026-02-20,2026,"(0.75, 1.0)",-1,-0.5203031191641139,-178.10000000000218,T,24837.3
2026-02-20,2026,"(1.0, 0.5)",-1,-0.3902273393730854,-178.10000000000218,T,24837.3
2026-02-20,2026,"(1.0, 0.75)",-1,-0.3902273393730854,-178.10000000000218,T,24837.3
2026-02-20,2026,"(1.0, 1.0)",-1,-0.3902273393730854,-178.10000000000218,T,24837.3
2026-02-20,2026,"(0.5, 0.5)",1,0.989196363804732,231.40357142857127,TP,24743.9
2026-02-20,2026,"(0.5, 0.75)",1,1.1624712546108384,271.5,T,24743.9
2026-02-20,2026,"(0.5, 1.0)",1,1.1624712546108384,271.5,T,24743.9
2026-02-20,2026,"(0.75, 0.5)",1,0.6594642425364879,231.40357142857127,TP,24743.9
2026-02-20,2026,"(0.75, 0.75)",1,0.7749808364072256,271.5,T,24743.9
2026-02-20,2026,"(0.75, 1.0)",1,0.7749808364072256,271.5,T,24743.9
2026-02-20,2026,"(1.0, 0.5)",1,0.494598181902366,231.40357142857127,TP,24743.9
2026-02-20,2026,"(1.0, 0.75)",1,0.5812356273054192,271.5,T,24743.9
2026-02-20,2026,"(1.0, 1.0)",1,0.5812356273054192,271.5,T,24743.9
2026-02-23,2026,"(0.5, 0.5)",1,0.3575473870002333,85.70000000000073,T,24626.7
2026-02-23,2026,"(0.5, 0.75)",1,0.3575473870002333,85.70000000000073,T,24626.7
2026-02-23,2026,"(0.5, 1.0)",1,0.3575473870002333,85.70000000000073,T,24626.7
2026-02-23,2026,"(0.75, 0.5)",1,0.23836492466682221,85.70000000000073,T,24626.7
2026-02-23,2026,"(0.75, 0.75)",1,0.23836492466682221,85.70000000000073,T,24626.7
2026-02-23,2026,"(0.75, 1.0)",1,0.23836492466682221,85.70000000000073,T,24626.7
2026-02-23,2026,"(1.0, 0.5)",1,0.17877369350011665,85.70000000000073,T,24626.7
2026-02-23,2026,"(1.0, 0.75)",1,0.17877369350011665,85.70000000000073,T,24626.7
2026-02-23,2026,"(1.0, 1.0)",1,0.17877369350011665,85.70000000000073,T,24626.7
2026-02-24,2026,"(0.5, 0.5)",-1,-0.014604586944855526,-0.9000000000014552,T,24978.3
2026-02-24,2026,"(0.5, 0.75)",-1,-0.014604586944855526,-0.9000000000014552,T,24978.3
2026-02-24,2026,"(0.5, 1.0)",-1,-0.014604586944855526,-0.9000000000014552,T,24978.3
2026-02-24,2026,"(0.75, 0.5)",-1,-0.009736391296570352,-0.9000000000014552,T,24978.3
2026-02-24,2026,"(0.75, 0.75)",-1,-0.009736391296570352,-0.9000000000014552,T,24978.3
2026-02-24,2026,"(0.75, 1.0)",-1,-0.009736391296570352,-0.9000000000014552,T,24978.3
2026-02-24,2026,"(1.0, 0.5)",-1,-0.007302293472427763,-0.9000000000014552,T,24978.3
2026-02-24,2026,"(1.0, 0.75)",-1,-0.007302293472427763,-0.9000000000014552,T,24978.3
2026-02-24,2026,"(1.0, 1.0)",-1,-0.007302293472427763,-0.9000000000014552,T,24978.3
2026-02-26,2026,"(0.5, 0.5)",1,-1.011904559446268,-210.00357142857152,SL,25127.2
2026-02-26,2026,"(0.5, 0.75)",1,-1.011904559446268,-210.00357142857152,SL,25127.2
2026-02-26,2026,"(0.5, 1.0)",1,-1.011904559446268,-210.00357142857152,SL,25127.2
2026-02-26,2026,"(0.75, 0.5)",1,-0.2987250783716898,-91.60000000000218,T,25127.2
2026-02-26,2026,"(0.75, 0.75)",1,-0.2987250783716898,-91.60000000000218,T,25127.2
2026-02-26,2026,"(0.75, 1.0)",1,-0.2987250783716898,-91.60000000000218,T,25127.2
2026-02-26,2026,"(1.0, 0.5)",1,-0.22404380877876737,-91.60000000000218,T,25127.2
2026-02-26,2026,"(1.0, 0.75)",1,-0.22404380877876737,-91.60000000000218,T,25127.2
2026-02-26,2026,"(1.0, 1.0)",1,-0.22404380877876737,-91.60000000000218,T,25127.2
2026-02-27,2026,"(0.5, 0.5)",1,0.5279024045974726,114.70000000000073,T,24838.1
2026-02-27,2026,"(0.5, 0.75)",1,0.5279024045974726,114.70000000000073,T,24838.1
2026-02-27,2026,"(0.5, 1.0)",1,0.5279024045974726,114.70000000000073,T,24838.1
2026-02-27,2026,"(0.75, 0.5)",1,0.3519349363983151,114.70000000000073,T,24838.1
2026-02-27,2026,"(0.75, 0.75)",1,0.3519349363983151,114.70000000000073,T,24838.1
2026-02-27,2026,"(0.75, 1.0)",1,0.3519349363983151,114.70000000000073,T,24838.1
2026-02-27,2026,"(1.0, 0.5)",1,0.2639512022987363,114.70000000000073,T,24838.1
2026-02-27,2026,"(1.0, 0.75)",1,0.2639512022987363,114.70000000000073,T,24838.1
2026-02-27,2026,"(1.0, 1.0)",1,0.2639512022987363,114.70000000000073,T,24838.1
2026-03-02,2026,"(0.5, 0.5)",-1,-0.03417412530513332,-4.400000000001455,T,24978.5
2026-03-02,2026,"(0.5, 0.75)",-1,-0.03417412530513332,-4.400000000001455,T,24978.5
2026-03-02,2026,"(0.5, 1.0)",-1,-0.03417412530513332,-4.400000000001455,T,24978.5
2026-03-02,2026,"(0.75, 0.5)",-1,-0.02278275020342221,-4.400000000001455,T,24978.5
2026-03-02,2026,"(0.75, 0.75)",-1,-0.02278275020342221,-4.400000000001455,T,24978.5
2026-03-02,2026,"(0.75, 1.0)",-1,-0.02278275020342221,-4.400000000001455,T,24978.5
2026-03-02,2026,"(1.0, 0.5)",-1,-0.01708706265256666,-4.400000000001455,T,24978.5
2026-03-02,2026,"(1.0, 0.75)",-1,-0.01708706265256666,-4.400000000001455,T,24978.5
2026-03-02,2026,"(1.0, 1.0)",-1,-0.01708706265256666,-4.400000000001455,T,24978.5
2026-03-02,2026,"(0.5, 0.5)",1,0.987618070541621,201.9071428571429,TP,24796.4
2026-03-02,2026,"(0.5, 0.75)",1,0.9113100081366963,186.5,T,24796.4
2026-03-02,2026,"(0.5, 1.0)",1,0.9113100081366963,186.5,T,24796.4
2026-03-02,2026,"(0.75, 0.5)",1,0.6584120470277472,201.9071428571429,TP,24796.4
2026-03-02,2026,"(0.75, 0.75)",1,0.6075400054244642,186.5,T,24796.4
2026-03-02,2026,"(0.75, 1.0)",1,0.6075400054244642,186.5,T,24796.4
2026-03-02,2026,"(1.0, 0.5)",1,0.4938090352708105,201.9071428571429,TP,24796.4
2026-03-02,2026,"(1.0, 0.75)",1,0.45565500406834814,186.5,T,24796.4
2026-03-02,2026,"(1.0, 1.0)",1,0.45565500406834814,186.5,T,24796.4
2026-03-10,2026,"(0.5, 0.5)",-1,0.17215693829062784,40.79999999999927,T,24998.8
2026-03-10,2026,"(0.5, 0.75)",-1,0.17215693829062784,40.79999999999927,T,24998.8
2026-03-10,2026,"(0.5, 1.0)",-1,0.17215693829062784,40.79999999999927,T,24998.8
2026-03-10,2026,"(0.75, 0.5)",-1,0.11477129219375189,40.79999999999927,T,24998.8
2026-03-10,2026,"(0.75, 0.75)",-1,0.11477129219375189,40.79999999999927,T,24998.8
2026-03-10,2026,"(0.75, 1.0)",-1,0.11477129219375189,40.79999999999927,T,24998.8
2026-03-10,2026,"(1.0, 0.5)",-1,0.08607846914531392,40.79999999999927,T,24998.8
2026-03-10,2026,"(1.0, 0.75)",-1,0.08607846914531392,40.79999999999927,T,24998.8
2026-03-10,2026,"(1.0, 1.0)",-1,0.08607846914531392,40.79999999999927,T,24998.8
2026-03-11,2026,"(0.5, 0.5)",1,0.3100433853525768,70.89999999999782,T,24886.9
2026-03-11,2026,"(0.5, 0.75)",1,0.3100433853525768,70.89999999999782,T,24886.9
2026-03-11,2026,"(0.5, 1.0)",1,0.3100433853525768,70.89999999999782,T,24886.9
2026-03-11,2026,"(0.75, 0.5)",1,0.2066955902350512,70.89999999999782,T,24886.9
2026-03-11,2026,"(0.75, 0.75)",1,0.2066955902350512,70.89999999999782,T,24886.9
2026-03-11,2026,"(0.75, 1.0)",1,0.2066955902350512,70.89999999999782,T,24886.9
2026-03-11,2026,"(1.0, 0.5)",1,0.1550216926762884,70.89999999999782,T,24886.9
2026-03-11,2026,"(1.0, 0.75)",1,0.1550216926762884,70.89999999999782,T,24886.9
2026-03-11,2026,"(1.0, 1.0)",1,0.1550216926762884,70.89999999999782,T,24886.9
2026-03-23,2026,"(0.5, 0.5)",-1,0.36229952962706646,83.09999999999854,T,24266.1
2026-03-23,2026,"(0.5, 0.75)",-1,0.36229952962706646,83.09999999999854,T,24266.1
2026-03-23,2026,"(0.5, 1.0)",-1,0.36229952962706646,83.09999999999854,T,24266.1
2026-03-23,2026,"(0.75, 0.5)",-1,0.24153301975137767,83.09999999999854,T,24266.1
2026-03-23,2026,"(0.75, 0.75)",-1,0.24153301975137767,83.09999999999854,T,24266.1
2026-03-23,2026,"(0.75, 1.0)",-1,0.24153301975137767,83.09999999999854,T,24266.1
2026-03-23,2026,"(1.0, 0.5)",-1,0.18114976481353323,83.09999999999854,T,24266.1
2026-03-23,2026,"(1.0, 0.75)",-1,0.18114976481353323,83.09999999999854,T,24266.1
2026-03-23,2026,"(1.0, 1.0)",-1,0.18114976481353323,83.09999999999854,T,24266.1
2026-03-30,2026,"(0.5, 0.5)",1,-1.0122176842252244,-204.62142857142823,SL,23093.0
2026-03-30,2026,"(0.5, 0.75)",1,-1.0122176842252244,-204.62142857142823,SL,23093.0
2026-03-30,2026,"(0.5, 1.0)",1,-1.0122176842252244,-204.62142857142823,SL,23093.0
2026-03-30,2026,"(0.75, 0.5)",1,-0.46785585459791784,-141.09999999999854,T,23093.0
2026-03-30,2026,"(0.75, 0.75)",1,-0.46785585459791784,-141.09999999999854,T,23093.0
2026-03-30,2026,"(0.75, 1.0)",1,-0.46785585459791784,-141.09999999999854,T,23093.0
2026-03-30,2026,"(1.0, 0.5)",1,-0.3508918909484384,-141.09999999999854,T,23093.0
2026-03-30,2026,"(1.0, 0.75)",1,-0.3508918909484384,-141.09999999999854,T,23093.0
2026-03-30,2026,"(1.0, 1.0)",1,-0.3508918909484384,-141.09999999999854,T,23093.0
2026-04-07,2026,"(0.5, 0.5)",1,-1.010920947938281,-228.91785714285677,SL,24051.6
2026-04-07,2026,"(0.5, 0.75)",1,-1.010920947938281,-228.91785714285677,SL,24051.6
2026-04-07,2026,"(0.5, 1.0)",1,-1.010920947938281,-228.91785714285677,SL,24051.6
2026-04-07,2026,"(0.75, 0.5)",1,0.42635380751049684,148.90000000000146,T,24051.6
2026-04-07,2026,"(0.75, 0.75)",1,0.42635380751049684,148.90000000000146,T,24051.6
2026-04-07,2026,"(0.75, 1.0)",1,0.42635380751049684,148.90000000000146,T,24051.6
2026-04-07,2026,"(1.0, 0.5)",1,0.3197653556328726,148.90000000000146,T,24051.6
2026-04-07,2026,"(1.0, 0.75)",1,0.3197653556328726,148.90000000000146,T,24051.6
2026-04-07,2026,"(1.0, 1.0)",1,0.3197653556328726,148.90000000000146,T,24051.6
2026-04-09,2026,"(0.5, 0.5)",-1,-0.06629865217026387,-14.400000000001455,T,25065.0
2026-04-09,2026,"(0.5, 0.75)",-1,-0.06629865217026387,-14.400000000001455,T,25065.0
2026-04-09,2026,"(0.5, 1.0)",-1,-0.06629865217026387,-14.400000000001455,T,25065.0
2026-04-09,2026,"(0.75, 0.5)",-1,-0.04419910144684258,-14.400000000001455,T,25065.0
2026-04-09,2026,"(0.75, 0.75)",-1,-0.04419910144684258,-14.400000000001455,T,25065.0
2026-04-09,2026,"(0.75, 1.0)",-1,-0.04419910144684258,-14.400000000001455,T,25065.0
2026-04-09,2026,"(1.0, 0.5)",-1,-0.033149326085131936,-14.400000000001455,T,25065.0
2026-04-09,2026,"(1.0, 0.75)",-1,-0.033149326085131936,-14.400000000001455,T,25065.0
2026-04-09,2026,"(1.0, 1.0)",-1,-0.033149326085131936,-14.400000000001455,T,25065.0
2026-04-13,2026,"(0.5, 0.5)",-1,-0.6608899720191267,-154.39999999999782,T,25220.7
2026-04-13,2026,"(0.5, 0.75)",-1,-0.6608899720191267,-154.39999999999782,T,25220.7
2026-04-13,2026,"(0.5, 1.0)",-1,-0.6608899720191267,-154.39999999999782,T,25220.7
2026-04-13,2026,"(0.75, 0.5)",-1,-0.44059331467941776,-154.39999999999782,T,25220.7
2026-04-13,2026,"(0.75, 0.75)",-1,-0.44059331467941776,-154.39999999999782,T,25220.7
2026-04-13,2026,"(0.75, 1.0)",-1,-0.44059331467941776,-154.39999999999782,T,25220.7
2026-04-13,2026,"(1.0, 0.5)",-1,-0.33044498600956335,-154.39999999999782,T,25220.7
2026-04-13,2026,"(1.0, 0.75)",-1,-0.33044498600956335,-154.39999999999782,T,25220.7
2026-04-13,2026,"(1.0, 1.0)",-1,-0.33044498600956335,-154.39999999999782,T,25220.7
2026-04-20,2026,"(0.5, 0.5)",1,0.306712689331253,72.0,T,26516.6
2026-04-20,2026,"(0.5, 0.75)",1,0.306712689331253,72.0,T,26516.6
2026-04-20,2026,"(0.5, 1.0)",1,0.306712689331253,72.0,T,26516.6
2026-04-20,2026,"(0.75, 0.5)",1,0.20447512622083533,72.0,T,26516.6
2026-04-20,2026,"(0.75, 0.75)",1,0.20447512622083533,72.0,T,26516.6
2026-04-20,2026,"(0.75, 1.0)",1,0.20447512622083533,72.0,T,26516.6
2026-04-20,2026,"(1.0, 0.5)",1,0.1533563446656265,72.0,T,26516.6
2026-04-20,2026,"(1.0, 0.75)",1,0.1533563446656265,72.0,T,26516.6
2026-04-20,2026,"(1.0, 1.0)",1,0.1533563446656265,72.0,T,26516.6
2026-04-21,2026,"(0.5, 0.5)",-1,0.5383199684501119,119.5,T,26605.4
2026-04-21,2026,"(0.5, 0.75)",-1,0.5383199684501119,119.5,T,26605.4
2026-04-21,2026,"(0.5, 1.0)",-1,0.5383199684501119,119.5,T,26605.4
2026-04-21,2026,"(0.75, 0.5)",-1,0.3588799789667413,119.5,T,26605.4
2026-04-21,2026,"(0.75, 0.75)",-1,0.3588799789667413,119.5,T,26605.4
2026-04-21,2026,"(0.75, 1.0)",-1,0.3588799789667413,119.5,T,26605.4
2026-04-21,2026,"(1.0, 0.5)",-1,0.26915998422505594,119.5,T,26605.4
2026-04-21,2026,"(1.0, 0.75)",-1,0.26915998422505594,119.5,T,26605.4
2026-04-21,2026,"(1.0, 1.0)",-1,0.26915998422505594,119.5,T,26605.4
2026-04-22,2026,"(0.5, 0.5)",-1,-1.0125457022008746,-199.27142857142866,SL,26670.4
2026-04-22,2026,"(0.5, 0.75)",-1,-1.0125457022008746,-199.27142857142866,SL,26670.4
2026-04-22,2026,"(0.5, 1.0)",-1,-1.0125457022008746,-199.27142857142866,SL,26670.4
2026-04-22,2026,"(0.75, 0.5)",-1,-0.8631443114201732,-255.5,T,26670.4
2026-04-22,2026,"(0.75, 0.75)",-1,-0.8631443114201732,-255.5,T,26670.4
2026-04-22,2026,"(0.75, 1.0)",-1,-0.8631443114201732,-255.5,T,26670.4
2026-04-22,2026,"(1.0, 0.5)",-1,-0.6473582335651299,-255.5,T,26670.4
2026-04-22,2026,"(1.0, 0.75)",-1,-0.6473582335651299,-255.5,T,26670.4
2026-04-22,2026,"(1.0, 1.0)",-1,-0.6473582335651299,-255.5,T,26670.4
2026-04-23,2026,"(0.5, 0.5)",-1,0.9874921826141339,199.875,TP,26930.1
2026-04-23,2026,"(0.5, 0.75)",-1,1.4874921826141339,299.8125,TP,26930.1
2026-04-23,2026,"(0.5, 1.0)",-1,0.7504690431519699,152.5,T,26930.1
2026-04-23,2026,"(0.75, 0.5)",-1,0.6583281217427559,199.875,TP,26930.1
2026-04-23,2026,"(0.75, 0.75)",-1,0.9916614550760893,299.8125,TP,26930.1
2026-04-23,2026,"(0.75, 1.0)",-1,0.5003126954346466,152.5,T,26930.1
2026-04-23,2026,"(1.0, 0.5)",-1,0.4937460913070669,199.875,TP,26930.1
2026-04-23,2026,"(1.0, 0.75)",-1,0.7437460913070669,299.8125,TP,26930.1
2026-04-23,2026,"(1.0, 1.0)",-1,0.37523452157598497,152.5,T,26930.1
2026-05-04,2026,"(0.5, 0.5)",-1,0.9865057639665343,185.2642857142855,TP,27774.4
2026-05-04,2026,"(0.5, 0.75)",-1,0.597524771561866,113.20000000000073,T,27774.4
2026-05-04,2026,"(0.5, 1.0)",-1,0.597524771561866,113.20000000000073,T,27774.4
2026-05-04,2026,"(0.75, 0.5)",-1,0.6576705093110229,185.2642857142855,TP,27774.4
2026-05-04,2026,"(0.75, 0.75)",-1,0.3983498477079107,113.20000000000073,T,27774.4
2026-05-04,2026,"(0.75, 1.0)",-1,0.3983498477079107,113.20000000000073,T,27774.4
2026-05-04,2026,"(1.0, 0.5)",-1,0.49325288198326717,185.2642857142855,TP,27774.4
2026-05-04,2026,"(1.0, 0.75)",-1,0.298762385780933,113.20000000000073,T,27774.4
2026-05-04,2026,"(1.0, 1.0)",-1,0.298762385780933,113.20000000000073,T,27774.4
2026-05-28,2026,"(0.5, 0.5)",-1,-0.4674240667748659,-105.5,T,30120.3
2026-05-28,2026,"(0.5, 0.75)",-1,-0.4674240667748659,-105.5,T,30120.3
2026-05-28,2026,"(0.5, 1.0)",-1,-0.4674240667748659,-105.5,T,30120.3
2026-05-28,2026,"(0.75, 0.5)",-1,-0.31161604451657726,-105.5,T,30120.3
2026-05-28,2026,"(0.75, 0.75)",-1,-0.31161604451657726,-105.5,T,30120.3
2026-05-28,2026,"(0.75, 1.0)",-1,-0.31161604451657726,-105.5,T,30120.3
2026-05-28,2026,"(1.0, 0.5)",-1,-0.23371203338743296,-105.5,T,30120.3
2026-05-28,2026,"(1.0, 0.75)",-1,-0.23371203338743296,-105.5,T,30120.3
2026-05-28,2026,"(1.0, 1.0)",-1,-0.23371203338743296,-105.5,T,30120.3
2026-06-02,2026,"(0.5, 0.5)",-1,-0.10723004994494878,-21.5,T,30631.3
2026-06-02,2026,"(0.5, 0.75)",-1,-0.10723004994494878,-21.5,T,30631.3
2026-06-02,2026,"(0.5, 1.0)",-1,-0.10723004994494878,-21.5,T,30631.3
2026-06-02,2026,"(0.75, 0.5)",-1,-0.07148669996329918,-21.5,T,30631.3
2026-06-02,2026,"(0.75, 0.75)",-1,-0.07148669996329918,-21.5,T,30631.3
2026-06-02,2026,"(0.75, 1.0)",-1,-0.07148669996329918,-21.5,T,30631.3
2026-06-02,2026,"(1.0, 0.5)",-1,-0.05361502497247439,-21.5,T,30631.3
2026-06-02,2026,"(1.0, 0.75)",-1,-0.05361502497247439,-21.5,T,30631.3
2026-06-02,2026,"(1.0, 1.0)",-1,-0.05361502497247439,-21.5,T,30631.3
2026-06-11,2026,"(0.5, 0.5)",-1,-1.0083167987453514,-300.5964285714286,SL,29173.7
2026-06-11,2026,"(0.5, 0.75)",-1,-1.0083167987453514,-300.5964285714286,SL,29173.7
2026-06-11,2026,"(0.5, 1.0)",-1,-1.0083167987453514,-300.5964285714286,SL,29173.7
2026-06-11,2026,"(0.75, 0.5)",-1,-0.5604413447867549,-250.20000000000073,T,29173.7
2026-06-11,2026,"(0.75, 0.75)",-1,-0.5604413447867549,-250.20000000000073,T,29173.7
2026-06-11,2026,"(0.75, 1.0)",-1,-0.5604413447867549,-250.20000000000073,T,29173.7
2026-06-11,2026,"(1.0, 0.5)",-1,-0.42033100859006617,-250.20000000000073,T,29173.7
2026-06-11,2026,"(1.0, 0.75)",-1,-0.42033100859006617,-250.20000000000073,T,29173.7
2026-06-11,2026,"(1.0, 1.0)",-1,-0.42033100859006617,-250.20000000000073,T,29173.7
2026-06-16,2026,"(0.5, 0.5)",1,-0.9104909367130759,-310.0,T,30289.2
2026-06-16,2026,"(0.5, 0.75)",1,-0.9104909367130759,-310.0,T,30289.2
2026-06-16,2026,"(0.5, 1.0)",1,-0.9104909367130759,-310.0,T,30289.2
2026-06-16,2026,"(0.75, 0.5)",1,-0.6069939578087173,-310.0,T,30289.2
2026-06-16,2026,"(0.75, 0.75)",1,-0.6069939578087173,-310.0,T,30289.2
2026-06-16,2026,"(0.75, 1.0)",1,-0.6069939578087173,-310.0,T,30289.2
2026-06-16,2026,"(1.0, 0.5)",1,-0.45524546835653795,-310.0,T,30289.2
2026-06-16,2026,"(1.0, 0.75)",1,-0.45524546835653795,-310.0,T,30289.2
2026-06-16,2026,"(1.0, 1.0)",1,-0.45524546835653795,-310.0,T,30289.2
2026-06-17,2026,"(0.5, 0.5)",1,-1.0070754240200537,-353.33571428571423,SL,30038.4
2026-06-17,2026,"(0.5, 0.75)",1,-1.0070754240200537,-353.33571428571423,SL,30038.4
2026-06-17,2026,"(0.5, 1.0)",1,-1.0070754240200537,-353.33571428571423,SL,30038.4
2026-06-17,2026,"(0.75, 0.5)",1,-0.719240436385201,-378.7000000000007,T,30038.4
2026-06-17,2026,"(0.75, 0.75)",1,-0.719240436385201,-378.7000000000007,T,30038.4
2026-06-17,2026,"(0.75, 1.0)",1,-0.719240436385201,-378.7000000000007,T,30038.4
2026-06-17,2026,"(1.0, 0.5)",1,-0.5394303272889008,-378.7000000000007,T,30038.4
2026-06-17,2026,"(1.0, 0.75)",1,-0.5394303272889008,-378.7000000000007,T,30038.4
2026-06-17,2026,"(1.0, 1.0)",1,-0.5394303272889008,-378.7000000000007,T,30038.4
2026-06-18,2026,"(0.5, 0.5)",-1,-0.6002515075600797,-214.0,T,30163.7
2026-06-18,2026,"(0.5, 0.75)",-1,-0.6002515075600797,-214.0,T,30163.7
2026-06-18,2026,"(0.5, 1.0)",-1,-0.6002515075600797,-214.0,T,30163.7
2026-06-18,2026,"(0.75, 0.5)",-1,-0.4001676717067198,-214.0,T,30163.7
2026-06-18,2026,"(0.75, 0.75)",-1,-0.4001676717067198,-214.0,T,30163.7
2026-06-18,2026,"(0.75, 1.0)",-1,-0.4001676717067198,-214.0,T,30163.7
2026-06-18,2026,"(1.0, 0.5)",-1,-0.30012575378003986,-214.0,T,30163.7
2026-06-18,2026,"(1.0, 0.75)",-1,-0.30012575378003986,-214.0,T,30163.7
2026-06-18,2026,"(1.0, 1.0)",-1,-0.30012575378003986,-214.0,T,30163.7
2026-06-24,2026,"(0.5, 0.5)",1,-0.36222983038444434,-146.0,T,29352.7
2026-06-24,2026,"(0.5, 0.75)",1,-0.36222983038444434,-146.0,T,29352.7
2026-06-24,2026,"(0.5, 1.0)",1,-0.36222983038444434,-146.0,T,29352.7
2026-06-24,2026,"(0.75, 0.5)",1,-0.24148655358962956,-146.0,T,29352.7
2026-06-24,2026,"(0.75, 0.75)",1,-0.24148655358962956,-146.0,T,29352.7
2026-06-24,2026,"(0.75, 1.0)",1,-0.24148655358962956,-146.0,T,29352.7
2026-06-24,2026,"(1.0, 0.5)",1,-0.18111491519222217,-146.0,T,29352.7
2026-06-24,2026,"(1.0, 0.75)",1,-0.18111491519222217,-146.0,T,29352.7
2026-06-24,2026,"(1.0, 1.0)",1,-0.18111491519222217,-146.0,T,29352.7
2026-07-02,2026,"(0.5, 0.5)",1,-1.007023528821552,-355.9464285714287,SL,29873.8
2026-07-02,2026,"(0.5, 0.75)",1,-1.007023528821552,-355.9464285714287,SL,29873.8
2026-07-02,2026,"(0.5, 1.0)",1,-1.007023528821552,-355.9464285714287,SL,29873.8
2026-07-02,2026,"(0.75, 0.5)",1,-1.0046823525477016,-533.9196428571431,SL,29873.8
2026-07-02,2026,"(0.75, 0.75)",1,-1.0046823525477016,-533.9196428571431,SL,29873.8
2026-07-02,2026,"(0.75, 1.0)",1,-1.0046823525477016,-533.9196428571431,SL,29873.8
2026-07-02,2026,"(1.0, 0.5)",1,-1.003511764410776,-711.8928571428575,SL,29873.8
2026-07-02,2026,"(1.0, 0.75)",1,-1.003511764410776,-711.8928571428575,SL,29873.8
2026-07-02,2026,"(1.0, 1.0)",1,-1.003511764410776,-711.8928571428575,SL,29873.8
2026-07-10,2026,"(0.5, 0.5)",-1,-0.17061352910329936,-55.599999999998545,T,29768.2
2026-07-10,2026,"(0.5, 0.75)",-1,-0.17061352910329936,-55.599999999998545,T,29768.2
2026-07-10,2026,"(0.5, 1.0)",-1,-0.17061352910329936,-55.599999999998545,T,29768.2
2026-07-10,2026,"(0.75, 0.5)",-1,-0.11374235273553289,-55.599999999998545,T,29768.2
2026-07-10,2026,"(0.75, 0.75)",-1,-0.11374235273553289,-55.599999999998545,T,29768.2
2026-07-10,2026,"(0.75, 1.0)",-1,-0.11374235273553289,-55.599999999998545,T,29768.2
2026-07-10,2026,"(1.0, 0.5)",-1,-0.08530676455164968,-55.599999999998545,T,29768.2
2026-07-10,2026,"(1.0, 0.75)",-1,-0.08530676455164968,-55.599999999998545,T,29768.2
2026-07-10,2026,"(1.0, 1.0)",-1,-0.08530676455164968,-55.599999999998545,T,29768.2
2026-07-14,2026,"(0.5, 0.5)",-1,-0.2902271969721342,-93.89999999999782,T,29489.4
2026-07-14,2026,"(0.5, 0.75)",-1,-0.2902271969721342,-93.89999999999782,T,29489.4
2026-07-14,2026,"(0.5, 1.0)",-1,-0.2902271969721342,-93.89999999999782,T,29489.4
2026-07-14,2026,"(0.75, 0.5)",-1,-0.19348479798142282,-93.89999999999782,T,29489.4
2026-07-14,2026,"(0.75, 0.75)",-1,-0.19348479798142282,-93.89999999999782,T,29489.4
2026-07-14,2026,"(0.75, 1.0)",-1,-0.19348479798142282,-93.89999999999782,T,29489.4
2026-07-14,2026,"(1.0, 0.5)",-1,-0.1451135984860671,-93.89999999999782,T,29489.4
2026-07-14,2026,"(1.0, 0.75)",-1,-0.1451135984860671,-93.89999999999782,T,29489.4
2026-07-14,2026,"(1.0, 1.0)",-1,-0.1451135984860671,-93.89999999999782,T,29489.4
2026-07-15,2026,"(0.5, 0.5)",1,0.3156850073855269,100.20000000000073,T,29399.6
2026-07-15,2026,"(0.5, 0.75)",1,0.3156850073855269,100.20000000000073,T,29399.6
2026-07-15,2026,"(0.5, 1.0)",1,0.3156850073855269,100.20000000000073,T,29399.6
2026-07-15,2026,"(0.75, 0.5)",1,0.21045667159035125,100.20000000000073,T,29399.6
2026-07-15,2026,"(0.75, 0.75)",1,0.21045667159035125,100.20000000000073,T,29399.6
2026-07-15,2026,"(0.75, 1.0)",1,0.21045667159035125,100.20000000000073,T,29399.6
2026-07-15,2026,"(1.0, 0.5)",1,0.15784250369276345,100.20000000000073,T,29399.6
2026-07-15,2026,"(1.0, 0.75)",1,0.15784250369276345,100.20000000000073,T,29399.6
2026-07-15,2026,"(1.0, 1.0)",1,0.15784250369276345,100.20000000000073,T,29399.6
2026-07-21,2026,"(0.5, 0.5)",-1,-0.5738975913146196,-165.90000000000146,T,28973.6
2026-07-21,2026,"(0.5, 0.75)",-1,-0.5738975913146196,-165.90000000000146,T,28973.6
2026-07-21,2026,"(0.5, 1.0)",-1,-0.5738975913146196,-165.90000000000146,T,28973.6
2026-07-21,2026,"(0.75, 0.5)",-1,-0.38259839420974634,-165.90000000000146,T,28973.6
2026-07-21,2026,"(0.75, 0.75)",-1,-0.38259839420974634,-165.90000000000146,T,28973.6
2026-07-21,2026,"(0.75, 1.0)",-1,-0.38259839420974634,-165.90000000000146,T,28973.6
2026-07-21,2026,"(1.0, 0.5)",-1,-0.2869487956573098,-165.90000000000146,T,28973.6
2026-07-21,2026,"(1.0, 0.75)",-1,-0.2869487956573098,-165.90000000000146,T,28973.6
2026-07-21,2026,"(1.0, 1.0)",-1,-0.2869487956573098,-165.90000000000146,T,28973.6
2026-08-03,2026,"(0.5, 0.5)",-1,-0.603722122291591,-180.90000000000146,T,28597.1
2026-08-03,2026,"(0.5, 0.75)",-1,-0.603722122291591,-180.90000000000146,T,28597.1
2026-08-03,2026,"(0.5, 1.0)",-1,-0.603722122291591,-180.90000000000146,T,28597.1
2026-08-03,2026,"(0.75, 0.5)",-1,-0.40248141486106065,-180.90000000000146,T,28597.1
2026-08-03,2026,"(0.75, 0.75)",-1,-0.40248141486106065,-180.90000000000146,T,28597.1
2026-08-03,2026,"(0.75, 1.0)",-1,-0.40248141486106065,-180.90000000000146,T,28597.1
2026-08-03,2026,"(1.0, 0.5)",-1,-0.3018610611457955,-180.90000000000146,T,28597.1
2026-08-03,2026,"(1.0, 0.75)",-1,-0.3018610611457955,-180.90000000000146,T,28597.1
2026-08-03,2026,"(1.0, 1.0)",-1,-0.3018610611457955,-180.90000000000146,T,28597.1
2026-08-14,2026,"(0.5, 0.5)",-1,0.19934224619145438,59.0,T,30107.9
2026-08-14,2026,"(0.5, 0.75)",-1,0.19934224619145438,59.0,T,30107.9
2026-08-14,2026,"(0.5, 1.0)",-1,0.19934224619145438,59.0,T,30107.9
2026-08-14,2026,"(0.75, 0.5)",-1,0.13289483079430292,59.0,T,30107.9
2026-08-14,2026,"(0.75, 0.75)",-1,0.13289483079430292,59.0,T,30107.9
2026-08-14,2026,"(0.75, 1.0)",-1,0.13289483079430292,59.0,T,30107.9
2026-08-14,2026,"(1.0, 0.5)",-1,0.09967112309572719,59.0,T,30107.9
2026-08-14,2026,"(1.0, 0.75)",-1,0.09967112309572719,59.0,T,30107.9
2026-08-14,2026,"(1.0, 1.0)",-1,0.09967112309572719,59.0,T,30107.9
2026-08-17,2026,"(0.5, 0.5)",-1,0.6430179430139393,174.89999999999782,T,30174.6
2026-08-17,2026,"(0.5, 0.75)",-1,0.6430179430139393,174.89999999999782,T,30174.6
2026-08-17,2026,"(0.5, 1.0)",-1,0.6430179430139393,174.89999999999782,T,30174.6
2026-08-17,2026,"(0.75, 0.5)",-1,0.4286786286759596,174.89999999999782,T,30174.6
2026-08-17,2026,"(0.75, 0.75)",-1,0.4286786286759596,174.89999999999782,T,30174.6
2026-08-17,2026,"(0.75, 1.0)",-1,0.4286786286759596,174.89999999999782,T,30174.6
2026-08-17,2026,"(1.0, 0.5)",-1,0.32150897150696967,174.89999999999782,T,30174.6
2026-08-17,2026,"(1.0, 0.75)",-1,0.32150897150696967,174.89999999999782,T,30174.6
2026-08-17,2026,"(1.0, 1.0)",-1,0.32150897150696967,174.89999999999782,T,30174.6
2026-08-20,2026,"(0.5, 0.5)",1,-0.4445640473627687,-97.80000000000291,T,29310.9
2026-08-20,2026,"(0.5, 0.75)",1,-0.4445640473627687,-97.80000000000291,T,29310.9
2026-08-20,2026,"(0.5, 1.0)",1,-0.4445640473627687,-97.80000000000291,T,29310.9
2026-08-20,2026,"(0.75, 0.5)",1,-0.29637603157517917,-97.80000000000291,T,29310.9
2026-08-20,2026,"(0.75, 0.75)",1,-0.29637603157517917,-97.80000000000291,T,29310.9
2026-08-20,2026,"(0.75, 1.0)",1,-0.29637603157517917,-97.80000000000291,T,29310.9
2026-08-20,2026,"(1.0, 0.5)",1,-0.22228202368138436,-97.80000000000291,T,29310.9
2026-08-20,2026,"(1.0, 0.75)",1,-0.22228202368138436,-97.80000000000291,T,29310.9
2026-08-20,2026,"(1.0, 1.0)",1,-0.22228202368138436,-97.80000000000291,T,29310.9
2026-08-21,2026,"(0.5, 0.5)",-1,-0.1915887850467291,-38.5,T,29277.4
2026-08-21,2026,"(0.5, 0.75)",-1,-0.1915887850467291,-38.5,T,29277.4
2026-08-21,2026,"(0.5, 1.0)",-1,-0.1915887850467291,-38.5,T,29277.4
2026-08-21,2026,"(0.75, 0.5)",-1,-0.1277258566978194,-38.5,T,29277.4
2026-08-21,2026,"(0.75, 0.75)",-1,-0.1277258566978194,-38.5,T,29277.4
2026-08-21,2026,"(0.75, 1.0)",-1,-0.1277258566978194,-38.5,T,29277.4
2026-08-21,2026,"(1.0, 0.5)",-1,-0.09579439252336455,-38.5,T,29277.4
2026-08-21,2026,"(1.0, 0.75)",-1,-0.09579439252336455,-38.5,T,29277.4
2026-08-21,2026,"(1.0, 1.0)",-1,-0.09579439252336455,-38.5,T,29277.4
2026-08-28,2026,"(0.5, 0.5)",-1,0.984911191584756,165.6857142857143,TP,29629.7
2026-08-28,2026,"(0.5, 0.75)",-1,1.484911191584756,248.52857142857147,TP,29629.7
2026-08-28,2026,"(0.5, 1.0)",-1,1.1431281255388945,191.90000000000146,T,29629.7
2026-08-28,2026,"(0.75, 0.5)",-1,0.656607461056504,165.6857142857143,TP,29629.7
2026-08-28,2026,"(0.75, 0.75)",-1,0.9899407943898373,248.52857142857147,TP,29629.7
2026-08-28,2026,"(0.75, 1.0)",-1,0.7620854170259298,191.90000000000146,T,29629.7
2026-08-28,2026,"(1.0, 0.5)",-1,0.492455595792378,165.6857142857143,TP,29629.7
2026-08-28,2026,"(1.0, 0.75)",-1,0.742455595792378,248.52857142857147,TP,29629.7
2026-08-28,2026,"(1.0, 1.0)",-1,0.5715640627694473,191.90000000000146,T,29629.7
2026-08-31,2026,"(0.5, 0.5)",1,0.2189491104675386,40.30000000000291,T,29409.6
2026-08-31,2026,"(0.5, 0.75)",1,0.2189491104675386,40.30000000000291,T,29409.6
2026-08-31,2026,"(0.5, 1.0)",1,0.2189491104675386,40.30000000000291,T,29409.6
2026-08-31,2026,"(0.75, 0.5)",1,0.1459660736450257,40.30000000000291,T,29409.6
2026-08-31,2026,"(0.75, 0.75)",1,0.1459660736450257,40.30000000000291,T,29409.6
2026-08-31,2026,"(0.75, 1.0)",1,0.1459660736450257,40.30000000000291,T,29409.6
2026-08-31,2026,"(1.0, 0.5)",1,0.1094745552337693,40.30000000000291,T,29409.6
2026-08-31,2026,"(1.0, 0.75)",1,0.1094745552337693,40.30000000000291,T,29409.6
2026-08-31,2026,"(1.0, 1.0)",1,0.1094745552337693,40.30000000000291,T,29409.6
2026-09-08,2026,"(0.5, 0.5)",-1,0.9852628476388977,169.63928571428576,TP,29574.0
2026-09-08,2026,"(0.5, 0.75)",-1,0.32716478241647184,58.0,T,29574.0
2026-09-08,2026,"(0.5, 1.0)",-1,0.32716478241647184,58.0,T,29574.0
2026-09-08,2026,"(0.75, 0.5)",-1,0.6568418984259318,169.63928571428576,TP,29574.0
2026-09-08,2026,"(0.75, 0.75)",-1,0.21810985494431454,58.0,T,29574.0
2026-09-08,2026,"(0.75, 1.0)",-1,0.21810985494431454,58.0,T,29574.0
2026-09-08,2026,"(1.0, 0.5)",-1,0.49263142381944885,169.63928571428576,TP,29574.0
2026-09-08,2026,"(1.0, 0.75)",-1,0.16358239120823592,58.0,T,29574.0
2026-09-08,2026,"(1.0, 1.0)",-1,0.16358239120823592,58.0,T,29574.0
2026-09-08,2026,"(0.5, 0.5)",1,0.22989957683319642,41.5,T,29474.5
2026-09-08,2026,"(0.5, 0.75)",1,0.22989957683319642,41.5,T,29474.5
2026-09-08,2026,"(0.5, 1.0)",1,0.22989957683319642,41.5,T,29474.5
2026-09-08,2026,"(0.75, 0.5)",1,0.15326638455546426,41.5,T,29474.5
2026-09-08,2026,"(0.75, 0.75)",1,0.15326638455546426,41.5,T,29474.5
2026-09-08,2026,"(0.75, 1.0)",1,0.15326638455546426,41.5,T,29474.5
2026-09-08,2026,"(1.0, 0.5)",1,0.11494978841659821,41.5,T,29474.5
2026-09-08,2026,"(1.0, 0.75)",1,0.11494978841659821,41.5,T,29474.5
2026-09-08,2026,"(1.0, 1.0)",1,0.11494978841659821,41.5,T,29474.5
2026-09-09,2026,"(0.5, 0.5)",1,-0.14701971830985455,-20.799999999999272,T,29455.2
2026-09-09,2026,"(0.5, 0.75)",1,-0.14701971830985455,-20.799999999999272,T,29455.2
2026-09-09,2026,"(0.5, 1.0)",1,-0.14701971830985455,-20.799999999999272,T,29455.2
2026-09-09,2026,"(0.75, 0.5)",1,-0.09801314553990305,-20.799999999999272,T,29455.2
2026-09-09,2026,"(0.75, 0.75)",1,-0.09801314553990305,-20.799999999999272,T,29455.2
2026-09-09,2026,"(0.75, 1.0)",1,-0.09801314553990305,-20.799999999999272,T,29455.2
2026-09-09,2026,"(1.0, 0.5)",1,-0.07350985915492728,-20.799999999999272,T,29455.2
2026-09-09,2026,"(1.0, 0.75)",1,-0.07350985915492728,-20.799999999999272,T,29455.2
2026-09-09,2026,"(1.0, 1.0)",1,-0.07350985915492728,-20.799999999999272,T,29455.2
2026-10-05,2026,"(0.5, 0.5)",-1,-0.36031670792296067,-70.79999999999927,T,31015.8
2026-10-05,2026,"(0.5, 0.75)",-1,-0.36031670792296067,-70.79999999999927,T,31015.8
2026-10-05,2026,"(0.5, 1.0)",-1,-0.36031670792296067,-70.79999999999927,T,31015.8
2026-10-05,2026,"(0.75, 0.5)",-1,-0.2402111386153071,-70.79999999999927,T,31015.8
2026-10-05,2026,"(0.75, 0.75)",-1,-0.2402111386153071,-70.79999999999927,T,31015.8
2026-10-05,2026,"(0.75, 1.0)",-1,-0.2402111386153071,-70.79999999999927,T,31015.8
2026-10-05,2026,"(1.0, 0.5)",-1,-0.18015835396148033,-70.79999999999927,T,31015.8
2026-10-05,2026,"(1.0, 0.75)",-1,-0.18015835396148033,-70.79999999999927,T,31015.8
2026-10-05,2026,"(1.0, 1.0)",-1,-0.18015835396148033,-70.79999999999927,T,31015.8
