fecha,anio,combo,d,R,pnl,motivo,entry
2016-11-01,2016,"(0.5, 0.5)",1,-1.1188455008488964,-21.035714285714285,SL,4795.25
2016-11-01,2016,"(0.5, 0.75)",1,-1.1188455008488964,-21.035714285714285,SL,4795.25
2016-11-01,2016,"(0.5, 1.0)",1,-1.1188455008488964,-21.035714285714285,SL,4795.25
2016-11-01,2016,"(0.75, 0.5)",1,-1.0792303338992644,-31.553571428571427,SL,4795.25
2016-11-01,2016,"(0.75, 0.75)",1,-1.0792303338992644,-31.553571428571427,SL,4795.25
2016-11-01,2016,"(0.75, 1.0)",1,-1.0792303338992644,-31.553571428571427,SL,4795.25
2016-11-01,2016,"(1.0, 0.5)",1,-1.0594227504244482,-42.07142857142857,SL,4795.25
2016-11-01,2016,"(1.0, 0.75)",1,-1.0594227504244482,-42.07142857142857,SL,4795.25
2016-11-01,2016,"(1.0, 1.0)",1,-1.0594227504244482,-42.07142857142857,SL,4795.25
2016-11-03,2016,"(0.5, 0.5)",1,-1.108991825613079,-22.9375,SL,4712.0
2016-11-03,2016,"(0.5, 0.75)",1,-1.108991825613079,-22.9375,SL,4712.0
2016-11-03,2016,"(0.5, 1.0)",1,-1.108991825613079,-22.9375,SL,4712.0
2016-11-03,2016,"(0.75, 0.5)",1,-1.072661217075386,-34.40625,SL,4712.0
2016-11-03,2016,"(0.75, 0.75)",1,-1.072661217075386,-34.40625,SL,4712.0
2016-11-03,2016,"(0.75, 1.0)",1,-1.072661217075386,-34.40625,SL,4712.0
2016-11-03,2016,"(1.0, 0.5)",1,-0.8446866485013624,-36.25,T,4712.0
2016-11-03,2016,"(1.0, 0.75)",1,-0.8446866485013624,-36.25,T,4712.0
2016-11-03,2016,"(1.0, 1.0)",1,-0.8446866485013624,-36.25,T,4712.0
2016-11-09,2016,"(0.5, 0.5)",1,0.9102564102564102,27.857142857142858,TP,4769.0
2016-11-09,2016,"(0.5, 0.75)",1,1.4102564102564101,41.785714285714285,TP,4769.0
2016-11-09,2016,"(0.5, 1.0)",1,1.9102564102564104,55.714285714285715,TP,4769.0
2016-11-09,2016,"(0.75, 0.5)",1,0.6068376068376069,27.857142857142858,TP,4769.0
2016-11-09,2016,"(0.75, 0.75)",1,0.9401709401709402,41.785714285714285,TP,4769.0
2016-11-09,2016,"(0.75, 1.0)",1,1.2735042735042736,55.714285714285715,TP,4769.0
2016-11-09,2016,"(1.0, 0.5)",1,0.4551282051282051,27.857142857142858,TP,4769.0
2016-11-09,2016,"(1.0, 0.75)",1,0.7051282051282051,41.785714285714285,TP,4769.0
2016-11-09,2016,"(1.0, 1.0)",1,0.9551282051282052,55.714285714285715,TP,4769.0
2016-11-15,2016,"(0.5, 0.5)",-1,-0.5609695770467474,-17.75,T,4745.75
2016-11-15,2016,"(0.5, 0.75)",-1,-0.5609695770467474,-17.75,T,4745.75
2016-11-15,2016,"(0.5, 1.0)",-1,-0.5609695770467474,-17.75,T,4745.75
2016-11-15,2016,"(0.75, 0.5)",-1,-0.373979718031165,-17.75,T,4745.75
2016-11-15,2016,"(0.75, 0.75)",-1,-0.373979718031165,-17.75,T,4745.75
2016-11-15,2016,"(0.75, 1.0)",-1,-0.373979718031165,-17.75,T,4745.75
2016-11-15,2016,"(1.0, 0.5)",-1,-0.2804847885233737,-17.75,T,4745.75
2016-11-15,2016,"(1.0, 0.75)",-1,-0.2804847885233737,-17.75,T,4745.75
2016-11-15,2016,"(1.0, 1.0)",-1,-0.2804847885233737,-17.75,T,4745.75
2016-11-17,2016,"(0.5, 0.5)",-1,-1.0055063442662198,-35.0,T,4791.25
2016-11-17,2016,"(0.5, 0.75)",-1,-1.0055063442662198,-35.0,T,4791.25
2016-11-17,2016,"(0.5, 1.0)",-1,-1.0055063442662198,-35.0,T,4791.25
2016-11-17,2016,"(0.75, 0.5)",-1,-0.6703375628441466,-35.0,T,4791.25
2016-11-17,2016,"(0.75, 0.75)",-1,-0.6703375628441466,-35.0,T,4791.25
2016-11-17,2016,"(0.75, 1.0)",-1,-0.6703375628441466,-35.0,T,4791.25
2016-11-17,2016,"(1.0, 0.5)",-1,-0.5027531721331099,-35.0,T,4791.25
2016-11-17,2016,"(1.0, 0.75)",-1,-0.5027531721331099,-35.0,T,4791.25
2016-11-17,2016,"(1.0, 1.0)",-1,-0.5027531721331099,-35.0,T,4791.25
2016-11-28,2016,"(0.5, 0.5)",-1,0.04335483870967742,4.0,T,4861.75
2016-11-28,2016,"(0.5, 0.75)",-1,0.04335483870967742,4.0,T,4861.75
2016-11-28,2016,"(0.5, 1.0)",-1,0.04335483870967742,4.0,T,4861.75
2016-11-28,2016,"(0.75, 0.5)",-1,0.02890322580645161,4.0,T,4861.75
2016-11-28,2016,"(0.75, 0.75)",-1,0.02890322580645161,4.0,T,4861.75
2016-11-28,2016,"(0.75, 1.0)",-1,0.02890322580645161,4.0,T,4861.75
2016-11-28,2016,"(1.0, 0.5)",-1,0.02167741935483871,4.0,T,4861.75
2016-11-28,2016,"(1.0, 0.75)",-1,0.02167741935483871,4.0,T,4861.75
2016-11-28,2016,"(1.0, 1.0)",-1,0.02167741935483871,4.0,T,4861.75
2016-11-29,2016,"(0.5, 0.5)",-1,0.06614173228346457,4.75,T,4878.75
2016-11-29,2016,"(0.5, 0.75)",-1,0.06614173228346457,4.75,T,4878.75
2016-11-29,2016,"(0.5, 1.0)",-1,0.06614173228346457,4.75,T,4878.75
2016-11-29,2016,"(0.75, 0.5)",-1,0.04409448818897637,4.75,T,4878.75
2016-11-29,2016,"(0.75, 0.75)",-1,0.04409448818897637,4.75,T,4878.75
2016-11-29,2016,"(0.75, 1.0)",-1,0.04409448818897637,4.75,T,4878.75
2016-11-29,2016,"(1.0, 0.5)",-1,0.03307086614173228,4.75,T,4878.75
2016-11-29,2016,"(1.0, 0.75)",-1,0.03307086614173228,4.75,T,4878.75
2016-11-29,2016,"(1.0, 1.0)",-1,0.03307086614173228,4.75,T,4878.75
2016-12-05,2016,"(0.5, 0.5)",-1,-1.0930851063829787,-26.857142857142858,SL,4747.75
2016-12-05,2016,"(0.5, 0.75)",-1,-1.0930851063829787,-26.857142857142858,SL,4747.75
2016-12-05,2016,"(0.5, 1.0)",-1,-1.0930851063829787,-26.857142857142858,SL,4747.75
2016-12-05,2016,"(0.75, 0.5)",-1,-1.0620567375886525,-40.285714285714285,SL,4747.75
2016-12-05,2016,"(0.75, 0.75)",-1,-1.0620567375886525,-40.285714285714285,SL,4747.75
2016-12-05,2016,"(0.75, 1.0)",-1,-1.0620567375886525,-40.285714285714285,SL,4747.75
2016-12-05,2016,"(1.0, 0.5)",-1,-0.586436170212766,-29.0,T,4747.75
2016-12-05,2016,"(1.0, 0.75)",-1,-0.586436170212766,-29.0,T,4747.75
2016-12-05,2016,"(1.0, 1.0)",-1,-0.586436170212766,-29.0,T,4747.75
2016-12-06,2016,"(0.5, 0.5)",-1,0.018457481872116016,3.0,T,4790.75
2016-12-06,2016,"(0.5, 0.75)",-1,0.018457481872116016,3.0,T,4790.75
2016-12-06,2016,"(0.5, 1.0)",-1,0.018457481872116016,3.0,T,4790.75
2016-12-06,2016,"(0.75, 0.5)",-1,0.012304987914744013,3.0,T,4790.75
2016-12-06,2016,"(0.75, 0.75)",-1,0.012304987914744013,3.0,T,4790.75
2016-12-06,2016,"(0.75, 1.0)",-1,0.012304987914744013,3.0,T,4790.75
2016-12-06,2016,"(1.0, 0.5)",-1,0.009228740936058008,3.0,T,4790.75
2016-12-06,2016,"(1.0, 0.75)",-1,0.009228740936058008,3.0,T,4790.75
2016-12-06,2016,"(1.0, 1.0)",-1,0.009228740936058008,3.0,T,4790.75
2016-12-07,2016,"(0.5, 0.5)",-1,-1.0986958054282694,-25.330357142857142,SL,4791.75
2016-12-07,2016,"(0.5, 0.75)",-1,-1.0986958054282694,-25.330357142857142,SL,4791.75
2016-12-07,2016,"(0.5, 1.0)",-1,-1.0986958054282694,-25.330357142857142,SL,4791.75
2016-12-07,2016,"(0.75, 0.5)",-1,-1.0657972036188461,-37.995535714285715,SL,4791.75
2016-12-07,2016,"(0.75, 0.75)",-1,-1.0657972036188461,-37.995535714285715,SL,4791.75
2016-12-07,2016,"(0.75, 1.0)",-1,-1.0657972036188461,-37.995535714285715,SL,4791.75
2016-12-07,2016,"(1.0, 0.5)",-1,-1.0493479027141346,-50.660714285714285,SL,4791.75
2016-12-07,2016,"(1.0, 0.75)",-1,-1.0493479027141346,-50.660714285714285,SL,4791.75
2016-12-07,2016,"(1.0, 1.0)",-1,-1.0493479027141346,-50.660714285714285,SL,4791.75
2016-12-07,2016,"(0.5, 0.5)",1,0.9013041945717307,25.330357142857142,TP,4768.25
2016-12-07,2016,"(0.5, 0.75)",1,1.4013041945717308,37.995535714285715,TP,4768.25
2016-12-07,2016,"(0.5, 1.0)",1,1.9013041945717306,50.660714285714285,TP,4768.25
2016-12-07,2016,"(0.75, 0.5)",1,0.6008694630478204,25.330357142857142,TP,4768.25
2016-12-07,2016,"(0.75, 0.75)",1,0.9342027963811538,37.995535714285715,TP,4768.25
2016-12-07,2016,"(0.75, 1.0)",1,1.2675361297144871,50.660714285714285,TP,4768.25
2016-12-07,2016,"(1.0, 0.5)",1,0.45065209728586536,25.330357142857142,TP,4768.25
2016-12-07,2016,"(1.0, 0.75)",1,0.7006520972858654,37.995535714285715,TP,4768.25
2016-12-07,2016,"(1.0, 1.0)",1,0.9506520972858653,50.660714285714285,TP,4768.25
2016-12-15,2016,"(0.5, 0.5)",-1,0.905977165883143,26.589285714285715,TP,4956.75
2016-12-15,2016,"(0.5, 0.75)",-1,0.7897918065815983,23.5,T,4956.75
2016-12-15,2016,"(0.5, 1.0)",-1,0.7897918065815983,23.5,T,4956.75
2016-12-15,2016,"(0.75, 0.5)",-1,0.6039847772554288,26.589285714285715,TP,4956.75
2016-12-15,2016,"(0.75, 0.75)",-1,0.5265278710543989,23.5,T,4956.75
2016-12-15,2016,"(0.75, 1.0)",-1,0.5265278710543989,23.5,T,4956.75
2016-12-15,2016,"(1.0, 0.5)",-1,0.4529885829415715,26.589285714285715,TP,4956.75
2016-12-15,2016,"(1.0, 0.75)",-1,0.39489590329079916,23.5,T,4956.75
2016-12-15,2016,"(1.0, 1.0)",-1,0.39489590329079916,23.5,T,4956.75
2016-12-21,2016,"(0.5, 0.5)",1,-0.05779153766769866,1.0,T,4949.0
2016-12-21,2016,"(0.5, 0.75)",1,-0.05779153766769866,1.0,T,4949.0
2016-12-21,2016,"(0.5, 1.0)",1,-0.05779153766769866,1.0,T,4949.0
2016-12-21,2016,"(0.75, 0.5)",1,-0.038527691778465774,1.0,T,4949.0
2016-12-21,2016,"(0.75, 0.75)",1,-0.038527691778465774,1.0,T,4949.0
2016-12-21,2016,"(0.75, 1.0)",1,-0.038527691778465774,1.0,T,4949.0
2016-12-21,2016,"(1.0, 0.5)",1,-0.02889576883384933,1.0,T,4949.0
2016-12-21,2016,"(1.0, 0.75)",1,-0.02889576883384933,1.0,T,4949.0
2016-12-21,2016,"(1.0, 1.0)",1,-0.02889576883384933,1.0,T,4949.0
2017-01-03,2017,"(0.5, 0.5)",-1,0.8919753086419753,23.142857142857142,TP,4924.5
2017-01-03,2017,"(0.5, 0.75)",-1,1.3919753086419753,34.714285714285715,TP,4924.5
2017-01-03,2017,"(0.5, 1.0)",-1,0.6265432098765432,17.0,T,4924.5
2017-01-03,2017,"(0.75, 0.5)",-1,0.5946502057613169,23.142857142857142,TP,4924.5
2017-01-03,2017,"(0.75, 0.75)",-1,0.9279835390946503,34.714285714285715,TP,4924.5
2017-01-03,2017,"(0.75, 1.0)",-1,0.4176954732510288,17.0,T,4924.5
2017-01-03,2017,"(1.0, 0.5)",-1,0.44598765432098764,23.142857142857142,TP,4924.5
2017-01-03,2017,"(1.0, 0.75)",-1,0.6959876543209876,34.714285714285715,TP,4924.5
2017-01-03,2017,"(1.0, 1.0)",-1,0.3132716049382716,17.0,T,4924.5
2017-01-06,2017,"(0.5, 0.5)",-1,-1.1167152980408503,-21.419642857142858,SL,4959.5
2017-01-06,2017,"(0.5, 0.75)",-1,-1.1167152980408503,-21.419642857142858,SL,4959.5
2017-01-06,2017,"(0.5, 1.0)",-1,-1.1167152980408503,-21.419642857142858,SL,4959.5
2017-01-06,2017,"(0.75, 0.5)",-1,-1.0778101986939002,-32.129464285714285,SL,4959.5
2017-01-06,2017,"(0.75, 0.75)",-1,-1.0778101986939002,-32.129464285714285,SL,4959.5
2017-01-06,2017,"(0.75, 1.0)",-1,-1.0778101986939002,-32.129464285714285,SL,4959.5
2017-01-06,2017,"(1.0, 0.5)",-1,-1.0583576490204252,-42.839285714285715,SL,4959.5
2017-01-06,2017,"(1.0, 0.75)",-1,-1.0583576490204252,-42.839285714285715,SL,4959.5
2017-01-06,2017,"(1.0, 1.0)",-1,-1.0583576490204252,-42.839285714285715,SL,4959.5
2017-01-09,2017,"(0.5, 0.5)",-1,-0.5739549839228295,-10.25,T,5010.5
2017-01-09,2017,"(0.5, 0.75)",-1,-0.5739549839228295,-10.25,T,5010.5
2017-01-09,2017,"(0.5, 1.0)",-1,-0.5739549839228295,-10.25,T,5010.5
2017-01-09,2017,"(0.75, 0.5)",-1,-0.38263665594855306,-10.25,T,5010.5
2017-01-09,2017,"(0.75, 0.75)",-1,-0.38263665594855306,-10.25,T,5010.5
2017-01-09,2017,"(0.75, 1.0)",-1,-0.38263665594855306,-10.25,T,5010.5
2017-01-09,2017,"(1.0, 0.5)",-1,-0.28697749196141475,-10.25,T,5010.5
2017-01-09,2017,"(1.0, 0.75)",-1,-0.28697749196141475,-10.25,T,5010.5
2017-01-09,2017,"(1.0, 1.0)",-1,-0.28697749196141475,-10.25,T,5010.5
2017-01-11,2017,"(0.5, 0.5)",1,0.8798798798798799,20.8125,TP,5014.75
2017-01-11,2017,"(0.5, 0.75)",1,1.3333333333333333,30.25,T,5014.75
2017-01-11,2017,"(0.5, 1.0)",1,1.3333333333333333,30.25,T,5014.75
2017-01-11,2017,"(0.75, 0.5)",1,0.5865865865865866,20.8125,TP,5014.75
2017-01-11,2017,"(0.75, 0.75)",1,0.8888888888888888,30.25,T,5014.75
2017-01-11,2017,"(0.75, 1.0)",1,0.8888888888888888,30.25,T,5014.75
2017-01-11,2017,"(1.0, 0.5)",1,0.43993993993993996,20.8125,TP,5014.75
2017-01-11,2017,"(1.0, 0.75)",1,0.6666666666666666,30.25,T,5014.75
2017-01-11,2017,"(1.0, 1.0)",1,0.6666666666666666,30.25,T,5014.75
2017-01-18,2017,"(0.5, 0.5)",-1,-0.14473161033797216,-0.75,T,5049.75
2017-01-18,2017,"(0.5, 0.75)",-1,-0.14473161033797216,-0.75,T,5049.75
2017-01-18,2017,"(0.5, 1.0)",-1,-0.14473161033797216,-0.75,T,5049.75
2017-01-18,2017,"(0.75, 0.5)",-1,-0.09648774022531477,-0.75,T,5049.75
2017-01-18,2017,"(0.75, 0.75)",-1,-0.09648774022531477,-0.75,T,5049.75
2017-01-18,2017,"(0.75, 1.0)",-1,-0.09648774022531477,-0.75,T,5049.75
2017-01-18,2017,"(1.0, 0.5)",-1,-0.07236580516898608,-0.75,T,5049.75
2017-01-18,2017,"(1.0, 0.75)",-1,-0.07236580516898608,-0.75,T,5049.75
2017-01-18,2017,"(1.0, 1.0)",-1,-0.07236580516898608,-0.75,T,5049.75
2017-01-27,2017,"(0.5, 0.5)",-1,-0.2396576319543509,-2.0,T,5160.25
2017-01-27,2017,"(0.5, 0.75)",-1,-0.2396576319543509,-2.0,T,5160.25
2017-01-27,2017,"(0.5, 1.0)",-1,-0.2396576319543509,-2.0,T,5160.25
2017-01-27,2017,"(0.75, 0.5)",-1,-0.15977175463623394,-2.0,T,5160.25
2017-01-27,2017,"(0.75, 0.75)",-1,-0.15977175463623394,-2.0,T,5160.25
2017-01-27,2017,"(0.75, 1.0)",-1,-0.15977175463623394,-2.0,T,5160.25
2017-01-27,2017,"(1.0, 0.5)",-1,-0.11982881597717546,-2.0,T,5160.25
2017-01-27,2017,"(1.0, 0.75)",-1,-0.11982881597717546,-2.0,T,5160.25
2017-01-27,2017,"(1.0, 1.0)",-1,-0.11982881597717546,-2.0,T,5160.25
2017-02-02,2017,"(0.5, 0.5)",1,0.8690364826941066,19.089285714285715,TP,5133.75
2017-02-02,2017,"(0.5, 0.75)",1,0.3012160898035547,8.25,T,5133.75
2017-02-02,2017,"(0.5, 1.0)",1,0.3012160898035547,8.25,T,5133.75
2017-02-02,2017,"(0.75, 0.5)",1,0.5793576551294044,19.089285714285715,TP,5133.75
2017-02-02,2017,"(0.75, 0.75)",1,0.20081072653570314,8.25,T,5133.75
2017-02-02,2017,"(0.75, 1.0)",1,0.20081072653570314,8.25,T,5133.75
2017-02-02,2017,"(1.0, 0.5)",1,0.4345182413470533,19.089285714285715,TP,5133.75
2017-02-02,2017,"(1.0, 0.75)",1,0.15060804490177734,8.25,T,5133.75
2017-02-02,2017,"(1.0, 1.0)",1,0.15060804490177734,8.25,T,5133.75
2017-02-03,2017,"(0.5, 0.5)",-1,-0.12262773722627737,0.25,T,5156.25
2017-02-03,2017,"(0.5, 0.75)",-1,-0.12262773722627737,0.25,T,5156.25
2017-02-03,2017,"(0.5, 1.0)",-1,-0.12262773722627737,0.25,T,5156.25
2017-02-03,2017,"(0.75, 0.5)",-1,-0.08175182481751825,0.25,T,5156.25
2017-02-03,2017,"(0.75, 0.75)",-1,-0.08175182481751825,0.25,T,5156.25
2017-02-03,2017,"(0.75, 1.0)",-1,-0.08175182481751825,0.25,T,5156.25
2017-02-03,2017,"(1.0, 0.5)",-1,-0.061313868613138686,0.25,T,5156.25
2017-02-03,2017,"(1.0, 0.75)",-1,-0.061313868613138686,0.25,T,5156.25
2017-02-03,2017,"(1.0, 1.0)",-1,-0.061313868613138686,0.25,T,5156.25
2017-02-08,2017,"(0.5, 0.5)",-1,-0.3028515240904622,-3.0,T,5187.25
2017-02-08,2017,"(0.5, 0.75)",-1,-0.3028515240904622,-3.0,T,5187.25
2017-02-08,2017,"(0.5, 1.0)",-1,-0.3028515240904622,-3.0,T,5187.25
2017-02-08,2017,"(0.75, 0.5)",-1,-0.2019010160603081,-3.0,T,5187.25
2017-02-08,2017,"(0.75, 0.75)",-1,-0.2019010160603081,-3.0,T,5187.25
2017-02-08,2017,"(0.75, 1.0)",-1,-0.2019010160603081,-3.0,T,5187.25
2017-02-08,2017,"(1.0, 0.5)",-1,-0.1514257620452311,-3.0,T,5187.25
2017-02-08,2017,"(1.0, 0.75)",-1,-0.1514257620452311,-3.0,T,5187.25
2017-02-08,2017,"(1.0, 1.0)",-1,-0.1514257620452311,-3.0,T,5187.25
2017-02-10,2017,"(0.5, 0.5)",-1,-0.5237613751263903,-6.75,T,5218.25
2017-02-10,2017,"(0.5, 0.75)",-1,-0.5237613751263903,-6.75,T,5218.25
2017-02-10,2017,"(0.5, 1.0)",-1,-0.5237613751263903,-6.75,T,5218.25
2017-02-10,2017,"(0.75, 0.5)",-1,-0.34917425008426023,-6.75,T,5218.25
2017-02-10,2017,"(0.75, 0.75)",-1,-0.34917425008426023,-6.75,T,5218.25
2017-02-10,2017,"(0.75, 1.0)",-1,-0.34917425008426023,-6.75,T,5218.25
2017-02-10,2017,"(1.0, 0.5)",-1,-0.26188068756319516,-6.75,T,5218.25
2017-02-10,2017,"(1.0, 0.75)",-1,-0.26188068756319516,-6.75,T,5218.25
2017-02-10,2017,"(1.0, 1.0)",-1,-0.26188068756319516,-6.75,T,5218.25
2017-02-14,2017,"(0.5, 0.5)",-1,-0.8435517970401691,-11.75,T,5260.75
2017-02-14,2017,"(0.5, 0.75)",-1,-0.8435517970401691,-11.75,T,5260.75
2017-02-14,2017,"(0.5, 1.0)",-1,-0.8435517970401691,-11.75,T,5260.75
2017-02-14,2017,"(0.75, 0.5)",-1,-0.562367864693446,-11.75,T,5260.75
2017-02-14,2017,"(0.75, 0.75)",-1,-0.562367864693446,-11.75,T,5260.75
2017-02-14,2017,"(0.75, 1.0)",-1,-0.562367864693446,-11.75,T,5260.75
2017-02-14,2017,"(1.0, 0.5)",-1,-0.42177589852008457,-11.75,T,5260.75
2017-02-14,2017,"(1.0, 0.75)",-1,-0.42177589852008457,-11.75,T,5260.75
2017-02-14,2017,"(1.0, 1.0)",-1,-0.42177589852008457,-11.75,T,5260.75
2017-02-15,2017,"(0.5, 0.5)",-1,-1.1542699724517906,-16.205357142857142,SL,5271.0
2017-02-15,2017,"(0.5, 0.75)",-1,-1.1542699724517906,-16.205357142857142,SL,5271.0
2017-02-15,2017,"(0.5, 1.0)",-1,-1.1542699724517906,-16.205357142857142,SL,5271.0
2017-02-15,2017,"(0.75, 0.5)",-1,-1.1028466483011938,-24.308035714285715,SL,5271.0
2017-02-15,2017,"(0.75, 0.75)",-1,-1.1028466483011938,-24.308035714285715,SL,5271.0
2017-02-15,2017,"(0.75, 1.0)",-1,-1.1028466483011938,-24.308035714285715,SL,5271.0
2017-02-15,2017,"(1.0, 0.5)",-1,-1.0771349862258954,-32.410714285714285,SL,5271.0
2017-02-15,2017,"(1.0, 0.75)",-1,-1.0771349862258954,-32.410714285714285,SL,5271.0
2017-02-15,2017,"(1.0, 1.0)",-1,-1.0771349862258954,-32.410714285714285,SL,5271.0
2017-02-17,2017,"(0.5, 0.5)",-1,-0.7414330218068536,-10.25,T,5314.25
2017-02-17,2017,"(0.5, 0.75)",-1,-0.7414330218068536,-10.25,T,5314.25
2017-02-17,2017,"(0.5, 1.0)",-1,-0.7414330218068536,-10.25,T,5314.25
2017-02-17,2017,"(0.75, 0.5)",-1,-0.494288681204569,-10.25,T,5314.25
2017-02-17,2017,"(0.75, 0.75)",-1,-0.494288681204569,-10.25,T,5314.25
2017-02-17,2017,"(0.75, 1.0)",-1,-0.494288681204569,-10.25,T,5314.25
2017-02-17,2017,"(1.0, 0.5)",-1,-0.3707165109034268,-10.25,T,5314.25
2017-02-17,2017,"(1.0, 0.75)",-1,-0.3707165109034268,-10.25,T,5314.25
2017-02-17,2017,"(1.0, 1.0)",-1,-0.3707165109034268,-10.25,T,5314.25
2017-02-22,2017,"(0.5, 0.5)",-1,-0.12903225806451613,0.5,T,5352.5
2017-02-22,2017,"(0.5, 0.75)",-1,-0.12903225806451613,0.5,T,5352.5
2017-02-22,2017,"(0.5, 1.0)",-1,-0.12903225806451613,0.5,T,5352.5
2017-02-22,2017,"(0.75, 0.5)",-1,-0.08602150537634409,0.5,T,5352.5
2017-02-22,2017,"(0.75, 0.75)",-1,-0.08602150537634409,0.5,T,5352.5
2017-02-22,2017,"(0.75, 1.0)",-1,-0.08602150537634409,0.5,T,5352.5
2017-02-22,2017,"(1.0, 0.5)",-1,-0.06451612903225806,0.5,T,5352.5
2017-02-22,2017,"(1.0, 0.75)",-1,-0.06451612903225806,0.5,T,5352.5
2017-02-22,2017,"(1.0, 1.0)",-1,-0.06451612903225806,0.5,T,5352.5
2017-02-23,2017,"(0.5, 0.5)",-1,0.8287461773700305,14.598214285714286,TP,5354.75
2017-02-23,2017,"(0.5, 0.75)",-1,1.3287461773700306,21.89732142857143,TP,5354.75
2017-02-23,2017,"(0.5, 1.0)",-1,1.8287461773700306,29.196428571428573,TP,5354.75
2017-02-23,2017,"(0.75, 0.5)",-1,0.5524974515800204,14.598214285714286,TP,5354.75
2017-02-23,2017,"(0.75, 0.75)",-1,0.8858307849133538,21.89732142857143,TP,5354.75
2017-02-23,2017,"(0.75, 1.0)",-1,1.219164118246687,29.196428571428573,TP,5354.75
2017-02-23,2017,"(1.0, 0.5)",-1,0.41437308868501527,14.598214285714286,TP,5354.75
2017-02-23,2017,"(1.0, 0.75)",-1,0.6643730886850153,21.89732142857143,TP,5354.75
2017-02-23,2017,"(1.0, 1.0)",-1,0.9143730886850153,29.196428571428573,TP,5354.75
2017-02-27,2017,"(0.5, 0.5)",-1,-0.7163160886867539,-8.75,T,5339.75
2017-02-27,2017,"(0.5, 0.75)",-1,-0.7163160886867539,-8.75,T,5339.75
2017-02-27,2017,"(0.5, 1.0)",-1,-0.7163160886867539,-8.75,T,5339.75
2017-02-27,2017,"(0.75, 0.5)",-1,-0.47754405912450254,-8.75,T,5339.75
2017-02-27,2017,"(0.75, 0.75)",-1,-0.47754405912450254,-8.75,T,5339.75
2017-02-27,2017,"(0.75, 1.0)",-1,-0.47754405912450254,-8.75,T,5339.75
2017-02-27,2017,"(1.0, 0.5)",-1,-0.35815804434337695,-8.75,T,5339.75
2017-02-27,2017,"(1.0, 0.75)",-1,-0.35815804434337695,-8.75,T,5339.75
2017-02-27,2017,"(1.0, 1.0)",-1,-0.35815804434337695,-8.75,T,5339.75
2017-02-28,2017,"(0.5, 0.5)",-1,0.8426082068577853,15.883928571428571,TP,5345.5
2017-02-28,2017,"(0.5, 0.75)",-1,1.3426082068577854,23.825892857142858,TP,5345.5
2017-02-28,2017,"(0.5, 1.0)",-1,0.6925238898257449,13.5,T,5345.5
2017-02-28,2017,"(0.75, 0.5)",-1,0.5617388045718569,15.883928571428571,TP,5345.5
2017-02-28,2017,"(0.75, 0.75)",-1,0.8950721379051901,23.825892857142858,TP,5345.5
2017-02-28,2017,"(0.75, 1.0)",-1,0.4616825932171632,13.5,T,5345.5
2017-02-28,2017,"(1.0, 0.5)",-1,0.42130410342889263,15.883928571428571,TP,5345.5
2017-02-28,2017,"(1.0, 0.75)",-1,0.6713041034288927,23.825892857142858,TP,5345.5
2017-02-28,2017,"(1.0, 1.0)",-1,0.34626194491287243,13.5,T,5345.5
2017-03-03,2017,"(0.5, 0.5)",1,0.6605128205128206,14.0,T,5358.75
2017-03-03,2017,"(0.5, 0.75)",1,0.6605128205128206,14.0,T,5358.75
2017-03-03,2017,"(0.5, 1.0)",1,0.6605128205128206,14.0,T,5358.75
2017-03-03,2017,"(0.75, 0.5)",1,0.4403418803418804,14.0,T,5358.75
2017-03-03,2017,"(0.75, 0.75)",1,0.4403418803418804,14.0,T,5358.75
2017-03-03,2017,"(0.75, 1.0)",1,0.4403418803418804,14.0,T,5358.75
2017-03-03,2017,"(1.0, 0.5)",1,0.3302564102564103,14.0,T,5358.75
2017-03-03,2017,"(1.0, 0.75)",1,0.3302564102564103,14.0,T,5358.75
2017-03-03,2017,"(1.0, 1.0)",1,0.3302564102564103,14.0,T,5358.75
2017-03-09,2017,"(0.5, 0.5)",1,0.8539384454877412,17.116071428571427,TP,5350.5
2017-03-09,2017,"(0.5, 0.75)",1,0.6572769953051644,13.75,T,5350.5
2017-03-09,2017,"(0.5, 1.0)",1,0.6572769953051644,13.75,T,5350.5
2017-03-09,2017,"(0.75, 0.5)",1,0.5692922969918275,17.116071428571427,TP,5350.5
2017-03-09,2017,"(0.75, 0.75)",1,0.43818466353677626,13.75,T,5350.5
2017-03-09,2017,"(0.75, 1.0)",1,0.43818466353677626,13.75,T,5350.5
2017-03-09,2017,"(1.0, 0.5)",1,0.4269692227438706,17.116071428571427,TP,5350.5
2017-03-09,2017,"(1.0, 0.75)",1,0.3286384976525822,13.75,T,5350.5
2017-03-09,2017,"(1.0, 1.0)",1,0.3286384976525822,13.75,T,5350.5
2017-03-22,2017,"(0.5, 0.5)",1,0.86328125,18.285714285714285,TP,5336.25
2017-03-22,2017,"(0.5, 0.75)",1,1.36328125,27.428571428571427,TP,5336.25
2017-03-22,2017,"(0.5, 1.0)",1,1.86328125,36.57142857142857,TP,5336.25
2017-03-22,2017,"(0.75, 0.5)",1,0.5755208333333334,18.285714285714285,TP,5336.25
2017-03-22,2017,"(0.75, 0.75)",1,0.9088541666666666,27.428571428571427,TP,5336.25
2017-03-22,2017,"(0.75, 1.0)",1,1.2421875,36.57142857142857,TP,5336.25
2017-03-22,2017,"(1.0, 0.5)",1,0.431640625,18.285714285714285,TP,5336.25
2017-03-22,2017,"(1.0, 0.75)",1,0.681640625,27.428571428571427,TP,5336.25
2017-03-22,2017,"(1.0, 1.0)",1,0.931640625,36.57142857142857,TP,5336.25
2017-03-23,2017,"(0.5, 0.5)",-1,0.8669201520912547,18.785714285714285,TP,5376.0
2017-03-23,2017,"(0.5, 0.75)",-1,1.3669201520912548,28.178571428571427,TP,5376.0
2017-03-23,2017,"(0.5, 1.0)",-1,0.8517110266159696,18.5,T,5376.0
2017-03-23,2017,"(0.75, 0.5)",-1,0.5779467680608364,18.785714285714285,TP,5376.0
2017-03-23,2017,"(0.75, 0.75)",-1,0.9112801013941698,28.178571428571427,TP,5376.0
2017-03-23,2017,"(0.75, 1.0)",-1,0.5678073510773131,18.5,T,5376.0
2017-03-23,2017,"(1.0, 0.5)",-1,0.43346007604562736,18.785714285714285,TP,5376.0
2017-03-23,2017,"(1.0, 0.75)",-1,0.6834600760456274,28.178571428571427,TP,5376.0
2017-03-23,2017,"(1.0, 1.0)",-1,0.4258555133079848,18.5,T,5376.0
2017-03-30,2017,"(0.5, 0.5)",-1,-0.5124792013311148,-8.5,T,5432.75
2017-03-30,2017,"(0.5, 0.75)",-1,-0.5124792013311148,-8.5,T,5432.75
2017-03-30,2017,"(0.5, 1.0)",-1,-0.5124792013311148,-8.5,T,5432.75
2017-03-30,2017,"(0.75, 0.5)",-1,-0.3416528008874099,-8.5,T,5432.75
2017-03-30,2017,"(0.75, 0.75)",-1,-0.3416528008874099,-8.5,T,5432.75
2017-03-30,2017,"(0.75, 1.0)",-1,-0.3416528008874099,-8.5,T,5432.75
2017-03-30,2017,"(1.0, 0.5)",-1,-0.2562396006655574,-8.5,T,5432.75
2017-03-30,2017,"(1.0, 0.75)",-1,-0.2562396006655574,-8.5,T,5432.75
2017-03-30,2017,"(1.0, 1.0)",-1,-0.2562396006655574,-8.5,T,5432.75
2017-03-31,2017,"(0.5, 0.5)",-1,0.3931914893617021,10.75,T,5447.25
2017-03-31,2017,"(0.5, 0.75)",-1,0.3931914893617021,10.75,T,5447.25
2017-03-31,2017,"(0.5, 1.0)",-1,0.3931914893617021,10.75,T,5447.25
2017-03-31,2017,"(0.75, 0.5)",-1,0.2621276595744681,10.75,T,5447.25
2017-03-31,2017,"(0.75, 0.75)",-1,0.2621276595744681,10.75,T,5447.25
2017-03-31,2017,"(0.75, 1.0)",-1,0.2621276595744681,10.75,T,5447.25
2017-03-31,2017,"(1.0, 0.5)",-1,0.19659574468085106,10.75,T,5447.25
2017-03-31,2017,"(1.0, 0.75)",-1,0.19659574468085106,10.75,T,5447.25
2017-03-31,2017,"(1.0, 1.0)",-1,0.19659574468085106,10.75,T,5447.25
2017-04-06,2017,"(0.5, 0.5)",1,0.42857142857142855,12.25,T,5409.75
2017-04-06,2017,"(0.5, 0.75)",1,0.42857142857142855,12.25,T,5409.75
2017-04-06,2017,"(0.5, 1.0)",1,0.42857142857142855,12.25,T,5409.75
2017-04-06,2017,"(0.75, 0.5)",1,0.2857142857142857,12.25,T,5409.75
2017-04-06,2017,"(0.75, 0.75)",1,0.2857142857142857,12.25,T,5409.75
2017-04-06,2017,"(0.75, 1.0)",1,0.2857142857142857,12.25,T,5409.75
2017-04-06,2017,"(1.0, 0.5)",1,0.21428571428571427,12.25,T,5409.75
2017-04-06,2017,"(1.0, 0.75)",1,0.21428571428571427,12.25,T,5409.75
2017-04-06,2017,"(1.0, 1.0)",1,0.21428571428571427,12.25,T,5409.75
2017-04-13,2017,"(0.5, 0.5)",1,0.884393063583815,21.625,TP,5371.5
2017-04-13,2017,"(0.5, 0.75)",1,-0.9479768786127167,-18.0,T,5371.5
2017-04-13,2017,"(0.5, 1.0)",1,-0.9479768786127167,-18.0,T,5371.5
2017-04-13,2017,"(0.75, 0.5)",1,0.5895953757225434,21.625,TP,5371.5
2017-04-13,2017,"(0.75, 0.75)",1,-0.6319845857418112,-18.0,T,5371.5
2017-04-13,2017,"(0.75, 1.0)",1,-0.6319845857418112,-18.0,T,5371.5
2017-04-13,2017,"(1.0, 0.5)",1,0.4421965317919075,21.625,TP,5371.5
2017-04-13,2017,"(1.0, 0.75)",1,-0.47398843930635837,-18.0,T,5371.5
2017-04-13,2017,"(1.0, 1.0)",1,-0.47398843930635837,-18.0,T,5371.5
2017-05-02,2017,"(0.5, 0.5)",-1,-0.34782608695652173,-5.0,T,5634.75
2017-05-02,2017,"(0.5, 0.75)",-1,-0.34782608695652173,-5.0,T,5634.75
2017-05-02,2017,"(0.5, 1.0)",-1,-0.34782608695652173,-5.0,T,5634.75
2017-05-02,2017,"(0.75, 0.5)",-1,-0.2318840579710145,-5.0,T,5634.75
2017-05-02,2017,"(0.75, 0.75)",-1,-0.2318840579710145,-5.0,T,5634.75
2017-05-02,2017,"(0.75, 1.0)",-1,-0.2318840579710145,-5.0,T,5634.75
2017-05-02,2017,"(1.0, 0.5)",-1,-0.17391304347826086,-5.0,T,5634.75
2017-05-02,2017,"(1.0, 0.75)",-1,-0.17391304347826086,-5.0,T,5634.75
2017-05-02,2017,"(1.0, 1.0)",-1,-0.17391304347826086,-5.0,T,5634.75
2017-05-04,2017,"(0.5, 0.5)",1,0.8747763864042933,19.964285714285715,TP,5609.25
2017-05-04,2017,"(0.5, 0.75)",1,0.5885509838998211,14.25,T,5609.25
2017-05-04,2017,"(0.5, 1.0)",1,0.5885509838998211,14.25,T,5609.25
2017-05-04,2017,"(0.75, 0.5)",1,0.5831842576028623,19.964285714285715,TP,5609.25
2017-05-04,2017,"(0.75, 0.75)",1,0.3923673225998807,14.25,T,5609.25
2017-05-04,2017,"(0.75, 1.0)",1,0.3923673225998807,14.25,T,5609.25
2017-05-04,2017,"(1.0, 0.5)",1,0.43738819320214667,19.964285714285715,TP,5609.25
2017-05-04,2017,"(1.0, 0.75)",1,0.29427549194991054,14.25,T,5609.25
2017-05-04,2017,"(1.0, 1.0)",1,0.29427549194991054,14.25,T,5609.25
2017-05-10,2017,"(0.5, 0.5)",1,0.8615916955017301,18.0625,TP,5660.75
2017-05-10,2017,"(0.5, 0.75)",1,0.7889273356401384,16.75,T,5660.75
2017-05-10,2017,"(0.5, 1.0)",1,0.7889273356401384,16.75,T,5660.75
2017-05-10,2017,"(0.75, 0.5)",1,0.5743944636678201,18.0625,TP,5660.75
2017-05-10,2017,"(0.75, 0.75)",1,0.5259515570934256,16.75,T,5660.75
2017-05-10,2017,"(0.75, 1.0)",1,0.5259515570934256,16.75,T,5660.75
2017-05-10,2017,"(1.0, 0.5)",1,0.43079584775086505,18.0625,TP,5660.75
2017-05-10,2017,"(1.0, 0.75)",1,0.3944636678200692,16.75,T,5660.75
2017-05-10,2017,"(1.0, 1.0)",1,0.3944636678200692,16.75,T,5660.75
2017-05-18,2017,"(0.5, 0.5)",1,0.8653198653198653,18.5625,TP,5591.0
2017-05-18,2017,"(0.5, 0.75)",1,1.3653198653198653,27.84375,TP,5591.0
2017-05-18,2017,"(0.5, 1.0)",1,1.8653198653198653,37.125,TP,5591.0
2017-05-18,2017,"(0.75, 0.5)",1,0.5768799102132436,18.5625,TP,5591.0
2017-05-18,2017,"(0.75, 0.75)",1,0.9102132435465768,27.84375,TP,5591.0
2017-05-18,2017,"(0.75, 1.0)",1,1.24354657687991,37.125,TP,5591.0
2017-05-18,2017,"(1.0, 0.5)",1,0.43265993265993263,18.5625,TP,5591.0
2017-05-18,2017,"(1.0, 0.75)",1,0.6826599326599326,27.84375,TP,5591.0
2017-05-18,2017,"(1.0, 1.0)",1,0.9326599326599326,37.125,TP,5591.0
2017-05-22,2017,"(0.5, 0.5)",-1,-1.124777183600713,-20.035714285714285,SL,5676.5
2017-05-22,2017,"(0.5, 0.75)",-1,-1.124777183600713,-20.035714285714285,SL,5676.5
2017-05-22,2017,"(0.5, 1.0)",-1,-1.124777183600713,-20.035714285714285,SL,5676.5
2017-05-22,2017,"(0.75, 0.5)",-1,-0.8983957219251337,-24.5,T,5676.5
2017-05-22,2017,"(0.75, 0.75)",-1,-0.8983957219251337,-24.5,T,5676.5
2017-05-22,2017,"(0.75, 1.0)",-1,-0.8983957219251337,-24.5,T,5676.5
2017-05-22,2017,"(1.0, 0.5)",-1,-0.6737967914438503,-24.5,T,5676.5
2017-05-22,2017,"(1.0, 0.75)",-1,-0.6737967914438503,-24.5,T,5676.5
2017-05-22,2017,"(1.0, 1.0)",-1,-0.6737967914438503,-24.5,T,5676.5
2017-06-06,2017,"(0.5, 0.5)",-1,0.8967551622418879,24.214285714285715,TP,5888.25
2017-06-06,2017,"(0.5, 0.75)",-1,1.3967551622418877,36.32142857142857,TP,5888.25
2017-06-06,2017,"(0.5, 1.0)",-1,1.1563421828908553,30.5,T,5888.25
2017-06-06,2017,"(0.75, 0.5)",-1,0.5978367748279253,24.214285714285715,TP,5888.25
2017-06-06,2017,"(0.75, 0.75)",-1,0.9311701081612586,36.32142857142857,TP,5888.25
2017-06-06,2017,"(0.75, 1.0)",-1,0.7708947885939037,30.5,T,5888.25
2017-06-06,2017,"(1.0, 0.5)",-1,0.44837758112094395,24.214285714285715,TP,5888.25
2017-06-06,2017,"(1.0, 0.75)",-1,0.6983775811209438,36.32142857142857,TP,5888.25
2017-06-06,2017,"(1.0, 1.0)",-1,0.5781710914454277,30.5,T,5888.25
2017-06-06,2017,"(0.5, 0.5)",1,-1.103244837758112,-24.214285714285715,SL,5873.25
2017-06-06,2017,"(0.5, 0.75)",1,-1.103244837758112,-24.214285714285715,SL,5873.25
2017-06-06,2017,"(0.5, 1.0)",1,-1.103244837758112,-24.214285714285715,SL,5873.25
2017-06-06,2017,"(0.75, 0.5)",1,-0.4955752212389381,-15.5,T,5873.25
2017-06-06,2017,"(0.75, 0.75)",1,-0.4955752212389381,-15.5,T,5873.25
2017-06-06,2017,"(0.75, 1.0)",1,-0.4955752212389381,-15.5,T,5873.25
2017-06-06,2017,"(1.0, 0.5)",1,-0.3716814159292035,-15.5,T,5873.25
2017-06-06,2017,"(1.0, 0.75)",1,-0.3716814159292035,-15.5,T,5873.25
2017-06-06,2017,"(1.0, 1.0)",1,-0.3716814159292035,-15.5,T,5873.25
2017-06-07,2017,"(0.5, 0.5)",1,0.8994614003590664,24.866071428571427,TP,5851.25
2017-06-07,2017,"(0.5, 0.75)",1,1.0254937163375224,28.0,T,5851.25
2017-06-07,2017,"(0.5, 1.0)",1,1.0254937163375224,28.0,T,5851.25
2017-06-07,2017,"(0.75, 0.5)",1,0.599640933572711,24.866071428571427,TP,5851.25
2017-06-07,2017,"(0.75, 0.75)",1,0.6836624775583484,28.0,T,5851.25
2017-06-07,2017,"(0.75, 1.0)",1,0.6836624775583484,28.0,T,5851.25
2017-06-07,2017,"(1.0, 0.5)",1,0.4497307001795332,24.866071428571427,TP,5851.25
2017-06-07,2017,"(1.0, 0.75)",1,0.5127468581687612,28.0,T,5851.25
2017-06-07,2017,"(1.0, 1.0)",1,0.5127468581687612,28.0,T,5851.25
2017-06-14,2017,"(0.5, 0.5)",1,-1.0849772382397571,-29.419642857142858,SL,5718.75
2017-06-14,2017,"(0.5, 0.75)",1,-1.0849772382397571,-29.419642857142858,SL,5718.75
2017-06-14,2017,"(0.5, 1.0)",1,-1.0849772382397571,-29.419642857142858,SL,5718.75
2017-06-14,2017,"(0.75, 0.5)",1,0.2832574607991907,15.0,T,5718.75
2017-06-14,2017,"(0.75, 0.75)",1,0.2832574607991907,15.0,T,5718.75
2017-06-14,2017,"(0.75, 1.0)",1,0.2832574607991907,15.0,T,5718.75
2017-06-14,2017,"(1.0, 0.5)",1,0.212443095599393,15.0,T,5718.75
2017-06-14,2017,"(1.0, 0.75)",1,0.212443095599393,15.0,T,5718.75
2017-06-14,2017,"(1.0, 1.0)",1,0.212443095599393,15.0,T,5718.75
2017-06-21,2017,"(0.5, 0.5)",-1,-0.3419638495359062,-10.0,T,5777.5
2017-06-21,2017,"(0.5, 0.75)",-1,-0.3419638495359062,-10.0,T,5777.5
2017-06-21,2017,"(0.5, 1.0)",-1,-0.3419638495359062,-10.0,T,5777.5
2017-06-21,2017,"(0.75, 0.5)",-1,-0.2279758996906041,-10.0,T,5777.5
2017-06-21,2017,"(0.75, 0.75)",-1,-0.2279758996906041,-10.0,T,5777.5
2017-06-21,2017,"(0.75, 1.0)",-1,-0.2279758996906041,-10.0,T,5777.5
2017-06-21,2017,"(1.0, 0.5)",-1,-0.1709819247679531,-10.0,T,5777.5
2017-06-21,2017,"(1.0, 0.75)",-1,-0.1709819247679531,-10.0,T,5777.5
2017-06-21,2017,"(1.0, 1.0)",-1,-0.1709819247679531,-10.0,T,5777.5
2017-06-22,2017,"(0.5, 0.5)",-1,0.040124193933604016,4.0,T,5789.0
2017-06-22,2017,"(0.5, 0.75)",-1,0.040124193933604016,4.0,T,5789.0
2017-06-22,2017,"(0.5, 1.0)",-1,0.040124193933604016,4.0,T,5789.0
2017-06-22,2017,"(0.75, 0.5)",-1,0.026749462622402676,4.0,T,5789.0
2017-06-22,2017,"(0.75, 0.75)",-1,0.026749462622402676,4.0,T,5789.0
2017-06-22,2017,"(0.75, 1.0)",-1,0.026749462622402676,4.0,T,5789.0
2017-06-22,2017,"(1.0, 0.5)",-1,0.020062096966802008,4.0,T,5789.0
2017-06-22,2017,"(1.0, 0.75)",-1,0.020062096966802008,4.0,T,5789.0
2017-06-22,2017,"(1.0, 1.0)",-1,0.020062096966802008,4.0,T,5789.0
2017-07-06,2017,"(0.5, 0.5)",1,-0.17236662106703146,-4.25,T,5605.25
2017-07-06,2017,"(0.5, 0.75)",1,-0.17236662106703146,-4.25,T,5605.25
2017-07-06,2017,"(0.5, 1.0)",1,-0.17236662106703146,-4.25,T,5605.25
2017-07-06,2017,"(0.75, 0.5)",1,-0.11491108071135431,-4.25,T,5605.25
2017-07-06,2017,"(0.75, 0.75)",1,-0.11491108071135431,-4.25,T,5605.25
2017-07-06,2017,"(0.75, 1.0)",1,-0.11491108071135431,-4.25,T,5605.25
2017-07-06,2017,"(1.0, 0.5)",1,-0.08618331053351573,-4.25,T,5605.25
2017-07-06,2017,"(1.0, 0.75)",1,-0.08618331053351573,-4.25,T,5605.25
2017-07-06,2017,"(1.0, 1.0)",1,-0.08618331053351573,-4.25,T,5605.25
2017-07-10,2017,"(0.5, 0.5)",-1,-1.066350710900474,-37.67857142857143,SL,5673.75
2017-07-10,2017,"(0.5, 0.75)",-1,-1.066350710900474,-37.67857142857143,SL,5673.75
2017-07-10,2017,"(0.5, 1.0)",-1,-1.066350710900474,-37.67857142857143,SL,5673.75
2017-07-10,2017,"(0.75, 0.5)",-1,-0.46003159557661927,-23.5,T,5673.75
2017-07-10,2017,"(0.75, 0.75)",-1,-0.46003159557661927,-23.5,T,5673.75
2017-07-10,2017,"(0.75, 1.0)",-1,-0.46003159557661927,-23.5,T,5673.75
2017-07-10,2017,"(1.0, 0.5)",-1,-0.3450236966824644,-23.5,T,5673.75
2017-07-10,2017,"(1.0, 0.75)",-1,-0.3450236966824644,-23.5,T,5673.75
2017-07-10,2017,"(1.0, 1.0)",-1,-0.3450236966824644,-23.5,T,5673.75
2017-07-17,2017,"(0.5, 0.5)",-1,0.05391095066185319,4.5,T,5846.5
2017-07-17,2017,"(0.5, 0.75)",-1,0.05391095066185319,4.5,T,5846.5
2017-07-17,2017,"(0.5, 1.0)",-1,0.05391095066185319,4.5,T,5846.5
2017-07-17,2017,"(0.75, 0.5)",-1,0.03594063377456879,4.5,T,5846.5
2017-07-17,2017,"(0.75, 0.75)",-1,0.03594063377456879,4.5,T,5846.5
2017-07-17,2017,"(0.75, 1.0)",-1,0.03594063377456879,4.5,T,5846.5
2017-07-17,2017,"(1.0, 0.5)",-1,0.026955475330926595,4.5,T,5846.5
2017-07-17,2017,"(1.0, 0.75)",-1,0.026955475330926595,4.5,T,5846.5
2017-07-17,2017,"(1.0, 1.0)",-1,0.026955475330926595,4.5,T,5846.5
2017-07-18,2017,"(0.5, 0.5)",-1,-0.5703067484662577,-18.25,T,5863.0
2017-07-18,2017,"(0.5, 0.75)",-1,-0.5703067484662577,-18.25,T,5863.0
2017-07-18,2017,"(0.5, 1.0)",-1,-0.5703067484662577,-18.25,T,5863.0
2017-07-18,2017,"(0.75, 0.5)",-1,-0.38020449897750513,-18.25,T,5863.0
2017-07-18,2017,"(0.75, 0.75)",-1,-0.38020449897750513,-18.25,T,5863.0
2017-07-18,2017,"(0.75, 1.0)",-1,-0.38020449897750513,-18.25,T,5863.0
2017-07-18,2017,"(1.0, 0.5)",-1,-0.28515337423312886,-18.25,T,5863.0
2017-07-18,2017,"(1.0, 0.75)",-1,-0.28515337423312886,-18.25,T,5863.0
2017-07-18,2017,"(1.0, 1.0)",-1,-0.28515337423312886,-18.25,T,5863.0
2017-07-21,2017,"(0.5, 0.5)",1,0.6489270386266095,22.75,T,5898.25
2017-07-21,2017,"(0.5, 0.75)",1,0.6489270386266095,22.75,T,5898.25
2017-07-21,2017,"(0.5, 1.0)",1,0.6489270386266095,22.75,T,5898.25
2017-07-21,2017,"(0.75, 0.5)",1,0.43261802575107294,22.75,T,5898.25
2017-07-21,2017,"(0.75, 0.75)",1,0.43261802575107294,22.75,T,5898.25
2017-07-21,2017,"(0.75, 1.0)",1,0.43261802575107294,22.75,T,5898.25
2017-07-21,2017,"(1.0, 0.5)",1,0.32446351931330475,22.75,T,5898.25
2017-07-21,2017,"(1.0, 0.75)",1,0.32446351931330475,22.75,T,5898.25
2017-07-21,2017,"(1.0, 1.0)",1,0.32446351931330475,22.75,T,5898.25
2017-08-02,2017,"(0.5, 0.5)",1,0.8964497041420119,24.142857142857142,TP,5879.5
2017-08-02,2017,"(0.5, 0.75)",1,1.3964497041420119,36.214285714285715,TP,5879.5
2017-08-02,2017,"(0.5, 1.0)",1,1.2322485207100593,32.25,T,5879.5
2017-08-02,2017,"(0.75, 0.5)",1,0.5976331360946745,24.142857142857142,TP,5879.5
2017-08-02,2017,"(0.75, 0.75)",1,0.9309664694280079,36.214285714285715,TP,5879.5
2017-08-02,2017,"(0.75, 1.0)",1,0.8214990138067061,32.25,T,5879.5
2017-08-02,2017,"(1.0, 0.5)",1,0.44822485207100593,24.142857142857142,TP,5879.5
2017-08-02,2017,"(1.0, 0.75)",1,0.6982248520710059,36.214285714285715,TP,5879.5
2017-08-02,2017,"(1.0, 1.0)",1,0.6161242603550297,32.25,T,5879.5
2017-08-07,2017,"(0.5, 0.5)",-1,-0.9739130434782608,-22.5,T,5910.25
2017-08-07,2017,"(0.5, 0.75)",-1,-0.9739130434782608,-22.5,T,5910.25
2017-08-07,2017,"(0.5, 1.0)",-1,-0.9739130434782608,-22.5,T,5910.25
2017-08-07,2017,"(0.75, 0.5)",-1,-0.6492753623188406,-22.5,T,5910.25
2017-08-07,2017,"(0.75, 0.75)",-1,-0.6492753623188406,-22.5,T,5910.25
2017-08-07,2017,"(0.75, 1.0)",-1,-0.6492753623188406,-22.5,T,5910.25
2017-08-07,2017,"(1.0, 0.5)",-1,-0.4869565217391304,-22.5,T,5910.25
2017-08-07,2017,"(1.0, 0.75)",-1,-0.4869565217391304,-22.5,T,5910.25
2017-08-07,2017,"(1.0, 1.0)",-1,-0.4869565217391304,-22.5,T,5910.25
2017-08-10,2017,"(0.5, 0.5)",1,-1.094562647754137,-26.4375,SL,5865.75
2017-08-10,2017,"(0.5, 0.75)",1,-1.094562647754137,-26.4375,SL,5865.75
2017-08-10,2017,"(0.5, 1.0)",1,-1.094562647754137,-26.4375,SL,5865.75
2017-08-10,2017,"(0.75, 0.5)",1,-1.0630417651694248,-39.65625,SL,5865.75
2017-08-10,2017,"(0.75, 0.75)",1,-1.0630417651694248,-39.65625,SL,5865.75
2017-08-10,2017,"(0.75, 1.0)",1,-1.0630417651694248,-39.65625,SL,5865.75
2017-08-10,2017,"(1.0, 0.5)",1,-1.0472813238770686,-52.875,SL,5865.75
2017-08-10,2017,"(1.0, 0.75)",1,-1.0472813238770686,-52.875,SL,5865.75
2017-08-10,2017,"(1.0, 1.0)",1,-1.0472813238770686,-52.875,SL,5865.75
2017-08-30,2017,"(0.5, 0.5)",-1,-1.072053525476068,-34.69642857142857,SL,5868.5
2017-08-30,2017,"(0.5, 0.75)",-1,-1.072053525476068,-34.69642857142857,SL,5868.5
2017-08-30,2017,"(0.5, 1.0)",-1,-1.072053525476068,-34.69642857142857,SL,5868.5
2017-08-30,2017,"(0.75, 0.5)",-1,-1.0480356836507119,-52.044642857142854,SL,5868.5
2017-08-30,2017,"(0.75, 0.75)",-1,-1.0480356836507119,-52.044642857142854,SL,5868.5
2017-08-30,2017,"(0.75, 1.0)",-1,-1.0480356836507119,-52.044642857142854,SL,5868.5
2017-08-30,2017,"(1.0, 0.5)",-1,-1.036026762738034,-69.39285714285714,SL,5868.5
2017-08-30,2017,"(1.0, 0.75)",-1,-1.036026762738034,-69.39285714285714,SL,5868.5
2017-08-30,2017,"(1.0, 1.0)",-1,-1.036026762738034,-69.39285714285714,SL,5868.5
2017-09-07,2017,"(0.5, 0.5)",-1,-0.0733560387739062,-0.0,T,5965.5
2017-09-07,2017,"(0.5, 0.75)",-1,-0.0733560387739062,-0.0,T,5965.5
2017-09-07,2017,"(0.5, 1.0)",-1,-0.0733560387739062,-0.0,T,5965.5
2017-09-07,2017,"(0.75, 0.5)",-1,-0.048904025849270796,-0.0,T,5965.5
2017-09-07,2017,"(0.75, 0.75)",-1,-0.048904025849270796,-0.0,T,5965.5
2017-09-07,2017,"(0.75, 1.0)",-1,-0.048904025849270796,-0.0,T,5965.5
2017-09-07,2017,"(1.0, 0.5)",-1,-0.0366780193869531,-0.0,T,5965.5
2017-09-07,2017,"(1.0, 0.75)",-1,-0.0366780193869531,-0.0,T,5965.5
2017-09-07,2017,"(1.0, 1.0)",-1,-0.0366780193869531,-0.0,T,5965.5
2017-09-08,2017,"(0.5, 0.5)",1,-1.0803904679873673,-31.098214285714285,SL,5947.0
2017-09-08,2017,"(0.5, 0.75)",1,-1.0803904679873673,-31.098214285714285,SL,5947.0
2017-09-08,2017,"(0.5, 1.0)",1,-1.0803904679873673,-31.098214285714285,SL,5947.0
2017-09-08,2017,"(0.75, 0.5)",1,-0.6002488276390084,-25.5,T,5947.0
2017-09-08,2017,"(0.75, 0.75)",1,-0.6002488276390084,-25.5,T,5947.0
2017-09-08,2017,"(0.75, 1.0)",1,-0.6002488276390084,-25.5,T,5947.0
2017-09-08,2017,"(1.0, 0.5)",1,-0.4501866207292564,-25.5,T,5947.0
2017-09-08,2017,"(1.0, 0.75)",1,-0.4501866207292564,-25.5,T,5947.0
2017-09-08,2017,"(1.0, 1.0)",1,-0.4501866207292564,-25.5,T,5947.0
2017-09-18,2017,"(0.5, 0.5)",-1,0.9114204365707055,28.223214285714285,TP,6013.0
2017-09-18,2017,"(0.5, 0.75)",-1,1.4114204365707057,42.33482142857143,TP,6013.0
2017-09-18,2017,"(0.5, 1.0)",-1,0.8946535906358748,27.75,T,6013.0
2017-09-18,2017,"(0.75, 0.5)",-1,0.6076136243804703,28.223214285714285,TP,6013.0
2017-09-18,2017,"(0.75, 0.75)",-1,0.9409469577138037,42.33482142857143,TP,6013.0
2017-09-18,2017,"(0.75, 1.0)",-1,0.5964357270905831,27.75,T,6013.0
2017-09-18,2017,"(1.0, 0.5)",-1,0.45571021828535274,28.223214285714285,TP,6013.0
2017-09-18,2017,"(1.0, 0.75)",-1,0.7057102182853529,42.33482142857143,TP,6013.0
2017-09-18,2017,"(1.0, 1.0)",-1,0.4473267953179374,27.75,T,6013.0
2017-09-22,2017,"(0.5, 0.5)",1,0.06659870880054367,4.25,T,5931.5
2017-09-22,2017,"(0.5, 0.75)",1,0.06659870880054367,4.25,T,5931.5
2017-09-22,2017,"(0.5, 1.0)",1,0.06659870880054367,4.25,T,5931.5
2017-09-22,2017,"(0.75, 0.5)",1,0.044399139200362446,4.25,T,5931.5
2017-09-22,2017,"(0.75, 0.75)",1,0.044399139200362446,4.25,T,5931.5
2017-09-22,2017,"(0.75, 1.0)",1,0.044399139200362446,4.25,T,5931.5
2017-09-22,2017,"(1.0, 0.5)",1,0.03329935440027183,4.25,T,5931.5
2017-09-22,2017,"(1.0, 0.75)",1,0.03329935440027183,4.25,T,5931.5
2017-09-22,2017,"(1.0, 1.0)",1,0.03329935440027183,4.25,T,5931.5
2017-10-04,2017,"(0.5, 0.5)",-1,-0.08895164136957288,0.25,T,6003.25
2017-10-04,2017,"(0.5, 0.75)",-1,-0.08895164136957288,0.25,T,6003.25
2017-10-04,2017,"(0.5, 1.0)",-1,-0.08895164136957288,0.25,T,6003.25
2017-10-04,2017,"(0.75, 0.5)",-1,-0.05930109424638193,0.25,T,6003.25
2017-10-04,2017,"(0.75, 0.75)",-1,-0.05930109424638193,0.25,T,6003.25
2017-10-04,2017,"(0.75, 1.0)",-1,-0.05930109424638193,0.25,T,6003.25
2017-10-04,2017,"(1.0, 0.5)",-1,-0.04447582068478644,0.25,T,6003.25
2017-10-04,2017,"(1.0, 0.75)",-1,-0.04447582068478644,0.25,T,6003.25
2017-10-04,2017,"(1.0, 1.0)",-1,-0.04447582068478644,0.25,T,6003.25
2017-10-04,2017,"(0.5, 0.5)",1,0.9011648429226968,25.294642857142858,TP,5983.75
2017-10-04,2017,"(0.5, 0.75)",1,0.6621955524179315,19.25,T,5983.75
2017-10-04,2017,"(0.5, 1.0)",1,0.6621955524179315,19.25,T,5983.75
2017-10-04,2017,"(0.75, 0.5)",1,0.6007765619484645,25.294642857142858,TP,5983.75
2017-10-04,2017,"(0.75, 0.75)",1,0.44146370161195436,19.25,T,5983.75
2017-10-04,2017,"(0.75, 1.0)",1,0.44146370161195436,19.25,T,5983.75
2017-10-04,2017,"(1.0, 0.5)",1,0.4505824214613484,25.294642857142858,TP,5983.75
2017-10-04,2017,"(1.0, 0.75)",1,0.33109777620896574,19.25,T,5983.75
2017-10-04,2017,"(1.0, 1.0)",1,0.33109777620896574,19.25,T,5983.75
2017-10-10,2017,"(0.5, 0.5)",1,0.3055656602400873,10.0,T,6057.0
2017-10-10,2017,"(0.5, 0.75)",1,0.3055656602400873,10.0,T,6057.0
2017-10-10,2017,"(0.5, 1.0)",1,0.3055656602400873,10.0,T,6057.0
2017-10-10,2017,"(0.75, 0.5)",1,0.2037104401600582,10.0,T,6057.0
2017-10-10,2017,"(0.75, 0.75)",1,0.2037104401600582,10.0,T,6057.0
2017-10-10,2017,"(0.75, 1.0)",1,0.2037104401600582,10.0,T,6057.0
2017-10-10,2017,"(1.0, 0.5)",1,0.15278283012004365,10.0,T,6057.0
2017-10-10,2017,"(1.0, 0.75)",1,0.15278283012004365,10.0,T,6057.0
2017-10-10,2017,"(1.0, 1.0)",1,0.15278283012004365,10.0,T,6057.0
2017-10-12,2017,"(0.5, 0.5)",-1,0.39482961222091656,11.5,T,6085.0
2017-10-12,2017,"(0.5, 0.75)",-1,0.39482961222091656,11.5,T,6085.0
2017-10-12,2017,"(0.5, 1.0)",-1,0.39482961222091656,11.5,T,6085.0
2017-10-12,2017,"(0.75, 0.5)",-1,0.26321974148061106,11.5,T,6085.0
2017-10-12,2017,"(0.75, 0.75)",-1,0.26321974148061106,11.5,T,6085.0
2017-10-12,2017,"(0.75, 1.0)",-1,0.26321974148061106,11.5,T,6085.0
2017-10-12,2017,"(1.0, 0.5)",-1,0.19741480611045828,11.5,T,6085.0
2017-10-12,2017,"(1.0, 0.75)",-1,0.19741480611045828,11.5,T,6085.0
2017-10-12,2017,"(1.0, 1.0)",-1,0.19741480611045828,11.5,T,6085.0
2017-10-13,2017,"(0.5, 0.5)",-1,-0.1856474258970359,-1.75,T,6094.25
2017-10-13,2017,"(0.5, 0.75)",-1,-0.1856474258970359,-1.75,T,6094.25
2017-10-13,2017,"(0.5, 1.0)",-1,-0.1856474258970359,-1.75,T,6094.25
2017-10-13,2017,"(0.75, 0.5)",-1,-0.12376495059802392,-1.75,T,6094.25
2017-10-13,2017,"(0.75, 0.75)",-1,-0.12376495059802392,-1.75,T,6094.25
2017-10-13,2017,"(0.75, 1.0)",-1,-0.12376495059802392,-1.75,T,6094.25
2017-10-13,2017,"(1.0, 0.5)",-1,-0.09282371294851795,-1.75,T,6094.25
2017-10-13,2017,"(1.0, 0.75)",-1,-0.09282371294851795,-1.75,T,6094.25
2017-10-13,2017,"(1.0, 1.0)",-1,-0.09282371294851795,-1.75,T,6094.25
2017-10-17,2017,"(0.5, 0.5)",-1,-0.44263775971093045,-6.25,T,6118.0
2017-10-17,2017,"(0.5, 0.75)",-1,-0.44263775971093045,-6.25,T,6118.0
2017-10-17,2017,"(0.5, 1.0)",-1,-0.44263775971093045,-6.25,T,6118.0
2017-10-17,2017,"(0.75, 0.5)",-1,-0.2950918398072869,-6.25,T,6118.0
2017-10-17,2017,"(0.75, 0.75)",-1,-0.2950918398072869,-6.25,T,6118.0
2017-10-17,2017,"(0.75, 1.0)",-1,-0.2950918398072869,-6.25,T,6118.0
2017-10-17,2017,"(1.0, 0.5)",-1,-0.22131887985546522,-6.25,T,6118.0
2017-10-17,2017,"(1.0, 0.75)",-1,-0.22131887985546522,-6.25,T,6118.0
2017-10-17,2017,"(1.0, 1.0)",-1,-0.22131887985546522,-6.25,T,6118.0
2017-10-24,2017,"(0.5, 0.5)",1,0.8651901781415503,18.544642857142858,TP,6062.25
2017-10-24,2017,"(0.5, 0.75)",1,1.3651901781415503,27.816964285714285,TP,6062.25
2017-10-24,2017,"(0.5, 1.0)",1,0.862782859894078,18.5,T,6062.25
2017-10-24,2017,"(0.75, 0.5)",1,0.5767934520943669,18.544642857142858,TP,6062.25
2017-10-24,2017,"(0.75, 0.75)",1,0.9101267854277002,27.816964285714285,TP,6062.25
2017-10-24,2017,"(0.75, 1.0)",1,0.5751885732627187,18.5,T,6062.25
2017-10-24,2017,"(1.0, 0.5)",1,0.43259508907077515,18.544642857142858,TP,6062.25
2017-10-24,2017,"(1.0, 0.75)",1,0.6825950890707752,27.816964285714285,TP,6062.25
2017-10-24,2017,"(1.0, 1.0)",1,0.431391429947039,18.5,T,6062.25
2017-10-25,2017,"(0.5, 0.5)",1,-1.1349397590361445,-18.526785714285715,SL,6062.25
2017-10-25,2017,"(0.5, 0.75)",1,-1.1349397590361445,-18.526785714285715,SL,6062.25
2017-10-25,2017,"(0.5, 1.0)",1,-1.1349397590361445,-18.526785714285715,SL,6062.25
2017-10-25,2017,"(0.75, 0.5)",1,-1.0899598393574297,-27.790178571428573,SL,6062.25
2017-10-25,2017,"(0.75, 0.75)",1,-1.0899598393574297,-27.790178571428573,SL,6062.25
2017-10-25,2017,"(0.75, 1.0)",1,-1.0899598393574297,-27.790178571428573,SL,6062.25
2017-10-25,2017,"(1.0, 0.5)",1,-1.0674698795180724,-37.05357142857143,SL,6062.25
2017-10-25,2017,"(1.0, 0.75)",1,-1.0674698795180724,-37.05357142857143,SL,6062.25
2017-10-25,2017,"(1.0, 1.0)",1,-1.0674698795180724,-37.05357142857143,SL,6062.25
2017-11-01,2017,"(0.5, 0.5)",1,0.6324847615632843,18.25,T,6229.0
2017-11-01,2017,"(0.5, 0.75)",1,0.6324847615632843,18.25,T,6229.0
2017-11-01,2017,"(0.5, 1.0)",1,0.6324847615632843,18.25,T,6229.0
2017-11-01,2017,"(0.75, 0.5)",1,0.42165650770885627,18.25,T,6229.0
2017-11-01,2017,"(0.75, 0.75)",1,0.42165650770885627,18.25,T,6229.0
2017-11-01,2017,"(0.75, 1.0)",1,0.42165650770885627,18.25,T,6229.0
2017-11-01,2017,"(1.0, 0.5)",1,0.31624238078164213,18.25,T,6229.0
2017-11-01,2017,"(1.0, 0.75)",1,0.31624238078164213,18.25,T,6229.0
2017-11-01,2017,"(1.0, 1.0)",1,0.31624238078164213,18.25,T,6229.0
2017-11-10,2017,"(0.5, 0.5)",-1,0.03323442136498516,3.5,T,6312.5
2017-11-10,2017,"(0.5, 0.75)",-1,0.03323442136498516,3.5,T,6312.5
2017-11-10,2017,"(0.5, 1.0)",-1,0.03323442136498516,3.5,T,6312.5
2017-11-10,2017,"(0.75, 0.5)",-1,0.02215628090999011,3.5,T,6312.5
2017-11-10,2017,"(0.75, 0.75)",-1,0.02215628090999011,3.5,T,6312.5
2017-11-10,2017,"(0.75, 1.0)",-1,0.02215628090999011,3.5,T,6312.5
2017-11-10,2017,"(1.0, 0.5)",-1,0.01661721068249258,3.5,T,6312.5
2017-11-10,2017,"(1.0, 0.75)",-1,0.01661721068249258,3.5,T,6312.5
2017-11-10,2017,"(1.0, 1.0)",-1,0.01661721068249258,3.5,T,6312.5
2017-11-13,2017,"(0.5, 0.5)",-1,-0.22434514637904468,-4.0,T,6312.5
2017-11-13,2017,"(0.5, 0.75)",-1,-0.22434514637904468,-4.0,T,6312.5
2017-11-13,2017,"(0.5, 1.0)",-1,-0.22434514637904468,-4.0,T,6312.5
2017-11-13,2017,"(0.75, 0.5)",-1,-0.1495634309193631,-4.0,T,6312.5
2017-11-13,2017,"(0.75, 0.75)",-1,-0.1495634309193631,-4.0,T,6312.5
2017-11-13,2017,"(0.75, 1.0)",-1,-0.1495634309193631,-4.0,T,6312.5
2017-11-13,2017,"(1.0, 0.5)",-1,-0.11217257318952234,-4.0,T,6312.5
2017-11-13,2017,"(1.0, 0.75)",-1,-0.11217257318952234,-4.0,T,6312.5
2017-11-13,2017,"(1.0, 1.0)",-1,-0.11217257318952234,-4.0,T,6312.5
2017-11-14,2017,"(0.5, 0.5)",1,0.17162120747778117,7.5,T,6286.75
2017-11-14,2017,"(0.5, 0.75)",1,0.17162120747778117,7.5,T,6286.75
2017-11-14,2017,"(0.5, 1.0)",1,0.17162120747778117,7.5,T,6286.75
2017-11-14,2017,"(0.75, 0.5)",1,0.11441413831852078,7.5,T,6286.75
2017-11-14,2017,"(0.75, 0.75)",1,0.11441413831852078,7.5,T,6286.75
2017-11-14,2017,"(0.75, 1.0)",1,0.11441413831852078,7.5,T,6286.75
2017-11-14,2017,"(1.0, 0.5)",1,0.08581060373889059,7.5,T,6286.75
2017-11-14,2017,"(1.0, 0.75)",1,0.08581060373889059,7.5,T,6286.75
2017-11-14,2017,"(1.0, 1.0)",1,0.08581060373889059,7.5,T,6286.75
2017-11-20,2017,"(0.5, 0.5)",1,-0.224,-3.25,T,6317.0
2017-11-20,2017,"(0.5, 0.75)",1,-0.224,-3.25,T,6317.0
2017-11-20,2017,"(0.5, 1.0)",1,-0.224,-3.25,T,6317.0
2017-11-20,2017,"(0.75, 0.5)",1,-0.14933333333333335,-3.25,T,6317.0
2017-11-20,2017,"(0.75, 0.75)",1,-0.14933333333333335,-3.25,T,6317.0
2017-11-20,2017,"(0.75, 1.0)",1,-0.14933333333333335,-3.25,T,6317.0
2017-11-20,2017,"(1.0, 0.5)",1,-0.112,-3.25,T,6317.0
2017-11-20,2017,"(1.0, 0.75)",1,-0.112,-3.25,T,6317.0
2017-11-20,2017,"(1.0, 1.0)",1,-0.112,-3.25,T,6317.0
2017-11-28,2017,"(0.5, 0.5)",-1,0.8952487841376731,23.866071428571427,TP,6412.75
2017-11-28,2017,"(0.5, 0.75)",-1,-0.6494575383464273,-13.0,T,6412.75
2017-11-28,2017,"(0.5, 1.0)",-1,-0.6494575383464273,-13.0,T,6412.75
2017-11-28,2017,"(0.75, 0.5)",-1,0.5968325227584487,23.866071428571427,TP,6412.75
2017-11-28,2017,"(0.75, 0.75)",-1,-0.43297169223095155,-13.0,T,6412.75
2017-11-28,2017,"(0.75, 1.0)",-1,-0.43297169223095155,-13.0,T,6412.75
2017-11-28,2017,"(1.0, 0.5)",-1,0.44762439206883653,23.866071428571427,TP,6412.75
2017-11-28,2017,"(1.0, 0.75)",-1,-0.32472876917321364,-13.0,T,6412.75
2017-11-28,2017,"(1.0, 1.0)",-1,-0.32472876917321364,-13.0,T,6412.75
2017-12-01,2017,"(0.5, 0.5)",1,-1.0857843137254901,-29.142857142857142,SL,6350.0
2017-12-01,2017,"(0.5, 0.75)",1,-1.0857843137254901,-29.142857142857142,SL,6350.0
2017-12-01,2017,"(0.5, 1.0)",1,-1.0857843137254901,-29.142857142857142,SL,6350.0
2017-12-01,2017,"(0.75, 0.5)",1,-1.0571895424836601,-43.714285714285715,SL,6350.0
2017-12-01,2017,"(0.75, 0.75)",1,-1.0571895424836601,-43.714285714285715,SL,6350.0
2017-12-01,2017,"(0.75, 1.0)",1,-1.0571895424836601,-43.714285714285715,SL,6350.0
2017-12-01,2017,"(1.0, 0.5)",1,-1.0428921568627452,-58.285714285714285,SL,6350.0
2017-12-01,2017,"(1.0, 0.75)",1,-1.0428921568627452,-58.285714285714285,SL,6350.0
2017-12-01,2017,"(1.0, 1.0)",1,-1.0428921568627452,-58.285714285714285,SL,6350.0
2017-12-05,2017,"(0.5, 0.5)",1,0.9252336448598131,33.4375,TP,6274.5
2017-12-05,2017,"(0.5, 0.75)",1,1.425233644859813,50.15625,TP,6274.5
2017-12-05,2017,"(0.5, 1.0)",1,-0.29158878504672897,-7.25,T,6274.5
2017-12-05,2017,"(0.75, 0.5)",1,0.616822429906542,33.4375,TP,6274.5
2017-12-05,2017,"(0.75, 0.75)",1,0.9501557632398754,50.15625,TP,6274.5
2017-12-05,2017,"(0.75, 1.0)",1,-0.19439252336448598,-7.25,T,6274.5
2017-12-05,2017,"(1.0, 0.5)",1,0.46261682242990654,33.4375,TP,6274.5
2017-12-05,2017,"(1.0, 0.75)",1,0.7126168224299065,50.15625,TP,6274.5
2017-12-05,2017,"(1.0, 1.0)",1,-0.14579439252336449,-7.25,T,6274.5
2017-12-06,2017,"(0.5, 0.5)",1,0.9298069691652043,35.61607142857143,TP,6261.25
2017-12-06,2017,"(0.5, 0.75)",1,0.8984707946853847,34.5,T,6261.25
2017-12-06,2017,"(0.5, 1.0)",1,0.8984707946853847,34.5,T,6261.25
2017-12-06,2017,"(0.75, 0.5)",1,0.6198713127768029,35.61607142857143,TP,6261.25
2017-12-06,2017,"(0.75, 0.75)",1,0.5989805297902565,34.5,T,6261.25
2017-12-06,2017,"(0.75, 1.0)",1,0.5989805297902565,34.5,T,6261.25
2017-12-06,2017,"(1.0, 0.5)",1,0.46490348458260217,35.61607142857143,TP,6261.25
2017-12-06,2017,"(1.0, 0.75)",1,0.44923539734269236,34.5,T,6261.25
2017-12-06,2017,"(1.0, 1.0)",1,0.44923539734269236,34.5,T,6261.25
2017-12-07,2017,"(0.5, 0.5)",-1,-0.5322142680819552,-16.75,T,6301.5
2017-12-07,2017,"(0.5, 0.75)",-1,-0.5322142680819552,-16.75,T,6301.5
2017-12-07,2017,"(0.5, 1.0)",-1,-0.5322142680819552,-16.75,T,6301.5
2017-12-07,2017,"(0.75, 0.5)",-1,-0.3548095120546368,-16.75,T,6301.5
2017-12-07,2017,"(0.75, 0.75)",-1,-0.3548095120546368,-16.75,T,6301.5
2017-12-07,2017,"(0.75, 1.0)",-1,-0.3548095120546368,-16.75,T,6301.5
2017-12-07,2017,"(1.0, 0.5)",-1,-0.2661071340409776,-16.75,T,6301.5
2017-12-07,2017,"(1.0, 0.75)",-1,-0.2661071340409776,-16.75,T,6301.5
2017-12-07,2017,"(1.0, 1.0)",-1,-0.2661071340409776,-16.75,T,6301.5
2017-12-14,2017,"(0.5, 0.5)",-1,0.7164642026363403,27.25,T,6437.0
2017-12-14,2017,"(0.5, 0.75)",-1,0.7164642026363403,27.25,T,6437.0
2017-12-14,2017,"(0.5, 1.0)",-1,0.7164642026363403,27.25,T,6437.0
2017-12-14,2017,"(0.75, 0.5)",-1,0.4776428017575602,27.25,T,6437.0
2017-12-14,2017,"(0.75, 0.75)",-1,0.4776428017575602,27.25,T,6437.0
2017-12-14,2017,"(0.75, 1.0)",-1,0.4776428017575602,27.25,T,6437.0
2017-12-14,2017,"(1.0, 0.5)",-1,0.3582321013181701,27.25,T,6437.0
2017-12-14,2017,"(1.0, 0.75)",-1,0.3582321013181701,27.25,T,6437.0
2017-12-14,2017,"(1.0, 1.0)",-1,0.3582321013181701,27.25,T,6437.0
2017-12-15,2017,"(0.5, 0.5)",-1,-1.070921985815603,-35.25,SL,6442.0
2017-12-15,2017,"(0.5, 0.75)",-1,-1.070921985815603,-35.25,SL,6442.0
2017-12-15,2017,"(0.5, 1.0)",-1,-1.070921985815603,-35.25,SL,6442.0
2017-12-15,2017,"(0.75, 0.5)",-1,-0.7990543735224587,-39.75,T,6442.0
2017-12-15,2017,"(0.75, 0.75)",-1,-0.7990543735224587,-39.75,T,6442.0
2017-12-15,2017,"(0.75, 1.0)",-1,-0.7990543735224587,-39.75,T,6442.0
2017-12-15,2017,"(1.0, 0.5)",-1,-0.599290780141844,-39.75,T,6442.0
2017-12-15,2017,"(1.0, 0.75)",-1,-0.599290780141844,-39.75,T,6442.0
2017-12-15,2017,"(1.0, 1.0)",-1,-0.599290780141844,-39.75,T,6442.0
2017-12-27,2017,"(0.5, 0.5)",-1,0.3253588516746411,11.0,T,6459.75
2017-12-27,2017,"(0.5, 0.75)",-1,0.3253588516746411,11.0,T,6459.75
2017-12-27,2017,"(0.5, 1.0)",-1,0.3253588516746411,11.0,T,6459.75
2017-12-27,2017,"(0.75, 0.5)",-1,0.21690590111642744,11.0,T,6459.75
2017-12-27,2017,"(0.75, 0.75)",-1,0.21690590111642744,11.0,T,6459.75
2017-12-27,2017,"(0.75, 1.0)",-1,0.21690590111642744,11.0,T,6459.75
2017-12-27,2017,"(1.0, 0.5)",-1,0.16267942583732056,11.0,T,6459.75
2017-12-27,2017,"(1.0, 0.75)",-1,0.16267942583732056,11.0,T,6459.75
2017-12-27,2017,"(1.0, 1.0)",-1,0.16267942583732056,11.0,T,6459.75
2017-12-29,2017,"(0.5, 0.5)",1,-1.103819058212829,-24.080357142857142,SL,6442.75
2017-12-29,2017,"(0.5, 0.75)",1,-1.103819058212829,-24.080357142857142,SL,6442.75
2017-12-29,2017,"(0.5, 1.0)",1,-1.103819058212829,-24.080357142857142,SL,6442.75
2017-12-29,2017,"(0.75, 0.5)",1,-1.0692127054752194,-36.120535714285715,SL,6442.75
2017-12-29,2017,"(0.75, 0.75)",1,-1.0692127054752194,-36.120535714285715,SL,6442.75
2017-12-29,2017,"(0.75, 1.0)",1,-1.0692127054752194,-36.120535714285715,SL,6442.75
2017-12-29,2017,"(1.0, 0.5)",1,-0.7526881720430108,-33.75,T,6442.75
2017-12-29,2017,"(1.0, 0.75)",1,-0.7526881720430108,-33.75,T,6442.75
2017-12-29,2017,"(1.0, 1.0)",1,-0.7526881720430108,-33.75,T,6442.75
2018-01-12,2018,"(0.5, 0.5)",-1,-1.1001788908765653,-24.955357142857142,SL,6716.75
2018-01-12,2018,"(0.5, 0.75)",-1,-1.1001788908765653,-24.955357142857142,SL,6716.75
2018-01-12,2018,"(0.5, 1.0)",-1,-1.1001788908765653,-24.955357142857142,SL,6716.75
2018-01-12,2018,"(0.75, 0.5)",-1,-1.0667859272510436,-37.433035714285715,SL,6716.75
2018-01-12,2018,"(0.75, 0.75)",-1,-1.0667859272510436,-37.433035714285715,SL,6716.75
2018-01-12,2018,"(0.75, 1.0)",-1,-1.0667859272510436,-37.433035714285715,SL,6716.75
2018-01-12,2018,"(1.0, 0.5)",-1,-1.0500894454382828,-49.910714285714285,SL,6716.75
2018-01-12,2018,"(1.0, 0.75)",-1,-1.0500894454382828,-49.910714285714285,SL,6716.75
2018-01-12,2018,"(1.0, 1.0)",-1,-1.0500894454382828,-49.910714285714285,SL,6716.75
2018-01-18,2018,"(0.5, 0.5)",-1,0.22248381400824013,9.25,T,6832.25
2018-01-18,2018,"(0.5, 0.75)",-1,0.22248381400824013,9.25,T,6832.25
2018-01-18,2018,"(0.5, 1.0)",-1,0.22248381400824013,9.25,T,6832.25
2018-01-18,2018,"(0.75, 0.5)",-1,0.1483225426721601,9.25,T,6832.25
2018-01-18,2018,"(0.75, 0.75)",-1,0.1483225426721601,9.25,T,6832.25
2018-01-18,2018,"(0.75, 1.0)",-1,0.1483225426721601,9.25,T,6832.25
2018-01-18,2018,"(1.0, 0.5)",-1,0.11124190700412007,9.25,T,6832.25
2018-01-18,2018,"(1.0, 0.75)",-1,0.11124190700412007,9.25,T,6832.25
2018-01-18,2018,"(1.0, 1.0)",-1,0.11124190700412007,9.25,T,6832.25
2018-01-22,2018,"(0.5, 0.5)",-1,-1.079635949943117,-31.392857142857142,SL,6854.5
2018-01-22,2018,"(0.5, 0.75)",-1,-1.079635949943117,-31.392857142857142,SL,6854.5
2018-01-22,2018,"(0.5, 1.0)",-1,-1.079635949943117,-31.392857142857142,SL,6854.5
2018-01-22,2018,"(0.75, 0.5)",-1,-1.0530906332954115,-47.089285714285715,SL,6854.5
2018-01-22,2018,"(0.75, 0.75)",-1,-1.0530906332954115,-47.089285714285715,SL,6854.5
2018-01-22,2018,"(0.75, 1.0)",-1,-1.0530906332954115,-47.089285714285715,SL,6854.5
2018-01-22,2018,"(1.0, 0.5)",-1,-1.0398179749715584,-62.785714285714285,SL,6854.5
2018-01-22,2018,"(1.0, 0.75)",-1,-1.0398179749715584,-62.785714285714285,SL,6854.5
2018-01-22,2018,"(1.0, 1.0)",-1,-1.0398179749715584,-62.785714285714285,SL,6854.5
2018-02-01,2018,"(0.5, 0.5)",1,0.9337121212121212,37.714285714285715,TP,6932.5
2018-02-01,2018,"(0.5, 0.75)",1,-1.066287878787879,-37.714285714285715,SL,6932.5
2018-02-01,2018,"(0.5, 1.0)",1,-1.066287878787879,-37.714285714285715,SL,6932.5
2018-02-01,2018,"(0.75, 0.5)",1,0.6224747474747475,37.714285714285715,TP,6932.5
2018-02-01,2018,"(0.75, 0.75)",1,-0.4861111111111111,-25.0,T,6932.5
2018-02-01,2018,"(0.75, 1.0)",1,-0.4861111111111111,-25.0,T,6932.5
2018-02-01,2018,"(1.0, 0.5)",1,0.4668560606060606,37.714285714285715,TP,6932.5
2018-02-01,2018,"(1.0, 0.75)",1,-0.3645833333333333,-25.0,T,6932.5
2018-02-01,2018,"(1.0, 1.0)",1,-0.3645833333333333,-25.0,T,6932.5
2018-02-08,2018,"(0.5, 0.5)",1,-1.0412128348542833,-60.660714285714285,SL,6586.25
2018-02-08,2018,"(0.5, 0.75)",1,-1.0412128348542833,-60.660714285714285,SL,6586.25
2018-02-08,2018,"(0.5, 1.0)",1,-1.0412128348542833,-60.660714285714285,SL,6586.25
2018-02-08,2018,"(0.75, 0.5)",1,-1.0274752232361888,-90.99107142857143,SL,6586.25
2018-02-08,2018,"(0.75, 0.75)",1,-1.0274752232361888,-90.99107142857143,SL,6586.25
2018-02-08,2018,"(0.75, 1.0)",1,-1.0274752232361888,-90.99107142857143,SL,6586.25
2018-02-08,2018,"(1.0, 0.5)",1,-1.0206064174271416,-121.32142857142857,SL,6586.25
2018-02-08,2018,"(1.0, 0.75)",1,-1.0206064174271416,-121.32142857142857,SL,6586.25
2018-02-08,2018,"(1.0, 1.0)",1,-1.0206064174271416,-121.32142857142857,SL,6586.25
2018-02-09,2018,"(0.5, 0.5)",1,-1.0357964714906673,-69.83928571428571,SL,6302.0
2018-02-09,2018,"(0.5, 0.75)",1,-1.0357964714906673,-69.83928571428571,SL,6302.0
2018-02-09,2018,"(0.5, 1.0)",1,-1.0357964714906673,-69.83928571428571,SL,6302.0
2018-02-09,2018,"(0.75, 0.5)",1,-1.0238643143271116,-104.75892857142856,SL,6302.0
2018-02-09,2018,"(0.75, 0.75)",1,-1.0238643143271116,-104.75892857142856,SL,6302.0
2018-02-09,2018,"(0.75, 1.0)",1,-1.0238643143271116,-104.75892857142856,SL,6302.0
2018-02-09,2018,"(1.0, 0.5)",1,0.48210176425466633,69.83928571428571,TP,6302.0
2018-02-09,2018,"(1.0, 0.75)",1,0.7321017642546662,104.75892857142856,TP,6302.0
2018-02-09,2018,"(1.0, 1.0)",1,0.9821017642546663,139.67857142857142,TP,6302.0
2018-02-14,2018,"(0.5, 0.5)",-1,-1.0313024035774176,-79.86607142857143,SL,6564.0
2018-02-14,2018,"(0.5, 0.75)",-1,-1.0313024035774176,-79.86607142857143,SL,6564.0
2018-02-14,2018,"(0.5, 1.0)",-1,-1.0313024035774176,-79.86607142857143,SL,6564.0
2018-02-14,2018,"(0.75, 0.5)",-1,-1.0208682690516118,-119.79910714285714,SL,6564.0
2018-02-14,2018,"(0.75, 0.75)",-1,-1.0208682690516118,-119.79910714285714,SL,6564.0
2018-02-14,2018,"(0.75, 1.0)",-1,-1.0208682690516118,-119.79910714285714,SL,6564.0
2018-02-14,2018,"(1.0, 0.5)",-1,-0.7465623253214085,-116.75,T,6564.0
2018-02-14,2018,"(1.0, 0.75)",-1,-0.7465623253214085,-116.75,T,6564.0
2018-02-14,2018,"(1.0, 1.0)",-1,-0.7465623253214085,-116.75,T,6564.0
2018-02-20,2018,"(0.5, 0.5)",1,0.1836925960637301,18.25,T,6766.0
2018-02-20,2018,"(0.5, 0.75)",1,0.1836925960637301,18.25,T,6766.0
2018-02-20,2018,"(0.5, 1.0)",1,0.1836925960637301,18.25,T,6766.0
2018-02-20,2018,"(0.75, 0.5)",1,0.1224617307091534,18.25,T,6766.0
2018-02-20,2018,"(0.75, 0.75)",1,0.1224617307091534,18.25,T,6766.0
2018-02-20,2018,"(0.75, 1.0)",1,0.1224617307091534,18.25,T,6766.0
2018-02-20,2018,"(1.0, 0.5)",1,0.09184629803186505,18.25,T,6766.0
2018-02-20,2018,"(1.0, 0.75)",1,0.09184629803186505,18.25,T,6766.0
2018-02-20,2018,"(1.0, 1.0)",1,0.09184629803186505,18.25,T,6766.0
2018-02-21,2018,"(0.5, 0.5)",-1,0.8193421189166753,73.0,T,6836.0
2018-02-21,2018,"(0.5, 0.75)",-1,0.8193421189166753,73.0,T,6836.0
2018-02-21,2018,"(0.5, 1.0)",-1,0.8193421189166753,73.0,T,6836.0
2018-02-21,2018,"(0.75, 0.5)",-1,0.5462280792777836,73.0,T,6836.0
2018-02-21,2018,"(0.75, 0.75)",-1,0.5462280792777836,73.0,T,6836.0
2018-02-21,2018,"(0.75, 1.0)",-1,0.5462280792777836,73.0,T,6836.0
2018-02-21,2018,"(1.0, 0.5)",-1,0.40967105945833765,73.0,T,6836.0
2018-02-21,2018,"(1.0, 0.75)",-1,0.40967105945833765,73.0,T,6836.0
2018-02-21,2018,"(1.0, 1.0)",-1,0.40967105945833765,73.0,T,6836.0
2018-02-22,2018,"(0.5, 0.5)",1,0.014205986808726534,3.75,T,6763.5
2018-02-22,2018,"(0.5, 0.75)",1,0.014205986808726534,3.75,T,6763.5
2018-02-22,2018,"(0.5, 1.0)",1,0.014205986808726534,3.75,T,6763.5
2018-02-22,2018,"(0.75, 0.5)",1,0.009470657872484356,3.75,T,6763.5
2018-02-22,2018,"(0.75, 0.75)",1,0.009470657872484356,3.75,T,6763.5
2018-02-22,2018,"(0.75, 1.0)",1,0.009470657872484356,3.75,T,6763.5
2018-02-22,2018,"(1.0, 0.5)",1,0.007102993404363267,3.75,T,6763.5
2018-02-22,2018,"(1.0, 0.75)",1,0.007102993404363267,3.75,T,6763.5
2018-02-22,2018,"(1.0, 1.0)",1,0.007102993404363267,3.75,T,6763.5
2018-02-23,2018,"(0.5, 0.5)",-1,-0.9386590584878745,-79.75,T,6821.75
2018-02-23,2018,"(0.5, 0.75)",-1,-0.9386590584878745,-79.75,T,6821.75
2018-02-23,2018,"(0.5, 1.0)",-1,-0.9386590584878745,-79.75,T,6821.75
2018-02-23,2018,"(0.75, 0.5)",-1,-0.625772705658583,-79.75,T,6821.75
2018-02-23,2018,"(0.75, 0.75)",-1,-0.625772705658583,-79.75,T,6821.75
2018-02-23,2018,"(0.75, 1.0)",-1,-0.625772705658583,-79.75,T,6821.75
2018-02-23,2018,"(1.0, 0.5)",-1,-0.4693295292439372,-79.75,T,6821.75
2018-02-23,2018,"(1.0, 0.75)",-1,-0.4693295292439372,-79.75,T,6821.75
2018-02-23,2018,"(1.0, 1.0)",-1,-0.4693295292439372,-79.75,T,6821.75
2018-02-27,2018,"(0.5, 0.5)",-1,0.9683651564794938,79.02678571428571,TP,6985.5
2018-02-27,2018,"(0.5, 0.75)",-1,0.9870071178397922,80.5,T,6985.5
2018-02-27,2018,"(0.5, 1.0)",-1,0.9870071178397922,80.5,T,6985.5
2018-02-27,2018,"(0.75, 0.5)",-1,0.6455767709863293,79.02678571428571,TP,6985.5
2018-02-27,2018,"(0.75, 0.75)",-1,0.6580047452265282,80.5,T,6985.5
2018-02-27,2018,"(0.75, 1.0)",-1,0.6580047452265282,80.5,T,6985.5
2018-02-27,2018,"(1.0, 0.5)",-1,0.4841825782397469,79.02678571428571,TP,6985.5
2018-02-27,2018,"(1.0, 0.75)",-1,0.4935035589198961,80.5,T,6985.5
2018-02-27,2018,"(1.0, 1.0)",-1,0.4935035589198961,80.5,T,6985.5
2018-02-27,2018,"(0.5, 0.5)",1,-0.37012766918992207,-26.75,T,6931.75
2018-02-27,2018,"(0.5, 0.75)",1,-0.37012766918992207,-26.75,T,6931.75
2018-02-27,2018,"(0.5, 1.0)",1,-0.37012766918992207,-26.75,T,6931.75
2018-02-27,2018,"(0.75, 0.5)",1,-0.24675177945994806,-26.75,T,6931.75
2018-02-27,2018,"(0.75, 0.75)",1,-0.24675177945994806,-26.75,T,6931.75
2018-02-27,2018,"(0.75, 1.0)",1,-0.24675177945994806,-26.75,T,6931.75
2018-02-27,2018,"(1.0, 0.5)",1,-0.18506383459496104,-26.75,T,6931.75
2018-02-27,2018,"(1.0, 0.75)",1,-0.18506383459496104,-26.75,T,6931.75
2018-02-27,2018,"(1.0, 1.0)",1,-0.18506383459496104,-26.75,T,6931.75
2018-02-28,2018,"(0.5, 0.5)",1,-0.7091247672253258,-48.5,T,6909.75
2018-02-28,2018,"(0.5, 0.75)",1,-0.7091247672253258,-48.5,T,6909.75
2018-02-28,2018,"(0.5, 1.0)",1,-0.7091247672253258,-48.5,T,6909.75
2018-02-28,2018,"(0.75, 0.5)",1,-0.4727498448168839,-48.5,T,6909.75
2018-02-28,2018,"(0.75, 0.75)",1,-0.4727498448168839,-48.5,T,6909.75
2018-02-28,2018,"(0.75, 1.0)",1,-0.4727498448168839,-48.5,T,6909.75
2018-02-28,2018,"(1.0, 0.5)",1,-0.3545623836126629,-48.5,T,6909.75
2018-02-28,2018,"(1.0, 0.75)",1,-0.3545623836126629,-48.5,T,6909.75
2018-02-28,2018,"(1.0, 1.0)",1,-0.3545623836126629,-48.5,T,6909.75
2018-03-02,2018,"(0.5, 0.5)",1,0.9629972247918593,67.5625,TP,6691.5
2018-03-02,2018,"(0.5, 0.75)",1,1.4629972247918595,101.34375,TP,6691.5
2018-03-02,2018,"(0.5, 1.0)",1,1.7428307123034228,120.25,T,6691.5
2018-03-02,2018,"(0.75, 0.5)",1,0.6419981498612396,67.5625,TP,6691.5
2018-03-02,2018,"(0.75, 0.75)",1,0.975331483194573,101.34375,TP,6691.5
2018-03-02,2018,"(0.75, 1.0)",1,1.1618871415356151,120.25,T,6691.5
2018-03-02,2018,"(1.0, 0.5)",1,0.48149861239592967,67.5625,TP,6691.5
2018-03-02,2018,"(1.0, 0.75)",1,0.7314986123959297,101.34375,TP,6691.5
2018-03-02,2018,"(1.0, 1.0)",1,0.8714153561517114,120.25,T,6691.5
2018-03-05,2018,"(0.5, 0.5)",-1,-1.039381153305204,-63.482142857142854,SL,6822.5
2018-03-05,2018,"(0.5, 0.75)",-1,-1.039381153305204,-63.482142857142854,SL,6822.5
2018-03-05,2018,"(0.5, 1.0)",-1,-1.039381153305204,-63.482142857142854,SL,6822.5
2018-03-05,2018,"(0.75, 0.5)",-1,-0.6799812470698547,-62.25,T,6822.5
2018-03-05,2018,"(0.75, 0.75)",-1,-0.6799812470698547,-62.25,T,6822.5
2018-03-05,2018,"(0.75, 1.0)",-1,-0.6799812470698547,-62.25,T,6822.5
2018-03-05,2018,"(1.0, 0.5)",-1,-0.509985935302391,-62.25,T,6822.5
2018-03-05,2018,"(1.0, 0.75)",-1,-0.509985935302391,-62.25,T,6822.5
2018-03-05,2018,"(1.0, 1.0)",-1,-0.509985935302391,-62.25,T,6822.5
2018-03-07,2018,"(0.5, 0.5)",1,0.7990821741001004,52.25,T,6877.75
2018-03-07,2018,"(0.5, 0.75)",1,0.7990821741001004,52.25,T,6877.75
2018-03-07,2018,"(0.5, 1.0)",1,0.7990821741001004,52.25,T,6877.75
2018-03-07,2018,"(0.75, 0.5)",1,0.5327214494000669,52.25,T,6877.75
2018-03-07,2018,"(0.75, 0.75)",1,0.5327214494000669,52.25,T,6877.75
2018-03-07,2018,"(0.75, 1.0)",1,0.5327214494000669,52.25,T,6877.75
2018-03-07,2018,"(1.0, 0.5)",1,0.3995410870500502,52.25,T,6877.75
2018-03-07,2018,"(1.0, 0.75)",1,0.3995410870500502,52.25,T,6877.75
2018-03-07,2018,"(1.0, 1.0)",1,0.3995410870500502,52.25,T,6877.75
2018-03-15,2018,"(0.5, 0.5)",1,0.26564651874521805,18.0,T,7037.25
2018-03-15,2018,"(0.5, 0.75)",1,0.26564651874521805,18.0,T,7037.25
2018-03-15,2018,"(0.5, 1.0)",1,0.26564651874521805,18.0,T,7037.25
2018-03-15,2018,"(0.75, 0.5)",1,0.1770976791634787,18.0,T,7037.25
2018-03-15,2018,"(0.75, 0.75)",1,0.1770976791634787,18.0,T,7037.25
2018-03-15,2018,"(0.75, 1.0)",1,0.1770976791634787,18.0,T,7037.25
2018-03-15,2018,"(1.0, 0.5)",1,0.13282325937260903,18.0,T,7037.25
2018-03-15,2018,"(1.0, 0.75)",1,0.13282325937260903,18.0,T,7037.25
2018-03-15,2018,"(1.0, 1.0)",1,0.13282325937260903,18.0,T,7037.25
2018-03-23,2018,"(0.5, 0.5)",1,-1.0470430107526882,-53.142857142857146,SL,6711.5
2018-03-23,2018,"(0.5, 0.75)",1,-1.0470430107526882,-53.142857142857146,SL,6711.5
2018-03-23,2018,"(0.5, 1.0)",1,-1.0470430107526882,-53.142857142857146,SL,6711.5
2018-03-23,2018,"(0.75, 0.5)",1,-1.0313620071684588,-79.71428571428572,SL,6711.5
2018-03-23,2018,"(0.75, 0.75)",1,-1.0313620071684588,-79.71428571428572,SL,6711.5
2018-03-23,2018,"(0.75, 1.0)",1,-1.0313620071684588,-79.71428571428572,SL,6711.5
2018-03-23,2018,"(1.0, 0.5)",1,-1.023521505376344,-106.28571428571429,SL,6711.5
2018-03-23,2018,"(1.0, 0.75)",1,-1.023521505376344,-106.28571428571429,SL,6711.5
2018-03-23,2018,"(1.0, 1.0)",1,-1.023521505376344,-106.28571428571429,SL,6711.5
2018-03-29,2018,"(0.5, 0.5)",-1,-1.0336215177713737,-74.35714285714286,SL,6570.5
2018-03-29,2018,"(0.5, 0.75)",-1,-1.0336215177713737,-74.35714285714286,SL,6570.5
2018-03-29,2018,"(0.5, 1.0)",-1,-1.0336215177713737,-74.35714285714286,SL,6570.5
2018-03-29,2018,"(0.75, 0.5)",-1,-0.19276336855587575,-19.0,T,6570.5
2018-03-29,2018,"(0.75, 0.75)",-1,-0.19276336855587575,-19.0,T,6570.5
2018-03-29,2018,"(0.75, 1.0)",-1,-0.19276336855587575,-19.0,T,6570.5
2018-03-29,2018,"(1.0, 0.5)",-1,-0.14457252641690682,-19.0,T,6570.5
2018-03-29,2018,"(1.0, 0.75)",-1,-0.14457252641690682,-19.0,T,6570.5
2018-03-29,2018,"(1.0, 1.0)",-1,-0.14457252641690682,-19.0,T,6570.5
2018-04-04,2018,"(0.5, 0.5)",-1,-1.0301984469370147,-82.78571428571429,SL,6494.75
2018-04-04,2018,"(0.5, 0.75)",-1,-1.0301984469370147,-82.78571428571429,SL,6494.75
2018-04-04,2018,"(0.5, 1.0)",-1,-1.0301984469370147,-82.78571428571429,SL,6494.75
2018-04-04,2018,"(0.75, 0.5)",-1,-0.6160483175150991,-74.0,T,6494.75
2018-04-04,2018,"(0.75, 0.75)",-1,-0.6160483175150991,-74.0,T,6494.75
2018-04-04,2018,"(0.75, 1.0)",-1,-0.6160483175150991,-74.0,T,6494.75
2018-04-04,2018,"(1.0, 0.5)",-1,-0.4620362381363244,-74.0,T,6494.75
2018-04-04,2018,"(1.0, 0.75)",-1,-0.4620362381363244,-74.0,T,6494.75
2018-04-04,2018,"(1.0, 1.0)",-1,-0.4620362381363244,-74.0,T,6494.75
2018-04-04,2018,"(0.5, 0.5)",1,0.9698015530629853,82.78571428571429,TP,6386.25
2018-04-04,2018,"(0.5, 0.75)",1,1.4698015530629853,124.17857142857144,TP,6386.25
2018-04-04,2018,"(0.5, 1.0)",1,1.9698015530629853,165.57142857142858,TP,6386.25
2018-04-04,2018,"(0.75, 0.5)",1,0.6465343687086569,82.78571428571429,TP,6386.25
2018-04-04,2018,"(0.75, 0.75)",1,0.9798677020419903,124.17857142857144,TP,6386.25
2018-04-04,2018,"(0.75, 1.0)",1,1.3132010353753234,165.57142857142858,TP,6386.25
2018-04-04,2018,"(1.0, 0.5)",1,0.48490077653149266,82.78571428571429,TP,6386.25
2018-04-04,2018,"(1.0, 0.75)",1,0.7349007765314927,124.17857142857144,TP,6386.25
2018-04-04,2018,"(1.0, 1.0)",1,0.9849007765314927,165.57142857142858,TP,6386.25
2018-04-09,2018,"(0.5, 0.5)",-1,0.9737015121630507,95.0625,TP,6597.0
2018-04-09,2018,"(0.5, 0.75)",-1,1.1702827087442471,113.75,T,6597.0
2018-04-09,2018,"(0.5, 1.0)",-1,1.1702827087442471,113.75,T,6597.0
2018-04-09,2018,"(0.75, 0.5)",-1,0.6491343414420337,95.0625,TP,6597.0
2018-04-09,2018,"(0.75, 0.75)",-1,0.7801884724961649,113.75,T,6597.0
2018-04-09,2018,"(0.75, 1.0)",-1,0.7801884724961649,113.75,T,6597.0
2018-04-09,2018,"(1.0, 0.5)",-1,0.48685075608152534,95.0625,TP,6597.0
2018-04-09,2018,"(1.0, 0.75)",-1,0.5851413543721236,113.75,T,6597.0
2018-04-09,2018,"(1.0, 1.0)",-1,0.5851413543721236,113.75,T,6597.0
2018-04-10,2018,"(0.5, 0.5)",-1,-0.12292422217980531,-9.0,T,6617.5
2018-04-10,2018,"(0.5, 0.75)",-1,-0.12292422217980531,-9.0,T,6617.5
2018-04-10,2018,"(0.5, 1.0)",-1,-0.12292422217980531,-9.0,T,6617.5
2018-04-10,2018,"(0.75, 0.5)",-1,-0.08194948145320353,-9.0,T,6617.5
2018-04-10,2018,"(0.75, 0.75)",-1,-0.08194948145320353,-9.0,T,6617.5
2018-04-10,2018,"(0.75, 1.0)",-1,-0.08194948145320353,-9.0,T,6617.5
2018-04-10,2018,"(1.0, 0.5)",-1,-0.061462111089902655,-9.0,T,6617.5
2018-04-10,2018,"(1.0, 0.75)",-1,-0.061462111089902655,-9.0,T,6617.5
2018-04-10,2018,"(1.0, 1.0)",-1,-0.061462111089902655,-9.0,T,6617.5
2018-04-12,2018,"(0.5, 0.5)",-1,-0.12710765239948119,-9.75,T,6658.0
2018-04-12,2018,"(0.5, 0.75)",-1,-0.12710765239948119,-9.75,T,6658.0
2018-04-12,2018,"(0.5, 1.0)",-1,-0.12710765239948119,-9.75,T,6658.0
2018-04-12,2018,"(0.75, 0.5)",-1,-0.08473843493298747,-9.75,T,6658.0
2018-04-12,2018,"(0.75, 0.75)",-1,-0.08473843493298747,-9.75,T,6658.0
2018-04-12,2018,"(0.75, 1.0)",-1,-0.08473843493298747,-9.75,T,6658.0
2018-04-12,2018,"(1.0, 0.5)",-1,-0.06355382619974059,-9.75,T,6658.0
2018-04-12,2018,"(1.0, 0.75)",-1,-0.06355382619974059,-9.75,T,6658.0
2018-04-12,2018,"(1.0, 1.0)",-1,-0.06355382619974059,-9.75,T,6658.0
2018-04-13,2018,"(0.5, 0.5)",1,0.02937809996184662,5.25,T,6630.0
2018-04-13,2018,"(0.5, 0.75)",1,0.02937809996184662,5.25,T,6630.0
2018-04-13,2018,"(0.5, 1.0)",1,0.02937809996184662,5.25,T,6630.0
2018-04-13,2018,"(0.75, 0.5)",1,0.019585399974564415,5.25,T,6630.0
2018-04-13,2018,"(0.75, 0.75)",1,0.019585399974564415,5.25,T,6630.0
2018-04-13,2018,"(0.75, 1.0)",1,0.019585399974564415,5.25,T,6630.0
2018-04-13,2018,"(1.0, 0.5)",1,0.01468904998092331,5.25,T,6630.0
2018-04-13,2018,"(1.0, 0.75)",1,0.01468904998092331,5.25,T,6630.0
2018-04-13,2018,"(1.0, 1.0)",1,0.01468904998092331,5.25,T,6630.0
2018-04-24,2018,"(0.5, 0.5)",1,-1.0387543252595155,-64.50892857142857,SL,6617.25
2018-04-24,2018,"(0.5, 0.75)",1,-1.0387543252595155,-64.50892857142857,SL,6617.25
2018-04-24,2018,"(0.5, 1.0)",1,-1.0387543252595155,-64.50892857142857,SL,6617.25
2018-04-24,2018,"(0.75, 0.5)",1,-1.025836216839677,-96.76339285714286,SL,6617.25
2018-04-24,2018,"(0.75, 0.75)",1,-1.025836216839677,-96.76339285714286,SL,6617.25
2018-04-24,2018,"(0.75, 1.0)",1,-1.025836216839677,-96.76339285714286,SL,6617.25
2018-04-24,2018,"(1.0, 0.5)",1,-1.0193771626297579,-129.01785714285714,SL,6617.25
2018-04-24,2018,"(1.0, 0.75)",1,-1.0193771626297579,-129.01785714285714,SL,6617.25
2018-04-24,2018,"(1.0, 1.0)",1,-1.0193771626297579,-129.01785714285714,SL,6617.25
2018-04-30,2018,"(0.5, 0.5)",1,-0.2552083333333333,-13.25,T,6624.0
2018-04-30,2018,"(0.5, 0.75)",1,-0.2552083333333333,-13.25,T,6624.0
2018-04-30,2018,"(0.5, 1.0)",1,-0.2552083333333333,-13.25,T,6624.0
2018-04-30,2018,"(0.75, 0.5)",1,-0.1701388888888889,-13.25,T,6624.0
2018-04-30,2018,"(0.75, 0.75)",1,-0.1701388888888889,-13.25,T,6624.0
2018-04-30,2018,"(0.75, 1.0)",1,-0.1701388888888889,-13.25,T,6624.0
2018-04-30,2018,"(1.0, 0.5)",1,-0.12760416666666666,-13.25,T,6624.0
2018-04-30,2018,"(1.0, 0.75)",1,-0.12760416666666666,-13.25,T,6624.0
2018-04-30,2018,"(1.0, 1.0)",1,-0.12760416666666666,-13.25,T,6624.0
2018-05-01,2018,"(0.5, 0.5)",1,0.9583828775267539,60.07142857142857,TP,6601.5
2018-05-01,2018,"(0.5, 0.75)",1,1.348394768133175,83.5,T,6601.5
2018-05-01,2018,"(0.5, 1.0)",1,1.348394768133175,83.5,T,6601.5
2018-05-01,2018,"(0.75, 0.5)",1,0.6389219183511692,60.07142857142857,TP,6601.5
2018-05-01,2018,"(0.75, 0.75)",1,0.8989298454221165,83.5,T,6601.5
2018-05-01,2018,"(0.75, 1.0)",1,0.8989298454221165,83.5,T,6601.5
2018-05-01,2018,"(1.0, 0.5)",1,0.47919143876337694,60.07142857142857,TP,6601.5
2018-05-01,2018,"(1.0, 0.75)",1,0.6741973840665875,83.5,T,6601.5
2018-05-01,2018,"(1.0, 1.0)",1,0.6741973840665875,83.5,T,6601.5
2018-05-02,2018,"(0.5, 0.5)",-1,0.4983223924142961,33.0,T,6680.0
2018-05-02,2018,"(0.5, 0.75)",-1,0.4983223924142961,33.0,T,6680.0
2018-05-02,2018,"(0.5, 1.0)",-1,0.4983223924142961,33.0,T,6680.0
2018-05-02,2018,"(0.75, 0.5)",-1,0.3322149282761974,33.0,T,6680.0
2018-05-02,2018,"(0.75, 0.75)",-1,0.3322149282761974,33.0,T,6680.0
2018-05-02,2018,"(0.75, 1.0)",-1,0.3322149282761974,33.0,T,6680.0
2018-05-02,2018,"(1.0, 0.5)",-1,0.24916119620714805,33.0,T,6680.0
2018-05-02,2018,"(1.0, 0.75)",-1,0.24916119620714805,33.0,T,6680.0
2018-05-02,2018,"(1.0, 1.0)",-1,0.24916119620714805,33.0,T,6680.0
2018-05-08,2018,"(0.5, 0.5)",1,0.2571387573539963,18.5,T,6798.5
2018-05-08,2018,"(0.5, 0.75)",1,0.2571387573539963,18.5,T,6798.5
2018-05-08,2018,"(0.5, 1.0)",1,0.2571387573539963,18.5,T,6798.5
2018-05-08,2018,"(0.75, 0.5)",1,0.1714258382359975,18.5,T,6798.5
2018-05-08,2018,"(0.75, 0.75)",1,0.1714258382359975,18.5,T,6798.5
2018-05-08,2018,"(0.75, 1.0)",1,0.1714258382359975,18.5,T,6798.5
2018-05-08,2018,"(1.0, 0.5)",1,0.12856937867699814,18.5,T,6798.5
2018-05-08,2018,"(1.0, 0.75)",1,0.12856937867699814,18.5,T,6798.5
2018-05-08,2018,"(1.0, 1.0)",1,0.12856937867699814,18.5,T,6798.5
2018-05-17,2018,"(0.5, 0.5)",-1,0.9482535575679172,48.3125,TP,6951.75
2018-05-17,2018,"(0.5, 0.75)",-1,1.4482535575679172,72.46875,TP,6951.75
2018-05-17,2018,"(0.5, 1.0)",-1,0.8641655886157826,44.25,T,6951.75
2018-05-17,2018,"(0.75, 0.5)",-1,0.6321690383786115,48.3125,TP,6951.75
2018-05-17,2018,"(0.75, 0.75)",-1,0.9655023717119448,72.46875,TP,6951.75
2018-05-17,2018,"(0.75, 1.0)",-1,0.5761103924105218,44.25,T,6951.75
2018-05-17,2018,"(1.0, 0.5)",-1,0.4741267787839586,48.3125,TP,6951.75
2018-05-17,2018,"(1.0, 0.75)",-1,0.7241267787839586,72.46875,TP,6951.75
2018-05-17,2018,"(1.0, 1.0)",-1,0.4320827943078913,44.25,T,6951.75
2018-05-18,2018,"(0.5, 0.5)",1,-0.16076555023923444,-5.0,T,6878.5
2018-05-18,2018,"(0.5, 0.75)",1,-0.16076555023923444,-5.0,T,6878.5
2018-05-18,2018,"(0.5, 1.0)",1,-0.16076555023923444,-5.0,T,6878.5
2018-05-18,2018,"(0.75, 0.5)",1,-0.10717703349282297,-5.0,T,6878.5
2018-05-18,2018,"(0.75, 0.75)",1,-0.10717703349282297,-5.0,T,6878.5
2018-05-18,2018,"(0.75, 1.0)",1,-0.10717703349282297,-5.0,T,6878.5
2018-05-18,2018,"(1.0, 0.5)",1,-0.08038277511961722,-5.0,T,6878.5
2018-05-18,2018,"(1.0, 0.75)",1,-0.08038277511961722,-5.0,T,6878.5
2018-05-18,2018,"(1.0, 1.0)",1,-0.08038277511961722,-5.0,T,6878.5
2018-05-30,2018,"(0.5, 0.5)",-1,-0.5695364238410596,-19.0,T,6962.5
2018-05-30,2018,"(0.5, 0.75)",-1,-0.5695364238410596,-19.0,T,6962.5
2018-05-30,2018,"(0.5, 1.0)",-1,-0.5695364238410596,-19.0,T,6962.5
2018-05-30,2018,"(0.75, 0.5)",-1,-0.37969094922737306,-19.0,T,6962.5
2018-05-30,2018,"(0.75, 0.75)",-1,-0.37969094922737306,-19.0,T,6962.5
2018-05-30,2018,"(0.75, 1.0)",-1,-0.37969094922737306,-19.0,T,6962.5
2018-05-30,2018,"(1.0, 0.5)",-1,-0.2847682119205298,-19.0,T,6962.5
2018-05-30,2018,"(1.0, 0.75)",-1,-0.2847682119205298,-19.0,T,6962.5
2018-05-30,2018,"(1.0, 1.0)",-1,-0.2847682119205298,-19.0,T,6962.5
2018-05-31,2018,"(0.5, 0.5)",-1,0.3747870528109029,16.25,T,6993.25
2018-05-31,2018,"(0.5, 0.75)",-1,0.3747870528109029,16.25,T,6993.25
2018-05-31,2018,"(0.5, 1.0)",-1,0.3747870528109029,16.25,T,6993.25
2018-05-31,2018,"(0.75, 0.5)",-1,0.2498580352072686,16.25,T,6993.25
2018-05-31,2018,"(0.75, 0.75)",-1,0.2498580352072686,16.25,T,6993.25
2018-05-31,2018,"(0.75, 1.0)",-1,0.2498580352072686,16.25,T,6993.25
2018-05-31,2018,"(1.0, 0.5)",-1,0.18739352640545145,16.25,T,6993.25
2018-05-31,2018,"(1.0, 0.75)",-1,0.18739352640545145,16.25,T,6993.25
2018-05-31,2018,"(1.0, 1.0)",-1,0.18739352640545145,16.25,T,6993.25
2018-06-06,2018,"(0.5, 0.5)",-1,-0.979212521398875,-33.25,T,7178.5
2018-06-06,2018,"(0.5, 0.75)",-1,-0.979212521398875,-33.25,T,7178.5
2018-06-06,2018,"(0.5, 1.0)",-1,-0.979212521398875,-33.25,T,7178.5
2018-06-06,2018,"(0.75, 0.5)",-1,-0.6528083475992501,-33.25,T,7178.5
2018-06-06,2018,"(0.75, 0.75)",-1,-0.6528083475992501,-33.25,T,7178.5
2018-06-06,2018,"(0.75, 1.0)",-1,-0.6528083475992501,-33.25,T,7178.5
2018-06-06,2018,"(1.0, 0.5)",-1,-0.4896062606994375,-33.25,T,7178.5
2018-06-06,2018,"(1.0, 0.75)",-1,-0.4896062606994375,-33.25,T,7178.5
2018-06-06,2018,"(1.0, 1.0)",-1,-0.4896062606994375,-33.25,T,7178.5
2018-06-07,2018,"(0.5, 0.5)",-1,0.9318900510824617,36.705357142857146,TP,7197.75
2018-06-07,2018,"(0.5, 0.75)",-1,1.4318900510824617,55.05803571428572,TP,7197.75
2018-06-07,2018,"(0.5, 1.0)",-1,1.9318900510824617,73.41071428571429,TP,7197.75
2018-06-07,2018,"(0.75, 0.5)",-1,0.6212600340549744,36.705357142857146,TP,7197.75
2018-06-07,2018,"(0.75, 0.75)",-1,0.9545933673883078,55.05803571428572,TP,7197.75
2018-06-07,2018,"(0.75, 1.0)",-1,1.287926700721641,73.41071428571429,TP,7197.75
2018-06-07,2018,"(1.0, 0.5)",-1,0.46594502554123085,36.705357142857146,TP,7197.75
2018-06-07,2018,"(1.0, 0.75)",-1,0.7159450255412309,55.05803571428572,TP,7197.75
2018-06-07,2018,"(1.0, 1.0)",-1,0.9659450255412309,73.41071428571429,TP,7197.75
2018-06-07,2018,"(0.5, 0.5)",1,0.14303089272683045,7.75,T,7145.0
2018-06-07,2018,"(0.5, 0.75)",1,0.14303089272683045,7.75,T,7145.0
2018-06-07,2018,"(0.5, 1.0)",1,0.14303089272683045,7.75,T,7145.0
2018-06-07,2018,"(0.75, 0.5)",1,0.09535392848455362,7.75,T,7145.0
2018-06-07,2018,"(0.75, 0.75)",1,0.09535392848455362,7.75,T,7145.0
2018-06-07,2018,"(0.75, 1.0)",1,0.09535392848455362,7.75,T,7145.0
2018-06-07,2018,"(1.0, 0.5)",1,0.07151544636341522,7.75,T,7145.0
2018-06-07,2018,"(1.0, 0.75)",1,0.07151544636341522,7.75,T,7145.0
2018-06-07,2018,"(1.0, 1.0)",1,0.07151544636341522,7.75,T,7145.0
2018-06-22,2018,"(0.5, 0.5)",1,-0.3909484833895041,-12.0,T,7228.0
2018-06-22,2018,"(0.5, 0.75)",1,-0.3909484833895041,-12.0,T,7228.0
2018-06-22,2018,"(0.5, 1.0)",1,-0.3909484833895041,-12.0,T,7228.0
2018-06-22,2018,"(0.75, 0.5)",1,-0.2606323222596694,-12.0,T,7228.0
2018-06-22,2018,"(0.75, 0.75)",1,-0.2606323222596694,-12.0,T,7228.0
2018-06-22,2018,"(0.75, 1.0)",1,-0.2606323222596694,-12.0,T,7228.0
2018-06-22,2018,"(1.0, 0.5)",1,-0.19547424169475205,-12.0,T,7228.0
2018-06-22,2018,"(1.0, 0.75)",1,-0.19547424169475205,-12.0,T,7228.0
2018-06-22,2018,"(1.0, 1.0)",1,-0.19547424169475205,-12.0,T,7228.0
2018-06-28,2018,"(0.5, 0.5)",1,0.9455676516329704,45.92857142857143,TP,6993.75
2018-06-28,2018,"(0.5, 0.75)",1,1.4455676516329703,68.89285714285714,TP,6993.75
2018-06-28,2018,"(0.5, 1.0)",1,1.2519440124416796,60.0,T,6993.75
2018-06-28,2018,"(0.75, 0.5)",1,0.6303784344219804,45.92857142857143,TP,6993.75
2018-06-28,2018,"(0.75, 0.75)",1,0.9637117677553136,68.89285714285714,TP,6993.75
2018-06-28,2018,"(0.75, 1.0)",1,0.8346293416277865,60.0,T,6993.75
2018-06-28,2018,"(1.0, 0.5)",1,0.4727838258164852,45.92857142857143,TP,6993.75
2018-06-28,2018,"(1.0, 0.75)",1,0.7227838258164851,68.89285714285714,TP,6993.75
2018-06-28,2018,"(1.0, 1.0)",1,0.6259720062208398,60.0,T,6993.75
2018-07-10,2018,"(0.5, 0.5)",-1,-0.15579160343955487,-5.75,T,7295.0
2018-07-10,2018,"(0.5, 0.75)",-1,-0.15579160343955487,-5.75,T,7295.0
2018-07-10,2018,"(0.5, 1.0)",-1,-0.15579160343955487,-5.75,T,7295.0
2018-07-10,2018,"(0.75, 0.5)",-1,-0.10386106895970325,-5.75,T,7295.0
2018-07-10,2018,"(0.75, 0.75)",-1,-0.10386106895970325,-5.75,T,7295.0
2018-07-10,2018,"(0.75, 1.0)",-1,-0.10386106895970325,-5.75,T,7295.0
2018-07-10,2018,"(1.0, 0.5)",-1,-0.07789580171977743,-5.75,T,7295.0
2018-07-10,2018,"(1.0, 0.75)",-1,-0.07789580171977743,-5.75,T,7295.0
2018-07-10,2018,"(1.0, 1.0)",-1,-0.07789580171977743,-5.75,T,7295.0
2018-07-16,2018,"(0.5, 0.5)",-1,0.5300327630141973,28.5,T,7402.25
2018-07-16,2018,"(0.5, 0.75)",-1,0.5300327630141973,28.5,T,7402.25
2018-07-16,2018,"(0.5, 1.0)",-1,0.5300327630141973,28.5,T,7402.25
2018-07-16,2018,"(0.75, 0.5)",-1,0.3533551753427982,28.5,T,7402.25
2018-07-16,2018,"(0.75, 0.75)",-1,0.3533551753427982,28.5,T,7402.25
2018-07-16,2018,"(0.75, 1.0)",-1,0.3533551753427982,28.5,T,7402.25
2018-07-16,2018,"(1.0, 0.5)",-1,0.26501638150709866,28.5,T,7402.25
2018-07-16,2018,"(1.0, 0.75)",-1,0.26501638150709866,28.5,T,7402.25
2018-07-16,2018,"(1.0, 1.0)",-1,0.26501638150709866,28.5,T,7402.25
2018-07-16,2018,"(0.5, 0.5)",1,0.0407717510010921,4.5,T,7369.25
2018-07-16,2018,"(0.5, 0.75)",1,0.0407717510010921,4.5,T,7369.25
2018-07-16,2018,"(0.5, 1.0)",1,0.0407717510010921,4.5,T,7369.25
2018-07-16,2018,"(0.75, 0.5)",1,0.027181167334061403,4.5,T,7369.25
2018-07-16,2018,"(0.75, 0.75)",1,0.027181167334061403,4.5,T,7369.25
2018-07-16,2018,"(0.75, 1.0)",1,0.027181167334061403,4.5,T,7369.25
2018-07-16,2018,"(1.0, 0.5)",1,0.02038587550054605,4.5,T,7369.25
2018-07-16,2018,"(1.0, 0.75)",1,0.02038587550054605,4.5,T,7369.25
2018-07-16,2018,"(1.0, 1.0)",1,0.02038587550054605,4.5,T,7369.25
2018-07-17,2018,"(0.5, 0.5)",-1,-0.38434427749953626,-16.0,T,7405.5
2018-07-17,2018,"(0.5, 0.75)",-1,-0.38434427749953626,-16.0,T,7405.5
2018-07-17,2018,"(0.5, 1.0)",-1,-0.38434427749953626,-16.0,T,7405.5
2018-07-17,2018,"(0.75, 0.5)",-1,-0.25622951833302415,-16.0,T,7405.5
2018-07-17,2018,"(0.75, 0.75)",-1,-0.25622951833302415,-16.0,T,7405.5
2018-07-17,2018,"(0.75, 1.0)",-1,-0.25622951833302415,-16.0,T,7405.5
2018-07-17,2018,"(1.0, 0.5)",-1,-0.19217213874976813,-16.0,T,7405.5
2018-07-17,2018,"(1.0, 0.75)",-1,-0.19217213874976813,-16.0,T,7405.5
2018-07-17,2018,"(1.0, 1.0)",-1,-0.19217213874976813,-16.0,T,7405.5
2018-07-19,2018,"(0.5, 0.5)",1,-0.6543110394842869,-26.5,T,7393.25
2018-07-19,2018,"(0.5, 0.75)",1,-0.6543110394842869,-26.5,T,7393.25
2018-07-19,2018,"(0.5, 1.0)",1,-0.6543110394842869,-26.5,T,7393.25
2018-07-19,2018,"(0.75, 0.5)",1,-0.43620735965619123,-26.5,T,7393.25
2018-07-19,2018,"(0.75, 0.75)",1,-0.43620735965619123,-26.5,T,7393.25
2018-07-19,2018,"(0.75, 1.0)",1,-0.43620735965619123,-26.5,T,7393.25
2018-07-19,2018,"(1.0, 0.5)",1,-0.32715551974214346,-26.5,T,7393.25
2018-07-19,2018,"(1.0, 0.75)",1,-0.32715551974214346,-26.5,T,7393.25
2018-07-19,2018,"(1.0, 1.0)",1,-0.32715551974214346,-26.5,T,7393.25
2018-07-20,2018,"(0.5, 0.5)",-1,0.9377501111605158,40.160714285714285,TP,7400.75
2018-07-20,2018,"(0.5, 0.75)",-1,0.8901734104046243,38.25,T,7400.75
2018-07-20,2018,"(0.5, 1.0)",-1,0.8901734104046243,38.25,T,7400.75
2018-07-20,2018,"(0.75, 0.5)",-1,0.6251667407736772,40.160714285714285,TP,7400.75
2018-07-20,2018,"(0.75, 0.75)",-1,0.5934489402697495,38.25,T,7400.75
2018-07-20,2018,"(0.75, 1.0)",-1,0.5934489402697495,38.25,T,7400.75
2018-07-20,2018,"(1.0, 0.5)",-1,0.4688750555802579,40.160714285714285,TP,7400.75
2018-07-20,2018,"(1.0, 0.75)",-1,0.44508670520231214,38.25,T,7400.75
2018-07-20,2018,"(1.0, 1.0)",-1,0.44508670520231214,38.25,T,7400.75
2018-07-20,2018,"(0.5, 0.5)",1,-0.012449977767896843,2.0,T,7360.5
2018-07-20,2018,"(0.5, 0.75)",1,-0.012449977767896843,2.0,T,7360.5
2018-07-20,2018,"(0.5, 1.0)",1,-0.012449977767896843,2.0,T,7360.5
2018-07-20,2018,"(0.75, 0.5)",1,-0.008299985178597894,2.0,T,7360.5
2018-07-20,2018,"(0.75, 0.75)",1,-0.008299985178597894,2.0,T,7360.5
2018-07-20,2018,"(0.75, 1.0)",1,-0.008299985178597894,2.0,T,7360.5
2018-07-20,2018,"(1.0, 0.5)",1,-0.006224988883948421,2.0,T,7360.5
2018-07-20,2018,"(1.0, 0.75)",1,-0.006224988883948421,2.0,T,7360.5
2018-07-20,2018,"(1.0, 1.0)",1,-0.006224988883948421,2.0,T,7360.5
2018-07-26,2018,"(0.5, 0.5)",1,-0.5954692556634305,-20.5,T,7429.5
2018-07-26,2018,"(0.5, 0.75)",1,-0.5954692556634305,-20.5,T,7429.5
2018-07-26,2018,"(0.5, 1.0)",1,-0.5954692556634305,-20.5,T,7429.5
2018-07-26,2018,"(0.75, 0.5)",1,-0.3969795037756203,-20.5,T,7429.5
2018-07-26,2018,"(0.75, 0.75)",1,-0.3969795037756203,-20.5,T,7429.5
2018-07-26,2018,"(0.75, 1.0)",1,-0.3969795037756203,-20.5,T,7429.5
2018-07-26,2018,"(1.0, 0.5)",1,-0.2977346278317152,-20.5,T,7429.5
2018-07-26,2018,"(1.0, 0.75)",1,-0.2977346278317152,-20.5,T,7429.5
2018-07-26,2018,"(1.0, 1.0)",1,-0.2977346278317152,-20.5,T,7429.5
2018-07-27,2018,"(0.5, 0.5)",-1,0.9357945425361156,38.9375,TP,7440.5
2018-07-27,2018,"(0.5, 0.75)",-1,1.4357945425361156,58.40625,TP,7440.5
2018-07-27,2018,"(0.5, 1.0)",-1,1.9357945425361156,77.875,TP,7440.5
2018-07-27,2018,"(0.75, 0.5)",-1,0.6238630283574104,38.9375,TP,7440.5
2018-07-27,2018,"(0.75, 0.75)",-1,0.9571963616907437,58.40625,TP,7440.5
2018-07-27,2018,"(0.75, 1.0)",-1,1.290529695024077,77.875,TP,7440.5
2018-07-27,2018,"(1.0, 0.5)",-1,0.4678972712680578,38.9375,TP,7440.5
2018-07-27,2018,"(1.0, 0.75)",-1,0.7178972712680578,58.40625,TP,7440.5
2018-07-27,2018,"(1.0, 1.0)",-1,0.9678972712680578,77.875,TP,7440.5
2018-07-27,2018,"(0.5, 0.5)",1,-1.0642054574638844,-38.9375,SL,7405.0
2018-07-27,2018,"(0.5, 0.75)",1,-1.0642054574638844,-38.9375,SL,7405.0
2018-07-27,2018,"(0.5, 1.0)",1,-1.0642054574638844,-38.9375,SL,7405.0
2018-07-27,2018,"(0.75, 0.5)",1,-1.0428036383092563,-58.40625,SL,7405.0
2018-07-27,2018,"(0.75, 0.75)",1,-1.0428036383092563,-58.40625,SL,7405.0
2018-07-27,2018,"(0.75, 1.0)",1,-1.0428036383092563,-58.40625,SL,7405.0
2018-07-27,2018,"(1.0, 0.5)",1,-1.0321027287319422,-77.875,SL,7405.0
2018-07-27,2018,"(1.0, 0.75)",1,-1.0321027287319422,-77.875,SL,7405.0
2018-07-27,2018,"(1.0, 1.0)",1,-1.0321027287319422,-77.875,SL,7405.0
2018-08-01,2018,"(0.5, 0.5)",-1,-0.03638388713569705,0.75,T,7282.0
2018-08-01,2018,"(0.5, 0.75)",-1,-0.03638388713569705,0.75,T,7282.0
2018-08-01,2018,"(0.5, 1.0)",-1,-0.03638388713569705,0.75,T,7282.0
2018-08-01,2018,"(0.75, 0.5)",-1,-0.024255924757131366,0.75,T,7282.0
2018-08-01,2018,"(0.75, 0.75)",-1,-0.024255924757131366,0.75,T,7282.0
2018-08-01,2018,"(0.75, 1.0)",-1,-0.024255924757131366,0.75,T,7282.0
2018-08-01,2018,"(1.0, 0.5)",-1,-0.018191943567848524,0.75,T,7282.0
2018-08-01,2018,"(1.0, 0.75)",-1,-0.018191943567848524,0.75,T,7282.0
2018-08-01,2018,"(1.0, 1.0)",-1,-0.018191943567848524,0.75,T,7282.0
2018-08-02,2018,"(0.5, 0.5)",1,0.9455252918287937,45.892857142857146,TP,7243.25
2018-08-02,2018,"(0.5, 0.75)",1,1.4455252918287937,68.83928571428572,TP,7243.25
2018-08-02,2018,"(0.5, 1.0)",1,1.9455252918287937,91.78571428571429,TP,7243.25
2018-08-02,2018,"(0.75, 0.5)",1,0.6303501945525292,45.892857142857146,TP,7243.25
2018-08-02,2018,"(0.75, 0.75)",1,0.9636835278858625,68.83928571428572,TP,7243.25
2018-08-02,2018,"(0.75, 1.0)",1,1.2970168612191957,91.78571428571429,TP,7243.25
2018-08-02,2018,"(1.0, 0.5)",1,0.4727626459143969,45.892857142857146,TP,7243.25
2018-08-02,2018,"(1.0, 0.75)",1,0.7227626459143969,68.83928571428572,TP,7243.25
2018-08-02,2018,"(1.0, 1.0)",1,0.9727626459143969,91.78571428571429,TP,7243.25
2018-08-03,2018,"(0.5, 0.5)",-1,-0.44601769911504424,-20.0,T,7381.25
2018-08-03,2018,"(0.5, 0.75)",-1,-0.44601769911504424,-20.0,T,7381.25
2018-08-03,2018,"(0.5, 1.0)",-1,-0.44601769911504424,-20.0,T,7381.25
2018-08-03,2018,"(0.75, 0.5)",-1,-0.2973451327433628,-20.0,T,7381.25
2018-08-03,2018,"(0.75, 0.75)",-1,-0.2973451327433628,-20.0,T,7381.25
2018-08-03,2018,"(0.75, 1.0)",-1,-0.2973451327433628,-20.0,T,7381.25
2018-08-03,2018,"(1.0, 0.5)",-1,-0.22300884955752212,-20.0,T,7381.25
2018-08-03,2018,"(1.0, 0.75)",-1,-0.22300884955752212,-20.0,T,7381.25
2018-08-03,2018,"(1.0, 1.0)",-1,-0.22300884955752212,-20.0,T,7381.25
2018-08-06,2018,"(0.5, 0.5)",-1,-0.9584959205391983,-45.75,T,7401.25
2018-08-06,2018,"(0.5, 0.75)",-1,-0.9584959205391983,-45.75,T,7401.25
2018-08-06,2018,"(0.5, 1.0)",-1,-0.9584959205391983,-45.75,T,7401.25
2018-08-06,2018,"(0.75, 0.5)",-1,-0.6389972803594656,-45.75,T,7401.25
2018-08-06,2018,"(0.75, 0.75)",-1,-0.6389972803594656,-45.75,T,7401.25
2018-08-06,2018,"(0.75, 1.0)",-1,-0.6389972803594656,-45.75,T,7401.25
2018-08-06,2018,"(1.0, 0.5)",-1,-0.47924796026959915,-45.75,T,7401.25
2018-08-06,2018,"(1.0, 0.75)",-1,-0.47924796026959915,-45.75,T,7401.25
2018-08-06,2018,"(1.0, 1.0)",-1,-0.47924796026959915,-45.75,T,7401.25
2018-08-08,2018,"(0.5, 0.5)",1,0.43345289786671704,23.0,T,7454.75
2018-08-08,2018,"(0.5, 0.75)",1,0.43345289786671704,23.0,T,7454.75
2018-08-08,2018,"(0.5, 1.0)",1,0.43345289786671704,23.0,T,7454.75
2018-08-08,2018,"(0.75, 0.5)",1,0.2889685985778114,23.0,T,7454.75
2018-08-08,2018,"(0.75, 0.75)",1,0.2889685985778114,23.0,T,7454.75
2018-08-08,2018,"(0.75, 1.0)",1,0.2889685985778114,23.0,T,7454.75
2018-08-08,2018,"(1.0, 0.5)",1,0.21672644893335852,23.0,T,7454.75
2018-08-08,2018,"(1.0, 0.75)",1,0.21672644893335852,23.0,T,7454.75
2018-08-08,2018,"(1.0, 1.0)",1,0.21672644893335852,23.0,T,7454.75
2018-08-13,2018,"(0.5, 0.5)",-1,0.5842185128983308,30.0,T,7440.75
2018-08-13,2018,"(0.5, 0.75)",-1,0.5842185128983308,30.0,T,7440.75
2018-08-13,2018,"(0.5, 1.0)",-1,0.5842185128983308,30.0,T,7440.75
2018-08-13,2018,"(0.75, 0.5)",-1,0.3894790085988872,30.0,T,7440.75
2018-08-13,2018,"(0.75, 0.75)",-1,0.3894790085988872,30.0,T,7440.75
2018-08-13,2018,"(0.75, 1.0)",-1,0.3894790085988872,30.0,T,7440.75
2018-08-13,2018,"(1.0, 0.5)",-1,0.2921092564491654,30.0,T,7440.75
2018-08-13,2018,"(1.0, 0.75)",-1,0.2921092564491654,30.0,T,7440.75
2018-08-13,2018,"(1.0, 1.0)",-1,0.2921092564491654,30.0,T,7440.75
2018-08-20,2018,"(0.5, 0.5)",-1,0.9350348027842227,38.482142857142854,TP,7398.75
2018-08-20,2018,"(0.5, 0.75)",-1,0.40278422273781905,18.0,T,7398.75
2018-08-20,2018,"(0.5, 1.0)",-1,0.40278422273781905,18.0,T,7398.75
2018-08-20,2018,"(0.75, 0.5)",-1,0.6233565351894819,38.482142857142854,TP,7398.75
2018-08-20,2018,"(0.75, 0.75)",-1,0.26852281515854604,18.0,T,7398.75
2018-08-20,2018,"(0.75, 1.0)",-1,0.26852281515854604,18.0,T,7398.75
2018-08-20,2018,"(1.0, 0.5)",-1,0.46751740139211134,38.482142857142854,TP,7398.75
2018-08-20,2018,"(1.0, 0.75)",-1,0.20139211136890953,18.0,T,7398.75
2018-08-20,2018,"(1.0, 1.0)",-1,0.20139211136890953,18.0,T,7398.75
2018-08-22,2018,"(0.5, 0.5)",1,0.6685768863419292,27.5,T,7408.0
2018-08-22,2018,"(0.5, 0.75)",1,0.6685768863419292,27.5,T,7408.0
2018-08-22,2018,"(0.5, 1.0)",1,0.6685768863419292,27.5,T,7408.0
2018-08-22,2018,"(0.75, 0.5)",1,0.4457179242279528,27.5,T,7408.0
2018-08-22,2018,"(0.75, 0.75)",1,0.4457179242279528,27.5,T,7408.0
2018-08-22,2018,"(0.75, 1.0)",1,0.4457179242279528,27.5,T,7408.0
2018-08-22,2018,"(1.0, 0.5)",1,0.3342884431709646,27.5,T,7408.0
2018-08-22,2018,"(1.0, 0.75)",1,0.3342884431709646,27.5,T,7408.0
2018-08-22,2018,"(1.0, 1.0)",1,0.3342884431709646,27.5,T,7408.0
2018-08-24,2018,"(0.5, 0.5)",-1,-0.7669250645994832,-24.0,T,7469.0
2018-08-24,2018,"(0.5, 0.75)",-1,-0.7669250645994832,-24.0,T,7469.0
2018-08-24,2018,"(0.5, 1.0)",-1,-0.7669250645994832,-24.0,T,7469.0
2018-08-24,2018,"(0.75, 0.5)",-1,-0.5112833763996555,-24.0,T,7469.0
2018-08-24,2018,"(0.75, 0.75)",-1,-0.5112833763996555,-24.0,T,7469.0
2018-08-24,2018,"(0.75, 1.0)",-1,-0.5112833763996555,-24.0,T,7469.0
2018-08-24,2018,"(1.0, 0.5)",-1,-0.3834625322997416,-24.0,T,7469.0
2018-08-24,2018,"(1.0, 0.75)",-1,-0.3834625322997416,-24.0,T,7469.0
2018-08-24,2018,"(1.0, 1.0)",-1,-0.3834625322997416,-24.0,T,7469.0
2018-08-29,2018,"(0.5, 0.5)",-1,-1.0701227147508139,-35.651785714285715,SL,7596.25
2018-08-29,2018,"(0.5, 0.75)",-1,-1.0701227147508139,-35.651785714285715,SL,7596.25
2018-08-29,2018,"(0.5, 1.0)",-1,-1.0701227147508139,-35.651785714285715,SL,7596.25
2018-08-29,2018,"(0.75, 0.5)",-1,-1.0467484765005426,-53.47767857142857,SL,7596.25
2018-08-29,2018,"(0.75, 0.75)",-1,-1.0467484765005426,-53.47767857142857,SL,7596.25
2018-08-29,2018,"(0.75, 1.0)",-1,-1.0467484765005426,-53.47767857142857,SL,7596.25
2018-08-29,2018,"(1.0, 0.5)",-1,-1.035061357375407,-71.30357142857143,SL,7596.25
2018-08-29,2018,"(1.0, 0.75)",-1,-1.035061357375407,-71.30357142857143,SL,7596.25
2018-08-29,2018,"(1.0, 1.0)",-1,-1.035061357375407,-71.30357142857143,SL,7596.25
2018-09-04,2018,"(0.5, 0.5)",1,-1.0690165146660093,-36.223214285714285,SL,7633.75
2018-09-04,2018,"(0.5, 0.75)",1,-1.0690165146660093,-36.223214285714285,SL,7633.75
2018-09-04,2018,"(0.5, 1.0)",1,-1.0690165146660093,-36.223214285714285,SL,7633.75
2018-09-04,2018,"(0.75, 0.5)",1,-0.14723523128748664,-5.5,T,7633.75
2018-09-04,2018,"(0.75, 0.75)",1,-0.14723523128748664,-5.5,T,7633.75
2018-09-04,2018,"(0.75, 1.0)",1,-0.14723523128748664,-5.5,T,7633.75
2018-09-04,2018,"(1.0, 0.5)",1,-0.11042642346561499,-5.5,T,7633.75
2018-09-04,2018,"(1.0, 0.75)",1,-0.11042642346561499,-5.5,T,7633.75
2018-09-04,2018,"(1.0, 1.0)",1,-0.11042642346561499,-5.5,T,7633.75
2018-09-06,2018,"(0.5, 0.5)",1,-1.0696517412935322,-35.892857142857146,SL,7505.5
2018-09-06,2018,"(0.5, 0.75)",1,-1.0696517412935322,-35.892857142857146,SL,7505.5
2018-09-06,2018,"(0.5, 1.0)",1,-1.0696517412935322,-35.892857142857146,SL,7505.5
2018-09-06,2018,"(0.75, 0.5)",1,-1.0464344941956882,-53.83928571428572,SL,7505.5
2018-09-06,2018,"(0.75, 0.75)",1,-1.0464344941956882,-53.83928571428572,SL,7505.5
2018-09-06,2018,"(0.75, 1.0)",1,-1.0464344941956882,-53.83928571428572,SL,7505.5
2018-09-06,2018,"(1.0, 0.5)",1,-1.0348258706467661,-71.78571428571429,SL,7505.5
2018-09-06,2018,"(1.0, 0.75)",1,-1.0348258706467661,-71.78571428571429,SL,7505.5
2018-09-06,2018,"(1.0, 1.0)",1,-1.0348258706467661,-71.78571428571429,SL,7505.5
2018-09-07,2018,"(0.5, 0.5)",1,0.9343955014058106,38.107142857142854,TP,7422.75
2018-09-07,2018,"(0.5, 0.75)",1,1.4343955014058105,57.16071428571428,TP,7422.75
2018-09-07,2018,"(0.5, 1.0)",1,0.30178069353327086,14.0,T,7422.75
2018-09-07,2018,"(0.75, 0.5)",1,0.6229303342705405,38.107142857142854,TP,7422.75
2018-09-07,2018,"(0.75, 0.75)",1,0.9562636676038738,57.16071428571428,TP,7422.75
2018-09-07,2018,"(0.75, 1.0)",1,0.2011871290221806,14.0,T,7422.75
2018-09-07,2018,"(1.0, 0.5)",1,0.4671977507029053,38.107142857142854,TP,7422.75
2018-09-07,2018,"(1.0, 0.75)",1,0.7171977507029053,57.16071428571428,TP,7422.75
2018-09-07,2018,"(1.0, 1.0)",1,0.15089034676663543,14.0,T,7422.75
2018-09-11,2018,"(0.5, 0.5)",-1,-1.064724919093851,-38.625,SL,7475.25
2018-09-11,2018,"(0.5, 0.75)",-1,-1.064724919093851,-38.625,SL,7475.25
2018-09-11,2018,"(0.5, 1.0)",-1,-1.064724919093851,-38.625,SL,7475.25
2018-09-11,2018,"(0.75, 0.5)",-1,-0.6731391585760518,-36.5,T,7475.25
2018-09-11,2018,"(0.75, 0.75)",-1,-0.6731391585760518,-36.5,T,7475.25
2018-09-11,2018,"(0.75, 1.0)",-1,-0.6731391585760518,-36.5,T,7475.25
2018-09-11,2018,"(1.0, 0.5)",-1,-0.5048543689320388,-36.5,T,7475.25
2018-09-11,2018,"(1.0, 0.75)",-1,-0.5048543689320388,-36.5,T,7475.25
2018-09-11,2018,"(1.0, 1.0)",-1,-0.5048543689320388,-36.5,T,7475.25
2018-09-11,2018,"(0.5, 0.5)",1,0.9352750809061489,38.625,TP,7414.75
2018-09-11,2018,"(0.5, 0.75)",1,1.435275080906149,57.9375,TP,7414.75
2018-09-11,2018,"(0.5, 1.0)",1,1.935275080906149,77.25,TP,7414.75
2018-09-11,2018,"(0.75, 0.5)",1,0.6235167206040992,38.625,TP,7414.75
2018-09-11,2018,"(0.75, 0.75)",1,0.9568500539374326,57.9375,TP,7414.75
2018-09-11,2018,"(0.75, 1.0)",1,1.290183387270766,77.25,TP,7414.75
2018-09-11,2018,"(1.0, 0.5)",1,0.46763754045307443,38.625,TP,7414.75
2018-09-11,2018,"(1.0, 0.75)",1,0.7176375404530745,57.9375,TP,7414.75
2018-09-11,2018,"(1.0, 1.0)",1,0.9676375404530745,77.25,TP,7414.75
2018-09-25,2018,"(0.5, 0.5)",-1,-0.6388224471021159,-28.5,T,7562.5
2018-09-25,2018,"(0.5, 0.75)",-1,-0.6388224471021159,-28.5,T,7562.5
2018-09-25,2018,"(0.5, 1.0)",-1,-0.6388224471021159,-28.5,T,7562.5
2018-09-25,2018,"(0.75, 0.5)",-1,-0.4258816314014106,-28.5,T,7562.5
2018-09-25,2018,"(0.75, 0.75)",-1,-0.4258816314014106,-28.5,T,7562.5
2018-09-25,2018,"(0.75, 1.0)",-1,-0.4258816314014106,-28.5,T,7562.5
2018-09-25,2018,"(1.0, 0.5)",-1,-0.31941122355105794,-28.5,T,7562.5
2018-09-25,2018,"(1.0, 0.75)",-1,-0.31941122355105794,-28.5,T,7562.5
2018-09-25,2018,"(1.0, 1.0)",-1,-0.31941122355105794,-28.5,T,7562.5
2018-10-05,2018,"(0.5, 0.5)",1,-1.0550422645960291,-45.419642857142854,SL,7465.5
2018-10-05,2018,"(0.5, 0.75)",1,-1.0550422645960291,-45.419642857142854,SL,7465.5
2018-10-05,2018,"(0.5, 1.0)",1,-1.0550422645960291,-45.419642857142854,SL,7465.5
2018-10-05,2018,"(0.75, 0.5)",1,-1.0366948430640195,-68.12946428571428,SL,7465.5
2018-10-05,2018,"(0.75, 0.75)",1,-1.0366948430640195,-68.12946428571428,SL,7465.5
2018-10-05,2018,"(0.75, 1.0)",1,-1.0366948430640195,-68.12946428571428,SL,7465.5
2018-10-05,2018,"(1.0, 0.5)",1,-1.0275211322980145,-90.83928571428571,SL,7465.5
2018-10-05,2018,"(1.0, 0.75)",1,-1.0275211322980145,-90.83928571428571,SL,7465.5
2018-10-05,2018,"(1.0, 1.0)",1,-1.0275211322980145,-90.83928571428571,SL,7465.5
2018-10-12,2018,"(0.5, 0.5)",-1,0.961143491534832,64.33928571428571,TP,7135.25
2018-10-12,2018,"(0.5, 0.75)",-1,1.461143491534832,96.50892857142856,TP,7135.25
2018-10-12,2018,"(0.5, 1.0)",-1,-0.6838745489869554,-41.5,T,7135.25
2018-10-12,2018,"(0.75, 0.5)",-1,0.6407623276898881,64.33928571428571,TP,7135.25
2018-10-12,2018,"(0.75, 0.75)",-1,0.9740956610232214,96.50892857142856,TP,7135.25
2018-10-12,2018,"(0.75, 1.0)",-1,-0.45591636599130364,-41.5,T,7135.25
2018-10-12,2018,"(1.0, 0.5)",-1,0.480571745767416,64.33928571428571,TP,7135.25
2018-10-12,2018,"(1.0, 0.75)",-1,0.730571745767416,96.50892857142856,TP,7135.25
2018-10-12,2018,"(1.0, 1.0)",-1,-0.3419372744934777,-41.5,T,7135.25
2018-10-16,2018,"(0.5, 0.5)",-1,-1.0354520131678906,-70.51785714285714,SL,7160.5
2018-10-16,2018,"(0.5, 0.75)",-1,-1.0354520131678906,-70.51785714285714,SL,7160.5
2018-10-16,2018,"(0.5, 1.0)",-1,-1.0354520131678906,-70.51785714285714,SL,7160.5
2018-10-16,2018,"(0.75, 0.5)",-1,-1.0236346754452603,-105.77678571428571,SL,7160.5
2018-10-16,2018,"(0.75, 0.75)",-1,-1.0236346754452603,-105.77678571428571,SL,7160.5
2018-10-16,2018,"(0.75, 1.0)",-1,-1.0236346754452603,-105.77678571428571,SL,7160.5
2018-10-16,2018,"(1.0, 0.5)",-1,-1.0177260065839453,-141.03571428571428,SL,7160.5
2018-10-16,2018,"(1.0, 0.75)",-1,-1.0177260065839453,-141.03571428571428,SL,7160.5
2018-10-16,2018,"(1.0, 1.0)",-1,-1.0177260065839453,-141.03571428571428,SL,7160.5
2018-10-17,2018,"(0.5, 0.5)",-1,0.9669382453654505,75.61607142857143,TP,7298.25
2018-10-17,2018,"(0.5, 0.75)",-1,-0.013224701853819814,1.5,T,7298.25
2018-10-17,2018,"(0.5, 1.0)",-1,-0.013224701853819814,1.5,T,7298.25
2018-10-17,2018,"(0.75, 0.5)",-1,0.6446254969103004,75.61607142857143,TP,7298.25
2018-10-17,2018,"(0.75, 0.75)",-1,-0.008816467902546542,1.5,T,7298.25
2018-10-17,2018,"(0.75, 1.0)",-1,-0.008816467902546542,1.5,T,7298.25
2018-10-17,2018,"(1.0, 0.5)",-1,0.48346912268272524,75.61607142857143,TP,7298.25
2018-10-17,2018,"(1.0, 0.75)",-1,-0.006612350926909907,1.5,T,7298.25
2018-10-17,2018,"(1.0, 1.0)",-1,-0.006612350926909907,1.5,T,7298.25
2018-10-18,2018,"(0.5, 0.5)",1,-1.0327447082212606,-76.34821428571429,SL,7233.75
2018-10-18,2018,"(0.5, 0.75)",1,-1.0327447082212606,-76.34821428571429,SL,7233.75
2018-10-18,2018,"(0.5, 1.0)",1,-1.0327447082212606,-76.34821428571429,SL,7233.75
2018-10-18,2018,"(0.75, 0.5)",1,-1.0218298054808403,-114.52232142857144,SL,7233.75
2018-10-18,2018,"(0.75, 0.75)",1,-1.0218298054808403,-114.52232142857144,SL,7233.75
2018-10-18,2018,"(0.75, 1.0)",1,-1.0218298054808403,-114.52232142857144,SL,7233.75
2018-10-18,2018,"(1.0, 0.5)",1,-0.684364401824348,-102.0,T,7233.75
2018-10-18,2018,"(1.0, 0.75)",1,-0.684364401824348,-102.0,T,7233.75
2018-10-18,2018,"(1.0, 1.0)",1,-0.684364401824348,-102.0,T,7233.75
2018-10-19,2018,"(0.5, 0.5)",1,0.10410060142154183,11.0,T,7108.25
2018-10-19,2018,"(0.5, 0.75)",1,0.10410060142154183,11.0,T,7108.25
2018-10-19,2018,"(0.5, 1.0)",1,0.10410060142154183,11.0,T,7108.25
2018-10-19,2018,"(0.75, 0.5)",1,0.06940040094769456,11.0,T,7108.25
2018-10-19,2018,"(0.75, 0.75)",1,0.06940040094769456,11.0,T,7108.25
2018-10-19,2018,"(0.75, 1.0)",1,0.06940040094769456,11.0,T,7108.25
2018-10-19,2018,"(1.0, 0.5)",1,0.052050300710770915,11.0,T,7108.25
2018-10-19,2018,"(1.0, 0.75)",1,0.052050300710770915,11.0,T,7108.25
2018-10-19,2018,"(1.0, 1.0)",1,0.052050300710770915,11.0,T,7108.25
2018-10-24,2018,"(0.5, 0.5)",1,-1.0273517632118785,-91.40178571428571,SL,6949.75
2018-10-24,2018,"(0.5, 0.75)",1,-1.0273517632118785,-91.40178571428571,SL,6949.75
2018-10-24,2018,"(0.5, 1.0)",1,-1.0273517632118785,-91.40178571428571,SL,6949.75
2018-10-24,2018,"(0.75, 0.5)",1,-1.018234508807919,-137.10267857142856,SL,6949.75
2018-10-24,2018,"(0.75, 0.75)",1,-1.018234508807919,-137.10267857142856,SL,6949.75
2018-10-24,2018,"(0.75, 1.0)",1,-1.018234508807919,-137.10267857142856,SL,6949.75
2018-10-24,2018,"(1.0, 0.5)",1,-0.8424343069258572,-151.5,T,6949.75
2018-10-24,2018,"(1.0, 0.75)",1,-0.8424343069258572,-151.5,T,6949.75
2018-10-24,2018,"(1.0, 1.0)",1,-0.8424343069258572,-151.5,T,6949.75
2018-11-01,2018,"(0.5, 0.5)",-1,-0.3951103453933875,-40.5,T,7032.75
2018-11-01,2018,"(0.5, 0.75)",-1,-0.3951103453933875,-40.5,T,7032.75
2018-11-01,2018,"(0.5, 1.0)",-1,-0.3951103453933875,-40.5,T,7032.75
2018-11-01,2018,"(0.75, 0.5)",-1,-0.263406896928925,-40.5,T,7032.75
2018-11-01,2018,"(0.75, 0.75)",-1,-0.263406896928925,-40.5,T,7032.75
2018-11-01,2018,"(0.75, 1.0)",-1,-0.263406896928925,-40.5,T,7032.75
2018-11-01,2018,"(1.0, 0.5)",-1,-0.19755517269669376,-40.5,T,7032.75
2018-11-01,2018,"(1.0, 0.75)",-1,-0.19755517269669376,-40.5,T,7032.75
2018-11-01,2018,"(1.0, 1.0)",-1,-0.19755517269669376,-40.5,T,7032.75
2018-11-13,2018,"(0.5, 0.5)",1,-0.047928791509756936,-2.5,T,6841.0
2018-11-13,2018,"(0.5, 0.75)",1,-0.047928791509756936,-2.5,T,6841.0
2018-11-13,2018,"(0.5, 1.0)",1,-0.047928791509756936,-2.5,T,6841.0
2018-11-13,2018,"(0.75, 0.5)",1,-0.03195252767317129,-2.5,T,6841.0
2018-11-13,2018,"(0.75, 0.75)",1,-0.03195252767317129,-2.5,T,6841.0
2018-11-13,2018,"(0.75, 1.0)",1,-0.03195252767317129,-2.5,T,6841.0
2018-11-13,2018,"(1.0, 0.5)",1,-0.023964395754878468,-2.5,T,6841.0
2018-11-13,2018,"(1.0, 0.75)",1,-0.023964395754878468,-2.5,T,6841.0
2018-11-13,2018,"(1.0, 1.0)",1,-0.023964395754878468,-2.5,T,6841.0
2018-11-15,2018,"(0.5, 0.5)",1,0.9733257121082214,93.72321428571429,TP,6772.0
2018-11-15,2018,"(0.5, 0.75)",1,1.4733257121082215,140.58482142857144,TP,6772.0
2018-11-15,2018,"(0.5, 1.0)",1,1.3763932552157758,131.5,T,6772.0
2018-11-15,2018,"(0.75, 0.5)",1,0.6488838080721475,93.72321428571429,TP,6772.0
2018-11-15,2018,"(0.75, 0.75)",1,0.9822171414054809,140.58482142857144,TP,6772.0
2018-11-15,2018,"(0.75, 1.0)",1,0.9175955034771839,131.5,T,6772.0
2018-11-15,2018,"(1.0, 0.5)",1,0.4866628560541107,93.72321428571429,TP,6772.0
2018-11-15,2018,"(1.0, 0.75)",1,0.7366628560541107,140.58482142857144,TP,6772.0
2018-11-15,2018,"(1.0, 1.0)",1,0.6881966276078879,131.5,T,6772.0
2018-11-29,2018,"(0.5, 0.5)",-1,0.21628580624396523,20.5,T,6919.25
2018-11-29,2018,"(0.5, 0.75)",-1,0.21628580624396523,20.5,T,6919.25
2018-11-29,2018,"(0.5, 1.0)",-1,0.21628580624396523,20.5,T,6919.25
2018-11-29,2018,"(0.75, 0.5)",-1,0.1441905374959768,20.5,T,6919.25
2018-11-29,2018,"(0.75, 0.75)",-1,0.1441905374959768,20.5,T,6919.25
2018-11-29,2018,"(0.75, 1.0)",-1,0.1441905374959768,20.5,T,6919.25
2018-11-29,2018,"(1.0, 0.5)",-1,0.10814290312198262,20.5,T,6919.25
2018-11-29,2018,"(1.0, 0.75)",-1,0.10814290312198262,20.5,T,6919.25
2018-11-29,2018,"(1.0, 1.0)",-1,0.10814290312198262,20.5,T,6919.25
2018-12-04,2018,"(0.5, 0.5)",1,-1.0319452367370223,-78.25892857142857,SL,7015.5
2018-12-04,2018,"(0.5, 0.75)",1,-1.0319452367370223,-78.25892857142857,SL,7015.5
2018-12-04,2018,"(0.5, 1.0)",1,-1.0319452367370223,-78.25892857142857,SL,7015.5
2018-12-04,2018,"(0.75, 0.5)",1,-1.021296824491348,-117.38839285714286,SL,7015.5
2018-12-04,2018,"(0.75, 0.75)",1,-1.021296824491348,-117.38839285714286,SL,7015.5
2018-12-04,2018,"(0.75, 1.0)",1,-1.021296824491348,-117.38839285714286,SL,7015.5
2018-12-04,2018,"(1.0, 0.5)",1,-1.0159726183685112,-156.51785714285714,SL,7015.5
2018-12-04,2018,"(1.0, 0.75)",1,-1.0159726183685112,-156.51785714285714,SL,7015.5
2018-12-04,2018,"(1.0, 1.0)",1,-1.0159726183685112,-156.51785714285714,SL,7015.5
2018-12-07,2018,"(0.5, 0.5)",-1,0.9697656840513983,82.6875,TP,6835.5
2018-12-07,2018,"(0.5, 0.75)",-1,1.4697656840513984,124.03125,TP,6835.5
2018-12-07,2018,"(0.5, 1.0)",-1,1.9697656840513984,165.375,TP,6835.5
2018-12-07,2018,"(0.75, 0.5)",-1,0.6465104560342656,82.6875,TP,6835.5
2018-12-07,2018,"(0.75, 0.75)",-1,0.9798437893675989,124.03125,TP,6835.5
2018-12-07,2018,"(0.75, 1.0)",-1,1.3131771227009321,165.375,TP,6835.5
2018-12-07,2018,"(1.0, 0.5)",-1,0.48488284202569915,82.6875,TP,6835.5
2018-12-07,2018,"(1.0, 0.75)",-1,0.7348828420256992,124.03125,TP,6835.5
2018-12-07,2018,"(1.0, 1.0)",-1,0.9848828420256992,165.375,TP,6835.5
2018-12-07,2018,"(0.5, 0.5)",1,-0.2660619803476946,-19.5,T,6635.0
2018-12-07,2018,"(0.5, 0.75)",1,-0.2660619803476946,-19.5,T,6635.0
2018-12-07,2018,"(0.5, 1.0)",1,-0.2660619803476946,-19.5,T,6635.0
2018-12-07,2018,"(0.75, 0.5)",1,-0.17737465356512974,-19.5,T,6635.0
2018-12-07,2018,"(0.75, 0.75)",1,-0.17737465356512974,-19.5,T,6635.0
2018-12-07,2018,"(0.75, 1.0)",1,-0.17737465356512974,-19.5,T,6635.0
2018-12-07,2018,"(1.0, 0.5)",1,-0.1330309901738473,-19.5,T,6635.0
2018-12-07,2018,"(1.0, 0.75)",1,-0.1330309901738473,-19.5,T,6635.0
2018-12-07,2018,"(1.0, 1.0)",1,-0.1330309901738473,-19.5,T,6635.0
2018-12-10,2018,"(0.5, 0.5)",1,0.9706990372540812,85.32142857142857,TP,6597.25
2018-12-10,2018,"(0.5, 0.75)",1,0.9991628296358309,87.75,T,6597.25
2018-12-10,2018,"(0.5, 1.0)",1,0.9991628296358309,87.75,T,6597.25
2018-12-10,2018,"(0.75, 0.5)",1,0.6471326915027208,85.32142857142857,TP,6597.25
2018-12-10,2018,"(0.75, 0.75)",1,0.666108553090554,87.75,T,6597.25
2018-12-10,2018,"(0.75, 1.0)",1,0.666108553090554,87.75,T,6597.25
2018-12-10,2018,"(1.0, 0.5)",1,0.4853495186270406,85.32142857142857,TP,6597.25
2018-12-10,2018,"(1.0, 0.75)",1,0.49958141481791546,87.75,T,6597.25
2018-12-10,2018,"(1.0, 1.0)",1,0.49958141481791546,87.75,T,6597.25
2018-12-12,2018,"(0.5, 0.5)",-1,0.3095213265199708,29.0,T,6795.5
2018-12-12,2018,"(0.5, 0.75)",-1,0.3095213265199708,29.0,T,6795.5
2018-12-12,2018,"(0.5, 1.0)",-1,0.3095213265199708,29.0,T,6795.5
2018-12-12,2018,"(0.75, 0.5)",-1,0.20634755101331387,29.0,T,6795.5
2018-12-12,2018,"(0.75, 0.75)",-1,0.20634755101331387,29.0,T,6795.5
2018-12-12,2018,"(0.75, 1.0)",-1,0.20634755101331387,29.0,T,6795.5
2018-12-12,2018,"(1.0, 0.5)",-1,0.1547606632599854,29.0,T,6795.5
2018-12-12,2018,"(1.0, 0.75)",-1,0.1547606632599854,29.0,T,6795.5
2018-12-12,2018,"(1.0, 1.0)",-1,0.1547606632599854,29.0,T,6795.5
2018-12-19,2018,"(0.5, 0.5)",-1,0.9709332502854771,86.00892857142857,TP,6573.75
2018-12-19,2018,"(0.5, 0.75)",-1,1.470933250285477,129.01339285714286,TP,6573.75
2018-12-19,2018,"(0.5, 1.0)",-1,1.970933250285477,172.01785714285714,TP,6573.75
2018-12-19,2018,"(0.75, 0.5)",-1,0.6472888335236513,86.00892857142857,TP,6573.75
2018-12-19,2018,"(0.75, 0.75)",-1,0.9806221668569847,129.01339285714286,TP,6573.75
2018-12-19,2018,"(0.75, 1.0)",-1,1.313955500190318,172.01785714285714,TP,6573.75
2018-12-19,2018,"(1.0, 0.5)",-1,0.48546662514273853,86.00892857142857,TP,6573.75
2018-12-19,2018,"(1.0, 0.75)",-1,0.7354666251427385,129.01339285714286,TP,6573.75
2018-12-19,2018,"(1.0, 1.0)",-1,0.9854666251427385,172.01785714285714,TP,6573.75
2018-12-19,2018,"(0.5, 0.5)",1,0.9709332502854771,86.00892857142857,TP,6460.25
2018-12-19,2018,"(0.5, 0.75)",1,-1.029066749714523,-86.00892857142857,SL,6460.25
2018-12-19,2018,"(0.5, 1.0)",1,-1.029066749714523,-86.00892857142857,SL,6460.25
2018-12-19,2018,"(0.75, 0.5)",1,0.6472888335236513,86.00892857142857,TP,6460.25
2018-12-19,2018,"(0.75, 0.75)",1,-1.0193778331430152,-129.01339285714286,SL,6460.25
2018-12-19,2018,"(0.75, 1.0)",1,-1.0193778331430152,-129.01339285714286,SL,6460.25
2018-12-19,2018,"(1.0, 0.5)",1,0.48546662514273853,86.00892857142857,TP,6460.25
2018-12-19,2018,"(1.0, 0.75)",1,-0.6380151562337797,-107.25,T,6460.25
2018-12-19,2018,"(1.0, 1.0)",1,-0.6380151562337797,-107.25,T,6460.25
2018-12-21,2018,"(0.5, 0.5)",1,-1.0266590497952965,-93.77678571428571,SL,6183.0
2018-12-21,2018,"(0.5, 0.75)",1,-1.0266590497952965,-93.77678571428571,SL,6183.0
2018-12-21,2018,"(0.5, 1.0)",1,-1.0266590497952965,-93.77678571428571,SL,6183.0
2018-12-21,2018,"(0.75, 0.5)",1,-1.017772699863531,-140.66517857142856,SL,6183.0
2018-12-21,2018,"(0.75, 0.75)",1,-1.017772699863531,-140.66517857142856,SL,6183.0
2018-12-21,2018,"(0.75, 1.0)",1,-1.017772699863531,-140.66517857142856,SL,6183.0
2018-12-21,2018,"(1.0, 0.5)",1,-0.6518137674950014,-119.75,T,6183.0
2018-12-21,2018,"(1.0, 0.75)",1,-0.6518137674950014,-119.75,T,6183.0
2018-12-21,2018,"(1.0, 1.0)",1,-0.6518137674950014,-119.75,T,6183.0
2019-01-02,2019,"(0.5, 0.5)",-1,-0.03762429454447729,-1.25,T,6372.0
2019-01-02,2019,"(0.5, 0.75)",-1,-0.03762429454447729,-1.25,T,6372.0
2019-01-02,2019,"(0.5, 1.0)",-1,-0.03762429454447729,-1.25,T,6372.0
2019-01-02,2019,"(0.75, 0.5)",-1,-0.025082863029651528,-1.25,T,6372.0
2019-01-02,2019,"(0.75, 0.75)",-1,-0.025082863029651528,-1.25,T,6372.0
2019-01-02,2019,"(0.75, 1.0)",-1,-0.025082863029651528,-1.25,T,6372.0
2019-01-02,2019,"(1.0, 0.5)",-1,-0.018812147272238646,-1.25,T,6372.0
2019-01-02,2019,"(1.0, 0.75)",-1,-0.018812147272238646,-1.25,T,6372.0
2019-01-02,2019,"(1.0, 1.0)",-1,-0.018812147272238646,-1.25,T,6372.0
2019-01-07,2019,"(0.5, 0.5)",-1,-0.482400461627236,-49.75,T,6450.75
2019-01-07,2019,"(0.5, 0.75)",-1,-0.482400461627236,-49.75,T,6450.75
2019-01-07,2019,"(0.5, 1.0)",-1,-0.482400461627236,-49.75,T,6450.75
2019-01-07,2019,"(0.75, 0.5)",-1,-0.3216003077514907,-49.75,T,6450.75
2019-01-07,2019,"(0.75, 0.75)",-1,-0.3216003077514907,-49.75,T,6450.75
2019-01-07,2019,"(0.75, 1.0)",-1,-0.3216003077514907,-49.75,T,6450.75
2019-01-07,2019,"(1.0, 0.5)",-1,-0.241200230813618,-49.75,T,6450.75
2019-01-07,2019,"(1.0, 0.75)",-1,-0.241200230813618,-49.75,T,6450.75
2019-01-07,2019,"(1.0, 1.0)",-1,-0.241200230813618,-49.75,T,6450.75
2019-01-22,2019,"(0.5, 0.5)",1,-1.0385409497591191,-64.86607142857143,SL,6742.5
2019-01-22,2019,"(0.5, 0.75)",1,-1.0385409497591191,-64.86607142857143,SL,6742.5
2019-01-22,2019,"(0.5, 1.0)",1,-1.0385409497591191,-64.86607142857143,SL,6742.5
2019-01-22,2019,"(0.75, 0.5)",1,-1.0256939665060794,-97.29910714285714,SL,6742.5
2019-01-22,2019,"(0.75, 0.75)",1,-1.0256939665060794,-97.29910714285714,SL,6742.5
2019-01-22,2019,"(0.75, 1.0)",1,-1.0256939665060794,-97.29910714285714,SL,6742.5
2019-01-22,2019,"(1.0, 0.5)",1,-1.0192704748795596,-129.73214285714286,SL,6742.5
2019-01-22,2019,"(1.0, 0.75)",1,-1.0192704748795596,-129.73214285714286,SL,6742.5
2019-01-22,2019,"(1.0, 1.0)",1,-1.0192704748795596,-129.73214285714286,SL,6742.5
2019-01-23,2019,"(0.5, 0.5)",1,0.804302203567681,57.25,T,6611.75
2019-01-23,2019,"(0.5, 0.75)",1,0.804302203567681,57.25,T,6611.75
2019-01-23,2019,"(0.5, 1.0)",1,0.804302203567681,57.25,T,6611.75
2019-01-23,2019,"(0.75, 0.5)",1,0.5362014690451207,57.25,T,6611.75
2019-01-23,2019,"(0.75, 0.75)",1,0.5362014690451207,57.25,T,6611.75
2019-01-23,2019,"(0.75, 1.0)",1,0.5362014690451207,57.25,T,6611.75
2019-01-23,2019,"(1.0, 0.5)",1,0.4021511017838405,57.25,T,6611.75
2019-01-23,2019,"(1.0, 0.75)",1,0.4021511017838405,57.25,T,6611.75
2019-01-23,2019,"(1.0, 1.0)",1,0.4021511017838405,57.25,T,6611.75
2019-02-04,2019,"(0.5, 0.5)",-1,-0.6877040261153428,-37.0,T,6926.0
2019-02-04,2019,"(0.5, 0.75)",-1,-0.6877040261153428,-37.0,T,6926.0
2019-02-04,2019,"(0.5, 1.0)",-1,-0.6877040261153428,-37.0,T,6926.0
2019-02-04,2019,"(0.75, 0.5)",-1,-0.4584693507435618,-37.0,T,6926.0
2019-02-04,2019,"(0.75, 0.75)",-1,-0.4584693507435618,-37.0,T,6926.0
2019-02-04,2019,"(0.75, 1.0)",-1,-0.4584693507435618,-37.0,T,6926.0
2019-02-04,2019,"(1.0, 0.5)",-1,-0.3438520130576714,-37.0,T,6926.0
2019-02-04,2019,"(1.0, 0.75)",-1,-0.3438520130576714,-37.0,T,6926.0
2019-02-04,2019,"(1.0, 1.0)",-1,-0.3438520130576714,-37.0,T,6926.0
2019-02-06,2019,"(0.5, 0.5)",-1,0.9545602077247647,55.017857142857146,TP,7033.5
2019-02-06,2019,"(0.5, 0.75)",-1,0.5089256734826355,30.5,T,7033.5
2019-02-06,2019,"(0.5, 1.0)",-1,0.5089256734826355,30.5,T,7033.5
2019-02-06,2019,"(0.75, 0.5)",-1,0.6363734718165097,55.017857142857146,TP,7033.5
2019-02-06,2019,"(0.75, 0.75)",-1,0.339283782321757,30.5,T,7033.5
2019-02-06,2019,"(0.75, 1.0)",-1,0.339283782321757,30.5,T,7033.5
2019-02-06,2019,"(1.0, 0.5)",-1,0.47728010386238234,55.017857142857146,TP,7033.5
2019-02-06,2019,"(1.0, 0.75)",-1,0.25446283674131775,30.5,T,7033.5
2019-02-06,2019,"(1.0, 1.0)",-1,0.25446283674131775,30.5,T,7033.5
2019-02-08,2019,"(0.5, 0.5)",1,0.8923418423973363,52.75,T,6868.25
2019-02-08,2019,"(0.5, 0.75)",1,0.8923418423973363,52.75,T,6868.25
2019-02-08,2019,"(0.5, 1.0)",1,0.8923418423973363,52.75,T,6868.25
2019-02-08,2019,"(0.75, 0.5)",1,0.5948945615982242,52.75,T,6868.25
2019-02-08,2019,"(0.75, 0.75)",1,0.5948945615982242,52.75,T,6868.25
2019-02-08,2019,"(0.75, 1.0)",1,0.5948945615982242,52.75,T,6868.25
2019-02-08,2019,"(1.0, 0.5)",1,0.44617092119866814,52.75,T,6868.25
2019-02-08,2019,"(1.0, 0.75)",1,0.44617092119866814,52.75,T,6868.25
2019-02-08,2019,"(1.0, 1.0)",1,0.44617092119866814,52.75,T,6868.25
2019-02-12,2019,"(0.5, 0.5)",-1,-1.048535274744323,-51.50892857142857,SL,6963.5
2019-02-12,2019,"(0.5, 0.75)",-1,-1.048535274744323,-51.50892857142857,SL,6963.5
2019-02-12,2019,"(0.5, 1.0)",-1,-1.048535274744323,-51.50892857142857,SL,6963.5
2019-02-12,2019,"(0.75, 0.5)",-1,-0.7474432310625758,-55.25,T,6963.5
2019-02-12,2019,"(0.75, 0.75)",-1,-0.7474432310625758,-55.25,T,6963.5
2019-02-12,2019,"(0.75, 1.0)",-1,-0.7474432310625758,-55.25,T,6963.5
2019-02-12,2019,"(1.0, 0.5)",-1,-0.5605824232969319,-55.25,T,6963.5
2019-02-12,2019,"(1.0, 0.75)",-1,-0.5605824232969319,-55.25,T,6963.5
2019-02-12,2019,"(1.0, 1.0)",-1,-0.5605824232969319,-55.25,T,6963.5
2019-02-20,2019,"(0.5, 0.5)",-1,0.9453765119001171,45.767857142857146,TP,7093.0
2019-02-20,2019,"(0.5, 0.75)",-1,0.4096761607491221,21.25,T,7093.0
2019-02-20,2019,"(0.5, 1.0)",-1,0.4096761607491221,21.25,T,7093.0
2019-02-20,2019,"(0.75, 0.5)",-1,0.6302510079334114,45.767857142857146,TP,7093.0
2019-02-20,2019,"(0.75, 0.75)",-1,0.2731174404994147,21.25,T,7093.0
2019-02-20,2019,"(0.75, 1.0)",-1,0.2731174404994147,21.25,T,7093.0
2019-02-20,2019,"(1.0, 0.5)",-1,0.47268825595005853,45.767857142857146,TP,7093.0
2019-02-20,2019,"(1.0, 0.75)",-1,0.20483808037456105,21.25,T,7093.0
2019-02-20,2019,"(1.0, 1.0)",-1,0.20483808037456105,21.25,T,7093.0
2019-02-20,2019,"(0.5, 0.5)",1,0.6008583690987124,30.0,T,7041.75
2019-02-20,2019,"(0.5, 0.75)",1,0.6008583690987124,30.0,T,7041.75
2019-02-20,2019,"(0.5, 1.0)",1,0.6008583690987124,30.0,T,7041.75
2019-02-20,2019,"(0.75, 0.5)",1,0.40057224606580827,30.0,T,7041.75
2019-02-20,2019,"(0.75, 0.75)",1,0.40057224606580827,30.0,T,7041.75
2019-02-20,2019,"(0.75, 1.0)",1,0.40057224606580827,30.0,T,7041.75
2019-02-20,2019,"(1.0, 0.5)",1,0.3004291845493562,30.0,T,7041.75
2019-02-20,2019,"(1.0, 0.75)",1,0.3004291845493562,30.0,T,7041.75
2019-02-20,2019,"(1.0, 1.0)",1,0.3004291845493562,30.0,T,7041.75
2019-02-22,2019,"(0.5, 0.5)",-1,-1.063868613138686,-39.142857142857146,SL,7060.0
2019-02-22,2019,"(0.5, 0.75)",-1,-1.063868613138686,-39.142857142857146,SL,7060.0
2019-02-22,2019,"(0.5, 1.0)",-1,-1.063868613138686,-39.142857142857146,SL,7060.0
2019-02-22,2019,"(0.75, 0.5)",-1,-0.6472019464720193,-35.5,T,7060.0
2019-02-22,2019,"(0.75, 0.75)",-1,-0.6472019464720193,-35.5,T,7060.0
2019-02-22,2019,"(0.75, 1.0)",-1,-0.6472019464720193,-35.5,T,7060.0
2019-02-22,2019,"(1.0, 0.5)",-1,-0.48540145985401456,-35.5,T,7060.0
2019-02-22,2019,"(1.0, 0.75)",-1,-0.48540145985401456,-35.5,T,7060.0
2019-02-22,2019,"(1.0, 1.0)",-1,-0.48540145985401456,-35.5,T,7060.0
2019-03-04,2019,"(0.5, 0.5)",1,0.9268929503916449,34.19642857142857,TP,7107.0
2019-03-04,2019,"(0.5, 0.75)",1,1.3305483028720628,48.0,T,7107.0
2019-03-04,2019,"(0.5, 1.0)",1,1.3305483028720628,48.0,T,7107.0
2019-03-04,2019,"(0.75, 0.5)",1,0.61792863359443,34.19642857142857,TP,7107.0
2019-03-04,2019,"(0.75, 0.75)",1,0.8870322019147084,48.0,T,7107.0
2019-03-04,2019,"(0.75, 1.0)",1,0.8870322019147084,48.0,T,7107.0
2019-03-04,2019,"(1.0, 0.5)",1,0.46344647519582244,34.19642857142857,TP,7107.0
2019-03-04,2019,"(1.0, 0.75)",1,0.6652741514360314,48.0,T,7107.0
2019-03-04,2019,"(1.0, 1.0)",1,0.6652741514360314,48.0,T,7107.0
2019-03-15,2019,"(0.5, 0.5)",-1,-1.0634057971014492,-39.42857142857143,SL,7296.5
2019-03-15,2019,"(0.5, 0.75)",-1,-1.0634057971014492,-39.42857142857143,SL,7296.5
2019-03-15,2019,"(0.5, 1.0)",-1,-1.0634057971014492,-39.42857142857143,SL,7296.5
2019-03-15,2019,"(0.75, 0.5)",-1,-1.0422705314009661,-59.142857142857146,SL,7296.5
2019-03-15,2019,"(0.75, 0.75)",-1,-1.0422705314009661,-59.142857142857146,SL,7296.5
2019-03-15,2019,"(0.75, 1.0)",-1,-1.0422705314009661,-59.142857142857146,SL,7296.5
2019-03-15,2019,"(1.0, 0.5)",-1,-0.5357789855072463,-39.75,T,7296.5
2019-03-15,2019,"(1.0, 0.75)",-1,-0.5357789855072463,-39.75,T,7296.5
2019-03-15,2019,"(1.0, 1.0)",-1,-0.5357789855072463,-39.75,T,7296.5
2019-03-18,2019,"(0.5, 0.5)",-1,0.05623744699843785,4.75,T,7359.75
2019-03-18,2019,"(0.5, 0.75)",-1,0.05623744699843785,4.75,T,7359.75
2019-03-18,2019,"(0.5, 1.0)",-1,0.05623744699843785,4.75,T,7359.75
2019-03-18,2019,"(0.75, 0.5)",-1,0.0374916313322919,4.75,T,7359.75
2019-03-18,2019,"(0.75, 0.75)",-1,0.0374916313322919,4.75,T,7359.75
2019-03-18,2019,"(0.75, 1.0)",-1,0.0374916313322919,4.75,T,7359.75
2019-03-18,2019,"(1.0, 0.5)",-1,0.028118723499218925,4.75,T,7359.75
2019-03-18,2019,"(1.0, 0.75)",-1,0.028118723499218925,4.75,T,7359.75
2019-03-18,2019,"(1.0, 1.0)",-1,0.028118723499218925,4.75,T,7359.75
2019-03-20,2019,"(0.5, 0.5)",-1,0.09508716323296355,6.25,T,7419.5
2019-03-20,2019,"(0.5, 0.75)",-1,0.09508716323296355,6.25,T,7419.5
2019-03-20,2019,"(0.5, 1.0)",-1,0.09508716323296355,6.25,T,7419.5
2019-03-20,2019,"(0.75, 0.5)",-1,0.06339144215530904,6.25,T,7419.5
2019-03-20,2019,"(0.75, 0.75)",-1,0.06339144215530904,6.25,T,7419.5
2019-03-20,2019,"(0.75, 1.0)",-1,0.06339144215530904,6.25,T,7419.5
2019-03-20,2019,"(1.0, 0.5)",-1,0.04754358161648178,6.25,T,7419.5
2019-03-20,2019,"(1.0, 0.75)",-1,0.04754358161648178,6.25,T,7419.5
2019-03-20,2019,"(1.0, 1.0)",-1,0.04754358161648178,6.25,T,7419.5
2019-03-20,2019,"(0.5, 0.5)",1,0.936608557844691,39.4375,TP,7357.25
2019-03-20,2019,"(0.5, 0.75)",1,1.436608557844691,59.15625,TP,7357.25
2019-03-20,2019,"(0.5, 1.0)",1,1.936608557844691,78.875,TP,7357.25
2019-03-20,2019,"(0.75, 0.5)",1,0.624405705229794,39.4375,TP,7357.25
2019-03-20,2019,"(0.75, 0.75)",1,0.9577390385631274,59.15625,TP,7357.25
2019-03-20,2019,"(0.75, 1.0)",1,1.2910723718964607,78.875,TP,7357.25
2019-03-20,2019,"(1.0, 0.5)",1,0.4683042789223455,39.4375,TP,7357.25
2019-03-20,2019,"(1.0, 0.75)",1,0.7183042789223455,59.15625,TP,7357.25
2019-03-20,2019,"(1.0, 1.0)",1,0.9683042789223455,78.875,TP,7357.25
2019-04-02,2019,"(0.5, 0.5)",-1,-0.5254976303317536,-22.25,T,7503.25
2019-04-02,2019,"(0.5, 0.75)",-1,-0.5254976303317536,-22.25,T,7503.25
2019-04-02,2019,"(0.5, 1.0)",-1,-0.5254976303317536,-22.25,T,7503.25
2019-04-02,2019,"(0.75, 0.5)",-1,-0.35033175355450236,-22.25,T,7503.25
2019-04-02,2019,"(0.75, 0.75)",-1,-0.35033175355450236,-22.25,T,7503.25
2019-04-02,2019,"(0.75, 1.0)",-1,-0.35033175355450236,-22.25,T,7503.25
2019-04-02,2019,"(1.0, 0.5)",-1,-0.2627488151658768,-22.25,T,7503.25
2019-04-02,2019,"(1.0, 0.75)",-1,-0.2627488151658768,-22.25,T,7503.25
2019-04-02,2019,"(1.0, 1.0)",-1,-0.2627488151658768,-22.25,T,7503.25
2019-04-05,2019,"(0.5, 0.5)",-1,-0.3653555219364599,-14.75,T,7589.25
2019-04-05,2019,"(0.5, 0.75)",-1,-0.3653555219364599,-14.75,T,7589.25
2019-04-05,2019,"(0.5, 1.0)",-1,-0.3653555219364599,-14.75,T,7589.25
2019-04-05,2019,"(0.75, 0.5)",-1,-0.24357034795763996,-14.75,T,7589.25
2019-04-05,2019,"(0.75, 0.75)",-1,-0.24357034795763996,-14.75,T,7589.25
2019-04-05,2019,"(0.75, 1.0)",-1,-0.24357034795763996,-14.75,T,7589.25
2019-04-05,2019,"(1.0, 0.5)",-1,-0.18267776096822996,-14.75,T,7589.25
2019-04-05,2019,"(1.0, 0.75)",-1,-0.18267776096822996,-14.75,T,7589.25
2019-04-05,2019,"(1.0, 1.0)",-1,-0.18267776096822996,-14.75,T,7589.25
2019-04-08,2019,"(0.5, 0.5)",1,0.946442234123948,46.67857142857143,TP,7577.75
2019-04-08,2019,"(0.5, 0.75)",1,0.9372609028309105,46.25,T,7577.75
2019-04-08,2019,"(0.5, 1.0)",1,0.9372609028309105,46.25,T,7577.75
2019-04-08,2019,"(0.75, 0.5)",1,0.6309614894159654,46.67857142857143,TP,7577.75
2019-04-08,2019,"(0.75, 0.75)",1,0.6248406018872736,46.25,T,7577.75
2019-04-08,2019,"(0.75, 1.0)",1,0.6248406018872736,46.25,T,7577.75
2019-04-08,2019,"(1.0, 0.5)",1,0.473221117061974,46.67857142857143,TP,7577.75
2019-04-08,2019,"(1.0, 0.75)",1,0.46863045141545523,46.25,T,7577.75
2019-04-08,2019,"(1.0, 1.0)",1,0.46863045141545523,46.25,T,7577.75
2019-04-12,2019,"(0.5, 0.5)",-1,-0.2709005209625403,-7.25,T,7643.0
2019-04-12,2019,"(0.5, 0.75)",-1,-0.2709005209625403,-7.25,T,7643.0
2019-04-12,2019,"(0.5, 1.0)",-1,-0.2709005209625403,-7.25,T,7643.0
2019-04-12,2019,"(0.75, 0.5)",-1,-0.1806003473083602,-7.25,T,7643.0
2019-04-12,2019,"(0.75, 0.75)",-1,-0.1806003473083602,-7.25,T,7643.0
2019-04-12,2019,"(0.75, 1.0)",-1,-0.1806003473083602,-7.25,T,7643.0
2019-04-12,2019,"(1.0, 0.5)",-1,-0.13545026048127015,-7.25,T,7643.0
2019-04-12,2019,"(1.0, 0.75)",-1,-0.13545026048127015,-7.25,T,7643.0
2019-04-12,2019,"(1.0, 1.0)",-1,-0.13545026048127015,-7.25,T,7643.0
2019-04-18,2019,"(0.5, 0.5)",1,0.9144254278728606,29.214285714285715,TP,7680.0
2019-04-18,2019,"(0.5, 0.75)",1,0.9584352078239609,30.5,T,7680.0
2019-04-18,2019,"(0.5, 1.0)",1,0.9584352078239609,30.5,T,7680.0
2019-04-18,2019,"(0.75, 0.5)",1,0.6096169519152405,29.214285714285715,TP,7680.0
2019-04-18,2019,"(0.75, 0.75)",1,0.638956805215974,30.5,T,7680.0
2019-04-18,2019,"(0.75, 1.0)",1,0.638956805215974,30.5,T,7680.0
2019-04-18,2019,"(1.0, 0.5)",1,0.4572127139364303,29.214285714285715,TP,7680.0
2019-04-18,2019,"(1.0, 0.75)",1,0.4792176039119804,30.5,T,7680.0
2019-04-18,2019,"(1.0, 1.0)",1,0.4792176039119804,30.5,T,7680.0
2019-04-22,2019,"(0.5, 0.5)",-1,-0.8552915766738661,-22.25,T,7710.75
2019-04-22,2019,"(0.5, 0.75)",-1,-0.8552915766738661,-22.25,T,7710.75
2019-04-22,2019,"(0.5, 1.0)",-1,-0.8552915766738661,-22.25,T,7710.75
2019-04-22,2019,"(0.75, 0.5)",-1,-0.5701943844492441,-22.25,T,7710.75
2019-04-22,2019,"(0.75, 0.75)",-1,-0.5701943844492441,-22.25,T,7710.75
2019-04-22,2019,"(0.75, 1.0)",-1,-0.5701943844492441,-22.25,T,7710.75
2019-04-22,2019,"(1.0, 0.5)",-1,-0.42764578833693306,-22.25,T,7710.75
2019-04-22,2019,"(1.0, 0.75)",-1,-0.42764578833693306,-22.25,T,7710.75
2019-04-22,2019,"(1.0, 1.0)",-1,-0.42764578833693306,-22.25,T,7710.75
2019-04-24,2019,"(0.5, 0.5)",-1,0.9156372401325701,29.633928571428573,TP,7832.5
2019-04-24,2019,"(0.5, 0.75)",-1,0.8773727026212714,28.5,T,7832.5
2019-04-24,2019,"(0.5, 1.0)",-1,0.8773727026212714,28.5,T,7832.5
2019-04-24,2019,"(0.75, 0.5)",-1,0.6104248267550467,29.633928571428573,TP,7832.5
2019-04-24,2019,"(0.75, 0.75)",-1,0.5849151350808476,28.5,T,7832.5
2019-04-24,2019,"(0.75, 1.0)",-1,0.5849151350808476,28.5,T,7832.5
2019-04-24,2019,"(1.0, 0.5)",-1,0.45781862006628504,29.633928571428573,TP,7832.5
2019-04-24,2019,"(1.0, 0.75)",-1,0.4386863513106357,28.5,T,7832.5
2019-04-24,2019,"(1.0, 1.0)",-1,0.4386863513106357,28.5,T,7832.5
2019-04-25,2019,"(0.5, 0.5)",1,0.9105431309904154,27.946428571428573,TP,7803.25
2019-04-25,2019,"(0.5, 0.75)",1,1.4105431309904155,41.91964285714286,TP,7803.25
2019-04-25,2019,"(0.5, 1.0)",1,0.9124600638977636,28.0,T,7803.25
2019-04-25,2019,"(0.75, 0.5)",1,0.6070287539936102,27.946428571428573,TP,7803.25
2019-04-25,2019,"(0.75, 0.75)",1,0.9403620873269436,41.91964285714286,TP,7803.25
2019-04-25,2019,"(0.75, 1.0)",1,0.6083067092651756,28.0,T,7803.25
2019-04-25,2019,"(1.0, 0.5)",1,0.4552715654952077,27.946428571428573,TP,7803.25
2019-04-25,2019,"(1.0, 0.75)",1,0.7052715654952078,41.91964285714286,TP,7803.25
2019-04-25,2019,"(1.0, 1.0)",1,0.4562300319488818,28.0,T,7803.25
2019-05-14,2019,"(0.5, 0.5)",-1,0.4048648648648649,29.25,T,7442.0
2019-05-14,2019,"(0.5, 0.75)",-1,0.4048648648648649,29.25,T,7442.0
2019-05-14,2019,"(0.5, 1.0)",-1,0.4048648648648649,29.25,T,7442.0
2019-05-14,2019,"(0.75, 0.5)",-1,0.2699099099099099,29.25,T,7442.0
2019-05-14,2019,"(0.75, 0.75)",-1,0.2699099099099099,29.25,T,7442.0
2019-05-14,2019,"(0.75, 1.0)",-1,0.2699099099099099,29.25,T,7442.0
2019-05-14,2019,"(1.0, 0.5)",-1,0.20243243243243245,29.25,T,7442.0
2019-05-14,2019,"(1.0, 0.75)",-1,0.20243243243243245,29.25,T,7442.0
2019-05-14,2019,"(1.0, 1.0)",-1,0.20243243243243245,29.25,T,7442.0
2019-05-22,2019,"(0.5, 0.5)",1,-0.17678796923430148,-11.25,T,7441.75
2019-05-22,2019,"(0.5, 0.75)",1,-0.17678796923430148,-11.25,T,7441.75
2019-05-22,2019,"(0.5, 1.0)",1,-0.17678796923430148,-11.25,T,7441.75
2019-05-22,2019,"(0.75, 0.5)",1,-0.117858646156201,-11.25,T,7441.75
2019-05-22,2019,"(0.75, 0.75)",1,-0.117858646156201,-11.25,T,7441.75
2019-05-22,2019,"(0.75, 1.0)",1,-0.117858646156201,-11.25,T,7441.75
2019-05-22,2019,"(1.0, 0.5)",1,-0.08839398461715074,-11.25,T,7441.75
2019-05-22,2019,"(1.0, 0.75)",1,-0.08839398461715074,-11.25,T,7441.75
2019-05-22,2019,"(1.0, 1.0)",1,-0.08839398461715074,-11.25,T,7441.75
2019-06-03,2019,"(0.5, 0.5)",1,-1.040011431837668,-62.482142857142854,SL,7130.25
2019-06-03,2019,"(0.5, 0.75)",1,-1.040011431837668,-62.482142857142854,SL,7130.25
2019-06-03,2019,"(0.5, 1.0)",1,-1.040011431837668,-62.482142857142854,SL,7130.25
2019-06-03,2019,"(0.75, 0.5)",1,-1.0266742878917785,-93.72321428571428,SL,7130.25
2019-06-03,2019,"(0.75, 0.75)",1,-1.0266742878917785,-93.72321428571428,SL,7130.25
2019-06-03,2019,"(0.75, 1.0)",1,-1.0266742878917785,-93.72321428571428,SL,7130.25
2019-06-03,2019,"(1.0, 0.5)",1,-1.020005715918834,-124.96428571428571,SL,7130.25
2019-06-03,2019,"(1.0, 0.75)",1,-1.020005715918834,-124.96428571428571,SL,7130.25
2019-06-03,2019,"(1.0, 1.0)",1,-1.020005715918834,-124.96428571428571,SL,7130.25
2019-06-04,2019,"(0.5, 0.5)",-1,-0.7241379310344828,-40.25,T,7131.25
2019-06-04,2019,"(0.5, 0.75)",-1,-0.7241379310344828,-40.25,T,7131.25
2019-06-04,2019,"(0.5, 1.0)",-1,-0.7241379310344828,-40.25,T,7131.25
2019-06-04,2019,"(0.75, 0.5)",-1,-0.48275862068965514,-40.25,T,7131.25
2019-06-04,2019,"(0.75, 0.75)",-1,-0.48275862068965514,-40.25,T,7131.25
2019-06-04,2019,"(0.75, 1.0)",-1,-0.48275862068965514,-40.25,T,7131.25
2019-06-04,2019,"(1.0, 0.5)",-1,-0.3620689655172414,-40.25,T,7131.25
2019-06-04,2019,"(1.0, 0.75)",-1,-0.3620689655172414,-40.25,T,7131.25
2019-06-04,2019,"(1.0, 1.0)",-1,-0.3620689655172414,-40.25,T,7131.25
2019-06-21,2019,"(0.5, 0.5)",-1,0.6647922524211184,40.5,T,7796.0
2019-06-21,2019,"(0.5, 0.75)",-1,0.6647922524211184,40.5,T,7796.0
2019-06-21,2019,"(0.5, 1.0)",-1,0.6647922524211184,40.5,T,7796.0
2019-06-21,2019,"(0.75, 0.5)",-1,0.44319483494741224,40.5,T,7796.0
2019-06-21,2019,"(0.75, 0.75)",-1,0.44319483494741224,40.5,T,7796.0
2019-06-21,2019,"(0.75, 1.0)",-1,0.44319483494741224,40.5,T,7796.0
2019-06-21,2019,"(1.0, 0.5)",-1,0.3323961262105592,40.5,T,7796.0
2019-06-21,2019,"(1.0, 0.75)",-1,0.3323961262105592,40.5,T,7796.0
2019-06-21,2019,"(1.0, 1.0)",-1,0.3323961262105592,40.5,T,7796.0
2019-07-09,2019,"(0.5, 0.5)",1,0.943502824858757,44.25,TP,7785.25
2019-07-09,2019,"(0.5, 0.75)",1,1.4435028248587571,66.375,TP,7785.25
2019-07-09,2019,"(0.5, 1.0)",1,1.4124293785310735,65.0,T,7785.25
2019-07-09,2019,"(0.75, 0.5)",1,0.6290018832391714,44.25,TP,7785.25
2019-07-09,2019,"(0.75, 0.75)",1,0.9623352165725048,66.375,TP,7785.25
2019-07-09,2019,"(0.75, 1.0)",1,0.9416195856873822,65.0,T,7785.25
2019-07-09,2019,"(1.0, 0.5)",1,0.4717514124293785,44.25,TP,7785.25
2019-07-09,2019,"(1.0, 0.75)",1,0.7217514124293786,66.375,TP,7785.25
2019-07-09,2019,"(1.0, 1.0)",1,0.7062146892655368,65.0,T,7785.25
2019-07-11,2019,"(0.5, 0.5)",-1,0.9415204678362573,42.75,TP,7940.75
2019-07-11,2019,"(0.5, 0.75)",-1,0.4444444444444444,21.5,T,7940.75
2019-07-11,2019,"(0.5, 1.0)",-1,0.4444444444444444,21.5,T,7940.75
2019-07-11,2019,"(0.75, 0.5)",-1,0.6276803118908382,42.75,TP,7940.75
2019-07-11,2019,"(0.75, 0.75)",-1,0.2962962962962963,21.5,T,7940.75
2019-07-11,2019,"(0.75, 1.0)",-1,0.2962962962962963,21.5,T,7940.75
2019-07-11,2019,"(1.0, 0.5)",-1,0.47076023391812866,42.75,TP,7940.75
2019-07-11,2019,"(1.0, 0.75)",-1,0.2222222222222222,21.5,T,7940.75
2019-07-11,2019,"(1.0, 1.0)",-1,0.2222222222222222,21.5,T,7940.75
2019-07-12,2019,"(0.5, 0.5)",-1,-0.29736618521665253,-10.0,T,7955.5
2019-07-12,2019,"(0.5, 0.75)",-1,-0.29736618521665253,-10.0,T,7955.5
2019-07-12,2019,"(0.5, 1.0)",-1,-0.29736618521665253,-10.0,T,7955.5
2019-07-12,2019,"(0.75, 0.5)",-1,-0.19824412347776832,-10.0,T,7955.5
2019-07-12,2019,"(0.75, 0.75)",-1,-0.19824412347776832,-10.0,T,7955.5
2019-07-12,2019,"(0.75, 1.0)",-1,-0.19824412347776832,-10.0,T,7955.5
2019-07-12,2019,"(1.0, 0.5)",-1,-0.14868309260832627,-10.0,T,7955.5
2019-07-12,2019,"(1.0, 0.75)",-1,-0.14868309260832627,-10.0,T,7955.5
2019-07-12,2019,"(1.0, 1.0)",-1,-0.14868309260832627,-10.0,T,7955.5
2019-07-17,2019,"(0.5, 0.5)",1,-0.4381846635367762,-15.0,T,7924.25
2019-07-17,2019,"(0.5, 0.75)",1,-0.4381846635367762,-15.0,T,7924.25
2019-07-17,2019,"(0.5, 1.0)",1,-0.4381846635367762,-15.0,T,7924.25
2019-07-17,2019,"(0.75, 0.5)",1,-0.2921231090245175,-15.0,T,7924.25
2019-07-17,2019,"(0.75, 0.75)",1,-0.2921231090245175,-15.0,T,7924.25
2019-07-17,2019,"(0.75, 1.0)",1,-0.2921231090245175,-15.0,T,7924.25
2019-07-17,2019,"(1.0, 0.5)",1,-0.2190923317683881,-15.0,T,7924.25
2019-07-17,2019,"(1.0, 0.75)",1,-0.2190923317683881,-15.0,T,7924.25
2019-07-17,2019,"(1.0, 1.0)",1,-0.2190923317683881,-15.0,T,7924.25
2019-07-24,2019,"(0.5, 0.5)",-1,-1.0671946244300456,-37.205357142857146,SL,7970.0
2019-07-24,2019,"(0.5, 0.75)",-1,-1.0671946244300456,-37.205357142857146,SL,7970.0
2019-07-24,2019,"(0.5, 1.0)",-1,-1.0671946244300456,-37.205357142857146,SL,7970.0
2019-07-24,2019,"(0.75, 0.5)",-1,-1.044796416286697,-55.80803571428572,SL,7970.0
2019-07-24,2019,"(0.75, 0.75)",-1,-1.044796416286697,-55.80803571428572,SL,7970.0
2019-07-24,2019,"(0.75, 1.0)",-1,-1.044796416286697,-55.80803571428572,SL,7970.0
2019-07-24,2019,"(1.0, 0.5)",-1,-0.7828173746100311,-55.75,T,7970.0
2019-07-24,2019,"(1.0, 0.75)",-1,-0.7828173746100311,-55.75,T,7970.0
2019-07-24,2019,"(1.0, 1.0)",-1,-0.7828173746100311,-55.75,T,7970.0
2019-08-06,2019,"(0.5, 0.5)",-1,0.1372164659759171,11.25,T,7538.25
2019-08-06,2019,"(0.5, 0.75)",-1,0.1372164659759171,11.25,T,7538.25
2019-08-06,2019,"(0.5, 1.0)",-1,0.1372164659759171,11.25,T,7538.25
2019-08-06,2019,"(0.75, 0.5)",-1,0.09147764398394473,11.25,T,7538.25
2019-08-06,2019,"(0.75, 0.75)",-1,0.09147764398394473,11.25,T,7538.25
2019-08-06,2019,"(0.75, 1.0)",-1,0.09147764398394473,11.25,T,7538.25
2019-08-06,2019,"(1.0, 0.5)",-1,0.06860823298795855,11.25,T,7538.25
2019-08-06,2019,"(1.0, 0.75)",-1,0.06860823298795855,11.25,T,7538.25
2019-08-06,2019,"(1.0, 1.0)",-1,0.06860823298795855,11.25,T,7538.25
2019-08-07,2019,"(0.5, 0.5)",-1,-0.30152106609234086,-17.5,T,7541.5
2019-08-07,2019,"(0.5, 0.75)",-1,-0.30152106609234086,-17.5,T,7541.5
2019-08-07,2019,"(0.5, 1.0)",-1,-0.30152106609234086,-17.5,T,7541.5
2019-08-07,2019,"(0.75, 0.5)",-1,-0.20101404406156057,-17.5,T,7541.5
2019-08-07,2019,"(0.75, 0.75)",-1,-0.20101404406156057,-17.5,T,7541.5
2019-08-07,2019,"(0.75, 1.0)",-1,-0.20101404406156057,-17.5,T,7541.5
2019-08-07,2019,"(1.0, 0.5)",-1,-0.15076053304617043,-17.5,T,7541.5
2019-08-07,2019,"(1.0, 0.75)",-1,-0.15076053304617043,-17.5,T,7541.5
2019-08-07,2019,"(1.0, 1.0)",-1,-0.15076053304617043,-17.5,T,7541.5
2019-08-14,2019,"(0.5, 0.5)",1,-0.7380611006948274,-57.25,T,7559.0
2019-08-14,2019,"(0.5, 0.75)",1,-0.7380611006948274,-57.25,T,7559.0
2019-08-14,2019,"(0.5, 1.0)",1,-0.7380611006948274,-57.25,T,7559.0
2019-08-14,2019,"(0.75, 0.5)",1,-0.4920407337965516,-57.25,T,7559.0
2019-08-14,2019,"(0.75, 0.75)",1,-0.4920407337965516,-57.25,T,7559.0
2019-08-14,2019,"(0.75, 1.0)",1,-0.4920407337965516,-57.25,T,7559.0
2019-08-14,2019,"(1.0, 0.5)",1,-0.3690305503474137,-57.25,T,7559.0
2019-08-14,2019,"(1.0, 0.75)",1,-0.3690305503474137,-57.25,T,7559.0
2019-08-14,2019,"(1.0, 1.0)",1,-0.3690305503474137,-57.25,T,7559.0
2019-08-20,2019,"(0.5, 0.5)",1,-0.29813421900947545,-24.75,T,7699.25
2019-08-20,2019,"(0.5, 0.75)",1,-0.29813421900947545,-24.75,T,7699.25
2019-08-20,2019,"(0.5, 1.0)",1,-0.29813421900947545,-24.75,T,7699.25
2019-08-20,2019,"(0.75, 0.5)",1,-0.19875614600631697,-24.75,T,7699.25
2019-08-20,2019,"(0.75, 0.75)",1,-0.19875614600631697,-24.75,T,7699.25
2019-08-20,2019,"(0.75, 1.0)",1,-0.19875614600631697,-24.75,T,7699.25
2019-08-20,2019,"(1.0, 0.5)",1,-0.14906710950473773,-24.75,T,7699.25
2019-08-20,2019,"(1.0, 0.75)",1,-0.14906710950473773,-24.75,T,7699.25
2019-08-20,2019,"(1.0, 1.0)",1,-0.14906710950473773,-24.75,T,7699.25
2019-08-21,2019,"(0.5, 0.5)",-1,-0.08105872622001654,-4.5,T,7736.25
2019-08-21,2019,"(0.5, 0.75)",-1,-0.08105872622001654,-4.5,T,7736.25
2019-08-21,2019,"(0.5, 1.0)",-1,-0.08105872622001654,-4.5,T,7736.25
2019-08-21,2019,"(0.75, 0.5)",-1,-0.054039150813344365,-4.5,T,7736.25
2019-08-21,2019,"(0.75, 0.75)",-1,-0.054039150813344365,-4.5,T,7736.25
2019-08-21,2019,"(0.75, 1.0)",-1,-0.054039150813344365,-4.5,T,7736.25
2019-08-21,2019,"(1.0, 0.5)",-1,-0.04052936311000827,-4.5,T,7736.25
2019-08-21,2019,"(1.0, 0.75)",-1,-0.04052936311000827,-4.5,T,7736.25
2019-08-21,2019,"(1.0, 1.0)",-1,-0.04052936311000827,-4.5,T,7736.25
2019-08-22,2019,"(0.5, 0.5)",-1,0.9691833590138675,81.125,TP,7759.25
2019-08-22,2019,"(0.5, 0.75)",-1,0.5177195685670262,44.5,T,7759.25
2019-08-22,2019,"(0.5, 1.0)",-1,0.5177195685670262,44.5,T,7759.25
2019-08-22,2019,"(0.75, 0.5)",-1,0.6461222393425783,81.125,TP,7759.25
2019-08-22,2019,"(0.75, 0.75)",-1,0.34514637904468415,44.5,T,7759.25
2019-08-22,2019,"(0.75, 1.0)",-1,0.34514637904468415,44.5,T,7759.25
2019-08-22,2019,"(1.0, 0.5)",-1,0.48459167950693377,81.125,TP,7759.25
2019-08-22,2019,"(1.0, 0.75)",-1,0.2588597842835131,44.5,T,7759.25
2019-08-22,2019,"(1.0, 1.0)",-1,0.2588597842835131,44.5,T,7759.25
2019-08-30,2019,"(0.5, 0.5)",1,0.39795536716120183,31.0,T,7660.25
2019-08-30,2019,"(0.5, 0.75)",1,0.39795536716120183,31.0,T,7660.25
2019-08-30,2019,"(0.5, 1.0)",1,0.39795536716120183,31.0,T,7660.25
2019-08-30,2019,"(0.75, 0.5)",1,0.2653035781074679,31.0,T,7660.25
2019-08-30,2019,"(0.75, 0.75)",1,0.2653035781074679,31.0,T,7660.25
2019-08-30,2019,"(0.75, 1.0)",1,0.2653035781074679,31.0,T,7660.25
2019-08-30,2019,"(1.0, 0.5)",1,0.19897768358060092,31.0,T,7660.25
2019-08-30,2019,"(1.0, 0.75)",1,0.19897768358060092,31.0,T,7660.25
2019-08-30,2019,"(1.0, 1.0)",1,0.19897768358060092,31.0,T,7660.25
2019-09-03,2019,"(0.5, 0.5)",1,-0.4999371306425249,-33.0,T,7647.25
2019-09-03,2019,"(0.5, 0.75)",1,-0.4999371306425249,-33.0,T,7647.25
2019-09-03,2019,"(0.5, 1.0)",1,-0.4999371306425249,-33.0,T,7647.25
2019-09-03,2019,"(0.75, 0.5)",1,-0.33329142042834986,-33.0,T,7647.25
2019-09-03,2019,"(0.75, 0.75)",1,-0.33329142042834986,-33.0,T,7647.25
2019-09-03,2019,"(0.75, 1.0)",1,-0.33329142042834986,-33.0,T,7647.25
2019-09-03,2019,"(1.0, 0.5)",1,-0.24996856532126244,-33.0,T,7647.25
2019-09-03,2019,"(1.0, 0.75)",1,-0.24996856532126244,-33.0,T,7647.25
2019-09-03,2019,"(1.0, 1.0)",1,-0.24996856532126244,-33.0,T,7647.25
2019-09-09,2019,"(0.5, 0.5)",-1,0.9585737535138334,60.348214285714285,TP,7870.25
2019-09-09,2019,"(0.5, 0.75)",-1,0.5012575824826158,32.75,T,7870.25
2019-09-09,2019,"(0.5, 1.0)",-1,0.5012575824826158,32.75,T,7870.25
2019-09-09,2019,"(0.75, 0.5)",-1,0.6390491690092223,60.348214285714285,TP,7870.25
2019-09-09,2019,"(0.75, 0.75)",-1,0.3341717216550772,32.75,T,7870.25
2019-09-09,2019,"(0.75, 1.0)",-1,0.3341717216550772,32.75,T,7870.25
2019-09-09,2019,"(1.0, 0.5)",-1,0.4792868767569167,60.348214285714285,TP,7870.25
2019-09-09,2019,"(1.0, 0.75)",-1,0.2506287912413079,32.75,T,7870.25
2019-09-09,2019,"(1.0, 1.0)",-1,0.2506287912413079,32.75,T,7870.25
2019-09-13,2019,"(0.5, 0.5)",1,0.06023355869698833,6.0,T,7910.5
2019-09-13,2019,"(0.5, 0.75)",1,0.06023355869698833,6.0,T,7910.5
2019-09-13,2019,"(0.5, 1.0)",1,0.06023355869698833,6.0,T,7910.5
2019-09-13,2019,"(0.75, 0.5)",1,0.04015570579799222,6.0,T,7910.5
2019-09-13,2019,"(0.75, 0.75)",1,0.04015570579799222,6.0,T,7910.5
2019-09-13,2019,"(0.75, 1.0)",1,0.04015570579799222,6.0,T,7910.5
2019-09-13,2019,"(1.0, 0.5)",1,0.030116779348494164,6.0,T,7910.5
2019-09-13,2019,"(1.0, 0.75)",1,0.030116779348494164,6.0,T,7910.5
2019-09-13,2019,"(1.0, 1.0)",1,0.030116779348494164,6.0,T,7910.5
2019-09-17,2019,"(0.5, 0.5)",-1,-0.6270996640537514,-27.5,T,7887.25
2019-09-17,2019,"(0.5, 0.75)",-1,-0.6270996640537514,-27.5,T,7887.25
2019-09-17,2019,"(0.5, 1.0)",-1,-0.6270996640537514,-27.5,T,7887.25
2019-09-17,2019,"(0.75, 0.5)",-1,-0.41806644270250093,-27.5,T,7887.25
2019-09-17,2019,"(0.75, 0.75)",-1,-0.41806644270250093,-27.5,T,7887.25
2019-09-17,2019,"(0.75, 1.0)",-1,-0.41806644270250093,-27.5,T,7887.25
2019-09-17,2019,"(1.0, 0.5)",-1,-0.3135498320268757,-27.5,T,7887.25
2019-09-17,2019,"(1.0, 0.75)",-1,-0.3135498320268757,-27.5,T,7887.25
2019-09-17,2019,"(1.0, 1.0)",-1,-0.3135498320268757,-27.5,T,7887.25
2019-09-18,2019,"(0.5, 0.5)",1,-1.0545489966880965,-45.830357142857146,SL,7866.5
2019-09-18,2019,"(0.5, 0.75)",1,-1.0545489966880965,-45.830357142857146,SL,7866.5
2019-09-18,2019,"(0.5, 1.0)",1,-1.0545489966880965,-45.830357142857146,SL,7866.5
2019-09-18,2019,"(0.75, 0.5)",1,0.6303006688746022,45.830357142857146,TP,7866.5
2019-09-18,2019,"(0.75, 0.75)",1,0.6364049613611272,46.25,T,7866.5
2019-09-18,2019,"(0.75, 1.0)",1,0.6364049613611272,46.25,T,7866.5
2019-09-18,2019,"(1.0, 0.5)",1,0.4727255016559517,45.830357142857146,TP,7866.5
2019-09-18,2019,"(1.0, 0.75)",1,0.47730372102084545,46.25,T,7866.5
2019-09-18,2019,"(1.0, 1.0)",1,0.47730372102084545,46.25,T,7866.5
2019-09-23,2019,"(0.5, 0.5)",1,0.9435711406690851,44.30357142857143,TP,7814.0
2019-09-23,2019,"(0.5, 0.75)",1,0.5304312777106005,26.0,T,7814.0
2019-09-23,2019,"(0.5, 1.0)",1,0.5304312777106005,26.0,T,7814.0
2019-09-23,2019,"(0.75, 0.5)",1,0.6290474271127234,44.30357142857143,TP,7814.0
2019-09-23,2019,"(0.75, 0.75)",1,0.35362085180706704,26.0,T,7814.0
2019-09-23,2019,"(0.75, 1.0)",1,0.35362085180706704,26.0,T,7814.0
2019-09-23,2019,"(1.0, 0.5)",1,0.47178557033454255,44.30357142857143,TP,7814.0
2019-09-23,2019,"(1.0, 0.75)",1,0.26521563885530025,26.0,T,7814.0
2019-09-23,2019,"(1.0, 1.0)",1,0.26521563885530025,26.0,T,7814.0
2019-09-25,2019,"(0.5, 0.5)",1,0.94494691309477,45.410714285714285,TP,7705.75
2019-09-25,2019,"(0.5, 0.75)",1,1.44494691309477,68.11607142857143,TP,7705.75
2019-09-25,2019,"(0.5, 1.0)",1,1.9449469130947699,90.82142857142857,TP,7705.75
2019-09-25,2019,"(0.75, 0.5)",1,0.6299646087298466,45.410714285714285,TP,7705.75
2019-09-25,2019,"(0.75, 0.75)",1,0.96329794206318,68.11607142857143,TP,7705.75
2019-09-25,2019,"(0.75, 1.0)",1,1.2966312753965132,90.82142857142857,TP,7705.75
2019-09-25,2019,"(1.0, 0.5)",1,0.472473456547385,45.410714285714285,TP,7705.75
2019-09-25,2019,"(1.0, 0.75)",1,0.722473456547385,68.11607142857143,TP,7705.75
2019-09-25,2019,"(1.0, 1.0)",1,0.9724734565473849,90.82142857142857,TP,7705.75
2019-09-27,2019,"(0.5, 0.5)",1,-1.0523560209424083,-47.75,SL,7735.75
2019-09-27,2019,"(0.5, 0.75)",1,-1.0523560209424083,-47.75,SL,7735.75
2019-09-27,2019,"(0.5, 1.0)",1,-1.0523560209424083,-47.75,SL,7735.75
2019-09-27,2019,"(0.75, 0.5)",1,-1.0349040139616057,-71.625,SL,7735.75
2019-09-27,2019,"(0.75, 0.75)",1,-1.0349040139616057,-71.625,SL,7735.75
2019-09-27,2019,"(0.75, 1.0)",1,-1.0349040139616057,-71.625,SL,7735.75
2019-09-27,2019,"(1.0, 0.5)",1,-0.41361256544502617,-37.0,T,7735.75
2019-09-27,2019,"(1.0, 0.75)",1,-0.41361256544502617,-37.0,T,7735.75
2019-09-27,2019,"(1.0, 1.0)",1,-0.41361256544502617,-37.0,T,7735.75
2019-10-01,2019,"(0.5, 0.5)",1,-0.25301204819277107,-10.25,T,7711.5
2019-10-01,2019,"(0.5, 0.75)",1,-0.25301204819277107,-10.25,T,7711.5
2019-10-01,2019,"(0.5, 1.0)",1,-0.25301204819277107,-10.25,T,7711.5
2019-10-01,2019,"(0.75, 0.5)",1,-0.1686746987951807,-10.25,T,7711.5
2019-10-01,2019,"(0.75, 0.75)",1,-0.1686746987951807,-10.25,T,7711.5
2019-10-01,2019,"(0.75, 1.0)",1,-0.1686746987951807,-10.25,T,7711.5
2019-10-01,2019,"(1.0, 0.5)",1,-0.12650602409638553,-10.25,T,7711.5
2019-10-01,2019,"(1.0, 0.75)",1,-0.12650602409638553,-10.25,T,7711.5
2019-10-01,2019,"(1.0, 1.0)",1,-0.12650602409638553,-10.25,T,7711.5
2019-10-03,2019,"(0.5, 0.5)",-1,-0.053811659192825115,-0.5,T,7651.75
2019-10-03,2019,"(0.5, 0.75)",-1,-0.053811659192825115,-0.5,T,7651.75
2019-10-03,2019,"(0.5, 1.0)",-1,-0.053811659192825115,-0.5,T,7651.75
2019-10-03,2019,"(0.75, 0.5)",-1,-0.03587443946188341,-0.5,T,7651.75
2019-10-03,2019,"(0.75, 0.75)",-1,-0.03587443946188341,-0.5,T,7651.75
2019-10-03,2019,"(0.75, 1.0)",-1,-0.03587443946188341,-0.5,T,7651.75
2019-10-03,2019,"(1.0, 0.5)",-1,-0.026905829596412557,-0.5,T,7651.75
2019-10-03,2019,"(1.0, 0.75)",-1,-0.026905829596412557,-0.5,T,7651.75
2019-10-03,2019,"(1.0, 1.0)",-1,-0.026905829596412557,-0.5,T,7651.75
2019-10-14,2019,"(0.5, 0.5)",1,0.16808038627169514,14.0,T,7840.0
2019-10-14,2019,"(0.5, 0.75)",1,0.16808038627169514,14.0,T,7840.0
2019-10-14,2019,"(0.5, 1.0)",1,0.16808038627169514,14.0,T,7840.0
2019-10-14,2019,"(0.75, 0.5)",1,0.11205359084779677,14.0,T,7840.0
2019-10-14,2019,"(0.75, 0.75)",1,0.11205359084779677,14.0,T,7840.0
2019-10-14,2019,"(0.75, 1.0)",1,0.11205359084779677,14.0,T,7840.0
2019-10-14,2019,"(1.0, 0.5)",1,0.08404019313584757,14.0,T,7840.0
2019-10-14,2019,"(1.0, 0.75)",1,0.08404019313584757,14.0,T,7840.0
2019-10-14,2019,"(1.0, 1.0)",1,0.08404019313584757,14.0,T,7840.0
2019-10-18,2019,"(0.5, 0.5)",1,-1.044871794871795,-55.714285714285715,SL,7926.25
2019-10-18,2019,"(0.5, 0.75)",1,-1.044871794871795,-55.714285714285715,SL,7926.25
2019-10-18,2019,"(0.5, 1.0)",1,-1.044871794871795,-55.714285714285715,SL,7926.25
2019-10-18,2019,"(0.75, 0.5)",1,-1.0299145299145298,-83.57142857142857,SL,7926.25
2019-10-18,2019,"(0.75, 0.75)",1,-1.0299145299145298,-83.57142857142857,SL,7926.25
2019-10-18,2019,"(0.75, 1.0)",1,-1.0299145299145298,-83.57142857142857,SL,7926.25
2019-10-18,2019,"(1.0, 0.5)",1,-0.4756410256410256,-50.5,T,7926.25
2019-10-18,2019,"(1.0, 0.75)",1,-0.4756410256410256,-50.5,T,7926.25
2019-10-18,2019,"(1.0, 1.0)",1,-0.4756410256410256,-50.5,T,7926.25
2019-10-22,2019,"(0.5, 0.5)",1,-0.2615535889872173,-11.75,T,7896.5
2019-10-22,2019,"(0.5, 0.75)",1,-0.2615535889872173,-11.75,T,7896.5
2019-10-22,2019,"(0.5, 1.0)",1,-0.2615535889872173,-11.75,T,7896.5
2019-10-22,2019,"(0.75, 0.5)",1,-0.17436905932481156,-11.75,T,7896.5
2019-10-22,2019,"(0.75, 0.75)",1,-0.17436905932481156,-11.75,T,7896.5
2019-10-22,2019,"(0.75, 1.0)",1,-0.17436905932481156,-11.75,T,7896.5
2019-10-22,2019,"(1.0, 0.5)",1,-0.13077679449360866,-11.75,T,7896.5
2019-10-22,2019,"(1.0, 0.75)",1,-0.13077679449360866,-11.75,T,7896.5
2019-10-22,2019,"(1.0, 1.0)",1,-0.13077679449360866,-11.75,T,7896.5
2019-10-25,2019,"(0.5, 0.5)",-1,-1.0545383716400467,-45.839285714285715,SL,7977.75
2019-10-25,2019,"(0.5, 0.75)",-1,-1.0545383716400467,-45.839285714285715,SL,7977.75
2019-10-25,2019,"(0.5, 1.0)",-1,-1.0545383716400467,-45.839285714285715,SL,7977.75
2019-10-25,2019,"(0.75, 0.5)",-1,-0.8798857291260875,-58.0,T,7977.75
2019-10-25,2019,"(0.75, 0.75)",-1,-0.8798857291260875,-58.0,T,7977.75
2019-10-25,2019,"(0.75, 1.0)",-1,-0.8798857291260875,-58.0,T,7977.75
2019-10-25,2019,"(1.0, 0.5)",-1,-0.6599142968445656,-58.0,T,7977.75
2019-10-25,2019,"(1.0, 0.75)",-1,-0.6599142968445656,-58.0,T,7977.75
2019-10-25,2019,"(1.0, 1.0)",-1,-0.6599142968445656,-58.0,T,7977.75
2019-10-29,2019,"(0.5, 0.5)",1,-0.7979837146180689,-34.25,T,8088.75
2019-10-29,2019,"(0.5, 0.75)",1,-0.7979837146180689,-34.25,T,8088.75
2019-10-29,2019,"(0.5, 1.0)",1,-0.7979837146180689,-34.25,T,8088.75
2019-10-29,2019,"(0.75, 0.5)",1,-0.5319891430787127,-34.25,T,8088.75
2019-10-29,2019,"(0.75, 0.75)",1,-0.5319891430787127,-34.25,T,8088.75
2019-10-29,2019,"(0.75, 1.0)",1,-0.5319891430787127,-34.25,T,8088.75
2019-10-29,2019,"(1.0, 0.5)",1,-0.39899185730903447,-34.25,T,8088.75
2019-10-29,2019,"(1.0, 0.75)",1,-0.39899185730903447,-34.25,T,8088.75
2019-10-29,2019,"(1.0, 1.0)",1,-0.39899185730903447,-34.25,T,8088.75
2019-11-05,2019,"(0.5, 0.5)",-1,0.23792486583184255,12.0,T,8227.0
2019-11-05,2019,"(0.5, 0.75)",-1,0.23792486583184255,12.0,T,8227.0
2019-11-05,2019,"(0.5, 1.0)",-1,0.23792486583184255,12.0,T,8227.0
2019-11-05,2019,"(0.75, 0.5)",-1,0.15861657722122838,12.0,T,8227.0
2019-11-05,2019,"(0.75, 0.75)",-1,0.15861657722122838,12.0,T,8227.0
2019-11-05,2019,"(0.75, 1.0)",-1,0.15861657722122838,12.0,T,8227.0
2019-11-05,2019,"(1.0, 0.5)",-1,0.11896243291592128,12.0,T,8227.0
2019-11-05,2019,"(1.0, 0.75)",-1,0.11896243291592128,12.0,T,8227.0
2019-11-05,2019,"(1.0, 1.0)",-1,0.11896243291592128,12.0,T,8227.0
2019-11-05,2019,"(0.5, 0.5)",1,0.23166368515205724,11.75,T,8203.25
2019-11-05,2019,"(0.5, 0.75)",1,0.23166368515205724,11.75,T,8203.25
2019-11-05,2019,"(0.5, 1.0)",1,0.23166368515205724,11.75,T,8203.25
2019-11-05,2019,"(0.75, 0.5)",1,0.15444245676803817,11.75,T,8203.25
2019-11-05,2019,"(0.75, 0.75)",1,0.15444245676803817,11.75,T,8203.25
2019-11-05,2019,"(0.75, 1.0)",1,0.15444245676803817,11.75,T,8203.25
2019-11-05,2019,"(1.0, 0.5)",1,0.11583184257602862,11.75,T,8203.25
2019-11-05,2019,"(1.0, 0.75)",1,0.11583184257602862,11.75,T,8203.25
2019-11-05,2019,"(1.0, 1.0)",1,0.11583184257602862,11.75,T,8203.25
2019-11-06,2019,"(0.5, 0.5)",1,0.12567324955116696,7.5,T,8194.25
2019-11-06,2019,"(0.5, 0.75)",1,0.12567324955116696,7.5,T,8194.25
2019-11-06,2019,"(0.5, 1.0)",1,0.12567324955116696,7.5,T,8194.25
2019-11-06,2019,"(0.75, 0.5)",1,0.08378216636744464,7.5,T,8194.25
2019-11-06,2019,"(0.75, 0.75)",1,0.08378216636744464,7.5,T,8194.25
2019-11-06,2019,"(0.75, 1.0)",1,0.08378216636744464,7.5,T,8194.25
2019-11-06,2019,"(1.0, 0.5)",1,0.06283662477558348,7.5,T,8194.25
2019-11-06,2019,"(1.0, 0.75)",1,0.06283662477558348,7.5,T,8194.25
2019-11-06,2019,"(1.0, 1.0)",1,0.06283662477558348,7.5,T,8194.25
2019-11-08,2019,"(0.5, 0.5)",1,0.9336807200378967,37.69642857142857,TP,8205.25
2019-11-08,2019,"(0.5, 0.75)",1,1.4258645191852204,56.25,T,8205.25
2019-11-08,2019,"(0.5, 1.0)",1,1.4258645191852204,56.25,T,8205.25
2019-11-08,2019,"(0.75, 0.5)",1,0.6224538133585978,37.69642857142857,TP,8205.25
2019-11-08,2019,"(0.75, 0.75)",1,0.9505763461234802,56.25,T,8205.25
2019-11-08,2019,"(0.75, 1.0)",1,0.9505763461234802,56.25,T,8205.25
2019-11-08,2019,"(1.0, 0.5)",1,0.46684036001894835,37.69642857142857,TP,8205.25
2019-11-08,2019,"(1.0, 0.75)",1,0.7129322595926102,56.25,T,8205.25
2019-11-08,2019,"(1.0, 1.0)",1,0.7129322595926102,56.25,T,8205.25
2019-11-13,2019,"(0.5, 0.5)",1,0.28422876949740034,12.75,T,8252.25
2019-11-13,2019,"(0.5, 0.75)",1,0.28422876949740034,12.75,T,8252.25
2019-11-13,2019,"(0.5, 1.0)",1,0.28422876949740034,12.75,T,8252.25
2019-11-13,2019,"(0.75, 0.5)",1,0.18948584633160023,12.75,T,8252.25
2019-11-13,2019,"(0.75, 0.75)",1,0.18948584633160023,12.75,T,8252.25
2019-11-13,2019,"(0.75, 1.0)",1,0.18948584633160023,12.75,T,8252.25
2019-11-13,2019,"(1.0, 0.5)",1,0.14211438474870017,12.75,T,8252.25
2019-11-13,2019,"(1.0, 0.75)",1,0.14211438474870017,12.75,T,8252.25
2019-11-13,2019,"(1.0, 1.0)",1,0.14211438474870017,12.75,T,8252.25
2019-11-18,2019,"(0.5, 0.5)",-1,-0.45289443813847896,-11.75,T,8321.75
2019-11-18,2019,"(0.5, 0.75)",-1,-0.45289443813847896,-11.75,T,8321.75
2019-11-18,2019,"(0.5, 1.0)",-1,-0.45289443813847896,-11.75,T,8321.75
2019-11-18,2019,"(0.75, 0.5)",-1,-0.30192962542565266,-11.75,T,8321.75
2019-11-18,2019,"(0.75, 0.75)",-1,-0.30192962542565266,-11.75,T,8321.75
2019-11-18,2019,"(0.75, 1.0)",-1,-0.30192962542565266,-11.75,T,8321.75
2019-11-18,2019,"(1.0, 0.5)",-1,-0.22644721906923948,-11.75,T,8321.75
2019-11-18,2019,"(1.0, 0.75)",-1,-0.22644721906923948,-11.75,T,8321.75
2019-11-18,2019,"(1.0, 1.0)",-1,-0.22644721906923948,-11.75,T,8321.75
2019-11-20,2019,"(0.5, 0.5)",1,-1.0823771697558104,-30.348214285714285,SL,8314.5
2019-11-20,2019,"(0.5, 0.75)",1,-1.0823771697558104,-30.348214285714285,SL,8314.5
2019-11-20,2019,"(0.5, 1.0)",1,-1.0823771697558104,-30.348214285714285,SL,8314.5
2019-11-20,2019,"(0.75, 0.5)",1,-1.0549181131705403,-45.52232142857143,SL,8314.5
2019-11-20,2019,"(0.75, 0.75)",1,-1.0549181131705403,-45.52232142857143,SL,8314.5
2019-11-20,2019,"(0.75, 1.0)",1,-1.0549181131705403,-45.52232142857143,SL,8314.5
2019-11-20,2019,"(1.0, 0.5)",1,-1.0411885848779052,-60.69642857142857,SL,8314.5
2019-11-20,2019,"(1.0, 0.75)",1,-1.0411885848779052,-60.69642857142857,SL,8314.5
2019-11-20,2019,"(1.0, 1.0)",1,-1.0411885848779052,-60.69642857142857,SL,8314.5
2019-11-22,2019,"(0.5, 0.5)",1,0.8719723183391003,29.5,T,8248.25
2019-11-22,2019,"(0.5, 0.75)",1,0.8719723183391003,29.5,T,8248.25
2019-11-22,2019,"(0.5, 1.0)",1,0.8719723183391003,29.5,T,8248.25
2019-11-22,2019,"(0.75, 0.5)",1,0.5813148788927336,29.5,T,8248.25
2019-11-22,2019,"(0.75, 0.75)",1,0.5813148788927336,29.5,T,8248.25
2019-11-22,2019,"(0.75, 1.0)",1,0.5813148788927336,29.5,T,8248.25
2019-11-22,2019,"(1.0, 0.5)",1,0.43598615916955014,29.5,T,8248.25
2019-11-22,2019,"(1.0, 0.75)",1,0.43598615916955014,29.5,T,8248.25
2019-11-22,2019,"(1.0, 1.0)",1,0.43598615916955014,29.5,T,8248.25
2019-12-05,2019,"(0.5, 0.5)",-1,0.935004642525534,38.464285714285715,TP,8313.75
2019-12-05,2019,"(0.5, 0.75)",-1,-0.032497678737233054,1.25,T,8313.75
2019-12-05,2019,"(0.5, 1.0)",-1,-0.032497678737233054,1.25,T,8313.75
2019-12-05,2019,"(0.75, 0.5)",-1,0.623336428350356,38.464285714285715,TP,8313.75
2019-12-05,2019,"(0.75, 0.75)",-1,-0.02166511915815537,1.25,T,8313.75
2019-12-05,2019,"(0.75, 1.0)",-1,-0.02166511915815537,1.25,T,8313.75
2019-12-05,2019,"(1.0, 0.5)",-1,0.467502321262767,38.464285714285715,TP,8313.75
2019-12-05,2019,"(1.0, 0.75)",-1,-0.016248839368616527,1.25,T,8313.75
2019-12-05,2019,"(1.0, 1.0)",-1,-0.016248839368616527,1.25,T,8313.75
2019-12-11,2019,"(0.5, 0.5)",-1,-0.26660761736049604,-8.25,T,8396.25
2019-12-11,2019,"(0.5, 0.75)",-1,-0.26660761736049604,-8.25,T,8396.25
2019-12-11,2019,"(0.5, 1.0)",-1,-0.26660761736049604,-8.25,T,8396.25
2019-12-11,2019,"(0.75, 0.5)",-1,-0.17773841157366402,-8.25,T,8396.25
2019-12-11,2019,"(0.75, 0.75)",-1,-0.17773841157366402,-8.25,T,8396.25
2019-12-11,2019,"(0.75, 1.0)",-1,-0.17773841157366402,-8.25,T,8396.25
2019-12-11,2019,"(1.0, 0.5)",-1,-0.13330380868024802,-8.25,T,8396.25
2019-12-11,2019,"(1.0, 0.75)",-1,-0.13330380868024802,-8.25,T,8396.25
2019-12-11,2019,"(1.0, 1.0)",-1,-0.13330380868024802,-8.25,T,8396.25
2019-12-17,2019,"(0.5, 0.5)",-1,0.1696969696969697,9.75,T,8615.25
2019-12-17,2019,"(0.5, 0.75)",-1,0.1696969696969697,9.75,T,8615.25
2019-12-17,2019,"(0.5, 1.0)",-1,0.1696969696969697,9.75,T,8615.25
2019-12-17,2019,"(0.75, 0.5)",-1,0.11313131313131312,9.75,T,8615.25
2019-12-17,2019,"(0.75, 0.75)",-1,0.11313131313131312,9.75,T,8615.25
2019-12-17,2019,"(0.75, 1.0)",-1,0.11313131313131312,9.75,T,8615.25
2019-12-17,2019,"(1.0, 0.5)",-1,0.08484848484848485,9.75,T,8615.25
2019-12-17,2019,"(1.0, 0.75)",-1,0.08484848484848485,9.75,T,8615.25
2019-12-17,2019,"(1.0, 1.0)",-1,0.08484848484848485,9.75,T,8615.25
2019-12-18,2019,"(0.5, 0.5)",-1,0.18036428254109285,9.75,T,8622.25
2019-12-18,2019,"(0.5, 0.75)",-1,0.18036428254109285,9.75,T,8622.25
2019-12-18,2019,"(0.5, 1.0)",-1,0.18036428254109285,9.75,T,8622.25
2019-12-18,2019,"(0.75, 0.5)",-1,0.12024285502739523,9.75,T,8622.25
2019-12-18,2019,"(0.75, 0.75)",-1,0.12024285502739523,9.75,T,8622.25
2019-12-18,2019,"(0.75, 1.0)",-1,0.12024285502739523,9.75,T,8622.25
2019-12-18,2019,"(1.0, 0.5)",-1,0.09018214127054643,9.75,T,8622.25
2019-12-18,2019,"(1.0, 0.75)",-1,0.09018214127054643,9.75,T,8622.25
2019-12-18,2019,"(1.0, 1.0)",-1,0.09018214127054643,9.75,T,8622.25
2020-01-03,2020,"(0.5, 0.5)",1,0.9302441454907823,35.839285714285715,TP,8824.25
2020-01-03,2020,"(0.5, 0.75)",1,-0.4743398106626806,-14.5,T,8824.25
2020-01-03,2020,"(0.5, 1.0)",1,-0.4743398106626806,-14.5,T,8824.25
2020-01-03,2020,"(0.75, 0.5)",1,0.6201627636605216,35.839285714285715,TP,8824.25
2020-01-03,2020,"(0.75, 0.75)",1,-0.3162265404417871,-14.5,T,8824.25
2020-01-03,2020,"(0.75, 1.0)",1,-0.3162265404417871,-14.5,T,8824.25
2020-01-03,2020,"(1.0, 0.5)",1,0.46512207274539114,35.839285714285715,TP,8824.25
2020-01-03,2020,"(1.0, 0.75)",1,-0.2371699053313403,-14.5,T,8824.25
2020-01-03,2020,"(1.0, 1.0)",1,-0.2371699053313403,-14.5,T,8824.25
2020-01-10,2020,"(0.5, 0.5)",-1,0.9392624728850325,41.160714285714285,TP,9018.5
2020-01-10,2020,"(0.5, 0.75)",-1,0.8078091106290672,35.75,T,9018.5
2020-01-10,2020,"(0.5, 1.0)",-1,0.8078091106290672,35.75,T,9018.5
2020-01-10,2020,"(0.75, 0.5)",-1,0.626174981923355,41.160714285714285,TP,9018.5
2020-01-10,2020,"(0.75, 0.75)",-1,0.5385394070860449,35.75,T,9018.5
2020-01-10,2020,"(0.75, 1.0)",-1,0.5385394070860449,35.75,T,9018.5
2020-01-10,2020,"(1.0, 0.5)",-1,0.46963123644251625,41.160714285714285,TP,9018.5
2020-01-10,2020,"(1.0, 0.75)",-1,0.4039045553145336,35.75,T,9018.5
2020-01-10,2020,"(1.0, 1.0)",-1,0.4039045553145336,35.75,T,9018.5
2020-01-15,2020,"(0.5, 0.5)",-1,0.944,44.642857142857146,TP,9089.75
2020-01-15,2020,"(0.5, 0.75)",-1,0.7727999999999999,37.0,T,9089.75
2020-01-15,2020,"(0.5, 1.0)",-1,0.7727999999999999,37.0,T,9089.75
2020-01-15,2020,"(0.75, 0.5)",-1,0.6293333333333333,44.642857142857146,TP,9089.75
2020-01-15,2020,"(0.75, 0.75)",-1,0.5152,37.0,T,9089.75
2020-01-15,2020,"(0.75, 1.0)",-1,0.5152,37.0,T,9089.75
2020-01-15,2020,"(1.0, 0.5)",-1,0.472,44.642857142857146,TP,9089.75
2020-01-15,2020,"(1.0, 0.75)",-1,0.38639999999999997,37.0,T,9089.75
2020-01-15,2020,"(1.0, 1.0)",-1,0.38639999999999997,37.0,T,9089.75
2020-01-24,2020,"(0.5, 0.5)",1,-1.0588853838065195,-42.455357142857146,SL,9156.5
2020-01-24,2020,"(0.5, 0.75)",1,-1.0588853838065195,-42.455357142857146,SL,9156.5
2020-01-24,2020,"(0.5, 1.0)",1,-1.0588853838065195,-42.455357142857146,SL,9156.5
2020-01-24,2020,"(0.75, 0.5)",1,-0.11384507535927092,-4.75,T,9156.5
2020-01-24,2020,"(0.75, 0.75)",1,-0.11384507535927092,-4.75,T,9156.5
2020-01-24,2020,"(0.75, 1.0)",1,-0.11384507535927092,-4.75,T,9156.5
2020-01-24,2020,"(1.0, 0.5)",1,-0.0853838065194532,-4.75,T,9156.5
2020-01-24,2020,"(1.0, 0.75)",1,-0.0853838065194532,-4.75,T,9156.5
2020-01-24,2020,"(1.0, 1.0)",1,-0.0853838065194532,-4.75,T,9156.5
2020-01-30,2020,"(0.5, 0.5)",1,-1.0499910730226745,-50.00892857142857,SL,9090.25
2020-01-30,2020,"(0.5, 0.75)",1,-1.0499910730226745,-50.00892857142857,SL,9090.25
2020-01-30,2020,"(0.5, 1.0)",1,-1.0499910730226745,-50.00892857142857,SL,9090.25
2020-01-30,2020,"(0.75, 0.5)",1,0.6333392846515502,50.00892857142857,TP,9090.25
2020-01-30,2020,"(0.75, 0.75)",1,0.6865440695113967,54.0,T,9090.25
2020-01-30,2020,"(0.75, 1.0)",1,0.6865440695113967,54.0,T,9090.25
2020-01-30,2020,"(1.0, 0.5)",1,0.47500446348866276,50.00892857142857,TP,9090.25
2020-01-30,2020,"(1.0, 0.75)",1,0.5149080521335476,54.0,T,9090.25
2020-01-30,2020,"(1.0, 1.0)",1,0.5149080521335476,54.0,T,9090.25
2020-01-31,2020,"(0.5, 0.5)",1,-1.0488997555012225,-51.125,SL,9047.0
2020-01-31,2020,"(0.5, 0.75)",1,-1.0488997555012225,-51.125,SL,9047.0
2020-01-31,2020,"(0.5, 1.0)",1,-1.0488997555012225,-51.125,SL,9047.0
2020-01-31,2020,"(0.75, 0.5)",1,-1.032599837000815,-76.6875,SL,9047.0
2020-01-31,2020,"(0.75, 0.75)",1,-1.032599837000815,-76.6875,SL,9047.0
2020-01-31,2020,"(0.75, 1.0)",1,-1.032599837000815,-76.6875,SL,9047.0
2020-01-31,2020,"(1.0, 0.5)",1,-0.530562347188264,-51.75,T,9047.0
2020-01-31,2020,"(1.0, 0.75)",1,-0.530562347188264,-51.75,T,9047.0
2020-01-31,2020,"(1.0, 1.0)",1,-0.530562347188264,-51.75,T,9047.0
2020-02-10,2020,"(0.5, 0.5)",1,0.9629972247918593,67.5625,TP,9415.0
2020-02-10,2020,"(0.5, 0.75)",1,1.4629972247918595,101.34375,TP,9415.0
2020-02-10,2020,"(0.5, 1.0)",1,1.5911193339500462,110.0,T,9415.0
2020-02-10,2020,"(0.75, 0.5)",1,0.6419981498612396,67.5625,TP,9415.0
2020-02-10,2020,"(0.75, 0.75)",1,0.975331483194573,101.34375,TP,9415.0
2020-02-10,2020,"(0.75, 1.0)",1,1.0607462226333642,110.0,T,9415.0
2020-02-10,2020,"(1.0, 0.5)",1,0.48149861239592967,67.5625,TP,9415.0
2020-02-10,2020,"(1.0, 0.75)",1,0.7314986123959297,101.34375,TP,9415.0
2020-02-10,2020,"(1.0, 1.0)",1,0.7955596669750231,110.0,T,9415.0
2020-02-12,2020,"(0.5, 0.5)",-1,-0.18668971477960242,-11.0,T,9609.0
2020-02-12,2020,"(0.5, 0.75)",-1,-0.18668971477960242,-11.0,T,9609.0
2020-02-12,2020,"(0.5, 1.0)",-1,-0.18668971477960242,-11.0,T,9609.0
2020-02-12,2020,"(0.75, 0.5)",-1,-0.12445980985306827,-11.0,T,9609.0
2020-02-12,2020,"(0.75, 0.75)",-1,-0.12445980985306827,-11.0,T,9609.0
2020-02-12,2020,"(0.75, 1.0)",-1,-0.12445980985306827,-11.0,T,9609.0
2020-02-12,2020,"(1.0, 0.5)",-1,-0.09334485738980121,-11.0,T,9609.0
2020-02-12,2020,"(1.0, 0.75)",-1,-0.09334485738980121,-11.0,T,9609.0
2020-02-12,2020,"(1.0, 1.0)",-1,-0.09334485738980121,-11.0,T,9609.0
2020-02-13,2020,"(0.5, 0.5)",1,0.9657156850740786,72.91964285714286,TP,9569.75
2020-02-13,2020,"(0.5, 0.75)",1,0.4456960940369781,35.0,T,9569.75
2020-02-13,2020,"(0.5, 1.0)",1,0.4456960940369781,35.0,T,9569.75
2020-02-13,2020,"(0.75, 0.5)",1,0.6438104567160524,72.91964285714286,TP,9569.75
2020-02-13,2020,"(0.75, 0.75)",1,0.29713072935798535,35.0,T,9569.75
2020-02-13,2020,"(0.75, 1.0)",1,0.29713072935798535,35.0,T,9569.75
2020-02-13,2020,"(1.0, 0.5)",1,0.4828578425370393,72.91964285714286,TP,9569.75
2020-02-13,2020,"(1.0, 0.75)",1,0.22284804701848904,35.0,T,9569.75
2020-02-13,2020,"(1.0, 1.0)",1,0.22284804701848904,35.0,T,9569.75
2020-02-18,2020,"(0.5, 0.5)",1,0.36525117957257847,26.0,T,9609.5
2020-02-18,2020,"(0.5, 0.75)",1,0.36525117957257847,26.0,T,9609.5
2020-02-18,2020,"(0.5, 1.0)",1,0.36525117957257847,26.0,T,9609.5
2020-02-18,2020,"(0.75, 0.5)",1,0.243500786381719,26.0,T,9609.5
2020-02-18,2020,"(0.75, 0.75)",1,0.243500786381719,26.0,T,9609.5
2020-02-18,2020,"(0.75, 1.0)",1,0.243500786381719,26.0,T,9609.5
2020-02-18,2020,"(1.0, 0.5)",1,0.18262558978628923,26.0,T,9609.5
2020-02-18,2020,"(1.0, 0.75)",1,0.18262558978628923,26.0,T,9609.5
2020-02-18,2020,"(1.0, 1.0)",1,0.18262558978628923,26.0,T,9609.5
2020-02-25,2020,"(0.5, 0.5)",1,-1.0334608030592733,-74.71428571428571,SL,9051.75
2020-02-25,2020,"(0.5, 0.75)",1,-1.0334608030592733,-74.71428571428571,SL,9051.75
2020-02-25,2020,"(0.5, 1.0)",1,-1.0334608030592733,-74.71428571428571,SL,9051.75
2020-02-25,2020,"(0.75, 0.5)",1,-1.0223072020395156,-112.07142857142856,SL,9051.75
2020-02-25,2020,"(0.75, 0.75)",1,-1.0223072020395156,-112.07142857142856,SL,9051.75
2020-02-25,2020,"(0.75, 1.0)",1,-1.0223072020395156,-112.07142857142856,SL,9051.75
2020-02-25,2020,"(1.0, 0.5)",1,-1.0167304015296368,-149.42857142857142,SL,9051.75
2020-02-25,2020,"(1.0, 0.75)",1,-1.0167304015296368,-149.42857142857142,SL,9051.75
2020-02-25,2020,"(1.0, 1.0)",1,-1.0167304015296368,-149.42857142857142,SL,9051.75
2020-03-03,2020,"(0.5, 0.5)",-1,-1.0214460784313726,-116.57142857142857,SL,8851.5
2020-03-03,2020,"(0.5, 0.75)",-1,-1.0214460784313726,-116.57142857142857,SL,8851.5
2020-03-03,2020,"(0.5, 1.0)",-1,-1.0214460784313726,-116.57142857142857,SL,8851.5
2020-03-03,2020,"(0.75, 0.5)",-1,0.6523692810457516,116.57142857142857,TP,8851.5
2020-03-03,2020,"(0.75, 0.75)",-1,0.985702614379085,174.85714285714286,TP,8851.5
2020-03-03,2020,"(0.75, 1.0)",-1,1.3190359477124183,233.14285714285714,TP,8851.5
2020-03-03,2020,"(1.0, 0.5)",-1,0.4892769607843137,116.57142857142857,TP,8851.5
2020-03-03,2020,"(1.0, 0.75)",-1,0.7392769607843137,174.85714285714286,TP,8851.5
2020-03-03,2020,"(1.0, 1.0)",-1,0.9892769607843137,233.14285714285714,TP,8851.5
2020-03-05,2020,"(0.5, 0.5)",1,-0.02511049900711037,-1.0,T,8673.25
2020-03-05,2020,"(0.5, 0.75)",1,-0.02511049900711037,-1.0,T,8673.25
2020-03-05,2020,"(0.5, 1.0)",1,-0.02511049900711037,-1.0,T,8673.25
2020-03-05,2020,"(0.75, 0.5)",1,-0.016740332671406913,-1.0,T,8673.25
2020-03-05,2020,"(0.75, 0.75)",1,-0.016740332671406913,-1.0,T,8673.25
2020-03-05,2020,"(0.75, 1.0)",1,-0.016740332671406913,-1.0,T,8673.25
2020-03-05,2020,"(1.0, 0.5)",1,-0.012555249503555185,-1.0,T,8673.25
2020-03-05,2020,"(1.0, 0.75)",1,-0.012555249503555185,-1.0,T,8673.25
2020-03-05,2020,"(1.0, 1.0)",1,-0.012555249503555185,-1.0,T,8673.25
2020-03-10,2020,"(0.5, 0.5)",-1,0.9861653243737338,180.70535714285714,TP,8222.25
2020-03-10,2020,"(0.5, 0.75)",-1,1.486165324373734,271.0580357142857,TP,8222.25
2020-03-10,2020,"(0.5, 1.0)",-1,-0.8120954592618213,-144.25,T,8222.25
2020-03-10,2020,"(0.75, 0.5)",-1,0.6574435495824892,180.70535714285714,TP,8222.25
2020-03-10,2020,"(0.75, 0.75)",-1,0.9907768829158226,271.0580357142857,TP,8222.25
2020-03-10,2020,"(0.75, 1.0)",-1,-0.5413969728412141,-144.25,T,8222.25
2020-03-10,2020,"(1.0, 0.5)",-1,0.4930826621868669,180.70535714285714,TP,8222.25
2020-03-10,2020,"(1.0, 0.75)",-1,0.743082662186867,271.0580357142857,TP,8222.25
2020-03-10,2020,"(1.0, 1.0)",-1,-0.4060477296309106,-144.25,T,8222.25
2020-03-23,2020,"(0.5, 0.5)",1,0.04521992463345894,15.25,T,6977.0
2020-03-23,2020,"(0.5, 0.75)",1,0.04521992463345894,15.25,T,6977.0
2020-03-23,2020,"(0.5, 1.0)",1,0.04521992463345894,15.25,T,6977.0
2020-03-23,2020,"(0.75, 0.5)",1,0.03014661642230596,15.25,T,6977.0
2020-03-23,2020,"(0.75, 0.75)",1,0.03014661642230596,15.25,T,6977.0
2020-03-23,2020,"(0.75, 1.0)",1,0.03014661642230596,15.25,T,6977.0
2020-03-23,2020,"(1.0, 0.5)",1,0.02260996231672947,15.25,T,6977.0
2020-03-23,2020,"(1.0, 0.75)",1,0.02260996231672947,15.25,T,6977.0
2020-03-23,2020,"(1.0, 1.0)",1,0.02260996231672947,15.25,T,6977.0
2020-03-26,2020,"(0.5, 0.5)",-1,-0.426289735047791,-119.75,T,7748.25
2020-03-26,2020,"(0.5, 0.75)",-1,-0.426289735047791,-119.75,T,7748.25
2020-03-26,2020,"(0.5, 1.0)",-1,-0.426289735047791,-119.75,T,7748.25
2020-03-26,2020,"(0.75, 0.5)",-1,-0.28419315669852735,-119.75,T,7748.25
2020-03-26,2020,"(0.75, 0.75)",-1,-0.28419315669852735,-119.75,T,7748.25
2020-03-26,2020,"(0.75, 1.0)",-1,-0.28419315669852735,-119.75,T,7748.25
2020-03-26,2020,"(1.0, 0.5)",-1,-0.2131448675238955,-119.75,T,7748.25
2020-03-26,2020,"(1.0, 0.75)",-1,-0.2131448675238955,-119.75,T,7748.25
2020-03-26,2020,"(1.0, 1.0)",-1,-0.2131448675238955,-119.75,T,7748.25
2020-03-30,2020,"(0.5, 0.5)",-1,-0.2698335442421883,-71.75,T,7795.25
2020-03-30,2020,"(0.5, 0.75)",-1,-0.2698335442421883,-71.75,T,7795.25
2020-03-30,2020,"(0.5, 1.0)",-1,-0.2698335442421883,-71.75,T,7795.25
2020-03-30,2020,"(0.75, 0.5)",-1,-0.1798890294947922,-71.75,T,7795.25
2020-03-30,2020,"(0.75, 0.75)",-1,-0.1798890294947922,-71.75,T,7795.25
2020-03-30,2020,"(0.75, 1.0)",-1,-0.1798890294947922,-71.75,T,7795.25
2020-03-30,2020,"(1.0, 0.5)",-1,-0.13491677212109415,-71.75,T,7795.25
2020-03-30,2020,"(1.0, 0.75)",-1,-0.13491677212109415,-71.75,T,7795.25
2020-03-30,2020,"(1.0, 1.0)",-1,-0.13491677212109415,-71.75,T,7795.25
2020-03-31,2020,"(0.5, 0.5)",-1,0.30104548003034204,84.0,T,7879.75
2020-03-31,2020,"(0.5, 0.75)",-1,0.30104548003034204,84.0,T,7879.75
2020-03-31,2020,"(0.5, 1.0)",-1,0.30104548003034204,84.0,T,7879.75
2020-03-31,2020,"(0.75, 0.5)",-1,0.20069698668689467,84.0,T,7879.75
2020-03-31,2020,"(0.75, 0.75)",-1,0.20069698668689467,84.0,T,7879.75
2020-03-31,2020,"(0.75, 1.0)",-1,0.20069698668689467,84.0,T,7879.75
2020-03-31,2020,"(1.0, 0.5)",-1,0.15052274001517102,84.0,T,7879.75
2020-03-31,2020,"(1.0, 0.75)",-1,0.15052274001517102,84.0,T,7879.75
2020-03-31,2020,"(1.0, 1.0)",-1,0.15052274001517102,84.0,T,7879.75
2020-04-03,2020,"(0.5, 0.5)",-1,0.43788664745437084,104.25,T,7618.75
2020-04-03,2020,"(0.5, 0.75)",-1,0.43788664745437084,104.25,T,7618.75
2020-04-03,2020,"(0.5, 1.0)",-1,0.43788664745437084,104.25,T,7618.75
2020-04-03,2020,"(0.75, 0.5)",-1,0.2919244316362472,104.25,T,7618.75
2020-04-03,2020,"(0.75, 0.75)",-1,0.2919244316362472,104.25,T,7618.75
2020-04-03,2020,"(0.75, 1.0)",-1,0.2919244316362472,104.25,T,7618.75
2020-04-03,2020,"(1.0, 0.5)",-1,0.21894332372718542,104.25,T,7618.75
2020-04-03,2020,"(1.0, 0.75)",-1,0.21894332372718542,104.25,T,7618.75
2020-04-03,2020,"(1.0, 1.0)",-1,0.21894332372718542,104.25,T,7618.75
2020-04-22,2020,"(0.5, 0.5)",-1,-0.01869034109872505,-0.0,T,8648.0
2020-04-22,2020,"(0.5, 0.75)",-1,-0.01869034109872505,-0.0,T,8648.0
2020-04-22,2020,"(0.5, 1.0)",-1,-0.01869034109872505,-0.0,T,8648.0
2020-04-22,2020,"(0.75, 0.5)",-1,-0.012460227399150033,-0.0,T,8648.0
2020-04-22,2020,"(0.75, 0.75)",-1,-0.012460227399150033,-0.0,T,8648.0
2020-04-22,2020,"(0.75, 1.0)",-1,-0.012460227399150033,-0.0,T,8648.0
2020-04-22,2020,"(1.0, 0.5)",-1,-0.009345170549362526,-0.0,T,8648.0
2020-04-22,2020,"(1.0, 0.75)",-1,-0.009345170549362526,-0.0,T,8648.0
2020-04-22,2020,"(1.0, 1.0)",-1,-0.009345170549362526,-0.0,T,8648.0
2020-04-30,2020,"(0.5, 0.5)",-1,-0.08864180372172033,-7.75,T,8974.25
2020-04-30,2020,"(0.5, 0.75)",-1,-0.08864180372172033,-7.75,T,8974.25
2020-04-30,2020,"(0.5, 1.0)",-1,-0.08864180372172033,-7.75,T,8974.25
2020-04-30,2020,"(0.75, 0.5)",-1,-0.059094535814480216,-7.75,T,8974.25
2020-04-30,2020,"(0.75, 0.75)",-1,-0.059094535814480216,-7.75,T,8974.25
2020-04-30,2020,"(0.75, 1.0)",-1,-0.059094535814480216,-7.75,T,8974.25
2020-04-30,2020,"(1.0, 0.5)",-1,-0.044320901860860164,-7.75,T,8974.25
2020-04-30,2020,"(1.0, 0.75)",-1,-0.044320901860860164,-7.75,T,8974.25
2020-04-30,2020,"(1.0, 1.0)",-1,-0.044320901860860164,-7.75,T,8974.25
2020-05-04,2020,"(0.5, 0.5)",1,0.9787444014271616,117.61607142857143,TP,8680.5
2020-05-04,2020,"(0.5, 0.75)",1,1.1478023229332726,137.5,T,8680.5
2020-05-04,2020,"(0.5, 1.0)",1,1.1478023229332726,137.5,T,8680.5
2020-05-04,2020,"(0.75, 0.5)",1,0.6524962676181078,117.61607142857143,TP,8680.5
2020-05-04,2020,"(0.75, 0.75)",1,0.7652015486221817,137.5,T,8680.5
2020-05-04,2020,"(0.75, 1.0)",1,0.7652015486221817,137.5,T,8680.5
2020-05-04,2020,"(1.0, 0.5)",1,0.4893722007135808,117.61607142857143,TP,8680.5
2020-05-04,2020,"(1.0, 0.75)",1,0.5739011614666363,137.5,T,8680.5
2020-05-04,2020,"(1.0, 1.0)",1,0.5739011614666363,137.5,T,8680.5
2020-05-06,2020,"(0.5, 0.5)",-1,0.3336846372111877,39.25,T,9011.0
2020-05-06,2020,"(0.5, 0.75)",-1,0.3336846372111877,39.25,T,9011.0
2020-05-06,2020,"(0.5, 1.0)",-1,0.3336846372111877,39.25,T,9011.0
2020-05-06,2020,"(0.75, 0.5)",-1,0.22245642480745845,39.25,T,9011.0
2020-05-06,2020,"(0.75, 0.75)",-1,0.22245642480745845,39.25,T,9011.0
2020-05-06,2020,"(0.75, 1.0)",-1,0.22245642480745845,39.25,T,9011.0
2020-05-06,2020,"(1.0, 0.5)",-1,0.16684231860559384,39.25,T,9011.0
2020-05-06,2020,"(1.0, 0.75)",-1,0.16684231860559384,39.25,T,9011.0
2020-05-06,2020,"(1.0, 1.0)",-1,0.16684231860559384,39.25,T,9011.0
2020-05-11,2020,"(0.5, 0.5)",-1,-1.0234623764035529,-106.55357142857143,SL,9217.75
2020-05-11,2020,"(0.5, 0.75)",-1,-1.0234623764035529,-106.55357142857143,SL,9217.75
2020-05-11,2020,"(0.5, 1.0)",-1,-1.0234623764035529,-106.55357142857143,SL,9217.75
2020-05-11,2020,"(0.75, 0.5)",-1,-0.44734931009440815,-69.0,T,9217.75
2020-05-11,2020,"(0.75, 0.75)",-1,-0.44734931009440815,-69.0,T,9217.75
2020-05-11,2020,"(0.75, 1.0)",-1,-0.44734931009440815,-69.0,T,9217.75
2020-05-11,2020,"(1.0, 0.5)",-1,-0.3355119825708061,-69.0,T,9217.75
2020-05-11,2020,"(1.0, 0.75)",-1,-0.3355119825708061,-69.0,T,9217.75
2020-05-11,2020,"(1.0, 1.0)",-1,-0.3355119825708061,-69.0,T,9217.75
2020-05-12,2020,"(0.5, 0.5)",-1,0.9750445632798574,100.17857142857143,TP,9303.5
2020-05-12,2020,"(0.5, 0.75)",-1,1.4750445632798572,150.26785714285714,TP,9303.5
2020-05-12,2020,"(0.5, 1.0)",-1,1.9750445632798574,200.35714285714286,TP,9303.5
2020-05-12,2020,"(0.75, 0.5)",-1,0.6500297088532383,100.17857142857143,TP,9303.5
2020-05-12,2020,"(0.75, 0.75)",-1,0.9833630421865716,150.26785714285714,TP,9303.5
2020-05-12,2020,"(0.75, 1.0)",-1,1.316696375519905,200.35714285714286,TP,9303.5
2020-05-12,2020,"(1.0, 0.5)",-1,0.4875222816399287,100.17857142857143,TP,9303.5
2020-05-12,2020,"(1.0, 0.75)",-1,0.7375222816399286,150.26785714285714,TP,9303.5
2020-05-12,2020,"(1.0, 1.0)",-1,0.9875222816399287,200.35714285714286,TP,9303.5
2020-05-19,2020,"(0.5, 0.5)",-1,0.6264818834529972,69.5,T,9360.75
2020-05-19,2020,"(0.5, 0.75)",-1,0.6264818834529972,69.5,T,9360.75
2020-05-19,2020,"(0.5, 1.0)",-1,0.6264818834529972,69.5,T,9360.75
2020-05-19,2020,"(0.75, 0.5)",-1,0.41765458896866475,69.5,T,9360.75
2020-05-19,2020,"(0.75, 0.75)",-1,0.41765458896866475,69.5,T,9360.75
2020-05-19,2020,"(0.75, 1.0)",-1,0.41765458896866475,69.5,T,9360.75
2020-05-19,2020,"(1.0, 0.5)",-1,0.3132409417264986,69.5,T,9360.75
2020-05-19,2020,"(1.0, 0.75)",-1,0.3132409417264986,69.5,T,9360.75
2020-05-19,2020,"(1.0, 1.0)",-1,0.3132409417264986,69.5,T,9360.75
2020-05-20,2020,"(0.5, 0.5)",-1,-0.666005946481665,-63.5,T,9416.5
2020-05-20,2020,"(0.5, 0.75)",-1,-0.666005946481665,-63.5,T,9416.5
2020-05-20,2020,"(0.5, 1.0)",-1,-0.666005946481665,-63.5,T,9416.5
2020-05-20,2020,"(0.75, 0.5)",-1,-0.44400396432110995,-63.5,T,9416.5
2020-05-20,2020,"(0.75, 0.75)",-1,-0.44400396432110995,-63.5,T,9416.5
2020-05-20,2020,"(0.75, 1.0)",-1,-0.44400396432110995,-63.5,T,9416.5
2020-05-20,2020,"(1.0, 0.5)",-1,-0.3330029732408325,-63.5,T,9416.5
2020-05-20,2020,"(1.0, 0.75)",-1,-0.3330029732408325,-63.5,T,9416.5
2020-05-20,2020,"(1.0, 1.0)",-1,-0.3330029732408325,-63.5,T,9416.5
2020-05-21,2020,"(0.5, 0.5)",-1,0.9755991285403051,102.45535714285714,TP,9496.25
2020-05-21,2020,"(0.5, 0.75)",-1,1.134640522875817,118.75,T,9496.25
2020-05-21,2020,"(0.5, 1.0)",-1,1.134640522875817,118.75,T,9496.25
2020-05-21,2020,"(0.75, 0.5)",-1,0.6503994190268699,102.45535714285714,TP,9496.25
2020-05-21,2020,"(0.75, 0.75)",-1,0.7564270152505447,118.75,T,9496.25
2020-05-21,2020,"(0.75, 1.0)",-1,0.7564270152505447,118.75,T,9496.25
2020-05-21,2020,"(1.0, 0.5)",-1,0.48779956427015253,102.45535714285714,TP,9496.25
2020-05-21,2020,"(1.0, 0.75)",-1,0.5673202614379085,118.75,T,9496.25
2020-05-21,2020,"(1.0, 1.0)",-1,0.5673202614379085,118.75,T,9496.25
2020-05-29,2020,"(0.5, 0.5)",1,0.9749013983506634,99.60714285714286,TP,9396.75
2020-05-29,2020,"(0.5, 0.75)",1,1.4749013983506631,149.41071428571428,TP,9396.75
2020-05-29,2020,"(0.5, 1.0)",1,1.443169594836859,146.25,T,9396.75
2020-05-29,2020,"(0.75, 0.5)",1,0.649934265567109,99.60714285714286,TP,9396.75
2020-05-29,2020,"(0.75, 0.75)",1,0.9832675989004422,149.41071428571428,TP,9396.75
2020-05-29,2020,"(0.75, 1.0)",1,0.9621130632245728,146.25,T,9396.75
2020-05-29,2020,"(1.0, 0.5)",1,0.4874506991753317,99.60714285714286,TP,9396.75
2020-05-29,2020,"(1.0, 0.75)",1,0.7374506991753316,149.41071428571428,TP,9396.75
2020-05-29,2020,"(1.0, 1.0)",1,0.7215847974184295,146.25,T,9396.75
2020-06-02,2020,"(0.5, 0.5)",1,0.974706413730804,98.83928571428571,TP,9510.0
2020-06-02,2020,"(0.5, 0.75)",1,1.4417344173441735,145.0,T,9510.0
2020-06-02,2020,"(0.5, 1.0)",1,1.4417344173441735,145.0,T,9510.0
2020-06-02,2020,"(0.75, 0.5)",1,0.649804275820536,98.83928571428571,TP,9510.0
2020-06-02,2020,"(0.75, 0.75)",1,0.961156278229449,145.0,T,9510.0
2020-06-02,2020,"(0.75, 1.0)",1,0.961156278229449,145.0,T,9510.0
2020-06-02,2020,"(1.0, 0.5)",1,0.487353206865402,98.83928571428571,TP,9510.0
2020-06-02,2020,"(1.0, 0.75)",1,0.7208672086720868,145.0,T,9510.0
2020-06-02,2020,"(1.0, 1.0)",1,0.7208672086720868,145.0,T,9510.0
2020-06-04,2020,"(0.5, 0.5)",1,-0.29014055606853395,-22.75,T,9650.25
2020-06-04,2020,"(0.5, 0.75)",1,-0.29014055606853395,-22.75,T,9650.25
2020-06-04,2020,"(0.5, 1.0)",1,-0.29014055606853395,-22.75,T,9650.25
2020-06-04,2020,"(0.75, 0.5)",1,-0.19342703737902264,-22.75,T,9650.25
2020-06-04,2020,"(0.75, 0.75)",1,-0.19342703737902264,-22.75,T,9650.25
2020-06-04,2020,"(0.75, 1.0)",1,-0.19342703737902264,-22.75,T,9650.25
2020-06-04,2020,"(1.0, 0.5)",1,-0.14507027803426698,-22.75,T,9650.25
2020-06-04,2020,"(1.0, 0.75)",1,-0.14507027803426698,-22.75,T,9650.25
2020-06-04,2020,"(1.0, 1.0)",1,-0.14507027803426698,-22.75,T,9650.25
2020-06-05,2020,"(0.5, 0.5)",-1,-1.0295983086680762,-84.46428571428571,SL,9727.25
2020-06-05,2020,"(0.5, 0.75)",-1,-1.0295983086680762,-84.46428571428571,SL,9727.25
2020-06-05,2020,"(0.5, 1.0)",-1,-1.0295983086680762,-84.46428571428571,SL,9727.25
2020-06-05,2020,"(0.75, 0.5)",-1,-0.7202255109231854,-88.75,T,9727.25
2020-06-05,2020,"(0.75, 0.75)",-1,-0.7202255109231854,-88.75,T,9727.25
2020-06-05,2020,"(0.75, 1.0)",-1,-0.7202255109231854,-88.75,T,9727.25
2020-06-05,2020,"(1.0, 0.5)",-1,-0.540169133192389,-88.75,T,9727.25
2020-06-05,2020,"(1.0, 0.75)",-1,-0.540169133192389,-88.75,T,9727.25
2020-06-05,2020,"(1.0, 1.0)",-1,-0.540169133192389,-88.75,T,9727.25
2020-06-09,2020,"(0.5, 0.5)",-1,-1.030208220951559,-82.75892857142857,SL,9892.75
2020-06-09,2020,"(0.5, 0.75)",-1,-1.030208220951559,-82.75892857142857,SL,9892.75
2020-06-09,2020,"(0.5, 1.0)",-1,-1.030208220951559,-82.75892857142857,SL,9892.75
2020-06-09,2020,"(0.75, 0.5)",-1,-0.5940950120473262,-71.25,T,9892.75
2020-06-09,2020,"(0.75, 0.75)",-1,-0.5940950120473262,-71.25,T,9892.75
2020-06-09,2020,"(0.75, 1.0)",-1,-0.5940950120473262,-71.25,T,9892.75
2020-06-09,2020,"(1.0, 0.5)",-1,-0.44557125903549466,-71.25,T,9892.75
2020-06-09,2020,"(1.0, 0.75)",-1,-0.44557125903549466,-71.25,T,9892.75
2020-06-09,2020,"(1.0, 1.0)",-1,-0.44557125903549466,-71.25,T,9892.75
2020-06-12,2020,"(0.5, 0.5)",1,0.9738537678588104,95.61607142857143,TP,9585.5
2020-06-12,2020,"(0.5, 0.75)",1,1.4738537678588102,143.42410714285714,TP,9585.5
2020-06-12,2020,"(0.5, 1.0)",1,0.753011485666262,74.5,T,9585.5
2020-06-12,2020,"(0.75, 0.5)",1,0.649235845239207,95.61607142857143,TP,9585.5
2020-06-12,2020,"(0.75, 0.75)",1,0.9825691785725402,143.42410714285714,TP,9585.5
2020-06-12,2020,"(0.75, 1.0)",1,0.5020076571108414,74.5,T,9585.5
2020-06-12,2020,"(1.0, 0.5)",1,0.4869268839294052,95.61607142857143,TP,9585.5
2020-06-12,2020,"(1.0, 0.75)",1,0.7369268839294051,143.42410714285714,TP,9585.5
2020-06-12,2020,"(1.0, 1.0)",1,0.376505742833131,74.5,T,9585.5
2020-06-17,2020,"(0.5, 0.5)",-1,0.2770220133564185,32.5,T,10001.75
2020-06-17,2020,"(0.5, 0.75)",-1,0.2770220133564185,32.5,T,10001.75
2020-06-17,2020,"(0.5, 1.0)",-1,0.2770220133564185,32.5,T,10001.75
2020-06-17,2020,"(0.75, 0.5)",-1,0.18468134223761234,32.5,T,10001.75
2020-06-17,2020,"(0.75, 0.75)",-1,0.18468134223761234,32.5,T,10001.75
2020-06-17,2020,"(0.75, 1.0)",-1,0.18468134223761234,32.5,T,10001.75
2020-06-17,2020,"(1.0, 0.5)",-1,0.13851100667820926,32.5,T,10001.75
2020-06-17,2020,"(1.0, 0.75)",-1,0.13851100667820926,32.5,T,10001.75
2020-06-17,2020,"(1.0, 1.0)",-1,0.13851100667820926,32.5,T,10001.75
2020-06-18,2020,"(0.5, 0.5)",1,0.36179376741829233,40.75,T,9957.75
2020-06-18,2020,"(0.5, 0.75)",1,0.36179376741829233,40.75,T,9957.75
2020-06-18,2020,"(0.5, 1.0)",1,0.36179376741829233,40.75,T,9957.75
2020-06-18,2020,"(0.75, 0.5)",1,0.24119584494552823,40.75,T,9957.75
2020-06-18,2020,"(0.75, 0.75)",1,0.24119584494552823,40.75,T,9957.75
2020-06-18,2020,"(0.75, 1.0)",1,0.24119584494552823,40.75,T,9957.75
2020-06-18,2020,"(1.0, 0.5)",1,0.18089688370914617,40.75,T,9957.75
2020-06-18,2020,"(1.0, 0.75)",1,0.18089688370914617,40.75,T,9957.75
2020-06-18,2020,"(1.0, 1.0)",1,0.18089688370914617,40.75,T,9957.75
2020-06-19,2020,"(0.5, 0.5)",1,0.3370826010544815,36.75,T,9953.75
2020-06-19,2020,"(0.5, 0.75)",1,0.3370826010544815,36.75,T,9953.75
2020-06-19,2020,"(0.5, 1.0)",1,0.3370826010544815,36.75,T,9953.75
2020-06-19,2020,"(0.75, 0.5)",1,0.22472173403632104,36.75,T,9953.75
2020-06-19,2020,"(0.75, 0.75)",1,0.22472173403632104,36.75,T,9953.75
2020-06-19,2020,"(0.75, 1.0)",1,0.22472173403632104,36.75,T,9953.75
2020-06-19,2020,"(1.0, 0.5)",1,0.16854130052724076,36.75,T,9953.75
2020-06-19,2020,"(1.0, 0.75)",1,0.16854130052724076,36.75,T,9953.75
2020-06-19,2020,"(1.0, 1.0)",1,0.16854130052724076,36.75,T,9953.75
2020-06-26,2020,"(0.5, 0.5)",1,-0.4484104852203012,-47.75,T,9889.0
2020-06-26,2020,"(0.5, 0.75)",1,-0.4484104852203012,-47.75,T,9889.0
2020-06-26,2020,"(0.5, 1.0)",1,-0.4484104852203012,-47.75,T,9889.0
2020-06-26,2020,"(0.75, 0.5)",1,-0.2989403234802008,-47.75,T,9889.0
2020-06-26,2020,"(0.75, 0.75)",1,-0.2989403234802008,-47.75,T,9889.0
2020-06-26,2020,"(0.75, 1.0)",1,-0.2989403234802008,-47.75,T,9889.0
2020-06-26,2020,"(1.0, 0.5)",1,-0.2242052426101506,-47.75,T,9889.0
2020-06-26,2020,"(1.0, 0.75)",1,-0.2242052426101506,-47.75,T,9889.0
2020-06-26,2020,"(1.0, 1.0)",1,-0.2242052426101506,-47.75,T,9889.0
2020-07-07,2020,"(0.5, 0.5)",-1,0.9748923959827833,99.57142857142857,TP,10614.25
2020-07-07,2020,"(0.5, 0.75)",-1,0.9540889526542324,97.5,T,10614.25
2020-07-07,2020,"(0.5, 1.0)",-1,0.9540889526542324,97.5,T,10614.25
2020-07-07,2020,"(0.75, 0.5)",-1,0.6499282639885222,99.57142857142857,TP,10614.25
2020-07-07,2020,"(0.75, 0.75)",-1,0.6360593017694882,97.5,T,10614.25
2020-07-07,2020,"(0.75, 1.0)",-1,0.6360593017694882,97.5,T,10614.25
2020-07-07,2020,"(1.0, 0.5)",-1,0.48744619799139166,99.57142857142857,TP,10614.25
2020-07-07,2020,"(1.0, 0.75)",-1,0.4770444763271162,97.5,T,10614.25
2020-07-07,2020,"(1.0, 1.0)",-1,0.4770444763271162,97.5,T,10614.25
2020-07-10,2020,"(0.5, 0.5)",-1,-0.47723164328139794,-47.0,T,10773.75
2020-07-10,2020,"(0.5, 0.75)",-1,-0.47723164328139794,-47.0,T,10773.75
2020-07-10,2020,"(0.5, 1.0)",-1,-0.47723164328139794,-47.0,T,10773.75
2020-07-10,2020,"(0.75, 0.5)",-1,-0.31815442885426526,-47.0,T,10773.75
2020-07-10,2020,"(0.75, 0.75)",-1,-0.31815442885426526,-47.0,T,10773.75
2020-07-10,2020,"(0.75, 1.0)",-1,-0.31815442885426526,-47.0,T,10773.75
2020-07-10,2020,"(1.0, 0.5)",-1,-0.23861582164069897,-47.0,T,10773.75
2020-07-10,2020,"(1.0, 0.75)",-1,-0.23861582164069897,-47.0,T,10773.75
2020-07-10,2020,"(1.0, 1.0)",-1,-0.23861582164069897,-47.0,T,10773.75
2020-07-14,2020,"(0.5, 0.5)",1,-1.021383839926684,-116.91071428571429,SL,10580.75
2020-07-14,2020,"(0.5, 0.75)",1,-1.021383839926684,-116.91071428571429,SL,10580.75
2020-07-14,2020,"(0.5, 1.0)",1,-1.021383839926684,-116.91071428571429,SL,10580.75
2020-07-14,2020,"(0.75, 0.5)",1,-1.014255893284456,-175.36607142857144,SL,10580.75
2020-07-14,2020,"(0.75, 0.75)",1,-1.014255893284456,-175.36607142857144,SL,10580.75
2020-07-14,2020,"(0.75, 1.0)",1,-1.014255893284456,-175.36607142857144,SL,10580.75
2020-07-14,2020,"(1.0, 0.5)",1,0.3838399266839774,92.25,T,10580.75
2020-07-14,2020,"(1.0, 0.75)",1,0.3838399266839774,92.25,T,10580.75
2020-07-14,2020,"(1.0, 1.0)",1,0.3838399266839774,92.25,T,10580.75
2020-07-17,2020,"(0.5, 0.5)",-1,0.07328746634759199,11.25,T,10641.5
2020-07-17,2020,"(0.5, 0.75)",-1,0.07328746634759199,11.25,T,10641.5
2020-07-17,2020,"(0.5, 1.0)",-1,0.07328746634759199,11.25,T,10641.5
2020-07-17,2020,"(0.75, 0.5)",-1,0.04885831089839465,11.25,T,10641.5
2020-07-17,2020,"(0.75, 0.75)",-1,0.04885831089839465,11.25,T,10641.5
2020-07-17,2020,"(0.75, 1.0)",-1,0.04885831089839465,11.25,T,10641.5
2020-07-17,2020,"(1.0, 0.5)",-1,0.036643733173795996,11.25,T,10641.5
2020-07-17,2020,"(1.0, 0.75)",-1,0.036643733173795996,11.25,T,10641.5
2020-07-17,2020,"(1.0, 1.0)",-1,0.036643733173795996,11.25,T,10641.5
2020-07-20,2020,"(0.5, 0.5)",-1,-1.0217898832684824,-114.73214285714286,SL,10663.25
2020-07-20,2020,"(0.5, 0.75)",-1,-1.0217898832684824,-114.73214285714286,SL,10663.25
2020-07-20,2020,"(0.5, 1.0)",-1,-1.0217898832684824,-114.73214285714286,SL,10663.25
2020-07-20,2020,"(0.75, 0.5)",-1,-1.014526588845655,-172.09821428571428,SL,10663.25
2020-07-20,2020,"(0.75, 0.75)",-1,-1.014526588845655,-172.09821428571428,SL,10663.25
2020-07-20,2020,"(0.75, 1.0)",-1,-1.014526588845655,-172.09821428571428,SL,10663.25
2020-07-20,2020,"(1.0, 0.5)",-1,-1.0108949416342412,-229.46428571428572,SL,10663.25
2020-07-20,2020,"(1.0, 0.75)",-1,-1.0108949416342412,-229.46428571428572,SL,10663.25
2020-07-20,2020,"(1.0, 1.0)",-1,-1.0108949416342412,-229.46428571428572,SL,10663.25
2020-07-30,2020,"(0.5, 0.5)",1,0.9797101449275363,123.21428571428571,TP,10602.25
2020-07-30,2020,"(0.5, 0.75)",1,0.8136231884057972,102.75,T,10602.25
2020-07-30,2020,"(0.5, 1.0)",1,0.8136231884057972,102.75,T,10602.25
2020-07-30,2020,"(0.75, 0.5)",1,0.6531400966183575,123.21428571428571,TP,10602.25
2020-07-30,2020,"(0.75, 0.75)",1,0.5424154589371981,102.75,T,10602.25
2020-07-30,2020,"(0.75, 1.0)",1,0.5424154589371981,102.75,T,10602.25
2020-07-30,2020,"(1.0, 0.5)",1,0.48985507246376814,123.21428571428571,TP,10602.25
2020-07-30,2020,"(1.0, 0.75)",1,0.4068115942028986,102.75,T,10602.25
2020-07-30,2020,"(1.0, 1.0)",1,0.4068115942028986,102.75,T,10602.25
2020-08-05,2020,"(0.5, 0.5)",-1,-0.40096618357487923,-39.0,T,11072.25
2020-08-05,2020,"(0.5, 0.75)",-1,-0.40096618357487923,-39.0,T,11072.25
2020-08-05,2020,"(0.5, 1.0)",-1,-0.40096618357487923,-39.0,T,11072.25
2020-08-05,2020,"(0.75, 0.5)",-1,-0.2673107890499195,-39.0,T,11072.25
2020-08-05,2020,"(0.75, 0.75)",-1,-0.2673107890499195,-39.0,T,11072.25
2020-08-05,2020,"(0.75, 1.0)",-1,-0.2673107890499195,-39.0,T,11072.25
2020-08-05,2020,"(1.0, 0.5)",-1,-0.20048309178743962,-39.0,T,11072.25
2020-08-05,2020,"(1.0, 0.75)",-1,-0.20048309178743962,-39.0,T,11072.25
2020-08-05,2020,"(1.0, 1.0)",-1,-0.20048309178743962,-39.0,T,11072.25
2020-08-07,2020,"(0.5, 0.5)",1,0.4946293830448291,52.25,T,11076.0
2020-08-07,2020,"(0.5, 0.75)",1,0.4946293830448291,52.25,T,11076.0
2020-08-07,2020,"(0.5, 1.0)",1,0.4946293830448291,52.25,T,11076.0
2020-08-07,2020,"(0.75, 0.5)",1,0.32975292202988604,52.25,T,11076.0
2020-08-07,2020,"(0.75, 0.75)",1,0.32975292202988604,52.25,T,11076.0
2020-08-07,2020,"(0.75, 1.0)",1,0.32975292202988604,52.25,T,11076.0
2020-08-07,2020,"(1.0, 0.5)",1,0.24731469152241456,52.25,T,11076.0
2020-08-07,2020,"(1.0, 0.75)",1,0.24731469152241456,52.25,T,11076.0
2020-08-07,2020,"(1.0, 1.0)",1,0.24731469152241456,52.25,T,11076.0
2020-08-13,2020,"(0.5, 0.5)",-1,0.0636074511585643,8.75,T,11178.75
2020-08-13,2020,"(0.5, 0.75)",-1,0.0636074511585643,8.75,T,11178.75
2020-08-13,2020,"(0.5, 1.0)",-1,0.0636074511585643,8.75,T,11178.75
2020-08-13,2020,"(0.75, 0.5)",-1,0.04240496743904286,8.75,T,11178.75
2020-08-13,2020,"(0.75, 0.75)",-1,0.04240496743904286,8.75,T,11178.75
2020-08-13,2020,"(0.75, 1.0)",-1,0.04240496743904286,8.75,T,11178.75
2020-08-13,2020,"(1.0, 0.5)",-1,0.03180372557928215,8.75,T,11178.75
2020-08-13,2020,"(1.0, 0.75)",-1,0.03180372557928215,8.75,T,11178.75
2020-08-13,2020,"(1.0, 1.0)",-1,0.03180372557928215,8.75,T,11178.75
2020-08-19,2020,"(0.5, 0.5)",-1,0.972002799720028,89.29464285714286,TP,11401.0
2020-08-19,2020,"(0.5, 0.75)",-1,0.8903109689031097,82.0,T,11401.0
2020-08-19,2020,"(0.5, 1.0)",-1,0.8903109689031097,82.0,T,11401.0
2020-08-19,2020,"(0.75, 0.5)",-1,0.6480018664800188,89.29464285714286,TP,11401.0
2020-08-19,2020,"(0.75, 0.75)",-1,0.5935406459354065,82.0,T,11401.0
2020-08-19,2020,"(0.75, 1.0)",-1,0.5935406459354065,82.0,T,11401.0
2020-08-19,2020,"(1.0, 0.5)",-1,0.486001399860014,89.29464285714286,TP,11401.0
2020-08-19,2020,"(1.0, 0.75)",-1,0.44515548445155484,82.0,T,11401.0
2020-08-19,2020,"(1.0, 1.0)",-1,0.44515548445155484,82.0,T,11401.0
2020-08-20,2020,"(0.5, 0.5)",1,0.9711548367157721,86.66964285714286,TP,11305.75
2020-08-20,2020,"(0.5, 0.75)",1,1.4711548367157719,130.00446428571428,TP,11305.75
2020-08-20,2020,"(0.5, 1.0)",1,1.971154836715772,173.33928571428572,TP,11305.75
2020-08-20,2020,"(0.75, 0.5)",1,0.6474365578105148,86.66964285714286,TP,11305.75
2020-08-20,2020,"(0.75, 0.75)",1,0.980769891143848,130.00446428571428,TP,11305.75
2020-08-20,2020,"(0.75, 1.0)",1,1.3141032244771815,173.33928571428572,TP,11305.75
2020-08-20,2020,"(1.0, 0.5)",1,0.48557741835788604,86.66964285714286,TP,11305.75
2020-08-20,2020,"(1.0, 0.75)",1,0.7355774183578859,130.00446428571428,TP,11305.75
2020-08-20,2020,"(1.0, 1.0)",1,0.985577418357886,173.33928571428572,TP,11305.75
2020-08-21,2020,"(0.5, 0.5)",-1,-0.7413616847270498,-62.25,T,11492.25
2020-08-21,2020,"(0.5, 0.75)",-1,-0.7413616847270498,-62.25,T,11492.25
2020-08-21,2020,"(0.5, 1.0)",-1,-0.7413616847270498,-62.25,T,11492.25
2020-08-21,2020,"(0.75, 0.5)",-1,-0.49424112315136653,-62.25,T,11492.25
2020-08-21,2020,"(0.75, 0.75)",-1,-0.49424112315136653,-62.25,T,11492.25
2020-08-21,2020,"(0.75, 1.0)",-1,-0.49424112315136653,-62.25,T,11492.25
2020-08-21,2020,"(1.0, 0.5)",-1,-0.3706808423635249,-62.25,T,11492.25
2020-08-21,2020,"(1.0, 0.75)",-1,-0.3706808423635249,-62.25,T,11492.25
2020-08-21,2020,"(1.0, 1.0)",-1,-0.3706808423635249,-62.25,T,11492.25
2020-08-27,2020,"(0.5, 0.5)",-1,0.9733612406050804,93.84821428571429,TP,11960.75
2020-08-27,2020,"(0.5, 0.75)",-1,0.3249928646180192,33.0,T,11960.75
2020-08-27,2020,"(0.5, 1.0)",-1,0.3249928646180192,33.0,T,11960.75
2020-08-27,2020,"(0.75, 0.5)",-1,0.6489074937367202,93.84821428571429,TP,11960.75
2020-08-27,2020,"(0.75, 0.75)",-1,0.21666190974534613,33.0,T,11960.75
2020-08-27,2020,"(0.75, 1.0)",-1,0.21666190974534613,33.0,T,11960.75
2020-08-27,2020,"(1.0, 0.5)",-1,0.4866806203025402,93.84821428571429,TP,11960.75
2020-08-27,2020,"(1.0, 0.75)",-1,0.1624964323090096,33.0,T,11960.75
2020-08-27,2020,"(1.0, 1.0)",-1,0.1624964323090096,33.0,T,11960.75
2020-08-31,2020,"(0.5, 0.5)",-1,-1.028220116911913,-88.58928571428571,SL,12011.75
2020-08-31,2020,"(0.5, 0.75)",-1,-1.028220116911913,-88.58928571428571,SL,12011.75
2020-08-31,2020,"(0.5, 1.0)",-1,-1.028220116911913,-88.58928571428571,SL,12011.75
2020-08-31,2020,"(0.75, 0.5)",-1,-1.0188134112746086,-132.88392857142856,SL,12011.75
2020-08-31,2020,"(0.75, 0.75)",-1,-1.0188134112746086,-132.88392857142856,SL,12011.75
2020-08-31,2020,"(0.75, 1.0)",-1,-1.0188134112746086,-132.88392857142856,SL,12011.75
2020-08-31,2020,"(1.0, 0.5)",-1,-0.4712759524289458,-81.0,T,12011.75
2020-08-31,2020,"(1.0, 0.75)",-1,-0.4712759524289458,-81.0,T,12011.75
2020-08-31,2020,"(1.0, 1.0)",-1,-0.4712759524289458,-81.0,T,12011.75
2020-09-01,2020,"(0.5, 0.5)",-1,-1.0289795073483752,-86.26785714285714,SL,12145.0
2020-09-01,2020,"(0.5, 0.75)",-1,-1.0289795073483752,-86.26785714285714,SL,12145.0
2020-09-01,2020,"(0.5, 1.0)",-1,-1.0289795073483752,-86.26785714285714,SL,12145.0
2020-09-01,2020,"(0.75, 0.5)",-1,-1.0193196715655835,-129.40178571428572,SL,12145.0
2020-09-01,2020,"(0.75, 0.75)",-1,-1.0193196715655835,-129.40178571428572,SL,12145.0
2020-09-01,2020,"(0.75, 1.0)",-1,-1.0193196715655835,-129.40178571428572,SL,12145.0
2020-09-01,2020,"(1.0, 0.5)",-1,-0.8780790726557649,-149.0,T,12145.0
2020-09-01,2020,"(1.0, 0.75)",-1,-0.8780790726557649,-149.0,T,12145.0
2020-09-01,2020,"(1.0, 1.0)",-1,-0.8780790726557649,-149.0,T,12145.0
2020-09-03,2020,"(0.5, 0.5)",1,-1.0287651530717075,-86.91071428571429,SL,12214.5
2020-09-03,2020,"(0.5, 0.75)",1,-1.0287651530717075,-86.91071428571429,SL,12214.5
2020-09-03,2020,"(0.5, 1.0)",1,-1.0287651530717075,-86.91071428571429,SL,12214.5
2020-09-03,2020,"(0.75, 0.5)",1,-1.0191767687144717,-130.36607142857144,SL,12214.5
2020-09-03,2020,"(0.75, 0.75)",1,-1.0191767687144717,-130.36607142857144,SL,12214.5
2020-09-03,2020,"(0.75, 1.0)",1,-1.0191767687144717,-130.36607142857144,SL,12214.5
2020-09-03,2020,"(1.0, 0.5)",1,-1.0143825765358536,-173.82142857142858,SL,12214.5
2020-09-03,2020,"(1.0, 0.75)",1,-1.0143825765358536,-173.82142857142858,SL,12214.5
2020-09-03,2020,"(1.0, 1.0)",1,-1.0143825765358536,-173.82142857142858,SL,12214.5
2020-09-08,2020,"(0.5, 0.5)",1,0.9807414540202215,129.8125,TP,11216.25
2020-09-08,2020,"(0.5, 0.75)",1,-1.0192585459797785,-129.8125,SL,11216.25
2020-09-08,2020,"(0.5, 1.0)",1,-1.0192585459797785,-129.8125,SL,11216.25
2020-09-08,2020,"(0.75, 0.5)",1,0.6538276360134809,129.8125,TP,11216.25
2020-09-08,2020,"(0.75, 0.75)",1,-0.7716257422564596,-147.75,T,11216.25
2020-09-08,2020,"(0.75, 1.0)",1,-0.7716257422564596,-147.75,T,11216.25
2020-09-08,2020,"(1.0, 0.5)",1,0.49037072701011075,129.8125,TP,11216.25
2020-09-08,2020,"(1.0, 0.75)",1,-0.5787193066923447,-147.75,T,11216.25
2020-09-08,2020,"(1.0, 1.0)",1,-0.5787193066923447,-147.75,T,11216.25
2020-09-09,2020,"(0.5, 0.5)",-1,0.1018746916625555,17.25,T,11402.0
2020-09-09,2020,"(0.5, 0.75)",-1,0.1018746916625555,17.25,T,11402.0
2020-09-09,2020,"(0.5, 1.0)",-1,0.1018746916625555,17.25,T,11402.0
2020-09-09,2020,"(0.75, 0.5)",-1,0.06791646110837034,17.25,T,11402.0
2020-09-09,2020,"(0.75, 0.75)",-1,0.06791646110837034,17.25,T,11402.0
2020-09-09,2020,"(0.75, 1.0)",-1,0.06791646110837034,17.25,T,11402.0
2020-09-09,2020,"(1.0, 0.5)",-1,0.05093734583127775,17.25,T,11402.0
2020-09-09,2020,"(1.0, 0.75)",-1,0.05093734583127775,17.25,T,11402.0
2020-09-09,2020,"(1.0, 1.0)",-1,0.05093734583127775,17.25,T,11402.0
2020-09-16,2020,"(0.5, 0.5)",1,-0.6924243956710833,-119.75,T,11354.75
2020-09-16,2020,"(0.5, 0.75)",1,-0.6924243956710833,-119.75,T,11354.75
2020-09-16,2020,"(0.5, 1.0)",1,-0.6924243956710833,-119.75,T,11354.75
2020-09-16,2020,"(0.75, 0.5)",1,-0.46161626378072224,-119.75,T,11354.75
2020-09-16,2020,"(0.75, 0.75)",1,-0.46161626378072224,-119.75,T,11354.75
2020-09-16,2020,"(0.75, 1.0)",1,-0.46161626378072224,-119.75,T,11354.75
2020-09-16,2020,"(1.0, 0.5)",1,-0.34621219783554164,-119.75,T,11354.75
2020-09-16,2020,"(1.0, 0.75)",1,-0.34621219783554164,-119.75,T,11354.75
2020-09-16,2020,"(1.0, 1.0)",1,-0.34621219783554164,-119.75,T,11354.75
2020-09-21,2020,"(0.5, 0.5)",1,0.9494855004677268,183.75,T,10780.0
2020-09-21,2020,"(0.5, 0.75)",1,0.9494855004677268,183.75,T,10780.0
2020-09-21,2020,"(0.5, 1.0)",1,0.9494855004677268,183.75,T,10780.0
2020-09-21,2020,"(0.75, 0.5)",1,0.6329903336451512,183.75,T,10780.0
2020-09-21,2020,"(0.75, 0.75)",1,0.6329903336451512,183.75,T,10780.0
2020-09-21,2020,"(0.75, 1.0)",1,0.6329903336451512,183.75,T,10780.0
2020-09-21,2020,"(1.0, 0.5)",1,0.4747427502338634,183.75,T,10780.0
2020-09-21,2020,"(1.0, 0.75)",1,0.4747427502338634,183.75,T,10780.0
2020-09-21,2020,"(1.0, 1.0)",1,0.4747427502338634,183.75,T,10780.0
2020-09-23,2020,"(0.5, 0.5)",1,-0.5985118376550169,-116.0,T,10936.75
2020-09-23,2020,"(0.5, 0.75)",1,-0.5985118376550169,-116.0,T,10936.75
2020-09-23,2020,"(0.5, 1.0)",1,-0.5985118376550169,-116.0,T,10936.75
2020-09-23,2020,"(0.75, 0.5)",1,-0.39900789177001134,-116.0,T,10936.75
2020-09-23,2020,"(0.75, 0.75)",1,-0.39900789177001134,-116.0,T,10936.75
2020-09-23,2020,"(0.75, 1.0)",1,-0.39900789177001134,-116.0,T,10936.75
2020-09-23,2020,"(1.0, 0.5)",1,-0.29925591882750846,-116.0,T,10936.75
2020-09-23,2020,"(1.0, 0.75)",1,-0.29925591882750846,-116.0,T,10936.75
2020-09-23,2020,"(1.0, 1.0)",1,-0.29925591882750846,-116.0,T,10936.75
2020-09-29,2020,"(0.5, 0.5)",-1,0.26533665835411474,45.25,T,11355.0
2020-09-29,2020,"(0.5, 0.75)",-1,0.26533665835411474,45.25,T,11355.0
2020-09-29,2020,"(0.5, 1.0)",-1,0.26533665835411474,45.25,T,11355.0
2020-09-29,2020,"(0.75, 0.5)",-1,0.17689110556940985,45.25,T,11355.0
2020-09-29,2020,"(0.75, 0.75)",-1,0.17689110556940985,45.25,T,11355.0
2020-09-29,2020,"(0.75, 1.0)",-1,0.17689110556940985,45.25,T,11355.0
2020-09-29,2020,"(1.0, 0.5)",-1,0.13266832917705737,45.25,T,11355.0
2020-09-29,2020,"(1.0, 0.75)",-1,0.13266832917705737,45.25,T,11355.0
2020-09-29,2020,"(1.0, 1.0)",-1,0.13266832917705737,45.25,T,11355.0
2020-09-30,2020,"(0.5, 0.5)",-1,-0.15008933889219775,-20.0,T,11382.25
2020-09-30,2020,"(0.5, 0.75)",-1,-0.15008933889219775,-20.0,T,11382.25
2020-09-30,2020,"(0.5, 1.0)",-1,-0.15008933889219775,-20.0,T,11382.25
2020-09-30,2020,"(0.75, 0.5)",-1,-0.10005955926146516,-20.0,T,11382.25
2020-09-30,2020,"(0.75, 0.75)",-1,-0.10005955926146516,-20.0,T,11382.25
2020-09-30,2020,"(0.75, 1.0)",-1,-0.10005955926146516,-20.0,T,11382.25
2020-09-30,2020,"(1.0, 0.5)",-1,-0.07504466944609887,-20.0,T,11382.25
2020-09-30,2020,"(1.0, 0.75)",-1,-0.07504466944609887,-20.0,T,11382.25
2020-09-30,2020,"(1.0, 1.0)",-1,-0.07504466944609887,-20.0,T,11382.25
2020-10-06,2020,"(0.5, 0.5)",-1,0.9821735531928439,140.24107142857142,TP,11477.25
2020-10-06,2020,"(0.5, 0.75)",-1,1.482173553192844,210.3616071428571,TP,11477.25
2020-10-06,2020,"(0.5, 1.0)",-1,1.4189851658496213,201.5,T,11477.25
2020-10-06,2020,"(0.75, 0.5)",-1,0.6547823687952293,140.24107142857142,TP,11477.25
2020-10-06,2020,"(0.75, 0.75)",-1,0.9881157021285626,210.3616071428571,TP,11477.25
2020-10-06,2020,"(0.75, 1.0)",-1,0.9459901105664142,201.5,T,11477.25
2020-10-06,2020,"(1.0, 0.5)",-1,0.49108677659642197,140.24107142857142,TP,11477.25
2020-10-06,2020,"(1.0, 0.75)",-1,0.741086776596422,210.3616071428571,TP,11477.25
2020-10-06,2020,"(1.0, 1.0)",-1,0.7094925829248107,201.5,T,11477.25
2020-10-06,2020,"(0.5, 0.5)",1,-0.5009231552810849,-67.75,T,11343.5
2020-10-06,2020,"(0.5, 0.75)",1,-0.5009231552810849,-67.75,T,11343.5
2020-10-06,2020,"(0.5, 1.0)",1,-0.5009231552810849,-67.75,T,11343.5
2020-10-06,2020,"(0.75, 0.5)",1,-0.33394877018738994,-67.75,T,11343.5
2020-10-06,2020,"(0.75, 0.75)",1,-0.33394877018738994,-67.75,T,11343.5
2020-10-06,2020,"(0.75, 1.0)",1,-0.33394877018738994,-67.75,T,11343.5
2020-10-06,2020,"(1.0, 0.5)",1,-0.25046157764054244,-67.75,T,11343.5
2020-10-06,2020,"(1.0, 0.75)",1,-0.25046157764054244,-67.75,T,11343.5
2020-10-06,2020,"(1.0, 1.0)",1,-0.25046157764054244,-67.75,T,11343.5
2020-10-19,2020,"(0.5, 0.5)",1,-1.0214575829565484,-116.50892857142857,SL,11832.5
2020-10-19,2020,"(0.5, 0.75)",1,-1.0214575829565484,-116.50892857142857,SL,11832.5
2020-10-19,2020,"(0.5, 1.0)",1,-1.0214575829565484,-116.50892857142857,SL,11832.5
2020-10-19,2020,"(0.75, 0.5)",1,-1.0143050553043655,-174.76339285714286,SL,11832.5
2020-10-19,2020,"(0.75, 0.75)",1,-1.0143050553043655,-174.76339285714286,SL,11832.5
2020-10-19,2020,"(0.75, 1.0)",1,-1.0143050553043655,-174.76339285714286,SL,11832.5
2020-10-19,2020,"(1.0, 0.5)",1,-1.010728791478274,-233.01785714285714,SL,11832.5
2020-10-19,2020,"(1.0, 0.75)",1,-1.010728791478274,-233.01785714285714,SL,11832.5
2020-10-19,2020,"(1.0, 1.0)",1,-1.010728791478274,-233.01785714285714,SL,11832.5
2020-11-02,2020,"(0.5, 0.5)",1,0.9302456535510664,120.5,T,10948.25
2020-11-02,2020,"(0.5, 0.75)",1,0.9302456535510664,120.5,T,10948.25
2020-11-02,2020,"(0.5, 1.0)",1,0.9302456535510664,120.5,T,10948.25
2020-11-02,2020,"(0.75, 0.5)",1,0.6201637690340442,120.5,T,10948.25
2020-11-02,2020,"(0.75, 0.75)",1,0.6201637690340442,120.5,T,10948.25
2020-11-02,2020,"(0.75, 1.0)",1,0.6201637690340442,120.5,T,10948.25
2020-11-02,2020,"(1.0, 0.5)",1,0.4651228267755332,120.5,T,10948.25
2020-11-02,2020,"(1.0, 0.75)",1,0.4651228267755332,120.5,T,10948.25
2020-11-02,2020,"(1.0, 1.0)",1,0.4651228267755332,120.5,T,10948.25
2020-11-06,2020,"(0.5, 0.5)",1,0.6546672247802428,100.25,T,11979.75
2020-11-06,2020,"(0.5, 0.75)",1,0.6546672247802428,100.25,T,11979.75
2020-11-06,2020,"(0.5, 1.0)",1,0.6546672247802428,100.25,T,11979.75
2020-11-06,2020,"(0.75, 0.5)",1,0.43644481652016187,100.25,T,11979.75
2020-11-06,2020,"(0.75, 0.75)",1,0.43644481652016187,100.25,T,11979.75
2020-11-06,2020,"(0.75, 1.0)",1,0.43644481652016187,100.25,T,11979.75
2020-11-06,2020,"(1.0, 0.5)",1,0.3273336123901214,100.25,T,11979.75
2020-11-06,2020,"(1.0, 0.75)",1,0.3273336123901214,100.25,T,11979.75
2020-11-06,2020,"(1.0, 1.0)",1,0.3273336123901214,100.25,T,11979.75
2020-11-09,2020,"(0.5, 0.5)",-1,-1.0172956946074494,-144.54464285714286,SL,12092.75
2020-11-09,2020,"(0.5, 0.75)",-1,-1.0172956946074494,-144.54464285714286,SL,12092.75
2020-11-09,2020,"(0.5, 1.0)",-1,-1.0172956946074494,-144.54464285714286,SL,12092.75
2020-11-09,2020,"(0.75, 0.5)",-1,0.6551362035950337,144.54464285714286,TP,12092.75
2020-11-09,2020,"(0.75, 0.75)",-1,0.988469536928367,216.81696428571428,TP,12092.75
2020-11-09,2020,"(0.75, 1.0)",-1,1.2199229929787716,267.0,T,12092.75
2020-11-09,2020,"(1.0, 0.5)",-1,0.49135215269627525,144.54464285714286,TP,12092.75
2020-11-09,2020,"(1.0, 0.75)",-1,0.7413521526962752,216.81696428571428,TP,12092.75
2020-11-09,2020,"(1.0, 1.0)",-1,0.9149422447340787,267.0,T,12092.75
2020-11-16,2020,"(0.5, 0.5)",-1,-0.40637224332445154,-61.5,T,11952.0
2020-11-16,2020,"(0.5, 0.75)",-1,-0.40637224332445154,-61.5,T,11952.0
2020-11-16,2020,"(0.5, 1.0)",-1,-0.40637224332445154,-61.5,T,11952.0
2020-11-16,2020,"(0.75, 0.5)",-1,-0.2709148288829677,-61.5,T,11952.0
2020-11-16,2020,"(0.75, 0.75)",-1,-0.2709148288829677,-61.5,T,11952.0
2020-11-16,2020,"(0.75, 1.0)",-1,-0.2709148288829677,-61.5,T,11952.0
2020-11-16,2020,"(1.0, 0.5)",-1,-0.20318612166222577,-61.5,T,11952.0
2020-11-16,2020,"(1.0, 0.75)",-1,-0.20318612166222577,-61.5,T,11952.0
2020-11-16,2020,"(1.0, 1.0)",-1,-0.20318612166222577,-61.5,T,11952.0
2020-11-17,2020,"(0.5, 0.5)",-1,0.3405940594059406,56.25,T,12033.25
2020-11-17,2020,"(0.5, 0.75)",-1,0.3405940594059406,56.25,T,12033.25
2020-11-17,2020,"(0.5, 1.0)",-1,0.3405940594059406,56.25,T,12033.25
2020-11-17,2020,"(0.75, 0.5)",-1,0.22706270627062705,56.25,T,12033.25
2020-11-17,2020,"(0.75, 0.75)",-1,0.22706270627062705,56.25,T,12033.25
2020-11-17,2020,"(0.75, 1.0)",-1,0.22706270627062705,56.25,T,12033.25
2020-11-17,2020,"(1.0, 0.5)",-1,0.1702970297029703,56.25,T,12033.25
2020-11-17,2020,"(1.0, 0.75)",-1,0.1702970297029703,56.25,T,12033.25
2020-11-17,2020,"(1.0, 1.0)",-1,0.1702970297029703,56.25,T,12033.25
2020-11-18,2020,"(0.5, 0.5)",1,-0.46205191594561185,-64.25,T,11956.25
2020-11-18,2020,"(0.5, 0.75)",1,-0.46205191594561185,-64.25,T,11956.25
2020-11-18,2020,"(0.5, 1.0)",1,-0.46205191594561185,-64.25,T,11956.25
2020-11-18,2020,"(0.75, 0.5)",1,-0.3080346106304079,-64.25,T,11956.25
2020-11-18,2020,"(0.75, 0.75)",1,-0.3080346106304079,-64.25,T,11956.25
2020-11-18,2020,"(0.75, 1.0)",1,-0.3080346106304079,-64.25,T,11956.25
2020-11-18,2020,"(1.0, 0.5)",1,-0.23102595797280592,-64.25,T,11956.25
2020-11-18,2020,"(1.0, 0.75)",1,-0.23102595797280592,-64.25,T,11956.25
2020-11-18,2020,"(1.0, 1.0)",1,-0.23102595797280592,-64.25,T,11956.25
2020-11-23,2020,"(0.5, 0.5)",1,-0.08238840246878139,-7.75,T,11912.0
2020-11-23,2020,"(0.5, 0.75)",1,-0.08238840246878139,-7.75,T,11912.0
2020-11-23,2020,"(0.5, 1.0)",1,-0.08238840246878139,-7.75,T,11912.0
2020-11-23,2020,"(0.75, 0.5)",1,-0.05492560164585426,-7.75,T,11912.0
2020-11-23,2020,"(0.75, 0.75)",1,-0.05492560164585426,-7.75,T,11912.0
2020-11-23,2020,"(0.75, 1.0)",1,-0.05492560164585426,-7.75,T,11912.0
2020-11-23,2020,"(1.0, 0.5)",1,-0.041194201234390694,-7.75,T,11912.0
2020-11-23,2020,"(1.0, 0.75)",1,-0.041194201234390694,-7.75,T,11912.0
2020-11-23,2020,"(1.0, 1.0)",1,-0.041194201234390694,-7.75,T,11912.0
2020-11-24,2020,"(0.5, 0.5)",-1,-0.640529606472968,-75.25,T,12000.0
2020-11-24,2020,"(0.5, 0.75)",-1,-0.640529606472968,-75.25,T,12000.0
2020-11-24,2020,"(0.5, 1.0)",-1,-0.640529606472968,-75.25,T,12000.0
2020-11-24,2020,"(0.75, 0.5)",-1,-0.4270197376486453,-75.25,T,12000.0
2020-11-24,2020,"(0.75, 0.75)",-1,-0.4270197376486453,-75.25,T,12000.0
2020-11-24,2020,"(0.75, 1.0)",-1,-0.4270197376486453,-75.25,T,12000.0
2020-11-24,2020,"(1.0, 0.5)",-1,-0.320264803236484,-75.25,T,12000.0
2020-11-24,2020,"(1.0, 0.75)",-1,-0.320264803236484,-75.25,T,12000.0
2020-11-24,2020,"(1.0, 1.0)",-1,-0.320264803236484,-75.25,T,12000.0
2020-12-08,2020,"(0.5, 0.5)",1,0.9656399558228004,72.75892857142857,TP,12530.0
2020-12-08,2020,"(0.5, 0.75)",1,1.4656399558228004,109.13839285714286,TP,12530.0
2020-12-08,2020,"(0.5, 1.0)",1,1.4362498466069458,107.0,T,12530.0
2020-12-08,2020,"(0.75, 0.5)",1,0.6437599705485335,72.75892857142857,TP,12530.0
2020-12-08,2020,"(0.75, 0.75)",1,0.9770933038818669,109.13839285714286,TP,12530.0
2020-12-08,2020,"(0.75, 1.0)",1,0.9574998977379637,107.0,T,12530.0
2020-12-08,2020,"(1.0, 0.5)",1,0.4828199779114002,72.75892857142857,TP,12530.0
2020-12-08,2020,"(1.0, 0.75)",1,0.7328199779114002,109.13839285714286,TP,12530.0
2020-12-08,2020,"(1.0, 1.0)",1,0.7181249233034729,107.0,T,12530.0
2020-12-18,2020,"(0.5, 0.5)",-1,0.9694922641098278,81.94642857142857,TP,12757.25
2020-12-18,2020,"(0.5, 0.75)",-1,1.469492264109828,122.91964285714286,TP,12757.25
2020-12-18,2020,"(0.5, 1.0)",-1,0.637611680104598,54.75,T,12757.25
2020-12-18,2020,"(0.75, 0.5)",-1,0.6463281760732186,81.94642857142857,TP,12757.25
2020-12-18,2020,"(0.75, 0.75)",-1,0.979661509406552,122.91964285714286,TP,12757.25
2020-12-18,2020,"(0.75, 1.0)",-1,0.42507445340306527,54.75,T,12757.25
2020-12-18,2020,"(1.0, 0.5)",-1,0.4847461320549139,81.94642857142857,TP,12757.25
2020-12-18,2020,"(1.0, 0.75)",-1,0.734746132054914,122.91964285714286,TP,12757.25
2020-12-18,2020,"(1.0, 1.0)",-1,0.318805840052299,54.75,T,12757.25
2020-12-18,2020,"(0.5, 0.5)",1,0.11287862279363696,11.75,T,12690.75
2020-12-18,2020,"(0.5, 0.75)",1,0.11287862279363696,11.75,T,12690.75
2020-12-18,2020,"(0.5, 1.0)",1,0.11287862279363696,11.75,T,12690.75
2020-12-18,2020,"(0.75, 0.5)",1,0.07525241519575797,11.75,T,12690.75
2020-12-18,2020,"(0.75, 0.75)",1,0.07525241519575797,11.75,T,12690.75
2020-12-18,2020,"(0.75, 1.0)",1,0.07525241519575797,11.75,T,12690.75
2020-12-18,2020,"(1.0, 0.5)",1,0.05643931139681848,11.75,T,12690.75
2020-12-18,2020,"(1.0, 0.75)",1,0.05643931139681848,11.75,T,12690.75
2020-12-18,2020,"(1.0, 1.0)",1,0.05643931139681848,11.75,T,12690.75
2020-12-21,2020,"(0.5, 0.5)",1,-1.0309974537805824,-80.65178571428571,SL,12628.75
2020-12-21,2020,"(0.5, 0.75)",1,-1.0309974537805824,-80.65178571428571,SL,12628.75
2020-12-21,2020,"(0.5, 1.0)",1,-1.0309974537805824,-80.65178571428571,SL,12628.75
2020-12-21,2020,"(0.75, 0.5)",1,-1.0206649691870548,-120.97767857142856,SL,12628.75
2020-12-21,2020,"(0.75, 0.75)",1,-1.0206649691870548,-120.97767857142856,SL,12628.75
2020-12-21,2020,"(0.75, 1.0)",1,-1.0206649691870548,-120.97767857142856,SL,12628.75
2020-12-21,2020,"(1.0, 0.5)",1,-1.015498726890291,-161.30357142857142,SL,12628.75
2020-12-21,2020,"(1.0, 0.75)",1,-1.015498726890291,-161.30357142857142,SL,12628.75
2020-12-21,2020,"(1.0, 1.0)",1,-1.015498726890291,-161.30357142857142,SL,12628.75
2020-12-22,2020,"(0.5, 0.5)",-1,0.969053934571176,80.78571428571429,TP,12686.0
2020-12-22,2020,"(0.5, 0.75)",-1,-0.37135278514588854,-27.5,T,12686.0
2020-12-22,2020,"(0.5, 1.0)",-1,-0.37135278514588854,-27.5,T,12686.0
2020-12-22,2020,"(0.75, 0.5)",-1,0.6460359563807839,80.78571428571429,TP,12686.0
2020-12-22,2020,"(0.75, 0.75)",-1,-0.24756852343059235,-27.5,T,12686.0
2020-12-22,2020,"(0.75, 1.0)",-1,-0.24756852343059235,-27.5,T,12686.0
2020-12-22,2020,"(1.0, 0.5)",-1,0.484526967285588,80.78571428571429,TP,12686.0
2020-12-22,2020,"(1.0, 0.75)",-1,-0.18567639257294427,-27.5,T,12686.0
2020-12-22,2020,"(1.0, 1.0)",-1,-0.18567639257294427,-27.5,T,12686.0
2020-12-31,2020,"(0.5, 0.5)",1,0.4789394911267907,42.5,T,12827.25
2020-12-31,2020,"(0.5, 0.75)",1,0.4789394911267907,42.5,T,12827.25
2020-12-31,2020,"(0.5, 1.0)",1,0.4789394911267907,42.5,T,12827.25
2020-12-31,2020,"(0.75, 0.5)",1,0.31929299408452716,42.5,T,12827.25
2020-12-31,2020,"(0.75, 0.75)",1,0.31929299408452716,42.5,T,12827.25
2020-12-31,2020,"(0.75, 1.0)",1,0.31929299408452716,42.5,T,12827.25
2020-12-31,2020,"(1.0, 0.5)",1,0.23946974556339534,42.5,T,12827.25
2020-12-31,2020,"(1.0, 0.75)",1,0.23946974556339534,42.5,T,12827.25
2020-12-31,2020,"(1.0, 1.0)",1,0.23946974556339534,42.5,T,12827.25
2021-01-11,2021,"(0.5, 0.5)",1,-0.42591701164917684,-37.0,T,12933.25
2021-01-11,2021,"(0.5, 0.75)",1,-0.42591701164917684,-37.0,T,12933.25
2021-01-11,2021,"(0.5, 1.0)",1,-0.42591701164917684,-37.0,T,12933.25
2021-01-11,2021,"(0.75, 0.5)",1,-0.2839446744327846,-37.0,T,12933.25
2021-01-11,2021,"(0.75, 0.75)",1,-0.2839446744327846,-37.0,T,12933.25
2021-01-11,2021,"(0.75, 1.0)",1,-0.2839446744327846,-37.0,T,12933.25
2021-01-11,2021,"(1.0, 0.5)",1,-0.21295850582458842,-37.0,T,12933.25
2021-01-11,2021,"(1.0, 0.75)",1,-0.21295850582458842,-37.0,T,12933.25
2021-01-11,2021,"(1.0, 1.0)",1,-0.21295850582458842,-37.0,T,12933.25
2021-01-12,2021,"(0.5, 0.5)",1,-1.0256645279560037,-97.41071428571429,SL,12875.75
2021-01-12,2021,"(0.5, 0.75)",1,-1.0256645279560037,-97.41071428571429,SL,12875.75
2021-01-12,2021,"(0.5, 1.0)",1,-1.0256645279560037,-97.41071428571429,SL,12875.75
2021-01-12,2021,"(0.75, 0.5)",1,0.02908646501680415,6.75,T,12875.75
2021-01-12,2021,"(0.75, 0.75)",1,0.02908646501680415,6.75,T,12875.75
2021-01-12,2021,"(0.75, 1.0)",1,0.02908646501680415,6.75,T,12875.75
2021-01-12,2021,"(1.0, 0.5)",1,0.021814848762603114,6.75,T,12875.75
2021-01-12,2021,"(1.0, 0.75)",1,0.021814848762603114,6.75,T,12875.75
2021-01-12,2021,"(1.0, 1.0)",1,0.021814848762603114,6.75,T,12875.75
2021-01-13,2021,"(0.5, 0.5)",-1,-0.28456326680095223,-25.25,T,12942.5
2021-01-13,2021,"(0.5, 0.75)",-1,-0.28456326680095223,-25.25,T,12942.5
2021-01-13,2021,"(0.5, 1.0)",-1,-0.28456326680095223,-25.25,T,12942.5
2021-01-13,2021,"(0.75, 0.5)",-1,-0.18970884453396814,-25.25,T,12942.5
2021-01-13,2021,"(0.75, 0.75)",-1,-0.18970884453396814,-25.25,T,12942.5
2021-01-13,2021,"(0.75, 1.0)",-1,-0.18970884453396814,-25.25,T,12942.5
2021-01-13,2021,"(1.0, 0.5)",-1,-0.14228163340047612,-25.25,T,12942.5
2021-01-13,2021,"(1.0, 0.75)",-1,-0.14228163340047612,-25.25,T,12942.5
2021-01-13,2021,"(1.0, 1.0)",-1,-0.14228163340047612,-25.25,T,12942.5
2021-01-14,2021,"(0.5, 0.5)",-1,0.9733536353254663,93.82142857142857,TP,12995.25
2021-01-14,2021,"(0.5, 0.75)",-1,1.0152264940997335,97.75,T,12995.25
2021-01-14,2021,"(0.5, 1.0)",-1,1.0152264940997335,97.75,T,12995.25
2021-01-14,2021,"(0.75, 0.5)",-1,0.6489024235503108,93.82142857142857,TP,12995.25
2021-01-14,2021,"(0.75, 0.75)",-1,0.6768176627331557,97.75,T,12995.25
2021-01-14,2021,"(0.75, 1.0)",-1,0.6768176627331557,97.75,T,12995.25
2021-01-14,2021,"(1.0, 0.5)",-1,0.48667681766273313,93.82142857142857,TP,12995.25
2021-01-14,2021,"(1.0, 0.75)",-1,0.5076132470498668,97.75,T,12995.25
2021-01-14,2021,"(1.0, 1.0)",-1,0.5076132470498668,97.75,T,12995.25
2021-01-15,2021,"(0.5, 0.5)",1,-1.026778882938026,-93.35714285714286,SL,12911.0
2021-01-15,2021,"(0.5, 0.75)",1,-1.026778882938026,-93.35714285714286,SL,12911.0
2021-01-15,2021,"(0.5, 1.0)",1,-1.026778882938026,-93.35714285714286,SL,12911.0
2021-01-15,2021,"(0.75, 0.5)",1,-1.0178525886253507,-140.03571428571428,SL,12911.0
2021-01-15,2021,"(0.75, 0.75)",1,-1.0178525886253507,-140.03571428571428,SL,12911.0
2021-01-15,2021,"(0.75, 1.0)",1,-1.0178525886253507,-140.03571428571428,SL,12911.0
2021-01-15,2021,"(1.0, 0.5)",1,-0.614575363427697,-112.25,T,12911.0
2021-01-15,2021,"(1.0, 0.75)",1,-0.614575363427697,-112.25,T,12911.0
2021-01-15,2021,"(1.0, 1.0)",1,-0.614575363427697,-112.25,T,12911.0
2021-01-21,2021,"(0.5, 0.5)",-1,-1.0237428983295176,-105.29464285714286,SL,13299.0
2021-01-21,2021,"(0.5, 0.75)",-1,-1.0237428983295176,-105.29464285714286,SL,13299.0
2021-01-21,2021,"(0.5, 1.0)",-1,-1.0237428983295176,-105.29464285714286,SL,13299.0
2021-01-21,2021,"(0.75, 0.5)",-1,-0.6378925351197038,-98.25,T,13299.0
2021-01-21,2021,"(0.75, 0.75)",-1,-0.6378925351197038,-98.25,T,13299.0
2021-01-21,2021,"(0.75, 1.0)",-1,-0.6378925351197038,-98.25,T,13299.0
2021-01-21,2021,"(1.0, 0.5)",-1,-0.47841940133977784,-98.25,T,13299.0
2021-01-21,2021,"(1.0, 0.75)",-1,-0.47841940133977784,-98.25,T,13299.0
2021-01-21,2021,"(1.0, 1.0)",-1,-0.47841940133977784,-98.25,T,13299.0
2021-01-28,2021,"(0.5, 0.5)",-1,0.9773773935525571,110.50892857142857,TP,13377.5
2021-01-28,2021,"(0.5, 0.75)",-1,1.4773773935525571,165.76339285714286,TP,13377.5
2021-01-28,2021,"(0.5, 1.0)",-1,1.7125313080714228,191.75,T,13377.5
2021-01-28,2021,"(0.75, 0.5)",-1,0.6515849290350381,110.50892857142857,TP,13377.5
2021-01-28,2021,"(0.75, 0.75)",-1,0.9849182623683714,165.76339285714286,TP,13377.5
2021-01-28,2021,"(0.75, 1.0)",-1,1.1416875387142817,191.75,T,13377.5
2021-01-28,2021,"(1.0, 0.5)",-1,0.4886886967762786,110.50892857142857,TP,13377.5
2021-01-28,2021,"(1.0, 0.75)",-1,0.7386886967762786,165.76339285714286,TP,13377.5
2021-01-28,2021,"(1.0, 1.0)",-1,0.8562656540357114,191.75,T,13377.5
2021-02-09,2021,"(0.5, 0.5)",-1,0.0788552291064089,11.75,T,13692.25
2021-02-09,2021,"(0.5, 0.75)",-1,0.0788552291064089,11.75,T,13692.25
2021-02-09,2021,"(0.5, 1.0)",-1,0.0788552291064089,11.75,T,13692.25
2021-02-09,2021,"(0.75, 0.5)",-1,0.05257015273760593,11.75,T,13692.25
2021-02-09,2021,"(0.75, 0.75)",-1,0.05257015273760593,11.75,T,13692.25
2021-02-09,2021,"(0.75, 1.0)",-1,0.05257015273760593,11.75,T,13692.25
2021-02-09,2021,"(1.0, 0.5)",-1,0.03942761455320445,11.75,T,13692.25
2021-02-09,2021,"(1.0, 0.75)",-1,0.03942761455320445,11.75,T,13692.25
2021-02-09,2021,"(1.0, 1.0)",-1,0.03942761455320445,11.75,T,13692.25
2021-02-10,2021,"(0.5, 0.5)",-1,0.9769167353668591,108.30357142857143,TP,13728.75
2021-02-10,2021,"(0.5, 0.75)",-1,1.4769167353668589,162.45535714285714,TP,13728.75
2021-02-10,2021,"(0.5, 1.0)",-1,0.7040395713107996,78.75,T,13728.75
2021-02-10,2021,"(0.75, 0.5)",-1,0.6512778235779061,108.30357142857143,TP,13728.75
2021-02-10,2021,"(0.75, 0.75)",-1,0.9846111569112393,162.45535714285714,TP,13728.75
2021-02-10,2021,"(0.75, 1.0)",-1,0.4693597142071998,78.75,T,13728.75
2021-02-10,2021,"(1.0, 0.5)",-1,0.48845836768342954,108.30357142857143,TP,13728.75
2021-02-10,2021,"(1.0, 0.75)",-1,0.7384583676834294,162.45535714285714,TP,13728.75
2021-02-10,2021,"(1.0, 1.0)",-1,0.3520197856553998,78.75,T,13728.75
2021-02-12,2021,"(0.5, 0.5)",-1,-0.5586802827965436,-61.0,T,13743.0
2021-02-12,2021,"(0.5, 0.75)",-1,-0.5586802827965436,-61.0,T,13743.0
2021-02-12,2021,"(0.5, 1.0)",-1,-0.5586802827965436,-61.0,T,13743.0
2021-02-12,2021,"(0.75, 0.5)",-1,-0.37245352186436237,-61.0,T,13743.0
2021-02-12,2021,"(0.75, 0.75)",-1,-0.37245352186436237,-61.0,T,13743.0
2021-02-12,2021,"(0.75, 1.0)",-1,-0.37245352186436237,-61.0,T,13743.0
2021-02-12,2021,"(1.0, 0.5)",-1,-0.2793401413982718,-61.0,T,13743.0
2021-02-12,2021,"(1.0, 0.75)",-1,-0.2793401413982718,-61.0,T,13743.0
2021-02-12,2021,"(1.0, 1.0)",-1,-0.2793401413982718,-61.0,T,13743.0
2021-02-18,2021,"(0.5, 0.5)",1,0.974930611514012,99.72321428571429,TP,13552.5
2021-02-18,2021,"(0.5, 0.75)",1,0.8297967588862029,85.25,T,13552.5
2021-02-18,2021,"(0.5, 1.0)",1,0.8297967588862029,85.25,T,13552.5
2021-02-18,2021,"(0.75, 0.5)",1,0.6499537410093413,99.72321428571429,TP,13552.5
2021-02-18,2021,"(0.75, 0.75)",1,0.5531978392574686,85.25,T,13552.5
2021-02-18,2021,"(0.75, 1.0)",1,0.5531978392574686,85.25,T,13552.5
2021-02-18,2021,"(1.0, 0.5)",1,0.487465305757006,99.72321428571429,TP,13552.5
2021-02-18,2021,"(1.0, 0.75)",1,0.41489837944310143,85.25,T,13552.5
2021-02-18,2021,"(1.0, 1.0)",1,0.41489837944310143,85.25,T,13552.5
2021-02-25,2021,"(0.5, 0.5)",1,-1.0234309623430962,-106.69642857142857,SL,13008.75
2021-02-25,2021,"(0.5, 0.75)",1,-1.0234309623430962,-106.69642857142857,SL,13008.75
2021-02-25,2021,"(0.5, 1.0)",1,-1.0234309623430962,-106.69642857142857,SL,13008.75
2021-02-25,2021,"(0.75, 0.5)",1,-1.015620641562064,-160.04464285714286,SL,13008.75
2021-02-25,2021,"(0.75, 0.75)",1,-1.015620641562064,-160.04464285714286,SL,13008.75
2021-02-25,2021,"(0.75, 1.0)",1,-1.015620641562064,-160.04464285714286,SL,13008.75
2021-02-25,2021,"(1.0, 0.5)",1,-1.011715481171548,-213.39285714285714,SL,13008.75
2021-02-25,2021,"(1.0, 0.75)",1,-1.011715481171548,-213.39285714285714,SL,13008.75
2021-02-25,2021,"(1.0, 1.0)",1,-1.011715481171548,-213.39285714285714,SL,13008.75
2021-03-02,2021,"(0.5, 0.5)",-1,0.9819133130934694,138.22321428571428,TP,13271.0
2021-03-02,2021,"(0.5, 0.75)",-1,1.4819133130934694,207.33482142857142,TP,13271.0
2021-03-02,2021,"(0.5, 1.0)",-1,1.5210903688392223,212.75,T,13271.0
2021-03-02,2021,"(0.75, 0.5)",-1,0.6546088753956463,138.22321428571428,TP,13271.0
2021-03-02,2021,"(0.75, 0.75)",-1,0.9879422087289796,207.33482142857142,TP,13271.0
2021-03-02,2021,"(0.75, 1.0)",-1,1.014060245892815,212.75,T,13271.0
2021-03-02,2021,"(1.0, 0.5)",-1,0.4909566565467347,138.22321428571428,TP,13271.0
2021-03-02,2021,"(1.0, 0.75)",-1,0.7409566565467347,207.33482142857142,TP,13271.0
2021-03-02,2021,"(1.0, 1.0)",-1,0.7605451844196112,212.75,T,13271.0
2021-03-04,2021,"(0.5, 0.5)",1,-1.0167755077586724,-149.02678571428572,SL,12746.75
2021-03-04,2021,"(0.5, 0.75)",1,-1.0167755077586724,-149.02678571428572,SL,12746.75
2021-03-04,2021,"(0.5, 1.0)",1,-1.0167755077586724,-149.02678571428572,SL,12746.75
2021-03-04,2021,"(0.75, 0.5)",1,-1.011183671839115,-223.54017857142858,SL,12746.75
2021-03-04,2021,"(0.75, 0.75)",1,-1.011183671839115,-223.54017857142858,SL,12746.75
2021-03-04,2021,"(0.75, 1.0)",1,-1.011183671839115,-223.54017857142858,SL,12746.75
2021-03-04,2021,"(1.0, 0.5)",1,-1.0083877538793362,-298.05357142857144,SL,12746.75
2021-03-04,2021,"(1.0, 0.75)",1,-1.0083877538793362,-298.05357142857144,SL,12746.75
2021-03-04,2021,"(1.0, 1.0)",1,-1.0083877538793362,-298.05357142857144,SL,12746.75
2021-03-08,2021,"(0.5, 0.5)",-1,0.9856270212001438,173.9375,TP,12618.75
2021-03-08,2021,"(0.5, 0.75)",-1,1.4856270212001437,260.90625,TP,12618.75
2021-03-08,2021,"(0.5, 1.0)",-1,1.815307222421847,318.25,T,12618.75
2021-03-08,2021,"(0.75, 0.5)",-1,0.6570846808000959,173.9375,TP,12618.75
2021-03-08,2021,"(0.75, 0.75)",-1,0.9904180141334291,260.90625,TP,12618.75
2021-03-08,2021,"(0.75, 1.0)",-1,1.2102048149478979,318.25,T,12618.75
2021-03-08,2021,"(1.0, 0.5)",-1,0.4928135106000719,173.9375,TP,12618.75
2021-03-08,2021,"(1.0, 0.75)",-1,0.7428135106000718,260.90625,TP,12618.75
2021-03-08,2021,"(1.0, 1.0)",-1,0.9076536112109235,318.25,T,12618.75
2021-03-09,2021,"(0.5, 0.5)",-1,-0.4612469021818359,-82.25,T,12704.75
2021-03-09,2021,"(0.5, 0.75)",-1,-0.4612469021818359,-82.25,T,12704.75
2021-03-09,2021,"(0.5, 1.0)",-1,-0.4612469021818359,-82.25,T,12704.75
2021-03-09,2021,"(0.75, 0.5)",-1,-0.3074979347878906,-82.25,T,12704.75
2021-03-09,2021,"(0.75, 0.75)",-1,-0.3074979347878906,-82.25,T,12704.75
2021-03-09,2021,"(0.75, 1.0)",-1,-0.3074979347878906,-82.25,T,12704.75
2021-03-09,2021,"(1.0, 0.5)",-1,-0.23062345109091795,-82.25,T,12704.75
2021-03-09,2021,"(1.0, 0.75)",-1,-0.23062345109091795,-82.25,T,12704.75
2021-03-09,2021,"(1.0, 1.0)",-1,-0.23062345109091795,-82.25,T,12704.75
2021-03-18,2021,"(0.5, 0.5)",1,-1.013958821476644,-179.09821428571428,SL,12945.0
2021-03-18,2021,"(0.5, 0.75)",1,-1.013958821476644,-179.09821428571428,SL,12945.0
2021-03-18,2021,"(0.5, 1.0)",1,-1.013958821476644,-179.09821428571428,SL,12945.0
2021-03-18,2021,"(0.75, 0.5)",1,-0.6160493211692174,-163.0,T,12945.0
2021-03-18,2021,"(0.75, 0.75)",1,-0.6160493211692174,-163.0,T,12945.0
2021-03-18,2021,"(0.75, 1.0)",1,-0.6160493211692174,-163.0,T,12945.0
2021-03-18,2021,"(1.0, 0.5)",1,-0.46203699087691313,-163.0,T,12945.0
2021-03-18,2021,"(1.0, 0.75)",1,-0.46203699087691313,-163.0,T,12945.0
2021-03-18,2021,"(1.0, 1.0)",1,-0.46203699087691313,-163.0,T,12945.0
2021-03-29,2021,"(0.5, 0.5)",-1,0.9832094027344687,148.89285714285714,TP,12970.5
2021-03-29,2021,"(0.5, 0.75)",-1,0.07891580714799712,14.25,T,12970.5
2021-03-29,2021,"(0.5, 1.0)",-1,0.07891580714799712,14.25,T,12970.5
2021-03-29,2021,"(0.75, 0.5)",-1,0.6554729351563124,148.89285714285714,TP,12970.5
2021-03-29,2021,"(0.75, 0.75)",-1,0.05261053809866475,14.25,T,12970.5
2021-03-29,2021,"(0.75, 1.0)",-1,0.05261053809866475,14.25,T,12970.5
2021-03-29,2021,"(1.0, 0.5)",-1,0.49160470136723433,148.89285714285714,TP,12970.5
2021-03-29,2021,"(1.0, 0.75)",-1,0.03945790357399856,14.25,T,12970.5
2021-03-29,2021,"(1.0, 1.0)",-1,0.03945790357399856,14.25,T,12970.5
2021-03-30,2021,"(0.5, 0.5)",1,0.5190658398205568,72.75,T,12822.5
2021-03-30,2021,"(0.5, 0.75)",1,0.5190658398205568,72.75,T,12822.5
2021-03-30,2021,"(0.5, 1.0)",1,0.5190658398205568,72.75,T,12822.5
2021-03-30,2021,"(0.75, 0.5)",1,0.3460438932137045,72.75,T,12822.5
2021-03-30,2021,"(0.75, 0.75)",1,0.3460438932137045,72.75,T,12822.5
2021-03-30,2021,"(0.75, 1.0)",1,0.3460438932137045,72.75,T,12822.5
2021-03-30,2021,"(1.0, 0.5)",1,0.2595329199102784,72.75,T,12822.5
2021-03-30,2021,"(1.0, 0.75)",1,0.2595329199102784,72.75,T,12822.5
2021-03-30,2021,"(1.0, 1.0)",1,0.2595329199102784,72.75,T,12822.5
2021-04-06,2021,"(0.5, 0.5)",-1,0.28292483102341776,39.5,T,13611.0
2021-04-06,2021,"(0.5, 0.75)",-1,0.28292483102341776,39.5,T,13611.0
2021-04-06,2021,"(0.5, 1.0)",-1,0.28292483102341776,39.5,T,13611.0
2021-04-06,2021,"(0.75, 0.5)",-1,0.18861655401561184,39.5,T,13611.0
2021-04-06,2021,"(0.75, 0.75)",-1,0.18861655401561184,39.5,T,13611.0
2021-04-06,2021,"(0.75, 1.0)",-1,0.18861655401561184,39.5,T,13611.0
2021-04-06,2021,"(1.0, 0.5)",-1,0.14146241551170888,39.5,T,13611.0
2021-04-06,2021,"(1.0, 0.75)",-1,0.14146241551170888,39.5,T,13611.0
2021-04-06,2021,"(1.0, 1.0)",-1,0.14146241551170888,39.5,T,13611.0
2021-04-16,2021,"(0.5, 0.5)",-1,-0.5188024826579044,-48.25,T,13983.0
2021-04-16,2021,"(0.5, 0.75)",-1,-0.5188024826579044,-48.25,T,13983.0
2021-04-16,2021,"(0.5, 1.0)",-1,-0.5188024826579044,-48.25,T,13983.0
2021-04-16,2021,"(0.75, 0.5)",-1,-0.3458683217719362,-48.25,T,13983.0
2021-04-16,2021,"(0.75, 0.75)",-1,-0.3458683217719362,-48.25,T,13983.0
2021-04-16,2021,"(0.75, 1.0)",-1,-0.3458683217719362,-48.25,T,13983.0
2021-04-16,2021,"(1.0, 0.5)",-1,-0.2594012413289522,-48.25,T,13983.0
2021-04-16,2021,"(1.0, 0.75)",-1,-0.2594012413289522,-48.25,T,13983.0
2021-04-16,2021,"(1.0, 1.0)",-1,-0.2594012413289522,-48.25,T,13983.0
2021-04-19,2021,"(0.5, 0.5)",1,-1.0274267802918993,-91.15178571428571,SL,13998.75
2021-04-19,2021,"(0.5, 0.75)",1,-1.0274267802918993,-91.15178571428571,SL,13998.75
2021-04-19,2021,"(0.5, 1.0)",1,-1.0274267802918993,-91.15178571428571,SL,13998.75
2021-04-19,2021,"(0.75, 0.5)",1,-1.0182845201945996,-136.72767857142856,SL,13998.75
2021-04-19,2021,"(0.75, 0.75)",1,-1.0182845201945996,-136.72767857142856,SL,13998.75
2021-04-19,2021,"(0.75, 1.0)",1,-1.0182845201945996,-136.72767857142856,SL,13998.75
2021-04-19,2021,"(1.0, 0.5)",1,-0.5334508766774415,-94.75,T,13998.75
2021-04-19,2021,"(1.0, 0.75)",1,-0.5334508766774415,-94.75,T,13998.75
2021-04-19,2021,"(1.0, 1.0)",1,-0.5334508766774415,-94.75,T,13998.75
2021-04-20,2021,"(0.5, 0.5)",1,-1.0271844660194174,-91.96428571428571,SL,13824.75
2021-04-20,2021,"(0.5, 0.75)",1,-1.0271844660194174,-91.96428571428571,SL,13824.75
2021-04-20,2021,"(0.5, 1.0)",1,-1.0271844660194174,-91.96428571428571,SL,13824.75
2021-04-20,2021,"(0.75, 0.5)",1,-0.20116504854368936,-25.25,T,13824.75
2021-04-20,2021,"(0.75, 0.75)",1,-0.20116504854368936,-25.25,T,13824.75
2021-04-20,2021,"(0.75, 1.0)",1,-0.20116504854368936,-25.25,T,13824.75
2021-04-20,2021,"(1.0, 0.5)",1,-0.150873786407767,-25.25,T,13824.75
2021-04-20,2021,"(1.0, 0.75)",1,-0.150873786407767,-25.25,T,13824.75
2021-04-20,2021,"(1.0, 1.0)",1,-0.150873786407767,-25.25,T,13824.75
2021-04-26,2021,"(0.5, 0.5)",-1,-0.46671324483481386,-39.25,T,13974.75
2021-04-26,2021,"(0.5, 0.75)",-1,-0.46671324483481386,-39.25,T,13974.75
2021-04-26,2021,"(0.5, 1.0)",-1,-0.46671324483481386,-39.25,T,13974.75
2021-04-26,2021,"(0.75, 0.5)",-1,-0.3111421632232092,-39.25,T,13974.75
2021-04-26,2021,"(0.75, 0.75)",-1,-0.3111421632232092,-39.25,T,13974.75
2021-04-26,2021,"(0.75, 1.0)",-1,-0.3111421632232092,-39.25,T,13974.75
2021-04-26,2021,"(1.0, 0.5)",-1,-0.23335662241740693,-39.25,T,13974.75
2021-04-26,2021,"(1.0, 0.75)",-1,-0.23335662241740693,-39.25,T,13974.75
2021-04-26,2021,"(1.0, 1.0)",-1,-0.23335662241740693,-39.25,T,13974.75
2021-04-27,2021,"(0.5, 0.5)",-1,0.972139303482587,89.73214285714286,TP,14021.5
2021-04-27,2021,"(0.5, 0.75)",-1,0.7522388059701492,70.0,T,14021.5
2021-04-27,2021,"(0.5, 1.0)",-1,0.7522388059701492,70.0,T,14021.5
2021-04-27,2021,"(0.75, 0.5)",-1,0.6480928689883915,89.73214285714286,TP,14021.5
2021-04-27,2021,"(0.75, 0.75)",-1,0.5014925373134329,70.0,T,14021.5
2021-04-27,2021,"(0.75, 1.0)",-1,0.5014925373134329,70.0,T,14021.5
2021-04-27,2021,"(1.0, 0.5)",-1,0.4860696517412935,89.73214285714286,TP,14021.5
2021-04-27,2021,"(1.0, 0.75)",-1,0.3761194029850746,70.0,T,14021.5
2021-04-27,2021,"(1.0, 1.0)",-1,0.3761194029850746,70.0,T,14021.5
2021-05-12,2021,"(0.5, 0.5)",1,-1.022875816993464,-109.28571428571429,SL,13101.75
2021-05-12,2021,"(0.5, 0.75)",1,-1.022875816993464,-109.28571428571429,SL,13101.75
2021-05-12,2021,"(0.5, 1.0)",1,-1.022875816993464,-109.28571428571429,SL,13101.75
2021-05-12,2021,"(0.75, 0.5)",1,-0.6450980392156862,-103.25,T,13101.75
2021-05-12,2021,"(0.75, 0.75)",1,-0.6450980392156862,-103.25,T,13101.75
2021-05-12,2021,"(0.75, 1.0)",1,-0.6450980392156862,-103.25,T,13101.75
2021-05-12,2021,"(1.0, 0.5)",1,-0.48382352941176465,-103.25,T,13101.75
2021-05-12,2021,"(1.0, 0.75)",1,-0.48382352941176465,-103.25,T,13101.75
2021-05-12,2021,"(1.0, 1.0)",1,-0.48382352941176465,-103.25,T,13101.75
2021-05-17,2021,"(0.5, 0.5)",1,0.7489711934156379,93.5,T,13212.25
2021-05-17,2021,"(0.5, 0.75)",1,0.7489711934156379,93.5,T,13212.25
2021-05-17,2021,"(0.5, 1.0)",1,0.7489711934156379,93.5,T,13212.25
2021-05-17,2021,"(0.75, 0.5)",1,0.4993141289437586,93.5,T,13212.25
2021-05-17,2021,"(0.75, 0.75)",1,0.4993141289437586,93.5,T,13212.25
2021-05-17,2021,"(0.75, 1.0)",1,0.4993141289437586,93.5,T,13212.25
2021-05-17,2021,"(1.0, 0.5)",1,0.37448559670781895,93.5,T,13212.25
2021-05-17,2021,"(1.0, 0.75)",1,0.37448559670781895,93.5,T,13212.25
2021-05-17,2021,"(1.0, 1.0)",1,0.37448559670781895,93.5,T,13212.25
2021-05-18,2021,"(0.5, 0.5)",-1,0.8726123797213845,111.0,T,13324.25
2021-05-18,2021,"(0.5, 0.75)",-1,0.8726123797213845,111.0,T,13324.25
2021-05-18,2021,"(0.5, 1.0)",-1,0.8726123797213845,111.0,T,13324.25
2021-05-18,2021,"(0.75, 0.5)",-1,0.581741586480923,111.0,T,13324.25
2021-05-18,2021,"(0.75, 0.75)",-1,0.581741586480923,111.0,T,13324.25
2021-05-18,2021,"(0.75, 1.0)",-1,0.581741586480923,111.0,T,13324.25
2021-05-18,2021,"(1.0, 0.5)",-1,0.43630618986069225,111.0,T,13324.25
2021-05-18,2021,"(1.0, 0.75)",-1,0.43630618986069225,111.0,T,13324.25
2021-05-18,2021,"(1.0, 1.0)",-1,0.43630618986069225,111.0,T,13324.25
2021-05-27,2021,"(0.5, 0.5)",1,-0.23850785724776033,-26.5,T,13678.75
2021-05-27,2021,"(0.5, 0.75)",1,-0.23850785724776033,-26.5,T,13678.75
2021-05-27,2021,"(0.5, 1.0)",1,-0.23850785724776033,-26.5,T,13678.75
2021-05-27,2021,"(0.75, 0.5)",1,-0.15900523816517356,-26.5,T,13678.75
2021-05-27,2021,"(0.75, 0.75)",1,-0.15900523816517356,-26.5,T,13678.75
2021-05-27,2021,"(0.75, 1.0)",1,-0.15900523816517356,-26.5,T,13678.75
2021-05-27,2021,"(1.0, 0.5)",1,-0.11925392862388016,-26.5,T,13678.75
2021-05-27,2021,"(1.0, 0.75)",1,-0.11925392862388016,-26.5,T,13678.75
2021-05-27,2021,"(1.0, 1.0)",1,-0.11925392862388016,-26.5,T,13678.75
2021-05-28,2021,"(0.5, 0.5)",-1,0.20353508302088913,26.25,T,13716.75
2021-05-28,2021,"(0.5, 0.75)",-1,0.20353508302088913,26.25,T,13716.75
2021-05-28,2021,"(0.5, 1.0)",-1,0.20353508302088913,26.25,T,13716.75
2021-05-28,2021,"(0.75, 0.5)",-1,0.13569005534725942,26.25,T,13716.75
2021-05-28,2021,"(0.75, 0.75)",-1,0.13569005534725942,26.25,T,13716.75
2021-05-28,2021,"(0.75, 1.0)",-1,0.13569005534725942,26.25,T,13716.75
2021-05-28,2021,"(1.0, 0.5)",-1,0.10176754151044456,26.25,T,13716.75
2021-05-28,2021,"(1.0, 0.75)",-1,0.10176754151044456,26.25,T,13716.75
2021-05-28,2021,"(1.0, 1.0)",-1,0.10176754151044456,26.25,T,13716.75
2021-06-01,2021,"(0.5, 0.5)",-1,0.976855678624566,108.01785714285714,TP,13753.25
2021-06-01,2021,"(0.5, 0.75)",-1,0.9234584228798148,102.25,T,13753.25
2021-06-01,2021,"(0.5, 1.0)",-1,0.9234584228798148,102.25,T,13753.25
2021-06-01,2021,"(0.75, 0.5)",-1,0.6512371190830439,108.01785714285714,TP,13753.25
2021-06-01,2021,"(0.75, 0.75)",-1,0.6156389485865432,102.25,T,13753.25
2021-06-01,2021,"(0.75, 1.0)",-1,0.6156389485865432,102.25,T,13753.25
2021-06-01,2021,"(1.0, 0.5)",-1,0.488427839312283,108.01785714285714,TP,13753.25
2021-06-01,2021,"(1.0, 0.75)",-1,0.4617292114399074,102.25,T,13753.25
2021-06-01,2021,"(1.0, 1.0)",-1,0.4617292114399074,102.25,T,13753.25
2021-06-07,2021,"(0.5, 0.5)",-1,-0.2935240521210934,-24.25,T,13778.25
2021-06-07,2021,"(0.5, 0.75)",-1,-0.2935240521210934,-24.25,T,13778.25
2021-06-07,2021,"(0.5, 1.0)",-1,-0.2935240521210934,-24.25,T,13778.25
2021-06-07,2021,"(0.75, 0.5)",-1,-0.19568270141406224,-24.25,T,13778.25
2021-06-07,2021,"(0.75, 0.75)",-1,-0.19568270141406224,-24.25,T,13778.25
2021-06-07,2021,"(0.75, 1.0)",-1,-0.19568270141406224,-24.25,T,13778.25
2021-06-07,2021,"(1.0, 0.5)",-1,-0.1467620260605467,-24.25,T,13778.25
2021-06-07,2021,"(1.0, 0.75)",-1,-0.1467620260605467,-24.25,T,13778.25
2021-06-07,2021,"(1.0, 1.0)",-1,-0.1467620260605467,-24.25,T,13778.25
2021-06-11,2021,"(0.5, 0.5)",-1,-0.5932062966031483,-42.25,T,13952.25
2021-06-11,2021,"(0.5, 0.75)",-1,-0.5932062966031483,-42.25,T,13952.25
2021-06-11,2021,"(0.5, 1.0)",-1,-0.5932062966031483,-42.25,T,13952.25
2021-06-11,2021,"(0.75, 0.5)",-1,-0.3954708644020989,-42.25,T,13952.25
2021-06-11,2021,"(0.75, 0.75)",-1,-0.3954708644020989,-42.25,T,13952.25
2021-06-11,2021,"(0.75, 1.0)",-1,-0.3954708644020989,-42.25,T,13952.25
2021-06-11,2021,"(1.0, 0.5)",-1,-0.29660314830157414,-42.25,T,13952.25
2021-06-11,2021,"(1.0, 0.75)",-1,-0.29660314830157414,-42.25,T,13952.25
2021-06-11,2021,"(1.0, 1.0)",-1,-0.29660314830157414,-42.25,T,13952.25
2021-06-14,2021,"(0.5, 0.5)",-1,-1.034947578632052,-71.53571428571429,SL,13972.75
2021-06-14,2021,"(0.5, 0.75)",-1,-1.034947578632052,-71.53571428571429,SL,13972.75
2021-06-14,2021,"(0.5, 1.0)",-1,-1.034947578632052,-71.53571428571429,SL,13972.75
2021-06-14,2021,"(0.75, 0.5)",-1,-1.0232983857547013,-107.30357142857144,SL,13972.75
2021-06-14,2021,"(0.75, 0.75)",-1,-1.0232983857547013,-107.30357142857144,SL,13972.75
2021-06-14,2021,"(0.75, 1.0)",-1,-1.0232983857547013,-107.30357142857144,SL,13972.75
2021-06-14,2021,"(1.0, 0.5)",-1,-1.017473789316026,-143.07142857142858,SL,13972.75
2021-06-14,2021,"(1.0, 0.75)",-1,-1.017473789316026,-143.07142857142858,SL,13972.75
2021-06-14,2021,"(1.0, 1.0)",-1,-1.017473789316026,-143.07142857142858,SL,13972.75
2021-06-17,2021,"(0.5, 0.5)",-1,-1.0335530257639305,-74.50892857142857,SL,14091.25
2021-06-17,2021,"(0.5, 0.75)",-1,-1.0335530257639305,-74.50892857142857,SL,14091.25
2021-06-17,2021,"(0.5, 1.0)",-1,-1.0335530257639305,-74.50892857142857,SL,14091.25
2021-06-17,2021,"(0.75, 0.5)",-1,-0.6039544637507489,-65.0,T,14091.25
2021-06-17,2021,"(0.75, 0.75)",-1,-0.6039544637507489,-65.0,T,14091.25
2021-06-17,2021,"(0.75, 1.0)",-1,-0.6039544637507489,-65.0,T,14091.25
2021-06-17,2021,"(1.0, 0.5)",-1,-0.4529658478130617,-65.0,T,14091.25
2021-06-17,2021,"(1.0, 0.75)",-1,-0.4529658478130617,-65.0,T,14091.25
2021-06-17,2021,"(1.0, 1.0)",-1,-0.4529658478130617,-65.0,T,14091.25
2021-06-21,2021,"(0.5, 0.5)",-1,-0.09690677049534933,-5.5,T,14122.75
2021-06-21,2021,"(0.5, 0.75)",-1,-0.09690677049534933,-5.5,T,14122.75
2021-06-21,2021,"(0.5, 1.0)",-1,-0.09690677049534933,-5.5,T,14122.75
2021-06-21,2021,"(0.75, 0.5)",-1,-0.06460451366356623,-5.5,T,14122.75
2021-06-21,2021,"(0.75, 0.75)",-1,-0.06460451366356623,-5.5,T,14122.75
2021-06-21,2021,"(0.75, 1.0)",-1,-0.06460451366356623,-5.5,T,14122.75
2021-06-21,2021,"(1.0, 0.5)",-1,-0.04845338524767467,-5.5,T,14122.75
2021-06-21,2021,"(1.0, 0.75)",-1,-0.04845338524767467,-5.5,T,14122.75
2021-06-21,2021,"(1.0, 1.0)",-1,-0.04845338524767467,-5.5,T,14122.75
2021-06-25,2021,"(0.5, 0.5)",1,-0.14298978644382543,-8.5,T,14347.25
2021-06-25,2021,"(0.5, 0.75)",1,-0.14298978644382543,-8.5,T,14347.25
2021-06-25,2021,"(0.5, 1.0)",1,-0.14298978644382543,-8.5,T,14347.25
2021-06-25,2021,"(0.75, 0.5)",1,-0.09532652429588363,-8.5,T,14347.25
2021-06-25,2021,"(0.75, 0.75)",1,-0.09532652429588363,-8.5,T,14347.25
2021-06-25,2021,"(0.75, 1.0)",1,-0.09532652429588363,-8.5,T,14347.25
2021-06-25,2021,"(1.0, 0.5)",1,-0.07149489322191271,-8.5,T,14347.25
2021-06-25,2021,"(1.0, 0.75)",1,-0.07149489322191271,-8.5,T,14347.25
2021-06-25,2021,"(1.0, 1.0)",1,-0.07149489322191271,-8.5,T,14347.25
2021-06-29,2021,"(0.5, 0.5)",-1,-0.6507065280859512,-47.25,T,14516.75
2021-06-29,2021,"(0.5, 0.75)",-1,-0.6507065280859512,-47.25,T,14516.75
2021-06-29,2021,"(0.5, 1.0)",-1,-0.6507065280859512,-47.25,T,14516.75
2021-06-29,2021,"(0.75, 0.5)",-1,-0.43380435205730083,-47.25,T,14516.75
2021-06-29,2021,"(0.75, 0.75)",-1,-0.43380435205730083,-47.25,T,14516.75
2021-06-29,2021,"(0.75, 1.0)",-1,-0.43380435205730083,-47.25,T,14516.75
2021-06-29,2021,"(1.0, 0.5)",-1,-0.3253532640429756,-47.25,T,14516.75
2021-06-29,2021,"(1.0, 0.75)",-1,-0.3253532640429756,-47.25,T,14516.75
2021-06-29,2021,"(1.0, 1.0)",-1,-0.3253532640429756,-47.25,T,14516.75
2021-06-30,2021,"(0.5, 0.5)",-1,-0.16018680677174546,-9.75,T,14533.75
2021-06-30,2021,"(0.5, 0.75)",-1,-0.16018680677174546,-9.75,T,14533.75
2021-06-30,2021,"(0.5, 1.0)",-1,-0.16018680677174546,-9.75,T,14533.75
2021-06-30,2021,"(0.75, 0.5)",-1,-0.10679120451449697,-9.75,T,14533.75
2021-06-30,2021,"(0.75, 0.75)",-1,-0.10679120451449697,-9.75,T,14533.75
2021-06-30,2021,"(0.75, 1.0)",-1,-0.10679120451449697,-9.75,T,14533.75
2021-06-30,2021,"(1.0, 0.5)",-1,-0.08009340338587273,-9.75,T,14533.75
2021-06-30,2021,"(1.0, 0.75)",-1,-0.08009340338587273,-9.75,T,14533.75
2021-06-30,2021,"(1.0, 1.0)",-1,-0.08009340338587273,-9.75,T,14533.75
2021-07-01,2021,"(0.5, 0.5)",1,-1.034208918753818,-73.08035714285714,SL,14553.5
2021-07-01,2021,"(0.5, 0.75)",1,-1.034208918753818,-73.08035714285714,SL,14553.5
2021-07-01,2021,"(0.5, 1.0)",1,-1.034208918753818,-73.08035714285714,SL,14553.5
2021-07-01,2021,"(0.75, 0.5)",1,-0.07525962125839951,-5.75,T,14553.5
2021-07-01,2021,"(0.75, 0.75)",1,-0.07525962125839951,-5.75,T,14553.5
2021-07-01,2021,"(0.75, 1.0)",1,-0.07525962125839951,-5.75,T,14553.5
2021-07-01,2021,"(1.0, 0.5)",1,-0.056444715943799635,-5.75,T,14553.5
2021-07-01,2021,"(1.0, 0.75)",1,-0.056444715943799635,-5.75,T,14553.5
2021-07-01,2021,"(1.0, 1.0)",1,-0.056444715943799635,-5.75,T,14553.5
2021-07-14,2021,"(0.5, 0.5)",-1,0.9637634269444804,68.99107142857143,TP,14992.0
2021-07-14,2021,"(0.5, 0.75)",-1,1.4637634269444804,103.48660714285714,TP,14992.0
2021-07-14,2021,"(0.5, 1.0)",-1,1.376989776109745,97.5,T,14992.0
2021-07-14,2021,"(0.75, 0.5)",-1,0.6425089512963204,68.99107142857143,TP,14992.0
2021-07-14,2021,"(0.75, 0.75)",-1,0.9758422846296536,103.48660714285714,TP,14992.0
2021-07-14,2021,"(0.75, 1.0)",-1,0.9179931840731634,97.5,T,14992.0
2021-07-14,2021,"(1.0, 0.5)",-1,0.4818817134722402,68.99107142857143,TP,14992.0
2021-07-14,2021,"(1.0, 0.75)",-1,0.7318817134722402,103.48660714285714,TP,14992.0
2021-07-14,2021,"(1.0, 1.0)",-1,0.6884948880548725,97.5,T,14992.0
2021-07-16,2021,"(0.5, 0.5)",1,-0.6108838477748854,-41.5,T,14714.75
2021-07-16,2021,"(0.5, 0.75)",1,-0.6108838477748854,-41.5,T,14714.75
2021-07-16,2021,"(0.5, 1.0)",1,-0.6108838477748854,-41.5,T,14714.75
2021-07-16,2021,"(0.75, 0.5)",1,-0.4072558985165903,-41.5,T,14714.75
2021-07-16,2021,"(0.75, 0.75)",1,-0.4072558985165903,-41.5,T,14714.75
2021-07-16,2021,"(0.75, 1.0)",1,-0.4072558985165903,-41.5,T,14714.75
2021-07-16,2021,"(1.0, 0.5)",1,-0.3054419238874427,-41.5,T,14714.75
2021-07-16,2021,"(1.0, 0.75)",1,-0.3054419238874427,-41.5,T,14714.75
2021-07-16,2021,"(1.0, 1.0)",1,-0.3054419238874427,-41.5,T,14714.75
2021-07-20,2021,"(0.5, 0.5)",-1,-1.031814566526531,-78.58035714285714,SL,14551.5
2021-07-20,2021,"(0.5, 0.75)",-1,-1.031814566526531,-78.58035714285714,SL,14551.5
2021-07-20,2021,"(0.5, 1.0)",-1,-1.031814566526531,-78.58035714285714,SL,14551.5
2021-07-20,2021,"(0.75, 0.5)",-1,-1.0212097110176874,-117.87053571428571,SL,14551.5
2021-07-20,2021,"(0.75, 0.75)",-1,-1.0212097110176874,-117.87053571428571,SL,14551.5
2021-07-20,2021,"(0.75, 1.0)",-1,-1.0212097110176874,-117.87053571428571,SL,14551.5
2021-07-20,2021,"(1.0, 0.5)",-1,-1.0159072832632656,-157.16071428571428,SL,14551.5
2021-07-20,2021,"(1.0, 0.75)",-1,-1.0159072832632656,-157.16071428571428,SL,14551.5
2021-07-20,2021,"(1.0, 1.0)",-1,-1.0159072832632656,-157.16071428571428,SL,14551.5
2021-07-21,2021,"(0.5, 0.5)",-1,-0.5701023314695643,-45.75,T,14782.25
2021-07-21,2021,"(0.5, 0.75)",-1,-0.5701023314695643,-45.75,T,14782.25
2021-07-21,2021,"(0.5, 1.0)",-1,-0.5701023314695643,-45.75,T,14782.25
2021-07-21,2021,"(0.75, 0.5)",-1,-0.38006822097970955,-45.75,T,14782.25
2021-07-21,2021,"(0.75, 0.75)",-1,-0.38006822097970955,-45.75,T,14782.25
2021-07-21,2021,"(0.75, 1.0)",-1,-0.38006822097970955,-45.75,T,14782.25
2021-07-21,2021,"(1.0, 0.5)",-1,-0.2850511657347822,-45.75,T,14782.25
2021-07-21,2021,"(1.0, 0.75)",-1,-0.2850511657347822,-45.75,T,14782.25
2021-07-21,2021,"(1.0, 1.0)",-1,-0.2850511657347822,-45.75,T,14782.25
2021-07-26,2021,"(0.5, 0.5)",-1,-0.255863539445629,-20.0,T,15097.0
2021-07-26,2021,"(0.5, 0.75)",-1,-0.255863539445629,-20.0,T,15097.0
2021-07-26,2021,"(0.5, 1.0)",-1,-0.255863539445629,-20.0,T,15097.0
2021-07-26,2021,"(0.75, 0.5)",-1,-0.17057569296375266,-20.0,T,15097.0
2021-07-26,2021,"(0.75, 0.75)",-1,-0.17057569296375266,-20.0,T,15097.0
2021-07-26,2021,"(0.75, 1.0)",-1,-0.17057569296375266,-20.0,T,15097.0
2021-07-26,2021,"(1.0, 0.5)",-1,-0.1279317697228145,-20.0,T,15097.0
2021-07-26,2021,"(1.0, 0.75)",-1,-0.1279317697228145,-20.0,T,15097.0
2021-07-26,2021,"(1.0, 1.0)",-1,-0.1279317697228145,-20.0,T,15097.0
2021-07-27,2021,"(0.5, 0.5)",1,-1.029273392577104,-85.40178571428571,SL,15042.75
2021-07-27,2021,"(0.5, 0.75)",1,-1.029273392577104,-85.40178571428571,SL,15042.75
2021-07-27,2021,"(0.5, 1.0)",1,-1.029273392577104,-85.40178571428571,SL,15042.75
2021-07-27,2021,"(0.75, 0.5)",1,-1.0195155950514028,-128.10267857142856,SL,15042.75
2021-07-27,2021,"(0.75, 0.75)",1,-1.0195155950514028,-128.10267857142856,SL,15042.75
2021-07-27,2021,"(0.75, 1.0)",1,-1.0195155950514028,-128.10267857142856,SL,15042.75
2021-07-27,2021,"(1.0, 0.5)",1,-1.014636696288552,-170.80357142857142,SL,15042.75
2021-07-27,2021,"(1.0, 0.75)",1,-1.014636696288552,-170.80357142857142,SL,15042.75
2021-07-27,2021,"(1.0, 1.0)",1,-1.014636696288552,-170.80357142857142,SL,15042.75
2021-07-29,2021,"(0.5, 0.5)",-1,0.31233041905336145,30.25,T,15065.5
2021-07-29,2021,"(0.5, 0.75)",-1,0.31233041905336145,30.25,T,15065.5
2021-07-29,2021,"(0.5, 1.0)",-1,0.31233041905336145,30.25,T,15065.5
2021-07-29,2021,"(0.75, 0.5)",-1,0.20822027936890763,30.25,T,15065.5
2021-07-29,2021,"(0.75, 0.75)",-1,0.20822027936890763,30.25,T,15065.5
2021-07-29,2021,"(0.75, 1.0)",-1,0.20822027936890763,30.25,T,15065.5
2021-07-29,2021,"(1.0, 0.5)",-1,0.15616520952668073,30.25,T,15065.5
2021-07-29,2021,"(1.0, 0.75)",-1,0.15616520952668073,30.25,T,15065.5
2021-07-29,2021,"(1.0, 1.0)",-1,0.15616520952668073,30.25,T,15065.5
2021-08-04,2021,"(0.5, 0.5)",-1,-0.30945332543911586,-25.5,T,15043.5
2021-08-04,2021,"(0.5, 0.75)",-1,-0.30945332543911586,-25.5,T,15043.5
2021-08-04,2021,"(0.5, 1.0)",-1,-0.30945332543911586,-25.5,T,15043.5
2021-08-04,2021,"(0.75, 0.5)",-1,-0.2063022169594106,-25.5,T,15043.5
2021-08-04,2021,"(0.75, 0.75)",-1,-0.2063022169594106,-25.5,T,15043.5
2021-08-04,2021,"(0.75, 1.0)",-1,-0.2063022169594106,-25.5,T,15043.5
2021-08-04,2021,"(1.0, 0.5)",-1,-0.15472666271955793,-25.5,T,15043.5
2021-08-04,2021,"(1.0, 0.75)",-1,-0.15472666271955793,-25.5,T,15043.5
2021-08-04,2021,"(1.0, 1.0)",-1,-0.15472666271955793,-25.5,T,15043.5
2021-08-05,2021,"(0.5, 0.5)",-1,-0.7627014894919405,-64.25,T,15102.0
2021-08-05,2021,"(0.5, 0.75)",-1,-0.7627014894919405,-64.25,T,15102.0
2021-08-05,2021,"(0.5, 1.0)",-1,-0.7627014894919405,-64.25,T,15102.0
2021-08-05,2021,"(0.75, 0.5)",-1,-0.5084676596612936,-64.25,T,15102.0
2021-08-05,2021,"(0.75, 0.75)",-1,-0.5084676596612936,-64.25,T,15102.0
2021-08-05,2021,"(0.75, 1.0)",-1,-0.5084676596612936,-64.25,T,15102.0
2021-08-05,2021,"(1.0, 0.5)",-1,-0.38135074474597025,-64.25,T,15102.0
2021-08-05,2021,"(1.0, 0.75)",-1,-0.38135074474597025,-64.25,T,15102.0
2021-08-05,2021,"(1.0, 1.0)",-1,-0.38135074474597025,-64.25,T,15102.0
2021-08-06,2021,"(0.5, 0.5)",1,0.1974148061104583,19.0,T,15077.25
2021-08-06,2021,"(0.5, 0.75)",1,0.1974148061104583,19.0,T,15077.25
2021-08-06,2021,"(0.5, 1.0)",1,0.1974148061104583,19.0,T,15077.25
2021-08-06,2021,"(0.75, 0.5)",1,0.13160987074030553,19.0,T,15077.25
2021-08-06,2021,"(0.75, 0.75)",1,0.13160987074030553,19.0,T,15077.25
2021-08-06,2021,"(0.75, 1.0)",1,0.13160987074030553,19.0,T,15077.25
2021-08-06,2021,"(1.0, 0.5)",1,0.09870740305522915,19.0,T,15077.25
2021-08-06,2021,"(1.0, 0.75)",1,0.09870740305522915,19.0,T,15077.25
2021-08-06,2021,"(1.0, 1.0)",1,0.09870740305522915,19.0,T,15077.25
2021-08-10,2021,"(0.5, 0.5)",-1,0.9657156850740786,72.91964285714286,TP,15134.5
2021-08-10,2021,"(0.5, 0.75)",-1,1.4657156850740787,109.37946428571429,TP,15134.5
2021-08-10,2021,"(0.5, 1.0)",-1,1.1759520019591037,88.25,T,15134.5
2021-08-10,2021,"(0.75, 0.5)",-1,0.6438104567160524,72.91964285714286,TP,15134.5
2021-08-10,2021,"(0.75, 0.75)",-1,0.9771437900493858,109.37946428571429,TP,15134.5
2021-08-10,2021,"(0.75, 1.0)",-1,0.7839680013060691,88.25,T,15134.5
2021-08-10,2021,"(1.0, 0.5)",-1,0.4828578425370393,72.91964285714286,TP,15134.5
2021-08-10,2021,"(1.0, 0.75)",-1,0.7328578425370393,109.37946428571429,TP,15134.5
2021-08-10,2021,"(1.0, 1.0)",-1,0.5879760009795518,88.25,T,15134.5
2021-08-12,2021,"(0.5, 0.5)",1,0.9669421487603306,75.625,TP,14970.75
2021-08-12,2021,"(0.5, 0.75)",1,1.4669421487603307,113.4375,TP,14970.75
2021-08-12,2021,"(0.5, 1.0)",1,1.3619834710743801,105.5,T,14970.75
2021-08-12,2021,"(0.75, 0.5)",1,0.6446280991735537,75.625,TP,14970.75
2021-08-12,2021,"(0.75, 0.75)",1,0.977961432506887,113.4375,TP,14970.75
2021-08-12,2021,"(0.75, 1.0)",1,0.9079889807162534,105.5,T,14970.75
2021-08-12,2021,"(1.0, 0.5)",1,0.4834710743801653,75.625,TP,14970.75
2021-08-12,2021,"(1.0, 0.75)",1,0.7334710743801653,113.4375,TP,14970.75
2021-08-12,2021,"(1.0, 1.0)",1,0.6809917355371901,105.5,T,14970.75
2021-08-13,2021,"(0.5, 0.5)",-1,-0.6499879720952609,-45.75,T,15080.5
2021-08-13,2021,"(0.5, 0.75)",-1,-0.6499879720952609,-45.75,T,15080.5
2021-08-13,2021,"(0.5, 1.0)",-1,-0.6499879720952609,-45.75,T,15080.5
2021-08-13,2021,"(0.75, 0.5)",-1,-0.433325314730174,-45.75,T,15080.5
2021-08-13,2021,"(0.75, 0.75)",-1,-0.433325314730174,-45.75,T,15080.5
2021-08-13,2021,"(0.75, 1.0)",-1,-0.433325314730174,-45.75,T,15080.5
2021-08-13,2021,"(1.0, 0.5)",-1,-0.32499398604763047,-45.75,T,15080.5
2021-08-13,2021,"(1.0, 0.75)",-1,-0.32499398604763047,-45.75,T,15080.5
2021-08-13,2021,"(1.0, 1.0)",-1,-0.32499398604763047,-45.75,T,15080.5
2021-08-16,2021,"(0.5, 0.5)",1,-1.034009474067776,-73.50892857142857,SL,15075.5
2021-08-16,2021,"(0.5, 0.75)",1,-1.034009474067776,-73.50892857142857,SL,15075.5
2021-08-16,2021,"(0.5, 1.0)",1,-1.034009474067776,-73.50892857142857,SL,15075.5
2021-08-16,2021,"(0.75, 0.5)",1,-1.0226729827118506,-110.26339285714286,SL,15075.5
2021-08-16,2021,"(0.75, 0.75)",1,-1.0226729827118506,-110.26339285714286,SL,15075.5
2021-08-16,2021,"(0.75, 1.0)",1,-1.0226729827118506,-110.26339285714286,SL,15075.5
2021-08-16,2021,"(1.0, 0.5)",1,-1.017004737033888,-147.01785714285714,SL,15075.5
2021-08-16,2021,"(1.0, 0.75)",1,-1.017004737033888,-147.01785714285714,SL,15075.5
2021-08-16,2021,"(1.0, 1.0)",1,-1.017004737033888,-147.01785714285714,SL,15075.5
2021-08-17,2021,"(0.5, 0.5)",1,0.9638289626663222,69.11607142857143,TP,14927.75
2021-08-17,2021,"(0.5, 0.75)",1,1.0164061490763467,72.75,T,14927.75
2021-08-17,2021,"(0.5, 1.0)",1,1.0164061490763467,72.75,T,14927.75
2021-08-17,2021,"(0.75, 0.5)",1,0.6425526417775481,69.11607142857143,TP,14927.75
2021-08-17,2021,"(0.75, 0.75)",1,0.6776040993842312,72.75,T,14927.75
2021-08-17,2021,"(0.75, 1.0)",1,0.6776040993842312,72.75,T,14927.75
2021-08-17,2021,"(1.0, 0.5)",1,0.4819144813331611,69.11607142857143,TP,14927.75
2021-08-17,2021,"(1.0, 0.75)",1,0.5082030745381734,72.75,T,14927.75
2021-08-17,2021,"(1.0, 1.0)",1,0.5082030745381734,72.75,T,14927.75
2021-08-24,2021,"(0.5, 0.5)",-1,-0.43300563349166027,-32.5,T,15323.5
2021-08-24,2021,"(0.5, 0.75)",-1,-0.43300563349166027,-32.5,T,15323.5
2021-08-24,2021,"(0.5, 1.0)",-1,-0.43300563349166027,-32.5,T,15323.5
2021-08-24,2021,"(0.75, 0.5)",-1,-0.2886704223277735,-32.5,T,15323.5
2021-08-24,2021,"(0.75, 0.75)",-1,-0.2886704223277735,-32.5,T,15323.5
2021-08-24,2021,"(0.75, 1.0)",-1,-0.2886704223277735,-32.5,T,15323.5
2021-08-24,2021,"(1.0, 0.5)",-1,-0.21650281674583013,-32.5,T,15323.5
2021-08-24,2021,"(1.0, 0.75)",-1,-0.21650281674583013,-32.5,T,15323.5
2021-08-24,2021,"(1.0, 1.0)",-1,-0.21650281674583013,-32.5,T,15323.5
2021-08-25,2021,"(0.5, 0.5)",-1,0.1729171345160566,16.25,T,15378.75
2021-08-25,2021,"(0.5, 0.75)",-1,0.1729171345160566,16.25,T,15378.75
2021-08-25,2021,"(0.5, 1.0)",-1,0.1729171345160566,16.25,T,15378.75
2021-08-25,2021,"(0.75, 0.5)",-1,0.11527808967737106,16.25,T,15378.75
2021-08-25,2021,"(0.75, 0.75)",-1,0.11527808967737106,16.25,T,15378.75
2021-08-25,2021,"(0.75, 1.0)",-1,0.11527808967737106,16.25,T,15378.75
2021-08-25,2021,"(1.0, 0.5)",-1,0.0864585672580283,16.25,T,15378.75
2021-08-25,2021,"(1.0, 0.75)",-1,0.0864585672580283,16.25,T,15378.75
2021-08-25,2021,"(1.0, 1.0)",-1,0.0864585672580283,16.25,T,15378.75
2021-08-26,2021,"(0.5, 0.5)",1,-1.0320036575608642,-78.11607142857143,SL,15355.5
2021-08-26,2021,"(0.5, 0.75)",1,-1.0320036575608642,-78.11607142857143,SL,15355.5
2021-08-26,2021,"(0.5, 1.0)",1,-1.0320036575608642,-78.11607142857143,SL,15355.5
2021-08-26,2021,"(0.75, 0.5)",1,-0.7190155065340801,-81.75,T,15355.5
2021-08-26,2021,"(0.75, 0.75)",1,-0.7190155065340801,-81.75,T,15355.5
2021-08-26,2021,"(0.75, 1.0)",1,-0.7190155065340801,-81.75,T,15355.5
2021-08-26,2021,"(1.0, 0.5)",1,-0.53926162990056,-81.75,T,15355.5
2021-08-26,2021,"(1.0, 0.75)",1,-0.53926162990056,-81.75,T,15355.5
2021-08-26,2021,"(1.0, 1.0)",1,-0.53926162990056,-81.75,T,15355.5
2021-08-27,2021,"(0.5, 0.5)",-1,-1.0321395775941231,-77.78571428571429,SL,15361.0
2021-08-27,2021,"(0.5, 0.75)",-1,-1.0321395775941231,-77.78571428571429,SL,15361.0
2021-08-27,2021,"(0.5, 1.0)",-1,-1.0321395775941231,-77.78571428571429,SL,15361.0
2021-08-27,2021,"(0.75, 0.5)",-1,-0.5656565656565655,-63.5,T,15361.0
2021-08-27,2021,"(0.75, 0.75)",-1,-0.5656565656565655,-63.5,T,15361.0
2021-08-27,2021,"(0.75, 1.0)",-1,-0.5656565656565655,-63.5,T,15361.0
2021-08-27,2021,"(1.0, 0.5)",-1,-0.4242424242424242,-63.5,T,15361.0
2021-08-27,2021,"(1.0, 0.75)",-1,-0.4242424242424242,-63.5,T,15361.0
2021-08-27,2021,"(1.0, 1.0)",-1,-0.4242424242424242,-63.5,T,15361.0
2021-09-02,2021,"(0.5, 0.5)",1,-0.047667688117126315,-1.25,T,15606.25
2021-09-02,2021,"(0.5, 0.75)",1,-0.047667688117126315,-1.25,T,15606.25
2021-09-02,2021,"(0.5, 1.0)",1,-0.047667688117126315,-1.25,T,15606.25
2021-09-02,2021,"(0.75, 0.5)",1,-0.031778458744750875,-1.25,T,15606.25
2021-09-02,2021,"(0.75, 0.75)",1,-0.031778458744750875,-1.25,T,15606.25
2021-09-02,2021,"(0.75, 1.0)",1,-0.031778458744750875,-1.25,T,15606.25
2021-09-02,2021,"(1.0, 0.5)",1,-0.023833844058563158,-1.25,T,15606.25
2021-09-02,2021,"(1.0, 0.75)",1,-0.023833844058563158,-1.25,T,15606.25
2021-09-02,2021,"(1.0, 1.0)",1,-0.023833844058563158,-1.25,T,15606.25
2021-09-07,2021,"(0.5, 0.5)",-1,-0.10718014151490546,-5.75,T,15667.5
2021-09-07,2021,"(0.5, 0.75)",-1,-0.10718014151490546,-5.75,T,15667.5
2021-09-07,2021,"(0.5, 1.0)",-1,-0.10718014151490546,-5.75,T,15667.5
2021-09-07,2021,"(0.75, 0.5)",-1,-0.07145342767660363,-5.75,T,15667.5
2021-09-07,2021,"(0.75, 0.75)",-1,-0.07145342767660363,-5.75,T,15667.5
2021-09-07,2021,"(0.75, 1.0)",-1,-0.07145342767660363,-5.75,T,15667.5
2021-09-07,2021,"(1.0, 0.5)",-1,-0.05359007075745273,-5.75,T,15667.5
2021-09-07,2021,"(1.0, 0.75)",-1,-0.05359007075745273,-5.75,T,15667.5
2021-09-07,2021,"(1.0, 1.0)",-1,-0.05359007075745273,-5.75,T,15667.5
2021-09-10,2021,"(0.5, 0.5)",1,-1.0377816758871947,-66.16964285714286,SL,15587.0
2021-09-10,2021,"(0.5, 0.75)",1,-1.0377816758871947,-66.16964285714286,SL,15587.0
2021-09-10,2021,"(0.5, 1.0)",1,-1.0377816758871947,-66.16964285714286,SL,15587.0
2021-09-10,2021,"(0.75, 0.5)",1,-1.0251877839247965,-99.25446428571429,SL,15587.0
2021-09-10,2021,"(0.75, 0.75)",1,-1.0251877839247965,-99.25446428571429,SL,15587.0
2021-09-10,2021,"(0.75, 1.0)",1,-1.0251877839247965,-99.25446428571429,SL,15587.0
2021-09-10,2021,"(1.0, 0.5)",1,-1.0188908379435972,-132.33928571428572,SL,15587.0
2021-09-10,2021,"(1.0, 0.75)",1,-1.0188908379435972,-132.33928571428572,SL,15587.0
2021-09-10,2021,"(1.0, 1.0)",1,-1.0188908379435972,-132.33928571428572,SL,15587.0
2021-09-22,2021,"(0.5, 0.5)",-1,-1.0265151515151516,-94.28571428571429,SL,15127.5
2021-09-22,2021,"(0.5, 0.75)",-1,-1.0265151515151516,-94.28571428571429,SL,15127.5
2021-09-22,2021,"(0.5, 1.0)",-1,-1.0265151515151516,-94.28571428571429,SL,15127.5
2021-09-22,2021,"(0.75, 0.5)",-1,-0.25984848484848483,-34.25,T,15127.5
2021-09-22,2021,"(0.75, 0.75)",-1,-0.25984848484848483,-34.25,T,15127.5
2021-09-22,2021,"(0.75, 1.0)",-1,-0.25984848484848483,-34.25,T,15127.5
2021-09-22,2021,"(1.0, 0.5)",-1,-0.19488636363636364,-34.25,T,15127.5
2021-09-22,2021,"(1.0, 0.75)",-1,-0.19488636363636364,-34.25,T,15127.5
2021-09-22,2021,"(1.0, 1.0)",-1,-0.19488636363636364,-34.25,T,15127.5
2021-09-23,2021,"(0.5, 0.5)",-1,-1.025568441238243,-97.77678571428571,SL,15193.5
2021-09-23,2021,"(0.5, 0.75)",-1,-1.025568441238243,-97.77678571428571,SL,15193.5
2021-09-23,2021,"(0.5, 1.0)",-1,-1.025568441238243,-97.77678571428571,SL,15193.5
2021-09-23,2021,"(0.75, 0.5)",-1,-1.017045627492162,-146.66517857142856,SL,15193.5
2021-09-23,2021,"(0.75, 0.75)",-1,-1.017045627492162,-146.66517857142856,SL,15193.5
2021-09-23,2021,"(0.75, 1.0)",-1,-1.017045627492162,-146.66517857142856,SL,15193.5
2021-09-23,2021,"(1.0, 0.5)",-1,-0.5548351748698749,-106.0,T,15193.5
2021-09-23,2021,"(1.0, 0.75)",-1,-0.5548351748698749,-106.0,T,15193.5
2021-09-23,2021,"(1.0, 1.0)",-1,-0.5548351748698749,-106.0,T,15193.5
2021-09-29,2021,"(0.5, 0.5)",1,-0.004290858938012413,2.0,T,14740.25
2021-09-29,2021,"(0.5, 0.75)",1,-0.004290858938012413,2.0,T,14740.25
2021-09-29,2021,"(0.5, 1.0)",1,-0.004290858938012413,2.0,T,14740.25
2021-09-29,2021,"(0.75, 0.5)",1,-0.002860572625341609,2.0,T,14740.25
2021-09-29,2021,"(0.75, 0.75)",1,-0.002860572625341609,2.0,T,14740.25
2021-09-29,2021,"(0.75, 1.0)",1,-0.002860572625341609,2.0,T,14740.25
2021-09-29,2021,"(1.0, 0.5)",1,-0.0021454294690062066,2.0,T,14740.25
2021-09-29,2021,"(1.0, 0.75)",1,-0.0021454294690062066,2.0,T,14740.25
2021-09-29,2021,"(1.0, 1.0)",1,-0.0021454294690062066,2.0,T,14740.25
2021-10-01,2021,"(0.5, 0.5)",1,-1.0211368611761154,-118.27678571428571,SL,14680.0
2021-10-01,2021,"(0.5, 0.75)",1,-1.0211368611761154,-118.27678571428571,SL,14680.0
2021-10-01,2021,"(0.5, 1.0)",1,-1.0211368611761154,-118.27678571428571,SL,14680.0
2021-10-01,2021,"(0.75, 0.5)",1,0.6525754258825898,118.27678571428571,TP,14680.0
2021-10-01,2021,"(0.75, 0.75)",1,0.4960116755995069,90.5,T,14680.0
2021-10-01,2021,"(0.75, 1.0)",1,0.4960116755995069,90.5,T,14680.0
2021-10-01,2021,"(1.0, 0.5)",1,0.4894315694119423,118.27678571428571,TP,14680.0
2021-10-01,2021,"(1.0, 0.75)",1,0.3720087566996301,90.5,T,14680.0
2021-10-01,2021,"(1.0, 1.0)",1,0.3720087566996301,90.5,T,14680.0
2021-10-08,2021,"(0.5, 0.5)",1,-0.511869533767344,-67.0,T,14878.0
2021-10-08,2021,"(0.5, 0.75)",1,-0.511869533767344,-67.0,T,14878.0
2021-10-08,2021,"(0.5, 1.0)",1,-0.511869533767344,-67.0,T,14878.0
2021-10-08,2021,"(0.75, 0.5)",1,-0.341246355844896,-67.0,T,14878.0
2021-10-08,2021,"(0.75, 0.75)",1,-0.341246355844896,-67.0,T,14878.0
2021-10-08,2021,"(0.75, 1.0)",1,-0.341246355844896,-67.0,T,14878.0
2021-10-08,2021,"(1.0, 0.5)",1,-0.255934766883672,-67.0,T,14878.0
2021-10-08,2021,"(1.0, 0.75)",1,-0.255934766883672,-67.0,T,14878.0
2021-10-08,2021,"(1.0, 1.0)",1,-0.255934766883672,-67.0,T,14878.0
2021-10-13,2021,"(0.5, 0.5)",-1,-0.17967040980020418,-19.5,T,14746.75
2021-10-13,2021,"(0.5, 0.75)",-1,-0.17967040980020418,-19.5,T,14746.75
2021-10-13,2021,"(0.5, 1.0)",-1,-0.17967040980020418,-19.5,T,14746.75
2021-10-13,2021,"(0.75, 0.5)",-1,-0.11978027320013611,-19.5,T,14746.75
2021-10-13,2021,"(0.75, 0.75)",-1,-0.11978027320013611,-19.5,T,14746.75
2021-10-13,2021,"(0.75, 1.0)",-1,-0.11978027320013611,-19.5,T,14746.75
2021-10-13,2021,"(1.0, 0.5)",-1,-0.08983520490010209,-19.5,T,14746.75
2021-10-13,2021,"(1.0, 0.75)",-1,-0.08983520490010209,-19.5,T,14746.75
2021-10-13,2021,"(1.0, 1.0)",-1,-0.08983520490010209,-19.5,T,14746.75
2021-10-18,2021,"(0.5, 0.5)",-1,-1.0206124852767962,-121.28571428571429,SL,15127.5
2021-10-18,2021,"(0.5, 0.75)",-1,-1.0206124852767962,-121.28571428571429,SL,15127.5
2021-10-18,2021,"(0.5, 1.0)",-1,-1.0206124852767962,-121.28571428571429,SL,15127.5
2021-10-18,2021,"(0.75, 0.5)",-1,-0.8863368669022379,-158.75,T,15127.5
2021-10-18,2021,"(0.75, 0.75)",-1,-0.8863368669022379,-158.75,T,15127.5
2021-10-18,2021,"(0.75, 1.0)",-1,-0.8863368669022379,-158.75,T,15127.5
2021-10-18,2021,"(1.0, 0.5)",-1,-0.6647526501766784,-158.75,T,15127.5
2021-10-18,2021,"(1.0, 0.75)",-1,-0.6647526501766784,-158.75,T,15127.5
2021-10-18,2021,"(1.0, 1.0)",-1,-0.6647526501766784,-158.75,T,15127.5
2021-10-29,2021,"(0.5, 0.5)",1,0.9720475192173306,89.4375,TP,15643.0
2021-10-29,2021,"(0.5, 0.75)",1,1.4720475192173306,134.15625,TP,15643.0
2021-10-29,2021,"(0.5, 1.0)",1,1.9720475192173306,178.875,TP,15643.0
2021-10-29,2021,"(0.75, 0.5)",1,0.6480316794782204,89.4375,TP,15643.0
2021-10-29,2021,"(0.75, 0.75)",1,0.9813650128115536,134.15625,TP,15643.0
2021-10-29,2021,"(0.75, 1.0)",1,1.3146983461448871,178.875,TP,15643.0
2021-10-29,2021,"(1.0, 0.5)",1,0.4860237596086653,89.4375,TP,15643.0
2021-10-29,2021,"(1.0, 0.75)",1,0.7360237596086653,134.15625,TP,15643.0
2021-10-29,2021,"(1.0, 1.0)",1,0.9860237596086653,178.875,TP,15643.0
2021-11-01,2021,"(0.5, 0.5)",-1,-0.6435829140771432,-55.75,T,15838.0
2021-11-01,2021,"(0.5, 0.75)",-1,-0.6435829140771432,-55.75,T,15838.0
2021-11-01,2021,"(0.5, 1.0)",-1,-0.6435829140771432,-55.75,T,15838.0
2021-11-01,2021,"(0.75, 0.5)",-1,-0.42905527605142874,-55.75,T,15838.0
2021-11-01,2021,"(0.75, 0.75)",-1,-0.42905527605142874,-55.75,T,15838.0
2021-11-01,2021,"(0.75, 1.0)",-1,-0.42905527605142874,-55.75,T,15838.0
2021-11-01,2021,"(1.0, 0.5)",-1,-0.3217914570385716,-55.75,T,15838.0
2021-11-01,2021,"(1.0, 0.75)",-1,-0.3217914570385716,-55.75,T,15838.0
2021-11-01,2021,"(1.0, 1.0)",-1,-0.3217914570385716,-55.75,T,15838.0
2021-11-03,2021,"(0.5, 0.5)",-1,-1.0282514377963878,-88.49107142857143,SL,15968.75
2021-11-03,2021,"(0.5, 0.75)",-1,-1.0282514377963878,-88.49107142857143,SL,15968.75
2021-11-03,2021,"(0.5, 1.0)",-1,-1.0282514377963878,-88.49107142857143,SL,15968.75
2021-11-03,2021,"(0.75, 0.5)",-1,-1.0188342918642586,-132.73660714285714,SL,15968.75
2021-11-03,2021,"(0.75, 0.75)",-1,-1.0188342918642586,-132.73660714285714,SL,15968.75
2021-11-03,2021,"(0.75, 1.0)",-1,-1.0188342918642586,-132.73660714285714,SL,15968.75
2021-11-03,2021,"(1.0, 0.5)",-1,-1.014125718898194,-176.98214285714286,SL,15968.75
2021-11-03,2021,"(1.0, 0.75)",-1,-1.014125718898194,-176.98214285714286,SL,15968.75
2021-11-03,2021,"(1.0, 1.0)",-1,-1.014125718898194,-176.98214285714286,SL,15968.75
2021-11-12,2021,"(0.5, 0.5)",-1,-1.0264200792602378,-94.625,SL,16108.25
2021-11-12,2021,"(0.5, 0.75)",-1,-1.0264200792602378,-94.625,SL,16108.25
2021-11-12,2021,"(0.5, 1.0)",-1,-1.0264200792602378,-94.625,SL,16108.25
2021-11-12,2021,"(0.75, 0.5)",-1,-0.5918097754293263,-81.5,T,16108.25
2021-11-12,2021,"(0.75, 0.75)",-1,-0.5918097754293263,-81.5,T,16108.25
2021-11-12,2021,"(0.75, 1.0)",-1,-0.5918097754293263,-81.5,T,16108.25
2021-11-12,2021,"(1.0, 0.5)",-1,-0.4438573315719947,-81.5,T,16108.25
2021-11-12,2021,"(1.0, 0.75)",-1,-0.4438573315719947,-81.5,T,16108.25
2021-11-12,2021,"(1.0, 1.0)",-1,-0.4438573315719947,-81.5,T,16108.25
2021-11-12,2021,"(0.5, 0.5)",1,0.9735799207397622,94.625,TP,16008.75
2021-11-12,2021,"(0.5, 0.75)",1,1.4735799207397622,141.9375,TP,16008.75
2021-11-12,2021,"(0.5, 1.0)",1,1.9735799207397622,189.25,TP,16008.75
2021-11-12,2021,"(0.75, 0.5)",1,0.6490532804931748,94.625,TP,16008.75
2021-11-12,2021,"(0.75, 0.75)",1,0.9823866138265082,141.9375,TP,16008.75
2021-11-12,2021,"(0.75, 1.0)",1,1.3157199471598415,189.25,TP,16008.75
2021-11-12,2021,"(1.0, 0.5)",1,0.4867899603698811,94.625,TP,16008.75
2021-11-12,2021,"(1.0, 0.75)",1,0.7367899603698811,141.9375,TP,16008.75
2021-11-12,2021,"(1.0, 1.0)",1,0.9867899603698811,189.25,TP,16008.75
2021-11-16,2021,"(0.5, 0.5)",-1,-0.7818686047623601,-70.5,T,16234.5
2021-11-16,2021,"(0.5, 0.75)",-1,-0.7818686047623601,-70.5,T,16234.5
2021-11-16,2021,"(0.5, 1.0)",-1,-0.7818686047623601,-70.5,T,16234.5
2021-11-16,2021,"(0.75, 0.5)",-1,-0.5212457365082401,-70.5,T,16234.5
2021-11-16,2021,"(0.75, 0.75)",-1,-0.5212457365082401,-70.5,T,16234.5
2021-11-16,2021,"(0.75, 1.0)",-1,-0.5212457365082401,-70.5,T,16234.5
2021-11-16,2021,"(1.0, 0.5)",-1,-0.39093430238118004,-70.5,T,16234.5
2021-11-16,2021,"(1.0, 0.75)",-1,-0.39093430238118004,-70.5,T,16234.5
2021-11-16,2021,"(1.0, 1.0)",-1,-0.39093430238118004,-70.5,T,16234.5
2021-11-17,2021,"(0.5, 0.5)",-1,0.05618729096989967,7.75,T,16320.5
2021-11-17,2021,"(0.5, 0.75)",-1,0.05618729096989967,7.75,T,16320.5
2021-11-17,2021,"(0.5, 1.0)",-1,0.05618729096989967,7.75,T,16320.5
2021-11-17,2021,"(0.75, 0.5)",-1,0.03745819397993311,7.75,T,16320.5
2021-11-17,2021,"(0.75, 0.75)",-1,0.03745819397993311,7.75,T,16320.5
2021-11-17,2021,"(0.75, 1.0)",-1,0.03745819397993311,7.75,T,16320.5
2021-11-17,2021,"(1.0, 0.5)",-1,0.028093645484949834,7.75,T,16320.5
2021-11-17,2021,"(1.0, 0.75)",-1,0.028093645484949834,7.75,T,16320.5
2021-11-17,2021,"(1.0, 1.0)",-1,0.028093645484949834,7.75,T,16320.5
2021-11-18,2021,"(0.5, 0.5)",-1,-1.0273892203854054,-91.27678571428571,SL,16361.75
2021-11-18,2021,"(0.5, 0.75)",-1,-1.0273892203854054,-91.27678571428571,SL,16361.75
2021-11-18,2021,"(0.5, 1.0)",-1,-1.0273892203854054,-91.27678571428571,SL,16361.75
2021-11-18,2021,"(0.75, 0.5)",-1,-1.018259480256937,-136.91517857142856,SL,16361.75
2021-11-18,2021,"(0.75, 0.75)",-1,-1.018259480256937,-136.91517857142856,SL,16361.75
2021-11-18,2021,"(0.75, 1.0)",-1,-1.018259480256937,-136.91517857142856,SL,16361.75
2021-11-18,2021,"(1.0, 0.5)",-1,-0.666927516384623,-119.25,T,16361.75
2021-11-18,2021,"(1.0, 0.75)",-1,-0.666927516384623,-119.25,T,16361.75
2021-11-18,2021,"(1.0, 1.0)",-1,-0.666927516384623,-119.25,T,16361.75
2021-11-22,2021,"(0.5, 0.5)",1,-1.0275427896911273,-90.76785714285714,SL,16519.0
2021-11-22,2021,"(0.5, 0.75)",1,-1.0275427896911273,-90.76785714285714,SL,16519.0
2021-11-22,2021,"(0.5, 1.0)",1,-1.0275427896911273,-90.76785714285714,SL,16519.0
2021-11-22,2021,"(0.75, 0.5)",1,-1.018361859794085,-136.15178571428572,SL,16519.0
2021-11-22,2021,"(0.75, 0.75)",1,-1.018361859794085,-136.15178571428572,SL,16519.0
2021-11-22,2021,"(0.75, 1.0)",1,-1.018361859794085,-136.15178571428572,SL,16519.0
2021-11-22,2021,"(1.0, 0.5)",1,-0.7615581349596695,-135.75,T,16519.0
2021-11-22,2021,"(1.0, 0.75)",1,-0.7615581349596695,-135.75,T,16519.0
2021-11-22,2021,"(1.0, 1.0)",1,-0.7615581349596695,-135.75,T,16519.0
2021-11-24,2021,"(0.5, 0.5)",1,0.9759077611426604,103.76785714285714,TP,16129.0
2021-11-24,2021,"(0.5, 0.75)",1,1.4759077611426605,155.65178571428572,TP,16129.0
2021-11-24,2021,"(0.5, 1.0)",1,1.9759077611426605,207.53571428571428,TP,16129.0
2021-11-24,2021,"(0.75, 0.5)",1,0.6506051740951069,103.76785714285714,TP,16129.0
2021-11-24,2021,"(0.75, 0.75)",1,0.9839385074284404,155.65178571428572,TP,16129.0
2021-11-24,2021,"(0.75, 1.0)",1,1.3172718407617736,207.53571428571428,TP,16129.0
2021-11-24,2021,"(1.0, 0.5)",1,0.4879538805713302,103.76785714285714,TP,16129.0
2021-11-24,2021,"(1.0, 0.75)",1,0.7379538805713303,155.65178571428572,TP,16129.0
2021-11-24,2021,"(1.0, 1.0)",1,0.9879538805713303,207.53571428571428,TP,16129.0
2021-12-03,2021,"(0.5, 0.5)",-1,0.9806134459599806,128.95535714285714,TP,16053.75
2021-12-03,2021,"(0.5, 0.75)",-1,1.4806134459599807,193.43303571428572,TP,16053.75
2021-12-03,2021,"(0.5, 1.0)",-1,1.9806134459599807,257.9107142857143,TP,16053.75
2021-12-03,2021,"(0.75, 0.5)",-1,0.6537422973066537,128.95535714285714,TP,16053.75
2021-12-03,2021,"(0.75, 0.75)",-1,0.987075630639987,193.43303571428572,TP,16053.75
2021-12-03,2021,"(0.75, 1.0)",-1,1.3204089639733203,257.9107142857143,TP,16053.75
2021-12-03,2021,"(1.0, 0.5)",-1,0.4903067229799903,128.95535714285714,TP,16053.75
2021-12-03,2021,"(1.0, 0.75)",-1,0.7403067229799903,193.43303571428572,TP,16053.75
2021-12-03,2021,"(1.0, 1.0)",-1,0.9903067229799903,257.9107142857143,TP,16053.75
2021-12-08,2021,"(0.5, 0.5)",-1,-0.5429319663453502,-84.5,T,16304.5
2021-12-08,2021,"(0.5, 0.75)",-1,-0.5429319663453502,-84.5,T,16304.5
2021-12-08,2021,"(0.5, 1.0)",-1,-0.5429319663453502,-84.5,T,16304.5
2021-12-08,2021,"(0.75, 0.5)",-1,-0.3619546442302335,-84.5,T,16304.5
2021-12-08,2021,"(0.75, 0.75)",-1,-0.3619546442302335,-84.5,T,16304.5
2021-12-08,2021,"(0.75, 1.0)",-1,-0.3619546442302335,-84.5,T,16304.5
2021-12-08,2021,"(1.0, 0.5)",-1,-0.2714659831726751,-84.5,T,16304.5
2021-12-08,2021,"(1.0, 0.75)",-1,-0.2714659831726751,-84.5,T,16304.5
2021-12-08,2021,"(1.0, 1.0)",-1,-0.2714659831726751,-84.5,T,16304.5
2021-12-10,2021,"(0.5, 0.5)",1,0.9848057304102453,164.53571428571428,TP,16147.25
2021-12-10,2021,"(0.5, 0.75)",1,1.068157152159757,178.25,T,16147.25
2021-12-10,2021,"(0.5, 1.0)",1,1.068157152159757,178.25,T,16147.25
2021-12-10,2021,"(0.75, 0.5)",1,0.6565371536068302,164.53571428571428,TP,16147.25
2021-12-10,2021,"(0.75, 0.75)",1,0.7121047681065046,178.25,T,16147.25
2021-12-10,2021,"(0.75, 1.0)",1,0.7121047681065046,178.25,T,16147.25
2021-12-10,2021,"(1.0, 0.5)",1,0.49240286520512266,164.53571428571428,TP,16147.25
2021-12-10,2021,"(1.0, 0.75)",1,0.5340785760798785,178.25,T,16147.25
2021-12-10,2021,"(1.0, 1.0)",1,0.5340785760798785,178.25,T,16147.25
2021-12-13,2021,"(0.5, 0.5)",-1,0.9848131474751858,164.61607142857142,TP,16285.5
2021-12-13,2021,"(0.5, 0.75)",-1,1.1860931821879916,197.75,T,16285.5
2021-12-13,2021,"(0.5, 1.0)",-1,1.1860931821879916,197.75,T,16285.5
2021-12-13,2021,"(0.75, 0.5)",-1,0.6565420983167906,164.61607142857142,TP,16285.5
2021-12-13,2021,"(0.75, 0.75)",-1,0.7907287881253278,197.75,T,16285.5
2021-12-13,2021,"(0.75, 1.0)",-1,0.7907287881253278,197.75,T,16285.5
2021-12-13,2021,"(1.0, 0.5)",-1,0.4924065737375929,164.61607142857142,TP,16285.5
2021-12-13,2021,"(1.0, 0.75)",-1,0.5930465910939958,197.75,T,16285.5
2021-12-13,2021,"(1.0, 1.0)",-1,0.5930465910939958,197.75,T,16285.5
2021-12-31,2021,"(0.5, 0.5)",1,-0.9159441677427289,-130.5,T,16455.5
2021-12-31,2021,"(0.5, 0.75)",1,-0.9159441677427289,-130.5,T,16455.5
2021-12-31,2021,"(0.5, 1.0)",1,-0.9159441677427289,-130.5,T,16455.5
2021-12-31,2021,"(0.75, 0.5)",1,-0.6106294451618193,-130.5,T,16455.5
2021-12-31,2021,"(0.75, 0.75)",1,-0.6106294451618193,-130.5,T,16455.5
2021-12-31,2021,"(0.75, 1.0)",1,-0.6106294451618193,-130.5,T,16455.5
2021-12-31,2021,"(1.0, 0.5)",1,-0.45797208387136445,-130.5,T,16455.5
2021-12-31,2021,"(1.0, 0.75)",1,-0.45797208387136445,-130.5,T,16455.5
2021-12-31,2021,"(1.0, 1.0)",1,-0.45797208387136445,-130.5,T,16455.5
2022-01-04,2022,"(0.5, 0.5)",-1,0.982306477093207,141.29464285714286,TP,16486.0
2022-01-04,2022,"(0.5, 0.75)",-1,1.4823064770932068,211.94196428571428,TP,16486.0
2022-01-04,2022,"(0.5, 1.0)",-1,1.9823064770932068,282.5892857142857,TP,16486.0
2022-01-04,2022,"(0.75, 0.5)",-1,0.6548709847288047,141.29464285714286,TP,16486.0
2022-01-04,2022,"(0.75, 0.75)",-1,0.9882043180621379,211.94196428571428,TP,16486.0
2022-01-04,2022,"(0.75, 1.0)",-1,1.3215376513954713,282.5892857142857,TP,16486.0
2022-01-04,2022,"(1.0, 0.5)",-1,0.4911532385466035,141.29464285714286,TP,16486.0
2022-01-04,2022,"(1.0, 0.75)",-1,0.7411532385466034,211.94196428571428,TP,16486.0
2022-01-04,2022,"(1.0, 1.0)",-1,0.9911532385466034,282.5892857142857,TP,16486.0
2022-01-06,2022,"(0.5, 0.5)",1,-1.0177743921792675,-140.65178571428572,SL,15791.25
2022-01-06,2022,"(0.5, 0.75)",1,-1.0177743921792675,-140.65178571428572,SL,15791.25
2022-01-06,2022,"(0.5, 1.0)",1,-1.0177743921792675,-140.65178571428572,SL,15791.25
2022-01-06,2022,"(0.75, 0.5)",1,-0.1694492054423496,-33.25,T,15791.25
2022-01-06,2022,"(0.75, 0.75)",1,-0.1694492054423496,-33.25,T,15791.25
2022-01-06,2022,"(0.75, 1.0)",1,-0.1694492054423496,-33.25,T,15791.25
2022-01-06,2022,"(1.0, 0.5)",1,-0.1270869040817622,-33.25,T,15791.25
2022-01-06,2022,"(1.0, 0.75)",1,-0.1270869040817622,-33.25,T,15791.25
2022-01-06,2022,"(1.0, 1.0)",1,-0.1270869040817622,-33.25,T,15791.25
2022-01-27,2022,"(0.5, 0.5)",1,0.009171682430495844,4.5,T,13983.5
2022-01-27,2022,"(0.5, 0.75)",1,0.009171682430495844,4.5,T,13983.5
2022-01-27,2022,"(0.5, 1.0)",1,0.009171682430495844,4.5,T,13983.5
2022-01-27,2022,"(0.75, 0.5)",1,0.006114454953663896,4.5,T,13983.5
2022-01-27,2022,"(0.75, 0.75)",1,0.006114454953663896,4.5,T,13983.5
2022-01-27,2022,"(0.75, 1.0)",1,0.006114454953663896,4.5,T,13983.5
2022-01-27,2022,"(1.0, 0.5)",1,0.004585841215247922,4.5,T,13983.5
2022-01-27,2022,"(1.0, 0.75)",1,0.004585841215247922,4.5,T,13983.5
2022-01-27,2022,"(1.0, 1.0)",1,0.004585841215247922,4.5,T,13983.5
2022-02-01,2022,"(0.5, 0.5)",-1,-0.38800060910613676,-88.5,T,14903.0
2022-02-01,2022,"(0.5, 0.75)",-1,-0.38800060910613676,-88.5,T,14903.0
2022-02-01,2022,"(0.5, 1.0)",-1,-0.38800060910613676,-88.5,T,14903.0
2022-02-01,2022,"(0.75, 0.5)",-1,-0.2586670727374245,-88.5,T,14903.0
2022-02-01,2022,"(0.75, 0.75)",-1,-0.2586670727374245,-88.5,T,14903.0
2022-02-01,2022,"(0.75, 1.0)",-1,-0.2586670727374245,-88.5,T,14903.0
2022-02-01,2022,"(1.0, 0.5)",-1,-0.19400030455306838,-88.5,T,14903.0
2022-02-01,2022,"(1.0, 0.75)",-1,-0.19400030455306838,-88.5,T,14903.0
2022-02-01,2022,"(1.0, 1.0)",-1,-0.19400030455306838,-88.5,T,14903.0
2022-02-04,2022,"(0.5, 0.5)",1,0.9894811976407829,237.66964285714286,TP,14463.75
2022-02-04,2022,"(0.5, 0.75)",1,0.9004094819489838,216.5,T,14463.75
2022-02-04,2022,"(0.5, 1.0)",1,0.9004094819489838,216.5,T,14463.75
2022-02-04,2022,"(0.75, 0.5)",1,0.659654131760522,237.66964285714286,TP,14463.75
2022-02-04,2022,"(0.75, 0.75)",1,0.6002729879659893,216.5,T,14463.75
2022-02-04,2022,"(0.75, 1.0)",1,0.6002729879659893,216.5,T,14463.75
2022-02-04,2022,"(1.0, 0.5)",1,0.49474059882039145,237.66964285714286,TP,14463.75
2022-02-04,2022,"(1.0, 0.75)",1,0.4502047409744919,216.5,T,14463.75
2022-02-04,2022,"(1.0, 1.0)",1,0.4502047409744919,216.5,T,14463.75
2022-02-08,2022,"(0.5, 0.5)",1,0.9895327102803738,238.83928571428572,TP,14512.0
2022-02-08,2022,"(0.5, 0.75)",1,0.9169345794392523,221.5,T,14512.0
2022-02-08,2022,"(0.5, 1.0)",1,0.9169345794392523,221.5,T,14512.0
2022-02-08,2022,"(0.75, 0.5)",1,0.6596884735202493,238.83928571428572,TP,14512.0
2022-02-08,2022,"(0.75, 0.75)",1,0.6112897196261683,221.5,T,14512.0
2022-02-08,2022,"(0.75, 1.0)",1,0.6112897196261683,221.5,T,14512.0
2022-02-08,2022,"(1.0, 0.5)",1,0.4947663551401869,238.83928571428572,TP,14512.0
2022-02-08,2022,"(1.0, 0.75)",1,0.45846728971962614,221.5,T,14512.0
2022-02-08,2022,"(1.0, 1.0)",1,0.45846728971962614,221.5,T,14512.0
2022-02-11,2022,"(0.5, 0.5)",1,-1.0109157537717828,-229.02678571428572,SL,14629.25
2022-02-11,2022,"(0.5, 0.75)",1,-1.0109157537717828,-229.02678571428572,SL,14629.25
2022-02-11,2022,"(0.5, 1.0)",1,-1.0109157537717828,-229.02678571428572,SL,14629.25
2022-02-11,2022,"(0.75, 0.5)",1,-1.0072771691811886,-343.54017857142856,SL,14629.25
2022-02-11,2022,"(0.75, 0.75)",1,-1.0072771691811886,-343.54017857142856,SL,14629.25
2022-02-11,2022,"(0.75, 1.0)",1,-1.0072771691811886,-343.54017857142856,SL,14629.25
2022-02-11,2022,"(1.0, 0.5)",1,-0.8601613972164828,-391.5,T,14629.25
2022-02-11,2022,"(1.0, 0.75)",1,-0.8601613972164828,-391.5,T,14629.25
2022-02-11,2022,"(1.0, 1.0)",1,-0.8601613972164828,-391.5,T,14629.25
2022-02-16,2022,"(0.5, 0.5)",1,0.987684187376292,202.99107142857142,TP,14440.25
2022-02-16,2022,"(0.5, 0.75)",1,0.7820541016054542,161.25,T,14440.25
2022-02-16,2022,"(0.5, 1.0)",1,0.7820541016054542,161.25,T,14440.25
2022-02-16,2022,"(0.75, 0.5)",1,0.658456124917528,202.99107142857142,TP,14440.25
2022-02-16,2022,"(0.75, 0.75)",1,0.5213694010703028,161.25,T,14440.25
2022-02-16,2022,"(0.75, 1.0)",1,0.5213694010703028,161.25,T,14440.25
2022-02-16,2022,"(1.0, 0.5)",1,0.493842093688146,202.99107142857142,TP,14440.25
2022-02-16,2022,"(1.0, 0.75)",1,0.3910270508027271,161.25,T,14440.25
2022-02-16,2022,"(1.0, 1.0)",1,0.3910270508027271,161.25,T,14440.25
2022-02-17,2022,"(0.5, 0.5)",1,-1.0127655694355795,-195.83928571428572,SL,14387.0
2022-02-17,2022,"(0.5, 0.75)",1,-1.0127655694355795,-195.83928571428572,SL,14387.0
2022-02-17,2022,"(0.5, 1.0)",1,-1.0127655694355795,-195.83928571428572,SL,14387.0
2022-02-17,2022,"(0.75, 0.5)",1,-0.7599769003981642,-220.75,T,14387.0
2022-02-17,2022,"(0.75, 0.75)",1,-0.7599769003981642,-220.75,T,14387.0
2022-02-17,2022,"(0.75, 1.0)",1,-0.7599769003981642,-220.75,T,14387.0
2022-02-17,2022,"(1.0, 0.5)",1,-0.5699826752986231,-220.75,T,14387.0
2022-02-17,2022,"(1.0, 0.75)",1,-0.5699826752986231,-220.75,T,14387.0
2022-02-17,2022,"(1.0, 1.0)",1,-0.5699826752986231,-220.75,T,14387.0
2022-03-02,2022,"(0.5, 0.5)",-1,0.01546369854284379,5.75,T,14243.0
2022-03-02,2022,"(0.5, 0.75)",-1,0.01546369854284379,5.75,T,14243.0
2022-03-02,2022,"(0.5, 1.0)",-1,0.01546369854284379,5.75,T,14243.0
2022-03-02,2022,"(0.75, 0.5)",-1,0.01030913236189586,5.75,T,14243.0
2022-03-02,2022,"(0.75, 0.75)",-1,0.01030913236189586,5.75,T,14243.0
2022-03-02,2022,"(0.75, 1.0)",-1,0.01030913236189586,5.75,T,14243.0
2022-03-02,2022,"(1.0, 0.5)",-1,0.007731849271421895,5.75,T,14243.0
2022-03-02,2022,"(1.0, 0.75)",-1,0.007731849271421895,5.75,T,14243.0
2022-03-02,2022,"(1.0, 1.0)",-1,0.007731849271421895,5.75,T,14243.0
2022-03-07,2022,"(0.5, 0.5)",1,-1.012481611911024,-200.29464285714286,SL,13742.25
2022-03-07,2022,"(0.5, 0.75)",1,-1.012481611911024,-200.29464285714286,SL,13742.25
2022-03-07,2022,"(0.5, 1.0)",1,-1.012481611911024,-200.29464285714286,SL,13742.25
2022-03-07,2022,"(0.75, 0.5)",1,-1.0083210746073492,-300.4419642857143,SL,13742.25
2022-03-07,2022,"(0.75, 0.75)",1,-1.0083210746073492,-300.4419642857143,SL,13742.25
2022-03-07,2022,"(0.75, 1.0)",1,-1.0083210746073492,-300.4419642857143,SL,13742.25
2022-03-07,2022,"(1.0, 0.5)",1,-1.006240805955512,-400.5892857142857,SL,13742.25
2022-03-07,2022,"(1.0, 0.75)",1,-1.006240805955512,-400.5892857142857,SL,13742.25
2022-03-07,2022,"(1.0, 1.0)",1,-1.006240805955512,-400.5892857142857,SL,13742.25
2022-03-09,2022,"(0.5, 0.5)",-1,-0.36435513095042,-76.5,T,13665.25
2022-03-09,2022,"(0.5, 0.75)",-1,-0.36435513095042,-76.5,T,13665.25
2022-03-09,2022,"(0.5, 1.0)",-1,-0.36435513095042,-76.5,T,13665.25
2022-03-09,2022,"(0.75, 0.5)",-1,-0.24290342063361334,-76.5,T,13665.25
2022-03-09,2022,"(0.75, 0.75)",-1,-0.24290342063361334,-76.5,T,13665.25
2022-03-09,2022,"(0.75, 1.0)",-1,-0.24290342063361334,-76.5,T,13665.25
2022-03-09,2022,"(1.0, 0.5)",-1,-0.18217756547521,-76.5,T,13665.25
2022-03-09,2022,"(1.0, 0.75)",-1,-0.18217756547521,-76.5,T,13665.25
2022-03-09,2022,"(1.0, 1.0)",-1,-0.18217756547521,-76.5,T,13665.25
2022-03-15,2022,"(0.5, 0.5)",-1,-0.29998424452497247,-65.5,T,13391.25
2022-03-15,2022,"(0.5, 0.75)",-1,-0.29998424452497247,-65.5,T,13391.25
2022-03-15,2022,"(0.5, 1.0)",-1,-0.29998424452497247,-65.5,T,13391.25
2022-03-15,2022,"(0.75, 0.5)",-1,-0.19998949634998164,-65.5,T,13391.25
2022-03-15,2022,"(0.75, 0.75)",-1,-0.19998949634998164,-65.5,T,13391.25
2022-03-15,2022,"(0.75, 1.0)",-1,-0.19998949634998164,-65.5,T,13391.25
2022-03-15,2022,"(1.0, 0.5)",-1,-0.14999212226248623,-65.5,T,13391.25
2022-03-15,2022,"(1.0, 0.75)",-1,-0.14999212226248623,-65.5,T,13391.25
2022-03-15,2022,"(1.0, 1.0)",-1,-0.14999212226248623,-65.5,T,13391.25
2022-03-24,2022,"(0.5, 0.5)",1,0.9875853507138423,201.375,TP,14501.25
2022-03-24,2022,"(0.5, 0.75)",1,1.3047796399751708,265.25,T,14501.25
2022-03-24,2022,"(0.5, 1.0)",1,1.3047796399751708,265.25,T,14501.25
2022-03-24,2022,"(0.75, 0.5)",1,0.6583902338092282,201.375,TP,14501.25
2022-03-24,2022,"(0.75, 0.75)",1,0.8698530933167805,265.25,T,14501.25
2022-03-24,2022,"(0.75, 1.0)",1,0.8698530933167805,265.25,T,14501.25
2022-03-24,2022,"(1.0, 0.5)",1,0.4937926753569212,201.375,TP,14501.25
2022-03-24,2022,"(1.0, 0.75)",1,0.6523898199875854,265.25,T,14501.25
2022-03-24,2022,"(1.0, 1.0)",1,0.6523898199875854,265.25,T,14501.25
2022-03-25,2022,"(0.5, 0.5)",-1,-0.07157968970380818,-12.0,T,14743.25
2022-03-25,2022,"(0.5, 0.75)",-1,-0.07157968970380818,-12.0,T,14743.25
2022-03-25,2022,"(0.5, 1.0)",-1,-0.07157968970380818,-12.0,T,14743.25
2022-03-25,2022,"(0.75, 0.5)",-1,-0.047719793135872116,-12.0,T,14743.25
2022-03-25,2022,"(0.75, 0.75)",-1,-0.047719793135872116,-12.0,T,14743.25
2022-03-25,2022,"(0.75, 1.0)",-1,-0.047719793135872116,-12.0,T,14743.25
2022-03-25,2022,"(1.0, 0.5)",-1,-0.03578984485190409,-12.0,T,14743.25
2022-03-25,2022,"(1.0, 0.75)",-1,-0.03578984485190409,-12.0,T,14743.25
2022-03-25,2022,"(1.0, 1.0)",-1,-0.03578984485190409,-12.0,T,14743.25
2022-03-28,2022,"(0.5, 0.5)",-1,-0.97893850042123,-184.25,T,14803.0
2022-03-28,2022,"(0.5, 0.75)",-1,-0.97893850042123,-184.25,T,14803.0
2022-03-28,2022,"(0.5, 1.0)",-1,-0.97893850042123,-184.25,T,14803.0
2022-03-28,2022,"(0.75, 0.5)",-1,-0.6526256669474867,-184.25,T,14803.0
2022-03-28,2022,"(0.75, 0.75)",-1,-0.6526256669474867,-184.25,T,14803.0
2022-03-28,2022,"(0.75, 1.0)",-1,-0.6526256669474867,-184.25,T,14803.0
2022-03-28,2022,"(1.0, 0.5)",-1,-0.489469250210615,-184.25,T,14803.0
2022-03-28,2022,"(1.0, 0.75)",-1,-0.489469250210615,-184.25,T,14803.0
2022-03-28,2022,"(1.0, 1.0)",-1,-0.489469250210615,-184.25,T,14803.0
2022-03-31,2022,"(0.5, 0.5)",1,-1.0148785801583506,-168.02678571428572,SL,15025.25
2022-03-31,2022,"(0.5, 0.75)",1,-1.0148785801583506,-168.02678571428572,SL,15025.25
2022-03-31,2022,"(0.5, 1.0)",1,-1.0148785801583506,-168.02678571428572,SL,15025.25
2022-03-31,2022,"(0.75, 0.5)",1,-0.6258922719946154,-155.25,T,15025.25
2022-03-31,2022,"(0.75, 0.75)",1,-0.6258922719946154,-155.25,T,15025.25
2022-03-31,2022,"(0.75, 1.0)",1,-0.6258922719946154,-155.25,T,15025.25
2022-03-31,2022,"(1.0, 0.5)",1,-0.4694192039959615,-155.25,T,15025.25
2022-03-31,2022,"(1.0, 0.75)",1,-0.4694192039959615,-155.25,T,15025.25
2022-03-31,2022,"(1.0, 1.0)",1,-0.4694192039959615,-155.25,T,15025.25
2022-04-08,2022,"(0.5, 0.5)",1,0.9829382731094998,146.52678571428572,TP,14323.25
2022-04-08,2022,"(0.5, 0.75)",1,0.07165925294010114,13.0,T,14323.25
2022-04-08,2022,"(0.5, 1.0)",1,0.07165925294010114,13.0,T,14323.25
2022-04-08,2022,"(0.75, 0.5)",1,0.6552921820729998,146.52678571428572,TP,14323.25
2022-04-08,2022,"(0.75, 0.75)",1,0.04777283529340077,13.0,T,14323.25
2022-04-08,2022,"(0.75, 1.0)",1,0.04777283529340077,13.0,T,14323.25
2022-04-08,2022,"(1.0, 0.5)",1,0.4914691365547499,146.52678571428572,TP,14323.25
2022-04-08,2022,"(1.0, 0.75)",1,0.03582962647005057,13.0,T,14323.25
2022-04-08,2022,"(1.0, 1.0)",1,0.03582962647005057,13.0,T,14323.25
2022-04-12,2022,"(0.5, 0.5)",-1,0.9828662342430547,145.91071428571428,TP,14159.5
2022-04-12,2022,"(0.5, 0.75)",-1,1.4828662342430547,218.86607142857142,TP,14159.5
2022-04-12,2022,"(0.5, 1.0)",-1,1.47521723167299,217.75,T,14159.5
2022-04-12,2022,"(0.75, 0.5)",-1,0.6552441561620365,145.91071428571428,TP,14159.5
2022-04-12,2022,"(0.75, 0.75)",-1,0.9885774894953698,218.86607142857142,TP,14159.5
2022-04-12,2022,"(0.75, 1.0)",-1,0.9834781544486599,217.75,T,14159.5
2022-04-12,2022,"(1.0, 0.5)",-1,0.4914331171215274,145.91071428571428,TP,14159.5
2022-04-12,2022,"(1.0, 0.75)",-1,0.7414331171215274,218.86607142857142,TP,14159.5
2022-04-12,2022,"(1.0, 1.0)",-1,0.737608615836495,217.75,T,14159.5
2022-04-18,2022,"(0.5, 0.5)",1,0.01919341939906318,5.5,T,13911.5
2022-04-18,2022,"(0.5, 0.75)",1,0.01919341939906318,5.5,T,13911.5
2022-04-18,2022,"(0.5, 1.0)",1,0.01919341939906318,5.5,T,13911.5
2022-04-18,2022,"(0.75, 0.5)",1,0.012795612932708787,5.5,T,13911.5
2022-04-18,2022,"(0.75, 0.75)",1,0.012795612932708787,5.5,T,13911.5
2022-04-18,2022,"(0.75, 1.0)",1,0.012795612932708787,5.5,T,13911.5
2022-04-18,2022,"(1.0, 0.5)",1,0.00959670969953159,5.5,T,13911.5
2022-04-18,2022,"(1.0, 0.75)",1,0.00959670969953159,5.5,T,13911.5
2022-04-18,2022,"(1.0, 1.0)",1,0.00959670969953159,5.5,T,13911.5
2022-04-20,2022,"(0.5, 0.5)",-1,0.9842093390480487,158.32142857142858,TP,14215.25
2022-04-20,2022,"(0.5, 0.75)",-1,1.4842093390480489,237.4821428571429,TP,14215.25
2022-04-20,2022,"(0.5, 1.0)",-1,1.3216783216783217,211.75,T,14215.25
2022-04-20,2022,"(0.75, 0.5)",-1,0.6561395593653658,158.32142857142858,TP,14215.25
2022-04-20,2022,"(0.75, 0.75)",-1,0.9894728926986992,237.4821428571429,TP,14215.25
2022-04-20,2022,"(0.75, 1.0)",-1,0.881118881118881,211.75,T,14215.25
2022-04-20,2022,"(1.0, 0.5)",-1,0.4921046695240244,158.32142857142858,TP,14215.25
2022-04-20,2022,"(1.0, 0.75)",-1,0.7421046695240244,237.4821428571429,TP,14215.25
2022-04-20,2022,"(1.0, 1.0)",-1,0.6608391608391608,211.75,T,14215.25
2022-04-21,2022,"(0.5, 0.5)",-1,0.9845038463667054,161.33035714285714,TP,14259.75
2022-04-21,2022,"(0.5, 0.75)",-1,1.4845038463667055,241.99553571428572,TP,14259.75
2022-04-21,2022,"(0.5, 1.0)",-1,1.9845038463667055,322.6607142857143,TP,14259.75
2022-04-21,2022,"(0.75, 0.5)",-1,0.6563358975778035,161.33035714285714,TP,14259.75
2022-04-21,2022,"(0.75, 0.75)",-1,0.9896692309111369,241.99553571428572,TP,14259.75
2022-04-21,2022,"(0.75, 1.0)",-1,1.3230025642444703,322.6607142857143,TP,14259.75
2022-04-21,2022,"(1.0, 0.5)",-1,0.4922519231833527,161.33035714285714,TP,14259.75
2022-04-21,2022,"(1.0, 0.75)",-1,0.7422519231833528,241.99553571428572,TP,14259.75
2022-04-21,2022,"(1.0, 1.0)",-1,0.9922519231833528,322.6607142857143,TP,14259.75
2022-04-21,2022,"(0.5, 0.5)",1,-1.0154961536332945,-161.33035714285714,SL,13957.5
2022-04-21,2022,"(0.5, 0.75)",1,-1.0154961536332945,-161.33035714285714,SL,13957.5
2022-04-21,2022,"(0.5, 1.0)",1,-1.0154961536332945,-161.33035714285714,SL,13957.5
2022-04-21,2022,"(0.75, 0.5)",1,-1.010330769088863,-241.99553571428572,SL,13957.5
2022-04-21,2022,"(0.75, 0.75)",1,-1.010330769088863,-241.99553571428572,SL,13957.5
2022-04-21,2022,"(0.75, 1.0)",1,-1.010330769088863,-241.99553571428572,SL,13957.5
2022-04-21,2022,"(1.0, 0.5)",1,-0.7376169129448227,-235.5,T,13957.5
2022-04-21,2022,"(1.0, 0.75)",1,-0.7376169129448227,-235.5,T,13957.5
2022-04-21,2022,"(1.0, 1.0)",1,-0.7376169129448227,-235.5,T,13957.5
2022-04-28,2022,"(0.5, 0.5)",-1,-1.0136200019457147,-183.55357142857142,SL,13215.25
2022-04-28,2022,"(0.5, 0.75)",-1,-1.0136200019457147,-183.55357142857142,SL,13215.25
2022-04-28,2022,"(0.5, 1.0)",-1,-1.0136200019457147,-183.55357142857142,SL,13215.25
2022-04-28,2022,"(0.75, 0.5)",-1,-1.009080001297143,-275.3303571428571,SL,13215.25
2022-04-28,2022,"(0.75, 0.75)",-1,-1.009080001297143,-275.3303571428571,SL,13215.25
2022-04-28,2022,"(0.75, 1.0)",-1,-1.009080001297143,-275.3303571428571,SL,13215.25
2022-04-28,2022,"(1.0, 0.5)",-1,-0.681681097383014,-247.75,T,13215.25
2022-04-28,2022,"(1.0, 0.75)",-1,-0.681681097383014,-247.75,T,13215.25
2022-04-28,2022,"(1.0, 1.0)",-1,-0.681681097383014,-247.75,T,13215.25
2022-05-04,2022,"(0.5, 0.5)",-1,0.9875039050296782,200.0625,TP,13172.0
2022-05-04,2022,"(0.5, 0.75)",-1,-1.0124960949703217,-200.0625,SL,13172.0
2022-05-04,2022,"(0.5, 1.0)",-1,-1.0124960949703217,-200.0625,SL,13172.0
2022-05-04,2022,"(0.75, 0.5)",-1,0.6583359366864522,200.0625,TP,13172.0
2022-05-04,2022,"(0.75, 0.75)",-1,-1.0083307299802144,-300.09375,SL,13172.0
2022-05-04,2022,"(0.75, 1.0)",-1,-1.0083307299802144,-300.09375,SL,13172.0
2022-05-04,2022,"(1.0, 0.5)",-1,0.4937519525148391,200.0625,TP,13172.0
2022-05-04,2022,"(1.0, 0.75)",-1,-0.908466104342393,-361.0,T,13172.0
2022-05-04,2022,"(1.0, 1.0)",-1,-0.908466104342393,-361.0,T,13172.0
2022-05-05,2022,"(0.5, 0.5)",1,-0.1900986758876613,-37.75,T,12896.5
2022-05-05,2022,"(0.5, 0.75)",1,-0.1900986758876613,-37.75,T,12896.5
2022-05-05,2022,"(0.5, 1.0)",1,-0.1900986758876613,-37.75,T,12896.5
2022-05-05,2022,"(0.75, 0.5)",1,-0.1267324505917742,-37.75,T,12896.5
2022-05-05,2022,"(0.75, 0.75)",1,-0.1267324505917742,-37.75,T,12896.5
2022-05-05,2022,"(0.75, 1.0)",1,-0.1267324505917742,-37.75,T,12896.5
2022-05-05,2022,"(1.0, 0.5)",1,-0.09504933794383065,-37.75,T,12896.5
2022-05-05,2022,"(1.0, 0.75)",1,-0.09504933794383065,-37.75,T,12896.5
2022-05-05,2022,"(1.0, 1.0)",1,-0.09504933794383065,-37.75,T,12896.5
2022-05-11,2022,"(0.5, 0.5)",1,0.9897077743061937,242.90178571428572,TP,12185.5
2022-05-11,2022,"(0.5, 0.75)",1,-1.0102922256938063,-242.90178571428572,SL,12185.5
2022-05-11,2022,"(0.5, 1.0)",1,-1.0102922256938063,-242.90178571428572,SL,12185.5
2022-05-11,2022,"(0.75, 0.5)",1,0.6598051828707958,242.90178571428572,TP,12185.5
2022-05-11,2022,"(0.75, 0.75)",1,-0.5852845677877841,-210.75,T,12185.5
2022-05-11,2022,"(0.75, 1.0)",1,-0.5852845677877841,-210.75,T,12185.5
2022-05-11,2022,"(1.0, 0.5)",1,0.49485388715309686,242.90178571428572,TP,12185.5
2022-05-11,2022,"(1.0, 0.75)",1,-0.4389634258408381,-210.75,T,12185.5
2022-05-11,2022,"(1.0, 1.0)",1,-0.4389634258408381,-210.75,T,12185.5
2022-05-13,2022,"(0.5, 0.5)",-1,-1.0103792119212662,-240.86607142857142,SL,12092.0
2022-05-13,2022,"(0.5, 0.75)",-1,-1.0103792119212662,-240.86607142857142,SL,12092.0
2022-05-13,2022,"(0.5, 1.0)",-1,-1.0103792119212662,-240.86607142857142,SL,12092.0
2022-05-13,2022,"(0.75, 0.5)",-1,-0.8164980044729462,-292.5,T,12092.0
2022-05-13,2022,"(0.75, 0.75)",-1,-0.8164980044729462,-292.5,T,12092.0
2022-05-13,2022,"(0.75, 1.0)",-1,-0.8164980044729462,-292.5,T,12092.0
2022-05-13,2022,"(1.0, 0.5)",-1,-0.6123735033547096,-292.5,T,12092.0
2022-05-13,2022,"(1.0, 0.75)",-1,-0.6123735033547096,-292.5,T,12092.0
2022-05-13,2022,"(1.0, 1.0)",-1,-0.6123735033547096,-292.5,T,12092.0
2022-05-19,2022,"(0.5, 0.5)",1,-0.18458575608310804,-42.0,T,11918.25
2022-05-19,2022,"(0.5, 0.75)",1,-0.18458575608310804,-42.0,T,11918.25
2022-05-19,2022,"(0.5, 1.0)",1,-0.18458575608310804,-42.0,T,11918.25
2022-05-19,2022,"(0.75, 0.5)",1,-0.12305717072207202,-42.0,T,11918.25
2022-05-19,2022,"(0.75, 0.75)",1,-0.12305717072207202,-42.0,T,11918.25
2022-05-19,2022,"(0.75, 1.0)",1,-0.12305717072207202,-42.0,T,11918.25
2022-05-19,2022,"(1.0, 0.5)",1,-0.09229287804155402,-42.0,T,11918.25
2022-05-19,2022,"(1.0, 0.75)",1,-0.09229287804155402,-42.0,T,11918.25
2022-05-19,2022,"(1.0, 1.0)",1,-0.09229287804155402,-42.0,T,11918.25
2022-05-20,2022,"(0.5, 0.5)",1,-1.0109366455745645,-228.58928571428572,SL,11802.75
2022-05-20,2022,"(0.5, 0.75)",1,-1.0109366455745645,-228.58928571428572,SL,11802.75
2022-05-20,2022,"(0.5, 1.0)",1,-1.0109366455745645,-228.58928571428572,SL,11802.75
2022-05-20,2022,"(0.75, 0.5)",1,0.08822227430148687,32.75,T,11802.75
2022-05-20,2022,"(0.75, 0.75)",1,0.08822227430148687,32.75,T,11802.75
2022-05-20,2022,"(0.75, 1.0)",1,0.08822227430148687,32.75,T,11802.75
2022-05-20,2022,"(1.0, 0.5)",1,0.06616670572611515,32.75,T,11802.75
2022-05-20,2022,"(1.0, 0.75)",1,0.06616670572611515,32.75,T,11802.75
2022-05-20,2022,"(1.0, 1.0)",1,0.06616670572611515,32.75,T,11802.75
2022-05-23,2022,"(0.5, 0.5)",-1,-0.11790591805766312,-25.25,T,12009.5
2022-05-23,2022,"(0.5, 0.75)",-1,-0.11790591805766312,-25.25,T,12009.5
2022-05-23,2022,"(0.5, 1.0)",-1,-0.11790591805766312,-25.25,T,12009.5
2022-05-23,2022,"(0.75, 0.5)",-1,-0.07860394537177542,-25.25,T,12009.5
2022-05-23,2022,"(0.75, 0.75)",-1,-0.07860394537177542,-25.25,T,12009.5
2022-05-23,2022,"(0.75, 1.0)",-1,-0.07860394537177542,-25.25,T,12009.5
2022-05-23,2022,"(1.0, 0.5)",-1,-0.05895295902883156,-25.25,T,12009.5
2022-05-23,2022,"(1.0, 0.75)",-1,-0.05895295902883156,-25.25,T,12009.5
2022-05-23,2022,"(1.0, 1.0)",-1,-0.05895295902883156,-25.25,T,12009.5
2022-05-25,2022,"(0.5, 0.5)",-1,-1.0108843537414967,-229.6875,SL,11758.0
2022-05-25,2022,"(0.5, 0.75)",-1,-1.0108843537414967,-229.6875,SL,11758.0
2022-05-25,2022,"(0.5, 1.0)",-1,-1.0108843537414967,-229.6875,SL,11758.0
2022-05-25,2022,"(0.75, 0.5)",-1,-0.5630839002267574,-191.5,T,11758.0
2022-05-25,2022,"(0.75, 0.75)",-1,-0.5630839002267574,-191.5,T,11758.0
2022-05-25,2022,"(0.75, 1.0)",-1,-0.5630839002267574,-191.5,T,11758.0
2022-05-25,2022,"(1.0, 0.5)",-1,-0.422312925170068,-191.5,T,11758.0
2022-05-25,2022,"(1.0, 0.75)",-1,-0.422312925170068,-191.5,T,11758.0
2022-05-25,2022,"(1.0, 1.0)",-1,-0.422312925170068,-191.5,T,11758.0
2022-05-26,2022,"(0.5, 0.5)",-1,-1.011801399308775,-211.83928571428572,SL,12029.75
2022-05-26,2022,"(0.5, 0.75)",-1,-1.011801399308775,-211.83928571428572,SL,12029.75
2022-05-26,2022,"(0.5, 1.0)",-1,-1.011801399308775,-211.83928571428572,SL,12029.75
2022-05-26,2022,"(0.75, 0.5)",-1,-0.7796791143330805,-245.25,T,12029.75
2022-05-26,2022,"(0.75, 0.75)",-1,-0.7796791143330805,-245.25,T,12029.75
2022-05-26,2022,"(0.75, 1.0)",-1,-0.7796791143330805,-245.25,T,12029.75
2022-05-26,2022,"(1.0, 0.5)",-1,-0.5847593357498103,-245.25,T,12029.75
2022-05-26,2022,"(1.0, 0.75)",-1,-0.5847593357498103,-245.25,T,12029.75
2022-05-26,2022,"(1.0, 1.0)",-1,-0.5847593357498103,-245.25,T,12029.75
2022-05-31,2022,"(0.5, 0.5)",-1,-0.32496561210453917,-65.0,T,12580.25
2022-05-31,2022,"(0.5, 0.75)",-1,-0.32496561210453917,-65.0,T,12580.25
2022-05-31,2022,"(0.5, 1.0)",-1,-0.32496561210453917,-65.0,T,12580.25
2022-05-31,2022,"(0.75, 0.5)",-1,-0.21664374140302614,-65.0,T,12580.25
2022-05-31,2022,"(0.75, 0.75)",-1,-0.21664374140302614,-65.0,T,12580.25
2022-05-31,2022,"(0.75, 1.0)",-1,-0.21664374140302614,-65.0,T,12580.25
2022-05-31,2022,"(1.0, 0.5)",-1,-0.16248280605226958,-65.0,T,12580.25
2022-05-31,2022,"(1.0, 0.75)",-1,-0.16248280605226958,-65.0,T,12580.25
2022-05-31,2022,"(1.0, 1.0)",-1,-0.16248280605226958,-65.0,T,12580.25
2022-06-02,2022,"(0.5, 0.5)",1,0.9874015748031496,198.4375,TP,12508.75
2022-06-02,2022,"(0.5, 0.75)",1,1.4874015748031495,297.65625,TP,12508.75
2022-06-02,2022,"(0.5, 1.0)",1,1.9300787401574804,385.5,T,12508.75
2022-06-02,2022,"(0.75, 0.5)",1,0.658267716535433,198.4375,TP,12508.75
2022-06-02,2022,"(0.75, 0.75)",1,0.9916010498687664,297.65625,TP,12508.75
2022-06-02,2022,"(0.75, 1.0)",1,1.2867191601049868,385.5,T,12508.75
2022-06-02,2022,"(1.0, 0.5)",1,0.4937007874015748,198.4375,TP,12508.75
2022-06-02,2022,"(1.0, 0.75)",1,0.7437007874015747,297.65625,TP,12508.75
2022-06-02,2022,"(1.0, 1.0)",1,0.9650393700787402,385.5,T,12508.75
2022-06-09,2022,"(0.5, 0.5)",1,-1.0138169257340242,-180.9375,SL,12586.75
2022-06-09,2022,"(0.5, 0.75)",1,-1.0138169257340242,-180.9375,SL,12586.75
2022-06-09,2022,"(0.5, 1.0)",1,-1.0138169257340242,-180.9375,SL,12586.75
2022-06-09,2022,"(0.75, 0.5)",1,-1.0092112838226828,-271.40625,SL,12586.75
2022-06-09,2022,"(0.75, 0.75)",1,-1.0092112838226828,-271.40625,SL,12586.75
2022-06-09,2022,"(0.75, 1.0)",1,-1.0092112838226828,-271.40625,SL,12586.75
2022-06-09,2022,"(1.0, 0.5)",1,-0.8787564766839379,-315.5,T,12586.75
2022-06-09,2022,"(1.0, 0.75)",1,-0.8787564766839379,-315.5,T,12586.75
2022-06-09,2022,"(1.0, 1.0)",1,-0.8787564766839379,-315.5,T,12586.75
2022-06-14,2022,"(0.5, 0.5)",1,0.18972478767345802,39.0,T,11279.5
2022-06-14,2022,"(0.5, 0.75)",1,0.18972478767345802,39.0,T,11279.5
2022-06-14,2022,"(0.5, 1.0)",1,0.18972478767345802,39.0,T,11279.5
2022-06-14,2022,"(0.75, 0.5)",1,0.12648319178230533,39.0,T,11279.5
2022-06-14,2022,"(0.75, 0.75)",1,0.12648319178230533,39.0,T,11279.5
2022-06-14,2022,"(0.75, 1.0)",1,0.12648319178230533,39.0,T,11279.5
2022-06-14,2022,"(1.0, 0.5)",1,0.09486239383672901,39.0,T,11279.5
2022-06-14,2022,"(1.0, 0.75)",1,0.09486239383672901,39.0,T,11279.5
2022-06-14,2022,"(1.0, 1.0)",1,0.09486239383672901,39.0,T,11279.5
2022-06-17,2022,"(0.5, 0.5)",-1,0.9869773498907027,191.97321428571428,TP,11311.75
2022-06-17,2022,"(0.5, 0.75)",-1,0.08855402074322125,19.5,T,11311.75
2022-06-17,2022,"(0.5, 1.0)",-1,0.08855402074322125,19.5,T,11311.75
2022-06-17,2022,"(0.75, 0.5)",-1,0.6579848999271352,191.97321428571428,TP,11311.75
2022-06-17,2022,"(0.75, 0.75)",-1,0.05903601382881416,19.5,T,11311.75
2022-06-17,2022,"(0.75, 1.0)",-1,0.05903601382881416,19.5,T,11311.75
2022-06-17,2022,"(1.0, 0.5)",-1,0.49348867494535137,191.97321428571428,TP,11311.75
2022-06-17,2022,"(1.0, 0.75)",-1,0.04427701037161062,19.5,T,11311.75
2022-06-17,2022,"(1.0, 1.0)",-1,0.04427701037161062,19.5,T,11311.75
2022-06-22,2022,"(0.5, 0.5)",1,0.9868950669287653,190.76785714285714,TP,11501.75
2022-06-22,2022,"(0.5, 0.75)",1,0.2830665543386689,56.5,T,11501.75
2022-06-22,2022,"(0.5, 1.0)",1,0.2830665543386689,56.5,T,11501.75
2022-06-22,2022,"(0.75, 0.5)",1,0.6579300446191768,190.76785714285714,TP,11501.75
2022-06-22,2022,"(0.75, 0.75)",1,0.18871103622577928,56.5,T,11501.75
2022-06-22,2022,"(0.75, 1.0)",1,0.18871103622577928,56.5,T,11501.75
2022-06-22,2022,"(1.0, 0.5)",1,0.49344753346438264,190.76785714285714,TP,11501.75
2022-06-22,2022,"(1.0, 0.75)",1,0.14153327716933445,56.5,T,11501.75
2022-06-22,2022,"(1.0, 1.0)",1,0.14153327716933445,56.5,T,11501.75
2022-06-27,2022,"(0.5, 0.5)",-1,0.3747160493827161,70.25,T,12115.0
2022-06-27,2022,"(0.5, 0.75)",-1,0.3747160493827161,70.25,T,12115.0
2022-06-27,2022,"(0.5, 1.0)",-1,0.3747160493827161,70.25,T,12115.0
2022-06-27,2022,"(0.75, 0.5)",-1,0.2498106995884774,70.25,T,12115.0
2022-06-27,2022,"(0.75, 0.75)",-1,0.2498106995884774,70.25,T,12115.0
2022-06-27,2022,"(0.75, 1.0)",-1,0.2498106995884774,70.25,T,12115.0
2022-06-27,2022,"(1.0, 0.5)",-1,0.18735802469135804,70.25,T,12115.0
2022-06-27,2022,"(1.0, 0.75)",-1,0.18735802469135804,70.25,T,12115.0
2022-06-27,2022,"(1.0, 1.0)",-1,0.18735802469135804,70.25,T,12115.0
2022-07-05,2022,"(0.5, 0.5)",1,0.9856483854433624,174.19642857142858,TP,11413.0
2022-07-05,2022,"(0.5, 0.75)",1,1.4856483854433624,261.2946428571429,TP,11413.0
2022-07-05,2022,"(0.5, 1.0)",1,1.9856483854433624,348.39285714285717,TP,11413.0
2022-07-05,2022,"(0.75, 0.5)",1,0.6570989236289082,174.19642857142858,TP,11413.0
2022-07-05,2022,"(0.75, 0.75)",1,0.9904322569622416,261.2946428571429,TP,11413.0
2022-07-05,2022,"(0.75, 1.0)",1,1.323765590295575,348.39285714285717,TP,11413.0
2022-07-05,2022,"(1.0, 0.5)",1,0.4928241927216812,174.19642857142858,TP,11413.0
2022-07-05,2022,"(1.0, 0.75)",1,0.7428241927216812,261.2946428571429,TP,11413.0
2022-07-05,2022,"(1.0, 1.0)",1,0.9928241927216812,348.39285714285717,TP,11413.0
2022-07-14,2022,"(0.5, 0.5)",1,0.9834280303030303,150.85714285714286,TP,11527.75
2022-07-14,2022,"(0.5, 0.75)",1,1.4834280303030303,226.28571428571428,TP,11527.75
2022-07-14,2022,"(0.5, 1.0)",1,1.9834280303030303,301.7142857142857,TP,11527.75
2022-07-14,2022,"(0.75, 0.5)",1,0.655618686868687,150.85714285714286,TP,11527.75
2022-07-14,2022,"(0.75, 0.75)",1,0.9889520202020202,226.28571428571428,TP,11527.75
2022-07-14,2022,"(0.75, 1.0)",1,1.3222853535353536,301.7142857142857,TP,11527.75
2022-07-14,2022,"(1.0, 0.5)",1,0.49171401515151514,150.85714285714286,TP,11527.75
2022-07-14,2022,"(1.0, 0.75)",1,0.7417140151515151,226.28571428571428,TP,11527.75
2022-07-14,2022,"(1.0, 1.0)",1,0.9917140151515151,301.7142857142857,TP,11527.75
2022-07-21,2022,"(0.5, 0.5)",-1,-1.0040040638259726,-147.5,T,12497.5
2022-07-21,2022,"(0.5, 0.75)",-1,-1.0040040638259726,-147.5,T,12497.5
2022-07-21,2022,"(0.5, 1.0)",-1,-1.0040040638259726,-147.5,T,12497.5
2022-07-21,2022,"(0.75, 0.5)",-1,-0.6693360425506484,-147.5,T,12497.5
2022-07-21,2022,"(0.75, 0.75)",-1,-0.6693360425506484,-147.5,T,12497.5
2022-07-21,2022,"(0.75, 1.0)",-1,-0.6693360425506484,-147.5,T,12497.5
2022-07-21,2022,"(1.0, 0.5)",-1,-0.5020020319129863,-147.5,T,12497.5
2022-07-21,2022,"(1.0, 0.75)",-1,-0.5020020319129863,-147.5,T,12497.5
2022-07-21,2022,"(1.0, 1.0)",-1,-0.5020020319129863,-147.5,T,12497.5
2022-07-22,2022,"(0.5, 0.5)",-1,0.9830024889212651,147.08035714285714,TP,12619.5
2022-07-22,2022,"(0.5, 0.75)",-1,1.4830024889212652,220.62053571428572,TP,12619.5
2022-07-22,2022,"(0.5, 1.0)",-1,1.3105081041704607,195.25,T,12619.5
2022-07-22,2022,"(0.75, 0.5)",-1,0.6553349926141767,147.08035714285714,TP,12619.5
2022-07-22,2022,"(0.75, 0.75)",-1,0.9886683259475101,220.62053571428572,TP,12619.5
2022-07-22,2022,"(0.75, 1.0)",-1,0.8736720694469738,195.25,T,12619.5
2022-07-22,2022,"(1.0, 0.5)",-1,0.49150124446063254,147.08035714285714,TP,12619.5
2022-07-22,2022,"(1.0, 0.75)",-1,0.7415012444606326,220.62053571428572,TP,12619.5
2022-07-22,2022,"(1.0, 1.0)",-1,0.6552540520852304,195.25,T,12619.5
2022-07-27,2022,"(0.5, 0.5)",-1,-1.017258382642998,-144.85714285714286,SL,12290.5
2022-07-27,2022,"(0.5, 0.75)",-1,-1.017258382642998,-144.85714285714286,SL,12290.5
2022-07-27,2022,"(0.5, 1.0)",-1,-1.017258382642998,-144.85714285714286,SL,12290.5
2022-07-27,2022,"(0.75, 0.5)",-1,-1.0115055884286654,-217.28571428571428,SL,12290.5
2022-07-27,2022,"(0.75, 0.75)",-1,-1.0115055884286654,-217.28571428571428,SL,12290.5
2022-07-27,2022,"(0.75, 1.0)",-1,-1.0115055884286654,-217.28571428571428,SL,12290.5
2022-07-27,2022,"(1.0, 0.5)",-1,-1.008629191321499,-289.7142857142857,SL,12290.5
2022-07-27,2022,"(1.0, 0.75)",-1,-1.008629191321499,-289.7142857142857,SL,12290.5
2022-07-27,2022,"(1.0, 1.0)",-1,-1.008629191321499,-289.7142857142857,SL,12290.5
2022-07-28,2022,"(0.5, 0.5)",-1,-0.379508385021824,-56.5,T,12682.25
2022-07-28,2022,"(0.5, 0.75)",-1,-0.379508385021824,-56.5,T,12682.25
2022-07-28,2022,"(0.5, 1.0)",-1,-0.379508385021824,-56.5,T,12682.25
2022-07-28,2022,"(0.75, 0.5)",-1,-0.25300559001454936,-56.5,T,12682.25
2022-07-28,2022,"(0.75, 0.75)",-1,-0.25300559001454936,-56.5,T,12682.25
2022-07-28,2022,"(0.75, 1.0)",-1,-0.25300559001454936,-56.5,T,12682.25
2022-07-28,2022,"(1.0, 0.5)",-1,-0.189754192510912,-56.5,T,12682.25
2022-07-28,2022,"(1.0, 0.75)",-1,-0.189754192510912,-56.5,T,12682.25
2022-07-28,2022,"(1.0, 1.0)",-1,-0.189754192510912,-56.5,T,12682.25
2022-08-01,2022,"(0.5, 0.5)",-1,0.1556791104050834,27.0,T,12990.0
2022-08-01,2022,"(0.5, 0.75)",-1,0.1556791104050834,27.0,T,12990.0
2022-08-01,2022,"(0.5, 1.0)",-1,0.1556791104050834,27.0,T,12990.0
2022-08-01,2022,"(0.75, 0.5)",-1,0.10378607360338893,27.0,T,12990.0
2022-08-01,2022,"(0.75, 0.75)",-1,0.10378607360338893,27.0,T,12990.0
2022-08-01,2022,"(0.75, 1.0)",-1,0.10378607360338893,27.0,T,12990.0
2022-08-01,2022,"(1.0, 0.5)",-1,0.0778395552025417,27.0,T,12990.0
2022-08-01,2022,"(1.0, 0.75)",-1,0.0778395552025417,27.0,T,12990.0
2022-08-01,2022,"(1.0, 1.0)",-1,0.0778395552025417,27.0,T,12990.0
2022-08-04,2022,"(0.5, 0.5)",-1,-0.4930029823353981,-74.25,T,13256.5
2022-08-04,2022,"(0.5, 0.75)",-1,-0.4930029823353981,-74.25,T,13256.5
2022-08-04,2022,"(0.5, 1.0)",-1,-0.4930029823353981,-74.25,T,13256.5
2022-08-04,2022,"(0.75, 0.5)",-1,-0.3286686548902654,-74.25,T,13256.5
2022-08-04,2022,"(0.75, 0.75)",-1,-0.3286686548902654,-74.25,T,13256.5
2022-08-04,2022,"(0.75, 1.0)",-1,-0.3286686548902654,-74.25,T,13256.5
2022-08-04,2022,"(1.0, 0.5)",-1,-0.24650149116769904,-74.25,T,13256.5
2022-08-04,2022,"(1.0, 0.75)",-1,-0.24650149116769904,-74.25,T,13256.5
2022-08-04,2022,"(1.0, 1.0)",-1,-0.24650149116769904,-74.25,T,13256.5
2022-08-08,2022,"(0.5, 0.5)",-1,0.9834260684266604,150.83928571428572,TP,13307.75
2022-08-08,2022,"(0.5, 0.75)",-1,0.8187522197229785,126.0,T,13307.75
2022-08-08,2022,"(0.5, 1.0)",-1,0.8187522197229785,126.0,T,13307.75
2022-08-08,2022,"(0.75, 0.5)",-1,0.6556173789511069,150.83928571428572,TP,13307.75
2022-08-08,2022,"(0.75, 0.75)",-1,0.5458348131486523,126.0,T,13307.75
2022-08-08,2022,"(0.75, 1.0)",-1,0.5458348131486523,126.0,T,13307.75
2022-08-08,2022,"(1.0, 0.5)",-1,0.4917130342133302,150.83928571428572,TP,13307.75
2022-08-08,2022,"(1.0, 0.75)",-1,0.40937610986148926,126.0,T,13307.75
2022-08-08,2022,"(1.0, 1.0)",-1,0.40937610986148926,126.0,T,13307.75
2022-08-25,2022,"(0.5, 0.5)",-1,-1.0200803212851406,-124.5,SL,12974.0
2022-08-25,2022,"(0.5, 0.75)",-1,-1.0200803212851406,-124.5,SL,12974.0
2022-08-25,2022,"(0.5, 1.0)",-1,-1.0200803212851406,-124.5,SL,12974.0
2022-08-25,2022,"(0.75, 0.5)",-1,-1.0133868808567603,-186.75,SL,12974.0
2022-08-25,2022,"(0.75, 0.75)",-1,-1.0133868808567603,-186.75,SL,12974.0
2022-08-25,2022,"(0.75, 1.0)",-1,-1.0133868808567603,-186.75,SL,12974.0
2022-08-25,2022,"(1.0, 0.5)",-1,-0.7530120481927711,-185.0,T,12974.0
2022-08-25,2022,"(1.0, 0.75)",-1,-0.7530120481927711,-185.0,T,12974.0
2022-08-25,2022,"(1.0, 1.0)",-1,-0.7530120481927711,-185.0,T,12974.0
2022-08-26,2022,"(0.5, 0.5)",1,-1.0201874549387167,-123.83928571428571,SL,12987.25
2022-08-26,2022,"(0.5, 0.75)",1,-1.0201874549387167,-123.83928571428571,SL,12987.25
2022-08-26,2022,"(0.5, 1.0)",1,-1.0201874549387167,-123.83928571428571,SL,12987.25
2022-08-26,2022,"(0.75, 0.5)",1,-1.0134583032924778,-185.75892857142856,SL,12987.25
2022-08-26,2022,"(0.75, 0.75)",1,-1.0134583032924778,-185.75892857142856,SL,12987.25
2022-08-26,2022,"(0.75, 1.0)",1,-1.0134583032924778,-185.75892857142856,SL,12987.25
2022-08-26,2022,"(1.0, 0.5)",1,-1.0100937274693584,-247.67857142857142,SL,12987.25
2022-08-26,2022,"(1.0, 0.75)",1,-1.0100937274693584,-247.67857142857142,SL,12987.25
2022-08-26,2022,"(1.0, 1.0)",1,-1.0100937274693584,-247.67857142857142,SL,12987.25
2022-09-07,2022,"(0.5, 0.5)",-1,-1.017947567463624,-139.29464285714286,SL,12162.25
2022-09-07,2022,"(0.5, 0.75)",-1,-1.017947567463624,-139.29464285714286,SL,12162.25
2022-09-07,2022,"(0.5, 1.0)",-1,-1.017947567463624,-139.29464285714286,SL,12162.25
2022-09-07,2022,"(0.75, 0.5)",-1,-0.48937033950815123,-99.75,T,12162.25
2022-09-07,2022,"(0.75, 0.75)",-1,-0.48937033950815123,-99.75,T,12162.25
2022-09-07,2022,"(0.75, 1.0)",-1,-0.48937033950815123,-99.75,T,12162.25
2022-09-07,2022,"(1.0, 0.5)",-1,-0.36702775463111337,-99.75,T,12162.25
2022-09-07,2022,"(1.0, 0.75)",-1,-0.36702775463111337,-99.75,T,12162.25
2022-09-07,2022,"(1.0, 1.0)",-1,-0.36702775463111337,-99.75,T,12162.25
2022-09-08,2022,"(0.5, 0.5)",-1,0.9822210934027558,140.61607142857142,TP,12300.5
2022-09-08,2022,"(0.5, 0.75)",-1,-0.20090164454886025,-25.75,T,12300.5
2022-09-08,2022,"(0.5, 1.0)",-1,-0.20090164454886025,-25.75,T,12300.5
2022-09-08,2022,"(0.75, 0.5)",-1,0.6548140622685039,140.61607142857142,TP,12300.5
2022-09-08,2022,"(0.75, 0.75)",-1,-0.1339344296992402,-25.75,T,12300.5
2022-09-08,2022,"(0.75, 1.0)",-1,-0.1339344296992402,-25.75,T,12300.5
2022-09-08,2022,"(1.0, 0.5)",-1,0.4911105467013779,140.61607142857142,TP,12300.5
2022-09-08,2022,"(1.0, 0.75)",-1,-0.10045082227443013,-25.75,T,12300.5
2022-09-08,2022,"(1.0, 1.0)",-1,-0.10045082227443013,-25.75,T,12300.5
2022-09-19,2022,"(0.5, 0.5)",-1,-0.5773552290406223,-81.0,T,11946.0
2022-09-19,2022,"(0.5, 0.75)",-1,-0.5773552290406223,-81.0,T,11946.0
2022-09-19,2022,"(0.5, 1.0)",-1,-0.5773552290406223,-81.0,T,11946.0
2022-09-19,2022,"(0.75, 0.5)",-1,-0.3849034860270815,-81.0,T,11946.0
2022-09-19,2022,"(0.75, 0.75)",-1,-0.3849034860270815,-81.0,T,11946.0
2022-09-19,2022,"(0.75, 1.0)",-1,-0.3849034860270815,-81.0,T,11946.0
2022-09-19,2022,"(1.0, 0.5)",-1,-0.28867761452031115,-81.0,T,11946.0
2022-09-19,2022,"(1.0, 0.75)",-1,-0.28867761452031115,-81.0,T,11946.0
2022-09-19,2022,"(1.0, 1.0)",-1,-0.28867761452031115,-81.0,T,11946.0
2022-09-26,2022,"(0.5, 0.5)",-1,0.9824043235090806,142.08035714285714,TP,11464.5
2022-09-26,2022,"(0.5, 0.75)",-1,1.011751398227864,146.25,T,11464.5
2022-09-26,2022,"(0.5, 1.0)",-1,1.011751398227864,146.25,T,11464.5
2022-09-26,2022,"(0.75, 0.5)",-1,0.6549362156727204,142.08035714285714,TP,11464.5
2022-09-26,2022,"(0.75, 0.75)",-1,0.6745009321519093,146.25,T,11464.5
2022-09-26,2022,"(0.75, 1.0)",-1,0.6745009321519093,146.25,T,11464.5
2022-09-26,2022,"(1.0, 0.5)",-1,0.4912021617545403,142.08035714285714,TP,11464.5
2022-09-26,2022,"(1.0, 0.75)",-1,0.505875699113932,146.25,T,11464.5
2022-09-26,2022,"(1.0, 1.0)",-1,0.505875699113932,146.25,T,11464.5
2022-10-03,2022,"(0.5, 0.5)",-1,0.31238436956887367,52.25,T,11343.0
2022-10-03,2022,"(0.5, 0.75)",-1,0.31238436956887367,52.25,T,11343.0
2022-10-03,2022,"(0.5, 1.0)",-1,0.31238436956887367,52.25,T,11343.0
2022-10-03,2022,"(0.75, 0.5)",-1,0.2082562463792491,52.25,T,11343.0
2022-10-03,2022,"(0.75, 0.75)",-1,0.2082562463792491,52.25,T,11343.0
2022-10-03,2022,"(0.75, 1.0)",-1,0.2082562463792491,52.25,T,11343.0
2022-10-03,2022,"(1.0, 0.5)",-1,0.15619218478443683,52.25,T,11343.0
2022-10-03,2022,"(1.0, 0.75)",-1,0.15619218478443683,52.25,T,11343.0
2022-10-03,2022,"(1.0, 1.0)",-1,0.15619218478443683,52.25,T,11343.0
2022-10-05,2022,"(0.5, 0.5)",1,-1.0163828915803639,-152.59821428571428,SL,11528.0
2022-10-05,2022,"(0.5, 0.75)",1,-1.0163828915803639,-152.59821428571428,SL,11528.0
2022-10-05,2022,"(0.5, 1.0)",1,-1.0163828915803639,-152.59821428571428,SL,11528.0
2022-10-05,2022,"(0.75, 0.5)",1,0.655744738946424,152.59821428571428,TP,11528.0
2022-10-05,2022,"(0.75, 0.75)",1,0.46308973533828723,108.5,T,11528.0
2022-10-05,2022,"(0.75, 1.0)",1,0.46308973533828723,108.5,T,11528.0
2022-10-05,2022,"(1.0, 0.5)",1,0.491808554209818,152.59821428571428,TP,11528.0
2022-10-05,2022,"(1.0, 0.75)",1,0.3473173015037154,108.5,T,11528.0
2022-10-05,2022,"(1.0, 1.0)",1,0.3473173015037154,108.5,T,11528.0
2022-10-06,2022,"(0.5, 0.5)",-1,0.9838262476894639,154.57142857142858,TP,11701.5
2022-10-06,2022,"(0.5, 0.75)",-1,1.01409426987061,159.25,T,11701.5
2022-10-06,2022,"(0.5, 1.0)",-1,1.01409426987061,159.25,T,11701.5
2022-10-06,2022,"(0.75, 0.5)",-1,0.6558841651263093,154.57142857142858,TP,11701.5
2022-10-06,2022,"(0.75, 0.75)",-1,0.6760628465804066,159.25,T,11701.5
2022-10-06,2022,"(0.75, 1.0)",-1,0.6760628465804066,159.25,T,11701.5
2022-10-06,2022,"(1.0, 0.5)",-1,0.49191312384473196,154.57142857142858,TP,11701.5
2022-10-06,2022,"(1.0, 0.75)",-1,0.507047134935305,159.25,T,11701.5
2022-10-06,2022,"(1.0, 1.0)",-1,0.507047134935305,159.25,T,11701.5
2022-10-11,2022,"(0.5, 0.5)",1,-0.23744,-37.25,T,10881.25
2022-10-11,2022,"(0.5, 0.75)",1,-0.23744,-37.25,T,10881.25
2022-10-11,2022,"(0.5, 1.0)",1,-0.23744,-37.25,T,10881.25
2022-10-11,2022,"(0.75, 0.5)",1,-0.15829333333333334,-37.25,T,10881.25
2022-10-11,2022,"(0.75, 0.75)",1,-0.15829333333333334,-37.25,T,10881.25
2022-10-11,2022,"(0.75, 1.0)",1,-0.15829333333333334,-37.25,T,10881.25
2022-10-11,2022,"(1.0, 0.5)",1,-0.11872,-37.25,T,10881.25
2022-10-11,2022,"(1.0, 0.75)",1,-0.11872,-37.25,T,10881.25
2022-10-11,2022,"(1.0, 1.0)",1,-0.11872,-37.25,T,10881.25
2022-10-13,2022,"(0.5, 0.5)",-1,-1.0156643356643356,-159.59821428571428,SL,10907.0
2022-10-13,2022,"(0.5, 0.75)",-1,-1.0156643356643356,-159.59821428571428,SL,10907.0
2022-10-13,2022,"(0.5, 1.0)",-1,-1.0156643356643356,-159.59821428571428,SL,10907.0
2022-10-13,2022,"(0.75, 0.5)",-1,-0.7383123543123543,-174.25,T,10907.0
2022-10-13,2022,"(0.75, 0.75)",-1,-0.7383123543123543,-174.25,T,10907.0
2022-10-13,2022,"(0.75, 1.0)",-1,-0.7383123543123543,-174.25,T,10907.0
2022-10-13,2022,"(1.0, 0.5)",-1,-0.5537342657342658,-174.25,T,10907.0
2022-10-13,2022,"(1.0, 0.75)",-1,-0.5537342657342658,-174.25,T,10907.0
2022-10-13,2022,"(1.0, 1.0)",-1,-0.5537342657342658,-174.25,T,10907.0
2022-10-14,2022,"(0.5, 0.5)",-1,0.9853946064368055,171.16964285714286,TP,11126.5
2022-10-14,2022,"(0.5, 0.75)",-1,1.4853946064368055,256.7544642857143,TP,11126.5
2022-10-14,2022,"(0.5, 1.0)",-1,1.9853946064368055,342.3392857142857,TP,11126.5
2022-10-14,2022,"(0.75, 0.5)",-1,0.6569297376245371,171.16964285714286,TP,11126.5
2022-10-14,2022,"(0.75, 0.75)",-1,0.9902630709578704,256.7544642857143,TP,11126.5
2022-10-14,2022,"(0.75, 1.0)",-1,1.3235964042912038,342.3392857142857,TP,11126.5
2022-10-14,2022,"(1.0, 0.5)",-1,0.49269730321840277,171.16964285714286,TP,11126.5
2022-10-14,2022,"(1.0, 0.75)",-1,0.7426973032184028,256.7544642857143,TP,11126.5
2022-10-14,2022,"(1.0, 1.0)",-1,0.9926973032184028,342.3392857142857,TP,11126.5
2022-10-20,2022,"(0.5, 0.5)",-1,0.9856211164176039,173.86607142857142,TP,11282.0
2022-10-20,2022,"(0.5, 0.75)",-1,1.102860370769784,194.25,T,11282.0
2022-10-20,2022,"(0.5, 1.0)",-1,1.102860370769784,194.25,T,11282.0
2022-10-20,2022,"(0.75, 0.5)",-1,0.6570807442784026,173.86607142857142,TP,11282.0
2022-10-20,2022,"(0.75, 0.75)",-1,0.7352402471798559,194.25,T,11282.0
2022-10-20,2022,"(0.75, 1.0)",-1,0.7352402471798559,194.25,T,11282.0
2022-10-20,2022,"(1.0, 0.5)",-1,0.49281055820880193,173.86607142857142,TP,11282.0
2022-10-20,2022,"(1.0, 0.75)",-1,0.551430185384892,194.25,T,11282.0
2022-10-20,2022,"(1.0, 1.0)",-1,0.551430185384892,194.25,T,11282.0
2022-10-24,2022,"(0.5, 0.5)",-1,-0.6563734290843806,-111.75,T,11367.75
2022-10-24,2022,"(0.5, 0.75)",-1,-0.6563734290843806,-111.75,T,11367.75
2022-10-24,2022,"(0.5, 1.0)",-1,-0.6563734290843806,-111.75,T,11367.75
2022-10-24,2022,"(0.75, 0.5)",-1,-0.43758228605625377,-111.75,T,11367.75
2022-10-24,2022,"(0.75, 0.75)",-1,-0.43758228605625377,-111.75,T,11367.75
2022-10-24,2022,"(0.75, 1.0)",-1,-0.43758228605625377,-111.75,T,11367.75
2022-10-24,2022,"(1.0, 0.5)",-1,-0.3281867145421903,-111.75,T,11367.75
2022-10-24,2022,"(1.0, 0.75)",-1,-0.3281867145421903,-111.75,T,11367.75
2022-10-24,2022,"(1.0, 1.0)",-1,-0.3281867145421903,-111.75,T,11367.75
2022-10-27,2022,"(0.5, 0.5)",1,-1.0146275206352524,-170.91071428571428,SL,11435.75
2022-10-27,2022,"(0.5, 0.75)",1,-1.0146275206352524,-170.91071428571428,SL,11435.75
2022-10-27,2022,"(0.5, 1.0)",1,-1.0146275206352524,-170.91071428571428,SL,11435.75
2022-10-27,2022,"(0.75, 0.5)",1,-0.7733082575836728,-195.75,T,11435.75
2022-10-27,2022,"(0.75, 0.75)",1,-0.7733082575836728,-195.75,T,11435.75
2022-10-27,2022,"(0.75, 1.0)",1,-0.7733082575836728,-195.75,T,11435.75
2022-10-27,2022,"(1.0, 0.5)",1,-0.5799811931877547,-195.75,T,11435.75
2022-10-27,2022,"(1.0, 0.75)",1,-0.5799811931877547,-195.75,T,11435.75
2022-10-27,2022,"(1.0, 1.0)",1,-0.5799811931877547,-195.75,T,11435.75
2022-10-28,2022,"(0.5, 0.5)",-1,-0.7694939572871254,-122.0,T,11462.5
2022-10-28,2022,"(0.5, 0.75)",-1,-0.7694939572871254,-122.0,T,11462.5
2022-10-28,2022,"(0.5, 1.0)",-1,-0.7694939572871254,-122.0,T,11462.5
2022-10-28,2022,"(0.75, 0.5)",-1,-0.5129959715247503,-122.0,T,11462.5
2022-10-28,2022,"(0.75, 0.75)",-1,-0.5129959715247503,-122.0,T,11462.5
2022-10-28,2022,"(0.75, 1.0)",-1,-0.5129959715247503,-122.0,T,11462.5
2022-10-28,2022,"(1.0, 0.5)",-1,-0.3847469786435627,-122.0,T,11462.5
2022-10-28,2022,"(1.0, 0.75)",-1,-0.3847469786435627,-122.0,T,11462.5
2022-10-28,2022,"(1.0, 1.0)",-1,-0.3847469786435627,-122.0,T,11462.5
2022-10-28,2022,"(0.5, 0.5)",1,0.9845483141107003,161.79464285714286,TP,11285.5
2022-10-28,2022,"(0.5, 0.75)",1,1.4845483141107,242.69196428571428,TP,11285.5
2022-10-28,2022,"(0.5, 1.0)",1,1.8325699464709453,299.0,T,11285.5
2022-10-28,2022,"(0.75, 0.5)",1,0.6563655427404669,161.79464285714286,TP,11285.5
2022-10-28,2022,"(0.75, 0.75)",1,0.9896988760738002,242.69196428571428,TP,11285.5
2022-10-28,2022,"(0.75, 1.0)",1,1.2217132976472969,299.0,T,11285.5
2022-10-28,2022,"(1.0, 0.5)",1,0.49227415705535016,161.79464285714286,TP,11285.5
2022-10-28,2022,"(1.0, 0.75)",1,0.74227415705535,242.69196428571428,TP,11285.5
2022-10-28,2022,"(1.0, 1.0)",1,0.9162849732354726,299.0,T,11285.5
2022-11-01,2022,"(0.5, 0.5)",1,-0.2709042754445706,-42.25,T,11372.25
2022-11-01,2022,"(0.5, 0.75)",1,-0.2709042754445706,-42.25,T,11372.25
2022-11-01,2022,"(0.5, 1.0)",1,-0.2709042754445706,-42.25,T,11372.25
2022-11-01,2022,"(0.75, 0.5)",1,-0.18060285029638037,-42.25,T,11372.25
2022-11-01,2022,"(0.75, 0.75)",1,-0.18060285029638037,-42.25,T,11372.25
2022-11-01,2022,"(0.75, 1.0)",1,-0.18060285029638037,-42.25,T,11372.25
2022-11-01,2022,"(1.0, 0.5)",1,-0.1354521377222853,-42.25,T,11372.25
2022-11-01,2022,"(1.0, 0.75)",1,-0.1354521377222853,-42.25,T,11372.25
2022-11-01,2022,"(1.0, 1.0)",1,-0.1354521377222853,-42.25,T,11372.25
2022-11-04,2022,"(0.5, 0.5)",-1,0.984102651450633,157.25892857142858,TP,10864.5
2022-11-04,2022,"(0.5, 0.75)",-1,-0.19553738715721342,-28.25,T,10864.5
2022-11-04,2022,"(0.5, 1.0)",-1,-0.19553738715721342,-28.25,T,10864.5
2022-11-04,2022,"(0.75, 0.5)",-1,0.6560684343004219,157.25892857142858,TP,10864.5
2022-11-04,2022,"(0.75, 0.75)",-1,-0.13035825810480892,-28.25,T,10864.5
2022-11-04,2022,"(0.75, 1.0)",-1,-0.13035825810480892,-28.25,T,10864.5
2022-11-04,2022,"(1.0, 0.5)",-1,0.4920513257253165,157.25892857142858,TP,10864.5
2022-11-04,2022,"(1.0, 0.75)",-1,-0.09776869357860671,-28.25,T,10864.5
2022-11-04,2022,"(1.0, 1.0)",-1,-0.09776869357860671,-28.25,T,10864.5
2022-11-04,2022,"(0.5, 0.5)",1,0.984102651450633,157.25892857142858,TP,10721.5
2022-11-04,2022,"(0.5, 0.75)",1,1.0730710270822688,171.25,T,10721.5
2022-11-04,2022,"(0.5, 1.0)",1,1.0730710270822688,171.25,T,10721.5
2022-11-04,2022,"(0.75, 0.5)",1,0.6560684343004219,157.25892857142858,TP,10721.5
2022-11-04,2022,"(0.75, 0.75)",1,0.7153806847215124,171.25,T,10721.5
2022-11-04,2022,"(0.75, 1.0)",1,0.7153806847215124,171.25,T,10721.5
2022-11-04,2022,"(1.0, 0.5)",1,0.4920513257253165,157.25892857142858,TP,10721.5
2022-11-04,2022,"(1.0, 0.75)",1,0.5365355135411344,171.25,T,10721.5
2022-11-04,2022,"(1.0, 1.0)",1,0.5365355135411344,171.25,T,10721.5
2022-11-09,2022,"(0.5, 0.5)",1,-0.8218724109362054,-121.5,T,10952.5
2022-11-09,2022,"(0.5, 0.75)",1,-0.8218724109362054,-121.5,T,10952.5
2022-11-09,2022,"(0.5, 1.0)",1,-0.8218724109362054,-121.5,T,10952.5
2022-11-09,2022,"(0.75, 0.5)",1,-0.5479149406241369,-121.5,T,10952.5
2022-11-09,2022,"(0.75, 0.75)",1,-0.5479149406241369,-121.5,T,10952.5
2022-11-09,2022,"(0.75, 1.0)",1,-0.5479149406241369,-121.5,T,10952.5
2022-11-09,2022,"(1.0, 0.5)",1,-0.4109362054681027,-121.5,T,10952.5
2022-11-09,2022,"(1.0, 0.75)",1,-0.4109362054681027,-121.5,T,10952.5
2022-11-09,2022,"(1.0, 1.0)",1,-0.4109362054681027,-121.5,T,10952.5
2022-11-18,2022,"(0.5, 0.5)",-1,0.9841655827631058,157.88392857142858,TP,11770.75
2022-11-18,2022,"(0.5, 0.75)",-1,0.38477633885652884,63.25,T,11770.75
2022-11-18,2022,"(0.5, 1.0)",-1,0.38477633885652884,63.25,T,11770.75
2022-11-18,2022,"(0.75, 0.5)",-1,0.6561103885087372,157.88392857142858,TP,11770.75
2022-11-18,2022,"(0.75, 0.75)",-1,0.2565175592376859,63.25,T,11770.75
2022-11-18,2022,"(0.75, 1.0)",-1,0.2565175592376859,63.25,T,11770.75
2022-11-18,2022,"(1.0, 0.5)",-1,0.4920827913815529,157.88392857142858,TP,11770.75
2022-11-18,2022,"(1.0, 0.75)",-1,0.19238816942826442,63.25,T,11770.75
2022-11-18,2022,"(1.0, 1.0)",-1,0.19238816942826442,63.25,T,11770.75
2022-11-22,2022,"(0.5, 0.5)",-1,-0.36384826059087466,-53.25,T,11698.5
2022-11-22,2022,"(0.5, 0.75)",-1,-0.36384826059087466,-53.25,T,11698.5
2022-11-22,2022,"(0.5, 1.0)",-1,-0.36384826059087466,-53.25,T,11698.5
2022-11-22,2022,"(0.75, 0.5)",-1,-0.2425655070605831,-53.25,T,11698.5
2022-11-22,2022,"(0.75, 0.75)",-1,-0.2425655070605831,-53.25,T,11698.5
2022-11-22,2022,"(0.75, 1.0)",-1,-0.2425655070605831,-53.25,T,11698.5
2022-11-22,2022,"(1.0, 0.5)",-1,-0.18192413029543733,-53.25,T,11698.5
2022-11-22,2022,"(1.0, 0.75)",-1,-0.18192413029543733,-53.25,T,11698.5
2022-11-22,2022,"(1.0, 1.0)",-1,-0.18192413029543733,-53.25,T,11698.5
2022-11-28,2022,"(0.5, 0.5)",1,-1.0178594208444955,-139.98214285714286,SL,11748.5
2022-11-28,2022,"(0.5, 0.75)",1,-1.0178594208444955,-139.98214285714286,SL,11748.5
2022-11-28,2022,"(0.5, 1.0)",1,-1.0178594208444955,-139.98214285714286,SL,11748.5
2022-11-28,2022,"(0.75, 0.5)",1,-0.6655610834715313,-137.25,T,11748.5
2022-11-28,2022,"(0.75, 0.75)",1,-0.6655610834715313,-137.25,T,11748.5
2022-11-28,2022,"(0.75, 1.0)",1,-0.6655610834715313,-137.25,T,11748.5
2022-11-28,2022,"(1.0, 0.5)",1,-0.49917081260364843,-137.25,T,11748.5
2022-11-28,2022,"(1.0, 0.75)",1,-0.49917081260364843,-137.25,T,11748.5
2022-11-28,2022,"(1.0, 1.0)",1,-0.49917081260364843,-137.25,T,11748.5
2022-11-29,2022,"(0.5, 0.5)",1,-0.47904652056901187,-64.25,T,11587.75
2022-11-29,2022,"(0.5, 0.75)",1,-0.47904652056901187,-64.25,T,11587.75
2022-11-29,2022,"(0.5, 1.0)",1,-0.47904652056901187,-64.25,T,11587.75
2022-11-29,2022,"(0.75, 0.5)",1,-0.3193643470460079,-64.25,T,11587.75
2022-11-29,2022,"(0.75, 0.75)",1,-0.3193643470460079,-64.25,T,11587.75
2022-11-29,2022,"(0.75, 1.0)",1,-0.3193643470460079,-64.25,T,11587.75
2022-11-29,2022,"(1.0, 0.5)",1,-0.23952326028450593,-64.25,T,11587.75
2022-11-29,2022,"(1.0, 0.75)",1,-0.23952326028450593,-64.25,T,11587.75
2022-11-29,2022,"(1.0, 1.0)",1,-0.23952326028450593,-64.25,T,11587.75
2022-11-30,2022,"(0.5, 0.5)",-1,-1.018023817186997,-138.70535714285714,SL,11608.75
2022-11-30,2022,"(0.5, 0.75)",-1,-1.018023817186997,-138.70535714285714,SL,11608.75
2022-11-30,2022,"(0.5, 1.0)",-1,-1.018023817186997,-138.70535714285714,SL,11608.75
2022-11-30,2022,"(0.75, 0.5)",-1,-1.0120158781246646,-208.05803571428572,SL,11608.75
2022-11-30,2022,"(0.75, 0.75)",-1,-1.0120158781246646,-208.05803571428572,SL,11608.75
2022-11-30,2022,"(0.75, 1.0)",-1,-1.0120158781246646,-208.05803571428572,SL,11608.75
2022-11-30,2022,"(1.0, 0.5)",-1,-1.0090119085934985,-277.4107142857143,SL,11608.75
2022-11-30,2022,"(1.0, 0.75)",-1,-1.0090119085934985,-277.4107142857143,SL,11608.75
2022-11-30,2022,"(1.0, 1.0)",-1,-1.0090119085934985,-277.4107142857143,SL,11608.75
2022-12-05,2022,"(0.5, 0.5)",1,-0.4128605336977631,-48.75,T,11851.5
2022-12-05,2022,"(0.5, 0.75)",1,-0.4128605336977631,-48.75,T,11851.5
2022-12-05,2022,"(0.5, 1.0)",1,-0.4128605336977631,-48.75,T,11851.5
2022-12-05,2022,"(0.75, 0.5)",1,-0.2752403557985087,-48.75,T,11851.5
2022-12-05,2022,"(0.75, 0.75)",1,-0.2752403557985087,-48.75,T,11851.5
2022-12-05,2022,"(0.75, 1.0)",1,-0.2752403557985087,-48.75,T,11851.5
2022-12-05,2022,"(1.0, 0.5)",1,-0.20643026684888155,-48.75,T,11851.5
2022-12-05,2022,"(1.0, 0.75)",1,-0.20643026684888155,-48.75,T,11851.5
2022-12-05,2022,"(1.0, 1.0)",1,-0.20643026684888155,-48.75,T,11851.5
2022-12-07,2022,"(0.5, 0.5)",1,-0.3891358024691358,-46.75,T,11554.75
2022-12-07,2022,"(0.5, 0.75)",1,-0.3891358024691358,-46.75,T,11554.75
2022-12-07,2022,"(0.5, 1.0)",1,-0.3891358024691358,-46.75,T,11554.75
2022-12-07,2022,"(0.75, 0.5)",1,-0.2594238683127572,-46.75,T,11554.75
2022-12-07,2022,"(0.75, 0.75)",1,-0.2594238683127572,-46.75,T,11554.75
2022-12-07,2022,"(0.75, 1.0)",1,-0.2594238683127572,-46.75,T,11554.75
2022-12-07,2022,"(1.0, 0.5)",1,-0.1945679012345679,-46.75,T,11554.75
2022-12-07,2022,"(1.0, 0.75)",1,-0.1945679012345679,-46.75,T,11554.75
2022-12-07,2022,"(1.0, 1.0)",1,-0.1945679012345679,-46.75,T,11554.75
2022-12-14,2022,"(0.5, 0.5)",1,-1.019535338031117,-127.97321428571429,SL,11784.5
2022-12-14,2022,"(0.5, 0.75)",1,-1.019535338031117,-127.97321428571429,SL,11784.5
2022-12-14,2022,"(0.5, 1.0)",1,-1.019535338031117,-127.97321428571429,SL,11784.5
2022-12-14,2022,"(0.75, 0.5)",1,-0.22270285355473382,-40.25,T,11784.5
2022-12-14,2022,"(0.75, 0.75)",1,-0.22270285355473382,-40.25,T,11784.5
2022-12-14,2022,"(0.75, 1.0)",1,-0.22270285355473382,-40.25,T,11784.5
2022-12-14,2022,"(1.0, 0.5)",1,-0.16702714016605036,-40.25,T,11784.5
2022-12-14,2022,"(1.0, 0.75)",1,-0.16702714016605036,-40.25,T,11784.5
2022-12-14,2022,"(1.0, 1.0)",1,-0.16702714016605036,-40.25,T,11784.5
2022-12-16,2022,"(0.5, 0.5)",1,0.27078623461441853,41.0,T,11301.25
2022-12-16,2022,"(0.5, 0.75)",1,0.27078623461441853,41.0,T,11301.25
2022-12-16,2022,"(0.5, 1.0)",1,0.27078623461441853,41.0,T,11301.25
2022-12-16,2022,"(0.75, 0.5)",1,0.18052415640961236,41.0,T,11301.25
2022-12-16,2022,"(0.75, 0.75)",1,0.18052415640961236,41.0,T,11301.25
2022-12-16,2022,"(0.75, 1.0)",1,0.18052415640961236,41.0,T,11301.25
2022-12-16,2022,"(1.0, 0.5)",1,0.13539311730720927,41.0,T,11301.25
2022-12-16,2022,"(1.0, 0.75)",1,0.13539311730720927,41.0,T,11301.25
2022-12-16,2022,"(1.0, 1.0)",1,0.13539311730720927,41.0,T,11301.25
2022-12-27,2022,"(0.5, 0.5)",1,-0.0931842385516507,-10.0,T,10928.75
2022-12-27,2022,"(0.5, 0.75)",1,-0.0931842385516507,-10.0,T,10928.75
2022-12-27,2022,"(0.5, 1.0)",1,-0.0931842385516507,-10.0,T,10928.75
2022-12-27,2022,"(0.75, 0.5)",1,-0.06212282570110046,-10.0,T,10928.75
2022-12-27,2022,"(0.75, 0.75)",1,-0.06212282570110046,-10.0,T,10928.75
2022-12-27,2022,"(0.75, 1.0)",1,-0.06212282570110046,-10.0,T,10928.75
2022-12-27,2022,"(1.0, 0.5)",1,-0.04659211927582535,-10.0,T,10928.75
2022-12-27,2022,"(1.0, 0.75)",1,-0.04659211927582535,-10.0,T,10928.75
2022-12-27,2022,"(1.0, 1.0)",1,-0.04659211927582535,-10.0,T,10928.75
2022-12-28,2022,"(0.5, 0.5)",1,-1.0192506015812994,-129.86607142857142,SL,10976.0
2022-12-28,2022,"(0.5, 0.75)",1,-1.0192506015812994,-129.86607142857142,SL,10976.0
2022-12-28,2022,"(0.5, 1.0)",1,-1.0192506015812994,-129.86607142857142,SL,10976.0
2022-12-28,2022,"(0.75, 0.5)",1,-1.0128337343875329,-194.7991071428571,SL,10976.0
2022-12-28,2022,"(0.75, 0.75)",1,-1.0128337343875329,-194.7991071428571,SL,10976.0
2022-12-28,2022,"(0.75, 1.0)",1,-1.0128337343875329,-194.7991071428571,SL,10976.0
2022-12-28,2022,"(1.0, 0.5)",1,-0.8017875558611207,-205.75,T,10976.0
2022-12-28,2022,"(1.0, 0.75)",1,-0.8017875558611207,-205.75,T,10976.0
2022-12-28,2022,"(1.0, 1.0)",1,-0.8017875558611207,-205.75,T,10976.0
2022-12-30,2022,"(0.5, 0.5)",1,0.9816321175544477,136.10714285714286,TP,10865.25
2022-12-30,2022,"(0.5, 0.75)",1,1.1406454998688007,157.75,T,10865.25
2022-12-30,2022,"(0.5, 1.0)",1,1.1406454998688007,157.75,T,10865.25
2022-12-30,2022,"(0.75, 0.5)",1,0.6544214117029652,136.10714285714286,TP,10865.25
2022-12-30,2022,"(0.75, 0.75)",1,0.7604303332458673,157.75,T,10865.25
2022-12-30,2022,"(0.75, 1.0)",1,0.7604303332458673,157.75,T,10865.25
2022-12-30,2022,"(1.0, 0.5)",1,0.49081605877722384,136.10714285714286,TP,10865.25
2022-12-30,2022,"(1.0, 0.75)",1,0.5703227499344004,157.75,T,10865.25
2022-12-30,2022,"(1.0, 1.0)",1,0.5703227499344004,157.75,T,10865.25
2023-01-03,2023,"(0.5, 0.5)",1,0.5920010473260456,83.25,T,10859.5
2023-01-03,2023,"(0.5, 0.75)",1,0.5920010473260456,83.25,T,10859.5
2023-01-03,2023,"(0.5, 1.0)",1,0.5920010473260456,83.25,T,10859.5
2023-01-03,2023,"(0.75, 0.5)",1,0.3946673648840304,83.25,T,10859.5
2023-01-03,2023,"(0.75, 0.75)",1,0.3946673648840304,83.25,T,10859.5
2023-01-03,2023,"(0.75, 1.0)",1,0.3946673648840304,83.25,T,10859.5
2023-01-03,2023,"(1.0, 0.5)",1,0.2960005236630228,83.25,T,10859.5
2023-01-03,2023,"(1.0, 0.75)",1,0.2960005236630228,83.25,T,10859.5
2023-01-03,2023,"(1.0, 1.0)",1,0.2960005236630228,83.25,T,10859.5
2023-01-05,2023,"(0.5, 0.5)",1,-0.4072178831133854,-51.5,T,10871.5
2023-01-05,2023,"(0.5, 0.75)",1,-0.4072178831133854,-51.5,T,10871.5
2023-01-05,2023,"(0.5, 1.0)",1,-0.4072178831133854,-51.5,T,10871.5
2023-01-05,2023,"(0.75, 0.5)",1,-0.27147858874225694,-51.5,T,10871.5
2023-01-05,2023,"(0.75, 0.75)",1,-0.27147858874225694,-51.5,T,10871.5
2023-01-05,2023,"(0.75, 1.0)",1,-0.27147858874225694,-51.5,T,10871.5
2023-01-05,2023,"(1.0, 0.5)",1,-0.2036089415566927,-51.5,T,10871.5
2023-01-05,2023,"(1.0, 0.75)",1,-0.2036089415566927,-51.5,T,10871.5
2023-01-05,2023,"(1.0, 1.0)",1,-0.2036089415566927,-51.5,T,10871.5
2023-01-06,2023,"(0.5, 0.5)",-1,0.980389410281552,127.48214285714286,TP,10924.0
2023-01-06,2023,"(0.5, 0.75)",-1,-1.019610589718448,-127.48214285714286,SL,10924.0
2023-01-06,2023,"(0.5, 1.0)",-1,-1.019610589718448,-127.48214285714286,SL,10924.0
2023-01-06,2023,"(0.75, 0.5)",-1,0.6535929401877014,127.48214285714286,TP,10924.0
2023-01-06,2023,"(0.75, 0.75)",-1,-1.0130737264789653,-191.22321428571428,SL,10924.0
2023-01-06,2023,"(0.75, 1.0)",-1,-1.0130737264789653,-191.22321428571428,SL,10924.0
2023-01-06,2023,"(1.0, 0.5)",-1,0.490194705140776,127.48214285714286,TP,10924.0
2023-01-06,2023,"(1.0, 0.75)",-1,-0.7569687631320913,-190.5,T,10924.0
2023-01-06,2023,"(1.0, 1.0)",-1,-0.7569687631320913,-190.5,T,10924.0
2023-01-10,2023,"(0.5, 0.5)",1,0.3384572386808273,45.75,T,11240.25
2023-01-10,2023,"(0.5, 0.75)",1,0.3384572386808273,45.75,T,11240.25
2023-01-10,2023,"(0.5, 1.0)",1,0.3384572386808273,45.75,T,11240.25
2023-01-10,2023,"(0.75, 0.5)",1,0.2256381591205515,45.75,T,11240.25
2023-01-10,2023,"(0.75, 0.75)",1,0.2256381591205515,45.75,T,11240.25
2023-01-10,2023,"(0.75, 1.0)",1,0.2256381591205515,45.75,T,11240.25
2023-01-10,2023,"(1.0, 0.5)",1,0.16922861934041364,45.75,T,11240.25
2023-01-10,2023,"(1.0, 0.75)",1,0.16922861934041364,45.75,T,11240.25
2023-01-10,2023,"(1.0, 1.0)",1,0.16922861934041364,45.75,T,11240.25
2023-01-12,2023,"(0.5, 0.5)",-1,0.9801671624876045,126.05357142857143,TP,11441.75
2023-01-12,2023,"(0.5, 0.75)",-1,-1.0198328375123957,-126.05357142857143,SL,11441.75
2023-01-12,2023,"(0.5, 1.0)",-1,-1.0198328375123957,-126.05357142857143,SL,11441.75
2023-01-12,2023,"(0.75, 0.5)",-1,0.6534447749917364,126.05357142857143,TP,11441.75
2023-01-12,2023,"(0.75, 0.75)",-1,-0.491854370307409,-90.5,T,11441.75
2023-01-12,2023,"(0.75, 1.0)",-1,-0.491854370307409,-90.5,T,11441.75
2023-01-12,2023,"(1.0, 0.5)",-1,0.49008358124380225,126.05357142857143,TP,11441.75
2023-01-12,2023,"(1.0, 0.75)",-1,-0.36889077773055673,-90.5,T,11441.75
2023-01-12,2023,"(1.0, 1.0)",-1,-0.36889077773055673,-90.5,T,11441.75
2023-01-13,2023,"(0.5, 0.5)",-1,-0.33643031784841076,-40.5,T,11567.0
2023-01-13,2023,"(0.5, 0.75)",-1,-0.33643031784841076,-40.5,T,11567.0
2023-01-13,2023,"(0.5, 1.0)",-1,-0.33643031784841076,-40.5,T,11567.0
2023-01-13,2023,"(0.75, 0.5)",-1,-0.22428687856560717,-40.5,T,11567.0
2023-01-13,2023,"(0.75, 0.75)",-1,-0.22428687856560717,-40.5,T,11567.0
2023-01-13,2023,"(0.75, 1.0)",-1,-0.22428687856560717,-40.5,T,11567.0
2023-01-13,2023,"(1.0, 0.5)",-1,-0.16821515892420538,-40.5,T,11567.0
2023-01-13,2023,"(1.0, 0.75)",-1,-0.16821515892420538,-40.5,T,11567.0
2023-01-13,2023,"(1.0, 1.0)",-1,-0.16821515892420538,-40.5,T,11567.0
2023-01-17,2023,"(0.5, 0.5)",-1,-0.33275667544189547,-37.0,T,11590.5
2023-01-17,2023,"(0.5, 0.75)",-1,-0.33275667544189547,-37.0,T,11590.5
2023-01-17,2023,"(0.5, 1.0)",-1,-0.33275667544189547,-37.0,T,11590.5
2023-01-17,2023,"(0.75, 0.5)",-1,-0.2218377836279303,-37.0,T,11590.5
2023-01-17,2023,"(0.75, 0.75)",-1,-0.2218377836279303,-37.0,T,11590.5
2023-01-17,2023,"(0.75, 1.0)",-1,-0.2218377836279303,-37.0,T,11590.5
2023-01-17,2023,"(1.0, 0.5)",-1,-0.16637833772094773,-37.0,T,11590.5
2023-01-17,2023,"(1.0, 0.75)",-1,-0.16637833772094773,-37.0,T,11590.5
2023-01-17,2023,"(1.0, 1.0)",-1,-0.16637833772094773,-37.0,T,11590.5
2023-01-18,2023,"(0.5, 0.5)",1,-0.6481778592711437,-73.25,T,11552.75
2023-01-18,2023,"(0.5, 0.75)",1,-0.6481778592711437,-73.25,T,11552.75
2023-01-18,2023,"(0.5, 1.0)",1,-0.6481778592711437,-73.25,T,11552.75
2023-01-18,2023,"(0.75, 0.5)",1,-0.43211857284742916,-73.25,T,11552.75
2023-01-18,2023,"(0.75, 0.75)",1,-0.43211857284742916,-73.25,T,11552.75
2023-01-18,2023,"(0.75, 1.0)",1,-0.43211857284742916,-73.25,T,11552.75
2023-01-18,2023,"(1.0, 0.5)",1,-0.32408892963557184,-73.25,T,11552.75
2023-01-18,2023,"(1.0, 0.75)",1,-0.32408892963557184,-73.25,T,11552.75
2023-01-18,2023,"(1.0, 1.0)",1,-0.32408892963557184,-73.25,T,11552.75
2023-01-30,2023,"(0.5, 0.5)",1,-0.7293683725218995,-82.25,T,12053.25
2023-01-30,2023,"(0.5, 0.75)",1,-0.7293683725218995,-82.25,T,12053.25
2023-01-30,2023,"(0.5, 1.0)",1,-0.7293683725218995,-82.25,T,12053.25
2023-01-30,2023,"(0.75, 0.5)",1,-0.4862455816812663,-82.25,T,12053.25
2023-01-30,2023,"(0.75, 0.75)",1,-0.4862455816812663,-82.25,T,12053.25
2023-01-30,2023,"(0.75, 1.0)",1,-0.4862455816812663,-82.25,T,12053.25
2023-01-30,2023,"(1.0, 0.5)",1,-0.3646841862609497,-82.25,T,12053.25
2023-01-30,2023,"(1.0, 0.75)",1,-0.3646841862609497,-82.25,T,12053.25
2023-01-30,2023,"(1.0, 1.0)",1,-0.3646841862609497,-82.25,T,12053.25
2023-02-01,2023,"(0.5, 0.5)",-1,-1.0214247455811463,-116.6875,SL,12112.0
2023-02-01,2023,"(0.5, 0.75)",-1,-1.0214247455811463,-116.6875,SL,12112.0
2023-02-01,2023,"(0.5, 1.0)",-1,-1.0214247455811463,-116.6875,SL,12112.0
2023-02-01,2023,"(0.75, 0.5)",-1,-1.014283163720764,-175.03125,SL,12112.0
2023-02-01,2023,"(0.75, 0.75)",-1,-1.014283163720764,-175.03125,SL,12112.0
2023-02-01,2023,"(0.75, 1.0)",-1,-1.014283163720764,-175.03125,SL,12112.0
2023-02-01,2023,"(1.0, 0.5)",-1,-1.0107123727905731,-233.375,SL,12112.0
2023-02-01,2023,"(1.0, 0.75)",-1,-1.0107123727905731,-233.375,SL,12112.0
2023-02-01,2023,"(1.0, 1.0)",-1,-1.0107123727905731,-233.375,SL,12112.0
2023-02-10,2023,"(0.5, 0.5)",1,-0.18852359577823607,-25.25,T,12371.25
2023-02-10,2023,"(0.5, 0.75)",1,-0.18852359577823607,-25.25,T,12371.25
2023-02-10,2023,"(0.5, 1.0)",1,-0.18852359577823607,-25.25,T,12371.25
2023-02-10,2023,"(0.75, 0.5)",1,-0.1256823971854907,-25.25,T,12371.25
2023-02-10,2023,"(0.75, 0.75)",1,-0.1256823971854907,-25.25,T,12371.25
2023-02-10,2023,"(0.75, 1.0)",1,-0.1256823971854907,-25.25,T,12371.25
2023-02-10,2023,"(1.0, 0.5)",1,-0.09426179788911804,-25.25,T,12371.25
2023-02-10,2023,"(1.0, 0.75)",1,-0.09426179788911804,-25.25,T,12371.25
2023-02-10,2023,"(1.0, 1.0)",1,-0.09426179788911804,-25.25,T,12371.25
2023-02-13,2023,"(0.5, 0.5)",-1,-1.0175251924641673,-142.65178571428572,SL,12412.5
2023-02-13,2023,"(0.5, 0.75)",-1,-1.0175251924641673,-142.65178571428572,SL,12412.5
2023-02-13,2023,"(0.5, 1.0)",-1,-1.0175251924641673,-142.65178571428572,SL,12412.5
2023-02-13,2023,"(0.75, 0.5)",-1,-0.6297385825457428,-132.25,T,12412.5
2023-02-13,2023,"(0.75, 0.75)",-1,-0.6297385825457428,-132.25,T,12412.5
2023-02-13,2023,"(0.75, 1.0)",-1,-0.6297385825457428,-132.25,T,12412.5
2023-02-13,2023,"(1.0, 0.5)",-1,-0.4723039369093071,-132.25,T,12412.5
2023-02-13,2023,"(1.0, 0.75)",-1,-0.4723039369093071,-132.25,T,12412.5
2023-02-13,2023,"(1.0, 1.0)",-1,-0.4723039369093071,-132.25,T,12412.5
2023-02-16,2023,"(0.5, 0.5)",1,0.9827543729982754,144.96428571428572,TP,12546.0
2023-02-16,2023,"(0.5, 0.75)",1,-0.4621828036462183,-64.5,T,12546.0
2023-02-16,2023,"(0.5, 1.0)",1,-0.4621828036462183,-64.5,T,12546.0
2023-02-16,2023,"(0.75, 0.5)",1,0.6551695819988503,144.96428571428572,TP,12546.0
2023-02-16,2023,"(0.75, 0.75)",1,-0.30812186909747885,-64.5,T,12546.0
2023-02-16,2023,"(0.75, 1.0)",1,-0.30812186909747885,-64.5,T,12546.0
2023-02-16,2023,"(1.0, 0.5)",1,0.4913771864991377,144.96428571428572,TP,12546.0
2023-02-16,2023,"(1.0, 0.75)",1,-0.23109140182310914,-64.5,T,12546.0
2023-02-16,2023,"(1.0, 1.0)",1,-0.23109140182310914,-64.5,T,12546.0
2023-03-07,2023,"(0.5, 0.5)",1,-1.0226043432630985,-110.59821428571429,SL,12340.5
2023-03-07,2023,"(0.5, 0.75)",1,-1.0226043432630985,-110.59821428571429,SL,12340.5
2023-03-07,2023,"(0.5, 1.0)",1,-1.0226043432630985,-110.59821428571429,SL,12340.5
2023-03-07,2023,"(0.75, 0.5)",1,-1.015069562175399,-165.89732142857144,SL,12340.5
2023-03-07,2023,"(0.75, 0.75)",1,-1.015069562175399,-165.89732142857144,SL,12340.5
2023-03-07,2023,"(0.75, 1.0)",1,-1.015069562175399,-165.89732142857144,SL,12340.5
2023-03-07,2023,"(1.0, 0.5)",1,-0.7866311455558246,-171.5,T,12340.5
2023-03-07,2023,"(1.0, 0.75)",1,-0.7866311455558246,-171.5,T,12340.5
2023-03-07,2023,"(1.0, 1.0)",1,-0.7866311455558246,-171.5,T,12340.5
2023-03-08,2023,"(0.5, 0.5)",1,0.724396473593145,81.0,T,12150.25
2023-03-08,2023,"(0.5, 0.75)",1,0.724396473593145,81.0,T,12150.25
2023-03-08,2023,"(0.5, 1.0)",1,0.724396473593145,81.0,T,12150.25
2023-03-08,2023,"(0.75, 0.5)",1,0.48293098239543,81.0,T,12150.25
2023-03-08,2023,"(0.75, 0.75)",1,0.48293098239543,81.0,T,12150.25
2023-03-08,2023,"(0.75, 1.0)",1,0.48293098239543,81.0,T,12150.25
2023-03-08,2023,"(1.0, 0.5)",1,0.3621982367965725,81.0,T,12150.25
2023-03-08,2023,"(1.0, 0.75)",1,0.3621982367965725,81.0,T,12150.25
2023-03-08,2023,"(1.0, 1.0)",1,0.3621982367965725,81.0,T,12150.25
2023-03-09,2023,"(0.5, 0.5)",1,-1.0235670398114636,-106.08035714285714,SL,12118.0
2023-03-09,2023,"(0.5, 0.75)",1,-1.0235670398114636,-106.08035714285714,SL,12118.0
2023-03-09,2023,"(0.5, 1.0)",1,-1.0235670398114636,-106.08035714285714,SL,12118.0
2023-03-09,2023,"(0.75, 0.5)",1,-0.7180091462559268,-111.75,T,12118.0
2023-03-09,2023,"(0.75, 0.75)",1,-0.7180091462559268,-111.75,T,12118.0
2023-03-09,2023,"(0.75, 1.0)",1,-0.7180091462559268,-111.75,T,12118.0
2023-03-09,2023,"(1.0, 0.5)",1,-0.5385068596919451,-111.75,T,12118.0
2023-03-09,2023,"(1.0, 0.75)",1,-0.5385068596919451,-111.75,T,12118.0
2023-03-09,2023,"(1.0, 1.0)",1,-0.5385068596919451,-111.75,T,12118.0
2023-03-13,2023,"(0.5, 0.5)",-1,0.9778252950027718,112.74107142857143,TP,12073.0
2023-03-13,2023,"(0.5, 0.75)",-1,1.2440009503444998,142.75,T,12073.0
2023-03-13,2023,"(0.5, 1.0)",-1,1.2440009503444998,142.75,T,12073.0
2023-03-13,2023,"(0.75, 0.5)",-1,0.651883530001848,112.74107142857143,TP,12073.0
2023-03-13,2023,"(0.75, 0.75)",-1,0.8293339668963333,142.75,T,12073.0
2023-03-13,2023,"(0.75, 1.0)",-1,0.8293339668963333,142.75,T,12073.0
2023-03-13,2023,"(1.0, 0.5)",-1,0.4889126475013859,112.74107142857143,TP,12073.0
2023-03-13,2023,"(1.0, 0.75)",-1,0.6220004751722499,142.75,T,12073.0
2023-03-13,2023,"(1.0, 1.0)",-1,0.6220004751722499,142.75,T,12073.0
2023-03-14,2023,"(0.5, 0.5)",-1,-1.0216316440049444,-115.57142857142857,SL,12083.0
2023-03-14,2023,"(0.5, 0.75)",-1,-1.0216316440049444,-115.57142857142857,SL,12083.0
2023-03-14,2023,"(0.5, 1.0)",-1,-1.0216316440049444,-115.57142857142857,SL,12083.0
2023-03-14,2023,"(0.75, 0.5)",-1,-0.6878862793572311,-116.75,T,12083.0
2023-03-14,2023,"(0.75, 0.75)",-1,-0.6878862793572311,-116.75,T,12083.0
2023-03-14,2023,"(0.75, 1.0)",-1,-0.6878862793572311,-116.75,T,12083.0
2023-03-14,2023,"(1.0, 0.5)",-1,-0.5159147095179234,-116.75,T,12083.0
2023-03-14,2023,"(1.0, 0.75)",-1,-0.5159147095179234,-116.75,T,12083.0
2023-03-14,2023,"(1.0, 1.0)",-1,-0.5159147095179234,-116.75,T,12083.0
2023-03-15,2023,"(0.5, 0.5)",1,0.9792423456149455,120.4375,TP,12073.0
2023-03-15,2023,"(0.5, 0.75)",1,1.4792423456149455,180.65625,TP,12073.0
2023-03-15,2023,"(0.5, 1.0)",1,1.536066424494032,187.5,T,12073.0
2023-03-15,2023,"(0.75, 0.5)",1,0.6528282304099636,120.4375,TP,12073.0
2023-03-15,2023,"(0.75, 0.75)",1,0.986161563743297,180.65625,TP,12073.0
2023-03-15,2023,"(0.75, 1.0)",1,1.0240442829960215,187.5,T,12073.0
2023-03-15,2023,"(1.0, 0.5)",1,0.48962117280747275,120.4375,TP,12073.0
2023-03-15,2023,"(1.0, 0.75)",1,0.7396211728074727,180.65625,TP,12073.0
2023-03-15,2023,"(1.0, 1.0)",1,0.768033212247016,187.5,T,12073.0
2023-03-20,2023,"(0.5, 0.5)",1,0.7528884531895526,98.5,T,12594.5
2023-03-20,2023,"(0.5, 0.75)",1,0.7528884531895526,98.5,T,12594.5
2023-03-20,2023,"(0.5, 1.0)",1,0.7528884531895526,98.5,T,12594.5
2023-03-20,2023,"(0.75, 0.5)",1,0.5019256354597017,98.5,T,12594.5
2023-03-20,2023,"(0.75, 0.75)",1,0.5019256354597017,98.5,T,12594.5
2023-03-20,2023,"(0.75, 1.0)",1,0.5019256354597017,98.5,T,12594.5
2023-03-20,2023,"(1.0, 0.5)",1,0.3764442265947763,98.5,T,12594.5
2023-03-20,2023,"(1.0, 0.75)",1,0.3764442265947763,98.5,T,12594.5
2023-03-20,2023,"(1.0, 1.0)",1,0.3764442265947763,98.5,T,12594.5
2023-03-24,2023,"(0.5, 0.5)",1,0.9819610874887257,138.58928571428572,TP,12739.25
2023-03-24,2023,"(0.5, 0.75)",1,1.102177554438861,155.25,T,12739.25
2023-03-24,2023,"(0.5, 1.0)",1,1.102177554438861,155.25,T,12739.25
2023-03-24,2023,"(0.75, 0.5)",1,0.6546407249924838,138.58928571428572,TP,12739.25
2023-03-24,2023,"(0.75, 0.75)",1,0.734785036292574,155.25,T,12739.25
2023-03-24,2023,"(0.75, 1.0)",1,0.734785036292574,155.25,T,12739.25
2023-03-24,2023,"(1.0, 0.5)",1,0.49098054374436284,138.58928571428572,TP,12739.25
2023-03-24,2023,"(1.0, 0.75)",1,0.5510887772194305,155.25,T,12739.25
2023-03-24,2023,"(1.0, 1.0)",1,0.5510887772194305,155.25,T,12739.25
2023-04-04,2023,"(0.5, 0.5)",-1,0.4382901866345575,54.5,T,13278.0
2023-04-04,2023,"(0.5, 0.75)",-1,0.4382901866345575,54.5,T,13278.0
2023-04-04,2023,"(0.5, 1.0)",-1,0.4382901866345575,54.5,T,13278.0
2023-04-04,2023,"(0.75, 0.5)",-1,0.2921934577563717,54.5,T,13278.0
2023-04-04,2023,"(0.75, 0.75)",-1,0.2921934577563717,54.5,T,13278.0
2023-04-04,2023,"(0.75, 1.0)",-1,0.2921934577563717,54.5,T,13278.0
2023-04-04,2023,"(1.0, 0.5)",-1,0.21914509331727874,54.5,T,13278.0
2023-04-04,2023,"(1.0, 0.75)",-1,0.21914509331727874,54.5,T,13278.0
2023-04-04,2023,"(1.0, 1.0)",-1,0.21914509331727874,54.5,T,13278.0
2023-04-06,2023,"(0.5, 0.5)",-1,0.07148151198221198,10.25,T,13181.5
2023-04-06,2023,"(0.5, 0.75)",-1,0.07148151198221198,10.25,T,13181.5
2023-04-06,2023,"(0.5, 1.0)",-1,0.07148151198221198,10.25,T,13181.5
2023-04-06,2023,"(0.75, 0.5)",-1,0.04765434132147465,10.25,T,13181.5
2023-04-06,2023,"(0.75, 0.75)",-1,0.04765434132147465,10.25,T,13181.5
2023-04-06,2023,"(0.75, 1.0)",-1,0.04765434132147465,10.25,T,13181.5
2023-04-06,2023,"(1.0, 0.5)",-1,0.03574075599110599,10.25,T,13181.5
2023-04-06,2023,"(1.0, 0.75)",-1,0.03574075599110599,10.25,T,13181.5
2023-04-06,2023,"(1.0, 1.0)",-1,0.03574075599110599,10.25,T,13181.5
2023-04-12,2023,"(0.5, 0.5)",-1,0.9763733018310691,105.8125,TP,13149.75
2023-04-12,2023,"(0.5, 0.75)",-1,1.4763733018310692,158.71875,TP,13149.75
2023-04-12,2023,"(0.5, 1.0)",-1,1.9763733018310692,211.625,TP,13149.75
2023-04-12,2023,"(0.75, 0.5)",-1,0.650915534554046,105.8125,TP,13149.75
2023-04-12,2023,"(0.75, 0.75)",-1,0.9842488678873794,158.71875,TP,13149.75
2023-04-12,2023,"(0.75, 1.0)",-1,1.3175822012207128,211.625,TP,13149.75
2023-04-12,2023,"(1.0, 0.5)",-1,0.48818665091553454,105.8125,TP,13149.75
2023-04-12,2023,"(1.0, 0.75)",-1,0.7381866509155346,158.71875,TP,13149.75
2023-04-12,2023,"(1.0, 1.0)",-1,0.9881866509155346,211.625,TP,13149.75
2023-04-12,2023,"(0.5, 0.5)",1,-1.0236266981689308,-105.8125,SL,13066.0
2023-04-12,2023,"(0.5, 0.75)",1,-1.0236266981689308,-105.8125,SL,13066.0
2023-04-12,2023,"(0.5, 1.0)",1,-1.0236266981689308,-105.8125,SL,13066.0
2023-04-12,2023,"(0.75, 0.5)",1,-0.6930498129553062,-107.5,T,13066.0
2023-04-12,2023,"(0.75, 0.75)",1,-0.6930498129553062,-107.5,T,13066.0
2023-04-12,2023,"(0.75, 1.0)",1,-0.6930498129553062,-107.5,T,13066.0
2023-04-12,2023,"(1.0, 0.5)",1,-0.5197873597164796,-107.5,T,13066.0
2023-04-12,2023,"(1.0, 0.75)",1,-0.5197873597164796,-107.5,T,13066.0
2023-04-12,2023,"(1.0, 1.0)",1,-0.5197873597164796,-107.5,T,13066.0
2023-04-14,2023,"(0.5, 0.5)",-1,0.9746100834240116,98.46428571428571,TP,13223.25
2023-04-14,2023,"(0.5, 0.75)",-1,1.4746100834240115,147.69642857142856,TP,13223.25
2023-04-14,2023,"(0.5, 1.0)",-1,0.40369967355821545,42.25,T,13223.25
2023-04-14,2023,"(0.75, 0.5)",-1,0.6497400556160078,98.46428571428571,TP,13223.25
2023-04-14,2023,"(0.75, 0.75)",-1,0.983073388949341,147.69642857142856,TP,13223.25
2023-04-14,2023,"(0.75, 1.0)",-1,0.269133115705477,42.25,T,13223.25
2023-04-14,2023,"(1.0, 0.5)",-1,0.4873050417120058,98.46428571428571,TP,13223.25
2023-04-14,2023,"(1.0, 0.75)",-1,0.7373050417120057,147.69642857142856,TP,13223.25
2023-04-14,2023,"(1.0, 1.0)",-1,0.20184983677910773,42.25,T,13223.25
2023-04-20,2023,"(0.5, 0.5)",1,0.9730198496820197,92.66071428571429,TP,13086.5
2023-04-20,2023,"(0.5, 0.75)",1,-0.12950472152630563,-9.5,T,13086.5
2023-04-20,2023,"(0.5, 1.0)",1,-0.12950472152630563,-9.5,T,13086.5
2023-04-20,2023,"(0.75, 0.5)",1,0.6486798997880131,92.66071428571429,TP,13086.5
2023-04-20,2023,"(0.75, 0.75)",1,-0.08633648101753709,-9.5,T,13086.5
2023-04-20,2023,"(0.75, 1.0)",1,-0.08633648101753709,-9.5,T,13086.5
2023-04-20,2023,"(1.0, 0.5)",1,0.48650992484100986,92.66071428571429,TP,13086.5
2023-04-20,2023,"(1.0, 0.75)",1,-0.06475236076315281,-9.5,T,13086.5
2023-04-20,2023,"(1.0, 1.0)",1,-0.06475236076315281,-9.5,T,13086.5
2023-04-21,2023,"(0.5, 0.5)",1,0.973384030418251,93.92857142857143,TP,13022.75
2023-04-21,2023,"(0.5, 0.75)",1,0.670722433460076,65.5,T,13022.75
2023-04-21,2023,"(0.5, 1.0)",1,0.670722433460076,65.5,T,13022.75
2023-04-21,2023,"(0.75, 0.5)",1,0.6489226869455007,93.92857142857143,TP,13022.75
2023-04-21,2023,"(0.75, 0.75)",1,0.44714828897338404,65.5,T,13022.75
2023-04-21,2023,"(0.75, 1.0)",1,0.44714828897338404,65.5,T,13022.75
2023-04-21,2023,"(1.0, 0.5)",1,0.4866920152091255,93.92857142857143,TP,13022.75
2023-04-21,2023,"(1.0, 0.75)",1,0.335361216730038,65.5,T,13022.75
2023-04-21,2023,"(1.0, 1.0)",1,0.335361216730038,65.5,T,13022.75
2023-04-25,2023,"(0.5, 0.5)",1,-1.0273704789833822,-91.33928571428571,SL,12978.5
2023-04-25,2023,"(0.5, 0.75)",1,-1.0273704789833822,-91.33928571428571,SL,12978.5
2023-04-25,2023,"(0.5, 1.0)",1,-1.0273704789833822,-91.33928571428571,SL,12978.5
2023-04-25,2023,"(0.75, 0.5)",1,-1.0182469859889214,-137.00892857142856,SL,12978.5
2023-04-25,2023,"(0.75, 0.75)",1,-1.0182469859889214,-137.00892857142856,SL,12978.5
2023-04-25,2023,"(0.75, 1.0)",1,-1.0182469859889214,-137.00892857142856,SL,12978.5
2023-04-25,2023,"(1.0, 0.5)",1,-0.9442815249266863,-170.0,T,12978.5
2023-04-25,2023,"(1.0, 0.75)",1,-0.9442815249266863,-170.0,T,12978.5
2023-04-25,2023,"(1.0, 1.0)",1,-0.9442815249266863,-170.0,T,12978.5
2023-05-01,2023,"(0.5, 0.5)",-1,0.13640959647026382,15.75,T,13319.75
2023-05-01,2023,"(0.5, 0.75)",-1,0.13640959647026382,15.75,T,13319.75
2023-05-01,2023,"(0.5, 1.0)",-1,0.13640959647026382,15.75,T,13319.75
2023-05-01,2023,"(0.75, 0.5)",-1,0.09093973098017587,15.75,T,13319.75
2023-05-01,2023,"(0.75, 0.75)",-1,0.09093973098017587,15.75,T,13319.75
2023-05-01,2023,"(0.75, 1.0)",-1,0.09093973098017587,15.75,T,13319.75
2023-05-01,2023,"(1.0, 0.5)",-1,0.06820479823513191,15.75,T,13319.75
2023-05-01,2023,"(1.0, 0.75)",-1,0.06820479823513191,15.75,T,13319.75
2023-05-01,2023,"(1.0, 1.0)",-1,0.06820479823513191,15.75,T,13319.75
2023-05-03,2023,"(0.5, 0.5)",-1,0.9738195418419823,95.49107142857143,TP,13242.0
2023-05-03,2023,"(0.5, 0.75)",-1,1.4738195418419822,143.23660714285714,TP,13242.0
2023-05-03,2023,"(0.5, 1.0)",-1,1.4608695652173913,142.0,T,13242.0
2023-05-03,2023,"(0.75, 0.5)",-1,0.6492130278946548,95.49107142857143,TP,13242.0
2023-05-03,2023,"(0.75, 0.75)",-1,0.9825463612279881,143.23660714285714,TP,13242.0
2023-05-03,2023,"(0.75, 1.0)",-1,0.9739130434782609,142.0,T,13242.0
2023-05-03,2023,"(1.0, 0.5)",-1,0.48690977092099114,95.49107142857143,TP,13242.0
2023-05-03,2023,"(1.0, 0.75)",-1,0.7369097709209911,143.23660714285714,TP,13242.0
2023-05-03,2023,"(1.0, 1.0)",-1,0.7304347826086957,142.0,T,13242.0
2023-05-11,2023,"(0.5, 0.5)",-1,-0.10008465807543974,-7.0,T,13440.25
2023-05-11,2023,"(0.5, 0.75)",-1,-0.10008465807543974,-7.0,T,13440.25
2023-05-11,2023,"(0.5, 1.0)",-1,-0.10008465807543974,-7.0,T,13440.25
2023-05-11,2023,"(0.75, 0.5)",-1,-0.06672310538362651,-7.0,T,13440.25
2023-05-11,2023,"(0.75, 0.75)",-1,-0.06672310538362651,-7.0,T,13440.25
2023-05-11,2023,"(0.75, 1.0)",-1,-0.06672310538362651,-7.0,T,13440.25
2023-05-11,2023,"(1.0, 0.5)",-1,-0.05004232903771987,-7.0,T,13440.25
2023-05-11,2023,"(1.0, 0.75)",-1,-0.05004232903771987,-7.0,T,13440.25
2023-05-11,2023,"(1.0, 1.0)",-1,-0.05004232903771987,-7.0,T,13440.25
2023-05-17,2023,"(0.5, 0.5)",-1,-1.0288243771875643,-86.73214285714286,SL,13538.75
2023-05-17,2023,"(0.5, 0.75)",-1,-1.0288243771875643,-86.73214285714286,SL,13538.75
2023-05-17,2023,"(0.5, 1.0)",-1,-1.0288243771875643,-86.73214285714286,SL,13538.75
2023-05-17,2023,"(0.75, 0.5)",-1,-1.0192162514583762,-130.09821428571428,SL,13538.75
2023-05-17,2023,"(0.75, 0.75)",-1,-1.0192162514583762,-130.09821428571428,SL,13538.75
2023-05-17,2023,"(0.75, 1.0)",-1,-1.0192162514583762,-130.09821428571428,SL,13538.75
2023-05-17,2023,"(1.0, 0.5)",-1,-0.6254889849701462,-106.0,T,13538.75
2023-05-17,2023,"(1.0, 0.75)",-1,-0.6254889849701462,-106.0,T,13538.75
2023-05-17,2023,"(1.0, 1.0)",-1,-0.6254889849701462,-106.0,T,13538.75
2023-05-22,2023,"(0.5, 0.5)",-1,0.23671140230370918,22.5,T,13927.5
2023-05-22,2023,"(0.5, 0.75)",-1,0.23671140230370918,22.5,T,13927.5
2023-05-22,2023,"(0.5, 1.0)",-1,0.23671140230370918,22.5,T,13927.5
2023-05-22,2023,"(0.75, 0.5)",-1,0.1578076015358061,22.5,T,13927.5
2023-05-22,2023,"(0.75, 0.75)",-1,0.1578076015358061,22.5,T,13927.5
2023-05-22,2023,"(0.75, 1.0)",-1,0.1578076015358061,22.5,T,13927.5
2023-05-22,2023,"(1.0, 0.5)",-1,0.11835570115185459,22.5,T,13927.5
2023-05-22,2023,"(1.0, 0.75)",-1,0.11835570115185459,22.5,T,13927.5
2023-05-22,2023,"(1.0, 1.0)",-1,0.11835570115185459,22.5,T,13927.5
2023-05-23,2023,"(0.5, 0.5)",1,-1.0309392265193371,-80.80357142857143,SL,13853.75
2023-05-23,2023,"(0.5, 0.75)",1,-1.0309392265193371,-80.80357142857143,SL,13853.75
2023-05-23,2023,"(0.5, 1.0)",1,-1.0309392265193371,-80.80357142857143,SL,13853.75
2023-05-23,2023,"(0.75, 0.5)",1,-1.0206261510128913,-121.20535714285714,SL,13853.75
2023-05-23,2023,"(0.75, 0.75)",1,-1.0206261510128913,-121.20535714285714,SL,13853.75
2023-05-23,2023,"(0.75, 1.0)",1,-1.0206261510128913,-121.20535714285714,SL,13853.75
2023-05-23,2023,"(1.0, 0.5)",1,-0.809060773480663,-128.25,T,13853.75
2023-05-23,2023,"(1.0, 0.75)",1,-0.809060773480663,-128.25,T,13853.75
2023-05-23,2023,"(1.0, 1.0)",1,-0.809060773480663,-128.25,T,13853.75
2023-05-26,2023,"(0.5, 0.5)",-1,-1.0300042863266181,-83.32142857142857,SL,14028.75
2023-05-26,2023,"(0.5, 0.75)",-1,-1.0300042863266181,-83.32142857142857,SL,14028.75
2023-05-26,2023,"(0.5, 1.0)",-1,-1.0300042863266181,-83.32142857142857,SL,14028.75
2023-05-26,2023,"(0.75, 0.5)",-1,-1.0200028575510787,-124.98214285714286,SL,14028.75
2023-05-26,2023,"(0.75, 0.75)",-1,-1.0200028575510787,-124.98214285714286,SL,14028.75
2023-05-26,2023,"(0.75, 1.0)",-1,-1.0200028575510787,-124.98214285714286,SL,14028.75
2023-05-26,2023,"(1.0, 0.5)",-1,-1.015002143163309,-166.64285714285714,SL,14028.75
2023-05-26,2023,"(1.0, 0.75)",-1,-1.015002143163309,-166.64285714285714,SL,14028.75
2023-05-26,2023,"(1.0, 1.0)",-1,-1.015002143163309,-166.64285714285714,SL,14028.75
2023-05-31,2023,"(0.5, 0.5)",1,-1.0256199103303139,-97.58035714285714,SL,14353.25
2023-05-31,2023,"(0.5, 0.75)",1,-1.0256199103303139,-97.58035714285714,SL,14353.25
2023-05-31,2023,"(0.5, 1.0)",1,-1.0256199103303139,-97.58035714285714,SL,14353.25
2023-05-31,2023,"(0.75, 0.5)",1,-0.36892670875651934,-51.5,T,14353.25
2023-05-31,2023,"(0.75, 0.75)",1,-0.36892670875651934,-51.5,T,14353.25
2023-05-31,2023,"(0.75, 1.0)",1,-0.36892670875651934,-51.5,T,14353.25
2023-05-31,2023,"(1.0, 0.5)",1,-0.2766950315673895,-51.5,T,14353.25
2023-05-31,2023,"(1.0, 0.75)",1,-0.2766950315673895,-51.5,T,14353.25
2023-05-31,2023,"(1.0, 1.0)",1,-0.2766950315673895,-51.5,T,14353.25
2023-06-01,2023,"(0.5, 0.5)",-1,-1.0258421781264422,-96.74107142857143,SL,14412.0
2023-06-01,2023,"(0.5, 0.75)",-1,-1.0258421781264422,-96.74107142857143,SL,14412.0
2023-06-01,2023,"(0.5, 1.0)",-1,-1.0258421781264422,-96.74107142857143,SL,14412.0
2023-06-01,2023,"(0.75, 0.5)",-1,-0.43931702814951545,-61.25,T,14412.0
2023-06-01,2023,"(0.75, 0.75)",-1,-0.43931702814951545,-61.25,T,14412.0
2023-06-01,2023,"(0.75, 1.0)",-1,-0.43931702814951545,-61.25,T,14412.0
2023-06-01,2023,"(1.0, 0.5)",-1,-0.32948777111213656,-61.25,T,14412.0
2023-06-01,2023,"(1.0, 0.75)",-1,-0.32948777111213656,-61.25,T,14412.0
2023-06-01,2023,"(1.0, 1.0)",-1,-0.32948777111213656,-61.25,T,14412.0
2023-06-07,2023,"(0.5, 0.5)",1,-1.0242971190558834,-102.89285714285714,SL,14522.75
2023-06-07,2023,"(0.5, 0.75)",1,-1.0242971190558834,-102.89285714285714,SL,14522.75
2023-06-07,2023,"(0.5, 1.0)",1,-1.0242971190558834,-102.89285714285714,SL,14522.75
2023-06-07,2023,"(0.75, 0.5)",1,-1.016198079370589,-154.33928571428572,SL,14522.75
2023-06-07,2023,"(0.75, 0.75)",1,-1.016198079370589,-154.33928571428572,SL,14522.75
2023-06-07,2023,"(0.75, 1.0)",1,-1.016198079370589,-154.33928571428572,SL,14522.75
2023-06-07,2023,"(1.0, 0.5)",1,-1.0121485595279416,-205.78571428571428,SL,14522.75
2023-06-07,2023,"(1.0, 0.75)",1,-1.0121485595279416,-205.78571428571428,SL,14522.75
2023-06-07,2023,"(1.0, 1.0)",1,-1.0121485595279416,-205.78571428571428,SL,14522.75
2023-06-20,2023,"(0.5, 0.5)",1,-1.0225333977144697,-110.94642857142857,SL,15269.5
2023-06-20,2023,"(0.5, 0.75)",1,-1.0225333977144697,-110.94642857142857,SL,15269.5
2023-06-20,2023,"(0.5, 1.0)",1,-1.0225333977144697,-110.94642857142857,SL,15269.5
2023-06-20,2023,"(0.75, 0.5)",1,-0.11116476205805033,-16.0,T,15269.5
2023-06-20,2023,"(0.75, 0.75)",1,-0.11116476205805033,-16.0,T,15269.5
2023-06-20,2023,"(0.75, 1.0)",1,-0.11116476205805033,-16.0,T,15269.5
2023-06-20,2023,"(1.0, 0.5)",1,-0.08337357154353775,-16.0,T,15269.5
2023-06-20,2023,"(1.0, 0.75)",1,-0.08337357154353775,-16.0,T,15269.5
2023-06-20,2023,"(1.0, 1.0)",1,-0.08337357154353775,-16.0,T,15269.5
2023-06-21,2023,"(0.5, 0.5)",1,-1.0228440890919475,-109.4375,SL,15127.25
2023-06-21,2023,"(0.5, 0.75)",1,-1.0228440890919475,-109.4375,SL,15127.25
2023-06-21,2023,"(0.5, 1.0)",1,-1.0228440890919475,-109.4375,SL,15127.25
2023-06-21,2023,"(0.75, 0.5)",1,-0.5147534742052161,-82.0,T,15127.25
2023-06-21,2023,"(0.75, 0.75)",1,-0.5147534742052161,-82.0,T,15127.25
2023-06-21,2023,"(0.75, 1.0)",1,-0.5147534742052161,-82.0,T,15127.25
2023-06-21,2023,"(1.0, 0.5)",1,-0.38606510565391206,-82.0,T,15127.25
2023-06-21,2023,"(1.0, 0.75)",1,-0.38606510565391206,-82.0,T,15127.25
2023-06-21,2023,"(1.0, 1.0)",1,-0.38606510565391206,-82.0,T,15127.25
2023-06-22,2023,"(0.5, 0.5)",1,0.9778094785227452,112.66071428571429,TP,15008.25
2023-06-22,2023,"(0.5, 0.75)",1,1.4778094785227454,168.99107142857144,TP,15008.25
2023-06-22,2023,"(0.5, 1.0)",1,1.7996512918053573,205.25,T,15008.25
2023-06-22,2023,"(0.75, 0.5)",1,0.6518729856818302,112.66071428571429,TP,15008.25
2023-06-22,2023,"(0.75, 0.75)",1,0.9852063190151635,168.99107142857144,TP,15008.25
2023-06-22,2023,"(0.75, 1.0)",1,1.1997675278702382,205.25,T,15008.25
2023-06-22,2023,"(1.0, 0.5)",1,0.4889047392613726,112.66071428571429,TP,15008.25
2023-06-22,2023,"(1.0, 0.75)",1,0.7389047392613727,168.99107142857144,TP,15008.25
2023-06-22,2023,"(1.0, 1.0)",1,0.8998256459026787,205.25,T,15008.25
2023-06-26,2023,"(0.5, 0.5)",1,-1.021868166198063,-114.32142857142857,SL,14989.5
2023-06-26,2023,"(0.5, 0.75)",1,-1.021868166198063,-114.32142857142857,SL,14989.5
2023-06-26,2023,"(0.5, 1.0)",1,-1.021868166198063,-114.32142857142857,SL,14989.5
2023-06-26,2023,"(0.75, 0.5)",1,-0.7857961053837342,-132.25,T,14989.5
2023-06-26,2023,"(0.75, 0.75)",1,-0.7857961053837342,-132.25,T,14989.5
2023-06-26,2023,"(0.75, 1.0)",1,-0.7857961053837342,-132.25,T,14989.5
2023-06-26,2023,"(1.0, 0.5)",1,-0.5893470790378007,-132.25,T,14989.5
2023-06-26,2023,"(1.0, 0.75)",1,-0.5893470790378007,-132.25,T,14989.5
2023-06-26,2023,"(1.0, 1.0)",1,-0.5893470790378007,-132.25,T,14989.5
2023-07-07,2023,"(0.5, 0.5)",-1,0.526148969889065,64.75,T,15248.0
2023-07-07,2023,"(0.5, 0.75)",-1,0.526148969889065,64.75,T,15248.0
2023-07-07,2023,"(0.5, 1.0)",-1,0.526148969889065,64.75,T,15248.0
2023-07-07,2023,"(0.75, 0.5)",-1,0.3507659799260433,64.75,T,15248.0
2023-07-07,2023,"(0.75, 0.75)",-1,0.3507659799260433,64.75,T,15248.0
2023-07-07,2023,"(0.75, 1.0)",-1,0.3507659799260433,64.75,T,15248.0
2023-07-07,2023,"(1.0, 0.5)",-1,0.2630744849445325,64.75,T,15248.0
2023-07-07,2023,"(1.0, 0.75)",-1,0.2630744849445325,64.75,T,15248.0
2023-07-07,2023,"(1.0, 1.0)",-1,0.2630744849445325,64.75,T,15248.0
2023-07-10,2023,"(0.5, 0.5)",1,-1.021449364179562,-116.55357142857143,SL,15184.5
2023-07-10,2023,"(0.5, 0.75)",1,-1.021449364179562,-116.55357142857143,SL,15184.5
2023-07-10,2023,"(0.5, 1.0)",1,-1.021449364179562,-116.55357142857143,SL,15184.5
2023-07-10,2023,"(0.75, 0.5)",1,0.017159491343649455,5.5,T,15184.5
2023-07-10,2023,"(0.75, 0.75)",1,0.017159491343649455,5.5,T,15184.5
2023-07-10,2023,"(0.75, 1.0)",1,0.017159491343649455,5.5,T,15184.5
2023-07-10,2023,"(1.0, 0.5)",1,0.012869618507737091,5.5,T,15184.5
2023-07-10,2023,"(1.0, 0.75)",1,0.012869618507737091,5.5,T,15184.5
2023-07-10,2023,"(1.0, 1.0)",1,0.012869618507737091,5.5,T,15184.5
2023-07-18,2023,"(0.5, 0.5)",-1,-1.0235452404978136,-106.17857142857143,SL,15869.5
2023-07-18,2023,"(0.5, 0.75)",-1,-1.0235452404978136,-106.17857142857143,SL,15869.5
2023-07-18,2023,"(0.5, 1.0)",-1,-1.0235452404978136,-106.17857142857143,SL,15869.5
2023-07-18,2023,"(0.75, 0.5)",-1,-1.0156968269985425,-159.26785714285714,SL,15869.5
2023-07-18,2023,"(0.75, 0.75)",-1,-1.0156968269985425,-159.26785714285714,SL,15869.5
2023-07-18,2023,"(0.75, 1.0)",-1,-1.0156968269985425,-159.26785714285714,SL,15869.5
2023-07-18,2023,"(1.0, 0.5)",-1,-0.4991590985536495,-103.5,T,15869.5
2023-07-18,2023,"(1.0, 0.75)",-1,-0.4991590985536495,-103.5,T,15869.5
2023-07-18,2023,"(1.0, 1.0)",-1,-0.4991590985536495,-103.5,T,15869.5
2023-07-19,2023,"(0.5, 0.5)",-1,0.2544811916182782,29.5,T,15986.5
2023-07-19,2023,"(0.5, 0.75)",-1,0.2544811916182782,29.5,T,15986.5
2023-07-19,2023,"(0.5, 1.0)",-1,0.2544811916182782,29.5,T,15986.5
2023-07-19,2023,"(0.75, 0.5)",-1,0.1696541277455188,29.5,T,15986.5
2023-07-19,2023,"(0.75, 0.75)",-1,0.1696541277455188,29.5,T,15986.5
2023-07-19,2023,"(0.75, 1.0)",-1,0.1696541277455188,29.5,T,15986.5
2023-07-19,2023,"(1.0, 0.5)",-1,0.1272405958091391,29.5,T,15986.5
2023-07-19,2023,"(1.0, 0.75)",-1,0.1272405958091391,29.5,T,15986.5
2023-07-19,2023,"(1.0, 1.0)",-1,0.1272405958091391,29.5,T,15986.5
2023-07-31,2023,"(0.5, 0.5)",-1,0.15732694036559783,21.25,T,15884.25
2023-07-31,2023,"(0.5, 0.75)",-1,0.15732694036559783,21.25,T,15884.25
2023-07-31,2023,"(0.5, 1.0)",-1,0.15732694036559783,21.25,T,15884.25
2023-07-31,2023,"(0.75, 0.5)",-1,0.10488462691039857,21.25,T,15884.25
2023-07-31,2023,"(0.75, 0.75)",-1,0.10488462691039857,21.25,T,15884.25
2023-07-31,2023,"(0.75, 1.0)",-1,0.10488462691039857,21.25,T,15884.25
2023-07-31,2023,"(1.0, 0.5)",-1,0.07866347018279891,21.25,T,15884.25
2023-07-31,2023,"(1.0, 0.75)",-1,0.07866347018279891,21.25,T,15884.25
2023-07-31,2023,"(1.0, 1.0)",-1,0.07866347018279891,21.25,T,15884.25
2023-08-07,2023,"(0.5, 0.5)",1,0.9790622896881777,119.40178571428571,TP,15356.25
2023-08-07,2023,"(0.5, 0.75)",1,1.0699169969341211,130.25,T,15356.25
2023-08-07,2023,"(0.5, 1.0)",1,1.0699169969341211,130.25,T,15356.25
2023-08-07,2023,"(0.75, 0.5)",1,0.6527081931254518,119.40178571428571,TP,15356.25
2023-08-07,2023,"(0.75, 0.75)",1,0.7132779979560807,130.25,T,15356.25
2023-08-07,2023,"(0.75, 1.0)",1,0.7132779979560807,130.25,T,15356.25
2023-08-07,2023,"(1.0, 0.5)",1,0.48953114484408883,119.40178571428571,TP,15356.25
2023-08-07,2023,"(1.0, 0.75)",1,0.5349584984670606,130.25,T,15356.25
2023-08-07,2023,"(1.0, 1.0)",1,0.5349584984670606,130.25,T,15356.25
2023-08-14,2023,"(0.5, 0.5)",1,0.9785932721712538,116.78571428571429,TP,15067.75
2023-08-14,2023,"(0.5, 0.75)",1,1.4785932721712538,175.17857142857144,TP,15067.75
2023-08-14,2023,"(0.5, 1.0)",1,1.7318042813455656,204.75,T,15067.75
2023-08-14,2023,"(0.75, 0.5)",1,0.6523955147808359,116.78571428571429,TP,15067.75
2023-08-14,2023,"(0.75, 0.75)",1,0.9857288481141692,175.17857142857144,TP,15067.75
2023-08-14,2023,"(0.75, 1.0)",1,1.1545361875637103,204.75,T,15067.75
2023-08-14,2023,"(1.0, 0.5)",1,0.4892966360856269,116.78571428571429,TP,15067.75
2023-08-14,2023,"(1.0, 0.75)",1,0.7392966360856269,175.17857142857144,TP,15067.75
2023-08-14,2023,"(1.0, 1.0)",1,0.8659021406727828,204.75,T,15067.75
2023-08-17,2023,"(0.5, 0.5)",1,-1.0220316311275475,-113.47321428571429,SL,14947.25
2023-08-17,2023,"(0.5, 0.75)",1,-1.0220316311275475,-113.47321428571429,SL,14947.25
2023-08-17,2023,"(0.5, 1.0)",1,-1.0220316311275475,-113.47321428571429,SL,14947.25
2023-08-17,2023,"(0.75, 0.5)",1,-1.0146877540850316,-170.20982142857144,SL,14947.25
2023-08-17,2023,"(0.75, 0.75)",1,-1.0146877540850316,-170.20982142857144,SL,14947.25
2023-08-17,2023,"(0.75, 1.0)",1,-1.0146877540850316,-170.20982142857144,SL,14947.25
2023-08-17,2023,"(1.0, 0.5)",1,-0.7821229050279329,-175.0,T,14947.25
2023-08-17,2023,"(1.0, 0.75)",1,-0.7821229050279329,-175.0,T,14947.25
2023-08-17,2023,"(1.0, 1.0)",1,-0.7821229050279329,-175.0,T,14947.25
2023-08-24,2023,"(0.5, 0.5)",1,-1.0219762969939565,-113.75892857142857,SL,15014.5
2023-08-24,2023,"(0.5, 0.75)",1,-1.0219762969939565,-113.75892857142857,SL,15014.5
2023-08-24,2023,"(0.5, 1.0)",1,-1.0219762969939565,-113.75892857142857,SL,15014.5
2023-08-24,2023,"(0.75, 0.5)",1,-0.9244695602124375,-155.25,T,15014.5
2023-08-24,2023,"(0.75, 0.75)",1,-0.9244695602124375,-155.25,T,15014.5
2023-08-24,2023,"(0.75, 1.0)",1,-0.9244695602124375,-155.25,T,15014.5
2023-08-24,2023,"(1.0, 0.5)",1,-0.6933521701593282,-155.25,T,15014.5
2023-08-24,2023,"(1.0, 0.75)",1,-0.6933521701593282,-155.25,T,15014.5
2023-08-24,2023,"(1.0, 1.0)",1,-0.6933521701593282,-155.25,T,15014.5
2023-08-25,2023,"(0.5, 0.5)",1,0.9793905490946563,121.30357142857143,TP,14864.5
2023-08-25,2023,"(0.5, 0.75)",1,0.9109377300161932,113.0,T,14864.5
2023-08-25,2023,"(0.5, 1.0)",1,0.9109377300161932,113.0,T,14864.5
2023-08-25,2023,"(0.75, 0.5)",1,0.6529270327297708,121.30357142857143,TP,14864.5
2023-08-25,2023,"(0.75, 0.75)",1,0.6072918200107954,113.0,T,14864.5
2023-08-25,2023,"(0.75, 1.0)",1,0.6072918200107954,113.0,T,14864.5
2023-08-25,2023,"(1.0, 0.5)",1,0.48969527454732814,121.30357142857143,TP,14864.5
2023-08-25,2023,"(1.0, 0.75)",1,0.4554688650080966,113.0,T,14864.5
2023-08-25,2023,"(1.0, 1.0)",1,0.4554688650080966,113.0,T,14864.5
2023-08-31,2023,"(0.5, 0.5)",-1,-0.15627524418006902,-16.5,T,15515.75
2023-08-31,2023,"(0.5, 0.75)",-1,-0.15627524418006902,-16.5,T,15515.75
2023-08-31,2023,"(0.5, 1.0)",-1,-0.15627524418006902,-16.5,T,15515.75
2023-08-31,2023,"(0.75, 0.5)",-1,-0.10418349612004602,-16.5,T,15515.75
2023-08-31,2023,"(0.75, 0.75)",-1,-0.10418349612004602,-16.5,T,15515.75
2023-08-31,2023,"(0.75, 1.0)",-1,-0.10418349612004602,-16.5,T,15515.75
2023-08-31,2023,"(1.0, 0.5)",-1,-0.07813762209003451,-16.5,T,15515.75
2023-08-31,2023,"(1.0, 0.75)",-1,-0.07813762209003451,-16.5,T,15515.75
2023-08-31,2023,"(1.0, 1.0)",-1,-0.07813762209003451,-16.5,T,15515.75
2023-09-01,2023,"(0.5, 0.5)",1,0.18547186662697232,24.75,T,15495.25
2023-09-01,2023,"(0.5, 0.75)",1,0.18547186662697232,24.75,T,15495.25
2023-09-01,2023,"(0.5, 1.0)",1,0.18547186662697232,24.75,T,15495.25
2023-09-01,2023,"(0.75, 0.5)",1,0.12364791108464822,24.75,T,15495.25
2023-09-01,2023,"(0.75, 0.75)",1,0.12364791108464822,24.75,T,15495.25
2023-09-01,2023,"(0.75, 1.0)",1,0.12364791108464822,24.75,T,15495.25
2023-09-01,2023,"(1.0, 0.5)",1,0.09273593331348616,24.75,T,15495.25
2023-09-01,2023,"(1.0, 0.75)",1,0.09273593331348616,24.75,T,15495.25
2023-09-01,2023,"(1.0, 1.0)",1,0.09273593331348616,24.75,T,15495.25
2023-09-05,2023,"(0.5, 0.5)",1,0.37116818558409276,46.5,T,15487.25
2023-09-05,2023,"(0.5, 0.75)",1,0.37116818558409276,46.5,T,15487.25
2023-09-05,2023,"(0.5, 1.0)",1,0.37116818558409276,46.5,T,15487.25
2023-09-05,2023,"(0.75, 0.5)",1,0.24744545705606188,46.5,T,15487.25
2023-09-05,2023,"(0.75, 0.75)",1,0.24744545705606188,46.5,T,15487.25
2023-09-05,2023,"(0.75, 1.0)",1,0.24744545705606188,46.5,T,15487.25
2023-09-05,2023,"(1.0, 0.5)",1,0.18558409279204638,46.5,T,15487.25
2023-09-05,2023,"(1.0, 0.75)",1,0.18558409279204638,46.5,T,15487.25
2023-09-05,2023,"(1.0, 1.0)",1,0.18558409279204638,46.5,T,15487.25
2023-09-13,2023,"(0.5, 0.5)",1,0.9779666351904313,113.46428571428571,TP,15290.5
2023-09-13,2023,"(0.5, 0.75)",1,0.5728674850487881,67.5,T,15290.5
2023-09-13,2023,"(0.5, 1.0)",1,0.5728674850487881,67.5,T,15290.5
2023-09-13,2023,"(0.75, 0.5)",1,0.6519777567936208,113.46428571428571,TP,15290.5
2023-09-13,2023,"(0.75, 0.75)",1,0.38191165669919214,67.5,T,15290.5
2023-09-13,2023,"(0.75, 1.0)",1,0.38191165669919214,67.5,T,15290.5
2023-09-13,2023,"(1.0, 0.5)",1,0.4889833175952156,113.46428571428571,TP,15290.5
2023-09-13,2023,"(1.0, 0.75)",1,0.2864337425243941,67.5,T,15290.5
2023-09-13,2023,"(1.0, 1.0)",1,0.2864337425243941,67.5,T,15290.5
2023-09-14,2023,"(0.5, 0.5)",-1,-1.0228963938179736,-109.1875,SL,15400.25
2023-09-14,2023,"(0.5, 0.75)",-1,-1.0228963938179736,-109.1875,SL,15400.25
2023-09-14,2023,"(0.5, 1.0)",-1,-1.0228963938179736,-109.1875,SL,15400.25
2023-09-14,2023,"(0.75, 0.5)",-1,-0.48082427017744706,-76.25,T,15400.25
2023-09-14,2023,"(0.75, 0.75)",-1,-0.48082427017744706,-76.25,T,15400.25
2023-09-14,2023,"(0.75, 1.0)",-1,-0.48082427017744706,-76.25,T,15400.25
2023-09-14,2023,"(1.0, 0.5)",-1,-0.3606182026330853,-76.25,T,15400.25
2023-09-14,2023,"(1.0, 0.75)",-1,-0.3606182026330853,-76.25,T,15400.25
2023-09-14,2023,"(1.0, 1.0)",-1,-0.3606182026330853,-76.25,T,15400.25
2023-09-18,2023,"(0.5, 0.5)",1,0.043645699614890884,6.75,T,15406.5
2023-09-18,2023,"(0.5, 0.75)",1,0.043645699614890884,6.75,T,15406.5
2023-09-18,2023,"(0.5, 1.0)",1,0.043645699614890884,6.75,T,15406.5
2023-09-18,2023,"(0.75, 0.5)",1,0.029097133076593923,6.75,T,15406.5
2023-09-18,2023,"(0.75, 0.75)",1,0.029097133076593923,6.75,T,15406.5
2023-09-18,2023,"(0.75, 1.0)",1,0.029097133076593923,6.75,T,15406.5
2023-09-18,2023,"(1.0, 0.5)",1,0.021822849807445442,6.75,T,15406.5
2023-09-18,2023,"(1.0, 0.75)",1,0.021822849807445442,6.75,T,15406.5
2023-09-18,2023,"(1.0, 1.0)",1,0.021822849807445442,6.75,T,15406.5
2023-09-19,2023,"(0.5, 0.5)",1,-1.0259692079391578,-96.26785714285714,SL,15355.25
2023-09-19,2023,"(0.5, 0.75)",1,-1.0259692079391578,-96.26785714285714,SL,15355.25
2023-09-19,2023,"(0.5, 1.0)",1,-1.0259692079391578,-96.26785714285714,SL,15355.25
2023-09-19,2023,"(0.75, 0.5)",1,0.13503988128362085,22.0,T,15355.25
2023-09-19,2023,"(0.75, 0.75)",1,0.13503988128362085,22.0,T,15355.25
2023-09-19,2023,"(0.75, 1.0)",1,0.13503988128362085,22.0,T,15355.25
2023-09-19,2023,"(1.0, 0.5)",1,0.10127991096271564,22.0,T,15355.25
2023-09-19,2023,"(1.0, 0.75)",1,0.10127991096271564,22.0,T,15355.25
2023-09-19,2023,"(1.0, 1.0)",1,0.10127991096271564,22.0,T,15355.25
2023-09-20,2023,"(0.5, 0.5)",-1,0.9719157472417251,89.01785714285714,TP,15390.0
2023-09-20,2023,"(0.5, 0.75)",-1,1.4719157472417252,133.52678571428572,TP,15390.0
2023-09-20,2023,"(0.5, 1.0)",-1,1.9719157472417252,178.03571428571428,TP,15390.0
2023-09-20,2023,"(0.75, 0.5)",-1,0.6479438314944834,89.01785714285714,TP,15390.0
2023-09-20,2023,"(0.75, 0.75)",-1,0.9812771648278168,133.52678571428572,TP,15390.0
2023-09-20,2023,"(0.75, 1.0)",-1,1.31461049816115,178.03571428571428,TP,15390.0
2023-09-20,2023,"(1.0, 0.5)",-1,0.48595787362086257,89.01785714285714,TP,15390.0
2023-09-20,2023,"(1.0, 0.75)",-1,0.7359578736208626,133.52678571428572,TP,15390.0
2023-09-20,2023,"(1.0, 1.0)",-1,0.9859578736208626,178.03571428571428,TP,15390.0
2023-10-06,2023,"(0.5, 0.5)",-1,-1.0217256362507758,-115.07142857142857,SL,14924.75
2023-10-06,2023,"(0.5, 0.75)",-1,-1.0217256362507758,-115.07142857142857,SL,14924.75
2023-10-06,2023,"(0.5, 1.0)",-1,-1.0217256362507758,-115.07142857142857,SL,14924.75
2023-10-06,2023,"(0.75, 0.5)",-1,-1.0144837575005172,-172.60714285714286,SL,14924.75
2023-10-06,2023,"(0.75, 0.75)",-1,-1.0144837575005172,-172.60714285714286,SL,14924.75
2023-10-06,2023,"(0.75, 1.0)",-1,-1.0144837575005172,-172.60714285714286,SL,14924.75
2023-10-06,2023,"(1.0, 0.5)",-1,-1.010862818125388,-230.14285714285714,SL,14924.75
2023-10-06,2023,"(1.0, 0.75)",-1,-1.010862818125388,-230.14285714285714,SL,14924.75
2023-10-06,2023,"(1.0, 1.0)",-1,-1.010862818125388,-230.14285714285714,SL,14924.75
2023-10-06,2023,"(0.5, 0.5)",1,0.978274363749224,115.07142857142857,TP,14726.75
2023-10-06,2023,"(0.5, 0.75)",1,1.4782743637492242,172.60714285714286,TP,14726.75
2023-10-06,2023,"(0.5, 1.0)",1,1.9782743637492242,230.14285714285714,TP,14726.75
2023-10-06,2023,"(0.75, 0.5)",1,0.6521829091661494,115.07142857142857,TP,14726.75
2023-10-06,2023,"(0.75, 0.75)",1,0.9855162424994828,172.60714285714286,TP,14726.75
2023-10-06,2023,"(0.75, 1.0)",1,1.318849575832816,230.14285714285714,TP,14726.75
2023-10-06,2023,"(1.0, 0.5)",1,0.489137181874612,115.07142857142857,TP,14726.75
2023-10-06,2023,"(1.0, 0.75)",1,0.7391371818746121,172.60714285714286,TP,14726.75
2023-10-06,2023,"(1.0, 1.0)",1,0.9891371818746121,230.14285714285714,TP,14726.75
2023-10-10,2023,"(0.5, 0.5)",-1,-1.019123070618768,-130.73214285714286,SL,15202.5
2023-10-10,2023,"(0.5, 0.75)",-1,-1.019123070618768,-130.73214285714286,SL,15202.5
2023-10-10,2023,"(0.5, 1.0)",-1,-1.019123070618768,-130.73214285714286,SL,15202.5
2023-10-10,2023,"(0.75, 0.5)",-1,-0.3582388562582525,-67.75,T,15202.5
2023-10-10,2023,"(0.75, 0.75)",-1,-0.3582388562582525,-67.75,T,15202.5
2023-10-10,2023,"(0.75, 1.0)",-1,-0.3582388562582525,-67.75,T,15202.5
2023-10-10,2023,"(1.0, 0.5)",-1,-0.2686791421936894,-67.75,T,15202.5
2023-10-10,2023,"(1.0, 0.75)",-1,-0.2686791421936894,-67.75,T,15202.5
2023-10-10,2023,"(1.0, 1.0)",-1,-0.2686791421936894,-67.75,T,15202.5
2023-10-11,2023,"(0.5, 0.5)",-1,-0.050891296749388325,-4.0,T,15373.0
2023-10-11,2023,"(0.5, 0.75)",-1,-0.050891296749388325,-4.0,T,15373.0
2023-10-11,2023,"(0.5, 1.0)",-1,-0.050891296749388325,-4.0,T,15373.0
2023-10-11,2023,"(0.75, 0.5)",-1,-0.03392753116625888,-4.0,T,15373.0
2023-10-11,2023,"(0.75, 0.75)",-1,-0.03392753116625888,-4.0,T,15373.0
2023-10-11,2023,"(0.75, 1.0)",-1,-0.03392753116625888,-4.0,T,15373.0
2023-10-11,2023,"(1.0, 0.5)",-1,-0.025445648374694162,-4.0,T,15373.0
2023-10-11,2023,"(1.0, 0.75)",-1,-0.025445648374694162,-4.0,T,15373.0
2023-10-11,2023,"(1.0, 1.0)",-1,-0.025445648374694162,-4.0,T,15373.0
2023-10-18,2023,"(0.5, 0.5)",1,-0.2520077540847411,-30.0,T,15053.5
2023-10-18,2023,"(0.5, 0.75)",1,-0.2520077540847411,-30.0,T,15053.5
2023-10-18,2023,"(0.5, 1.0)",1,-0.2520077540847411,-30.0,T,15053.5
2023-10-18,2023,"(0.75, 0.5)",1,-0.16800516938982737,-30.0,T,15053.5
2023-10-18,2023,"(0.75, 0.75)",1,-0.16800516938982737,-30.0,T,15053.5
2023-10-18,2023,"(0.75, 1.0)",1,-0.16800516938982737,-30.0,T,15053.5
2023-10-18,2023,"(1.0, 0.5)",1,-0.12600387704237054,-30.0,T,15053.5
2023-10-18,2023,"(1.0, 0.75)",1,-0.12600387704237054,-30.0,T,15053.5
2023-10-18,2023,"(1.0, 1.0)",1,-0.12600387704237054,-30.0,T,15053.5
2023-10-19,2023,"(0.5, 0.5)",1,0.980464661968883,127.97321428571429,TP,14984.0
2023-10-19,2023,"(0.5, 0.75)",1,-1.019535338031117,-127.97321428571429,SL,14984.0
2023-10-19,2023,"(0.5, 1.0)",1,-1.019535338031117,-127.97321428571429,SL,14984.0
2023-10-19,2023,"(0.75, 0.5)",1,0.6536431079792553,127.97321428571429,TP,14984.0
2023-10-19,2023,"(0.75, 0.75)",1,-0.5248494151026768,-98.25,T,14984.0
2023-10-19,2023,"(0.75, 1.0)",1,-0.5248494151026768,-98.25,T,14984.0
2023-10-19,2023,"(1.0, 0.5)",1,0.4902323309844415,127.97321428571429,TP,14984.0
2023-10-19,2023,"(1.0, 0.75)",1,-0.3936370613270076,-98.25,T,14984.0
2023-10-19,2023,"(1.0, 1.0)",1,-0.3936370613270076,-98.25,T,14984.0
2023-10-24,2023,"(0.5, 0.5)",-1,0.98086647533142,130.66071428571428,TP,14844.25
2023-10-24,2023,"(0.5, 0.75)",-1,-0.03444034440344404,-2.0,T,14844.25
2023-10-24,2023,"(0.5, 1.0)",-1,-0.03444034440344404,-2.0,T,14844.25
2023-10-24,2023,"(0.75, 0.5)",-1,0.65391098355428,130.66071428571428,TP,14844.25
2023-10-24,2023,"(0.75, 0.75)",-1,-0.022960229602296024,-2.0,T,14844.25
2023-10-24,2023,"(0.75, 1.0)",-1,-0.022960229602296024,-2.0,T,14844.25
2023-10-24,2023,"(1.0, 0.5)",-1,0.49043323766571,130.66071428571428,TP,14844.25
2023-10-24,2023,"(1.0, 0.75)",-1,-0.01722017220172202,-2.0,T,14844.25
2023-10-24,2023,"(1.0, 1.0)",-1,-0.01722017220172202,-2.0,T,14844.25
2023-11-06,2023,"(0.5, 0.5)",-1,-0.1527133896918462,-17.5,T,15216.25
2023-11-06,2023,"(0.5, 0.75)",-1,-0.1527133896918462,-17.5,T,15216.25
2023-11-06,2023,"(0.5, 1.0)",-1,-0.1527133896918462,-17.5,T,15216.25
2023-11-06,2023,"(0.75, 0.5)",-1,-0.1018089264612308,-17.5,T,15216.25
2023-11-06,2023,"(0.75, 0.75)",-1,-0.1018089264612308,-17.5,T,15216.25
2023-11-06,2023,"(0.75, 1.0)",-1,-0.1018089264612308,-17.5,T,15216.25
2023-11-06,2023,"(1.0, 0.5)",-1,-0.0763566948459231,-17.5,T,15216.25
2023-11-06,2023,"(1.0, 0.75)",-1,-0.0763566948459231,-17.5,T,15216.25
2023-11-06,2023,"(1.0, 1.0)",-1,-0.0763566948459231,-17.5,T,15216.25
2023-11-07,2023,"(0.5, 0.5)",-1,-1.0198440822111978,-125.98214285714286,SL,15238.0
2023-11-07,2023,"(0.5, 0.75)",-1,-1.0198440822111978,-125.98214285714286,SL,15238.0
2023-11-07,2023,"(0.5, 1.0)",-1,-1.0198440822111978,-125.98214285714286,SL,15238.0
2023-11-07,2023,"(0.75, 0.5)",-1,-0.7395227970706355,-137.25,T,15238.0
2023-11-07,2023,"(0.75, 0.75)",-1,-0.7395227970706355,-137.25,T,15238.0
2023-11-07,2023,"(0.75, 1.0)",-1,-0.7395227970706355,-137.25,T,15238.0
2023-11-07,2023,"(1.0, 0.5)",-1,-0.5546420978029766,-137.25,T,15238.0
2023-11-07,2023,"(1.0, 0.75)",-1,-0.5546420978029766,-137.25,T,15238.0
2023-11-07,2023,"(1.0, 1.0)",-1,-0.5546420978029766,-137.25,T,15238.0
2023-11-08,2023,"(0.5, 0.5)",-1,0.17834394904458598,24.5,T,15408.25
2023-11-08,2023,"(0.5, 0.75)",-1,0.17834394904458598,24.5,T,15408.25
2023-11-08,2023,"(0.5, 1.0)",-1,0.17834394904458598,24.5,T,15408.25
2023-11-08,2023,"(0.75, 0.5)",-1,0.11889596602972399,24.5,T,15408.25
2023-11-08,2023,"(0.75, 0.75)",-1,0.11889596602972399,24.5,T,15408.25
2023-11-08,2023,"(0.75, 1.0)",-1,0.11889596602972399,24.5,T,15408.25
2023-11-08,2023,"(1.0, 0.5)",-1,0.08917197452229299,24.5,T,15408.25
2023-11-08,2023,"(1.0, 0.75)",-1,0.08917197452229299,24.5,T,15408.25
2023-11-08,2023,"(1.0, 1.0)",-1,0.08917197452229299,24.5,T,15408.25
2023-11-09,2023,"(0.5, 0.5)",-1,0.9787798408488063,117.8125,TP,15385.5
2023-11-09,2023,"(0.5, 0.75)",-1,1.0546419098143236,126.75,T,15385.5
2023-11-09,2023,"(0.5, 1.0)",-1,1.0546419098143236,126.75,T,15385.5
2023-11-09,2023,"(0.75, 0.5)",-1,0.6525198938992043,117.8125,TP,15385.5
2023-11-09,2023,"(0.75, 0.75)",-1,0.7030946065428824,126.75,T,15385.5
2023-11-09,2023,"(0.75, 1.0)",-1,0.7030946065428824,126.75,T,15385.5
2023-11-09,2023,"(1.0, 0.5)",-1,0.48938992042440316,117.8125,TP,15385.5
2023-11-09,2023,"(1.0, 0.75)",-1,0.5273209549071618,126.75,T,15385.5
2023-11-09,2023,"(1.0, 1.0)",-1,0.5273209549071618,126.75,T,15385.5
2023-11-09,2023,"(0.5, 0.5)",1,-0.5135278514588859,-58.0,T,15316.75
2023-11-09,2023,"(0.5, 0.75)",1,-0.5135278514588859,-58.0,T,15316.75
2023-11-09,2023,"(0.5, 1.0)",1,-0.5135278514588859,-58.0,T,15316.75
2023-11-09,2023,"(0.75, 0.5)",1,-0.3423519009725906,-58.0,T,15316.75
2023-11-09,2023,"(0.75, 0.75)",1,-0.3423519009725906,-58.0,T,15316.75
2023-11-09,2023,"(0.75, 1.0)",1,-0.3423519009725906,-58.0,T,15316.75
2023-11-09,2023,"(1.0, 0.5)",1,-0.25676392572944295,-58.0,T,15316.75
2023-11-09,2023,"(1.0, 0.75)",1,-0.25676392572944295,-58.0,T,15316.75
2023-11-09,2023,"(1.0, 1.0)",1,-0.25676392572944295,-58.0,T,15316.75
2023-11-16,2023,"(0.5, 0.5)",1,0.44319868095630666,50.5,T,15846.75
2023-11-16,2023,"(0.5, 0.75)",1,0.44319868095630666,50.5,T,15846.75
2023-11-16,2023,"(0.5, 1.0)",1,0.44319868095630666,50.5,T,15846.75
2023-11-16,2023,"(0.75, 0.5)",1,0.2954657873042045,50.5,T,15846.75
2023-11-16,2023,"(0.75, 0.75)",1,0.2954657873042045,50.5,T,15846.75
2023-11-16,2023,"(0.75, 1.0)",1,0.2954657873042045,50.5,T,15846.75
2023-11-16,2023,"(1.0, 0.5)",1,0.22159934047815333,50.5,T,15846.75
2023-11-16,2023,"(1.0, 0.75)",1,0.22159934047815333,50.5,T,15846.75
2023-11-16,2023,"(1.0, 1.0)",1,0.22159934047815333,50.5,T,15846.75
2023-11-30,2023,"(0.5, 0.5)",1,-1.0272161741835149,-91.85714285714286,SL,16040.5
2023-11-30,2023,"(0.5, 0.75)",1,-1.0272161741835149,-91.85714285714286,SL,16040.5
2023-11-30,2023,"(0.5, 1.0)",1,-1.0272161741835149,-91.85714285714286,SL,16040.5
2023-11-30,2023,"(0.75, 0.5)",1,-1.0181441161223432,-137.78571428571428,SL,16040.5
2023-11-30,2023,"(0.75, 0.75)",1,-1.0181441161223432,-137.78571428571428,SL,16040.5
2023-11-30,2023,"(0.75, 1.0)",1,-1.0181441161223432,-137.78571428571428,SL,16040.5
2023-11-30,2023,"(1.0, 0.5)",1,-1.0136080870917574,-183.71428571428572,SL,16040.5
2023-11-30,2023,"(1.0, 0.75)",1,-1.0136080870917574,-183.71428571428572,SL,16040.5
2023-11-30,2023,"(1.0, 1.0)",1,-1.0136080870917574,-183.71428571428572,SL,16040.5
2023-12-04,2023,"(0.5, 0.5)",1,-1.0268636668905307,-93.0625,SL,15875.75
2023-12-04,2023,"(0.5, 0.75)",1,-1.0268636668905307,-93.0625,SL,15875.75
2023-12-04,2023,"(0.5, 1.0)",1,-1.0268636668905307,-93.0625,SL,15875.75
2023-12-04,2023,"(0.75, 0.5)",1,-1.0179091112603538,-139.59375,SL,15875.75
2023-12-04,2023,"(0.75, 0.75)",1,-1.0179091112603538,-139.59375,SL,15875.75
2023-12-04,2023,"(0.75, 1.0)",1,-1.0179091112603538,-139.59375,SL,15875.75
2023-12-04,2023,"(1.0, 0.5)",1,-0.03760913364674278,-4.5,T,15875.75
2023-12-04,2023,"(1.0, 0.75)",1,-0.03760913364674278,-4.5,T,15875.75
2023-12-04,2023,"(1.0, 1.0)",1,-0.03760913364674278,-4.5,T,15875.75
2023-12-11,2023,"(0.5, 0.5)",-1,-1.0264950794852385,-94.35714285714286,SL,16111.25
2023-12-11,2023,"(0.5, 0.75)",-1,-1.0264950794852385,-94.35714285714286,SL,16111.25
2023-12-11,2023,"(0.5, 1.0)",-1,-1.0264950794852385,-94.35714285714286,SL,16111.25
2023-12-11,2023,"(0.75, 0.5)",-1,-0.8849356548069645,-122.75,T,16111.25
2023-12-11,2023,"(0.75, 0.75)",-1,-0.8849356548069645,-122.75,T,16111.25
2023-12-11,2023,"(0.75, 1.0)",-1,-0.8849356548069645,-122.75,T,16111.25
2023-12-11,2023,"(1.0, 0.5)",-1,-0.6637017411052233,-122.75,T,16111.25
2023-12-11,2023,"(1.0, 0.75)",-1,-0.6637017411052233,-122.75,T,16111.25
2023-12-11,2023,"(1.0, 1.0)",-1,-0.6637017411052233,-122.75,T,16111.25
2023-12-20,2023,"(0.5, 0.5)",-1,0.9761823749574685,104.96428571428571,TP,17026.25
2023-12-20,2023,"(0.5, 0.75)",-1,1.4761823749574685,157.44642857142856,TP,17026.25
2023-12-20,2023,"(0.5, 1.0)",-1,1.9761823749574685,209.92857142857142,TP,17026.25
2023-12-20,2023,"(0.75, 0.5)",-1,0.6507882499716457,104.96428571428571,TP,17026.25
2023-12-20,2023,"(0.75, 0.75)",-1,0.984121583304979,157.44642857142856,TP,17026.25
2023-12-20,2023,"(0.75, 1.0)",-1,1.3174549166383125,209.92857142857142,TP,17026.25
2023-12-20,2023,"(1.0, 0.5)",-1,0.48809118747873426,104.96428571428571,TP,17026.25
2023-12-20,2023,"(1.0, 0.75)",-1,0.7380911874787343,157.44642857142856,TP,17026.25
2023-12-20,2023,"(1.0, 1.0)",-1,0.9880911874787343,209.92857142857142,TP,17026.25
2023-12-27,2023,"(0.5, 0.5)",-1,-0.07811682650392328,-5.5,T,17111.25
2023-12-27,2023,"(0.5, 0.75)",-1,-0.07811682650392328,-5.5,T,17111.25
2023-12-27,2023,"(0.5, 1.0)",-1,-0.07811682650392328,-5.5,T,17111.25
2023-12-27,2023,"(0.75, 0.5)",-1,-0.05207788433594885,-5.5,T,17111.25
2023-12-27,2023,"(0.75, 0.75)",-1,-0.05207788433594885,-5.5,T,17111.25
2023-12-27,2023,"(0.75, 1.0)",-1,-0.05207788433594885,-5.5,T,17111.25
2023-12-27,2023,"(1.0, 0.5)",-1,-0.03905841325196164,-5.5,T,17111.25
2023-12-27,2023,"(1.0, 0.75)",-1,-0.03905841325196164,-5.5,T,17111.25
2023-12-27,2023,"(1.0, 1.0)",-1,-0.03905841325196164,-5.5,T,17111.25
2023-12-29,2023,"(0.5, 0.5)",1,-1.0276215842951564,-90.50892857142857,SL,17090.25
2023-12-29,2023,"(0.5, 0.75)",1,-1.0276215842951564,-90.50892857142857,SL,17090.25
2023-12-29,2023,"(0.5, 1.0)",1,-1.0276215842951564,-90.50892857142857,SL,17090.25
2023-12-29,2023,"(0.75, 0.5)",1,-1.0184143895301043,-135.76339285714286,SL,17090.25
2023-12-29,2023,"(0.75, 0.75)",1,-1.0184143895301043,-135.76339285714286,SL,17090.25
2023-12-29,2023,"(0.75, 1.0)",1,-1.0184143895301043,-135.76339285714286,SL,17090.25
2023-12-29,2023,"(1.0, 0.5)",1,-0.40741836835355627,-71.25,T,17090.25
2023-12-29,2023,"(1.0, 0.75)",1,-0.40741836835355627,-71.25,T,17090.25
2023-12-29,2023,"(1.0, 1.0)",1,-0.40741836835355627,-71.25,T,17090.25
2024-01-08,2024,"(0.5, 0.5)",-1,-1.026748184944593,-93.46428571428571,SL,16576.75
2024-01-08,2024,"(0.5, 0.75)",-1,-1.026748184944593,-93.46428571428571,SL,16576.75
2024-01-08,2024,"(0.5, 1.0)",-1,-1.026748184944593,-93.46428571428571,SL,16576.75
2024-01-08,2024,"(0.75, 0.5)",-1,-1.0178321232963954,-140.19642857142856,SL,16576.75
2024-01-08,2024,"(0.75, 0.75)",-1,-1.0178321232963954,-140.19642857142856,SL,16576.75
2024-01-08,2024,"(0.75, 1.0)",-1,-1.0178321232963954,-140.19642857142856,SL,16576.75
2024-01-08,2024,"(1.0, 0.5)",-1,-1.0133740924722965,-186.92857142857142,SL,16576.75
2024-01-08,2024,"(1.0, 0.75)",-1,-1.0133740924722965,-186.92857142857142,SL,16576.75
2024-01-08,2024,"(1.0, 1.0)",-1,-1.0133740924722965,-186.92857142857142,SL,16576.75
2024-01-10,2024,"(0.5, 0.5)",-1,-1.026160889470242,-95.5625,SL,16857.25
2024-01-10,2024,"(0.5, 0.75)",-1,-1.026160889470242,-95.5625,SL,16857.25
2024-01-10,2024,"(0.5, 1.0)",-1,-1.026160889470242,-95.5625,SL,16857.25
2024-01-10,2024,"(0.75, 0.5)",-1,-0.605188576411598,-84.25,T,16857.25
2024-01-10,2024,"(0.75, 0.75)",-1,-0.605188576411598,-84.25,T,16857.25
2024-01-10,2024,"(0.75, 1.0)",-1,-0.605188576411598,-84.25,T,16857.25
2024-01-10,2024,"(1.0, 0.5)",-1,-0.4538914323086985,-84.25,T,16857.25
2024-01-10,2024,"(1.0, 0.75)",-1,-0.4538914323086985,-84.25,T,16857.25
2024-01-10,2024,"(1.0, 1.0)",-1,-0.4538914323086985,-84.25,T,16857.25
2024-01-16,2024,"(0.5, 0.5)",1,0.9738072965388214,95.44642857142857,TP,16925.5
2024-01-16,2024,"(0.5, 0.75)",1,0.41908325537885877,42.5,T,16925.5
2024-01-16,2024,"(0.5, 1.0)",1,0.41908325537885877,42.5,T,16925.5
2024-01-16,2024,"(0.75, 0.5)",1,0.6492048643592142,95.44642857142857,TP,16925.5
2024-01-16,2024,"(0.75, 0.75)",1,0.27938883691923916,42.5,T,16925.5
2024-01-16,2024,"(0.75, 1.0)",1,0.27938883691923916,42.5,T,16925.5
2024-01-16,2024,"(1.0, 0.5)",1,0.4869036482694107,95.44642857142857,TP,16925.5
2024-01-16,2024,"(1.0, 0.75)",1,0.20954162768942938,42.5,T,16925.5
2024-01-16,2024,"(1.0, 1.0)",1,0.20954162768942938,42.5,T,16925.5
2024-01-25,2024,"(0.5, 0.5)",1,0.14110379582215718,18.0,T,17620.0
2024-01-25,2024,"(0.5, 0.75)",1,0.14110379582215718,18.0,T,17620.0
2024-01-25,2024,"(0.5, 1.0)",1,0.14110379582215718,18.0,T,17620.0
2024-01-25,2024,"(0.75, 0.5)",1,0.09406919721477146,18.0,T,17620.0
2024-01-25,2024,"(0.75, 0.75)",1,0.09406919721477146,18.0,T,17620.0
2024-01-25,2024,"(0.75, 1.0)",1,0.09406919721477146,18.0,T,17620.0
2024-01-25,2024,"(1.0, 0.5)",1,0.07055189791107859,18.0,T,17620.0
2024-01-25,2024,"(1.0, 0.75)",1,0.07055189791107859,18.0,T,17620.0
2024-01-25,2024,"(1.0, 1.0)",1,0.07055189791107859,18.0,T,17620.0
2024-01-26,2024,"(0.5, 0.5)",1,-0.3435309114085405,-36.0,T,17565.25
2024-01-26,2024,"(0.5, 0.75)",1,-0.3435309114085405,-36.0,T,17565.25
2024-01-26,2024,"(0.5, 1.0)",1,-0.3435309114085405,-36.0,T,17565.25
2024-01-26,2024,"(0.75, 0.5)",1,-0.22902060760569365,-36.0,T,17565.25
2024-01-26,2024,"(0.75, 0.75)",1,-0.22902060760569365,-36.0,T,17565.25
2024-01-26,2024,"(0.75, 1.0)",1,-0.22902060760569365,-36.0,T,17565.25
2024-01-26,2024,"(1.0, 0.5)",1,-0.17176545570427024,-36.0,T,17565.25
2024-01-26,2024,"(1.0, 0.75)",1,-0.17176545570427024,-36.0,T,17565.25
2024-01-26,2024,"(1.0, 1.0)",1,-0.17176545570427024,-36.0,T,17565.25
2024-01-29,2024,"(0.5, 0.5)",-1,-0.7521781219748306,-80.75,T,17627.25
2024-01-29,2024,"(0.5, 0.75)",-1,-0.7521781219748306,-80.75,T,17627.25
2024-01-29,2024,"(0.5, 1.0)",-1,-0.7521781219748306,-80.75,T,17627.25
2024-01-29,2024,"(0.75, 0.5)",-1,-0.5014520813165537,-80.75,T,17627.25
2024-01-29,2024,"(0.75, 0.75)",-1,-0.5014520813165537,-80.75,T,17627.25
2024-01-29,2024,"(0.75, 1.0)",-1,-0.5014520813165537,-80.75,T,17627.25
2024-01-29,2024,"(1.0, 0.5)",-1,-0.3760890609874153,-80.75,T,17627.25
2024-01-29,2024,"(1.0, 0.75)",-1,-0.3760890609874153,-80.75,T,17627.25
2024-01-29,2024,"(1.0, 1.0)",-1,-0.3760890609874153,-80.75,T,17627.25
2024-02-06,2024,"(0.5, 0.5)",-1,0.9782219802442249,114.79464285714286,TP,17730.25
2024-02-06,2024,"(0.5, 0.75)",-1,0.5749397215524616,68.5,T,17730.25
2024-02-06,2024,"(0.5, 1.0)",-1,0.5749397215524616,68.5,T,17730.25
2024-02-06,2024,"(0.75, 0.5)",-1,0.6521479868294834,114.79464285714286,TP,17730.25
2024-02-06,2024,"(0.75, 0.75)",-1,0.38329314770164113,68.5,T,17730.25
2024-02-06,2024,"(0.75, 1.0)",-1,0.38329314770164113,68.5,T,17730.25
2024-02-06,2024,"(1.0, 0.5)",-1,0.48911099012211245,114.79464285714286,TP,17730.25
2024-02-06,2024,"(1.0, 0.75)",-1,0.2874698607762308,68.5,T,17730.25
2024-02-06,2024,"(1.0, 1.0)",-1,0.2874698607762308,68.5,T,17730.25
2024-02-07,2024,"(0.5, 0.5)",-1,-1.0222752585521082,-112.23214285714286,SL,17750.5
2024-02-07,2024,"(0.5, 0.75)",-1,-1.0222752585521082,-112.23214285714286,SL,17750.5
2024-02-07,2024,"(0.5, 1.0)",-1,-1.0222752585521082,-112.23214285714286,SL,17750.5
2024-02-07,2024,"(0.75, 0.5)",-1,-0.5539114293290904,-90.75,T,17750.5
2024-02-07,2024,"(0.75, 0.75)",-1,-0.5539114293290904,-90.75,T,17750.5
2024-02-07,2024,"(0.75, 1.0)",-1,-0.5539114293290904,-90.75,T,17750.5
2024-02-07,2024,"(1.0, 0.5)",-1,-0.4154335719968178,-90.75,T,17750.5
2024-02-07,2024,"(1.0, 0.75)",-1,-0.4154335719968178,-90.75,T,17750.5
2024-02-07,2024,"(1.0, 1.0)",-1,-0.4154335719968178,-90.75,T,17750.5
2024-02-14,2024,"(0.5, 0.5)",-1,-0.7569388737365634,-81.75,T,17787.5
2024-02-14,2024,"(0.5, 0.75)",-1,-0.7569388737365634,-81.75,T,17787.5
2024-02-14,2024,"(0.5, 1.0)",-1,-0.7569388737365634,-81.75,T,17787.5
2024-02-14,2024,"(0.75, 0.5)",-1,-0.5046259158243757,-81.75,T,17787.5
2024-02-14,2024,"(0.75, 0.75)",-1,-0.5046259158243757,-81.75,T,17787.5
2024-02-14,2024,"(0.75, 1.0)",-1,-0.5046259158243757,-81.75,T,17787.5
2024-02-14,2024,"(1.0, 0.5)",-1,-0.3784694368682817,-81.75,T,17787.5
2024-02-14,2024,"(1.0, 0.75)",-1,-0.3784694368682817,-81.75,T,17787.5
2024-02-14,2024,"(1.0, 1.0)",-1,-0.3784694368682817,-81.75,T,17787.5
2024-02-15,2024,"(0.5, 0.5)",-1,-0.3845165435271442,-40.25,T,17873.75
2024-02-15,2024,"(0.5, 0.75)",-1,-0.3845165435271442,-40.25,T,17873.75
2024-02-15,2024,"(0.5, 1.0)",-1,-0.3845165435271442,-40.25,T,17873.75
2024-02-15,2024,"(0.75, 0.5)",-1,-0.2563443623514295,-40.25,T,17873.75
2024-02-15,2024,"(0.75, 0.75)",-1,-0.2563443623514295,-40.25,T,17873.75
2024-02-15,2024,"(0.75, 1.0)",-1,-0.2563443623514295,-40.25,T,17873.75
2024-02-15,2024,"(1.0, 0.5)",-1,-0.1922582717635721,-40.25,T,17873.75
2024-02-15,2024,"(1.0, 0.75)",-1,-0.1922582717635721,-40.25,T,17873.75
2024-02-15,2024,"(1.0, 1.0)",-1,-0.1922582717635721,-40.25,T,17873.75
2024-02-21,2024,"(0.5, 0.5)",1,0.6163454947063751,74.75,T,17462.25
2024-02-21,2024,"(0.5, 0.75)",1,0.6163454947063751,74.75,T,17462.25
2024-02-21,2024,"(0.5, 1.0)",1,0.6163454947063751,74.75,T,17462.25
2024-02-21,2024,"(0.75, 0.5)",1,0.41089699647091676,74.75,T,17462.25
2024-02-21,2024,"(0.75, 0.75)",1,0.41089699647091676,74.75,T,17462.25
2024-02-21,2024,"(0.75, 1.0)",1,0.41089699647091676,74.75,T,17462.25
2024-02-21,2024,"(1.0, 0.5)",1,0.30817274735318756,74.75,T,17462.25
2024-02-21,2024,"(1.0, 0.75)",1,0.30817274735318756,74.75,T,17462.25
2024-02-21,2024,"(1.0, 1.0)",1,0.30817274735318756,74.75,T,17462.25
2024-02-28,2024,"(0.5, 0.5)",1,-0.09665019220208676,-8.5,T,17926.0
2024-02-28,2024,"(0.5, 0.75)",1,-0.09665019220208676,-8.5,T,17926.0
2024-02-28,2024,"(0.5, 1.0)",1,-0.09665019220208676,-8.5,T,17926.0
2024-02-28,2024,"(0.75, 0.5)",1,-0.06443346146805784,-8.5,T,17926.0
2024-02-28,2024,"(0.75, 0.75)",1,-0.06443346146805784,-8.5,T,17926.0
2024-02-28,2024,"(0.75, 1.0)",1,-0.06443346146805784,-8.5,T,17926.0
2024-02-28,2024,"(1.0, 0.5)",1,-0.04832509610104338,-8.5,T,17926.0
2024-02-28,2024,"(1.0, 0.75)",1,-0.04832509610104338,-8.5,T,17926.0
2024-02-28,2024,"(1.0, 1.0)",1,-0.04832509610104338,-8.5,T,17926.0
2024-03-08,2024,"(0.5, 0.5)",-1,0.9797130850601362,123.23214285714286,TP,18356.25
2024-03-08,2024,"(0.5, 0.75)",-1,1.479713085060136,184.84821428571428,TP,18356.25
2024-03-08,2024,"(0.5, 1.0)",-1,1.979713085060136,246.46428571428572,TP,18356.25
2024-03-08,2024,"(0.75, 0.5)",-1,0.6531420567067575,123.23214285714286,TP,18356.25
2024-03-08,2024,"(0.75, 0.75)",-1,0.9864753900400908,184.84821428571428,TP,18356.25
2024-03-08,2024,"(0.75, 1.0)",-1,1.3198087233734241,246.46428571428572,TP,18356.25
2024-03-08,2024,"(1.0, 0.5)",-1,0.4898565425300681,123.23214285714286,TP,18356.25
2024-03-08,2024,"(1.0, 0.75)",-1,0.739856542530068,184.84821428571428,TP,18356.25
2024-03-08,2024,"(1.0, 1.0)",-1,0.989856542530068,246.46428571428572,TP,18356.25
2024-03-12,2024,"(0.5, 0.5)",-1,-1.019903326698891,-125.60714285714286,SL,18018.25
2024-03-12,2024,"(0.5, 0.75)",-1,-1.019903326698891,-125.60714285714286,SL,18018.25
2024-03-12,2024,"(0.5, 1.0)",-1,-1.019903326698891,-125.60714285714286,SL,18018.25
2024-03-12,2024,"(0.75, 0.5)",-1,-1.0132688844659274,-188.41071428571428,SL,18018.25
2024-03-12,2024,"(0.75, 0.75)",-1,-1.0132688844659274,-188.41071428571428,SL,18018.25
2024-03-12,2024,"(0.75, 1.0)",-1,-1.0132688844659274,-188.41071428571428,SL,18018.25
2024-03-12,2024,"(1.0, 0.5)",-1,-0.8399203866932045,-208.5,T,18018.25
2024-03-12,2024,"(1.0, 0.75)",-1,-0.8399203866932045,-208.5,T,18018.25
2024-03-12,2024,"(1.0, 1.0)",-1,-0.8399203866932045,-208.5,T,18018.25
2024-04-04,2024,"(0.5, 0.5)",1,-1.0243732590529249,-102.57142857142857,SL,18245.5
2024-04-04,2024,"(0.5, 0.75)",1,-1.0243732590529249,-102.57142857142857,SL,18245.5
2024-04-04,2024,"(0.5, 1.0)",1,-1.0243732590529249,-102.57142857142857,SL,18245.5
2024-04-04,2024,"(0.75, 0.5)",1,-1.0162488393686164,-153.85714285714286,SL,18245.5
2024-04-04,2024,"(0.75, 0.75)",1,-1.0162488393686164,-153.85714285714286,SL,18245.5
2024-04-04,2024,"(0.75, 1.0)",1,-1.0162488393686164,-153.85714285714286,SL,18245.5
2024-04-04,2024,"(1.0, 0.5)",1,-0.8433147632311978,-170.5,T,18245.5
2024-04-04,2024,"(1.0, 0.75)",1,-0.8433147632311978,-170.5,T,18245.5
2024-04-04,2024,"(1.0, 1.0)",1,-0.8433147632311978,-170.5,T,18245.5
2024-04-09,2024,"(0.5, 0.5)",-1,0.9775515112643309,111.36607142857143,TP,18353.5
2024-04-09,2024,"(0.5, 0.75)",-1,1.477551511264331,167.04910714285714,TP,18353.5
2024-04-09,2024,"(0.5, 1.0)",-1,-0.1010181993105107,-8.75,T,18353.5
2024-04-09,2024,"(0.75, 0.5)",-1,0.651701007509554,111.36607142857143,TP,18353.5
2024-04-09,2024,"(0.75, 0.75)",-1,0.9850343408428873,167.04910714285714,TP,18353.5
2024-04-09,2024,"(0.75, 1.0)",-1,-0.06734546620700714,-8.75,T,18353.5
2024-04-09,2024,"(1.0, 0.5)",-1,0.48877575563216547,111.36607142857143,TP,18353.5
2024-04-09,2024,"(1.0, 0.75)",-1,0.7387757556321655,167.04910714285714,TP,18353.5
2024-04-09,2024,"(1.0, 1.0)",-1,-0.05050909965525535,-8.75,T,18353.5
2024-04-09,2024,"(0.5, 0.5)",1,0.9775515112643309,111.36607142857143,TP,18241.0
2024-04-09,2024,"(0.5, 0.75)",1,1.0663032149442797,121.25,T,18241.0
2024-04-09,2024,"(0.5, 1.0)",1,1.0663032149442797,121.25,T,18241.0
2024-04-09,2024,"(0.75, 0.5)",1,0.651701007509554,111.36607142857143,TP,18241.0
2024-04-09,2024,"(0.75, 0.75)",1,0.7108688099628531,121.25,T,18241.0
2024-04-09,2024,"(0.75, 1.0)",1,0.7108688099628531,121.25,T,18241.0
2024-04-09,2024,"(1.0, 0.5)",1,0.48877575563216547,111.36607142857143,TP,18241.0
2024-04-09,2024,"(1.0, 0.75)",1,0.5331516074721399,121.25,T,18241.0
2024-04-09,2024,"(1.0, 1.0)",1,0.5331516074721399,121.25,T,18241.0
2024-04-12,2024,"(0.5, 0.5)",1,0.04519252939820152,7.75,T,18173.25
2024-04-12,2024,"(0.5, 0.75)",1,0.04519252939820152,7.75,T,18173.25
2024-04-12,2024,"(0.5, 1.0)",1,0.04519252939820152,7.75,T,18173.25
2024-04-12,2024,"(0.75, 0.5)",1,0.03012835293213435,7.75,T,18173.25
2024-04-12,2024,"(0.75, 0.75)",1,0.03012835293213435,7.75,T,18173.25
2024-04-12,2024,"(0.75, 1.0)",1,0.03012835293213435,7.75,T,18173.25
2024-04-12,2024,"(1.0, 0.5)",1,0.02259626469910076,7.75,T,18173.25
2024-04-12,2024,"(1.0, 0.75)",1,0.02259626469910076,7.75,T,18173.25
2024-04-12,2024,"(1.0, 1.0)",1,0.02259626469910076,7.75,T,18173.25
2024-04-16,2024,"(0.5, 0.5)",1,0.08226691042047532,13.75,T,17862.75
2024-04-16,2024,"(0.5, 0.75)",1,0.08226691042047532,13.75,T,17862.75
2024-04-16,2024,"(0.5, 1.0)",1,0.08226691042047532,13.75,T,17862.75
2024-04-16,2024,"(0.75, 0.5)",1,0.054844606946983544,13.75,T,17862.75
2024-04-16,2024,"(0.75, 0.75)",1,0.054844606946983544,13.75,T,17862.75
2024-04-16,2024,"(0.75, 1.0)",1,0.054844606946983544,13.75,T,17862.75
2024-04-16,2024,"(1.0, 0.5)",1,0.04113345521023766,13.75,T,17862.75
2024-04-16,2024,"(1.0, 0.75)",1,0.04113345521023766,13.75,T,17862.75
2024-04-16,2024,"(1.0, 1.0)",1,0.04113345521023766,13.75,T,17862.75
2024-04-17,2024,"(0.5, 0.5)",1,-1.0182779554801227,-136.77678571428572,SL,17832.25
2024-04-17,2024,"(0.5, 0.75)",1,-1.0182779554801227,-136.77678571428572,SL,17832.25
2024-04-17,2024,"(0.5, 1.0)",1,-1.0182779554801227,-136.77678571428572,SL,17832.25
2024-04-17,2024,"(0.75, 0.5)",1,-1.0121853036534152,-205.16517857142858,SL,17832.25
2024-04-17,2024,"(0.75, 0.75)",1,-1.0121853036534152,-205.16517857142858,SL,17832.25
2024-04-17,2024,"(0.75, 1.0)",1,-1.0121853036534152,-205.16517857142858,SL,17832.25
2024-04-17,2024,"(1.0, 0.5)",1,-0.6598341928324303,-178.0,T,17832.25
2024-04-17,2024,"(1.0, 0.75)",1,-0.6598341928324303,-178.0,T,17832.25
2024-04-17,2024,"(1.0, 1.0)",1,-0.6598341928324303,-178.0,T,17832.25
2024-04-23,2024,"(0.5, 0.5)",-1,-1.01605412533685,-155.72321428571428,SL,17427.0
2024-04-23,2024,"(0.5, 0.75)",-1,-1.01605412533685,-155.72321428571428,SL,17427.0
2024-04-23,2024,"(0.5, 1.0)",-1,-1.01605412533685,-155.72321428571428,SL,17427.0
2024-04-23,2024,"(0.75, 0.5)",-1,-0.7813007663933643,-180.0,T,17427.0
2024-04-23,2024,"(0.75, 0.75)",-1,-0.7813007663933643,-180.0,T,17427.0
2024-04-23,2024,"(0.75, 1.0)",-1,-0.7813007663933643,-180.0,T,17427.0
2024-04-23,2024,"(1.0, 0.5)",-1,-0.5859755747950233,-180.0,T,17427.0
2024-04-23,2024,"(1.0, 0.75)",-1,-0.5859755747950233,-180.0,T,17427.0
2024-04-23,2024,"(1.0, 1.0)",-1,-0.5859755747950233,-180.0,T,17427.0
2024-04-30,2024,"(0.5, 0.5)",1,-1.0162403572878604,-153.9375,SL,17797.0
2024-04-30,2024,"(0.5, 0.75)",1,-1.0162403572878604,-153.9375,SL,17797.0
2024-04-30,2024,"(0.5, 1.0)",1,-1.0162403572878604,-153.9375,SL,17797.0
2024-04-30,2024,"(0.75, 0.5)",1,-1.0108269048585736,-230.90625,SL,17797.0
2024-04-30,2024,"(0.75, 0.75)",1,-1.0108269048585736,-230.90625,SL,17797.0
2024-04-30,2024,"(0.75, 1.0)",1,-1.0108269048585736,-230.90625,SL,17797.0
2024-04-30,2024,"(1.0, 0.5)",1,-0.7665448639870077,-233.5,T,17797.0
2024-04-30,2024,"(1.0, 0.75)",1,-0.7665448639870077,-233.5,T,17797.0
2024-04-30,2024,"(1.0, 1.0)",1,-0.7665448639870077,-233.5,T,17797.0
2024-05-02,2024,"(0.5, 0.5)",1,0.9842413327330032,158.64285714285714,TP,17401.75
2024-05-02,2024,"(0.5, 0.75)",1,1.4842413327330033,237.96428571428572,TP,17401.75
2024-05-02,2024,"(0.5, 1.0)",1,1.5380459252588925,246.5,T,17401.75
2024-05-02,2024,"(0.75, 0.5)",1,0.6561608884886687,158.64285714285714,TP,17401.75
2024-05-02,2024,"(0.75, 0.75)",1,0.9894942218220021,237.96428571428572,TP,17401.75
2024-05-02,2024,"(0.75, 1.0)",1,1.0253639501725949,246.5,T,17401.75
2024-05-02,2024,"(1.0, 0.5)",1,0.4921206663665016,158.64285714285714,TP,17401.75
2024-05-02,2024,"(1.0, 0.75)",1,0.7421206663665016,237.96428571428572,TP,17401.75
2024-05-02,2024,"(1.0, 1.0)",1,0.7690229626294462,246.5,T,17401.75
2024-05-23,2024,"(0.5, 0.5)",1,-1.0290426304325277,-86.08035714285714,SL,18708.0
2024-05-23,2024,"(0.5, 0.75)",1,-1.0290426304325277,-86.08035714285714,SL,18708.0
2024-05-23,2024,"(0.5, 1.0)",1,-1.0290426304325277,-86.08035714285714,SL,18708.0
2024-05-23,2024,"(0.75, 0.5)",1,-0.10648964491926839,-11.25,T,18708.0
2024-05-23,2024,"(0.75, 0.75)",1,-0.10648964491926839,-11.25,T,18708.0
2024-05-23,2024,"(0.75, 1.0)",1,-0.10648964491926839,-11.25,T,18708.0
2024-05-23,2024,"(1.0, 0.5)",1,-0.07986723368945131,-11.25,T,18708.0
2024-05-23,2024,"(1.0, 0.75)",1,-0.07986723368945131,-11.25,T,18708.0
2024-05-23,2024,"(1.0, 1.0)",1,-0.07986723368945131,-11.25,T,18708.0
2024-05-28,2024,"(0.5, 0.5)",-1,0.9708545851982929,85.77678571428571,TP,18910.75
2024-05-28,2024,"(0.5, 0.75)",-1,-0.4051212657437286,-32.25,T,18910.75
2024-05-28,2024,"(0.5, 1.0)",-1,-0.4051212657437286,-32.25,T,18910.75
2024-05-28,2024,"(0.75, 0.5)",-1,0.6472363901321954,85.77678571428571,TP,18910.75
2024-05-28,2024,"(0.75, 0.75)",-1,-0.2700808438291524,-32.25,T,18910.75
2024-05-28,2024,"(0.75, 1.0)",-1,-0.2700808438291524,-32.25,T,18910.75
2024-05-28,2024,"(1.0, 0.5)",-1,0.48542729259914646,85.77678571428571,TP,18910.75
2024-05-28,2024,"(1.0, 0.75)",-1,-0.2025606328718643,-32.25,T,18910.75
2024-05-28,2024,"(1.0, 1.0)",-1,-0.2025606328718643,-32.25,T,18910.75
2024-06-07,2024,"(0.5, 0.5)",-1,0.5737704918032787,66.25,T,19107.0
2024-06-07,2024,"(0.5, 0.75)",-1,0.5737704918032787,66.25,T,19107.0
2024-06-07,2024,"(0.5, 1.0)",-1,0.5737704918032787,66.25,T,19107.0
2024-06-07,2024,"(0.75, 0.5)",-1,0.38251366120218583,66.25,T,19107.0
2024-06-07,2024,"(0.75, 0.75)",-1,0.38251366120218583,66.25,T,19107.0
2024-06-07,2024,"(0.75, 1.0)",-1,0.38251366120218583,66.25,T,19107.0
2024-06-07,2024,"(1.0, 0.5)",-1,0.28688524590163933,66.25,T,19107.0
2024-06-07,2024,"(1.0, 0.75)",-1,0.28688524590163933,66.25,T,19107.0
2024-06-07,2024,"(1.0, 1.0)",-1,0.28688524590163933,66.25,T,19107.0
2024-06-10,2024,"(0.5, 0.5)",1,0.9777176508037562,112.19642857142857,TP,19012.75
2024-06-10,2024,"(0.5, 0.75)",1,0.8667833837338851,99.75,T,19012.75
2024-06-10,2024,"(0.5, 1.0)",1,0.8667833837338851,99.75,T,19012.75
2024-06-10,2024,"(0.75, 0.5)",1,0.6518117672025041,112.19642857142857,TP,19012.75
2024-06-10,2024,"(0.75, 0.75)",1,0.5778555891559234,99.75,T,19012.75
2024-06-10,2024,"(0.75, 1.0)",1,0.5778555891559234,99.75,T,19012.75
2024-06-10,2024,"(1.0, 0.5)",1,0.4888588254018781,112.19642857142857,TP,19012.75
2024-06-10,2024,"(1.0, 0.75)",1,0.43339169186694254,99.75,T,19012.75
2024-06-10,2024,"(1.0, 1.0)",1,0.43339169186694254,99.75,T,19012.75
2024-06-14,2024,"(0.5, 0.5)",-1,-0.35440319116293345,-38.75,T,19648.75
2024-06-14,2024,"(0.5, 0.75)",-1,-0.35440319116293345,-38.75,T,19648.75
2024-06-14,2024,"(0.5, 1.0)",-1,-0.35440319116293345,-38.75,T,19648.75
2024-06-14,2024,"(0.75, 0.5)",-1,-0.23626879410862225,-38.75,T,19648.75
2024-06-14,2024,"(0.75, 0.75)",-1,-0.23626879410862225,-38.75,T,19648.75
2024-06-14,2024,"(0.75, 1.0)",-1,-0.23626879410862225,-38.75,T,19648.75
2024-06-14,2024,"(1.0, 0.5)",-1,-0.17720159558146673,-38.75,T,19648.75
2024-06-14,2024,"(1.0, 0.75)",-1,-0.17720159558146673,-38.75,T,19648.75
2024-06-14,2024,"(1.0, 1.0)",-1,-0.17720159558146673,-38.75,T,19648.75
2024-06-17,2024,"(0.5, 0.5)",-1,-1.0221169036334914,-113.03571428571429,SL,19675.25
2024-06-17,2024,"(0.5, 0.75)",-1,-1.0221169036334914,-113.03571428571429,SL,19675.25
2024-06-17,2024,"(0.5, 1.0)",-1,-1.0221169036334914,-113.03571428571429,SL,19675.25
2024-06-17,2024,"(0.75, 0.5)",-1,-1.0147446024223274,-169.55357142857144,SL,19675.25
2024-06-17,2024,"(0.75, 0.75)",-1,-1.0147446024223274,-169.55357142857144,SL,19675.25
2024-06-17,2024,"(0.75, 1.0)",-1,-1.0147446024223274,-169.55357142857144,SL,19675.25
2024-06-17,2024,"(1.0, 0.5)",-1,-1.0110584518167456,-226.07142857142858,SL,19675.25
2024-06-17,2024,"(1.0, 0.75)",-1,-1.0110584518167456,-226.07142857142858,SL,19675.25
2024-06-17,2024,"(1.0, 1.0)",-1,-1.0110584518167456,-226.07142857142858,SL,19675.25
2024-06-20,2024,"(0.5, 0.5)",-1,0.9789077212806027,118.52678571428571,TP,19928.25
2024-06-20,2024,"(0.5, 0.75)",-1,1.4789077212806025,177.79017857142856,TP,19928.25
2024-06-20,2024,"(0.5, 1.0)",-1,1.3414689265536723,161.5,T,19928.25
2024-06-20,2024,"(0.75, 0.5)",-1,0.6526051475204018,118.52678571428571,TP,19928.25
2024-06-20,2024,"(0.75, 0.75)",-1,0.9859384808537351,177.79017857142856,TP,19928.25
2024-06-20,2024,"(0.75, 1.0)",-1,0.8943126177024483,161.5,T,19928.25
2024-06-20,2024,"(1.0, 0.5)",-1,0.48945386064030133,118.52678571428571,TP,19928.25
2024-06-20,2024,"(1.0, 0.75)",-1,0.7394538606403013,177.79017857142856,TP,19928.25
2024-06-20,2024,"(1.0, 1.0)",-1,0.6707344632768362,161.5,T,19928.25
2024-06-20,2024,"(0.5, 0.5)",1,-1.0210922787193975,-118.52678571428571,SL,19852.25
2024-06-20,2024,"(0.5, 0.75)",1,-1.0210922787193975,-118.52678571428571,SL,19852.25
2024-06-20,2024,"(0.5, 1.0)",1,-1.0210922787193975,-118.52678571428571,SL,19852.25
2024-06-20,2024,"(0.75, 0.5)",1,-0.49496547394852486,-85.5,T,19852.25
2024-06-20,2024,"(0.75, 0.75)",1,-0.49496547394852486,-85.5,T,19852.25
2024-06-20,2024,"(0.75, 1.0)",1,-0.49496547394852486,-85.5,T,19852.25
2024-06-20,2024,"(1.0, 0.5)",1,-0.3712241054613936,-85.5,T,19852.25
2024-06-20,2024,"(1.0, 0.75)",1,-0.3712241054613936,-85.5,T,19852.25
2024-06-20,2024,"(1.0, 1.0)",1,-0.3712241054613936,-85.5,T,19852.25
2024-06-24,2024,"(0.5, 0.5)",1,-1.0214444359347477,-116.58035714285714,SL,19958.75
2024-06-24,2024,"(0.5, 0.75)",1,-1.0214444359347477,-116.58035714285714,SL,19958.75
2024-06-24,2024,"(0.5, 1.0)",1,-1.0214444359347477,-116.58035714285714,SL,19958.75
2024-06-24,2024,"(0.75, 0.5)",1,-1.0142962906231652,-174.87053571428572,SL,19958.75
2024-06-24,2024,"(0.75, 0.75)",1,-1.0142962906231652,-174.87053571428572,SL,19958.75
2024-06-24,2024,"(0.75, 1.0)",1,-1.0142962906231652,-174.87053571428572,SL,19958.75
2024-06-24,2024,"(1.0, 0.5)",1,-0.9285440759745731,-214.0,T,19958.75
2024-06-24,2024,"(1.0, 0.75)",1,-0.9285440759745731,-214.0,T,19958.75
2024-06-24,2024,"(1.0, 1.0)",1,-0.9285440759745731,-214.0,T,19958.75
2024-06-26,2024,"(0.5, 0.5)",-1,-0.25196123673281035,-26.75,T,19978.0
2024-06-26,2024,"(0.5, 0.75)",-1,-0.25196123673281035,-26.75,T,19978.0
2024-06-26,2024,"(0.5, 1.0)",-1,-0.25196123673281035,-26.75,T,19978.0
2024-06-26,2024,"(0.75, 0.5)",-1,-0.16797415782187358,-26.75,T,19978.0
2024-06-26,2024,"(0.75, 0.75)",-1,-0.16797415782187358,-26.75,T,19978.0
2024-06-26,2024,"(0.75, 1.0)",-1,-0.16797415782187358,-26.75,T,19978.0
2024-06-26,2024,"(1.0, 0.5)",-1,-0.12598061836640517,-26.75,T,19978.0
2024-06-26,2024,"(1.0, 0.75)",-1,-0.12598061836640517,-26.75,T,19978.0
2024-06-26,2024,"(1.0, 1.0)",-1,-0.12598061836640517,-26.75,T,19978.0
2024-07-02,2024,"(0.5, 0.5)",-1,-1.0207853908395814,-120.27678571428571,SL,20070.5
2024-07-02,2024,"(0.5, 0.75)",-1,-1.0207853908395814,-120.27678571428571,SL,20070.5
2024-07-02,2024,"(0.5, 1.0)",-1,-1.0207853908395814,-120.27678571428571,SL,20070.5
2024-07-02,2024,"(0.75, 0.5)",-1,-1.0138569272263875,-180.41517857142856,SL,20070.5
2024-07-02,2024,"(0.75, 0.75)",-1,-1.0138569272263875,-180.41517857142856,SL,20070.5
2024-07-02,2024,"(0.75, 1.0)",-1,-1.0138569272263875,-180.41517857142856,SL,20070.5
2024-07-02,2024,"(1.0, 0.5)",-1,-0.7836092346522159,-186.0,T,20070.5
2024-07-02,2024,"(1.0, 0.75)",-1,-0.7836092346522159,-186.0,T,20070.5
2024-07-02,2024,"(1.0, 1.0)",-1,-0.7836092346522159,-186.0,T,20070.5
2024-07-08,2024,"(0.5, 0.5)",-1,-0.36085626911314983,-41.75,T,20624.75
2024-07-08,2024,"(0.5, 0.75)",-1,-0.36085626911314983,-41.75,T,20624.75
2024-07-08,2024,"(0.5, 1.0)",-1,-0.36085626911314983,-41.75,T,20624.75
2024-07-08,2024,"(0.75, 0.5)",-1,-0.24057084607543322,-41.75,T,20624.75
2024-07-08,2024,"(0.75, 0.75)",-1,-0.24057084607543322,-41.75,T,20624.75
2024-07-08,2024,"(0.75, 1.0)",-1,-0.24057084607543322,-41.75,T,20624.75
2024-07-08,2024,"(1.0, 0.5)",-1,-0.18042813455657492,-41.75,T,20624.75
2024-07-08,2024,"(1.0, 0.75)",-1,-0.18042813455657492,-41.75,T,20624.75
2024-07-08,2024,"(1.0, 1.0)",-1,-0.18042813455657492,-41.75,T,20624.75
2024-07-22,2024,"(0.5, 0.5)",-1,-0.3151705213641709,-47.75,T,19950.5
2024-07-22,2024,"(0.5, 0.75)",-1,-0.3151705213641709,-47.75,T,19950.5
2024-07-22,2024,"(0.5, 1.0)",-1,-0.3151705213641709,-47.75,T,19950.5
2024-07-22,2024,"(0.75, 0.5)",-1,-0.21011368090944726,-47.75,T,19950.5
2024-07-22,2024,"(0.75, 0.75)",-1,-0.21011368090944726,-47.75,T,19950.5
2024-07-22,2024,"(0.75, 1.0)",-1,-0.21011368090944726,-47.75,T,19950.5
2024-07-22,2024,"(1.0, 0.5)",-1,-0.15758526068208545,-47.75,T,19950.5
2024-07-22,2024,"(1.0, 0.75)",-1,-0.15758526068208545,-47.75,T,19950.5
2024-07-22,2024,"(1.0, 1.0)",-1,-0.15758526068208545,-47.75,T,19950.5
2024-07-23,2024,"(0.5, 0.5)",-1,0.5972574911122397,97.0,T,20021.75
2024-07-23,2024,"(0.5, 0.75)",-1,0.5972574911122397,97.0,T,20021.75
2024-07-23,2024,"(0.5, 1.0)",-1,0.5972574911122397,97.0,T,20021.75
2024-07-23,2024,"(0.75, 0.5)",-1,0.3981716607414932,97.0,T,20021.75
2024-07-23,2024,"(0.75, 0.75)",-1,0.3981716607414932,97.0,T,20021.75
2024-07-23,2024,"(0.75, 1.0)",-1,0.3981716607414932,97.0,T,20021.75
2024-07-23,2024,"(1.0, 0.5)",-1,0.29862874555611985,97.0,T,20021.75
2024-07-23,2024,"(1.0, 0.75)",-1,0.29862874555611985,97.0,T,20021.75
2024-07-23,2024,"(1.0, 1.0)",-1,0.29862874555611985,97.0,T,20021.75
2024-07-30,2024,"(0.5, 0.5)",1,-1.0133048229983368,-187.90178571428572,SL,19137.5
2024-07-30,2024,"(0.5, 0.75)",1,-1.0133048229983368,-187.90178571428572,SL,19137.5
2024-07-30,2024,"(0.5, 1.0)",1,-1.0133048229983368,-187.90178571428572,SL,19137.5
2024-07-30,2024,"(0.75, 0.5)",1,-1.0088698819988913,-281.85267857142856,SL,19137.5
2024-07-30,2024,"(0.75, 0.75)",1,-1.0088698819988913,-281.85267857142856,SL,19137.5
2024-07-30,2024,"(0.75, 1.0)",1,-1.0088698819988913,-281.85267857142856,SL,19137.5
2024-07-30,2024,"(1.0, 0.5)",1,-0.53551912568306,-198.75,T,19137.5
2024-07-30,2024,"(1.0, 0.75)",1,-0.53551912568306,-198.75,T,19137.5
2024-07-30,2024,"(1.0, 1.0)",1,-0.53551912568306,-198.75,T,19137.5
2024-07-31,2024,"(0.5, 0.5)",-1,-1.0126336687271578,-197.88392857142858,SL,19311.75
2024-07-31,2024,"(0.5, 0.75)",-1,-1.0126336687271578,-197.88392857142858,SL,19311.75
2024-07-31,2024,"(0.5, 1.0)",-1,-1.0126336687271578,-197.88392857142858,SL,19311.75
2024-07-31,2024,"(0.75, 0.5)",-1,-0.6308411917760832,-184.75,T,19311.75
2024-07-31,2024,"(0.75, 0.75)",-1,-0.6308411917760832,-184.75,T,19311.75
2024-07-31,2024,"(0.75, 1.0)",-1,-0.6308411917760832,-184.75,T,19311.75
2024-07-31,2024,"(1.0, 0.5)",-1,-0.4731308938320624,-184.75,T,19311.75
2024-07-31,2024,"(1.0, 0.75)",-1,-0.4731308938320624,-184.75,T,19311.75
2024-07-31,2024,"(1.0, 1.0)",-1,-0.4731308938320624,-184.75,T,19311.75
2024-08-09,2024,"(0.5, 0.5)",-1,-0.2377880781822307,-63.0,T,18546.75
2024-08-09,2024,"(0.5, 0.75)",-1,-0.2377880781822307,-63.0,T,18546.75
2024-08-09,2024,"(0.5, 1.0)",-1,-0.2377880781822307,-63.0,T,18546.75
2024-08-09,2024,"(0.75, 0.5)",-1,-0.15852538545482045,-63.0,T,18546.75
2024-08-09,2024,"(0.75, 0.75)",-1,-0.15852538545482045,-63.0,T,18546.75
2024-08-09,2024,"(0.75, 1.0)",-1,-0.15852538545482045,-63.0,T,18546.75
2024-08-09,2024,"(1.0, 0.5)",-1,-0.11889403909111534,-63.0,T,18546.75
2024-08-09,2024,"(1.0, 0.75)",-1,-0.11889403909111534,-63.0,T,18546.75
2024-08-09,2024,"(1.0, 1.0)",-1,-0.11889403909111534,-63.0,T,18546.75
2024-08-12,2024,"(0.5, 0.5)",-1,0.09516650870943494,28.5,T,18673.75
2024-08-12,2024,"(0.5, 0.75)",-1,0.09516650870943494,28.5,T,18673.75
2024-08-12,2024,"(0.5, 1.0)",-1,0.09516650870943494,28.5,T,18673.75
2024-08-12,2024,"(0.75, 0.5)",-1,0.06344433913962329,28.5,T,18673.75
2024-08-12,2024,"(0.75, 0.75)",-1,0.06344433913962329,28.5,T,18673.75
2024-08-12,2024,"(0.75, 1.0)",-1,0.06344433913962329,28.5,T,18673.75
2024-08-12,2024,"(1.0, 0.5)",-1,0.04758325435471747,28.5,T,18673.75
2024-08-12,2024,"(1.0, 0.75)",-1,0.04758325435471747,28.5,T,18673.75
2024-08-12,2024,"(1.0, 1.0)",-1,0.04758325435471747,28.5,T,18673.75
2024-08-14,2024,"(0.5, 0.5)",-1,-0.006601994071678793,0.75,T,19108.0
2024-08-14,2024,"(0.5, 0.75)",-1,-0.006601994071678793,0.75,T,19108.0
2024-08-14,2024,"(0.5, 1.0)",-1,-0.006601994071678793,0.75,T,19108.0
2024-08-14,2024,"(0.75, 0.5)",-1,-0.004401329381119195,0.75,T,19108.0
2024-08-14,2024,"(0.75, 0.75)",-1,-0.004401329381119195,0.75,T,19108.0
2024-08-14,2024,"(0.75, 1.0)",-1,-0.004401329381119195,0.75,T,19108.0
2024-08-14,2024,"(1.0, 0.5)",-1,-0.0033009970358393965,0.75,T,19108.0
2024-08-14,2024,"(1.0, 0.75)",-1,-0.0033009970358393965,0.75,T,19108.0
2024-08-14,2024,"(1.0, 1.0)",-1,-0.0033009970358393965,0.75,T,19108.0
2024-08-19,2024,"(0.5, 0.5)",-1,-0.7989065436528276,-206.25,T,19653.75
2024-08-19,2024,"(0.5, 0.75)",-1,-0.7989065436528276,-206.25,T,19653.75
2024-08-19,2024,"(0.5, 1.0)",-1,-0.7989065436528276,-206.25,T,19653.75
2024-08-19,2024,"(0.75, 0.5)",-1,-0.5326043624352185,-206.25,T,19653.75
2024-08-19,2024,"(0.75, 0.75)",-1,-0.5326043624352185,-206.25,T,19653.75
2024-08-19,2024,"(0.75, 1.0)",-1,-0.5326043624352185,-206.25,T,19653.75
2024-08-19,2024,"(1.0, 0.5)",-1,-0.3994532718264138,-206.25,T,19653.75
2024-08-19,2024,"(1.0, 0.75)",-1,-0.3994532718264138,-206.25,T,19653.75
2024-08-19,2024,"(1.0, 1.0)",-1,-0.3994532718264138,-206.25,T,19653.75
2024-08-27,2024,"(0.5, 0.5)",1,0.7404422505414798,133.75,T,19517.5
2024-08-27,2024,"(0.5, 0.75)",1,0.7404422505414798,133.75,T,19517.5
2024-08-27,2024,"(0.5, 1.0)",1,0.7404422505414798,133.75,T,19517.5
2024-08-27,2024,"(0.75, 0.5)",1,0.49362816702765316,133.75,T,19517.5
2024-08-27,2024,"(0.75, 0.75)",1,0.49362816702765316,133.75,T,19517.5
2024-08-27,2024,"(0.75, 1.0)",1,0.49362816702765316,133.75,T,19517.5
2024-08-27,2024,"(1.0, 0.5)",1,0.3702211252707399,133.75,T,19517.5
2024-08-27,2024,"(1.0, 0.75)",1,0.3702211252707399,133.75,T,19517.5
2024-08-27,2024,"(1.0, 1.0)",1,0.3702211252707399,133.75,T,19517.5
2024-08-29,2024,"(0.5, 0.5)",-1,0.9841071631286185,157.30357142857142,TP,19621.25
2024-08-29,2024,"(0.5, 0.75)",-1,1.4841071631286185,235.9553571428571,TP,19621.25
2024-08-29,2024,"(0.5, 1.0)",-1,1.431944602111477,227.75,T,19621.25
2024-08-29,2024,"(0.75, 0.5)",-1,0.6560714420857456,157.30357142857142,TP,19621.25
2024-08-29,2024,"(0.75, 0.75)",-1,0.989404775419079,235.9553571428571,TP,19621.25
2024-08-29,2024,"(0.75, 1.0)",-1,0.9546297347409848,227.75,T,19621.25
2024-08-29,2024,"(1.0, 0.5)",-1,0.49205358156430923,157.30357142857142,TP,19621.25
2024-08-29,2024,"(1.0, 0.75)",-1,0.7420535815643092,235.9553571428571,TP,19621.25
2024-08-29,2024,"(1.0, 1.0)",-1,0.7159723010557385,227.75,T,19621.25
2024-09-03,2024,"(0.5, 0.5)",1,-1.0155159038013963,-161.125,SL,19390.75
2024-09-03,2024,"(0.5, 0.75)",1,-1.0155159038013963,-161.125,SL,19390.75
2024-09-03,2024,"(0.5, 1.0)",1,-1.0155159038013963,-161.125,SL,19390.75
2024-09-03,2024,"(0.75, 0.5)",1,-1.0103439358675976,-241.6875,SL,19390.75
2024-09-03,2024,"(0.75, 0.75)",1,-1.0103439358675976,-241.6875,SL,19390.75
2024-09-03,2024,"(0.75, 1.0)",1,-1.0103439358675976,-241.6875,SL,19390.75
2024-09-03,2024,"(1.0, 0.5)",1,-1.0077579519006983,-322.25,SL,19390.75
2024-09-03,2024,"(1.0, 0.75)",1,-1.0077579519006983,-322.25,SL,19390.75
2024-09-03,2024,"(1.0, 1.0)",1,-1.0077579519006983,-322.25,SL,19390.75
2024-09-04,2024,"(0.5, 0.5)",1,0.9852429640560767,169.41071428571428,TP,18922.25
2024-09-04,2024,"(0.5, 0.75)",1,0.1903657636766101,34.75,T,18922.25
2024-09-04,2024,"(0.5, 1.0)",1,0.1903657636766101,34.75,T,18922.25
2024-09-04,2024,"(0.75, 0.5)",1,0.6568286427040512,169.41071428571428,TP,18922.25
2024-09-04,2024,"(0.75, 0.75)",1,0.12691050911774007,34.75,T,18922.25
2024-09-04,2024,"(0.75, 1.0)",1,0.12691050911774007,34.75,T,18922.25
2024-09-04,2024,"(1.0, 0.5)",1,0.49262148202803835,169.41071428571428,TP,18922.25
2024-09-04,2024,"(1.0, 0.75)",1,0.09518288183830505,34.75,T,18922.25
2024-09-04,2024,"(1.0, 1.0)",1,0.09518288183830505,34.75,T,18922.25
2024-09-05,2024,"(0.5, 0.5)",-1,0.9852382960776044,169.35714285714286,TP,19082.25
2024-09-05,2024,"(0.5, 0.75)",-1,0.6155630535638971,106.75,T,19082.25
2024-09-05,2024,"(0.5, 1.0)",-1,0.6155630535638971,106.75,T,19082.25
2024-09-05,2024,"(0.75, 0.5)",-1,0.656825530718403,169.35714285714286,TP,19082.25
2024-09-05,2024,"(0.75, 0.75)",-1,0.4103753690425981,106.75,T,19082.25
2024-09-05,2024,"(0.75, 1.0)",-1,0.4103753690425981,106.75,T,19082.25
2024-09-05,2024,"(1.0, 0.5)",-1,0.4926191480388022,169.35714285714286,TP,19082.25
2024-09-05,2024,"(1.0, 0.75)",-1,0.30778152678194853,106.75,T,19082.25
2024-09-05,2024,"(1.0, 1.0)",-1,0.30778152678194853,106.75,T,19082.25
2024-09-11,2024,"(0.5, 0.5)",-1,0.9858521550199586,176.70535714285714,TP,18847.0
2024-09-11,2024,"(0.5, 0.75)",-1,1.4858521550199586,265.0580357142857,TP,18847.0
2024-09-11,2024,"(0.5, 1.0)",-1,-1.0141478449800414,-176.70535714285714,SL,18847.0
2024-09-11,2024,"(0.75, 0.5)",-1,0.6572347700133057,176.70535714285714,TP,18847.0
2024-09-11,2024,"(0.75, 0.75)",-1,0.990568103346639,265.0580357142857,TP,18847.0
2024-09-11,2024,"(0.75, 1.0)",-1,-1.0094318966533609,-265.0580357142857,SL,18847.0
2024-09-11,2024,"(1.0, 0.5)",-1,0.4929260775099793,176.70535714285714,TP,18847.0
2024-09-11,2024,"(1.0, 0.75)",-1,0.7429260775099793,265.0580357142857,TP,18847.0
2024-09-11,2024,"(1.0, 1.0)",-1,-1.0070739224900207,-353.4107142857143,SL,18847.0
2024-09-18,2024,"(0.5, 0.5)",-1,0.9863100767613553,182.61607142857142,TP,19564.25
2024-09-18,2024,"(0.5, 0.75)",-1,1.1581675059893415,214.0,T,19564.25
2024-09-18,2024,"(0.5, 1.0)",-1,1.1581675059893415,214.0,T,19564.25
2024-09-18,2024,"(0.75, 0.5)",-1,0.6575400511742369,182.61607142857142,TP,19564.25
2024-09-18,2024,"(0.75, 0.75)",-1,0.772111670659561,214.0,T,19564.25
2024-09-18,2024,"(0.75, 1.0)",-1,0.772111670659561,214.0,T,19564.25
2024-09-18,2024,"(1.0, 0.5)",-1,0.49315503838067765,182.61607142857142,TP,19564.25
2024-09-18,2024,"(1.0, 0.75)",-1,0.5790837529946707,214.0,T,19564.25
2024-09-18,2024,"(1.0, 1.0)",-1,0.5790837529946707,214.0,T,19564.25
2024-09-23,2024,"(0.5, 0.5)",-1,-0.13864000754503442,-23.75,T,20052.75
2024-09-23,2024,"(0.5, 0.75)",-1,-0.13864000754503442,-23.75,T,20052.75
2024-09-23,2024,"(0.5, 1.0)",-1,-0.13864000754503442,-23.75,T,20052.75
2024-09-23,2024,"(0.75, 0.5)",-1,-0.09242667169668962,-23.75,T,20052.75
2024-09-23,2024,"(0.75, 0.75)",-1,-0.09242667169668962,-23.75,T,20052.75
2024-09-23,2024,"(0.75, 1.0)",-1,-0.09242667169668962,-23.75,T,20052.75
2024-09-23,2024,"(1.0, 0.5)",-1,-0.06932000377251721,-23.75,T,20052.75
2024-09-23,2024,"(1.0, 0.75)",-1,-0.06932000377251721,-23.75,T,20052.75
2024-09-23,2024,"(1.0, 1.0)",-1,-0.06932000377251721,-23.75,T,20052.75
2024-09-24,2024,"(0.5, 0.5)",-1,-0.31802982856536277,-51.0,T,20119.25
2024-09-24,2024,"(0.5, 0.75)",-1,-0.31802982856536277,-51.0,T,20119.25
2024-09-24,2024,"(0.5, 1.0)",-1,-0.31802982856536277,-51.0,T,20119.25
2024-09-24,2024,"(0.75, 0.5)",-1,-0.21201988571024186,-51.0,T,20119.25
2024-09-24,2024,"(0.75, 0.75)",-1,-0.21201988571024186,-51.0,T,20119.25
2024-09-24,2024,"(0.75, 1.0)",-1,-0.21201988571024186,-51.0,T,20119.25
2024-09-24,2024,"(1.0, 0.5)",-1,-0.15901491428268139,-51.0,T,20119.25
2024-09-24,2024,"(1.0, 0.75)",-1,-0.15901491428268139,-51.0,T,20119.25
2024-09-24,2024,"(1.0, 1.0)",-1,-0.15901491428268139,-51.0,T,20119.25
2024-09-27,2024,"(0.5, 0.5)",1,0.13165379926859,22.75,T,20200.25
2024-09-27,2024,"(0.5, 0.75)",1,0.13165379926859,22.75,T,20200.25
2024-09-27,2024,"(0.5, 1.0)",1,0.13165379926859,22.75,T,20200.25
2024-09-27,2024,"(0.75, 0.5)",1,0.08776919951239334,22.75,T,20200.25
2024-09-27,2024,"(0.75, 0.75)",1,0.08776919951239334,22.75,T,20200.25
2024-09-27,2024,"(0.75, 1.0)",1,0.08776919951239334,22.75,T,20200.25
2024-09-27,2024,"(1.0, 0.5)",1,0.065826899634295,22.75,T,20200.25
2024-09-27,2024,"(1.0, 0.75)",1,0.065826899634295,22.75,T,20200.25
2024-09-27,2024,"(1.0, 1.0)",1,0.065826899634295,22.75,T,20200.25
2024-09-30,2024,"(0.5, 0.5)",1,-1.0164899882214369,-151.60714285714286,SL,20224.75
2024-09-30,2024,"(0.5, 0.75)",1,-1.0164899882214369,-151.60714285714286,SL,20224.75
2024-09-30,2024,"(0.5, 1.0)",1,-1.0164899882214369,-151.60714285714286,SL,20224.75
2024-09-30,2024,"(0.75, 0.5)",1,0.18908519827247744,45.5,T,20224.75
2024-09-30,2024,"(0.75, 0.75)",1,0.18908519827247744,45.5,T,20224.75
2024-09-30,2024,"(0.75, 1.0)",1,0.18908519827247744,45.5,T,20224.75
2024-09-30,2024,"(1.0, 0.5)",1,0.14181389870435807,45.5,T,20224.75
2024-09-30,2024,"(1.0, 0.75)",1,0.14181389870435807,45.5,T,20224.75
2024-09-30,2024,"(1.0, 1.0)",1,0.14181389870435807,45.5,T,20224.75
2024-10-10,2024,"(0.5, 0.5)",-1,0.37835188685850313,50.75,T,20480.25
2024-10-10,2024,"(0.5, 0.75)",-1,0.37835188685850313,50.75,T,20480.25
2024-10-10,2024,"(0.5, 1.0)",-1,0.37835188685850313,50.75,T,20480.25
2024-10-10,2024,"(0.75, 0.5)",-1,0.2522345912390021,50.75,T,20480.25
2024-10-10,2024,"(0.75, 0.75)",-1,0.2522345912390021,50.75,T,20480.25
2024-10-10,2024,"(0.75, 1.0)",-1,0.2522345912390021,50.75,T,20480.25
2024-10-10,2024,"(1.0, 0.5)",-1,0.18917594342925156,50.75,T,20480.25
2024-10-10,2024,"(1.0, 0.75)",-1,0.18917594342925156,50.75,T,20480.25
2024-10-10,2024,"(1.0, 1.0)",-1,0.18917594342925156,50.75,T,20480.25
2024-10-21,2024,"(0.5, 0.5)",-1,0.9807982444109176,130.19642857142858,TP,20527.25
2024-10-21,2024,"(0.5, 0.75)",-1,0.032642984501440125,6.75,T,20527.25
2024-10-21,2024,"(0.5, 1.0)",-1,0.032642984501440125,6.75,T,20527.25
2024-10-21,2024,"(0.75, 0.5)",-1,0.653865496273945,130.19642857142858,TP,20527.25
2024-10-21,2024,"(0.75, 0.75)",-1,0.02176198966762675,6.75,T,20527.25
2024-10-21,2024,"(0.75, 1.0)",-1,0.02176198966762675,6.75,T,20527.25
2024-10-21,2024,"(1.0, 0.5)",-1,0.4903991222054588,130.19642857142858,TP,20527.25
2024-10-21,2024,"(1.0, 0.75)",-1,0.016321492250720063,6.75,T,20527.25
2024-10-21,2024,"(1.0, 1.0)",-1,0.016321492250720063,6.75,T,20527.25
2024-10-21,2024,"(0.5, 0.5)",1,0.5645316143190234,76.0,T,20444.5
2024-10-21,2024,"(0.5, 0.75)",1,0.5645316143190234,76.0,T,20444.5
2024-10-21,2024,"(0.5, 1.0)",1,0.5645316143190234,76.0,T,20444.5
2024-10-21,2024,"(0.75, 0.5)",1,0.37635440954601557,76.0,T,20444.5
2024-10-21,2024,"(0.75, 0.75)",1,0.37635440954601557,76.0,T,20444.5
2024-10-21,2024,"(0.75, 1.0)",1,0.37635440954601557,76.0,T,20444.5
2024-10-21,2024,"(1.0, 0.5)",1,0.2822658071595117,76.0,T,20444.5
2024-10-21,2024,"(1.0, 0.75)",1,0.2822658071595117,76.0,T,20444.5
2024-10-21,2024,"(1.0, 1.0)",1,0.2822658071595117,76.0,T,20444.5
2024-10-22,2024,"(0.5, 0.5)",-1,-0.05142899125707149,-3.75,T,20536.0
2024-10-22,2024,"(0.5, 0.75)",-1,-0.05142899125707149,-3.75,T,20536.0
2024-10-22,2024,"(0.5, 1.0)",-1,-0.05142899125707149,-3.75,T,20536.0
2024-10-22,2024,"(0.75, 0.5)",-1,-0.03428599417138099,-3.75,T,20536.0
2024-10-22,2024,"(0.75, 0.75)",-1,-0.03428599417138099,-3.75,T,20536.0
2024-10-22,2024,"(0.75, 1.0)",-1,-0.03428599417138099,-3.75,T,20536.0
2024-10-22,2024,"(1.0, 0.5)",-1,-0.025714495628535745,-3.75,T,20536.0
2024-10-22,2024,"(1.0, 0.75)",-1,-0.025714495628535745,-3.75,T,20536.0
2024-10-22,2024,"(1.0, 1.0)",-1,-0.025714495628535745,-3.75,T,20536.0
2024-10-23,2024,"(0.5, 0.5)",1,-1.0207177210506844,-120.66964285714286,SL,20373.0
2024-10-23,2024,"(0.5, 0.75)",1,-1.0207177210506844,-120.66964285714286,SL,20373.0
2024-10-23,2024,"(0.5, 1.0)",1,-1.0207177210506844,-120.66964285714286,SL,20373.0
2024-10-23,2024,"(0.75, 0.5)",1,-1.0138118140337897,-181.00446428571428,SL,20373.0
2024-10-23,2024,"(0.75, 0.75)",1,-1.0138118140337897,-181.00446428571428,SL,20373.0
2024-10-23,2024,"(0.75, 1.0)",1,-1.0138118140337897,-181.00446428571428,SL,20373.0
2024-10-23,2024,"(1.0, 0.5)",1,-1.0103588605253422,-241.33928571428572,SL,20373.0
2024-10-23,2024,"(1.0, 0.75)",1,-1.0103588605253422,-241.33928571428572,SL,20373.0
2024-10-23,2024,"(1.0, 1.0)",1,-1.0103588605253422,-241.33928571428572,SL,20373.0
2024-10-29,2024,"(0.5, 0.5)",-1,-1.0206140027976147,-121.27678571428571,SL,20619.75
2024-10-29,2024,"(0.5, 0.75)",-1,-1.0206140027976147,-121.27678571428571,SL,20619.75
2024-10-29,2024,"(0.5, 1.0)",-1,-1.0206140027976147,-121.27678571428571,SL,20619.75
2024-10-29,2024,"(0.75, 0.5)",-1,-0.42739699133721076,-75.25,T,20619.75
2024-10-29,2024,"(0.75, 0.75)",-1,-0.42739699133721076,-75.25,T,20619.75
2024-10-29,2024,"(0.75, 1.0)",-1,-0.42739699133721076,-75.25,T,20619.75
2024-10-29,2024,"(1.0, 0.5)",-1,-0.32054774350290804,-75.25,T,20619.75
2024-10-29,2024,"(1.0, 0.75)",-1,-0.32054774350290804,-75.25,T,20619.75
2024-10-29,2024,"(1.0, 1.0)",-1,-0.32054774350290804,-75.25,T,20619.75
2024-11-19,2024,"(0.5, 0.5)",-1,-0.33464802199115573,-47.5,T,20717.75
2024-11-19,2024,"(0.5, 0.75)",-1,-0.33464802199115573,-47.5,T,20717.75
2024-11-19,2024,"(0.5, 1.0)",-1,-0.33464802199115573,-47.5,T,20717.75
2024-11-19,2024,"(0.75, 0.5)",-1,-0.22309868132743715,-47.5,T,20717.75
2024-11-19,2024,"(0.75, 0.75)",-1,-0.22309868132743715,-47.5,T,20717.75
2024-11-19,2024,"(0.75, 1.0)",-1,-0.22309868132743715,-47.5,T,20717.75
2024-11-19,2024,"(1.0, 0.5)",-1,-0.16732401099557787,-47.5,T,20717.75
2024-11-19,2024,"(1.0, 0.75)",-1,-0.16732401099557787,-47.5,T,20717.75
2024-11-19,2024,"(1.0, 1.0)",-1,-0.16732401099557787,-47.5,T,20717.75
2024-11-20,2024,"(0.5, 0.5)",1,0.9836572695966848,152.97321428571428,TP,20509.75
2024-11-20,2024,"(0.5, 0.75)",1,1.4836572695966848,229.45982142857142,TP,20509.75
2024-11-20,2024,"(0.5, 1.0)",1,1.568902118718263,242.5,T,20509.75
2024-11-20,2024,"(0.75, 0.5)",1,0.6557715130644565,152.97321428571428,TP,20509.75
2024-11-20,2024,"(0.75, 0.75)",1,0.9891048463977898,229.45982142857142,TP,20509.75
2024-11-20,2024,"(0.75, 1.0)",1,1.0459347458121755,242.5,T,20509.75
2024-11-20,2024,"(1.0, 0.5)",1,0.4918286347983424,152.97321428571428,TP,20509.75
2024-11-20,2024,"(1.0, 0.75)",1,0.7418286347983424,229.45982142857142,TP,20509.75
2024-11-20,2024,"(1.0, 1.0)",1,0.7844510593591315,242.5,T,20509.75
2024-12-03,2024,"(0.5, 0.5)",-1,-0.30852537463795493,-41.25,T,21237.75
2024-12-03,2024,"(0.5, 0.75)",-1,-0.30852537463795493,-41.25,T,21237.75
2024-12-03,2024,"(0.5, 1.0)",-1,-0.30852537463795493,-41.25,T,21237.75
2024-12-03,2024,"(0.75, 0.5)",-1,-0.20568358309196996,-41.25,T,21237.75
2024-12-03,2024,"(0.75, 0.75)",-1,-0.20568358309196996,-41.25,T,21237.75
2024-12-03,2024,"(0.75, 1.0)",-1,-0.20568358309196996,-41.25,T,21237.75
2024-12-03,2024,"(1.0, 0.5)",-1,-0.15426268731897747,-41.25,T,21237.75
2024-12-03,2024,"(1.0, 0.75)",-1,-0.15426268731897747,-41.25,T,21237.75
2024-12-03,2024,"(1.0, 1.0)",-1,-0.15426268731897747,-41.25,T,21237.75
2024-12-05,2024,"(0.5, 0.5)",-1,0.4370629370629371,65.0,T,21540.5
2024-12-05,2024,"(0.5, 0.75)",-1,0.4370629370629371,65.0,T,21540.5
2024-12-05,2024,"(0.5, 1.0)",-1,0.4370629370629371,65.0,T,21540.5
2024-12-05,2024,"(0.75, 0.5)",-1,0.2913752913752914,65.0,T,21540.5
2024-12-05,2024,"(0.75, 0.75)",-1,0.2913752913752914,65.0,T,21540.5
2024-12-05,2024,"(0.75, 1.0)",-1,0.2913752913752914,65.0,T,21540.5
2024-12-05,2024,"(1.0, 0.5)",-1,0.21853146853146854,65.0,T,21540.5
2024-12-05,2024,"(1.0, 0.75)",-1,0.21853146853146854,65.0,T,21540.5
2024-12-05,2024,"(1.0, 1.0)",-1,0.21853146853146854,65.0,T,21540.5
2024-12-09,2024,"(0.5, 0.5)",1,-0.05577689243027888,-5.25,T,21490.75
2024-12-09,2024,"(0.5, 0.75)",1,-0.05577689243027888,-5.25,T,21490.75
2024-12-09,2024,"(0.5, 1.0)",1,-0.05577689243027888,-5.25,T,21490.75
2024-12-09,2024,"(0.75, 0.5)",1,-0.03718459495351925,-5.25,T,21490.75
2024-12-09,2024,"(0.75, 0.75)",1,-0.03718459495351925,-5.25,T,21490.75
2024-12-09,2024,"(0.75, 1.0)",1,-0.03718459495351925,-5.25,T,21490.75
2024-12-09,2024,"(1.0, 0.5)",1,-0.02788844621513944,-5.25,T,21490.75
2024-12-09,2024,"(1.0, 0.75)",1,-0.02788844621513944,-5.25,T,21490.75
2024-12-09,2024,"(1.0, 1.0)",1,-0.02788844621513944,-5.25,T,21490.75
2024-12-10,2024,"(0.5, 0.5)",1,-0.3051499394543771,-35.75,T,21443.75
2024-12-10,2024,"(0.5, 0.75)",1,-0.3051499394543771,-35.75,T,21443.75
2024-12-10,2024,"(0.5, 1.0)",1,-0.3051499394543771,-35.75,T,21443.75
2024-12-10,2024,"(0.75, 0.5)",1,-0.2034332929695847,-35.75,T,21443.75
2024-12-10,2024,"(0.75, 0.75)",1,-0.2034332929695847,-35.75,T,21443.75
2024-12-10,2024,"(0.75, 1.0)",1,-0.2034332929695847,-35.75,T,21443.75
2024-12-10,2024,"(1.0, 0.5)",1,-0.15257496972718854,-35.75,T,21443.75
2024-12-10,2024,"(1.0, 0.75)",1,-0.15257496972718854,-35.75,T,21443.75
2024-12-10,2024,"(1.0, 1.0)",1,-0.15257496972718854,-35.75,T,21443.75
2024-12-11,2024,"(0.5, 0.5)",-1,-1.0198230088495577,-126.11607142857143,SL,21606.75
2024-12-11,2024,"(0.5, 0.75)",-1,-1.0198230088495577,-126.11607142857143,SL,21606.75
2024-12-11,2024,"(0.5, 1.0)",-1,-1.0198230088495577,-126.11607142857143,SL,21606.75
2024-12-11,2024,"(0.75, 0.5)",-1,-1.0132153392330383,-189.17410714285714,SL,21606.75
2024-12-11,2024,"(0.75, 0.75)",-1,-1.0132153392330383,-189.17410714285714,SL,21606.75
2024-12-11,2024,"(0.75, 1.0)",-1,-1.0132153392330383,-189.17410714285714,SL,21606.75
2024-12-11,2024,"(1.0, 0.5)",-1,-0.743362831858407,-185.0,T,21606.75
2024-12-11,2024,"(1.0, 0.75)",-1,-0.743362831858407,-185.0,T,21606.75
2024-12-11,2024,"(1.0, 1.0)",-1,-0.743362831858407,-185.0,T,21606.75
2025-01-16,2025,"(0.5, 0.5)",-1,0.887222742892846,180.0,T,21428.0
2025-01-16,2025,"(0.5, 0.75)",-1,0.887222742892846,180.0,T,21428.0
2025-01-16,2025,"(0.5, 1.0)",-1,0.887222742892846,180.0,T,21428.0
2025-01-16,2025,"(0.75, 0.5)",-1,0.5914818285952307,180.0,T,21428.0
2025-01-16,2025,"(0.75, 0.75)",-1,0.5914818285952307,180.0,T,21428.0
2025-01-16,2025,"(0.75, 1.0)",-1,0.5914818285952307,180.0,T,21428.0
2025-01-16,2025,"(1.0, 0.5)",-1,0.443611371446423,180.0,T,21428.0
2025-01-16,2025,"(1.0, 0.75)",-1,0.443611371446423,180.0,T,21428.0
2025-01-16,2025,"(1.0, 1.0)",-1,0.443611371446423,180.0,T,21428.0
2025-01-24,2025,"(0.5, 0.5)",-1,0.5791245791245792,110.0,T,22018.5
2025-01-24,2025,"(0.5, 0.75)",-1,0.5791245791245792,110.0,T,22018.5
2025-01-24,2025,"(0.5, 1.0)",-1,0.5791245791245792,110.0,T,22018.5
2025-01-24,2025,"(0.75, 0.5)",-1,0.38608305274971944,110.0,T,22018.5
2025-01-24,2025,"(0.75, 0.75)",-1,0.38608305274971944,110.0,T,22018.5
2025-01-24,2025,"(0.75, 1.0)",-1,0.38608305274971944,110.0,T,22018.5
2025-01-24,2025,"(1.0, 0.5)",-1,0.2895622895622896,110.0,T,22018.5
2025-01-24,2025,"(1.0, 0.75)",-1,0.2895622895622896,110.0,T,22018.5
2025-01-24,2025,"(1.0, 1.0)",-1,0.2895622895622896,110.0,T,22018.5
2025-01-24,2025,"(0.5, 0.5)",1,0.20336700336700336,40.25,T,21868.25
2025-01-24,2025,"(0.5, 0.75)",1,0.20336700336700336,40.25,T,21868.25
2025-01-24,2025,"(0.5, 1.0)",1,0.20336700336700336,40.25,T,21868.25
2025-01-24,2025,"(0.75, 0.5)",1,0.1355780022446689,40.25,T,21868.25
2025-01-24,2025,"(0.75, 0.75)",1,0.1355780022446689,40.25,T,21868.25
2025-01-24,2025,"(0.75, 1.0)",1,0.1355780022446689,40.25,T,21868.25
2025-01-24,2025,"(1.0, 0.5)",1,0.10168350168350168,40.25,T,21868.25
2025-01-24,2025,"(1.0, 0.75)",1,0.10168350168350168,40.25,T,21868.25
2025-01-24,2025,"(1.0, 1.0)",1,0.10168350168350168,40.25,T,21868.25
2025-02-04,2025,"(0.5, 0.5)",-1,-0.8547120418848168,-160.75,T,21507.5
2025-02-04,2025,"(0.5, 0.75)",-1,-0.8547120418848168,-160.75,T,21507.5
2025-02-04,2025,"(0.5, 1.0)",-1,-0.8547120418848168,-160.75,T,21507.5
2025-02-04,2025,"(0.75, 0.5)",-1,-0.5698080279232112,-160.75,T,21507.5
2025-02-04,2025,"(0.75, 0.75)",-1,-0.5698080279232112,-160.75,T,21507.5
2025-02-04,2025,"(0.75, 1.0)",-1,-0.5698080279232112,-160.75,T,21507.5
2025-02-04,2025,"(1.0, 0.5)",-1,-0.4273560209424084,-160.75,T,21507.5
2025-02-04,2025,"(1.0, 0.75)",-1,-0.4273560209424084,-160.75,T,21507.5
2025-02-04,2025,"(1.0, 1.0)",-1,-0.4273560209424084,-160.75,T,21507.5
2025-02-06,2025,"(0.5, 0.5)",-1,-0.6234620174346203,-109.25,T,21761.5
2025-02-06,2025,"(0.5, 0.75)",-1,-0.6234620174346203,-109.25,T,21761.5
2025-02-06,2025,"(0.5, 1.0)",-1,-0.6234620174346203,-109.25,T,21761.5
2025-02-06,2025,"(0.75, 0.5)",-1,-0.41564134495641347,-109.25,T,21761.5
2025-02-06,2025,"(0.75, 0.75)",-1,-0.41564134495641347,-109.25,T,21761.5
2025-02-06,2025,"(0.75, 1.0)",-1,-0.41564134495641347,-109.25,T,21761.5
2025-02-06,2025,"(1.0, 0.5)",-1,-0.31173100871731013,-109.25,T,21761.5
2025-02-06,2025,"(1.0, 0.75)",-1,-0.31173100871731013,-109.25,T,21761.5
2025-02-06,2025,"(1.0, 1.0)",-1,-0.31173100871731013,-109.25,T,21761.5
2025-02-07,2025,"(0.5, 0.5)",1,-0.7602836879432624,-131.5,T,21719.75
2025-02-07,2025,"(0.5, 0.75)",1,-0.7602836879432624,-131.5,T,21719.75
2025-02-07,2025,"(0.5, 1.0)",1,-0.7602836879432624,-131.5,T,21719.75
2025-02-07,2025,"(0.75, 0.5)",1,-0.5068557919621749,-131.5,T,21719.75
2025-02-07,2025,"(0.75, 0.75)",1,-0.5068557919621749,-131.5,T,21719.75
2025-02-07,2025,"(0.75, 1.0)",1,-0.5068557919621749,-131.5,T,21719.75
2025-02-07,2025,"(1.0, 0.5)",1,-0.3801418439716312,-131.5,T,21719.75
2025-02-07,2025,"(1.0, 0.75)",1,-0.3801418439716312,-131.5,T,21719.75
2025-02-07,2025,"(1.0, 1.0)",1,-0.3801418439716312,-131.5,T,21719.75
2025-02-11,2025,"(0.5, 0.5)",1,0.08002808002808003,16.75,T,21774.25
2025-02-11,2025,"(0.5, 0.75)",1,0.08002808002808003,16.75,T,21774.25
2025-02-11,2025,"(0.5, 1.0)",1,0.08002808002808003,16.75,T,21774.25
2025-02-11,2025,"(0.75, 0.5)",1,0.053352053352053355,16.75,T,21774.25
2025-02-11,2025,"(0.75, 0.75)",1,0.053352053352053355,16.75,T,21774.25
2025-02-11,2025,"(0.75, 1.0)",1,0.053352053352053355,16.75,T,21774.25
2025-02-11,2025,"(1.0, 0.5)",1,0.04001404001404001,16.75,T,21774.25
2025-02-11,2025,"(1.0, 0.75)",1,0.04001404001404001,16.75,T,21774.25
2025-02-11,2025,"(1.0, 1.0)",1,0.04001404001404001,16.75,T,21774.25
2025-02-14,2025,"(0.5, 0.5)",-1,-0.4699163368568709,-81.25,T,22113.0
2025-02-14,2025,"(0.5, 0.75)",-1,-0.4699163368568709,-81.25,T,22113.0
2025-02-14,2025,"(0.5, 1.0)",-1,-0.4699163368568709,-81.25,T,22113.0
2025-02-14,2025,"(0.75, 0.5)",-1,-0.31327755790458056,-81.25,T,22113.0
2025-02-14,2025,"(0.75, 0.75)",-1,-0.31327755790458056,-81.25,T,22113.0
2025-02-14,2025,"(0.75, 1.0)",-1,-0.31327755790458056,-81.25,T,22113.0
2025-02-14,2025,"(1.0, 0.5)",-1,-0.23495816842843545,-81.25,T,22113.0
2025-02-14,2025,"(1.0, 0.75)",-1,-0.23495816842843545,-81.25,T,22113.0
2025-02-14,2025,"(1.0, 1.0)",-1,-0.23495816842843545,-81.25,T,22113.0
2025-02-26,2025,"(0.5, 0.5)",-1,0.9828546935276468,145.8125,TP,21396.5
2025-02-26,2025,"(0.5, 0.75)",-1,1.4828546935276468,218.71875,TP,21396.5
2025-02-26,2025,"(0.5, 1.0)",-1,1.9828546935276468,291.625,TP,21396.5
2025-02-26,2025,"(0.75, 0.5)",-1,0.6552364623517646,145.8125,TP,21396.5
2025-02-26,2025,"(0.75, 0.75)",-1,0.9885697956850978,218.71875,TP,21396.5
2025-02-26,2025,"(0.75, 1.0)",-1,1.321903129018431,291.625,TP,21396.5
2025-02-26,2025,"(1.0, 0.5)",-1,0.4914273467638234,145.8125,TP,21396.5
2025-02-26,2025,"(1.0, 0.75)",-1,0.7414273467638234,218.71875,TP,21396.5
2025-02-26,2025,"(1.0, 1.0)",-1,0.9914273467638234,291.625,TP,21396.5
2025-03-10,2025,"(0.5, 0.5)",1,-1.0103680663556247,-241.125,SL,19766.0
2025-03-10,2025,"(0.5, 0.75)",1,-1.0103680663556247,-241.125,SL,19766.0
2025-03-10,2025,"(0.5, 1.0)",1,-1.0103680663556247,-241.125,SL,19766.0
2025-03-10,2025,"(0.75, 0.5)",1,-1.0069120442370831,-361.6875,SL,19766.0
2025-03-10,2025,"(0.75, 0.75)",1,-1.0069120442370831,-361.6875,SL,19766.0
2025-03-10,2025,"(0.75, 1.0)",1,-1.0069120442370831,-361.6875,SL,19766.0
2025-03-10,2025,"(1.0, 0.5)",1,-1.0051840331778124,-482.25,SL,19766.0
2025-03-10,2025,"(1.0, 0.75)",1,-1.0051840331778124,-482.25,SL,19766.0
2025-03-10,2025,"(1.0, 1.0)",1,-1.0051840331778124,-482.25,SL,19766.0
2025-03-11,2025,"(0.5, 0.5)",1,0.9907137171663571,269.2142857142857,TP,19290.75
2025-03-11,2025,"(0.5, 0.75)",1,0.37052268506235075,102.25,T,19290.75
2025-03-11,2025,"(0.5, 1.0)",1,0.37052268506235075,102.25,T,19290.75
2025-03-11,2025,"(0.75, 0.5)",1,0.6604758114442382,269.2142857142857,TP,19290.75
2025-03-11,2025,"(0.75, 0.75)",1,0.2470151233749005,102.25,T,19290.75
2025-03-11,2025,"(0.75, 1.0)",1,0.2470151233749005,102.25,T,19290.75
2025-03-11,2025,"(1.0, 0.5)",1,0.49535685858317857,269.2142857142857,TP,19290.75
2025-03-11,2025,"(1.0, 0.75)",1,0.18526134253117538,102.25,T,19290.75
2025-03-11,2025,"(1.0, 1.0)",1,0.18526134253117538,102.25,T,19290.75
2025-03-13,2025,"(0.5, 0.5)",1,-0.5481196608139205,-152.75,T,19404.25
2025-03-13,2025,"(0.5, 0.75)",1,-0.5481196608139205,-152.75,T,19404.25
2025-03-13,2025,"(0.5, 1.0)",1,-0.5481196608139205,-152.75,T,19404.25
2025-03-13,2025,"(0.75, 0.5)",1,-0.36541310720928033,-152.75,T,19404.25
2025-03-13,2025,"(0.75, 0.75)",1,-0.36541310720928033,-152.75,T,19404.25
2025-03-13,2025,"(0.75, 1.0)",1,-0.36541310720928033,-152.75,T,19404.25
2025-03-13,2025,"(1.0, 0.5)",1,-0.27405983040696025,-152.75,T,19404.25
2025-03-13,2025,"(1.0, 0.75)",1,-0.27405983040696025,-152.75,T,19404.25
2025-03-13,2025,"(1.0, 1.0)",1,-0.27405983040696025,-152.75,T,19404.25
2025-03-19,2025,"(0.5, 0.5)",-1,-0.21712268314210062,-59.0,T,19689.25
2025-03-19,2025,"(0.5, 0.75)",-1,-0.21712268314210062,-59.0,T,19689.25
2025-03-19,2025,"(0.5, 1.0)",-1,-0.21712268314210062,-59.0,T,19689.25
2025-03-19,2025,"(0.75, 0.5)",-1,-0.14474845542806708,-59.0,T,19689.25
2025-03-19,2025,"(0.75, 0.75)",-1,-0.14474845542806708,-59.0,T,19689.25
2025-03-19,2025,"(0.75, 1.0)",-1,-0.14474845542806708,-59.0,T,19689.25
2025-03-19,2025,"(1.0, 0.5)",-1,-0.10856134157105031,-59.0,T,19689.25
2025-03-19,2025,"(1.0, 0.75)",-1,-0.10856134157105031,-59.0,T,19689.25
2025-03-19,2025,"(1.0, 1.0)",-1,-0.10856134157105031,-59.0,T,19689.25
2025-03-21,2025,"(0.5, 0.5)",-1,-0.2718355280838484,-69.75,T,19883.25
2025-03-21,2025,"(0.5, 0.75)",-1,-0.2718355280838484,-69.75,T,19883.25
2025-03-21,2025,"(0.5, 1.0)",-1,-0.2718355280838484,-69.75,T,19883.25
2025-03-21,2025,"(0.75, 0.5)",-1,-0.18122368538923228,-69.75,T,19883.25
2025-03-21,2025,"(0.75, 0.75)",-1,-0.18122368538923228,-69.75,T,19883.25
2025-03-21,2025,"(0.75, 1.0)",-1,-0.18122368538923228,-69.75,T,19883.25
2025-03-21,2025,"(1.0, 0.5)",-1,-0.1359177640419242,-69.75,T,19883.25
2025-03-21,2025,"(1.0, 0.75)",-1,-0.1359177640419242,-69.75,T,19883.25
2025-03-21,2025,"(1.0, 1.0)",-1,-0.1359177640419242,-69.75,T,19883.25
2025-03-25,2025,"(0.5, 0.5)",-1,-0.36216653193209375,-85.5,T,20402.25
2025-03-25,2025,"(0.5, 0.75)",-1,-0.36216653193209375,-85.5,T,20402.25
2025-03-25,2025,"(0.5, 1.0)",-1,-0.36216653193209375,-85.5,T,20402.25
2025-03-25,2025,"(0.75, 0.5)",-1,-0.24144435462139585,-85.5,T,20402.25
2025-03-25,2025,"(0.75, 0.75)",-1,-0.24144435462139585,-85.5,T,20402.25
2025-03-25,2025,"(0.75, 1.0)",-1,-0.24144435462139585,-85.5,T,20402.25
2025-03-25,2025,"(1.0, 0.5)",-1,-0.18108326596604687,-85.5,T,20402.25
2025-03-25,2025,"(1.0, 0.75)",-1,-0.18108326596604687,-85.5,T,20402.25
2025-03-25,2025,"(1.0, 1.0)",-1,-0.18108326596604687,-85.5,T,20402.25
2025-03-26,2025,"(0.5, 0.5)",1,-1.0108915512680878,-229.53571428571428,SL,20374.25
2025-03-26,2025,"(0.5, 0.75)",1,-1.0108915512680878,-229.53571428571428,SL,20374.25
2025-03-26,2025,"(0.5, 1.0)",1,-1.0108915512680878,-229.53571428571428,SL,20374.25
2025-03-26,2025,"(0.75, 0.5)",1,-0.7674913126912504,-261.75,T,20374.25
2025-03-26,2025,"(0.75, 0.75)",1,-0.7674913126912504,-261.75,T,20374.25
2025-03-26,2025,"(0.75, 1.0)",1,-0.7674913126912504,-261.75,T,20374.25
2025-03-26,2025,"(1.0, 0.5)",1,-0.5756184845184379,-261.75,T,20374.25
2025-03-26,2025,"(1.0, 0.75)",1,-0.5756184845184379,-261.75,T,20374.25
2025-03-26,2025,"(1.0, 1.0)",1,-0.5756184845184379,-261.75,T,20374.25
2025-04-07,2025,"(0.5, 0.5)",-1,0.9902166317260657,255.53571428571428,TP,17978.75
2025-04-07,2025,"(0.5, 0.75)",-1,1.4902166317260659,383.30357142857144,TP,17978.75
2025-04-07,2025,"(0.5, 1.0)",-1,1.9902166317260657,511.07142857142856,TP,17978.75
2025-04-07,2025,"(0.75, 0.5)",-1,0.6601444211507104,255.53571428571428,TP,17978.75
2025-04-07,2025,"(0.75, 0.75)",-1,0.9934777544840437,383.30357142857144,TP,17978.75
2025-04-07,2025,"(0.75, 1.0)",-1,1.326811087817377,511.07142857142856,TP,17978.75
2025-04-07,2025,"(1.0, 0.5)",-1,0.49510831586303283,255.53571428571428,TP,17978.75
2025-04-07,2025,"(1.0, 0.75)",-1,0.7451083158630329,383.30357142857144,TP,17978.75
2025-04-07,2025,"(1.0, 1.0)",-1,0.9951083158630328,511.07142857142856,TP,17978.75
2025-04-11,2025,"(0.5, 0.5)",-1,0.0833111033591201,38.75,T,18848.25
2025-04-11,2025,"(0.5, 0.75)",-1,0.0833111033591201,38.75,T,18848.25
2025-04-11,2025,"(0.5, 1.0)",-1,0.0833111033591201,38.75,T,18848.25
2025-04-11,2025,"(0.75, 0.5)",-1,0.05554073557274674,38.75,T,18848.25
2025-04-11,2025,"(0.75, 0.75)",-1,0.05554073557274674,38.75,T,18848.25
2025-04-11,2025,"(0.75, 1.0)",-1,0.05554073557274674,38.75,T,18848.25
2025-04-11,2025,"(1.0, 0.5)",-1,0.04165555167956005,38.75,T,18848.25
2025-04-11,2025,"(1.0, 0.75)",-1,0.04165555167956005,38.75,T,18848.25
2025-04-11,2025,"(1.0, 1.0)",-1,0.04165555167956005,38.75,T,18848.25
2025-04-24,2025,"(0.5, 0.5)",-1,-0.3530005042864347,-166.25,T,19153.5
2025-04-24,2025,"(0.5, 0.75)",-1,-0.3530005042864347,-166.25,T,19153.5
2025-04-24,2025,"(0.5, 1.0)",-1,-0.3530005042864347,-166.25,T,19153.5
2025-04-24,2025,"(0.75, 0.5)",-1,-0.23533366952428983,-166.25,T,19153.5
2025-04-24,2025,"(0.75, 0.75)",-1,-0.23533366952428983,-166.25,T,19153.5
2025-04-24,2025,"(0.75, 1.0)",-1,-0.23533366952428983,-166.25,T,19153.5
2025-04-24,2025,"(1.0, 0.5)",-1,-0.17650025214321735,-166.25,T,19153.5
2025-04-24,2025,"(1.0, 0.75)",-1,-0.17650025214321735,-166.25,T,19153.5
2025-04-24,2025,"(1.0, 1.0)",-1,-0.17650025214321735,-166.25,T,19153.5
2025-04-25,2025,"(0.5, 0.5)",-1,-0.4247870229898471,-192.5,T,19337.5
2025-04-25,2025,"(0.5, 0.75)",-1,-0.4247870229898471,-192.5,T,19337.5
2025-04-25,2025,"(0.5, 1.0)",-1,-0.4247870229898471,-192.5,T,19337.5
2025-04-25,2025,"(0.75, 0.5)",-1,-0.2831913486598981,-192.5,T,19337.5
2025-04-25,2025,"(0.75, 0.75)",-1,-0.2831913486598981,-192.5,T,19337.5
2025-04-25,2025,"(0.75, 1.0)",-1,-0.2831913486598981,-192.5,T,19337.5
2025-04-25,2025,"(1.0, 0.5)",-1,-0.21239351149492355,-192.5,T,19337.5
2025-04-25,2025,"(1.0, 0.75)",-1,-0.21239351149492355,-192.5,T,19337.5
2025-04-25,2025,"(1.0, 1.0)",-1,-0.21239351149492355,-192.5,T,19337.5
2025-04-28,2025,"(0.5, 0.5)",-1,-0.07048494809328645,-27.75,T,19496.75
2025-04-28,2025,"(0.5, 0.75)",-1,-0.07048494809328645,-27.75,T,19496.75
2025-04-28,2025,"(0.5, 1.0)",-1,-0.07048494809328645,-27.75,T,19496.75
2025-04-28,2025,"(0.75, 0.5)",-1,-0.04698996539552431,-27.75,T,19496.75
2025-04-28,2025,"(0.75, 0.75)",-1,-0.04698996539552431,-27.75,T,19496.75
2025-04-28,2025,"(0.75, 1.0)",-1,-0.04698996539552431,-27.75,T,19496.75
2025-04-28,2025,"(1.0, 0.5)",-1,-0.03524247404664323,-27.75,T,19496.75
2025-04-28,2025,"(1.0, 0.75)",-1,-0.03524247404664323,-27.75,T,19496.75
2025-04-28,2025,"(1.0, 1.0)",-1,-0.03524247404664323,-27.75,T,19496.75
2025-05-02,2025,"(0.5, 0.5)",-1,-0.31010026901442894,-76.75,T,20109.0
2025-05-02,2025,"(0.5, 0.75)",-1,-0.31010026901442894,-76.75,T,20109.0
2025-05-02,2025,"(0.5, 1.0)",-1,-0.31010026901442894,-76.75,T,20109.0
2025-05-02,2025,"(0.75, 0.5)",-1,-0.20673351267628598,-76.75,T,20109.0
2025-05-02,2025,"(0.75, 0.75)",-1,-0.20673351267628598,-76.75,T,20109.0
2025-05-02,2025,"(0.75, 1.0)",-1,-0.20673351267628598,-76.75,T,20109.0
2025-05-02,2025,"(1.0, 0.5)",-1,-0.15505013450721447,-76.75,T,20109.0
2025-05-02,2025,"(1.0, 0.75)",-1,-0.15505013450721447,-76.75,T,20109.0
2025-05-02,2025,"(1.0, 1.0)",-1,-0.15505013450721447,-76.75,T,20109.0
2025-05-05,2025,"(0.5, 0.5)",1,0.1278906671461967,34.25,T,20031.25
2025-05-05,2025,"(0.5, 0.75)",1,0.1278906671461967,34.25,T,20031.25
2025-05-05,2025,"(0.5, 1.0)",1,0.1278906671461967,34.25,T,20031.25
2025-05-05,2025,"(0.75, 0.5)",1,0.08526044476413114,34.25,T,20031.25
2025-05-05,2025,"(0.75, 0.75)",1,0.08526044476413114,34.25,T,20031.25
2025-05-05,2025,"(0.75, 1.0)",1,0.08526044476413114,34.25,T,20031.25
2025-05-05,2025,"(1.0, 0.5)",1,0.06394533357309835,34.25,T,20031.25
2025-05-05,2025,"(1.0, 0.75)",1,0.06394533357309835,34.25,T,20031.25
2025-05-05,2025,"(1.0, 1.0)",1,0.06394533357309835,34.25,T,20031.25
2025-05-15,2025,"(0.5, 0.5)",-1,-0.1440329218106996,-25.0,T,21394.5
2025-05-15,2025,"(0.5, 0.75)",-1,-0.1440329218106996,-25.0,T,21394.5
2025-05-15,2025,"(0.5, 1.0)",-1,-0.1440329218106996,-25.0,T,21394.5
2025-05-15,2025,"(0.75, 0.5)",-1,-0.09602194787379974,-25.0,T,21394.5
2025-05-15,2025,"(0.75, 0.75)",-1,-0.09602194787379974,-25.0,T,21394.5
2025-05-15,2025,"(0.75, 1.0)",-1,-0.09602194787379974,-25.0,T,21394.5
2025-05-15,2025,"(1.0, 0.5)",-1,-0.0720164609053498,-25.0,T,21394.5
2025-05-15,2025,"(1.0, 0.75)",-1,-0.0720164609053498,-25.0,T,21394.5
2025-05-15,2025,"(1.0, 1.0)",-1,-0.0720164609053498,-25.0,T,21394.5
2025-05-21,2025,"(0.5, 0.5)",-1,0.9854295675703804,171.58035714285714,TP,21470.75
2025-05-21,2025,"(0.5, 0.75)",-1,1.4854295675703806,257.3705357142857,TP,21470.75
2025-05-21,2025,"(0.5, 1.0)",-1,1.9854295675703804,343.1607142857143,TP,21470.75
2025-05-21,2025,"(0.75, 0.5)",-1,0.6569530450469202,171.58035714285714,TP,21470.75
2025-05-21,2025,"(0.75, 0.75)",-1,0.9902863783802536,257.3705357142857,TP,21470.75
2025-05-21,2025,"(0.75, 1.0)",-1,1.3236197117135868,343.1607142857143,TP,21470.75
2025-05-21,2025,"(1.0, 0.5)",-1,0.4927147837851902,171.58035714285714,TP,21470.75
2025-05-21,2025,"(1.0, 0.75)",-1,0.7427147837851903,257.3705357142857,TP,21470.75
2025-05-21,2025,"(1.0, 1.0)",-1,0.9927147837851902,343.1607142857143,TP,21470.75
2025-05-21,2025,"(0.5, 0.5)",1,0.9854295675703804,171.58035714285714,TP,21319.75
2025-05-21,2025,"(0.5, 0.75)",1,-1.0145704324296196,-171.58035714285714,SL,21319.75
2025-05-21,2025,"(0.5, 1.0)",1,-1.0145704324296196,-171.58035714285714,SL,21319.75
2025-05-21,2025,"(0.75, 0.5)",1,0.6569530450469202,171.58035714285714,TP,21319.75
2025-05-21,2025,"(0.75, 0.75)",1,-0.6731539782484258,-170.75,T,21319.75
2025-05-21,2025,"(0.75, 1.0)",1,-0.6731539782484258,-170.75,T,21319.75
2025-05-21,2025,"(1.0, 0.5)",1,0.4927147837851902,171.58035714285714,TP,21319.75
2025-05-21,2025,"(1.0, 0.75)",1,-0.5048654836863194,-170.75,T,21319.75
2025-05-21,2025,"(1.0, 1.0)",1,-0.5048654836863194,-170.75,T,21319.75
2025-06-03,2025,"(0.5, 0.5)",-1,-1.015781760793597,-158.41071428571428,SL,21532.25
2025-06-03,2025,"(0.5, 0.75)",-1,-1.015781760793597,-158.41071428571428,SL,21532.25
2025-06-03,2025,"(0.5, 1.0)",-1,-1.015781760793597,-158.41071428571428,SL,21532.25
2025-06-03,2025,"(0.75, 0.5)",-1,-0.7354300529816256,-172.25,T,21532.25
2025-06-03,2025,"(0.75, 0.75)",-1,-0.7354300529816256,-172.25,T,21532.25
2025-06-03,2025,"(0.75, 1.0)",-1,-0.7354300529816256,-172.25,T,21532.25
2025-06-03,2025,"(1.0, 0.5)",-1,-0.5515725397362191,-172.25,T,21532.25
2025-06-03,2025,"(1.0, 0.75)",-1,-0.5515725397362191,-172.25,T,21532.25
2025-06-03,2025,"(1.0, 1.0)",-1,-0.5515725397362191,-172.25,T,21532.25
2025-06-05,2025,"(0.5, 0.5)",-1,0.9837284983728498,153.64285714285714,TP,21800.5
2025-06-05,2025,"(0.5, 0.75)",-1,1.48372849837285,230.46428571428572,TP,21800.5
2025-06-05,2025,"(0.5, 1.0)",-1,1.3749418874941888,213.75,T,21800.5
2025-06-05,2025,"(0.75, 0.5)",-1,0.6558189989152332,153.64285714285714,TP,21800.5
2025-06-05,2025,"(0.75, 0.75)",-1,0.9891523322485666,230.46428571428572,TP,21800.5
2025-06-05,2025,"(0.75, 1.0)",-1,0.9166279249961258,213.75,T,21800.5
2025-06-05,2025,"(1.0, 0.5)",-1,0.4918642491864249,153.64285714285714,TP,21800.5
2025-06-05,2025,"(1.0, 0.75)",-1,0.741864249186425,230.46428571428572,TP,21800.5
2025-06-05,2025,"(1.0, 1.0)",-1,0.6874709437470944,213.75,T,21800.5
2025-06-05,2025,"(0.5, 0.5)",1,-1.0162715016271502,-153.64285714285714,SL,21668.5
2025-06-05,2025,"(0.5, 0.75)",1,-1.0162715016271502,-153.64285714285714,SL,21668.5
2025-06-05,2025,"(0.5, 1.0)",1,-1.0162715016271502,-153.64285714285714,SL,21668.5
2025-06-05,2025,"(0.75, 0.5)",1,-0.36556640322330697,-81.75,T,21668.5
2025-06-05,2025,"(0.75, 0.75)",1,-0.36556640322330697,-81.75,T,21668.5
2025-06-05,2025,"(0.75, 1.0)",1,-0.36556640322330697,-81.75,T,21668.5
2025-06-05,2025,"(1.0, 0.5)",1,-0.27417480241748027,-81.75,T,21668.5
2025-06-05,2025,"(1.0, 0.75)",1,-0.27417480241748027,-81.75,T,21668.5
2025-06-05,2025,"(1.0, 1.0)",1,-0.27417480241748027,-81.75,T,21668.5
2025-06-10,2025,"(0.5, 0.5)",-1,-0.7073718133164527,-107.25,T,21857.25
2025-06-10,2025,"(0.5, 0.75)",-1,-0.7073718133164527,-107.25,T,21857.25
2025-06-10,2025,"(0.5, 1.0)",-1,-0.7073718133164527,-107.25,T,21857.25
2025-06-10,2025,"(0.75, 0.5)",-1,-0.47158120887763516,-107.25,T,21857.25
2025-06-10,2025,"(0.75, 0.75)",-1,-0.47158120887763516,-107.25,T,21857.25
2025-06-10,2025,"(0.75, 1.0)",-1,-0.47158120887763516,-107.25,T,21857.25
2025-06-10,2025,"(1.0, 0.5)",-1,-0.35368590665822636,-107.25,T,21857.25
2025-06-10,2025,"(1.0, 0.75)",-1,-0.35368590665822636,-107.25,T,21857.25
2025-06-10,2025,"(1.0, 1.0)",-1,-0.35368590665822636,-107.25,T,21857.25
2025-06-10,2025,"(0.5, 0.5)",1,0.9838867468492836,155.15178571428572,TP,21777.75
2025-06-10,2025,"(0.5, 0.75)",1,1.1875467572078033,186.75,T,21777.75
2025-06-10,2025,"(0.5, 1.0)",1,1.1875467572078033,186.75,T,21777.75
2025-06-10,2025,"(0.75, 0.5)",1,0.6559244978995223,155.15178571428572,TP,21777.75
2025-06-10,2025,"(0.75, 0.75)",1,0.7916978381385356,186.75,T,21777.75
2025-06-10,2025,"(0.75, 1.0)",1,0.7916978381385356,186.75,T,21777.75
2025-06-10,2025,"(1.0, 0.5)",1,0.4919433734246418,155.15178571428572,TP,21777.75
2025-06-10,2025,"(1.0, 0.75)",1,0.5937733786039017,186.75,T,21777.75
2025-06-10,2025,"(1.0, 1.0)",1,0.5937733786039017,186.75,T,21777.75
2025-06-11,2025,"(0.5, 0.5)",-1,0.9839761932013277,156.01785714285714,TP,21971.5
2025-06-11,2025,"(0.5, 0.75)",-1,0.5207737209568502,83.75,T,21971.5
2025-06-11,2025,"(0.5, 1.0)",-1,0.5207737209568502,83.75,T,21971.5
2025-06-11,2025,"(0.75, 0.5)",-1,0.6559841288008851,156.01785714285714,TP,21971.5
2025-06-11,2025,"(0.75, 0.75)",-1,0.3471824806379001,83.75,T,21971.5
2025-06-11,2025,"(0.75, 1.0)",-1,0.3471824806379001,83.75,T,21971.5
2025-06-11,2025,"(1.0, 0.5)",-1,0.49198809660066384,156.01785714285714,TP,21971.5
2025-06-11,2025,"(1.0, 0.75)",-1,0.2603868604784251,83.75,T,21971.5
2025-06-11,2025,"(1.0, 1.0)",-1,0.2603868604784251,83.75,T,21971.5
2025-06-16,2025,"(0.5, 0.5)",-1,-1.0172053582401377,-145.30357142857142,SL,21848.5
2025-06-16,2025,"(0.5, 0.75)",-1,-1.0172053582401377,-145.30357142857142,SL,21848.5
2025-06-16,2025,"(0.5, 1.0)",-1,-1.0172053582401377,-145.30357142857142,SL,21848.5
2025-06-16,2025,"(0.75, 0.5)",-1,-0.4702797918970956,-100.0,T,21848.5
2025-06-16,2025,"(0.75, 0.75)",-1,-0.4702797918970956,-100.0,T,21848.5
2025-06-16,2025,"(0.75, 1.0)",-1,-0.4702797918970956,-100.0,T,21848.5
2025-06-16,2025,"(1.0, 0.5)",-1,-0.35270984392282173,-100.0,T,21848.5
2025-06-16,2025,"(1.0, 0.75)",-1,-0.35270984392282173,-100.0,T,21848.5
2025-06-16,2025,"(1.0, 1.0)",-1,-0.35270984392282173,-100.0,T,21848.5
2025-06-17,2025,"(0.5, 0.5)",1,-0.6272802918773603,-85.0,T,21815.25
2025-06-17,2025,"(0.5, 0.75)",1,-0.6272802918773603,-85.0,T,21815.25
2025-06-17,2025,"(0.5, 1.0)",1,-0.6272802918773603,-85.0,T,21815.25
2025-06-17,2025,"(0.75, 0.5)",1,-0.4181868612515736,-85.0,T,21815.25
2025-06-17,2025,"(0.75, 0.75)",1,-0.4181868612515736,-85.0,T,21815.25
2025-06-17,2025,"(0.75, 1.0)",1,-0.4181868612515736,-85.0,T,21815.25
2025-06-17,2025,"(1.0, 0.5)",1,-0.31364014593868017,-85.0,T,21815.25
2025-06-17,2025,"(1.0, 0.75)",1,-0.31364014593868017,-85.0,T,21815.25
2025-06-17,2025,"(1.0, 1.0)",1,-0.31364014593868017,-85.0,T,21815.25
2025-06-18,2025,"(0.5, 0.5)",1,0.19667151806619,30.25,T,21692.5
2025-06-18,2025,"(0.5, 0.75)",1,0.19667151806619,30.25,T,21692.5
2025-06-18,2025,"(0.5, 1.0)",1,0.19667151806619,30.25,T,21692.5
2025-06-18,2025,"(0.75, 0.5)",1,0.13111434537745997,30.25,T,21692.5
2025-06-18,2025,"(0.75, 0.75)",1,0.13111434537745997,30.25,T,21692.5
2025-06-18,2025,"(0.75, 1.0)",1,0.13111434537745997,30.25,T,21692.5
2025-06-18,2025,"(1.0, 0.5)",1,0.098335759033095,30.25,T,21692.5
2025-06-18,2025,"(1.0, 0.75)",1,0.098335759033095,30.25,T,21692.5
2025-06-18,2025,"(1.0, 1.0)",1,0.098335759033095,30.25,T,21692.5
2025-06-23,2025,"(0.5, 0.5)",1,0.9817244305202011,136.79464285714286,TP,21784.5
2025-06-23,2025,"(0.5, 0.75)",1,1.4817244305202009,205.19196428571428,TP,21784.5
2025-06-23,2025,"(0.5, 1.0)",1,1.981724430520201,273.5892857142857,TP,21784.5
2025-06-23,2025,"(0.75, 0.5)",1,0.6544829536801341,136.79464285714286,TP,21784.5
2025-06-23,2025,"(0.75, 0.75)",1,0.9878162870134674,205.19196428571428,TP,21784.5
2025-06-23,2025,"(0.75, 1.0)",1,1.3211496203468007,273.5892857142857,TP,21784.5
2025-06-23,2025,"(1.0, 0.5)",1,0.49086221526010054,136.79464285714286,TP,21784.5
2025-06-23,2025,"(1.0, 0.75)",1,0.7408622152601004,205.19196428571428,TP,21784.5
2025-06-23,2025,"(1.0, 1.0)",1,0.9908622152601005,273.5892857142857,TP,21784.5
2025-06-26,2025,"(0.5, 0.5)",-1,-1.0175032818653498,-142.83035714285714,SL,22534.75
2025-06-26,2025,"(0.5, 0.75)",-1,-1.0175032818653498,-142.83035714285714,SL,22534.75
2025-06-26,2025,"(0.5, 1.0)",-1,-1.0175032818653498,-142.83035714285714,SL,22534.75
2025-06-26,2025,"(0.75, 0.5)",-1,-0.6581233981371507,-138.5,T,22534.75
2025-06-26,2025,"(0.75, 0.75)",-1,-0.6581233981371507,-138.5,T,22534.75
2025-06-26,2025,"(0.75, 1.0)",-1,-0.6581233981371507,-138.5,T,22534.75
2025-06-26,2025,"(1.0, 0.5)",-1,-0.49359254860286306,-138.5,T,22534.75
2025-06-26,2025,"(1.0, 0.75)",-1,-0.49359254860286306,-138.5,T,22534.75
2025-06-26,2025,"(1.0, 1.0)",-1,-0.49359254860286306,-138.5,T,22534.75
2025-06-30,2025,"(0.5, 0.5)",-1,-0.47013178139005957,-60.25,T,22825.25
2025-06-30,2025,"(0.5, 0.75)",-1,-0.47013178139005957,-60.25,T,22825.25
2025-06-30,2025,"(0.5, 1.0)",-1,-0.47013178139005957,-60.25,T,22825.25
2025-06-30,2025,"(0.75, 0.5)",-1,-0.31342118759337306,-60.25,T,22825.25
2025-06-30,2025,"(0.75, 0.75)",-1,-0.31342118759337306,-60.25,T,22825.25
2025-06-30,2025,"(0.75, 1.0)",-1,-0.31342118759337306,-60.25,T,22825.25
2025-06-30,2025,"(1.0, 0.5)",-1,-0.23506589069502978,-60.25,T,22825.25
2025-06-30,2025,"(1.0, 0.75)",-1,-0.23506589069502978,-60.25,T,22825.25
2025-06-30,2025,"(1.0, 1.0)",-1,-0.23506589069502978,-60.25,T,22825.25
2025-07-01,2025,"(0.5, 0.5)",1,-1.0185185185185186,-135.0,SL,22793.5
2025-07-01,2025,"(0.5, 0.75)",1,-1.0185185185185186,-135.0,SL,22793.5
2025-07-01,2025,"(0.5, 1.0)",1,-1.0185185185185186,-135.0,SL,22793.5
2025-07-01,2025,"(0.75, 0.5)",1,-0.508641975308642,-100.5,T,22793.5
2025-07-01,2025,"(0.75, 0.75)",1,-0.508641975308642,-100.5,T,22793.5
2025-07-01,2025,"(0.75, 1.0)",1,-0.508641975308642,-100.5,T,22793.5
2025-07-01,2025,"(1.0, 0.5)",1,-0.3814814814814815,-100.5,T,22793.5
2025-07-01,2025,"(1.0, 0.75)",1,-0.3814814814814815,-100.5,T,22793.5
2025-07-01,2025,"(1.0, 1.0)",1,-0.3814814814814815,-100.5,T,22793.5
2025-07-02,2025,"(0.5, 0.5)",-1,-0.053120502420515504,-4.75,T,22839.75
2025-07-02,2025,"(0.5, 0.75)",-1,-0.053120502420515504,-4.75,T,22839.75
2025-07-02,2025,"(0.5, 1.0)",-1,-0.053120502420515504,-4.75,T,22839.75
2025-07-02,2025,"(0.75, 0.5)",-1,-0.035413668280343674,-4.75,T,22839.75
2025-07-02,2025,"(0.75, 0.75)",-1,-0.035413668280343674,-4.75,T,22839.75
2025-07-02,2025,"(0.75, 1.0)",-1,-0.035413668280343674,-4.75,T,22839.75
2025-07-02,2025,"(1.0, 0.5)",-1,-0.026560251210257752,-4.75,T,22839.75
2025-07-02,2025,"(1.0, 0.75)",-1,-0.026560251210257752,-4.75,T,22839.75
2025-07-02,2025,"(1.0, 1.0)",-1,-0.026560251210257752,-4.75,T,22839.75
2025-07-10,2025,"(0.5, 0.5)",1,0.9796880667392093,123.08035714285714,TP,22920.75
2025-07-10,2025,"(0.5, 0.75)",1,0.7454479506710192,94.25,T,22920.75
2025-07-10,2025,"(0.5, 1.0)",1,0.7454479506710192,94.25,T,22920.75
2025-07-10,2025,"(0.75, 0.5)",1,0.6531253778261394,123.08035714285714,TP,22920.75
2025-07-10,2025,"(0.75, 0.75)",1,0.4969653004473461,94.25,T,22920.75
2025-07-10,2025,"(0.75, 1.0)",1,0.4969653004473461,94.25,T,22920.75
2025-07-10,2025,"(1.0, 0.5)",1,0.48984403336960464,123.08035714285714,TP,22920.75
2025-07-10,2025,"(1.0, 0.75)",1,0.3727239753355096,94.25,T,22920.75
2025-07-10,2025,"(1.0, 1.0)",1,0.3727239753355096,94.25,T,22920.75
2025-07-14,2025,"(0.5, 0.5)",-1,-0.240542577241899,-26.0,T,23008.25
2025-07-14,2025,"(0.5, 0.75)",-1,-0.240542577241899,-26.0,T,23008.25
2025-07-14,2025,"(0.5, 1.0)",-1,-0.240542577241899,-26.0,T,23008.25
2025-07-14,2025,"(0.75, 0.5)",-1,-0.16036171816126601,-26.0,T,23008.25
2025-07-14,2025,"(0.75, 0.75)",-1,-0.16036171816126601,-26.0,T,23008.25
2025-07-14,2025,"(0.75, 1.0)",-1,-0.16036171816126601,-26.0,T,23008.25
2025-07-14,2025,"(1.0, 0.5)",-1,-0.1202712886209495,-26.0,T,23008.25
2025-07-14,2025,"(1.0, 0.75)",-1,-0.1202712886209495,-26.0,T,23008.25
2025-07-14,2025,"(1.0, 1.0)",-1,-0.1202712886209495,-26.0,T,23008.25
2025-07-17,2025,"(0.5, 0.5)",-1,-1.0245033692132668,-102.02678571428571,SL,23084.75
2025-07-17,2025,"(0.5, 0.75)",-1,-1.0245033692132668,-102.02678571428571,SL,23084.75
2025-07-17,2025,"(0.5, 1.0)",-1,-1.0245033692132668,-102.02678571428571,SL,23084.75
2025-07-17,2025,"(0.75, 0.5)",-1,-1.0163355794755111,-153.04017857142856,SL,23084.75
2025-07-17,2025,"(0.75, 0.75)",-1,-1.0163355794755111,-153.04017857142856,SL,23084.75
2025-07-17,2025,"(0.75, 1.0)",-1,-1.0163355794755111,-153.04017857142856,SL,23084.75
2025-07-17,2025,"(1.0, 0.5)",-1,-0.8600682593856656,-173.0,T,23084.75
2025-07-17,2025,"(1.0, 0.75)",-1,-0.8600682593856656,-173.0,T,23084.75
2025-07-17,2025,"(1.0, 1.0)",-1,-0.8600682593856656,-173.0,T,23084.75
2025-07-25,2025,"(0.5, 0.5)",-1,-0.08411565903116786,-5.5,T,23417.0
2025-07-25,2025,"(0.5, 0.75)",-1,-0.08411565903116786,-5.5,T,23417.0
2025-07-25,2025,"(0.5, 1.0)",-1,-0.08411565903116786,-5.5,T,23417.0
2025-07-25,2025,"(0.75, 0.5)",-1,-0.056077106020778575,-5.5,T,23417.0
2025-07-25,2025,"(0.75, 0.75)",-1,-0.056077106020778575,-5.5,T,23417.0
2025-07-25,2025,"(0.75, 1.0)",-1,-0.056077106020778575,-5.5,T,23417.0
2025-07-25,2025,"(1.0, 0.5)",-1,-0.04205782951558393,-5.5,T,23417.0
2025-07-25,2025,"(1.0, 0.75)",-1,-0.04205782951558393,-5.5,T,23417.0
2025-07-25,2025,"(1.0, 1.0)",-1,-0.04205782951558393,-5.5,T,23417.0
2025-08-08,2025,"(0.5, 0.5)",-1,-0.5599636387247581,-74.5,T,23640.0
2025-08-08,2025,"(0.5, 0.75)",-1,-0.5599636387247581,-74.5,T,23640.0
2025-08-08,2025,"(0.5, 1.0)",-1,-0.5599636387247581,-74.5,T,23640.0
2025-08-08,2025,"(0.75, 0.5)",-1,-0.373309092483172,-74.5,T,23640.0
2025-08-08,2025,"(0.75, 0.75)",-1,-0.373309092483172,-74.5,T,23640.0
2025-08-08,2025,"(0.75, 1.0)",-1,-0.373309092483172,-74.5,T,23640.0
2025-08-08,2025,"(1.0, 0.5)",-1,-0.27998181936237904,-74.5,T,23640.0
2025-08-08,2025,"(1.0, 0.75)",-1,-0.27998181936237904,-74.5,T,23640.0
2025-08-08,2025,"(1.0, 1.0)",-1,-0.27998181936237904,-74.5,T,23640.0
2025-08-11,2025,"(0.5, 0.5)",-1,0.3341935483870968,48.75,T,23687.25
2025-08-11,2025,"(0.5, 0.75)",-1,0.3341935483870968,48.75,T,23687.25
2025-08-11,2025,"(0.5, 1.0)",-1,0.3341935483870968,48.75,T,23687.25
2025-08-11,2025,"(0.75, 0.5)",-1,0.22279569892473117,48.75,T,23687.25
2025-08-11,2025,"(0.75, 0.75)",-1,0.22279569892473117,48.75,T,23687.25
2025-08-11,2025,"(0.75, 1.0)",-1,0.22279569892473117,48.75,T,23687.25
2025-08-11,2025,"(1.0, 0.5)",-1,0.1670967741935484,48.75,T,23687.25
2025-08-11,2025,"(1.0, 0.75)",-1,0.1670967741935484,48.75,T,23687.25
2025-08-11,2025,"(1.0, 1.0)",-1,0.1670967741935484,48.75,T,23687.25
2025-08-12,2025,"(0.5, 0.5)",-1,-1.0181806376209337,-137.50892857142858,SL,23737.5
2025-08-12,2025,"(0.5, 0.75)",-1,-1.0181806376209337,-137.50892857142858,SL,23737.5
2025-08-12,2025,"(0.5, 1.0)",-1,-1.0181806376209337,-137.50892857142858,SL,23737.5
2025-08-12,2025,"(0.75, 0.5)",-1,-1.0121204250806224,-206.2633928571429,SL,23737.5
2025-08-12,2025,"(0.75, 0.75)",-1,-1.0121204250806224,-206.2633928571429,SL,23737.5
2025-08-12,2025,"(0.75, 1.0)",-1,-1.0121204250806224,-206.2633928571429,SL,23737.5
2025-08-12,2025,"(1.0, 0.5)",-1,-0.7254074410752548,-197.0,T,23737.5
2025-08-12,2025,"(1.0, 0.75)",-1,-0.7254074410752548,-197.0,T,23737.5
2025-08-12,2025,"(1.0, 1.0)",-1,-0.7254074410752548,-197.0,T,23737.5
2025-08-14,2025,"(0.5, 0.5)",1,0.11561691113028473,19.25,T,23902.75
2025-08-14,2025,"(0.5, 0.75)",1,0.11561691113028473,19.25,T,23902.75
2025-08-14,2025,"(0.5, 1.0)",1,0.11561691113028473,19.25,T,23902.75
2025-08-14,2025,"(0.75, 0.5)",1,0.07707794075352316,19.25,T,23902.75
2025-08-14,2025,"(0.75, 0.75)",1,0.07707794075352316,19.25,T,23902.75
2025-08-14,2025,"(0.75, 1.0)",1,0.07707794075352316,19.25,T,23902.75
2025-08-14,2025,"(1.0, 0.5)",1,0.057808455565142365,19.25,T,23902.75
2025-08-14,2025,"(1.0, 0.75)",1,0.057808455565142365,19.25,T,23902.75
2025-08-14,2025,"(1.0, 1.0)",1,0.057808455565142365,19.25,T,23902.75
2025-08-15,2025,"(0.5, 0.5)",1,-0.3398933235240022,-47.0,T,23853.0
2025-08-15,2025,"(0.5, 0.75)",1,-0.3398933235240022,-47.0,T,23853.0
2025-08-15,2025,"(0.5, 1.0)",1,-0.3398933235240022,-47.0,T,23853.0
2025-08-15,2025,"(0.75, 0.5)",1,-0.22659554901600143,-47.0,T,23853.0
2025-08-15,2025,"(0.75, 0.75)",1,-0.22659554901600143,-47.0,T,23853.0
2025-08-15,2025,"(0.75, 1.0)",1,-0.22659554901600143,-47.0,T,23853.0
2025-08-15,2025,"(1.0, 0.5)",1,-0.1699466617620011,-47.0,T,23853.0
2025-08-15,2025,"(1.0, 0.75)",1,-0.1699466617620011,-47.0,T,23853.0
2025-08-15,2025,"(1.0, 1.0)",1,-0.1699466617620011,-47.0,T,23853.0
2025-08-18,2025,"(0.5, 0.5)",1,0.30802524797114517,48.25,T,23748.75
2025-08-18,2025,"(0.5, 0.75)",1,0.30802524797114517,48.25,T,23748.75
2025-08-18,2025,"(0.5, 1.0)",1,0.30802524797114517,48.25,T,23748.75
2025-08-18,2025,"(0.75, 0.5)",1,0.20535016531409678,48.25,T,23748.75
2025-08-18,2025,"(0.75, 0.75)",1,0.20535016531409678,48.25,T,23748.75
2025-08-18,2025,"(0.75, 1.0)",1,0.20535016531409678,48.25,T,23748.75
2025-08-18,2025,"(1.0, 0.5)",1,0.15401262398557258,48.25,T,23748.75
2025-08-18,2025,"(1.0, 0.75)",1,0.15401262398557258,48.25,T,23748.75
2025-08-18,2025,"(1.0, 1.0)",1,0.15401262398557258,48.25,T,23748.75
2025-08-26,2025,"(0.5, 0.5)",1,0.9811650746670254,132.73214285714286,TP,23443.75
2025-08-26,2025,"(0.5, 0.75)",1,1.0604062962464684,143.25,T,23443.75
2025-08-26,2025,"(0.5, 1.0)",1,1.0604062962464684,143.25,T,23443.75
2025-08-26,2025,"(0.75, 0.5)",1,0.654110049778017,132.73214285714286,TP,23443.75
2025-08-26,2025,"(0.75, 0.75)",1,0.706937530830979,143.25,T,23443.75
2025-08-26,2025,"(0.75, 1.0)",1,0.706937530830979,143.25,T,23443.75
2025-08-26,2025,"(1.0, 0.5)",1,0.4905825373335127,132.73214285714286,TP,23443.75
2025-08-26,2025,"(1.0, 0.75)",1,0.5302031481232342,143.25,T,23443.75
2025-08-26,2025,"(1.0, 1.0)",1,0.5302031481232342,143.25,T,23443.75
2025-08-27,2025,"(0.5, 0.5)",-1,-0.18587100831528197,-21.25,T,23599.0
2025-08-27,2025,"(0.5, 0.75)",-1,-0.18587100831528197,-21.25,T,23599.0
2025-08-27,2025,"(0.5, 1.0)",-1,-0.18587100831528197,-21.25,T,23599.0
2025-08-27,2025,"(0.75, 0.5)",-1,-0.1239140055435213,-21.25,T,23599.0
2025-08-27,2025,"(0.75, 0.75)",-1,-0.1239140055435213,-21.25,T,23599.0
2025-08-27,2025,"(0.75, 1.0)",-1,-0.1239140055435213,-21.25,T,23599.0
2025-08-27,2025,"(1.0, 0.5)",-1,-0.09293550415764099,-21.25,T,23599.0
2025-08-27,2025,"(1.0, 0.75)",-1,-0.09293550415764099,-21.25,T,23599.0
2025-08-27,2025,"(1.0, 1.0)",-1,-0.09293550415764099,-21.25,T,23599.0
2025-09-11,2025,"(0.5, 0.5)",-1,-0.20639281645781682,-25.0,T,23986.5
2025-09-11,2025,"(0.5, 0.75)",-1,-0.20639281645781682,-25.0,T,23986.5
2025-09-11,2025,"(0.5, 1.0)",-1,-0.20639281645781682,-25.0,T,23986.5
2025-09-11,2025,"(0.75, 0.5)",-1,-0.13759521097187788,-25.0,T,23986.5
2025-09-11,2025,"(0.75, 0.75)",-1,-0.13759521097187788,-25.0,T,23986.5
2025-09-11,2025,"(0.75, 1.0)",-1,-0.13759521097187788,-25.0,T,23986.5
2025-09-11,2025,"(1.0, 0.5)",-1,-0.10319640822890841,-25.0,T,23986.5
2025-09-11,2025,"(1.0, 0.75)",-1,-0.10319640822890841,-25.0,T,23986.5
2025-09-11,2025,"(1.0, 1.0)",-1,-0.10319640822890841,-25.0,T,23986.5
2025-09-12,2025,"(0.5, 0.5)",-1,-0.5983801810385898,-76.0,T,24034.25
2025-09-12,2025,"(0.5, 0.75)",-1,-0.5983801810385898,-76.0,T,24034.25
2025-09-12,2025,"(0.5, 1.0)",-1,-0.5983801810385898,-76.0,T,24034.25
2025-09-12,2025,"(0.75, 0.5)",-1,-0.3989201206923932,-76.0,T,24034.25
2025-09-12,2025,"(0.75, 0.75)",-1,-0.3989201206923932,-76.0,T,24034.25
2025-09-12,2025,"(0.75, 1.0)",-1,-0.3989201206923932,-76.0,T,24034.25
2025-09-12,2025,"(1.0, 0.5)",-1,-0.2991900905192949,-76.0,T,24034.25
2025-09-12,2025,"(1.0, 0.75)",-1,-0.2991900905192949,-76.0,T,24034.25
2025-09-12,2025,"(1.0, 1.0)",-1,-0.2991900905192949,-76.0,T,24034.25
2025-09-17,2025,"(0.5, 0.5)",1,-1.020939276099312,-119.39285714285714,SL,24261.25
2025-09-17,2025,"(0.5, 0.75)",1,-1.020939276099312,-119.39285714285714,SL,24261.25
2025-09-17,2025,"(0.5, 1.0)",1,-1.020939276099312,-119.39285714285714,SL,24261.25
2025-09-17,2025,"(0.75, 0.5)",1,-1.0139595173995413,-179.08928571428572,SL,24261.25
2025-09-17,2025,"(0.75, 0.75)",1,-1.0139595173995413,-179.08928571428572,SL,24261.25
2025-09-17,2025,"(0.75, 1.0)",1,-1.0139595173995413,-179.08928571428572,SL,24261.25
2025-09-17,2025,"(1.0, 0.5)",1,-1.010469638049656,-238.78571428571428,SL,24261.25
2025-09-17,2025,"(1.0, 0.75)",1,-1.010469638049656,-238.78571428571428,SL,24261.25
2025-09-17,2025,"(1.0, 1.0)",1,-1.010469638049656,-238.78571428571428,SL,24261.25
2025-09-22,2025,"(0.5, 0.5)",-1,-1.0191885964912282,-130.28571428571428,SL,24874.75
2025-09-22,2025,"(0.5, 0.75)",-1,-1.0191885964912282,-130.28571428571428,SL,24874.75
2025-09-22,2025,"(0.5, 1.0)",-1,-1.0191885964912282,-130.28571428571428,SL,24874.75
2025-09-22,2025,"(0.75, 0.5)",-1,-0.647295321637427,-124.0,T,24874.75
2025-09-22,2025,"(0.75, 0.75)",-1,-0.647295321637427,-124.0,T,24874.75
2025-09-22,2025,"(0.75, 1.0)",-1,-0.647295321637427,-124.0,T,24874.75
2025-09-22,2025,"(1.0, 0.5)",-1,-0.4854714912280702,-124.0,T,24874.75
2025-09-22,2025,"(1.0, 0.75)",-1,-0.4854714912280702,-124.0,T,24874.75
2025-09-22,2025,"(1.0, 1.0)",-1,-0.4854714912280702,-124.0,T,24874.75
2025-09-26,2025,"(0.5, 0.5)",-1,0.9788870456944654,118.41071428571429,TP,24693.75
2025-09-26,2025,"(0.5, 0.75)",-1,-0.2892474739858241,-31.75,T,24693.75
2025-09-26,2025,"(0.5, 1.0)",-1,-0.2892474739858241,-31.75,T,24693.75
2025-09-26,2025,"(0.75, 0.5)",-1,0.6525913637963102,118.41071428571429,TP,24693.75
2025-09-26,2025,"(0.75, 0.75)",-1,-0.19283164932388275,-31.75,T,24693.75
2025-09-26,2025,"(0.75, 1.0)",-1,-0.19283164932388275,-31.75,T,24693.75
2025-09-26,2025,"(1.0, 0.5)",-1,0.4894435228472327,118.41071428571429,TP,24693.75
2025-09-26,2025,"(1.0, 0.75)",-1,-0.14462373699291206,-31.75,T,24693.75
2025-09-26,2025,"(1.0, 1.0)",-1,-0.14462373699291206,-31.75,T,24693.75
2025-10-01,2025,"(0.5, 0.5)",-1,-1.0206033848417955,-121.33928571428571,SL,24904.0
2025-10-01,2025,"(0.5, 0.75)",-1,-1.0206033848417955,-121.33928571428571,SL,24904.0
2025-10-01,2025,"(0.5, 1.0)",-1,-1.0206033848417955,-121.33928571428571,SL,24904.0
2025-10-01,2025,"(0.75, 0.5)",-1,-0.6057395143487859,-107.75,T,24904.0
2025-10-01,2025,"(0.75, 0.75)",-1,-0.6057395143487859,-107.75,T,24904.0
2025-10-01,2025,"(0.75, 1.0)",-1,-0.6057395143487859,-107.75,T,24904.0
2025-10-01,2025,"(1.0, 0.5)",-1,-0.4543046357615894,-107.75,T,24904.0
2025-10-01,2025,"(1.0, 0.75)",-1,-0.4543046357615894,-107.75,T,24904.0
2025-10-01,2025,"(1.0, 1.0)",-1,-0.4543046357615894,-107.75,T,24904.0
2025-10-06,2025,"(0.5, 0.5)",-1,-0.1869913043478261,-21.5,T,25162.75
2025-10-06,2025,"(0.5, 0.75)",-1,-0.1869913043478261,-21.5,T,25162.75
2025-10-06,2025,"(0.5, 1.0)",-1,-0.1869913043478261,-21.5,T,25162.75
2025-10-06,2025,"(0.75, 0.5)",-1,-0.1246608695652174,-21.5,T,25162.75
2025-10-06,2025,"(0.75, 0.75)",-1,-0.1246608695652174,-21.5,T,25162.75
2025-10-06,2025,"(0.75, 1.0)",-1,-0.1246608695652174,-21.5,T,25162.75
2025-10-06,2025,"(1.0, 0.5)",-1,-0.09349565217391305,-21.5,T,25162.75
2025-10-06,2025,"(1.0, 0.75)",-1,-0.09349565217391305,-21.5,T,25162.75
2025-10-06,2025,"(1.0, 1.0)",-1,-0.09349565217391305,-21.5,T,25162.75
2025-10-07,2025,"(0.5, 0.5)",-1,0.9813445266173629,134.00892857142858,TP,25246.0
2025-10-07,2025,"(0.5, 0.75)",-1,1.481344526617363,201.0133928571429,TP,25246.0
2025-10-07,2025,"(0.5, 1.0)",-1,1.4793790392431208,200.75,T,25246.0
2025-10-07,2025,"(0.75, 0.5)",-1,0.6542296844115753,134.00892857142858,TP,25246.0
2025-10-07,2025,"(0.75, 0.75)",-1,0.9875630177449086,201.0133928571429,TP,25246.0
2025-10-07,2025,"(0.75, 1.0)",-1,0.9862526928287471,200.75,T,25246.0
2025-10-07,2025,"(1.0, 0.5)",-1,0.49067226330868147,134.00892857142858,TP,25246.0
2025-10-07,2025,"(1.0, 0.75)",-1,0.7406722633086815,201.0133928571429,TP,25246.0
2025-10-07,2025,"(1.0, 1.0)",-1,0.7396895196215604,200.75,T,25246.0
2025-10-10,2025,"(0.5, 0.5)",-1,0.9795903491508128,122.49107142857143,TP,25328.5
2025-10-10,2025,"(0.5, 0.75)",-1,1.4795903491508127,183.73660714285714,TP,25328.5
2025-10-10,2025,"(0.5, 1.0)",-1,1.9795903491508127,244.98214285714286,TP,25328.5
2025-10-10,2025,"(0.75, 0.5)",-1,0.6530602327672085,122.49107142857143,TP,25328.5
2025-10-10,2025,"(0.75, 0.75)",-1,0.9863935661005419,183.73660714285714,TP,25328.5
2025-10-10,2025,"(0.75, 1.0)",-1,1.3197268994338751,244.98214285714286,TP,25328.5
2025-10-10,2025,"(1.0, 0.5)",-1,0.4897951745754064,122.49107142857143,TP,25328.5
2025-10-10,2025,"(1.0, 0.75)",-1,0.7397951745754063,183.73660714285714,TP,25328.5
2025-10-10,2025,"(1.0, 1.0)",-1,0.9897951745754063,244.98214285714286,TP,25328.5
2025-10-10,2025,"(0.5, 0.5)",1,-1.0204096508491873,-122.49107142857143,SL,25193.0
2025-10-10,2025,"(0.5, 0.75)",1,-1.0204096508491873,-122.49107142857143,SL,25193.0
2025-10-10,2025,"(0.5, 1.0)",1,-1.0204096508491873,-122.49107142857143,SL,25193.0
2025-10-10,2025,"(0.75, 0.5)",1,-1.0136064338994581,-183.73660714285714,SL,25193.0
2025-10-10,2025,"(0.75, 0.75)",1,-1.0136064338994581,-183.73660714285714,SL,25193.0
2025-10-10,2025,"(0.75, 1.0)",1,-1.0136064338994581,-183.73660714285714,SL,25193.0
2025-10-10,2025,"(1.0, 0.5)",1,-1.0102048254245937,-244.98214285714286,SL,25193.0
2025-10-10,2025,"(1.0, 0.75)",1,-1.0102048254245937,-244.98214285714286,SL,25193.0
2025-10-10,2025,"(1.0, 1.0)",1,-1.0102048254245937,-244.98214285714286,SL,25193.0
2025-10-16,2025,"(0.5, 0.5)",-1,0.985838559579203,176.53571428571428,TP,25051.0
2025-10-16,2025,"(0.5, 0.75)",-1,1.485838559579203,264.80357142857144,TP,25051.0
2025-10-16,2025,"(0.5, 1.0)",-1,1.985838559579203,353.07142857142856,TP,25051.0
2025-10-16,2025,"(0.75, 0.5)",-1,0.6572257063861352,176.53571428571428,TP,25051.0
2025-10-16,2025,"(0.75, 0.75)",-1,0.9905590397194686,264.80357142857144,TP,25051.0
2025-10-16,2025,"(0.75, 1.0)",-1,1.3238923730528018,353.07142857142856,TP,25051.0
2025-10-16,2025,"(1.0, 0.5)",-1,0.4929192797896015,176.53571428571428,TP,25051.0
2025-10-16,2025,"(1.0, 0.75)",-1,0.7429192797896015,264.80357142857144,TP,25051.0
2025-10-16,2025,"(1.0, 1.0)",-1,0.9929192797896015,353.07142857142856,TP,25051.0
2025-10-16,2025,"(0.5, 0.5)",1,0.8950030345943759,160.5,T,24670.25
2025-10-16,2025,"(0.5, 0.75)",1,0.8950030345943759,160.5,T,24670.25
2025-10-16,2025,"(0.5, 1.0)",1,0.8950030345943759,160.5,T,24670.25
2025-10-16,2025,"(0.75, 0.5)",1,0.5966686897295839,160.5,T,24670.25
2025-10-16,2025,"(0.75, 0.75)",1,0.5966686897295839,160.5,T,24670.25
2025-10-16,2025,"(0.75, 1.0)",1,0.5966686897295839,160.5,T,24670.25
2025-10-16,2025,"(1.0, 0.5)",1,0.44750151729718796,160.5,T,24670.25
2025-10-16,2025,"(1.0, 0.75)",1,0.44750151729718796,160.5,T,24670.25
2025-10-16,2025,"(1.0, 1.0)",1,0.44750151729718796,160.5,T,24670.25
2025-10-31,2025,"(0.5, 0.5)",-1,0.9872634643377002,196.28571428571428,TP,26159.75
2025-10-31,2025,"(0.5, 0.75)",-1,0.8380640465793304,167.0,T,26159.75
2025-10-31,2025,"(0.5, 1.0)",-1,0.8380640465793304,167.0,T,26159.75
2025-10-31,2025,"(0.75, 0.5)",-1,0.6581756428918001,196.28571428571428,TP,26159.75
2025-10-31,2025,"(0.75, 0.75)",-1,0.5587093643862202,167.0,T,26159.75
2025-10-31,2025,"(0.75, 1.0)",-1,0.5587093643862202,167.0,T,26159.75
2025-10-31,2025,"(1.0, 0.5)",-1,0.4936317321688501,196.28571428571428,TP,26159.75
2025-10-31,2025,"(1.0, 0.75)",-1,0.4190320232896652,167.0,T,26159.75
2025-10-31,2025,"(1.0, 1.0)",-1,0.4190320232896652,167.0,T,26159.75
2025-11-12,2025,"(0.5, 0.5)",-1,0.25740422063218915,53.25,T,25678.5
2025-11-12,2025,"(0.5, 0.75)",-1,0.25740422063218915,53.25,T,25678.5
2025-11-12,2025,"(0.5, 1.0)",-1,0.25740422063218915,53.25,T,25678.5
2025-11-12,2025,"(0.75, 0.5)",-1,0.17160281375479272,53.25,T,25678.5
2025-11-12,2025,"(0.75, 0.75)",-1,0.17160281375479272,53.25,T,25678.5
2025-11-12,2025,"(0.75, 1.0)",-1,0.17160281375479272,53.25,T,25678.5
2025-11-12,2025,"(1.0, 0.5)",-1,0.12870211031609458,53.25,T,25678.5
2025-11-12,2025,"(1.0, 0.75)",-1,0.12870211031609458,53.25,T,25678.5
2025-11-12,2025,"(1.0, 1.0)",-1,0.12870211031609458,53.25,T,25678.5
2025-11-18,2025,"(0.5, 0.5)",1,-1.011154045333227,-224.13392857142858,SL,24743.75
2025-11-18,2025,"(0.5, 0.75)",1,-1.011154045333227,-224.13392857142858,SL,24743.75
2025-11-18,2025,"(0.5, 1.0)",1,-1.011154045333227,-224.13392857142858,SL,24743.75
2025-11-18,2025,"(0.75, 0.5)",1,-1.0074360302221514,-336.2008928571429,SL,24743.75
2025-11-18,2025,"(0.75, 0.75)",1,-1.0074360302221514,-336.2008928571429,SL,24743.75
2025-11-18,2025,"(0.75, 1.0)",1,-1.0074360302221514,-336.2008928571429,SL,24743.75
2025-11-18,2025,"(1.0, 0.5)",1,-0.3597179619965741,-158.75,T,24743.75
2025-11-18,2025,"(1.0, 0.75)",1,-0.3597179619965741,-158.75,T,24743.75
2025-11-18,2025,"(1.0, 1.0)",1,-0.3597179619965741,-158.75,T,24743.75
2025-11-20,2025,"(0.5, 0.5)",1,-1.0106395105825132,-234.97321428571428,SL,24533.5
2025-11-20,2025,"(0.5, 0.75)",1,-1.0106395105825132,-234.97321428571428,SL,24533.5
2025-11-20,2025,"(0.5, 1.0)",1,-1.0106395105825132,-234.97321428571428,SL,24533.5
2025-11-20,2025,"(0.75, 0.5)",1,-1.0070930070550088,-352.45982142857144,SL,24533.5
2025-11-20,2025,"(0.75, 0.75)",1,-1.0070930070550088,-352.45982142857144,SL,24533.5
2025-11-20,2025,"(0.75, 1.0)",1,-1.0070930070550088,-352.45982142857144,SL,24533.5
2025-11-20,2025,"(1.0, 0.5)",1,-0.8463730668389254,-395.25,T,24533.5
2025-11-20,2025,"(1.0, 0.75)",1,-0.8463730668389254,-395.25,T,24533.5
2025-11-20,2025,"(1.0, 1.0)",1,-0.8463730668389254,-395.25,T,24533.5
2025-11-21,2025,"(0.5, 0.5)",1,0.9906213364595545,266.5625,TP,24141.75
2025-11-21,2025,"(0.5, 0.75)",1,1.4906213364595544,399.84375,TP,24141.75
2025-11-21,2025,"(0.5, 1.0)",1,0.635873388042204,172.0,T,24141.75
2025-11-21,2025,"(0.75, 0.5)",1,0.6604142243063696,266.5625,TP,24141.75
2025-11-21,2025,"(0.75, 0.75)",1,0.993747557639703,399.84375,TP,24141.75
2025-11-21,2025,"(0.75, 1.0)",1,0.423915592028136,172.0,T,24141.75
2025-11-21,2025,"(1.0, 0.5)",1,0.49531066822977726,266.5625,TP,24141.75
2025-11-21,2025,"(1.0, 0.75)",1,0.7453106682297772,399.84375,TP,24141.75
2025-11-21,2025,"(1.0, 1.0)",1,0.317936694021102,172.0,T,24141.75
2025-12-01,2025,"(0.5, 0.5)",-1,-0.13880767764077792,-36.5,T,25365.75
2025-12-01,2025,"(0.5, 0.75)",-1,-0.13880767764077792,-36.5,T,25365.75
2025-12-01,2025,"(0.5, 1.0)",-1,-0.13880767764077792,-36.5,T,25365.75
2025-12-01,2025,"(0.75, 0.5)",-1,-0.09253845176051863,-36.5,T,25365.75
2025-12-01,2025,"(0.75, 0.75)",-1,-0.09253845176051863,-36.5,T,25365.75
2025-12-01,2025,"(0.75, 1.0)",-1,-0.09253845176051863,-36.5,T,25365.75
2025-12-01,2025,"(1.0, 0.5)",-1,-0.06940383882038896,-36.5,T,25365.75
2025-12-01,2025,"(1.0, 0.75)",-1,-0.06940383882038896,-36.5,T,25365.75
2025-12-01,2025,"(1.0, 1.0)",-1,-0.06940383882038896,-36.5,T,25365.75
2025-12-03,2025,"(0.5, 0.5)",-1,0.03848268279274327,12.5,T,25670.0
2025-12-03,2025,"(0.5, 0.75)",-1,0.03848268279274327,12.5,T,25670.0
2025-12-03,2025,"(0.5, 1.0)",-1,0.03848268279274327,12.5,T,25670.0
2025-12-03,2025,"(0.75, 0.5)",-1,0.025655121861828847,12.5,T,25670.0
2025-12-03,2025,"(0.75, 0.75)",-1,0.025655121861828847,12.5,T,25670.0
2025-12-03,2025,"(0.75, 1.0)",-1,0.025655121861828847,12.5,T,25670.0
2025-12-03,2025,"(1.0, 0.5)",-1,0.019241341396371636,12.5,T,25670.0
2025-12-03,2025,"(1.0, 0.75)",-1,0.019241341396371636,12.5,T,25670.0
2025-12-03,2025,"(1.0, 1.0)",-1,0.019241341396371636,12.5,T,25670.0
2025-12-04,2025,"(0.5, 0.5)",-1,-0.24175146469318534,-60.5,T,25567.5
2025-12-04,2025,"(0.5, 0.75)",-1,-0.24175146469318534,-60.5,T,25567.5
2025-12-04,2025,"(0.5, 1.0)",-1,-0.24175146469318534,-60.5,T,25567.5
2025-12-04,2025,"(0.75, 0.5)",-1,-0.1611676431287902,-60.5,T,25567.5
2025-12-04,2025,"(0.75, 0.75)",-1,-0.1611676431287902,-60.5,T,25567.5
2025-12-04,2025,"(0.75, 1.0)",-1,-0.1611676431287902,-60.5,T,25567.5
2025-12-04,2025,"(1.0, 0.5)",-1,-0.12087573234659267,-60.5,T,25567.5
2025-12-04,2025,"(1.0, 0.75)",-1,-0.12087573234659267,-60.5,T,25567.5
2025-12-04,2025,"(1.0, 1.0)",-1,-0.12087573234659267,-60.5,T,25567.5
2025-12-08,2025,"(0.5, 0.5)",1,0.014314405696549204,6.0,T,25662.75
2025-12-08,2025,"(0.5, 0.75)",1,0.014314405696549204,6.0,T,25662.75
2025-12-08,2025,"(0.5, 1.0)",1,0.014314405696549204,6.0,T,25662.75
2025-12-08,2025,"(0.75, 0.5)",1,0.009542937131032802,6.0,T,25662.75
2025-12-08,2025,"(0.75, 0.75)",1,0.009542937131032802,6.0,T,25662.75
2025-12-08,2025,"(0.75, 1.0)",1,0.009542937131032802,6.0,T,25662.75
2025-12-08,2025,"(1.0, 0.5)",1,0.007157202848274602,6.0,T,25662.75
2025-12-08,2025,"(1.0, 0.75)",1,0.007157202848274602,6.0,T,25662.75
2025-12-08,2025,"(1.0, 1.0)",1,0.007157202848274602,6.0,T,25662.75
2025-12-09,2025,"(0.5, 0.5)",1,0.52,122.75,T,25580.25
2025-12-09,2025,"(0.5, 0.75)",1,0.52,122.75,T,25580.25
2025-12-09,2025,"(0.5, 1.0)",1,0.52,122.75,T,25580.25
2025-12-09,2025,"(0.75, 0.5)",1,0.3466666666666667,122.75,T,25580.25
2025-12-09,2025,"(0.75, 0.75)",1,0.3466666666666667,122.75,T,25580.25
2025-12-09,2025,"(0.75, 1.0)",1,0.3466666666666667,122.75,T,25580.25
2025-12-09,2025,"(1.0, 0.5)",1,0.26,122.75,T,25580.25
2025-12-09,2025,"(1.0, 0.75)",1,0.26,122.75,T,25580.25
2025-12-09,2025,"(1.0, 1.0)",1,0.26,122.75,T,25580.25
2025-12-10,2025,"(0.5, 0.5)",-1,-0.36893203883495146,-78.25,T,25721.75
2025-12-10,2025,"(0.5, 0.75)",-1,-0.36893203883495146,-78.25,T,25721.75
2025-12-10,2025,"(0.5, 1.0)",-1,-0.36893203883495146,-78.25,T,25721.75
2025-12-10,2025,"(0.75, 0.5)",-1,-0.2459546925566343,-78.25,T,25721.75
2025-12-10,2025,"(0.75, 0.75)",-1,-0.2459546925566343,-78.25,T,25721.75
2025-12-10,2025,"(0.75, 1.0)",-1,-0.2459546925566343,-78.25,T,25721.75
2025-12-10,2025,"(1.0, 0.5)",-1,-0.18446601941747573,-78.25,T,25721.75
2025-12-10,2025,"(1.0, 0.75)",-1,-0.18446601941747573,-78.25,T,25721.75
2025-12-10,2025,"(1.0, 1.0)",-1,-0.18446601941747573,-78.25,T,25721.75
2025-12-10,2025,"(0.5, 0.5)",1,0.9885779554540263,218.875,TP,25567.0
2025-12-10,2025,"(0.5, 0.75)",1,1.053112507138778,233.0,T,25567.0
2025-12-10,2025,"(0.5, 1.0)",1,1.053112507138778,233.0,T,25567.0
2025-12-10,2025,"(0.75, 0.5)",1,0.6590519703026841,218.875,TP,25567.0
2025-12-10,2025,"(0.75, 0.75)",1,0.7020750047591853,233.0,T,25567.0
2025-12-10,2025,"(0.75, 1.0)",1,0.7020750047591853,233.0,T,25567.0
2025-12-10,2025,"(1.0, 0.5)",1,0.49428897772701313,218.875,TP,25567.0
2025-12-10,2025,"(1.0, 0.75)",1,0.526556253569389,233.0,T,25567.0
2025-12-10,2025,"(1.0, 1.0)",1,0.526556253569389,233.0,T,25567.0
2025-12-16,2025,"(0.5, 0.5)",1,0.4976153421356494,91.0,T,25041.0
2025-12-16,2025,"(0.5, 0.75)",1,0.4976153421356494,91.0,T,25041.0
2025-12-16,2025,"(0.5, 1.0)",1,0.4976153421356494,91.0,T,25041.0
2025-12-16,2025,"(0.75, 0.5)",1,0.3317435614237662,91.0,T,25041.0
2025-12-16,2025,"(0.75, 0.75)",1,0.3317435614237662,91.0,T,25041.0
2025-12-16,2025,"(0.75, 1.0)",1,0.3317435614237662,91.0,T,25041.0
2025-12-16,2025,"(1.0, 0.5)",1,0.2488076710678247,91.0,T,25041.0
2025-12-16,2025,"(1.0, 0.75)",1,0.2488076710678247,91.0,T,25041.0
2025-12-16,2025,"(1.0, 1.0)",1,0.2488076710678247,91.0,T,25041.0
2025-12-17,2025,"(0.5, 0.5)",-1,0.9846810373126162,163.19642857142858,TP,25161.0
2025-12-17,2025,"(0.5, 0.75)",-1,1.4846810373126162,244.7946428571429,TP,25161.0
2025-12-17,2025,"(0.5, 1.0)",-1,1.9846810373126162,326.39285714285717,TP,25161.0
2025-12-17,2025,"(0.75, 0.5)",-1,0.6564540248750774,163.19642857142858,TP,25161.0
2025-12-17,2025,"(0.75, 0.75)",-1,0.9897873582084108,244.7946428571429,TP,25161.0
2025-12-17,2025,"(0.75, 1.0)",-1,1.3231206915417442,326.39285714285717,TP,25161.0
2025-12-17,2025,"(1.0, 0.5)",-1,0.4923405186563081,163.19642857142858,TP,25161.0
2025-12-17,2025,"(1.0, 0.75)",-1,0.7423405186563081,244.7946428571429,TP,25161.0
2025-12-17,2025,"(1.0, 1.0)",-1,0.9923405186563081,326.39285714285717,TP,25161.0
2026-01-02,2026,"(0.5, 0.5)",-1,0.9853141718241897,170.23214285714286,TP,25678.5
2026-01-02,2026,"(0.5, 0.75)",-1,1.4853141718241896,255.34821428571428,TP,25678.5
2026-01-02,2026,"(0.5, 1.0)",-1,1.9853141718241896,340.4642857142857,TP,25678.5
2026-01-02,2026,"(0.75, 0.5)",-1,0.6568761145494598,170.23214285714286,TP,25678.5
2026-01-02,2026,"(0.75, 0.75)",-1,0.9902094478827931,255.34821428571428,TP,25678.5
2026-01-02,2026,"(0.75, 1.0)",-1,1.3235427812161265,340.4642857142857,TP,25678.5
2026-01-02,2026,"(1.0, 0.5)",-1,0.49265708591209484,170.23214285714286,TP,25678.5
2026-01-02,2026,"(1.0, 0.75)",-1,0.7426570859120948,255.34821428571428,TP,25678.5
2026-01-02,2026,"(1.0, 1.0)",-1,0.9926570859120948,340.4642857142857,TP,25678.5
2026-01-02,2026,"(0.5, 0.5)",1,-1.0146858281758104,-170.23214285714286,SL,25478.5
2026-01-02,2026,"(0.5, 0.75)",1,-1.0146858281758104,-170.23214285714286,SL,25478.5
2026-01-02,2026,"(0.5, 1.0)",1,-1.0146858281758104,-170.23214285714286,SL,25478.5
2026-01-02,2026,"(0.75, 0.5)",1,-0.37399909087730343,-93.0,T,25478.5
2026-01-02,2026,"(0.75, 0.75)",1,-0.37399909087730343,-93.0,T,25478.5
2026-01-02,2026,"(0.75, 1.0)",1,-0.37399909087730343,-93.0,T,25478.5
2026-01-02,2026,"(1.0, 0.5)",1,-0.2804993181579775,-93.0,T,25478.5
2026-01-02,2026,"(1.0, 0.75)",1,-0.2804993181579775,-93.0,T,25478.5
2026-01-02,2026,"(1.0, 1.0)",1,-0.2804993181579775,-93.0,T,25478.5
2026-01-09,2026,"(0.5, 0.5)",-1,-1.016,-156.25,SL,25800.0
2026-01-09,2026,"(0.5, 0.75)",-1,-1.016,-156.25,SL,25800.0
2026-01-09,2026,"(0.5, 1.0)",-1,-1.016,-156.25,SL,25800.0
2026-01-09,2026,"(0.75, 0.5)",-1,-0.5792,-133.25,T,25800.0
2026-01-09,2026,"(0.75, 0.75)",-1,-0.5792,-133.25,T,25800.0
2026-01-09,2026,"(0.75, 1.0)",-1,-0.5792,-133.25,T,25800.0
2026-01-09,2026,"(1.0, 0.5)",-1,-0.4344,-133.25,T,25800.0
2026-01-09,2026,"(1.0, 0.75)",-1,-0.4344,-133.25,T,25800.0
2026-01-09,2026,"(1.0, 1.0)",-1,-0.4344,-133.25,T,25800.0
2026-01-13,2026,"(0.5, 0.5)",-1,0.9822986471108863,141.23214285714286,TP,25990.0
2026-01-13,2026,"(0.5, 0.75)",-1,0.5929953217853079,86.25,T,25990.0
2026-01-13,2026,"(0.5, 1.0)",-1,0.5929953217853079,86.25,T,25990.0
2026-01-13,2026,"(0.75, 0.5)",-1,0.6548657647405909,141.23214285714286,TP,25990.0
2026-01-13,2026,"(0.75, 0.75)",-1,0.3953302145235386,86.25,T,25990.0
2026-01-13,2026,"(0.75, 1.0)",-1,0.3953302145235386,86.25,T,25990.0
2026-01-13,2026,"(1.0, 0.5)",-1,0.49114932355544316,141.23214285714286,TP,25990.0
2026-01-13,2026,"(1.0, 0.75)",-1,0.29649766089265395,86.25,T,25990.0
2026-01-13,2026,"(1.0, 1.0)",-1,0.29649766089265395,86.25,T,25990.0
2026-01-26,2026,"(0.5, 0.5)",-1,-0.062473438164045894,-8.0,T,25837.0
2026-01-26,2026,"(0.5, 0.75)",-1,-0.062473438164045894,-8.0,T,25837.0
2026-01-26,2026,"(0.5, 1.0)",-1,-0.062473438164045894,-8.0,T,25837.0
2026-01-26,2026,"(0.75, 0.5)",-1,-0.041648958776030594,-8.0,T,25837.0
2026-01-26,2026,"(0.75, 0.75)",-1,-0.041648958776030594,-8.0,T,25837.0
2026-01-26,2026,"(0.75, 1.0)",-1,-0.041648958776030594,-8.0,T,25837.0
2026-01-26,2026,"(1.0, 0.5)",-1,-0.031236719082022947,-8.0,T,25837.0
2026-01-26,2026,"(1.0, 0.75)",-1,-0.031236719082022947,-8.0,T,25837.0
2026-01-26,2026,"(1.0, 1.0)",-1,-0.031236719082022947,-8.0,T,25837.0
2026-02-02,2026,"(0.5, 0.5)",-1,0.358335803933195,67.25,T,25923.75
2026-02-02,2026,"(0.5, 0.75)",-1,0.358335803933195,67.25,T,25923.75
2026-02-02,2026,"(0.5, 1.0)",-1,0.358335803933195,67.25,T,25923.75
2026-02-02,2026,"(0.75, 0.5)",-1,0.23889053595546328,67.25,T,25923.75
2026-02-02,2026,"(0.75, 0.75)",-1,0.23889053595546328,67.25,T,25923.75
2026-02-02,2026,"(0.75, 1.0)",-1,0.23889053595546328,67.25,T,25923.75
2026-02-02,2026,"(1.0, 0.5)",-1,0.1791679019665975,67.25,T,25923.75
2026-02-02,2026,"(1.0, 0.75)",-1,0.1791679019665975,67.25,T,25923.75
2026-02-02,2026,"(1.0, 1.0)",-1,0.1791679019665975,67.25,T,25923.75
2026-02-02,2026,"(0.5, 0.5)",1,0.9861646407747802,180.69642857142858,TP,25639.25
2026-02-02,2026,"(0.5, 0.75)",1,1.4861646407747802,271.0446428571429,TP,25639.25
2026-02-02,2026,"(0.5, 1.0)",1,1.188457357446388,217.25,T,25639.25
2026-02-02,2026,"(0.75, 0.5)",1,0.6574430938498533,180.69642857142858,TP,25639.25
2026-02-02,2026,"(0.75, 0.75)",1,0.9907764271831867,271.0446428571429,TP,25639.25
2026-02-02,2026,"(0.75, 1.0)",1,0.7923049049642585,217.25,T,25639.25
2026-02-02,2026,"(1.0, 0.5)",1,0.4930823203873901,180.69642857142858,TP,25639.25
2026-02-02,2026,"(1.0, 0.75)",1,0.7430823203873901,271.0446428571429,TP,25639.25
2026-02-02,2026,"(1.0, 1.0)",1,0.594228678723194,217.25,T,25639.25
2026-02-03,2026,"(0.5, 0.5)",-1,0.9865183687226154,185.4375,TP,25875.75
2026-02-03,2026,"(0.5, 0.75)",-1,1.4865183687226153,278.15625,TP,25875.75
2026-02-03,2026,"(0.5, 1.0)",-1,1.9865183687226153,370.875,TP,25875.75
2026-02-03,2026,"(0.75, 0.5)",-1,0.6576789124817436,185.4375,TP,25875.75
2026-02-03,2026,"(0.75, 0.75)",-1,0.991012245815077,278.15625,TP,25875.75
2026-02-03,2026,"(0.75, 1.0)",-1,1.3243455791484102,370.875,TP,25875.75
2026-02-03,2026,"(1.0, 0.5)",-1,0.4932591843613077,185.4375,TP,25875.75
2026-02-03,2026,"(1.0, 0.75)",-1,0.7432591843613077,278.15625,TP,25875.75
2026-02-03,2026,"(1.0, 1.0)",-1,0.9932591843613077,370.875,TP,25875.75
2026-02-03,2026,"(0.5, 0.5)",1,-1.0134816312773847,-185.4375,SL,25553.5
2026-02-03,2026,"(0.5, 0.75)",1,-1.0134816312773847,-185.4375,SL,25553.5
2026-02-03,2026,"(0.5, 1.0)",1,-1.0134816312773847,-185.4375,SL,25553.5
2026-02-03,2026,"(0.75, 0.5)",1,-1.008987754184923,-278.15625,SL,25553.5
2026-02-03,2026,"(0.75, 0.75)",1,-1.008987754184923,-278.15625,SL,25553.5
2026-02-03,2026,"(0.75, 1.0)",1,-1.008987754184923,-278.15625,SL,25553.5
2026-02-03,2026,"(1.0, 0.5)",1,-0.29794405123019885,-108.0,T,25553.5
2026-02-03,2026,"(1.0, 0.75)",1,-0.29794405123019885,-108.0,T,25553.5
2026-02-03,2026,"(1.0, 1.0)",1,-0.29794405123019885,-108.0,T,25553.5
2026-02-05,2026,"(0.5, 0.5)",1,-1.011935208866155,-209.46428571428572,SL,24814.25
2026-02-05,2026,"(0.5, 0.75)",1,-1.011935208866155,-209.46428571428572,SL,24814.25
2026-02-05,2026,"(0.5, 1.0)",1,-1.011935208866155,-209.46428571428572,SL,24814.25
2026-02-05,2026,"(0.75, 0.5)",1,-0.5681159420289855,-176.0,T,24814.25
2026-02-05,2026,"(0.75, 0.75)",1,-0.5681159420289855,-176.0,T,24814.25
2026-02-05,2026,"(0.75, 1.0)",1,-0.5681159420289855,-176.0,T,24814.25
2026-02-05,2026,"(1.0, 0.5)",1,-0.4260869565217391,-176.0,T,24814.25
2026-02-05,2026,"(1.0, 0.75)",1,-0.4260869565217391,-176.0,T,24814.25
2026-02-05,2026,"(1.0, 1.0)",1,-0.4260869565217391,-176.0,T,24814.25
2026-02-06,2026,"(0.5, 0.5)",-1,-1.0116666666666667,-214.28571428571428,SL,24910.25
2026-02-06,2026,"(0.5, 0.75)",-1,-1.0116666666666667,-214.28571428571428,SL,24910.25
2026-02-06,2026,"(0.5, 1.0)",-1,-1.0116666666666667,-214.28571428571428,SL,24910.25
2026-02-06,2026,"(0.75, 0.5)",-1,-0.7435555555555555,-236.5,T,24910.25
2026-02-06,2026,"(0.75, 0.75)",-1,-0.7435555555555555,-236.5,T,24910.25
2026-02-06,2026,"(0.75, 1.0)",-1,-0.7435555555555555,-236.5,T,24910.25
2026-02-06,2026,"(1.0, 0.5)",-1,-0.5576666666666666,-236.5,T,24910.25
2026-02-06,2026,"(1.0, 0.75)",-1,-0.5576666666666666,-236.5,T,24910.25
2026-02-06,2026,"(1.0, 1.0)",-1,-0.5576666666666666,-236.5,T,24910.25
2026-02-11,2026,"(0.5, 0.5)",-1,0.9881235154394299,210.5,TP,25386.5
2026-02-11,2026,"(0.5, 0.75)",-1,1.48812351543943,315.75,TP,25386.5
2026-02-11,2026,"(0.5, 1.0)",-1,0.501187648456057,108.0,T,25386.5
2026-02-11,2026,"(0.75, 0.5)",-1,0.6587490102929533,210.5,TP,25386.5
2026-02-11,2026,"(0.75, 0.75)",-1,0.9920823436262867,315.75,TP,25386.5
2026-02-11,2026,"(0.75, 1.0)",-1,0.3341250989707047,108.0,T,25386.5
2026-02-11,2026,"(1.0, 0.5)",-1,0.49406175771971494,210.5,TP,25386.5
2026-02-11,2026,"(1.0, 0.75)",-1,0.744061757719715,315.75,TP,25386.5
2026-02-11,2026,"(1.0, 1.0)",-1,0.2505938242280285,108.0,T,25386.5
2026-02-18,2026,"(0.5, 0.5)",-1,-0.3012860669934038,-70.5,T,24887.0
2026-02-18,2026,"(0.5, 0.75)",-1,-0.3012860669934038,-70.5,T,24887.0
2026-02-18,2026,"(0.5, 1.0)",-1,-0.3012860669934038,-70.5,T,24887.0
2026-02-18,2026,"(0.75, 0.5)",-1,-0.20085737799560258,-70.5,T,24887.0
2026-02-18,2026,"(0.75, 0.75)",-1,-0.20085737799560258,-70.5,T,24887.0
2026-02-18,2026,"(0.75, 1.0)",-1,-0.20085737799560258,-70.5,T,24887.0
2026-02-18,2026,"(1.0, 0.5)",-1,-0.1506430334967019,-70.5,T,24887.0
2026-02-18,2026,"(1.0, 0.75)",-1,-0.1506430334967019,-70.5,T,24887.0
2026-02-18,2026,"(1.0, 1.0)",-1,-0.1506430334967019,-70.5,T,24887.0
2026-02-19,2026,"(0.5, 0.5)",1,0.3360968927979237,85.75,T,24777.75
2026-02-19,2026,"(0.5, 0.75)",1,0.3360968927979237,85.75,T,24777.75
2026-02-19,2026,"(0.5, 1.0)",1,0.3360968927979237,85.75,T,24777.75
2026-02-19,2026,"(0.75, 0.5)",1,0.2240645951986158,85.75,T,24777.75
2026-02-19,2026,"(0.75, 0.75)",1,0.2240645951986158,85.75,T,24777.75
2026-02-19,2026,"(0.75, 1.0)",1,0.2240645951986158,85.75,T,24777.75
2026-02-19,2026,"(1.0, 0.5)",1,0.16804844639896185,85.75,T,24777.75
2026-02-19,2026,"(1.0, 0.75)",1,0.16804844639896185,85.75,T,24777.75
2026-02-19,2026,"(1.0, 1.0)",1,0.16804844639896185,85.75,T,24777.75
2026-02-20,2026,"(0.5, 0.5)",1,0.9892423543875826,232.39285714285714,TP,24803.75
2026-02-20,2026,"(0.5, 0.75)",1,1.1553711387736285,271.0,T,24803.75
2026-02-20,2026,"(0.5, 1.0)",1,1.1553711387736285,271.0,T,24803.75
2026-02-20,2026,"(0.75, 0.5)",1,0.6594949029250551,232.39285714285714,TP,24803.75
2026-02-20,2026,"(0.75, 0.75)",1,0.7702474258490856,271.0,T,24803.75
2026-02-20,2026,"(0.75, 1.0)",1,0.7702474258490856,271.0,T,24803.75
2026-02-20,2026,"(1.0, 0.5)",1,0.4946211771937913,232.39285714285714,TP,24803.75
2026-02-20,2026,"(1.0, 0.75)",1,0.5776855693868143,271.0,T,24803.75
2026-02-20,2026,"(1.0, 1.0)",1,0.5776855693868143,271.0,T,24803.75
2026-02-23,2026,"(0.5, 0.5)",1,0.3465108284633895,83.5,T,24684.5
2026-02-23,2026,"(0.5, 0.75)",1,0.3465108284633895,83.5,T,24684.5
2026-02-23,2026,"(0.5, 1.0)",1,0.3465108284633895,83.5,T,24684.5
2026-02-23,2026,"(0.75, 0.5)",1,0.23100721897559295,83.5,T,24684.5
2026-02-23,2026,"(0.75, 0.75)",1,0.23100721897559295,83.5,T,24684.5
2026-02-23,2026,"(0.75, 1.0)",1,0.23100721897559295,83.5,T,24684.5
2026-02-23,2026,"(1.0, 0.5)",1,0.17325541423169474,83.5,T,24684.5
2026-02-23,2026,"(1.0, 0.75)",1,0.17325541423169474,83.5,T,24684.5
2026-02-23,2026,"(1.0, 1.0)",1,0.17325541423169474,83.5,T,24684.5
2026-02-24,2026,"(0.5, 0.5)",-1,0.0032099048492491115,3.25,T,25033.25
2026-02-24,2026,"(0.5, 0.75)",-1,0.0032099048492491115,3.25,T,25033.25
2026-02-24,2026,"(0.5, 1.0)",-1,0.0032099048492491115,3.25,T,25033.25
2026-02-24,2026,"(0.75, 0.5)",-1,0.0021399365661660744,3.25,T,25033.25
2026-02-24,2026,"(0.75, 0.75)",-1,0.0021399365661660744,3.25,T,25033.25
2026-02-24,2026,"(0.75, 1.0)",-1,0.0021399365661660744,3.25,T,25033.25
2026-02-24,2026,"(1.0, 0.5)",-1,0.0016049524246245558,3.25,T,25033.25
2026-02-24,2026,"(1.0, 0.75)",-1,0.0016049524246245558,3.25,T,25033.25
2026-02-24,2026,"(1.0, 1.0)",-1,0.0016049524246245558,3.25,T,25033.25
2026-02-26,2026,"(0.5, 0.5)",1,-1.0118689330676953,-210.63392857142858,SL,25173.5
2026-02-26,2026,"(0.5, 0.75)",1,-1.0118689330676953,-210.63392857142858,SL,25173.5
2026-02-26,2026,"(0.5, 1.0)",1,-1.0118689330676953,-210.63392857142858,SL,25173.5
2026-02-26,2026,"(0.75, 0.5)",1,-0.2935582778743306,-90.25,T,25173.5
2026-02-26,2026,"(0.75, 0.75)",1,-0.2935582778743306,-90.25,T,25173.5
2026-02-26,2026,"(0.75, 1.0)",1,-0.2935582778743306,-90.25,T,25173.5
2026-02-26,2026,"(1.0, 0.5)",1,-0.22016870840574795,-90.25,T,25173.5
2026-02-26,2026,"(1.0, 0.75)",1,-0.22016870840574795,-90.25,T,25173.5
2026-02-26,2026,"(1.0, 1.0)",1,-0.22016870840574795,-90.25,T,25173.5
2026-02-27,2026,"(0.5, 0.5)",1,0.5370858985634711,117.0,T,24881.25
2026-02-27,2026,"(0.5, 0.75)",1,0.5370858985634711,117.0,T,24881.25
2026-02-27,2026,"(0.5, 1.0)",1,0.5370858985634711,117.0,T,24881.25
2026-02-27,2026,"(0.75, 0.5)",1,0.3580572657089807,117.0,T,24881.25
2026-02-27,2026,"(0.75, 0.75)",1,0.3580572657089807,117.0,T,24881.25
2026-02-27,2026,"(0.75, 1.0)",1,0.3580572657089807,117.0,T,24881.25
2026-02-27,2026,"(1.0, 0.5)",1,0.26854294928173555,117.0,T,24881.25
2026-02-27,2026,"(1.0, 0.75)",1,0.26854294928173555,117.0,T,24881.25
2026-02-27,2026,"(1.0, 1.0)",1,0.26854294928173555,117.0,T,24881.25
2026-03-02,2026,"(0.5, 0.5)",-1,-0.044313535850881436,-6.5,T,25016.75
2026-03-02,2026,"(0.5, 0.75)",-1,-0.044313535850881436,-6.5,T,25016.75
2026-03-02,2026,"(0.5, 1.0)",-1,-0.044313535850881436,-6.5,T,25016.75
2026-03-02,2026,"(0.75, 0.5)",-1,-0.029542357233920954,-6.5,T,25016.75
2026-03-02,2026,"(0.75, 0.75)",-1,-0.029542357233920954,-6.5,T,25016.75
2026-03-02,2026,"(0.75, 1.0)",-1,-0.029542357233920954,-6.5,T,25016.75
2026-03-02,2026,"(1.0, 0.5)",-1,-0.022156767925440718,-6.5,T,25016.75
2026-03-02,2026,"(1.0, 0.75)",-1,-0.022156767925440718,-6.5,T,25016.75
2026-03-02,2026,"(1.0, 1.0)",-1,-0.022156767925440718,-6.5,T,25016.75
2026-03-02,2026,"(0.5, 0.5)",1,0.9876906844858663,203.09821428571428,TP,24834.0
2026-03-02,2026,"(0.5, 0.75)",1,0.9195058689057898,189.25,T,24834.0
2026-03-02,2026,"(0.5, 1.0)",1,0.9195058689057898,189.25,T,24834.0
2026-03-02,2026,"(0.75, 0.5)",1,0.6584604563239108,203.09821428571428,TP,24834.0
2026-03-02,2026,"(0.75, 0.75)",1,0.6130039126038598,189.25,T,24834.0
2026-03-02,2026,"(0.75, 1.0)",1,0.6130039126038598,189.25,T,24834.0
2026-03-02,2026,"(1.0, 0.5)",1,0.49384534224293314,203.09821428571428,TP,24834.0
2026-03-02,2026,"(1.0, 0.75)",1,0.4597529344528949,189.25,T,24834.0
2026-03-02,2026,"(1.0, 1.0)",1,0.4597529344528949,189.25,T,24834.0
2026-03-10,2026,"(0.5, 0.5)",-1,0.15812917594654788,38.0,T,25024.5
2026-03-10,2026,"(0.5, 0.75)",-1,0.15812917594654788,38.0,T,25024.5
2026-03-10,2026,"(0.5, 1.0)",-1,0.15812917594654788,38.0,T,25024.5
2026-03-10,2026,"(0.75, 0.5)",-1,0.10541945063103192,38.0,T,25024.5
2026-03-10,2026,"(0.75, 0.75)",-1,0.10541945063103192,38.0,T,25024.5
2026-03-10,2026,"(0.75, 1.0)",-1,0.10541945063103192,38.0,T,25024.5
2026-03-10,2026,"(1.0, 0.5)",-1,0.07906458797327394,38.0,T,25024.5
2026-03-10,2026,"(1.0, 0.75)",-1,0.07906458797327394,38.0,T,25024.5
2026-03-10,2026,"(1.0, 1.0)",-1,0.07906458797327394,38.0,T,25024.5
2026-03-11,2026,"(0.5, 0.5)",1,0.3098636728147554,71.5,T,24912.5
2026-03-11,2026,"(0.5, 0.75)",1,0.3098636728147554,71.5,T,24912.5
2026-03-11,2026,"(0.5, 1.0)",1,0.3098636728147554,71.5,T,24912.5
2026-03-11,2026,"(0.75, 0.5)",1,0.20657578187650363,71.5,T,24912.5
2026-03-11,2026,"(0.75, 0.75)",1,0.20657578187650363,71.5,T,24912.5
2026-03-11,2026,"(0.75, 1.0)",1,0.20657578187650363,71.5,T,24912.5
2026-03-11,2026,"(1.0, 0.5)",1,0.1549318364073777,71.5,T,24912.5
2026-03-11,2026,"(1.0, 0.75)",1,0.1549318364073777,71.5,T,24912.5
2026-03-11,2026,"(1.0, 1.0)",1,0.1549318364073777,71.5,T,24912.5
2026-03-13,2026,"(0.5, 0.5)",1,-0.6665874430580313,-147.75,T,24545.75
2026-03-13,2026,"(0.5, 0.75)",1,-0.6665874430580313,-147.75,T,24545.75
2026-03-13,2026,"(0.5, 1.0)",1,-0.6665874430580313,-147.75,T,24545.75
2026-03-13,2026,"(0.75, 0.5)",1,-0.4443916287053542,-147.75,T,24545.75
2026-03-13,2026,"(0.75, 0.75)",1,-0.4443916287053542,-147.75,T,24545.75
2026-03-13,2026,"(0.75, 1.0)",1,-0.4443916287053542,-147.75,T,24545.75
2026-03-13,2026,"(1.0, 0.5)",1,-0.33329372152901565,-147.75,T,24545.75
2026-03-13,2026,"(1.0, 0.75)",1,-0.33329372152901565,-147.75,T,24545.75
2026-03-13,2026,"(1.0, 1.0)",1,-0.33329372152901565,-147.75,T,24545.75
2026-03-20,2026,"(0.5, 0.5)",-1,0.9886229734671488,219.74107142857142,TP,24400.75
2026-03-20,2026,"(0.5, 0.75)",-1,1.4886229734671488,329.6116071428571,TP,24400.75
2026-03-20,2026,"(0.5, 1.0)",-1,1.2958433220917476,287.25,T,24400.75
2026-03-20,2026,"(0.75, 0.5)",-1,0.6590819823114326,219.74107142857142,TP,24400.75
2026-03-20,2026,"(0.75, 0.75)",-1,0.9924153156447659,329.6116071428571,TP,24400.75
2026-03-20,2026,"(0.75, 1.0)",-1,0.8638955480611652,287.25,T,24400.75
2026-03-20,2026,"(1.0, 0.5)",-1,0.4943114867335744,219.74107142857142,TP,24400.75
2026-03-20,2026,"(1.0, 0.75)",-1,0.7443114867335744,329.6116071428571,TP,24400.75
2026-03-20,2026,"(1.0, 1.0)",-1,0.6479216610458738,287.25,T,24400.75
2026-03-20,2026,"(0.5, 0.5)",1,-0.055747430010970704,-9.75,T,24123.25
2026-03-20,2026,"(0.5, 0.75)",1,-0.055747430010970704,-9.75,T,24123.25
2026-03-20,2026,"(0.5, 1.0)",1,-0.055747430010970704,-9.75,T,24123.25
2026-03-20,2026,"(0.75, 0.5)",1,-0.03716495334064714,-9.75,T,24123.25
2026-03-20,2026,"(0.75, 0.75)",1,-0.03716495334064714,-9.75,T,24123.25
2026-03-20,2026,"(0.75, 1.0)",1,-0.03716495334064714,-9.75,T,24123.25
2026-03-20,2026,"(1.0, 0.5)",1,-0.027873715005485352,-9.75,T,24123.25
2026-03-20,2026,"(1.0, 0.75)",1,-0.027873715005485352,-9.75,T,24123.25
2026-03-20,2026,"(1.0, 1.0)",1,-0.027873715005485352,-9.75,T,24123.25
2026-03-23,2026,"(0.5, 0.5)",-1,0.3422511838750152,78.0,T,24476.75
2026-03-23,2026,"(0.5, 0.75)",-1,0.3422511838750152,78.0,T,24476.75
2026-03-23,2026,"(0.5, 1.0)",-1,0.3422511838750152,78.0,T,24476.75
2026-03-23,2026,"(0.75, 0.5)",-1,0.22816745591667678,78.0,T,24476.75
2026-03-23,2026,"(0.75, 0.75)",-1,0.22816745591667678,78.0,T,24476.75
2026-03-23,2026,"(0.75, 1.0)",-1,0.22816745591667678,78.0,T,24476.75
2026-03-23,2026,"(1.0, 0.5)",-1,0.1711255919375076,78.0,T,24476.75
2026-03-23,2026,"(1.0, 0.75)",-1,0.1711255919375076,78.0,T,24476.75
2026-03-23,2026,"(1.0, 1.0)",-1,0.1711255919375076,78.0,T,24476.75
2026-03-30,2026,"(0.5, 0.5)",1,-1.0123271990842653,-202.80357142857142,SL,23274.25
2026-03-30,2026,"(0.5, 0.75)",1,-1.0123271990842653,-202.80357142857142,SL,23274.25
2026-03-30,2026,"(0.5, 1.0)",1,-1.0123271990842653,-202.80357142857142,SL,23274.25
2026-03-30,2026,"(0.75, 0.5)",1,-0.46432449884065635,-138.75,T,23274.25
2026-03-30,2026,"(0.75, 0.75)",1,-0.46432449884065635,-138.75,T,23274.25
2026-03-30,2026,"(0.75, 1.0)",1,-0.46432449884065635,-138.75,T,23274.25
2026-03-30,2026,"(1.0, 0.5)",1,-0.3482433741304922,-138.75,T,23274.25
2026-03-30,2026,"(1.0, 0.75)",1,-0.3482433741304922,-138.75,T,23274.25
2026-03-30,2026,"(1.0, 1.0)",1,-0.3482433741304922,-138.75,T,23274.25
2026-04-07,2026,"(0.5, 0.5)",1,-1.0110015323562924,-227.24107142857142,SL,24221.25
2026-04-07,2026,"(0.5, 0.75)",1,-1.0110015323562924,-227.24107142857142,SL,24221.25
2026-04-07,2026,"(0.5, 1.0)",1,-1.0110015323562924,-227.24107142857142,SL,24221.25
2026-04-07,2026,"(0.75, 0.5)",1,0.4275928909145679,148.25,T,24221.25
2026-04-07,2026,"(0.75, 0.75)",1,0.4275928909145679,148.25,T,24221.25
2026-04-07,2026,"(0.75, 1.0)",1,0.4275928909145679,148.25,T,24221.25
2026-04-07,2026,"(1.0, 0.5)",1,0.3206946681859259,148.25,T,24221.25
2026-04-07,2026,"(1.0, 0.75)",1,0.3206946681859259,148.25,T,24221.25
2026-04-07,2026,"(1.0, 1.0)",1,0.3206946681859259,148.25,T,24221.25
2026-04-09,2026,"(0.5, 0.5)",-1,-0.05824284304047384,-12.25,T,25236.75
2026-04-09,2026,"(0.5, 0.75)",-1,-0.05824284304047384,-12.25,T,25236.75
2026-04-09,2026,"(0.5, 1.0)",-1,-0.05824284304047384,-12.25,T,25236.75
2026-04-09,2026,"(0.75, 0.5)",-1,-0.03882856202698256,-12.25,T,25236.75
2026-04-09,2026,"(0.75, 0.75)",-1,-0.03882856202698256,-12.25,T,25236.75
2026-04-09,2026,"(0.75, 1.0)",-1,-0.03882856202698256,-12.25,T,25236.75
2026-04-09,2026,"(1.0, 0.5)",-1,-0.02912142152023692,-12.25,T,25236.75
2026-04-09,2026,"(1.0, 0.75)",-1,-0.02912142152023692,-12.25,T,25236.75
2026-04-09,2026,"(1.0, 1.0)",-1,-0.02912142152023692,-12.25,T,25236.75
2026-04-13,2026,"(0.5, 0.5)",-1,-0.6505790063503922,-153.0,T,25385.25
2026-04-13,2026,"(0.5, 0.75)",-1,-0.6505790063503922,-153.0,T,25385.25
2026-04-13,2026,"(0.5, 1.0)",-1,-0.6505790063503922,-153.0,T,25385.25
2026-04-13,2026,"(0.75, 0.5)",-1,-0.43371933756692815,-153.0,T,25385.25
2026-04-13,2026,"(0.75, 0.75)",-1,-0.43371933756692815,-153.0,T,25385.25
2026-04-13,2026,"(0.75, 1.0)",-1,-0.43371933756692815,-153.0,T,25385.25
2026-04-13,2026,"(1.0, 0.5)",-1,-0.3252895031751961,-153.0,T,25385.25
2026-04-13,2026,"(1.0, 0.75)",-1,-0.3252895031751961,-153.0,T,25385.25
2026-04-13,2026,"(1.0, 1.0)",-1,-0.3252895031751961,-153.0,T,25385.25
2026-04-20,2026,"(0.5, 0.5)",1,0.31653320772491755,74.5,T,26671.25
2026-04-20,2026,"(0.5, 0.75)",1,0.31653320772491755,74.5,T,26671.25
2026-04-20,2026,"(0.5, 1.0)",1,0.31653320772491755,74.5,T,26671.25
2026-04-20,2026,"(0.75, 0.5)",1,0.2110221384832784,74.5,T,26671.25
2026-04-20,2026,"(0.75, 0.75)",1,0.2110221384832784,74.5,T,26671.25
2026-04-20,2026,"(0.75, 1.0)",1,0.2110221384832784,74.5,T,26671.25
2026-04-20,2026,"(1.0, 0.5)",1,0.15826660386245878,74.5,T,26671.25
2026-04-20,2026,"(1.0, 0.75)",1,0.15826660386245878,74.5,T,26671.25
2026-04-20,2026,"(1.0, 1.0)",1,0.15826660386245878,74.5,T,26671.25
2026-04-22,2026,"(0.5, 0.5)",-1,-1.0124821683309557,-200.28571428571428,SL,26823.25
2026-04-22,2026,"(0.5, 0.75)",-1,-1.0124821683309557,-200.28571428571428,SL,26823.25
2026-04-22,2026,"(0.5, 1.0)",-1,-1.0124821683309557,-200.28571428571428,SL,26823.25
2026-04-22,2026,"(0.75, 0.5)",-1,-0.8629339039467427,-256.75,T,26823.25
2026-04-22,2026,"(0.75, 0.75)",-1,-0.8629339039467427,-256.75,T,26823.25
2026-04-22,2026,"(0.75, 1.0)",-1,-0.8629339039467427,-256.75,T,26823.25
2026-04-22,2026,"(1.0, 0.5)",-1,-0.6472004279600571,-256.75,T,26823.25
2026-04-22,2026,"(1.0, 0.75)",-1,-0.6472004279600571,-256.75,T,26823.25
2026-04-22,2026,"(1.0, 1.0)",-1,-0.6472004279600571,-256.75,T,26823.25
2026-04-23,2026,"(0.5, 0.5)",-1,0.987545038032116,200.72321428571428,TP,27081.0
2026-04-23,2026,"(0.5, 0.75)",-1,1.4875450380321162,301.08482142857144,TP,27081.0
2026-04-23,2026,"(0.5, 1.0)",-1,0.7585071838441351,154.75,T,27081.0
2026-04-23,2026,"(0.75, 0.5)",-1,0.6583633586880773,200.72321428571428,TP,27081.0
2026-04-23,2026,"(0.75, 0.75)",-1,0.9916966920214106,301.08482142857144,TP,27081.0
2026-04-23,2026,"(0.75, 1.0)",-1,0.50567145589609,154.75,T,27081.0
2026-04-23,2026,"(1.0, 0.5)",-1,0.493772519016058,200.72321428571428,TP,27081.0
2026-04-23,2026,"(1.0, 0.75)",-1,0.7437725190160581,301.08482142857144,TP,27081.0
2026-04-23,2026,"(1.0, 1.0)",-1,0.37925359192206753,154.75,T,27081.0
2026-05-04,2026,"(0.5, 0.5)",1,0.6074977199635194,115.5,T,27664.75
2026-05-04,2026,"(0.5, 0.75)",1,0.6074977199635194,115.5,T,27664.75
2026-05-04,2026,"(0.5, 1.0)",1,0.6074977199635194,115.5,T,27664.75
2026-05-04,2026,"(0.75, 0.5)",1,0.40499847997567956,115.5,T,27664.75
2026-05-04,2026,"(0.75, 0.75)",1,0.40499847997567956,115.5,T,27664.75
2026-05-04,2026,"(0.75, 1.0)",1,0.40499847997567956,115.5,T,27664.75
2026-05-04,2026,"(1.0, 0.5)",1,0.3037488599817597,115.5,T,27664.75
2026-05-04,2026,"(1.0, 0.75)",1,0.3037488599817597,115.5,T,27664.75
2026-05-04,2026,"(1.0, 1.0)",1,0.3037488599817597,115.5,T,27664.75
2026-06-01,2026,"(0.5, 0.5)",-1,-0.18217530076110974,-37.25,T,30534.0
2026-06-01,2026,"(0.5, 0.75)",-1,-0.18217530076110974,-37.25,T,30534.0
2026-06-01,2026,"(0.5, 1.0)",-1,-0.18217530076110974,-37.25,T,30534.0
2026-06-01,2026,"(0.75, 0.5)",-1,-0.12145020050740649,-37.25,T,30534.0
2026-06-01,2026,"(0.75, 0.75)",-1,-0.12145020050740649,-37.25,T,30534.0
2026-06-01,2026,"(0.75, 1.0)",-1,-0.12145020050740649,-37.25,T,30534.0
2026-06-01,2026,"(1.0, 0.5)",-1,-0.09108765038055487,-37.25,T,30534.0
2026-06-01,2026,"(1.0, 0.75)",-1,-0.09108765038055487,-37.25,T,30534.0
2026-06-01,2026,"(1.0, 1.0)",-1,-0.09108765038055487,-37.25,T,30534.0
2026-06-02,2026,"(0.5, 0.5)",-1,-0.08809590186785615,-17.25,T,30690.0
2026-06-02,2026,"(0.5, 0.75)",-1,-0.08809590186785615,-17.25,T,30690.0
2026-06-02,2026,"(0.5, 1.0)",-1,-0.08809590186785615,-17.25,T,30690.0
2026-06-02,2026,"(0.75, 0.5)",-1,-0.058730601245237435,-17.25,T,30690.0
2026-06-02,2026,"(0.75, 0.75)",-1,-0.058730601245237435,-17.25,T,30690.0
2026-06-02,2026,"(0.75, 1.0)",-1,-0.058730601245237435,-17.25,T,30690.0
2026-06-02,2026,"(1.0, 0.5)",-1,-0.044047950933928076,-17.25,T,30690.0
2026-06-02,2026,"(1.0, 0.75)",-1,-0.044047950933928076,-17.25,T,30690.0
2026-06-02,2026,"(1.0, 1.0)",-1,-0.044047950933928076,-17.25,T,30690.0
2026-06-03,2026,"(0.5, 0.5)",-1,0.9881104033970276,210.26785714285714,TP,30715.0
2026-06-03,2026,"(0.5, 0.75)",-1,0.36501061571125265,79.25,T,30715.0
2026-06-03,2026,"(0.5, 1.0)",-1,0.36501061571125265,79.25,T,30715.0
2026-06-03,2026,"(0.75, 0.5)",-1,0.6587402689313517,210.26785714285714,TP,30715.0
2026-06-03,2026,"(0.75, 0.75)",-1,0.24334041047416843,79.25,T,30715.0
2026-06-03,2026,"(0.75, 1.0)",-1,0.24334041047416843,79.25,T,30715.0
2026-06-03,2026,"(1.0, 0.5)",-1,0.4940552016985138,210.26785714285714,TP,30715.0
2026-06-03,2026,"(1.0, 0.75)",-1,0.18250530785562633,79.25,T,30715.0
2026-06-03,2026,"(1.0, 1.0)",-1,0.18250530785562633,79.25,T,30715.0
2026-06-09,2026,"(0.5, 0.5)",-1,0.9899569583931134,248.92857142857142,TP,29650.75
2026-06-09,2026,"(0.5, 0.75)",-1,1.4899569583931134,373.3928571428571,TP,29650.75
2026-06-09,2026,"(0.5, 1.0)",-1,1.9899569583931134,497.85714285714283,TP,29650.75
2026-06-09,2026,"(0.75, 0.5)",-1,0.659971305595409,248.92857142857142,TP,29650.75
2026-06-09,2026,"(0.75, 0.75)",-1,0.9933046389287422,373.3928571428571,TP,29650.75
2026-06-09,2026,"(0.75, 1.0)",-1,1.3266379722620756,497.85714285714283,TP,29650.75
2026-06-09,2026,"(1.0, 0.5)",-1,0.4949784791965567,248.92857142857142,TP,29650.75
2026-06-09,2026,"(1.0, 0.75)",-1,0.7449784791965567,373.3928571428571,TP,29650.75
2026-06-09,2026,"(1.0, 1.0)",-1,0.9949784791965567,497.85714285714283,TP,29650.75
2026-06-11,2026,"(0.5, 0.5)",-1,-1.0083216928700924,-300.41964285714283,SL,29208.5
2026-06-11,2026,"(0.5, 0.75)",-1,-1.0083216928700924,-300.41964285714283,SL,29208.5
2026-06-11,2026,"(0.5, 1.0)",-1,-1.0083216928700924,-300.41964285714283,SL,29208.5
2026-06-11,2026,"(0.75, 0.5)",-1,-0.5564438632468472,-248.25,T,29208.5
2026-06-11,2026,"(0.75, 0.75)",-1,-0.5564438632468472,-248.25,T,29208.5
2026-06-11,2026,"(0.75, 1.0)",-1,-0.5564438632468472,-248.25,T,29208.5
2026-06-11,2026,"(1.0, 0.5)",-1,-0.4173328974351354,-248.25,T,29208.5
2026-06-11,2026,"(1.0, 0.75)",-1,-0.4173328974351354,-248.25,T,29208.5
2026-06-11,2026,"(1.0, 1.0)",-1,-0.4173328974351354,-248.25,T,29208.5
2026-06-16,2026,"(0.5, 0.5)",1,-0.9102381014202996,-310.5,T,30301.75
2026-06-16,2026,"(0.5, 0.75)",1,-0.9102381014202996,-310.5,T,30301.75
2026-06-16,2026,"(0.5, 1.0)",1,-0.9102381014202996,-310.5,T,30301.75
2026-06-16,2026,"(0.75, 0.5)",1,-0.6068254009468664,-310.5,T,30301.75
2026-06-16,2026,"(0.75, 0.75)",1,-0.6068254009468664,-310.5,T,30301.75
2026-06-16,2026,"(0.75, 1.0)",1,-0.6068254009468664,-310.5,T,30301.75
2026-06-16,2026,"(1.0, 0.5)",1,-0.4551190507101498,-310.5,T,30301.75
2026-06-16,2026,"(1.0, 0.75)",1,-0.4551190507101498,-310.5,T,30301.75
2026-06-16,2026,"(1.0, 1.0)",1,-0.4551190507101498,-310.5,T,30301.75
2026-06-17,2026,"(0.5, 0.5)",1,-1.0070623250182864,-353.99107142857144,SL,30055.25
2026-06-17,2026,"(0.5, 0.75)",1,-1.0070623250182864,-353.99107142857144,SL,30055.25
2026-06-17,2026,"(0.5, 1.0)",1,-1.0070623250182864,-353.99107142857144,SL,30055.25
2026-06-17,2026,"(0.75, 0.5)",1,-0.7095282535038381,-374.25,T,30055.25
2026-06-17,2026,"(0.75, 0.75)",1,-0.7095282535038381,-374.25,T,30055.25
2026-06-17,2026,"(0.75, 1.0)",1,-0.7095282535038381,-374.25,T,30055.25
2026-06-17,2026,"(1.0, 0.5)",1,-0.5321461901278784,-374.25,T,30055.25
2026-06-17,2026,"(1.0, 0.75)",1,-0.5321461901278784,-374.25,T,30055.25
2026-06-17,2026,"(1.0, 1.0)",1,-0.5321461901278784,-374.25,T,30055.25
2026-06-24,2026,"(0.5, 0.5)",1,-0.3559573835901354,-147.25,T,29661.25
2026-06-24,2026,"(0.5, 0.75)",1,-0.3559573835901354,-147.25,T,29661.25
2026-06-24,2026,"(0.5, 1.0)",1,-0.3559573835901354,-147.25,T,29661.25
2026-06-24,2026,"(0.75, 0.5)",1,-0.2373049223934236,-147.25,T,29661.25
2026-06-24,2026,"(0.75, 0.75)",1,-0.2373049223934236,-147.25,T,29661.25
2026-06-24,2026,"(0.75, 1.0)",1,-0.2373049223934236,-147.25,T,29661.25
2026-06-24,2026,"(1.0, 0.5)",1,-0.1779786917950677,-147.25,T,29661.25
2026-06-24,2026,"(1.0, 0.75)",1,-0.1779786917950677,-147.25,T,29661.25
2026-06-24,2026,"(1.0, 1.0)",1,-0.1779786917950677,-147.25,T,29661.25
2026-07-02,2026,"(0.5, 0.5)",1,-1.0067980965329708,-367.75,SL,30133.5
2026-07-02,2026,"(0.5, 0.75)",1,-1.0067980965329708,-367.75,SL,30133.5
2026-07-02,2026,"(0.5, 1.0)",1,-1.0067980965329708,-367.75,SL,30133.5
2026-07-02,2026,"(0.75, 0.5)",1,-1.004532064355314,-551.625,SL,30133.5
2026-07-02,2026,"(0.75, 0.75)",1,-1.004532064355314,-551.625,SL,30133.5
2026-07-02,2026,"(0.75, 1.0)",1,-1.004532064355314,-551.625,SL,30133.5
2026-07-02,2026,"(1.0, 0.5)",1,-1.0033990482664854,-735.5,SL,30133.5
2026-07-02,2026,"(1.0, 0.75)",1,-1.0033990482664854,-735.5,SL,30133.5
2026-07-02,2026,"(1.0, 1.0)",1,-1.0033990482664854,-735.5,SL,30133.5
2026-07-08,2026,"(0.5, 0.5)",1,0.4215188613516473,153.75,T,29303.75
2026-07-08,2026,"(0.5, 0.75)",1,0.4215188613516473,153.75,T,29303.75
2026-07-08,2026,"(0.5, 1.0)",1,0.4215188613516473,153.75,T,29303.75
2026-07-08,2026,"(0.75, 0.5)",1,0.2810125742344315,153.75,T,29303.75
2026-07-08,2026,"(0.75, 0.75)",1,0.2810125742344315,153.75,T,29303.75
2026-07-08,2026,"(0.75, 1.0)",1,0.2810125742344315,153.75,T,29303.75
2026-07-08,2026,"(1.0, 0.5)",1,0.21075943067582364,153.75,T,29303.75
2026-07-08,2026,"(1.0, 0.75)",1,0.21075943067582364,153.75,T,29303.75
2026-07-08,2026,"(1.0, 1.0)",1,0.21075943067582364,153.75,T,29303.75
2026-07-14,2026,"(0.5, 0.5)",-1,-0.2869560551590921,-93.0,T,29693.0
2026-07-14,2026,"(0.5, 0.75)",-1,-0.2869560551590921,-93.0,T,29693.0
2026-07-14,2026,"(0.5, 1.0)",-1,-0.2869560551590921,-93.0,T,29693.0
2026-07-14,2026,"(0.75, 0.5)",-1,-0.1913040367727281,-93.0,T,29693.0
2026-07-14,2026,"(0.75, 0.75)",-1,-0.1913040367727281,-93.0,T,29693.0
2026-07-14,2026,"(0.75, 1.0)",-1,-0.1913040367727281,-93.0,T,29693.0
2026-07-14,2026,"(1.0, 0.5)",-1,-0.14347802757954606,-93.0,T,29693.0
2026-07-14,2026,"(1.0, 0.75)",-1,-0.14347802757954606,-93.0,T,29693.0
2026-07-14,2026,"(1.0, 1.0)",-1,-0.14347802757954606,-93.0,T,29693.0
2026-07-15,2026,"(0.5, 0.5)",1,0.31648453043453184,100.5,T,29600.5
2026-07-15,2026,"(0.5, 0.75)",1,0.31648453043453184,100.5,T,29600.5
2026-07-15,2026,"(0.5, 1.0)",1,0.31648453043453184,100.5,T,29600.5
2026-07-15,2026,"(0.75, 0.5)",1,0.2109896869563546,100.5,T,29600.5
2026-07-15,2026,"(0.75, 0.75)",1,0.2109896869563546,100.5,T,29600.5
2026-07-15,2026,"(0.75, 1.0)",1,0.2109896869563546,100.5,T,29600.5
2026-07-15,2026,"(1.0, 0.5)",1,0.15824226521726592,100.5,T,29600.5
2026-07-15,2026,"(1.0, 0.75)",1,0.15824226521726592,100.5,T,29600.5
2026-07-15,2026,"(1.0, 1.0)",1,0.15824226521726592,100.5,T,29600.5
2026-07-21,2026,"(0.5, 0.5)",-1,-0.5672332906842137,-163.75,T,29147.0
2026-07-21,2026,"(0.5, 0.75)",-1,-0.5672332906842137,-163.75,T,29147.0
2026-07-21,2026,"(0.5, 1.0)",-1,-0.5672332906842137,-163.75,T,29147.0
2026-07-21,2026,"(0.75, 0.5)",-1,-0.37815552712280914,-163.75,T,29147.0
2026-07-21,2026,"(0.75, 0.75)",-1,-0.37815552712280914,-163.75,T,29147.0
2026-07-21,2026,"(0.75, 1.0)",-1,-0.37815552712280914,-163.75,T,29147.0
2026-07-21,2026,"(1.0, 0.5)",-1,-0.28361664534210684,-163.75,T,29147.0
2026-07-21,2026,"(1.0, 0.75)",-1,-0.28361664534210684,-163.75,T,29147.0
2026-07-21,2026,"(1.0, 1.0)",-1,-0.28361664534210684,-163.75,T,29147.0
2026-08-03,2026,"(0.5, 0.5)",-1,-0.6149594260849112,-184.25,T,28717.0
2026-08-03,2026,"(0.5, 0.75)",-1,-0.6149594260849112,-184.25,T,28717.0
2026-08-03,2026,"(0.5, 1.0)",-1,-0.6149594260849112,-184.25,T,28717.0
2026-08-03,2026,"(0.75, 0.5)",-1,-0.4099729507232741,-184.25,T,28717.0
2026-08-03,2026,"(0.75, 0.75)",-1,-0.4099729507232741,-184.25,T,28717.0
2026-08-03,2026,"(0.75, 1.0)",-1,-0.4099729507232741,-184.25,T,28717.0
2026-08-03,2026,"(1.0, 0.5)",-1,-0.3074797130424556,-184.25,T,28717.0
2026-08-03,2026,"(1.0, 0.75)",-1,-0.3074797130424556,-184.25,T,28717.0
2026-08-03,2026,"(1.0, 1.0)",-1,-0.3074797130424556,-184.25,T,28717.0
2026-08-14,2026,"(0.5, 0.5)",-1,0.3249345652928006,94.5,T,30239.0
2026-08-14,2026,"(0.5, 0.75)",-1,0.3249345652928006,94.5,T,30239.0
2026-08-14,2026,"(0.5, 1.0)",-1,0.3249345652928006,94.5,T,30239.0
2026-08-14,2026,"(0.75, 0.5)",-1,0.21662304352853376,94.5,T,30239.0
2026-08-14,2026,"(0.75, 0.75)",-1,0.21662304352853376,94.5,T,30239.0
2026-08-14,2026,"(0.75, 1.0)",-1,0.21662304352853376,94.5,T,30239.0
2026-08-14,2026,"(1.0, 0.5)",-1,0.1624672826464003,94.5,T,30239.0
2026-08-14,2026,"(1.0, 0.75)",-1,0.1624672826464003,94.5,T,30239.0
2026-08-14,2026,"(1.0, 1.0)",-1,0.1624672826464003,94.5,T,30239.0
2026-08-17,2026,"(0.5, 0.5)",-1,0.6157536985205917,167.5,T,30259.0
2026-08-17,2026,"(0.5, 0.75)",-1,0.6157536985205917,167.5,T,30259.0
2026-08-17,2026,"(0.5, 1.0)",-1,0.6157536985205917,167.5,T,30259.0
2026-08-17,2026,"(0.75, 0.5)",-1,0.4105024656803945,167.5,T,30259.0
2026-08-17,2026,"(0.75, 0.75)",-1,0.4105024656803945,167.5,T,30259.0
2026-08-17,2026,"(0.75, 1.0)",-1,0.4105024656803945,167.5,T,30259.0
2026-08-17,2026,"(1.0, 0.5)",-1,0.30787684926029585,167.5,T,30259.0
2026-08-17,2026,"(1.0, 0.75)",-1,0.30787684926029585,167.5,T,30259.0
2026-08-17,2026,"(1.0, 1.0)",-1,0.30787684926029585,167.5,T,30259.0
2026-08-20,2026,"(0.5, 0.5)",1,-0.4430939226519337,-97.75,T,29404.25
2026-08-20,2026,"(0.5, 0.75)",1,-0.4430939226519337,-97.75,T,29404.25
2026-08-20,2026,"(0.5, 1.0)",1,-0.4430939226519337,-97.75,T,29404.25
2026-08-20,2026,"(0.75, 0.5)",1,-0.29539594843462247,-97.75,T,29404.25
2026-08-20,2026,"(0.75, 0.75)",1,-0.29539594843462247,-97.75,T,29404.25
2026-08-20,2026,"(0.75, 1.0)",1,-0.29539594843462247,-97.75,T,29404.25
2026-08-20,2026,"(1.0, 0.5)",1,-0.22154696132596685,-97.75,T,29404.25
2026-08-20,2026,"(1.0, 0.75)",1,-0.22154696132596685,-97.75,T,29404.25
2026-08-20,2026,"(1.0, 1.0)",1,-0.22154696132596685,-97.75,T,29404.25
2026-08-21,2026,"(0.5, 0.5)",-1,-0.16427412308076395,-32.75,T,29363.0
2026-08-21,2026,"(0.5, 0.75)",-1,-0.16427412308076395,-32.75,T,29363.0
2026-08-21,2026,"(0.5, 1.0)",-1,-0.16427412308076395,-32.75,T,29363.0
2026-08-21,2026,"(0.75, 0.5)",-1,-0.10951608205384263,-32.75,T,29363.0
2026-08-21,2026,"(0.75, 0.75)",-1,-0.10951608205384263,-32.75,T,29363.0
2026-08-21,2026,"(0.75, 1.0)",-1,-0.10951608205384263,-32.75,T,29363.0
2026-08-21,2026,"(1.0, 0.5)",-1,-0.08213706154038197,-32.75,T,29363.0
2026-08-21,2026,"(1.0, 0.75)",-1,-0.08213706154038197,-32.75,T,29363.0
2026-08-21,2026,"(1.0, 1.0)",-1,-0.08213706154038197,-32.75,T,29363.0
2026-08-28,2026,"(0.5, 0.5)",-1,-1.0150061632456187,-166.59821428571428,SL,29629.5
2026-08-28,2026,"(0.5, 0.75)",-1,-1.0150061632456187,-166.59821428571428,SL,29629.5
2026-08-28,2026,"(0.5, 1.0)",-1,-1.0150061632456187,-166.59821428571428,SL,29629.5
2026-08-28,2026,"(0.75, 0.5)",-1,0.6566625578362542,166.59821428571428,TP,29629.5
2026-08-28,2026,"(0.75, 0.75)",-1,0.5222144809475321,133.0,T,29629.5
2026-08-28,2026,"(0.75, 1.0)",-1,0.5222144809475321,133.0,T,29629.5
2026-08-28,2026,"(1.0, 0.5)",-1,0.4924969183771906,166.59821428571428,TP,29629.5
2026-08-28,2026,"(1.0, 0.75)",-1,0.39166086071064904,133.0,T,29629.5
2026-08-28,2026,"(1.0, 1.0)",-1,0.39166086071064904,133.0,T,29629.5
2026-08-31,2026,"(0.5, 0.5)",1,0.2233084641111397,41.25,T,29465.25
2026-08-31,2026,"(0.5, 0.75)",1,0.2233084641111397,41.25,T,29465.25
2026-08-31,2026,"(0.5, 1.0)",1,0.2233084641111397,41.25,T,29465.25
2026-08-31,2026,"(0.75, 0.5)",1,0.14887230940742646,41.25,T,29465.25
2026-08-31,2026,"(0.75, 0.75)",1,0.14887230940742646,41.25,T,29465.25
2026-08-31,2026,"(0.75, 1.0)",1,0.14887230940742646,41.25,T,29465.25
2026-08-31,2026,"(1.0, 0.5)",1,0.11165423205556985,41.25,T,29465.25
2026-08-31,2026,"(1.0, 0.75)",1,0.11165423205556985,41.25,T,29465.25
2026-08-31,2026,"(1.0, 1.0)",1,0.11165423205556985,41.25,T,29465.25
2026-09-08,2026,"(0.5, 0.5)",1,0.3900046950805989,69.25,T,29474.25
2026-09-08,2026,"(0.5, 0.75)",1,0.3900046950805989,69.25,T,29474.25
2026-09-08,2026,"(0.5, 1.0)",1,0.3900046950805989,69.25,T,29474.25
2026-09-08,2026,"(0.75, 0.5)",1,0.2600031300537326,69.25,T,29474.25
2026-09-08,2026,"(0.75, 0.75)",1,0.2600031300537326,69.25,T,29474.25
2026-09-08,2026,"(0.75, 1.0)",1,0.2600031300537326,69.25,T,29474.25
2026-09-08,2026,"(1.0, 0.5)",1,0.19500234754029944,69.25,T,29474.25
2026-09-08,2026,"(1.0, 0.75)",1,0.19500234754029944,69.25,T,29474.25
2026-09-08,2026,"(1.0, 1.0)",1,0.19500234754029944,69.25,T,29474.25
2026-09-09,2026,"(0.5, 0.5)",1,-0.1641907740422205,-23.75,T,29478.25
2026-09-09,2026,"(0.5, 0.75)",1,-0.1641907740422205,-23.75,T,29478.25
2026-09-09,2026,"(0.5, 1.0)",1,-0.1641907740422205,-23.75,T,29478.25
2026-09-09,2026,"(0.75, 0.5)",1,-0.10946051602814699,-23.75,T,29478.25
2026-09-09,2026,"(0.75, 0.75)",1,-0.10946051602814699,-23.75,T,29478.25
2026-09-09,2026,"(0.75, 1.0)",1,-0.10946051602814699,-23.75,T,29478.25
2026-09-09,2026,"(1.0, 0.5)",1,-0.08209538702111024,-23.75,T,29478.25
2026-09-09,2026,"(1.0, 0.75)",1,-0.08209538702111024,-23.75,T,29478.25
2026-09-09,2026,"(1.0, 1.0)",1,-0.08209538702111024,-23.75,T,29478.25
2026-10-05,2026,"(0.5, 0.5)",-1,-0.3086053412462908,-62.5,T,31275.75
2026-10-05,2026,"(0.5, 0.75)",-1,-0.3086053412462908,-62.5,T,31275.75
2026-10-05,2026,"(0.5, 1.0)",-1,-0.3086053412462908,-62.5,T,31275.75
2026-10-05,2026,"(0.75, 0.5)",-1,-0.20573689416419386,-62.5,T,31275.75
2026-10-05,2026,"(0.75, 0.75)",-1,-0.20573689416419386,-62.5,T,31275.75
2026-10-05,2026,"(0.75, 1.0)",-1,-0.20573689416419386,-62.5,T,31275.75
2026-10-05,2026,"(1.0, 0.5)",-1,-0.1543026706231454,-62.5,T,31275.75
2026-10-05,2026,"(1.0, 0.75)",-1,-0.1543026706231454,-62.5,T,31275.75
2026-10-05,2026,"(1.0, 1.0)",-1,-0.1543026706231454,-62.5,T,31275.75
