fecha,anio,verano,s,d,sl_dist,tp_dist,R,pnl,motivo,entry
2018-01-24,2018,False,15,1,46.899999999999636,70.34999999999945,-1.0426439232409386,-46.899999999999636,SL,6971.9
2018-01-25,2018,False,15,-1,26.699999999999818,40.04999999999973,1.425093632958801,40.04999999999973,TP,6955.7
2018-01-26,2018,False,18,-1,22.600000000000364,33.900000000000546,-1.0884955752212375,-22.600000000000364,SL,6943.2
2018-01-29,2018,False,15,1,67.60000000000036,101.40000000000055,-0.18934911242603716,-10.800000000000182,T,7008.5
2018-01-30,2018,False,15,-1,84.5,126.75,-0.03431952662721463,-0.8999999999996362,T,6928.6
2018-01-31,2018,False,15,1,71.69999999999982,107.54999999999973,-0.5383542538354191,-36.599999999999454,T,6976.9
2018-02-01,2018,False,15,-1,53.80000000000018,80.70000000000027,-0.6412639405204439,-32.5,T,6927.5
2018-02-02,2018,False,15,-1,65.19999999999982,97.79999999999973,0.7530674846625843,51.100000000000364,T,6872.5
2018-02-05,2018,False,15,-1,172.10000000000036,258.15000000000055,-0.2376525276002298,-38.899999999999636,T,6716.0
2018-02-06,2018,False,15,-1,202.0,303.0,0.0995049504950468,22.099999999999454,T,6518.7
2018-02-08,2018,False,15,-1,107.30000000000018,160.95000000000027,0.558247903075485,61.899999999999636,T,6559.2
2018-02-09,2018,False,15,-1,218.80000000000018,328.2000000000003,0.4579524680073114,102.19999999999982,T,6383.7
2018-02-12,2018,False,15,1,157.19999999999982,235.79999999999973,0.08715012722646205,15.699999999999818,T,6507.5
2018-02-13,2018,False,30,1,42.69999999999982,64.04999999999973,0.15222482435597254,8.5,T,6514.3
2018-02-14,2018,False,15,1,62.399999999999636,93.59999999999945,1.4679487179487178,93.59999999999945,TP,6535.9
2018-02-15,2018,False,15,1,214.5,321.75,0.021911421911425304,6.700000000000728,T,6726.4
2018-02-16,2018,False,15,1,103.60000000000036,155.40000000000055,0.19498069498069254,22.199999999999818,T,6803.0
2018-02-20,2018,False,15,-1,37.30000000000018,55.95000000000027,-1.0536193029490615,-37.30000000000018,SL,6772.5
2018-02-21,2018,False,15,1,77.30000000000018,115.95000000000027,0.26261319534281014,22.299999999999272,T,6817.6
2018-02-22,2018,False,19,-1,25.800000000000182,38.70000000000027,-1.0775193798449607,-25.800000000000182,SL,6799.4
2018-02-23,2018,False,90,1,32.19999999999982,48.29999999999973,0.4347826086956546,16.0,T,6819.0
2018-02-26,2018,False,15,1,154.69999999999982,232.04999999999973,-0.024563671622490478,-1.7999999999992724,T,6956.4
2018-02-27,2018,False,15,1,59.400000000000546,89.10000000000082,-0.9730639730639672,-55.80000000000018,T,6985.8
2018-02-28,2018,False,15,-1,70.90000000000055,106.35000000000082,0.13258110014103758,11.399999999999636,T,6924.2
2018-03-01,2018,False,15,-1,118.10000000000036,177.15000000000055,-0.29635901778154017,-33.0,T,6826.7
2018-03-02,2018,False,15,-1,227.5,341.25,-0.44747252747252825,-99.80000000000018,T,6657.0
2018-03-05,2018,False,15,1,136.39999999999964,204.59999999999945,0.5982404692082154,83.60000000000036,T,6782.0
2018-03-06,2018,False,15,1,127.90000000000055,191.85000000000082,-0.0062548866301812235,1.199999999999818,T,6899.6
2018-03-07,2018,False,15,-1,34.0,51.0,0.5970588235293903,22.299999999999272,T,6888.9
2018-03-08,2018,False,15,1,108.90000000000055,163.35000000000082,-0.03764921946740444,-2.100000000000364,T,6963.6
2018-03-09,2018,False,15,1,61.0,91.5,0.7770491803278778,49.400000000000546,T,7008.7
2018-03-12,2018,True,15,1,132.30000000000018,198.45000000000027,-0.017384731670447306,-0.3000000000001819,T,7139.0
2018-03-13,2018,True,15,1,68.39999999999964,102.59999999999945,-1.0292397660818715,-68.39999999999964,SL,7183.0
2018-03-14,2018,True,15,-1,121.5,182.25,0.2938271604938257,37.69999999999982,T,7061.4
2018-03-15,2018,True,15,-1,60.900000000000546,91.35000000000082,-0.6190476190476105,-35.69999999999982,T,7021.7
2018-03-16,2018,True,15,1,34.400000000000546,51.60000000000082,-1.05813953488372,-34.400000000000546,SL,7057.3
2018-03-19,2018,True,15,-1,130.0,195.0,0.7646153846153818,101.39999999999964,T,6930.2
2018-03-20,2018,True,15,-1,54.899999999999636,82.34999999999945,0.6466302367941755,37.5,T,6896.6
2018-03-21,2018,True,40,1,32.5,48.75,0.0676923076923021,4.199999999999818,T,6898.3
2018-03-23,2018,True,15,-1,225.10000000000036,337.65000000000055,0.15504220346512473,36.899999999999636,T,6649.5
2018-03-26,2018,True,20,-1,55.600000000000364,83.40000000000055,1.4640287769784175,83.40000000000055,TP,6650.4
2018-03-27,2018,True,15,1,125.69999999999982,188.54999999999973,0.0,2.0,T,6769.3
2018-03-28,2018,True,15,-1,369.89999999999964,554.8499999999995,-0.11651797783184754,-41.100000000000364,T,6435.0
2018-04-02,2018,True,15,1,58.900000000000546,88.35000000000082,-1.0339558573853986,-58.900000000000546,SL,6516.6
2018-04-03,2018,True,15,-1,118.19999999999982,177.29999999999973,0.48054145516074676,58.80000000000018,T,6442.2
2018-04-04,2018,True,15,-1,88.89999999999964,133.34999999999945,-1.0224971878515186,-88.89999999999964,SL,6368.1
2018-04-05,2018,True,15,1,271.8000000000002,407.7000000000003,0.08866813833701044,26.099999999999454,T,6599.3
2018-04-06,2018,True,15,-1,73.39999999999964,110.09999999999945,0.1825613079019157,15.400000000000546,T,6561.1
2018-04-09,2018,True,15,-1,80.5,120.75,-1.0248447204968945,-80.5,SL,6498.7
2018-04-10,2018,True,15,1,76.60000000000036,114.90000000000055,0.4151436031331597,33.80000000000018,T,6549.5
2018-04-11,2018,True,17,1,51.0,76.5,0.5882352941176471,32.0,T,6593.8
2018-04-12,2018,True,15,1,78.10000000000036,117.15000000000055,0.015364916773365076,3.199999999999818,T,6654.1
2018-04-13,2018,True,15,1,78.0,117.0,-1.0256410256410255,-78.0,SL,6694.9
2018-04-16,2018,True,15,-1,46.30000000000018,69.45000000000027,-0.17062634989201975,-5.900000000000546,T,6655.9
2018-04-17,2018,True,15,1,113.90000000000055,170.85000000000082,0.3239683933274755,38.899999999999636,T,6759.3
2018-04-18,2018,True,15,1,82.09999999999945,123.14999999999918,0.21071863580999142,19.300000000000182,T,6812.9
2018-04-19,2018,True,15,-1,48.5,72.75,0.5134020618556814,26.900000000000546,T,6783.6
2018-04-20,2018,True,15,-1,79.0,118.5,0.5594936708860851,46.20000000000073,T,6727.1
2018-04-23,2018,True,15,-1,81.30000000000018,121.95000000000027,-0.36900369003689953,-28.0,T,6677.8
2018-04-24,2018,True,20,-1,34.100000000000364,51.150000000000546,1.4413489736070388,51.150000000000546,TP,6666.4
2018-04-25,2018,True,15,-1,234.69999999999982,352.0499999999997,-0.16446527481891557,-36.599999999999454,T,6452.1
2018-04-27,2018,True,15,1,135.5,203.25,-0.4944649446494465,-65.0,T,6713.8
2018-04-30,2018,True,15,-1,61.5,92.25,0.9512195121951219,60.5,T,6690.1
2018-05-01,2018,True,15,-1,113.19999999999982,169.79999999999973,-0.14222614840989745,-14.100000000000364,T,6580.2
2018-05-02,2018,True,15,1,102.30000000000018,153.45000000000027,-0.16129032258064488,-14.5,T,6676.0
2018-05-03,2018,True,15,-1,101.19999999999982,151.79999999999973,0.15217391304347494,17.399999999999636,T,6598.2
2018-05-04,2018,True,15,1,68.39999999999964,102.59999999999945,1.2558479532163889,87.90000000000055,T,6656.4
2018-05-07,2018,True,15,1,225.80000000000018,338.7000000000003,0.013286093888396801,5.0,T,6835.2
2018-05-08,2018,True,15,-1,44.599999999999454,66.89999999999918,-0.3161434977578392,-12.099999999999454,T,6790.6
2018-05-09,2018,True,15,1,43.5,65.25,-0.12183908045977429,-3.300000000000182,T,6836.3
2018-05-10,2018,True,15,1,105.40000000000055,158.10000000000082,0.16982922201138087,19.899999999999636,T,6923.8
2018-05-11,2018,True,15,1,34.79999999999927,52.19999999999891,0.31896551724139643,13.100000000000364,T,6943.4
2018-05-14,2018,True,15,1,54.20000000000073,81.30000000000109,-0.13099630996310457,-5.100000000000364,T,6991.6
2018-05-15,2018,True,15,-1,109.20000000000073,163.8000000000011,0.10622710622710052,13.599999999999454,T,6883.9
2018-05-16,2018,True,24,1,42.19999999999982,63.29999999999973,0.1516587677725039,8.399999999999636,T,6913.0
2018-05-17,2018,True,15,1,15.799999999999272,23.69999999999891,1.3734177215189816,23.69999999999891,TP,6905.9
2018-05-18,2018,True,15,-1,37.5,56.25,-0.44,-14.5,T,6878.3
2018-05-21,2018,True,15,1,81.10000000000036,121.65000000000055,-0.6522811344019654,-50.899999999999636,T,6947.5
2018-05-22,2018,True,43,-1,36.5,54.75,0.06027397260273474,4.199999999999818,T,6913.4
2018-05-23,2018,True,15,-1,83.80000000000018,125.70000000000027,-0.2541766109785219,-19.300000000000182,T,6862.9
2018-05-24,2018,True,15,1,92.19999999999982,138.29999999999973,-0.057483731019524864,-3.300000000000182,T,6933.7
2018-05-25,2018,True,26,1,24.399999999999636,36.599999999999454,0.24590163934426595,8.0,T,6965.5
2018-05-29,2018,True,38,1,24.300000000000182,36.45000000000027,-1.0823045267489706,-24.300000000000182,SL,6962.3
2018-05-30,2018,True,15,1,43.70000000000073,65.55000000000109,0.5514874141876214,26.099999999999454,T,6955.1
2018-05-31,2018,True,15,1,36.30000000000018,54.45000000000027,0.6005509641873298,23.800000000000182,T,6982.2
2018-06-01,2018,True,15,1,61.80000000000018,92.70000000000027,0.673139158576041,43.599999999999454,T,7029.8
2018-06-04,2018,True,15,1,115.30000000000018,172.95000000000027,0.015611448395491579,3.800000000000182,T,7121.0
2018-06-05,2018,True,15,1,64.30000000000018,96.45000000000027,-0.1897356143079282,-10.199999999999818,T,7160.7
2018-06-06,2018,True,15,1,27.300000000000182,40.95000000000027,-1.0732600732600728,-27.300000000000182,SL,7179.7
2018-06-07,2018,True,15,1,34.600000000000364,51.900000000000546,-1.057803468208092,-34.600000000000364,SL,7204.6
2018-06-08,2018,True,15,-1,92.0,138.0,-0.14456521739129644,-11.299999999999272,T,7119.6
2018-06-11,2018,True,15,1,58.19999999999982,87.29999999999973,0.10824742268041583,8.300000000000182,T,7167.0
2018-06-12,2018,True,15,1,41.70000000000073,62.55000000000109,0.40047961630694306,18.699999999999818,T,7186.6
2018-06-13,2018,True,15,1,42.20000000000073,63.30000000000109,0.77488151658766,34.69999999999982,T,7221.6
2018-06-14,2018,True,15,1,42.099999999999454,63.14999999999918,0.384798099762471,18.199999999999818,T,7257.2
2018-06-15,2018,True,15,-1,40.80000000000018,61.20000000000027,-0.6740196078431343,-25.5,T,7220.8
2018-06-18,2018,True,15,-1,50.5,75.75,-1.0396039603960396,-50.5,SL,7205.9
2018-06-19,2018,True,21,-1,24.400000000000546,36.60000000000082,1.4180327868852478,36.60000000000082,TP,7184.9
2018-06-21,2018,True,16,1,21.200000000000728,31.80000000000109,-1.0943396226415063,-21.200000000000728,SL,7282.1
2018-06-22,2018,True,15,-1,101.39999999999964,152.09999999999945,-0.025641025641020353,-0.5999999999994543,T,7204.8
2018-06-27,2018,True,15,1,58.19999999999982,87.29999999999973,-0.18041237113402117,-8.5,T,7098.7
2018-06-28,2018,True,15,-1,144.40000000000055,216.60000000000082,-0.33448753462603875,-46.30000000000018,T,6962.4
2018-06-29,2018,True,15,1,132.60000000000036,198.90000000000055,-0.13951734539969796,-16.5,T,7089.5
2018-07-02,2018,True,15,-1,94.5,141.75,-0.2772486772486753,-24.199999999999818,T,6997.8
2018-07-05,2018,True,15,1,106.19999999999982,159.29999999999973,-0.0743879472692999,-5.899999999999636,T,7074.7
2018-07-06,2018,True,15,1,70.89999999999964,106.34999999999945,0.8335684062059332,61.100000000000364,T,7128.4
2018-07-09,2018,True,15,1,156.19999999999982,234.29999999999973,-0.09539052496798754,-12.899999999999636,T,7260.7
2018-07-10,2018,True,15,1,34.30000000000018,51.45000000000027,0.27988338192420736,11.600000000000364,T,7282.2
2018-07-11,2018,True,15,-1,49.600000000000364,74.40000000000055,0.01411290322580268,2.699999999999818,T,7238.9
2018-07-12,2018,True,15,1,67.70000000000073,101.55000000000109,0.8360413589364675,58.599999999999454,T,7286.6
2018-07-13,2018,True,15,1,95.80000000000018,143.70000000000027,0.12212943632567637,13.699999999999818,T,7366.6
2018-07-16,2018,True,21,1,13.199999999999818,19.799999999999727,-1.1515151515151536,-13.199999999999818,SL,7381.5
2018-07-17,2018,True,15,-1,76.69999999999982,115.04999999999973,-0.874837027379407,-65.10000000000036,T,7313.2
2018-07-18,2018,True,15,1,111.0,166.5,0.018918918918914004,4.099999999999454,T,7390.8
2018-07-19,2018,True,15,-1,30.699999999999818,46.04999999999973,0.08469055374591107,4.599999999999454,T,7380.7
2018-07-20,2018,True,67,1,27.899999999999636,41.849999999999454,-0.4086021505376267,-9.399999999999636,T,7388.4
2018-07-23,2018,True,15,-1,68.30000000000018,102.45000000000027,-0.6617862371888815,-43.20000000000073,T,7314.4
2018-07-24,2018,True,15,1,160.60000000000036,240.90000000000055,-0.27895392278953973,-42.80000000000018,T,7463.5
2018-07-25,2018,True,15,-1,52.69999999999982,79.04999999999973,-0.4288425047438414,-20.600000000000364,T,7422.2
2018-07-26,2018,True,16,-1,21.699999999999818,32.54999999999973,-1.0921658986175122,-21.699999999999818,SL,7402.2
2018-07-27,2018,True,28,-1,30.699999999999818,46.04999999999973,1.2899022801303126,41.600000000000364,T,7395.6
2018-07-30,2018,True,15,-1,233.30000000000018,349.9500000000003,-0.019717102443203818,-2.5999999999994543,T,7211.8
2018-08-01,2018,True,15,1,53.099999999999454,79.64999999999918,-0.31826741996233165,-14.899999999999636,T,7269.4
2018-08-02,2018,True,17,-1,31.699999999999818,47.54999999999973,-1.0630914826498425,-31.699999999999818,SL,7241.7
2018-08-03,2018,True,15,1,151.69999999999982,227.54999999999973,-0.061964403427815735,-7.399999999999636,T,7368.9
2018-08-06,2018,True,20,1,31.5,47.25,0.5111111111111226,18.100000000000364,T,7393.7
2018-08-07,2018,True,15,1,80.39999999999964,120.59999999999945,-0.07835820895521518,-4.299999999999272,T,7460.9
2018-08-08,2018,True,15,-1,31.299999999999272,46.94999999999891,-1.0638977635782763,-31.299999999999272,SL,7447.1
2018-08-09,2018,True,15,1,40.5,60.75,-0.0024691358024556617,1.9000000000005457,T,7474.9
2018-08-10,2018,True,15,-1,47.100000000000364,70.65000000000055,0.12738853503184616,8.0,T,7433.9
2018-08-13,2018,True,18,1,27.199999999999818,40.79999999999973,-0.966911764705862,-24.299999999999272,T,7436.9
2018-08-14,2018,True,19,-1,33.599999999999454,50.39999999999918,-1.0595238095238104,-33.599999999999454,SL,7407.1
2018-08-15,2018,True,15,-1,51.19999999999982,76.79999999999973,1.4609374999999998,76.79999999999973,TP,7385.0
2018-08-16,2018,True,61,1,28.899999999999636,43.349999999999454,0.07958477508651249,4.300000000000182,T,7411.0
2018-08-17,2018,True,15,-1,56.399999999999636,84.59999999999945,-0.18794326241133905,-8.599999999999454,T,7354.3
2018-08-20,2018,True,15,1,33.69999999999982,50.54999999999973,-0.6023738872403377,-18.299999999999272,T,7372.9
2018-08-21,2018,True,15,1,37.900000000000546,56.85000000000082,0.5250659630606689,21.899999999999636,T,7404.1
2018-08-22,2018,True,22,-1,18.300000000000182,27.450000000000273,-1.1092896174863378,-18.300000000000182,SL,7386.5
2018-08-23,2018,True,15,1,69.69999999999982,104.54999999999973,-0.48780487804878175,-32.0,T,7447.7
2018-08-24,2018,True,15,1,34.5,51.75,1.0811594202898605,39.30000000000018,T,7447.5
2018-08-27,2018,True,15,1,86.69999999999982,130.04999999999973,0.34256055363321664,31.699999999999818,T,7525.8
2018-08-28,2018,True,15,1,59.100000000000364,88.65000000000055,-0.23857868020305037,-12.100000000000364,T,7570.6
2018-08-29,2018,True,15,1,24.099999999999454,36.14999999999918,1.4170124481327782,36.14999999999918,TP,7597.9
2018-08-30,2018,True,15,1,66.69999999999982,100.04999999999973,0.19640179910044214,15.099999999999454,T,7647.8
2018-08-31,2018,True,15,1,20.5,30.75,-0.746341463414643,-13.300000000000182,T,7655.6
2018-09-04,2018,True,15,-1,70.19999999999982,105.29999999999973,-0.21937321937321477,-13.399999999999636,T,7590.8
2018-09-06,2018,True,15,-1,110.60000000000036,165.90000000000055,0.46021699819167694,52.899999999999636,T,7499.4
2018-09-10,2018,True,15,1,44.20000000000073,66.30000000000109,0.1651583710407048,9.299999999999272,T,7441.6
2018-09-11,2018,True,101,1,40.69999999999982,61.04999999999973,0.8599508599508638,37.0,T,7476.2
2018-09-12,2018,True,15,1,90.0,135.0,-0.55,-47.5,T,7490.7
2018-09-13,2018,True,15,1,99.19999999999982,148.79999999999973,-0.044354838709673834,-2.399999999999636,T,7573.4
2018-09-17,2018,True,15,-1,64.70000000000073,97.05000000000109,0.34466769706335426,24.299999999999272,T,7503.4
2018-09-18,2018,True,15,-1,48.100000000000364,72.15000000000055,-0.7505197505197524,-34.100000000000364,T,7488.4
2018-09-20,2018,True,15,1,79.60000000000036,119.40000000000055,0.24371859296481843,21.399999999999636,T,7548.1
2018-09-21,2018,True,15,1,77.10000000000036,115.65000000000055,-0.3994811932555128,-28.800000000000182,T,7599.6
2018-09-24,2018,True,15,-1,118.10000000000036,177.15000000000055,-0.4072819644369197,-46.100000000000364,T,7486.4
2018-09-25,2018,True,15,1,93.09999999999945,139.64999999999918,0.22986036519871827,23.400000000000546,T,7538.2
2018-09-26,2018,True,15,1,48.399999999999636,72.59999999999945,0.5103305785123968,26.699999999999818,T,7581.2
2018-09-27,2018,True,15,1,60.899999999999636,91.34999999999945,0.3563218390804738,23.700000000000728,T,7626.9
2018-09-28,2018,True,69,1,32.0,48.0,0.15625,7.0,T,7624.9
2018-10-01,2018,True,15,1,88.30000000000018,132.45000000000027,-0.20045300113250036,-15.699999999999818,T,7696.8
2018-10-02,2018,True,15,-1,59.400000000000546,89.10000000000082,-0.7609427609427662,-43.20000000000073,T,7636.9
2018-10-03,2018,True,15,1,53.80000000000018,80.70000000000027,0.027881040892193214,3.5,T,7661.7
2018-10-04,2018,True,15,-1,109.39999999999964,164.09999999999945,0.5950639853747768,67.10000000000036,T,7562.3
2018-10-08,2018,True,15,-1,120.80000000000018,181.20000000000027,0.5902317880794709,73.30000000000018,T,7385.7
2018-10-09,2018,True,25,1,47.100000000000364,70.65000000000055,0.45647558386411535,23.5,T,7386.1
2018-10-10,2018,True,15,-1,100.09999999999945,150.14999999999918,0.8931068931069034,91.40000000000055,T,7292.3
2018-10-11,2018,True,15,-1,310.0,465.0,-0.05193548387096891,-14.100000000000364,T,7022.2
2018-10-15,2018,True,24,-1,57.69999999999982,86.54999999999973,0.1213171577123054,9.0,T,7094.6
2018-10-16,2018,True,15,1,63.600000000000364,95.40000000000055,0.9685534591194828,63.599999999999454,T,7152.6
2018-10-17,2018,True,15,1,138.89999999999964,208.34999999999945,-0.04103671706263379,-3.699999999999818,T,7274.5
2018-10-18,2018,True,15,-1,92.69999999999982,139.04999999999973,1.0819848975188822,102.30000000000018,T,7225.8
2018-10-19,2018,True,15,-1,43.900000000000546,65.85000000000082,1.454441913439636,65.85000000000082,TP,7210.7
2018-10-22,2018,True,15,-1,78.59999999999945,117.89999999999918,-0.24300254452925682,-17.099999999999454,T,7130.3
2018-10-23,2018,True,15,-1,169.0,253.5,0.11183431952662506,20.899999999999636,T,6999.5
2018-10-24,2018,True,15,1,106.40000000000055,159.60000000000082,-1.0187969924812028,-106.40000000000055,SL,7094.3
2018-10-25,2018,True,15,-1,224.89999999999964,337.34999999999945,-0.40995998221431734,-90.19999999999982,T,6892.8
2018-10-26,2018,True,16,-1,53.399999999999636,80.09999999999945,1.4625468164794004,80.09999999999945,TP,6857.6
2018-10-29,2018,True,15,1,135.09999999999945,202.64999999999918,-0.5440414507772042,-71.5,T,6916.7
2018-10-30,2018,True,15,-1,242.80000000000018,364.2000000000003,-0.1832784184514002,-42.5,T,6717.7
2018-10-31,2018,True,15,1,312.0,468.0,-0.04551282051281993,-12.199999999999818,T,6964.9
2018-11-01,2018,True,15,1,52.5,78.75,0.8780952380952277,48.099999999999454,T,6972.6
2018-11-02,2018,True,15,1,107.60000000000036,161.40000000000055,-1.0185873605947955,-107.60000000000036,SL,7078.5
2018-11-05,2018,False,15,-1,180.29999999999927,270.4499999999989,0.02218524681087086,6.0,T,6903.6
2018-11-06,2018,False,15,1,110.69999999999982,166.04999999999973,-0.3071364046973808,-32.0,T,7006.7
2018-11-07,2018,False,15,1,150.90000000000055,226.35000000000082,0.5831676607024499,90.0,T,7082.8
2018-11-08,2018,False,15,1,100.0,150.0,0.14600000000000363,16.600000000000364,T,7154.7
2018-11-09,2018,False,15,-1,110.10000000000036,165.15000000000055,0.4586739327883727,52.5,T,7068.0
2018-11-12,2018,False,15,-1,169.59999999999945,254.39999999999918,0.42865566037736413,74.70000000000073,T,6937.1
2018-11-13,2018,False,15,-1,114.19999999999982,171.29999999999973,-0.12259194395796867,-12.0,T,6887.0
2018-11-14,2018,False,15,1,56.100000000000364,84.15000000000055,-1.0356506238859178,-56.100000000000364,SL,6912.3
2018-11-15,2018,False,15,-1,127.89999999999964,191.84999999999945,-0.1548084440969526,-17.800000000000182,T,6783.5
2018-11-16,2018,False,15,1,90.0,135.0,0.03777777777777373,5.399999999999636,T,6818.0
2018-11-19,2018,False,20,-1,37.5,56.25,1.4466666666666668,56.25,TP,6795.0
2018-11-20,2018,False,15,-1,306.7000000000007,460.0500000000011,-0.1887838278448008,-55.900000000000546,T,6535.4
2018-11-21,2018,False,15,1,131.10000000000036,196.65000000000055,0.06864988558352383,11.0,T,6603.0
2018-11-26,2018,False,25,1,56.0,84.0,-0.2196428571428604,-10.300000000000182,T,6636.0
2018-11-27,2018,False,15,1,42.900000000000546,64.35000000000082,1.453379953379954,64.35000000000082,TP,6633.8
2018-11-28,2018,False,15,1,125.80000000000018,188.70000000000027,0.023052464228931892,4.899999999999636,T,6732.3
2018-11-29,2018,False,15,1,147.69999999999982,221.54999999999973,0.03994583615436455,7.899999999999636,T,6879.3
2018-11-30,2018,False,60,1,36.899999999999636,55.349999999999454,-0.05420054200542059,0.0,T,6909.0
2018-12-03,2018,False,15,1,201.0,301.5,-0.21940298507462416,-42.099999999999454,T,7067.9
2018-12-04,2018,False,15,-1,69.70000000000073,104.55000000000109,0.5954088952654171,43.5,T,7032.9
2018-12-06,2018,False,15,-1,330.3000000000002,495.4500000000003,-0.03360581289736436,-9.099999999999454,T,6712.3
2018-12-10,2018,False,18,-1,83.59999999999945,125.39999999999918,0.6100478468899562,53.0,T,6634.3
2018-12-11,2018,False,15,1,178.89999999999964,268.34999999999945,-0.1978759083286736,-33.399999999999636,T,6777.9
2018-12-12,2018,False,15,1,34.29999999999927,51.44999999999891,1.441690962099124,51.44999999999891,TP,6794.4
2018-12-13,2018,False,15,1,25.099999999999454,37.64999999999918,-1.0796812749004001,-25.099999999999454,SL,6808.2
2018-12-14,2018,False,15,-1,153.89999999999964,230.84999999999945,0.1741390513320354,28.800000000000182,T,6673.8
2018-12-17,2018,False,15,-1,160.40000000000055,240.60000000000082,-0.5374064837905264,-84.20000000000073,T,6525.9
2018-12-18,2018,False,20,-1,66.89999999999964,100.34999999999945,0.179372197309418,14.0,T,6510.3
2018-12-19,2018,False,17,1,37.100000000000364,55.650000000000546,0.8948787061994472,35.19999999999982,T,6519.6
2018-12-20,2018,False,15,-1,190.60000000000036,285.90000000000055,0.4569779643231862,89.09999999999945,T,6326.2
2018-12-21,2018,False,15,-1,96.5,144.75,0.9865284974093246,97.19999999999982,T,6260.4
2018-12-26,2018,False,15,-1,297.0,445.5,-0.19057239057238873,-54.599999999999454,T,5995.1
2018-12-27,2018,False,15,1,218.5,327.75,-0.18581235697940254,-38.599999999999454,T,6175.2
2018-12-28,2018,False,15,1,169.0,253.5,-0.10946745562130178,-16.5,T,6320.7
2019-01-02,2019,False,15,-1,88.09999999999945,132.14999999999918,-1.0227014755959138,-88.09999999999945,SL,6245.3
2019-01-03,2019,False,15,1,58.399999999999636,87.59999999999945,-1.034246575342466,-58.399999999999636,SL,6253.7
2019-01-04,2019,False,27,1,46.29999999999927,69.44999999999891,1.4568034557235414,69.44999999999891,TP,6291.4
2019-01-07,2019,False,15,1,203.0,304.5,0.3482758620689646,72.69999999999982,T,6432.7
2019-01-08,2019,False,15,1,147.80000000000018,221.70000000000027,-0.3585926928281457,-51.0,T,6557.8
2019-01-09,2019,False,15,1,34.5,51.75,-1.0579710144927537,-34.5,SL,6582.6
2019-01-10,2019,False,15,-1,56.899999999999636,85.34999999999945,-1.0351493848857647,-56.899999999999636,SL,6535.6
2019-01-11,2019,False,15,1,43.0,64.5,0.2953488372092981,14.699999999999818,T,6572.7
2019-01-14,2019,False,15,-1,60.0,90.0,-0.5,-28.0,T,6527.8
2019-01-15,2019,False,15,1,112.89999999999964,169.34999999999945,0.32595217006200444,38.80000000000018,T,6624.2
2019-01-16,2019,False,15,1,139.40000000000055,209.10000000000082,-0.23242467718795135,-30.400000000000546,T,6704.1
2019-01-17,2019,False,15,-1,46.19999999999982,69.29999999999973,-0.5064935064935007,-21.399999999999636,T,6657.3
2019-01-18,2019,False,15,1,111.79999999999927,167.6999999999989,0.5053667262969621,58.5,T,6743.9
2019-01-22,2019,False,15,-1,49.0,73.5,1.0,51.0,T,6724.6
2019-01-23,2019,False,15,-1,39.0,58.5,1.4487179487179487,58.5,TP,6699.9
2019-01-24,2019,False,25,-1,26.199999999999818,39.29999999999973,-1.076335877862596,-26.199999999999818,SL,6676.0
2019-01-25,2019,False,15,1,76.80000000000018,115.20000000000027,0.6627604166666722,52.900000000000546,T,6741.2
2019-01-28,2019,False,15,-1,83.19999999999982,124.79999999999973,0.27163461538462036,24.600000000000364,T,6672.5
2019-01-29,2019,False,68,-1,36.80000000000018,55.20000000000027,0.7010869565217406,27.800000000000182,T,6659.7
2019-01-30,2019,False,15,1,41.69999999999982,62.54999999999973,0.17505995203837443,9.300000000000182,T,6715.3
2019-01-31,2019,False,15,1,151.89999999999964,227.84999999999945,0.48189598420013163,75.19999999999982,T,6855.5
2019-02-01,2019,False,15,1,72.30000000000018,108.45000000000027,0.0719225449515879,7.199999999999818,T,6906.1
2019-02-04,2019,False,41,1,41.400000000000546,62.10000000000082,0.7753623188405563,34.099999999999454,T,6907.1
2019-02-05,2019,False,15,1,136.69999999999982,205.04999999999973,0.046817849305051604,8.400000000000546,T,7007.2
2019-02-06,2019,False,15,1,53.5,80.25,-0.45233644859812744,-22.199999999999818,T,7020.8
2019-02-07,2019,False,15,-1,121.19999999999982,181.79999999999973,0.3853135313531344,48.69999999999982,T,6912.5
2019-02-08,2019,False,15,-1,89.70000000000073,134.5500000000011,-0.19955406911929097,-15.900000000000546,T,6847.9
2019-02-11,2019,False,15,1,89.39999999999964,134.09999999999945,-0.17897091722595151,-14.0,T,6929.2
2019-02-12,2019,False,15,1,54.80000000000018,82.20000000000027,0.44160583941605364,26.199999999999818,T,6981.8
2019-02-13,2019,False,15,1,99.10000000000036,148.65000000000055,-0.20585267406660415,-18.400000000000546,T,7047.6
2019-02-14,2019,False,15,-1,82.0,123.0,-0.4268292682926829,-33.0,T,6980.7
2019-02-15,2019,False,15,1,86.60000000000036,129.90000000000055,-0.2528868360277189,-19.900000000000546,T,7051.1
2019-02-20,2019,False,15,1,43.600000000000364,65.40000000000055,0.14449541284401882,8.299999999999272,T,7074.1
2019-02-21,2019,False,15,-1,56.80000000000018,85.20000000000027,-0.3996478873239392,-20.699999999999818,T,7026.7
2019-02-22,2019,False,15,1,32.70000000000073,49.05000000000109,0.83486238532106,29.299999999999272,T,7059.6
2019-02-25,2019,False,15,1,111.30000000000018,166.95000000000027,-0.1230907457322615,-11.700000000000728,T,7160.1
2019-02-26,2019,False,15,-1,55.400000000000546,83.10000000000082,-0.2563176895306801,-12.199999999999818,T,7105.7
2019-02-27,2019,False,26,-1,27.599999999999454,41.39999999999918,-0.42753623188404005,-9.799999999999272,T,7083.6
2019-02-28,2019,False,36,-1,30.800000000000182,46.20000000000027,-1.0649350649350646,-30.800000000000182,SL,7082.5
2019-03-01,2019,False,15,1,63.70000000000073,95.55000000000109,-0.6875981161695397,-41.80000000000018,T,7151.1
2019-03-04,2019,False,15,1,64.30000000000018,96.45000000000027,-1.031104199066874,-64.30000000000018,SL,7204.2
2019-03-05,2019,False,15,-1,70.29999999999927,105.44999999999891,-0.3726884779516371,-24.199999999999818,T,7137.1
2019-03-06,2019,False,15,1,19.099999999999454,28.64999999999918,-1.1047120418848198,-19.099999999999454,SL,7159.4
2019-03-07,2019,False,15,-1,107.80000000000018,161.70000000000027,-0.07142857142856962,-5.699999999999818,T,7055.2
2019-03-08,2019,False,15,-1,138.40000000000055,207.60000000000082,-0.16184971098266226,-20.400000000000546,T,6958.2
2019-03-11,2019,True,15,1,138.5,207.75,0.40722021660649554,58.399999999999636,T,7080.1
2019-03-12,2019,True,15,1,129.39999999999964,194.09999999999945,0.3214837712519357,43.600000000000364,T,7173.0
2019-03-13,2019,True,15,1,76.69999999999982,115.04999999999973,0.43155149934811526,35.100000000000364,T,7239.5
2019-03-14,2019,True,16,1,19.300000000000182,28.950000000000273,0.512953367875624,11.899999999999636,T,7247.8
2019-03-15,2019,True,15,1,44.80000000000018,67.20000000000027,0.47321428571427976,23.199999999999818,T,7285.8
2019-03-18,2019,True,15,1,56.79999999999927,85.19999999999891,-0.31161971830985996,-15.699999999999818,T,7321.4
2019-03-19,2019,True,15,1,47.19999999999982,70.79999999999973,0.5508474576271207,28.0,T,7353.5
2019-03-20,2019,True,15,-1,28.899999999999636,43.349999999999454,0.36332179930796304,12.5,T,7340.5
2019-03-22,2019,True,15,1,133.10000000000036,199.65000000000055,-0.8354620586025508,-109.19999999999982,T,7461.8
2019-03-25,2019,True,15,-1,180.09999999999945,270.1499999999992,-0.03053858967240431,-3.5,T,7301.3
2019-03-27,2019,True,15,-1,41.5,62.25,1.4518072289156627,62.25,TP,7351.2
2019-03-28,2019,True,15,-1,67.69999999999982,101.54999999999973,0.17429837518464125,13.800000000000182,T,7309.2
2019-03-29,2019,True,15,1,66.39999999999964,99.59999999999945,-0.06626506024095874,-2.399999999999636,T,7361.4
2019-04-01,2019,True,15,1,77.90000000000055,116.85000000000082,0.16944801026957285,15.199999999999818,T,7436.3
2019-04-02,2019,True,15,1,37.399999999999636,56.099999999999454,0.2700534759358412,12.100000000000364,T,7473.4
2019-04-03,2019,True,15,1,75.90000000000055,113.85000000000082,0.5270092226613928,42.0,T,7543.8
2019-04-04,2019,True,15,1,37.70000000000073,56.55000000000109,-1.053050397877983,-37.70000000000073,SL,7567.1
2019-04-05,2019,True,15,1,26.0,39.0,0.08461538461537763,4.199999999999818,T,7566.2
2019-04-08,2019,True,15,-1,33.099999999999454,49.64999999999918,-1.0604229607250766,-33.099999999999454,SL,7539.3
2019-04-09,2019,True,15,1,44.80000000000018,67.20000000000027,0.0,2.0,T,7581.3
2019-04-10,2019,True,15,1,30.599999999999454,45.89999999999918,0.24836601307191175,9.600000000000364,T,7589.7
2019-04-11,2019,True,15,1,26.800000000000182,40.20000000000027,-0.17164179104478852,-2.600000000000364,T,7599.0
2019-04-12,2019,True,15,1,21.0,31.5,-1.0952380952380953,-21.0,SL,7623.7
2019-04-15,2019,True,23,-1,12.5,18.75,1.34,18.75,TP,7618.4
2019-04-16,2019,True,15,1,29.5,44.25,-0.16271186440678584,-2.800000000000182,T,7655.8
2019-04-17,2019,True,15,1,48.399999999999636,72.59999999999945,-0.5,-22.199999999999818,T,7695.2
2019-04-18,2019,True,15,-1,34.399999999999636,51.599999999999454,-0.0784883720930188,-0.6999999999998181,T,7676.6
2019-04-22,2019,True,15,-1,28.400000000000546,42.60000000000082,-1.0704225352112662,-28.400000000000546,SL,7666.4
2019-04-23,2019,True,15,1,99.89999999999964,149.84999999999945,0.43443443443444146,45.400000000000546,T,7752.2
2019-04-25,2019,True,16,1,22.599999999999454,33.89999999999918,-1.088495575221241,-22.599999999999454,SL,7827.2
2019-04-30,2019,True,15,-1,58.69999999999982,88.04999999999973,0.32197614991481593,20.899999999999636,T,7777.2
2019-05-02,2019,True,15,-1,33.900000000000546,50.85000000000082,1.4410029498525083,50.85000000000082,TP,7757.4
2019-05-03,2019,True,15,1,33.5,50.25,1.4402985074626866,50.25,TP,7772.9
2019-05-06,2019,True,15,-1,52.600000000000364,78.90000000000055,-0.4258555133079922,-20.400000000000546,T,7733.4
2019-05-08,2019,True,15,-1,112.30000000000018,168.45000000000027,-0.1451469278717734,-14.300000000000182,T,7627.9
2019-05-09,2019,True,15,-1,124.19999999999982,186.29999999999973,-0.06038647342995178,-5.5,T,7514.7
2019-05-10,2019,True,15,1,49.30000000000018,73.95000000000027,-1.0405679513184583,-49.30000000000018,SL,7566.6
2019-05-13,2019,True,15,-1,154.39999999999964,231.59999999999945,0.41386010362694753,65.90000000000055,T,7413.1
2019-05-14,2019,True,15,-1,57.100000000000364,85.65000000000055,-1.0350262697022765,-57.100000000000364,SL,7376.0
2019-05-15,2019,True,15,1,28.100000000000364,42.150000000000546,1.4288256227758016,42.150000000000546,TP,7384.6
2019-05-16,2019,True,15,1,196.90000000000055,295.3500000000008,0.35093956323006226,71.09999999999945,T,7546.8
2019-05-17,2019,True,17,1,54.599999999999454,81.89999999999918,0.08974358974360064,6.900000000000546,T,7552.4
2019-05-20,2019,True,15,-1,169.59999999999945,254.39999999999918,-0.10966981132075185,-16.599999999999454,T,7380.6
2019-05-21,2019,True,15,1,84.80000000000018,127.20000000000027,0.047169811320754616,6.0,T,7434.7
2019-05-22,2019,True,15,-1,24.199999999999818,36.29999999999973,-1.0826446280991742,-24.199999999999818,SL,7428.1
2019-05-23,2019,True,15,-1,135.80000000000018,203.70000000000027,0.10751104565537808,16.600000000000364,T,7300.3
2019-05-24,2019,True,15,1,56.099999999999454,84.14999999999918,-1.0356506238859184,-56.099999999999454,SL,7362.2
2019-05-28,2019,True,30,-1,27.299999999999272,40.94999999999891,0.06593406593407436,3.800000000000182,T,7343.1
2019-05-29,2019,True,15,-1,132.5,198.75,0.3260377358490552,45.19999999999982,T,7231.4
2019-05-30,2019,True,15,1,42.69999999999982,64.04999999999973,-0.36065573770493237,-13.400000000000546,T,7246.8
2019-05-31,2019,True,15,-1,109.39999999999964,164.09999999999945,-0.25137111517367544,-25.5,T,7143.5
2019-06-03,2019,True,15,-1,73.30000000000018,109.95000000000027,0.4652114597544376,36.100000000000364,T,7090.5
2019-06-04,2019,True,15,-1,89.10000000000036,133.65000000000055,-1.0224466891133557,-89.10000000000036,SL,7037.7
2019-06-05,2019,True,15,1,171.19999999999982,256.7999999999997,0.026869158878506827,6.600000000000364,T,7198.2
2019-06-06,2019,True,109,1,36.5,54.75,-0.3643835616438157,-11.299999999999272,T,7236.9
2019-06-07,2019,True,15,1,135.0,202.5,0.5037037037037037,70.0,T,7348.1
2019-06-10,2019,True,15,1,198.19999999999982,297.2999999999997,0.3128153380423817,64.0,T,7504.0
2019-06-11,2019,True,15,1,106.19999999999982,159.29999999999973,-0.537664783427491,-55.099999999999454,T,7571.2
2019-06-12,2019,True,15,-1,96.39999999999964,144.59999999999945,0.3682572614107898,37.5,T,7499.1
2019-06-13,2019,True,15,1,48.19999999999982,72.29999999999973,-0.33609958506223814,-14.199999999999818,T,7523.5
2019-06-14,2019,True,15,-1,62.099999999999454,93.14999999999918,-0.217391304347828,-11.5,T,7460.6
2019-06-17,2019,True,15,1,70.20000000000073,105.30000000000109,0.019943019943014555,3.399999999999636,T,7523.1
2019-06-18,2019,True,15,1,170.69999999999982,256.0499999999997,-0.07967193907439642,-11.599999999999454,T,7659.4
2019-06-20,2019,True,15,1,139.80000000000018,209.70000000000027,-0.19313304721030017,-25.0,T,7748.2
2019-06-21,2019,True,15,-1,55.399999999999636,83.09999999999945,-1.0361010830324913,-55.399999999999636,SL,7716.6
2019-06-24,2019,True,15,1,31.199999999999818,46.79999999999973,0.022435897435920886,2.7000000000007276,T,7739.4
2019-06-25,2019,True,15,-1,45.69999999999982,68.54999999999973,0.9190371991247301,44.0,T,7702.5
2019-06-26,2019,True,15,-1,49.399999999999636,74.09999999999945,0.271255060728758,15.400000000000546,T,7673.8
2019-06-28,2019,True,21,-1,26.299999999999272,39.44999999999891,-0.8174904942966006,-19.5,T,7642.6
2019-07-01,2019,True,15,1,147.0,220.5,-0.20408163265306123,-28.0,T,7800.8
2019-07-02,2019,True,15,-1,61.30000000000018,91.95000000000027,0.011419249592166655,2.699999999999818,T,7762.4
2019-07-05,2019,True,15,1,55.0,82.5,-0.12181818181817851,-4.699999999999818,T,7806.3
2019-07-08,2019,True,15,-1,52.0,78.0,-0.12115384615384965,-4.300000000000182,T,7762.7
2019-07-09,2019,True,63,1,39.0,58.5,0.2717948717948811,12.600000000000364,T,7794.7
2019-07-10,2019,True,15,1,159.79999999999927,239.6999999999989,-0.05569461827283903,-6.899999999999636,T,7901.4
2019-07-12,2019,True,56,-1,19.899999999999636,29.849999999999454,-1.1005025125628158,-19.899999999999636,SL,7904.5
2019-07-15,2019,True,15,1,47.5,71.25,-0.08842105263157511,-2.199999999999818,T,7949.4
2019-07-16,2019,True,15,1,17.199999999999818,25.799999999999727,-1.1162790697674432,-17.199999999999818,SL,7962.7
2019-07-17,2019,True,15,-1,26.599999999999454,39.89999999999918,0.47744360902259353,14.700000000000728,T,7935.6
2019-07-18,2019,True,15,-1,70.39999999999964,105.59999999999945,0.5440340909090963,40.30000000000018,T,7870.0
2019-07-22,2019,True,15,-1,76.80000000000018,115.20000000000027,-0.16406250000000436,-10.600000000000364,T,7878.2
2019-07-23,2019,True,15,1,66.19999999999982,99.29999999999973,-0.3444108761329205,-20.799999999999272,T,7924.4
2019-07-24,2019,True,15,1,25.199999999999818,37.79999999999973,0.46825396825397886,13.800000000000182,T,7948.9
2019-07-25,2019,True,36,1,29.600000000000364,44.400000000000546,-0.2500000000000154,-5.400000000000546,T,7952.3
2019-07-26,2019,True,15,1,65.59999999999945,98.39999999999918,0.03506097560975916,4.300000000000182,T,8011.7
2019-07-29,2019,True,15,-1,44.5,66.75,-0.056179775280898875,-0.5,T,7973.6
2019-07-30,2019,True,15,-1,57.100000000000364,85.65000000000055,0.10683012259194964,8.100000000000364,T,7953.0
2019-07-31,2019,True,15,1,42.0,63.0,0.21190476190475324,10.899999999999636,T,7962.6
2019-08-01,2019,True,15,-1,67.59999999999945,101.39999999999918,-1.0295857988165682,-67.59999999999945,SL,7907.3
2019-08-05,2019,True,15,-1,262.09999999999945,393.1499999999992,0.11713086608164777,32.69999999999982,T,7492.8
2019-08-06,2019,True,16,-1,47.5,71.25,0.2505263157894852,13.900000000000546,T,7484.6
2019-08-07,2019,True,15,-1,127.09999999999945,190.64999999999918,-1.0157356412273801,-127.09999999999945,SL,7392.6
2019-08-08,2019,True,15,1,179.29999999999927,268.9499999999989,0.4718349135527089,86.60000000000036,T,7591.4
2019-08-09,2019,True,15,1,110.60000000000036,165.90000000000055,-0.8499095840867965,-92.0,T,7687.6
2019-08-12,2019,True,15,-1,119.40000000000055,179.10000000000082,-0.1783919597989957,-19.300000000000182,T,7591.2
2019-08-13,2019,True,15,1,74.0,111.0,1.472972972972973,111.0,TP,7647.9
2019-08-14,2019,True,90,-1,78.39999999999964,117.59999999999945,0.3571428571428588,30.0,T,7544.5
2019-08-15,2019,True,15,-1,131.59999999999945,197.39999999999918,-0.0645896656534957,-6.5,T,7490.1
2019-08-16,2019,True,15,1,113.30000000000018,169.95000000000027,0.2850838481906455,34.30000000000018,T,7563.8
2019-08-19,2019,True,15,1,180.89999999999964,271.34999999999945,-0.020453289110004564,-1.699999999999818,T,7727.5
2019-08-20,2019,True,15,-1,49.0,73.5,-0.4836734693877514,-21.699999999999818,T,7687.3
2019-08-21,2019,True,15,1,76.59999999999945,114.89999999999918,-0.11618798955613185,-6.899999999999636,T,7752.7
2019-08-22,2019,True,50,-1,39.099999999999454,58.64999999999918,1.4488491048593344,58.64999999999918,TP,7717.1
2019-08-23,2019,True,15,-1,109.30000000000018,163.95000000000027,1.2607502287282621,139.79999999999927,T,7654.9
2019-08-26,2019,True,15,-1,129.69999999999982,194.54999999999973,-0.06861989205859405,-6.899999999999636,T,7536.5
2019-08-27,2019,True,15,1,95.39999999999964,143.09999999999945,-0.5566037735849021,-51.099999999999454,T,7622.9
2019-08-28,2019,True,15,-1,112.30000000000018,168.45000000000027,-0.5654496883348166,-61.5,T,7522.7
2019-08-29,2019,True,15,1,208.5,312.75,-0.024940047961629824,-3.199999999999818,T,7706.2
2019-08-30,2019,True,15,1,46.100000000000364,69.15000000000055,-1.0433839479392621,-46.100000000000364,SL,7722.6
2019-09-03,2019,True,15,-1,83.59999999999945,125.39999999999918,0.3576555023923534,31.900000000000546,T,7660.6
2019-09-04,2019,True,15,1,71.69999999999982,107.54999999999973,-0.020920502092050264,0.5,T,7695.0
2019-09-05,2019,True,15,1,150.69999999999982,226.04999999999973,0.12806901128069148,21.300000000000182,T,7826.8
2019-09-06,2019,True,15,1,43.29999999999927,64.94999999999891,0.23325635103927328,12.100000000000364,T,7841.9
2019-09-09,2019,True,91,1,36.899999999999636,55.349999999999454,-0.41192411924119154,-13.199999999999818,T,7872.9
2019-09-10,2019,True,15,-1,125.90000000000055,188.85000000000082,-0.20571882446386364,-23.900000000000546,T,7754.4
2019-09-11,2019,True,15,1,88.0,132.0,0.4170454545454525,38.69999999999982,T,7835.7
2019-09-12,2019,True,15,1,117.69999999999982,176.54999999999973,0.13423959218351916,17.800000000000182,T,7925.8
2019-09-13,2019,True,15,-1,52.399999999999636,78.59999999999945,-0.015267175572522662,1.199999999999818,T,7898.8
2019-09-16,2019,True,15,-1,59.0,88.5,0.2627118644067797,17.5,T,7848.6
2019-09-17,2019,True,15,1,30.199999999999818,45.29999999999973,-0.15231788079468483,-2.5999999999994543,T,7861.4
2019-09-18,2019,True,26,1,30.800000000000182,46.20000000000027,-0.13636363636362966,-2.199999999999818,T,7867.7
2019-09-19,2019,True,15,1,68.30000000000018,102.45000000000027,-0.08491947291361883,-3.800000000000182,T,7930.0
2019-09-20,2019,True,69,-1,43.099999999999454,64.64999999999918,0.42459396751741096,20.300000000000182,T,7895.6
2019-09-23,2019,True,15,-1,101.30000000000018,151.95000000000027,-0.06712734452122576,-4.800000000000182,T,7817.5
2019-09-24,2019,True,15,1,64.30000000000018,96.45000000000027,-1.031104199066874,-64.30000000000018,SL,7861.3
2019-09-25,2019,True,15,-1,173.89999999999964,260.84999999999945,-0.23519263944795699,-38.899999999999636,T,7693.1
2019-09-26,2019,True,15,1,70.89999999999964,106.34999999999945,-0.49647390691114246,-33.19999999999982,T,7766.7
2019-09-27,2019,True,22,-1,42.30000000000018,63.45000000000027,0.24349881796688483,12.299999999999272,T,7752.4
2019-09-30,2019,True,15,-1,84.89999999999964,127.34999999999945,-0.373380447585394,-29.699999999999818,T,7706.5
2019-10-01,2019,True,15,1,121.10000000000036,181.65000000000055,-0.8480594549958671,-100.69999999999982,T,7814.8
2019-10-02,2019,True,15,-1,222.0,333.0,0.20855855855855937,48.30000000000018,T,7594.3
2019-10-03,2019,True,15,-1,77.5,116.25,-0.2167741935483777,-14.799999999999272,T,7557.1
2019-10-04,2019,True,15,1,143.69999999999982,215.54999999999973,0.30480167014613946,45.80000000000018,T,7678.4
2019-10-07,2019,True,15,1,45.5,68.25,1.2461538461538422,58.69999999999982,T,7715.0
2019-10-08,2019,True,15,-1,80.89999999999964,121.34999999999945,0.2546353522867794,22.600000000000364,T,7662.5
2019-10-09,2019,True,16,1,36.80000000000018,55.20000000000027,0.03804347826088421,3.4000000000005457,T,7680.7
2019-10-10,2019,True,15,1,37.69999999999982,56.54999999999973,1.4469496021220156,56.54999999999973,TP,7695.9
2019-10-11,2019,True,15,1,181.80000000000018,272.7000000000003,0.06215621562156309,13.300000000000182,T,7859.7
2019-10-14,2019,True,38,1,26.899999999999636,40.349999999999454,-0.32342007434944,-6.699999999999818,T,7857.7
2019-10-15,2019,True,15,1,61.19999999999982,91.79999999999973,0.8235294117647024,52.399999999999636,T,7885.0
2019-10-16,2019,True,15,1,53.899999999999636,80.84999999999945,0.04823747680891245,4.600000000000364,T,7914.5
2019-10-17,2019,True,15,1,66.5,99.75,-0.7142857142857143,-45.5,T,7971.3
2019-10-18,2019,True,15,-1,42.900000000000546,64.35000000000082,1.453379953379954,64.35000000000082,TP,7936.7
2019-10-21,2019,True,15,-1,29.100000000000364,43.650000000000546,-0.29896907216493845,-6.699999999999818,T,7914.0
2019-10-22,2019,True,15,1,72.59999999999945,108.89999999999918,-0.8278236914600539,-58.099999999999454,T,7974.7
2019-10-23,2019,True,15,-1,104.39999999999964,156.59999999999945,-0.0019157088122588007,1.800000000000182,T,7873.6
2019-10-24,2019,True,15,1,100.20000000000073,150.3000000000011,0.17564870259480367,19.599999999999454,T,7944.1
2019-10-25,2019,True,20,1,21.400000000000546,32.10000000000082,1.4065420560747688,32.10000000000082,TP,7956.6
2019-10-28,2019,True,15,1,158.89999999999964,238.34999999999945,0.12964128382630843,22.600000000000364,T,8080.0
2019-10-29,2019,True,22,1,26.799999999999272,40.19999999999891,-1.0746268656716438,-26.799999999999272,SL,8092.9
2019-10-30,2019,True,15,-1,69.40000000000055,104.10000000000082,-0.09654178674352558,-4.700000000000728,T,8037.4
2019-10-31,2019,True,15,1,55.30000000000018,82.95000000000027,-0.3453887884267521,-17.099999999999454,T,8086.7
2019-11-01,2019,True,15,1,38.30000000000018,57.45000000000027,0.295039164490865,13.300000000000182,T,8121.8
2019-11-04,2019,False,15,1,102.10000000000036,153.15000000000055,-0.17140058765915708,-15.5,T,8213.7
2019-11-05,2019,False,15,-1,22.399999999999636,33.599999999999454,-1.0892857142857157,-22.399999999999636,SL,8206.4
2019-11-06,2019,False,15,-1,38.0,57.0,0.5289473684210622,22.100000000000364,T,8188.1
2019-11-07,2019,False,15,1,62.900000000000546,94.35000000000082,0.27186009538948164,19.099999999998545,T,8246.7
2019-11-08,2019,False,15,-1,27.700000000000728,41.55000000000109,-0.35018050541517953,-7.700000000000728,T,8223.5
2019-11-11,2019,False,47,1,26.400000000001455,39.60000000000218,0.13257575757575027,5.5,T,8225.7
2019-11-12,2019,False,15,1,59.600000000000364,89.40000000000055,0.27348993288592266,18.30000000000109,T,8259.9
2019-11-13,2019,False,18,-1,21.899999999999636,32.849999999999454,-1.0913242009132436,-21.899999999999636,SL,8242.4
2019-11-14,2019,False,86,-1,27.700000000000728,41.55000000000109,0.35018050541511386,11.699999999998909,T,8229.3
2019-11-15,2019,False,15,1,62.30000000000109,93.45000000000164,0.15248796147672286,11.5,T,8292.6
2019-11-18,2019,False,15,-1,29.700000000000728,44.55000000000109,-1.0673400673400657,-29.700000000000728,SL,8279.9
2019-11-20,2019,False,15,-1,45.70000000000073,68.55000000000109,-0.0787746170678404,-1.6000000000003638,T,8312.9
2019-11-21,2019,False,15,-1,59.30000000000109,88.95000000000164,0.3170320404721573,20.799999999999272,T,8262.9
2019-11-22,2019,False,17,1,25.30000000000109,37.95000000000164,-1.0790513833992061,-25.30000000000109,SL,8280.1
2019-11-25,2019,False,15,1,67.60000000000036,101.40000000000055,0.2426035502958513,18.399999999999636,T,8340.4
2019-11-26,2019,False,15,1,58.70000000000073,88.05000000000109,0.330494037478695,21.399999999999636,T,8365.5
2019-11-27,2019,False,15,1,40.100000000000364,60.150000000000546,0.5960099750623297,25.899999999999636,T,8405.6
2019-12-02,2019,False,15,-1,42.599999999998545,63.89999999999782,1.4530516431924867,63.89999999999782,TP,8367.2
2019-12-04,2019,False,15,1,116.19999999999982,174.29999999999973,-0.002581755593797529,1.7000000000007276,T,8298.5
2019-12-05,2019,False,15,1,29.5,44.25,-1.0677966101694916,-29.5,SL,8313.6
2019-12-06,2019,False,15,1,86.80000000000109,130.20000000000164,-0.009216589861763609,1.1999999999989086,T,8386.2
2019-12-09,2019,False,15,1,58.19999999999891,87.29999999999836,-0.5584192439862647,-30.5,T,8422.9
2019-12-11,2019,False,15,1,35.5,53.25,0.0366197183098899,3.3000000000010914,T,8370.9
2019-12-12,2019,False,15,1,81.10000000000036,121.65000000000055,-0.19112207151664526,-13.5,T,8441.0
2019-12-16,2019,False,15,1,129.29999999999927,193.9499999999989,0.0850734725444707,13.0,T,8566.4
2019-12-17,2019,False,15,1,25.700000000000728,38.55000000000109,0.1556420233462991,6.0,T,8568.2
2019-12-18,2019,False,15,1,25.700000000000728,38.55000000000109,0.206225680933818,7.299999999999272,T,8593.5
2019-12-19,2019,False,16,1,12.899999999999636,19.349999999999454,1.3449612403100732,19.349999999999454,TP,8597.3
2019-12-20,2019,False,15,1,77.20000000000073,115.80000000000109,0.10492227979272628,10.099999999998545,T,8663.7
2019-12-23,2019,False,15,1,40.79999999999927,61.19999999999891,0.16421568627453056,8.700000000000728,T,8699.5
2019-12-26,2019,False,15,1,35.79999999999927,53.69999999999891,0.6145251396648169,24.0,T,8728.9
2019-12-27,2019,False,15,1,79.70000000000073,119.55000000000109,-0.10414052697617335,-6.300000000001091,T,8792.6
2019-12-30,2019,False,15,-1,99.30000000000109,148.95000000000164,-0.07653575025176516,-5.600000000000364,T,8708.3
2020-01-09,2020,False,15,1,158.29999999999927,237.4499999999989,-0.011370814908397225,0.2000000000007276,T,8990.8
2020-01-10,2020,False,18,1,22.899999999999636,34.349999999999454,-0.2358078602619966,-3.399999999999636,T,9003.6
2020-01-13,2020,False,108,1,37.0,55.5,0.40810810810811793,17.100000000000364,T,9025.0
2020-01-14,2020,False,15,1,59.5,89.25,0.19327731092436976,13.5,T,9047.7
2020-01-15,2020,False,39,1,35.30000000000109,52.95000000000164,-0.3796033994334057,-11.399999999999636,T,9072.1
2020-01-16,2020,False,15,1,64.20000000000073,96.30000000000109,-0.3504672897196222,-20.5,T,9099.5
2020-01-17,2020,False,15,1,61.0,91.5,-0.036065573770503734,-0.2000000000007276,T,9134.0
2020-01-21,2020,False,31,1,38.0,57.0,0.33684210526318664,14.800000000001091,T,9165.4
2020-01-22,2020,False,15,1,79.09999999999854,118.64999999999782,-0.03034134007584931,-0.3999999999996362,T,9219.8
2020-01-23,2020,False,15,-1,74.09999999999854,111.14999999999782,-0.4102564102564134,-28.399999999999636,T,9154.2
2020-01-27,2020,False,15,-1,299.3000000000011,448.95000000000164,0.009021049114597056,4.699999999998909,T,8972.3
2020-01-29,2020,False,15,1,141.1999999999989,211.79999999999836,-0.10977337110481672,-13.5,T,9132.8
2020-01-30,2020,False,15,-1,46.599999999998545,69.89999999999782,1.4570815450643764,69.89999999999782,TP,9104.2
2020-02-04,2020,False,15,1,223.6999999999989,335.54999999999836,0.2753687974966503,63.600000000000364,T,9253.9
2020-02-05,2020,False,15,1,160.79999999999927,241.1999999999989,-0.17475124378109758,-26.100000000000364,T,9381.5
2020-02-07,2020,False,20,1,45.100000000000364,67.65000000000055,0.9246119733924699,43.70000000000073,T,9398.9
2020-02-10,2020,False,15,1,46.899999999999636,70.34999999999945,0.914712153518123,44.899999999999636,T,9422.5
2020-02-11,2020,False,15,1,184.39999999999964,276.59999999999945,-0.03145336225596141,-3.7999999999992724,T,9554.3
2020-02-12,2020,False,15,1,50.20000000000073,75.30000000000109,0.2231075697211268,13.200000000000728,T,9580.0
2020-02-13,2020,False,15,-1,27.600000000000364,41.400000000000546,-1.072463768115941,-27.600000000000364,SL,9567.5
2020-02-14,2020,False,15,1,81.20000000000073,121.80000000000109,0.05295566502462111,6.299999999999272,T,9611.0
2020-02-18,2020,False,15,-1,32.69999999999891,49.04999999999836,0.7125382262997514,25.30000000000109,T,9598.7
2020-02-19,2020,False,15,1,126.5,189.75,0.22845849802371254,30.899999999999636,T,9693.6
2020-02-20,2020,False,20,1,30.899999999999636,46.349999999999454,-1.064724919093852,-30.899999999999636,SL,9701.9
2020-02-21,2020,False,15,-1,197.60000000000036,296.40000000000055,0.013663967611330484,4.699999999998909,T,9511.9
2020-02-26,2020,False,15,-1,210.29999999999927,315.4499999999989,0.08416547788873413,19.700000000000728,T,8973.2
2020-02-28,2020,False,15,-1,503.0,754.5,-0.27475149105367935,-136.20000000000073,T,8212.4
2020-03-03,2020,False,15,1,325.60000000000036,488.40000000000055,0.06726044226044106,23.899999999999636,T,8809.2
2020-03-04,2020,False,15,-1,184.8000000000011,277.20000000000164,-0.038961038961042666,-5.200000000000728,T,8716.8
2020-03-05,2020,False,48,1,96.39999999999964,144.59999999999945,0.018672199170117004,3.7999999999992724,T,8784.6
2020-03-06,2020,False,15,-1,354.5,531.75,-0.039492242595204514,-12.0,T,8425.7
2020-03-10,2020,True,15,-1,291.90000000000055,437.8500000000008,0.5447070914696803,161.0,T,8170.2
2020-03-11,2020,True,58,-1,105.99999999999909,158.99999999999864,0.3066037735849083,34.5,T,8141.3
2020-03-17,2020,True,15,-1,1122.5,1683.75,-0.2873051224944321,-320.5,T,7100.9
2020-03-20,2020,True,15,1,287.0,430.5,0.019860627177702882,7.700000000000728,T,7315.9
2020-03-23,2020,True,15,-1,578.0,867.0,0.0833910034602073,50.19999999999982,T,6906.9
2020-03-24,2020,True,15,1,500.8000000000002,751.2000000000003,0.21465654952076668,109.5,T,7351.7
2020-03-25,2020,True,15,1,259.7000000000007,389.5500000000011,-0.3534847901424718,-89.80000000000018,T,7595.1
2020-03-26,2020,True,39,1,187.30000000000018,280.9500000000003,0.35664709022957397,68.79999999999927,T,7681.1
2020-03-27,2020,True,28,1,130.0,195.0,-0.32384615384615667,-40.100000000000364,T,7660.1
2020-03-30,2020,True,22,1,112.89999999999964,169.34999999999945,0.910540301151466,104.80000000000018,T,7718.4
2020-03-31,2020,True,15,1,204.69999999999982,307.0499999999997,0.4509037616023462,94.30000000000018,T,7853.4
2020-04-01,2020,True,15,-1,283.90000000000055,425.8500000000008,-0.03663261711870562,-8.400000000000546,T,7606.2
2020-04-02,2020,True,15,-1,210.90000000000055,316.3500000000008,-0.8421052631578942,-175.60000000000036,T,7436.7
2020-04-03,2020,True,15,1,224.80000000000018,337.2000000000003,-0.5449288256227753,-120.5,T,7658.0
2020-04-06,2020,True,15,1,220.0,330.0,0.4054545454545488,91.20000000000073,T,7808.9
2020-04-07,2020,True,15,1,486.5000000000009,729.7500000000014,-0.14491264131552062,-68.50000000000091,T,8253.2
2020-04-08,2020,True,15,-1,170.09999999999945,255.14999999999918,-0.20634920634920914,-33.100000000000364,T,8138.2
2020-04-09,2020,True,15,1,212.70000000000073,319.0500000000011,-0.36060178655383385,-74.70000000000073,T,8326.2
2020-04-13,2020,True,15,-1,140.79999999999927,211.1999999999989,-0.17187499999999314,-22.19999999999891,T,8197.1
2020-04-14,2020,True,15,1,364.89999999999964,547.3499999999995,0.10194573855851127,39.20000000000073,T,8556.8
2020-04-15,2020,True,61,1,83.20000000000073,124.80000000000109,-0.1911057692307632,-13.899999999999636,T,8553.5
2020-04-16,2020,True,15,1,181.70000000000073,272.5500000000011,0.4964226747385821,92.20000000000073,T,8692.5
2020-04-17,2020,True,15,1,162.20000000000073,243.3000000000011,-0.4025893958076498,-63.30000000000109,T,8820.1
2020-04-20,2020,True,15,-1,106.5,159.75,-0.6713615023474179,-69.5,T,8775.9
2020-04-21,2020,True,15,-1,229.8000000000011,344.70000000000164,0.6379460400348035,148.59999999999854,T,8566.8
2020-04-23,2020,True,15,1,185.60000000000036,278.40000000000055,-0.011853448275865966,-0.2000000000007276,T,8740.5
2020-04-24,2020,True,15,-1,114.5,171.75,-0.18165938864629774,-18.80000000000109,T,8641.4
2020-04-27,2020,True,15,1,216.10000000000036,324.15000000000055,0.042572882924575256,11.200000000000728,T,8844.9
2020-04-28,2020,True,15,1,45.79999999999927,68.69999999999891,-1.0436681222707431,-45.79999999999927,SL,8877.5
2020-04-29,2020,True,46,1,55.0,82.5,0.14727272727273388,10.100000000000364,T,8917.4
2020-04-30,2020,True,15,1,150.60000000000036,225.90000000000055,-0.196547144754318,-27.600000000000364,T,8979.1
2020-05-01,2020,True,15,-1,202.6999999999989,304.04999999999836,0.3996053280710431,83.0,T,8825.1
2020-05-04,2020,True,15,-1,158.1999999999989,237.29999999999836,-0.5404551201011415,-83.5,T,8694.6
2020-05-05,2020,True,15,1,276.7000000000007,415.0500000000011,0.19624141669678039,56.29999999999927,T,8940.2
2020-05-06,2020,True,15,1,114.5,171.75,-0.01048034934498452,0.7999999999992724,T,9021.5
2020-05-07,2020,True,15,1,115.60000000000036,173.40000000000055,0.0441176470588108,7.099999999998545,T,9099.2
2020-05-08,2020,True,15,1,87.5,131.25,0.6022857142857226,54.70000000000073,T,9156.3
2020-05-11,2020,True,15,1,96.5,144.75,0.5181347150259067,52.0,T,9220.5
2020-05-12,2020,True,15,1,143.89999999999964,215.84999999999945,0.12161223071577515,19.5,T,9299.4
2020-05-13,2020,True,15,-1,259.0,388.5,0.3389961389961362,89.79999999999927,T,9093.8
2020-05-14,2020,True,15,-1,211.29999999999927,316.9499999999989,0.11689540937056703,26.700000000000728,T,8937.6
2020-05-15,2020,True,15,1,75.29999999999927,112.94999999999891,0.03984063745019959,5.0,T,8996.3
2020-05-18,2020,True,15,1,348.60000000000036,522.9000000000005,0.0992541594951243,36.600000000000364,T,9299.9
2020-05-19,2020,True,15,1,98.39999999999964,147.59999999999945,0.4004065040650384,41.399999999999636,T,9354.0
2020-05-20,2020,True,15,1,116.70000000000073,175.0500000000011,0.4592973436161099,55.600000000000364,T,9438.0
2020-05-21,2020,True,15,1,96.30000000000109,144.45000000000164,-1.020768431983385,-96.30000000000109,SL,9502.2
2020-05-22,2020,True,15,-1,172.5,258.75,-0.1628985507246398,-26.100000000000364,T,9341.0
2020-05-26,2020,True,15,1,221.8000000000011,332.70000000000164,-0.4463480613164992,-97.0,T,9546.1
2020-05-27,2020,True,15,-1,242.39999999999964,363.59999999999945,0.2132838283828416,53.70000000000073,T,9331.0
2020-05-28,2020,True,15,1,116.39999999999964,174.59999999999945,0.6297250859106487,75.29999999999927,T,9444.6
2020-05-29,2020,True,16,1,90.5,135.75,-1.022099447513812,-90.5,SL,9475.8
2020-06-01,2020,True,15,1,141.20000000000073,211.8000000000011,-0.008498583569410209,0.7999999999992724,T,9564.5
2020-06-02,2020,True,15,1,81.5,122.25,-1.0245398773006136,-81.5,SL,9591.0
2020-06-03,2020,True,15,1,112.89999999999964,169.34999999999945,-0.09831709477413994,-9.100000000000364,T,9687.5
2020-06-04,2020,True,15,1,62.100000000000364,93.15000000000055,-1.0322061191626408,-62.100000000000364,SL,9717.4
2020-06-05,2020,True,15,1,96.89999999999964,145.34999999999945,0.41382868937049033,42.100000000000364,T,9770.0
2020-06-09,2020,True,15,1,109.89999999999964,164.84999999999945,0.393994540491367,45.30000000000109,T,9904.9
2020-06-10,2020,True,15,1,203.90000000000146,305.8500000000022,-0.033349681216287605,-4.800000000001091,T,10058.2
2020-06-11,2020,True,15,-1,172.10000000000036,258.15000000000055,0.11563044741429165,21.899999999999636,T,9895.6
2020-06-12,2020,True,15,-1,112.0,168.0,1.4821428571428572,168.0,TP,9842.9
2020-06-15,2020,True,15,-1,320.10000000000036,480.15000000000055,-0.317713214620433,-99.70000000000073,T,9526.4
2020-06-16,2020,True,15,1,520.1999999999989,780.2999999999984,-0.138600538254515,-70.09999999999854,T,10006.8
2020-06-17,2020,True,15,1,72.0,108.0,-1.0277777777777777,-72.0,SL,10025.4
2020-06-18,2020,True,15,-1,41.100000000000364,61.650000000000546,0.12652068126517912,7.199999999998909,T,9984.8
2020-06-19,2020,True,15,1,144.60000000000036,216.90000000000055,-0.26417704011065446,-36.20000000000073,T,10098.7
2020-06-22,2020,True,15,-1,111.20000000000073,166.8000000000011,-0.6312949640287794,-68.20000000000073,T,10000.9
2020-06-23,2020,True,15,1,218.79999999999927,328.1999999999989,0.291133455210242,65.70000000000073,T,10206.8
2020-06-24,2020,True,15,1,40.5,60.75,-1.0493827160493827,-40.5,SL,10211.9
2020-06-25,2020,True,15,-1,300.10000000000036,450.15000000000055,-0.25958013995334733,-75.89999999999964,T,9933.6
2020-06-26,2020,True,17,1,106.10000000000036,159.15000000000055,-1.0188501413760602,-106.10000000000036,SL,10029.7
2020-06-29,2020,True,15,-1,329.60000000000036,494.40000000000055,-0.4371966019417482,-142.10000000000036,T,9764.1
2020-06-30,2020,True,15,1,260.0,390.0,0.26346153846153847,70.5,T,10017.2
2020-07-01,2020,True,15,1,224.6999999999989,337.04999999999836,0.2679127725856743,62.20000000000073,T,10179.3
2020-07-02,2020,True,15,1,270.89999999999964,406.34999999999945,-0.07973421926910444,-19.600000000000364,T,10414.4
2020-07-06,2020,True,15,1,117.10000000000036,175.65000000000055,0.8753202391118675,104.5,T,10497.0
2020-07-07,2020,True,15,1,131.70000000000073,197.5500000000011,0.3940774487471477,53.899999999999636,T,10612.0
2020-07-08,2020,True,18,1,60.80000000000109,91.20000000000164,-1.0328947368421046,-60.80000000000109,SL,10628.6
2020-07-09,2020,True,15,1,132.79999999999927,199.1999999999989,-1.0150602409638556,-132.79999999999927,SL,10710.9
2020-07-10,2020,True,15,-1,58.100000000000364,87.15000000000055,-1.0344234079173835,-58.100000000000364,SL,10699.1
2020-07-13,2020,True,15,1,337.0,505.5,0.10919881305637766,38.79999999999927,T,11006.6
2020-07-14,2020,True,15,-1,395.2000000000007,592.8000000000011,0.10197368421052429,42.29999999999927,T,10613.9
2020-07-16,2020,True,15,-1,198.89999999999964,298.34999999999945,0.10558069381598813,23.0,T,10580.0
2020-07-17,2020,True,26,1,62.400000000001455,93.60000000000218,0.1826923076922976,13.399999999999636,T,10614.2
2020-07-20,2020,True,16,1,73.60000000000036,110.40000000000055,1.472826086956522,110.40000000000055,TP,10670.2
2020-07-21,2020,True,15,1,316.1999999999989,474.29999999999836,-0.2444655281467411,-75.29999999999927,T,10936.8
2020-07-22,2020,True,15,-1,151.79999999999927,227.6999999999989,0.10540184453227983,18.0,T,10863.0
2020-07-23,2020,True,37,-1,57.400000000001455,86.10000000000218,0.3623693379790722,22.799999999999272,T,10828.8
2020-07-24,2020,True,15,-1,500.7000000000007,751.0500000000011,-0.3355302576393045,-166.0,T,10355.9
2020-07-27,2020,True,15,1,301.10000000000036,451.65000000000055,-0.1597475921620734,-46.100000000000364,T,10616.5
2020-07-28,2020,True,15,1,104.0,156.0,-0.057692307692307696,-4.0,T,10631.2
2020-07-29,2020,True,19,-1,69.59999999999854,104.39999999999782,-1.0287356321839087,-69.59999999999854,SL,10586.7
2020-07-30,2020,True,23,-1,40.0,60.0,-1.05,-40.0,SL,10583.4
2020-07-31,2020,True,15,1,270.39999999999964,405.59999999999945,-0.14053254437869842,-36.0,T,10833.3
2020-08-03,2020,True,15,1,262.2000000000007,393.3000000000011,0.03737604881769353,11.799999999999272,T,11053.5
2020-08-04,2020,True,15,1,70.0,105.0,-0.12857142857142856,-7.0,T,11063.1
2020-08-05,2020,True,15,1,71.79999999999927,107.69999999999891,0.15459610027855816,13.100000000000364,T,11090.3
2020-08-06,2020,True,26,1,41.900000000001455,62.85000000000218,0.39140811455845026,18.399999999999636,T,11119.7
2020-08-07,2020,True,15,1,144.60000000000036,216.90000000000055,-0.4017980636237913,-56.100000000000364,T,11237.7
2020-08-10,2020,True,15,-1,100.10000000000036,150.15000000000055,1.48001998001998,150.15000000000055,TP,11147.4
2020-08-11,2020,True,15,-1,116.29999999999927,174.4499999999989,0.018056749785041935,4.100000000000364,T,11037.5
2020-08-12,2020,True,19,1,76.10000000000036,114.15000000000055,1.2825229960578173,99.60000000000036,T,11040.1
2020-08-13,2020,True,15,1,258.3000000000011,387.45000000000164,0.046070460704605444,13.899999999999636,T,11225.2
2020-08-14,2020,True,16,-1,71.39999999999964,107.09999999999945,0.25630252100839446,20.299999999999272,T,11164.5
2020-08-17,2020,True,15,1,91.60000000000036,137.40000000000055,0.00982532751091302,2.899999999999636,T,11256.0
2020-08-18,2020,True,15,1,144.5,216.75,-0.09411764705882605,-11.600000000000364,T,11372.5
2020-08-19,2020,True,47,1,56.70000000000073,85.05000000000109,0.7724867724867498,45.79999999999927,T,11388.1
2020-08-20,2020,True,15,-1,65.0,97.5,-1.0307692307692307,-65.0,SL,11352.8
2020-08-21,2020,True,15,1,221.89999999999964,332.84999999999945,-0.002703920684994884,1.3999999999996362,T,11492.5
2020-08-24,2020,True,15,1,255.29999999999927,382.9499999999989,-0.38229533881708044,-95.60000000000036,T,11713.0
2020-08-25,2020,True,15,-1,108.20000000000073,162.3000000000011,-0.4112754158964852,-42.5,T,11617.3
2020-08-26,2020,True,15,1,201.89999999999964,302.84999999999945,0.5512630014858905,113.30000000000109,T,11780.9
2020-08-27,2020,True,15,1,181.79999999999927,272.6999999999989,0.39713971397140274,74.20000000000073,T,11947.8
2020-08-31,2020,True,15,1,60.100000000000364,90.15000000000055,0.497504159733768,31.899999999999636,T,12036.6
2020-09-01,2020,True,15,1,196.5,294.75,0.14910941475827527,31.30000000000109,T,12192.9
2020-09-02,2020,True,15,1,271.5,407.25,-0.5119705340699816,-137.0,T,12399.9
2020-09-03,2020,True,15,-1,284.59999999999854,426.8999999999978,0.9810260014054889,281.2000000000007,T,12150.2
2020-09-04,2020,True,15,-1,591.9000000000015,887.8500000000022,0.2618685588781882,157.0,T,11649.3
2020-09-09,2020,True,30,1,171.5,257.25,0.5492711370262433,96.20000000000073,T,11289.0
2020-09-10,2020,True,15,1,291.3000000000011,436.95000000000164,-0.23309303123927635,-65.90000000000146,T,11501.7
2020-09-11,2020,True,15,-1,323.10000000000036,484.65000000000055,0.3194057567316583,105.19999999999891,T,11223.8
2020-09-14,2020,True,15,1,124.70000000000073,187.0500000000011,0.3480352846832348,45.399999999999636,T,11293.7
2020-09-15,2020,True,15,1,229.29999999999927,343.9499999999989,0.0693414740514596,17.899999999999636,T,11438.9
2020-09-16,2020,True,40,1,53.600000000000364,80.40000000000055,-1.0373134328358207,-53.600000000000364,SL,11467.5
2020-09-17,2020,True,15,-1,465.60000000000036,698.4000000000005,0.008591065292096214,6.0,T,11026.0
2020-09-18,2020,True,15,1,125.20000000000073,187.8000000000011,-1.0159744408945686,-125.20000000000073,SL,11085.0
2020-09-21,2020,True,15,-1,329.60000000000036,494.40000000000055,-0.009708737864079867,-1.2000000000007276,T,10819.9
2020-09-22,2020,True,15,1,273.89999999999964,410.84999999999945,0.1339905074844862,38.70000000000073,T,10995.0
2020-09-23,2020,True,15,1,140.60000000000036,210.90000000000055,-1.0142247510668563,-140.60000000000036,SL,11144.9
2020-09-24,2020,True,15,-1,376.8000000000011,565.2000000000016,-0.4609872611464974,-171.70000000000073,T,10800.4
2020-09-25,2020,True,15,1,158.0,237.0,0.6348101265822739,102.29999999999927,T,10881.2
2020-09-28,2020,True,15,1,439.7000000000007,659.5500000000011,-0.06095064816920866,-24.80000000000109,T,11303.7
2020-09-29,2020,True,15,1,64.60000000000036,96.90000000000055,-0.4334365325077375,-26.0,T,11361.1
2020-09-30,2020,True,21,1,51.5,77.25,1.4611650485436893,77.25,TP,11392.1
2020-10-01,2020,True,15,1,225.10000000000036,337.65000000000055,-0.04220346512661033,-7.5,T,11547.9
2020-10-02,2020,True,15,-1,164.5,246.75,0.7586626139817585,126.79999999999927,T,11412.0
2020-10-05,2020,True,62,1,135.29999999999927,202.9499999999989,-0.034737620103465885,-2.6999999999989086,T,11445.8
2020-10-06,2020,True,15,1,111.10000000000036,166.65000000000055,-0.516651665166528,-55.400000000001455,T,11448.7
2020-10-07,2020,True,15,-1,57.79999999999927,86.69999999999891,-0.18339100346018475,-8.599999999998545,T,11435.7
2020-10-08,2020,True,15,1,151.0,226.5,-0.09139072847682841,-11.800000000001091,T,11551.6
2020-10-09,2020,True,15,1,89.89999999999964,134.84999999999945,0.6240266963292613,58.100000000000364,T,11632.9
2020-10-12,2020,True,15,1,295.5,443.25,0.4301184433164141,129.10000000000036,T,11897.4
2020-10-13,2020,True,15,1,165.60000000000036,248.40000000000055,0.5211352657004775,88.29999999999927,T,12053.5
2020-10-14,2020,True,60,-1,112.20000000000073,168.3000000000011,0.6105169340463419,70.5,T,12048.8
2020-10-15,2020,True,15,-1,296.7999999999993,445.1999999999989,0.08490566037736115,27.200000000000728,T,11858.0
2020-10-16,2020,True,15,1,200.89999999999964,301.34999999999945,-0.12294673967148219,-22.700000000000728,T,11963.5
2020-10-19,2020,True,19,-1,44.70000000000073,67.05000000000109,1.455257270693513,67.05000000000109,TP,11937.0
2020-10-20,2020,True,15,-1,268.59999999999854,402.8999999999978,-0.03239017125837288,-6.699999999998909,T,11688.7
2020-10-21,2020,True,15,1,97.59999999999854,146.39999999999782,-1.020491803278689,-97.59999999999854,SL,11743.3
2020-10-22,2020,True,33,-1,86.70000000000073,130.0500000000011,1.4769319492502886,130.0500000000011,TP,11663.5
2020-10-23,2020,True,15,-1,113.70000000000073,170.5500000000011,0.19876868953386295,24.600000000000364,T,11621.5
2020-10-26,2020,True,32,1,87.5,131.25,-1.022857142857143,-87.5,SL,11698.3
2020-10-27,2020,True,16,-1,109.69999999999891,164.54999999999836,-0.4794895168641831,-50.600000000000364,T,11562.6
2020-10-28,2020,True,15,-1,209.60000000000036,314.40000000000055,0.5047709923664079,107.79999999999927,T,11363.0
2020-10-29,2020,True,15,-1,234.60000000000036,351.90000000000055,-0.41986359761295755,-96.5,T,11200.0
2020-10-30,2020,True,17,-1,84.60000000000036,126.90000000000055,1.476359338061466,126.90000000000055,TP,11171.8
2020-11-02,2020,False,16,-1,117.60000000000036,176.40000000000055,0.7100340136054399,85.5,T,11173.8
2020-11-03,2020,False,24,1,82.80000000000109,124.20000000000164,1.4758454106280197,124.20000000000164,TP,11206.6
2020-11-04,2020,False,15,1,507.09999999999854,760.6499999999978,0.3616643660027647,185.40000000000146,T,11622.3
2020-11-05,2020,False,15,1,494.7000000000007,742.0500000000011,-0.07661208813422192,-35.899999999999636,T,12063.0
2020-11-06,2020,False,15,-1,125.30000000000109,187.95000000000164,-1.0159616919393455,-125.30000000000109,SL,11936.3
2020-11-09,2020,False,15,1,222.20000000000073,333.3000000000011,-0.09090909090909388,-18.200000000000728,T,12139.6
2020-11-11,2020,False,15,1,179.79999999999927,269.6999999999989,0.2864293659621814,53.5,T,11819.0
2020-11-12,2020,False,15,1,228.29999999999927,342.4499999999989,-0.1835304424003494,-39.899999999999636,T,11941.0
2020-11-13,2020,False,29,-1,84.39999999999964,126.59999999999945,0.04739336492891016,6.0,T,11885.9
2020-11-16,2020,False,15,1,107.19999999999891,160.79999999999836,0.1464552238806053,17.700000000000728,T,11982.8
2020-11-17,2020,False,15,1,93.5,140.25,0.15721925133690617,16.700000000000728,T,11987.3
2020-11-18,2020,False,15,-1,73.89999999999964,110.84999999999945,-0.3937753721244994,-27.100000000000364,T,11972.1
2020-11-19,2020,False,15,-1,105.29999999999927,157.9499999999989,-0.6068376068376076,-61.899999999999636,T,11884.5
2020-11-20,2020,False,15,1,120.0,180.0,0.09833333333332726,13.799999999999272,T,11963.5
2020-11-23,2020,False,15,1,39.20000000000073,58.80000000000109,-1.0510204081632644,-39.20000000000073,SL,11992.5
2020-11-24,2020,False,15,-1,87.5,131.25,-1.022857142857143,-87.5,SL,11895.4
2020-11-25,2020,False,15,1,237.10000000000036,355.65000000000055,-0.08603964571911187,-18.400000000001455,T,12118.7
2020-11-30,2020,False,15,1,144.5,216.75,-1.013840830449827,-144.5,SL,12244.6
2020-12-01,2020,False,15,1,136.90000000000146,205.35000000000218,0.49744338933526533,70.09999999999854,T,12378.2
2020-12-02,2020,False,15,-1,58.899999999999636,88.34999999999945,-1.0339558573853993,-58.899999999999636,SL,12323.9
2020-12-03,2020,False,15,1,159.59999999999854,239.39999999999782,0.19611528822056,33.30000000000109,T,12476.3
2020-12-04,2020,False,26,1,40.29999999999927,60.44999999999891,0.13895781637718274,7.600000000000364,T,12503.3
2020-12-07,2020,False,15,1,126.59999999999854,189.89999999999782,0.11927330173776096,17.100000000000364,T,12573.8
2020-12-08,2020,False,49,-1,56.5,84.75,-1.0353982300884956,-56.5,SL,12524.4
2020-12-09,2020,False,15,1,86.20000000000073,129.3000000000011,-0.39791183294664506,-32.30000000000109,T,12622.6
2020-12-10,2020,False,15,-1,302.60000000000036,453.90000000000055,-0.18968935888962182,-55.399999999999636,T,12328.0
2020-12-14,2020,False,15,1,214.10000000000036,321.15000000000055,0.1793554413825295,40.399999999999636,T,12492.5
2020-12-15,2020,False,15,1,135.79999999999927,203.6999999999989,-0.43519882179676495,-57.100000000000364,T,12555.5
2020-12-16,2020,False,15,1,53.19999999999891,79.79999999999836,1.1503759398496614,63.20000000000073,T,12587.8
2020-12-17,2020,False,15,1,162.60000000000036,243.90000000000055,-0.1580565805657986,-23.69999999999891,T,12731.9
2020-12-18,2020,False,22,-1,37.100000000000364,55.650000000000546,1.4460916442048524,55.650000000000546,TP,12720.5
2020-12-21,2020,False,15,-1,170.29999999999927,255.4499999999989,0.18320610687023406,33.20000000000073,T,12615.0
2020-12-22,2020,False,15,1,146.70000000000073,220.0500000000011,-0.3980913428766269,-56.400000000001455,T,12717.2
2020-12-23,2020,False,15,-1,49.0,73.5,-0.6897959183673692,-31.80000000000109,T,12670.3
2020-12-28,2020,False,15,1,130.60000000000036,195.90000000000055,0.14854517611025714,21.399999999999636,T,12804.7
2020-12-29,2020,False,15,1,120.19999999999891,180.29999999999836,-0.41763727121463695,-48.19999999999891,T,12915.3
2020-12-30,2020,False,15,-1,62.29999999999927,93.44999999999891,-0.24879614767255506,-13.5,T,12860.6
2021-01-04,2021,False,41,-1,54.30000000000109,81.45000000000164,1.4631675874769805,81.45000000000164,TP,12858.8
2021-01-05,2021,False,15,-1,196.8000000000011,295.20000000000164,0.037093495934955444,9.299999999999272,T,12748.9
2021-01-07,2021,False,15,1,239.39999999999964,359.09999999999945,0.4072681704260658,99.5,T,12802.1
2021-01-08,2021,False,15,1,304.3000000000011,456.45000000000164,0.0023003614853726786,2.6999999999989086,T,13041.2
2021-01-11,2021,False,15,-1,129.0,193.5,-0.5054263565891529,-63.20000000000073,T,12931.3
2021-01-12,2021,False,18,-1,85.69999999999891,128.54999999999836,0.2053675612602169,19.600000000000364,T,12897.7
2021-01-13,2021,False,15,-1,67.20000000000073,100.80000000000109,-1.0297619047619044,-67.20000000000073,SL,12888.5
2021-01-14,2021,False,15,1,110.90000000000146,166.35000000000218,-0.036068530207393576,-2.0,T,12986.2
2021-01-15,2021,False,15,-1,101.60000000000036,152.40000000000055,1.4803149606299213,152.40000000000055,TP,12919.5
2021-01-19,2021,False,19,-1,49.399999999999636,74.09999999999945,-0.44129554655869296,-19.799999999999272,T,12887.6
2021-01-20,2021,False,15,1,290.7999999999993,436.1999999999989,0.22971114167813364,68.80000000000109,T,13187.4
2021-01-21,2021,False,15,1,189.90000000000146,284.8500000000022,0.29489204844654854,58.0,T,13318.7
2021-01-22,2021,False,15,1,87.70000000000073,131.5500000000011,-0.01824401368301426,0.3999999999996362,T,13378.2
2021-01-25,2021,False,15,1,217.5,326.25,-1.0091954022988505,-217.5,SL,13553.8
2021-01-26,2021,False,15,-1,116.79999999999927,175.1999999999989,-0.20719178082190975,-22.19999999999891,T,13446.2
2021-01-27,2021,False,15,-1,282.39999999999964,423.59999999999945,0.03364022662889523,11.5,T,13236.6
2021-02-03,2021,False,15,1,435.7000000000007,653.5500000000011,-0.03167316961212088,-11.800000000001091,T,13494.2
2021-02-04,2021,False,15,-1,113.39999999999964,170.09999999999945,-0.20105820105819527,-20.799999999999272,T,13445.7
2021-02-05,2021,False,15,1,148.0,222.0,-0.01081081081081327,0.3999999999996362,T,13570.6
2021-02-08,2021,False,15,1,112.89999999999964,169.34999999999945,-0.26926483613817304,-28.399999999999636,T,13665.1
2021-02-09,2021,False,15,1,53.5,80.25,0.0691588785046865,5.700000000000728,T,13692.5
2021-02-10,2021,False,15,1,85.30000000000109,127.95000000000164,-1.0234466588511135,-85.30000000000109,SL,13738.6
2021-02-11,2021,False,20,-1,62.79999999999927,94.19999999999891,-0.39331210191084415,-22.700000000000728,T,13705.5
2021-02-12,2021,False,15,-1,44.100000000000364,66.15000000000055,-1.0453514739229022,-44.100000000000364,SL,13699.8
2021-02-16,2021,False,15,1,211.70000000000073,317.5500000000011,-0.5205479452054811,-108.20000000000073,T,13864.0
2021-02-17,2021,False,15,-1,209.0,313.5,0.23540669856459678,51.20000000000073,T,13655.1
2021-02-18,2021,False,15,-1,108.10000000000036,162.15000000000055,0.2358926919518956,27.5,T,13565.4
2021-02-19,2021,False,15,1,134.6999999999989,202.04999999999836,0.022271714922049178,5.0,T,13661.4
2021-02-22,2021,False,15,-1,292.2000000000007,438.3000000000011,0.27446954140999497,82.20000000000073,T,13410.0
2021-02-23,2021,False,15,-1,603.6000000000004,905.4000000000005,-0.2640821736249194,-157.40000000000146,T,12823.8
2021-02-25,2021,False,15,1,248.70000000000073,373.0500000000011,-1.008041817450744,-248.70000000000073,SL,13256.0
2021-02-26,2021,False,15,-1,327.39999999999964,491.09999999999945,-0.15974343310934433,-50.29999999999927,T,12967.2
2021-03-01,2021,False,15,1,168.60000000000036,252.90000000000055,0.7016607354685697,120.30000000000109,T,13104.9
2021-03-02,2021,False,15,1,193.0,289.5,-0.4958549222797871,-93.69999999999891,T,13238.4
2021-03-03,2021,False,15,-1,366.10000000000036,549.1500000000005,0.10488937448784376,40.399999999999636,T,12940.0
2021-03-04,2021,False,15,-1,351.60000000000036,527.4000000000005,-0.11348122866894082,-37.899999999999636,T,12704.6
2021-03-05,2021,False,15,-1,280.10000000000036,420.15000000000055,0.4559086040699705,129.6999999999989,T,12489.8
2021-03-08,2021,False,15,1,232.6999999999989,349.04999999999836,-0.7520412548345544,-173.0,T,12683.8
2021-03-09,2021,False,24,1,158.5,237.75,0.37917981072554285,62.099999999998545,T,12688.7
2021-03-10,2021,False,15,1,350.89999999999964,526.3499999999995,-0.296665716728414,-102.10000000000036,T,12942.0
2021-03-11,2021,False,30,1,105.79999999999927,158.6999999999989,0.8308128544423635,89.90000000000146,T,12979.3
2021-03-12,2021,False,15,-1,142.3000000000011,213.45000000000164,-0.0049191848208062,1.2999999999992724,T,12864.4
2021-03-15,2021,True,15,1,131.39999999999964,197.09999999999945,0.0015220700152262416,2.2000000000007276,T,12930.0
2021-03-16,2021,True,15,1,313.60000000000036,470.40000000000055,0.1256377551020395,41.399999999999636,T,13212.9
2021-03-17,2021,True,15,-1,206.5,309.75,0.05907990314769447,14.199999999998909,T,12994.9
2021-03-18,2021,True,40,-1,85.10000000000036,127.65000000000055,-0.3830787309048205,-30.600000000000364,T,12940.6
2021-03-19,2021,True,15,-1,269.40000000000146,404.1000000000022,-0.35746102449888856,-94.30000000000109,T,12765.8
2021-03-23,2021,True,15,1,344.0,516.0,0.11046511627906977,40.0,T,13085.5
2021-03-24,2021,True,15,-1,100.39999999999964,150.59999999999945,0.523904382470125,54.600000000000364,T,13030.9
2021-03-25,2021,True,15,-1,304.2999999999993,456.4499999999989,0.20999014130791913,65.89999999999964,T,12779.6
2021-03-29,2021,True,15,1,233.29999999999927,349.9499999999989,-0.09558508358336623,-20.299999999999272,T,12934.4
2021-03-30,2021,True,15,-1,154.79999999999927,232.1999999999989,-0.2700258397932782,-39.79999999999927,T,12836.0
2021-03-31,2021,True,15,1,200.0,300.0,0.5275,107.5,T,13028.8
2021-04-01,2021,True,15,1,334.1999999999989,501.29999999999836,-0.05056852184320674,-14.899999999999636,T,13301.9
2021-04-05,2021,True,15,1,208.8000000000011,313.20000000000164,0.4094827586206875,87.5,T,13465.2
2021-04-06,2021,True,15,1,174.3000000000011,261.45000000000164,0.37234652897303055,66.89999999999964,T,13593.1
2021-04-07,2021,True,31,1,49.100000000000364,73.65000000000055,0.16904276985745478,10.300000000001091,T,13596.9
2021-04-08,2021,True,15,1,220.1999999999989,330.29999999999836,-0.014078110808357762,-1.1000000000003638,T,13741.9
2021-04-09,2021,True,15,-1,50.899999999999636,76.34999999999945,-1.039292730844794,-50.899999999999636,SL,13704.1
2021-04-12,2021,True,15,1,127.69999999999891,191.54999999999836,-0.035238841033672974,-2.5,T,13795.3
2021-04-13,2021,True,15,1,147.20000000000073,220.8000000000011,-0.14605978260869493,-19.5,T,13933.7
2021-04-14,2021,True,15,1,99.80000000000109,149.70000000000164,-1.0200400801603204,-99.80000000000109,SL,13977.2
2021-04-15,2021,True,31,-1,45.399999999999636,68.09999999999945,-1.0440528634361237,-45.399999999999636,SL,13950.5
2021-04-16,2021,True,17,1,55.70000000000073,83.55000000000109,0.4721723518850795,28.299999999999272,T,13987.1
2021-04-19,2021,True,34,-1,75.5,113.25,1.0052980132450282,77.89999999999964,T,13967.9
2021-04-20,2021,True,15,-1,98.79999999999927,148.1999999999989,1.4797570850202428,148.1999999999989,TP,13924.1
2021-04-21,2021,True,15,-1,178.09999999999854,267.1499999999978,-0.8304323413812512,-145.89999999999964,T,13738.7
2021-04-22,2021,True,15,1,179.89999999999964,269.84999999999945,0.1411895497498593,27.399999999999636,T,13890.4
2021-04-23,2021,True,15,-1,103.79999999999927,155.6999999999989,-1.019267822736031,-103.79999999999927,SL,13819.2
2021-04-26,2021,True,15,1,151.40000000000146,227.10000000000218,0.24636723910171013,39.29999999999927,T,13942.2
2021-04-27,2021,True,15,1,69.89999999999964,104.84999999999945,-1.028612303290415,-69.89999999999964,SL,13999.3
2021-04-28,2021,True,15,-1,110.10000000000036,165.15000000000055,0.2933696639418634,34.29999999999927,T,13937.4
2021-04-29,2021,True,15,1,130.10000000000036,195.15000000000055,-1.0153727901614142,-130.10000000000036,SL,14027.7
2021-04-30,2021,True,15,-1,178.60000000000036,267.90000000000055,-0.1405375139977621,-23.100000000000364,T,13894.9
2021-05-03,2021,True,36,1,59.20000000000073,88.80000000000109,-1.0337837837837833,-59.20000000000073,SL,13912.5
2021-05-04,2021,True,15,-1,324.39999999999964,486.59999999999945,0.5761405672009859,188.89999999999964,T,13601.4
2021-05-05,2021,True,30,-1,120.10000000000036,180.15000000000055,-0.4537885095753525,-52.5,T,13586.0
2021-05-06,2021,True,15,-1,202.5,303.75,-0.41530864197530143,-82.09999999999854,T,13474.7
2021-05-07,2021,True,15,1,273.59999999999854,410.3999999999978,0.3161549707602356,88.5,T,13709.3
2021-05-10,2021,True,15,-1,183.09999999999854,274.6499999999978,0.20207536865101197,39.0,T,13564.7
2021-05-13,2021,True,16,-1,108.89999999999964,163.34999999999945,-1.0183654729109275,-108.89999999999964,SL,13116.6
2021-05-14,2021,True,15,1,123.10000000000036,184.65000000000055,0.7636068237205501,96.0,T,13240.6
2021-05-17,2021,True,15,1,115.5,173.25,-0.7480519480519449,-84.39999999999964,T,13329.8
2021-05-18,2021,True,30,1,78.19999999999891,117.29999999999836,-0.17007672634270407,-11.299999999999272,T,13347.8
2021-05-19,2021,True,15,-1,301.3000000000011,451.95000000000164,-0.2446067042814486,-71.70000000000073,T,13066.9
2021-05-20,2021,True,15,1,407.0,610.5,0.269041769041769,111.5,T,13382.5
2021-05-21,2021,True,15,1,207.0,310.5,-0.3463768115942064,-69.70000000000073,T,13493.5
2021-05-24,2021,True,15,1,75.39999999999964,113.09999999999945,0.9761273209549167,75.60000000000036,T,13578.3
2021-05-25,2021,True,15,1,183.29999999999927,274.9499999999989,-0.20512820512819802,-35.599999999998545,T,13680.8
2021-05-26,2021,True,15,-1,61.399999999999636,92.09999999999945,-0.7345276872964273,-43.100000000000364,T,13672.9
2021-05-27,2021,True,15,-1,43.5,65.25,-1.0459770114942528,-43.5,SL,13667.4
2021-05-28,2021,True,15,1,71.89999999999964,107.84999999999945,0.3240611961057192,25.30000000000109,T,13726.8
2021-06-01,2021,True,15,1,58.79999999999927,88.19999999999891,-1.0340136054421774,-58.79999999999927,SL,13757.3
2021-06-02,2021,True,15,-1,77.0,115.5,-0.03376623376621487,-0.5999999999985448,T,13698.2
2021-06-03,2021,True,15,-1,191.8000000000011,287.70000000000164,-0.3107403545359751,-57.600000000000364,T,13497.9
2021-06-04,2021,True,15,1,200.0,300.0,0.31699999999999817,65.39999999999964,T,13691.6
2021-06-07,2021,True,15,1,137.60000000000036,206.40000000000055,-0.04723837209302313,-4.5,T,13745.0
2021-06-08,2021,True,15,1,192.5,288.75,-0.687792207792206,-130.39999999999964,T,13913.8
2021-06-09,2021,True,20,-1,61.5,92.25,0.36585365853658536,24.5,T,13854.9
2021-06-10,2021,True,15,1,75.0,112.5,-1.0266666666666666,-75.0,SL,13934.1
2021-06-14,2021,True,15,1,78.89999999999964,118.34999999999945,0.20532319391635998,18.200000000000728,T,14021.3
2021-06-15,2021,True,15,1,156.10000000000036,234.15000000000055,-0.39718129404227964,-60.0,T,14121.5
2021-06-16,2021,True,70,-1,55.899999999999636,83.84999999999945,0.5259391771019647,31.399999999999636,T,14063.4
2021-06-18,2021,True,15,1,71.79999999999927,107.69999999999891,-1.0278551532033429,-71.79999999999927,SL,14121.3
2021-06-23,2021,True,15,1,190.6999999999989,286.04999999999836,-0.06816990036706909,-11.0,T,14306.9
2021-06-24,2021,True,15,1,118.40000000000146,177.60000000000218,0.1773648648648627,23.0,T,14382.7
2021-06-25,2021,True,26,-1,51.099999999998545,76.64999999999782,-0.44814090019570035,-20.899999999999636,T,14344.7
2021-06-28,2021,True,15,1,78.69999999999891,118.04999999999836,0.3710292249047158,31.200000000000728,T,14450.4
2021-06-29,2021,True,15,1,132.20000000000073,198.3000000000011,0.002269288956121564,2.2999999999992724,T,14533.5
2021-06-30,2021,True,15,1,88.59999999999854,132.89999999999782,-0.07787810383746896,-4.899999999999636,T,14569.3
2021-07-01,2021,True,47,-1,46.0,69.0,0.0826086956521581,5.799999999999272,T,14532.0
2021-07-02,2021,True,15,1,139.89999999999964,209.84999999999945,0.07576840600429158,12.600000000000364,T,14663.6
2021-07-06,2021,True,15,1,124.79999999999927,187.1999999999989,-0.19791666666667365,-22.700000000000728,T,14752.5
2021-07-07,2021,True,15,1,98.40000000000146,147.60000000000218,-1.0203252032520322,-98.40000000000146,SL,14844.7
2021-07-08,2021,True,15,-1,308.7999999999993,463.1999999999989,-0.3445595854922276,-104.39999999999964,T,14583.1
2021-07-09,2021,True,15,1,131.0,196.5,0.7450381679389341,99.60000000000036,T,14709.6
2021-07-12,2021,True,15,1,170.5,255.75,0.005278592375364435,2.899999999999636,T,14847.7
2021-07-13,2021,True,18,1,64.29999999999927,96.44999999999891,1.4688958009331257,96.44999999999891,TP,14897.0
2021-07-14,2021,True,15,1,112.10000000000036,168.15000000000055,-0.8322925958965117,-91.29999999999927,T,14964.0
2021-07-15,2021,True,15,-1,167.0,250.5,0.2754491017964072,48.0,T,14831.5
2021-07-19,2021,True,15,-1,303.89999999999964,455.84999999999945,0.08654162553471906,28.30000000000109,T,14571.2
2021-07-20,2021,True,19,1,86.39999999999964,129.59999999999945,1.4432870370370516,126.70000000000073,T,14584.0
2021-07-21,2021,True,15,1,213.10000000000036,319.65000000000055,0.2412013139371166,53.399999999999636,T,14738.1
2021-07-22,2021,True,15,1,190.39999999999964,285.59999999999945,0.10661764705881992,22.299999999999272,T,14893.5
2021-07-23,2021,True,15,1,119.0,178.5,0.9050420168067135,109.69999999999891,T,14970.7
2021-07-26,2021,True,15,1,146.5,219.75,0.2846416382252485,43.69999999999891,T,15092.1
2021-07-27,2021,True,28,-1,49.79999999999927,74.69999999999891,1.4598393574297184,74.69999999999891,TP,15049.5
2021-07-28,2021,True,15,-1,195.5,293.25,-0.5299232736572909,-101.60000000000036,T,14917.8
2021-07-30,2021,True,15,-1,149.1999999999989,223.79999999999836,-0.10321715817694202,-13.399999999999636,T,14930.7
2021-08-02,2021,True,15,1,85.39999999999964,128.09999999999945,0.5573770491803345,49.600000000000364,T,14961.6
2021-08-03,2021,True,22,-1,96.10000000000036,144.15000000000055,-0.7055150884495215,-65.79999999999927,T,14956.0
2021-08-04,2021,True,15,1,106.89999999999964,160.34999999999945,-0.025257249766143467,-0.7000000000007276,T,15070.0
2021-08-05,2021,True,15,1,76.39999999999964,114.59999999999945,0.4397905759162372,35.600000000000364,T,15123.1
2021-08-06,2021,True,18,1,47.100000000000364,70.65000000000055,-1.0424628450106155,-47.100000000000364,SL,15131.4
2021-08-09,2021,True,15,-1,53.0,79.5,-0.5056603773584768,-24.799999999999272,T,15105.7
2021-08-10,2021,True,15,1,73.79999999999927,110.69999999999891,-1.0271002710027104,-73.79999999999927,SL,15152.0
2021-08-11,2021,True,15,-1,99.20000000000073,148.8000000000011,0.7217741935483855,73.60000000000036,T,15064.5
2021-08-12,2021,True,15,-1,162.5,243.75,-0.6369230769230769,-101.5,T,14965.4
2021-08-13,2021,True,15,1,138.0,207.0,0.06304347826086165,10.699999999998909,T,15097.2
2021-08-16,2021,True,15,1,26.899999999999636,40.349999999999454,-1.074349442379183,-26.899999999999636,SL,15102.8
2021-08-17,2021,True,15,-1,81.60000000000036,122.40000000000055,1.0563725490195897,88.19999999999891,T,15037.3
2021-08-19,2021,True,15,-1,221.5,332.25,-0.8708803611738215,-190.90000000000146,T,14792.8
2021-08-20,2021,True,15,1,238.39999999999964,357.59999999999945,0.04194630872483228,12.0,T,15006.3
2021-08-23,2021,True,15,1,233.29999999999927,349.9499999999989,0.5066438062580415,120.20000000000073,T,15194.9
2021-08-24,2021,True,15,1,215.39999999999964,323.09999999999945,0.08635097493036395,20.600000000000364,T,15344.8
2021-08-25,2021,True,15,1,68.70000000000073,103.05000000000109,-0.43813682678311566,-28.100000000000364,T,15386.2
2021-08-26,2021,True,15,-1,43.600000000000364,65.40000000000055,1.4541284403669728,65.40000000000055,TP,15357.4
2021-08-27,2021,True,15,-1,45.79999999999927,68.69999999999891,-1.0436681222707431,-45.79999999999927,SL,15318.2
2021-08-30,2021,True,15,1,213.20000000000073,319.8000000000011,0.42542213883676644,92.69999999999891,T,15503.2
2021-08-31,2021,True,15,1,96.40000000000146,144.60000000000218,0.24999999999998113,26.099999999998545,T,15556.7
2021-09-01,2021,True,15,1,140.0,210.0,-0.007857142857145456,0.8999999999996362,T,15674.5
2021-09-02,2021,True,19,1,50.100000000000364,75.15000000000055,-1.0399201596806384,-50.100000000000364,SL,15672.1
2021-09-03,2021,True,15,-1,85.0,127.5,-0.4588235294117647,-37.0,T,15594.3
2021-09-07,2021,True,15,1,88.5,132.75,0.28361581920904366,27.100000000000364,T,15642.3
2021-09-08,2021,True,22,-1,44.0,66.0,1.4545454545454546,66.0,TP,15623.5
2021-09-09,2021,True,15,1,51.69999999999891,77.54999999999836,-1.0386847195357842,-51.69999999999891,SL,15666.4
2021-09-10,2021,True,36,-1,49.5,74.25,1.4595959595959596,74.25,TP,15618.7
2021-09-13,2021,True,15,-1,218.60000000000036,327.90000000000055,0.3348581884720896,75.19999999999891,T,15447.9
2021-09-15,2021,True,15,-1,171.29999999999927,256.9499999999989,-0.061295971978984495,-8.5,T,15356.2
2021-09-17,2021,True,19,-1,60.30000000000109,90.45000000000164,1.4668325041459376,90.45000000000164,TP,15417.4
2021-09-20,2021,True,15,-1,335.2000000000007,502.8000000000011,0.556980906921242,188.70000000000073,T,15156.5
2021-09-22,2021,True,31,1,69.79999999999927,104.69999999999891,1.070200573065924,76.70000000000073,T,15109.5
2021-09-23,2021,True,15,1,245.20000000000073,367.8000000000011,0.2035073409461643,51.899999999999636,T,15271.6
2021-09-27,2021,True,15,-1,134.20000000000073,201.3000000000011,-0.330849478390471,-42.400000000001455,T,15120.3
2021-09-29,2021,True,15,-1,230.0,345.0,-0.006956521739132016,0.3999999999996362,T,14810.5
2021-09-30,2021,True,19,1,75.60000000000036,113.40000000000055,-1.0264550264550263,-75.60000000000036,SL,14877.1
2021-10-04,2021,True,15,-1,282.7999999999993,424.1999999999989,0.4950495049504963,142.0,T,14600.7
2021-10-06,2021,True,15,1,121.79999999999927,182.6999999999989,-1.0164203612479477,-121.79999999999927,SL,14632.4
2021-10-07,2021,True,15,1,409.5,614.25,0.1807081807081807,76.0,T,14933.0
2021-10-11,2021,True,15,-1,110.39999999999964,165.59999999999945,-0.25815217391304435,-26.5,T,14848.6
2021-10-12,2021,True,15,-1,158.1999999999989,237.29999999999836,-0.24083438685207842,-36.099999999998545,T,14680.2
2021-10-13,2021,True,41,-1,87.10000000000036,130.65000000000055,-0.42250287026407507,-34.80000000000109,T,14702.9
2021-10-14,2021,True,15,1,210.39999999999964,315.59999999999945,0.40636882129277635,87.5,T,14941.1
2021-10-15,2021,True,15,1,173.0,259.5,-0.016763005780355233,-0.9000000000014552,T,15075.7
2021-10-18,2021,True,15,1,61.0,91.5,1.4672131147540983,91.5,TP,15122.4
2021-10-19,2021,True,15,1,275.2000000000007,412.8000000000011,0.1951308139534839,55.69999999999891,T,15340.6
2021-10-20,2021,True,15,1,120.89999999999964,181.34999999999945,-0.03970223325061445,-2.7999999999992724,T,15434.9
2021-10-21,2021,True,15,-1,57.70000000000073,86.55000000000109,-1.034662045060658,-57.70000000000073,SL,15388.0
2021-10-22,2021,True,15,1,109.5,164.25,-1.0182648401826484,-109.5,SL,15455.6
2021-10-25,2021,True,15,-1,91.89999999999964,137.84999999999945,-0.80631120783461,-72.10000000000036,T,15377.9
2021-10-27,2021,True,35,-1,80.5,120.75,-1.0248447204968945,-80.5,SL,15590.6
2021-10-28,2021,True,15,1,124.5,186.75,0.3132530120481928,41.0,T,15694.6
2021-10-29,2021,True,27,1,51.5,77.25,0.9281553398058464,49.80000000000109,T,15699.9
2021-11-01,2021,True,15,1,211.10000000000036,316.65000000000055,0.13832306963524718,31.200000000000728,T,15840.0
2021-11-02,2021,True,15,1,141.5,212.25,-0.04169611307420237,-3.899999999999636,T,15957.1
2021-11-03,2021,True,15,1,108.29999999999927,162.4499999999989,0.03693444136657458,6.0,T,15988.0
2021-11-04,2021,True,15,1,264.89999999999964,397.34999999999945,0.31823329558324354,86.30000000000109,T,16220.3
2021-11-05,2021,True,15,1,265.0,397.5,0.0022641509433907353,2.599999999998545,T,16433.7
2021-11-08,2021,False,15,-1,99.20000000000073,148.8000000000011,0.14213709677419617,16.100000000000364,T,16357.7
2021-11-09,2021,False,19,-1,66.09999999999854,99.14999999999782,1.4697428139183049,99.14999999999782,TP,16334.7
2021-11-10,2021,False,15,-1,266.7999999999993,400.1999999999989,-0.10869565217391335,-27.0,T,16132.0
2021-11-12,2021,False,15,-1,80.0,120.0,-1.025,-80.0,SL,16037.0
2021-11-15,2021,False,15,1,214.79999999999927,322.1999999999989,-0.45530726256983056,-95.79999999999927,T,16229.3
2021-11-16,2021,False,23,-1,40.69999999999891,61.04999999999836,-1.0491400491400504,-40.69999999999891,SL,16217.1
2021-11-17,2021,False,15,1,159.29999999999927,238.9499999999989,0.4620213433772686,75.59999999999854,T,16315.5
2021-11-18,2021,False,15,1,91.0,136.5,0.7703296703296544,72.09999999999854,T,16386.2
2021-11-19,2021,False,15,1,222.5,333.75,0.1087640449438235,26.200000000000728,T,16578.2
2021-11-22,2021,False,15,1,179.59999999999854,269.3999999999978,-1.0111358574610245,-179.59999999999854,SL,16700.0
2021-11-23,2021,False,15,-1,341.6999999999989,512.5499999999984,0.4512730465320439,156.1999999999989,T,16368.4
2021-11-24,2021,False,15,-1,249.39999999999964,374.09999999999945,-0.7245388933440223,-178.6999999999989,T,16129.7
2021-11-29,2021,False,15,1,108.29999999999927,162.4499999999989,1.1948291782086842,131.39999999999964,T,16223.9
2021-11-30,2021,False,15,1,151.59999999999854,227.39999999999782,-1.0131926121372032,-151.59999999999854,SL,16363.3
2021-12-01,2021,False,15,-1,56.600000000000364,84.90000000000055,-1.0353356890459362,-56.600000000000364,SL,16316.4
2021-12-03,2021,False,15,-1,394.3000000000011,591.4500000000016,0.9378645701242664,371.7999999999993,T,15959.3
2021-12-06,2021,False,15,-1,443.2000000000007,664.8000000000011,-0.1624548736462091,-70.0,T,15646.8
2021-12-08,2021,False,15,1,198.70000000000073,298.0500000000011,0.0221439355812764,6.399999999999636,T,16321.0
2021-12-09,2021,False,15,1,159.29999999999927,238.9499999999989,-0.7903327055869442,-123.89999999999964,T,16413.0
2021-12-10,2021,False,15,-1,183.79999999999927,275.6999999999989,-0.1273122959738832,-21.399999999999636,T,16229.5
2021-12-14,2021,False,15,-1,346.7000000000007,520.0500000000011,0.5540813383328524,194.10000000000036,T,15979.5
2021-12-15,2021,False,18,-1,142.10000000000036,213.15000000000055,0.48768472906403304,71.29999999999927,T,15849.5
2021-12-16,2021,False,15,1,400.3000000000011,600.4500000000016,-0.7124656507619285,-283.2000000000007,T,16264.7
2021-12-17,2021,False,15,-1,641.5,962.25,-0.18862042088854247,-119.0,T,15701.5
2021-12-20,2021,False,15,-1,176.6999999999989,265.04999999999836,0.20316921335596977,37.899999999999636,T,15616.6
2021-12-21,2021,False,15,1,159.40000000000146,239.10000000000218,0.4567126725219486,74.79999999999927,T,15710.7
2021-12-22,2021,False,15,1,310.7000000000007,466.0500000000011,0.35210814290312,111.39999999999964,T,16024.5
2021-12-23,2021,False,15,1,268.60000000000036,402.90000000000055,0.4255398361876363,116.29999999999927,T,16210.5
2021-12-27,2021,False,15,1,245.10000000000036,367.65000000000055,0.34924520603834525,87.59999999999854,T,16429.2
2021-12-28,2021,False,15,1,221.79999999999927,332.6999999999989,-0.07889990982867474,-15.5,T,16572.3
2021-12-29,2021,False,15,-1,114.29999999999927,171.4499999999989,0.5188101487314055,61.29999999999927,T,16496.8
2021-12-30,2021,False,15,-1,67.29999999999927,100.94999999999891,-1.0297176820208027,-67.29999999999927,SL,16483.3
2022-01-03,2022,False,15,-1,90.89999999999782,136.34999999999673,0.3157315731573313,30.700000000000728,T,16427.9
2022-01-04,2022,False,15,1,111.19999999999891,166.79999999999836,-1.0179856115107915,-111.19999999999891,SL,16492.8
2022-01-05,2022,False,15,-1,333.2999999999993,499.9499999999989,0.120912091209119,42.29999999999927,T,16182.3
2022-01-06,2022,False,15,-1,395.60000000000036,593.4000000000005,-0.047775530839230584,-16.899999999999636,T,15824.9
2022-01-10,2022,False,15,-1,511.0,766.5,-0.0060665362035232165,-1.1000000000003638,T,15310.4
2022-01-11,2022,False,15,1,215.5,323.25,1.446403712296987,313.7000000000007,T,15517.5
2022-01-12,2022,False,15,1,430.5,645.75,-0.020673635307780804,-6.899999999999636,T,15918.6
2022-01-13,2022,False,39,-1,96.20000000000073,144.3000000000011,1.4792099792099793,144.3000000000011,TP,15905.8
2022-01-14,2022,False,15,-1,442.6999999999989,664.0499999999984,-0.02123334086288606,-7.399999999999636,T,15546.6
2022-01-18,2022,False,15,-1,199.6999999999989,299.54999999999836,-0.06259389083625472,-10.5,T,15344.1
2022-01-19,2022,False,61,-1,105.10000000000036,157.65000000000055,1.4809705042816366,157.65000000000055,TP,15278.4
2022-01-20,2022,False,15,-1,95.89999999999964,143.84999999999945,-0.42231491136600785,-38.5,T,15255.9
2022-01-21,2022,False,15,-1,562.3999999999996,843.5999999999995,-0.0074679943101008716,-2.2000000000007276,T,14706.5
2022-01-24,2022,False,15,-1,690.0,1035.0,0.2788405797101444,194.39999999999964,T,14140.0
2022-01-25,2022,False,19,-1,145.3000000000011,217.95000000000164,0.5691672401926929,84.69999999999891,T,14130.4
2022-01-26,2022,False,15,1,189.8000000000011,284.70000000000164,0.37302423603792867,72.79999999999927,T,14389.2
2022-01-27,2022,False,15,-1,155.79999999999927,233.6999999999989,0.2971758664955155,48.30000000000109,T,14355.7
2022-01-28,2022,False,15,-1,464.0,696.0,-0.8584051724137916,-396.2999999999993,T,13905.5
2022-01-31,2022,False,15,1,668.7999999999993,1003.1999999999989,0.31489234449760856,212.60000000000036,T,14576.9
2022-02-01,2022,False,15,1,388.7000000000007,583.0500000000011,0.3048623617185484,120.5,T,14820.6
2022-02-02,2022,False,15,1,296.60000000000036,444.90000000000055,-0.1985839514497625,-56.899999999999636,T,15101.1
2022-02-03,2022,False,15,-1,444.8000000000011,667.2000000000016,0.1438848920863306,66.0,T,14748.4
2022-02-04,2022,False,15,-1,209.10000000000036,313.65000000000055,0.03395504543280895,9.100000000000364,T,14604.0
2022-02-07,2022,False,15,1,334.10000000000036,501.15000000000055,-0.4711164322059302,-155.40000000000146,T,14779.7
2022-02-08,2022,False,15,-1,245.0,367.5,-0.6269387755102056,-151.60000000000036,T,14550.3
2022-02-09,2022,False,15,1,406.39999999999964,609.5999999999995,0.0413385826771636,18.799999999999272,T,14919.5
2022-02-10,2022,False,15,-1,107.0,160.5,-1.0186915887850467,-107.0,SL,14852.6
2022-02-11,2022,False,15,-1,125.39999999999964,188.09999999999945,1.4840510366826156,188.09999999999945,TP,14739.2
2022-02-14,2022,False,15,-1,539.6000000000004,809.4000000000005,-0.24277242401779078,-129.0,T,14222.4
2022-02-15,2022,False,15,1,322.8000000000011,484.20000000000164,0.13692688971498995,46.19999999999891,T,14513.2
2022-02-16,2022,False,15,-1,80.19999999999891,120.29999999999836,-0.19825436408977373,-13.899999999999636,T,14451.7
2022-02-17,2022,False,16,-1,91.5,137.25,0.6688524590163815,63.19999999999891,T,14429.9
2022-02-18,2022,False,15,-1,385.0,577.5,0.33506493506493507,131.0,T,14114.2
2022-02-22,2022,False,15,-1,223.6999999999989,335.54999999999836,0.5350916405900819,121.70000000000073,T,14001.6
2022-02-23,2022,False,32,-1,135.20000000000073,202.8000000000011,0.28624260355028625,40.69999999999891,T,13859.4
2022-02-24,2022,False,15,-1,783.5,1175.25,-0.38455647734524706,-299.3000000000011,T,13251.4
2022-02-28,2022,False,15,1,201.10000000000036,301.65000000000055,0.9139731476877123,185.79999999999927,T,14079.2
2022-03-01,2022,False,15,1,151.5,227.25,-1.0132013201320131,-151.5,SL,14186.7
2022-03-02,2022,False,15,-1,161.89999999999964,242.84999999999945,-0.4515132798023504,-71.10000000000036,T,14097.5
2022-03-03,2022,False,15,1,282.8000000000011,424.20000000000164,-0.6449787835926476,-180.40000000000146,T,14299.2
2022-03-04,2022,False,15,-1,468.3000000000011,702.4500000000016,0.20499679692504758,98.0,T,13887.9
2022-03-07,2022,False,15,-1,227.60000000000036,341.40000000000055,0.9239894551845296,212.29999999999927,T,13771.9
2022-03-08,2022,False,15,-1,526.6000000000004,789.9000000000005,0.2409798708697295,128.89999999999964,T,13353.8
2022-03-09,2022,False,15,1,342.39999999999964,513.5999999999995,0.2914719626168206,101.79999999999927,T,13566.6
2022-03-10,2022,False,16,-1,101.30000000000109,151.95000000000164,0.5074037512339494,53.399999999999636,T,13519.3
2022-03-11,2022,False,15,1,153.89999999999964,230.84999999999945,-1.0129954515919428,-153.89999999999964,SL,13641.8
2022-03-14,2022,True,15,-1,406.2000000000007,609.3000000000011,0.30871491875923046,127.39999999999964,T,13318.4
2022-03-15,2022,True,15,-1,215.8000000000011,323.70000000000164,-1.0092678405931417,-215.8000000000011,SL,13112.3
2022-03-16,2022,True,15,1,623.3999999999996,935.0999999999995,0.15960859801090801,101.5,T,13715.9
2022-03-17,2022,True,15,1,291.60000000000036,437.40000000000055,0.051783264746222656,17.099999999998545,T,13907.2
2022-03-18,2022,True,15,1,271.10000000000036,406.65000000000055,0.5592032460346742,153.60000000000036,T,14092.4
2022-03-21,2022,True,15,1,422.0,633.0,0.05710900473933735,26.100000000000364,T,14420.5
2022-03-22,2022,True,28,1,114.39999999999964,171.59999999999945,1.4825174825174825,171.59999999999945,TP,14478.0
2022-03-23,2022,True,24,1,122.89999999999964,184.34999999999945,1.2245728234336895,152.5,T,14501.5
2022-03-24,2022,True,35,1,75.69999999999891,113.54999999999836,-1.0264200792602383,-75.69999999999891,SL,14548.4
2022-03-25,2022,True,15,1,258.1999999999989,387.29999999999836,-0.4972889233152602,-126.39999999999964,T,14732.4
2022-03-28,2022,True,15,1,134.90000000000146,202.35000000000218,-0.8702742772424031,-115.40000000000146,T,14849.7
2022-03-29,2022,True,15,1,418.60000000000036,627.9000000000005,-0.058767319636885675,-22.600000000000364,T,15169.1
2022-03-30,2022,True,44,1,80.89999999999964,121.34999999999945,-1.0247218788627936,-80.89999999999964,SL,15216.3
2022-03-31,2022,True,15,-1,191.29999999999927,286.9499999999989,-0.23052796654468746,-42.099999999998545,T,15001.2
2022-04-01,2022,True,15,-1,213.60000000000036,320.40000000000055,0.5182584269662861,112.69999999999891,T,14872.8
2022-04-04,2022,True,15,1,135.79999999999927,203.6999999999989,0.8284241531664256,114.5,T,14989.4
2022-04-05,2022,True,15,1,211.79999999999927,317.6999999999989,-0.9858356940509915,-206.79999999999927,T,15093.3
2022-04-06,2022,True,15,-1,588.8000000000011,883.2000000000016,0.07931385869565018,48.69999999999891,T,14538.8
2022-04-07,2022,True,15,-1,145.29999999999927,217.9499999999989,0.7962835512732368,117.70000000000073,T,14492.7
2022-04-08,2022,True,15,-1,175.10000000000036,262.65000000000055,-0.27698458023986233,-46.5,T,14395.0
2022-04-11,2022,True,15,-1,309.5,464.25,0.28788368336025966,91.10000000000036,T,14160.1
2022-04-12,2022,True,16,1,91.5,137.25,-1.0218579234972678,-91.5,SL,14187.5
2022-04-13,2022,True,15,-1,168.10000000000036,252.15000000000055,-0.7311124330755465,-120.89999999999964,T,14027.4
2022-04-14,2022,True,15,1,221.89999999999964,332.84999999999945,-0.5633168093735926,-123.0,T,14140.0
2022-04-18,2022,True,15,-1,358.0,537.0,0.013966480446927373,7.0,T,13881.9
2022-04-19,2022,True,17,1,91.89999999999964,137.84999999999945,1.4782372143634384,137.84999999999945,TP,13941.0
2022-04-21,2022,True,15,1,422.89999999999964,634.3499999999995,-0.7004019862851761,-294.2000000000007,T,14256.0
2022-04-22,2022,True,15,-1,616.5999999999985,924.8999999999978,0.24035030814142244,150.20000000000073,T,13662.2
2022-04-25,2022,True,15,-1,529.0,793.5,-0.038752362948960305,-18.5,T,13246.3
2022-04-26,2022,True,27,-1,105.10000000000036,157.65000000000055,1.4809705042816366,157.65000000000055,TP,13258.8
2022-04-27,2022,True,15,-1,250.29999999999927,375.4499999999989,0.4390731122652888,111.90000000000146,T,13197.7
2022-04-28,2022,True,109,1,199.3000000000011,298.95000000000164,-0.36879076768690217,-71.5,T,13209.2
2022-04-29,2022,True,15,1,176.89999999999964,265.34999999999945,-0.693612210288304,-120.70000000000073,T,13293.6
2022-05-02,2022,True,15,-1,494.1999999999989,741.2999999999984,-0.06110886280857745,-28.19999999999891,T,12879.2
2022-05-03,2022,True,15,1,225.60000000000036,338.40000000000055,0.5957446808510612,136.39999999999964,T,12969.9
2022-05-04,2022,True,15,1,90.60000000000036,135.90000000000055,-1.0220750551876379,-90.60000000000036,SL,13081.1
2022-05-05,2022,True,15,1,179.70000000000073,269.5500000000011,-1.0111296605453532,-179.70000000000073,SL,13239.7
2022-05-06,2022,True,15,-1,735.7999999999993,1103.699999999999,-0.14433269910301577,-104.19999999999891,T,12608.2
2022-05-09,2022,True,15,-1,320.10000000000036,480.15000000000055,0.45329584504842296,147.10000000000036,T,12472.4
2022-05-10,2022,True,15,-1,190.0,285.0,0.5210526315789473,101.0,T,12366.9
2022-05-11,2022,True,15,-1,215.0,322.5,0.19348837209301648,43.599999999998545,T,12328.8
2022-05-12,2022,True,15,-1,543.2000000000007,814.8000000000011,-0.0879970544918984,-45.79999999999927,T,11800.0
2022-05-13,2022,True,15,1,490.10000000000036,735.1500000000005,0.35482554580697717,175.89999999999964,T,12182.9
2022-05-16,2022,True,15,1,188.10000000000036,282.15000000000055,0.383838383838387,74.20000000000073,T,12251.4
2022-05-17,2022,True,15,1,267.39999999999964,401.09999999999945,-0.1634255796559491,-41.70000000000073,T,12504.6
2022-05-18,2022,True,15,-1,198.60000000000036,297.90000000000055,1.0881168177240683,218.10000000000036,T,12334.6
2022-05-19,2022,True,15,-1,536.8000000000011,805.2000000000016,-0.3176229508196715,-168.5,T,11856.3
2022-05-20,2022,True,15,1,148.09999999999854,222.14999999999782,-1.0135043889264013,-148.09999999999854,SL,12009.3
2022-05-23,2022,True,15,-1,113.29999999999927,169.9499999999989,-0.4677846425419271,-51.0,T,11935.1
2022-05-24,2022,True,15,-1,188.29999999999927,282.4499999999989,0.17047265002655596,34.100000000000364,T,11738.1
2022-05-25,2022,True,48,1,113.10000000000036,169.65000000000055,-0.04509283819628954,-3.100000000000364,T,11854.2
2022-05-26,2022,True,15,1,324.0,486.0,0.5959876543209888,195.10000000000036,T,12030.3
2022-05-27,2022,True,15,1,563.6999999999989,845.5499999999984,0.2300869256696842,131.70000000000073,T,12459.3
2022-05-31,2022,True,15,1,173.6999999999989,260.54999999999836,0.7714450201496882,136.0,T,12572.3
2022-06-01,2022,True,15,1,263.6999999999989,395.54999999999836,-1.007584376185059,-263.6999999999989,SL,12783.3
2022-06-02,2022,True,15,-1,268.3000000000011,402.45000000000164,-0.5590756615728639,-148.0,T,12542.3
2022-06-03,2022,True,15,1,169.5,254.25,-0.3846607669616562,-63.20000000000073,T,12608.5
2022-06-06,2022,True,23,1,97.70000000000073,146.5500000000011,-0.5527123848515824,-52.0,T,12715.5
2022-06-07,2022,True,15,-1,259.89999999999964,389.84999999999945,-0.35513659099653483,-90.29999999999927,T,12522.1
2022-06-08,2022,True,15,1,280.89999999999964,421.34999999999945,0.10893556425774441,32.600000000000364,T,12691.0
2022-06-09,2022,True,15,-1,189.79999999999927,284.6999999999989,-0.22233930453108045,-40.19999999999891,T,12528.1
2022-06-10,2022,True,15,-1,548.1000000000004,822.1500000000005,0.3295019157088127,182.60000000000036,T,12046.1
2022-06-13,2022,True,15,-1,547.8000000000011,821.7000000000016,0.2365826944140199,131.60000000000036,T,11539.4
2022-06-14,2022,True,15,-1,290.8000000000011,436.20000000000164,-0.22042640990371432,-62.100000000000364,T,11282.8
2022-06-15,2022,True,15,1,236.09999999999854,354.1499999999978,-0.017365523083433164,-2.099999999998545,T,11500.3
2022-06-16,2022,True,15,-1,235.39999999999964,353.09999999999945,0.49745114698385956,119.10000000000036,T,11276.2
2022-06-17,2022,True,39,-1,90.69999999999891,136.04999999999836,0.19184123484015064,19.400000000001455,T,11220.2
2022-06-21,2022,True,15,1,375.2999999999993,562.9499999999989,0.10418332001065932,41.100000000000364,T,11526.5
2022-06-22,2022,True,24,1,125.39999999999964,188.09999999999945,-0.12360446570972923,-13.5,T,11565.8
2022-06-23,2022,True,15,1,127.0,190.5,0.5866141732283464,76.5,T,11539.1
2022-06-24,2022,True,15,1,401.10000000000036,601.6500000000005,0.12465719272001984,52.0,T,11926.7
2022-06-27,2022,True,15,1,215.89999999999964,323.84999999999945,0.2839277443260824,63.30000000000109,T,12020.3
2022-06-28,2022,True,36,-1,176.10000000000036,264.15000000000055,1.3634298693923899,242.10000000000036,T,12000.1
2022-06-29,2022,True,15,-1,599.2000000000007,898.8000000000011,-0.19876502002670263,-117.10000000000036,T,11540.9
2022-06-30,2022,True,15,-1,246.79999999999927,370.1999999999989,-0.721231766612644,-176.0,T,11406.6
2022-07-01,2022,True,26,1,151.39999999999964,227.09999999999945,-1.013210039630119,-151.39999999999964,SL,11553.3
2022-07-05,2022,True,26,-1,124.20000000000073,186.3000000000011,-1.0161030595813203,-124.20000000000073,SL,11381.5
2022-07-06,2022,True,15,1,393.7000000000007,590.5500000000011,0.032004064008124264,14.599999999998545,T,11750.2
2022-07-07,2022,True,15,1,248.5,372.75,0.28410462776660106,72.60000000000036,T,11986.3
2022-07-08,2022,True,15,1,145.79999999999927,218.6999999999989,0.8401920438957518,124.5,T,12033.5
2022-07-11,2022,True,15,-1,176.39999999999964,264.59999999999945,-0.053854875283446825,-7.5,T,11883.7
2022-07-13,2022,True,15,-1,432.1999999999989,648.2999999999984,-0.3549282739472467,-151.39999999999964,T,11566.1
2022-07-15,2022,True,15,1,372.7999999999993,559.1999999999989,0.16255364806867081,62.600000000000364,T,11866.0
2022-07-18,2022,True,15,1,227.5,341.25,0.16043956043956045,38.5,T,12112.7
2022-07-19,2022,True,15,-1,148.29999999999927,222.4499999999989,-1.0134861766689145,-148.29999999999927,SL,11981.1
2022-07-20,2022,True,15,1,329.2999999999993,493.9499999999989,0.494382022471909,164.79999999999927,T,12303.0
2022-07-21,2022,True,15,1,193.60000000000036,290.40000000000055,0.4065082644628129,80.70000000000073,T,12420.9
2022-07-22,2022,True,15,1,200.89999999999964,301.34999999999945,-0.7585863613738174,-150.39999999999964,T,12584.8
2022-07-25,2022,True,15,-1,250.10000000000036,375.15000000000055,0.09316273490603454,25.299999999999272,T,12370.5
2022-07-26,2022,True,15,-1,235.59999999999854,353.3999999999978,0.3934634974533162,94.70000000000073,T,12182.7
2022-07-27,2022,True,15,1,157.20000000000073,235.8000000000011,0.3982188295165399,64.60000000000036,T,12349.6
2022-07-28,2022,True,15,1,221.0,331.5,0.7628959276018116,170.60000000000036,T,12472.1
2022-07-29,2022,True,15,1,340.0,510.0,0.016470588235289838,7.599999999998545,T,12831.2
2022-08-01,2022,True,15,1,202.20000000000073,303.3000000000011,0.6439169139465798,132.1999999999989,T,12924.2
2022-08-02,2022,True,40,-1,121.5,182.25,-1.0164609053497942,-121.5,SL,12820.3
2022-08-03,2022,True,15,1,209.29999999999927,313.9499999999989,0.7458193979933153,158.10000000000036,T,13043.0
2022-08-04,2022,True,15,1,324.89999999999964,487.34999999999945,-0.11234225915666371,-34.5,T,13296.3
2022-08-05,2022,True,15,-1,167.79999999999927,251.6999999999989,0.18951132300357218,33.79999999999927,T,13137.5
2022-08-08,2022,True,15,1,250.10000000000036,375.15000000000055,-0.46421431427429105,-114.10000000000036,T,13345.4
2022-08-09,2022,True,15,-1,299.3000000000011,448.95000000000164,0.21082525893751525,65.09999999999854,T,13056.3
2022-08-10,2022,True,15,1,281.09999999999854,421.6499999999978,0.19743863393810135,57.5,T,13298.3
2022-08-11,2022,True,15,1,211.0,316.5,-0.423222748815171,-87.30000000000109,T,13457.1
2022-08-12,2022,True,15,-1,83.10000000000036,124.65000000000055,-0.39229843561973793,-30.600000000000364,T,13406.4
2022-08-15,2022,True,15,1,202.10000000000036,303.15000000000055,0.45175655616031224,93.29999999999927,T,13541.6
2022-08-16,2022,True,15,1,81.89999999999964,122.84999999999945,-1.0244200244200246,-81.89999999999964,SL,13596.5
2022-08-17,2022,True,15,-1,140.8000000000011,211.20000000000164,0.6605113636363585,95.0,T,13497.3
2022-08-18,2022,True,16,-1,91.89999999999964,137.84999999999945,-1.0217627856365616,-91.89999999999964,SL,13449.7
2022-08-19,2022,True,15,-1,150.90000000000146,226.35000000000218,0.4824387011265644,74.79999999999927,T,13323.8
2022-08-22,2022,True,15,-1,353.5,530.25,0.21018387553040813,76.29999999999927,T,13049.0
2022-08-23,2022,True,15,-1,199.39999999999964,299.09999999999945,-0.15546639919759306,-29.0,T,12873.4
2022-08-24,2022,True,103,1,88.60000000000036,132.90000000000055,0.4063205417607207,38.0,T,12937.5
2022-08-25,2022,True,15,1,130.40000000000146,195.60000000000218,0.47699386503066116,64.19999999999891,T,12968.2
2022-08-26,2022,True,15,1,163.0,244.5,-1.0122699386503067,-163.0,SL,13114.8
2022-08-29,2022,True,15,-1,577.1999999999989,865.7999999999984,0.11521136521136544,68.5,T,12570.1
2022-08-30,2022,True,33,-1,126.79999999999927,190.1999999999989,1.4842271293375393,190.1999999999989,TP,12467.6
2022-08-31,2022,True,15,-1,120.60000000000036,180.90000000000055,0.6003316749585358,74.39999999999964,T,12454.5
2022-09-01,2022,True,15,-1,292.7000000000007,439.0500000000011,0.5162282200204925,153.09999999999854,T,12186.8
2022-09-02,2022,True,15,1,169.79999999999927,254.6999999999989,0.641931684334514,111.0,T,12298.8
2022-09-06,2022,True,15,-1,318.39999999999964,477.59999999999945,-0.0970477386934663,-28.899999999999636,T,12086.9
2022-09-07,2022,True,30,-1,100.39999999999964,150.59999999999945,-0.7669322709163374,-75.0,T,12062.2
2022-09-08,2022,True,15,1,178.29999999999927,267.4499999999989,0.5692652832305127,103.5,T,12209.5
2022-09-09,2022,True,15,1,337.39999999999964,506.09999999999945,0.30912863070539776,106.30000000000109,T,12448.9
2022-09-12,2022,True,15,1,267.2999999999993,400.9499999999989,-0.08641975308642134,-21.100000000000364,T,12681.5
2022-09-13,2022,True,15,-1,366.2999999999993,549.4499999999989,0.36855036855036927,137.0,T,12329.2
2022-09-14,2022,True,15,-1,309.0,463.5,-0.05663430420711974,-15.5,T,12113.1
2022-09-15,2022,True,19,1,105.69999999999891,158.54999999999836,-1.0189214758751184,-105.69999999999891,SL,12122.9
2022-09-16,2022,True,15,-1,347.7000000000007,521.5500000000011,-0.11446649410411563,-37.80000000000109,T,11749.9
2022-09-19,2022,True,15,1,112.5,168.75,-0.3573333333333398,-38.20000000000073,T,11842.7
2022-09-20,2022,True,16,1,91.69999999999891,137.54999999999836,1.1570338058887855,108.10000000000036,T,11835.9
2022-09-21,2022,True,15,1,75.60000000000036,113.40000000000055,0.06746031746029789,7.099999999998545,T,11889.7
2022-09-22,2022,True,15,-1,375.7999999999993,563.6999999999989,0.06812134113890478,27.600000000000364,T,11528.5
2022-09-23,2022,True,15,-1,272.1999999999989,408.29999999999836,0.14364437913299236,41.100000000000364,T,11339.6
2022-09-26,2022,True,20,1,87.20000000000073,130.8000000000011,-1.0229357798165135,-87.20000000000073,SL,11410.1
2022-09-27,2022,True,15,1,180.20000000000073,270.3000000000011,-1.0110987791342951,-180.20000000000073,SL,11462.6
2022-09-28,2022,True,15,-1,239.6999999999989,359.54999999999836,-0.6408010012515613,-151.59999999999854,T,11265.2
2022-09-29,2022,True,15,-1,76.59999999999854,114.89999999999782,0.07702349869453744,7.900000000001455,T,11205.2
2022-09-30,2022,True,15,-1,166.39999999999964,249.59999999999945,-0.12139423076922448,-18.19999999999891,T,11168.7
2022-10-03,2022,True,15,-1,134.79999999999927,202.1999999999989,-0.49406528189911514,-64.60000000000036,T,11054.6
2022-10-04,2022,True,15,1,521.2999999999993,781.9499999999989,0.14636485708805141,78.30000000000109,T,11505.9
2022-10-05,2022,True,15,-1,99.89999999999964,149.84999999999945,0.18218218218219012,20.200000000000728,T,11411.1
2022-10-06,2022,True,15,1,238.0,357.0,-0.49159663865546216,-115.0,T,11641.1
2022-10-07,2022,True,15,-1,445.2999999999993,667.9499999999989,0.17853132719514964,81.5,T,11214.6
2022-10-10,2022,True,15,-1,301.2000000000007,451.8000000000011,0.18459495351925104,57.599999999998545,T,10990.8
2022-10-11,2022,True,15,-1,243.10000000000036,364.65000000000055,-0.3385438091320409,-80.29999999999927,T,10825.5
2022-10-12,2022,True,36,-1,99.0,148.5,-0.7191919191919082,-69.19999999999891,T,10788.7
2022-10-13,2022,True,15,-1,403.60000000000036,605.4000000000005,-1.0049554013875124,-403.60000000000036,SL,10473.1
2022-10-14,2022,True,15,1,584.0999999999985,876.1499999999978,-0.40164355418592557,-232.59999999999854,T,11016.3
2022-10-17,2022,True,15,-1,118.79999999999927,178.1999999999989,-0.24074074074074528,-26.600000000000364,T,11036.0
2022-10-18,2022,True,15,1,334.60000000000036,501.90000000000055,-0.5517035265989245,-182.60000000000036,T,11288.6
2022-10-19,2022,True,15,-1,300.10000000000036,450.15000000000055,-0.2552482505831399,-74.60000000000036,T,11078.5
2022-10-20,2022,True,21,1,115.20000000000073,172.8000000000011,0.41493055555554664,49.79999999999927,T,11174.5
2022-10-21,2022,True,18,-1,96.60000000000036,144.90000000000055,-1.020703933747412,-96.60000000000036,SL,11020.8
2022-10-24,2022,True,15,1,412.7000000000007,619.0500000000011,0.01696147322510295,9.0,T,11364.2
2022-10-25,2022,True,15,1,279.5,419.25,0.3567084078711947,101.69999999999891,T,11535.6
2022-10-26,2022,True,15,-1,75.29999999999927,112.94999999999891,-1.0265604249667997,-75.29999999999927,SL,11448.7
2022-10-27,2022,True,15,-1,105.69999999999891,158.54999999999836,1.0075685903500577,108.5,T,11357.6
2022-10-28,2022,True,15,-1,117.60000000000036,176.40000000000055,-1.0170068027210883,-117.60000000000036,SL,11298.9
2022-10-31,2022,True,15,1,243.79999999999927,365.6999999999989,0.03568498769483492,10.700000000000728,T,11407.8
2022-11-01,2022,True,15,1,87.80000000000109,131.70000000000164,-1.022779043280182,-87.80000000000109,SL,11498.2
2022-11-02,2022,True,15,-1,301.0,451.5,0.26511627906976504,81.79999999999927,T,11277.0
2022-11-03,2022,True,15,-1,578.7000000000007,868.0500000000011,-0.005356834283740038,-1.1000000000003638,T,10728.3
2022-11-04,2022,True,15,-1,84.5,126.75,-1.0236686390532543,-84.5,SL,10725.2
2022-11-08,2022,False,15,1,143.89999999999964,215.84999999999945,1.4861014593467685,215.84999999999945,TP,10973.4
2022-11-09,2022,False,18,-1,86.79999999999927,130.1999999999989,0.11059907834101894,11.600000000000364,T,10958.6
2022-11-10,2022,False,15,1,371.0,556.5,0.41967654986523106,157.70000000000073,T,11302.9
2022-11-11,2022,False,15,1,375.7000000000007,563.5500000000011,0.15996805962203953,62.100000000000364,T,11612.1
2022-11-14,2022,False,15,1,142.39999999999964,213.59999999999945,0.6144662921348331,89.5,T,11678.0
2022-11-15,2022,False,15,1,296.40000000000146,444.6000000000022,0.06443994601888817,21.099999999998545,T,11981.2
2022-11-16,2022,False,15,-1,248.29999999999927,372.4499999999989,0.19734192509061677,51.0,T,11779.6
2022-11-17,2022,False,15,-1,212.29999999999927,318.4499999999989,-0.4394724446537899,-91.29999999999927,T,11585.0
2022-11-18,2022,False,15,1,232.5,348.75,-0.4004301075268833,-91.10000000000036,T,11739.4
2022-11-21,2022,False,15,-1,175.3000000000011,262.95000000000164,0.468910439246996,84.19999999999891,T,11631.4
2022-11-22,2022,False,15,-1,157.89999999999964,236.84999999999945,-0.6991766941101957,-108.39999999999964,T,11508.0
2022-11-23,2022,False,15,1,278.2000000000007,417.3000000000011,-0.06146657081236635,-15.100000000000364,T,11775.2
2022-11-28,2022,False,46,-1,57.69999999999891,86.54999999999836,0.45927209705373484,28.5,T,11716.7
2022-11-29,2022,False,15,-1,200.90000000000146,301.3500000000022,0.2677949228471821,55.79999999999927,T,11556.8
2022-11-30,2022,False,15,-1,61.80000000000109,92.70000000000164,0.04207119741097895,4.599999999998545,T,11543.3
2022-12-01,2022,False,15,1,590.6999999999989,886.0499999999984,-0.13729473506009598,-79.09999999999854,T,12088.8
2022-12-02,2022,False,15,-1,204.20000000000073,306.3000000000011,-0.2448579823702244,-48.0,T,11876.5
2022-12-05,2022,False,15,1,114.10000000000036,171.15000000000055,-0.9640666082383843,-108.0,T,11940.6
2022-12-06,2022,False,15,-1,260.5,390.75,0.3523992322456786,93.79999999999927,T,11695.3
2022-12-07,2022,False,15,-1,273.2999999999993,409.9499999999989,0.07830223197950857,23.399999999999636,T,11515.5
2022-12-08,2022,False,15,-1,102.20000000000073,153.3000000000011,-1.019569471624266,-102.20000000000073,SL,11479.4
2022-12-09,2022,False,15,1,161.0,241.5,0.3596273291925443,59.899999999999636,T,11637.1
2022-12-12,2022,False,79,-1,99.20000000000073,148.8000000000011,-0.49495967741935487,-47.100000000000364,T,11533.9
2022-12-13,2022,False,15,1,607.3000000000011,910.9500000000016,-0.45694055656183025,-275.5,T,12145.7
2022-12-14,2022,False,15,-1,307.0,460.5,-0.16840390879479064,-49.70000000000073,T,11858.9
2022-12-15,2022,False,15,-1,372.7000000000007,559.0500000000011,0.39710222699221814,150.0,T,11506.9
2022-12-16,2022,False,15,-1,251.40000000000146,377.1000000000022,0.5656324582338826,144.1999999999989,T,11339.3
2022-12-19,2022,False,15,-1,153.89999999999964,230.84999999999945,0.5971410006497835,93.90000000000146,T,11196.2
2022-12-20,2022,False,15,-1,276.7000000000007,415.0500000000011,-0.3588724250090315,-97.29999999999927,T,10975.5
2022-12-21,2022,False,15,1,152.6999999999989,229.04999999999836,0.5992141453831084,93.5,T,11131.9
2022-12-22,2022,False,15,-1,142.60000000000036,213.90000000000055,0.7145862552594626,103.89999999999964,T,10992.5
2022-12-23,2022,False,15,-1,232.29999999999927,348.4499999999989,-0.2905725355144219,-65.5,T,10874.1
2022-12-27,2022,False,15,-1,132.3000000000011,198.45000000000164,-0.3764172335600958,-47.80000000000109,T,10824.8
2022-12-28,2022,False,23,-1,125.29999999999927,187.9499999999989,1.067837190742219,135.79999999999927,T,10837.0
2022-12-29,2022,False,45,1,141.59999999999854,212.39999999999782,0.3905367231638535,57.30000000000109,T,10912.3
2022-12-30,2022,False,79,1,111.60000000000036,167.40000000000055,-0.17383512544802485,-17.399999999999636,T,10878.1
2023-01-03,2023,False,15,1,230.0,345.0,-1.008695652173913,-230.0,SL,11028.6
2023-01-04,2023,False,15,-1,211.29999999999927,316.9499999999989,-0.3696166587789902,-76.10000000000036,T,10886.0
2023-01-05,2023,False,15,-1,224.3000000000011,336.45000000000164,-0.17833259028087295,-38.0,T,10739.9
2023-01-06,2023,False,15,-1,139.79999999999927,209.6999999999989,-1.0143061516452074,-139.79999999999927,SL,10700.7
2023-01-10,2023,False,15,-1,52.399999999999636,78.59999999999945,-1.0381679389312979,-52.399999999999636,SL,11116.0
2023-01-11,2023,False,15,1,208.1999999999989,312.29999999999836,0.14409221902017366,32.0,T,11268.9
2023-01-12,2023,False,17,1,76.60000000000036,114.90000000000055,1.4738903394255876,114.90000000000055,TP,11291.0
2023-01-17,2023,False,15,1,181.5,272.25,0.1322314049586777,26.0,T,11526.9
2023-01-18,2023,False,15,1,137.10000000000036,205.65000000000055,-1.0145878920495988,-137.10000000000036,SL,11623.0
2023-01-19,2023,False,15,-1,343.59999999999854,515.3999999999978,0.13474970896391528,48.30000000000109,T,11315.2
2023-01-20,2023,False,21,1,74.60000000000036,111.90000000000055,0.8994638069705099,69.10000000000036,T,11395.0
2023-01-23,2023,False,15,1,371.60000000000036,557.4000000000005,0.5139935414424107,193.0,T,11692.1
2023-01-24,2023,False,15,1,215.89999999999964,323.84999999999945,0.12274201018990294,28.5,T,11827.3
2023-01-25,2023,False,15,-1,219.29999999999927,328.9499999999989,-0.4026447788417673,-86.29999999999927,T,11621.1
2023-01-26,2023,False,15,1,360.90000000000146,541.3500000000022,-0.1338320864505428,-46.30000000000109,T,11959.2
2023-01-27,2023,False,15,1,110.19999999999891,165.29999999999836,0.755898366606188,85.30000000000109,T,12053.9
2023-01-30,2023,False,15,1,59.899999999999636,89.84999999999945,-1.0333889816360604,-59.899999999999636,SL,12045.3
2023-01-31,2023,False,15,-1,89.20000000000073,133.8000000000011,-0.5784753363228693,-49.600000000000364,T,11963.8
2023-02-01,2023,False,15,1,155.89999999999964,233.84999999999945,-0.016677357280298594,-0.5999999999985448,T,12070.8
2023-02-02,2023,False,15,1,598.2999999999993,897.4499999999989,0.1402306535183014,85.89999999999964,T,12646.9
2023-02-03,2023,False,20,1,74.90000000000146,112.35000000000218,-1.0267022696929233,-74.90000000000146,SL,12694.7
2023-02-06,2023,False,16,-1,139.60000000000036,209.40000000000055,0.05157593123209677,9.200000000000728,T,12499.5
2023-02-07,2023,False,30,-1,71.39999999999964,107.09999999999945,-1.0280112044817928,-71.39999999999964,SL,12443.0
2023-02-08,2023,False,15,1,251.20000000000073,376.8000000000011,-0.6218152866242049,-154.20000000000073,T,12692.2
2023-02-09,2023,False,15,-1,97.0,145.5,0.7412371134020769,73.90000000000146,T,12611.7
2023-02-10,2023,False,15,-1,367.7000000000007,551.5500000000011,0.19581180310035315,74.0,T,12314.0
2023-02-13,2023,False,15,1,110.79999999999927,166.1999999999989,0.9702166064982013,109.5,T,12379.0
2023-02-14,2023,False,15,1,182.0,273.0,-0.35384615384615187,-62.399999999999636,T,12491.0
2023-02-15,2023,False,15,1,204.20000000000073,306.3000000000011,0.24632713026444217,52.29999999999927,T,12552.2
2023-02-16,2023,False,15,-1,68.39999999999964,102.59999999999945,-1.0292397660818715,-68.39999999999964,SL,12502.5
2023-02-17,2023,False,15,-1,234.6999999999989,352.04999999999836,0.0690242863229689,18.200000000000728,T,12286.7
2023-02-21,2023,False,15,-1,133.89999999999964,200.84999999999945,0.9693801344286753,131.79999999999927,T,12250.9
2023-02-22,2023,False,15,-1,116.79999999999927,175.1999999999989,0.49315068493151304,59.600000000000364,T,12135.6
2023-02-23,2023,False,15,1,99.89999999999964,149.84999999999945,-1.02002002002002,-99.89999999999964,SL,12182.9
2023-02-24,2023,False,15,-1,276.5,414.75,-0.06220614828210028,-15.200000000000728,T,11950.5
2023-02-27,2023,False,15,1,137.5,206.25,-0.13236363636362844,-16.19999999999891,T,12090.9
2023-02-28,2023,False,15,-1,49.70000000000073,74.55000000000109,0.03420523138830752,3.6999999999989086,T,12067.3
2023-03-01,2023,False,33,-1,66.39999999999964,99.59999999999945,1.469879518072289,99.59999999999945,TP,12005.6
2023-03-02,2023,False,15,-1,180.89999999999964,271.34999999999945,-0.194029850746261,-33.099999999998545,T,11853.7
2023-03-03,2023,False,15,1,315.39999999999964,473.09999999999945,0.197209892200383,64.20000000000073,T,12138.8
2023-03-06,2023,False,15,1,264.7000000000007,397.0500000000011,0.3146958821307104,85.29999999999927,T,12356.0
2023-03-07,2023,False,16,-1,46.100000000000364,69.15000000000055,1.4566160520607379,69.15000000000055,TP,12329.6
2023-03-08,2023,False,15,-1,189.10000000000036,283.65000000000055,-0.41671073506080974,-76.79999999999927,T,12154.0
2023-03-09,2023,False,15,1,134.89999999999964,202.34999999999945,-0.05930318754633077,-6.0,T,12276.4
2023-03-10,2023,False,15,-1,400.5,600.75,-0.22421972534332357,-87.80000000000109,T,11875.4
2023-03-14,2023,True,15,1,433.89999999999964,650.8499999999995,0.14265959898594494,63.900000000001455,T,12132.3
2023-03-15,2023,True,31,-1,84.20000000000073,126.30000000000109,-1.02375296912114,-84.20000000000073,SL,12055.5
2023-03-16,2023,True,15,1,173.39999999999964,260.09999999999945,1.488465974625144,260.09999999999945,TP,12230.4
2023-03-17,2023,True,15,1,393.2000000000007,589.8000000000011,-0.2334689725330644,-89.80000000000109,T,12576.2
2023-03-20,2023,True,15,-1,189.5,284.25,-0.28443271767809836,-51.899999999999636,T,12437.7
2023-03-21,2023,True,15,1,233.79999999999927,350.6999999999989,-0.2660393498716814,-60.19999999999891,T,12661.4
2023-03-22,2023,True,15,1,92.10000000000036,138.15000000000055,0.6818675352877202,64.79999999999927,T,12735.0
2023-03-23,2023,True,15,1,30.5,45.75,-1.0655737704918034,-30.5,SL,12749.0
2023-03-24,2023,True,15,-1,113.59999999999854,170.39999999999782,-0.5519366197183073,-60.69999999999891,T,12643.2
2023-03-27,2023,True,15,1,198.0,297.0,-0.7959595959595978,-155.60000000000036,T,12814.5
2023-03-28,2023,True,15,-1,231.1999999999989,346.79999999999836,-0.0475778546712805,-9.0,T,12584.1
2023-03-29,2023,True,15,1,219.3000000000011,328.95000000000164,0.05745554035567853,14.600000000000364,T,12781.1
2023-03-30,2023,True,15,1,162.40000000000146,243.60000000000218,0.1902709359605872,32.899999999999636,T,12923.7
2023-03-31,2023,True,15,1,98.39999999999964,147.59999999999945,0.7764227642276414,78.39999999999964,T,13011.9
2023-04-03,2023,True,15,1,142.79999999999927,214.1999999999989,-0.2668067226890795,-36.100000000000364,T,13104.4
2023-04-04,2023,True,16,1,55.29999999999927,82.94999999999891,-0.4086799276672814,-20.600000000000364,T,13130.4
2023-04-05,2023,True,15,-1,148.10000000000036,222.15000000000055,0.5840648210668453,88.5,T,13025.1
2023-04-06,2023,True,15,-1,201.59999999999854,302.3999999999978,-0.7738095238095294,-154.0,T,12858.2
2023-04-10,2023,True,45,1,57.599999999998545,86.39999999999782,0.6701388888889122,40.600000000000364,T,12903.3
2023-04-11,2023,True,15,1,124.80000000000109,187.20000000000164,-0.31730769230769246,-37.600000000000364,T,13006.2
2023-04-12,2023,True,15,-1,80.79999999999927,121.19999999999891,0.011138613861381737,2.899999999999636,T,12968.1
2023-04-13,2023,True,15,-1,125.09999999999854,187.64999999999782,-0.7426059152677915,-90.89999999999964,T,12945.7
2023-04-14,2023,True,15,1,199.5,299.25,-0.4466165413533853,-87.10000000000036,T,13112.7
2023-04-17,2023,True,68,-1,88.19999999999891,132.29999999999836,0.21768707482994293,21.200000000000728,T,13024.6
2023-04-18,2023,True,15,1,132.5,198.75,-0.8513207547169893,-110.80000000000109,T,13178.2
2023-04-19,2023,True,15,-1,162.6999999999989,244.04999999999836,-0.3632452366318312,-57.099999999998545,T,13021.2
2023-04-20,2023,True,38,1,57.899999999999636,86.84999999999945,-0.025906735751295498,0.5,T,13042.6
2023-04-21,2023,True,20,-1,74.10000000000036,111.15000000000055,-0.7651821862348239,-54.70000000000073,T,12941.0
2023-04-24,2023,True,15,1,95.39999999999964,143.09999999999945,-1.0209643605870022,-95.39999999999964,SL,13044.3
2023-04-25,2023,True,15,-1,140.0,210.0,0.4849999999999974,69.89999999999964,T,12907.8
2023-04-26,2023,True,15,-1,90.40000000000146,135.60000000000218,-0.7411504424778642,-65.0,T,12839.3
2023-04-27,2023,True,15,1,124.79999999999927,187.1999999999989,0.927884615384615,117.79999999999927,T,12941.5
2023-04-28,2023,True,15,1,177.59999999999854,266.3999999999978,0.38119369369370093,69.70000000000073,T,13108.8
2023-05-01,2023,True,15,1,129.10000000000036,193.65000000000055,-0.04725019364833731,-4.100000000000364,T,13226.1
2023-05-02,2023,True,28,-1,32.899999999999636,49.349999999999454,1.4392097264437684,49.349999999999454,TP,13206.5
2023-05-03,2023,True,15,-1,80.40000000000146,120.60000000000218,0.13805970149251673,13.099999999998545,T,13157.8
2023-05-04,2023,True,15,-1,188.0,282.0,-0.1356382978723404,-23.5,T,12961.9
2023-05-05,2023,True,15,1,129.1999999999989,193.79999999999836,0.7236842105263219,95.5,T,13094.9
2023-05-08,2023,True,15,1,154.10000000000036,231.15000000000055,0.29201817001946717,47.0,T,13212.0
2023-05-09,2023,True,28,1,40.80000000000109,61.20000000000164,-1.049019607843136,-40.80000000000109,SL,13246.1
2023-05-10,2023,True,15,1,81.79999999999927,122.69999999999891,0.11124694376528661,11.100000000000364,T,13294.4
2023-05-11,2023,True,88,1,94.39999999999964,141.59999999999945,0.32097457627118,32.29999999999927,T,13353.0
2023-05-12,2023,True,15,1,94.60000000000036,141.90000000000055,-1.0211416490486258,-94.60000000000036,SL,13410.1
2023-05-15,2023,True,15,-1,62.29999999999927,93.44999999999891,-0.41252006420544474,-23.69999999999891,T,13365.1
2023-05-16,2023,True,15,1,118.5,177.75,0.3080168776371308,38.5,T,13451.7
2023-05-17,2023,True,15,1,77.5,116.25,0.4851612903225853,39.600000000000364,T,13456.9
2023-05-18,2023,True,15,1,191.0,286.5,0.6240837696335021,121.19999999999891,T,13644.2
2023-05-19,2023,True,15,1,255.10000000000036,382.65000000000055,-0.1728733829870651,-42.100000000000364,T,13849.6
2023-05-22,2023,True,20,1,50.20000000000073,75.30000000000109,-1.0398406374501987,-50.20000000000073,SL,13884.2
2023-05-23,2023,True,45,-1,77.5,116.25,-0.27741935483870966,-19.5,T,13790.9
2023-05-24,2023,True,15,-1,216.39999999999964,324.59999999999945,0.21118299445471722,47.70000000000073,T,13597.2
2023-05-25,2023,True,15,1,263.2999999999993,394.9499999999989,0.2529434105583006,68.60000000000036,T,13834.8
2023-05-30,2023,True,15,1,505.10000000000036,757.6500000000005,-0.12551969906949037,-61.399999999999636,T,14480.9
2023-05-31,2023,True,15,-1,166.39999999999964,249.59999999999945,0.5799278846153859,98.5,T,14352.2
2023-06-01,2023,True,15,-1,112.40000000000146,168.60000000000218,-1.0177935943060497,-112.40000000000146,SL,14242.3
2023-06-02,2023,True,15,1,342.6999999999989,514.0499999999984,0.0017508024511244987,2.600000000000364,T,14554.4
2023-06-05,2023,True,15,1,103.89999999999964,155.84999999999945,0.2184793070259943,24.700000000000728,T,14613.0
2023-06-06,2023,True,15,-1,117.89999999999964,176.84999999999945,-0.6870229007633609,-79.0,T,14504.1
2023-06-07,2023,True,15,1,161.60000000000036,242.40000000000055,-1.0123762376237624,-161.60000000000036,SL,14636.9
2023-06-08,2023,True,15,-1,304.39999999999964,456.59999999999945,-0.4451379763469125,-133.5,T,14342.6
2023-06-09,2023,True,15,1,309.2000000000007,463.8000000000011,-0.3172703751617081,-96.10000000000036,T,14613.7
2023-06-12,2023,True,15,1,77.89999999999964,116.84999999999945,0.46213093709884684,38.0,T,14617.4
2023-06-13,2023,True,15,1,277.8000000000011,416.70000000000164,-0.029157667386610266,-6.100000000000364,T,14865.1
2023-06-14,2023,True,34,1,65.10000000000036,97.65000000000055,0.6912442396313325,47.0,T,14931.4
2023-06-15,2023,True,15,1,127.39999999999964,191.09999999999945,1.0306122448979707,133.3000000000011,T,14984.9
2023-06-16,2023,True,15,1,239.79999999999927,359.6999999999989,0.11551292743953633,29.700000000000728,T,15159.5
2023-06-20,2023,True,15,-1,186.89999999999964,280.34999999999945,0.5949705724986675,113.20000000000073,T,15096.6
2023-06-21,2023,True,15,-1,131.3000000000011,196.95000000000164,0.971058644325963,129.5,T,14978.9
2023-06-22,2023,True,15,-1,157.6999999999989,236.54999999999836,-0.696258719086874,-107.79999999999927,T,14877.1
2023-06-23,2023,True,39,1,94.60000000000036,141.90000000000055,0.04756871035940785,6.5,T,14882.0
2023-06-26,2023,True,15,1,74.89999999999964,112.34999999999945,-1.026702269692924,-74.89999999999964,SL,14921.4
2023-06-27,2023,True,15,-1,144.39999999999964,216.59999999999945,-0.4494459833795,-62.899999999999636,T,14779.6
2023-06-28,2023,True,15,1,158.39999999999964,237.59999999999945,0.7834595959596,126.10000000000036,T,14891.9
2023-06-29,2023,True,16,1,89.40000000000146,134.10000000000218,0.12751677852348378,13.399999999999636,T,14951.2
2023-06-30,2023,True,15,1,234.8000000000011,352.20000000000164,-0.008517887563884117,0.0,T,15152.7
2023-07-05,2023,True,15,1,152.1999999999989,228.29999999999836,-0.2568988173456021,-37.100000000000364,T,15233.4
2023-07-06,2023,True,15,-1,185.5,278.25,0.1444743935309934,28.799999999999272,T,15044.4
2023-07-07,2023,True,15,1,94.29999999999927,141.4499999999989,0.44220572640510125,43.70000000000073,T,15091.9
2023-07-10,2023,True,15,-1,69.10000000000036,103.65000000000055,0.7872648335745203,56.399999999999636,T,15028.3
2023-07-11,2023,True,26,-1,71.09999999999854,106.64999999999782,-1.0281293952180033,-71.09999999999854,SL,15005.2
2023-07-12,2023,True,15,1,283.60000000000036,425.40000000000055,-0.26375176304654796,-72.80000000000109,T,15292.6
2023-07-13,2023,True,15,1,202.6999999999989,304.04999999999836,0.11445485939812951,25.200000000000728,T,15468.8
2023-07-14,2023,True,15,1,224.39999999999964,336.59999999999945,0.1813725490196114,42.70000000000073,T,15638.0
2023-07-17,2023,True,18,-1,81.29999999999927,121.94999999999891,-1.0246002460024601,-81.29999999999927,SL,15586.7
2023-07-18,2023,True,30,1,56.20000000000073,84.30000000000109,1.464412811387901,84.30000000000109,TP,15649.7
2023-07-19,2023,True,15,1,265.8000000000011,398.70000000000164,0.03197893152746413,10.5,T,15885.7
2023-07-20,2023,True,15,-1,151.10000000000036,226.65000000000055,0.8755790866975564,134.3000000000011,T,15755.1
2023-07-21,2023,True,15,-1,181.6999999999989,272.54999999999836,0.4788112272977464,89.0,T,15581.6
2023-07-24,2023,True,15,-1,108.79999999999927,163.1999999999989,0.3731617647058882,42.600000000000364,T,15492.0
2023-07-25,2023,True,15,1,68.29999999999927,102.44999999999891,0.295754026354333,22.200000000000728,T,15535.0
2023-07-26,2023,True,79,-1,48.5,72.75,-0.10309278350515463,-3.0,T,15475.0
2023-07-27,2023,True,15,1,334.2000000000007,501.3000000000011,-0.327648114901256,-107.5,T,15792.0
2023-07-28,2023,True,15,-1,101.20000000000073,151.8000000000011,-1.0197628458498023,-101.20000000000073,SL,15684.5
2023-07-31,2023,True,15,1,189.10000000000036,283.65000000000055,-0.32522474881015273,-59.5,T,15804.6
2023-08-01,2023,True,15,-1,95.20000000000073,142.8000000000011,-0.2678571428571408,-23.5,T,15701.9
2023-08-02,2023,True,15,-1,190.10000000000036,285.15000000000055,0.8290373487638089,159.60000000000036,T,15515.1
2023-08-03,2023,True,15,-1,262.1999999999989,393.29999999999836,-0.23722349351639652,-60.19999999999891,T,15308.2
2023-08-04,2023,True,15,1,167.40000000000146,251.10000000000218,0.35005973715649963,60.599999999998545,T,15427.2
2023-08-07,2023,True,15,-1,165.3000000000011,247.95000000000164,-0.030248033877797745,-3.0,T,15330.9
2023-08-08,2023,True,15,-1,162.39999999999964,243.59999999999945,0.4408866995073924,73.60000000000036,T,15233.5
2023-08-09,2023,True,15,-1,77.89999999999964,116.84999999999945,1.474326059050064,116.84999999999945,TP,15221.5
2023-08-10,2023,True,16,1,91.39999999999964,137.09999999999945,-1.0218818380743984,-91.39999999999964,SL,15297.9
2023-08-11,2023,True,15,-1,293.3000000000011,439.95000000000164,-0.08864643709512411,-24.0,T,14988.8
2023-08-14,2023,True,15,1,60.5,90.75,1.4669421487603307,90.75,TP,15048.5
2023-08-15,2023,True,15,1,154.39999999999964,231.59999999999945,0.006476683937823849,3.0,T,15127.8
2023-08-16,2023,True,15,-1,165.0,247.5,0.28484848484848485,49.0,T,15027.3
2023-08-17,2023,True,15,-1,160.5,240.75,0.21993769470405664,37.30000000000109,T,14883.2
2023-08-18,2023,True,15,-1,352.0,528.0,-0.25795454545454855,-88.80000000000109,T,14591.3
2023-08-21,2023,True,15,1,245.20000000000073,367.8000000000011,-0.23083197389885887,-54.600000000000364,T,14811.0
2023-08-22,2023,True,15,1,234.5,351.75,-0.2383795309168428,-53.899999999999636,T,14987.3
2023-08-23,2023,True,27,1,78.89999999999964,118.34999999999945,1.2927756653992455,104.0,T,15044.6
2023-08-25,2023,True,15,-1,88.10000000000036,132.15000000000055,-1.0227014755959136,-88.10000000000036,SL,14899.9
2023-08-28,2023,True,15,1,165.40000000000146,248.10000000000218,-0.2490931076178982,-39.20000000000073,T,15016.2
2023-08-29,2023,True,15,1,120.69999999999891,181.04999999999836,1.4834299917149958,181.04999999999836,TP,15117.4
2023-08-30,2023,True,15,1,351.1999999999989,526.7999999999984,0.2272209567198216,81.80000000000109,T,15375.4
2023-08-31,2023,True,15,1,166.79999999999927,250.1999999999989,0.10131894484413387,18.900000000001455,T,15515.3
2023-09-01,2023,True,26,1,63.600000000000364,95.40000000000055,-1.031446540880503,-63.600000000000364,SL,15514.2
2023-09-05,2023,True,15,-1,157.79999999999927,236.6999999999989,-0.21166032953105063,-31.399999999999636,T,15461.0
2023-09-06,2023,True,30,-1,56.20000000000073,84.30000000000109,1.464412811387901,84.30000000000109,TP,15425.0
2023-09-07,2023,True,15,-1,281.7000000000007,422.5500000000011,0.013844515441958204,5.899999999999636,T,15193.8
2023-09-08,2023,True,15,1,195.5,293.25,-0.02762148337595722,-3.399999999999636,T,15330.4
2023-09-11,2023,True,15,1,105.5,158.25,-0.06635071090047394,-5.0,T,15360.4
2023-09-12,2023,True,27,1,79.90000000000146,119.85000000000218,-1.0250312891113889,-79.90000000000146,SL,15441.7
2023-09-13,2023,True,15,-1,91.0,136.5,-0.41318681318681716,-35.600000000000364,T,15342.0
2023-09-15,2023,True,44,-1,72.10000000000036,108.15000000000055,0.5270457697642137,40.0,T,15284.5
2023-09-18,2023,True,15,-1,234.3000000000011,351.45000000000164,-0.28510456679471097,-64.80000000000109,T,15193.3
2023-09-19,2023,True,16,-1,95.60000000000036,143.40000000000055,0.47489539748953413,47.399999999999636,T,15155.0
2023-09-20,2023,True,15,1,99.0,148.5,-0.4939393939393903,-46.899999999999636,T,15235.8
2023-09-21,2023,True,15,-1,436.0,654.0,0.06284403669724688,29.399999999999636,T,14805.9
2023-09-22,2023,True,15,-1,82.5,123.75,-1.0242424242424242,-82.5,SL,14756.9
2023-09-25,2023,True,15,-1,85.89999999999964,128.84999999999945,-0.5878928987194437,-48.5,T,14685.6
2023-09-26,2023,True,20,-1,87.10000000000036,130.65000000000055,0.41561423650976553,38.20000000000073,T,14614.1
2023-09-27,2023,True,15,-1,50.100000000000364,75.15000000000055,1.4600798403193616,75.15000000000055,TP,14628.6
2023-09-28,2023,True,15,-1,106.30000000000109,159.45000000000164,-1.0188146754468483,-106.30000000000109,SL,14527.8
2023-09-29,2023,True,15,1,355.2000000000007,532.8000000000011,-0.19031531531531595,-65.60000000000036,T,14854.5
2023-10-02,2023,True,15,-1,60.100000000000364,90.15000000000055,-1.033277870216306,-60.100000000000364,SL,14799.0
2023-10-03,2023,True,35,-1,111.90000000000146,167.85000000000218,1.0375335120643168,118.09999999999854,T,14699.8
2023-10-04,2023,True,15,-1,112.19999999999891,168.29999999999836,-0.825311942959013,-90.60000000000036,T,14656.6
2023-10-05,2023,True,15,1,112.59999999999854,168.89999999999782,-1.0177619893428067,-112.59999999999854,SL,14714.3
2023-10-06,2023,True,15,-1,138.39999999999964,207.59999999999945,-1.0144508670520231,-138.39999999999964,SL,14639.4
2023-10-09,2023,True,15,1,339.10000000000036,508.65000000000055,0.018873488646415894,8.399999999999636,T,14902.5
2023-10-10,2023,True,15,1,250.5,375.75,0.6522954091816425,165.40000000000146,T,15065.8
2023-10-11,2023,True,15,1,163.0,244.5,-0.18650306748466033,-28.399999999999636,T,15203.8
2023-10-12,2023,True,21,1,70.30000000000109,105.45000000000164,0.7724039829302763,56.29999999999927,T,15256.1
2023-10-13,2023,True,15,-1,91.10000000000036,136.65000000000055,1.4780461031833152,136.65000000000055,TP,15189.9
2023-10-16,2023,True,15,-1,160.39999999999964,240.59999999999945,-0.4307980049875344,-67.10000000000036,T,15078.5
2023-10-17,2023,True,15,-1,174.5,261.75,-1.011461318051576,-174.5,SL,14962.8
2023-10-18,2023,True,15,1,41.80000000000109,62.70000000000164,1.4521531100478482,62.70000000000164,TP,15023.7
2023-10-19,2023,True,15,-1,147.89999999999964,221.84999999999945,0.01419878296146294,4.100000000000364,T,14930.5
2023-10-20,2023,True,15,-1,252.89999999999964,379.34999999999945,0.46856465005931264,120.5,T,14744.5
2023-10-23,2023,True,15,-1,337.39999999999964,506.09999999999945,-0.6387077652637826,-213.5,T,14443.6
2023-10-24,2023,True,15,1,269.60000000000036,404.40000000000055,0.12648367952522374,36.100000000000364,T,14687.0
2023-10-25,2023,True,15,-1,219.0,328.5,0.1465753424657551,34.100000000000364,T,14519.4
2023-10-26,2023,True,15,-1,323.0,484.5,0.4513931888544869,147.79999999999927,T,14328.3
2023-10-27,2023,True,15,-1,119.0,178.5,-0.32689075630251796,-36.899999999999636,T,14253.7
2023-10-30,2023,True,15,1,145.29999999999927,217.9499999999989,-0.3950447350309699,-55.399999999999636,T,14365.4
2023-10-31,2023,True,22,-1,120.5,180.75,-0.8215767634854771,-97.0,T,14234.7
2023-11-01,2023,True,15,1,226.5,339.75,0.24459161147903513,57.400000000001455,T,14472.8
2023-11-02,2023,True,15,1,401.0,601.5,0.05760598503740739,25.100000000000364,T,14837.1
2023-11-03,2023,True,15,1,203.70000000000073,305.5500000000011,0.17378497790868686,37.399999999999636,T,15029.0
2023-11-06,2023,False,15,1,185.10000000000036,277.65000000000055,-0.01836844948676191,-1.3999999999996362,T,15149.4
2023-11-07,2023,False,17,1,54.70000000000073,82.05000000000109,1.4634369287020115,82.05000000000109,TP,15181.7
2023-11-08,2023,False,15,1,169.1999999999989,253.79999999999836,-0.3286052009456307,-53.600000000000364,T,15318.4
2023-11-09,2023,False,27,1,42.0,63.0,-1.0476190476190477,-42.0,SL,15344.6
2023-11-10,2023,False,31,-1,59.79999999999927,89.69999999999891,-1.0334448160535121,-59.79999999999927,SL,15290.0
2023-11-13,2023,False,15,1,183.39999999999964,275.09999999999945,0.44438386041439565,83.5,T,15422.0
2023-11-14,2023,False,15,1,373.89999999999964,560.8499999999995,-0.05990906659534544,-20.399999999999636,T,15793.8
2023-11-15,2023,False,15,1,142.5,213.75,-0.27929824561404276,-37.80000000000109,T,15868.6
2023-11-16,2023,False,15,-1,109.19999999999891,163.79999999999836,0.1117216117216195,14.200000000000728,T,15791.2
2023-11-17,2023,False,18,1,30.299999999999272,45.44999999999891,0.9273927392739617,30.100000000000364,T,15790.5
2023-11-20,2023,False,15,1,123.29999999999927,184.9499999999989,0.4809407948094049,61.29999999999927,T,15894.5
2023-11-21,2023,False,15,1,101.70000000000073,152.5500000000011,-0.32546705998033554,-31.100000000000364,T,15938.6
2023-11-27,2023,False,29,1,42.899999999999636,64.34999999999945,1.0116550116550118,45.399999999999636,T,15967.6
2023-11-28,2023,False,23,-1,66.30000000000109,99.45000000000164,-1.0301659125188531,-66.30000000000109,SL,15928.8
2023-11-29,2023,False,15,1,230.79999999999927,346.1999999999989,-0.5476603119584057,-124.39999999999964,T,16153.3
2023-11-30,2023,False,15,-1,241.5,362.25,0.3722567287784664,91.89999999999964,T,15925.1
2023-12-01,2023,False,15,-1,111.29999999999927,166.9499999999989,-0.5256064690026988,-56.5,T,15904.2
2023-12-04,2023,False,15,-1,90.60000000000036,135.90000000000055,0.14459161147903213,15.100000000000364,T,15811.4
2023-12-05,2023,False,15,-1,56.79999999999927,85.19999999999891,-1.0352112676056342,-56.79999999999927,SL,15787.6
2023-12-06,2023,False,15,1,158.39999999999964,237.59999999999945,-0.1521464646464673,-22.100000000000364,T,15912.5
2023-12-08,2023,False,15,1,101.0,151.5,0.2207920792079316,24.30000000000109,T,15986.9
2023-12-11,2023,False,15,1,198.29999999999927,297.4499999999989,0.10741301059002102,23.30000000000109,T,16126.3
2023-12-12,2023,False,15,1,140.8000000000011,211.20000000000164,0.45880681818181723,66.60000000000036,T,16195.6
2023-12-13,2023,False,15,1,223.0,334.5,-0.09058295964125071,-18.19999999999891,T,16398.8
2023-12-14,2023,False,15,1,253.90000000000146,380.8500000000022,-0.3091768412760912,-76.5,T,16637.7
2023-12-15,2023,False,46,1,50.30000000000291,75.45000000000437,0.2127236580516197,12.69999999999709,T,16642.9
2023-12-18,2023,False,15,1,73.29999999999927,109.94999999999891,0.6739427012278078,51.39999999999782,T,16644.7
2023-12-19,2023,False,15,1,147.40000000000146,221.10000000000218,0.0,2.0,T,16769.4
2023-12-20,2023,False,15,1,65.59999999999854,98.39999999999782,0.4314024390244442,30.30000000000291,T,16800.1
2023-12-21,2023,False,15,-1,93.19999999999709,139.79999999999563,0.4023605150214718,39.5,T,16717.9
2023-12-22,2023,False,15,1,126.39999999999782,189.59999999999673,-0.3022151898734287,-36.20000000000073,T,16826.8
2023-12-26,2023,False,15,1,54.0,81.0,0.06481481481481481,5.5,T,16847.0
2023-12-27,2023,False,15,1,98.20000000000073,147.3000000000011,-0.18228105906314993,-15.900000000001455,T,16905.4
2023-12-28,2023,False,15,1,48.0,72.0,-0.3062500000000152,-12.700000000000728,T,16937.7
2023-12-29,2023,False,15,-1,58.099999999998545,87.14999999999782,1.4655765920826154,87.14999999999782,TP,16909.9
2024-01-02,2024,False,15,-1,331.8999999999978,497.8499999999967,-0.0708044591744506,-21.5,T,16580.9
2024-01-04,2024,False,15,-1,146.59999999999854,219.89999999999782,-0.2899045020463876,-40.5,T,16320.7
2024-01-05,2024,False,30,1,64.79999999999927,97.19999999999891,0.22685185185186563,16.700000000000728,T,16342.5
2024-01-08,2024,False,15,1,151.5,227.25,0.5762376237623714,89.29999999999927,T,16430.8
2024-01-09,2024,False,15,1,169.49999999999818,254.24999999999727,0.9297935103245066,159.60000000000218,T,16519.6
2024-01-10,2024,False,15,1,195.29999999999927,292.9499999999989,0.1321044546850966,27.799999999999272,T,16700.3
2024-01-11,2024,False,15,1,138.59999999999854,207.89999999999782,-1.0144300144300147,-138.59999999999854,SL,16823.5
2024-01-12,2024,False,30,-1,74.70000000000073,112.05000000000109,0.4444444444444012,35.19999999999709,T,16824.1
2024-01-16,2024,False,15,-1,153.79999999999927,230.6999999999989,-1.013003901170351,-153.79999999999927,SL,16742.9
2024-01-17,2024,False,15,-1,200.5,300.75,-0.3755610972568542,-73.29999999999927,T,16605.9
2024-01-19,2024,False,15,1,206.8000000000029,310.20000000000437,0.30222437137330327,64.5,T,17074.9
2024-01-22,2024,False,15,1,341.2999999999993,511.9499999999989,-0.011426897157929867,-1.9000000000014552,T,17381.2
2024-01-23,2024,False,15,-1,115.40000000000146,173.10000000000218,-0.05719237435010485,-4.600000000002183,T,17337.3
2024-01-24,2024,False,15,1,239.60000000000218,359.4000000000033,0.41402337228714453,101.20000000000073,T,17523.7
2024-01-25,2024,False,18,1,60.80000000000291,91.20000000000437,0.46546052631575524,30.299999999999272,T,17573.9
2024-01-26,2024,False,15,-1,178.20000000000073,267.3000000000011,-0.3815937149270467,-66.0,T,17430.1
2024-01-29,2024,False,15,1,43.19999999999709,64.79999999999563,-1.0462962962962994,-43.19999999999709,SL,17458.6
2024-01-30,2024,False,15,1,142.60000000000218,213.90000000000327,-0.22159887798037659,-29.600000000002183,T,17561.9
2024-01-31,2024,False,15,-1,315.8999999999978,473.8499999999967,0.06426084203862947,22.30000000000291,T,17257.4
2024-02-01,2024,False,15,-1,90.90000000000146,136.35000000000218,-0.020902090209036578,0.09999999999854481,T,17229.0
2024-02-02,2024,False,15,1,306.2000000000007,459.3000000000011,0.33638145003265757,105.0,T,17504.5
2024-02-05,2024,False,15,1,241.60000000000218,362.4000000000033,-0.190811258278153,-44.10000000000218,T,17613.4
2024-02-06,2024,False,20,-1,64.29999999999927,96.44999999999891,1.2752721617418497,84.0,T,17580.8
2024-02-07,2024,False,20,1,65.69999999999709,98.54999999999563,1.4695585996955847,98.54999999999563,TP,17678.6
2024-02-08,2024,False,15,1,101.09999999999854,151.64999999999782,0.6231454005934808,65.0,T,17739.1
2024-02-09,2024,False,15,1,99.59999999999854,149.39999999999782,0.860441767068293,87.70000000000073,T,17824.0
2024-02-12,2024,False,15,1,155.89999999999782,233.84999999999673,0.4291212315587068,68.90000000000146,T,17952.1
2024-02-13,2024,False,15,-1,403.2999999999993,604.9499999999989,-0.2077857674187935,-81.79999999999927,T,17568.0
2024-02-14,2024,False,15,1,199.40000000000146,299.1000000000022,-0.292377131394195,-56.30000000000291,T,17710.9
2024-02-15,2024,False,15,1,115.20000000000073,172.8000000000011,-0.1475694444444435,-15.0,T,17786.7
2024-02-16,2024,False,21,-1,70.79999999999927,106.19999999999891,1.4717514124293782,106.19999999999891,TP,17767.5
2024-02-20,2024,False,15,-1,335.7000000000007,503.5500000000011,0.23741435805779135,81.70000000000073,T,17529.0
2024-02-22,2024,False,15,1,483.2999999999993,724.9499999999989,0.03869232360852629,20.700000000000728,T,17880.1
2024-02-23,2024,False,15,1,272.0,408.0,-0.3639705882352941,-97.0,T,18084.9
2024-02-26,2024,False,15,-1,139.89999999999782,209.84999999999673,-0.33452466047176554,-44.79999999999927,T,17955.2
2024-02-27,2024,False,15,-1,89.79999999999927,134.6999999999989,-0.4955456570155942,-42.5,T,17914.8
2024-02-28,2024,False,15,-1,110.5,165.75,-0.4678733031674274,-49.70000000000073,T,17871.0
2024-02-29,2024,False,15,1,147.90000000000146,221.85000000000218,-0.4110885733603697,-58.79999999999927,T,18007.0
2024-03-01,2024,False,15,1,102.90000000000146,154.35000000000218,1.0942662779397176,114.59999999999854,T,18087.2
2024-03-04,2024,False,15,1,215.5,323.25,0.04501160092807762,11.700000000000728,T,18271.7
2024-03-05,2024,False,15,-1,266.7000000000007,400.0500000000011,0.4495688038995168,121.90000000000146,T,18031.0
2024-03-06,2024,False,27,-1,87.10000000000218,130.65000000000327,-0.9207807118254733,-78.20000000000073,T,18017.3
2024-03-07,2024,False,15,1,81.29999999999927,121.94999999999891,1.4753997539975399,121.94999999999891,TP,18123.1
2024-03-08,2024,False,15,1,171.39999999999782,257.0999999999967,-1.0116686114352393,-171.39999999999782,SL,18313.3
2024-03-11,2024,True,15,-1,357.90000000000146,536.8500000000022,-0.027661357921210994,-7.900000000001455,T,17975.5
2024-03-12,2024,True,25,1,102.70000000000073,154.0500000000011,1.4805258033106137,154.0500000000011,TP,17994.9
2024-03-14,2024,True,15,-1,76.0,114.0,1.4736842105263157,114.0,TP,18093.0
2024-03-15,2024,True,15,-1,291.2000000000007,436.8000000000011,0.11126373626374099,34.400000000001455,T,17852.2
2024-03-18,2024,True,15,1,273.4599999999991,410.1899999999987,-0.1910699919549483,-50.25,T,18106.76
2024-03-19,2024,True,15,-1,274.4500000000007,411.6750000000011,-0.3333940608489698,-89.5,T,17833.94
2024-03-20,2024,True,15,1,205.77000000000044,308.65500000000065,0.08261651358312662,19.0,T,18023.84
2024-03-21,2024,True,15,1,435.4300000000003,653.1450000000004,-0.0040190156856440735,0.25,T,18448.77
2024-03-22,2024,True,15,-1,195.33000000000175,292.9950000000026,-0.26304203143398636,-49.38000000000102,T,18279.44
2024-03-25,2024,True,15,-1,100.95999999999913,151.4399999999987,-1.0198098256735342,-100.95999999999913,SL,18214.48
2024-03-26,2024,True,15,1,169.54999999999927,254.3249999999989,-0.020642878207018666,-1.5,T,18363.91
2024-03-27,2024,True,15,-1,88.20999999999913,132.3149999999987,1.2073461058836985,108.5,T,18287.95
2024-03-28,2024,True,46,-1,85.64999999999782,128.47499999999673,-0.41295971978984103,-33.36999999999898,T,18269.08
2024-04-01,2024,True,15,1,155.46999999999753,233.2049999999963,-1.0128642181771406,-155.46999999999753,SL,18399.17
2024-04-03,2024,True,30,1,96.91999999999825,145.37999999999738,0.8512174989682365,84.5,T,18119.64
2024-04-04,2024,True,15,1,300.9300000000003,451.39500000000044,-0.019506197454554133,-3.8699999999989814,T,18341.34
2024-04-05,2024,True,15,-1,395.9400000000023,593.9100000000035,-0.47860786987927184,-187.5,T,17974.53
2024-04-08,2024,True,15,1,190.8100000000013,286.21500000000196,0.07274251873592015,15.880000000001019,T,18099.84
2024-04-09,2024,True,15,1,154.97000000000116,232.45500000000175,-1.0129057236884558,-154.97000000000116,SL,18207.56
2024-04-10,2024,True,15,-1,269.33000000000175,403.9950000000026,-0.057067537964574616,-13.369999999998981,T,17951.75
2024-04-11,2024,True,15,1,143.47000000000116,215.20500000000175,0.3798703561720189,56.5,T,18082.99
2024-04-12,2024,True,15,1,95.54999999999927,143.3249999999989,-1.0209314495028783,-95.54999999999927,SL,18141.67
2024-04-15,2024,True,23,1,49.29000000000087,73.93500000000131,-1.0405761817812937,-49.29000000000087,SL,18156.49
2024-04-16,2024,True,15,-1,497.4599999999991,746.1899999999987,-0.11056165319824729,-53.0,T,17675.43
2024-04-17,2024,True,15,1,108.68000000000029,163.02000000000044,-1.0184026499815972,-108.68000000000029,SL,17781.74
2024-04-18,2024,True,15,-1,358.09999999999854,537.1499999999978,-0.2733035464953906,-95.86999999999898,T,17440.66
2024-04-19,2024,True,15,-1,182.95999999999913,274.4399999999987,1.0924245736773261,201.87000000000262,T,17338.97
2024-04-22,2024,True,15,-1,195.5,293.25,0.22250639386189258,45.5,T,17152.1
2024-04-23,2024,True,15,1,252.4300000000003,378.64500000000044,0.18718060452402624,49.25,T,17372.53
2024-04-24,2024,True,15,1,361.60999999999694,542.4149999999954,-0.46215536074776803,-165.11999999999898,T,17633.92
2024-04-25,2024,True,15,-1,409.869999999999,614.8049999999985,-0.10186156586234685,-39.75,T,17237.43
2024-04-26,2024,True,15,1,435.75,653.625,0.24123924268502348,107.11999999999898,T,17607.08
2024-04-29,2024,True,15,1,190.10999999999694,285.1649999999954,0.18541896796591745,37.25,T,17725.94
2024-04-30,2024,True,59,-1,119.88999999999942,179.83499999999913,0.49837350904996486,61.75,T,17703.8
2024-05-01,2024,True,15,-1,392.6499999999978,588.9749999999967,0.17127212530243313,69.25,T,17371.9
2024-05-02,2024,True,15,1,81.69999999999709,122.54999999999563,-1.0244798041615675,-81.69999999999709,SL,17431.1
2024-05-03,2024,True,15,1,475.6900000000023,713.5350000000035,-0.011036599466038752,-3.25,T,17876.29
2024-05-06,2024,True,15,1,176.84000000000015,265.2600000000002,0.11592399909522723,22.5,T,17983.53
2024-05-07,2024,True,15,1,180.65000000000146,270.9750000000022,0.15914752283420852,30.75,T,18118.31
2024-05-08,2024,True,15,-1,105.04000000000087,157.5600000000013,-1.0190403655750189,-105.04000000000087,SL,18026.89
2024-05-09,2024,True,16,1,46.7300000000032,70.0950000000048,1.4572009415792881,70.0950000000048,TP,18026.4
2024-05-10,2024,True,15,1,197.73999999999796,296.60999999999694,-0.4304642459795684,-83.11999999999898,T,18220.89
2024-05-14,2024,True,54,1,79.72999999999956,119.59499999999935,-0.32773109243698934,-24.13000000000102,T,18256.04
2024-05-15,2024,True,15,1,238.75,358.125,0.36804188481674965,89.86999999999898,T,18415.91
2024-05-16,2024,True,15,1,204.46000000000276,306.69000000000415,0.20600606475593472,44.11999999999898,T,18607.99
2024-05-17,2024,True,15,-1,53.9900000000016,80.9850000000024,-0.2361548434895281,-10.75,T,18557.25
2024-05-20,2024,True,15,1,79.65000000000146,119.47500000000218,0.3657250470809854,31.13000000000102,T,18633.52
2024-05-21,2024,True,22,1,79.7300000000032,119.5950000000048,0.3810359964880993,32.37999999999738,T,18637.9
2024-05-22,2024,True,15,1,134.5,201.75,0.05390334572490706,9.25,T,18738.05
2024-05-23,2024,True,15,1,139.37000000000262,209.05500000000393,-0.08968931620865155,-10.5,T,18856.54
2024-05-24,2024,True,15,-1,198.5699999999997,297.85499999999956,-0.5949035604572754,-116.13000000000102,T,18714.0
2024-05-28,2024,True,15,1,134.97999999999956,202.46999999999935,0.47599644391761897,66.25,T,18802.13
2024-05-29,2024,True,15,-1,136.15999999999985,204.23999999999978,-0.4112808460634552,-54.0,T,18745.12
2024-05-30,2024,True,15,-1,78.27000000000044,117.40500000000065,0.8543503257953061,68.86999999999898,T,18687.23
2024-05-31,2024,True,15,-1,178.02999999999884,267.04499999999825,1.4887659383250014,267.04499999999825,TP,18540.45
2024-06-03,2024,True,15,1,181.70999999999913,272.5649999999987,-1.0110065488965936,-181.70999999999913,SL,18708.91
2024-06-04,2024,True,15,-1,120.15999999999985,180.23999999999978,0.33288948069241053,42.0,T,18589.88
2024-06-05,2024,True,15,1,263.8799999999974,395.81999999999607,0.45569956040624976,122.25,T,18807.51
2024-06-06,2024,True,15,1,274.4500000000007,411.6750000000011,-0.09156494807796434,-23.12999999999738,T,19053.46
2024-06-07,2024,True,15,-1,90.15000000000146,135.22500000000218,-1.0221852468108703,-90.15000000000146,SL,18992.43
2024-06-10,2024,True,59,1,49.650000000001455,74.47500000000218,1.459718026183284,74.47500000000218,TP,19010.08
2024-06-11,2024,True,15,1,83.62000000000262,125.43000000000393,0.20629036115761135,19.25,T,19036.22
2024-06-12,2024,True,15,1,440.6800000000003,661.0200000000004,0.06664700009076646,31.36999999999898,T,19464.8
2024-06-13,2024,True,15,1,270.6800000000003,406.02000000000044,-0.21290823112162316,-55.63000000000102,T,19626.25
2024-06-14,2024,True,15,-1,55.349999999998545,83.02499999999782,-0.20090334236674387,-9.119999999998981,T,19590.4
2024-06-17,2024,True,15,1,130.0600000000013,195.09000000000196,0.5209134245732686,69.75,T,19669.33
2024-06-18,2024,True,15,1,256.25,384.375,-0.01510243902438627,-1.8699999999989814,T,19909.96
2024-06-20,2024,True,15,1,84.22000000000116,126.33000000000175,-1.0237473284255518,-84.22000000000116,SL,19986.56
2024-06-21,2024,True,15,-1,286.51000000000204,429.76500000000306,-0.33855711842518343,-95.0,T,19702.55
2024-06-24,2024,True,15,-1,110.93999999999869,166.40999999999804,-0.0968992248062027,-8.75,T,19647.24
2024-06-25,2024,True,15,-1,125.2599999999984,187.8899999999976,-0.9939326201501005,-122.5,T,19577.86
2024-06-26,2024,True,15,1,168.61999999999898,252.92999999999847,0.34693393429012187,60.5,T,19702.73
2024-06-27,2024,True,15,1,171.10000000000218,256.6500000000033,-0.5859146697837447,-98.25,T,19835.58
2024-06-28,2024,True,15,1,122.56999999999971,183.85499999999956,-0.0367137146120585,-2.5,T,19861.05
2024-07-01,2024,True,15,-1,184.46999999999753,276.7049999999963,-0.3611427332357558,-64.61999999999898,T,19671.33
2024-07-02,2024,True,15,1,170.23999999999796,255.35999999999694,0.07636278195488813,15.0,T,19843.82
2024-07-05,2024,True,15,1,475.46000000000276,713.1900000000041,0.3118033062718192,150.25,T,20216.06
2024-07-08,2024,True,15,1,190.98999999999796,286.48499999999694,0.2297502487041284,45.88000000000102,T,20401.82
2024-07-09,2024,True,15,1,145.38000000000102,218.07000000000153,-0.2717017471454101,-37.5,T,20526.2
2024-07-10,2024,True,15,1,45.159999999999854,67.73999999999978,-1.0442869796279894,-45.159999999999854,SL,20548.24
2024-07-11,2024,True,15,1,172.23999999999796,258.35999999999694,-1.0116117045982351,-172.23999999999796,SL,20680.23
2024-07-12,2024,True,15,-1,445.72999999999956,668.5949999999993,-0.3216745563457643,-141.37999999999738,T,20245.9
2024-07-15,2024,True,15,1,183.14999999999782,274.7249999999967,0.5446355446355511,101.75,T,20402.3
2024-07-16,2024,True,27,-1,83.38000000000102,125.07000000000153,0.30882705684816125,27.75,T,20385.17
2024-07-17,2024,True,15,-1,466.3799999999974,699.5699999999961,0.2690938719499136,127.5,T,20024.04
2024-07-18,2024,True,15,-1,240.88000000000102,361.3200000000015,0.989081700431746,240.25,T,19850.41
2024-07-19,2024,True,15,-1,258.7900000000009,388.1850000000013,0.257931141079639,68.75,T,19703.02
2024-07-22,2024,True,15,1,149.9200000000019,224.88000000000284,-1.0133404482390607,-149.9200000000019,SL,19802.97
2024-07-23,2024,True,15,1,129.61999999999898,194.42999999999847,0.173584323406883,24.5,T,19840.09
2024-07-24,2024,True,15,-1,483.130000000001,724.6950000000015,0.3837062488357184,187.38000000000102,T,19380.34
2024-07-25,2024,True,15,-1,510.15000000000146,765.2250000000022,-0.19063020680192047,-95.25,T,18976.71
2024-07-26,2024,True,17,-1,142.36999999999898,213.55499999999847,-0.7418697759359397,-103.61999999999898,T,18920.11
2024-07-29,2024,True,15,1,289.72000000000116,434.58000000000175,-0.3447466519398061,-97.88000000000102,T,19208.08
2024-07-30,2024,True,25,-1,124.61999999999898,186.92999999999847,1.4839512116835178,186.92999999999847,TP,19067.08
2024-07-31,2024,True,15,1,98.29999999999927,147.4499999999989,1.4796541200406916,147.4499999999989,TP,19206.78
2024-08-01,2024,True,15,1,318.369999999999,477.5549999999985,-1.0062819989320602,-318.369999999999,SL,19484.02
2024-08-02,2024,True,15,-1,931.2700000000004,1396.9050000000007,0.11301770700226567,107.25,T,18563.25
2024-08-05,2024,True,15,-1,874.5200000000004,1311.7800000000007,-0.28621415176325615,-248.3000000000029,T,17747.6
2024-08-07,2024,True,15,1,550.5999999999985,825.8999999999978,-0.21794406102433767,-118.0,T,18410.1
2024-08-08,2024,True,15,-1,386.7999999999993,580.1999999999989,-0.6641675284384745,-254.90000000000146,T,18044.8
2024-08-09,2024,True,15,1,328.7000000000007,493.0500000000011,0.07392759355034749,26.299999999999272,T,18355.8
2024-08-12,2024,True,15,1,118.5,177.75,1.4831223628691983,177.75,TP,18467.0
2024-08-13,2024,True,15,1,325.7999999999993,488.6999999999989,0.3007980356046661,100.0,T,18784.0
2024-08-14,2024,True,15,1,258.59999999999854,387.8999999999978,0.4713843774168683,123.90000000000146,T,18979.6
2024-08-15,2024,True,15,1,336.0,504.0,0.4267857142857186,145.40000000000146,T,19285.0
2024-08-16,2024,True,15,1,143.39999999999782,215.09999999999673,0.705020920502118,103.10000000000218,T,19382.6
2024-08-19,2024,True,15,1,139.79999999999927,209.6999999999989,0.29828326180258186,43.70000000000073,T,19505.2
2024-08-20,2024,True,15,1,315.59999999999854,473.3999999999978,-0.0380228136882131,-10.0,T,19772.0
2024-08-21,2024,True,27,1,64.90000000000146,97.35000000000218,1.469183359013868,97.35000000000218,TP,19788.4
2024-08-22,2024,True,15,1,172.0,258.0,-1.0116279069767442,-172.0,SL,19895.3
2024-08-23,2024,True,15,-1,286.5,429.75,0.03420593368237093,11.799999999999272,T,19650.8
2024-08-26,2024,True,37,-1,64.39999999999782,96.59999999999673,1.468944099378881,96.59999999999673,TP,19623.2
2024-08-27,2024,True,15,-1,348.09999999999854,522.1499999999978,-0.4665326055731173,-160.40000000000146,T,19379.0
2024-08-28,2024,True,15,1,123.89999999999782,185.84999999999673,-1.0161420500403555,-123.89999999999782,SL,19507.6
2024-08-29,2024,True,15,-1,88.90999999999985,133.36499999999978,-1.0224946575188394,-88.90999999999985,SL,19498.49
2024-08-30,2024,True,30,1,136.77000000000044,205.15500000000065,-1.014623089858887,-136.77000000000044,SL,19554.28
2024-09-03,2024,True,15,-1,170.3100000000013,255.46500000000196,1.4246374258704666,244.63000000000102,T,19346.25
2024-09-04,2024,True,15,-1,511.7300000000032,767.5950000000048,-0.08524026342016756,-41.62000000000262,T,18923.42
2024-09-05,2024,True,15,1,155.45999999999913,233.1899999999987,-1.0128650456709123,-155.45999999999913,SL,18972.28
2024-09-06,2024,True,15,-1,170.12999999999738,255.19499999999607,1.4882442837829892,255.19499999999607,TP,18820.65
2024-09-09,2024,True,15,-1,300.119999999999,450.1799999999985,0.027489004398240795,10.25,T,18623.18
2024-09-10,2024,True,15,1,148.63000000000102,222.94500000000153,-0.8688017223979018,-127.13000000000102,T,18723.83
2024-09-11,2024,True,15,1,111.43999999999869,167.15999999999804,-1.01794687724336,-111.43999999999869,SL,18805.89
2024-09-12,2024,True,15,1,465.47000000000116,698.2050000000017,-0.018003308483900138,-6.380000000001019,T,19250.98
2024-09-13,2024,True,15,1,267.40999999999985,401.1149999999998,0.21173478927489253,58.61999999999898,T,19457.04
2024-09-16,2024,True,15,-1,109.47000000000116,164.20500000000175,0.09710422946926926,12.630000000001019,T,19370.32
2024-09-17,2024,True,15,1,230.58000000000175,345.8700000000026,-0.07754358574031088,-15.880000000001019,T,19548.4
2024-09-18,2024,True,15,-1,126.40999999999985,189.61499999999978,0.7960604382564472,102.62999999999738,T,19460.01
2024-09-19,2024,True,15,1,381.1200000000026,571.6800000000039,0.11710222502098308,46.62999999999738,T,19810.88
2024-09-20,2024,True,30,-1,83.09000000000015,124.63500000000022,1.47592971476712,124.63500000000022,TP,19749.54
2024-09-23,2024,True,18,1,60.70000000000073,91.05000000000109,0.3479406919274914,23.11999999999898,T,19854.89
2024-09-24,2024,True,15,1,84.2300000000032,126.3450000000048,-1.0237445090822739,-84.2300000000032,SL,19888.74
2024-09-25,2024,True,15,1,90.87000000000262,136.30500000000393,0.22009464069549273,22.0,T,19963.49
2024-09-26,2024,True,15,1,310.09000000000015,465.1350000000002,-0.4087522977200166,-124.75,T,20228.23
2024-09-27,2024,True,15,-1,176.8199999999997,265.22999999999956,0.5676959619952355,102.37999999999738,T,20121.94
2024-09-30,2024,True,15,-1,134.59000000000015,201.88500000000022,0.2191841890185004,31.5,T,20031.5
2024-10-01,2024,True,15,-1,178.88000000000102,268.3200000000015,0.8504584078711791,154.12999999999738,T,19873.62
2024-10-03,2024,True,15,1,157.20000000000073,235.8000000000011,0.30133587786258753,49.36999999999898,T,19788.54
2024-10-04,2024,True,15,1,329.65999999999985,494.4899999999998,-0.2544136382940079,-81.87000000000262,T,20023.22
2024-10-07,2024,True,15,-1,116.52999999999884,174.79499999999825,-0.33999828370376195,-37.61999999999898,T,19922.57
2024-10-08,2024,True,15,-1,75.46999999999753,113.20499999999629,-1.0265005962634168,-75.46999999999753,SL,19897.72
2024-10-09,2024,True,15,1,173.23999999999796,259.85999999999694,1.1739205726160529,205.37000000000262,T,20055.96
2024-10-10,2024,True,15,1,135.73999999999796,203.60999999999694,0.7375865625460475,102.11999999999898,T,20191.07
2024-10-11,2024,True,36,1,51.419999999998254,77.12999999999738,1.4611046285492013,77.12999999999738,TP,20210.51
2024-10-14,2024,True,15,1,302.1700000000019,453.25500000000284,-0.08604427971009643,-24.0,T,20438.43
2024-10-15,2024,True,15,1,93.59999999999854,140.39999999999782,-1.0213675213675217,-93.59999999999854,SL,20464.93
2024-10-16,2024,True,15,-1,413.0,619.5,-0.08261501210653506,-32.11999999999898,T,20079.06
2024-10-17,2024,True,15,1,217.61000000000058,326.4150000000009,0.22802260925508408,51.61999999999898,T,20296.04
2024-10-21,2024,True,23,1,72.15000000000146,108.22500000000218,-1.0277200277200271,-72.15000000000146,SL,20348.32
2024-10-22,2024,True,36,1,83.11000000000058,124.66500000000087,-0.3910480086632147,-30.5,T,20357.58
2024-10-23,2024,True,36,-1,91.97999999999956,137.96999999999935,-1.0217438573602957,-91.97999999999956,SL,20219.97
2024-10-24,2024,True,15,-1,129.02000000000044,193.53000000000065,-0.0028677724384019382,1.6299999999973807,T,20189.6
2024-10-25,2024,True,15,1,283.2999999999993,424.9499999999989,0.09399929403459614,28.63000000000102,T,20455.67
2024-10-28,2024,True,38,1,102.52000000000044,153.78000000000065,-0.5267264923917262,-52.0,T,20456.22
2024-10-29,2024,True,15,-1,113.46999999999753,170.2049999999963,-1.017625804177316,-113.46999999999753,SL,20384.4
2024-10-30,2024,True,15,1,128.37999999999738,192.56999999999607,0.8704626888923686,113.75,T,20436.28
2024-10-31,2024,True,15,-1,427.119999999999,640.6799999999985,0.39333208466004965,170.0,T,20119.31
2024-11-01,2024,True,15,-1,224.1700000000019,336.25500000000284,-0.36967480037470796,-80.86999999999898,T,20023.41
2024-11-04,2024,False,48,1,112.60999999999694,168.91499999999542,-0.7725779238078533,-85.0,T,20052.17
2024-11-05,2024,False,15,1,216.02000000000044,324.03000000000065,0.5196278122396064,114.25,T,20119.69
2024-11-06,2024,False,15,1,599.380000000001,899.0700000000015,0.08842470552904654,55.0,T,20639.72
2024-11-07,2024,False,15,1,399.880000000001,599.8200000000015,0.30851755526657665,125.36999999999898,T,20967.63
2024-11-08,2024,False,15,1,183.7599999999984,275.6399999999976,0.15101218981280062,29.75,T,21087.91
2024-11-11,2024,False,27,-1,53.12000000000262,79.68000000000393,-1.0376506024096368,-53.12000000000262,SL,21077.17
2024-11-12,2024,False,33,-1,86.15000000000146,129.22500000000218,0.531050493325586,47.75,T,21113.17
2024-11-13,2024,False,15,-1,74.44999999999709,111.67499999999563,-0.05533915379448143,-2.1199999999989814,T,21076.72
2024-11-14,2024,False,15,-1,96.35000000000218,144.52500000000327,-0.18546964193048485,-15.87000000000262,T,21001.62
2024-11-15,2024,False,15,-1,469.27000000000044,703.9050000000007,0.44057791889530507,208.75,T,20620.97
2024-11-18,2024,False,15,-1,232.1899999999987,348.28499999999804,-0.5657866402515169,-129.36999999999898,T,20457.31
2024-11-19,2024,False,15,1,53.31000000000131,79.96500000000196,-1.0375164134308752,-53.31000000000131,SL,20498.74
2024-11-20,2024,False,15,1,140.0,210.0,-1.0142857142857142,-140.0,SL,20574.62
2024-11-21,2024,False,19,1,129.3100000000013,193.96500000000196,-1.015466707911221,-129.3100000000013,SL,20695.18
2024-11-25,2024,False,15,1,304.6800000000003,457.02000000000044,-0.5522187212813439,-166.25,T,21011.08
2024-11-26,2024,False,47,-1,144.51000000000204,216.76500000000306,-0.2352778354439106,-32.0,T,20876.07
2024-11-27,2024,False,15,-1,124.66999999999825,187.00499999999738,1.265340498917159,159.75,T,20820.15
2024-12-02,2024,False,15,1,291.0400000000009,436.5600000000013,0.3341465090709171,99.25,T,21089.07
2024-12-03,2024,False,15,1,177.70999999999913,266.5649999999987,0.008440718023746595,3.5,T,21163.43
2024-12-04,2024,False,15,1,276.6100000000006,414.9150000000009,0.22956509164527625,65.5,T,21372.07
2024-12-05,2024,False,15,1,149.77999999999884,224.66999999999825,-0.055080785151556046,-6.25,T,21502.1
2024-12-06,2024,False,15,1,46.529999999998836,69.79499999999825,1.457016978293573,69.79499999999825,TP,21531.28
2024-12-09,2024,False,15,1,156.28999999999724,234.43499999999585,-1.0127967240386464,-156.28999999999724,SL,21607.6
2024-12-10,2024,False,17,-1,63.470000000001164,95.20500000000175,1.4684890499448564,95.20500000000175,TP,21550.91
2024-12-11,2024,False,15,1,150.8199999999997,226.22999999999956,0.6928789285240697,106.5,T,21631.88
2024-12-12,2024,False,15,1,106.57999999999811,159.86999999999716,-0.04456746106211376,-2.75,T,21657.48
2024-12-13,2024,False,15,1,245.59000000000015,368.3850000000002,-0.8306527138727142,-202.0,T,21883.07
2024-12-16,2024,False,15,1,137.59000000000015,206.38500000000022,0.9702740024711088,135.5,T,21910.94
2024-12-17,2024,False,15,1,152.23999999999796,228.35999999999694,-0.07225433526011657,-9.0,T,22039.21
2024-12-18,2024,False,15,-1,93.70000000000073,140.5500000000011,-0.4722518676627498,-42.25,T,21960.26
2024-12-19,2024,False,15,-1,707.9399999999987,1061.909999999998,0.03654264485691255,27.87000000000262,T,21291.72
2024-12-20,2024,False,15,-1,429.47999999999956,644.2199999999993,-1.0046567942628295,-429.47999999999956,SL,20969.14
2024-12-23,2024,False,15,1,449.15999999999985,673.7399999999998,0.14444741294861752,66.88000000000102,T,21336.95
2024-12-26,2024,False,15,1,387.98999999999796,581.984999999997,0.13691074512230444,55.12000000000262,T,21706.44
2024-12-27,2024,False,15,-1,298.84999999999854,448.2749999999978,0.508616362723777,154.0,T,21431.09
2024-12-30,2024,False,15,-1,531.8500000000022,797.7750000000033,-0.26652251574692004,-139.75,T,21056.39
2024-12-31,2024,False,16,1,130.29000000000087,195.4350000000013,-1.015350372246527,-130.29000000000087,SL,21176.8
2025-01-02,2025,False,15,-1,257.52999999999884,386.29499999999825,-0.37615035141536685,-94.86999999999898,T,20969.77
2025-01-03,2025,False,15,1,257.6000000000022,386.4000000000033,0.14895186335403204,40.36999999999898,T,21171.74
2025-01-06,2025,False,15,1,546.5600000000013,819.840000000002,0.0761490046838387,43.61999999999898,T,21572.7
2025-01-07,2025,False,28,-1,110.4900000000016,165.7350000000024,1.4818988143723417,165.7350000000024,TP,21473.96
2025-01-08,2025,False,15,-1,456.619999999999,684.9299999999985,-0.09033769874293744,-39.25,T,21110.61
2025-01-10,2025,False,15,-1,243.04999999999927,364.5749999999989,0.9555646986216857,234.25,T,20905.68
2025-01-13,2025,False,15,-1,435.3000000000029,652.9500000000044,0.021824029405007894,11.5,T,20532.03
2025-01-14,2025,False,15,1,392.8100000000013,589.215000000002,-0.689264529925407,-268.75,T,20878.59
2025-01-15,2025,False,15,1,283.3100000000013,424.96500000000196,-0.09840810419681935,-25.88000000000102,T,21089.18
2025-01-16,2025,False,15,1,224.22000000000116,336.33000000000175,-0.04071893675854505,-7.130000000001019,T,21201.65
2025-01-17,2025,False,15,1,141.34000000000015,212.01000000000022,0.27854818168953543,41.36999999999898,T,21340.36
2025-01-21,2025,False,17,1,173.1899999999987,259.78499999999804,0.12050349327327871,22.86999999999898,T,21464.8
2025-01-22,2025,False,15,1,382.0699999999997,573.1049999999996,0.27154709869919147,105.75,T,21785.12
2025-01-23,2025,False,25,-1,81.78999999999724,122.68499999999585,-0.6632840200513734,-52.25,T,21715.83
2025-01-24,2025,False,15,1,186.54999999999927,279.8249999999989,-0.364513535245244,-66.0,T,21872.78
2025-01-27,2025,False,15,-1,761.3600000000006,1142.0400000000009,0.08882788693916277,69.63000000000102,T,21114.07
2025-01-29,2025,False,15,1,352.09000000000015,528.1350000000002,-0.11218722485728076,-37.5,T,21363.5
2025-01-30,2025,False,15,1,160.5699999999997,240.85499999999956,-1.0124556268294203,-160.5699999999997,SL,21502.32
2025-01-31,2025,False,15,1,204.72999999999956,307.09499999999935,0.4921115615688967,102.75,T,21648.3
2025-02-03,2025,False,15,-1,592.010000000002,888.015000000003,-0.25421867873853393,-148.5,T,21093.44
2025-02-04,2025,False,15,1,325.7900000000009,488.6850000000013,0.4776696645078074,157.61999999999898,T,21362.63
2025-02-05,2025,False,15,1,175.45999999999913,263.1899999999987,0.7508833922261522,133.75,T,21443.61
2025-02-06,2025,False,15,1,291.8299999999981,437.74499999999716,-0.1310694582462401,-36.25,T,21677.96
2025-02-07,2025,False,15,1,205.2699999999968,307.9049999999952,-1.0097432649680909,-205.2699999999968,SL,21813.76
2025-02-10,2025,False,15,-1,163.09000000000015,244.63500000000022,-0.4782635354712118,-76.0,T,21677.05
2025-02-11,2025,False,15,1,71.04999999999927,106.57499999999891,-0.028149190710767352,0.0,T,21696.5
2025-02-12,2025,False,15,-1,134.3000000000029,201.45000000000437,-0.9128816083395348,-120.60000000000218,T,21567.6
2025-02-13,2025,False,15,1,350.5,525.75,0.2136947218259567,76.89999999999782,T,21795.4
2025-02-14,2025,False,15,1,273.5,410.25,0.11736745886655277,34.10000000000218,T,22019.3
2025-02-18,2025,False,15,1,116.60000000000218,174.90000000000327,-0.15008576329330767,-15.5,T,22121.4
2025-02-19,2025,False,15,-1,72.79999999999927,109.19999999999891,-0.6909340659340628,-48.29999999999927,T,22113.9
2025-02-20,2025,False,15,-1,55.20000000000073,82.80000000000109,1.4637681159420295,82.80000000000109,TP,22089.1
2025-02-21,2025,False,15,-1,89.5,134.25,1.4776536312849162,134.25,TP,22057.8
2025-02-24,2025,False,15,-1,462.7999999999993,694.1999999999989,0.3038029386344045,142.60000000000218,T,21653.9
2025-02-25,2025,False,15,-1,466.7000000000007,700.0500000000011,0.3428326548103702,162.0,T,21268.7
2025-02-26,2025,False,15,-1,154.20000000000073,231.3000000000011,-1.012970168612192,-154.20000000000073,SL,21179.2
2025-02-27,2025,False,18,-1,99.39999999999782,149.09999999999673,1.4798792756539232,149.09999999999673,TP,21112.9
2025-03-03,2025,False,15,1,520.4000000000015,780.6000000000022,-0.10338201383551644,-51.80000000000291,T,20927.9
2025-03-04,2025,False,15,-1,791.8999999999978,1187.8499999999967,0.032579871195857237,27.799999999999272,T,20282.7
2025-03-05,2025,False,15,1,172.40000000000146,258.6000000000022,-1.0116009280742457,-172.40000000000146,SL,20389.4
2025-03-06,2025,False,15,-1,187.6999999999971,281.54999999999563,-1.0106553010122539,-187.6999999999971,SL,20225.4
2025-03-07,2025,False,15,-1,162.0,243.0,1.4876543209876543,243.0,TP,20114.6
2025-03-10,2025,True,15,-1,303.40000000000146,455.1000000000022,0.9588002636783006,292.8999999999978,T,19846.3
2025-03-11,2025,True,15,-1,388.8000000000029,583.2000000000044,0.21167695473250683,84.29999999999927,T,19476.6
2025-03-12,2025,True,15,1,334.5,501.75,-0.26487294469356815,-86.59999999999854,T,19689.8
2025-03-13,2025,True,15,-1,279.5,419.25,0.6994633273703041,197.5,T,19465.5
2025-03-14,2025,True,15,1,116.5,174.75,-1.0171673819742488,-116.5,SL,19560.8
2025-03-17,2025,True,15,1,367.0499999999993,550.5749999999989,-0.37528947009944225,-135.75,T,19791.25
2025-03-18,2025,True,15,-1,333.6999999999971,500.54999999999563,0.1784537009289884,61.55000000000291,T,19493.65
2025-03-19,2025,True,39,1,190.75,286.125,0.09384010484928679,19.900000000001455,T,19678.8
2025-03-20,2025,True,15,1,204.60000000000218,306.9000000000033,0.34824046920820745,73.25,T,19695.15
2025-03-21,2025,True,15,-1,219.85000000000218,329.7750000000033,-0.18808278371617818,-39.35000000000218,T,19467.8
2025-03-24,2025,True,15,1,669.5499999999993,1004.3249999999989,0.11433052049884154,78.54999999999927,T,20072.05
2025-03-25,2025,True,15,1,165.5500000000029,248.32500000000437,0.2748414376321305,47.5,T,20190.4
2025-03-26,2025,True,15,1,66.54999999999927,99.82499999999891,-1.0300525920360635,-66.54999999999927,SL,20230.3
2025-03-27,2025,True,15,-1,481.3500000000022,722.0250000000033,-0.1251687960943175,-58.25,T,19788.6
2025-03-28,2025,True,15,-1,181.45000000000073,272.1750000000011,1.4889776798015983,272.1750000000011,TP,19685.45
2025-03-31,2025,True,15,-1,939.0,1408.5,-0.2533546325878571,-235.89999999999782,T,18804.9
2025-04-01,2025,True,15,1,400.7000000000007,601.0500000000011,0.4635637634140246,187.75,T,19225.05
2025-04-02,2025,True,15,1,216.5,324.75,0.5436489607390333,119.70000000000073,T,19376.8
2025-04-03,2025,True,15,-1,573.2000000000007,859.8000000000011,0.1325889741800417,78.0,T,18787.5
2025-04-04,2025,True,15,-1,985.7000000000007,1478.550000000001,0.19864056000811517,197.79999999999927,T,17912.0
2025-04-09,2025,True,15,-1,849.7000000000007,1274.550000000001,0.027951041544074354,25.75,T,17210.1
2025-04-10,2025,True,15,1,1554.8500000000022,2332.2750000000033,-0.3136636974627778,-485.7000000000007,T,18619.9
2025-04-11,2025,True,15,-1,311.0499999999993,466.5749999999989,-0.031184696994054815,-7.700000000000728,T,18414.25
2025-04-14,2025,True,15,1,716.5999999999985,1074.8999999999978,-0.33051911805749234,-234.84999999999854,T,18925.0
2025-04-15,2025,True,49,-1,279.90000000000146,419.8500000000022,-0.28206502322258065,-76.95000000000073,T,18835.05
2025-04-16,2025,True,15,-1,478.6000000000022,717.9000000000033,0.034893439197661205,18.700000000000728,T,18469.3
2025-04-17,2025,True,15,-1,255.40000000000146,383.1000000000022,0.284651527016446,74.70000000000073,T,18285.55
2025-04-21,2025,True,15,-1,420.8999999999978,631.3499999999967,0.6678545972915269,283.1000000000022,T,17958.45
2025-04-22,2025,True,15,1,189.35000000000218,284.0250000000033,0.7090044890414494,136.25,T,18129.7
2025-04-23,2025,True,15,1,949.8500000000022,1424.7750000000033,-0.18860872769384748,-177.15000000000146,T,18937.4
2025-04-24,2025,True,50,1,197.5,296.25,0.24607594936709967,50.60000000000218,T,18995.05
2025-04-25,2025,True,15,1,478.7999999999993,718.1999999999989,0.07069757727652931,35.85000000000218,T,19213.8
2025-04-28,2025,True,15,1,352.75,529.125,-0.7251594613749094,-253.79999999999927,T,19496.3
2025-04-29,2025,True,57,-1,118.0,177.0,-1.0169491525423728,-118.0,SL,19375.2
2025-04-30,2025,True,15,-1,303.4500000000007,455.1750000000011,-0.8874608666996285,-267.3000000000029,T,19068.35
2025-05-01,2025,True,15,1,812.6000000000022,1218.9000000000033,0.01753630322421851,16.25,T,19841.95
2025-05-02,2025,True,15,1,218.54999999999927,327.8249999999989,0.3930450697780908,87.90000000000146,T,20007.55
2025-05-05,2025,True,20,-1,94.09999999999854,141.14999999999782,-1.0212539851222107,-94.09999999999854,SL,19928.7
2025-05-06,2025,True,15,-1,195.0,292.5,-0.2484615384615422,-46.45000000000073,T,19758.8
2025-05-07,2025,True,15,1,136.20000000000073,204.3000000000011,-0.49412628487517557,-65.29999999999927,T,19824.75
2025-05-08,2025,True,15,1,254.5,381.75,0.613163064833003,158.04999999999927,T,20030.05
2025-05-09,2025,True,15,1,125.09999999999854,187.64999999999782,-1.0159872102318148,-125.09999999999854,SL,20141.25
2025-05-12,2025,True,15,1,563.8500000000022,845.7750000000033,-0.03742129999113612,-19.100000000002183,T,20701.2
2025-05-13,2025,True,15,1,307.34999999999854,461.0249999999978,0.7310883357735539,226.70000000000073,T,20970.8
2025-05-14,2025,True,15,1,361.5,542.25,0.11549100968188106,43.75,T,21249.05
2025-05-15,2025,True,15,-1,99.70000000000073,149.5500000000011,-1.0200601805416247,-99.70000000000073,SL,21221.45
2025-05-16,2025,True,15,1,145.0,217.5,-0.1058620689655323,-13.350000000002183,T,21340.2
2025-05-19,2025,True,15,-1,128.35000000000218,192.52500000000327,-1.015582391897156,-128.35000000000218,SL,21254.55
2025-05-20,2025,True,15,1,213.5,320.25,0.12365339578455015,28.400000000001455,T,21333.05
2025-05-21,2025,True,15,-1,64.34999999999854,96.52499999999782,-1.0310800310800319,-64.34999999999854,SL,21294.2
2025-05-22,2025,True,15,-1,192.15000000000146,288.2250000000022,-0.5100182149362439,-96.0,T,21109.55
2025-05-23,2025,True,15,-1,346.09999999999854,519.1499999999978,-0.18116151401329383,-60.70000000000073,T,20805.75
2025-05-27,2025,True,15,1,436.8000000000029,655.2000000000044,0.3402014652014596,150.59999999999854,T,21190.15
2025-05-28,2025,True,15,1,331.1000000000022,496.6500000000033,-0.2641196013289041,-85.45000000000073,T,21465.65
2025-05-29,2025,True,35,-1,106.65000000000146,159.97500000000218,0.9535864978902892,103.70000000000073,T,21401.05
2025-05-30,2025,True,15,-1,356.65000000000146,534.9750000000022,-0.008972381887006069,-1.2000000000007276,T,21269.35
2025-06-02,2025,True,15,1,125.60000000000218,188.40000000000327,-1.0159235668789806,-125.60000000000218,SL,21368.7
2025-06-03,2025,True,15,1,279.8999999999978,419.8499999999967,0.4210432297249128,119.85000000000218,T,21522.3
2025-06-04,2025,True,15,1,260.65000000000146,390.9750000000022,-0.06157682716285894,-14.049999999999272,T,21728.5
2025-06-05,2025,True,17,-1,87.65000000000146,131.47500000000218,-1.0228180262407298,-87.65000000000146,SL,21665.8
2025-06-06,2025,True,15,1,111.75,167.625,-0.34451901565995524,-36.5,T,21807.65
2025-06-09,2025,True,42,1,84.5,126.75,-0.10000000000000861,-6.450000000000728,T,21814.3
2025-06-10,2025,True,15,1,100.25,150.375,-1.0199501246882794,-100.25,SL,21822.0
2025-06-11,2025,True,15,1,144.70000000000073,217.0500000000011,0.20179682100896298,31.19999999999709,T,21937.15
2025-06-12,2025,True,15,-1,155.84999999999854,233.77499999999782,-0.3734359961501292,-56.19999999999709,T,21842.65
2025-06-13,2025,True,15,-1,139.5,209.25,-0.6551971326164979,-89.40000000000146,T,21720.35
2025-06-16,2025,True,15,1,223.5,335.25,0.2930648769574944,67.5,T,21864.0
2025-06-17,2025,True,38,1,83.09999999999854,124.64999999999782,-0.03128760529480855,-0.5999999999985448,T,21861.6
2025-06-18,2025,True,15,-1,127.79999999999927,191.6999999999989,-0.4968701095461687,-61.5,T,21745.7
2025-06-20,2025,True,15,1,174.20000000000073,261.3000000000011,-1.0114810562571757,-174.20000000000073,SL,21869.2
2025-06-23,2025,True,15,-1,248.29999999999927,372.4499999999989,-0.27305678614578927,-65.79999999999927,T,21655.4
2025-06-24,2025,True,15,1,560.5999999999985,840.8999999999978,0.0620763467713218,36.80000000000291,T,22104.6
2025-06-25,2025,True,15,1,277.09999999999854,415.6499999999978,-0.3482497293395904,-94.5,T,22319.0
2025-06-26,2025,True,20,-1,58.60000000000218,87.90000000000327,-1.0341296928327632,-58.60000000000218,SL,22268.3
2025-06-27,2025,True,15,1,245.60000000000218,368.4000000000033,0.2776872964169238,70.19999999999709,T,22521.4
2025-06-30,2025,True,15,1,135.59999999999854,203.39999999999782,0.1371681415929111,20.599999999998545,T,22605.0
2025-07-01,2025,True,33,-1,71.70000000000073,107.55000000000109,1.4721059972106,107.55000000000109,TP,22585.3
2025-07-02,2025,True,15,-1,99.59999999999854,149.39999999999782,-1.0200803212851408,-99.59999999999854,SL,22509.5
2025-07-07,2025,True,15,1,286.7999999999993,430.1999999999989,0.00871687587168761,4.5,T,22726.7
2025-07-08,2025,True,29,-1,90.09999999999854,135.14999999999782,-0.2930077691453745,-24.399999999997817,T,22685.7
2025-07-09,2025,True,15,1,186.90000000000146,280.3500000000022,-0.6843231674692374,-125.90000000000146,T,22880.5
2025-07-10,2025,True,26,-1,91.20000000000073,136.8000000000011,-0.6480263157894526,-57.099999999998545,T,22779.7
2025-07-11,2025,True,15,-1,198.90000000000146,298.3500000000022,-0.48466566113625315,-94.40000000000146,T,22699.3
2025-07-14,2025,True,15,-1,88.90000000000146,133.35000000000218,-1.022497187851518,-88.90000000000146,SL,22687.0
2025-07-16,2025,True,15,-1,197.0,295.5,0.13959390862944163,29.5,T,22848.5
2025-07-17,2025,True,15,1,119.59999999999854,179.39999999999782,1.0334448160535425,125.60000000000218,T,22954.1
2025-07-18,2025,True,15,1,205.5,308.25,-0.12408759124087591,-23.5,T,23102.5
2025-07-21,2025,True,15,1,117.20000000000073,175.8000000000011,0.13651877133105716,18.0,T,23206.7
2025-07-22,2025,True,16,-1,112.40000000000146,168.60000000000218,0.21085409252669413,25.700000000000728,T,23075.3
2025-07-23,2025,True,15,-1,176.09999999999854,264.1499999999978,-0.5275411697898841,-90.89999999999782,T,23014.7
2025-07-24,2025,True,15,1,188.5,282.75,0.08912466843500941,18.799999999999272,T,23219.8
2025-07-25,2025,True,23,1,65.0,97.5,0.3707692307692643,26.100000000002183,T,23249.6
2025-07-28,2025,True,15,1,183.90000000000146,275.8500000000022,-0.09135399673735257,-14.799999999999272,T,23369.5
2025-07-29,2025,True,15,1,157.60000000000218,236.40000000000327,-1.012690355329949,-157.60000000000218,SL,23480.2
2025-07-30,2025,True,15,-1,131.0,196.5,-0.09465648854962942,-10.400000000001455,T,23382.8
2025-07-31,2025,True,15,1,168.5,252.75,-0.21424332344212788,-34.099999999998545,T,23482.6
2025-08-05,2025,True,15,1,290.90000000000146,436.3500000000022,-0.7707115847370217,-222.20000000000073,T,23264.0
2025-08-06,2025,True,15,-1,163.29999999999927,244.9499999999989,-1.0122473974280466,-163.29999999999927,SL,23083.8
2025-08-07,2025,True,15,1,432.0,648.0,-0.1854166666666633,-78.09999999999854,T,23471.3
2025-08-08,2025,True,17,1,65.30000000000291,97.95000000000437,0.5589586523736351,38.5,T,23539.4
2025-08-11,2025,True,15,1,183.59999999999854,275.3999999999978,0.25054466230937017,48.0,T,23611.5
2025-08-12,2025,True,15,1,73.40000000000146,110.10000000000218,-1.0272479564032693,-73.40000000000146,SL,23648.2
2025-08-13,2025,True,15,1,321.40000000000146,482.1000000000022,-0.3378967019290656,-106.60000000000218,T,23931.4
2025-08-14,2025,True,15,-1,147.70000000000073,221.5500000000011,-0.11171293161814434,-14.5,T,23820.0
2025-08-15,2025,True,15,-1,106.79999999999927,160.1999999999989,0.1788389513108831,21.100000000002183,T,23720.4
2025-08-18,2025,True,15,-1,112.39999999999782,168.59999999999673,0.36743772241996187,43.30000000000291,T,23703.4
2025-08-19,2025,True,15,-1,152.40000000000146,228.60000000000218,0.6706036745406808,104.20000000000073,T,23577.5
2025-08-20,2025,True,15,-1,460.7999999999993,691.1999999999989,0.2842881944444449,133.0,T,23224.5
2025-08-21,2025,True,15,-1,222.39999999999782,333.5999999999967,0.004496402877697886,3.0,T,23129.2
2025-08-22,2025,True,15,1,135.0,202.5,1.4851851851851852,202.5,TP,23256.7
2025-08-25,2025,True,15,1,249.90000000000146,374.8500000000022,0.5930372148859538,150.20000000000073,T,23381.7
2025-08-26,2025,True,18,-1,78.70000000000073,118.05000000000109,-1.0254129606099107,-78.70000000000073,SL,23369.7
2025-08-27,2025,True,17,1,58.70000000000073,88.05000000000109,1.4659284497444638,88.05000000000109,TP,23456.0
2025-08-28,2025,True,15,1,164.79999999999927,247.1999999999989,0.07584951456310714,14.5,T,23614.6
2025-08-29,2025,True,15,-1,168.90000000000146,253.35000000000218,0.7702782711663554,132.09999999999854,T,23514.1
2025-09-02,2025,True,15,-1,497.2000000000007,745.8000000000011,0.22365245374095044,113.20000000000073,T,23116.0
2025-09-04,2025,True,15,1,127.90000000000146,191.85000000000218,0.29632525410477734,39.900000000001455,T,23457.0
2025-09-05,2025,True,15,1,389.3999999999978,584.0999999999967,-0.5808936825885936,-224.1999999999971,T,23805.1
2025-09-08,2025,True,17,-1,78.30000000000291,117.45000000000437,-0.6666666666666512,-50.20000000000073,T,23784.6
2025-09-09,2025,True,41,1,74.5,111.75,-1.0268456375838926,-74.5,SL,23813.7
2025-09-10,2025,True,15,1,109.29999999999927,163.9499999999989,0.22872827081427416,27.0,T,23892.5
2025-09-11,2025,True,37,1,82.90000000000146,124.35000000000218,0.27382388419783266,24.700000000000728,T,23970.7
2025-09-12,2025,True,15,1,128.5,192.75,0.4357976653696498,58.0,T,24013.3
2025-09-15,2025,True,15,1,213.5,320.25,0.3011709601873673,66.30000000000291,T,24196.6
2025-09-16,2025,True,15,1,140.90000000000146,211.35000000000218,-0.3087295954577683,-41.5,T,24295.0
2025-09-17,2025,True,15,-1,125.79999999999927,188.6999999999989,0.4101748807631069,53.599999999998545,T,24214.3
2025-09-18,2025,True,15,1,149.10000000000218,223.65000000000327,0.8169014084506874,123.79999999999927,T,24365.2
2025-09-19,2025,True,15,1,134.70000000000073,202.0500000000011,0.10022271714921994,15.5,T,24511.8
2025-09-22,2025,True,15,1,99.29999999999927,148.9499999999989,0.6777442094662981,69.30000000000291,T,24592.6
2025-09-23,2025,True,15,1,143.3000000000029,214.95000000000437,-0.04745289602235012,-4.80000000000291,T,24708.4
2025-09-24,2025,True,15,-1,178.59999999999854,267.8999999999978,0.8331466965285581,150.79999999999927,T,24588.5
2025-09-25,2025,True,15,-1,447.6000000000022,671.4000000000033,-0.5138516532618385,-228.0,T,24210.6
2025-09-29,2025,True,15,1,336.6999999999971,505.04999999999563,-0.2482922482922461,-81.59999999999854,T,24704.6
2025-09-30,2025,True,15,-1,117.29999999999927,175.9499999999989,-0.13043478260869026,-13.299999999999272,T,24573.5
2025-10-01,2025,True,19,-1,93.19999999999709,139.79999999999563,-1.0214592274678118,-93.19999999999709,SL,24512.9
2025-10-02,2025,True,15,1,316.6999999999971,475.04999999999563,0.06694032207136383,23.200000000000728,T,24839.1
2025-10-06,2025,True,16,1,54.79999999999927,82.19999999999891,0.7262773722627701,41.79999999999927,T,24961.5
2025-10-07,2025,True,15,1,115.29999999999927,172.9499999999989,-1.0173460537727668,-115.29999999999927,SL,25028.2
2025-10-08,2025,True,15,-1,115.59999999999854,173.39999999999782,-1.017301038062284,-115.59999999999854,SL,24940.5
2025-10-09,2025,True,15,1,188.0,282.0,0.0127659574467969,4.399999999997817,T,25063.7
2025-10-10,2025,True,15,1,137.59999999999854,206.39999999999782,-1.0145348837209305,-137.59999999999854,SL,25196.8
2025-10-13,2025,True,15,-1,585.5,878.25,-0.19863364645601925,-114.29999999999927,T,24603.5
2025-10-14,2025,True,15,-1,378.5,567.75,-0.8996036988110965,-338.5,T,24288.8
2025-10-16,2025,True,15,1,204.79999999999927,307.1999999999989,-0.7499999999999956,-151.59999999999854,T,24950.8
2025-10-17,2025,True,15,-1,406.90000000000146,610.3500000000022,-0.3873187515360079,-155.60000000000218,T,24526.3
2025-10-20,2025,True,15,1,529.0999999999985,793.6499999999978,0.2209412209412243,118.90000000000146,T,25034.1
2025-10-21,2025,True,15,1,120.70000000000073,181.0500000000011,0.6893123446561742,85.20000000000073,T,25072.5
2025-10-22,2025,True,43,-1,77.60000000000218,116.40000000000327,1.474226804123712,116.40000000000327,TP,25062.1
2025-10-23,2025,True,15,-1,143.5,215.25,-0.5358885017421704,-74.90000000000146,T,24963.8
2025-10-24,2025,True,15,1,521.0999999999985,781.6499999999978,0.012857417002496156,8.700000000000728,T,25365.5
2025-10-27,2025,True,15,1,395.90000000000146,593.8500000000022,0.16544581965142652,67.5,T,25679.2
2025-10-28,2025,True,15,1,280.40000000000146,420.6000000000022,-0.05706134094151183,-14.0,T,25930.9
2025-10-29,2025,True,15,1,229.39999999999782,344.0999999999967,-0.15039232781168407,-32.5,T,26128.1
2025-10-31,2025,True,17,1,188.6999999999971,283.04999999999563,-0.4175940646528908,-76.79999999999927,T,25992.6
2025-11-03,2025,False,35,-1,101.39999999999782,152.09999999999673,-0.26134122287969,-24.5,T,25959.7
2025-11-04,2025,False,15,-1,498.09999999999854,747.1499999999978,0.008030515960650495,6.0,T,25633.0
2025-11-05,2025,False,15,-1,227.0,340.5,-1.0088105726872247,-227.0,SL,25425.8
2025-11-06,2025,False,15,1,155.90000000000146,233.85000000000218,-1.0128287363694675,-155.90000000000146,SL,25517.4
2025-11-07,2025,False,15,-1,686.9000000000015,1030.3500000000022,0.3409521036540932,236.1999999999971,T,24873.1
2025-11-11,2025,False,63,-1,118.29999999999927,177.4499999999989,0.03888419273033451,6.599999999998545,T,25415.8
2025-11-12,2025,False,18,-1,65.80000000000291,98.70000000000437,-1.0303951367781141,-65.80000000000291,SL,25478.1
2025-11-13,2025,False,15,-1,479.8999999999978,719.8499999999967,0.21212752656803446,103.79999999999927,T,25196.7
2025-11-19,2025,False,23,1,190.20000000000073,285.3000000000011,-0.6419558359621541,-120.10000000000218,T,24751.7
2025-11-20,2025,False,15,1,619.3999999999978,929.0999999999967,-1.003228931223765,-619.3999999999978,SL,25109.6
2025-11-21,2025,False,15,-1,1085.0,1627.5,-0.2108755760368657,-226.79999999999927,T,24070.8
2025-11-24,2025,False,15,1,495.5,743.25,0.4046417759838547,202.5,T,24574.7
2025-11-25,2025,False,24,1,229.29999999999927,343.9499999999989,0.6450065416484879,149.89999999999782,T,24679.2
2025-11-26,2025,False,15,1,532.7000000000007,799.0500000000011,0.20180214004129876,109.5,T,25182.0
2025-12-01,2025,False,15,1,101.30000000000291,151.95000000000437,1.4802566633761112,151.95000000000437,TP,25227.9
2025-12-02,2025,False,15,1,393.0,589.5,-0.2399491094147657,-92.30000000000291,T,25551.9
2025-12-03,2025,False,19,-1,146.5,219.75,-1.0136518771331058,-146.5,SL,25416.4
2025-12-04,2025,False,15,1,139.10000000000218,208.65000000000327,0.3666427030912955,53.0,T,25544.4
2025-12-05,2025,False,15,1,177.40000000000146,266.1000000000022,0.007328072153321655,3.2999999999992724,T,25684.7
2025-12-08,2025,False,15,1,130.59999999999854,195.89999999999782,-1.0153139356814702,-130.59999999999854,SL,25763.0
2025-12-09,2025,False,15,-1,245.0,367.5,-0.4016326530612304,-96.40000000000146,T,25578.6
2025-12-10,2025,False,15,1,96.20000000000073,144.3000000000011,-1.0207900207900207,-96.20000000000073,SL,25622.4
2025-12-11,2025,False,15,-1,104.39999999999782,156.59999999999673,1.4808429118773943,156.59999999999673,TP,25526.9
2025-12-12,2025,False,15,-1,98.59999999999854,147.89999999999782,1.4797160243407705,147.89999999999782,TP,25522.5
2025-12-15,2025,False,15,-1,344.8999999999978,517.3499999999967,0.2968976514931925,104.40000000000146,T,25253.2
2025-12-16,2025,False,15,-1,437.2000000000007,655.8000000000011,-0.2696706312900303,-115.90000000000146,T,24957.5
2025-12-17,2025,False,28,1,139.70000000000073,209.5500000000011,-1.014316392269148,-139.70000000000073,SL,25089.2
2025-12-18,2025,False,15,-1,224.40000000000146,336.6000000000022,-0.8101604278074781,-179.79999999999927,T,24972.3
2025-12-19,2025,False,15,1,366.40000000000146,549.6000000000022,-0.10807860262008294,-37.599999999998545,T,25306.0
2025-12-23,2025,False,31,-1,126.60000000000218,189.90000000000327,-0.8815165876777271,-109.60000000000218,T,25430.6
2025-12-26,2025,False,15,1,301.3999999999978,452.0999999999967,-0.18745852687458664,-54.5,T,25706.6
2025-12-29,2025,False,15,-1,178.0,267.0,0.2741573033707824,50.79999999999927,T,25532.0
2025-12-31,2025,False,15,-1,134.59999999999854,201.89999999999782,-0.08543833580980775,-9.5,T,25385.4
2026-01-02,2026,False,15,1,90.60000000000218,135.90000000000327,-1.0220750551876374,-90.60000000000218,SL,25489.9
2026-01-05,2026,False,17,-1,106.5,159.75,-0.5558685446009116,-57.19999999999709,T,25418.9
2026-01-06,2026,False,15,1,149.10000000000218,223.65000000000327,0.03890006706907571,7.799999999999272,T,25506.7
2026-01-07,2026,False,15,1,234.0,351.0,0.5367521367521305,127.59999999999854,T,25661.4
2026-01-08,2026,False,15,-1,240.10000000000218,360.1500000000033,-0.23865056226573256,-55.30000000000291,T,25440.1
2026-01-14,2026,False,15,-1,422.5,633.75,0.3633136094674556,155.5,T,25454.0
2026-01-16,2026,False,15,-1,107.20000000000073,160.8000000000011,1.4813432835820897,160.8000000000011,TP,25678.3
2026-01-20,2026,False,15,-1,578.1000000000022,867.1500000000033,-0.16346652828230349,-92.5,T,25156.6
2026-01-21,2026,False,15,-1,133.40000000000146,200.10000000000218,-1.0149925037481258,-133.40000000000146,SL,25069.5
2026-01-22,2026,False,15,1,513.0,769.5,0.056530214424951264,31.0,T,25496.7
2026-01-23,2026,False,16,-1,123.79999999999927,185.6999999999989,-1.0161550888529889,-123.79999999999927,SL,25463.4
2026-01-26,2026,False,15,1,267.2999999999993,400.9499999999989,0.29292929292930464,80.30000000000291,T,25696.1
2026-01-27,2026,False,15,1,268.5,402.75,0.389944134078215,106.70000000000073,T,25843.1
2026-01-28,2026,False,15,1,374.40000000000146,561.6000000000022,-0.4706196581196582,-174.20000000000073,T,26162.2
2026-01-29,2026,False,15,-1,337.5,506.25,0.6930370370370413,235.90000000000146,T,25824.5
2026-02-02,2026,False,15,-1,216.20000000000073,324.3000000000011,-0.841813135985196,-180.0,T,25601.3
2026-02-03,2026,False,15,1,216.3000000000029,324.45000000000437,-1.0092464170134072,-216.3000000000029,SL,25648.4
2026-02-05,2026,False,15,-1,466.09999999999854,699.1499999999978,0.17528427376099762,83.70000000000073,T,24814.0
2026-02-09,2026,False,15,1,444.7999999999993,667.1999999999989,0.5685701438848962,254.90000000000146,T,25049.0
2026-02-10,2026,False,15,1,336.2000000000007,504.3000000000011,0.0942891136228455,33.70000000000073,T,25207.3
2026-02-11,2026,False,15,1,161.8000000000029,242.70000000000437,-1.0123609394313966,-161.8000000000029,SL,25340.9
2026-02-12,2026,False,15,-1,187.89999999999782,281.8499999999967,1.4893560404470463,281.8499999999967,TP,25192.4
2026-02-13,2026,False,15,-1,582.1000000000022,873.1500000000033,-0.16062532210960256,-91.5,T,24728.8
2026-02-17,2026,False,21,-1,221.79999999999927,332.6999999999989,-1.0090171325518484,-221.79999999999927,SL,24503.5
2026-02-18,2026,False,15,1,270.2999999999993,405.4499999999989,0.6803551609322912,185.89999999999782,T,24809.2
2026-02-19,2026,False,22,1,117.20000000000073,175.8000000000011,-0.25682593856656993,-28.100000000002183,T,24804.2
2026-02-20,2026,False,15,1,177.70000000000073,266.5500000000011,0.9099606077658775,163.6999999999971,T,24873.9
2026-02-23,2026,False,21,1,269.0,403.5,-1.0074349442379182,-269.0,SL,24889.1
2026-02-24,2026,False,26,-1,162.79999999999927,244.1999999999989,-1.0122850122850124,-162.79999999999927,SL,24818.5
2026-02-25,2026,False,15,1,605.7000000000007,908.5500000000011,0.02459963678388278,16.899999999997817,T,25248.7
2026-02-26,2026,False,31,-1,132.79999999999927,199.1999999999989,1.4849397590361444,199.1999999999989,TP,25094.7
2026-02-27,2026,False,15,-1,490.09999999999854,735.1499999999978,-0.23015711079371476,-110.79999999999927,T,24816.5
2026-03-02,2026,False,37,1,133.6999999999971,200.54999999999563,0.8773373223635412,119.30000000000291,T,24875.1
2026-03-04,2026,False,15,1,342.09999999999854,513.1499999999978,0.874013446360717,301.0,T,24809.5
2026-03-05,2026,False,15,1,208.20000000000073,312.3000000000011,-0.020172910662827632,-2.2000000000007276,T,25011.7
2026-03-06,2026,False,15,-1,432.09999999999854,648.1499999999978,-0.4503587132608174,-192.59999999999854,T,24657.9
2026-03-09,2026,True,15,-1,370.7000000000007,556.0500000000011,-0.7868896681953066,-289.7000000000007,T,24329.1
2026-03-10,2026,True,15,1,653.7999999999993,980.6999999999989,0.20480269195472312,135.89999999999782,T,24985.7
2026-03-11,2026,True,15,1,128.20000000000073,192.3000000000011,-1.0156006240249609,-128.20000000000073,SL,25061.7
2026-03-12,2026,True,15,-1,383.2999999999993,574.9499999999989,0.1617531959300812,64.0,T,24706.4
2026-03-13,2026,True,20,-1,90.89999999999782,136.34999999999673,1.4779977997799774,136.34999999999673,TP,24719.9
2026-03-17,2026,True,15,1,243.0,364.5,-0.38641975308641074,-91.89999999999782,T,24852.6
2026-03-18,2026,True,15,-1,113.79999999999927,170.6999999999989,0.5008787346221473,59.0,T,24729.2
2026-03-19,2026,True,15,-1,550.7999999999993,826.1999999999989,-0.07806826434277425,-41.0,T,24210.2
2026-03-20,2026,True,15,1,135.5,203.25,-1.014760147601476,-135.5,SL,24239.2
2026-03-23,2026,True,15,1,165.5,248.25,-1.012084592145015,-165.5,SL,24328.4
2026-03-24,2026,True,15,-1,379.5,569.25,-0.28274044795783737,-105.29999999999927,T,23976.0
2026-03-26,2026,True,74,-1,187.40000000000146,281.1000000000022,0.14194236926359838,28.599999999998545,T,23915.8
2026-03-27,2026,True,15,-1,523.4000000000015,785.1000000000022,0.12380588460068608,66.79999999999927,T,23425.5
2026-03-30,2026,True,15,-1,254.89999999999782,382.3499999999967,0.07532365633582147,21.200000000000728,T,23213.7
2026-03-31,2026,True,23,1,164.20000000000073,246.3000000000011,-0.591961023142511,-95.20000000000073,T,23359.2
2026-04-01,2026,True,15,1,704.2000000000007,1056.300000000001,0.32263561488213643,229.20000000000073,T,23903.5
2026-04-02,2026,True,15,-1,446.59999999999854,669.8999999999978,-1.0044782803403494,-446.59999999999854,SL,23566.0
2026-04-06,2026,True,15,1,686.5999999999985,1029.8999999999978,-0.057238566851149655,-37.29999999999927,T,24188.6
2026-04-07,2026,True,15,-1,179.79999999999927,269.6999999999989,0.4449388209121264,82.0,T,24019.8
2026-04-08,2026,True,15,1,919.3999999999978,1379.0999999999967,-0.037089406134434004,-32.099999999998545,T,24939.1
2026-04-09,2026,True,17,-1,177.10000000000218,265.6500000000033,-0.665725578769057,-115.90000000000146,T,24901.8
2026-04-10,2026,True,15,1,320.90000000000146,481.3500000000022,-0.21969460891243278,-68.5,T,25167.9
2026-04-13,2026,True,15,-1,198.29999999999927,297.4499999999989,-0.7145738779626891,-139.70000000000073,T,25005.5
2026-04-14,2026,True,15,1,586.2999999999993,879.4499999999989,0.19768036841207226,117.89999999999782,T,25596.7
2026-04-15,2026,True,15,1,353.7000000000007,530.5500000000011,0.5213457732541732,186.40000000000146,T,25847.5
2026-04-16,2026,True,15,1,405.2000000000007,607.8000000000011,0.3578479763079954,147.0,T,26226.2
2026-04-17,2026,True,15,1,369.5,554.25,0.2530446549391069,95.5,T,26554.6
2026-04-20,2026,True,15,1,125.0,187.5,-1.016,-125.0,SL,26600.1
2026-04-21,2026,True,29,1,107.5,161.25,-1.0186046511627906,-107.5,SL,26684.4
2026-04-22,2026,True,15,1,137.79999999999927,206.6999999999989,0.838171262699569,117.5,T,26710.5
2026-04-23,2026,True,15,1,242.5,363.75,0.14721649484536384,37.70000000000073,T,26904.6
2026-04-24,2026,True,15,1,268.5,402.75,0.6249534450651878,169.8000000000029,T,27083.6
2026-04-27,2026,True,15,1,190.29999999999927,285.4499999999989,0.02837624802941586,7.399999999997817,T,27225.2
2026-04-28,2026,True,15,-1,215.09999999999854,322.6499999999978,0.7345420734542123,160.0,T,27078.5
2026-04-29,2026,True,54,1,176.20000000000073,264.3000000000011,-0.03348467650396023,-3.899999999997817,T,27111.8
2026-04-30,2026,True,15,1,235.70000000000073,353.5500000000011,0.11540093338990515,29.200000000000728,T,27228.2
2026-05-04,2026,True,15,1,268.0,402.0,-0.5458955223880569,-144.29999999999927,T,27760.2
2026-05-05,2026,True,15,1,287.7000000000007,431.5500000000011,0.09593326381647019,29.599999999998545,T,27978.4
2026-05-06,2026,True,15,1,504.6999999999971,757.0499999999956,0.16425599365960358,84.90000000000146,T,28358.6
2026-05-07,2026,True,15,1,374.2000000000007,561.3000000000011,0.18572955638695848,71.5,T,28594.4
2026-05-08,2026,True,15,1,317.40000000000146,476.1000000000022,0.46565847511026653,149.79999999999927,T,28925.9
2026-05-11,2026,True,15,1,547.5,821.25,0.11196347031963337,63.29999999999927,T,29293.2
2026-05-12,2026,True,15,-1,156.0,234.0,1.4871794871794872,234.0,TP,29170.0
2026-05-13,2026,True,17,-1,176.5,264.75,-1.0113314447592068,-176.5,SL,29003.2
2026-05-14,2026,True,15,1,476.2000000000007,714.3000000000011,0.19991600167996762,97.20000000000073,T,29553.2
2026-05-15,2026,True,15,-1,490.59999999999854,735.8999999999978,-0.30248675091724064,-146.39999999999782,T,29032.2
2026-05-18,2026,True,26,1,139.20000000000073,208.8000000000011,-1.014367816091954,-139.20000000000073,SL,29189.7
2026-05-19,2026,True,15,-1,436.0,654.0,0.22889908256881403,101.80000000000291,T,28820.9
2026-05-20,2026,True,15,1,289.2000000000007,433.8000000000011,0.6843015214384542,199.90000000000146,T,29039.5
2026-05-21,2026,True,15,1,213.40000000000146,320.1000000000022,0.13261480787253552,30.299999999999272,T,29144.9
2026-05-22,2026,True,15,1,499.0,748.5,0.051903807615233374,27.900000000001455,T,29581.8
2026-05-26,2026,True,15,1,416.2999999999993,624.4499999999989,-0.0917607494595263,-36.20000000000073,T,29889.0
2026-05-27,2026,True,15,1,205.29999999999927,307.9499999999989,-0.47150511446663235,-94.79999999999927,T,29958.8
2026-05-28,2026,True,15,-1,235.09999999999854,352.6499999999978,-1.0085070182900895,-235.09999999999854,SL,29884.7
2026-05-29,2026,True,15,1,506.7999999999993,760.1999999999989,-0.18646408839779033,-92.5,T,30382.0
2026-06-01,2026,True,17,1,106.60000000000218,159.90000000000327,-1.018761726078799,-106.60000000000218,SL,30395.2
2026-06-02,2026,True,15,1,203.89999999999782,305.8499999999967,0.8847474252084521,182.40000000000146,T,30452.6
2026-06-03,2026,True,15,1,188.90000000000146,283.3500000000022,-0.006352567496033448,0.7999999999992724,T,30557.4
2026-06-04,2026,True,15,-1,614.4000000000015,921.6000000000022,-0.3445638020833337,-209.70000000000073,T,30145.3
2026-06-05,2026,True,15,-1,456.0,684.0,0.5460526315789473,251.0,T,29853.0
2026-06-08,2026,True,15,-1,563.2000000000007,844.8000000000011,-0.16352982954545175,-90.09999999999854,T,29479.0
2026-06-09,2026,True,15,1,388.2999999999993,582.4499999999989,-1.0051506567087303,-388.2999999999993,SL,29744.8
2026-06-10,2026,True,15,-1,688.2000000000007,1032.300000000001,0.3224353385643726,223.90000000000146,T,29042.2
2026-06-11,2026,True,48,-1,324.0,486.0,-0.3012345679012413,-95.60000000000218,T,28728.8
2026-06-12,2026,True,15,1,592.5,888.75,0.33890295358649664,202.79999999999927,T,29210.7
2026-06-15,2026,True,15,1,1183.3999999999978,1775.0999999999967,0.11450059151597114,137.5,T,30420.3
2026-06-16,2026,True,15,1,207.90000000000146,311.8500000000022,-1.0096200096200096,-207.90000000000146,SL,30493.4
2026-06-17,2026,True,15,-1,364.5,546.75,0.15144032921809902,57.19999999999709,T,30174.1
2026-06-18,2026,True,22,1,137.20000000000073,205.8000000000011,0.8622448979591738,120.29999999999927,T,30203.9
2026-06-22,2026,True,15,1,433.7999999999993,650.6999999999989,-0.6205624711848805,-267.2000000000007,T,30510.5
2026-06-23,2026,True,15,-1,1163.3999999999978,1745.0999999999967,-0.03412411896166478,-37.70000000000073,T,29449.2
2026-06-24,2026,True,18,-1,216.39999999999782,324.5999999999967,-1.0092421441774493,-216.39999999999782,SL,29278.2
2026-06-25,2026,True,17,-1,236.70000000000073,355.0500000000011,-0.26024503591044357,-59.60000000000218,T,29295.3
2026-06-29,2026,True,15,1,639.2999999999993,958.9499999999989,0.0434850617863334,29.80000000000291,T,29524.1
2026-06-30,2026,True,15,1,703.0999999999985,1054.6499999999978,0.298961740861899,212.20000000000073,T,29970.0
2026-07-01,2026,True,28,1,226.5,339.75,0.01147902869758138,4.600000000002183,T,29983.3
2026-07-02,2026,True,22,1,170.5,255.75,-1.0117302052785924,-170.5,SL,29992.5
2026-07-06,2026,True,15,-1,214.09999999999854,321.1499999999978,-0.5693601120971445,-119.89999999999782,T,29712.9
2026-07-07,2026,True,15,-1,367.2000000000007,550.8000000000011,0.4825708061002189,179.20000000000073,T,29327.8
2026-07-08,2026,True,15,-1,293.8999999999978,440.8499999999967,0.9656345695815074,285.8000000000029,T,29151.4
2026-07-09,2026,True,15,1,687.5,1031.25,0.0017454545454556039,3.2000000000007276,T,29664.7
2026-07-10,2026,True,15,1,208.10000000000218,312.1500000000033,0.3306102835175327,70.79999999999927,T,29662.4
2026-07-13,2026,True,15,-1,391.0,586.5,-0.17391304347826086,-66.0,T,29333.5
2026-07-14,2026,True,15,1,249.0,373.5,-0.053012048192774004,-11.200000000000728,T,29590.9
2026-07-15,2026,True,15,1,151.20000000000073,226.8000000000011,-1.0132275132275133,-151.20000000000073,SL,29630.2
2026-07-16,2026,True,15,-1,663.7999999999993,995.6999999999989,-0.1257909008737573,-81.5,T,29112.0
2026-07-20,2026,True,15,-1,338.2999999999993,507.4499999999989,0.34584688146615505,119.0,T,28993.8
2026-07-21,2026,True,56,1,155.40000000000146,233.10000000000218,0.4858429858429813,77.5,T,29008.5
2026-07-22,2026,True,25,1,117.29999999999927,175.9499999999989,0.7357203751065937,88.30000000000291,T,29074.1
2026-07-23,2026,True,15,-1,336.59999999999854,504.8999999999978,0.7560903149138476,256.5,T,28681.2
2026-07-24,2026,True,15,-1,411.2999999999993,616.9499999999989,-0.26258205689277947,-106.0,T,28306.8
2026-07-27,2026,True,16,-1,180.5,270.75,1.4889196675900278,270.75,TP,28277.0
2026-07-28,2026,True,15,-1,899.8000000000029,1349.7000000000044,-0.3759724383196286,-336.3000000000029,T,27556.1
2026-07-30,2026,True,15,1,178.29999999999927,267.4499999999989,0.42120022434099186,77.09999999999854,T,27867.2
2026-07-31,2026,True,15,1,637.0,955.5,-0.24913657770800743,-156.70000000000073,T,28304.5
2026-08-04,2026,True,15,1,1137.8999999999978,1706.8499999999967,0.18955971526496276,217.70000000000073,T,29333.3
2026-08-05,2026,True,15,1,818.2999999999993,1227.449999999999,-0.3573261639985312,-290.3999999999978,T,29910.1
2026-08-06,2026,True,15,-1,591.1000000000022,886.6500000000033,-0.09456944679411479,-53.900000000001455,T,29345.6
2026-08-07,2026,True,15,1,521.7999999999993,782.6999999999989,0.10406285933307656,56.29999999999927,T,29644.0
2026-08-10,2026,True,19,1,133.90000000000146,200.85000000000218,0.17550410754294057,25.5,T,29705.9
2026-08-11,2026,True,15,-1,155.29999999999927,232.9499999999989,0.11204121056019252,19.399999999997817,T,29572.3
2026-08-12,2026,True,15,1,212.89999999999782,319.3499999999967,-0.2846406763738805,-58.599999999998545,T,29782.8
2026-08-13,2026,True,15,1,210.79999999999927,316.1999999999989,0.236242884250489,51.80000000000291,T,29958.1
2026-08-14,2026,True,15,1,406.2000000000007,609.3000000000011,-0.48867552929591246,-196.5,T,30165.5
2026-08-17,2026,True,50,-1,97.70000000000073,146.5500000000011,-1.0204708290685771,-97.70000000000073,SL,30070.1
2026-08-18,2026,True,15,-1,561.0999999999985,841.6499999999978,0.1049723756906106,60.900000000001455,T,29609.2
2026-08-19,2026,True,15,-1,165.40000000000146,248.10000000000218,-0.02237001209190263,-1.7000000000007276,T,29515.5
2026-08-20,2026,True,15,-1,328.7000000000007,493.0500000000011,0.24764222695467378,83.40000000000146,T,29322.5
2026-08-21,2026,True,17,-1,142.20000000000073,213.3000000000011,-1.0140646976090013,-142.20000000000073,SL,29236.8
2026-08-24,2026,True,15,-1,498.3999999999978,747.5999999999967,-0.4169341894060999,-205.79999999999927,T,28886.4
2026-08-26,2026,True,19,-1,100.5,150.75,0.4975124378109453,52.0,T,29201.3
2026-08-27,2026,True,15,1,417.2000000000007,625.8000000000011,0.014141898370081033,7.899999999997817,T,29524.7
2026-08-28,2026,True,15,1,242.70000000000073,364.0500000000011,-0.5302843016069235,-126.70000000000073,T,29623.3
2026-08-31,2026,True,15,-1,279.2000000000007,418.8000000000011,0.10243553008595441,30.599999999998545,T,29364.1
2026-09-01,2026,True,15,-1,400.8000000000029,601.2000000000044,-0.4605788423153714,-182.60000000000218,T,29060.1
2026-09-02,2026,True,24,-1,105.29999999999927,157.9499999999989,-1.0189933523266859,-105.29999999999927,SL,28981.5
2026-09-03,2026,True,15,1,295.7999999999993,443.6999999999989,0.689993238674777,206.09999999999854,T,29284.5
2026-09-04,2026,True,15,1,389.8999999999978,584.8499999999967,-0.17978968966401368,-68.09999999999854,T,29542.6
2026-09-08,2026,True,15,-1,108.70000000000073,163.0500000000011,-1.0183992640294386,-108.70000000000073,SL,29485.5
2026-09-10,2026,True,15,-1,338.5,507.75,-0.11757754800590627,-37.79999999999927,T,29140.2
2026-09-11,2026,True,15,1,383.7999999999993,575.6999999999989,0.02214695153725903,10.5,T,29415.5
2026-09-14,2026,True,15,-1,462.5,693.75,-0.45124324324324483,-206.70000000000073,T,28952.8
2026-09-15,2026,True,15,1,250.5,375.75,-0.5988023952095808,-148.0,T,29115.8
2026-09-16,2026,True,15,1,71.29999999999927,106.94999999999891,1.4719495091164092,106.94999999999891,TP,29128.7
2026-09-17,2026,True,15,1,255.0,382.5,0.44392156862745386,115.20000000000073,T,29323.2
2026-09-18,2026,True,15,1,240.0,360.0,-0.519999999999997,-122.79999999999927,T,29541.2
2026-09-21,2026,True,15,1,567.5999999999985,851.3999999999978,0.4201902748414387,240.5,T,30074.6
2026-09-22,2026,True,15,1,679.5,1019.25,0.0035320088300188628,4.399999999997817,T,30605.2
2026-09-23,2026,True,40,-1,175.29999999999927,262.9499999999989,-0.01825442099258837,-1.2000000000007276,T,30450.8
2026-09-24,2026,True,15,-1,415.6000000000022,623.4000000000033,0.07266602502406297,32.20000000000073,T,30297.8
2026-09-25,2026,True,15,1,380.40000000000146,570.6000000000022,-0.006572029442691878,-0.5,T,30580.0
2026-09-28,2026,True,15,-1,283.8999999999978,425.8499999999967,0.28284607256077327,82.30000000000291,T,30324.9
2026-09-29,2026,True,15,-1,177.20000000000073,265.8000000000011,-0.071670428893909,-10.700000000000728,T,30301.1
2026-09-30,2026,True,15,1,198.79999999999927,298.1999999999989,0.6951710261569478,140.20000000000073,T,30465.5
2026-10-01,2026,True,30,-1,127.29999999999927,190.9499999999989,0.5098193244304935,66.90000000000146,T,30407.5
2026-10-02,2026,True,15,1,444.40000000000146,666.6000000000022,-0.16246624662466358,-70.20000000000073,T,30908.7
2026-10-05,2026,True,15,1,157.70000000000073,236.5500000000011,0.22701331642358344,37.79999999999927,T,30945.0
2026-10-06,2026,True,15,1,449.0,673.5,0.16881959910912978,77.79999999999927,T,31241.5
2026-10-07,2026,True,15,-1,367.2000000000007,550.8000000000011,-0.3956971677559885,-143.29999999999927,T,30949.2
2026-10-08,2026,True,48,1,131.20000000000073,196.8000000000011,-0.653201219512197,-83.70000000000073,T,31035.5
