fecha,anio,verano,s,d,sl_dist,tp_dist,R,pnl,motivo,entry
2018-01-24,2018,False,43,-1,11.237142857142876,13.902802754928416,1.0592374686562265,13.902802754928416,TP,6984.1
2018-01-25,2018,False,30,1,11.94000000000003,30.625555195621928,2.3974501838879276,30.625555195621928,TP,6913.9
2018-01-26,2018,False,68,-1,12.560000000000038,15.807752200406867,0.0,2.0,T,6969.4
2018-01-29,2018,False,67,1,12.924285714285752,13.170405045611915,-1.1547474300873213,-12.924285714285752,SL,6986.7
2018-01-30,2018,False,30,1,13.147142857142885,13.190288687479551,-1.1521243072911005,-13.147142857142885,SL,6911.6
2018-01-31,2018,False,88,1,13.508571428571447,15.787663489460101,-1.1480541455160742,-13.508571428571447,SL,6955.9
2018-02-01,2018,False,30,-1,13.815714285714305,13.725568248732998,-1.1447626925860819,-13.815714285714305,SL,6942.0
2018-02-02,2018,False,30,1,14.525714285714301,32.01383909827746,-1.137686860739575,-14.525714285714301,SL,6829.6
2018-02-05,2018,False,30,-1,15.428571428571443,20.22314404876488,-1.1296296296296295,-15.428571428571443,SL,6734.3
2018-02-06,2018,False,30,-1,18.319999999999997,53.46824460431708,-1.1091703056768558,-18.319999999999997,SL,6564.0
2018-02-07,2018,False,35,-1,21.6,31.351627275198553,-1.0925925925925926,-21.6,SL,6678.3
2018-02-08,2018,False,59,1,22.964285714285705,23.945010324727264,-1.0870917573872474,-22.964285714285705,SL,6548.3
2018-02-09,2018,False,43,1,26.59857142857141,27.64731861198834,0.9642366952248698,27.64731861198834,TP,6361.5
2018-02-12,2018,False,45,1,29.56571428571428,36.2172317596569,-1.0676459219172787,-29.56571428571428,SL,6452.8
2018-02-14,2018,False,39,-1,30.669999999999995,34.7221275579268,-1.06521030322791,-30.669999999999995,SL,6579.9
2018-02-15,2018,False,74,1,32.125714285714274,35.48182186417034,1.0422125268996465,35.48182186417034,TP,6694.3
2018-02-20,2018,False,118,-1,33.451428571428565,33.25467569856028,-0.3975913905022262,-11.300000000000182,T,6821.4
2018-02-27,2018,False,83,1,30.54857142857142,31.064708910519585,-0.7594463150018648,-21.199999999999818,T,6951.2
2018-02-28,2018,False,86,1,27.62857142857142,28.476901535681463,-0.03257497414683276,1.1000000000003638,T,6911.7
2018-03-01,2018,False,60,-1,27.23428571428571,28.667688492509114,-1.07343684431389,-27.23428571428571,SL,6865.7
2018-03-02,2018,False,67,-1,25.93142857142857,28.201528410696483,-1.0771264874394006,-25.93142857142857,SL,6707.5
2018-03-05,2018,False,73,-1,24.307142857142846,26.65614556040964,-1.082280340875698,-24.307142857142846,SL,6802.5
2018-03-06,2018,False,87,1,24.435714285714273,30.825808055693415,0.4992692195264471,14.199999999999818,T,6886.6
2018-03-07,2018,False,80,-1,24.039999999999978,25.393329414400796,0.9731002252246597,25.393329414400796,TP,6911.4
2018-03-09,2018,False,66,-1,21.49428571428571,21.685366593373146,-0.6932074970091974,-12.900000000000546,T,7045.2
2018-03-12,2018,True,117,1,21.602857142857143,23.152851242220095,0.9791691488926112,23.152851242220095,TP,7107.7
2018-03-13,2018,True,63,1,20.898571428571437,22.05353646119056,-1.09570032127965,-20.898571428571437,SL,7149.4
2018-03-14,2018,True,110,1,21.494285714285724,22.584479354166433,-1.0930479861757276,-21.494285714285724,SL,7037.2
2018-03-15,2018,True,60,-1,21.327142857142878,21.413638928385808,-0.19693214548863755,-2.199999999999818,T,7055.2
2018-03-19,2018,True,74,1,20.560000000000013,25.33271535790209,-1.0972762645914396,-20.560000000000013,SL,6903.9
2018-03-20,2018,True,46,1,21.211428571428588,21.51006402112307,0.919790194961351,21.51006402112307,TP,6859.6
2018-03-21,2018,True,40,-1,20.48285714285716,24.020769255263076,1.075082890130014,24.020769255263076,TP,6898.3
2018-03-23,2018,True,70,-1,19.024285714285725,19.603435863446975,0.9253138923490933,19.603435863446975,TP,6690.2
2018-03-26,2018,True,45,1,19.3257142857143,20.534211944428534,-1.1034890597279716,-19.3257142857143,SL,6633.8
2018-03-27,2018,True,41,1,20.40428571428573,21.669015402330842,-1.0980186235384721,-20.40428571428573,SL,6757.5
2018-03-28,2018,True,30,-1,24.205714285714308,31.045611342540724,-1.0826251180358828,-24.205714285714308,SL,6510.4
2018-03-29,2018,True,64,-1,25.17000000000001,25.337542742599908,-1.0794596742153357,-25.17000000000001,SL,6494.0
2018-04-02,2018,True,30,1,27.57857142857143,32.31446351122031,-1.0725200725200725,-27.57857142857143,SL,6488.3
2018-04-03,2018,True,31,1,29.738571428571426,38.11654871052542,-1.0672527261372917,-29.738571428571426,SL,6390.3
2018-04-04,2018,True,79,-1,31.102857142857133,32.428142356037824,-1.0643027742054014,-31.102857142857133,SL,6406.3
2018-04-06,2018,True,75,1,32.59142857142856,40.135601824807964,0.7916191812045295,27.800000000000182,T,6517.9
2018-04-09,2018,True,61,-1,34.339999999999975,36.61905634612776,-1.05824111822947,-34.339999999999975,SL,6551.6
2018-04-10,2018,True,77,-1,35.637142857142834,36.258607296432274,0.9613174499920872,36.258607296432274,TP,6600.9
2018-04-13,2018,True,41,1,34.76714285714283,35.589739105085755,-0.0028762789168598458,1.9000000000005457,T,6643.7
2018-04-17,2018,True,94,-1,31.227142857142827,31.77141868745821,-0.2369733290635322,-5.399999999999636,T,6792.8
2018-04-19,2018,True,105,1,26.757142857142835,29.0743392410086,-0.31767218366257366,-6.5,T,6763.2
2018-04-20,2018,True,82,1,24.71999999999997,26.743827821186642,-1.080906148867314,-24.71999999999997,SL,6698.7
2018-04-23,2018,True,86,-1,22.925714285714264,23.321303314344732,-0.14394317048854247,-1.300000000000182,T,6704.5
2018-04-24,2018,True,45,1,22.442857142857132,22.932048164044318,-1.0891152132399746,-22.442857142857132,SL,6645.9
2018-04-25,2018,True,30,1,22.104285714285705,31.729437928494917,1.344962615520355,31.729437928494917,TP,6443.1
2018-04-26,2018,True,36,-1,22.5242857142857,22.914468129735724,-1.0887930487727533,-22.5242857142857,SL,6619.4
2018-04-27,2018,True,30,1,21.17142857142856,38.05338722094075,-1.0944669365721997,-21.17142857142856,SL,6671.8
2018-04-30,2018,True,35,-1,21.069999999999997,21.761261628301327,0.9378861712530294,21.761261628301327,TP,6709.7
2018-05-01,2018,True,31,-1,21.268571428571434,20.976939001321625,0.892252639771973,20.976939001321625,TP,6613.9
2018-05-03,2018,True,53,1,21.95142857142858,26.438034691157554,-1.0911102433945072,-21.95142857142858,SL,6584.4
2018-05-04,2018,True,38,-1,22.315714285714307,23.318574172119042,-1.0896229434735292,-22.315714285714307,SL,6667.6
2018-05-08,2018,True,106,-1,23.092857142857156,30.58811737728047,1.2379636352673256,30.58811737728047,TP,6830.9
2018-05-15,2018,True,65,-1,19.120000000000033,23.683716111208014,1.1340855706698731,23.683716111208014,TP,6902.9
2018-05-17,2018,True,53,-1,17.781428571428595,17.94443439657789,-1.1124769020647545,-17.781428571428595,SL,6931.6
2018-05-18,2018,True,65,1,17.092857142857156,17.5522677417448,0.9098694040302007,17.5522677417448,TP,6857.1
2018-05-21,2018,True,104,1,15.962857142857153,21.274751040623414,-1.125290853767675,-15.962857142857153,SL,6913.6
2018-05-22,2018,True,43,1,15.45571428571428,18.268562982192634,-0.40114613180514597,-4.199999999999818,T,6913.4
2018-05-23,2018,True,38,-1,15.221428571428559,16.677246479586756,0.9642489475092199,16.677246479586756,TP,6879.7
2018-05-24,2018,True,30,1,14.95857142857141,22.92524243740172,-1.1337026072008405,-14.95857142857141,SL,6913.8
2018-05-25,2018,True,41,-1,13.63285714285712,16.453382605326624,-0.16137482971810493,-0.1999999999998181,T,6973.3
2018-05-29,2018,True,30,-1,13.53285714285712,17.105143057748137,1.1161828502505768,17.105143057748137,TP,6952.7
2018-05-30,2018,True,73,-1,13.757142857142831,17.006737326427356,-1.145379023883697,-13.757142857142831,SL,6969.7
2018-05-31,2018,True,78,1,13.172857142857124,19.504810082572476,1.328854468908009,19.504810082572476,TP,6964.5
2018-06-01,2018,True,50,-1,13.251428571428551,15.316912280702127,-1.1509271237602416,-13.251428571428551,SL,7040.3
2018-06-05,2018,True,34,-1,13.671428571428558,14.177782372943511,0.8907468820334865,14.177782372943511,TP,7177.0
2018-06-06,2018,True,30,1,13.42428571428571,18.96366572887564,-1.1489837182079388,-13.42428571428571,SL,7156.0
2018-06-07,2018,True,38,1,13.627142857142866,13.99518169273324,-1.14676590837614,-13.627142857142866,SL,7183.6
2018-06-08,2018,True,69,1,13.780000000000019,16.546590266946623,1.0556306434649203,16.546590266946623,TP,7105.6
2018-06-13,2018,True,45,-1,13.27142857142861,13.682907511497433,-1.15069967707212,-13.27142857142861,SL,7239.0
2018-06-14,2018,True,31,-1,12.658571428571474,13.707559254273292,-1.1579957115449717,-12.658571428571474,SL,7263.8
2018-06-15,2018,True,51,-1,12.308571428571474,15.515849467149565,1.0980843346105686,15.515849467149565,TP,7256.0
2018-06-18,2018,True,36,-1,12.392857142857181,14.209820836098515,-1.1613832853025932,-12.392857142857181,SL,7219.4
2018-06-19,2018,True,30,1,12.278571428571455,19.285702915853108,-1.1628853984874923,-12.278571428571455,SL,7162.2
2018-06-20,2018,True,61,1,12.915714285714316,13.292276864556698,0.8743052544176164,13.292276864556698,TP,7259.4
2018-06-21,2018,True,34,1,12.762857142857177,15.628343937596583,-1.1567047235280945,-12.762857142857177,SL,7273.9
2018-06-22,2018,True,30,1,13.094285714285732,17.98523477555318,1.2207794395469356,17.98523477555318,TP,7193.5
2018-06-25,2018,True,31,1,13.367142857142866,17.820540053427067,-1.149620604894731,-13.367142857142866,SL,7093.5
2018-06-26,2018,True,30,-1,15.217142857142868,16.08703513841101,0.9257345659864533,16.08703513841101,TP,7084.5
2018-06-27,2018,True,68,-1,15.20714285714287,20.25785227945562,1.2006102955020126,20.25785227945562,TP,7126.7
2018-06-28,2018,True,32,-1,16.15142857142858,16.844382356115602,0.9190755040934828,16.844382356115602,TP,6993.3
2018-06-29,2018,True,86,-1,16.792857142857155,18.669507157266708,0.9926546159154986,18.669507157266708,TP,7101.9
2018-07-02,2018,True,30,-1,16.997142857142858,19.43078431372669,-1.1176668347621448,-16.997142857142858,SL,7017.6
2018-07-05,2018,True,46,1,18.260000000000012,20.005164183422494,-1.1095290251916756,-18.260000000000012,SL,7044.9
2018-07-06,2018,True,72,-1,18.46000000000001,19.00248590703086,-1.1083423618634884,-18.46000000000001,SL,7154.1
2018-07-09,2018,True,42,1,19.234285714285722,22.024535464534893,1.0410854742405242,22.024535464534893,TP,7227.4
2018-07-11,2018,True,33,-1,18.868571428571446,18.755301919721205,0.8880005560118741,18.755301919721205,TP,7263.0
2018-07-12,2018,True,34,-1,18.250000000000014,19.323510703363354,-1.1095890410958904,-18.250000000000014,SL,7308.3
2018-07-16,2018,True,89,1,17.92857142857144,18.74486169143711,0.46294820717127383,10.299999999999272,T,7359.1
2018-07-17,2018,True,30,-1,17.551428571428577,22.550307975363467,-1.1139508383525965,-17.551428571428577,SL,7331.5
2018-07-18,2018,True,46,1,17.07857142857143,19.862625349335758,1.0459086360966148,19.862625349335758,TP,7370.6
2018-07-20,2018,True,72,-1,14.98714285714285,17.173190991877163,0.800686302545039,14.0,T,7393.0
2018-07-23,2018,True,33,-1,14.268571428571418,14.501853896864304,-1.1401682018422108,-14.268571428571418,SL,7332.7
2018-07-24,2018,True,91,1,14.551428571428566,16.016725485030292,-1.1374435499705478,-14.551428571428566,SL,7445.5
2018-07-26,2018,True,113,-1,14.50571428571428,14.53798179353089,0.8643477698908436,14.53798179353089,TP,7425.9
2018-07-27,2018,True,30,1,13.538571428571428,24.14552658219054,-1.1477260736519996,-13.538571428571428,SL,7392.2
2018-07-30,2018,True,30,1,15.47285714285715,25.378089768134487,1.5109096886431663,25.378089768134487,TP,7213.2
2018-07-31,2018,True,30,1,16.90714285714286,18.53955997938283,-1.1182931981411068,-16.90714285714286,SL,7213.7
2018-08-01,2018,True,49,-1,17.499999999999986,18.443015914771422,0.9396009094155106,18.443015914771422,TP,7288.6
2018-08-02,2018,True,30,-1,16.97428571428571,17.60040986502736,-1.1178252819390675,-16.97428571428571,SL,7260.7
2018-08-07,2018,True,90,1,17.607142857142872,19.587704066867445,0.65314401622718,13.5,T,7443.1
2018-08-08,2018,True,84,-1,17.490000000000006,22.215872850260894,0.7146941109205258,14.5,T,7478.2
2018-08-10,2018,True,31,1,17.421428571428585,17.728300941336784,0.9028135021677524,17.728300941336784,TP,7404.1
2018-08-13,2018,True,40,-1,17.100000000000016,21.68925054606825,1.1514181605887857,21.68925054606825,TP,7460.7
2018-08-14,2018,True,34,1,16.668571428571447,24.137840840234276,1.328118665423721,24.137840840234276,TP,7392.7
2018-08-15,2018,True,30,1,16.071428571428584,26.484209326188648,-1.1244444444444444,-16.071428571428584,SL,7357.9
2018-08-17,2018,True,36,1,14.974285714285726,19.324489738385637,-1.1335622972715131,-14.974285714285726,SL,7332.8
2018-08-20,2018,True,30,1,14.15714285714287,16.28120830108037,-1.141271442986882,-14.15714285714287,SL,7357.7
2018-08-22,2018,True,32,1,13.477142857142878,14.92440846824411,0.9589872723946219,14.92440846824411,TP,7376.8
2018-08-23,2018,True,31,-1,12.008571428571448,12.3589168615581,-1.166547704020937,-12.008571428571448,SL,7453.9
2018-08-24,2018,True,64,-1,12.351428571428578,17.95764642215636,-1.1619245894055052,-12.351428571428578,SL,7471.6
2018-08-27,2018,True,32,-1,12.251428571428576,12.254628944773685,-1.1632462686567164,-12.251428571428576,SL,7537.6
2018-08-28,2018,True,78,1,12.42714285714288,12.139178715647176,0.8158897690485126,12.139178715647176,TP,7563.8
2018-08-29,2018,True,52,-1,12.157142857142883,11.680012481054291,-1.1645123384253815,-12.157142857142883,SL,7610.1
2018-08-30,2018,True,49,-1,12.74857142857145,13.276820788091754,-1.156880322725235,-12.74857142857145,SL,7659.3
2018-08-31,2018,True,43,-1,12.967142857142868,14.805720645518704,0.9875514434133619,14.805720645518704,TP,7672.8
2018-09-04,2018,True,37,-1,12.620000000000008,13.562384974161432,-1.1584786053882725,-12.620000000000008,SL,7617.6
2018-09-05,2018,True,30,1,12.548571428571437,32.302184010279234,-1.1593806921675773,-12.548571428571437,SL,7555.5
2018-09-06,2018,True,36,1,12.732857142857158,18.808129986828135,-1.1570739369460337,-12.732857142857158,SL,7488.9
2018-09-07,2018,True,30,-1,13.687142857142877,30.473280423278993,-1.1461225341822354,-13.687142857142877,SL,7464.0
2018-09-10,2018,True,33,1,13.80428571428573,14.702658628952122,-1.1448825416537305,-13.80428571428573,SL,7428.3
2018-09-11,2018,True,30,-1,13.912857142857163,19.97037548316075,-1.1437519252489987,-13.912857142857163,SL,7454.6
2018-09-12,2018,True,36,1,14.870000000000022,16.801853302009476,-1.1344989912575654,-14.870000000000022,SL,7466.7
2018-09-13,2018,True,71,1,15.151428571428603,19.470405507310716,1.153053352358804,19.470405507310716,TP,7534.7
2018-09-17,2018,True,31,1,14.962857142857178,23.631422809532523,-1.1336643116287948,-14.962857142857178,SL,7480.7
2018-09-18,2018,True,32,-1,15.791428571428606,16.163677510607158,-1.126650986068391,-15.791428571428606,SL,7496.1
2018-09-19,2018,True,39,1,16.462857142857164,17.481681196856698,-1.1214855952794167,-16.462857142857164,SL,7463.0
2018-09-20,2018,True,31,-1,17.04142857142858,22.498755502200765,-0.36968731662336535,-4.300000000000182,T,7565.2
2018-09-21,2018,True,50,1,16.730000000000018,17.86734845416413,-1.1195457262402868,-16.730000000000018,SL,7571.7
2018-09-24,2018,True,30,-1,16.915714285714316,21.816681522985164,-1.1182332573262392,-16.915714285714316,SL,7499.2
2018-09-26,2018,True,105,-1,17.568571428571445,20.49589537594875,-0.21629533257436073,-1.7999999999992724,T,7606.1
2018-09-27,2018,True,30,-1,17.184285714285735,22.67153123272692,-1.1163854019452988,-17.184285714285735,SL,7636.8
2018-09-28,2018,True,80,-1,16.292857142857155,16.96211760747883,-1.122753178430513,-16.292857142857155,SL,7629.3
2018-10-02,2018,True,59,-1,15.894285714285733,16.82371042612067,-1.1258313859428364,-15.894285714285733,SL,7655.8
2018-10-03,2018,True,90,1,15.294285714285733,23.912251184328852,1.4327083718503808,23.912251184328852,TP,7639.6
2018-10-04,2018,True,31,1,14.881428571428584,16.07717350157509,-1.1343956993376212,-14.881428571428584,SL,7551.3
2018-10-05,2018,True,30,1,16.640000000000015,19.987658492281298,-1.1201923076923075,-16.640000000000015,SL,7463.0
2018-10-08,2018,True,30,-1,17.715714285714306,24.716262395117155,-1.112894121441819,-17.715714285714306,SL,7397.4
2018-10-09,2018,True,31,-1,18.52000000000002,19.16189522856257,0.9266682088856669,19.16189522856257,TP,7390.9
2018-10-10,2018,True,30,1,18.747142857142887,37.81615047636387,-1.1066829231120932,-18.747142857142887,SL,7243.3
2018-10-11,2018,True,30,-1,22.04571428571431,55.623464694743234,2.4323759257594753,55.623464694743234,TP,7102.3
2018-10-12,2018,True,32,-1,24.10428571428573,30.392780497971216,1.1779142030806518,30.392780497971216,TP,7151.6
2018-10-15,2018,True,32,1,24.834285714285738,33.15793894476792,-1.0805338242061666,-24.834285714285738,SL,7071.8
2018-10-16,2018,True,33,-1,25.63000000000002,26.152320017806232,0.9423456893408589,26.152320017806232,TP,7179.3
2018-10-17,2018,True,30,1,26.7357142857143,29.636098372905508,-1.0748063051028587,-26.7357142857143,SL,7240.9
2018-10-18,2018,True,110,1,27.404285714285734,33.95852483814451,-1.0729812855132148,-27.404285714285734,SL,7184.2
2018-10-19,2018,True,115,1,29.17857142857144,29.224804129748918,-1.0685434516523868,-29.17857142857144,SL,7172.2
2018-10-22,2018,True,30,1,30.238571428571444,30.83172037330587,0.9534749497479141,30.83172037330587,TP,7098.2
2018-10-23,2018,True,32,1,30.687142857142863,47.46012696676917,-1.065173874586844,-30.687142857142863,SL,6960.8
2018-10-24,2018,True,92,1,33.06857142857143,44.671665311499055,-1.0604803870744772,-33.06857142857143,SL,7028.7
2018-10-25,2018,True,30,-1,35.50857142857142,42.17965461768199,-1.056324428709366,-35.50857142857142,SL,6947.8
2018-10-26,2018,True,35,1,35.77571428571428,44.89681747189934,-1.0559038453859362,-35.77571428571428,SL,6796.7
2018-10-29,2018,True,102,1,36.96857142857143,47.338399763150846,-1.0541000077285725,-36.96857142857143,SL,6886.8
2018-10-30,2018,True,30,-1,41.418571428571425,60.59673369789107,1.41474540711633,60.59673369789107,TP,6780.3
2018-10-31,2018,True,54,-1,39.581428571428575,44.149051073946794,1.0648693742289945,44.149051073946794,TP,7007.9
2018-11-01,2018,True,38,1,37.897142857142846,39.49038876889972,0.9892668930273603,39.49038876889972,TP,6932.0
2018-11-02,2018,True,34,1,37.61571428571428,38.07161298692972,-1.0531692681630018,-37.61571428571428,SL,7011.2
2018-11-05,2018,False,43,1,38.701428571428565,40.4838469285005,0.9943779428574195,40.4838469285005,TP,6868.7
2018-11-07,2018,False,65,-1,37.7242857142857,41.58224816977145,-1.0530162456924301,-37.7242857142857,SL,7134.4
2018-11-12,2018,False,74,1,36.447142857142836,37.93391042591793,-1.054873985811155,-36.447142857142836,SL,6885.3
2018-11-13,2018,False,30,1,35.92428571428569,42.48561478877855,1.1269706268002149,42.48561478877855,TP,6841.4
2018-11-14,2018,False,44,1,33.04714285714285,34.4066297813215,-1.0605196040288765,-33.04714285714285,SL,6847.7
2018-11-15,2018,False,61,1,32.72714285714284,34.10269759257335,0.980919652311378,34.10269759257335,TP,6722.3
2018-11-16,2018,False,32,-1,32.324285714285686,33.933486467235525,0.9879100422974715,33.933486467235525,TP,6863.3
2018-11-19,2018,False,30,1,28.072857142857124,28.366386095320195,-1.071243193730599,-28.072857142857124,SL,6778.8
2018-11-20,2018,False,36,1,28.899999999999974,31.58223395571713,-1.0692041522491351,-28.899999999999974,SL,6476.0
2018-11-21,2018,False,104,-1,29.824285714285697,29.822765359885125,0.586770129807923,19.5,T,6633.5
2018-11-26,2018,False,32,-1,28.901428571428564,35.06541657788421,1.1440755081073082,35.06541657788421,TP,6655.3
2018-11-27,2018,False,38,-1,27.6642857142857,28.547342663344352,-1.072295378259747,-27.6642857142857,SL,6671.3
2018-11-29,2018,False,80,1,29.20285714285713,30.88525226182537,0.9891241846824073,30.88525226182537,TP,6847.7
2018-11-30,2018,False,66,-1,28.45142857142855,29.70925954394079,0.9739145250431094,29.70925954394079,TP,6921.4
2018-12-03,2018,False,91,1,28.604285714285695,33.50317792832902,1.1013446811082421,33.50317792832902,TP,7028.3
2018-12-06,2018,False,57,-1,29.241428571428568,30.81159737798407,0.985300608949575,30.81159737798407,TP,6716.2
2018-12-10,2018,False,30,1,30.19999999999999,32.572219385150674,1.012325145203665,32.572219385150674,TP,6595.5
2018-12-11,2018,False,41,1,30.15714285714286,32.16491952835804,1.0002578716177464,32.16491952835804,TP,6740.2
2018-12-12,2018,False,44,-1,29.255714285714294,29.981270862043857,-1.0683627130230968,-29.255714285714294,SL,6829.1
2018-12-13,2018,False,77,1,29.31285714285715,40.078460895024364,-0.4639602319800972,-11.599999999999454,T,6760.4
2018-12-14,2018,False,82,-1,27.792857142857144,28.24457490117129,0.9442920807411926,28.24457490117129,TP,6710.0
2018-12-17,2018,False,44,-1,27.125714285714288,29.930423168847483,-1.0737307773330524,-27.125714285714288,SL,6564.6
2018-12-19,2018,False,30,-1,29.640000000000004,40.0295154777923,-0.006747638326579557,1.800000000000182,T,6556.6
2018-12-20,2018,False,30,-1,32.357142857142854,34.42579472329635,1.0021216912277018,34.42579472329635,TP,6360.6
2018-12-21,2018,False,34,1,32.62142857142859,37.38842917945112,1.0848215645113104,37.38842917945112,TP,6221.9
2018-12-26,2018,False,35,1,35.488571428571454,42.20819054791991,-1.0563561710007245,-35.488571428571454,SL,5954.7
2018-12-27,2018,False,49,1,39.235714285714316,49.678261780543835,1.2151750681369256,49.678261780543835,TP,6108.3
2018-12-28,2018,False,58,1,41.4114285714286,46.34478958867567,1.0708345767929124,46.34478958867567,TP,6252.1
2019-01-02,2019,False,39,-1,39.92571428571431,46.694750158127135,-1.050093029912695,-39.92571428571431,SL,6285.1
2019-01-03,2019,False,32,1,39.812857142857155,42.865924136696776,-1.050235028167498,-39.812857142857155,SL,6210.8
2019-01-04,2019,False,53,-1,39.43000000000001,45.8890594442164,-1.0507227998985544,-39.43000000000001,SL,6323.5
2019-01-08,2019,False,47,1,40.61,41.269753131282414,-1.049248953459739,-40.61,SL,6502.9
2019-01-10,2019,False,96,-1,40.042857142857144,41.07602972399036,-0.08740635033892258,-1.5,T,6591.9
2019-01-15,2019,False,30,-1,33.878571428571426,38.297806004618906,-0.41914400168669086,-12.199999999999818,T,6650.8
2019-01-16,2019,False,71,1,32.292857142857144,32.49212021388121,0.9442372992575467,32.49212021388121,TP,6668.5
2019-01-18,2019,False,73,-1,25.62857142857142,27.585459431645177,-1.0780379041248607,-25.62857142857142,SL,6777.1
2019-01-23,2019,False,72,1,23.138571428571414,23.101528017336022,-1.086435759708588,-23.138571428571414,SL,6668.6
2019-01-24,2019,False,46,-1,22.125714285714277,24.044924284912668,0.9963485924224479,24.044924284912668,TP,6707.4
2019-01-25,2019,False,31,-1,20.757142857142846,20.785661671325215,-1.0963523743977976,-20.757142857142846,SL,6765.6
2019-01-29,2019,False,45,1,17.799999999999986,19.776734624530945,-1.1123595505617978,-17.799999999999986,SL,6665.6
2019-01-30,2019,False,34,1,17.454285714285703,22.351984585742684,1.1660164683270493,22.351984585742684,TP,6690.7
2019-01-31,2019,False,30,-1,18.235714285714273,19.669938571794773,-1.109674892283588,-18.235714285714273,SL,6870.4
2019-02-01,2019,False,35,-1,18.119999999999983,21.813431808008318,1.0934565015457138,21.813431808008318,TP,6908.2
2019-02-04,2019,False,42,-1,18.421428571428546,19.987168821434352,-1.1085692128732068,-18.421428571428546,SL,6911.0
2019-02-05,2019,False,73,-1,18.86714285714284,18.98870196140615,0.9004385078355656,18.98870196140615,TP,7021.8
2019-02-06,2019,False,31,1,18.171428571428546,18.21606095021707,-1.110062893081761,-18.171428571428546,SL,7002.2
2019-02-07,2019,False,54,-1,18.274285714285686,19.105910431752818,0.936064517059646,19.105910431752818,TP,6940.8
2019-02-08,2019,False,70,-1,18.045714285714258,19.94181427454987,0.9942423996346523,19.94181427454987,TP,6871.8
2019-02-11,2019,False,98,1,17.88571428571426,22.725645581616845,0.31869009584663566,7.699999999999818,T,6907.5
2019-02-12,2019,False,38,-1,16.879999999999978,17.32081984897286,-1.118483412322275,-16.879999999999978,SL,6989.4
2019-02-13,2019,False,42,1,16.044285714285692,16.37988461678833,0.8962620631957836,16.37988461678833,TP,7031.6
2019-02-14,2019,False,31,-1,16.025714285714262,15.692502577699088,-1.1247994294883226,-16.025714285714262,SL,7001.8
2019-02-15,2019,False,31,1,16.212857142857125,17.189682539682508,0.9368911602588569,17.189682539682508,TP,7033.6
2019-02-21,2019,False,30,1,14.76428571428569,17.259965448261937,1.0335728895774914,17.259965448261937,TP,7012.0
2019-02-22,2019,False,31,-1,14.212857142857112,14.45055236881035,0.876006297936201,14.45055236881035,TP,7074.2
2019-02-26,2019,False,31,-1,13.415714285714266,18.69159637613393,1.2441824580229761,18.69159637613393,TP,7121.6
2019-02-27,2019,False,31,1,13.359999999999998,14.692685457373955,-1.1497005988023952,-13.359999999999998,SL,7084.9
2019-02-28,2019,False,35,1,13.604285714285703,14.667035997438688,0.9311062898463813,14.667035997438688,TP,7088.5
2019-03-01,2019,False,31,1,12.844285714285721,14.516100377525618,0.9744489227302778,14.516100377525618,TP,7131.0
2019-03-04,2019,False,41,1,12.577142857142853,15.747950859008597,-1.1590186278964107,-12.577142857142853,SL,7183.5
2019-03-05,2019,False,82,-1,13.58999999999999,15.087157937473421,-1.1471670345842533,-13.58999999999999,SL,7158.9
2019-03-06,2019,False,51,1,13.382857142857134,18.16463147410377,-1.1494449188727585,-13.382857142857134,SL,7132.6
2019-03-07,2019,False,30,1,13.45571428571428,19.486484333509907,-1.1486357362777366,-13.45571428571428,SL,7044.7
2019-03-08,2019,False,36,1,13.632857142857134,14.047178514300867,0.8836869915132152,14.047178514300867,TP,6942.3
2019-03-11,2019,True,30,-1,13.932857142857134,16.470014441379135,-1.1435455757202913,-13.932857142857134,SL,7094.6
2019-03-12,2019,True,60,-1,14.865714285714265,16.33184541556875,-1.1345377666730734,-14.865714285714265,SL,7194.5
2019-03-13,2019,True,84,-1,14.649999999999986,17.48348401205476,-1.136518771331058,-14.649999999999986,SL,7259.0
2019-03-15,2019,True,30,-1,14.391428571428566,16.878859527121676,1.0338695323590608,16.878859527121676,TP,7297.5
2019-03-18,2019,True,30,-1,14.604285714285703,18.0274218289087,1.0974464717045973,18.0274218289087,TP,7341.2
2019-03-22,2019,True,30,1,15.225714285714275,26.865340260557787,1.6331148604231998,26.865340260557787,TP,7424.0
2019-03-25,2019,True,30,1,16.629999999999992,20.360858248572185,1.1040804719526274,20.360858248572185,TP,7280.0
2019-03-26,2019,True,31,-1,15.77428571428571,24.313908872901266,1.4145749149638553,24.313908872901266,TP,7414.5
2019-03-27,2019,True,30,1,16.468571428571433,21.163070132418397,1.1636145986027824,21.163070132418397,TP,7335.3
2019-03-28,2019,True,33,-1,17.43428571428571,19.095318975724695,0.980557463373262,19.095318975724695,TP,7335.2
2019-03-29,2019,True,80,1,17.077142857142853,20.929168824444787,1.1084505752979215,20.929168824444787,TP,7340.4
2019-04-01,2019,True,40,1,16.669999999999998,20.04192381710618,1.0822989692325244,20.04192381710618,TP,7423.6
2019-04-03,2019,True,63,-1,15.611428571428588,19.41453366987571,-1.1281112737920937,-15.611428571428588,SL,7560.9
2019-04-04,2019,True,51,1,15.702857142857168,19.981094865694104,-1.1273653566229984,-15.702857142857168,SL,7537.4
2019-04-08,2019,True,62,-1,15.86714285714288,16.312553906644098,-0.16386062843254273,-0.6000000000003638,T,7568.9
2019-04-10,2019,True,79,-1,15.591428571428592,18.508476133069053,0.019241341396383276,2.300000000000182,T,7601.6
2019-04-12,2019,True,97,1,13.01714285714288,13.128080792203036,0.23046532045654042,5.0,T,7606.9
2019-04-15,2019,True,44,1,12.417142857142881,14.477458504372407,-1.1610676484123328,-12.417142857142881,SL,7611.1
2019-04-16,2019,True,33,-1,11.750000000000014,12.137363910122076,0.8627543753295374,12.137363910122076,TP,7665.5
2019-04-17,2019,True,30,1,10.507142857142883,30.336662106704352,2.6968951019297074,30.336662106704352,TP,7664.5
2019-04-18,2019,True,30,1,10.271428571428599,13.456704430614082,-1.1947148817802498,-10.271428571428599,SL,7665.6
2019-04-22,2019,True,30,-1,10.271428571428599,11.03591277499072,-1.1947148817802498,-10.271428571428599,SL,7677.4
2019-04-23,2019,True,30,-1,10.284285714285737,15.654178518218032,-1.1944714543686619,-10.284285714285737,SL,7758.7
2019-04-24,2019,True,88,-1,11.04857142857145,11.598235604863476,0.868730918464497,11.598235604863476,TP,7821.9
2019-04-25,2019,True,33,-1,10.64714285714286,12.85331966412923,1.0193645196418166,12.85331966412923,TP,7842.2
2019-04-26,2019,True,30,1,10.564285714285715,14.434081772301397,-1.1893171061528058,-10.564285714285715,SL,7756.4
2019-04-29,2019,True,33,1,11.358571428571421,12.632611386138706,0.9360870293418562,12.632611386138706,TP,7813.7
2019-04-30,2019,True,56,1,10.985714285714288,14.634855417276412,-1.1820546163849155,-10.985714285714288,SL,7764.8
2019-05-02,2019,True,33,-1,11.347142857142847,12.424989993328381,-1.1762558227370012,-11.347142857142847,SL,7772.8
2019-05-03,2019,True,31,-1,12.491428571428568,16.468895434463775,-1.160109789569991,-12.491428571428568,SL,7799.7
2019-05-06,2019,True,30,-1,12.985714285714288,14.599291825288674,-1.154015401540154,-12.985714285714288,SL,7732.6
2019-05-07,2019,True,30,1,14.492857142857142,22.080014951407065,-1.137999014292755,-14.492857142857142,SL,7690.8
2019-05-08,2019,True,30,-1,16.064285714285713,18.152701118807272,1.0055038491031651,18.152701118807272,TP,7641.2
2019-05-09,2019,True,31,1,16.742857142857144,24.98247961530342,-1.1194539249146758,-16.742857142857144,SL,7495.2
2019-05-10,2019,True,30,1,17.904285714285717,26.601127554615232,-1.1117050985398547,-17.904285714285717,SL,7528.0
2019-05-13,2019,True,30,1,20.04428571428572,30.783711215281983,-1.0997790606514146,-20.04428571428572,SL,7372.3
2019-05-14,2019,True,47,-1,21.0357142857143,23.56516915017255,-1.0950764006791172,-21.0357142857143,SL,7388.0
2019-05-15,2019,True,30,-1,21.235714285714288,22.692050806886982,-1.0941809619912546,-21.235714285714288,SL,7402.1
2019-05-16,2019,True,30,-1,23.128571428571444,25.63619824874513,-1.086473131562693,-23.128571428571444,SL,7564.1
2019-05-17,2019,True,57,-1,23.980000000000004,31.374322880663385,-1.0834028356964136,-23.980000000000004,SL,7564.7
2019-05-20,2019,True,55,-1,24.324285714285725,27.321769310295167,0.28777823456862617,9.0,T,7406.2
2019-05-21,2019,True,84,-1,24.824285714285725,25.312667840255017,0.9391072963214885,25.312667840255017,TP,7462.7
2019-05-24,2019,True,60,1,23.682857142857145,24.409282957545656,-1.0844492701170225,-23.682857142857145,SL,7331.1
2019-05-28,2019,True,48,1,22.78714285714285,24.423520578591706,0.6494890602470146,16.800000000000182,T,7322.5
2019-05-29,2019,True,48,-1,21.654285714285706,27.54044953070843,1.1794639577448152,27.54044953070843,TP,7249.4
2019-05-31,2019,True,79,-1,20.465714285714256,20.96934337327184,-0.09772441714365504,-0.0,T,7169.0
2019-06-03,2019,True,30,1,18.434285714285686,34.58766773871412,-1.1084934903905768,-18.434285714285686,SL,7056.1
2019-06-04,2019,True,50,-1,19.278571428571393,19.99153765290521,-1.1037421267135978,-19.278571428571393,SL,7059.6
2019-06-05,2019,True,36,1,19.754285714285693,20.863105246006853,-1.1012438530517792,-19.754285714285693,SL,7185.3
2019-06-06,2019,True,112,-1,18.537142857142822,19.169120475606178,0.6041923551171307,13.199999999999818,T,7238.8
2019-06-07,2019,True,30,-1,18.054285714285694,29.474072178141796,-1.1107770216806458,-18.054285714285694,SL,7372.7
2019-06-10,2019,True,36,-1,18.492857142857115,21.13321923390231,-1.108149864812669,-18.492857142857115,SL,7519.6
2019-06-11,2019,True,74,1,18.969999999999967,20.315239129192378,-1.1054296257248288,-18.969999999999967,SL,7545.3
2019-06-12,2019,True,59,1,19.667142857142842,19.786688063582005,0.9043859696743962,19.786688063582005,TP,7468.8
2019-06-13,2019,True,96,1,19.637142857142823,22.143301062402315,0.7995053106358134,17.699999999999818,T,7491.6
2019-06-14,2019,True,82,-1,19.191428571428528,19.857966041528925,0.930517807731895,19.857966041528925,TP,7485.7
2019-06-17,2019,True,36,-1,18.75714285714283,19.52055684904917,0.6237623762376149,13.699999999999818,T,7540.2
2019-06-18,2019,True,30,-1,18.307142857142846,27.195368171019254,-1.1092469761997659,-18.307142857142846,SL,7669.0
2019-06-20,2019,True,50,1,18.79714285714286,18.96805595941987,-1.1063991488068095,-18.79714285714286,SL,7738.0
2019-06-21,2019,True,74,-1,19.327142857142853,23.687731587226153,-1.103481410303792,-19.327142857142853,SL,7749.4
2019-06-25,2019,True,42,1,15.822857142857135,18.394216099281948,-1.12639942217407,-15.822857142857135,SL,7680.5
2019-06-26,2019,True,104,1,16.569999999999997,21.26365287588669,0.7905853952926649,15.099999999999454,T,7643.3
2019-06-27,2019,True,113,1,16.272857142857134,19.08335189211084,0.20279167764025358,5.300000000000182,T,7640.8
2019-06-28,2019,True,30,1,14.795714285714283,15.996435080947776,0.9459790051813697,15.996435080947776,TP,7641.6
2019-07-01,2019,True,52,1,13.887142857142862,18.026751384819363,-1.1440181051332168,-13.887142857142862,SL,7786.7
2019-07-02,2019,True,61,-1,13.654285714285718,16.808195530906232,1.0845089842680853,16.808195530906232,TP,7779.2
2019-07-05,2019,True,30,1,13.744285714285732,22.305100419013797,1.4773485389574514,22.305100419013797,TP,7781.0
2019-07-08,2019,True,102,-1,14.28714285714289,15.870276403964453,0.9708222660509045,15.870276403964453,TP,7784.0
2019-07-09,2019,True,33,-1,14.177142857142877,15.575447130504472,-1.141072148327287,-14.177142857142877,SL,7784.3
2019-07-10,2019,True,30,-1,14.661428571428587,15.749275362318258,0.9377855162840076,15.749275362318258,TP,7919.9
2019-07-11,2019,True,64,1,14.272857142857148,16.03494426816451,0.983331096758598,16.03494426816451,TP,7898.4
2019-07-12,2019,True,74,1,14.030000000000005,14.290524036377064,0.8760173938971533,14.290524036377064,TP,7899.1
2019-07-16,2019,True,116,1,12.834285714285736,13.740784578971216,-0.4363312555654773,-3.600000000000364,T,7942.1
2019-07-17,2019,True,73,1,13.34285714285717,17.101992951756074,0.487152034261241,8.5,T,7912.4
2019-07-18,2019,True,51,-1,12.065714285714318,15.426579358316303,1.1127877753754898,15.426579358316303,TP,7883.9
2019-07-19,2019,True,37,1,12.241428571428607,12.87055380253696,-1.163379624226864,-12.241428571428607,SL,7921.7
2019-07-22,2019,True,30,-1,13.481428571428609,19.553531207243395,1.3020527545904783,19.553531207243395,TP,7898.0
2019-07-23,2019,True,39,1,13.701428571428602,16.436055209691403,1.0536167914486456,16.436055209691403,TP,7909.1
2019-07-24,2019,True,61,-1,13.28714285714289,16.136962913782554,0.15804752177187947,4.100000000000364,T,7966.8
2019-07-25,2019,True,53,1,13.715714285714316,13.655967114832492,0.8498257452747345,13.655967114832492,TP,7937.9
2019-07-26,2019,True,61,1,13.471428571428598,13.938319833503556,0.8861955337701456,13.938319833503556,TP,7991.1
2019-07-29,2019,True,30,1,13.558571428571462,23.789422456757165,-1.147508165630597,-13.558571428571462,SL,7955.8
2019-07-30,2019,True,31,-1,13.25857142857146,18.110539822198916,1.215103746960372,18.110539822198916,TP,7962.6
2019-07-31,2019,True,41,-1,13.20857142857146,13.396632233138916,0.8628209564349149,13.396632233138916,TP,7977.7
2019-08-01,2019,True,30,-1,15.30571428571432,16.39226921327827,-1.1306701512040318,-15.30571428571432,SL,7920.5
2019-08-02,2019,True,33,1,18.03714285714289,18.358816558027684,-1.110882306351972,-18.03714285714289,SL,7709.1
2019-08-05,2019,True,34,1,19.250000000000014,20.940671428141286,0.9839309832800661,20.940671428141286,TP,7480.4
2019-08-06,2019,True,44,1,20.901428571428593,24.592685421995157,-1.0956872394231425,-20.901428571428593,SL,7478.7
2019-08-07,2019,True,37,-1,21.725714285714318,29.494794552989333,-1.092056812204103,-21.725714285714318,SL,7451.3
2019-08-08,2019,True,31,-1,23.18571428571431,23.352675732360694,-1.0862600123228587,-23.18571428571431,SL,7619.8
2019-08-09,2019,True,38,1,23.601428571428592,27.103156451667928,-1.0847406331335874,-23.601428571428592,SL,7651.6
2019-08-12,2019,True,53,-1,24.494285714285734,24.93420079909447,0.9363082094579561,24.93420079909447,TP,7614.7
2019-08-13,2019,True,30,-1,25.00428571428573,85.36149812734129,-1.0799862880649032,-25.00428571428573,SL,7746.6
2019-08-14,2019,True,70,1,27.09714285714286,31.975004650298615,-1.073808519611978,-27.09714285714286,SL,7559.1
2019-08-15,2019,True,98,1,28.204285714285717,33.49729046002176,1.116755473940902,33.49729046002176,TP,7460.0
2019-08-16,2019,True,76,-1,28.96285714285714,29.777022514275814,-0.003452698036907106,1.8999999999996362,T,7600.0
2019-08-20,2019,True,100,-1,28.889999999999993,35.56176101890196,0.6611284181377767,21.100000000000364,T,7730.1
2019-08-22,2019,True,49,1,24.207142857142845,24.897152380029183,-1.08262024195928,-24.207142857142845,SL,7722.2
2019-08-23,2019,True,32,-1,24.248571428571424,26.19681226560624,0.9978654757820414,26.19681226560624,TP,7676.9
2019-08-26,2019,True,48,1,25.75285714285713,27.604553309785842,0.9942412668136739,27.604553309785842,TP,7506.6
2019-08-27,2019,True,100,1,25.197142857142836,27.77080583193765,-1.0793740786937296,-25.197142857142836,SL,7589.8
2019-08-28,2019,True,38,-1,24.081428571428557,32.68721822542102,-1.083051551284333,-24.081428571428557,SL,7561.1
2019-08-29,2019,True,67,1,23.331428571428557,46.507167362768996,1.9076057527515502,46.507167362768996,TP,7653.0
2019-08-30,2019,True,50,1,22.622857142857125,25.168876735111553,-1.0884061631725184,-22.622857142857125,SL,7700.6
2019-09-03,2019,True,34,1,22.712857142857125,39.71801130878521,0.8453361846656949,21.199999999999818,T,7607.5
2019-09-05,2019,True,30,-1,19.504285714285718,20.086952484136418,-1.1025415659562001,-19.504285714285718,SL,7844.6
2019-09-11,2019,True,43,-1,19.252857142857152,22.996778131122483,-0.9141500333901916,-15.599999999999454,T,7858.8
2019-09-12,2019,True,40,-1,19.685714285714287,29.737940351243196,1.409039059932528,29.737940351243196,TP,7958.9
2019-09-13,2019,True,98,-1,19.032857142857146,20.957401069939806,0.9960354836716852,20.957401069939806,TP,7922.4
2019-09-19,2019,True,36,-1,14.374285714285726,15.06658642057846,0.9090250938585683,15.06658642057846,TP,7942.3
2019-09-20,2019,True,70,1,14.258571428571447,14.508193093992304,-1.1402665063620878,-14.258571428571447,SL,7894.0
2019-09-23,2019,True,39,1,14.621428571428584,15.933811838287511,0.952971986985955,15.933811838287511,TP,7795.3
2019-09-24,2019,True,45,1,14.164285714285729,19.922710014237055,-1.1412002017145737,-14.164285714285729,SL,7837.5
2019-09-25,2019,True,30,1,15.95714285714287,30.02172425738354,-1.1253357206803938,-15.95714285714287,SL,7667.3
2019-09-26,2019,True,45,1,17.352857142857168,18.93327662255797,0.975820666484775,18.93327662255797,TP,7744.2
2019-09-27,2019,True,30,1,17.951428571428604,20.079320099728648,1.0071243092320572,20.079320099728648,TP,7743.1
2019-09-30,2019,True,45,-1,19.128571428571455,19.15273654916382,0.8967076612706988,19.15273654916382,TP,7730.7
2019-10-01,2019,True,33,1,19.10571428571432,22.63343768431514,-1.104680723792433,-19.10571428571432,SL,7782.6
2019-10-02,2019,True,31,1,20.101428571428617,29.96682682041319,1.3912855358033678,29.96682682041319,TP,7566.3
2019-10-03,2019,True,30,1,20.81714285714291,57.76216658867543,-1.0960746637386767,-20.81714285714291,SL,7496.5
2019-10-04,2019,True,30,-1,22.748571428571477,22.903132530121184,0.9188767125775432,22.903132530121184,TP,7709.4
2019-10-07,2019,True,87,-1,23.457142857142912,23.849910492695926,-0.7247259439707656,-15.0,T,7758.7
2019-10-08,2019,True,32,1,23.73857142857148,27.942571582931123,1.0928446836403531,27.942571582931123,TP,7624.2
2019-10-10,2019,True,30,-1,23.834285714285762,31.205884714196145,-1.0839127307600094,-23.834285714285762,SL,7741.4
2019-10-15,2019,True,57,-1,21.48857142857148,23.87616161616188,-1.0930727296902005,-21.48857142857148,SL,7911.5
2019-10-16,2019,True,91,-1,20.35000000000004,19.7682926273028,0.8731347728404306,19.7682926273028,TP,7936.1
2019-10-17,2019,True,65,1,19.811428571428614,27.101793449769502,-1.100951831554658,-19.811428571428614,SL,7939.5
2019-10-18,2019,True,57,1,18.388571428571463,19.678960445238772,-1.108763206960845,-18.388571428571463,SL,7912.8
2019-10-21,2019,True,36,1,19.114285714285753,20.21026717390305,0.9527045606675716,20.21026717390305,TP,7888.9
2019-10-22,2019,True,101,1,17.77000000000005,18.325242780882945,-1.1125492402926278,-17.77000000000005,SL,7941.2
2019-10-23,2019,True,106,-1,17.575714285714326,23.023000241776572,0.7453466634153944,15.099999999999454,T,7886.9
2019-10-24,2019,True,32,1,15.644285714285758,23.48567864938377,1.3733882800263537,23.48567864938377,TP,7914.9
2019-10-25,2019,True,40,-1,15.231428571428621,18.73468502932974,-1.1313074470080657,-15.231428571428621,SL,7968.1
2019-10-28,2019,True,63,-1,15.77285714285719,16.065058236275036,-0.2472602119373584,-1.9000000000005457,T,8100.7
2019-10-29,2019,True,35,1,15.027142857142904,15.856452673647254,0.9220949587939014,15.856452673647254,TP,8072.5
2019-10-30,2019,True,33,1,14.924285714285766,14.958665464381738,0.8682938475224644,14.958665464381738,TP,8028.1
2019-10-31,2019,True,30,1,14.677142857142892,18.565017101790545,-1.1362663032898574,-14.677142857142892,SL,8073.8
2019-11-01,2019,True,31,-1,14.618571428571457,16.459876061031537,-1.13681227401544,-14.618571428571457,SL,8139.4
2019-11-05,2019,False,31,-1,13.758571428571447,15.537965205901855,0.9839659063577288,15.537965205901855,TP,8229.0
2019-11-07,2019,False,69,-1,13.422857142857161,14.624971763012582,-0.6332481907194543,-6.5,T,8259.3
2019-11-08,2019,False,30,1,12.790000000000017,20.221620772037568,1.4246771518403083,20.221620772037568,TP,8193.5
2019-11-11,2019,False,55,-1,13.0,13.877886543221393,-0.31538461538464335,-2.100000000000364,T,8229.1
2019-11-12,2019,False,50,-1,12.094285714285732,13.549173677885847,-1.165367351759981,-12.094285714285732,SL,8275.4
2019-11-13,2019,False,50,-1,12.25714285714287,12.949884287956593,-1.163170163170163,-12.25714285714287,SL,8259.3
2019-11-14,2019,False,34,-1,12.018571428571445,13.191286608540395,0.9311661269438091,13.191286608540395,TP,8256.1
2019-11-15,2019,False,90,-1,11.210000000000036,12.708464392999304,0.18733273862625843,4.100000000000364,T,8308.2
2019-11-18,2019,False,74,-1,10.925714285714328,12.147535937188877,-1.1830543933054387,-10.925714285714328,SL,8301.1
2019-11-19,2019,False,32,1,10.987142857142901,12.492538046146365,-1.1820309452606936,-10.987142857142901,SL,8331.7
2019-11-20,2019,False,38,-1,10.624285714285763,11.329977555154983,0.8781745715488043,11.329977555154983,TP,8329.2
2019-11-21,2019,False,46,1,11.268571428571484,14.426670785705937,1.102772508873493,14.426670785705937,TP,8251.9
2019-11-22,2019,False,48,1,11.134285714285774,11.910015978797674,-1.1796253528355136,-11.134285714285774,SL,8266.2
2019-11-25,2019,False,36,-1,11.604285714285796,12.303033033032989,-1.172350116951864,-11.604285714285796,SL,8349.9
2019-11-27,2019,False,62,-1,11.722857142857228,12.487332897888336,-1.0662929563733776,-10.5,T,8421.0
2019-12-02,2019,False,30,1,11.295714285714375,45.638304772968695,-1.1770583027696964,-11.295714285714375,SL,8320.4
2019-12-03,2019,False,47,-1,12.234285714285788,18.989994577008474,1.3887197809324918,18.989994577008474,TP,8212.7
2019-12-05,2019,False,36,1,12.545714285714336,13.620915803729076,-1.1594169892962871,-12.545714285714336,SL,8292.9
2019-12-09,2019,False,104,1,12.45142857142859,12.525896161279888,-0.6344653510784463,-5.899999999999636,T,8398.3
2019-12-10,2019,False,38,-1,12.902857142857167,13.080247354026142,-1.1550044286979626,-12.902857142857167,SL,8368.1
2019-12-11,2019,False,30,-1,12.794285714285733,14.745133213737063,0.9961582458258074,14.745133213737063,TP,8386.0
2019-12-12,2019,False,30,-1,12.731428571428594,37.06338114902792,-1.1570915619389583,-12.731428571428594,SL,8469.2
2019-12-13,2019,False,30,-1,12.727142857142892,15.521485999444849,-1.1571444606577614,-12.727142857142892,SL,8476.8
2019-12-16,2019,False,53,-1,13.27285714285719,13.917481073638555,-0.1582176299645086,-0.1000000000003638,T,8579.3
2019-12-18,2019,False,106,-1,12.420000000000035,13.391540647049624,-0.040257648953301015,1.5,T,8602.3
2019-12-19,2019,False,110,-1,12.412857142857177,12.770119314673138,-1.161123259293359,-12.412857142857177,SL,8613.3
2019-12-26,2019,False,37,-1,9.988571428571518,10.282692307691832,-1.2002288329519433,-9.988571428571518,SL,8736.5
2019-12-27,2019,False,30,1,10.445714285714374,24.93319452331525,2.1954644647593735,24.93319452331525,TP,8764.8
2019-12-30,2019,False,30,1,10.57571428571438,19.87093547666882,-1.189112521950559,-10.57571428571438,SL,8696.0
2020-01-02,2020,False,44,1,11.427142857142956,12.933232898110873,-1.1750218777347152,-11.427142857142956,SL,8803.3
2020-01-03,2020,False,33,1,11.772857142857227,13.093958085341,0.9423335347334845,13.093958085341,TP,8789.6
2020-01-06,2020,False,30,-1,12.238571428571518,19.740526912895803,-1.1634177658456857,-12.238571428571518,SL,8777.2
2020-01-07,2020,False,36,-1,13.520000000000099,14.404530578851336,0.9174948652996483,14.404530578851336,TP,8850.7
2020-01-08,2020,False,30,-1,12.630000000000084,13.603895016052775,0.9187565333375057,13.603895016052775,TP,8875.8
2020-01-10,2020,False,33,-1,13.580000000000084,13.832528180355439,0.8713201900114408,13.832528180355439,TP,9019.5
2020-01-13,2020,False,109,-1,14.258571428571486,14.510590845620754,-1.1402665063620874,-14.258571428571486,SL,9025.5
2020-01-14,2020,False,63,-1,14.970000000000049,15.441882996818094,0.8979213758729493,15.441882996818094,TP,9062.6
2020-01-15,2020,False,67,-1,15.021428571428599,15.483565212860412,0.897622030337829,15.483565212860412,TP,9075.4
2020-01-16,2020,False,102,1,15.60714285714286,16.69049263625675,0.2498855835240041,5.899999999999636,T,9073.1
2020-01-17,2020,False,103,1,16.22999999999998,18.9024960181996,0.6223043746148218,12.099999999998545,T,9121.7
2020-01-21,2020,False,106,-1,16.17999999999998,16.858714625184803,-0.42645241038327963,-4.900000000001455,T,9175.3
2020-01-22,2020,False,72,-1,15.979999999999954,17.00811161022466,0.93918095182883,17.00811161022466,TP,9238.4
2020-01-23,2020,False,35,-1,15.444285714285668,19.80488916511422,-1.1294977337896592,-15.444285714285668,SL,9180.9
2020-01-24,2020,False,48,1,15.354285714285652,16.161132051156528,-1.1302567919612956,-15.354285714285652,SL,9237.5
2020-01-27,2020,False,58,-1,16.508571428571354,23.035030684381127,1.2741884284412301,23.035030684381127,TP,8983.6
2020-01-28,2020,False,44,-1,15.76571428571419,17.197333107804297,-1.1268575570859014,-15.76571428571419,SL,9027.0
2020-01-29,2020,False,30,1,16.712857142857032,34.1650450002071,-1.1196683477220284,-16.712857142857032,SL,9091.8
2020-01-30,2020,False,53,1,16.187142857142756,17.700157063361985,-1.1235548495278447,-16.187142857142756,SL,9067.4
2020-01-31,2020,False,32,1,16.994285714285617,20.358255480527077,-1.1176866173503706,-16.994285714285617,SL,9104.3
2020-02-03,2020,False,30,-1,19.007142857142778,43.60993119266459,0.9891018414130641,20.80000000000109,T,9132.2
2020-02-04,2020,False,59,-1,19.52999999999993,21.518416918428557,-1.1024065540194576,-19.52999999999993,SL,9273.3
2020-02-05,2020,False,42,1,20.56142857142851,25.772177450906383,-1.0972695060098663,-20.56142857142851,SL,9369.4
2020-02-06,2020,False,30,-1,21.51857142857139,25.62140275504862,-1.0929429728473745,-21.51857142857139,SL,9400.6
2020-02-07,2020,False,61,-1,21.954285714285678,24.497367661013413,-1.091098386257158,-21.954285714285678,SL,9419.4
2020-02-10,2020,False,30,-1,22.212857142857114,26.010039276618045,-1.0900379445623514,-22.212857142857114,SL,9441.4
2020-02-11,2020,False,45,-1,23.635714285714286,25.959959460278696,1.0137184419579985,25.959959460278696,TP,9582.3
2020-02-12,2020,False,37,1,24.26714285714287,24.34698168266368,0.9208740317810425,24.34698168266368,TP,9551.0
2020-02-13,2020,False,80,-1,24.007142857142885,24.40962839015083,-1.0833085391252602,-24.007142857142885,SL,9592.5
2020-02-14,2020,False,108,-1,23.06285714285719,23.085143325964964,0.6547324083250887,17.100000000000364,T,9634.4
2020-02-19,2020,False,108,-1,22.022857142857227,22.281852135796726,-0.1135184224182663,-0.5,T,9724.0
2020-02-20,2020,False,100,1,21.77142857142865,26.70852870289491,-1.0918635170603672,-21.77142857142865,SL,9669.7
2020-02-21,2020,False,31,1,22.98000000000006,24.511636030465525,-1.0870322019147083,-22.98000000000006,SL,9501.9
2020-02-24,2020,False,30,-1,22.651428571428628,30.460843823204414,1.2564701486026135,30.460843823204414,TP,9181.0
2020-02-25,2020,False,47,1,23.227142857142905,28.10918059488722,-1.086106156590196,-23.227142857142905,SL,9098.2
2020-02-26,2020,False,47,-1,26.75714285714291,31.914876105418443,-1.0747463961558994,-26.75714285714291,SL,8980.9
2020-02-27,2020,False,49,1,27.91571428571432,28.933670203035945,-1.0716442351977893,-27.91571428571432,SL,8622.7
2020-02-28,2020,False,30,1,31.724285714285756,58.31042091687232,-1.063043184581438,-31.724285714285756,SL,8179.1
2020-03-02,2020,False,30,1,35.874285714285755,36.88375719828764,-1.0557502389295954,-35.874285714285755,SL,8500.2
2020-03-03,2020,False,30,-1,39.99428571428572,156.5037728964453,3.8631462004397656,156.5037728964453,TP,8973.2
2020-03-04,2020,False,46,-1,45.452857142857134,46.39842890942782,0.9768017172140516,46.39842890942782,TP,8762.8
2020-03-05,2020,False,51,-1,48.57714285714283,50.978110897780425,-1.0411716268674274,-48.57714285714283,SL,8799.2
2020-03-06,2020,False,55,-1,50.722857142857094,52.46612882894078,-1.039429955500479,-50.722857142857094,SL,8480.4
2020-03-10,2020,True,42,-1,53.57857142857138,59.11803730272459,1.066061221487995,59.11803730272459,TP,8249.8
2020-03-11,2020,True,79,1,58.631428571428515,64.12580787808929,-0.03922810779202107,-0.3000000000001819,T,8107.1
2020-03-17,2020,True,30,1,62.39142857142852,120.45578867616769,1.898590742165074,120.45578867616769,TP,6967.9
2020-03-19,2020,True,30,-1,68.00428571428567,93.7786504294636,-1.0294099111400543,-68.00428571428567,SL,7218.3
2020-03-20,2020,True,86,-1,72.25142857142853,78.4866325118519,1.058617580636989,78.4866325118519,TP,7491.6
2020-03-23,2020,True,37,-1,77.46285714285712,77.81663424315866,0.9787482290168759,77.81663424315866,TP,7042.2
2020-03-25,2020,True,30,1,77.7728571428571,106.61341786295452,-1.0257159126393711,-77.7728571428571,SL,7465.4
2020-03-26,2020,True,48,-1,78.15428571428568,77.977196999218,-0.6205673758865251,-46.5,T,7703.4
2020-03-30,2020,True,71,-1,75.53714285714283,80.39365278540117,-0.17474846811407588,-11.199999999999818,T,7812.0
2020-03-31,2020,True,43,-1,72.13999999999997,77.73225002856816,-0.14277793179928175,-8.300000000000182,T,7939.4
2020-04-02,2020,True,61,-1,71.94,79.13703325533243,-0.5031971087016933,-34.19999999999982,T,7578.1
2020-04-07,2020,True,42,1,68.76857142857143,76.99256320014683,-1.029083052889609,-68.76857142857143,SL,8170.4
2020-04-09,2020,True,39,1,59.794285714285685,60.75071992367157,-1.033448012232416,-59.794285714285685,SL,8232.7
2020-04-14,2020,True,46,-1,51.982857142857114,56.000330506360115,1.0388103593066973,56.000330506360115,TP,8614.5
2020-04-16,2020,True,34,1,49.02857142857139,54.43517509727462,1.0694820095597979,54.43517509727462,TP,8617.7
2020-04-17,2020,True,75,1,46.34857142857139,46.704543599869794,-0.25890765626926415,-10.0,T,8766.8
2020-04-20,2020,True,75,-1,45.508571428571386,46.23010317961962,-0.49660974384732137,-20.600000000000364,T,8824.8
2020-04-21,2020,True,49,1,43.84428571428567,46.26912557673859,-1.0456159786256558,-43.84428571428567,SL,8536.8
2020-04-23,2020,True,63,-1,43.07571428571423,43.73697454114699,0.9689212409645122,43.73697454114699,TP,8785.9
2020-04-28,2020,True,30,1,38.33428571428566,43.17311102018539,-1.0521726168293957,-38.33428571428566,SL,8830.3
2020-04-29,2020,True,48,-1,38.091428571428516,40.66701026527517,-0.1890189018902084,-5.200000000000728,T,8922.3
2020-05-01,2020,True,31,-1,37.228571428571406,41.827166089040475,1.0698010845099135,41.827166089040475,TP,8872.3
2020-05-04,2020,True,31,-1,37.489999999999995,40.87246337411307,-1.0533475593491597,-37.489999999999995,SL,8737.5
2020-05-06,2020,True,34,1,35.91857142857142,38.08914191136864,1.0047488103232731,38.08914191136864,TP,8976.4
2020-05-07,2020,True,42,1,34.88000000000001,36.77861507620037,0.9970933221387717,36.77861507620037,TP,9053.7
2020-05-08,2020,True,58,-1,33.65,34.090714153675435,-0.6032689450222667,-18.299999999999272,T,9192.7
2020-05-11,2020,True,33,-1,33.17428571428572,34.213594004562765,-1.0128326586857397,-31.600000000000364,T,9240.9
2020-05-12,2020,True,96,-1,31.518571428571445,32.30065756557997,0.20940035353307584,8.600000000000364,T,9327.5
2020-05-13,2020,True,31,-1,32.642857142857146,40.94255258300109,-1.061269146608315,-32.642857142857146,SL,9146.6
2020-05-14,2020,True,30,1,34.722857142857144,48.44381583555696,1.3375574378708908,48.44381583555696,TP,8875.1
2020-05-15,2020,True,40,-1,35.36285714285714,39.995241754721064,1.0744392513656278,39.995241754721064,TP,9042.4
2020-05-18,2020,True,69,-1,37.061428571428586,37.85523805183584,-0.4694908067686752,-15.399999999999636,T,9321.1
2020-05-19,2020,True,42,-1,35.262857142857165,36.87670997556597,0.11059795819153069,5.899999999999636,T,9401.3
2020-05-20,2020,True,118,-1,34.26714285714287,35.79295772906153,-0.08171092675202248,-0.8000000000010914,T,9492.8
2020-05-21,2020,True,34,1,34.02714285714288,41.59404379837724,-1.0587766069104496,-34.02714285714288,SL,9442.9
2020-05-22,2020,True,30,-1,33.29857142857145,36.309506172839974,1.0303597031613525,36.309506172839974,TP,9393.5
2020-05-26,2020,True,73,1,32.19000000000002,38.363986254291376,-1.0621310966138553,-32.19000000000002,SL,9483.4
2020-05-27,2020,True,30,1,33.084285714285734,48.89216736723756,1.4173546853087902,48.89216736723756,TP,9278.2
2020-05-28,2020,True,40,-1,35.16428571428574,37.99312812018252,-1.0568758886857608,-35.16428571428574,SL,9473.7
2020-05-29,2020,True,38,1,36.44000000000005,42.864607620897004,-1.0548847420417122,-36.44000000000005,SL,9413.4
2020-06-02,2020,True,77,1,36.512857142857165,37.57975612663904,-1.054775225947807,-36.512857142857165,SL,9552.8
2020-06-04,2020,True,100,1,31.79428571428577,38.059308143883754,-1.0629043853342917,-31.79428571428577,SL,9678.8
2020-06-05,2020,True,35,-1,30.772857142857205,31.48006688258647,0.957989267806067,31.48006688258647,TP,9773.4
2020-06-08,2020,True,32,1,30.54428571428575,33.50461662342241,1.0314406078478864,33.50461662342241,TP,9764.6
2020-06-09,2020,True,71,-1,30.974285714285756,31.069883793286863,-1.0645696891430678,-30.974285714285756,SL,9926.7
2020-06-11,2020,True,42,-1,31.957142857142884,38.814515445521465,1.1519964600744301,38.814515445521465,TP,9956.7
2020-06-12,2020,True,44,1,35.385714285714286,39.12099485997169,-1.0565199838514332,-35.385714285714286,SL,9774.5
2020-06-15,2020,True,30,-1,39.038571428571416,41.467347464171326,-1.0512313828813993,-39.038571428571416,SL,9586.4
2020-06-16,2020,True,75,1,40.859999999999985,57.231688287705765,-1.0489476260401371,-40.859999999999985,SL,9926.8
2020-06-17,2020,True,49,1,40.124285714285676,44.52416338791045,1.0598111002078308,44.52416338791045,TP,9957.0
2020-06-22,2020,True,33,-1,38.6528571428571,41.011852586651,-0.49414199652586277,-17.100000000000364,T,10052.0
2020-06-23,2020,True,107,-1,38.55714285714281,39.200487167900064,-0.6146721007780857,-21.700000000000728,T,10250.8
2020-06-24,2020,True,30,1,39.27857142857138,66.84665025977301,-1.0509183487906892,-39.27857142857138,SL,10112.9
2020-06-25,2020,True,53,-1,41.07142857142853,42.983321991054254,0.9978547963039307,42.983321991054254,TP,10006.9
2020-06-26,2020,True,33,1,41.38142857142853,44.20615242615895,-1.0483308592536336,-41.38142857142853,SL,9995.7
2020-06-29,2020,True,43,-1,42.85999999999996,50.980711488895395,-1.0466635557629491,-42.85999999999996,SL,9848.0
2020-06-30,2020,True,94,-1,43.829999999999956,44.444458625825064,-0.25553274013234634,-9.200000000000728,T,10078.5
2020-07-01,2020,True,62,-1,45.121428571428545,47.899506400610335,-0.31249010606301286,-12.100000000000364,T,10229.4
2020-07-02,2020,True,93,1,42.10714285714286,50.0174717890186,0.9190839694656229,40.69999999999891,T,10354.1
2020-07-06,2020,True,34,-1,38.55142857142858,38.929921935989114,-1.051878751945453,-38.55142857142858,SL,10551.0
2020-07-07,2020,True,42,-1,35.98142857142858,36.51355770066948,-1.0555842299598999,-35.98142857142858,SL,10654.8
2020-07-08,2020,True,98,1,35.591428571428615,35.7703108826845,-1.0561933049690937,-35.591428571428615,SL,10588.9
2020-07-09,2020,True,71,1,36.082857142857186,45.35409373784387,-1.0554279832132394,-36.082857142857186,SL,10679.1
2020-07-10,2020,True,30,1,37.937142857142916,44.62432375539538,1.123551236209396,44.62432375539538,TP,10655.1
2020-07-13,2020,True,87,-1,38.188571428571464,38.777676237165,-0.3796947478677237,-12.5,T,11032.9
2020-07-14,2020,True,30,1,43.20428571428576,48.47715935282031,-1.0462917038653572,-43.20428571428576,SL,10489.5
2020-07-15,2020,True,93,1,45.96142857142859,57.24778016991149,-1.0435147483915084,-45.96142857142859,SL,10677.5
2020-07-16,2020,True,34,1,44.79142857142857,46.25683921512973,0.9880649183705688,46.25683921512973,TP,10534.6
2020-07-17,2020,True,54,1,44.184285714285714,46.89852413388871,1.0161649873491578,46.89852413388871,TP,10571.6
2020-07-20,2020,True,35,-1,42.37571428571428,54.32512492599017,-1.0471968445538213,-42.37571428571428,SL,10727.8
2020-07-21,2020,True,57,1,44.25714285714284,53.25801971736291,-1.0451904454486767,-44.25714285714284,SL,10895.6
2020-07-22,2020,True,78,1,44.128571428571405,51.23668770499353,-1.045322110715442,-44.128571428571405,SL,10821.0
2020-07-23,2020,True,48,1,43.45571428571424,48.64226613211213,1.073328718645535,48.64226613211213,TP,10792.5
2020-07-24,2020,True,37,-1,47.02999999999996,53.04022988505494,-1.0425260472039124,-47.02999999999996,SL,10435.1
2020-07-27,2020,True,117,1,48.22857142857138,49.82442633438586,0.28613744075827907,15.799999999999272,T,10554.6
2020-07-30,2020,True,50,1,46.415714285714216,46.55393762183121,0.9598890872943859,46.55393762183121,TP,10536.4
2020-07-31,2020,True,40,1,46.5271428571428,54.64367990359278,1.1314616946333935,54.64367990359278,TP,10768.8
2020-08-06,2020,True,54,-1,35.81714285714279,35.60037117290449,0.9381086399582477,35.60037117290449,TP,11155.0
2020-08-10,2020,True,30,1,35.058571428571355,36.868238721865055,-1.057047390081904,-35.058571428571355,SL,11091.9
2020-08-11,2020,True,34,1,35.005714285714205,42.951956077173236,1.1698648895699204,42.951956077173236,TP,10970.1
2020-08-12,2020,True,30,-1,36.44857142857135,42.269939183319366,-1.0548718350709416,-36.44857142857135,SL,11063.6
2020-08-13,2020,True,64,-1,34.59857142857135,36.104042715483956,0.10694083157848144,5.699999999998909,T,11244.8
2020-08-14,2020,True,43,1,33.27714285714278,36.66735825584692,-1.0601013136429984,-33.27714285714278,SL,11141.1
2020-08-18,2020,True,38,1,31.61428571428564,40.0362611028595,-1.0632625395390876,-31.61428571428564,SL,11316.6
2020-08-19,2020,True,61,-1,32.08571428571421,32.23536141709883,-0.8134461264470302,-24.100000000000364,T,11409.8
2020-08-20,2020,True,32,-1,31.03714285714276,33.02449461801007,-1.0644389211083496,-31.03714285714276,SL,11368.5
2020-08-21,2020,True,56,-1,31.338571428571335,33.64468726066116,-1.0638191183844647,-31.338571428571335,SL,11518.7
2020-08-24,2020,True,30,1,31.73571428571421,46.563735244517375,-1.0630204816565385,-31.73571428571421,SL,11641.7
2020-08-25,2020,True,91,-1,33.137142857142784,38.37423195332667,-1.060355233660976,-33.137142857142784,SL,11657.8
2020-08-26,2020,True,69,-1,34.29142857142849,34.8309498840099,-1.0583236127312117,-34.29142857142849,SL,11825.0
2020-08-27,2020,True,36,1,34.50857142857136,47.35552094150444,1.3143262402323717,47.35552094150444,TP,11916.0
2020-08-31,2020,True,53,-1,32.46857142857137,33.34517679368582,-1.0615980288630764,-32.46857142857137,SL,12067.5
2020-09-01,2020,True,30,-1,31.51285714285711,38.505297649981,-1.0634661589373953,-31.51285714285711,SL,12224.5
2020-09-02,2020,True,30,1,30.79571428571427,68.8613889924236,-1.0649441016839079,-30.79571428571427,SL,12290.6
2020-09-03,2020,True,41,1,32.59571428571427,33.5285860857839,-1.0613577595652364,-32.59571428571427,SL,12146.5
2020-09-04,2020,True,30,1,39.304285714285705,127.25231121079923,-1.0508850361647222,-39.304285714285705,SL,11554.5
2020-09-08,2020,True,30,-1,48.19857142857143,72.79508402122701,-1.0414950057796615,-48.19857142857143,SL,11287.6
2020-09-09,2020,True,55,-1,51.09714285714287,61.11808253968047,-1.0391411317378663,-51.09714285714287,SL,11324.7
2020-09-10,2020,True,76,1,53.26857142857147,68.66486616137263,-1.0375455910748765,-53.26857142857147,SL,11457.9
2020-09-11,2020,True,30,1,56.8228571428572,59.33731473885746,1.0090537086987172,59.33731473885746,TP,11149.8
2020-09-16,2020,True,74,1,59.51428571428579,63.690533435423276,1.0365668124050946,63.690533435423276,TP,11375.3
2020-09-17,2020,True,35,-1,60.04285714285723,60.39678527270371,0.9725850509372481,60.39678527270371,TP,11098.6
2020-09-18,2020,True,65,1,60.3442857142858,62.977458948416825,-1.033143154754859,-60.3442857142858,SL,11019.3
2020-09-21,2020,True,59,1,64.53285714285724,68.26195664135776,1.026794094900723,68.26195664135776,TP,10722.2
2020-09-22,2020,True,92,1,66.50000000000009,71.10418254916294,1.0391606398370354,71.10418254916294,TP,10953.0
2020-09-24,2020,True,30,-1,69.42285714285724,100.09888657424017,1.4130632274666233,100.09888657424017,TP,10904.1
2020-09-25,2020,True,63,-1,65.49857142857151,67.4649782473607,-1.0305350171214203,-65.49857142857151,SL,10969.6
2020-09-30,2020,True,30,-1,54.36571428571432,67.36338241856538,-1.036787891528274,-54.36571428571432,SL,11433.6
2020-10-02,2020,True,36,-1,47.51142857142864,50.28094233474076,1.0161963928774576,50.28094233474076,TP,11453.4
2020-10-05,2020,True,62,-1,48.765714285714346,55.84222183735437,0.014354347316593491,2.6999999999989086,T,11445.8
2020-10-06,2020,True,113,1,49.39571428571435,63.46014959210879,-0.3178413396188361,-13.700000000000728,T,11407.0
2020-10-12,2020,True,83,-1,41.705714285714336,45.6152051023837,-1.0479550592587517,-41.705714285714336,SL,11963.4
2020-10-13,2020,True,98,-1,42.52142857142863,47.41631095444609,-1.0470351083487317,-42.52142857142863,SL,12139.9
2020-10-14,2020,True,55,1,39.53285714285718,53.8502182708653,-1.0505908286055,-39.53285714285718,SL,12066.7
2020-10-15,2020,True,59,1,38.74571428571432,38.81809782439086,-1.0516186121967406,-38.74571428571432,SL,11803.3
2020-10-16,2020,True,33,-1,36.48142857142861,39.41943278535655,1.025711827926129,39.41943278535655,TP,12004.2
2020-10-19,2020,True,30,1,37.5471428571429,47.162086050377184,-1.0532663698968914,-37.5471428571429,SL,11881.1
2020-10-20,2020,True,35,-1,41.26142857142862,43.063592066437195,0.9952052919193298,43.063592066437195,TP,11730.7
2020-10-21,2020,True,30,-1,40.922857142857175,42.75914449008633,0.9959994813607627,42.75914449008633,TP,11780.3
2020-10-22,2020,True,39,1,41.26714285714289,44.70180302686822,-1.0484647073077855,-41.26714285714289,SL,11650.2
2020-10-23,2020,True,32,1,40.5428571428572,41.92986373626081,0.9848803599500539,41.92986373626081,TP,11588.1
2020-10-26,2020,True,32,-1,39.881428571428636,45.78314942311772,1.097833026334576,45.78314942311772,TP,11698.3
2020-10-27,2020,True,52,1,40.802857142857206,41.41223611111491,0.9659185378398009,41.41223611111491,TP,11508.6
2020-10-28,2020,True,31,1,40.70571428571436,48.675234178655955,-1.049133150838773,-40.70571428571436,SL,11299.5
2020-10-29,2020,True,32,-1,43.691428571428645,46.978277662541586,-1.045775568924928,-43.691428571428645,SL,11281.4
2020-10-30,2020,True,30,1,45.97714285714293,49.23745219826742,-1.0434998757146408,-45.97714285714293,SL,11159.7
2020-11-02,2020,False,71,1,46.064285714285774,47.252631384028064,-1.0434175841215692,-46.064285714285774,SL,11130.8
2020-11-03,2020,False,30,-1,47.58142857142863,55.392546544248034,-1.042033206232924,-47.58142857142863,SL,11219.7
2020-11-04,2020,False,34,-1,47.504285714285786,76.47317331011618,-1.0421014645295161,-47.504285714285786,SL,11699.6
2020-11-05,2020,False,32,-1,49.02285714285723,50.86484343433767,0.9967767340026901,50.86484343433767,TP,12103.3
2020-11-06,2020,False,58,-1,48.030000000000086,56.04508609405093,-1.0416406412658754,-48.030000000000086,SL,12006.2
2020-11-09,2020,False,32,-1,46.19285714285722,50.272420097506256,-1.0432967372815833,-46.19285714285722,SL,12187.3
2020-11-10,2020,False,52,1,49.844285714285775,67.36268060076509,-1.0401249605915566,-49.844285714285775,SL,11598.9
2020-11-13,2020,False,86,1,51.990000000000045,58.00169318110966,1.077162784787644,58.00169318110966,TP,11816.5
2020-11-16,2020,False,90,-1,49.14857142857148,52.62644568504402,0.5574933147308373,29.399999999999636,T,12029.9
2020-11-19,2020,False,68,-1,44.19000000000007,45.65770734624493,-0.16745870106358055,-5.399999999999636,T,11941.0
2020-11-23,2020,False,39,1,39.45857142857149,44.663917001334994,-1.0506860721914484,-39.45857142857149,SL,11929.1
2020-11-24,2020,False,70,-1,38.71571428571434,39.49929120633351,-1.0516586103833807,-38.71571428571434,SL,11956.9
2020-11-25,2020,False,36,1,37.87714285714288,39.81784242424328,0.9984344005797043,39.81784242424328,TP,12082.4
2020-11-30,2020,False,59,1,37.26714285714287,40.97684023010879,-1.0536665772223712,-37.26714285714287,SL,12208.2
2020-12-01,2020,False,33,-1,37.06571428571429,39.69508656857215,1.016979904339802,39.69508656857215,TP,12413.0
2020-12-02,2020,False,40,-1,33.24142857142859,34.93515090767323,-1.0601658859426704,-33.24142857142859,SL,12390.3
2020-12-03,2020,False,48,-1,32.00285714285715,32.40076542657698,0.9499391035891385,32.40076542657698,TP,12529.4
2020-12-04,2020,False,36,-1,30.585714285714285,30.983976222780257,0.9476311702917413,30.983976222780257,TP,12514.2
2020-12-08,2020,False,50,1,28.024285714285675,32.5254824589756,1.0892510435480935,32.5254824589756,TP,12516.4
2020-12-09,2020,False,41,1,28.09714285714282,33.28518842654921,1.1134651158523732,33.28518842654921,TP,12581.7
2020-12-10,2020,False,30,-1,31.612857142857088,53.53196468683018,-1.0632653983460618,-31.612857142857088,SL,12369.1
2020-12-11,2020,False,42,-1,32.96428571428564,37.70733493323314,1.0832127607047999,37.70733493323314,TP,12357.7
2020-12-14,2020,False,30,-1,32.76428571428564,40.01898643825916,-0.387617178984053,-10.699999999998909,T,12522.2
2020-12-15,2020,False,90,1,32.94571428571422,36.16763484109288,-1.060705923163646,-32.94571428571422,SL,12513.8
2020-12-18,2020,False,30,1,30.51428571428569,35.66762891212056,-1.0655430711610487,-30.51428571428569,SL,12708.9
2020-12-21,2020,False,32,1,30.00285714285713,37.140945579785694,-1.0666603180649463,-30.00285714285713,SL,12568.7
2020-12-22,2020,False,91,1,30.908571428571406,35.30907512038539,-1.0647069698650398,-30.908571428571406,SL,12677.7
2020-12-28,2020,False,38,1,30.73285714285711,37.64298914482242,1.1597681588516582,37.64298914482242,TP,12765.2
2020-12-29,2020,False,30,1,31.16285714285711,33.12108538947723,-1.0641789676354634,-31.16285714285711,SL,12866.3
2020-12-30,2020,False,68,1,31.491428571428543,35.98671366594317,1.0792369609036583,35.98671366594317,TP,12829.6
2021-01-04,2021,False,41,1,30.60428571428568,33.87940534469453,-1.065350324417682,-30.60428571428568,SL,12858.8
2021-01-05,2021,False,34,-1,31.794285714285696,41.72234072482752,1.2493547136672933,41.72234072482752,TP,12780.1
2021-01-06,2021,False,39,-1,30.648571428571422,44.27545972960979,-1.0652558963363477,-30.648571428571422,SL,12676.0
2021-01-07,2021,False,30,-1,32.09999999999997,48.72886275950805,-1.0623052959501558,-32.09999999999997,SL,12851.0
2021-01-08,2021,False,56,1,33.61285714285714,46.73862049034324,1.3309972520396223,46.73862049034324,TP,12988.0
2021-01-11,2021,False,36,-1,34.30571428571428,44.50488846601729,1.2390031617478183,44.50488846601729,TP,12989.2
2021-01-13,2021,False,63,-1,35.859999999999985,37.499972051426084,-1.0557724484104853,-35.859999999999985,SL,12954.2
2021-01-15,2021,False,33,1,33.904285714285706,35.1104134721445,-1.058989592550457,-33.904285714285706,SL,12880.3
2021-01-20,2021,False,39,-1,35.29857142857145,35.50126186815578,-1.056659516775264,-35.29857142857145,SL,13213.7
2021-01-21,2021,False,42,-1,36.60857142857149,46.98283251804787,-0.18028564738937983,-4.600000000000364,T,13372.1
2021-01-22,2021,False,68,1,37.08571428571434,38.136788868838266,0.9744126428423248,38.136788868838266,TP,13335.6
2021-01-25,2021,False,77,1,36.87142857142862,41.635077925096994,-1.054242541650523,-36.87142857142862,SL,13493.3
2021-01-26,2021,False,79,-1,36.124285714285755,36.62221228597264,0.9584192905516993,36.62221228597264,TP,13524.2
2021-01-27,2021,False,30,-1,35.46857142857147,43.764187384427714,-1.0563879490897374,-35.46857142857147,SL,13297.4
2021-01-28,2021,False,35,-1,37.175714285714356,49.53351121584092,-1.0537985628098219,-37.175714285714356,SL,13251.2
2021-01-29,2021,False,50,-1,37.64428571428577,45.67028424941236,-1.0531289135137185,-37.64428571428577,SL,13126.6
2021-02-01,2021,False,39,1,39.76000000000007,40.579204543173546,0.9703019251301177,40.579204543173546,TP,13008.3
2021-02-03,2021,False,49,1,42.05000000000008,57.10874648154822,0.8775267538644367,38.899999999999636,T,13443.5
2021-02-10,2021,False,49,1,39.47000000000008,52.716414402364535,-1.0506713959969596,-39.47000000000008,SL,13681.6
2021-02-12,2021,False,81,-1,39.68571428571431,41.152986697899905,-0.23434125269976552,-7.299999999999272,T,13740.0
2021-02-16,2021,False,99,1,41.00285714285718,42.389223678774215,-1.04877708870462,-41.00285714285718,SL,13808.7
2021-02-17,2021,False,51,1,38.061428571428614,48.32714622450112,1.2171678248376965,48.32714622450112,TP,13607.5
2021-02-18,2021,False,36,1,38.94142857142862,42.2815423022239,-1.051359184122675,-38.94142857142862,SL,13515.2
2021-02-22,2021,False,48,1,35.16285714285717,39.15769115336116,-1.0568781993987162,-35.16285714285717,SL,13375.0
2021-02-23,2021,False,33,-1,33.72428571428573,39.23966882201603,-1.059304443597238,-33.72428571428573,SL,12922.2
2021-02-24,2021,False,31,1,36.58571428571428,52.44614069263844,-1.0546661460367044,-36.58571428571428,SL,13008.7
2021-02-25,2021,False,31,1,39.367142857142845,43.240554668216646,-1.0508037885110861,-39.367142857142845,SL,13206.3
2021-02-26,2021,False,30,1,44.598571428571425,98.7245226292107,-1.044844485729844,-44.598571428571425,SL,12852.0
2021-03-01,2021,False,50,-1,47.66857142857145,48.090969565682826,-1.0419563653800048,-47.66857142857145,SL,13139.9
2021-03-02,2021,False,59,1,49.81000000000001,65.0807437670992,-1.0401525798032523,-49.81000000000001,SL,13160.7
2021-03-03,2021,False,30,1,52.13857142857142,67.35960460100614,-1.0383593172041539,-52.13857142857142,SL,12910.2
2021-03-04,2021,False,30,1,53.98428571428574,78.87699826189055,-1.0370478181481384,-53.98428571428574,SL,12601.6
2021-03-05,2021,False,30,1,59.26857142857145,76.16565964343681,1.2513488659469183,76.16565964343681,TP,12401.6
2021-03-08,2021,False,50,-1,63.91142857142859,80.92830186136052,1.234963818296579,80.92830186136052,TP,12695.5
2021-03-09,2021,False,31,-1,67.80714285714288,81.18762758655612,-0.3465711576951437,-21.5,T,12729.3
2021-03-10,2021,False,52,1,69.41714285714288,81.99930117556323,-1.028811326967402,-69.41714285714288,SL,12840.6
2021-03-11,2021,False,112,-1,70.25714285714288,71.86844656814355,-0.24481496543311315,-15.200000000000728,T,13054.0
2021-03-19,2021,True,34,1,60.11428571428577,65.636403153012,1.0585903566328032,65.636403153012,TP,12725.5
2021-03-23,2021,True,98,-1,59.590000000000046,65.1168579407422,0.7283101191475013,45.399999999999636,T,13170.9
2021-03-24,2021,True,47,1,58.73428571428576,69.55254335064274,1.1501381608563963,69.55254335064274,TP,12930.5
2021-03-25,2021,True,32,-1,57.44714285714288,62.70353772558883,1.0566850622413688,62.70353772558883,TP,12836.9
2021-03-29,2021,True,30,1,53.702857142857184,82.86131334228412,1.0464992551606853,58.20000000000073,T,12855.9
2021-03-31,2021,True,30,-1,45.214285714285694,60.290252111515656,-1.0442338072669826,-45.214285714285694,SL,13084.1
2021-04-05,2021,True,50,-1,41.51428571428569,46.34633449050489,-1.0481761871988988,-41.51428571428569,SL,13519.3
2021-04-06,2021,True,103,-1,41.53142857142856,46.89045851722767,-0.4863786461199956,-18.200000000000728,T,13641.8
2021-04-07,2021,True,41,-1,40.619999999999976,43.04199529971447,0.1157065484982499,6.699999999998909,T,13613.9
2021-04-09,2021,True,40,-1,37.46571428571424,37.94779949158328,0.9594852300811533,37.94779949158328,TP,13748.2
2021-04-12,2021,True,72,1,35.211428571428534,38.82242197698724,1.0457520035658512,38.82242197698724,TP,13750.8
2021-04-14,2021,True,57,1,31.77999999999998,36.842693960066754,1.0963717419781869,36.842693960066754,TP,13927.9
2021-04-15,2021,True,62,-1,32.109999999999985,34.35729691947017,1.0077015546393706,34.35729691947017,TP,14004.0
2021-04-16,2021,True,41,-1,29.622857142857146,31.159175129163486,0.9843471542445235,31.159175129163486,TP,14021.7
2021-04-19,2021,True,34,1,27.658571428571435,35.72044834898588,-1.0723103145498682,-27.658571428571435,SL,13967.9
2021-04-20,2021,True,64,1,27.72714285714288,27.8797545354646,-1.072131485393374,-27.72714285714288,SL,13873.2
2021-04-21,2021,True,30,-1,28.71571428571432,40.12641183457163,-1.0696482762051638,-28.71571428571432,SL,13805.1
2021-04-22,2021,True,60,-1,29.067142857142894,34.01857412568461,0.3440310610900866,12.0,T,13929.8
2021-04-23,2021,True,63,-1,31.388571428571467,32.18413395470998,-1.0637174585836517,-31.388571428571467,SL,13870.6
2021-04-26,2021,True,102,-1,31.270000000000046,36.651815141374755,0.37416053725617876,13.700000000000728,T,13995.2
2021-04-27,2021,True,30,1,31.440000000000044,53.56900605012561,0.9255725190839798,31.100000000000364,T,13946.4
2021-04-28,2021,True,30,-1,31.34571428571435,42.06754370475028,1.2782463127028136,42.06754370475028,TP,13983.3
2021-04-29,2021,True,30,1,31.924285714285777,60.3402040703204,-1.0626482301874969,-31.924285714285777,SL,13959.4
2021-04-30,2021,True,53,-1,32.79142857142862,35.94422041662801,-1.0609915483140193,-32.79142857142862,SL,13935.5
2021-05-03,2021,True,37,-1,33.26571428571432,44.607581624361046,1.2808256951409733,44.607581624361046,TP,13935.4
2021-05-04,2021,True,30,1,33.971428571428596,67.6634254794808,-1.0588730025231285,-33.971428571428596,SL,13545.0
2021-05-05,2021,True,30,1,35.39285714285717,52.578609536512886,-1.0565085771947527,-35.39285714285717,SL,13586.0
2021-05-06,2021,True,31,1,36.71571428571432,48.9959888923222,1.2799965847486678,48.9959888923222,TP,13426.8
2021-05-07,2021,True,37,-1,38.482857142857185,39.40784977014482,-1.0519711931101046,-38.482857142857185,SL,13762.5
2021-05-10,2021,True,31,1,37.87142857142862,37.60606446816564,-1.0528102602791398,-37.87142857142862,SL,13524.8
2021-05-11,2021,True,30,-1,39.18142857142863,63.37315511445922,1.566383803555671,63.37315511445922,TP,13262.6
2021-05-12,2021,True,30,1,40.06571428571434,45.46312123102689,-1.0499179918704984,-40.06571428571434,SL,13144.1
2021-05-13,2021,True,30,-1,40.482857142857185,43.46544656713013,-1.0494036276378007,-40.482857142857185,SL,13184.4
2021-05-14,2021,True,42,-1,40.870000000000026,42.44772909645508,-1.0489356496207487,-40.870000000000026,SL,13290.5
2021-05-17,2021,True,31,1,42.161428571428615,51.63973709217862,1.177373224156304,51.63973709217862,TP,13256.5
2021-05-18,2021,True,59,-1,42.6714285714286,45.75826752811372,1.0254699454194705,45.75826752811372,TP,13389.9
2021-05-19,2021,True,55,-1,43.934285714285735,45.803112669884285,-1.0455225336541587,-43.934285714285735,SL,13088.5
2021-05-20,2021,True,75,-1,44.367142857142895,48.40800775193202,-1.0450784042244905,-44.367142857142895,SL,13445.8
2021-05-21,2021,True,75,1,45.90285714285719,47.834895795067496,-0.884476534296036,-38.600000000000364,T,13462.4
2021-05-24,2021,True,45,-1,45.86428571428574,52.2271798107231,-0.649743030680563,-27.799999999999272,T,13626.1
2021-06-01,2021,True,42,1,36.751428571428555,49.008844093343214,-1.0544196532690664,-36.751428571428555,SL,13685.1
2021-06-03,2021,True,86,-1,32.904285714285706,40.04741913859107,-1.060782355750445,-32.904285714285706,SL,13559.3
2021-06-04,2021,True,31,-1,31.787142857142864,45.92037711840021,-1.062918520515932,-31.787142857142864,SL,13722.3
2021-06-08,2021,True,30,1,30.36857142857142,52.401145060133786,-1.0658575595070092,-30.36857142857142,SL,13826.1
2021-06-09,2021,True,41,1,30.105714285714285,30.489764585468947,-0.31887634051439,-7.600000000000364,T,13838.0
2021-06-10,2021,True,30,-1,27.574285714285697,41.43131221170188,1.4300030332707145,41.43131221170188,TP,13951.7
2021-06-11,2021,True,93,1,26.3485714285714,28.212905545073227,0.9948511104723096,28.212905545073227,TP,13937.4
2021-06-14,2021,True,107,-1,24.815714285714265,25.25007669475599,-0.3264060790973611,-6.100000000000364,T,14033.4
2021-06-15,2021,True,55,1,24.42999999999998,26.348207086783077,-1.0818665575112567,-24.42999999999998,SL,14069.5
2021-06-18,2021,True,69,-1,27.167142857142842,29.675670428352532,1.0187184781956555,29.675670428352532,TP,14132.2
2021-06-21,2021,True,30,-1,27.807142857142836,54.06390050391383,-1.0719239660929876,-27.807142857142836,SL,14069.8
2021-06-22,2021,True,61,-1,29.29571428571427,30.756978990228163,0.9816104400038878,30.756978990228163,TP,14190.3
2021-06-23,2021,True,93,1,29.205714285714254,29.30198557151016,0.804637057327334,25.5,T,14270.4
2021-06-25,2021,True,30,1,28.05857142857141,34.54989293361723,1.1600695002052888,34.54989293361723,TP,14343.5
2021-06-28,2021,True,42,-1,26.61571428571427,30.85159674116585,0.20288766035101433,7.399999999999636,T,14489.0
2021-06-29,2021,True,46,1,27.04714285714285,27.984070536982472,0.9606955778739628,27.984070536982472,TP,14489.6
2021-07-01,2021,True,49,1,25.391428571428566,30.424386455420972,1.1194480994033242,30.424386455420972,TP,14523.5
2021-07-06,2021,True,64,1,25.21571428571429,33.06434912124132,-1.0793156195116425,-25.21571428571429,SL,14736.9
2021-07-07,2021,True,33,1,25.150000000000002,25.49407046240958,0.9341578712687706,25.49407046240958,TP,14819.9
2021-07-08,2021,True,30,-1,25.6457142857143,31.611271477666378,1.1546284555685413,31.611271477666378,TP,14644.2
2021-07-09,2021,True,55,-1,24.902857142857155,29.76156210328918,-1.0803120697567692,-24.902857142857155,SL,14744.9
2021-07-12,2021,True,31,1,25.551428571428577,34.73526434505402,1.2811520206607296,34.73526434505402,TP,14816.4
2021-07-13,2021,True,30,-1,24.13571428571426,49.74051372896429,-1.0828647528854691,-24.13571428571426,SL,14939.9
2021-07-14,2021,True,34,-1,23.96857142857142,32.83599938118641,1.2865180335457442,32.83599938118641,TP,15000.0
2021-07-15,2021,True,30,-1,24.695714285714246,40.07879601655986,1.5419192000689506,40.07879601655986,TP,14895.8
2021-07-16,2021,True,31,1,26.12571428571425,29.823064850625087,-1.0765529308836397,-26.12571428571425,SL,14809.4
2021-07-19,2021,True,30,1,28.022857142857124,39.48781261373733,-1.0713703099510603,-28.022857142857124,SL,14487.1
2021-07-20,2021,True,48,-1,28.039999999999964,35.185867425840115,-1.0713266761768903,-28.039999999999964,SL,14604.2
2021-07-21,2021,True,57,-1,30.48142857142856,32.16322201859293,-0.5216290949992852,-13.899999999999636,T,14777.6
2021-07-22,2021,True,67,-1,31.64571428571427,32.13244484540519,0.9521809042878134,32.13244484540519,TP,14925.2
2021-07-23,2021,True,68,-1,31.55857142857141,37.69006396588702,-1.063374224797429,-31.55857142857141,SL,15026.1
2021-07-27,2021,True,35,1,31.655714285714232,48.28553023747736,-1.0631797463784467,-31.655714285714232,SL,15023.7
2021-07-28,2021,True,31,-1,34.15999999999993,41.02295918366872,-1.0585480093676816,-34.15999999999993,SL,15003.1
2021-07-30,2021,True,30,-1,32.651428571428525,44.17667927556249,1.2917253890835574,44.17667927556249,TP,14971.1
2021-08-02,2021,True,49,-1,33.04142857142855,36.322860300144384,-1.0605300704742964,-33.04142857142855,SL,15024.4
2021-08-03,2021,True,30,1,32.41285714285711,51.04957478739561,-1.0617039093834018,-32.41285714285711,SL,14922.0
2021-08-05,2021,True,90,-1,32.18285714285711,33.623887823148834,0.1180752840908866,5.799999999999272,T,15164.5
2021-08-06,2021,True,80,1,30.602857142857104,32.260531169309616,-1.0653533750350108,-30.602857142857104,SL,15092.1
2021-08-10,2021,True,59,1,27.54857142857137,36.3962443665514,-1.0725990458411119,-27.54857142857137,SL,15106.7
2021-08-11,2021,True,41,1,27.8471428571428,30.38236456587947,-1.0718206535679475,-27.8471428571428,SL,15052.6
2021-08-12,2021,True,49,-1,28.782857142857083,36.78363843092484,-1.0694858050426843,-28.782857142857083,SL,15014.9
2021-08-13,2021,True,45,-1,28.322857142857096,28.894964241890193,0.6955512962776421,21.700000000000728,T,15129.6
2021-08-16,2021,True,30,1,28.0485714285714,44.998211437681675,-1.0713048792910258,-28.0485714285714,SL,15036.5
2021-08-17,2021,True,30,1,26.439999999999966,41.508739177492316,1.4942790914331454,41.508739177492316,TP,14968.8
2021-08-18,2021,True,106,1,26.284285714285684,27.11780177343462,-0.04565465514432906,0.7999999999992724,T,14981.6
2021-08-19,2021,True,31,-1,27.624285714285676,40.338206030921356,-1.072400062057196,-27.624285714285676,SL,14849.5
2021-08-20,2021,True,30,-1,29.36571428571427,38.582413539366826,-1.0681066355322046,-29.36571428571427,SL,15043.5
2021-08-23,2021,True,31,-1,29.698571428571398,30.133238298883953,-1.067343306556352,-29.698571428571398,SL,15216.2
2021-08-24,2021,True,68,-1,29.871428571428574,30.445628863009915,0.9522687806842152,30.445628863009915,TP,15381.4
2021-08-25,2021,True,70,1,29.22999999999998,33.39768917726724,0.4618542593226141,15.5,T,15342.6
2021-08-26,2021,True,55,1,28.724285714285674,48.707810923762736,-1.069627492912916,-28.724285714285674,SL,15303.0
2021-08-27,2021,True,32,-1,28.821428571428523,55.27818222296628,-1.0693928128872368,-28.821428571428523,SL,15369.1
2021-08-30,2021,True,33,-1,30.03428571428566,35.267552455297846,-1.0665905631659058,-30.03428571428566,SL,15546.1
2021-09-02,2021,True,34,1,28.294285714285696,28.805482244397353,-0.10249419367873472,-0.9000000000014552,T,15632.2
2021-09-03,2021,True,30,-1,29.085714285714285,54.308628127699194,0.31286836935168244,11.100000000000364,T,15642.4
2021-09-07,2021,True,78,-1,27.584285714285734,28.60117052795431,0.9643595923956706,28.60117052795431,TP,15667.2
2021-09-08,2021,True,63,1,26.6457142857143,43.418133543123986,-1.0750589749088568,-26.6457142857143,SL,15590.9
2021-09-09,2021,True,115,1,25.89571428571432,27.49171226294311,0.06178628565125245,3.600000000000364,T,15624.8
2021-09-10,2021,True,34,1,24.262857142857165,31.907691435697416,-1.0824305228450306,-24.262857142857165,SL,15620.5
2021-09-13,2021,True,30,1,25.560000000000038,34.48615984405296,-1.0782472613458527,-25.560000000000038,SL,15448.1
2021-09-14,2021,True,30,1,25.61000000000001,58.33508890010853,-1.0780944943381492,-25.61000000000001,SL,15417.8
2021-09-15,2021,True,41,1,27.19714285714287,29.216687468799137,1.0007186273851973,29.216687468799137,TP,15338.4
2021-09-16,2021,True,33,1,29.238571428571465,36.99132518942497,0.6053647334733582,19.69999999999891,T,15391.6
2021-09-17,2021,True,35,1,30.16285714285719,33.81032806804251,-1.0663067159230841,-30.16285714285719,SL,15390.5
2021-09-20,2021,True,34,1,30.694285714285797,34.435185972870386,-1.0651587079959042,-30.694285714285797,SL,15084.5
2021-09-21,2021,True,36,1,33.30714285714291,49.2742781794168,-1.0600471799270854,-33.30714285714291,SL,15040.1
2021-09-22,2021,True,30,-1,34.24142857142862,38.77537859452241,-1.058408778004923,-34.24142857142862,SL,15090.9
2021-09-23,2021,True,31,-1,35.892857142857196,41.37698917713715,-1.0557213930348257,-35.892857142857196,SL,15302.7
2021-09-24,2021,True,30,-1,36.41571428571432,40.178921485499814,1.0484188552763658,40.178921485499814,TP,15271.4
2021-09-27,2021,True,53,-1,36.84285714285715,43.34073244375395,-1.0542846064366034,-36.84285714285715,SL,15189.1
2021-09-28,2021,True,31,1,37.56571428571429,48.191925914463354,-1.0532400365074537,-37.56571428571429,SL,14915.7
2021-09-29,2021,True,30,-1,39.61857142857142,60.18186914870239,1.4685504058014525,60.18186914870239,TP,14916.2
2021-09-30,2021,True,62,1,40.672857142857126,50.96732026143218,-1.0491728425415334,-40.672857142857126,SL,14802.4
2021-10-04,2021,True,31,1,40.318571428571396,42.18041135633757,-1.0496049321475394,-40.318571428571396,SL,14589.0
2021-10-05,2021,True,33,-1,42.218571428571394,49.73307375844888,-1.0473725171725374,-42.218571428571394,SL,14620.7
2021-10-06,2021,True,30,1,43.32571428571425,54.22094685367301,1.2053106963060913,54.22094685367301,TP,14534.2
2021-10-07,2021,True,32,-1,44.39999999999995,49.12469525010238,-0.5720720720720646,-23.399999999999636,T,14985.6
2021-10-11,2021,True,30,-1,43.93714285714282,60.47622862337266,0.2503576537911304,13.0,T,14888.1
2021-10-12,2021,True,66,1,43.92999999999993,45.53247530297995,0.9909509515816075,45.53247530297995,TP,14665.6
2021-10-13,2021,True,41,1,41.232857142857085,42.6732664490919,0.9864285249060862,42.6732664490919,TP,14702.9
2021-10-14,2021,True,35,-1,40.91428571428564,42.70318762742863,-1.0488826815642458,-40.91428571428564,SL,14987.7
2021-10-15,2021,True,90,-1,40.165714285714216,40.21419195690578,0.9514132298276459,40.21419195690578,TP,15124.9
2021-10-18,2021,True,35,-1,39.11285714285706,40.38331826855938,-1.0511340808648966,-39.11285714285706,SL,15163.7
2021-10-21,2021,True,58,-1,37.647142857142796,41.91546932007259,0.21781201381244053,10.199999999998909,T,15437.8
2021-10-22,2021,True,106,1,37.02142857142852,57.16203825292723,-1.054022766737411,-37.02142857142852,SL,15376.0
2021-10-26,2021,True,45,-1,34.875714285714274,36.92235395390526,1.0013373107661365,36.92235395390526,TP,15690.2
2021-10-27,2021,True,37,1,34.07571428571428,39.06160654418636,1.0876252287314156,39.06160654418636,TP,15578.7
2021-10-28,2021,True,55,-1,32.339999999999996,32.632458761287126,-1.061842918985776,-32.339999999999996,SL,15715.2
2021-10-29,2021,True,101,-1,32.274285714285696,34.43014327418132,-0.7467245042493035,-22.100000000000364,T,15727.6
2021-11-01,2021,True,31,1,32.69857142857142,36.66018232133683,1.0599907215228184,36.66018232133683,TP,15795.0
2021-11-04,2021,True,30,-1,32.79571428571427,35.20015162117852,-1.0609835779936403,-32.79571428571427,SL,16251.6
2021-11-08,2021,False,70,1,33.385714285714315,39.24315563819982,1.1155416750851457,39.24315563819982,TP,16316.1
2021-11-09,2021,False,30,1,33.202857142857184,97.4825626204256,-1.0602357800533515,-33.202857142857184,SL,16243.1
2021-11-10,2021,False,30,-1,34.707142857142884,58.92975926512554,-1.0576250257254578,-34.707142857142884,SL,16181.9
2021-11-12,2021,False,76,-1,35.9057142857143,39.89763027356457,-1.0557014402800986,-35.9057142857143,SL,16091.6
2021-11-15,2021,False,45,1,35.7957142857143,38.83483490474282,-1.0558726104481782,-35.7957142857143,SL,16182.3
2021-11-16,2021,False,101,-1,35.352857142857154,36.24486956521832,-1.0565725138400615,-35.352857142857154,SL,16269.7
2021-11-17,2021,False,69,-1,35.519999999999996,40.892515831888886,-1.0563063063063063,-35.519999999999996,SL,16349.2
2021-11-18,2021,False,40,1,35.37714285714288,39.34226944906732,-1.0565336779195607,-35.37714285714288,SL,16351.4
2021-11-19,2021,False,30,-1,34.952857142857155,41.08930006224182,1.1183434848395497,41.08930006224182,TP,16609.1
2021-11-22,2021,False,30,-1,34.66142857142859,36.53610335577832,0.99638430322074,36.53610335577832,TP,16738.8
2021-11-23,2021,False,36,1,38.564285714285774,51.8571033498356,-1.0518614558251527,-38.564285714285774,SL,16314.8
2021-11-24,2021,False,30,-1,39.84571428571432,53.24903161641487,-1.05019360390076,-39.84571428571432,SL,16206.6
2021-11-29,2021,False,32,-1,40.554285714285754,46.91285615695779,1.107474965121545,46.91285615695779,TP,16309.5
2021-11-30,2021,False,30,-1,41.58285714285714,62.497807845607895,1.4548737629492074,62.497807845607895,TP,16429.7
2021-12-01,2021,False,31,-1,45.81714285714284,50.19571013590212,1.0519143519310143,50.19571013590212,TP,16358.4
2021-12-03,2021,False,30,1,50.59000000000002,109.32431629941493,-1.0395335046451868,-50.59000000000002,SL,15843.3
2021-12-06,2021,False,42,-1,53.8757142857143,72.35411556734107,-1.0371224776602233,-53.8757142857143,SL,15723.8
2021-12-07,2021,False,31,-1,57.20571428571431,60.663620797018666,-1.0349615423034662,-57.20571428571431,SL,16237.0
2021-12-09,2021,False,57,1,57.05571428571431,59.01332970948897,-0.20331004782293627,-9.600000000000364,T,16298.7
2021-12-10,2021,False,77,1,58.51428571428575,67.12379878339743,1.1129555456147016,67.12379878339743,TP,16186.2
2021-12-14,2021,False,45,1,59.59142857142857,63.35790695221294,1.029643162164958,63.35790695221294,TP,15862.7
2021-12-16,2021,False,30,1,66.8757142857143,84.2272244355936,-1.0299062226304658,-66.8757142857143,SL,16166.2
2021-12-17,2021,False,46,1,69.13714285714285,75.29660759493345,1.0601625199696962,75.29660759493345,TP,15668.9
2021-12-20,2021,False,94,1,69.19714285714285,74.0370402772096,0.7514761137949545,54.0,T,15524.7
2021-12-21,2021,False,55,1,67.74714285714282,70.82390406746708,1.0158938246679245,70.82390406746708,TP,15636.2
2021-12-22,2021,False,70,-1,69.93285714285713,70.49307461971512,-0.8565358609278236,-57.899999999999636,T,16078.0
2021-12-27,2021,False,63,-1,62.31428571428569,61.82408592848515,-0.04332874828061692,-0.7000000000007276,T,16516.1
2021-12-28,2021,False,49,1,57.5442857142857,62.545517663878854,1.052155169055267,62.545517663878854,TP,16495.2
2021-12-29,2021,False,42,1,54.964285714285666,79.16349795192946,0.09460688758935705,7.200000000000728,T,16428.3
2021-12-30,2021,False,46,-1,54.08285714285703,55.83981250472425,0.1553172381002294,10.399999999997817,T,16557.3
2022-01-04,2022,False,32,1,53.3057142857142,60.33506134969139,-1.0375194297046686,-53.3057142857142,SL,16418.3
2022-01-06,2022,False,30,1,58.86142857142843,95.87845540913077,-1.0339781083901658,-58.86142857142843,SL,15691.1
2022-01-07,2022,False,39,1,55.14714285714272,62.524226762818216,-1.0362666114032588,-55.14714285714272,SL,15709.0
2022-01-10,2022,False,30,1,51.85571428571415,53.93224808560262,-1.0385685556075925,-51.85571428571415,SL,15265.2
2022-01-11,2022,False,34,-1,54.129999999999875,77.86288599112777,1.4014942913565112,77.86288599112777,TP,15630.3
2022-01-12,2022,False,69,1,56.901428571428454,67.49067323013332,-1.035148502422736,-56.901428571428454,SL,15896.5
2022-01-13,2022,False,40,1,54.435714285714155,55.62914137735606,-1.0367405852250362,-54.435714285714155,SL,15894.6
2022-01-14,2022,False,49,-1,58.37999999999985,69.79941667472303,1.161346637114135,69.79941667472303,TP,15601.2
2022-01-18,2022,False,36,-1,59.07857142857128,77.3013045551088,1.2745958938115414,77.3013045551088,TP,15405.1
2022-01-19,2022,False,62,1,59.71714285714271,70.27088626970908,-1.033491220515765,-59.71714285714271,SL,15261.8
2022-01-20,2022,False,62,-1,62.42571428571418,66.0137306949764,1.025438498020128,66.0137306949764,TP,15326.3
2022-01-21,2022,False,31,1,67.57285714285707,106.87975872639072,-1.029597682924251,-67.57285714285707,SL,14620.5
2022-01-24,2022,False,38,1,71.6385714285714,73.43818692338755,-1.0279179213113447,-71.6385714285714,SL,14089.4
2022-01-25,2022,False,31,1,80.24428571428568,111.62451312239318,1.3661348237644917,111.62451312239318,TP,14073.6
2022-01-26,2022,False,33,-1,80.44999999999999,87.96345353019206,1.068532672842661,87.96345353019206,TP,14526.7
2022-01-27,2022,False,59,1,82.96571428571427,89.73544043092443,1.057490328219008,89.73544043092443,TP,14264.2
2022-01-28,2022,False,49,-1,85.3442857142857,109.49770082226314,1.2595770170500027,109.49770082226314,TP,14054.4
2022-01-31,2022,False,30,-1,89.07857142857144,92.2045325486506,-1.022452088846123,-89.07857142857144,SL,14660.0
2022-02-01,2022,False,35,1,89.60428571428571,96.98128662586169,1.0600083005931347,96.98128662586169,TP,14753.7
2022-02-02,2022,False,102,1,88.59428571428572,91.18396064541776,0.40860423116615885,38.20000000000073,T,15006.0
2022-02-04,2022,False,45,-1,87.03000000000003,89.96844711228732,1.0107830301308434,89.96844711228732,TP,14652.3
2022-02-08,2022,False,90,-1,89.78857142857144,100.68565676176331,-0.5936167504613932,-51.29999999999927,T,14650.6
2022-02-10,2022,False,32,-1,84.50285714285712,104.34251798561127,-0.08875439545577497,-5.5,T,14963.6
2022-02-11,2022,False,48,1,84.05142857142856,89.29177237661315,1.0385519182750225,89.29177237661315,TP,14607.6
2022-02-14,2022,False,116,-1,80.77857142857141,82.85519180447227,0.1262711115041208,12.200000000000728,T,14363.6
2022-02-17,2022,False,51,1,69.84285714285714,78.78824271079611,0.1761096338719731,14.300000000001091,T,14352.4
2022-02-18,2022,False,60,1,66.50571428571429,74.50673636241663,-1.0300726038578856,-66.50571428571429,SL,14074.5
2022-02-22,2022,False,51,-1,63.82428571428571,64.9172466054224,0.985788495731488,64.9172466054224,TP,14068.9
2022-02-23,2022,False,30,1,65.40285714285713,79.39019789733902,-1.0305797038137259,-65.40285714285713,SL,13882.2
2022-02-24,2022,False,41,-1,69.62571428571425,88.34958845458641,-1.0287250194919775,-69.62571428571425,SL,13365.4
2022-02-25,2022,False,32,1,77.30428571428571,80.04102527488249,1.0095303844255121,80.04102527488249,TP,13848.9
2022-02-28,2022,False,68,-1,76.83000000000001,81.83516576934016,-1.0260314981127163,-76.83000000000001,SL,14176.2
2022-03-02,2022,False,39,1,77.79428571428572,78.46531808147847,0.982916899093487,78.46531808147847,TP,13998.2
2022-03-03,2022,False,45,1,79.88857142857144,81.89212327552559,-1.0250348699974965,-79.88857142857144,SL,14190.5
2022-03-04,2022,False,42,1,79.7357142857143,84.1620314026004,-1.0250828630296516,-79.7357142857143,SL,13821.4
2022-03-07,2022,False,30,1,75.12285714285716,106.99115897436059,-1.0266230555661202,-75.12285714285716,SL,13671.1
2022-03-08,2022,False,32,1,79.03428571428574,89.45596795600977,1.1065573271854316,89.45596795600977,TP,13191.4
2022-03-10,2022,False,91,1,84.62714285714286,87.3944272052504,0.3804925809010827,34.19999999999891,T,13431.7
2022-03-11,2022,False,30,1,83.11142857142858,98.80175697865343,-1.0240640792051978,-83.11142857142858,SL,13542.1
2022-03-14,2022,True,43,-1,84.93428571428575,87.90276156691834,1.0114026490537695,87.90276156691834,TP,13377.4
2022-03-15,2022,True,59,-1,84.58000000000001,88.83994966786486,-1.023646252069047,-84.58000000000001,SL,13262.8
2022-03-16,2022,True,45,-1,82.66142857142859,88.54368178686673,-0.254048355598569,-19.0,T,13798.4
2022-03-17,2022,True,30,-1,76.53142857142858,78.97877517212692,1.0058452665662816,78.97877517212692,TP,13978.5
2022-03-18,2022,True,30,-1,75.80142857142862,82.09258098224018,-1.0263847270123065,-75.80142857142862,SL,14163.2
2022-03-21,2022,True,34,1,77.73714285714289,88.45663072528077,1.1121663023319708,88.45663072528077,TP,14289.4
2022-03-22,2022,True,35,-1,76.44142857142862,76.78420723258205,-1.0261638229082959,-76.44142857142862,SL,14536.7
2022-03-23,2022,True,45,-1,76.0828571428572,81.36111639038063,-0.9200495700176493,-68.0,T,14586.0
2022-03-24,2022,True,114,-1,73.87428571428575,76.21835661509613,-0.6145575495049453,-43.399999999999636,T,14593.5
2022-03-25,2022,True,99,1,74.88000000000004,87.24880006832791,-1.0267094017094016,-74.88000000000004,SL,14658.2
2022-03-29,2022,True,38,1,66.47571428571428,67.20333536709404,0.9808594923380362,67.20333536709404,TP,15086.5
2022-03-30,2022,True,98,1,65.54857142857144,69.25643094115912,0.5568389852671954,38.5,T,15113.9
2022-04-04,2022,True,30,-1,59.99857142857143,67.1120520489003,-1.0333341270030239,-59.99857142857143,SL,15045.6
2022-04-05,2022,True,35,1,58.351428571428556,65.39623421459146,-1.0342750820153748,-58.351428571428556,SL,15015.6
2022-04-06,2022,True,30,1,56.33999999999999,63.905539162391506,0.04969826056089975,4.800000000001091,T,14485.3
2022-04-07,2022,True,31,-1,55.6685714285714,67.95821277432697,1.184837531873047,67.95821277432697,TP,14589.1
2022-04-08,2022,True,82,-1,53.96999999999997,58.874483548604985,-1.0370576246062628,-53.96999999999997,SL,14434.7
2022-04-11,2022,True,56,1,52.639999999999965,60.53387904738338,-0.22416413373858815,-9.799999999999272,T,14078.8
2022-04-12,2022,True,30,-1,51.21999999999997,61.32928906568668,1.1583227072566715,61.32928906568668,TP,14246.8
2022-04-13,2022,True,45,-1,53.44285714285712,60.170028304853986,-1.0374231488906709,-53.44285714285712,SL,14071.0
2022-04-14,2022,True,35,1,53.579999999999984,56.50918500517582,-1.0373273609555804,-53.579999999999984,SL,14089.7
2022-04-18,2022,True,43,-1,55.30285714285713,56.18392889666211,0.9797672615122827,56.18392889666211,TP,13946.7
2022-04-19,2022,True,30,-1,54.32142857142857,88.19676216740663,-1.0368178829717292,-54.32142857142857,SL,14008.4
2022-04-21,2022,True,36,1,56.75285714285716,58.684810680671944,-1.0352405165252851,-56.75285714285716,SL,14176.8
2022-04-22,2022,True,50,1,62.18142857142856,78.27452896235081,-1.032163944218531,-62.18142857142856,SL,13610.3
2022-04-25,2022,True,54,-1,64.9942857142857,65.72461495222342,-1.0307719359943732,-64.9942857142857,SL,13362.0
2022-04-26,2022,True,30,1,66.44571428571427,69.12092453696641,-1.0300997592019263,-66.44571428571427,SL,13259.5
2022-04-27,2022,True,38,1,68.71857142857142,83.44454355512607,-1.0291042138743944,-68.71857142857142,SL,13068.8
2022-04-28,2022,True,30,1,68.33428571428568,75.09273160560406,1.069634823011307,75.09273160560406,TP,13089.5
2022-04-29,2022,True,30,-1,71.94142857142855,82.63316915422911,1.1208169027971246,82.63316915422911,TP,13411.6
2022-05-02,2022,True,56,-1,76.05999999999999,90.82501350183702,-1.0262950302392848,-76.05999999999999,SL,12964.4
2022-05-03,2022,True,30,-1,78.6942857142857,95.04616998950769,1.1823751768626403,95.04616998950769,TP,13126.9
2022-05-04,2022,True,36,1,78.72428571428571,84.38141202185943,-1.0254051209465223,-78.72428571428571,SL,12975.4
2022-05-05,2022,True,30,1,82.66571428571427,89.44564431546314,-1.024193827117824,-82.66571428571427,SL,13156.7
2022-05-06,2022,True,47,-1,86.85571428571427,140.05198103840485,-1.023026694518002,-86.85571428571427,SL,12759.0
2022-05-09,2022,True,39,1,87.61285714285714,88.93246430788531,-1.022827699783137,-87.61285714285714,SL,12374.8
2022-05-10,2022,True,36,-1,90.55999999999999,91.86249734099329,0.9922978946664455,91.86249734099329,TP,12526.4
2022-05-11,2022,True,52,-1,90.15571428571427,102.6673148555492,1.116593836043741,102.6673148555492,TP,12422.8
2022-05-12,2022,True,39,-1,89.26714285714286,106.71523199378862,-1.0224046601693153,-89.26714285714286,SL,11908.2
2022-05-13,2022,True,32,-1,89.36428571428571,113.91532770060803,-0.6535049156742027,-56.399999999999636,T,12302.4
2022-05-17,2022,True,68,1,86.95142857142858,88.32655867171525,0.9928135752341318,88.32655867171525,TP,12367.5
2022-05-18,2022,True,106,1,85.81571428571431,99.94826223949894,-1.0233057548567528,-85.81571428571431,SL,12208.5
2022-05-20,2022,True,38,1,81.25714285714284,82.32246166262667,-1.0246132208157526,-81.25714285714284,SL,11903.1
2022-05-23,2022,True,32,1,83.94285714285712,98.05577613915557,1.1442995796019215,98.05577613915557,TP,11792.2
2022-05-24,2022,True,30,1,84.70142857142855,88.03999180496248,-1.0236123526336207,-84.70142857142855,SL,11660.3
2022-05-25,2022,True,59,-1,78.97142857142855,81.08655743760391,0.4153400868306711,34.79999999999927,T,11885.9
2022-05-26,2022,True,30,-1,74.51428571428572,88.77860888340729,-1.026840490797546,-74.51428571428572,SL,12126.4
2022-05-31,2022,True,39,1,73.04142857142857,77.23378491787298,1.0300152446265542,77.23378491787298,TP,12480.6
2022-06-01,2022,True,38,1,71.76857142857145,77.65396218659953,-1.0278673514073013,-71.76857142857145,SL,12699.7
2022-06-02,2022,True,43,-1,69.30857142857143,95.88090778614605,1.3545353172211692,95.88090778614605,TP,12622.7
2022-06-03,2022,True,66,1,69.51857142857142,70.5052041973886,-1.0287692908369808,-69.51857142857142,SL,12589.0
2022-06-06,2022,True,105,1,67.51857142857142,75.38019415627241,-0.30065802001564634,-18.299999999999272,T,12681.8
2022-06-07,2022,True,58,-1,68.46142857142853,69.7842109620833,-1.029213530037769,-68.46142857142853,SL,12587.1
2022-06-09,2022,True,60,-1,65.22714285714282,66.12508980904204,0.9831043795599871,66.12508980904204,TP,12654.8
2022-06-10,2022,True,30,1,66.9342857142857,81.4780164755266,-1.0298800529303795,-66.9342857142857,SL,11919.1
2022-06-13,2022,True,45,1,62.74285714285715,66.45626415751758,-1.0318761384335156,-62.74285714285715,SL,11430.3
2022-06-14,2022,True,32,-1,63.49428571428572,65.04388716279573,0.9929064710875445,65.04388716279573,TP,11398.6
2022-06-16,2022,True,41,1,64.05714285714284,66.49238545510343,-1.031222123104371,-64.05714285714284,SL,11172.6
2022-06-17,2022,True,50,1,61.64571428571427,84.8483320649375,-1.0324434556915092,-61.64571428571427,SL,11163.7
2022-06-21,2022,True,33,-1,61.52285714285712,62.29022382671974,0.512004829796127,33.5,T,11601.1
2022-06-22,2022,True,30,-1,60.259999999999984,72.5161018721883,-1.0331895121141719,-60.259999999999984,SL,11567.3
2022-06-23,2022,True,30,-1,59.30142857142855,62.095303568668896,1.0133871142123352,62.095303568668896,TP,11630.1
2022-06-24,2022,True,30,-1,55.957142857142856,64.96961160904902,-1.035741639009446,-55.957142857142856,SL,11968.0
2022-06-27,2022,True,86,-1,57.124285714285726,61.058357110967336,0.34836321804585846,21.899999999999636,T,12105.5
2022-06-28,2022,True,33,1,56.25571428571433,64.859413983173,-1.0355519439295056,-56.25571428571433,SL,12030.0
2022-06-29,2022,True,32,-1,58.848571428571475,100.27662930072074,1.6699917587635205,100.27662930072074,TP,11706.7
2022-06-30,2022,True,30,1,58.5814285714286,69.89942573740154,1.1590605998044494,69.89942573740154,TP,11357.0
2022-07-01,2022,True,31,-1,57.690000000000026,70.36641716566737,1.1850653001502398,70.36641716566737,TP,11562.5
2022-07-05,2022,True,43,-1,57.10714285714288,67.96513654000955,-1.0350218886804252,-57.10714285714288,SL,11469.6
2022-07-06,2022,True,37,-1,58.65714285714286,60.703215715719125,1.0007854603264341,60.703215715719125,TP,11839.1
2022-07-08,2022,True,56,-1,56.33428571428574,64.75224151031398,-1.0355023583709488,-56.33428571428574,SL,12072.5
2022-07-11,2022,True,31,1,55.717142857142896,56.0417353514149,0.9699301252753808,56.0417353514149,TP,11836.8
2022-07-12,2022,True,30,1,54.78857142857147,126.08199245595097,1.2630371297455274,71.20000000000073,T,11795.5
2022-07-13,2022,True,61,-1,56.47000000000002,62.29158501735401,-1.0354170355941208,-56.47000000000002,SL,11669.2
2022-07-15,2022,True,105,-1,56.92714285714288,59.661782135721296,0.6236041054982556,37.5,T,11966.1
2022-07-19,2022,True,73,-1,56.31000000000002,57.07904896755099,-1.0355176700408453,-56.31000000000002,SL,12076.6
2022-07-20,2022,True,55,-1,57.334285714285706,63.31223083549048,-1.0348831414760553,-57.334285714285706,SL,12348.3
2022-07-21,2022,True,30,-1,53.85857142857143,60.5872747576268,1.0877985286952272,60.5872747576268,TP,12511.6
2022-07-22,2022,True,31,1,55.12285714285716,57.021890547262956,-1.0362825895402477,-55.12285714285716,SL,12529.4
2022-07-25,2022,True,46,1,55.29714285714288,59.749694493906645,0.6727291515965821,39.20000000000073,T,12306.0
2022-07-26,2022,True,60,1,54.61142857142857,55.28358991903224,-1.0366223710369362,-54.61142857142857,SL,12146.0
2022-07-27,2022,True,35,-1,51.58142857142858,54.091669061988796,-0.5447697122441701,-26.100000000000364,T,12388.1
2022-07-28,2022,True,36,1,54.35142857142858,57.5076204076322,1.0212725197219823,57.5076204076322,TP,12459.1
2022-07-29,2022,True,32,-1,55.265714285714296,63.686356293141216,1.1161776716434586,63.686356293141216,TP,12875.6
2022-08-01,2022,True,30,-1,55.707142857142856,71.76236985360265,-1.0359020387229132,-55.707142857142856,SL,12993.3
2022-08-02,2022,True,40,1,56.3914285714286,60.22290907666502,1.0324779944689035,60.22290907666502,TP,12820.3
2022-08-03,2022,True,33,-1,55.7957142857143,67.52419409405411,1.1743589078996817,67.52419409405411,TP,13123.0
2022-08-04,2022,True,60,1,55.608571428571466,61.50352227478652,1.0700422748895477,61.50352227478652,TP,13203.9
2022-08-05,2022,True,39,-1,55.62428571428575,61.226276182113,-1.03595551788787,-55.62428571428575,SL,13223.0
2022-08-08,2022,True,32,-1,54.112857142857195,58.84436289195219,1.0504779435667915,58.84436289195219,TP,13392.6
2022-08-09,2022,True,30,1,54.288571428571494,61.300460448033846,1.0923194124947013,61.300460448033846,TP,12967.7
2022-08-10,2022,True,50,1,52.66428571428575,65.19708783911665,1.1999989553067036,65.19708783911665,TP,13219.1
2022-08-11,2022,True,43,-1,51.20857142857149,53.47884078212155,1.0052778147487877,53.47884078212155,TP,13531.5
2022-08-12,2022,True,107,-1,50.2928571428572,58.386013354080205,0.3658571225678094,20.399999999999636,T,13457.4
2022-08-16,2022,True,61,1,50.26285714285719,52.01892905664863,0.9951469514453731,52.01892905664863,TP,13529.9
2022-08-17,2022,True,45,1,47.43142857142863,50.066622700966036,-1.0421661345702065,-47.43142857142863,SL,13446.3
2022-08-18,2022,True,70,-1,45.937142857142916,49.39362962962696,-1.043537753451922,-45.937142857142916,SL,13495.8
2022-08-19,2022,True,30,1,44.420000000000044,56.693257296206866,-1.045024763619991,-44.420000000000044,SL,13274.1
2022-08-22,2022,True,43,1,43.49285714285717,44.028954039911696,-1.045984562325505,-43.49285714285717,SL,12973.2
2022-08-23,2022,True,38,-1,42.62714285714288,44.250691775556334,0.9911687470387552,44.250691775556334,TP,12962.9
2022-08-24,2022,True,49,-1,40.26428571428574,46.012772297573974,-1.0496718112471173,-40.26428571428574,SL,12926.0
2022-08-25,2022,True,30,-1,40.207142857142884,59.9513361462723,-1.049742405400604,-40.207142857142884,SL,13037.3
2022-08-26,2022,True,31,1,39.90285714285716,56.115069777704775,-1.050121724187312,-39.90285714285716,SL,13057.3
2022-08-29,2022,True,47,-1,43.90142857142855,47.42467363383548,1.034696936112878,47.42467363383548,TP,12593.9
2022-08-30,2022,True,34,1,44.06428571428572,51.177304266291685,-1.0453882314799805,-44.06428571428572,SL,12455.7
2022-08-31,2022,True,48,1,46.47285714285712,52.78781574026834,-1.043035873474532,-46.47285714285712,SL,12386.9
2022-09-01,2022,True,32,1,45.73571428571429,55.97365415176864,-1.043729501796033,-45.73571428571429,SL,12108.0
2022-09-02,2022,True,31,1,46.58000000000001,55.9188173714756,1.1575529706199137,55.9188173714756,TP,12264.3
2022-09-06,2022,True,30,1,50.1414285714286,58.50228354978208,-1.0398871762728283,-50.1414285714286,SL,12016.6
2022-09-07,2022,True,102,-1,50.441428571428595,56.76629595619306,-0.12489733495711466,-4.300000000001091,T,12132.9
2022-09-08,2022,True,48,-1,51.340000000000025,51.937730870711675,-1.0389559797428904,-51.340000000000025,SL,12247.1
2022-09-09,2022,True,33,-1,52.882857142857155,53.86996987951716,-1.0378194391917446,-52.882857142857155,SL,12523.0
2022-09-13,2022,True,30,1,51.552857142857185,53.04191219408676,-1.0387951339817663,-51.552857142857185,SL,12295.1
2022-09-14,2022,True,84,-1,55.367142857142895,62.154134419552065,0.19867378796088436,13.0,T,12141.6
2022-09-15,2022,True,30,-1,55.3757142857143,57.919620253163885,1.0098221029645462,57.919620253163885,TP,12144.9
2022-09-16,2022,True,43,-1,56.63000000000003,59.80781565373036,1.0207984399387309,59.80781565373036,TP,11808.5
2022-09-19,2022,True,68,-1,50.79142857142862,51.58130483689456,0.9761746466171503,51.58130483689456,TP,11876.9
2022-09-20,2022,True,98,-1,51.572857142857174,52.56447456766,-0.7775407883438198,-38.100000000000364,T,11905.9
2022-09-22,2022,True,92,1,52.33571428571429,52.91415463378689,0.4337382284700214,24.69999999999891,T,11476.2
2022-09-23,2022,True,30,1,50.81142857142859,54.284536248191216,1.0289916603051574,54.284536248191216,TP,11288.3
2022-09-26,2022,True,30,-1,48.248571428571424,64.95619799894666,1.3048303013934586,64.95619799894666,TP,11448.9
2022-09-27,2022,True,30,1,48.359999999999985,64.14330948816314,-1.0413564929693961,-48.359999999999985,SL,11385.3
2022-09-28,2022,True,30,-1,49.23142857142856,49.33800691606302,0.9615403877094807,49.33800691606302,TP,11302.9
2022-09-29,2022,True,30,1,50.302857142857135,56.54226287705569,-1.0397591730092015,-50.302857142857135,SL,11180.6
2022-09-30,2022,True,62,-1,51.84285714285715,64.6845808539565,-1.0385781206944062,-51.84285714285715,SL,11230.3
2022-10-03,2022,True,32,-1,54.88857142857142,67.92785675095911,-1.0364374577065223,-54.88857142857142,SL,11107.4
2022-10-04,2022,True,30,-1,53.39571428571425,65.2074307806015,-0.24346523262969222,-11.0,T,11573.2
2022-10-05,2022,True,34,1,53.39285714285709,55.80284975357608,-1.0374581939799332,-53.39285714285709,SL,11369.6
2022-10-06,2022,True,30,1,54.174285714285645,57.566316192980594,-1.0369178840778441,-54.174285714285645,SL,11549.6
2022-10-07,2022,True,30,1,54.51142857142851,61.081000643500374,-0.6402327165993965,-32.899999999999636,T,11166.0
2022-10-10,2022,True,68,1,55.76428571428567,65.82272681929317,0.42500320225440047,25.700000000000728,T,10907.5
2022-10-11,2022,True,30,1,56.538571428571395,58.21175895765555,0.9942196546064357,58.21175895765555,TP,10760.0
2022-10-12,2022,True,52,1,54.1985714285714,57.60366261495619,1.0259248749431813,57.60366261495619,TP,10760.9
2022-10-13,2022,True,30,-1,53.70857142857139,65.05843143493439,-1.0372380040429834,-53.70857142857139,SL,10564.6
2022-10-14,2022,True,30,1,59.67857142857138,120.23210127904167,-1.033512866546978,-59.67857142857138,SL,10928.6
2022-10-18,2022,True,56,1,60.1685714285714,66.87044133152813,-1.0332399449166627,-60.1685714285714,SL,11221.3
2022-10-19,2022,True,45,-1,60.30142857142855,65.48227765014417,1.0527491496316348,65.48227765014417,TP,11175.3
2022-10-20,2022,True,32,-1,59.25714285714284,69.67567838189643,-1.033751205400193,-59.25714285714284,SL,11194.0
2022-10-21,2022,True,30,-1,58.602857142857104,82.18505460218694,-1.0341280288625616,-58.602857142857104,SL,11117.8
2022-10-24,2022,True,32,1,59.501428571428555,60.81623424759346,-1.0336126383520203,-59.501428571428555,SL,11248.3
2022-10-26,2022,True,57,-1,59.76285714285714,63.93565944769034,-1.0334656021417985,-59.76285714285714,SL,11533.0
2022-10-27,2022,True,30,1,60.80428571428571,74.80185539606646,1.1973145402637624,74.80185539606646,TP,11242.2
2022-10-28,2022,True,56,-1,59.882857142857134,68.73451822237439,-1.0333985400066796,-59.882857142857134,SL,11342.4
2022-11-01,2022,True,30,1,60.408571428571406,76.01757775942679,-1.0331078844061865,-60.408571428571406,SL,11438.8
2022-11-03,2022,True,30,1,60.75714285714286,69.52000870180018,1.111309806989422,69.52000870180018,TP,10679.6
2022-11-04,2022,True,42,-1,56.522857142857156,56.758723484846996,-1.0353839154829905,-56.522857142857156,SL,10841.4
2022-11-07,2022,False,46,-1,59.0,60.203189500183726,0.9864947372912496,60.203189500183726,TP,10922.8
2022-11-08,2022,False,78,-1,56.72,59.19665948276452,-1.0352609308885754,-56.72,SL,11093.7
2022-11-10,2022,False,30,-1,56.858571428571466,84.5247197546505,1.4514033272594988,84.5247197546505,TP,11412.9
2022-11-11,2022,False,43,-1,56.80428571428573,64.76767068272784,-1.0352086110202952,-56.80428571428573,SL,11672.9
2022-11-14,2022,False,45,-1,56.78000000000001,56.04339902039101,0.9518034346669778,56.04339902039101,TP,11775.3
2022-11-15,2022,False,91,1,56.54000000000002,57.065518262003025,0.9739214407853379,57.065518262003025,TP,11924.0
2022-11-16,2022,False,84,1,56.978571428571435,59.07920069763895,1.0017660897166167,59.07920069763895,TP,11671.8
2022-11-17,2022,False,49,-1,55.42571428571428,62.11629581388843,-0.9381926903448633,-50.0,T,11626.3
2022-11-18,2022,False,33,1,53.084285714285706,60.344119758025045,-0.3692241448908813,-17.600000000000364,T,11665.9
2022-11-21,2022,False,52,1,54.188571428571436,60.73680658610465,-0.32294632500263626,-15.5,T,11562.7
2022-11-22,2022,False,78,-1,51.984285714285704,54.56635707687201,-0.2019841160790349,-8.5,T,11607.9
2022-11-23,2022,False,37,-1,47.91714285714284,49.79800207192966,0.9975136083224247,49.79800207192966,TP,11833.2
2022-11-28,2022,False,55,1,47.51857142857142,63.85242934373673,0.48402128491116264,25.0,T,11663.2
2022-11-29,2022,False,93,1,46.11857142857142,45.90417684774002,-1.043366477712728,-46.11857142857142,SL,11531.3
2022-12-01,2022,False,42,1,49.44999999999995,75.68370726495414,-1.0404448938321538,-49.44999999999995,SL,11991.2
2022-12-02,2022,False,43,-1,49.019999999999925,62.29909741674419,1.2300917465676109,62.29909741674419,TP,11926.0
2022-12-05,2022,False,30,1,46.69571428571422,51.557887061020665,1.061294121293313,51.557887061020665,TP,11880.3
2022-12-06,2022,False,30,1,45.547142857142774,70.60121397776311,-1.043910547940909,-45.547142857142774,SL,11649.2
2022-12-07,2022,False,30,1,47.035714285714185,69.88873791770129,1.443344465979985,69.88873791770129,TP,11434.5
2022-12-08,2022,False,30,-1,44.994285714285645,74.75283412215504,-1.0444500889001778,-44.994285714285645,SL,11596.7
2022-12-09,2022,False,86,-1,46.151428571428504,47.59196181711741,-0.7042035535194711,-30.5,T,11666.5
2022-12-13,2022,False,35,1,44.46285714285706,51.76878963702438,-1.0449813648631283,-44.46285714285706,SL,12069.9
2022-12-15,2022,False,30,1,50.34571428571422,70.75915906301816,-1.0397253277339538,-50.34571428571422,SL,11432.7
2022-12-16,2022,False,37,1,52.36999999999995,53.8282335247477,-1.038189803322513,-52.36999999999995,SL,11281.3
2022-12-19,2022,False,91,1,52.378571428571355,56.33197398487755,-0.2119187235783517,-9.100000000000364,T,11111.4
2022-12-20,2022,False,30,-1,53.139999999999965,53.47894361170438,-1.0376364320662401,-53.139999999999965,SL,11066.7
2022-12-21,2022,False,38,-1,47.84999999999995,50.18031334555235,-1.0417972831765936,-47.84999999999995,SL,11180.9
2022-12-22,2022,False,34,1,48.08857142857141,50.29980509744928,-1.0415899233557127,-48.08857142857141,SL,10967.7
2022-12-23,2022,False,47,-1,49.754285714285686,71.19326815250861,-1.0401975422074194,-49.754285714285686,SL,10944.1
2022-12-27,2022,False,32,1,49.1942857142857,60.01375669882145,1.179278362445552,60.01375669882145,TP,10804.7
2022-12-28,2022,False,59,1,47.17142857142858,51.352867573454205,-1.0423985463355543,-47.17142857142858,SL,10808.5
2022-12-29,2022,False,45,-1,48.329999999999984,55.160171121315216,-1.0413821642871923,-48.329999999999984,SL,10912.3
2022-12-30,2022,False,79,-1,48.41428571428572,52.66116611661164,1.046409450623433,52.66116611661164,TP,10878.1
2023-01-03,2023,False,30,1,48.46571428571427,82.26830705526481,-1.0412662854447916,-48.46571428571427,SL,10924.8
2023-01-04,2023,False,34,1,50.62999999999998,74.4421272795662,1.4308142855928545,74.4421272795662,TP,10832.7
2023-01-06,2023,False,32,-1,43.77142857142852,44.69575345912017,0.975425176938125,44.69575345912017,TP,10806.5
2023-01-09,2023,False,30,-1,45.27285714285708,64.49667906625473,-1.0441765801016063,-45.27285714285708,SL,11239.0
2023-01-10,2023,False,42,-1,45.424285714285645,59.51630726192525,1.2662016883148641,59.51630726192525,TP,11185.2
2023-01-12,2023,False,41,-1,44.62428571428565,54.0728514712755,-1.0448186445561354,-44.62428571428565,SL,11372.0
2023-01-13,2023,False,42,-1,45.44857142857135,48.96645268663633,0.360847425661651,18.399999999999636,T,11435.3
2023-01-17,2023,False,31,-1,43.7971428571428,47.36297011642273,1.0357518129524415,47.36297011642273,TP,11580.9
2023-01-18,2023,False,31,-1,43.05999999999994,44.555751267678716,0.988289625352503,44.555751267678716,TP,11679.0
2023-01-19,2023,False,85,1,44.88428571428563,52.72624200795326,-0.0757503421496467,-1.3999999999996362,T,11268.3
2023-01-20,2023,False,36,-1,43.561428571428486,49.98968378881182,-1.0459121765651134,-43.561428571428486,SL,11420.0
2023-01-23,2023,False,30,-1,44.7999999999999,70.78021671318493,-1.0446428571428572,-44.7999999999999,SL,11763.2
2023-01-24,2023,False,35,1,46.78714285714278,48.44054414002858,0.9925920093438385,48.44054414002858,TP,11779.8
2023-01-25,2023,False,30,1,43.65285714285707,43.96350584124957,0.9613003268931749,43.96350584124957,TP,11574.7
2023-01-26,2023,False,30,1,45.01428571428566,47.6293825949524,1.0136644816396927,47.6293825949524,TP,11909.1
2023-01-27,2023,False,32,-1,46.341428571428516,49.32311466666761,1.0211837685091207,49.32311466666761,TP,12100.2
2023-01-30,2023,False,56,1,44.45428571428565,51.34575285372375,-1.0449900379201749,-44.45428571428565,SL,11992.4
2023-01-31,2023,False,80,-1,43.822857142857096,49.355049670695735,0.22819142000260814,12.0,T,12025.4
2023-02-01,2023,False,90,1,44.14428571428567,45.49255795709905,0.9852364185615147,45.49255795709905,TP,12031.0
2023-02-02,2023,False,60,-1,48.005714285714255,64.4033384903505,-1.04166170693965,-48.005714285714255,SL,12713.9
2023-02-03,2023,False,42,-1,48.28142857142856,47.309275005596646,-1.0414237950113916,-48.28142857142856,SL,12682.1
2023-02-06,2023,False,51,1,49.88428571428568,55.05133352361008,1.0634878852924505,55.05133352361008,TP,12439.9
2023-02-08,2023,False,60,1,51.132857142857134,66.23973378170194,-1.0391137931997876,-51.132857142857134,SL,12590.2
2023-02-09,2023,False,59,1,52.49285714285715,55.47591515662498,-1.0381004218260987,-52.49285714285715,SL,12575.3
2023-02-10,2023,False,33,1,53.244285714285745,60.08298035825828,1.0908772571377419,60.08298035825828,TP,12245.7
2023-02-13,2023,False,30,-1,51.31285714285716,55.02623945147934,-1.0389765862078566,-51.31285714285716,SL,12420.8
2023-02-14,2023,False,30,-1,52.782857142857154,92.04015828964839,-1.0378910901807947,-52.782857142857154,SL,12557.4
2023-02-16,2023,False,53,-1,52.56142857142859,54.45275045202288,-1.0380507161688364,-52.56142857142859,SL,12573.5
2023-02-17,2023,False,118,1,51.91571428571432,52.89120226308842,0.20417710024490932,12.600000000000364,T,12255.9
2023-02-21,2023,False,42,1,51.532857142857154,54.05720194354035,-0.7315720899287342,-35.69999999999891,T,12154.8
2023-02-22,2023,False,40,1,51.6414285714286,64.08285215465548,0.7358433151677775,40.0,T,12036.0
2023-02-23,2023,False,37,1,47.370000000000026,47.690860659504324,-1.042220814861727,-47.370000000000026,SL,12146.9
2023-02-27,2023,False,38,-1,43.57000000000002,49.189482245770705,1.083072808027787,49.189482245770705,TP,12154.9
2023-03-01,2023,False,35,1,40.05000000000003,45.67171375319049,-1.0499375780274656,-40.05000000000003,SL,11972.2
2023-03-02,2023,False,32,-1,38.802857142857185,41.95013270882009,1.029566780655844,41.95013270882009,TP,11899.3
2023-03-03,2023,False,44,-1,37.31571428571432,40.50056929721177,-0.7825121549711148,-27.200000000000728,T,12175.8
2023-03-06,2023,False,47,-1,37.7971428571429,47.10478277153561,-1.0529140524605034,-37.7971428571429,SL,12405.2
2023-03-07,2023,False,30,1,37.15285714285721,60.78306668960249,-1.0538316607067326,-37.15285714285721,SL,12264.7
2023-03-08,2023,False,30,1,36.228571428571506,37.76285681199988,0.9871451012775971,37.76285681199988,TP,12121.8
2023-03-09,2023,False,31,-1,35.37142857142865,38.536990291264374,1.0329520680082795,38.536990291264374,TP,12318.7
2023-03-10,2023,False,36,-1,37.53285714285721,43.90512752974246,1.116491807970908,43.90512752974246,TP,11962.4
2023-03-13,2023,True,30,-1,39.37285714285723,72.18202144281167,-1.0507964152244111,-39.37285714285723,SL,11867.6
2023-03-14,2023,True,59,-1,41.99285714285722,45.46440701291067,-1.0476271474740602,-41.99285714285722,SL,12166.4
2023-03-15,2023,True,64,1,42.39142857142865,52.13118433980526,1.1825783189952017,52.13118433980526,TP,12034.0
2023-03-16,2023,True,30,-1,42.89142857142865,56.98228948639735,-1.0466293631761256,-42.89142857142865,SL,12287.7
2023-03-17,2023,True,30,-1,47.09571428571435,48.00422153579348,0.976823947433961,48.00422153579348,TP,12635.9
2023-03-20,2023,True,87,-1,48.53571428571434,49.09443720636591,-1.041206769683591,-48.53571428571434,SL,12512.9
2023-03-21,2023,True,83,1,49.21428571428577,49.00917140184174,0.9551936133901068,49.00917140184174,TP,12596.7
2023-03-22,2023,True,58,-1,49.67571428571433,52.44806117056578,-0.0543525148822142,-0.6999999999989086,T,12799.1
2023-03-23,2023,True,40,-1,51.58428571428574,52.655307578525026,-1.038771497410618,-51.58428571428574,SL,12799.3
2023-03-24,2023,True,101,1,52.841428571428594,55.107162204831184,1.0050288881392255,55.107162204831184,TP,12610.9
2023-03-27,2023,True,94,1,52.83428571428574,53.80620319080117,-1.0378542072247459,-52.83428571428574,SL,12731.7
2023-03-28,2023,True,64,1,52.54285714285717,56.46757673393222,1.0366314223423745,56.46757673393222,TP,12530.8
2023-04-03,2023,True,81,1,44.288571428571466,48.62641492098555,-0.027095026127363028,0.7999999999992724,T,13067.5
2023-04-04,2023,True,30,-1,43.41857142857145,47.93907155563102,1.0580511989254664,47.93907155563102,TP,13194.6
2023-04-05,2023,True,67,1,41.94428571428572,46.235418492840836,-1.0476822996491946,-41.94428571428572,SL,12960.9
2023-04-06,2023,True,32,-1,38.40571428571428,39.754903232780634,-1.0520755839904776,-38.40571428571428,SL,12902.9
2023-04-10,2023,True,96,-1,38.47000000000003,44.115956131279745,-0.07538341564854781,-0.8999999999996362,T,12943.0
2023-04-11,2023,True,47,1,38.74428571428572,40.84460205739197,0.1264702628959015,6.899999999999636,T,12961.7
2023-04-12,2023,True,30,1,37.598571428571425,52.09517500276161,1.3323691060425218,52.09517500276161,TP,12938.2
2023-04-13,2023,True,37,-1,35.53428571428571,37.715285326084995,-1.0562836696952642,-35.53428571428571,SL,12992.5
2023-04-14,2023,True,31,-1,34.307142857142836,40.26226675880753,1.1152857268859167,40.26226675880753,TP,13140.6
2023-04-17,2023,True,68,1,34.692857142857115,40.338553473662614,-0.6687255507515142,-21.200000000000728,T,13024.6
2023-04-18,2023,True,31,1,33.71428571428569,34.414335004583336,-1.0593220338983051,-33.71428571428569,SL,13137.9
2023-04-19,2023,True,91,-1,33.95142857142852,39.97397768741757,-0.594967600774184,-18.19999999999891,T,13060.1
2023-04-20,2023,True,38,-1,34.13428571428566,34.367815763120234,0.9482493945837532,34.367815763120234,TP,13042.6
2023-04-21,2023,True,30,1,35.20571428571423,46.03497949322991,1.2507906851672208,46.03497949322991,TP,12908.4
2023-04-24,2023,True,66,1,33.95142857142852,44.19027857987567,-1.058907683244972,-33.95142857142852,SL,12963.6
2023-04-25,2023,True,41,1,34.55571428571423,36.21698927434409,-0.7987101575096236,-25.600000000000364,T,12863.5
2023-04-26,2023,True,99,-1,35.24999999999995,36.13747639797293,-0.5418439716311652,-17.099999999998545,T,12887.2
2023-04-27,2023,True,44,-1,34.97571428571425,42.2076545215441,-1.0571825348200794,-34.97571428571425,SL,12998.2
2023-04-28,2023,True,40,-1,35.095714285714216,40.82885725278902,-1.056987015101559,-35.095714285714216,SL,13174.8
2023-05-01,2023,True,114,1,34.419999999999945,36.23312318054013,0.8919233004067628,32.70000000000073,T,13189.3
2023-05-02,2023,True,40,1,34.3985714285714,35.97239177627671,-1.058141949416504,-34.3985714285714,SL,13176.0
2023-05-04,2023,True,56,1,33.85857142857144,36.25757933267232,1.0117845463427964,36.25757933267232,TP,12943.9
2023-05-05,2023,True,31,-1,32.88428571428571,34.800615452249986,-1.0608193231678178,-32.88428571428571,SL,13134.2
2023-05-10,2023,True,32,-1,32.57714285714288,39.291112152450296,1.1447017412171192,39.291112152450296,TP,13346.5
2023-05-11,2023,True,95,-1,32.695714285714295,37.06796760373436,-0.5627648883645625,-16.399999999999636,T,13368.9
2023-05-12,2023,True,31,1,32.3457142857143,38.98195855576341,-1.0618319936401377,-32.3457142857143,SL,13365.6
2023-05-15,2023,True,37,1,32.44285714285717,35.068005780351086,1.019269222644022,35.068005780351086,TP,13304.0
2023-05-16,2023,True,60,-1,31.31142857142859,33.50837544020578,-1.0638744410986405,-31.31142857142859,SL,13458.7
2023-05-17,2023,True,107,-1,30.924285714285755,34.50658944206589,1.051167025890243,34.50658944206589,TP,13491.9
2023-05-18,2023,True,38,-1,30.20857142857149,32.665142774732885,-1.0662063747280808,-30.20857142857149,SL,13673.5
2023-05-19,2023,True,119,1,31.658571428571488,33.24474617218584,-1.063174044492577,-31.658571428571488,SL,13799.7
2023-05-22,2023,True,38,1,31.821428571428598,38.43607795806747,1.1450170402086288,38.43607795806747,TP,13816.6
2023-05-24,2023,True,35,1,29.657142857142887,34.58735170302498,-1.0674373795761078,-29.657142857142887,SL,13562.7
2023-05-25,2023,True,69,-1,29.8,30.462164066673722,-1.0671140939597314,-29.8,SL,13868.1
2023-05-26,2023,True,30,-1,29.137142857142862,61.503535437892424,-1.0686409099823495,-29.137142857142862,SL,14101.4
2023-05-30,2023,True,30,1,32.561428571428586,78.07984629862221,1.21002062036589,41.399999999999636,T,14378.1
2023-05-31,2023,True,43,1,34.78428571428574,37.54877022279106,-1.0574972278122305,-34.78428571428574,SL,14294.9
2023-06-01,2023,True,30,-1,34.42857142857146,42.14493272569234,1.1660353903728056,42.14493272569234,TP,14295.6
2023-06-02,2023,True,30,1,36.852857142857154,80.2710971128563,2.1238813807419232,80.2710971128563,TP,14453.6
2023-06-05,2023,True,84,-1,36.60428571428573,38.71538009919823,-0.37154119345901143,-11.600000000000364,T,14626.1
2023-06-06,2023,True,75,-1,36.95428571428573,44.153731482127114,1.140699398387543,44.153731482127114,TP,14565.3
2023-06-07,2023,True,33,1,36.96142857142859,41.50143191116513,-1.0541104626444555,-36.96142857142859,SL,14577.7
2023-06-08,2023,True,45,-1,39.40571428571431,42.139315204229206,-1.050754060324826,-39.40571428571431,SL,14393.2
2023-06-09,2023,True,30,-1,38.66285714285717,42.56090534979194,1.0490922903064712,42.56090534979194,TP,14645.2
2023-06-13,2023,True,30,1,41.460000000000036,51.26493513287278,-1.048239266763145,-41.460000000000036,SL,14818.8
2023-06-14,2023,True,46,-1,41.44428571428575,45.55545758928383,-1.0482575574781978,-41.44428571428575,SL,14957.8
2023-06-15,2023,True,36,-1,42.87857142857148,55.03485569299119,-1.0466433449941694,-42.87857142857148,SL,15038.5
2023-06-16,2023,True,117,1,44.93142857142861,46.777231831711106,0.9614650896604503,45.20000000000073,T,15144.0
2023-06-20,2023,True,30,1,42.88714285714289,44.875008231801985,-1.0466340228506712,-42.88714285714289,SL,15041.0
2023-06-21,2023,True,30,1,42.385714285714315,62.52378910330299,-1.0471857094708459,-42.385714285714315,SL,14926.1
2023-06-22,2023,True,30,-1,43.14428571428575,49.56148747331645,-1.0463560809244727,-43.14428571428575,SL,14918.9
2023-06-26,2023,True,31,-1,42.91428571428577,56.80259961527554,1.2770246248566188,56.80259961527554,TP,14980.9
2023-06-27,2023,True,42,1,45.022857142857205,49.01041692289073,1.0441455719641917,49.01041692289073,TP,14726.8
2023-06-28,2023,True,50,-1,46.832857142857186,51.06152839480637,-1.042705060549675,-46.832857142857186,SL,14958.9
2023-06-29,2023,True,38,1,44.34571428571432,48.11005143211514,1.039785967478918,48.11005143211514,TP,14898.6
2023-06-30,2023,True,45,-1,43.052857142857185,45.78573928258629,1.017022845598778,45.78573928258629,TP,15189.3
2023-07-05,2023,True,57,-1,42.32428571428573,43.250591039401115,0.9746317118702795,43.250591039401115,TP,15267.9
2023-07-07,2023,True,63,1,40.79428571428572,45.80291507135189,1.073751244920378,45.80291507135189,TP,15050.4
2023-07-11,2023,True,34,1,37.55571428571428,43.17544415924567,1.0963829324611805,43.17544415924567,TP,14993.2
2023-07-12,2023,True,39,-1,36.952857142857134,40.9117505353297,1.0530106071338308,40.9117505353297,TP,15344.3
2023-07-14,2023,True,40,-1,36.31714285714284,38.44656796769959,1.0035637470454617,38.44656796769959,TP,15691.2
2023-07-19,2023,True,73,-1,35.442857142857065,35.95524005278821,0.9580277322431198,35.95524005278821,TP,15907.0
2023-07-20,2023,True,33,1,34.072857142857075,41.497379684722546,-1.0586977485220748,-34.072857142857075,SL,15701.0
2023-07-21,2023,True,30,1,36.208571428571354,42.66072144288228,-1.0552355401246747,-36.208571428571354,SL,15502.2
2023-07-24,2023,True,30,1,37.41571428571419,55.760096342346515,1.4368320201459532,55.760096342346515,TP,15399.6
2023-07-26,2023,True,83,1,37.509999999999884,37.964587735441455,-1.0533191149026928,-37.509999999999884,SL,15460.0
2023-07-27,2023,True,54,1,37.95285714285702,45.030099235400485,-1.0526969548688223,-37.95285714285702,SL,15709.6
2023-07-28,2023,True,32,-1,40.73999999999989,42.461879009597396,-1.0490918016691213,-40.73999999999989,SL,15718.6
2023-07-31,2023,True,30,1,40.991428571428465,49.393187021833,1.1561730994383213,49.393187021833,TP,15714.6
2023-08-01,2023,True,48,1,40.109999999999886,51.221496127489445,1.227162705746437,51.221496127489445,TP,15636.2
2023-08-02,2023,True,38,1,39.5299999999999,44.07579306321895,-1.0505944852011133,-39.5299999999999,SL,15466.3
2023-08-03,2023,True,30,-1,40.3799999999999,40.037685045526814,0.941993190825332,40.037685045526814,TP,15362.9
2023-08-04,2023,True,30,1,40.18714285714279,66.2590603666049,-1.0497671607834773,-40.18714285714279,SL,15363.4
2023-08-07,2023,True,30,1,41.59428571428567,44.4215502875868,1.0198888996191369,44.4215502875868,TP,15293.9
2023-08-08,2023,True,31,1,39.572857142857096,54.69156327542805,-1.0505396917078806,-39.572857142857096,SL,15190.1
2023-08-09,2023,True,81,1,39.609999999999935,49.210382249257236,-1.0504922999242616,-39.609999999999935,SL,15165.5
2023-08-10,2023,True,30,-1,37.88142857142851,75.16175795343224,1.9313357682770547,75.16175795343224,TP,15357.8
2023-08-11,2023,True,35,-1,39.37571428571425,38.733367401566284,-1.050792729383594,-39.37571428571425,SL,15053.1
2023-08-14,2023,True,36,-1,39.39857142857142,40.62614032574129,-1.0507632619021718,-39.39857142857142,SL,15070.4
2023-08-15,2023,True,31,1,40.61857142857144,43.31214138789619,-1.049238560827208,-40.61857142857144,SL,15101.3
2023-08-17,2023,True,42,1,38.24285714285717,39.917465482003536,-1.0522973477773627,-38.24285714285717,SL,14842.3
2023-08-18,2023,True,70,-1,39.28571428571431,45.025480112293735,1.0951940392220216,45.025480112293735,TP,14641.8
2023-08-21,2023,True,30,-1,40.538571428571494,42.127949146533865,0.9898708250545745,42.127949146533865,TP,14852.4
2023-08-22,2023,True,63,1,42.01714285714289,49.61808521694002,1.1333013617522774,49.61808521694002,TP,14929.2
2023-08-23,2023,True,30,-1,40.725714285714304,46.49312006562286,-1.049109022028904,-40.725714285714304,SL,15040.4
2023-08-25,2023,True,33,-1,41.60000000000003,50.69268719895081,1.1704972884363167,50.69268719895081,TP,14942.8
2023-08-28,2023,True,83,1,41.92714285714288,53.35473477961932,0.15980101536681,8.700000000000728,T,14968.3
2023-08-29,2023,True,30,-1,41.76428571428574,72.09536960476362,-1.047887805712331,-41.76428571428574,SL,15163.5
2023-08-30,2023,True,31,-1,44.804285714285754,54.86622483305473,1.1799367848464202,54.86622483305473,TP,15445.5
2023-08-31,2023,True,49,-1,43.76000000000004,46.51547534074052,0.39076782449722414,19.099999999998545,T,15553.3
2023-09-01,2023,True,78,1,41.25285714285715,47.45500613166041,-1.0484814904595352,-41.25285714285715,SL,15479.9
2023-09-05,2023,True,82,-1,42.049999999999976,52.61026408525686,0.36147443519621253,17.200000000000728,T,15509.6
2023-09-06,2023,True,32,1,40.758571428571386,50.97076058598941,-1.0490694332480461,-40.758571428571386,SL,15403.0
2023-09-07,2023,True,70,-1,41.01285714285709,49.357589081904734,1.1547010469655286,49.357589081904734,TP,15234.6
2023-09-08,2023,True,89,1,40.31285714285709,53.19064682101816,1.269834252621027,53.19064682101816,TP,15282.1
2023-09-11,2023,True,42,1,38.69999999999995,44.529531803769714,1.0989543101749293,44.529531803769714,TP,15330.3
2023-09-12,2023,True,57,1,38.188571428571365,44.692370523289355,-1.0523716893610655,-38.188571428571365,SL,15373.2
2023-09-13,2023,True,35,1,37.394285714285665,41.655915644498236,1.0604806292462103,41.655915644498236,TP,15288.1
2023-09-15,2023,True,31,1,37.475714285714275,43.30514713421144,-1.053367895398925,-37.475714285714275,SL,15304.5
2023-09-19,2023,True,30,1,35.10142857142855,37.37704461942303,-1.0569777379838021,-35.10142857142855,SL,15113.4
2023-09-20,2023,True,46,1,35.26857142857142,39.993904997378195,-1.056707712248866,-35.26857142857142,SL,15177.8
2023-09-21,2023,True,30,1,34.024285714285696,40.04862869198405,1.11827854408149,40.04862869198405,TP,14759.1
2023-09-22,2023,True,36,-1,34.17571428571428,37.930689946246275,1.0513515429658653,37.930689946246275,TP,14794.5
2023-09-25,2023,True,105,-1,34.91142857142859,43.33991907713062,-0.30648989278993805,-8.700000000000728,T,14725.4
2023-09-26,2023,True,34,1,34.37714285714291,43.30253886749597,1.2014535076149906,43.30253886749597,TP,14594.0
2023-09-27,2023,True,35,1,34.837142857142915,37.97006587976648,1.0325205493248788,37.97006587976648,TP,14571.4
2023-09-28,2023,True,30,-1,35.34714285714293,67.83427598460185,1.862506292253211,67.83427598460185,TP,14608.2
2023-09-29,2023,True,30,-1,37.30000000000008,39.76210614906995,1.0123889048008008,39.76210614906995,TP,14892.0
2023-10-02,2023,True,32,-1,38.885714285714364,49.24198237885503,1.2148930075385178,49.24198237885503,TP,14827.1
2023-10-03,2023,True,32,1,39.42857142857151,45.70088753091295,-1.0507246376811594,-39.42857142857151,SL,14717.2
2023-10-04,2023,True,38,1,41.50714285714294,53.08540073983022,1.2307616767468967,53.08540073983022,TP,14594.8
2023-10-05,2023,True,30,1,42.295714285714354,47.993509138661466,-1.0472861147701555,-42.295714285714354,SL,14674.4
2023-10-06,2023,True,53,-1,41.45428571428576,53.18551393877533,-1.0482459163277964,-41.45428571428576,SL,14669.1
2023-10-09,2023,True,100,1,46.42571428571433,45.8806800989023,0.9451805055459285,45.8806800989023,TP,14835.8
2023-10-10,2023,True,32,-1,47.86142857142862,51.36628121865397,-1.0417873026296152,-47.86142857142862,SL,15125.5
2023-10-12,2023,True,40,-1,46.39000000000004,49.477067465768414,-0.1681396852769835,-5.799999999999272,T,15306.6
2023-10-13,2023,True,54,1,47.4914285714286,51.026906747305475,-1.0421128624714233,-47.4914285714286,SL,15141.7
2023-10-16,2023,True,52,-1,49.56571428571429,55.988584302232994,0.23403274152640804,13.600000000000364,T,15159.2
2023-10-17,2023,True,41,-1,49.42142857142858,55.16341004986862,-1.0404682757623933,-49.42142857142858,SL,15037.6
2023-10-18,2023,True,50,-1,49.754285714285736,59.357135802463745,1.1528079436581085,59.357135802463745,TP,15098.0
2023-10-19,2023,True,59,1,49.038571428571444,53.895599258481525,1.0582608291122748,53.895599258481525,TP,14893.7
2023-10-20,2023,True,41,1,49.53714285714287,55.28994516212151,-1.0403737455300497,-49.53714285714287,SL,14686.6
2023-10-23,2023,True,35,-1,49.99142857142857,50.175570018716826,-1.0400068583185689,-49.99142857142857,SL,14539.3
2023-10-24,2023,True,68,-1,50.28714285714287,54.79598452882965,1.0498903204505765,54.79598452882965,TP,14766.8
2023-10-26,2023,True,30,1,50.93571428571428,62.19049653469847,-1.0392651801991306,-50.93571428571428,SL,14236.5
2023-10-27,2023,True,104,-1,48.93857142857144,50.118700292190624,0.0,2.0,T,14292.6
2023-10-30,2023,True,47,1,48.08571428571429,49.35072550785662,-1.041592394533571,-48.08571428571429,SL,14294.0
2023-10-31,2023,True,41,-1,47.67285714285715,48.92119981957512,0.9842330129064931,48.92119981957512,TP,14317.3
2023-11-01,2023,True,52,-1,48.51285714285714,53.612234140928194,-0.02473571070998879,0.7999999999992724,T,14531.0
2023-11-07,2023,False,30,-1,44.42285714285715,52.89134220203596,-1.0450218677643426,-44.42285714285715,SL,15241.9
2023-11-09,2023,False,107,-1,41.48142857142858,44.020982546020605,-0.4291076901883627,-15.799999999999272,T,15360.0
2023-11-10,2023,False,93,-1,41.32142857142858,42.80375160520816,-1.048401037165082,-41.32142857142858,SL,15326.4
2023-11-13,2023,False,98,-1,40.774285714285696,41.125417554594605,-0.4390021722373958,-15.899999999999636,T,15489.6
2023-11-14,2023,False,32,-1,40.098571428571404,43.154214416828836,1.0263261994292707,43.154214416828836,TP,15820.5
2023-11-16,2023,False,36,-1,35.19714285714282,34.601525821593896,0.9262548938678362,34.601525821593896,TP,15834.2
2023-11-20,2023,False,90,-1,33.07571428571428,35.034840145212,-0.2962898976374333,-7.799999999999272,T,15948.0
2023-11-21,2023,False,54,1,33.51571428571429,46.3122717739916,0.4206981799582394,16.100000000000364,T,15891.4
2023-11-27,2023,False,39,-1,31.471428571428596,40.1611075801884,1.212563563601083,40.1611075801884,TP,16002.2
2023-11-28,2023,False,70,-1,31.194285714285748,34.92057430884597,-1.0641143066495695,-31.194285714285748,SL,15979.0
2023-11-29,2023,False,35,1,30.154285714285734,46.20229312063748,-1.066325563767292,-30.154285714285734,SL,16102.8
2023-11-30,2023,False,30,1,31.168571428571443,33.81354687500061,-1.0641672013933448,-31.168571428571443,SL,15922.1
2023-12-01,2023,False,55,1,31.25000000000003,33.418527295072636,1.0053928734423234,33.418527295072636,TP,15851.7
2023-12-04,2023,False,46,1,32.0742857142857,36.14904328251032,-1.0623552467486193,-32.0742857142857,SL,15779.7
2023-12-05,2023,False,30,-1,31.307142857142857,66.52542796385205,-1.0638831850330823,-31.307142857142857,SL,15866.0
2023-12-06,2023,False,31,1,29.631428571428557,39.36140378221535,1.2608708247782643,39.36140378221535,TP,15893.0
2023-12-07,2023,False,45,-1,31.198571428571423,40.949061542172785,-1.0641054993360504,-31.198571428571423,SL,15952.7
2023-12-08,2023,False,30,-1,31.957142857142856,40.4557753443969,-1.0625838176128743,-31.957142857142856,SL,16010.9
2023-12-11,2023,False,30,-1,32.40999999999999,36.156485891326156,-1.0617093489663685,-32.40999999999999,SL,16152.7
2023-12-12,2023,False,30,-1,33.387142857142834,33.302867992975735,-1.05990329896025,-33.387142857142834,SL,16239.5
2023-12-14,2023,False,35,1,34.44714285714282,35.62423648325057,-1.0580599676523037,-34.44714285714282,SL,16589.1
2023-12-20,2023,False,60,-1,35.37285714285707,37.70963452994329,0.4636323250271998,18.399999999997817,T,16848.8
2023-12-21,2023,False,35,1,37.10999999999996,38.00776155047424,0.9702980746557339,38.00776155047424,TP,16675.5
2023-12-22,2023,False,95,1,36.624285714285726,39.13243559494731,0.2157038655068249,9.899999999997817,T,16780.7
2023-12-27,2023,False,43,1,35.32714285714291,37.88946621970172,0.5661369242589663,22.0,T,16867.5
2023-12-29,2023,False,71,1,31.59428571428577,38.972029717861005,-1.0633025863628143,-31.59428571428577,SL,16865.2
2024-01-02,2024,False,45,1,31.517142857142893,36.757340908287006,-1.0634575287825219,-31.517142857142893,SL,16558.1
2024-01-03,2024,False,41,1,32.418571428571475,34.258579047618696,-1.0616930330939056,-32.418571428571475,SL,16411.8
2024-01-04,2024,False,39,-1,31.710000000000036,35.95693928870969,-1.063071586250394,-31.710000000000036,SL,16349.6
2024-01-05,2024,False,31,-1,30.51428571428574,35.984425343280236,-1.0655430711610487,-30.51428571428574,SL,16354.8
2024-01-08,2024,False,30,-1,29.56142857142864,50.09601009304242,-1.0676557289904798,-29.56142857142864,SL,16467.1
2024-01-09,2024,False,40,-1,32.142857142857196,36.02245101560766,-1.0622222222222222,-32.142857142857196,SL,16571.3
2024-01-10,2024,False,32,1,33.0971428571429,35.484869431646075,1.0117148049962112,35.484869431646075,TP,16656.3
2024-01-11,2024,False,30,1,34.55714285714286,36.683185883492115,-1.0578751550227368,-34.55714285714286,SL,16797.3
2024-01-12,2024,False,30,1,34.15142857142855,47.970137070693454,-1.058562703923701,-34.15142857142855,SL,16824.1
2024-01-16,2024,False,43,-1,33.75857142857136,38.28043663471908,-1.0592442131098982,-33.75857142857136,SL,16806.0
2024-01-17,2024,False,30,1,34.19428571428559,53.86152966255759,1.5166724082465926,53.86152966255759,TP,16558.9
2024-01-18,2024,False,33,1,35.514285714285556,35.63070212466846,0.9469626503325835,35.63070212466846,TP,16863.7
2024-01-19,2024,False,96,-1,37.1014285714284,44.6332841043004,-0.47707057872244296,-15.700000000000728,T,17123.7
2024-01-22,2024,False,58,1,39.947142857142694,38.78016898471833,-1.05006615885277,-39.947142857142694,SL,17360.6
2024-01-24,2024,False,45,-1,38.0985714285713,38.70671109678369,-1.052495406651918,-38.0985714285713,SL,17578.2
2024-01-26,2024,False,61,-1,39.83571428571421,43.65593233926484,-1.050206204052358,-39.83571428571421,SL,17473.3
2024-01-30,2024,False,31,1,37.63571428571418,45.89471002710343,1.166304688516701,45.89471002710343,TP,17513.5
2024-01-31,2024,False,44,1,36.53428571428563,40.798619900604535,-1.0547430984593729,-36.53428571428563,SL,17230.4
2024-02-01,2024,False,39,-1,37.5,39.470268058114016,0.9992071482163738,39.470268058114016,TP,17258.2
2024-02-02,2024,False,30,-1,36.07999999999998,48.220484592573484,1.2810555596611284,48.220484592573484,TP,17513.4
2024-02-05,2024,False,33,1,38.73142857142858,38.88335460691087,-1.05163765122455,-38.73142857142858,SL,17572.9
2024-02-06,2024,False,30,1,38.900000000000055,54.18193260251792,-1.0514138817480718,-38.900000000000055,SL,17561.6
2024-02-07,2024,False,43,-1,39.05714285714291,56.46027937365943,-1.0512070226773957,-39.05714285714291,SL,17718.4
2024-02-08,2024,False,80,-1,38.65857142857146,40.718253079503484,-0.13709766823101466,-3.2999999999992724,T,17800.8
2024-02-09,2024,False,30,-1,35.98142857142858,39.4004784946228,-1.0555842299598999,-35.98142857142858,SL,17862.7
2024-02-12,2024,False,82,-1,36.601428571428606,37.17296702787644,-1.0546426759299012,-36.601428571428606,SL,17993.3
2024-02-13,2024,False,50,-1,37.38000000000003,36.00335150034516,-1.0535045478865703,-37.38000000000003,SL,17613.2
2024-02-14,2024,False,49,-1,38.154285714285706,41.548623309972754,1.0365447175745446,41.548623309972754,TP,17752.6
2024-02-15,2024,False,33,1,37.98142857142858,51.49789759725536,1.303213161247179,51.49789759725536,TP,17735.2
2024-02-16,2024,False,30,1,38.32571428571428,107.21209408194045,2.745208955470342,107.21209408194045,TP,17688.6
2024-02-20,2024,False,30,1,38.55571428571431,53.7377104377083,-1.0518729852903035,-38.55571428571431,SL,17492.0
2024-02-21,2024,False,34,-1,40.46428571428572,41.4889341295675,0.9758959890802203,41.4889341295675,TP,17463.6
2024-02-22,2024,False,60,-1,39.285714285714235,43.38468998410099,1.053428472322572,43.38468998410099,TP,17910.4
2024-02-23,2024,False,30,1,39.808571428571355,59.03401318179385,-1.050240436374076,-39.808571428571355,SL,18009.2
2024-02-27,2024,False,49,-1,36.808571428571305,39.03195386016523,1.0060687612402293,39.03195386016523,TP,17984.5
2024-02-28,2024,False,91,-1,35.618571428571315,39.62470873785787,-0.3537480447600191,-10.600000000002183,T,17910.1
2024-02-29,2024,False,40,1,34.80714285714276,39.74344166666924,-1.0574594705520215,-34.80714285714276,SL,17974.7
2024-03-01,2024,False,39,-1,36.51142857142851,42.92430089144182,-1.0547773691212146,-36.51142857142851,SL,18134.9
2024-03-05,2024,False,38,1,36.405714285714204,46.5401696668705,-1.054936430701617,-36.405714285714204,SL,17984.4
2024-03-06,2024,False,30,1,37.2428571428571,41.99347566360666,-1.0537015726889145,-37.2428571428571,SL,18011.5
2024-03-07,2024,False,45,-1,37.461428571428506,39.46147495682453,-1.0533882469587768,-37.461428571428506,SL,18206.3
2024-03-08,2024,False,30,-1,38.72285714285712,47.346790328258066,-1.0516490813841954,-38.72285714285712,SL,18367.9
2024-03-11,2024,True,30,1,41.75428571428566,44.74730532569447,1.0237824595588534,44.74730532569447,TP,17895.7
2024-03-12,2024,True,30,-1,39.82142857142853,52.34161932745337,-1.0502242152466368,-39.82142857142853,SL,18034.5
2024-03-13,2024,True,30,1,41.90714285714281,48.84338598901013,1.1177900184866927,48.84338598901013,TP,18063.1
2024-03-14,2024,True,30,1,40.76428571428572,106.31250560186527,2.558919008982151,106.31250560186527,TP,17957.0
2024-03-15,2024,True,31,1,41.270000000000074,41.84798732721174,0.9655436716067766,41.84798732721174,TP,17822.5
2024-03-18,2024,True,55,-1,42.30142857142866,43.5440186863234,0.9820949336539232,43.5440186863234,TP,18131.39
2024-03-19,2024,True,79,-1,42.85542857142864,43.251507531156676,-0.4550182007280284,-17.5,T,17905.94
2024-03-25,2024,True,41,-1,44.15528571428575,51.637165186686616,-0.520888940654249,-21.0,T,18296.23
2024-03-26,2024,True,61,1,42.08414285714285,43.6575803882406,0.9445362861478196,41.75,T,18320.66
2024-03-27,2024,True,30,1,41.466999999999985,43.207873157429276,-1.048231123544023,-41.466999999999985,SL,18238.83
2024-04-01,2024,True,49,1,36.00057142857139,50.01875098377786,-1.0555546737353376,-36.00057142857139,SL,18321.42
2024-04-02,2024,True,48,1,36.857714285714245,37.32293797493912,0.958359427856057,37.32293797493912,TP,18008.47
2024-04-03,2024,True,30,-1,34.41414285714283,50.9176750847073,-1.0581156418249973,-34.41414285714283,SL,18119.64
2024-04-05,2024,True,34,-1,39.165571428571326,40.95914967951467,-1.0510652577518886,-39.165571428571326,SL,18018.28
2024-04-08,2024,True,59,-1,41.1619999999999,41.93127007250223,0.9701003370220671,41.93127007250223,TP,18154.47
2024-04-09,2024,True,57,1,40.8091428571428,50.23704746943986,-1.0490086255180913,-40.8091428571428,SL,18128.18
2024-04-10,2024,True,68,-1,40.911285714285675,51.647096621683886,1.2135305883175356,51.647096621683886,TP,18042.87
2024-04-11,2024,True,45,1,39.061285714285674,60.60238427078366,1.5002676742243362,60.60238427078366,TP,18006.49
2024-04-12,2024,True,45,1,41.82999999999993,45.67134957663802,1.0440198320974923,45.67134957663802,TP,18087.92
2024-04-15,2024,True,38,1,43.2264285714285,47.36348704609554,-1.046267990812499,-43.2264285714285,SL,18085.49
2024-04-16,2024,True,45,-1,48.08399999999992,54.112980668425735,1.0837904639469642,54.112980668425735,TP,17766.06
2024-04-17,2024,True,32,1,48.05357142857133,51.967803725572594,-1.041620215533259,-48.05357142857133,SL,17705.61
2024-04-18,2024,True,64,-1,50.187428571428455,51.47270624757584,-1.0398506171152708,-50.187428571428455,SL,17519.78
2024-04-19,2024,True,45,1,52.115999999999886,57.1106441692973,-1.0383759306163176,-52.115999999999886,SL,17247.85
2024-04-22,2024,True,51,1,55.12314285714274,55.73401118433685,-1.036282401480322,-55.12314285714274,SL,17088.1
2024-04-23,2024,True,56,-1,57.33928571428561,62.16205500216165,-0.21137340392399384,-10.119999999998981,T,17411.66
2024-04-24,2024,True,85,1,57.773142857142744,59.83110161229706,-1.034618161676706,-57.773142857142744,SL,17539.92
2024-04-25,2024,True,43,-1,53.916714285714164,54.6182618744715,0.9759174417721017,54.6182618744715,TP,17272.68
2024-04-26,2024,True,33,-1,53.80928571428558,61.9809466280567,-1.0371683060544516,-53.80928571428558,SL,17676.2
2024-04-30,2024,True,98,1,53.9321428571427,56.36599713569376,-1.037083636845242,-53.9321428571427,SL,17673.3
2024-05-02,2024,True,31,1,57.51885714285699,75.44120571222084,-1.0347712054680205,-57.51885714285699,SL,17336.35
2024-05-08,2024,True,55,-1,50.04028571428566,50.98965084628435,0.45223562729460065,24.63000000000102,T,18098.27
2024-05-09,2024,True,68,-1,49.15599999999998,50.182097311961115,0.536455366588059,28.37000000000262,T,18107.4
2024-05-10,2024,True,49,1,45.27571428571423,51.83758757891337,-1.0441737923200707,-45.27571428571423,SL,18154.14
2024-05-14,2024,True,54,-1,41.262142857142784,43.51673884151023,1.0061702075253074,43.51673884151023,TP,18256.04
2024-05-15,2024,True,66,-1,40.39071428571421,43.575195895522484,-1.0495163315472087,-40.39071428571421,SL,18464.03
2024-05-16,2024,True,88,-1,39.853428571428495,40.36818017379119,0.10362972893533873,6.130000000001019,T,18658.24
2024-05-20,2024,True,30,-1,37.85628571428565,37.65881538945541,-0.023245809339106326,1.1199999999989814,T,18665.77
2024-05-21,2024,True,66,-1,35.41742857142854,43.4349958180901,0.23999483708585787,10.5,T,18680.78
2024-05-23,2024,True,30,1,29.611714285714335,36.54378990855912,1.166558260533541,36.54378990855912,TP,18803.54
2024-05-24,2024,True,30,-1,32.594285714285746,36.88947786380595,-1.061360448807854,-32.594285714285746,SL,18726.25
2024-05-28,2024,True,31,1,33.13471428571429,33.65609330157895,0.9553754720386156,33.65609330157895,TP,18791.38
2024-05-29,2024,True,54,-1,33.52471428571433,38.25679468095768,0.09694340635693058,5.25,T,18804.37
2024-05-30,2024,True,42,1,32.90328571428571,36.03320242656264,-1.060784203053972,-32.90328571428571,SL,18649.36
2024-05-31,2024,True,30,1,34.192428571428586,64.49320885604175,-1.0584924816270938,-34.192428571428586,SL,18470.2
2024-06-03,2024,True,33,1,37.46742857142859,39.59332450642978,-1.0533796974133725,-37.46742857142859,SL,18631.41
2024-06-04,2024,True,31,-1,40.58314285714291,41.65498710758402,0.9771295251127765,41.65498710758402,TP,18621.26
2024-06-05,2024,True,55,-1,40.84028571428576,47.64790749727763,-1.048971253873976,-40.84028571428576,SL,18851.64
2024-06-07,2024,True,70,-1,40.835714285714346,52.92884299396974,1.2471642503333484,52.92884299396974,TP,19053.31
2024-06-10,2024,True,82,-1,41.26071428571434,41.30007610105895,-1.0484722582878905,-41.26071428571434,SL,19030.45
2024-06-11,2024,True,71,-1,41.155428571428644,42.165786202069285,0.5255685762682979,23.62999999999738,T,19079.1
2024-06-12,2024,True,45,-1,42.89585714285718,47.791730034325155,0.07879548807579523,5.380000000001019,T,19501.55
2024-06-13,2024,True,44,1,43.752571428571436,50.6418662815413,-1.0457115989917327,-43.752571428571436,SL,19569.12
2024-06-17,2024,True,95,-1,40.07257142857146,43.86814008307192,-0.3867982374834227,-13.5,T,19725.58
2024-06-18,2024,True,102,1,43.41471428571427,46.52303673485221,1.0255287283901955,46.52303673485221,TP,19857.34
2024-06-20,2024,True,40,1,43.17585714285716,51.36196970670062,-1.0463221840248023,-43.17585714285716,SL,19906.06
2024-06-21,2024,True,91,-1,44.36700000000004,44.546767337815254,-1.0450785493722812,-44.36700000000004,SL,19749.05
2024-06-24,2024,True,31,-1,41.084857142857174,63.41225680374555,1.494766224699467,63.41225680374555,TP,19723.99
2024-06-25,2024,True,34,-1,40.15985714285718,45.30492135386157,-1.0498009739647622,-40.15985714285718,SL,19616.86
2024-06-26,2024,True,36,-1,40.204571428571484,42.69796056442283,1.0122719660555992,42.69796056442283,TP,19748.23
2024-06-27,2024,True,44,-1,37.876000000000055,50.07685889469576,1.2693224969557422,50.07685889469576,TP,19858.83
2024-06-28,2024,True,30,-1,38.79557142857152,68.87886170728962,-1.0515522758488633,-38.79557142857152,SL,19919.3
2024-07-01,2024,True,41,1,41.72057142857152,56.196100457775174,1.299025842696393,56.196100457775174,TP,19613.95
2024-07-02,2024,True,80,-1,43.294142857142916,46.437539630987885,-1.0461956252742866,-43.294142857142916,SL,19868.57
2024-07-05,2024,True,30,-1,43.72228571428579,53.786995152044256,1.18445306108787,53.786995152044256,TP,20298.93
2024-07-09,2024,True,56,1,42.783285714285796,43.90241072491335,0.9794107681384016,43.90241072491335,TP,20479.7
2024-07-10,2024,True,91,1,43.100428571428665,43.71073060402341,0.9677567482861067,43.71073060402341,TP,20499.49
2024-07-11,2024,True,39,1,41.00571428571442,49.823962405662314,-1.0487736900780378,-41.00571428571442,SL,20604.85
2024-07-12,2024,True,30,-1,47.04542857142874,90.20021119886223,-1.042512100765825,-47.04542857142874,SL,20362.4
2024-07-15,2024,True,60,-1,47.20257142857159,51.40335269223942,-1.0423705730317354,-47.20257142857159,SL,20496.55
2024-07-16,2024,True,30,1,49.07571428571443,57.350456476538966,-1.0407533548743921,-49.07571428571443,SL,20381.67
2024-07-17,2024,True,30,1,48.57385714285728,52.235910678238724,-1.0411744118676418,-48.57385714285728,SL,19990.54
2024-07-18,2024,True,61,1,50.07128571428584,79.80512831547821,-1.0399430526192657,-50.07128571428584,SL,19807.16
2024-07-19,2024,True,57,1,53.98942857142871,73.62488922226112,-1.037044289093632,-53.98942857142871,SL,19631.52
2024-07-22,2024,True,70,-1,56.268142857142976,58.64279091768549,1.0066582624113558,58.64279091768549,TP,19836.85
2024-07-23,2024,True,80,1,54.38600000000012,56.650190319393005,1.0048576898354886,56.650190319393005,TP,19771.97
2024-07-24,2024,True,30,1,53.19485714285724,52.75972437762539,-1.0375976195335745,-53.19485714285724,SL,19335.96
2024-07-25,2024,True,30,1,56.077000000000105,120.65446371370854,-1.0356652460010343,-56.077000000000105,SL,18844.96
2024-07-26,2024,True,56,-1,60.305571428571525,68.32485799128699,1.0998131088077818,68.32485799128699,TP,19016.61
2024-07-29,2024,True,30,-1,62.53414285714296,65.393198637561,1.013737387947901,65.393198637561,TP,19225.33
2024-07-30,2024,True,31,1,64.07342857142866,75.54596058242896,-1.0312141872940421,-64.07342857142866,SL,19034.71
2024-07-31,2024,True,48,-1,68.39842857142867,76.48014596484427,-0.13889207980968632,-7.5,T,19318.4
2024-08-01,2024,True,50,1,64.64442857142863,65.3807825425647,-1.0309384744238261,-64.64442857142863,SL,19386.27
2024-08-02,2024,True,34,1,71.74971428571433,78.75147384694719,-1.0278746754591357,-71.74971428571433,SL,18407.0
2024-08-05,2024,True,30,-1,72.96757142857147,241.41203853017578,-1.0274094362857864,-72.96757142857147,SL,17931.5
2024-08-06,2024,True,32,-1,80.97871428571432,92.74253693326682,-1.0246978482881746,-80.97871428571432,SL,18065.8
2024-08-08,2024,True,32,-1,87.25771428571431,90.73322571509925,-1.0229206095572394,-87.25771428571431,SL,18156.3
2024-08-09,2024,True,43,-1,89.60800000000002,89.61268325447963,0.9777328280340998,89.61268325447963,TP,18466.2
2024-08-12,2024,True,51,-1,90.0394285714286,91.89077863029524,0.998349057257561,91.89077863029524,TP,18599.9
2024-08-14,2024,True,41,1,88.1737142857143,90.87766375511274,1.0079836658249124,90.87766375511274,TP,18880.6
2024-08-20,2024,True,68,1,81.49485714285714,89.92315261107797,1.0577354574521882,88.20000000000073,T,19673.8
2024-08-21,2024,True,71,-1,80.34057142857144,92.81567219802673,1.1303836975913024,92.81567219802673,TP,19881.1
2024-08-22,2024,True,41,1,71.75385714285714,82.34696992146564,-1.0278730660571755,-71.75385714285714,SL,19804.4
2024-08-23,2024,True,30,-1,73.26428571428572,81.86552493344425,-1.0272984303402555,-73.26428571428572,SL,19741.4
2024-08-26,2024,True,38,1,66.55428571428575,73.52811715034113,-1.030050656821499,-66.55428571428575,SL,19595.6
2024-08-27,2024,True,40,-1,63.37000000000002,62.345568862278014,-1.0315606753984534,-63.37000000000002,SL,19508.6
2024-08-28,2024,True,74,1,58.33571428571434,63.80221383216485,-1.0342843149259213,-58.33571428571434,SL,19437.9
2024-08-29,2024,True,30,-1,56.74857142857151,85.6045380264004,1.4732448046138404,85.6045380264004,TP,19603.99
2024-08-30,2024,True,32,-1,58.02785714285721,61.84297295904253,1.0312800765969479,61.84297295904253,TP,19566.53
2024-09-03,2024,True,36,1,58.3250000000001,57.59501490919138,-1.0342906129447063,-58.3250000000001,SL,19280.0
2024-09-04,2024,True,30,1,62.30857142857157,81.89347676931357,1.2822228938582028,81.89347676931357,TP,18809.92
2024-09-05,2024,True,30,-1,62.27471428571438,102.08306058351809,1.6071219552182967,102.08306058351809,TP,19052.15
2024-09-06,2024,True,30,1,62.896857142857236,108.58829038791737,-1.0317980912060107,-62.896857142857236,SL,18690.28
2024-09-09,2024,True,60,1,67.58114285714292,75.91653778906038,-1.0295940541317528,-67.58114285714292,SL,18553.18
2024-09-10,2024,True,45,1,66.23785714285717,66.94376170424584,0.9804629030220542,66.94376170424584,TP,18668.33
2024-09-11,2024,True,30,1,67.73857142857143,75.25938378058709,-1.029525275744986,-67.73857142857143,SL,18730.14
2024-09-12,2024,True,47,-1,75.36357142857149,77.23751025896127,0.9983272930512628,77.23751025896127,TP,19311.98
2024-09-16,2024,True,64,1,70.85000000000007,94.19948979591209,1.301333659787043,94.19948979591209,TP,19302.57
2024-09-19,2024,True,57,-1,68.73571428571424,87.90500990689907,0.38364335446330344,28.37000000000262,T,19885.88
2024-09-20,2024,True,84,1,67.07328571428563,70.70698863754296,-1.0298181307013863,-67.07328571428563,SL,19704.16
2024-09-24,2024,True,30,1,59.89357142857126,70.2253700679139,-1.0333925653838356,-59.89357142857126,SL,19814.62
2024-09-26,2024,True,58,1,57.21128571428562,71.93520805174558,-1.034958137630188,-57.21128571428562,SL,20128.36
2024-09-27,2024,True,105,1,54.27557142857134,57.17265206752563,-0.5204919866606664,-26.25,T,20045.81
2024-09-30,2024,True,45,1,53.92785714285705,59.064520966188866,1.0581640730693724,59.064520966188866,TP,19953.5
2024-10-01,2024,True,32,1,53.10814285714275,55.75647565922918,-1.037659008438308,-53.10814285714275,SL,19825.87
2024-10-02,2024,True,32,-1,48.857714285714145,50.19243848868064,-1.0409351937404243,-48.857714285714145,SL,19749.71
2024-10-03,2024,True,30,-1,48.27728571428556,68.23274446200594,-1.0414273497444821,-48.27728571428556,SL,19852.29
2024-10-04,2024,True,30,1,49.06514285714272,108.35667494923837,-1.0407621354700458,-49.06514285714272,SL,19879.85
2024-10-08,2024,True,30,-1,49.52228571428558,84.5123029320348,-1.040385858026401,-49.52228571428558,SL,20004.34
2024-10-09,2024,True,53,-1,48.414999999999885,49.6655181011738,-1.0413095115150264,-48.414999999999885,SL,20143.08
2024-10-10,2024,True,105,-1,48.48099999999992,49.15557421664198,-0.9488253130092216,-44.0,T,20249.19
2024-10-11,2024,True,37,-1,48.225714285714226,52.434619310632115,-1.0414716511641686,-48.225714285714226,SL,20222.13
2024-10-14,2024,True,30,-1,49.26857142857137,54.989331056589435,1.0755199414176713,54.989331056589435,TP,20497.81
2024-10-15,2024,True,45,1,47.74528571428564,56.612518843252474,-1.0418889523872215,-47.74528571428564,SL,20402.68
2024-10-16,2024,True,54,-1,51.59714285714274,57.49610793769898,1.075565522907951,57.49610793769898,TP,20164.93
2024-10-17,2024,True,31,1,49.380714285714205,77.84435570246569,1.535910462202597,77.84435570246569,TP,20226.66
2024-10-21,2024,True,36,-1,47.67671428571427,47.727448426427145,0.9591149287762224,47.727448426427145,TP,20376.44
2024-10-22,2024,True,36,-1,44.27642857142855,63.88431735273116,0.643683352961105,30.5,T,20357.58
2024-10-23,2024,True,34,1,43.944000000000024,45.20531380429384,0.983190283185277,45.20531380429384,TP,20241.22
2024-10-25,2024,True,30,-1,44.85871428571424,77.73744032077957,0.9389479986369687,44.11999999999898,T,20528.42
2024-10-29,2024,True,33,-1,43.27514285714284,47.53924103119061,-1.0462159075153667,-43.27514285714284,SL,20406.15
2024-10-30,2024,True,34,-1,44.285857142857125,52.53623666985732,1.141137146941466,52.53623666985732,TP,20540.78
2024-10-31,2024,True,30,1,43.97871428571426,79.0557303341011,-1.045476545471673,-43.97871428571426,SL,20033.06
2024-11-01,2024,True,41,-1,46.54514285714286,57.7538483197568,-1.042969037739092,-46.54514285714286,SL,20079.91
2024-11-04,2024,False,31,-1,47.63585714285713,50.76246967715633,-1.0419851792317312,-47.63585714285713,SL,20035.67
2024-11-05,2024,False,30,-1,44.896571428571406,67.64782106655184,1.4622012099742365,67.64782106655184,TP,20196.07
2024-11-06,2024,False,46,-1,45.64628571428569,49.028038785978424,-1.043815175072921,-45.64628571428569,SL,20659.97
2024-11-07,2024,False,35,-1,46.55657142857142,50.09430759948373,-1.0429584898249749,-46.55657142857142,SL,21020.38
2024-11-11,2024,False,30,1,47.21742857142854,53.17141638702378,1.0837400073494856,53.17141638702378,TP,21078.92
2024-11-13,2024,False,36,1,44.00342857142854,66.27744858522419,1.4607372805254448,66.27744858522419,TP,20994.84
2024-11-14,2024,False,49,1,44.915857142857156,64.26066456785338,1.3861622270689433,64.26066456785338,TP,20957.49
2024-11-15,2024,False,37,1,44.28914285714288,45.96920650339234,-1.045157794235285,-44.28914285714288,SL,20580.35
2024-11-18,2024,False,34,-1,47.53928571428572,53.178761846062116,-1.042070468033957,-47.53928571428572,SL,20509.68
2024-11-19,2024,False,59,-1,46.24457142857142,47.78954033033369,-1.043248319493871,-46.24457142857142,SL,20528.74
2024-11-20,2024,False,32,1,47.6784285714286,53.71324482559794,-1.0419476912290373,-47.6784285714286,SL,20541.24
2024-11-21,2024,False,30,1,46.64242857142854,84.59794841015537,-1.0428794138996684,-46.64242857142854,SL,20572.06
2024-11-22,2024,False,41,1,48.93957142857144,57.38148046470815,1.1316298620542447,57.38148046470815,TP,20693.75
2024-11-25,2024,False,30,1,48.12885714285716,80.53421054035425,-1.0415551109818286,-48.12885714285716,SL,20860.96
2024-11-26,2024,False,49,1,49.19514285714291,49.553613580825186,0.9666322896737074,49.553613580825186,TP,20867.7
2024-11-27,2024,False,42,1,46.839857142857156,50.03336742904867,-1.0426986784759011,-46.839857142857156,SL,20760.15
2024-12-02,2024,False,30,-1,47.03685714285717,48.0771093846306,-1.04251984765746,-47.03685714285717,SL,21135.07
2024-12-03,2024,False,119,-1,48.88828571428572,50.32302485050241,0.9884377033163562,50.32302485050241,TP,21211.93
2024-12-04,2024,False,65,-1,48.332142857142856,54.60758561514376,0.17586640065026232,10.5,T,21448.07
2024-12-06,2024,False,30,-1,46.33042857142859,50.64704739928857,-0.12950452186622177,-4.0,T,21576.03
2024-12-09,2024,False,58,1,46.05142857142855,68.14136240166408,-1.0434297059188484,-46.05142857142855,SL,21520.1
2024-12-10,2024,False,38,-1,43.82428571428573,49.26278652571273,1.0784610805489094,49.26278652571273,TP,21572.91
2024-12-11,2024,False,30,-1,44.2601428571429,54.858435686495795,-1.0451873823917681,-44.2601428571429,SL,21676.0
2024-12-12,2024,False,67,-1,43.72771428571427,45.28111065907797,0.9897867145829251,45.28111065907797,TP,21702.36
2024-12-13,2024,False,56,1,41.34728571428573,45.137162883838755,-1.048370768853371,-41.34728571428573,SL,21792.07
2024-12-16,2024,False,30,-1,39.2077142857143,48.992038194744964,1.198540620152064,48.992038194744964,TP,21972.82
2024-12-17,2024,False,33,1,40.62342857142857,45.26651028244669,1.0650629896088353,45.26651028244669,TP,21964.46
2024-12-18,2024,False,35,-1,38.3038571428571,39.92700690298807,-1.052214062738926,-38.3038571428571,SL,22003.01
2024-12-19,2024,False,31,1,49.705571428571375,65.79364535472632,1.2834304791445763,65.79364535472632,TP,21251.1
2024-12-20,2024,False,34,-1,50.735999999999905,53.4534762307012,-1.0394197414064965,-50.735999999999905,SL,20995.14
2024-12-23,2024,False,36,1,56.71128571428562,60.32746463276271,-1.0352663491015899,-56.71128571428562,SL,21268.2
2024-12-27,2024,False,30,1,59.40271428571422,79.40101388546827,-1.0336684951866077,-59.40271428571422,SL,21380.84
2024-12-30,2024,False,30,1,63.05671428571425,74.97826163601712,1.15734323398691,74.97826163601712,TP,21002.01
2024-12-31,2024,False,39,1,64.93214285714286,69.28794439178455,1.0362809762774143,69.28794439178455,TP,21089.67
2025-01-02,2025,False,30,-1,66.2802857142857,107.38156582981901,1.589938315656742,107.38156582981901,TP,21142.77
2025-01-03,2025,False,50,1,69.22671428571428,88.4043188391297,1.2481354883104745,88.4043188391297,TP,21027.74
2025-01-07,2025,False,30,1,71.76457142857144,96.42664912420514,-1.027868904672421,-71.76457142857144,SL,21415.96
2025-01-08,2025,False,43,1,75.83099999999997,84.86456020754486,1.0927530984365876,84.86456020754486,TP,21022.23
2025-01-10,2025,False,30,1,75.95985714285713,106.02421299078924,-1.026329696700701,-75.95985714285713,SL,20750.68
2025-01-13,2025,False,36,-1,78.55657142857143,79.57151121658171,0.9874604989235637,79.57151121658171,TP,20632.28
2025-01-14,2025,False,30,1,69.17085714285719,76.21210930159577,1.0728811578599784,76.21210930159577,TP,20768.47
2025-01-15,2025,False,32,-1,69.47585714285722,72.92814814814483,1.0209035349114353,72.92814814814483,TP,21158.55
2025-01-16,2025,False,30,1,63.96871428571436,67.47473372160675,1.0235430624596549,67.47473372160675,TP,21142.4
2025-01-17,2025,False,114,-1,63.28871428571432,64.14259401489107,0.5095695237923256,34.25,T,21415.98
2025-01-21,2025,False,41,1,63.101285714285716,68.70952182829933,1.0571816576028454,68.70952182829933,TP,21378.42
2025-01-27,2025,False,58,-1,54.60199999999995,66.91141128476374,-1.0366286949196,-54.60199999999995,SL,21185.69
2025-01-28,2025,False,30,-1,54.941285714285655,69.36057661548693,-1.0364024972113088,-54.941285714285655,SL,21141.54
2025-01-29,2025,False,76,1,58.04128571428566,62.70682024357302,1.045924801569847,62.70682024357302,TP,21305.62
2025-01-30,2025,False,32,1,53.89842857142857,68.67660496217286,-1.0371068332233382,-53.89842857142857,SL,21444.7
2025-01-31,2025,False,30,-1,54.81457142857144,61.47076018148073,-1.0364866484928408,-54.81457142857144,SL,21729.05
2025-02-03,2025,False,32,1,56.37857142857143,69.2210163415657,1.1923149990902315,69.2210163415657,TP,21018.19
2025-02-04,2025,False,30,-1,58.43928571428572,80.97556450962657,-1.0342235531381776,-58.43928571428572,SL,21449.5
2025-02-05,2025,False,99,-1,57.489000000000004,60.59471819857208,1.0192335611781747,60.59471819857208,TP,21491.23
2025-02-07,2025,False,30,1,56.340428571428596,96.04010278113492,-1.0354984875108715,-56.340428571428596,SL,21711.14
2025-02-10,2025,False,38,-1,59.52085714285719,60.976668457216874,-0.4662231246669831,-25.75,T,21727.3
2025-02-11,2025,False,79,-1,58.14185714285715,60.19000423549005,1.0008280969167291,60.19000423549005,TP,21766.8
2025-02-12,2025,False,52,-1,57.848571428571454,67.44261409867977,-1.0345730231639254,-57.848571428571454,SL,21610.4
2025-02-13,2025,False,49,-1,59.63171428571431,65.57973743397088,-1.03353920013799,-59.63171428571431,SL,21883.4
2025-02-18,2025,False,31,1,57.70071428571438,62.74863211835691,0.48872878523416335,30.200000000000728,T,22075.7
2025-02-19,2025,False,38,1,53.40142857142865,54.80709238510826,0.9888704066123358,54.80709238510826,TP,22046.8
2025-02-20,2025,False,30,1,52.642857142857196,161.34303218843343,0.9592944369063763,52.5,T,21900.8
2025-02-21,2025,False,37,1,51.858571428571466,57.178483708630665,-1.0385664306768407,-51.858571428571466,SL,21990.8
2025-02-24,2025,False,30,1,53.197857142857174,112.55117643464473,-1.0375954992816574,-53.197857142857174,SL,21504.8
2025-02-25,2025,False,30,1,53.00542857142858,95.29438075971848,-1.0377319843250556,-53.00542857142858,SL,21150.7
2025-02-26,2025,False,33,-1,54.68142857142864,56.59495658738888,-1.036575489197168,-54.68142857142864,SL,21252.1
2025-02-27,2025,False,30,1,55.77071428571435,276.74445606909285,1.3412057019172743,76.79999999999927,T,20872.3
2025-02-28,2025,False,40,-1,64.52757142857153,80.21855133357167,-1.0309945029035208,-64.52757142857153,SL,20609.0
2025-03-03,2025,False,30,1,65.54214285714298,148.882705054697,2.241042154737687,148.882705054697,TP,20775.7
2025-03-04,2025,False,30,1,74.85857142857157,115.25750962278471,-1.026717047384592,-74.85857142857157,SL,20164.4
2025-03-05,2025,False,37,-1,81.81428571428582,95.61123319310354,1.144191779905228,95.61123319310354,TP,20447.3
2025-03-06,2025,False,36,-1,84.74857142857155,89.76768246229403,-1.023599217854494,-84.74857142857155,SL,20343.4
2025-03-07,2025,False,60,1,87.91428571428582,95.89469775370162,-1.0227494312642185,-87.91428571428582,SL,19992.7
2025-03-10,2025,True,31,1,93.45000000000006,93.44115613488248,-1.0214018191546281,-93.45000000000006,SL,19701.7
2025-03-11,2025,True,34,1,100.07857142857154,123.0151412664527,1.2092013259084549,123.0151412664527,TP,19351.2
2025-03-12,2025,True,62,1,104.3957142857144,109.62807949741182,-1.0191578745706584,-104.3957142857144,SL,19528.5
2025-03-13,2025,True,30,1,105.90428571428586,117.55971266449342,1.091171257943767,117.55971266449342,TP,19334.5
2025-03-14,2025,True,112,-1,104.24000000000015,105.51213280266529,-0.22352264006142436,-21.30000000000291,T,19631.6
2025-03-18,2025,True,30,1,101.98142857142864,104.14274950807885,0.007354280191071198,2.75,T,19429.35
2025-03-20,2025,True,33,-1,96.35857142857147,109.70655715811881,-1.0207558079198233,-96.35857142857147,SL,19786.75
2025-03-26,2025,True,31,1,75.99785714285723,75.78088688380376,-1.0263165314811507,-75.99785714285723,SL,20127.0
2025-03-27,2025,True,30,-1,74.85785714285724,89.10952330232976,-1.0267173023158176,-74.85785714285724,SL,19896.7
2025-03-28,2025,True,36,1,71.17642857142872,79.13110013254845,-1.0280991901411984,-71.17642857142872,SL,19600.35
2025-03-31,2025,True,38,-1,69.62714285714299,86.27232119534165,1.2103372009425521,86.27232119534165,TP,18982.75
2025-04-01,2025,True,41,1,70.0328571428573,75.3458875542201,1.047306800643656,75.3458875542201,TP,19134.1
2025-04-02,2025,True,30,-1,70.06714285714303,76.05207180785874,1.0568730047811485,76.05207180785874,TP,19403.9
2025-04-03,2025,True,34,1,72.44714285714306,78.40426431340529,-1.027606333681699,-72.44714285714306,SL,18741.45
2025-04-04,2025,True,39,1,73.95928571428594,74.92852777218286,-1.0270419052953845,-73.95928571428594,SL,17879.1
2025-04-07,2025,True,30,-1,79.38357142857167,397.9396705957952,-1.025194129767764,-79.38357142857167,SL,17188.05
2025-04-08,2025,True,30,-1,99.09857142857172,104.69534261241643,1.0362948842954531,104.69534261241643,TP,18123.0
2025-04-09,2025,True,30,-1,112.63285714285745,142.48615466354386,1.2472928257991254,142.48615466354386,TP,17404.05
2025-04-10,2025,True,31,1,138.83142857142886,151.96453312018275,1.080191529132223,151.96453312018275,TP,18461.45
2025-04-11,2025,True,52,1,147.18214285714313,183.41639990897238,1.2325978980008292,183.41639990897238,TP,18179.05
2025-04-14,2025,True,119,1,153.1364285714288,153.2439238609004,-0.7813294401350648,-117.64999999999782,T,18807.8
2025-04-23,2025,True,118,1,157.3457142857145,161.1625091161295,-0.10105137004958148,-13.900000000001455,T,18774.15
2025-04-28,2025,True,115,1,150.85142857142876,157.406107153598,0.07557104435775037,13.400000000001455,T,19229.1
2025-04-30,2025,True,90,-1,116.38928571428588,127.08186949192168,-0.6005707447298285,-67.90000000000146,T,19267.75
2025-05-01,2025,True,88,-1,93.92000000000019,98.41364106727997,1.0265506927947166,98.41364106727997,TP,19965.25
2025-05-06,2025,True,53,-1,74.88642857142871,80.8810188120915,0.005341421772036095,2.400000000001455,T,19807.65
2025-05-07,2025,True,84,1,75.28000000000013,79.80111885159931,-0.014612114771500305,0.9000000000014552,T,19758.55
2025-05-08,2025,True,85,1,71.80642857142874,95.9621392341287,1.3085477317767,95.9621392341287,TP,19907.15
2025-05-09,2025,True,56,1,73.09285714285731,87.07934077466052,-1.027362454803088,-73.09285714285731,SL,20067.55
2025-05-12,2025,True,60,1,69.64928571428588,83.47355371015146,1.1697686900102737,83.47355371015146,TP,20633.35
2025-05-13,2025,True,32,-1,67.52642857142871,67.45945959657547,-1.0296180331510414,-67.52642857142871,SL,21053.7
2025-05-15,2025,True,100,-1,61.69285714285725,62.57165557637927,-1.032418663887924,-61.69285714285725,SL,21285.15
2025-05-16,2025,True,73,1,61.14357142857158,69.28436392411095,1.1004323488482037,69.28436392411095,TP,21264.95
2025-05-19,2025,True,31,-1,58.647857142857276,67.94160669921621,-1.0341018427174296,-58.647857142857276,SL,21304.0
2025-05-21,2025,True,86,-1,53.28928571428582,59.87991997968493,-1.0375309965819985,-53.28928571428582,SL,21371.5
2025-05-22,2025,True,30,-1,56.38285714285729,93.44694343636365,1.621892682817837,93.44694343636365,TP,21222.55
2025-05-23,2025,True,42,-1,55.872142857143004,77.43063764432009,1.350058075223378,77.43063764432009,TP,20907.55
2025-05-27,2025,True,30,-1,56.66000000000017,70.37490608317603,-1.035298270384751,-56.66000000000017,SL,21266.15
2025-05-29,2025,True,34,1,54.487857142857266,60.3711328484751,-1.0367054258484851,-54.487857142857266,SL,21435.1
2025-05-30,2025,True,42,-1,54.793571428571525,63.741420649417705,1.1268004446452873,63.741420649417705,TP,21322.05
2025-06-02,2025,True,30,1,56.77500000000006,131.31021791663443,2.277590804344065,131.31021791663443,TP,21197.75
2025-06-03,2025,True,32,-1,57.40428571428581,60.832771071574825,1.0248846464948438,60.832771071574825,TP,21586.25
2025-06-04,2025,True,34,1,55.640714285714424,60.580799132156244,1.0528405302517239,60.580799132156244,TP,21653.65
2025-06-05,2025,True,71,-1,55.88571428571439,74.28556722927169,-1.0357873210633946,-55.88571428571439,SL,21789.85
2025-06-06,2025,True,110,1,57.955714285714365,63.40988679853035,1.0596002060433136,63.40988679853035,TP,21722.25
2025-06-09,2025,True,62,-1,57.367142857142916,63.610096035736206,1.0739613822002465,63.610096035736206,TP,21846.65
2025-06-12,2025,True,67,-1,52.50285714285716,54.56447190322797,1.0011735506165533,54.56447190322797,TP,21916.4
2025-06-13,2025,True,40,1,51.59714285714284,57.6759241776781,-1.0387618362035551,-51.59714285714284,SL,21665.35
2025-06-16,2025,True,30,-1,51.45857142857141,65.09976268584069,-1.0388662169290137,-51.45857142857141,SL,21926.2
2025-06-18,2025,True,43,-1,50.23999999999994,52.56081530508527,-1.0398089171974523,-50.23999999999994,SL,21813.7
2025-06-20,2025,True,30,1,47.89142857142849,60.113927915521344,-1.0417611263572366,-47.89142857142849,SL,21789.3
2025-06-23,2025,True,30,-1,47.841428571428544,57.81352272973891,-1.0418047717160859,-47.841428571428544,SL,21716.0
2025-06-24,2025,True,113,-1,48.5028571428571,52.62218228533675,0.14432139491046195,9.0,T,22150.4
2025-06-25,2025,True,103,1,47.55357142857133,50.23395957635512,-0.13458505444989943,-4.400000000001455,T,22228.9
2025-06-26,2025,True,61,-1,47.54214285714282,54.27605660932386,-0.3744046635315885,-15.799999999999272,T,22373.9
2025-06-27,2025,True,30,-1,44.492142857142824,52.848505216468766,-0.512450031305672,-20.799999999999272,T,22570.8
2025-07-01,2025,True,58,1,45.75214285714283,49.25982069213205,-1.043713799509781,-45.75214285714283,SL,22547.2
2025-07-02,2025,True,41,-1,45.751428571428555,46.308983807088225,-1.0437144819833886,-45.751428571428555,SL,22544.0
2025-07-07,2025,True,87,1,44.725714285714275,47.57835399167743,1.019063747098959,47.57835399167743,TP,22688.1
2025-07-08,2025,True,82,1,45.227857142857154,45.57037027083061,0.9633525226103198,45.57037027083061,TP,22658.5
2025-07-09,2025,True,30,-1,43.387142857142834,44.49346894813061,0.9794023332682968,44.49346894813061,TP,22909.4
2025-07-10,2025,True,30,1,43.20571428571426,81.93109963237293,1.8500122253227447,81.93109963237293,TP,22739.9
2025-07-11,2025,True,44,-1,42.725714285714275,45.91204077988368,1.0277661009067336,45.91204077988368,TP,22796.2
2025-07-14,2025,True,50,-1,41.95857142857141,42.835860115654214,-1.0476660651663205,-41.95857142857141,SL,22788.8
2025-07-15,2025,True,82,1,40.03428571428563,42.83339493093081,1.0199606213121477,42.83339493093081,TP,22943.6
2025-07-16,2025,True,36,1,37.41142857142846,52.72999271071967,1.356002554509847,52.72999271071967,TP,22780.0
2025-07-17,2025,True,30,-1,38.56285714285706,43.79012098167732,1.0836884006510403,43.79012098167732,TP,22991.4
2025-07-18,2025,True,45,1,39.304285714285605,45.302774091629544,0.6004434267436858,25.599999999998545,T,23053.4
2025-07-21,2025,True,30,-1,38.2542857142856,54.771214462674834,0.31891851519906395,14.200000000000728,T,23238.9
2025-07-22,2025,True,30,1,37.52999999999988,109.95052479430888,2.1183053557154343,81.5,T,22968.1
2025-07-23,2025,True,30,1,38.7499999999999,43.033933570739464,1.058940221180376,43.033933570739464,TP,23006.7
2025-07-24,2025,True,42,1,37.718571428571316,47.59569393122365,1.2088393649152236,47.59569393122365,TP,23160.9
2025-07-28,2025,True,109,1,35.88999999999994,37.10147884207254,0.9780295024260964,37.10147884207254,TP,23320.6
2025-07-29,2025,True,33,1,35.37999999999998,47.422571270108165,-1.056529112492934,-35.37999999999998,SL,23421.2
2025-07-30,2025,True,81,-1,35.957142857142856,38.292763430745254,1.0093339055034438,38.292763430745254,TP,23398.1
2025-07-31,2025,True,56,1,36.57857142857143,40.97519672294948,-1.0546768209334114,-36.57857142857143,SL,23488.5
2025-08-01,2025,True,30,1,40.66428571428572,114.390087746473,2.763852500352401,114.390087746473,TP,22697.6
2025-08-04,2025,True,30,-1,41.8485714285715,68.04497219802215,-0.05496006008063202,-0.3000000000029104,T,23137.1
2025-08-05,2025,True,43,1,42.50285714285726,42.54738277512661,-1.0470556601236891,-42.50285714285726,SL,23192.5
2025-08-06,2025,True,33,-1,42.770000000000074,48.0514344816911,1.0767228076149409,48.0514344816911,TP,23140.1
2025-08-07,2025,True,54,1,43.937142857142945,51.059783737338876,-1.045519573416569,-43.937142857142945,SL,23454.3
2025-08-08,2025,True,31,-1,46.735714285714344,46.83848103985292,-1.0427938254623261,-46.735714285714344,SL,23547.9
2025-08-12,2025,True,30,1,46.76857142857148,103.06445729050029,2.160948136824184,103.06445729050029,TP,23528.2
2025-08-13,2025,True,41,1,48.86142857142862,50.91111488893148,-1.0409320819811128,-48.86142857142862,SL,23879.7
2025-08-14,2025,True,61,-1,49.71285714285717,52.30693815496488,1.0119502488139143,52.30693815496488,TP,23878.7
2025-08-18,2025,True,77,1,51.172857142857076,54.30329685399556,1.0220906115908808,54.30329685399556,TP,23636.4
2025-08-19,2025,True,58,1,49.37285714285707,58.01510625175797,-1.0405080871502561,-49.37285714285707,SL,23548.6
2025-08-20,2025,True,30,1,50.95428571428565,106.91521029581781,-1.0392508691263878,-50.95428571428565,SL,23109.3
2025-08-21,2025,True,42,-1,50.28857142857139,51.500254175745795,-1.039770467587069,-50.28857142857139,SL,23217.7
2025-08-22,2025,True,30,-1,49.165714285714216,170.92662101671522,-1.0406787540678755,-49.165714285714216,SL,23386.2
2025-08-25,2025,True,37,-1,52.442857142857044,53.33103149083763,-1.0381367474802508,-52.442857142857044,SL,23478.3
2025-08-27,2025,True,49,-1,49.117142857142824,60.14978837491435,-0.5782095282415517,-26.400000000001455,T,23535.1
2025-08-28,2025,True,30,1,46.76000000000001,69.6913620512787,1.4476339189751644,69.6913620512787,TP,23540.6
2025-08-29,2025,True,31,1,47.2414285714286,58.94815586787445,-1.042335722277662,-47.2414285714286,SL,23470.9
2025-09-02,2025,True,30,-1,47.95571428571431,85.80238555368487,1.7474953048222879,85.80238555368487,TP,23208.6
2025-09-03,2025,True,37,-1,47.0971428571429,54.192821722925146,1.1081950741945998,54.192821722925146,TP,23413.5
2025-09-04,2025,True,33,1,47.441428571428645,47.32712024837019,0.9554332913926672,47.32712024837019,TP,23398.0
2025-09-05,2025,True,37,1,48.937142857142945,58.4847826450532,-1.0408687529191967,-48.937142857142945,SL,23749.8
2025-09-09,2025,True,64,1,52.517142857142915,65.94506941325017,0.5331592405201017,30.0,T,23720.7
2025-09-11,2025,True,106,-1,47.321428571428676,49.49602250517637,0.0718490566037273,5.399999999997817,T,24000.8
2025-09-12,2025,True,80,-1,46.00428571428581,46.67448847525884,0.0804272893829924,5.700000000000728,T,24077.0
2025-09-17,2025,True,58,1,40.35571428571441,41.74199143677106,-0.738433218874984,-27.799999999999272,T,24188.5
2025-09-18,2025,True,32,-1,42.30714285714296,46.92706184571216,-1.0472733412122235,-42.30714285714296,SL,24468.5
2025-09-19,2025,True,112,1,42.15571428571442,44.72645274797833,1.013538816075934,44.72645274797833,TP,24479.3
2025-09-22,2025,True,70,-1,40.92142857142868,46.13679101402522,0.041543026706160224,3.6999999999970896,T,24665.6
2025-09-25,2025,True,35,-1,40.60571428571441,57.7040385062719,-1.0492541514213338,-40.60571428571441,SL,24300.1
2025-09-26,2025,True,31,-1,38.86714285714297,42.691537580620206,1.0469392548400802,42.691537580620206,TP,24499.6
2025-09-29,2025,True,37,-1,40.16285714285727,42.68894965642903,1.0130989812726838,42.68894965642903,TP,24731.8
2025-09-30,2025,True,78,-1,40.642857142857196,54.66287263547929,1.295747305618118,54.66287263547929,TP,24608.5
2025-10-01,2025,True,48,-1,40.31142857142862,40.83128461580054,-1.0496137217378978,-40.31142857142862,SL,24623.9
2025-10-02,2025,True,76,1,42.800000000000004,42.43746196061693,0.9448005130985263,42.43746196061693,TP,24812.3
2025-10-03,2025,True,30,1,43.05999999999996,50.365766708069714,1.1232179913625118,50.365766708069714,TP,24879.5
2025-10-07,2025,True,86,1,45.121428571428524,45.69161066223023,-1.0443248377394334,-45.121428571428524,SL,24975.6
2025-10-08,2025,True,30,-1,44.72428571428568,45.88315488936132,-1.0447184335771553,-44.72428571428568,SL,24988.9
2025-10-09,2025,True,61,1,45.435714285714184,48.99807523475465,1.0343861865847612,48.99807523475465,TP,25029.2
2025-10-10,2025,True,87,1,45.28428571428563,78.25605560077747,-1.0441654310861541,-45.28428571428563,SL,25075.5
2025-10-13,2025,True,30,-1,56.55142857142845,89.10963124545378,1.5403612861066482,89.10963124545378,TP,24726.1
2025-10-14,2025,True,34,-1,56.607142857142755,73.85705869397134,-1.0353312302839117,-56.607142857142755,SL,24425.8
2025-10-15,2025,True,30,-1,60.2042857142856,65.34438584374584,-1.033220226372114,-60.2042857142856,SL,24856.9
2025-10-16,2025,True,67,-1,62.729999999999876,64.57602337502612,0.9975454069030169,64.57602337502612,TP,24965.8
2025-10-17,2025,True,32,-1,67.20999999999991,80.75779273529042,-1.0297574765659872,-67.20999999999991,SL,24687.8
2025-10-20,2025,True,75,-1,69.86285714285712,70.64349069703167,-0.20039260592180605,-12.0,T,25141.0
2025-10-22,2025,True,57,1,68.14428571428574,85.40459609234313,-1.0293494895285213,-68.14428571428574,SL,24988.1
2025-10-30,2025,True,30,-1,72.7085714285714,103.23533328994745,1.3923438640160963,103.23533328994745,TP,26015.6
2025-11-03,2025,False,35,1,63.87285714285712,72.95280391623965,-1.0313122050502115,-63.87285714285712,SL,25959.7
2025-11-04,2025,False,30,-1,59.93571428571423,105.21457013949475,1.7220879298688212,105.21457013949475,TP,25744.7
2025-11-05,2025,False,30,-1,58.475714285714275,98.08231045423963,-1.0342022329172063,-58.475714285714275,SL,25557.0
2025-11-06,2025,False,30,1,56.400000000000006,123.56214007059316,-1.0354609929078014,-56.400000000000006,SL,25360.2
2025-11-07,2025,False,36,1,57.855714285714264,94.8270073490603,1.6044570271943068,94.8270073490603,TP,24780.8
2025-11-10,2025,False,81,1,61.15999999999996,76.177434600384,-1.0327011118378024,-61.15999999999996,SL,25445.0
2025-11-11,2025,False,63,1,63.46571428571422,68.89300363607254,1.0540022181886919,68.89300363607254,TP,25415.8
2025-11-12,2025,False,66,1,59.59571428571425,85.5619428022037,-0.0973224344991129,-3.7999999999992724,T,25432.3
2025-11-13,2025,False,39,-1,59.70142857142855,67.10302211262388,1.0904767887544382,67.10302211262388,TP,25339.7
2025-11-14,2025,False,30,-1,64.86857142857143,95.26353701244079,-1.030831571529246,-64.86857142857143,SL,24834.7
2025-11-17,2025,False,38,1,71.78285714285714,79.80222632106597,-1.0278618054449928,-71.78285714285714,SL,24996.0
2025-11-18,2025,False,30,1,76.07857142857144,131.56382469165692,-1.0262886113979908,-76.07857142857144,SL,24447.8
2025-11-19,2025,False,30,-1,78.54285714285714,159.850126132671,-1.0254638050200073,-78.54285714285714,SL,24813.3
2025-11-20,2025,False,90,1,80.95,101.10689792246194,-1.0247066090179122,-80.95,SL,25044.5
2025-11-21,2025,False,32,1,93.79714285714284,104.15861749272153,1.0891442359637071,104.15861749272153,TP,24023.8
2025-11-24,2025,False,35,-1,99.78857142857144,102.57951425186184,-1.0200423753077936,-99.78857142857144,SL,24693.2
2025-11-25,2025,False,76,-1,101.53285714285714,103.472214743917,0.999402731286732,103.472214743917,TP,24801.3
2025-11-26,2025,False,116,-1,103.61428571428567,106.37360439916665,-0.18530263339308584,-17.200000000000728,T,25274.3
2025-12-02,2025,False,112,1,97.58571428571423,98.8370708203729,0.08402869272431512,10.19999999999709,T,25449.4
2025-12-08,2025,False,56,1,92.44714285714291,98.7377054663666,-0.3212646608873101,-27.700000000000728,T,25630.7
2025-12-11,2025,False,30,1,80.52571428571429,123.49488988263693,1.5087713404386505,123.49488988263693,TP,25376.9
2025-12-12,2025,False,37,1,78.4985714285714,91.29738868081404,-1.0254781706673461,-78.4985714285714,SL,25436.0
2025-12-15,2025,False,30,1,68.34857142857139,89.3261280883562,-1.0292617674107516,-68.34857142857139,SL,25191.5
2025-12-16,2025,False,30,-1,64.15571428571427,80.75380910682725,1.2275416147048273,80.75380910682725,TP,25134.5
2025-12-17,2025,False,65,1,61.18571428571423,85.57185329341155,-1.0326873686668223,-61.18571428571423,SL,24980.2
2025-12-18,2025,False,56,-1,61.30857142857141,80.93450346579266,-1.0326218659707336,-61.30857142857141,SL,25084.2
2025-12-19,2025,False,30,-1,61.429999999999986,73.47245525548715,1.1634780279258858,73.47245525548715,TP,25337.5
2025-12-22,2025,False,66,1,60.79857142857145,65.31110695587631,1.041325568484067,65.31110695587631,TP,25406.1
2025-12-23,2025,False,32,1,59.49857142857145,61.33326733095237,0.9972217131663819,61.33326733095237,TP,25415.6
2025-12-29,2025,False,41,1,56.85999999999996,66.0229651258669,1.1259754682706111,66.0229651258669,TP,25456.9
2025-12-30,2025,False,110,-1,56.177142857142826,59.902327348736435,1.0307097229202402,59.902327348736435,TP,25567.3
2025-12-31,2025,False,85,1,53.73428571428568,54.63224096260819,0.9794908457974626,54.63224096260819,TP,25339.5
2026-01-02,2026,False,30,-1,54.76428571428571,59.281841408886976,1.0459707574336998,59.281841408886976,TP,25565.0
2026-01-05,2026,False,58,-1,57.34714285714284,58.5756688382171,0.2667962035722801,17.30000000000291,T,25493.4
2026-01-06,2026,False,30,-1,54.948571428571455,73.01387453254574,1.292369804824823,73.01387453254574,TP,25579.2
2026-01-07,2026,False,65,-1,51.0514285714286,52.59506762133242,0.9910607604357698,52.59506762133242,TP,25717.5
2026-01-08,2026,False,30,1,48.971428571428625,76.38817788758388,1.51901180050492,76.38817788758388,TP,25412.9
2026-01-09,2026,False,36,1,48.534285714285794,51.189411805815325,-1.04120798257491,-48.534285714285794,SL,25496.6
2026-01-12,2026,False,55,-1,46.02142857142863,49.516743749336456,1.0324917158011944,49.516743749336456,TP,25762.0
2026-01-13,2026,False,32,1,46.42428571428578,68.91822602684988,-1.0430808997753638,-46.42428571428578,SL,25740.2
2026-01-14,2026,False,30,1,46.35000000000005,122.5085193545674,2.59996805511472,122.5085193545674,TP,25377.0
2026-01-15,2026,False,76,1,49.18857142857149,57.094067941859976,1.1200583050447819,57.094067941859976,TP,25666.2
2026-01-16,2026,False,30,1,50.370000000000076,96.51327897863666,-1.0397061743101053,-50.370000000000076,SL,25570.8
2026-01-20,2026,False,55,-1,53.210000000000065,55.712234391729,-1.0375869197519263,-53.210000000000065,SL,25206.4
2026-01-21,2026,False,30,-1,55.468571428571465,107.36739567152836,-1.0360564541052848,-55.468571428571465,SL,25184.8
2026-01-22,2026,False,30,1,61.172857142857175,70.85232168301081,1.1255371237969114,70.85232168301081,TP,25417.2
2026-01-23,2026,False,30,-1,60.38285714285719,62.39079571553884,-1.0331219835336425,-60.38285714285719,SL,25541.6
2026-01-26,2026,False,50,-1,57.018571428571526,62.39762261473152,-0.5121138476185823,-27.200000000000728,T,25749.2
2026-01-27,2026,False,30,-1,57.85857142857151,61.63470217089343,-1.0345670477272166,-57.85857142857151,SL,25917.8
2026-01-28,2026,False,74,1,57.45142857142866,58.46128715171653,-1.0348120151183609,-57.45142857142866,SL,26055.2
2026-01-29,2026,False,30,1,56.99142857142864,180.68660899509996,-1.0350929964405675,-56.99142857142864,SL,25683.0
2026-01-30,2026,False,59,1,62.78428571428579,79.78416517842925,1.2389113660128879,79.78416517842925,TP,25674.0
2026-02-02,2026,False,33,-1,62.76285714285722,65.7162924193799,-1.031865980789366,-62.76285714285722,SL,25674.0
2026-02-03,2026,False,30,1,64.5485714285715,173.6830170855901,-1.030984419263456,-64.5485714285715,SL,25499.2
2026-02-04,2026,False,30,1,71.56000000000006,144.79586581904368,1.9954704558278866,144.79586581904368,TP,25047.9
2026-02-05,2026,False,30,1,74.96714285714287,116.89641967186981,-1.0266783543266573,-74.96714285714287,SL,24624.5
2026-02-06,2026,False,33,1,76.94714285714285,82.10190601862269,1.0409990942397542,82.10190601862269,TP,24698.6
2026-02-09,2026,False,36,-1,80.18714285714285,84.455347509891,-1.0249416543443017,-80.18714285714285,SL,25112.3
2026-02-10,2026,False,36,-1,82.21428571428572,90.74725286325338,1.0794626760082946,90.74725286325338,TP,25350.3
2026-02-11,2026,False,32,1,78.28000000000003,93.7734419054832,-1.0255493101686255,-78.28000000000003,SL,25195.0
2026-02-12,2026,False,30,1,81.35142857142856,115.1927487352441,-1.0245846942717662,-81.35142857142856,SL,25106.1
2026-02-13,2026,False,41,-1,86.8928571428571,89.6888795555351,1.009160964880799,89.6888795555351,TP,24750.5
2026-02-17,2026,False,30,1,89.5985714285714,154.8372902111987,1.7058005253246882,154.8372902111987,TP,24431.1
2026-02-18,2026,False,30,-1,93.0885714285714,115.25136618662873,-1.021484914520733,-93.0885714285714,SL,24887.2
2026-02-19,2026,False,33,-1,95.6471428571428,96.04492997199122,0.9832487114900587,96.04492997199122,TP,24874.9
2026-02-20,2026,False,31,-1,89.52571428571423,196.42360638784885,2.17170684354845,196.42360638784885,TP,25006.6
2026-02-23,2026,False,82,1,90.8442857142857,116.97924333215633,-1.0220156940447547,-90.8442857142857,SL,24721.7
2026-02-24,2026,False,56,-1,90.39999999999995,104.22637979313004,-0.6073008849557686,-52.900000000001455,T,24920.5
2026-02-26,2026,False,31,1,80.26428571428572,99.18754337126302,-1.024917682655513,-80.26428571428572,SL,25094.7
2026-02-27,2026,False,38,-1,81.37142857142857,88.99096949512386,0.05161516853933479,6.200000000000728,T,24933.5
2026-03-02,2026,False,41,-1,77.48285714285714,84.47165144596147,1.064385781411059,84.47165144596147,TP,24893.3
2026-03-03,2026,False,47,1,77.80999999999996,80.83550866639052,-1.0257036370646446,-77.80999999999996,SL,24416.1
2026-03-04,2026,False,39,-1,81.37142857142852,83.83558131738027,-1.0245786516853932,-81.37142857142852,SL,24960.5
2026-03-05,2026,False,30,-1,81.11999999999998,101.43220615291648,1.2257421863032114,101.43220615291648,TP,25169.5
2026-03-06,2026,False,32,-1,77.71571428571427,79.95139366674994,1.0030325833481915,79.95139366674994,TP,24735.7
2026-03-09,2026,True,66,-1,76.26428571428566,78.67096719264373,-1.0262245949236677,-76.26428571428566,SL,24455.6
2026-03-10,2026,True,39,1,80.46999999999997,94.20928674698735,1.1458840157448413,94.20928674698735,TP,24874.7
2026-03-11,2026,True,30,-1,79.72714285714284,100.47554680126632,1.235157102992106,100.47554680126632,TP,25148.9
2026-03-12,2026,True,59,1,81.0971428571428,105.19313387035072,0.5844842164599958,49.400000000001455,T,24593.0
2026-03-13,2026,True,71,1,78.68999999999988,81.018000671771,-1.025416190113102,-78.68999999999988,SL,24599.0
2026-03-18,2026,True,55,1,76.14857142857134,79.26439824919362,0.4464955725649112,36.0,T,24634.2
2026-03-19,2026,True,30,-1,74.20714285714281,102.39269094120755,1.3528709916035293,102.39269094120755,TP,24305.4
2026-03-20,2026,True,30,1,75.85999999999996,109.4611231592171,0.3994199841813774,32.29999999999927,T,24061.8
2026-03-23,2026,True,45,-1,76.18428571428568,78.62239518815113,1.0057506540851284,78.62239518815113,TP,24417.0
2026-03-24,2026,True,82,-1,74.50999999999996,77.80951107147848,1.0174407605888944,77.80951107147848,TP,24084.8
2026-03-26,2026,True,83,1,72.51571428571427,86.2281837625851,0.16548137349540004,14.0,T,23873.2
2026-03-27,2026,True,31,1,72.92142857142852,81.02822120866404,1.0837448299748234,81.02822120866404,TP,23294.3
2026-03-30,2026,True,71,1,73.94428571428564,76.09341735235648,1.0020168108546896,76.09341735235648,TP,23105.1
2026-03-31,2026,True,30,-1,70.81714285714277,95.14185927067592,1.3152445229055358,95.14185927067592,TP,23388.5
2026-04-01,2026,True,79,-1,74.69285714285705,81.75206400741808,-1.0267763220809027,-74.69285714285705,SL,24052.6
2026-04-02,2026,True,30,-1,74.66428571428561,114.5596870255722,-1.026786568449249,-74.66428571428561,SL,23719.0
2026-04-07,2026,True,30,1,75.88428571428564,89.41649635614522,-1.026355917844839,-75.88428571428564,SL,23934.1
2026-04-08,2026,True,82,1,79.37714285714273,83.59646879894717,1.027959257059663,83.59646879894717,TP,24829.4
2026-04-13,2026,True,30,-1,78.13571428571424,95.2895957507244,0.14078069293354062,13.0,T,25158.2
2026-04-15,2026,True,61,-1,75.81714285714281,81.07844894208392,-0.7135589388001498,-52.10000000000218,T,25981.8
2026-04-16,2026,True,95,-1,77.86571428571422,79.67580150543654,-1.0256852456610281,-77.86571428571422,SL,26285.0
2026-04-17,2026,True,69,-1,75.37857142857138,75.3425574588,-0.02520610253005729,0.10000000000218279,T,26650.2
2026-04-20,2026,True,81,1,73.40285714285716,86.65258819195151,-1.0272468958000855,-73.40285714285716,SL,26504.0
2026-04-21,2026,True,30,-1,69.70142857142861,70.64478964401496,0.9848404982642383,70.64478964401496,TP,26690.2
2026-04-22,2026,True,45,-1,65.96428571428577,79.48409241470654,-1.0303194369247428,-65.96428571428577,SL,26789.0
2026-04-23,2026,True,87,-1,65.61857142857153,73.43879471034234,0.1600156750048982,12.5,T,26954.8
2026-04-24,2026,True,86,-1,64.0871428571429,68.94600274490222,-1.0312075076346938,-64.0871428571429,SL,27146.9
2026-04-28,2026,True,65,1,61.12142857142868,73.28347163420403,-1.032721748276265,-61.12142857142868,SL,26978.1
2026-04-29,2026,True,58,-1,59.95000000000006,71.59205435038166,0.46705587989991615,30.0,T,27137.9
2026-04-30,2026,True,38,1,58.580000000000034,97.38623355820528,1.6283071621407514,97.38623355820528,TP,27075.5
2026-05-01,2026,True,30,-1,62.61857142857142,93.82496747486584,1.4664174761573723,93.82496747486584,TP,27739.2
2026-05-04,2026,True,109,1,61.288571428571395,96.66346328196232,-1.0326325113048342,-61.288571428571395,SL,27667.9
2026-05-06,2026,True,70,-1,58.452857142857106,67.23177472984389,-1.0342156072048294,-58.452857142857106,SL,28401.6
2026-05-07,2026,True,36,-1,59.86714285714282,61.41402948321411,-1.0334073066552127,-59.86714285714282,SL,28707.5
2026-05-08,2026,True,30,-1,61.91142857142851,93.09224585165066,-1.0323042133924039,-61.91142857142851,SL,28988.5
2026-05-11,2026,True,58,1,65.08857142857134,66.34692722144973,0.988605615535202,66.34692722144973,TP,29196.8
2026-05-12,2026,True,30,1,63.63571428571419,76.47413639703882,1.170319799706527,76.47413639703882,TP,29019.8
2026-05-13,2026,True,64,-1,67.55999999999992,82.14291687760851,-1.029603315571344,-67.55999999999992,SL,29171.2
2026-05-14,2026,True,69,-1,67.74571428571424,72.61730864459241,-1.029522162709291,-67.74571428571424,SL,29571.7
2026-05-15,2026,True,43,-1,67.6428571428571,79.7791369405495,-1.0295670538542767,-67.6428571428571,SL,29180.0
2026-05-18,2026,True,31,1,71.1885714285714,81.02964711910681,1.1101451473626345,81.02964711910681,TP,29067.5
2026-05-19,2026,True,32,1,75.45571428571427,81.99933891892579,-1.02650561351029,-75.45571428571427,SL,28778.4
2026-05-20,2026,True,46,-1,79.0385714285714,111.53885694108249,-1.0253041010718094,-79.0385714285714,SL,29117.5
2026-05-21,2026,True,50,1,78.11857142857143,108.03556469794785,1.3573669200402958,108.03556469794785,TP,29053.2
2026-05-22,2026,True,36,1,79.96142857142861,85.2460829644333,1.0410779853697905,85.2460829644333,TP,29455.0
2026-05-26,2026,True,30,-1,79.08428571428574,81.63936911264682,-1.0252894741595766,-79.08428571428574,SL,29932.8
2026-05-27,2026,True,55,1,80.19285714285719,114.87081537703125,0.10848846530685856,10.700000000000728,T,29853.3
2026-05-28,2026,True,42,-1,79.15000000000006,144.1157191965758,-1.0252684775742262,-79.15000000000006,SL,30070.0
2026-05-29,2026,True,56,1,79.49857142857145,105.14319331379738,0.12830419234847898,12.200000000000728,T,30277.3
2026-06-01,2026,True,30,1,76.42428571428573,89.52146742275363,1.1452049123488706,89.52146742275363,TP,30251.9
2026-06-02,2026,True,30,-1,78.81428571428572,82.5943725997422,-1.0253761102048216,-78.81428571428572,SL,30545.4
2026-06-04,2026,True,34,1,72.6528571428571,72.66983024691217,0.972705452009331,72.66983024691217,TP,30142.6
2026-06-05,2026,True,30,1,74.44142857142855,149.14862588146207,1.9767034124052176,149.14862588146207,TP,29729.3
2026-06-08,2026,True,30,1,84.77571428571429,101.16533408620671,1.1697375235553427,101.16533408620671,TP,29326.4
2026-06-09,2026,True,39,1,82.93285714285713,86.68689583332161,-1.0241158940967736,-82.93285714285713,SL,29592.4
2026-06-10,2026,True,38,-1,99.43285714285713,102.70413575281418,-1.020114075542721,-99.43285714285713,SL,29071.2
2026-06-11,2026,True,30,-1,104.66857142857141,143.46550400723208,1.3515566523593174,143.46550400723208,TP,28928.7
2026-06-12,2026,True,33,-1,112.32714285714283,135.7147940074974,-1.0178051355097992,-112.32714285714283,SL,29465.3
2026-06-16,2026,True,53,1,116.34999999999997,133.7022994652507,-1.0171895143962184,-116.34999999999997,SL,30364.2
2026-06-18,2026,True,78,-1,123.3342857142857,130.28668376375936,1.040154268707943,130.28668376375936,TP,30339.3
2026-06-22,2026,True,57,1,125.1314285714286,127.61313757071548,-1.0159831948123117,-125.1314285714286,SL,30433.3
2026-06-23,2026,True,30,-1,126.04000000000003,159.07411853529265,1.2462243615938797,159.07411853529265,TP,29649.1
2026-06-24,2026,True,76,-1,128.4828571428572,143.78039457835985,1.1034965888150932,143.78039457835985,TP,29536.3
2026-06-25,2026,True,30,1,133.20857142857147,354.8115835559511,2.6485651769423426,354.8115835559511,TP,29080.1
2026-06-26,2026,True,30,-1,139.56714285714287,197.20636570194984,-1.0143300203691004,-139.56714285714287,SL,29212.7
2026-06-29,2026,True,30,1,131.1314285714286,143.68663871744866,-1.0152518738016385,-131.1314285714286,SL,29286.1
2026-06-30,2026,True,33,-1,136.67714285714288,140.30161127895553,-0.5867842883123994,-78.20000000000073,T,30104.0
2026-07-02,2026,True,32,-1,115.13428571428574,117.42840743504712,1.002554597172655,117.42840743504712,TP,30020.5
2026-07-07,2026,True,41,1,112.09000000000003,115.17850278197875,-1.0178428048889285,-112.09000000000003,SL,29154.8
2026-07-08,2026,True,77,1,114.49857142857145,122.23989565426382,-1.0174674668430048,-114.49857142857145,SL,28952.7
2026-07-09,2026,True,45,1,112.73857142857145,134.09853170883434,1.1717243711264242,134.09853170883434,TP,29494.8
2026-07-10,2026,True,62,1,109.27714285714288,151.19186585459101,1.365261407407296,151.19186585459101,TP,29548.9
2026-07-13,2026,True,90,-1,109.36714285714287,113.81962148622551,1.022424272638137,113.81962148622551,TP,29533.2
2026-07-14,2026,True,45,1,107.8342857142857,116.70716609041483,1.0637355765896137,116.70716609041483,TP,29407.9
2026-07-15,2026,True,53,1,105.84714285714286,136.73757381999894,-1.0188951722834816,-105.84714285714286,SL,29500.7
2026-07-20,2026,True,30,1,98.66999999999997,101.37074048282375,-1.0202695854869768,-98.66999999999997,SL,28823.3
2026-07-21,2026,True,99,-1,97.12714285714277,101.74874186126544,0.1307564458956672,14.700000000000728,T,29100.7
2026-07-22,2026,True,30,-1,90.00857142857137,96.58301100628523,1.050822266203214,96.58301100628523,TP,29110.7
2026-07-23,2026,True,63,1,85.50285714285705,103.25437290519767,1.1842220984033691,103.25437290519767,TP,28484.6
2026-07-24,2026,True,31,1,87.61857142857133,88.49503915484456,-1.0228262110120163,-87.61857142857133,SL,28203.9
2026-07-27,2026,True,30,1,79.78142857142842,116.53839681811223,-1.0250684906977994,-79.78142857142842,SL,28208.2
2026-07-28,2026,True,39,1,84.92142857142846,88.93522150236095,1.0237136016763855,88.93522150236095,TP,27519.4
2026-07-29,2026,True,30,1,84.9357142857142,88.99114783789264,-1.0235472205869987,-84.9357142857142,SL,27604.0
2026-07-30,2026,True,30,-1,89.33571428571419,166.70522756629362,-1.0223874630207084,-89.33571428571419,SL,28009.0
2026-07-31,2026,True,30,1,91.02999999999987,133.09820002249035,-1.0219707788641108,-91.02999999999987,SL,28218.4
2026-08-03,2026,True,30,-1,94.57999999999987,120.90515467816294,-1.0211461196870375,-94.57999999999987,SL,28482.6
2026-08-04,2026,True,102,-1,98.74571428571414,110.47990681915326,-0.6157229246838858,-58.79999999999927,T,29492.2
2026-08-05,2026,True,61,1,104.65428571428555,126.9306838729317,-1.0191105408283054,-104.65428571428555,SL,29742.7
2026-08-06,2026,True,38,-1,103.27857142857134,109.99167953492724,-1.0193651013209766,-103.27857142857134,SL,29454.9
2026-08-07,2026,True,34,1,103.22428571428561,116.0593048878145,1.1049657946146427,116.0593048878145,TP,29504.1
2026-08-13,2026,True,30,-1,96.62571428571422,125.4127897301878,0.671663857594821,66.89999999999782,T,30076.8
2026-08-14,2026,True,111,1,96.53999999999995,99.12825588163832,-0.18127201160140885,-15.5,T,29984.5
2026-08-18,2026,True,41,1,86.71999999999991,91.33781124497546,1.0301869377880022,91.33781124497546,TP,29492.4
2026-08-19,2026,True,30,1,79.22142857142853,101.40763793888618,-1.0252456947074204,-79.22142857142853,SL,29380.8
2026-08-21,2026,True,48,1,71.92714285714283,77.80686732399408,1.0539396438220399,77.80686732399408,TP,29156.0
2026-08-24,2026,True,32,1,66.52428571428572,68.74683451925011,1.0033453768435818,68.74683451925011,TP,28899.8
2026-08-25,2026,True,32,1,60.095714285714294,68.63156513179274,-1.033280243421209,-60.095714285714294,SL,29198.6
2026-08-26,2026,True,52,1,56.852857142857104,60.43307311812532,1.0277948383719313,60.43307311812532,TP,29144.2
2026-08-27,2026,True,42,-1,53.47714285714283,58.66578225068588,-1.0373991558476252,-53.47714285714283,SL,29509.3
2026-08-28,2026,True,36,1,53.24285714285709,54.231098659845884,-1.0375637241749396,-53.24285714285709,SL,29530.9
2026-08-31,2026,True,55,1,56.02571428571422,61.101646843548224,1.054902156930078,61.101646843548224,TP,29304.3
2026-09-01,2026,True,60,-1,54.25999999999991,61.86695319962382,-1.0368595650571324,-54.25999999999991,SL,29132.5
2026-09-02,2026,True,46,-1,56.152857142857044,66.54129092756557,-1.0356170656626047,-56.152857142857044,SL,29093.0
2026-09-03,2026,True,89,-1,53.07571428571422,55.5263128643237,-1.0376820176028854,-53.07571428571422,SL,29315.2
2026-09-04,2026,True,61,1,55.031428571428535,55.6600043544604,-1.0363428690099163,-55.031428571428535,SL,29523.9
2026-09-08,2026,True,31,1,54.887142857142784,72.34248813127851,1.281584073602848,72.34248813127851,TP,29436.6
2026-09-09,2026,True,30,-1,54.97857142857132,64.68284308025977,1.1401322633800683,64.68284308025977,TP,29533.5
2026-09-10,2026,True,52,-1,53.13571428571413,54.824961968992284,-1.037639467670386,-53.13571428571413,SL,29166.0
2026-09-11,2026,True,73,1,52.409999999999854,58.07183061718024,1.0698689299213966,58.07183061718024,TP,29331.3
2026-09-14,2026,True,30,-1,50.928571428571274,60.02975051809335,-1.0392706872370268,-50.928571428571274,SL,29001.0
2026-09-15,2026,True,41,1,52.75857142857131,52.95181264326675,-1.037908532127481,-52.75857142857131,SL,29045.1
2026-09-16,2026,True,89,-1,52.482857142857085,53.81556866601386,-0.03239152920682973,0.2999999999992724,T,29194.0
2026-09-17,2026,True,57,-1,56.55285714285705,64.3466821037182,1.1024497302802134,64.3466821037182,TP,29430.6
2026-09-18,2026,True,31,1,55.24857142857135,55.37711302162643,-1.0362000310285981,-55.24857142857135,SL,29459.2
2026-09-21,2026,True,30,-1,53.85714285714286,87.65586286372854,-1.0371352785145889,-53.85714285714286,SL,30126.9
2026-09-22,2026,True,45,-1,60.348571428571454,65.65770418340253,1.05483365515533,65.65770418340253,TP,30675.1
2026-09-23,2026,True,32,1,60.16571428571432,66.4602018396472,-1.03324152341153,-60.16571428571432,SL,30528.4
2026-09-25,2026,True,35,1,62.02142857142863,101.23710024911634,-1.0322469192675343,-62.02142857142863,SL,30478.7
2026-09-28,2026,True,38,1,62.94000000000009,64.8598741677306,-1.0317762948840163,-62.94000000000009,SL,30293.0
2026-09-29,2026,True,56,-1,64.94285714285725,69.87673961307519,1.045176368877091,69.87673961307519,TP,30412.0
2026-09-30,2026,True,30,-1,64.7000000000001,88.1227415052781,-0.472952086553356,-28.600000000002183,T,30577.1
2026-10-01,2026,True,30,1,64.75857142857157,89.97318484674906,-1.0308839425558667,-64.75857142857157,SL,30407.5
2026-10-02,2026,True,32,-1,67.43714285714299,73.84893362351067,1.0654207841472985,73.84893362351067,TP,30955.5
2026-10-05,2026,True,55,-1,65.5914285714287,68.38471793494682,0.030491788996820084,4.0,T,30986.8
2026-10-06,2026,True,96,-1,66.85571428571437,67.42066246056856,0.5309942520139312,37.5,T,31356.8
2026-10-07,2026,True,103,-1,62.018571428571526,65.80034468699887,-1.0322484048556884,-62.018571428571526,SL,31050.3
2026-10-08,2026,True,50,-1,63.20285714285726,66.95892337418627,-1.031644139053388,-63.20285714285726,SL,31051.8
