fecha,anio,verano,s,d,sl_dist,tp_dist,R,pnl,motivo,entry
2018-01-24,2018,False,15,1,11.427857142857157,17.141785714285735,-1.1750109381836362,-11.427857142857157,SL,6971.9
2018-01-26,2018,False,68,1,13.01999999999948,19.52999999999922,-0.30721966205838397,-2.0,T,6969.4
2018-01-31,2018,False,15,1,28.331428571428404,42.497142857142606,-1.0705929810407426,-28.331428571428404,SL,6976.9
2018-02-02,2018,False,15,-1,15.194285714285908,22.79142857142886,1.3683715682587454,22.79142857142886,TP,6872.5
2018-02-06,2018,False,47,-1,27.040000000000177,40.560000000000265,-1.0739644970414197,-27.040000000000177,SL,6475.0
2018-02-07,2018,False,35,1,20.00000000000018,30.00000000000027,-1.0999999999999992,-20.00000000000018,SL,6678.3
2018-02-08,2018,False,15,-1,37.62321428571482,56.434821428572235,1.446841330865253,56.434821428572235,TP,6559.2
2018-02-09,2018,False,77,-1,25.148928571428375,37.723392857142564,-1.0795262507633105,-25.148928571428375,SL,6297.3
2018-02-14,2018,False,39,1,34.80249999999927,52.203749999998905,1.4425328640183883,52.203749999998905,TP,6579.9
2018-02-15,2018,False,15,1,64.0942857142857,96.14142857142855,0.073329469977277,6.700000000000728,T,6726.4
2018-02-16,2018,False,15,1,31.374999999999808,47.062499999999716,0.6438247011952173,22.199999999999818,T,6803.0
2018-02-21,2018,False,75,1,26.44214285714285,39.663214285714275,-0.07563683513871257,0.0,T,6839.9
2018-02-23,2018,False,116,1,26.61785714285786,39.926785714286794,0.2216557091104057,7.899999999999636,T,6827.1
2018-02-26,2018,False,15,1,85.17249999999999,127.75874999999998,-0.04461533945814991,-1.7999999999992724,T,6956.4
2018-02-27,2018,False,16,1,24.811428571428202,37.217142857142306,-1.0806080147397525,-24.811428571428202,SL,6990.2
2018-03-01,2018,False,15,-1,49.42571428571428,74.13857142857142,-1.040464766749523,-49.42571428571428,SL,6826.7
2018-03-02,2018,False,15,-1,47.84857142857106,71.7728571428566,-1.0417985310801938,-47.84857142857106,SL,6657.0
2018-03-05,2018,False,90,1,19.530357142857316,29.295535714285975,1.397595318643139,29.295535714285975,TP,6821.2
2018-03-06,2018,False,17,1,22.226785714286247,33.34017857142937,-1.0899815216518014,-22.226785714286247,SL,6906.1
2018-03-07,2018,False,43,-1,18.130000000000347,27.19500000000052,-1.1103143960286797,-18.130000000000347,SL,6870.0
2018-03-08,2018,False,15,1,46.58071428571427,69.87107142857141,-0.08801925996351205,-2.100000000000364,T,6963.6
2018-03-09,2018,False,15,1,53.3207142857141,79.98107142857114,0.8889603343648408,49.400000000000546,T,7008.7
2018-03-13,2018,True,15,1,42.57392857142821,63.86089285714232,-1.046977107049083,-42.57392857142821,SL,7183.0
2018-03-27,2018,True,15,1,20.303214285714297,30.454821428571446,-1.0985065700364123,-20.303214285714297,SL,6769.3
2018-03-28,2018,True,15,-1,55.05428571428537,82.58142857142806,-1.0363277803726194,-55.05428571428537,SL,6435.0
2018-03-29,2018,True,97,1,19.577500000000732,29.3662500000011,-1.1021580896437198,-19.577500000000732,SL,6562.1
2018-04-02,2018,True,90,-1,24.383928571428388,36.575892857142584,1.41797876235811,36.575892857142584,TP,6427.8
2018-04-05,2018,True,15,1,43.38285714285749,65.07428571428623,0.5555189673340188,26.099999999999454,T,6599.3
2018-04-06,2018,True,63,-1,24.84357142857105,37.26535714285657,1.419496276702796,37.26535714285657,TP,6547.0
2018-04-12,2018,True,15,1,28.31142857142873,42.467142857143095,0.042385709960635176,3.199999999999818,T,6654.1
2018-04-13,2018,True,15,1,38.07535714285712,57.11303571428569,-1.0525274127435256,-38.07535714285712,SL,6694.9
2018-04-18,2018,True,94,1,22.666785714285506,34.00017857142826,-0.27793971670317913,-4.300000000000182,T,6836.5
2018-04-19,2018,True,15,-1,24.66785714285658,37.00178571428487,-1.081077168090345,-24.66785714285658,SL,6783.6
2018-04-20,2018,True,15,-1,39.239999999999796,58.859999999999694,1.449031600407747,58.859999999999694,TP,6727.1
2018-04-24,2018,True,54,-1,17.33214285714285,25.998214285714273,1.3846074593035236,25.998214285714273,TP,6611.0
2018-04-25,2018,True,15,-1,25.87821428571355,38.817321428570324,-1.0772850853586189,-25.87821428571355,SL,6452.1
2018-05-01,2018,True,15,-1,25.851428571429118,38.77714285714367,-1.0773651635720585,-25.851428571429118,SL,6580.2
2018-05-02,2018,True,18,1,16.71357142857107,25.0703571428566,-1.1196632334715184,-16.71357142857107,SL,6686.2
2018-05-03,2018,True,15,-1,54.56357142857179,81.8453571428577,0.2822395894696795,17.399999999999636,T,6598.2
2018-05-04,2018,True,39,1,23.33678571428518,35.00517857142777,1.414298394625283,35.00517857142777,TP,6676.2
2018-05-08,2018,True,15,-1,20.41964285714232,30.629464285713482,-1.097944905990383,-20.41964285714232,SL,6790.6
2018-05-09,2018,True,15,1,20.968214285714122,31.45232142857118,-1.0953824666587189,-20.968214285714122,SL,6836.3
2018-05-10,2018,True,15,1,44.026428571428596,66.0396428571429,0.40657397342504464,19.899999999999636,T,6923.8
2018-05-14,2018,True,15,1,39.70428571428574,59.55642857142861,-0.1788220055409726,-5.100000000000364,T,6991.6
2018-05-16,2018,True,24,1,14.051785714285915,21.077678571428873,0.4554581268267563,8.399999999999636,T,6913.0
2018-05-17,2018,True,72,1,16.536071428571262,24.804107142856893,-1.1209477117124913,-16.536071428571262,SL,6949.4
2018-05-18,2018,True,30,-1,14.519642857143594,21.77946428571539,-1.1377444348788517,-14.519642857143594,SL,6865.9
2018-05-23,2018,True,15,-1,31.61607142857215,47.42410714285822,-1.0632589663936727,-31.61607142857215,SL,6862.9
2018-05-25,2018,True,26,1,11.824642857143203,17.736964285714805,1.3308616992358622,17.736964285714805,TP,6965.5
2018-05-29,2018,True,61,-1,11.049642857142475,16.574464285713713,-1.18100132518828,-11.049642857142475,SL,6937.1
2018-05-30,2018,True,73,1,14.417857142856576,21.626785714284864,0.6589051275700036,11.5,T,6969.7
2018-05-31,2018,True,24,1,12.279642857142479,18.41946428571372,-1.1628711863420926,-12.279642857142479,SL,6991.4
2018-06-01,2018,True,15,1,20.638571428571233,30.95785714285685,1.4030940679725885,30.95785714285685,TP,7029.8
2018-06-05,2018,True,15,1,23.353571428570874,35.03035714285631,-1.0856400061171454,-23.353571428570874,SL,7160.7
2018-06-07,2018,True,77,-1,11.720357142857148,17.580535714285723,-1.1706432641618671,-11.720357142857148,SL,7137.9
2018-06-08,2018,True,61,-1,10.634999999999286,15.952499999998928,-1.188058298072415,-10.634999999999286,SL,7114.1
2018-06-11,2018,True,15,1,16.63535714285752,24.95303571428628,-1.120225852852141,-16.63535714285752,SL,7167.0
2018-06-12,2018,True,75,1,10.682857142857168,16.024285714285753,1.3127841668895432,16.024285714285753,TP,7189.1
2018-06-13,2018,True,15,1,16.25357142857164,24.38035714285746,1.3769501208525614,24.38035714285746,TP,7221.6
2018-06-14,2018,True,31,1,10.593928571428968,15.890892857143452,1.311212621784722,15.890892857143452,TP,7263.8
2018-06-15,2018,True,15,-1,22.33142857142806,33.49714285714209,-1.0895598771750277,-22.33142857142806,SL,7220.8
2018-06-18,2018,True,15,-1,21.19464285714343,31.791964285715146,-1.0943634678574412,-21.19464285714343,SL,7205.9
2018-06-19,2018,True,21,-1,9.908928571429318,14.863392857143976,1.2981618309605487,14.863392857143976,TP,7184.9
2018-06-21,2018,True,37,-1,12.072142857142882,18.108214285714325,-1.1656706703745336,-12.072142857142882,SL,7253.9
2018-06-22,2018,True,16,-1,18.220714285714845,27.331071428572265,-0.669567603590859,-10.199999999999818,T,7195.2
2018-06-27,2018,True,19,1,15.10535714285697,22.658035714285454,-1.1324033573708492,-15.10535714285697,SL,7112.0
2018-06-28,2018,True,15,-1,16.613571428571433,24.92035714285715,-1.1203835074594781,-16.613571428571433,SL,6962.4
2018-07-06,2018,True,15,1,35.14499999999928,52.71749999999892,1.4430929008393787,52.71749999999892,TP,7128.4
2018-07-10,2018,True,15,1,19.786785714285898,29.680178571428847,0.48517228308937727,11.600000000000364,T,7282.2
2018-07-11,2018,True,15,-1,31.951428571428764,47.927142857143146,-1.0625950102834656,-31.951428571428764,SL,7238.9
2018-07-12,2018,True,15,1,28.787500000000374,43.18125000000056,1.4305254016500226,43.18125000000056,TP,7286.6
2018-07-13,2018,True,19,1,15.770714285714654,23.65607142857198,-1.1268173377417425,-15.770714285714654,SL,7371.8
2018-07-16,2018,True,32,1,14.1464285714284,21.2196428571426,-1.141378439787934,-14.1464285714284,SL,7387.0
2018-07-19,2018,True,20,-1,14.539999999999997,21.809999999999995,-1.1375515818431914,-14.539999999999997,SL,7364.9
2018-07-20,2018,True,67,1,12.640357142856772,18.960535714285157,-0.9018732517729472,-9.399999999999636,T,7388.4
2018-07-26,2018,True,16,-1,11.679285714285891,17.518928571428837,1.3287566509693622,17.518928571428837,TP,7402.2
2018-07-27,2018,True,44,-1,12.553928571428207,18.83089285714231,-1.1593126795823778,-12.553928571428207,SL,7381.1
2018-08-01,2018,True,17,1,13.225000000000353,19.83750000000053,1.3487712665406468,19.83750000000053,TP,7273.5
2018-08-02,2018,True,68,1,20.230714285714285,30.346071428571427,-1.098859584083607,-20.230714285714285,SL,7303.3
2018-08-03,2018,True,33,1,14.728928571428934,22.0933928571434,-1.1357872020562028,-14.728928571428934,SL,7383.3
2018-08-06,2018,True,21,1,15.380714285714475,23.071071428571713,0.8257093763061127,14.699999999999818,T,7397.1
2018-08-07,2018,True,15,1,34.60535714285679,51.908035714285184,-0.18205273749933581,-4.299999999999272,T,7460.9
2018-08-08,2018,True,85,1,16.91750000000018,25.376250000000272,-1.1182207773016095,-16.91750000000018,SL,7482.2
2018-08-09,2018,True,54,1,13.731071428571434,20.596607142857152,-1.1456550576117772,-13.731071428571434,SL,7487.5
2018-08-10,2018,True,15,-1,36.06607142857143,54.09910714285715,0.1663613407931871,8.0,T,7433.9
2018-08-13,2018,True,18,1,13.124999999999282,19.687499999998924,1.3476190476190393,19.687499999998924,TP,7436.9
2018-08-14,2018,True,34,-1,17.2014285714284,25.802142857142602,-1.1162694128394663,-17.2014285714284,SL,7392.7
2018-08-15,2018,True,15,-1,15.753571428571256,23.630357142856884,1.3730446610745848,23.630357142856884,TP,7385.0
2018-08-16,2018,True,61,1,16.230000000000366,24.34500000000055,-1.1232285890326528,-16.230000000000366,SL,7411.0
2018-08-17,2018,True,15,-1,19.13071428571393,28.696071428570892,1.3954560728820502,28.696071428570892,TP,7354.3
2018-08-21,2018,True,15,1,17.009642857143056,25.514464285714585,1.1699246225879927,21.899999999999636,T,7404.1
2018-08-22,2018,True,22,-1,12.007857142856794,18.011785714285192,-1.166557611087983,-12.007857142856794,SL,7386.5
2018-08-23,2018,True,15,1,21.806428571428768,32.70964285714315,-1.0917160732418347,-21.806428571428768,SL,7447.7
2018-08-24,2018,True,64,1,14.163571428571977,21.245357142857966,0.9319683292147375,15.199999999999818,T,7471.6
2018-08-28,2018,True,15,1,19.82035714285716,29.730535714285736,-0.7113898048543342,-12.100000000000364,T,7570.6
2018-08-29,2018,True,15,1,17.417857142856434,26.12678571428465,1.3851753126922242,26.12678571428465,TP,7597.9
2018-08-30,2018,True,64,1,11.461428571428224,17.192142857142336,-1.1744983173376595,-11.461428571428224,SL,7665.4
2018-09-05,2018,True,22,-1,17.71142857142876,26.56714285714314,1.3870785610582366,26.56714285714314,TP,7573.5
2018-09-06,2018,True,35,-1,9.749642857142685,14.624464285714028,1.2948642807428807,14.624464285714028,TP,7497.6
2018-09-11,2018,True,101,1,13.13464285714269,19.701964285714034,1.3477309187807576,19.701964285714034,TP,7476.2
2018-09-17,2018,True,15,-1,35.42214285714361,53.13321428571542,0.6295497166824285,24.299999999999272,T,7503.4
2018-09-21,2018,True,15,1,29.047500000000014,43.57125000000002,-1.068852741199759,-29.047500000000014,SL,7599.6
2018-09-25,2018,True,116,1,15.156428571428766,22.73464285714315,0.1385550685706429,4.100000000000364,T,7557.5
2018-09-26,2018,True,15,1,25.27642857142804,37.914642857142056,0.9771950151185598,26.699999999999818,T,7581.2
2018-09-27,2018,True,32,1,15.888214285714302,23.832321428571454,0.42799019938410077,8.800000000000182,T,7641.8
2018-10-05,2018,True,98,-1,16.98000000000001,25.470000000000017,1.3822143698468787,25.470000000000017,TP,7427.8
2018-10-09,2018,True,61,1,16.589999999999833,24.88499999999975,-1.120554550934299,-16.589999999999833,SL,7419.7
2018-10-11,2018,True,15,-1,35.03428571428573,52.551428571428595,-1.0570869352471048,-35.03428571428573,SL,7022.2
2018-10-12,2018,True,19,1,20.17821428571466,30.26732142857199,1.4008832014725943,30.26732142857199,TP,7117.5
2018-10-16,2018,True,15,1,26.522500000000196,39.783750000000296,1.4245923272693002,39.783750000000296,TP,7152.6
2018-10-18,2018,True,30,-1,21.453214285713933,32.179821428570904,-1.0932261232915497,-21.453214285713933,SL,7204.5
2018-10-26,2018,True,16,-1,30.73178571428534,46.09767857142801,1.434920800938999,46.09767857142801,TP,6857.6
2018-11-02,2018,True,15,1,35.11178571428535,52.66767857142802,-1.056960930904357,-35.11178571428535,SL,7078.5
2018-11-05,2018,False,15,-1,32.126071428570874,48.189107142856315,0.12450946605449727,6.0,T,6903.6
2018-11-06,2018,False,15,1,69.61749999999981,104.42624999999971,-0.4883829496893754,-32.0,T,7006.7
2018-11-07,2018,False,15,1,84.89321428571463,127.33982142857195,1.036596396313011,90.0,T,7082.8
2018-11-09,2018,False,15,-1,81.56499999999963,122.34749999999944,0.6191381107092531,52.5,T,7068.0
2018-11-12,2018,False,15,-1,71.53535714285695,107.30303571428543,1.4720417975127185,107.30303571428543,TP,6937.1
2018-11-14,2018,False,92,-1,25.68535714285677,38.52803571428515,-0.08565191395875332,-0.1999999999998181,T,6808.5
2018-11-15,2018,False,59,-1,25.445357142857674,38.16803571428651,-1.0785998006933608,-25.445357142857674,SL,6734.2
2018-11-19,2018,False,20,-1,21.354642857143023,32.03196428571454,1.4063435519207943,32.03196428571454,TP,6795.0
2018-11-21,2018,False,30,1,23.86821428571427,35.8023214285714,-1.0837934491478507,-23.86821428571427,SL,6616.0
2018-11-26,2018,False,27,1,21.776071428570877,32.66410714285632,-1.0918439309202457,-21.776071428570877,SL,6639.4
2018-11-27,2018,False,41,1,21.748214285714273,32.62232142857141,1.40803842680023,32.62232142857141,TP,6680.4
2018-11-28,2018,False,15,1,36.29535714285714,54.44303571428571,0.0799000265677328,4.899999999999636,T,6732.3
2018-12-04,2018,False,23,-1,21.98464285714339,32.976964285715084,-1.090972594505903,-21.98464285714339,SL,7010.7
2018-12-10,2018,False,19,-1,25.14999999999999,37.72499999999999,1.4204771371769382,37.72499999999999,TP,6625.2
2018-12-12,2018,False,15,1,24.74178571428499,37.11267857142749,1.4191650908670965,37.11267857142749,TP,6794.4
2018-12-13,2018,False,77,-1,21.784642857143044,32.67696428571457,-1.091807793825925,-21.784642857143044,SL,6760.4
2018-12-14,2018,False,15,-1,66.04464285714268,99.06696428571402,0.4057861295119682,28.800000000000182,T,6673.8
2018-12-19,2018,False,26,1,23.330000000000364,34.995000000000545,-1.0857265323617646,-23.330000000000364,SL,6553.3
2018-12-20,2018,False,110,-1,26.867857142856597,40.3017857142849,1.4255616110594163,40.3017857142849,TP,6274.1
2018-12-26,2018,False,15,-1,42.41642857142786,63.62464285714179,1.4528484583129844,63.62464285714179,TP,5995.1
2018-12-28,2018,False,15,1,68.05857142857144,102.08785714285716,-1.0293864528452383,-68.05857142857144,SL,6320.7
2019-01-03,2019,False,43,-1,34.35964285714286,51.53946428571429,-1.0582078227156029,-34.35964285714286,SL,6190.8
2019-01-04,2019,False,27,1,30.67249999999946,46.00874999999919,1.434795011818403,46.00874999999919,TP,6291.4
2019-01-07,2019,False,60,1,31.08464285714268,46.62696428571402,1.4356595470891687,46.62696428571402,TP,6450.3
2019-01-08,2019,False,15,1,66.35750000000054,99.53625000000082,-1.0301397731982065,-66.35750000000054,SL,6557.8
2019-01-09,2019,False,15,1,40.49928571428572,60.74892857142858,0.45679817986207866,20.5,T,6582.6
2019-01-10,2019,False,15,-1,41.932142857142495,62.89821428571374,-1.047696107656929,-41.932142857142495,SL,6535.6
2019-01-14,2019,False,15,-1,60.41142857142822,90.61714285714233,-0.49659477866061585,-28.0,T,6527.8
2019-01-15,2019,False,15,1,80.70892857142876,121.06339285714313,0.45595946633626244,38.80000000000018,T,6624.2
2019-01-16,2019,False,15,1,51.31964285714322,76.97946428571484,-0.631337207279313,-30.400000000000546,T,6704.1
2019-01-17,2019,False,15,-1,28.24071428571374,42.36107142857061,-1.0708197384728242,-28.24071428571374,SL,6657.3
2019-01-18,2019,False,49,1,35.22142857142856,52.83214285714284,1.007909146217806,37.5,T,6764.9
2019-01-22,2019,False,15,-1,19.0917857142857,28.63767857142855,1.395242905512842,28.63767857142855,TP,6724.6
2019-01-25,2019,False,15,1,46.36785714285732,69.55178571428598,1.0977432026496263,52.900000000000546,T,6741.2
2019-01-29,2019,False,80,-1,16.049999999999805,24.074999999999708,1.375389408099687,24.074999999999708,TP,6638.6
2019-01-30,2019,False,15,1,24.590714285714277,36.88607142857141,-1.0813315130566126,-24.590714285714277,SL,6715.3
2019-01-31,2019,False,15,1,42.77678571428606,64.1651785714291,1.4532456689626387,64.1651785714291,TP,6855.5
2019-02-04,2019,False,65,1,14.616071428571592,21.924107142857387,1.3631643249847296,21.924107142857387,TP,6922.2
2019-02-08,2019,False,15,-1,18.734285714286422,28.101428571429633,-1.1067561384779585,-18.734285714286422,SL,6847.9
2019-02-11,2019,False,15,1,28.414285714285697,42.621428571428545,-0.5630970336852693,-14.0,T,6929.2
2019-02-12,2019,False,15,1,36.460000000000164,54.690000000000246,0.6637410861217693,26.199999999999818,T,6981.8
2019-02-13,2019,False,15,1,38.63321428571463,57.949821428571944,-0.5280430421639505,-18.400000000000546,T,7047.6
2019-02-14,2019,False,15,-1,39.319285714285876,58.97892857142881,-1.050865623921376,-39.319285714285876,SL,6980.7
2019-02-15,2019,False,15,1,15.159642857142842,22.739464285714263,-1.1319292293919478,-15.159642857142842,SL,7051.1
2019-02-20,2019,False,58,1,12.583571428571592,18.87535714285739,-0.7470057330987452,-7.400000000000546,T,7089.8
2019-02-21,2019,False,16,-1,11.573214285714267,17.3598214285714,1.3271871624749265,17.3598214285714,TP,7024.1
2019-02-22,2019,False,24,1,10.959642857143015,16.43946428571452,1.3175123016260983,16.43946428571452,TP,7063.6
2019-02-26,2019,False,15,-1,14.86178571428588,22.29267857142882,-1.1345733304496177,-14.86178571428588,SL,7105.7
2019-02-27,2019,False,26,-1,11.81999999999927,17.729999999998906,1.3307952622673331,17.729999999998906,TP,7083.6
2019-03-06,2019,False,63,-1,11.53714285714285,17.305714285714274,-1.1733531451213473,-11.53714285714285,SL,7118.6
2019-03-12,2019,True,15,1,16.74928571428606,25.12392857142909,1.3805919228965013,25.12392857142909,TP,7173.0
2019-03-13,2019,True,15,1,30.187499999999808,45.281249999999716,1.096480331262959,35.100000000000364,T,7239.5
2019-03-15,2019,True,15,1,30.493571428571244,45.740357142856865,0.6952285024946693,23.199999999999818,T,7285.8
2019-03-18,2019,True,28,1,14.853214285713912,22.27982142857087,-1.1346509894443275,-14.853214285713912,SL,7335.5
2019-03-19,2019,True,15,1,14.429642857142841,21.644464285714264,1.361396430958097,21.644464285714264,TP,7353.5
2019-03-25,2019,True,15,-1,32.9725,49.458749999999995,-1.06065660777921,-32.9725,SL,7301.3
2019-03-27,2019,True,103,-1,15.55142857142839,23.327142857142587,1.3713944515891956,23.327142857142587,TP,7308.0
2019-03-29,2019,True,15,1,29.507857142856956,44.26178571428544,-1.0677785577691177,-29.507857142856956,SL,7361.4
2019-04-02,2019,True,48,1,12.032857142856967,18.04928571428545,-1.1662115635759256,-12.032857142856967,SL,7482.5
2019-04-04,2019,True,62,-1,15.777142857142875,23.665714285714312,-1.12676566461427,-15.777142857142875,SL,7515.7
2019-04-05,2019,True,16,1,12.888214285714666,19.332321428571998,-1.1551805359270606,-12.888214285714666,SL,7571.3
2019-04-08,2019,True,15,-1,23.500357142856615,35.25053571428492,-1.085105089588306,-23.500357142856615,SL,7539.3
2019-04-10,2019,True,76,1,13.893571428571262,20.84035714285689,0.0,2.0,T,7597.3
2019-04-12,2019,True,15,1,9.962857142856977,14.944285714285467,-1.2007456266131378,-9.962857142856977,SL,7623.7
2019-04-15,2019,True,59,-1,13.212857142856796,19.819285714285193,-1.151367715428699,-13.212857142856796,SL,7592.0
2019-04-16,2019,True,15,1,28.212500000000553,42.31875000000083,-0.17013735046522244,-2.800000000000182,T,7655.8
2019-04-18,2019,True,33,-1,8.403571428571265,12.605357142856898,-1.237994050148751,-8.403571428571265,SL,7655.8
2019-04-22,2019,True,89,1,8.403571428571265,12.605357142856898,-1.237994050148751,-8.403571428571265,SL,7695.5
2019-04-24,2019,True,65,1,8.886428571428041,13.329642857142062,-1.2250622940278246,-8.886428571428041,SL,7820.4
2019-04-25,2019,True,16,1,8.785357142857327,13.17803571428599,1.2723484694499823,13.17803571428599,TP,7827.2
2019-04-26,2019,True,15,-1,20.623214285714102,30.934821428571155,-1.0969780933414157,-20.623214285714102,SL,7762.5
2019-04-29,2019,True,15,1,14.11892857142893,21.178392857143393,-1.1416538082108583,-14.11892857142893,SL,7831.5
2019-05-02,2019,True,114,-1,9.710357142856953,14.56553571428543,-1.2059656478723053,-9.710357142856953,SL,7723.1
2019-05-03,2019,True,25,1,13.568571428571243,20.352857142856863,1.3526005474836786,20.352857142856863,TP,7794.7
2019-05-07,2019,True,71,-1,16.369642857142857,24.554464285714285,1.3778226246318315,24.554464285714285,TP,7658.8
2019-05-10,2019,True,68,-1,21.528214285713744,32.29232142857062,1.407098657907395,32.29232142857062,TP,7462.6
2019-05-13,2019,True,15,-1,26.23321428571411,39.34982142857116,1.4237607721944638,39.34982142857116,TP,7413.1
2019-05-15,2019,True,58,1,19.926785714285714,29.89017857142857,1.3996325835648356,29.89017857142857,TP,7452.7
2019-05-16,2019,True,15,1,38.446428571428946,57.669642857143415,1.4479795633999075,57.669642857143415,TP,7546.8
2019-05-21,2019,True,15,1,28.11821428571429,42.17732142857144,0.1422565444361179,6.0,T,7434.7
2019-05-24,2019,True,15,1,44.86214285714232,67.29321428571347,-1.044581018039391,-44.86214285714232,SL,7362.2
2019-05-30,2019,True,17,1,16.943214285714443,25.414821428571663,-1.1180413566324476,-16.943214285714443,SL,7254.2
2019-06-05,2019,True,15,1,43.91571428571372,65.87357142857059,-1.0455417845873596,-43.91571428571372,SL,7198.2
2019-06-06,2019,True,109,1,15.402857142857117,23.104285714285677,-1.1298460396957895,-15.402857142857117,SL,7236.9
2019-06-11,2019,True,34,1,20.52750000000016,30.79125000000024,-1.0974302764584087,-20.52750000000016,SL,7580.0
2019-06-12,2019,True,17,-1,16.050357142856402,24.075535714284605,1.3753921808593432,24.075535714284605,TP,7486.6
2019-06-13,2019,True,15,1,30.827857142857482,46.24178571428622,-1.0648763873120315,-30.827857142857482,SL,7523.5
2019-06-14,2019,True,15,-1,38.8935714285714,58.3403571428571,-0.34710106334135304,-11.5,T,7460.6
2019-06-17,2019,True,15,1,36.867857142857304,55.301785714285955,0.037973457328286005,3.399999999999636,T,7523.1
2019-06-25,2019,True,15,-1,30.367142857142852,45.55071428571428,1.4341393423342899,45.55071428571428,TP,7702.5
2019-07-05,2019,True,15,1,16.3082142857143,24.46232142857145,-1.1226375840395943,-16.3082142857143,SL,7806.3
2019-07-08,2019,True,15,-1,19.215357142857165,28.823035714285748,-1.1040834154229318,-19.215357142857165,SL,7762.7
2019-07-09,2019,True,63,1,12.632857142857157,18.949285714285736,0.8390817595838795,12.600000000000364,T,7794.7
2019-07-11,2019,True,31,1,11.604642857142498,17.406964285713748,-1.172344812728901,-11.604642857142498,SL,7926.9
2019-07-15,2019,True,15,1,15.597499999999467,23.3962499999992,-0.26927392210289863,-2.199999999999818,T,7949.4
2019-07-18,2019,True,15,-1,25.949285714285374,38.923928571428064,1.422926587574664,38.923928571428064,TP,7870.0
2019-07-19,2019,True,15,1,30.08107142857109,45.12160714285663,-1.066486993481901,-30.08107142857109,SL,7933.9
2019-07-23,2019,True,15,1,15.976071428571268,23.964107142856903,-1.1251872219614167,-15.976071428571268,SL,7924.4
2019-07-24,2019,True,16,1,11.865357142857711,17.798035714286566,1.331442073262507,17.798035714286566,TP,7955.6
2019-07-29,2019,True,15,-1,15.868928571428413,23.80339285714262,1.3739675466432595,23.80339285714262,TP,7973.6
2019-08-01,2019,True,84,1,14.579285714286103,21.868928571429155,-0.04801332614765172,1.300000000000182,T,7982.3
2019-08-07,2019,True,15,-1,54.09428571428501,81.14142857142751,-1.0369724819098933,-54.09428571428501,SL,7392.6
2019-08-08,2019,True,15,1,38.689285714285006,58.03392857142751,1.448306101726206,58.03392857142751,TP,7591.4
2019-08-12,2019,True,17,-1,19.3707142857143,29.05607142857145,-1.1032486448615362,-19.3707142857143,SL,7586.6
2019-08-13,2019,True,15,1,41.45321428571411,62.17982142857117,1.4517528366747363,62.17982142857117,TP,7647.9
2019-08-14,2019,True,90,-1,23.622857142857324,35.434285714285984,1.4153362360909536,35.434285714285984,TP,7544.5
2019-08-15,2019,True,93,-1,21.853214285714103,32.779821428571154,1.4084802824036993,32.779821428571154,TP,7477.5
2019-08-16,2019,True,15,1,61.6221428571434,92.43321428571511,0.5241622329635666,34.30000000000018,T,7563.8
2019-08-20,2019,True,18,-1,25.967500000000175,38.951250000000265,-1.0770193511119663,-25.967500000000175,SL,7681.9
2019-08-21,2019,True,15,1,40.25678571428516,60.38517857142774,-0.2210807406027318,-6.899999999999636,T,7752.7
2019-08-22,2019,True,56,-1,19.35535714285695,29.033035714285425,1.3966694344496715,29.033035714285425,TP,7704.7
2019-08-23,2019,True,18,-1,26.886428571428386,40.32964285714258,-1.074386971653251,-26.886428571428386,SL,7637.5
2019-08-28,2019,True,15,-1,26.261071428571235,39.391607142856856,-1.076158354979533,-26.261071428571235,SL,7522.7
2019-08-30,2019,True,15,1,17.067142857143207,25.60071428571481,-1.1171842303507133,-17.067142857143207,SL,7722.6
2019-09-03,2019,True,30,-1,24.634642857142296,36.951964285713444,1.4188135175493262,36.951964285713444,TP,7632.3
2019-09-04,2019,True,15,1,38.783214285714465,58.1748214285717,-0.038676526111259296,0.5,T,7695.0
2019-09-11,2019,True,15,1,37.239642857143046,55.859464285714566,0.9855089142714558,38.69999999999982,T,7835.7
2019-09-13,2019,True,15,-1,20.274642857142858,30.411964285714287,-1.0986453874473745,-20.274642857142858,SL,7898.8
2019-09-20,2019,True,117,-1,12.293928571428948,18.44089285714342,1.3373180722191607,18.44089285714342,TP,7881.9
2019-09-23,2019,True,41,-1,11.966071428571437,17.949107142857155,-1.1671392329503059,-11.966071428571437,SL,7788.1
2019-09-24,2019,True,15,1,28.623214285714297,42.934821428571446,-1.0698733545448873,-28.623214285714297,SL,7861.3
2019-09-25,2019,True,20,-1,17.66785714285697,26.501785714285454,1.386800080857084,26.501785714285454,TP,7677.2
2019-10-03,2019,True,30,-1,31.312857142857,46.9692857142855,-1.0638715269857204,-31.312857142857,SL,7496.5
2019-10-04,2019,True,15,1,54.46142857142824,81.69214285714236,0.8042389108936944,45.80000000000018,T,7678.4
2019-10-07,2019,True,90,1,23.09285714285718,34.63928571428577,0.3204454067429469,9.399999999999636,T,7764.3
2019-10-10,2019,True,20,1,25.275714285713956,37.91357142857093,1.4208726615045488,37.91357142857093,TP,7726.2
2019-10-15,2019,True,15,1,35.01642857142824,52.52464285714237,1.4428839524304913,52.52464285714237,TP,7885.0
2019-10-17,2019,True,15,1,45.55857142857128,68.33785714285692,-1.043899532783544,-45.55857142857128,SL,7971.3
2019-10-18,2019,True,61,-1,14.791428571428598,22.1871428571429,1.3647865559204175,22.1871428571429,TP,7911.0
2019-10-23,2019,True,19,-1,13.781785714286109,20.672678571429163,1.3548809246158273,20.672678571429163,TP,7870.9
2019-10-25,2019,True,41,1,11.723571428571647,17.58535714285747,1.3294035215987359,17.58535714285747,TP,7969.6
2019-10-29,2019,True,109,-1,11.670357142857723,17.505535714286584,1.3286256388285422,17.505535714286584,TP,8065.7
2019-10-30,2019,True,15,-1,18.693214285714323,28.039821428571486,-1.1069906956305762,-18.693214285714323,SL,8037.4
2019-11-01,2019,True,15,1,23.36392857142914,35.045892857143706,0.4836515385438442,13.300000000000182,T,8121.8
2019-11-05,2019,False,31,1,10.518928571429312,15.778392857143967,-1.190133432927023,-10.518928571429312,SL,8229.0
2019-11-06,2019,False,15,-1,11.473928571428393,17.21089285714259,1.3256917857253996,17.21089285714259,TP,8188.1
2019-11-08,2019,False,30,-1,12.892499999999284,19.338749999998925,-1.1551289509404778,-12.892499999999284,SL,8193.5
2019-11-12,2019,False,15,1,23.270714285713208,34.90607142856981,0.7004512109028082,18.30000000000109,T,8259.9
2019-11-13,2019,False,20,-1,9.692857142857152,14.539285714285729,-1.2063375092114959,-9.692857142857152,SL,8235.2
2019-11-14,2019,False,86,-1,10.71392857142931,16.070892857143967,-1.1866728890962903,-10.71392857142931,SL,8229.3
2019-11-18,2019,False,15,-1,10.694285714285746,16.041428571428618,-1.187015762757146,-10.694285714285746,SL,8279.9
2019-11-19,2019,False,15,1,12.740357142857174,19.11053571428576,-1.1569814705799901,-12.740357142857174,SL,8344.0
2019-11-22,2019,False,28,1,8.950714285714694,13.42607142857204,-1.223445854281372,-8.950714285714694,SL,8281.4
2019-11-26,2019,False,17,1,8.964642857142923,13.446964285714385,1.2769013186725644,13.446964285714385,TP,8371.9
2019-11-27,2019,False,15,1,17.392142857143284,26.088214285714926,1.3850055443755418,26.088214285714926,TP,8405.6
2019-12-05,2019,False,39,-1,16.209285714286843,24.313928571430264,-1.1233860661878026,-16.209285714286843,SL,8277.3
2019-12-09,2019,False,15,1,26.638571428570714,39.95785714285607,-1.0750791011959049,-26.638571428570714,SL,8422.9
2019-12-10,2019,False,15,-1,15.677142857142874,23.51571428571431,-1.127574266447968,-15.677142857142874,SL,8353.4
2019-12-13,2019,False,32,1,25.445357142856807,38.16803571428521,-1.0785998006933635,-25.445357142856807,SL,8508.6
2019-12-18,2019,False,15,1,10.714999999999662,16.072499999999494,-1.1866542230518025,-10.714999999999662,SL,8593.5
2019-12-19,2019,False,98,1,9.409642857143245,14.114464285714867,1.2874520818309572,14.114464285714867,TP,8609.7
2019-12-20,2019,False,15,1,30.505000000000386,45.757500000000576,0.2655302409440565,10.099999999998545,T,8663.7
2019-12-23,2019,False,15,1,21.671428571428258,32.507142857142384,0.30916282135798134,8.700000000000728,T,8699.5
2019-12-27,2019,False,15,1,24.034285714286508,36.05142857142976,-1.0832144555397025,-24.034285714286508,SL,8792.6
2020-01-07,2020,False,36,1,11.240000000000437,16.860000000000657,-1.1779359430604912,-11.240000000000437,SL,8850.7
2020-01-08,2020,False,24,1,12.472500000000062,18.708750000000094,-1.1603527761074355,-12.472500000000062,SL,8873.6
2020-01-10,2020,False,18,1,10.185000000000063,15.277500000000094,1.3036327933235161,15.277500000000094,TP,9003.6
2020-01-13,2020,False,108,1,10.893928571429342,16.340892857144013,1.3164115005081598,16.340892857144013,TP,9025.0
2020-01-16,2020,False,15,1,31.80535714285751,47.70803571428627,-1.0628824883498955,-31.80535714285751,SL,9099.5
2020-01-17,2020,False,15,1,20.972499999999258,31.458749999998886,-0.10489927285735155,-0.2000000000007276,T,9134.0
2020-01-21,2020,False,111,1,13.835000000000711,20.752500000001067,-0.06505240332487097,1.1000000000003638,T,9179.1
2020-01-23,2020,False,15,-1,35.38321428571352,53.07482142857028,-1.0565239772692876,-35.38321428571352,SL,9154.2
2020-01-28,2020,False,18,1,12.32428571428564,18.486428571428462,1.337718789845832,18.486428571428462,TP,9002.4
2020-01-29,2020,False,15,1,34.03464285714277,51.051964285714156,-1.058763654679581,-34.03464285714277,SL,9132.8
2020-01-30,2020,False,61,-1,13.94035714285816,20.91053571428724,1.3565316527041325,20.91053571428724,TP,9064.3
2020-01-31,2020,False,105,-1,14.745714285714211,22.118571428571315,-1.1356326293354009,-14.745714285714211,SL,9014.8
2020-02-05,2020,False,15,1,44.32107142857102,66.48160714285652,-1.0451252628949472,-44.32107142857102,SL,9381.5
2020-02-10,2020,False,64,1,19.359642857141743,29.039464285712615,0.4648846089988645,11.0,T,9456.4
2020-02-11,2020,False,15,1,55.826785714284256,83.74017857142638,-0.10389278060325872,-3.7999999999992724,T,9554.3
2020-02-13,2020,False,31,-1,19.00535714285716,28.50803571428574,-1.1052334867988347,-19.00535714285716,SL,9549.7
2020-02-18,2020,False,118,-1,18.252142857142175,27.378214285713263,0.2903768637734045,7.300000000001091,T,9580.7
2020-02-20,2020,False,100,-1,17.62857142857076,26.442857142856138,1.3865478119935126,26.442857142856138,TP,9669.7
2020-02-21,2020,False,17,-1,28.534999999999314,42.80249999999897,-0.45908533380061955,-11.100000000000364,T,9496.1
2020-02-25,2020,False,62,-1,25.820357142858633,38.73053571428795,-1.077458262445187,-25.820357142858633,SL,9026.3
2020-03-23,2020,True,15,-1,120.09714285714284,180.14571428571426,-1.0166531855164866,-120.09714285714284,SL,6906.9
2020-03-25,2020,True,15,1,112.82964285714283,169.24446428571423,-1.0177258382580565,-112.82964285714283,SL,7595.1
2020-03-30,2020,True,98,1,58.952857142857304,88.42928571428595,0.020355247534346338,3.199999999999818,T,7820.0
2020-03-31,2020,True,40,1,71.00500000000054,106.5075000000008,0.4027885360185795,30.599999999999454,T,7917.1
2020-04-03,2020,True,15,1,70.66392857142893,105.99589285714339,-1.0283029834377004,-70.66392857142893,SL,7658.0
2020-04-09,2020,True,15,1,117.7457142857157,176.61857142857355,-1.0169857562301325,-117.7457142857157,SL,8326.2
2020-04-13,2020,True,96,-1,45.46249999999961,68.19374999999941,-1.0439923013472645,-45.46249999999961,SL,8162.1
2020-04-16,2020,True,15,1,62.57142857142781,93.85714285714171,-1.0319634703196352,-62.57142857142781,SL,8692.5
2020-04-17,2020,True,15,1,58.3614285714289,87.54214285714335,-1.0342692091156094,-58.3614285714289,SL,8820.1
2020-04-23,2020,True,15,1,61.2067857142853,91.81017857142795,-0.03594372706108729,-0.2000000000007276,T,8740.5
2020-04-24,2020,True,17,-1,37.80285714285672,56.704285714285085,-1.0529060539641757,-37.80285714285672,SL,8614.1
2020-04-27,2020,True,15,1,84.1860714285703,126.27910714285545,0.10928173561117754,11.200000000000728,T,8844.9
2020-04-28,2020,True,50,-1,40.3507142857146,60.5260714285719,1.4504345824998677,60.5260714285719,TP,8789.3
2020-04-29,2020,True,46,1,29.16857142857175,43.75285714285762,0.2776961504554899,10.100000000000364,T,8917.4
2020-05-06,2020,True,21,1,27.238928571429657,40.85839285714449,-1.0734243270529282,-27.238928571429657,SL,9032.2
2020-05-07,2020,True,15,1,58.460000000001095,87.69000000000165,0.08723913787202274,7.099999999998545,T,9099.2
2020-05-08,2020,True,15,1,45.13749999999963,67.70624999999944,1.1675436167266942,54.70000000000073,T,9156.3
2020-05-11,2020,True,22,1,27.48071428571284,41.22107142856926,1.427221687936991,41.22107142856926,TP,9228.3
2020-05-13,2020,True,15,-1,40.382142857144316,60.573214285716475,-1.0495268417794268,-40.382142857144316,SL,9093.8
2020-05-14,2020,True,23,-1,38.04214285714286,57.063214285714295,-1.0525732740006384,-38.04214285714286,SL,8874.9
2020-05-19,2020,True,25,1,26.84714285714251,40.270714285713765,1.4255041770872123,40.270714285713765,TP,9369.0
2020-05-20,2020,True,15,1,40.60035714285679,60.90053571428518,1.4507393495834833,60.90053571428518,TP,9438.0
2020-05-21,2020,True,15,1,28.12035714285752,42.18053571428628,-1.0711228520263654,-28.12035714285752,SL,9502.2
2020-05-22,2020,True,15,-1,42.27392857142786,63.41089285714179,-1.0473104834962454,-42.27392857142786,SL,9341.0
2020-05-27,2020,True,15,-1,70.21321428571393,105.31982142857089,1.4715153333977626,105.31982142857089,TP,9331.0
2020-05-28,2020,True,15,1,27.77321428571394,41.65982142857091,-1.0720118305150141,-27.77321428571394,SL,9444.6
2020-05-29,2020,True,52,-1,29.52999999999894,44.29499999999841,-1.067727734507283,-29.52999999999894,SL,9383.1
2020-06-01,2020,True,35,1,30.062857142857897,45.09428571428685,-1.0665272761832334,-30.062857142857897,SL,9574.7
2020-06-02,2020,True,50,1,31.48464285714324,47.22696428571486,-1.0635230327710783,-31.48464285714324,SL,9613.4
2020-06-03,2020,True,15,1,53.993571428571826,80.99035714285773,-0.20558002936858086,-9.100000000000364,T,9687.5
2020-06-04,2020,True,20,1,32.04571428571505,48.068571428572575,-1.0624108416547775,-32.04571428571505,SL,9740.1
2020-06-05,2020,True,15,1,47.679642857143264,71.51946428571489,0.8410297895927437,42.100000000000364,T,9770.0
2020-06-09,2020,True,15,1,25.530714285713586,38.29607142857038,-1.0783370170383033,-25.530714285713586,SL,9904.9
2020-06-10,2020,True,15,1,74.50285714285718,111.75428571428577,-0.09127166743367007,-4.800000000001091,T,10058.2
2020-06-12,2020,True,113,-1,28.839285714286802,43.258928571430204,-1.0693498452012358,-28.839285714286802,SL,9582.9
2020-06-17,2020,True,15,1,43.093214285714254,64.63982142857138,-1.0464110193020115,-43.093214285714254,SL,10025.4
2020-06-24,2020,True,21,-1,46.05892857142889,69.08839285714333,1.4565773659520027,69.08839285714333,TP,10154.8
2020-06-25,2020,True,15,-1,35.80357142857139,53.70535714285708,-1.055860349127182,-35.80357142857139,SL,9933.6
2020-06-26,2020,True,66,-1,31.936071428571033,47.904107142856546,-1.0626251104326732,-31.936071428571033,SL,9897.0
2020-06-29,2020,True,15,-1,105.24500000000033,157.8675000000005,-1.0190032780654663,-105.24500000000033,SL,9764.1
2020-06-30,2020,True,15,1,86.87249999999997,130.30874999999997,0.7885118996230109,70.5,T,10017.2
2020-07-01,2020,True,36,1,37.141071428570676,55.71160714285601,1.446151257271983,55.71160714285601,TP,10185.4
2020-07-06,2020,True,15,1,93.11357142857216,139.67035714285822,1.100806235089245,104.5,T,10497.0
2020-07-07,2020,True,16,1,32.486071428571435,48.72910714285715,1.4384351535273359,48.72910714285715,TP,10630.4
2020-07-09,2020,True,15,1,69.36214285714216,104.04321428571325,-1.0288341726137151,-69.36214285714216,SL,10710.9
2020-07-14,2020,True,17,-1,37.30321428571395,55.954821428570924,1.4463853172361627,55.954821428570924,TP,10570.7
2020-07-15,2020,True,15,1,90.67107142857216,136.00660714285823,-1.0220577519211906,-90.67107142857216,SL,10758.0
2020-07-16,2020,True,30,-1,41.29357142857215,61.940357142858225,1.4515663109096892,61.940357142858225,TP,10558.0
2020-07-20,2020,True,21,1,33.781785714285704,50.672678571428555,1.4407964985357706,50.672678571428555,TP,10685.0
2020-07-22,2020,True,103,-1,43.396428571427826,65.09464285714174,-1.0460867418319488,-43.396428571427826,SL,10786.0
2020-07-27,2020,True,15,1,108.77142857142888,163.15714285714333,-0.4422117152613627,-46.100000000000364,T,10616.5
2020-07-30,2020,True,23,-1,34.811785714285655,52.21767857142848,1.442548192832887,52.21767857142848,TP,10583.4
2020-08-04,2020,True,38,1,31.96821428571496,47.95232142857244,-1.0625621432002759,-31.96821428571496,SL,11087.5
2020-08-05,2020,True,19,1,38.203928571429245,57.30589285714387,-0.12040646530368784,-2.600000000000364,T,11106.0
2020-08-06,2020,True,42,1,34.46285714285746,51.69428571428619,-1.0580334936163152,-34.46285714285746,SL,11148.4
2020-08-10,2020,True,71,-1,34.59392857142779,51.89089285714168,1.4421863869588993,51.89089285714168,TP,11034.7
2020-08-12,2020,True,55,1,32.83642857142851,49.25464285714277,1.2303408670684157,42.400000000001455,T,11097.3
2020-08-13,2020,True,15,1,59.2489285714296,88.87339285714441,0.20084751381880567,13.899999999999636,T,11225.2
2020-08-14,2020,True,47,-1,25.95785714285708,38.93678571428562,-1.0770479623565672,-25.95785714285708,SL,11134.9
2020-08-17,2020,True,15,1,67.34285714285708,101.01428571428562,0.013364446330075221,2.899999999999636,T,11256.0
2020-08-21,2020,True,30,1,26.30392857142959,39.455892857144384,-1.076034269731569,-26.30392857142959,SL,11502.2
2020-08-26,2020,True,15,1,83.81857142857173,125.7278571428576,1.32786801424847,113.30000000000109,T,11780.9
2020-08-27,2020,True,21,1,33.28142857142815,49.92214285714223,-1.0600935742799509,-33.28142857142815,SL,11985.9
2020-08-31,2020,True,15,1,39.95142857142889,59.92714285714334,1.4499392119001648,59.92714285714334,TP,12036.6
2020-09-01,2020,True,15,1,48.93464285714211,73.40196428571316,1.4591291591554327,73.40196428571316,TP,12192.9
2020-09-03,2020,True,15,-1,47.54678571428424,71.32017857142637,-1.0420638318648563,-47.54678571428424,SL,12150.2
2020-09-04,2020,True,15,-1,41.678214285715,62.5173214285725,1.4520132991713732,62.5173214285725,TP,11649.3
2020-09-09,2020,True,93,1,42.02285714285606,63.034285714284096,-1.0475931465868926,-42.02285714285606,SL,11407.9
2020-09-10,2020,True,15,1,60.551428571428964,90.82714285714344,-1.033029773981975,-60.551428571428964,SL,11501.7
2020-09-14,2020,True,15,1,57.78178571428684,86.67267857143025,0.7511017436290268,45.399999999999636,T,11293.7
2020-09-15,2020,True,15,1,120.9728571428561,181.45928571428414,0.13143444220072792,17.899999999999636,T,11438.9
2020-09-16,2020,True,75,-1,52.73571428571471,79.10357142857205,-1.0379249627522684,-52.73571428571471,SL,11356.3
2020-09-21,2020,True,36,-1,52.39964285714292,78.59946428571439,-1.0381681990744211,-52.39964285714292,SL,10759.3
2020-09-22,2020,True,15,1,59.27499999999969,88.91249999999954,0.6191480388022087,38.70000000000073,T,10995.0
2020-09-24,2020,True,15,-1,55.967142857142555,83.95071428571383,-1.035735252826914,-55.967142857142555,SL,10800.4
2020-09-25,2020,True,108,1,53.22392857142717,79.83589285714076,-0.9544579170217592,-48.79999999999927,T,11032.3
2020-09-29,2020,True,16,1,44.46035714285754,66.69053571428631,-1.044983894159323,-44.46035714285754,SL,11374.2
2020-09-30,2020,True,25,1,41.57428571428501,62.36142857142752,1.451893340663871,62.36142857142752,TP,11396.9
2020-10-01,2020,True,15,1,49.14892857142752,73.72339285714128,-1.0406926469840216,-49.14892857142752,SL,11547.9
2020-10-02,2020,True,15,-1,106.93357142857076,160.40035714285614,1.1670796956722136,126.79999999999927,T,11412.0
2020-10-08,2020,True,15,1,67.65535714285791,101.48303571428687,-0.2039749782247347,-11.800000000001091,T,11551.6
2020-10-09,2020,True,15,1,75.05607142857073,112.5841071428561,0.7474411987228714,58.100000000000364,T,11632.9
2020-10-15,2020,True,15,-1,80.6592857142861,120.98892857142914,0.3124252809436594,27.200000000000728,T,11858.0
2020-10-16,2020,True,15,1,60.46107142857182,90.69160714285773,-1.0330791359257134,-60.46107142857182,SL,11963.5
2020-10-19,2020,True,65,-1,39.76035714285572,59.64053571428357,0.41498621203820796,18.5,T,11814.7
2020-10-22,2020,True,49,-1,35.15035714285608,52.72553571428412,1.4431015738511073,52.72553571428412,TP,11637.2
2020-10-26,2020,True,32,1,35.01107142857002,52.51660714285503,-1.0571247870571576,-35.01107142857002,SL,11698.3
2020-10-30,2020,True,17,-1,46.082857142857556,69.12428571428633,1.4565999131998266,69.12428571428633,TP,11171.8
2020-11-03,2020,False,32,1,40.38607142857038,60.57910714285558,1.4504779759641306,60.57910714285558,TP,11229.9
2020-11-06,2020,False,15,-1,80.12250000000043,120.18375000000064,-1.0249617772785422,-80.12250000000043,SL,11936.3
2020-11-09,2020,False,15,1,59.64464285714291,89.46696428571437,1.466468069818269,89.46696428571437,TP,12139.6
2020-11-11,2020,False,15,1,100.72357142857075,151.08535714285614,0.5113003765610298,53.5,T,11819.0
2020-11-12,2020,False,15,1,71.55321428571358,107.32982142857037,-1.0279512251121796,-71.55321428571358,SL,11941.0
2020-11-16,2020,False,15,1,61.66142857142788,92.49214285714181,0.25461622222738534,17.700000000000728,T,11982.8
2020-11-17,2020,False,90,1,37.368571428571094,56.05285714285664,-1.0535209113846629,-37.368571428571094,SL,12038.8
2020-11-18,2020,False,21,-1,40.82607142857002,61.239107142855026,-1.0489883040424115,-40.82607142857002,SL,11953.7
2020-11-19,2020,False,15,-1,40.94249999999932,61.413749999998984,-1.04884899554253,-40.94249999999932,SL,11884.5
2020-11-20,2020,False,69,1,34.17821428571399,51.26732142857099,-1.058516807908129,-34.17821428571399,SL,12004.1
2020-11-23,2020,False,42,-1,30.99392857142825,46.49089285714237,1.4354712328451418,46.49089285714237,TP,11902.7
2020-11-24,2020,False,94,1,30.536785714285756,45.805178571428634,0.49776031250367797,17.200000000000728,T,12004.0
2020-11-25,2020,False,15,1,51.30785714285861,76.96178571428791,-0.397599922039248,-18.400000000001455,T,12118.7
2020-12-02,2020,False,15,-1,34.43107142857144,51.646607142857164,-1.058087068366405,-34.43107142857144,SL,12323.9
2020-12-03,2020,False,15,1,27.9021428571425,41.85321428571375,1.428320917492255,41.85321428571375,TP,12476.3
2020-12-07,2020,False,15,1,64.71571428571426,97.07357142857138,0.23332818260083132,17.100000000000364,T,12573.8
2020-12-08,2020,False,49,-1,21.318214285715346,31.97732142857302,-1.093816488247805,-21.318214285715346,SL,12524.4
2020-12-15,2020,False,15,1,35.1092857142853,52.663928571427945,-1.0569649868777091,-35.1092857142853,SL,12555.5
2020-12-16,2020,False,20,1,26.51607142857137,39.774107142857055,1.4245740453902618,39.774107142857055,TP,12596.3
2020-12-17,2020,False,15,1,53.46892857142817,80.20339285714226,-0.4806529827068957,-23.69999999999891,T,12731.9
2020-12-18,2020,False,103,-1,27.2857142857139,40.92857142857085,-0.6486910994764756,-15.700000000000728,T,12675.0
2020-12-21,2020,False,17,-1,29.30214285714212,43.95321428571318,1.4317456061233926,43.95321428571318,TP,12601.5
2020-12-22,2020,False,15,1,37.38142857142928,56.07214285714392,-1.0535025031528251,-37.38142857142928,SL,12717.2
2021-01-04,2021,False,78,-1,26.153214285714988,39.22982142857248,1.4235275642163643,39.22982142857248,TP,12822.3
2021-01-06,2021,False,15,-1,59.68642857142929,89.52964285714393,-1.0335084549012095,-59.68642857142929,SL,12623.9
2021-01-07,2021,False,24,1,33.7750000000007,50.66250000000105,1.4407846039970404,50.66250000000105,TP,12817.7
2021-01-11,2021,False,15,-1,33.0292857142868,49.5439285714302,-1.0605523236954197,-33.0292857142868,SL,12931.3
2021-01-12,2021,False,20,-1,41.61071428571536,62.41607142857304,-1.0480645438159801,-41.61071428571536,SL,12867.8
2021-01-13,2021,False,65,1,28.39499999999999,42.59249999999999,1.429565064271879,42.59249999999999,TP,12957.2
2021-01-14,2021,False,32,1,25.742857142856412,38.61428571428462,-1.0776914539400688,-25.742857142856412,SL,13009.4
2021-01-15,2021,False,33,-1,33.32821428571573,49.9923214285736,1.43999078429902,49.9923214285736,TP,12880.3
2021-01-21,2021,False,18,1,28.05642857142716,42.084642857140736,-1.071284910511982,-28.05642857142716,SL,13334.8
2021-02-05,2021,False,15,1,41.07607142857147,61.6141071428572,-1.0486901480702182,-41.07607142857147,SL,13570.6
2021-02-08,2021,False,15,1,52.86535714285755,79.29803571428633,-1.0378319585469822,-52.86535714285755,SL,13665.1
2021-02-09,2021,False,24,1,31.31821428571433,46.97732142857149,-0.09259787207351917,-0.8999999999996362,T,13699.1
2021-02-10,2021,False,19,1,29.50249999999969,44.253749999999535,-1.0677908651809176,-29.50249999999969,SL,13742.1
2021-02-12,2021,False,119,1,30.864285714286098,46.296428571429146,-0.184679472344386,-3.7000000000007276,T,13751.0
2021-02-16,2021,False,15,1,77.65214285714252,116.47821428571379,-1.0257558893600582,-77.65214285714252,SL,13864.0
2021-02-18,2021,False,34,-1,30.206071428571462,45.309107142857194,1.4337881457133737,45.309107142857194,TP,13547.3
2021-02-19,2021,False,27,1,27.45000000000002,41.17500000000003,-1.0728597449908925,-27.45000000000002,SL,13672.9
2021-02-26,2021,False,59,-1,36.148928571427476,54.223392857141214,-1.0553266743728837,-36.148928571427476,SL,12766.7
2021-03-01,2021,False,15,1,47.65142857142822,71.47714285714233,-1.041971459407603,-47.65142857142822,SL,13104.9
2021-03-04,2021,False,17,-1,69.48821428571429,104.23232142857144,1.4712181407946876,104.23232142857144,TP,12654.3
2021-03-05,2021,False,97,-1,45.65142857142931,68.47714285714396,1.4561897609212675,68.47714285714396,TP,12309.0
2021-03-08,2021,False,60,1,60.43357142857144,90.65035714285716,-1.0330941884241256,-60.43357142857144,SL,12712.6
2021-03-09,2021,False,31,1,61.65535714285643,92.48303571428465,0.3162742201755185,21.5,T,12729.3
2021-03-10,2021,False,15,1,123.56285714285715,185.34428571428572,-1.0161860938330982,-123.56285714285715,SL,12942.0
2021-03-11,2021,False,31,1,68.49285714285642,102.73928571428463,-1.0292001251433938,-68.49285714285642,SL,12997.3
2021-03-12,2021,False,15,-1,102.34821428571504,153.52232142857258,-0.006839396318597305,1.2999999999992724,T,12864.4
2021-03-15,2021,True,20,1,54.75642857142716,82.13464285714073,-1.0365253916696027,-54.75642857142716,SL,12948.8
2021-03-17,2021,True,15,-1,140.01642857142897,210.02464285714348,0.08713263239517006,14.199999999998909,T,12994.9
2021-03-18,2021,True,40,-1,50.72035714285645,76.08053571428468,-1.0394318989980078,-50.72035714285645,SL,12940.6
2021-03-19,2021,True,15,-1,59.68571428571469,89.52857142857204,-1.0335088559119194,-59.68571428571469,SL,12765.8
2021-03-24,2021,True,19,-1,53.35071428571541,80.02607142857312,-1.0374877829992897,-53.35071428571541,SL,12982.4
2021-03-25,2021,True,15,-1,64.58535714285716,96.87803571428574,-1.0309667715481727,-64.58535714285716,SL,12779.6
2021-03-29,2021,True,15,1,125.97714285714179,188.9657142857127,-0.17701623877346936,-20.299999999999272,T,12934.4
2021-03-30,2021,True,20,-1,43.6178571428575,65.42678571428625,-1.0458527798247765,-43.6178571428575,SL,12825.6
2021-04-06,2021,True,100,1,39.24857142857178,58.87285714285767,0.6089393608502437,25.899999999999636,T,13634.1
2021-04-14,2021,True,112,-1,31.834999999999983,47.752499999999976,-1.0628239359195852,-31.834999999999983,SL,13869.4
2021-04-15,2021,True,59,1,25.182500000000353,37.77375000000053,-1.0794202323041784,-25.182500000000353,SL,13997.0
2021-04-19,2021,True,36,-1,42.04392857142785,63.065892857141776,1.4524307059792896,63.065892857141776,TP,13939.1
2021-04-20,2021,True,75,-1,28.89535714285752,43.34303571428628,1.4307847281446608,43.34303571428628,TP,13824.4
2021-04-22,2021,True,63,1,24.30035714285717,36.450535714285756,-1.0823033171176202,-24.30035714285717,SL,13941.0
2021-04-26,2021,True,102,1,28.952500000000033,43.42875000000005,-0.5422675071237617,-13.700000000000728,T,13995.2
2021-04-28,2021,True,77,-1,30.70928571428467,46.063928571427,0.455888167841292,16.0,T,13919.1
2021-04-29,2021,True,15,1,56.5432142857147,84.81482142857205,-1.0353711762810995,-56.5432142857147,SL,14027.7
2021-05-03,2021,True,101,-1,40.949285714285736,61.423928571428604,-0.11721816183779549,-2.7999999999992724,T,13821.6
2021-05-06,2021,True,15,-1,28.736785714284647,43.10517857142697,-1.0695972061692978,-28.736785714284647,SL,13474.7
2021-05-12,2021,True,71,-1,41.14928571428612,61.723928571429184,1.4513964831883912,61.723928571429184,TP,13083.5
2021-05-14,2021,True,15,1,40.95250000000111,61.42875000000166,1.4511629326658948,61.42875000000166,TP,13240.6
2021-05-18,2021,True,44,1,41.30357142857254,61.95535714285881,-0.5350626891482867,-20.100000000000364,T,13356.6
2021-05-21,2021,True,24,1,35.52714285714325,53.29071428571487,-1.0562949857251995,-35.52714285714325,SL,13526.2
2021-05-24,2021,True,15,1,40.79821428571394,61.19732142857091,1.450978246596927,61.19732142857091,TP,13578.3
2021-05-27,2021,True,17,-1,38.71142857142856,58.06714285714284,-1.0516643294708097,-38.71142857142856,SL,13650.9
2021-05-28,2021,True,15,1,34.94321428571427,52.4148214285714,0.6667961284124558,25.30000000000109,T,13726.8
2021-06-01,2021,True,42,-1,28.76357142857032,43.14535714285548,1.4304676053539918,43.14535714285548,TP,13685.1
2021-06-10,2021,True,15,1,50.880714285715,76.32107142857251,-1.039307624275265,-50.880714285715,SL,13934.1
2021-06-11,2021,True,16,1,20.361428571428913,30.542142857143368,-1.0982249351013804,-20.361428571428913,SL,13964.9
2021-06-14,2021,True,15,1,42.1117857142857,63.16767857142855,0.38469040733423837,18.200000000000728,T,14021.3
2021-06-18,2021,True,15,1,39.77535714285676,59.663035714285144,-1.0502823894909812,-39.77535714285676,SL,14121.3
2021-06-21,2021,True,15,-1,32.45535714285749,48.683035714286234,-1.061623108665749,-32.45535714285749,SL,14006.6
2021-06-22,2021,True,17,1,23.4717857142857,35.20767857142855,-1.0852086851995557,-23.4717857142857,SL,14153.5
2021-06-23,2021,True,15,1,38.90428571428569,58.35642857142854,-1.0514082179708442,-38.90428571428569,SL,14306.9
2021-06-25,2021,True,41,-1,23.043928571428555,34.565892857142835,-1.0867907567844026,-23.043928571428555,SL,14335.5
2021-06-29,2021,True,15,1,25.885357142857497,38.828035714286244,-1.077263759157824,-25.885357142857497,SL,14533.5
2021-06-30,2021,True,85,1,22.543214285714637,33.81482142857195,-1.0887184930530238,-22.543214285714637,SL,14578.6
2021-07-01,2021,True,49,-1,22.643571428571786,33.96535714285768,-1.0883252894230453,-22.643571428571786,SL,14523.5
2021-07-06,2021,True,15,1,35.711785714284986,53.56767857142748,-1.0560039202744202,-35.711785714284986,SL,14752.5
2021-07-09,2021,True,83,1,33.67714285714287,50.5157142857143,0.8908119114278439,32.0,T,14777.2
2021-07-12,2021,True,15,1,23.563571428572885,35.34535714285933,-1.0848767771075154,-23.563571428572885,SL,14847.7
2021-07-13,2021,True,18,1,18.80178571428642,28.20267857142963,1.3936271250831078,28.20267857142963,TP,14897.0
2021-07-15,2021,True,15,-1,56.72178571428641,85.08267857142962,-1.0352598208045531,-56.72178571428641,SL,14831.5
2021-07-20,2021,True,19,1,24.130000000000337,36.195000000000505,-1.0828843762950673,-24.130000000000337,SL,14584.0
2021-07-21,2021,True,99,1,25.461071428569962,38.19160714285494,-1.0785512897841287,-25.461071428569962,SL,14793.3
2021-07-22,2021,True,15,1,75.03428571428498,112.55142857142746,0.2705429898712899,22.299999999999272,T,14893.5
2021-07-23,2021,True,15,1,51.36892857142928,77.05339285714392,1.461065958437911,77.05339285714392,TP,14970.7
2021-07-26,2021,True,66,1,24.56928571428605,36.85392857142907,-1.081402447887896,-24.56928571428605,SL,15128.4
2021-07-27,2021,True,28,-1,24.4417857142864,36.6626785714296,1.4181729181583085,36.6626785714296,TP,15049.5
2021-07-29,2021,True,16,1,31.496785714286755,47.24517857143013,-1.0634985429352182,-31.496785714286755,SL,15089.2
2021-08-02,2021,True,40,1,26.88107142857177,40.32160714285765,1.4255982037280623,40.32160714285765,TP,14990.7
2021-08-03,2021,True,25,-1,41.30964285714283,61.96446428571425,1.451585153933274,61.96446428571425,TP,14926.6
2021-08-04,2021,True,15,1,34.225357142857845,51.33803571428677,-1.0584362054032608,-34.225357142857845,SL,15070.0
2021-08-05,2021,True,15,1,25.537142857142467,38.3057142857137,1.4216827030655614,38.3057142857137,TP,15123.1
2021-08-06,2021,True,85,-1,24.35214285714246,36.52821428571369,-1.082128296131172,-24.35214285714246,SL,15082.9
2021-08-10,2021,True,21,1,22.561428571428163,33.84214285714224,-1.088646868865955,-22.561428571428163,SL,15158.3
2021-08-11,2021,True,92,-1,23.48535714285564,35.228035714283465,0.5024407305464677,13.800000000001091,T,15004.7
2021-08-12,2021,True,15,-1,27.287142857143536,40.930714285715304,-1.0732945919061812,-27.287142857143536,SL,14965.4
2021-08-13,2021,True,16,1,25.24214285714282,37.86321428571423,1.4207674240923625,37.86321428571423,TP,15102.7
2021-08-16,2021,True,20,-1,35.23642857142745,52.85464285714118,1.4432405586750707,52.85464285714118,TP,15061.7
2021-08-20,2021,True,15,1,26.124285714284245,39.18642857142637,1.4234428829222903,39.18642857142637,TP,15006.3
2021-08-24,2021,True,15,1,25.603571428570337,38.40535714285551,1.4218858976147268,38.40535714285551,TP,15344.8
2021-08-25,2021,True,15,1,24.222500000001073,36.33375000000161,-1.0825678604603122,-24.222500000001073,SL,15386.2
2021-08-26,2021,True,54,-1,32.84321428571535,49.26482142857302,1.4391046204369262,49.26482142857302,TP,15326.4
2021-08-27,2021,True,39,1,23.61607142857139,35.42410714285709,1.41531190926276,35.42410714285709,TP,15371.0
2021-09-07,2021,True,79,1,21.1882142857143,31.78232142857145,-1.094392098032936,-21.1882142857143,SL,15668.0
2021-09-08,2021,True,63,-1,35.684285714286446,53.52642857142967,1.4439529204531818,53.52642857142967,TP,15590.9
2021-09-09,2021,True,15,1,19.721785714285012,29.582678571427518,-1.1014106952065374,-19.721785714285012,SL,15666.4
2021-09-10,2021,True,119,-1,28.39714285714178,42.595714285712674,-0.08451554482341328,-0.3999999999996362,T,15544.6
2021-09-13,2021,True,31,-1,39.4699999999993,59.204999999998954,1.4493286040030393,59.204999999998954,TP,15414.1
2021-09-15,2021,True,41,-1,31.997857142857516,47.996785714286275,-1.0625041855481385,-31.997857142857516,SL,15338.4
2021-09-17,2021,True,66,-1,27.92214285714398,41.88321428571597,1.428372259599399,41.88321428571597,TP,15360.9
2021-09-22,2021,True,62,1,23.68107142857146,35.52160714285719,1.4155443618320842,35.52160714285719,TP,15140.2
2021-09-23,2021,True,15,1,62.71964285714399,94.07946428571599,0.7956040201577113,51.899999999999636,T,15271.6
2021-10-06,2021,True,32,-1,33.39428571428532,50.091428571427976,-1.0598904859685154,-33.39428571428532,SL,14509.7
2021-10-11,2021,True,15,-1,54.35285714285674,81.52928571428511,-1.036796593686756,-54.35285714285674,SL,14848.6
2021-10-12,2021,True,15,-1,62.247499999999214,93.37124999999882,-0.6120727740069726,-36.099999999998545,T,14680.2
2021-10-15,2021,True,15,1,46.124285714285655,69.18642857142848,-0.06287360237869796,-0.9000000000014552,T,15075.7
2021-10-18,2021,True,20,1,35.13464285714389,52.70196428571583,1.443076125517145,52.70196428571583,TP,15155.2
2021-10-19,2021,True,15,1,63.29214285714245,94.93821428571368,0.8484465460619006,55.69999999999891,T,15340.6
2021-10-20,2021,True,15,1,48.03357142857175,72.05035714285762,-0.09993010840630714,-2.7999999999992724,T,15434.9
2021-10-22,2021,True,112,-1,29.166071428571026,43.74910714285654,1.4314271719831007,43.74910714285654,TP,15344.7
2021-10-28,2021,True,73,1,24.95500000000072,37.43250000000108,0.116209176517714,4.899999999999636,T,15730.7
2021-11-02,2021,True,15,1,72.73357142857142,109.10035714285713,-0.0811179746039802,-3.899999999999636,T,15957.1
2021-11-05,2021,True,15,1,73.25214285714213,109.8782142857132,0.008190886663461537,2.599999999998545,T,16433.7
2021-11-09,2021,False,23,-1,37.00214285714143,55.50321428571215,1.4459490763083198,55.50321428571215,TP,16298.7
2021-11-10,2021,False,15,-1,61.03035714285716,91.54553571428575,-1.032770576703631,-61.03035714285716,SL,16132.0
2021-11-12,2021,False,90,1,33.02928571428609,49.543928571429134,1.439447676304579,49.543928571429134,TP,16123.1
2021-11-15,2021,False,15,1,37.34678571428572,56.02017857142859,-1.053552132044257,-37.34678571428572,SL,16229.3
2021-11-16,2021,False,46,1,30.41464285714432,45.62196428571648,-1.0657577999318903,-30.41464285714432,SL,16261.7
2021-11-17,2021,False,69,1,48.04000000000145,72.06000000000218,0.8305578684428937,41.89999999999782,T,16349.2
2021-11-18,2021,False,16,1,31.432857142854974,47.14928571428246,-1.063627687133577,-31.432857142854974,SL,16403.3
2021-11-23,2021,False,15,-1,40.42321428571432,60.634821428571485,-1.0494765207403807,-40.42321428571432,SL,16368.4
2021-11-24,2021,False,16,-1,42.68428571428683,64.02642857143024,-1.0468556511262077,-42.68428571428683,SL,16108.8
2021-11-30,2021,False,36,1,36.38714285714357,54.58071428571536,-1.0549644693965676,-36.38714285714357,SL,16444.5
2021-12-03,2021,False,24,-1,64.14250000000074,96.21375000000111,1.4688194254979152,96.21375000000111,TP,15835.8
2021-12-08,2021,False,20,1,52.842499999999305,79.26374999999896,-1.0378483228461943,-52.842499999999305,SL,16354.5
2021-12-09,2021,False,15,1,57.49178571428646,86.23767857142968,-1.0347875783497016,-57.49178571428646,SL,16413.0
2021-12-17,2021,False,15,-1,147.55285714285785,221.32928571428675,-1.013554464743869,-147.55285714285785,SL,15701.5
2021-12-20,2021,False,15,-1,91.9978571428575,137.99678571428626,0.39022648043043934,37.899999999999636,T,15616.6
2021-12-21,2021,False,15,1,96.01035714285784,144.01553571428676,-1.0208310859319492,-96.01035714285784,SL,15710.7
2021-12-22,2021,False,15,1,83.94964285714285,125.92446428571427,1.3031621848131705,111.39999999999964,T,16024.5
2021-12-23,2021,False,15,1,76.51321428571464,114.76982142857196,1.4738607243379995,114.76982142857196,TP,16210.5
2021-12-27,2021,False,15,1,115.83571428571463,173.75357142857195,0.7389776160818746,87.59999999999854,T,16429.2
2021-12-28,2021,False,15,1,48.458214285713545,72.68732142857031,-1.0412726723318328,-48.458214285713545,SL,16572.3
2021-12-29,2021,False,42,-1,69.42321428571498,104.13482142857247,-0.13252051341411003,-7.200000000000728,T,16428.3
2021-12-30,2021,False,44,1,43.36214285714568,65.04321428571852,-0.19602352282272598,-6.5,T,16553.4
2022-01-03,2022,False,16,-1,42.94464285714205,64.41696428571308,1.4534284169819942,64.41696428571308,TP,16414.5
2022-01-04,2022,False,74,-1,40.67928571428638,61.01892857142957,1.450834928271673,61.01892857142957,TP,16293.4
2022-01-05,2022,False,68,-1,49.26428571428564,73.89642857142846,-1.040597361171524,-49.26428571428564,SL,16140.1
2022-01-06,2022,False,20,-1,54.24607142857168,81.36910714285753,1.4631309706430358,81.36910714285753,TP,15757.1
2022-01-07,2022,False,72,-1,43.06035714285776,64.59053571428664,1.4535535668372475,64.59053571428664,TP,15605.5
2022-01-11,2022,False,34,1,44.79749999999881,67.19624999999822,-1.044645348512753,-44.79749999999881,SL,15630.3
2022-01-12,2022,False,15,1,113.37607142857206,170.0641071428581,-0.0784998094206035,-6.899999999999636,T,15918.6
2022-01-13,2022,False,79,-1,45.126785714284885,67.69017857142732,-0.1750623244034616,-5.899999999999636,T,15805.6
2022-01-14,2022,False,97,-1,56.38500000000025,84.57750000000037,-1.0354704265318788,-56.38500000000025,SL,15457.6
2022-01-18,2022,False,15,-1,92.10892857142773,138.1633928571416,-1.021713421608732,-92.10892857142773,SL,15344.1
2022-01-19,2022,False,77,-1,45.5878571428563,68.38178571428445,-1.0438713316515997,-45.5878571428563,SL,15183.1
2022-01-26,2022,False,18,1,76.93750000000034,115.40625000000051,-1.025995125913891,-76.93750000000034,SL,14429.9
2022-01-28,2022,False,15,-1,121.90821428571391,182.86232142857085,-1.0164057853830313,-121.90821428571391,SL,13905.5
2022-01-31,2022,False,15,1,192.50892857142748,288.7633928571412,1.0939752330596992,212.60000000000036,T,14576.9
2022-02-02,2022,False,15,1,131.64571428571503,197.46857142857255,-1.0151922909974824,-131.64571428571503,SL,15101.1
2022-02-04,2022,False,104,-1,66.37250000000039,99.55875000000057,-1.0301329616934722,-66.37250000000039,SL,14472.6
2022-02-08,2022,False,30,-1,86.94142857142712,130.41214285714068,-1.0230039928358998,-86.94142857142712,SL,14506.2
2022-02-09,2022,False,15,1,200.11928571428643,300.17892857142965,0.0839499298632562,18.799999999999272,T,14919.5
2022-02-10,2022,False,15,-1,74.4771428571432,111.71571428571481,-1.026853876548893,-74.4771428571432,SL,14852.6
2022-02-11,2022,False,43,-1,71.5385714285714,107.3078571428571,-1.0279569463026939,-71.5385714285714,SL,14628.4
2022-02-15,2022,False,15,1,167.40142857142962,251.10214285714443,0.26403597852893423,46.19999999999891,T,14513.2
2022-02-16,2022,False,20,-1,91.79499999999925,137.69249999999886,-0.718993409227088,-64.0,T,14401.6
2022-02-17,2022,False,49,-1,65.88214285714287,98.8232142857143,0.09258958096165189,8.099999999998545,T,14374.8
2022-02-18,2022,False,15,-1,91.67928571428499,137.51892857142747,-1.021815178689687,-91.67928571428499,SL,14114.2
2022-02-22,2022,False,107,-1,51.26821428571391,76.90232142857087,0.6007620984876711,32.80000000000109,T,13912.7
2022-02-25,2022,False,55,1,73.67821428571318,110.51732142856977,1.4728549338581376,110.51732142856977,TP,14003.3
2022-02-28,2022,False,70,1,62.6225,93.93375,1.4680625973092738,93.93375,TP,14197.2
2022-03-03,2022,False,15,1,65.41642857142858,98.12464285714287,-1.0305733596846576,-65.41642857142858,SL,14299.2
2022-03-04,2022,False,15,-1,133.50178571428643,200.25267857142964,0.7190915049290367,98.0,T,13887.9
2022-03-07,2022,False,18,-1,60.54214285714359,90.81321428571539,1.466965160042002,90.81321428571539,TP,13733.3
2022-03-08,2022,False,19,-1,72.67571428571394,109.01357142857091,1.4724804906335385,109.01357142857091,TP,13302.5
2022-03-09,2022,False,88,1,77.39535714285643,116.09303571428464,-1.0258413433806939,-77.39535714285643,SL,13680.4
2022-03-10,2022,False,63,-1,80.77035714285822,121.15553571428732,0.15475974654775015,14.5,T,13480.4
2022-03-11,2022,False,15,1,66.23357142857105,99.35035714285658,-1.0301961672436293,-66.23357142857105,SL,13641.8
2022-03-14,2022,True,26,-1,84.50071428571357,126.75107142857036,-1.0236684389819193,-84.50071428571357,SL,13264.5
2022-03-17,2022,True,27,1,65.99857142857181,98.99785714285771,-1.0303036862269745,-65.99857142857181,SL,13966.6
2022-03-18,2022,True,26,1,58.35107142857145,87.52660714285717,1.4657247082009757,87.52660714285717,TP,14124.7
2022-03-21,2022,True,115,1,59.302857142857164,88.95428571428575,0.2478801310464566,16.700000000000728,T,14429.9
2022-03-22,2022,True,28,1,65.2310714285711,97.84660714285664,1.4693397646826938,97.84660714285664,TP,14478.0
2022-03-24,2022,True,60,-1,55.005714285714674,82.50857142857201,-1.0363598587159772,-55.005714285714674,SL,14444.0
2022-03-25,2022,True,18,1,55.76000000000038,83.64000000000057,-1.0358680057388807,-55.76000000000038,SL,14767.7
2022-03-28,2022,True,15,1,95.02000000000146,142.5300000000022,-1.0210482003788672,-95.02000000000146,SL,14849.7
2022-03-31,2022,True,15,-1,58.17607142857034,87.26410714285551,-1.0343783956339443,-58.17607142857034,SL,15001.2
2022-04-01,2022,True,21,-1,69.92892857142891,104.89339285714337,0.960975684495973,69.19999999999891,T,14829.3
2022-04-04,2022,True,15,1,107.69892857142747,161.5483928571412,1.0445786368746315,114.5,T,14989.4
2022-04-08,2022,True,28,-1,47.377499999999614,71.06624999999943,-1.042214131180413,-47.377499999999614,SL,14311.0
2022-04-12,2022,True,17,1,49.41499999999998,74.12249999999997,-1.0404735404229486,-49.41499999999998,SL,14203.4
2022-04-18,2022,True,15,-1,44.777142857143936,67.16571428571591,-1.0446656457376202,-44.777142857143936,SL,13881.9
2022-04-19,2022,True,29,1,53.94107142857215,80.91160714285823,1.4629225014069591,80.91160714285823,TP,14014.6
2022-04-21,2022,True,15,1,60.9646428571425,91.44696428571375,-1.0328059003755106,-60.9646428571425,SL,14256.0
2022-04-22,2022,True,15,-1,63.43607142857069,95.15410714285603,-1.031527803581784,-63.43607142857069,SL,13662.2
2022-04-25,2022,True,15,-1,141.94571428571498,212.91857142857248,-1.0140898935206617,-141.94571428571498,SL,13246.3
2022-04-26,2022,True,32,-1,61.734285714285335,92.601428571428,1.467603091590688,92.601428571428,TP,13223.5
2022-04-27,2022,True,44,-1,53.13892857142893,79.7083928571434,-1.0376371909213715,-53.13892857142893,SL,13005.9
2022-05-02,2022,True,42,-1,70.64500000000035,105.96750000000053,-1.0283105669191024,-70.64500000000035,SL,12819.8
2022-05-03,2022,True,29,1,92.32071428571354,138.48107142857032,-1.0216636105501786,-92.32071428571354,SL,13115.0
2022-05-04,2022,True,44,-1,64.64321428571463,96.96482142857195,-0.007734763896332023,1.5,T,12963.4
2022-05-05,2022,True,98,-1,63.599285714286054,95.39892857142908,-1.03144689405766,-63.599285714286054,SL,12883.1
2022-05-06,2022,True,15,-1,165.64178571428567,248.4626785714285,-1.0120742480007416,-165.64178571428567,SL,12608.2
2022-05-09,2022,True,15,-1,113.20964285714285,169.81446428571428,1.48233366037093,169.81446428571428,TP,12472.4
2022-05-12,2022,True,15,-1,205.05035714285748,307.5755357142862,-1.0097537016168503,-205.05035714285748,SL,11800.0
2022-05-13,2022,True,15,1,119.52321428571427,179.2848214285714,1.4832668489384906,179.2848214285714,TP,12182.9
2022-05-17,2022,True,15,1,172.11357142857105,258.1703571428566,-1.011620234147718,-172.11357142857105,SL,12504.6
2022-05-18,2022,True,16,-1,76.26178571428535,114.39267857142804,1.4737745453864273,114.39267857142804,TP,12319.1
2022-05-19,2022,True,15,-1,93.66285714285824,140.49428571428737,-1.0213531816240617,-93.66285714285824,SL,11856.3
2022-05-20,2022,True,96,-1,70.14285714285785,105.21428571428677,0.7057026476578341,51.5,T,11783.0
2022-05-24,2022,True,15,-1,108.32607142857069,162.48910714285603,1.4815372239238014,162.48910714285603,TP,11738.1
2022-05-25,2022,True,48,1,68.92857142857213,103.39285714285819,-0.07398963730570401,-3.100000000000364,T,11854.2
2022-05-26,2022,True,17,1,79.18571428571354,118.77857142857032,1.4747429189969328,118.77857142857032,TP,12052.9
2022-05-27,2022,True,15,1,176.17249999999962,264.2587499999994,0.7362102484780599,131.70000000000073,T,12459.3
2022-06-01,2022,True,15,1,70.62642857142785,105.93964285714178,-1.0283180112665233,-70.62642857142785,SL,12783.3
2022-06-06,2022,True,29,1,69.13892857142856,103.70839285714285,-1.0289272634292237,-69.13892857142856,SL,12746.5
2022-06-07,2022,True,15,-1,60.44607142857176,90.66910714285764,-1.0330873446815045,-60.44607142857176,SL,12522.1
2022-06-08,2022,True,19,1,68.99464285714211,103.49196428571317,-0.4261200403758049,-27.399999999999636,T,12751.0
2022-06-09,2022,True,15,-1,97.32035714285675,145.9805357142851,-1.0205506849616695,-97.32035714285675,SL,12528.1
2022-06-14,2022,True,72,-1,57.42071428571356,86.13107142857034,-1.0348306360322934,-57.42071428571356,SL,11243.5
2022-06-15,2022,True,15,1,128.05285714285714,192.0792857142857,-0.03201802826956482,-2.099999999998545,T,11500.3
2022-06-16,2022,True,15,-1,112.44285714285675,168.66428571428514,1.4822131876508704,168.66428571428514,TP,11276.2
2022-06-22,2022,True,52,1,46.694999999999986,70.04249999999998,-1.0428311382374986,-46.694999999999986,SL,11640.6
2022-06-28,2022,True,60,-1,46.491785714285015,69.73767857142752,1.4569816480637894,69.73767857142752,TP,11956.6
2022-06-29,2022,True,15,-1,137.73642857142897,206.60464285714346,-1.0145204868511806,-137.73642857142897,SL,11540.9
2022-07-06,2022,True,26,1,49.892857142858595,74.8392857142879,-1.0400858983536136,-49.892857142858595,SL,11791.2
2022-07-07,2022,True,15,1,87.02071428571429,130.53107142857144,0.8113010859483416,72.60000000000036,T,11986.3
2022-07-08,2022,True,99,1,57.550714285713575,86.32607142857036,0.04343994737560714,4.5,T,12153.5
2022-07-11,2022,True,15,-1,106.88785714285572,160.33178571428357,-0.08887819677499233,-7.5,T,11883.7
2022-07-12,2022,True,30,-1,68.39142857142787,102.5871428571418,-1.0292434306721814,-68.39142857142787,SL,11795.5
2022-07-15,2022,True,15,1,85.19535714285716,127.79303571428574,0.7113063672986916,62.600000000000364,T,11866.0
2022-07-20,2022,True,15,1,92.30071428571355,138.45107142857034,1.4783316953126813,138.45107142857034,TP,12303.0
2022-07-21,2022,True,30,1,62.39392857142857,93.59089285714285,-1.0320544008975234,-62.39392857142857,SL,12511.6
2022-07-22,2022,True,19,1,53.7421428571425,80.61321428571375,-1.0372147423543643,-53.7421428571425,SL,12630.3
2022-07-25,2022,True,45,-1,46.97285714285716,70.45928571428574,-1.042577780481129,-46.97285714285716,SL,12312.5
2022-07-26,2022,True,15,-1,99.75857142857069,149.63785714285603,0.9292434592086751,94.70000000000073,T,12182.7
2022-07-27,2022,True,15,1,122.18607142857144,183.27910714285716,0.5123333557425619,64.60000000000036,T,12349.6
2022-07-29,2022,True,15,1,129.94928571428574,194.9239285714286,0.04309373436889095,7.599999999998545,T,12831.2
2022-08-01,2022,True,26,1,53.580357142856414,80.37053571428461,1.462672887852024,80.37053571428461,TP,12996.5
2022-08-02,2022,True,40,-1,52.29357142857145,78.44035714285717,-1.0382456188277718,-52.29357142857145,SL,12820.3
2022-08-03,2022,True,24,1,48.846785714285716,73.27017857142857,1.4590556477615868,73.27017857142857,TP,13081.9
2022-08-04,2022,True,15,1,49.406428571427504,74.10964285714125,-1.0404805621015203,-49.406428571427504,SL,13296.3
2022-08-05,2022,True,15,-1,66.01821428571358,99.02732142857037,-1.030294669761051,-66.01821428571358,SL,13137.5
2022-08-08,2022,True,15,1,96.7846428571418,145.1769642857127,-1.0206644353996541,-96.7846428571418,SL,13345.4
2022-08-09,2022,True,15,-1,84.21642857142862,126.32464285714293,0.7492599849028261,65.09999999999854,T,13056.3
2022-08-11,2022,True,15,1,110.40642857142862,165.60964285714294,-1.0181148872024792,-110.40642857142862,SL,13457.1
2022-08-15,2022,True,23,1,53.79214285714326,80.68821428571489,-1.0371801511107568,-53.79214285714326,SL,13576.0
2022-08-16,2022,True,64,-1,43.39714285714362,65.09571428571543,-1.046085983277371,-43.39714285714362,SL,13508.9
2022-08-17,2022,True,15,-1,44.67357142857183,67.01035714285774,1.4552308012087687,67.01035714285774,TP,13497.3
2022-08-19,2022,True,15,-1,109.11500000000112,163.67250000000166,0.6671859964257758,74.79999999999927,T,13323.8
2022-08-25,2022,True,25,1,31.35535714285607,47.03303571428411,1.436215046414942,47.03303571428411,TP,12996.9
2022-08-26,2022,True,39,1,46.027142857143225,69.04071428571484,-1.043452621124181,-46.027142857143225,SL,13163.5
2022-08-29,2022,True,15,-1,68.52607142857178,102.78910714285767,1.4708140280289568,102.78910714285767,TP,12570.1
2022-08-30,2022,True,35,-1,43.248214285715015,64.87232142857252,1.4537553160741574,64.87232142857252,TP,12427.5
2022-09-01,2022,True,15,-1,113.90178571428608,170.85267857142912,1.3265814846750634,153.09999999999854,T,12186.8
2022-09-02,2022,True,15,1,44.03499999999855,66.05249999999782,1.454581582831837,66.05249999999782,TP,12298.8
2022-09-06,2022,True,23,-1,37.806071428570355,56.70910714285553,1.4470984441274535,56.70910714285553,TP,12034.1
2022-09-08,2022,True,68,1,38.90499999999965,58.357499999999476,1.44859272587071,58.357499999999476,TP,12298.3
2022-09-09,2022,True,15,1,112.5621428571425,168.84321428571377,0.9265992753209464,106.30000000000109,T,12448.9
2022-09-12,2022,True,15,1,112.1975,168.29625000000001,-0.20588694043985262,-21.100000000000364,T,12681.5
2022-09-15,2022,True,79,-1,42.231785714284634,63.347678571426954,1.4526423056431756,63.347678571426954,TP,12010.6
2022-09-19,2022,True,68,1,38.79357142857037,58.19035714285555,-1.0515549336230243,-38.79357142857037,SL,11876.9
2022-09-26,2022,True,20,1,39.78642857142893,59.67964285714339,1.4497316026642255,59.67964285714339,TP,11410.1
2022-09-29,2022,True,15,-1,39.42714285714175,59.14071428571263,1.4492735244030568,59.14071428571263,TP,11205.2
2022-10-05,2022,True,15,-1,81.64464285714317,122.46696428571475,0.22291725902758838,20.200000000000728,T,11411.1
2022-10-10,2022,True,21,-1,42.923214285714614,64.38482142857193,1.4534051670341561,64.38482142857193,TP,10988.5
2022-10-11,2022,True,17,-1,60.60392857142927,90.90589285714391,-1.0330011609336966,-60.60392857142927,SL,10804.0
2022-10-20,2022,True,39,1,46.84285714285676,70.26428571428514,-0.27111924367186896,-10.700000000000728,T,11235.0
2022-10-24,2022,True,15,1,80.12607142857141,120.18910714285711,-1.024960664666842,-80.12607142857141,SL,11364.2
2022-10-25,2022,True,15,1,111.2225,166.83375,0.8964013576389571,101.69999999999891,T,11535.6
2022-10-26,2022,True,15,-1,65.82214285714285,98.73321428571427,-1.0303849117209798,-65.82214285714285,SL,11448.7
2022-10-27,2022,True,15,-1,77.30321428571318,115.95482142856977,1.4741278545985426,115.95482142856977,TP,11357.6
2022-10-28,2022,True,77,1,49.31214285714248,73.96821428571373,-0.10139490418181632,-3.0,T,11420.9
2022-11-01,2022,True,15,1,64.10642857142965,96.15964285714446,-1.031198119199099,-64.10642857142965,SL,11498.2
2022-11-02,2022,True,15,-1,45.55821428571427,68.33732142857141,1.4561001230764408,68.33732142857141,TP,11277.0
2022-11-04,2022,True,44,1,47.2921428571425,70.93821428571376,1.457709676932139,70.93821428571376,TP,10854.6
2022-11-08,2022,False,21,1,49.03999999999999,73.55999999999999,1.4592169657422511,73.55999999999999,TP,11008.2
2022-11-11,2022,False,15,1,44.903214285715386,67.35482142857308,-1.0445402413126634,-44.903214285715386,SL,11612.1
2022-11-16,2022,False,19,-1,53.333928571428935,80.0008928571434,-0.20624769812836768,-9.0,T,11719.6
2022-11-17,2022,False,15,-1,124.66928571428608,187.00392857142913,-0.7483799996562254,-91.29999999999927,T,11585.0
2022-11-18,2022,False,25,1,43.513214285715,65.2698214285725,-1.045963048991685,-43.513214285715,SL,11745.7
2022-11-21,2022,False,52,-1,53.14142857142858,79.71214285714287,0.2540390870722331,15.5,T,11562.7
2022-11-22,2022,False,15,-1,53.688214285715006,80.53232142857252,-1.037252123703659,-53.688214285715006,SL,11508.0
2022-11-23,2022,False,15,1,79.63785714285785,119.45678571428678,-0.21472200048433798,-15.100000000000364,T,11775.2
2022-11-28,2022,False,46,-1,36.93892857142784,55.408392857141756,1.4458565779423556,55.408392857141756,TP,11716.7
2022-11-29,2022,False,25,-1,40.08892857142856,60.13339285714284,-1.049889085871589,-40.08892857142856,SL,11547.1
2022-12-01,2022,False,15,1,96.78749999999887,145.1812499999983,-1.0206638253906757,-96.78749999999887,SL,12088.8
2022-12-02,2022,False,15,-1,83.96500000000066,125.94750000000099,-0.5954862144941298,-48.0,T,11876.5
2022-12-06,2022,False,15,-1,69.46035714285816,104.19053571428724,1.471206597802447,104.19053571428724,TP,11695.3
2022-12-07,2022,False,17,-1,53.67678571428709,80.51517857143064,-1.0372600552247238,-53.67678571428709,SL,11470.3
2022-12-08,2022,False,29,1,41.74571428571423,62.61857142857134,1.4520908904250223,62.61857142857134,TP,11589.6
2022-12-09,2022,False,88,1,37.813571428572104,56.720357142858155,0.4469294848788052,18.899999999999636,T,11678.1
2022-12-12,2022,False,79,-1,40.8946428571428,61.3419642857142,-1.048906161303,-40.8946428571428,SL,11533.9
2022-12-16,2022,False,36,-1,44.77749999999996,67.16624999999993,1.4553347105130923,67.16624999999993,TP,11292.8
2022-12-19,2022,False,18,-1,45.383928571428875,68.07589285714332,1.4559315364941967,68.07589285714332,TP,11163.1
2022-12-20,2022,False,15,-1,90.65499999999923,135.98249999999885,-1.022061662346258,-90.65499999999923,SL,10975.5
2022-12-21,2022,False,18,1,53.487500000000324,80.23125000000049,1.4626080860014024,80.23125000000049,TP,11161.4
2022-12-27,2022,False,18,-1,41.19571428571354,61.79357142857032,-1.0485487394666584,-41.19571428571354,SL,10820.1
2022-12-28,2022,False,66,-1,41.1785714285707,61.767857142856045,1.4514310494362523,61.767857142856045,TP,10798.0
2022-12-29,2022,False,45,1,45.04749999999925,67.57124999999888,1.4556024196681274,67.57124999999888,TP,10912.3
2023-01-05,2023,False,15,-1,78.01892857142963,117.02839285714444,-1.0256348047406074,-78.01892857142963,SL,10739.9
2023-01-06,2023,False,15,-1,60.22857142857102,90.34285714285653,-1.0332068311195448,-60.22857142857102,SL,10700.7
2023-01-10,2023,False,16,-1,41.568214285714234,62.35232142857135,-1.0481136857660815,-41.568214285714234,SL,11075.2
2023-01-11,2023,False,15,1,93.80928571428528,140.7139285714279,0.3197977659841791,32.0,T,11268.9
2023-01-12,2023,False,42,1,42.36821428571387,63.55232142857081,-1.0472051993155251,-42.36821428571387,SL,11409.9
2023-01-17,2023,False,23,1,34.64785714285637,51.97178571428455,1.4422763724823209,51.97178571428455,TP,11551.5
2023-01-18,2023,False,15,1,34.99500000000068,52.492500000001016,1.4428489784254903,52.492500000001016,TP,11623.0
2023-01-20,2023,False,21,1,37.17107142857136,55.756607142857035,1.446194717474226,55.756607142857035,TP,11395.0
2023-01-23,2023,False,15,1,102.40000000000101,153.60000000000153,1.4804687500000002,153.60000000000153,TP,11692.1
2023-01-27,2023,False,17,1,41.856071428571745,62.78410714285762,1.4522172069250925,62.78410714285762,TP,12061.4
2023-01-30,2023,False,57,-1,38.04071428571314,57.06107142856972,-0.7675986255327881,-27.19999999999891,T,11980.7
2023-02-06,2023,False,16,-1,45.11321428571499,67.66982142857248,1.4556670915237067,67.66982142857248,TP,12499.5
2023-02-10,2023,False,15,-1,52.23321428571358,78.34982142857037,-1.0382898128585403,-52.23321428571358,SL,12314.0
2023-02-13,2023,False,15,1,40.484642857142866,60.7269642857143,1.4505985514789559,60.7269642857143,TP,12379.0
2023-02-14,2023,False,25,1,56.087142857142865,84.1307142857143,1.4643412037390797,84.1307142857143,TP,12540.9
2023-02-21,2023,False,18,-1,52.649642857142865,78.9744642857143,1.4620130376681433,78.9744642857143,TP,12217.6
2023-02-22,2023,False,39,-1,43.73107142857145,65.59660714285717,-0.5671025014904238,-22.799999999999272,T,12053.2
2023-02-23,2023,False,15,1,58.727499999998926,88.09124999999838,-1.034055595760079,-58.727499999998926,SL,12182.9
2023-02-24,2023,False,15,-1,86.66749999999928,130.00124999999892,-0.19845963019587354,-15.200000000000728,T,11950.5
2023-02-28,2023,False,81,-1,35.86214285714432,53.79321428571648,-1.055769115860336,-35.86214285714432,SL,12029.3
2023-03-01,2023,False,33,-1,40.43749999999966,60.65624999999949,1.450540958268933,60.65624999999949,TP,12005.6
2023-03-02,2023,False,15,-1,78.40214285714215,117.60321428571322,-0.4476918451572789,-33.099999999998545,T,11853.7
2023-03-03,2023,False,15,1,92.08678571428428,138.13017857142643,0.675449789212834,64.20000000000073,T,12138.8
2023-03-06,2023,False,15,1,83.84785714285718,125.77178571428577,0.9934660567183669,85.29999999999927,T,12356.0
2023-03-07,2023,False,30,-1,59.564642857141806,89.34696428571272,1.4664230337988136,89.34696428571272,TP,12264.7
2023-03-08,2023,False,30,-1,33.771428571429,50.6571428571435,-1.059221658206429,-33.771428571429,SL,12121.8
2023-03-09,2023,False,15,1,62.928571428571125,94.39285714285668,-0.12712826333711752,-6.0,T,12276.4
2023-03-13,2023,True,15,-1,85.92964285714255,128.89446428571384,-1.023274855259494,-85.92964285714255,SL,11732.5
2023-03-14,2023,True,15,1,87.4946428571429,131.24196428571435,0.707471886033855,63.900000000001455,T,12132.3
2023-03-15,2023,True,80,-1,45.093571428570755,67.64035714285613,-1.0443522199870119,-45.093571428570755,SL,12019.1
2023-03-16,2023,True,27,1,34.36857142857039,51.552857142855586,-1.0581927009726513,-34.36857142857039,SL,12275.9
2023-03-17,2023,True,26,1,36.52178571428649,54.78267857142973,1.4452381650873756,54.78267857142973,TP,12598.0
2023-03-20,2023,True,15,-1,39.90178571428575,59.852678571428626,-1.0501230700380397,-39.90178571428575,SL,12437.7
2023-03-21,2023,True,15,1,118.2107142857136,177.3160714285704,-0.5261790386416446,-60.19999999999891,T,12661.4
2023-03-22,2023,True,52,1,38.856785714286104,58.28517857142916,0.8003750034466773,33.099999999998545,T,12766.7
2023-03-27,2023,True,15,1,83.42571428571358,125.13857142857037,-1.0239734237473888,-83.42571428571358,SL,12814.5
2023-03-28,2023,True,15,-1,98.60714285714178,147.9107142857127,-0.11155378486055899,-9.0,T,12584.1
2023-03-30,2023,True,15,1,91.98964285714362,137.98446428571543,0.3359073808774989,32.899999999999636,T,12923.7
2023-03-31,2023,True,15,1,56.839642857142884,85.25946428571433,1.344132302027627,78.39999999999964,T,13011.9
2023-04-04,2023,True,28,1,37.96392857142822,56.945892857142326,-1.0526815868446557,-37.96392857142822,SL,13163.8
2023-04-05,2023,True,15,-1,54.85821428571393,82.28732142857089,1.4635423787295818,82.28732142857089,TP,13025.1
2023-04-06,2023,True,15,-1,64.30428571428571,96.45642857142857,-1.0311021260524738,-64.30428571428571,SL,12858.2
2023-04-12,2023,True,17,-1,45.5989285714282,68.39839285714231,-1.04386067968389,-45.5989285714282,SL,12928.2
2023-04-14,2023,True,18,1,26.530357142856396,39.7955357142846,-1.0753853402436584,-26.530357142856396,SL,13125.3
2023-04-19,2023,True,15,-1,45.96357142857139,68.94535714285709,-1.043512719700384,-45.96357142857139,SL,13021.2
2023-04-21,2023,True,21,-1,27.004285714286038,40.506428571429055,-1.0740623181505573,-27.004285714286038,SL,12929.8
2023-04-24,2023,True,15,1,37.86357142857103,56.795357142856545,-1.052821219038277,-37.86357142857103,SL,13044.3
2023-04-25,2023,True,40,-1,31.216785714286765,46.82517857143014,1.134005285617807,37.399999999999636,T,12875.3
2023-04-27,2023,True,15,1,38.43178571428641,57.64767857142962,1.4479597431441618,57.64767857142962,TP,12941.5
2023-04-28,2023,True,41,1,28.72178571428712,43.08267857143068,-1.069633553425097,-28.72178571428712,SL,13177.7
2023-05-01,2023,True,22,1,28.71499999999959,43.07249999999939,-1.0696500087062522,-28.71499999999959,SL,13250.5
2023-05-02,2023,True,40,-1,34.69892857142818,52.048392857142275,1.4423613326883284,52.048392857142275,TP,13176.0
2023-05-05,2023,True,15,1,54.56321428571392,81.84482142857088,1.4633452679395458,81.84482142857088,TP,13094.9
2023-05-10,2023,True,15,1,64.3328571428568,96.4992857142852,0.14145182421780225,11.100000000000364,T,13294.4
2023-05-16,2023,True,15,1,54.5835714285718,81.8753571428577,-1.036641061543897,-54.5835714285718,SL,13451.7
2023-05-18,2023,True,15,1,57.456428571429704,86.18464285714455,1.4651910143089801,86.18464285714455,TP,13644.2
2023-05-19,2023,True,15,1,26.743928571428615,40.115892857142924,-1.074783328659375,-26.743928571428615,SL,13849.6
2023-05-22,2023,True,20,1,34.2660714285729,51.39910714285935,-1.0583667726301502,-34.2660714285729,SL,13884.2
2023-05-23,2023,True,45,-1,24.89142857142896,37.33714285714344,-1.0803489439853065,-24.89142857142896,SL,13790.9
2023-05-31,2023,True,42,-1,28.088214285714297,42.132321428571444,1.4287957582615993,42.132321428571444,TP,14298.6
2023-06-02,2023,True,15,1,86.5396428571425,129.80946428571374,-1.0231107956304089,-86.5396428571425,SL,14554.4
2023-06-05,2023,True,15,1,46.75321428571357,70.12982142857035,-1.0427778074845893,-46.75321428571357,SL,14613.0
2023-06-06,2023,True,15,-1,36.7157142857143,55.07357142857145,-1.0544725886152289,-36.7157142857143,SL,14504.1
2023-06-07,2023,True,15,1,69.0210714285707,103.53160714285606,-1.0289766582668858,-69.0210714285707,SL,14636.9
2023-06-14,2023,True,34,1,32.583214285714305,48.87482142857146,1.4386187015663192,48.87482142857146,TP,14931.4
2023-06-15,2023,True,23,1,35.758928571428974,53.63839285714346,-1.0559300873907609,-35.758928571428974,SL,15023.4
2023-06-20,2023,True,24,-1,32.16535714285717,48.24803571428575,1.4378213028657716,48.24803571428575,TP,15074.4
2023-06-21,2023,True,27,-1,33.78928571428573,50.683928571428595,1.4408096395729837,50.683928571428595,TP,14944.1
2023-06-26,2023,True,111,-1,33.885714285713235,50.82857142856985,-1.0590219224283324,-33.885714285713235,SL,14816.2
2023-06-28,2023,True,58,1,41.824642857143616,62.73696428571542,1.452181301180952,62.73696428571542,TP,14976.7
2023-07-05,2023,True,15,1,47.24321428571429,70.86482142857143,-0.827632086240662,-37.100000000000364,T,15233.4
2023-07-07,2023,True,20,1,33.99571428571392,50.99357142857089,-1.0588309450771112,-33.99571428571392,SL,15110.9
2023-07-10,2023,True,16,-1,48.63750000000036,72.95625000000054,-1.041120534566949,-48.63750000000036,SL,15007.1
2023-07-11,2023,True,94,1,30.766785714286076,46.150178571429116,-1.0650051655890505,-30.766785714286076,SL,15078.9
2023-07-14,2023,True,15,1,62.5378571428564,93.8067857142846,0.6508057976311684,42.70000000000073,T,15638.0
2023-07-19,2023,True,72,1,31.182142857143162,46.773214285714744,-1.0641392738517919,-31.182142857143162,SL,15902.6
2023-07-20,2023,True,15,-1,51.0546428571428,76.58196428571421,1.4608262855623877,76.58196428571421,TP,15755.1
2023-07-24,2023,True,23,-1,36.661785714286005,54.99267857142901,-1.0545527164330313,-36.661785714286005,SL,15398.1
2023-07-25,2023,True,15,1,53.240357142857796,79.8605357142867,0.3794114292997481,22.200000000000728,T,15535.0
2023-07-26,2023,True,79,-1,30.33250000000064,45.49875000000096,1.4340641226407334,45.49875000000096,TP,15475.0
2023-07-31,2023,True,15,1,45.84357142857171,68.76535714285757,-1.0436266184696403,-45.84357142857171,SL,15804.6
2023-08-01,2023,True,16,-1,47.48249999999955,71.22374999999931,-1.0421207813404942,-47.48249999999955,SL,15683.2
2023-08-03,2023,True,15,-1,43.88499999999847,65.82749999999771,-1.0455736584254316,-43.88499999999847,SL,15308.2
2023-08-04,2023,True,16,1,35.04035714285672,52.56053571428508,-1.0570770438168242,-35.04035714285672,SL,15443.4
2023-08-08,2023,True,15,-1,49.77964285714319,74.66946428571478,1.45982293393025,74.66946428571478,TP,15233.5
2023-08-09,2023,True,86,-1,38.90750000000068,58.36125000000102,1.4485960290432445,58.36125000000102,TP,15136.5
2023-08-10,2023,True,16,1,33.21107142857065,49.81660714285597,1.439779118409307,49.81660714285597,TP,15297.9
2023-08-14,2023,True,55,1,32.04892857142856,48.07339285714284,1.4375954177206727,48.07339285714284,TP,15106.6
2023-08-16,2023,True,31,-1,33.08928571428574,49.633928571428605,-1.0604425256341068,-33.08928571428574,SL,15009.8
2023-08-17,2023,True,23,-1,31.182142857142875,46.77321428571431,1.4358607261482075,46.77321428571431,TP,14870.8
2023-08-21,2023,True,15,1,95.2039285714279,142.80589285714183,-0.5945132816397963,-54.600000000000364,T,14811.0
2023-08-22,2023,True,15,1,59.41285714285681,89.11928571428521,-1.0336627473610813,-59.41285714285681,SL,14987.3
2023-08-23,2023,True,27,1,35.84428571428682,53.766428571430225,1.4442031007134049,53.766428571430225,TP,15044.6
2023-08-25,2023,True,15,-1,82.09999999999965,123.14999999999948,-1.0243605359317907,-82.09999999999965,SL,14899.9
2023-08-28,2023,True,15,1,43.04535714285752,64.56803571428628,-1.0464626183344807,-43.04535714285752,SL,15016.2
2023-08-29,2023,True,15,1,59.923214285714664,89.884821428572,1.4666239532735348,89.884821428572,TP,15117.4
2023-08-30,2023,True,21,1,39.90321428571359,59.85482142857038,1.4498787244135354,59.85482142857038,TP,15397.0
2023-08-31,2023,True,15,1,64.51999999999893,96.7799999999984,0.26193428394299034,18.900000000001455,T,15515.3
2023-09-05,2023,True,34,-1,40.73750000000071,61.10625000000106,-1.0490948143602323,-40.73750000000071,SL,15417.5
2023-09-06,2023,True,31,-1,33.36892857142781,50.053392857141716,1.4400640030824214,50.053392857141716,TP,15414.7
2023-09-08,2023,True,15,1,70.73464285714282,106.10196428571422,-0.07634165921931055,-3.399999999999636,T,15330.4
2023-09-11,2023,True,25,1,31.924999999999596,47.88749999999939,-1.0626468285043078,-31.924999999999596,SL,15378.8
2023-09-12,2023,True,99,-1,30.441428571427792,45.66214285714169,-1.0656999389929154,-30.441428571427792,SL,15324.6
2023-09-13,2023,True,36,-1,30.04571428571425,45.068571428571374,-1.0665652339292508,-30.04571428571425,SL,15276.3
2023-09-15,2023,True,82,-1,28.806785714284615,43.21017857142692,0.1423275765878756,6.100000000000364,T,15250.6
2023-09-19,2023,True,16,-1,31.326071428571414,46.98910714285712,1.4361554159588659,46.98910714285712,TP,15155.0
2023-09-20,2023,True,15,1,40.75142857142784,61.127142857141756,-1.0490780340741788,-40.75142857142784,SL,15235.8
2023-09-22,2023,True,96,1,25.331785714286433,37.997678571429645,-1.0789521916282456,-25.331785714286433,SL,14846.6
2023-09-25,2023,True,37,-1,27.583571428571076,41.375357142856615,-1.0725069270010625,-27.583571428571076,SL,14682.6
2023-09-26,2023,True,20,-1,29.682857142856815,44.52428571428522,1.4326210414861864,44.52428571428522,TP,14614.1
2023-09-28,2023,True,114,1,27.310357142856468,40.9655357142847,1.4267677097908937,40.9655357142847,TP,14664.4
2023-09-29,2023,True,15,1,91.47500000000005,137.2125000000001,-1.021863897239683,-91.47500000000005,SL,14854.5
2023-10-03,2023,True,35,-1,30.271428571429357,45.40714285714404,1.4339310995752732,45.40714285714404,TP,14699.8
2023-10-05,2023,True,90,-1,31.321785714284303,46.982678571426455,-1.0638533198025137,-31.321785714284303,SL,14587.2
2023-10-06,2023,True,37,-1,38.49071428571395,57.736071428570924,-1.0519605841854256,-38.49071428571395,SL,14572.6
2023-10-10,2023,True,20,1,36.69607142857255,55.04410714285883,1.445498253024362,55.04410714285883,TP,15072.7
2023-10-12,2023,True,21,1,41.892500000000396,62.838750000000594,1.4522587575341652,62.838750000000594,TP,15256.1
2023-10-13,2023,True,82,-1,43.418571428572534,65.1278571428588,1.4539367617543526,65.1278571428588,TP,15078.3
2023-10-17,2023,True,15,-1,121.86607142857252,182.7991071428588,-1.016411458714924,-121.86607142857252,SL,14962.8
2023-10-19,2023,True,110,-1,37.47892857142749,56.21839285714123,-1.0533633184360751,-37.47892857142749,SL,14863.2
2023-10-20,2023,True,15,-1,40.05285714285678,60.07928571428517,1.4500659842351173,60.07928571428517,TP,14744.5
2023-10-24,2023,True,67,1,40.515357142856416,60.773035714284624,-1.0493639977786209,-40.515357142856416,SL,14754.5
2023-10-26,2023,True,15,-1,69.90178571428643,104.85267857142965,1.471388427640823,104.85267857142965,TP,14328.3
2023-10-30,2023,True,15,1,77.06428571428572,115.59642857142858,-1.0259523588840487,-77.06428571428572,SL,14365.4
2023-11-01,2023,True,15,1,87.88464285714285,131.82696428571427,0.6303717941945167,57.400000000001455,T,14472.8
2023-11-06,2023,False,16,1,36.08392857142786,54.12589285714179,-1.05542633740783,-36.08392857142786,SL,15151.0
2023-11-07,2023,False,17,1,34.117142857143946,51.17571428571592,1.441378444016416,51.17571428571592,TP,15181.7
2023-11-08,2023,False,24,1,33.93000000000072,50.895000000001076,-1.0589448865310922,-33.93000000000072,SL,15337.2
2023-11-09,2023,False,27,1,32.01107142857107,48.01660714285661,-1.0624783835949623,-32.01107142857107,SL,15344.6
2023-11-15,2023,False,15,1,46.97928571428642,70.46892857142963,-0.8471818886743503,-37.80000000000109,T,15868.6
2023-11-16,2023,False,71,-1,30.997857142857477,46.49678571428622,-1.0645205889808045,-30.997857142857477,SL,15759.0
2023-11-20,2023,False,15,1,40.60678571428498,60.91017857142747,1.4507471481719267,60.91017857142747,TP,15894.5
2023-11-27,2023,False,29,1,27.20357142857181,40.805357142857716,1.4264802415649216,40.805357142857716,TP,15967.6
2023-11-28,2023,False,23,-1,23.595714285715037,35.39357142857256,-1.084761155173455,-23.595714285715037,SL,15928.8
2023-11-30,2023,False,15,-1,73.97642857142894,110.96464285714342,1.2152519624976958,91.89999999999964,T,15925.1
2023-12-04,2023,False,15,-1,43.355714285715365,65.03357142857305,1.453869979241492,65.03357142857305,TP,15811.4
2023-12-05,2023,False,30,1,36.18035714285787,54.27053571428681,1.4447213859138257,54.27053571428681,TP,15866.0
2023-12-06,2023,False,20,1,23.52357142857251,35.285357142858764,-1.0850211034524602,-23.52357142857251,SL,15934.1
2023-12-08,2023,False,37,1,34.8678571428586,52.301785714287895,-1.0573594182116128,-34.8678571428586,SL,16054.2
2023-12-11,2023,False,15,1,48.30749999999999,72.46124999999998,0.44092532215496755,23.30000000000109,T,16126.3
2023-12-12,2023,False,27,1,27.14035714285749,40.71053571428624,1.4263090021449354,40.71053571428624,TP,16233.5
2023-12-13,2023,False,15,1,70.74321428571426,106.11482142857139,-0.2855397539390298,-18.19999999999891,T,16398.8
2023-12-14,2023,False,15,1,78.03535714285783,117.05303571428675,-1.0256294079149102,-78.03535714285783,SL,16637.7
2023-12-15,2023,False,83,1,31.62357142857429,47.435357142861434,-1.063243963589541,-31.62357142857429,SL,16661.4
2023-12-18,2023,False,32,1,28.776071428569193,43.16410714285379,-1.0695021905601185,-28.776071428569193,SL,16679.8
2023-12-19,2023,False,15,1,32.10178571428711,48.15267857143067,0.0,2.0,T,16769.4
2023-12-20,2023,False,35,1,32.72964285714353,49.0944642857153,0.1894307257510304,8.200000000000728,T,16822.2
2023-12-22,2023,False,15,1,87.06821428571284,130.60232142856927,-0.43873645868799016,-36.20000000000073,T,16826.8
2023-12-26,2023,False,15,1,30.0096428571436,45.0144642857154,0.1166291787163621,5.5,T,16847.0
2023-12-27,2023,False,24,1,27.395357142854994,41.09303571428249,-1.0730050712451333,-27.395357142854994,SL,16910.8
2023-12-28,2023,False,15,1,35.25964285714291,52.88946428571436,-0.4169072290255146,-12.700000000000728,T,16937.7
2023-12-29,2023,False,64,-1,23.195714285714327,34.79357142857149,1.4137771755866233,34.79357142857149,TP,16890.9
2024-01-03,2024,False,15,-1,24.713928571430056,37.07089285714508,-1.080926024942552,-24.713928571430056,SL,16447.3
2024-01-04,2024,False,15,-1,52.982499999998936,79.4737499999984,-1.037748313122258,-52.982499999998936,SL,16320.7
2024-01-08,2024,False,15,1,33.771071428570025,50.65660714285504,1.440777715500373,50.65660714285504,TP,16430.8
2024-01-10,2024,False,62,1,27.5228571428579,41.28428571428685,0.3124675594310607,10.599999999998545,T,16717.5
2024-01-11,2024,False,104,-1,28.11785714285787,42.1767857142868,0.39476692493338383,13.100000000002183,T,16645.7
2024-01-16,2024,False,15,-1,57.41892857142706,86.1283928571406,-1.0348317192563437,-57.41892857142706,SL,16742.9
2024-01-22,2024,False,15,1,94.46035714285702,141.69053571428555,-0.041287161280824866,-1.9000000000014552,T,17381.2
2024-01-26,2024,False,21,-1,35.37678571428566,53.06517857142849,-1.0565342486497402,-35.37678571428566,SL,17418.1
2024-02-07,2024,False,20,1,30.29285714285718,45.439285714285774,-1.0660221645838246,-30.29285714285718,SL,17678.6
2024-02-08,2024,False,78,1,32.09392857143077,48.140892857146156,0.3240488298854021,12.399999999997817,T,17791.7
2024-02-09,2024,False,15,1,37.18607142857216,55.779107142858244,1.4462164212790898,55.779107142858244,TP,17824.0
2024-02-12,2024,False,82,1,31.851071428569266,47.7766071428539,1.4372077638114844,47.7766071428539,TP,17993.3
2024-02-14,2024,False,30,1,29.01571428571573,43.5235714285736,1.4310718329969017,43.5235714285736,TP,17719.9
2024-02-16,2024,False,24,-1,48.54428571428862,72.81642857143294,-1.0411994938347875,-48.54428571428862,SL,17697.6
2024-02-21,2024,False,20,-1,30.74821428571574,46.12232142857361,-1.065044427667109,-30.74821428571574,SL,17395.8
2024-02-23,2024,False,15,1,78.9564285714307,118.43464285714606,-1.0253304263653544,-78.9564285714307,SL,18084.9
2024-02-27,2024,False,15,-1,33.506428571429936,50.259642857144904,-1.0596900381589862,-33.506428571429936,SL,17914.8
2024-02-28,2024,False,17,-1,26.513928571427755,39.77089285714163,-1.075432050539476,-26.513928571427755,SL,17865.7
2024-03-01,2024,False,15,1,43.68357142857065,65.52535714285598,1.4542161976552146,65.52535714285598,TP,18087.2
2024-03-07,2024,False,21,1,44.296071428572105,66.44410714285816,1.4548492691225445,66.44410714285816,TP,18163.7
2024-03-08,2024,False,21,1,30.542142857142842,45.81321428571427,1.4345167099324119,45.81321428571427,TP,18339.9
2024-03-11,2024,True,15,-1,50.315714285714236,75.47357142857135,1.4602509866272961,75.47357142857135,TP,17975.5
2024-03-12,2024,True,26,1,31.366071428571388,47.04910714285708,1.4362368346142897,47.04910714285708,TP,18008.0
2024-03-14,2024,True,19,-1,35.9732142857121,53.959821428568155,1.4444030776867676,53.959821428568155,TP,18020.7
2024-03-15,2024,True,15,-1,88.85249999999787,133.27874999999682,0.3646492782983285,34.400000000001455,T,17852.2
2024-03-20,2024,True,57,1,41.268214285715786,61.90232142857368,-1.0484634490398161,-41.268214285715786,SL,18061.34
2024-03-22,2024,True,15,-1,73.51700000000207,110.2755000000031,-0.6988859719520597,-49.38000000000102,T,18279.44
2024-03-25,2024,True,15,-1,89.57646428571344,134.36469642857017,-1.0223272934017666,-89.57646428571344,SL,18214.48
2024-03-26,2024,True,15,1,44.993107142857426,67.48966071428615,-1.044451253247521,-44.993107142857426,SL,18363.91
2024-03-27,2024,True,31,-1,42.18024999999809,63.27037499999713,0.6846806265966259,30.88000000000102,T,18210.33
2024-04-03,2024,True,32,1,26.100607142854354,39.15091071428153,1.4233734300105143,39.15091071428153,TP,18145.01
2024-04-09,2024,True,15,1,48.69685714285724,73.04528571428585,-1.0410704122882672,-48.69685714285724,SL,18207.56
2024-04-10,2024,True,15,-1,57.24346428571556,85.86519642857334,-1.034938486427333,-57.24346428571556,SL,17951.75
2024-04-11,2024,True,15,1,61.035964285715856,91.55394642857378,-1.0327675661948714,-61.035964285715856,SL,18082.99
2024-04-16,2024,True,15,-1,37.37300000000124,56.05950000000186,-1.0535145693415013,-37.37300000000124,SL,17675.43
2024-04-17,2024,True,53,-1,37.99017857142922,56.985267857143825,-1.052645185550776,-37.99017857142922,SL,17655.61
2024-04-18,2024,True,15,-1,54.84057142857207,82.2608571428581,-1.0364693501161806,-54.84057142857207,SL,17440.66
2024-04-19,2024,True,15,-1,65.7769999999986,98.66549999999789,1.469594235066968,98.66549999999789,TP,17338.97
2024-04-23,2024,True,15,1,112.30446428571348,168.4566964285702,0.42073127101867835,49.25,T,17372.53
2024-04-29,2024,True,40,1,41.478071428568256,62.217107142852385,-1.0482182495742194,-41.478071428568256,SL,17767.19
2024-04-30,2024,True,101,-1,49.71910714285746,74.57866071428619,0.26891070190747957,15.369999999998981,T,17657.42
2024-05-01,2024,True,15,-1,113.61771428571126,170.4265714285669,0.5918971387761623,69.25,T,17371.9
2024-05-06,2024,True,15,1,91.74539285714073,137.6180892857111,0.2234444625674132,22.5,T,17983.53
2024-05-07,2024,True,15,1,65.86271428571378,98.79407142857067,0.4365140476185346,30.75,T,18118.31
2024-05-08,2024,True,15,-1,73.82021428571511,110.73032142857267,-1.0270928501000982,-73.82021428571511,SL,18026.89
2024-05-14,2024,True,54,1,41.276607142858836,61.914910714288254,-1.0484535948673779,-41.276607142858836,SL,18256.04
2024-05-16,2024,True,20,1,31.470071428573114,47.205107142859674,-1.0635524455207976,-31.470071428573114,SL,18619.86
2024-05-17,2024,True,19,-1,31.5727499999998,47.3591249999997,-1.0633457649397031,-31.5727499999998,SL,18552.25
2024-05-20,2024,True,15,1,70.91221428571467,106.368321428572,0.41078959800398285,31.13000000000102,T,18633.52
2024-05-22,2024,True,15,1,27.905607142854986,41.85841071428248,0.25980441718704217,9.25,T,18738.05
2024-05-28,2024,True,78,1,29.851035714285718,44.77655357142858,0.08374918793198129,4.5,T,18863.88
2024-05-29,2024,True,15,-1,45.283535714285165,67.92530357142775,-1.044166162567758,-45.283535714285165,SL,18745.12
2024-05-30,2024,True,15,-1,46.84746428571617,70.27119642857426,1.4573082549825476,70.27119642857426,TP,18687.23
2024-05-31,2024,True,24,-1,28.554321428571296,42.83148214285694,1.4299580623898556,42.83148214285694,TP,18495.45
2024-06-06,2024,True,15,1,40.402499999999755,60.603749999999636,-1.0495018872594521,-40.402499999999755,SL,19053.46
2024-06-11,2024,True,83,1,34.50657142857089,51.75985714285634,-1.057959974497612,-34.50657142857089,SL,19107.97
2024-06-13,2024,True,15,1,89.89442857143032,134.84164285714547,-1.022248319854559,-89.89442857143032,SL,19626.25
2024-06-17,2024,True,29,1,37.064428571430625,55.59664285714594,1.4460399073428154,55.59664285714594,TP,19679.58
2024-06-20,2024,True,15,1,68.98189285714506,103.47283928571758,-1.0289931156882257,-68.98189285714506,SL,19986.56
2024-06-21,2024,True,20,-1,47.90525000000105,71.85787500000157,-1.0417490776063156,-47.90525000000105,SL,19672.55
2024-06-24,2024,True,17,-1,36.62364285714055,54.93546428571083,-1.0546095320938305,-36.62364285714055,SL,19639.49
2024-06-26,2024,True,19,1,30.64342857142657,45.96514285713985,-1.0652668481706677,-30.64342857142657,SL,19722.48
2024-06-27,2024,True,15,1,91.50700000000222,137.26050000000333,-1.021856251434316,-91.50700000000222,SL,19835.58
2024-06-28,2024,True,18,1,32.56667857142616,48.850017857139235,1.438587535243622,48.850017857139235,TP,19867.8
2024-07-01,2024,True,16,-1,37.01042857142616,55.51564285713924,-1.0540388230344377,-37.01042857142616,SL,19651.33
2024-07-02,2024,True,15,1,41.960607142855146,62.94091071428272,-1.0476637526523624,-41.960607142855146,SL,19843.82
2024-07-08,2024,True,20,1,49.651178571428055,74.47676785714208,-1.040281017642367,-49.651178571428055,SL,20426.32
2024-07-09,2024,True,15,1,90.46746428571535,135.70119642857304,-0.43662105832048814,-37.5,T,20526.2
2024-07-10,2024,True,19,1,38.245321428569746,57.367982142854615,-1.0522939780682814,-38.245321428569746,SL,20560.87
2024-07-11,2024,True,48,-1,45.144285714285225,67.71642857142784,1.455697604506186,67.71642857142784,TP,20475.48
2024-07-15,2024,True,85,1,40.05192857142651,60.07789285713976,1.4500648265555225,60.07789285713976,TP,20538.3
2024-07-16,2024,True,38,-1,43.68678571428684,65.53017857143027,-1.0457804337696088,-43.68678571428684,SL,20302.8
2024-07-18,2024,True,62,-1,36.98346428571467,55.475196428572005,1.4459217777829287,55.475196428572005,TP,19799.16
2024-07-19,2024,True,119,-1,49.762071428571964,74.64310714285794,-1.0401912529479562,-49.762071428571964,SL,19563.27
2024-07-22,2024,True,15,1,52.771107142856934,79.15666071428541,-1.0378995270003677,-52.771107142856934,SL,19802.97
2024-07-23,2024,True,52,1,44.15949999999906,66.23924999999859,-1.045290367871014,-44.15949999999906,SL,19874.59
2024-07-25,2024,True,15,-1,68.30775000000008,102.46162500000013,1.4707207454498208,102.46162500000013,TP,18976.71
2024-07-29,2024,True,15,1,118.0006071428594,177.0009107142891,-1.016949065334712,-118.0006071428594,SL,19208.08
2024-07-30,2024,True,88,-1,50.0550714285715,75.08260714285726,1.4600440086704503,75.08260714285726,TP,18961.08
2024-07-31,2024,True,15,1,86.49882142856859,129.74823214285288,1.4768782976811816,129.74823214285288,TP,19206.78
2024-08-01,2024,True,15,1,105.35332142857047,158.02998214285572,-1.0189837394102093,-105.35332142857047,SL,19484.02
2024-08-06,2024,True,76,1,67.6340357142872,101.45105357143079,-1.0295709102507027,-67.6340357142872,SL,18182.2
2024-08-07,2024,True,15,1,101.73939285714142,152.60908928571214,-1.0196580689527834,-101.73939285714142,SL,18410.1
2024-08-09,2024,True,42,1,70.90600000000073,106.35900000000109,-1.0282063577130283,-70.90600000000073,SL,18451.4
2024-08-12,2024,True,46,1,68.02957142857144,102.04435714285717,-1.029398979855399,-68.02957142857144,SL,18573.7
2024-08-13,2024,True,15,1,187.2938571428557,280.94078571428355,0.5232419337984583,100.0,T,18784.0
2024-08-14,2024,True,119,1,67.83028571428645,101.74542857142967,1.2899842463964546,89.5,T,19014.0
2024-08-19,2024,True,92,1,65.74582142856997,98.61873214285495,-0.40458845021654055,-24.599999999998545,T,19573.5
2024-08-20,2024,True,15,1,66.72114285714139,100.08171428571208,-1.0299755057296045,-66.72114285714139,SL,19772.0
2024-08-21,2024,True,66,1,77.85542857142713,116.78314285714069,-1.0256886390159055,-77.85542857142713,SL,19850.8
2024-08-22,2024,True,18,1,57.715392857144316,86.57308928571648,-1.0346528005960274,-57.715392857144316,SL,19900.7
2024-08-26,2024,True,61,-1,61.11571428571504,91.67357142857256,0.2961595100628509,20.099999999998545,T,19503.6
2024-08-27,2024,True,15,-1,101.32749999999928,151.9912499999989,-1.0197379783375689,-101.32749999999928,SL,19379.0
2024-08-28,2024,True,92,-1,55.3517857142843,83.02767857142645,1.4638674710455841,83.02767857142645,TP,19359.9
2024-08-29,2024,True,30,1,59.151428571428774,88.72714285714316,-1.0338115248997728,-59.151428571428774,SL,19603.99
2024-09-03,2024,True,24,-1,60.77374999999891,91.16062499999836,1.4670910549373695,91.16062499999836,TP,19294.75
2024-09-04,2024,True,30,-1,101.81142857143041,152.71714285714563,-1.019644160071841,-101.81142857143041,SL,18809.92
2024-09-05,2024,True,54,1,64.93603571428898,97.40405357143347,-1.0307995395468823,-64.93603571428898,SL,19088.15
2024-09-06,2024,True,19,-1,59.042642857145545,88.56396428571831,1.4661261775689982,88.56396428571831,TP,18788.78
2024-09-10,2024,True,15,1,74.45839285714534,111.68758928571802,-1.026860638851515,-74.45839285714534,SL,18723.83
2024-09-11,2024,True,73,-1,57.36392857142989,86.04589285714484,-1.0348651155840833,-57.36392857142989,SL,18555.89
2024-09-12,2024,True,42,1,61.812678571425856,92.71901785713878,-0.5176931454769966,-30.0,T,19274.6
2024-09-13,2024,True,17,1,58.60214285714423,87.90321428571634,-1.0341284448399002,-58.60214285714423,SL,19465.04
2024-09-16,2024,True,15,-1,60.87750000000164,91.31625000000246,-1.0328528602521447,-60.87750000000164,SL,19370.32
2024-09-17,2024,True,15,1,146.3080357142875,219.46205357143128,-0.12220791505202999,-15.880000000001019,T,19548.4
2024-09-20,2024,True,82,-1,58.77496428571538,88.16244642857306,1.4659719061626706,88.16244642857306,TP,19716.41
2024-09-23,2024,True,18,1,58.623214285713736,87.9348214285706,0.3602668372475415,23.11999999999898,T,19854.89
2024-09-24,2024,True,33,-1,54.44017857142888,81.66026785714332,-1.0367375723680972,-54.44017857142888,SL,19782.87
2024-09-25,2024,True,26,1,54.508071428571334,81.762107142857,-0.28894803259805607,-13.75,T,19999.24
2024-09-30,2024,True,45,-1,45.00589285714409,67.50883928571614,-1.04443862510068,-45.00589285714409,SL,19953.5
2024-10-01,2024,True,17,-1,55.8411071428591,83.76166071428865,1.4641840912128878,83.76166071428865,TP,19834.62
2024-10-03,2024,True,34,1,40.287964285715915,60.43194642857387,-1.0496426174779225,-40.287964285715915,SL,19888.04
2024-10-08,2024,True,30,1,45.291714285715635,67.93757142857345,1.4558418127566708,67.93757142857345,TP,20004.34
2024-10-09,2024,True,53,1,37.80125000000151,56.70187500000226,1.4470916967031533,56.70187500000226,TP,20143.08
2024-10-15,2024,True,59,-1,43.688964285715244,65.53344642857286,1.4542218490939613,65.53344642857286,TP,20348.93
2024-10-16,2024,True,15,-1,46.94785714285705,70.42178571428558,-1.0426004533905397,-46.94785714285705,SL,20079.06
2024-10-17,2024,True,15,1,117.64553571428624,176.46830357142937,0.42177546048586184,51.61999999999898,T,20296.04
2024-10-21,2024,True,36,1,40.557535714284974,60.836303571427464,-1.0493126607614764,-40.557535714284974,SL,20376.44
2024-10-23,2024,True,36,-1,37.08799999999739,55.63199999999609,-1.0539257981018157,-37.08799999999739,SL,20219.97
2024-10-29,2024,True,18,-1,37.65635714285421,56.48453571428132,-1.0531118820764511,-37.65635714285421,SL,20352.9
2024-11-05,2024,False,15,1,36.69242857142899,55.038642857143486,1.4454928420421502,55.038642857143486,TP,20119.69
2024-11-14,2024,False,49,-1,47.53689285714141,71.30533928571211,-1.0420725857285293,-47.53689285714141,SL,20957.49
2024-11-20,2024,False,50,-1,58.638821428568825,87.95823214285323,-1.0341070975042757,-58.638821428568825,SL,20411.74
2024-11-21,2024,False,19,1,37.04182142857271,55.56273214285906,-1.0539930252581282,-37.04182142857271,SL,20695.18
2024-11-27,2024,False,15,-1,62.04989285714112,93.07483928571168,1.4677678734336472,93.07483928571168,TP,20820.15
2024-12-06,2024,False,16,1,41.92782142857173,62.8917321428576,1.452298976387142,62.8917321428576,TP,21539.28
2024-12-09,2024,False,96,-1,40.368571428573155,60.552857142859736,-1.0495434921084275,-40.368571428573155,SL,21445.48
2024-12-11,2024,False,15,1,83.28510714285733,124.92766071428599,1.254726127934892,106.5,T,21631.88
2024-12-16,2024,False,15,1,51.0257857142847,76.53867857142706,1.460804131244566,76.53867857142706,TP,21910.94
2025-01-07,2025,False,31,-1,76.68342857142915,115.02514285714372,1.4739187457152227,115.02514285714372,TP,21384.71
2025-01-08,2025,False,43,-1,76.97325000000217,115.45987500000325,-1.025983052553971,-76.97325000000217,SL,21022.23
2025-01-10,2025,False,15,-1,82.39989285714313,123.5998392857147,1.475728123779634,123.5998392857147,TP,20905.68
2025-01-13,2025,False,15,-1,174.94742857143103,262.42114285714655,0.05430202705792358,11.5,T,20532.03
2025-01-16,2025,False,97,1,57.19653571428693,85.79480357143039,-1.0349671527309026,-57.19653571428693,SL,21252.02
2025-01-17,2025,False,15,1,96.52653571428705,144.78980357143058,0.407867118701244,41.36999999999898,T,21340.36
2025-01-21,2025,False,18,1,56.145964285713994,84.21894642857099,-1.0356214382537354,-56.145964285713994,SL,21478.55
2025-01-23,2025,False,25,-1,48.690035714284384,73.03505357142657,-1.0410761662147077,-48.690035714284384,SL,21715.83
2025-01-24,2025,False,15,1,52.940357142856826,79.41053571428523,-1.037778362442911,-52.940357142856826,SL,21872.78
2025-01-28,2025,False,53,1,61.05596428571642,91.58394642857463,0.612061416721272,39.36999999999898,T,21272.04
2025-01-30,2025,False,15,1,96.72382142857069,145.08573214285605,-1.0206774295148893,-96.72382142857069,SL,21502.32
2025-01-31,2025,False,15,1,94.84092857142814,142.2613928571422,1.4789120580099158,142.2613928571422,TP,21648.3
2025-02-04,2025,False,19,1,48.14946428571399,72.22419642857099,1.4584626738911943,72.22419642857099,TP,21382.88
2025-02-06,2025,False,15,1,85.86689285714243,128.80033928571365,-0.4454569011089861,-36.25,T,21677.96
2025-02-07,2025,False,15,1,104.30532142857072,156.45798214285608,-1.019174477127417,-104.30532142857072,SL,21813.76
2025-02-12,2025,False,15,-1,83.08642857142931,124.62964285714396,-1.0240713198820504,-83.08642857142931,SL,21567.6
2025-02-13,2025,False,15,1,93.42378571428645,140.13567857142968,1.4785921755930924,140.13567857142968,TP,21795.4
2025-02-14,2025,False,17,1,47.00749999999713,70.5112499999957,0.33611657714202786,17.80000000000291,T,22035.6
2025-02-18,2025,False,26,1,47.77553571428578,71.66330357142867,-1.0418624295907573,-47.77553571428578,SL,22139.9
2025-02-20,2025,False,21,-1,45.7821428571458,68.6732142857187,1.4563148451517307,68.6732142857187,TP,22035.1
2025-02-21,2025,False,74,-1,40.29392857143005,60.44089285714507,-1.0496352694042863,-40.29392857143005,SL,21872.3
2025-02-24,2025,False,22,-1,66.29839285714434,99.4475892857165,1.4698333562276618,99.4475892857165,TP,21567.8
2025-02-25,2025,False,15,-1,114.05407142857071,171.08110714285607,1.4824644576475945,171.08110714285607,TP,21268.7
2025-02-26,2025,False,103,1,44.61107142857002,66.91660714285503,-1.0448319203272745,-44.61107142857002,SL,21337.0
2025-02-27,2025,False,25,-1,44.62803571428503,66.94205357142755,1.4551851214603242,66.94205357142755,TP,21001.4
2025-02-28,2025,False,15,-1,53.195678571427926,79.7935178571419,-1.0375970389646316,-53.195678571427926,SL,20535.5
2025-03-03,2025,False,15,1,85.65660714285723,128.48491071428583,-1.023349045295063,-85.65660714285723,SL,20927.9
2025-03-04,2025,False,20,-1,67.34392857142576,101.01589285713865,1.4703017028791427,101.01589285713865,TP,20261.9
2025-03-07,2025,False,61,-1,81.83571428571217,122.75357142856825,-1.0244392074714155,-81.83571428571217,SL,19946.4
2025-03-10,2025,True,31,-1,95.28750000000076,142.93125000000114,1.4790108881017974,142.93125000000114,TP,19701.7
2025-03-12,2025,True,15,1,113.79678571428579,170.6951785714287,-1.0175751888548195,-113.79678571428579,SL,19689.8
2025-03-13,2025,True,26,-1,104.72821428571366,157.0923214285705,-1.0190970505287498,-104.72821428571366,SL,19340.5
2025-03-14,2025,True,15,1,91.27999999999865,136.91999999999797,-1.021910604732691,-91.27999999999865,SL,19560.8
2025-03-17,2025,True,15,1,153.1646428571437,229.74696428571553,-1.0130578439167934,-153.1646428571437,SL,19791.25
2025-03-18,2025,True,15,-1,185.3860714285693,278.07910714285396,0.32122154345855475,61.55000000000291,T,19493.65
2025-03-19,2025,True,39,1,76.70125000000077,115.05187500000116,-1.0260751943416826,-76.70125000000077,SL,19678.8
2025-03-21,2025,True,15,-1,141.05053571428573,211.5758035714286,-0.29315734102393926,-39.35000000000218,T,19467.8
2025-03-25,2025,True,25,1,61.103392857145096,91.65508928571765,0.5359767840808269,34.75,T,20203.15
2025-03-26,2025,True,25,-1,61.5483928571422,92.32258928571329,1.4675052441313596,92.32258928571329,TP,20151.5
2025-03-27,2025,True,15,-1,107.59339285714364,161.39008928571548,-1.0185885020156906,-107.59339285714364,SL,19788.6
2025-03-28,2025,True,15,-1,105.48232142857007,158.22348214285512,1.4810394768249926,158.22348214285512,TP,19685.45
2025-04-01,2025,True,84,1,57.87464285714151,86.81196428571226,1.465442551327067,86.81196428571226,TP,19314.8
2025-04-02,2025,True,110,1,64.65035714285582,96.97553571428374,0.27764734478321884,19.950000000000728,T,19476.55
2025-04-14,2025,True,15,1,312.5523214285723,468.8284821428585,-0.7577931237798403,-234.84999999999854,T,18925.0
2025-04-21,2025,True,15,-1,293.1117857142837,439.66767857142554,0.9590197791432712,283.1000000000022,T,17958.45
2025-04-22,2025,True,15,1,204.3319642857159,306.49794642857387,0.6570190839661249,136.25,T,18129.7
2025-04-24,2025,True,67,1,125.08124999999941,187.62187499999914,-0.11472542847148243,-12.349999999998545,T,19058.0
2025-04-25,2025,True,37,1,131.7523214285701,197.62848214285515,0.06717149196342803,10.850000000002183,T,19238.8
2025-04-28,2025,True,15,1,168.3385714285723,252.50785714285843,-1.011880818418663,-168.3385714285723,SL,19496.3
2025-05-02,2025,True,33,1,66.87589285714297,100.31383928571447,1.0265283507563516,70.65000000000146,T,20024.8
2025-05-05,2025,True,21,-1,60.33839285714152,90.50758928571229,-1.0331463916305368,-60.33839285714152,SL,19918.75
2025-05-06,2025,True,15,-1,184.11482142857227,276.17223214285843,-0.2631510034014128,-46.45000000000073,T,19758.8
2025-05-08,2025,True,15,1,120.25482142856937,180.38223214285406,-1.01663134979738,-120.25482142856937,SL,20030.05
2025-05-13,2025,True,15,1,150.74482142857008,226.11723214285513,1.4867325458941376,226.11723214285513,TP,20970.8
2025-05-14,2025,True,38,1,64.17892857142938,96.26839285714408,-1.0311628761108727,-64.17892857142938,SL,21274.25
2025-05-15,2025,True,16,-1,54.71964285714002,82.07946428571003,-1.036549946154099,-54.71964285714002,SL,21184.15
2025-05-21,2025,True,94,1,41.066964285716544,61.60044642857481,1.4512990542450293,61.60044642857481,TP,21399.7
2025-05-28,2025,True,15,1,78.63178571428872,117.94767857143309,-1.0254350067448177,-78.63178571428872,SL,21465.65
2025-05-30,2025,True,17,-1,41.34517857142864,62.01776785714296,1.4516267659469708,62.01776785714296,TP,21250.45
2025-06-03,2025,True,15,1,66.95321428571216,100.42982142856825,1.4701283945612331,100.42982142856825,TP,21522.3
2025-06-04,2025,True,15,1,53.33053571428436,79.99580357142653,-1.0375019671790828,-53.33053571428436,SL,21728.5
2025-06-05,2025,True,71,1,69.46428571428507,104.1964285714276,1.2833933161954056,91.15000000000146,T,21789.85
2025-06-09,2025,True,62,1,55.125357142859365,82.68803571428904,-1.0362809440819936,-55.125357142859365,SL,21846.65
2025-06-10,2025,True,22,1,46.81178571428574,70.2176785714286,-1.0427242834145858,-46.81178571428574,SL,21862.8
2025-06-11,2025,True,23,1,46.15946428571723,69.23919642857584,1.4566719408262534,69.23919642857584,TP,21970.65
2025-06-13,2025,True,15,-1,115.49785714286004,173.24678571429007,-0.7913566732839745,-89.40000000000146,T,21720.35
2025-06-16,2025,True,15,1,72.89392857142784,109.34089285714175,1.4725628726672315,109.34089285714175,TP,21864.0
2025-06-20,2025,True,15,1,41.018571428573544,61.52785714286031,-1.0487584021175052,-41.018571428573544,SL,21869.2
2025-06-26,2025,True,30,1,50.8566071428542,76.2849107142813,0.8966386584129292,47.60000000000218,T,22342.1
2025-06-27,2025,True,15,1,84.66910714286001,127.00366071429002,0.8054885931999375,70.19999999999709,T,22521.4
2025-06-30,2025,True,15,1,36.236785714284245,54.355178571426364,0.513290559120054,20.599999999998545,T,22605.0
2025-07-01,2025,True,56,-1,36.61410714286003,54.92116071429004,1.4453762454947638,54.92116071429004,TP,22562.1
2025-07-10,2025,True,35,-1,34.80428571428715,52.20642857143072,-1.0574641874974322,-34.80428571428715,SL,22724.1
2025-07-11,2025,True,15,-1,43.44428571428716,65.16642857143074,-1.0460359738252591,-43.44428571428716,SL,22699.3
2025-07-16,2025,True,15,-1,54.75857142857207,82.13785714285811,1.4634760376718587,82.13785714285811,TP,22848.5
2025-07-17,2025,True,15,1,55.12214285713988,82.68321428570982,1.4637169403014068,82.68321428570982,TP,22954.1
2025-07-18,2025,True,16,1,34.278214285713474,51.41732142857021,-1.0583460965419533,-34.278214285713474,SL,23113.3
2025-07-21,2025,True,15,1,94.39071428571492,141.58607142857238,0.16950819920240223,18.0,T,23206.7
2025-07-22,2025,True,16,-1,47.94749999999918,71.92124999999876,1.45828771051671,71.92124999999876,TP,23075.3
2025-07-24,2025,True,15,1,76.58892857142776,114.88339285714164,0.21935285312591088,18.799999999999272,T,23219.8
2025-07-25,2025,True,113,1,28.614642857143515,42.921964285715276,0.06989428489409608,4.0,T,23271.7
2025-07-28,2025,True,15,1,65.71749999999922,98.57624999999882,-1.0304332940236622,-65.71749999999922,SL,23369.5
2025-07-31,2025,True,15,1,57.73392857142784,86.60089285714176,-1.0346416751724357,-57.73392857142784,SL,23482.6
2025-08-08,2025,True,39,1,38.85178571428503,58.27767857142754,-1.0514776853426493,-38.85178571428503,SL,23564.6
2025-08-11,2025,True,18,1,36.5089285714257,54.76339285713855,0.9696258253852958,37.400000000001455,T,23622.1
2025-08-12,2025,True,95,1,36.476428571430056,54.71464285714508,1.4451700706914468,54.71464285714508,TP,23701.0
2025-08-14,2025,True,116,-1,48.184642857144325,72.27696428571649,-1.041507000600368,-48.184642857144325,SL,23775.5
2025-08-15,2025,True,15,-1,62.57749999999852,93.86624999999779,-1.0319603691422643,-62.57749999999852,SL,23720.4
2025-08-18,2025,True,76,-1,40.07964285714353,60.119464285715296,-1.0499006442529597,-40.07964285714353,SL,23644.3
2025-08-19,2025,True,15,-1,91.42964285714426,137.1444642857164,1.4781252563446525,137.1444642857164,TP,23577.5
2025-08-26,2025,True,18,-1,44.24499999999851,66.36749999999776,-1.0452028477794115,-44.24499999999851,SL,23369.7
2025-08-27,2025,True,49,1,39.937857142855655,59.90678571428349,0.6109491531487008,26.400000000001455,T,23535.1
2025-08-28,2025,True,15,1,54.469999999997825,81.70499999999674,-1.0367174591518282,-54.469999999997825,SL,23614.6
2025-08-29,2025,True,15,-1,35.13107142857217,52.696607142858255,1.4430703386298263,52.696607142858255,TP,23514.1
2025-09-04,2025,True,68,1,37.4810714285693,56.221607142853955,0.3014855117345893,13.30000000000291,T,23483.6
2025-09-09,2025,True,64,-1,42.587857142857914,63.88178571428687,-1.0469617429515448,-42.587857142857914,SL,23720.7
2025-09-10,2025,True,15,1,76.24749999999933,114.37124999999901,0.3278796026099245,27.0,T,23892.5
2025-09-11,2025,True,37,1,37.091071428573684,55.63660714286053,-1.0539213326272174,-37.091071428573684,SL,23970.7
2025-09-12,2025,True,25,1,39.80321428571362,59.70482142857043,1.4497528017299384,59.70482142857043,TP,24023.3
2025-09-15,2025,True,15,1,90.08857142856861,135.1328571428529,0.7137420316514453,66.30000000000291,T,24196.6
2025-09-16,2025,True,16,1,32.874642857142234,49.31196428571335,-1.060837162815458,-32.874642857142234,SL,24297.7
2025-09-17,2025,True,15,-1,60.26678571428581,90.40017857142871,0.8561929989866232,53.599999999998545,T,24214.3
2025-09-18,2025,True,15,1,97.13035714285868,145.69553571428804,1.4794091151434932,145.69553571428804,TP,24365.2
2025-09-22,2025,True,58,1,34.191071428571504,51.28660714285726,0.3889904423670347,15.30000000000291,T,24646.6
2025-09-24,2025,True,104,-1,32.81357142857294,49.22035714285941,1.4390496092644622,49.22035714285941,TP,24536.1
2025-09-26,2025,True,16,1,32.55035714285869,48.82553571428803,-1.0614432582482058,-32.55035714285869,SL,24460.7
2025-09-30,2025,True,20,-1,37.182142857143624,55.77321428571544,-1.0537892613581776,-37.182142857143624,SL,24548.2
2025-10-01,2025,True,91,1,37.133571428572914,55.700357142859374,-1.0538596187508393,-37.133571428572914,SL,24696.4
2025-10-02,2025,True,15,1,57.1,85.65,-1.0350262697022767,-57.1,SL,24839.1
2025-10-03,2025,True,22,1,33.294999999999966,49.94249999999995,-1.0600690794413576,-33.294999999999966,SL,24952.6
2025-10-06,2025,True,16,1,36.28785714285853,54.43178571428779,-1.0551148554219218,-36.28785714285853,SL,24961.5
2025-10-07,2025,True,25,1,43.34107142857139,65.01160714285709,-1.0461456058670842,-43.34107142857139,SL,25054.9
2025-10-10,2025,True,15,1,96.7632142857135,145.14482142857025,-1.0206690116152466,-96.7632142857135,SL,25196.8
2025-10-15,2025,True,15,1,74.75321428571274,112.12982142856912,-1.0267547023778247,-74.75321428571274,SL,24799.1
2025-10-16,2025,True,15,1,58.34749999999917,87.52124999999876,-1.034277389776769,-58.34749999999917,SL,24950.8
2025-10-22,2025,True,53,-1,57.50821428571576,86.26232142857364,1.4652223595387004,86.26232142857364,TP,25032.3
2025-10-28,2025,True,15,1,150.23178571428713,225.3476785714307,-0.1065020955713661,-14.0,T,25930.9
2025-10-29,2025,True,15,1,95.2592857142835,142.88892857142525,-0.3621694173046582,-32.5,T,26128.1
2025-10-30,2025,True,15,-1,107.73142857142929,161.59714285714392,-1.0185646846655703,-107.73142857142929,SL,25853.0
2025-10-31,2025,True,76,1,47.395714285713545,71.09357142857031,-1.042197908189409,-47.395714285713545,SL,26039.2
2025-11-06,2025,False,31,-1,60.3,90.44999999999999,-1.033167495854063,-60.3,SL,25343.5
2025-11-18,2025,False,15,-1,70.2589285714293,105.38839285714394,1.471533867073326,105.38839285714394,TP,24631.3
2025-11-19,2025,False,23,1,64.90714285714286,97.3607142857143,1.4691867503026304,97.3607142857143,TP,24751.7
2025-11-21,2025,False,47,-1,103.6478571428564,155.47178571428458,-1.0192961056323955,-103.6478571428564,SL,23982.9
2025-11-24,2025,False,15,1,128.24142857143005,192.36214285714507,1.4844044157782754,192.36214285714507,TP,24574.7
2025-11-26,2025,False,15,1,192.71071428571423,289.0660714285714,0.5578309457180454,109.5,T,25182.0
2025-12-01,2025,False,30,1,83.82000000000069,125.73000000000104,-1.0238606537819135,-83.82000000000069,SL,25321.2
2025-12-02,2025,False,15,1,180.08928571428714,270.1339285714307,-1.0111056023797718,-180.08928571428714,SL,25551.9
2025-12-05,2025,False,15,1,90.84928571428574,136.2739285714286,1.477985517615517,136.2739285714286,TP,25684.7
2025-12-08,2025,False,91,-1,82.43535714285572,123.65303571428359,-0.10311109570702763,-6.5,T,25596.5
2025-12-10,2025,False,85,-1,65.01464285714432,97.52196428571648,-1.0307623008003683,-65.01464285714432,SL,25522.8
2025-12-11,2025,False,18,-1,77.19428571428497,115.79142857142746,1.474091346509734,115.79142857142746,TP,25482.7
2025-12-12,2025,False,54,-1,64.67392857142781,97.01089285714171,1.4690756376769174,97.01089285714171,TP,25356.4
2025-12-15,2025,False,54,-1,89.8614285714271,134.79214285714065,-1.0222564901515034,-89.8614285714271,SL,25062.7
2025-12-16,2025,False,15,-1,111.6167857142857,167.42517857142855,-1.0179184518457605,-111.6167857142857,SL,24957.5
2025-12-17,2025,False,73,-1,55.989285714284215,83.98392857142632,1.4642788798877326,83.98392857142632,TP,24904.9
2025-12-22,2025,False,15,1,135.5989285714286,203.39839285714288,0.17404267311424163,25.599999999998545,T,25452.9
2025-12-29,2025,False,15,-1,123.74499999999851,185.61749999999776,0.39435936805527383,50.79999999999927,T,25532.0
2025-12-31,2025,False,15,-1,111.60071428571354,167.4010714285703,-0.10304593544588238,-9.5,T,25385.4
2026-01-02,2026,False,15,1,49.473214285715734,74.2098214285736,1.4595740841003442,74.2098214285736,TP,25489.9
2026-01-06,2026,False,17,1,45.11142857143004,67.66714285714505,1.4556653366267667,67.66714285714505,TP,25528.7
2026-01-07,2026,False,15,1,48.28857142857145,72.43285714285717,1.4585823324063665,72.43285714285717,TP,25661.4
2026-01-09,2026,False,52,1,40.8007142857158,61.2010714285737,1.4509812503282524,61.2010714285737,TP,25628.4
2026-01-16,2026,False,59,-1,41.577499999999326,62.366249999998985,1.4518970597077738,62.366249999998985,TP,25513.2
2026-01-21,2026,False,65,1,56.001428571426416,84.00214285713963,-1.0357133746588112,-56.001428571426416,SL,25292.8
2026-01-22,2026,False,75,1,48.17964285714215,72.26946428571323,-1.041511308125098,-48.17964285714215,SL,25509.6
2026-01-23,2026,False,51,1,45.887142857141434,68.83071428571215,1.4564148065128717,68.83071428571215,TP,25587.8
2026-01-26,2026,False,27,1,52.26392857142864,78.39589285714297,1.0427842202010387,56.5,T,25719.9
2026-01-27,2026,False,15,1,85.89392857142863,128.84089285714293,1.4767154671667295,128.84089285714293,TP,25843.1
2026-02-03,2026,False,43,-1,51.511428571427174,77.26714285714075,-1.038826335348606,-51.511428571427174,SL,25429.0
2026-02-04,2026,False,28,-1,76.5700000000015,114.85500000000225,-1.0261198902964603,-76.5700000000015,SL,25088.6
2026-02-05,2026,False,29,-1,61.72535714285715,92.58803571428572,1.4675984053786648,92.58803571428572,TP,24673.4
2026-02-06,2026,False,21,1,76.91035714285786,115.36553571428679,-1.0260042999967491,-76.91035714285786,SL,24878.7
2026-02-09,2026,False,45,1,73.84035714285785,110.76053571428679,1.4729145405387107,110.76053571428679,TP,25143.5
2026-02-10,2026,False,36,1,72.26071428571282,108.39107142856923,-1.027677556467158,-72.26071428571282,SL,25350.3
2026-02-11,2026,False,42,-1,77.5099999999993,116.26499999999893,1.474196877822216,116.26499999999893,TP,25092.8
2026-02-12,2026,False,84,-1,64.21357142857214,96.3203571428582,1.4688539360838277,96.3203571428582,TP,24970.7
2026-02-13,2026,False,26,-1,86.86964285714355,130.3044642857153,-1.023023002446194,-86.86964285714355,SL,24619.7
2026-02-17,2026,False,21,-1,69.19892857142854,103.7983928571428,1.4710978184013996,103.7983928571428,TP,24503.5
2026-02-18,2026,False,25,1,86.71642857143,130.074642857145,1.4769363195308192,130.074642857145,TP,24837.7
2026-02-20,2026,False,31,1,182.14428571428567,273.21642857142854,-1.0109803060368154,-182.14428571428567,SL,25006.6
2026-02-23,2026,False,102,-1,71.93321428571355,107.89982142857032,-1.0278035677935389,-71.93321428571355,SL,24616.3
2026-02-24,2026,False,103,1,77.29999999999995,115.94999999999993,-0.2509702457955735,-17.399999999997817,T,24990.8
2026-02-26,2026,False,31,-1,71.69821428571427,107.54732142857141,1.472105302483126,107.54732142857141,TP,25094.7
2026-03-03,2026,False,15,-1,93.85749999999996,140.78624999999994,1.4786911008710013,140.78624999999994,TP,24533.9
2026-03-04,2026,False,16,1,91.42857142857284,137.14285714285927,1.4781250000000006,137.14285714285927,TP,24842.9
2026-03-06,2026,False,15,-1,140.6867857142835,211.03017857142527,-1.0142159762187029,-140.6867857142835,SL,24657.9
2026-03-10,2026,True,64,1,61.35249999999998,92.02874999999997,1.4674014913817695,92.02874999999997,TP,25025.5
2026-03-13,2026,True,85,-1,70.1175000000021,105.17625000000314,1.4714764502442337,105.17625000000314,TP,24509.6
2026-03-17,2026,True,15,1,110.32035714285489,165.48053571428233,-1.018129020353063,-110.32035714285489,SL,24852.6
2026-03-18,2026,True,21,-1,64.31142857142925,96.46714285714387,1.4689013283575463,96.46714285714387,TP,24710.6
2026-03-20,2026,True,27,-1,61.39499999999997,92.09249999999994,0.050492711132863986,5.100000000002183,T,24099.2
2026-03-23,2026,True,15,1,111.03821428571572,166.55732142857357,-1.0180118170385355,-111.03821428571572,SL,24328.4
2026-03-24,2026,True,15,-1,176.88249999999996,265.32374999999996,-1.011306941048436,-176.88249999999996,SL,23976.0
2026-03-26,2026,True,74,-1,60.38678571428569,90.58017857142855,0.44049372201815645,28.599999999998545,T,23915.8
2026-03-31,2026,True,23,1,55.612857142857074,83.4192857142856,-1.0359629068303835,-55.612857142857074,SL,23359.2
2026-04-01,2026,True,15,1,168.91964285714423,253.37946428571632,1.3450182356361264,229.20000000000073,T,23903.5
2026-04-06,2026,True,15,1,165.30857142856848,247.96285714285273,-0.23773721870787082,-37.29999999999927,T,24188.6
2026-04-07,2026,True,15,-1,68.81321428571567,103.21982142857351,1.4709358148611413,103.21982142857351,TP,24019.8
2026-04-10,2026,True,15,1,131.9328571428578,197.89928571428672,-0.5343627169664196,-68.5,T,25167.9
2026-04-13,2026,True,15,-1,110.60178571428567,165.9026785714285,-1.0180828906792385,-110.60178571428567,SL,25005.5
2026-04-15,2026,True,15,1,67.86285714285711,101.79428571428566,1.470528797574941,101.79428571428566,TP,25847.5
2026-04-16,2026,True,15,1,70.99928571428785,106.49892857143178,-1.028169297477841,-70.99928571428785,SL,26226.2
2026-04-20,2026,True,91,-1,56.952142857140686,85.42821428571102,-1.0351172036672407,-56.952142857140686,SL,26473.2
2026-04-21,2026,True,29,1,67.77607142857146,101.66410714285718,-1.0295089396278712,-67.77607142857146,SL,26684.4
2026-04-22,2026,True,30,1,54.07321428571287,81.1098214285693,1.4630131105313553,81.1098214285693,TP,26735.0
2026-04-23,2026,True,17,1,50.21392857142864,75.32089285714295,-1.0398295862701725,-50.21392857142864,SL,26939.8
2026-04-24,2026,True,15,1,126.56535714285715,189.84803571428574,1.325797230679824,169.8000000000029,T,27083.6
2026-04-28,2026,True,15,-1,131.74107142857298,197.61160714285947,1.4848187055235516,197.61160714285947,TP,27078.5
2026-04-29,2026,True,57,1,49.66250000000077,74.49375000000116,-1.0402718348854763,-49.66250000000077,SL,27120.5
2026-04-30,2026,True,15,1,67.63500000000076,101.45250000000114,-1.0295704886523247,-67.63500000000076,SL,27228.2
2026-05-04,2026,True,68,1,47.86642857143,71.799642857145,-1.0417829376389642,-47.86642857143,SL,27790.5
2026-05-07,2026,True,16,1,49.30035714285493,73.9505357142824,1.4594323425648883,73.9505357142824,TP,28609.1
2026-05-08,2026,True,15,1,145.43357142857138,218.15035714285708,1.0162715427269153,149.79999999999927,T,28925.9
2026-05-11,2026,True,15,1,117.71642857142996,176.57464285714494,-1.0169899819784831,-117.71642857142996,SL,29293.2
2026-05-12,2026,True,17,-1,82.22678571428564,123.34017857142845,1.4756770256477076,123.34017857142845,TP,29105.5
2026-05-13,2026,True,83,1,61.4699999999992,92.2049999999988,0.06019196355947252,5.700000000000728,T,29200.5
2026-05-14,2026,True,15,1,145.3092857142857,217.96392857142854,0.6551542768380796,97.20000000000073,T,29553.2
2026-05-18,2026,True,63,-1,93.9914285714271,140.98714285714064,0.49898167006112315,48.900000000001455,T,28948.0
2026-05-19,2026,True,37,-1,87.3917857142886,131.0876785714329,-1.022885446082297,-87.3917857142886,SL,28687.1
2026-05-20,2026,True,15,1,69.57892857142781,104.36839285714171,-1.028744334542991,-69.57892857142781,SL,29039.5
2026-05-22,2026,True,15,1,180.37107142856928,270.5566071428539,0.1435928710456122,27.900000000001455,T,29581.8
2026-05-28,2026,True,90,1,81.16249999999931,121.74374999999897,0.6049591868166038,51.10000000000218,T,30141.6
2026-05-29,2026,True,15,1,174.02392857143005,261.0358928571451,-1.0114926723952165,-174.02392857143005,SL,30382.0
2026-06-03,2026,True,59,1,66.57964285714357,99.86946428571535,-1.030039211899819,-66.57964285714357,SL,30676.7
2026-06-09,2026,True,15,1,106.19964285714285,159.29946428571427,-1.018832455045921,-106.19964285714285,SL,29744.8
2026-06-12,2026,True,37,1,107.14535714285857,160.71803571428785,-1.0186662311212735,-107.14535714285857,SL,29531.0
2026-06-16,2026,True,85,-1,93.16250000000142,139.74375000000214,1.478532134710855,139.74375000000214,TP,30279.6
2026-06-18,2026,True,36,1,122.60071428571281,183.90107142856922,0.6517090904853933,81.90000000000146,T,30242.3
2026-06-22,2026,True,15,1,138.44857142857,207.672857142855,-1.014445797304827,-138.44857142857,SL,30510.5
2026-06-24,2026,True,50,-1,105.7621428571407,158.64321428571105,-1.0189103581486763,-105.7621428571407,SL,29257.2
2026-06-26,2026,True,15,-1,141.27535714285568,211.91303571428352,-1.0141567506212539,-141.27535714285568,SL,28955.7
2026-06-29,2026,True,15,1,206.04857142856855,309.07285714285285,-1.0097064492422039,-206.04857142856855,SL,29524.1
2026-06-30,2026,True,15,1,290.0078571428571,435.0117857142857,0.7248079485531206,212.20000000000073,T,29970.0
2026-07-02,2026,True,56,-1,99.55071428571503,149.32607142857256,1.4799097373198158,149.32607142857256,TP,29774.3
2026-07-08,2026,True,77,-1,105.5739285714293,158.36089285714397,-1.0189440710132032,-105.5739285714293,SL,28952.7
2026-07-13,2026,True,15,-1,214.92535714285862,322.3880357142879,-0.31638891242972844,-66.0,T,29333.5
2026-07-14,2026,True,15,1,131.2757142857157,196.91357142857356,-1.0152351104001391,-131.2757142857157,SL,29590.9
2026-07-15,2026,True,72,-1,98.58535714285786,147.8780357142868,-1.0202869884327939,-98.58535714285786,SL,29341.6
2026-07-16,2026,True,15,-1,163.1296428571443,244.69446428571644,-1.0122601874495087,-163.1296428571443,SL,29112.0
2026-07-20,2026,True,22,-1,75.00249999999997,112.50374999999995,1.4733342221925936,112.50374999999995,TP,28879.3
2026-07-21,2026,True,57,1,90.24535714285852,135.36803571428777,0.565126025478152,53.0,T,29033.0
2026-07-24,2026,True,21,-1,103.41392857142921,155.12089285714382,-1.0193397545923282,-103.41392857142921,SL,28231.7
2026-07-27,2026,True,53,-1,85.9360714285735,128.90410714286025,1.4767268858495317,128.90410714286025,TP,28026.3
2026-07-29,2026,True,55,-1,87.10178571428709,130.65267857143064,0.6348893945916949,57.29999999999927,T,27426.0
2026-07-30,2026,True,20,1,76.8017857142849,115.20267857142736,1.4739589388267569,115.20267857142736,TP,27959.3
2026-07-31,2026,True,15,1,208.67250000000135,313.008750000002,-1.0095843966023312,-208.67250000000135,SL,28304.5
2026-08-03,2026,True,70,1,79.53500000000209,119.30250000000314,0.7581567863204588,62.29999999999927,T,28607.4
2026-08-05,2026,True,15,1,153.29071428571342,229.93607142857013,-1.013047104707675,-153.29071428571342,SL,29910.1
2026-08-06,2026,True,15,-1,203.4589285714285,305.18839285714273,-1.009829993768486,-203.4589285714285,SL,29345.6
2026-08-07,2026,True,15,1,151.2182142857135,226.82732142857023,-1.0132259199690137,-151.2182142857135,SL,29644.0
2026-08-10,2026,True,39,1,91.83928571428494,137.75892857142742,-1.0217771728563096,-91.83928571428494,SL,29762.3
2026-08-11,2026,True,15,-1,110.33750000000211,165.50625000000315,-1.0181262036932137,-110.33750000000211,SL,29572.3
2026-08-12,2026,True,15,1,127.8482142857142,191.7723214285713,-0.47399958097631406,-58.599999999998545,T,29782.8
2026-08-13,2026,True,15,1,139.0692857142842,208.6039285714263,0.3580948858996535,51.80000000000291,T,29958.1
2026-08-14,2026,True,18,1,75.30500000000141,112.95750000000211,-1.0265586614434627,-75.30500000000141,SL,30170.5
2026-08-17,2026,True,96,1,76.2085714285728,114.3128571428592,-0.5406216023694371,-39.20000000000073,T,30187.9
2026-08-19,2026,True,19,-1,105.41607142857139,158.12410714285707,-1.0189724391442074,-105.41607142857139,SL,29380.3
2026-08-20,2026,True,18,-1,67.7835714285707,101.67535714285604,-1.0295056745734852,-67.7835714285707,SL,29278.5
2026-08-28,2026,True,18,1,39.532142857145,59.29821428571749,-1.0505917427048486,-39.532142857145,SL,29638.4
2026-08-31,2026,True,15,-1,58.319285714288576,87.47892857143286,0.49040381153007456,30.599999999998545,T,29364.1
2026-09-04,2026,True,15,1,47.67357142856922,71.51035714285382,1.458048034999923,71.51035714285382,TP,29542.6
2026-09-08,2026,True,32,-1,43.465357142856355,65.19803571428453,-1.0460136561958218,-43.465357142856355,SL,29433.4
2026-09-09,2026,True,101,-1,67.73392857142849,101.60089285714274,-1.0295272995702724,-67.73392857142849,SL,29371.0
2026-09-16,2026,True,16,1,41.46214285714136,62.19321428571204,1.4517632263510587,62.19321428571204,TP,29140.0
2026-09-17,2026,True,15,1,123.51464285714496,185.27196428571744,0.916490525993149,115.20000000000073,T,29323.2
2026-09-18,2026,True,15,1,94.23642857142778,141.35464285714167,-1.0212232151655034,-94.23642857142778,SL,29541.2
2026-09-22,2026,True,15,1,88.16142857143004,132.24214285714504,0.027222789363642086,4.399999999997817,T,30605.2
2026-09-23,2026,True,40,-1,58.92428571428501,88.38642857142752,1.4660581375615191,88.38642857142752,TP,30450.8
2026-09-24,2026,True,15,-1,94.7982142857136,142.1973214285704,0.31857140166143366,32.20000000000073,T,30297.8
2026-09-25,2026,True,15,1,88.41607142857292,132.62410714285937,-1.0226203219356529,-88.41607142857292,SL,30580.0
2026-09-28,2026,True,15,-1,126.90499999999716,190.35749999999575,1.4842401796619515,190.35749999999575,TP,30324.9
2026-09-30,2026,True,15,1,68.42500000000153,102.63750000000229,1.4707709170624776,102.63750000000229,TP,30465.5
2026-10-01,2026,True,30,-1,51.668928571427216,77.50339285714082,1.4612920171697543,77.50339285714082,TP,30407.5
