SL,TP,MaxTrades,Modo,Trailing,HoraLimite,Total_Trades,Win_Rate,Profit_Factor,Expectancy,Neto_USD,Retorno_Pct,Max_DD_Pct,Max_DD_USD,Sharpe_Ratio,Sortino_Ratio,Calmar_Ratio,Consistencia_Pct,Racha_Max_Perdidas,Racha_Max_Ganancias,Trades_por_Dia_Promedio,Estado
10,20,1,TP_FIJO,0,12:00,47,17.02127659574468,0.35934714030997117,-4.472234042553192,-210.19500000000005,-21.019500000000004,24.969000000000005,249.69000000000005,-7.271235847927046,-8.730878079063803,-4.329379859597329,17.02127659574468,18,4,0.9591836734693877,ok
10,20,1,TP_FIJO,0,14:00,47,17.02127659574468,0.35934714030997117,-4.472234042553192,-210.19500000000005,-21.019500000000004,24.969000000000005,249.69000000000005,-7.271235847927046,-8.730878079063803,-4.329379859597329,17.02127659574468,18,4,0.9591836734693877,ok
10,20,1,TP_FIJO,0,15:00,47,17.02127659574468,0.35934714030997117,-4.472234042553192,-210.19500000000005,-21.019500000000004,24.969000000000005,249.69000000000005,-7.271235847927046,-8.730878079063803,-4.329379859597329,17.02127659574468,18,4,0.9591836734693877,ok
10,20,2,TP_FIJO,0,12:00,91,17.582417582417584,0.36347718334141466,-3.89489010989011,-354.435,-35.4435,35.81249999999995,358.12499999999955,-10.245626510634636,-9.28647503630542,-5.089866866118182,34.04255319148936,18,2,1.8571428571428572,ok
10,20,2,TP_FIJO,0,14:00,92,17.391304347826086,0.3594682438192667,-3.920054347826087,-360.645,-36.0645,36.06449999999993,360.6449999999993,-10.72708242824425,-9.49146207040832,-5.142857142857153,34.04255319148936,18,2,1.8775510204081634,ok
10,20,2,TP_FIJO,0,15:00,92,17.391304347826086,0.3594682438192667,-3.920054347826087,-360.645,-36.0645,36.06449999999993,360.6449999999993,-10.72708242824425,-9.49146207040832,-5.142857142857153,34.04255319148936,18,2,1.8775510204081634,ok
10,20,3,TP_FIJO,0,12:00,133,21.052631578947366,0.4580882501566512,-3.0236842105263158,-402.15,-40.214999999999996,41.197499999999884,411.9749999999989,-10.712201080240067,-9.308156963041425,-5.020207536865114,6.382978723404255,17,2,2.7142857142857144,ok
10,20,3,TP_FIJO,0,14:00,135,20.74074074074074,0.4517871738133686,-3.0555555555555554,-412.5,-41.25,42.23249999999989,422.3249999999989,-11.566956790843914,-9.685564887686875,-5.023213334348137,4.25531914893617,17,2,2.7551020408163267,ok
10,20,3,TP_FIJO,0,15:00,135,20.74074074074074,0.4517871738133686,-3.0555555555555554,-412.5,-41.25,42.23249999999989,422.3249999999989,-11.566956790843914,-9.685564887686875,-5.023213334348137,4.25531914893617,17,2,2.7551020408163267,ok
10,30,1,TP_FIJO,0,12:00,47,17.02127659574468,0.5498870791642363,-3.2015957446808514,-150.47500000000002,-15.047500000000003,22.913,229.13,-3.7173224706153305,-5.939897584265724,-3.377433895916854,17.02127659574468,18,4,0.9591836734693877,ok
10,30,1,TP_FIJO,0,14:00,47,17.02127659574468,0.5498870791642363,-3.2015957446808514,-150.47500000000002,-15.047500000000003,22.913,229.13,-3.7173224706153305,-5.939897584265724,-3.377433895916854,17.02127659574468,18,4,0.9591836734693877,ok
10,30,1,TP_FIJO,0,15:00,47,17.02127659574468,0.5498870791642363,-3.2015957446808514,-150.47500000000002,-15.047500000000003,22.913,229.13,-3.7173224706153305,-5.939897584265724,-3.377433895916854,17.02127659574468,18,4,0.9591836734693877,ok
10,30,2,TP_FIJO,0,12:00,91,16.483516483516482,0.5076108144758028,-3.1921428571428585,-290.4850000000001,-29.04850000000001,31.932000000000006,319.32000000000005,-6.149727335466946,-6.9780876192963595,-4.678450636173298,31.914893617021278,18,2,1.8571428571428572,ok
10,30,2,TP_FIJO,0,14:00,92,16.304347826086957,0.5014526243521796,-3.2361956521739144,-297.73000000000013,-29.77300000000001,31.932000000000006,319.32000000000005,-6.476822525089754,-7.192110224236681,-4.795136092768563,31.914893617021278,18,2,1.8775510204081634,ok
10,30,2,TP_FIJO,0,15:00,92,16.304347826086957,0.5014526243521796,-3.2361956521739144,-297.73000000000013,-29.77300000000001,31.932000000000006,319.32000000000005,-6.476822525089754,-7.192110224236681,-4.795136092768563,31.914893617021278,18,2,1.8775510204081634,ok
10,30,3,TP_FIJO,0,12:00,133,19.548872180451127,0.6246968988623967,-2.263458646616542,-301.0400000000001,-30.10400000000001,33.08750000000001,330.8750000000001,-6.194093692376047,-6.282287313121725,-4.679125694856711,55.319148936170215,17,1,2.7142857142857144,ok
10,30,3,TP_FIJO,0,14:00,135,19.25925925925926,0.6151716602520424,-2.321925925925927,-313.4600000000001,-31.346000000000007,33.12499999999996,331.24999999999955,-6.739232638371462,-6.639496029217572,-4.866656603773592,55.319148936170215,17,1,2.7551020408163267,ok
10,30,3,TP_FIJO,0,15:00,135,19.25925925925926,0.6151716602520424,-2.321925925925927,-313.4600000000001,-31.346000000000007,33.12499999999996,331.24999999999955,-6.739232638371462,-6.639496029217572,-4.866656603773592,55.319148936170215,17,1,2.7551020408163267,ok
10,40,1,TP_FIJO,0,12:00,47,17.02127659574468,0.7455379096878708,-1.8715957446808504,-87.96499999999997,-8.796499999999998,20.740999999999996,207.40999999999997,-1.5703046660587097,-3.139272973722767,-2.1811456948624874,17.02127659574468,18,4,0.9591836734693877,ok
10,40,1,TP_FIJO,0,14:00,47,17.02127659574468,0.7455379096878708,-1.8715957446808504,-87.96499999999997,-8.796499999999998,20.740999999999996,207.40999999999997,-1.5703046660587097,-3.139272973722767,-2.1811456948624874,17.02127659574468,18,4,0.9591836734693877,ok
10,40,1,TP_FIJO,0,15:00,47,17.02127659574468,0.7455379096878708,-1.8715957446808504,-87.96499999999997,-8.796499999999998,20.740999999999996,207.40999999999997,-1.5703046660587097,-3.139272973722767,-2.1811456948624874,17.02127659574468,18,4,0.9591836734693877,ok
10,40,2,TP_FIJO,0,12:00,91,14.285714285714285,0.5772615975117463,-2.807912087912089,-255.52000000000012,-25.552000000000014,32.425,324.25,-4.352793759624735,-5.75043313844906,-4.052745897125237,27.659574468085108,23,2,1.8571428571428572,ok
10,40,2,TP_FIJO,0,14:00,92,14.130434782608695,0.5704243197070387,-2.856141304347827,-262.7650000000001,-26.27650000000001,32.425,324.25,-4.586863269270902,-5.951506953809837,-4.167657230972576,27.659574468085108,23,2,1.8775510204081634,ok
10,40,2,TP_FIJO,0,15:00,92,14.130434782608695,0.5704243197070387,-2.856141304347827,-262.7650000000001,-26.27650000000001,32.425,324.25,-4.586863269270902,-5.951506953809837,-4.167657230972576,27.659574468085108,23,2,1.8775510204081634,ok
10,40,3,TP_FIJO,0,12:00,133,17.293233082706767,0.7547905105687551,-1.539924812030076,-204.8100000000001,-20.48100000000001,32.06650000000002,320.6650000000002,-2.967400691084118,-3.602877726802794,-3.2847631373195427,48.93617021276596,17,1,2.7142857142857144,ok
10,40,3,TP_FIJO,0,14:00,135,17.037037037037038,0.7419195396211757,-1.6244444444444452,-219.3000000000001,-21.93000000000001,32.06650000000002,320.6650000000002,-3.305695445158342,-3.923735409996321,-3.5171551975693367,48.93617021276596,17,1,2.7551020408163267,ok
10,40,3,TP_FIJO,0,15:00,135,17.037037037037038,0.7419195396211757,-1.6244444444444452,-219.3000000000001,-21.93000000000001,32.06650000000002,320.6650000000002,-3.305695445158342,-3.923735409996321,-3.5171551975693367,48.93617021276596,17,1,2.7551020408163267,ok
10,60,1,TP_FIJO,0,12:00,47,10.638297872340425,0.66136057654233,-2.729361702127659,-128.27999999999997,-12.827999999999998,16.47249999999999,164.7249999999999,-2.062484295255721,-4.601430672484787,-4.005012683476792,10.638297872340425,18,2,0.9591836734693877,ok
10,60,1,TP_FIJO,0,14:00,47,10.638297872340425,0.66136057654233,-2.729361702127659,-128.27999999999997,-12.827999999999998,16.47249999999999,164.7249999999999,-2.062484295255721,-4.601430672484787,-4.005012683476792,10.638297872340425,18,2,0.9591836734693877,ok
10,60,1,TP_FIJO,0,15:00,47,10.638297872340425,0.66136057654233,-2.729361702127659,-128.27999999999997,-12.827999999999998,16.47249999999999,164.7249999999999,-2.062484295255721,-4.601430672484787,-4.005012683476792,10.638297872340425,18,2,0.9591836734693877,ok
10,60,2,TP_FIJO,0,12:00,91,9.89010989010989,0.5882778972023822,-2.9360989010989016,-267.18500000000006,-26.718500000000006,28.377500000000012,283.7750000000001,-3.761052387749801,-5.762135937669634,-4.842196408120114,19.148936170212767,23,2,1.8571428571428572,ok
10,60,2,TP_FIJO,0,14:00,92,9.782608695652174,0.581782715372072,-2.9829347826086963,-274.43000000000006,-27.443000000000005,28.377500000000012,283.7750000000001,-3.875966976839098,-5.892471770966251,-4.973497615062234,19.148936170212767,23,2,1.8775510204081634,ok
10,60,2,TP_FIJO,0,15:00,92,9.782608695652174,0.581782715372072,-2.9829347826086963,-274.43000000000006,-27.443000000000005,28.377500000000012,283.7750000000001,-3.875966976839098,-5.892471770966251,-4.973497615062234,19.148936170212767,23,2,1.8775510204081634,ok
10,60,3,TP_FIJO,0,12:00,133,12.030075187969924,0.7345363266079378,-1.8964285714285707,-252.2249999999999,-25.222499999999993,25.222500000000004,252.22500000000002,-2.891458516871823,-3.9433006302955085,-5.142857142857141,34.04255319148936,17,1,2.7142857142857144,ok
10,60,3,TP_FIJO,0,14:00,135,11.851851851851853,0.7235025191267026,-1.975666666666666,-266.7149999999999,-26.67149999999999,26.6715,266.71500000000003,-3.08070482119328,-4.163227013778041,-5.1428571428571415,34.04255319148936,17,1,2.7551020408163267,ok
10,60,3,TP_FIJO,0,15:00,135,11.851851851851853,0.7235025191267026,-1.975666666666666,-266.7149999999999,-26.67149999999999,26.6715,266.71500000000003,-3.08070482119328,-4.163227013778041,-5.1428571428571415,34.04255319148936,17,1,2.7551020408163267,ok
10,80,1,TP_FIJO,0,12:00,47,8.51063829787234,0.6977391304347828,-2.496063829787234,-117.315,-11.7315,19.658342859395315,199.4849999999999,-1.5043366499327329,-3.944886272528713,-3.0691004324707567,8.51063829787234,18,1,0.9591836734693877,ok
10,80,1,TP_FIJO,0,14:00,47,8.51063829787234,0.6977391304347828,-2.496063829787234,-117.315,-11.7315,19.658342859395315,199.4849999999999,-1.5043366499327329,-3.944886272528713,-3.0691004324707567,8.51063829787234,18,1,0.9591836734693877,ok
10,80,1,TP_FIJO,0,15:00,47,8.51063829787234,0.6977391304347828,-2.496063829787234,-117.315,-11.7315,19.658342859395315,199.4849999999999,-1.5043366499327329,-3.944886272528713,-3.0691004324707567,8.51063829787234,18,1,0.9591836734693877,ok
10,80,2,TP_FIJO,0,12:00,91,7.6923076923076925,0.5901204327413756,-2.9789010989010993,-271.08000000000004,-27.108000000000004,32.17049999999999,321.7049999999999,-3.2146258776061316,-5.594668680587249,-4.333553144295908,14.893617021276595,25,2,1.8571428571428572,ok
10,80,2,TP_FIJO,0,14:00,92,7.608695652173914,0.583725938888141,-3.025271739130435,-278.32500000000005,-27.832500000000003,32.17049999999999,321.7049999999999,-3.315643870658341,-5.7249735272989115,-4.449373538756672,14.893617021276595,25,2,1.8775510204081634,ok
10,80,2,TP_FIJO,0,15:00,92,7.608695652173914,0.583725938888141,-3.025271739130435,-278.32500000000005,-27.832500000000003,32.17049999999999,321.7049999999999,-3.315643870658341,-5.7249735272989115,-4.449373538756672,14.893617021276595,25,2,1.8775510204081634,ok
10,80,3,TP_FIJO,0,12:00,133,9.022556390977442,0.7173913043478259,-2.0760902255639104,-276.12000000000006,-27.61200000000001,31.333500000000004,313.33500000000004,-2.6310832057363673,-4.048094427639513,-4.532036683695452,25.53191489361702,24,1,2.7142857142857144,ok
10,80,3,TP_FIJO,0,14:00,135,8.88888888888889,0.7069075065807386,-2.152666666666667,-290.61000000000007,-29.06100000000001,31.333500000000004,313.33500000000004,-2.7981879193789627,-4.262640541071515,-4.769865205884165,25.53191489361702,24,1,2.7551020408163267,ok
10,80,3,TP_FIJO,0,15:00,135,8.88888888888889,0.7069075065807386,-2.152666666666667,-290.61000000000007,-29.06100000000001,31.333500000000004,313.33500000000004,-2.7981879193789627,-4.262640541071515,-4.769865205884165,25.53191489361702,24,1,2.7551020408163267,ok
10,100,1,TP_FIJO,0,12:00,47,4.25531914893617,0.4409779842902976,-4.837978723404255,-227.385,-22.738500000000002,25.18929857856617,260.145,-3.766674442047482,-8.53715564845426,-4.642481678404627,4.25531914893617,27,1,0.9591836734693877,ok
10,100,1,TP_FIJO,0,14:00,47,4.25531914893617,0.4409779842902976,-4.837978723404255,-227.385,-22.738500000000002,25.18929857856617,260.145,-3.766674442047482,-8.53715564845426,-4.642481678404627,4.25531914893617,27,1,0.9591836734693877,ok
10,100,1,TP_FIJO,0,15:00,47,4.25531914893617,0.4409779842902976,-4.837978723404255,-227.385,-22.738500000000002,25.18929857856617,260.145,-3.766674442047482,-8.53715564845426,-4.642481678404627,4.25531914893617,27,1,0.9591836734693877,ok
10,100,2,TP_FIJO,0,12:00,91,6.593406593406594,0.6294693168522225,-2.8362087912087928,-258.09500000000014,-25.809500000000014,27.444000000000006,274.44000000000005,-2.5806787723810185,-5.052650714385761,-4.836560684614905,12.76595744680851,25,1,1.8571428571428572,ok
10,100,2,TP_FIJO,0,14:00,92,6.521739130434782,0.622989485649332,-2.88413043478261,-265.34000000000015,-26.534000000000013,27.444000000000006,274.44000000000005,-2.668837929316554,-5.185231684751979,-4.972328065463178,12.76595744680851,25,1,1.8775510204081634,ok
10,100,2,TP_FIJO,0,15:00,92,6.521739130434782,0.622989485649332,-2.88413043478261,-265.34000000000015,-26.534000000000013,27.444000000000006,274.44000000000005,-2.668837929316554,-5.185231684751979,-4.972328065463178,12.76595744680851,25,1,1.8775510204081634,ok
10,100,3,TP_FIJO,0,12:00,132,8.333333333333332,0.8196063416432685,-1.445568181818182,-190.81500000000003,-19.081500000000002,23.68399999999999,236.83999999999992,-1.261510910636037,-2.274218155299393,-4.143448259222624,23.404255319148938,24,1,2.693877551020408,ok
10,100,3,TP_FIJO,0,14:00,135,8.148148148148149,0.8015671590042301,-1.589777777777778,-214.62000000000003,-21.462000000000003,23.68399999999999,236.83999999999992,-1.5003814134006903,-2.650546021867468,-4.660361425434895,23.404255319148938,25,1,2.7551020408163267,ok
10,100,3,TP_FIJO,0,15:00,135,8.148148148148149,0.8015671590042301,-1.589777777777778,-214.62000000000003,-21.462000000000003,23.68399999999999,236.83999999999992,-1.5003814134006903,-2.650546021867468,-4.660361425434895,23.404255319148938,25,1,2.7551020408163267,ok
15,20,1,TP_FIJO,0,12:00,47,31.914893617021278,0.5618349619978283,-2.5758510638297882,-121.06500000000004,-12.106500000000004,14.501500000000009,145.0150000000001,-4.212072207472664,-5.38505125219591,-4.293486880667516,31.914893617021278,7,4,0.9591836734693877,ok
15,20,1,TP_FIJO,0,14:00,47,31.914893617021278,0.5618349619978283,-2.5758510638297882,-121.06500000000004,-12.106500000000004,14.501500000000009,145.0150000000001,-4.212072207472664,-5.38505125219591,-4.293486880667516,31.914893617021278,7,4,0.9591836734693877,ok
15,20,1,TP_FIJO,0,15:00,47,31.914893617021278,0.5618349619978283,-2.5758510638297882,-121.06500000000004,-12.106500000000004,14.501500000000009,145.0150000000001,-4.212072207472664,-5.38505125219591,-4.293486880667516,31.914893617021278,7,4,0.9591836734693877,ok
15,20,2,TP_FIJO,0,12:00,91,32.967032967032964,0.6059550917463978,-2.120329670329671,-192.95000000000005,-19.295000000000005,21.352500000000077,213.52500000000077,-5.133207905374917,-5.705003471715861,-4.647297907571865,57.446808510638306,11,3,1.8571428571428572,ok
15,20,2,TP_FIJO,0,14:00,92,32.608695652173914,0.596603932923151,-2.1807065217391313,-200.62500000000006,-20.062500000000007,21.352500000000077,213.52500000000077,-5.439529684221387,-5.963919038264399,-4.832154147222624,57.446808510638306,11,3,1.8775510204081634,ok
15,20,2,TP_FIJO,0,15:00,92,32.608695652173914,0.596603932923151,-2.1807065217391313,-200.62500000000006,-20.062500000000007,21.352500000000077,213.52500000000077,-5.439529684221387,-5.963919038264399,-4.832154147222624,57.446808510638306,11,3,1.8775510204081634,ok
15,20,3,TP_FIJO,0,12:00,133,35.338345864661655,0.6821555983957104,-1.617744360902256,-215.16000000000003,-21.516000000000002,24.341000000000122,243.41000000000122,-4.533800778332111,-5.267067594834246,-4.545980620587229,31.914893617021278,15,4,2.7142857142857144,ok
15,20,3,TP_FIJO,0,14:00,135,34.81481481481482,0.6641917707302629,-1.7220370370370373,-232.47500000000002,-23.247500000000002,25.016000000000123,250.16000000000122,-5.033873172426643,-5.745655751943188,-4.779284115309037,29.78723404255319,15,4,2.7551020408163267,ok
15,20,3,TP_FIJO,0,15:00,135,34.81481481481482,0.6641917707302629,-1.7220370370370373,-232.47500000000002,-23.247500000000002,25.016000000000123,250.16000000000122,-5.033873172426643,-5.745655751943188,-4.779284115309037,29.78723404255319,15,4,2.7551020408163267,ok
15,30,1,TP_FIJO,0,12:00,47,31.914893617021278,0.9054356677524428,-0.5929787234042563,-27.870000000000047,-2.787000000000005,9.336000000000002,93.36000000000001,-0.5875470879719711,-0.9952694990113472,-1.5352552331986802,31.914893617021278,7,4,0.9591836734693877,ok
15,30,1,TP_FIJO,0,14:00,47,31.914893617021278,0.9054356677524428,-0.5929787234042563,-27.870000000000047,-2.787000000000005,9.336000000000002,93.36000000000001,-0.5875470879719711,-0.9952694990113472,-1.5352552331986802,31.914893617021278,7,4,0.9591836734693877,ok
15,30,1,TP_FIJO,0,15:00,47,31.914893617021278,0.9054356677524428,-0.5929787234042563,-27.870000000000047,-2.787000000000005,9.336000000000002,93.36000000000001,-0.5875470879719711,-0.9952694990113472,-1.5352552331986802,31.914893617021278,7,4,0.9591836734693877,ok
15,30,2,TP_FIJO,0,12:00,91,31.868131868131865,0.8565708856832636,-0.8129120879120885,-73.97500000000005,-7.397500000000005,17.105500000000017,171.05500000000018,-1.3866356357684713,-1.8927823816002656,-2.224096677342709,55.319148936170215,11,3,1.8571428571428572,ok
15,30,2,TP_FIJO,0,14:00,92,31.521739130434785,0.8358953844981617,-0.9364130434782614,-86.15000000000005,-8.615000000000004,17.105500000000017,171.05500000000018,-1.674969700097257,-2.252106150201404,-2.590144356242978,55.319148936170215,11,3,1.8775510204081634,ok
15,30,2,TP_FIJO,0,15:00,92,31.521739130434785,0.8358953844981617,-0.9364130434782614,-86.15000000000005,-8.615000000000004,17.105500000000017,171.05500000000018,-1.674969700097257,-2.252106150201404,-2.590144356242978,55.319148936170215,11,3,1.8775510204081634,ok
15,30,3,TP_FIJO,0,12:00,133,33.83458646616541,0.9657980456026053,-0.1950000000000011,-25.935000000000144,-2.5935000000000143,18.068500000000018,180.68500000000017,-0.26564650346483154,-0.372310751219328,-0.7381907739989518,31.914893617021278,15,4,2.7142857142857144,ok
15,30,3,TP_FIJO,0,14:00,135,33.33333333333333,0.9428937441258637,-0.32855555555555654,-44.35500000000013,-4.435500000000013,18.068500000000018,180.68500000000017,-0.5794331945819919,-0.8044936418773507,-1.2624812716685339,29.78723404255319,15,4,2.7551020408163267,ok
15,30,3,TP_FIJO,0,15:00,135,33.33333333333333,0.9428937441258637,-0.32855555555555654,-44.35500000000013,-4.435500000000013,18.068500000000018,180.68500000000017,-0.5794331945819919,-0.8044936418773507,-1.2624812716685339,29.78723404255319,15,4,2.7551020408163267,ok
15,40,1,TP_FIJO,0,12:00,47,29.78723404255319,1.095844437863982,0.6197872340425523,29.12999999999996,2.9129999999999963,8.673000000000002,86.73000000000002,0.7179264586642152,1.4317825229353618,1.7273311261550601,29.78723404255319,7,4,0.9591836734693877,ok
15,40,1,TP_FIJO,0,14:00,47,29.78723404255319,1.095844437863982,0.6197872340425523,29.12999999999996,2.9129999999999963,8.673000000000002,86.73000000000002,0.7179264586642152,1.4317825229353618,1.7273311261550601,29.78723404255319,7,4,0.9591836734693877,ok
15,40,1,TP_FIJO,0,15:00,47,29.78723404255319,1.095844437863982,0.6197872340425523,29.12999999999996,2.9129999999999963,8.673000000000002,86.73000000000002,0.7179264586642152,1.4317825229353618,1.7273311261550601,29.78723404255319,7,4,0.9591836734693877,ok
15,40,2,TP_FIJO,0,12:00,91,27.472527472527474,0.9451986242789292,-0.33093406593406643,-30.115000000000045,-3.0115000000000043,17.60200000000002,176.0200000000002,-0.3596026583352194,-0.544937067602688,-0.8798837794406481,48.93617021276596,13,3,1.8571428571428572,ok
15,40,2,TP_FIJO,0,14:00,92,27.173913043478258,0.9296184271754303,-0.42744565217391356,-39.325000000000045,-3.9325000000000045,17.60200000000002,176.0200000000002,-0.5274937875144052,-0.7903582517606039,-1.1489765773369909,48.93617021276596,13,3,1.8775510204081634,ok
15,40,2,TP_FIJO,0,15:00,92,27.173913043478258,0.9296184271754303,-0.42744565217391356,-39.325000000000045,-3.9325000000000045,17.60200000000002,176.0200000000002,-0.5274937875144052,-0.7903582517606039,-1.1489765773369909,48.93617021276596,13,3,1.8775510204081634,ok
15,40,3,TP_FIJO,0,12:00,133,29.32330827067669,1.0540080122805038,0.32537593984962326,43.27499999999989,4.327499999999989,18.625500000000013,186.2550000000001,0.7611045998662196,1.155876718281567,1.1949056017671587,63.829787234042556,15,4,2.7142857142857144,ok
15,40,3,TP_FIJO,0,14:00,135,28.888888888888886,1.0303224389708299,0.1841111111111102,24.854999999999876,2.4854999999999876,18.625500000000013,186.2550000000001,0.519685416128681,0.7823862902344381,0.6862941359196454,63.829787234042556,15,4,2.7551020408163267,ok
15,40,3,TP_FIJO,0,15:00,135,28.888888888888886,1.0303224389708299,0.1841111111111102,24.854999999999876,2.4854999999999876,18.625500000000013,186.2550000000001,0.519685416128681,0.7823862902344381,0.6862941359196454,63.829787234042556,15,4,2.7551020408163267,ok
15,60,1,TP_FIJO,0,12:00,47,21.27659574468085,1.0316796863739879,0.23382978723404169,10.98999999999996,1.098999999999996,7.473000000000002,78.28499999999997,0.3328081281452491,0.7605259129906785,0.7563227619429919,21.27659574468085,8,2,0.9591836734693877,ok
15,60,1,TP_FIJO,0,14:00,47,21.27659574468085,1.0316796863739879,0.23382978723404169,10.98999999999996,1.098999999999996,7.473000000000002,78.28499999999997,0.3328081281452491,0.7605259129906785,0.7563227619429919,21.27659574468085,8,2,0.9591836734693877,ok
15,60,1,TP_FIJO,0,15:00,47,21.27659574468085,1.0316796863739879,0.23382978723404169,10.98999999999996,1.098999999999996,7.473000000000002,78.28499999999997,0.3328081281452491,0.7605259129906785,0.7563227619429919,21.27659574468085,8,2,0.9591836734693877,ok
15,60,2,TP_FIJO,0,12:00,91,19.78021978021978,0.9420590267495802,-0.41928571428571515,-38.15500000000008,-3.8155000000000077,14.709000000000014,147.09000000000015,-0.329908632752872,-0.5590721933109056,-1.3340520381107792,36.17021276595745,13,3,1.8571428571428572,ok
15,60,2,TP_FIJO,0,14:00,92,19.565217391304348,0.9290651091392411,-0.5148369565217401,-47.36500000000009,-4.736500000000008,14.709000000000014,147.09000000000015,-0.4535038459623137,-0.7618560787344374,-1.6560706273127253,36.17021276595745,13,3,1.8775510204081634,ok
15,60,2,TP_FIJO,0,15:00,92,19.565217391304348,0.9290651091392411,-0.5148369565217401,-47.36500000000009,-4.736500000000008,14.709000000000014,147.09000000000015,-0.4535038459623137,-0.7618560787344374,-1.6560706273127253,36.17021276595745,13,3,1.8775510204081634,ok
15,60,3,TP_FIJO,0,12:00,133,21.052631578947366,0.9924229516411924,-0.056842105263158284,-7.560000000000052,-0.7560000000000052,15.188395107259216,172.97000000000014,0.12122124093490282,0.18417636110982985,-0.2559849129906936,53.191489361702125,15,4,2.7142857142857144,ok
15,60,3,TP_FIJO,0,14:00,135,20.74074074074074,0.9744334117322886,-0.19244444444444483,-25.980000000000054,-2.5980000000000056,16.80584459489126,191.3900000000001,-0.09534623774361894,-0.14319590872884985,-0.7950295375933969,53.191489361702125,15,4,2.7551020408163267,ok
15,60,3,TP_FIJO,0,15:00,135,20.74074074074074,0.9744334117322886,-0.19244444444444483,-25.980000000000054,-2.5980000000000056,16.80584459489126,191.3900000000001,-0.09534623774361894,-0.14319590872884985,-0.7950295375933969,53.191489361702125,15,4,2.7551020408163267,ok
15,80,1,TP_FIJO,0,12:00,47,19.148936170212767,1.1860400186133082,1.4886170212765943,69.96499999999993,6.996499999999993,7.623304466585967,85.96000000000004,1.1300151486554133,3.0747768535971582,4.720000382736149,19.148936170212767,8,1,0.9591836734693877,ok
15,80,1,TP_FIJO,0,14:00,47,19.148936170212767,1.1860400186133082,1.4886170212765943,69.96499999999993,6.996499999999993,7.623304466585967,85.96000000000004,1.1300151486554133,3.0747768535971582,4.720000382736149,19.148936170212767,8,1,0.9591836734693877,ok
15,80,1,TP_FIJO,0,15:00,47,19.148936170212767,1.1860400186133082,1.4886170212765943,69.96499999999993,6.996499999999993,7.623304466585967,85.96000000000004,1.1300151486554133,3.0747768535971582,4.720000382736149,19.148936170212767,8,1,0.9591836734693877,ok
15,80,2,TP_FIJO,0,12:00,91,17.582417582417584,1.0601029736261423,0.4714285714285708,42.89999999999994,4.289999999999995,14.116779455144894,162.71000000000004,0.6794833856988307,1.3657076905817258,1.5628817615916109,31.914893617021278,16,3,1.8571428571428572,ok
15,80,2,TP_FIJO,0,14:00,92,17.391304347826086,1.0465984771468284,0.3661956521739124,33.68999999999994,3.3689999999999944,14.462953322922095,166.70000000000005,0.5839838363552122,1.164889750189661,1.1979770194532497,31.914893617021278,16,3,1.8775510204081634,ok
15,80,2,TP_FIJO,0,15:00,92,17.391304347826086,1.0465984771468284,0.3661956521739124,33.68999999999994,3.3689999999999944,14.462953322922095,166.70000000000005,0.5839838363552122,1.164889750189661,1.1979770194532497,31.914893617021278,16,3,1.8775510204081634,ok
15,80,3,TP_FIJO,0,12:00,133,18.045112781954884,1.1009034826237396,0.8233458646616532,109.50499999999987,10.950499999999987,16.902000000000008,176.0300000000002,1.2568342075825651,2.1963956097250867,3.331964095542365,46.808510638297875,15,4,2.7142857142857144,ok
15,80,3,TP_FIJO,0,14:00,135,17.77777777777778,1.0723298711977127,0.5929629629629618,80.04999999999984,8.004999999999985,16.902000000000008,197.51999999999998,0.9957429470529063,1.7123401492500065,2.4357218925908963,46.808510638297875,15,4,2.7551020408163267,ok
15,80,3,TP_FIJO,0,15:00,135,17.77777777777778,1.0723298711977127,0.5929629629629618,80.04999999999984,8.004999999999985,16.902000000000008,197.51999999999998,0.9957429470529063,1.7123401492500065,2.4357218925908963,46.808510638297875,15,4,2.7551020408163267,ok
15,100,1,TP_FIJO,0,12:00,47,12.76595744680851,0.9382761604234527,-0.5160638297872353,-24.25500000000006,-2.4255000000000058,14.866114664130597,170.385,-0.1575704125930986,-0.43397741441627824,-0.8390894515362287,12.76595744680851,17,1,0.9591836734693877,ok
15,100,1,TP_FIJO,0,14:00,47,12.76595744680851,0.9382761604234527,-0.5160638297872353,-24.25500000000006,-2.4255000000000058,14.866114664130597,170.385,-0.1575704125930986,-0.43397741441627824,-0.8390894515362287,12.76595744680851,17,1,0.9591836734693877,ok
15,100,1,TP_FIJO,0,15:00,47,12.76595744680851,0.9382761604234527,-0.5160638297872353,-24.25500000000006,-2.4255000000000058,14.866114664130597,170.385,-0.1575704125930986,-0.43397741441627824,-0.8390894515362287,12.76595744680851,17,1,0.9591836734693877,ok
15,100,2,TP_FIJO,0,12:00,91,14.285714285714285,1.0370808385256864,0.3014835164835152,27.43499999999988,2.7434999999999885,16.66889136715741,193.56000000000017,0.5136506581195172,1.1291224842852936,0.8464527280577406,25.53191489361702,19,2,1.8571428571428572,ok
15,100,2,TP_FIJO,0,14:00,92,14.130434782608695,1.024329844609387,0.19809782608695523,18.22499999999988,1.822499999999988,17.462032974367165,202.7700000000002,0.43017181621980266,0.9384709225146416,0.536756353433513,25.53191489361702,19,2,1.8775510204081634,ok
15,100,2,TP_FIJO,0,15:00,92,14.130434782608695,1.024329844609387,0.19809782608695523,18.22499999999988,1.822499999999988,17.462032974367165,202.7700000000002,0.43017181621980266,0.9384709225146416,0.536756353433513,25.53191489361702,19,2,1.8775510204081634,ok
15,100,3,TP_FIJO,0,12:00,132,15.151515151515152,1.113884255661028,0.9879545454545438,130.40999999999977,13.040999999999977,17.591905331451446,228.71499999999992,1.33527025894867,2.456830757753563,3.812435249983598,40.42553191489361,20,3,2.693877551020408,ok
15,100,3,TP_FIJO,0,14:00,135,14.814814814814813,1.076326107109142,0.664777777777776,89.74499999999976,8.974499999999978,19.95323490614292,259.41499999999996,1.024374807925247,1.8427118314210804,2.3131372755182613,40.42553191489361,23,3,2.7551020408163267,ok
15,100,3,TP_FIJO,0,15:00,135,14.814814814814813,1.076326107109142,0.664777777777776,89.74499999999976,8.974499999999978,19.95323490614292,259.41499999999996,1.024374807925247,1.8427118314210804,2.3131372755182613,40.42553191489361,23,3,2.7551020408163267,ok
20,20,1,TP_FIJO,0,12:00,47,44.680851063829785,0.7651940104770297,-1.0776595744680852,-50.650000000000006,-5.065,6.732559590665176,67.43500000000006,-1.9803490388832967,-2.6172523636939857,-3.8690443178086804,44.680851063829785,7,5,0.9591836734693877,ok
20,20,1,TP_FIJO,0,14:00,47,44.680851063829785,0.7651940104770297,-1.0776595744680852,-50.650000000000006,-5.065,6.732559590665176,67.43500000000006,-1.9803490388832967,-2.6172523636939857,-3.8690443178086804,44.680851063829785,7,5,0.9591836734693877,ok
20,20,1,TP_FIJO,0,15:00,47,44.680851063829785,0.7651940104770297,-1.0776595744680852,-50.650000000000006,-5.065,6.732559590665176,67.43500000000006,-1.9803490388832967,-2.6172523636939857,-3.8690443178086804,44.680851063829785,7,5,0.9591836734693877,ok
20,20,2,TP_FIJO,0,12:00,91,45.05494505494506,0.7878543400931463,-0.9535714285714291,-86.77500000000005,-8.677500000000006,10.111500000000001,101.11500000000001,-2.530741328650978,-3.1715339653448282,-4.4135037192447095,21.27659574468085,10,4,1.8571428571428572,ok
20,20,2,TP_FIJO,0,14:00,92,44.565217391304344,0.7724815724815727,-1.0316847826086961,-94.91500000000005,-9.491500000000006,10.277500000000009,102.77500000000009,-2.8137809140933205,-3.494209364972589,-4.74954303784272,19.148936170212767,10,4,1.8775510204081634,ok
20,20,2,TP_FIJO,0,15:00,92,44.565217391304344,0.7724815724815727,-1.0316847826086961,-94.91500000000005,-9.491500000000006,10.277500000000009,102.77500000000009,-2.8137809140933205,-3.494209364972589,-4.74954303784272,19.148936170212767,10,4,1.8775510204081634,ok
20,20,3,TP_FIJO,0,12:00,133,42.857142857142854,0.7218270431385186,-1.2981578947368426,-172.65500000000006,-17.265500000000007,18.83749999999994,188.37499999999943,-3.9184086383159125,-4.531710057440127,-4.7136828135368445,44.680851063829785,14,4,2.7142857142857144,ok
20,20,3,TP_FIJO,0,14:00,135,42.22222222222222,0.7002927993343331,-1.4140740740740745,-190.90000000000006,-19.090000000000007,20.46549999999994,204.6549999999994,-4.427837172880752,-5.0418985166723225,-4.797202260249844,42.5531914893617,14,4,2.7551020408163267,ok
20,20,3,TP_FIJO,0,15:00,135,42.22222222222222,0.7002927993343331,-1.4140740740740745,-190.90000000000006,-19.090000000000007,20.46549999999994,204.6549999999994,-4.427837172880752,-5.0418985166723225,-4.797202260249844,42.5531914893617,14,4,2.7551020408163267,ok
20,30,1,TP_FIJO,0,12:00,47,42.5531914893617,1.0628952350263823,0.33223404255319106,15.61499999999998,1.5614999999999981,6.9692909993798455,73.6099999999999,0.5418574205334542,0.875353024423053,1.1522795402410388,42.5531914893617,7,4,0.9591836734693877,ok
20,30,1,TP_FIJO,0,14:00,47,42.5531914893617,1.0628952350263823,0.33223404255319106,15.61499999999998,1.5614999999999981,6.9692909993798455,73.6099999999999,0.5418574205334542,0.875353024423053,1.1522795402410388,42.5531914893617,7,4,0.9591836734693877,ok
20,30,1,TP_FIJO,0,15:00,47,42.5531914893617,1.0628952350263823,0.33223404255319106,15.61499999999998,1.5614999999999981,6.9692909993798455,73.6099999999999,0.5418574205334542,0.875353024423053,1.1522795402410388,42.5531914893617,7,4,0.9591836734693877,ok
20,30,2,TP_FIJO,0,12:00,91,39.56043956043956,0.9450826748124048,-0.27263736263736316,-24.810000000000045,-2.4810000000000043,8.483500000000003,84.83500000000004,-0.47450732300869675,-0.6664527215885152,-1.5040288290715613,63.829787234042556,10,3,1.8571428571428572,ok
20,30,2,TP_FIJO,0,14:00,92,39.130434782608695,0.9283555478245744,-0.358152173913044,-32.950000000000045,-3.295000000000005,8.483500000000003,84.83500000000004,-0.6754648406911016,-0.9412930869205209,-1.997490927767349,63.829787234042556,10,3,1.8775510204081634,ok
20,30,2,TP_FIJO,0,15:00,92,39.130434782608695,0.9283555478245744,-0.358152173913044,-32.950000000000045,-3.295000000000005,8.483500000000003,84.83500000000004,-0.6754648406911016,-0.9412930869205209,-1.997490927767349,63.829787234042556,10,3,1.8775510204081634,ok
20,30,3,TP_FIJO,0,12:00,132,38.63636363636363,0.9145492345492345,-0.4281439393939399,-56.51500000000007,-5.6515000000000075,13.809500000000002,138.09500000000003,-0.9596953381918021,-1.2489268559526778,-2.1047001805175554,44.680851063829785,14,4,2.693877551020408,ok
20,30,3,TP_FIJO,0,14:00,134,38.059701492537314,0.892578081767271,-0.543246268656717,-72.79500000000007,-7.279500000000007,13.809500000000002,138.09500000000003,-1.2948852325310503,-1.6720526036331627,-2.7109908810187626,42.5531914893617,14,4,2.7346938775510203,ok
20,30,3,TP_FIJO,0,15:00,134,38.059701492537314,0.892578081767271,-0.543246268656717,-72.79500000000007,-7.279500000000007,13.809500000000002,138.09500000000003,-1.2948852325310503,-1.6720526036331627,-2.7109908810187626,42.5531914893617,14,4,2.7346938775510203,ok
20,40,1,TP_FIJO,0,12:00,47,40.42553191489361,1.3189189189189185,1.7951063829787228,84.36999999999998,8.436999999999998,6.539551755881039,71.75,2.0839451359658385,3.967686769730888,6.635055021204578,40.42553191489361,7,4,0.9591836734693877,ok
20,40,1,TP_FIJO,0,14:00,47,40.42553191489361,1.3189189189189185,1.7951063829787228,84.36999999999998,8.436999999999998,6.539551755881039,71.75,2.0839451359658385,3.967686769730888,6.635055021204578,40.42553191489361,7,4,0.9591836734693877,ok
20,40,1,TP_FIJO,0,15:00,47,40.42553191489361,1.3189189189189185,1.7951063829787228,84.36999999999998,8.436999999999998,6.539551755881039,71.75,2.0839451359658385,3.967686769730888,6.635055021204578,40.42553191489361,7,4,0.9591836734693877,ok
20,40,2,TP_FIJO,0,12:00,91,35.16483516483517,1.0401832473545622,0.22554945054945025,20.524999999999974,2.0524999999999975,9.3255,93.255,0.5310397448916082,0.7871679108018578,1.1319193915301349,59.57446808510638,10,3,1.8571428571428572,ok
20,40,2,TP_FIJO,0,14:00,92,34.78260869565217,1.0122562192874693,0.06940217391304318,6.384999999999973,0.6384999999999973,9.3255,93.255,0.2529091719465789,0.3696922524617425,0.3521220616282528,59.57446808510638,10,3,1.8775510204081634,ok
20,40,2,TP_FIJO,0,15:00,92,34.78260869565217,1.0122562192874693,0.06940217391304318,6.384999999999973,0.6384999999999973,9.3255,93.255,0.2529091719465789,0.3696922524617425,0.3521220616282528,59.57446808510638,10,3,1.8775510204081634,ok
20,40,3,TP_FIJO,0,12:00,132,34.84848484848485,1.00947896491072,0.05246212121212076,6.92499999999994,0.692499999999994,11.809500000000003,118.09500000000003,0.26594624266206396,0.37716577222847913,0.30157318865561955,38.297872340425535,14,4,2.693877551020408,ok
20,40,3,TP_FIJO,0,14:00,134,34.32835820895522,0.9874739738499956,-0.06981343283582135,-9.35500000000006,-0.9355000000000061,11.809500000000003,118.09500000000003,-0.012644986039838192,-0.017897976029459646,-0.4073959826531934,36.17021276595745,14,4,2.7346938775510203,ok
20,40,3,TP_FIJO,0,15:00,134,34.32835820895522,0.9874739738499956,-0.06981343283582135,-9.35500000000006,-0.9355000000000061,11.809500000000003,118.09500000000003,-0.012644986039838192,-0.017897976029459646,-0.4073959826531934,36.17021276595745,14,4,2.7346938775510203,ok
20,60,1,TP_FIJO,0,12:00,47,27.659574468085108,1.0923741358523964,0.643936170212766,30.264999999999997,3.0264999999999995,8.277393967451294,92.97499999999991,0.7257329809195845,1.5103203228434874,1.8804055000960334,27.659574468085108,8,2,0.9591836734693877,ok
20,60,1,TP_FIJO,0,14:00,47,27.659574468085108,1.0923741358523964,0.643936170212766,30.264999999999997,3.0264999999999995,8.277393967451294,92.97499999999991,0.7257329809195845,1.5103203228434874,1.8804055000960334,27.659574468085108,8,2,0.9591836734693877,ok
20,60,1,TP_FIJO,0,15:00,47,27.659574468085108,1.0923741358523964,0.643936170212766,30.264999999999997,3.0264999999999995,8.277393967451294,92.97499999999991,0.7257329809195845,1.5103203228434874,1.8804055000960334,27.659574468085108,8,2,0.9591836734693877,ok
20,60,2,TP_FIJO,0,12:00,91,25.274725274725274,0.9739463541380478,-0.1823626373626375,-16.595000000000013,-1.6595000000000013,15.372471545934404,174.29999999999995,-0.100022677897836,-0.1588624026915129,-0.5551853781657247,44.680851063829785,11,3,1.8571428571428572,ok
20,60,2,TP_FIJO,0,14:00,92,25.0,0.9616568102372522,-0.2688586956521741,-24.735000000000014,-2.4735000000000014,16.090382724270068,182.43999999999994,-0.22661173892986694,-0.35735151069392646,-0.7905876050834724,44.680851063829785,11,3,1.8775510204081634,ok
20,60,2,TP_FIJO,0,15:00,92,25.0,0.9616568102372522,-0.2688586956521741,-24.735000000000014,-2.4735000000000014,16.090382724270068,182.43999999999994,-0.22661173892986694,-0.35735151069392646,-0.7905876050834724,44.680851063829785,11,3,1.8775510204081634,ok
20,60,3,TP_FIJO,0,12:00,132,25.0,0.9706819118583828,-0.20746212121212157,-27.385000000000048,-2.7385000000000046,16.5264383758816,189.44999999999993,-0.208533444104204,-0.2995353320020242,-0.8521929507974227,59.57446808510638,14,4,2.693877551020408,ok
20,60,3,TP_FIJO,0,14:00,134,24.62686567164179,0.9540535279293313,-0.3258582089552238,-43.66499999999999,-4.366499999999999,17.94660420728488,205.7299999999999,-0.4360253296390791,-0.619530537713189,-1.2512832764858246,59.57446808510638,14,4,2.7346938775510203,ok
20,60,3,TP_FIJO,0,15:00,134,24.62686567164179,0.9540535279293313,-0.3258582089552238,-43.66499999999999,-4.366499999999999,17.94660420728488,205.7299999999999,-0.4360253296390791,-0.619530537713189,-1.2512832764858246,59.57446808510638,14,4,2.7346938775510203,ok
20,80,1,TP_FIJO,0,12:00,47,25.53191489361702,1.3046683046683043,2.2161702127659577,104.16000000000001,10.416000000000002,6.915094700268032,81.40000000000009,1.8176218027658921,4.5578686840956255,7.7465316560196475,25.53191489361702,8,2,0.9591836734693877,ok
20,80,1,TP_FIJO,0,14:00,47,25.53191489361702,1.3046683046683043,2.2161702127659577,104.16000000000001,10.416000000000002,6.915094700268032,81.40000000000009,1.8176218027658921,4.5578686840956255,7.7465316560196475,25.53191489361702,8,2,0.9591836734693877,ok
20,80,1,TP_FIJO,0,15:00,47,25.53191489361702,1.3046683046683043,2.2161702127659577,104.16000000000001,10.416000000000002,6.915094700268032,81.40000000000009,1.8176218027658921,4.5578686840956255,7.7465316560196475,25.53191489361702,8,2,0.9591836734693877,ok
20,80,2,TP_FIJO,0,12:00,91,23.076923076923077,1.1558903401008669,1.1922527472527475,108.49500000000003,10.849500000000004,15.630538702330163,197.98500000000013,1.4918068419432522,2.879043448034513,3.5697700273830257,40.42553191489361,16,3,1.8571428571428572,ok
20,80,2,TP_FIJO,0,14:00,92,22.82608695652174,1.1392348596959554,1.0686956521739135,98.32000000000004,9.832000000000003,16.433835574801353,208.16000000000008,1.3710127520020836,2.620525557170845,3.0768575721972105,40.42553191489361,16,3,1.8775510204081634,ok
20,80,2,TP_FIJO,0,15:00,92,22.82608695652174,1.1392348596959554,1.0686956521739135,98.32000000000004,9.832000000000003,16.433835574801353,208.16000000000008,1.3710127520020836,2.620525557170845,3.0768575721972105,40.42553191489361,16,3,1.8775510204081634,ok
20,80,3,TP_FIJO,0,12:00,132,21.21212121212121,1.0400297033157078,0.30424242424242487,40.16000000000008,4.016000000000009,17.7293358571981,217.765,0.6641126970954967,1.079831290432161,1.164945740329519,51.06382978723404,14,4,2.693877551020408,ok
20,80,3,TP_FIJO,0,14:00,134,20.8955223880597,1.0115718465619066,0.08839552238806012,11.845000000000056,1.1845000000000054,19.386130956015553,238.115,0.35459073997165885,0.566821145738285,0.31423053416566565,51.06382978723404,14,4,2.7346938775510203,ok
20,80,3,TP_FIJO,0,15:00,134,20.8955223880597,1.0115718465619066,0.08839552238806012,11.845000000000056,1.1845000000000054,19.386130956015553,238.115,0.35459073997165885,0.566821145738285,0.31423053416566565,51.06382978723404,14,4,2.7346938775510203,ok
20,100,1,TP_FIJO,0,12:00,47,19.148936170212767,1.1117072846802574,0.8947872340425539,42.055000000000035,4.205500000000003,14.522598638339765,177.04500000000007,0.7978789540323793,2.0631652988621036,1.4892848210503389,19.148936170212767,17,2,0.9591836734693877,ok
20,100,1,TP_FIJO,0,14:00,47,19.148936170212767,1.1117072846802574,0.8947872340425539,42.055000000000035,4.205500000000003,14.522598638339765,177.04500000000007,0.7978789540323793,2.0631652988621036,1.4892848210503389,19.148936170212767,17,2,0.9591836734693877,ok
20,100,1,TP_FIJO,0,15:00,47,19.148936170212767,1.1117072846802574,0.8947872340425539,42.055000000000035,4.205500000000003,14.522598638339765,177.04500000000007,0.7978789540323793,2.0631652988621036,1.4892848210503389,19.148936170212767,17,2,0.9591836734693877,ok
20,100,2,TP_FIJO,0,12:00,91,19.78021978021978,1.156937656937657,1.2774725274725274,116.25,11.625,18.255613854214182,238.16000000000008,1.391851508705811,2.982289520856314,3.2749221561735196,34.04255319148936,16,3,1.8571428571428572,ok
20,100,2,TP_FIJO,0,14:00,92,19.565217391304348,1.1412609949195318,1.1529891304347826,106.075,10.6075,19.035555368182223,248.33500000000004,1.292253771900074,2.74395527804105,2.8658400602297007,34.04255319148936,16,3,1.8775510204081634,ok
20,100,2,TP_FIJO,0,15:00,92,19.565217391304348,1.1412609949195318,1.1529891304347826,106.075,10.6075,19.035555368182223,248.33500000000004,1.292253771900074,2.74395527804105,2.8658400602297007,34.04255319148936,16,3,1.8775510204081634,ok
20,100,3,TP_FIJO,0,12:00,131,18.3206106870229,1.0697353748201208,0.575229007633588,75.35500000000002,7.535500000000002,21.535122276432627,284.2550000000001,0.9621400951285944,1.6785486613735874,1.7995718576630133,44.680851063829785,20,3,2.673469387755102,ok
20,100,3,TP_FIJO,0,14:00,134,17.91044776119403,1.0403470403470407,0.33455223880597,44.829999999999984,4.482999999999998,23.847692354313775,314.7800000000001,0.6809534914271578,1.1680314630590636,0.9667781783195512,44.680851063829785,23,3,2.7346938775510203,ok
20,100,3,TP_FIJO,0,15:00,134,17.91044776119403,1.0403470403470407,0.33455223880597,44.829999999999984,4.482999999999998,23.847692354313775,314.7800000000001,0.6809534914271578,1.1680314630590636,0.9667781783195512,44.680851063829785,23,3,2.7346938775510203,ok
25,20,1,TP_FIJO,0,12:00,47,48.93617021276596,0.7326740698711193,-1.0525531914893629,-49.470000000000056,-4.947000000000005,5.784000000000003,57.84000000000003,-2.3137696054800276,-2.8958258429818953,-4.398636633076469,48.93617021276596,5,5,0.9591836734693877,ok
25,20,1,TP_FIJO,0,14:00,47,48.93617021276596,0.7326740698711193,-1.0525531914893629,-49.470000000000056,-4.947000000000005,5.784000000000003,57.84000000000003,-2.3137696054800276,-2.8958258429818953,-4.398636633076469,48.93617021276596,5,5,0.9591836734693877,ok
25,20,1,TP_FIJO,0,15:00,47,48.93617021276596,0.7326740698711193,-1.0525531914893629,-49.470000000000056,-4.947000000000005,5.784000000000003,57.84000000000003,-2.3137696054800276,-2.8958258429818953,-4.398636633076469,48.93617021276596,5,5,0.9591836734693877,ok
25,20,2,TP_FIJO,0,12:00,91,49.45054945054945,0.7528415137712312,-0.9570329670329676,-87.09000000000005,-8.709000000000005,9.298500000000036,92.98500000000035,-3.021467663225197,-3.705502454720023,-4.816813771806496,25.53191489361702,8,4,1.8571428571428572,ok
25,20,2,TP_FIJO,0,14:00,92,48.91304347826087,0.7369364113676136,-1.02929347826087,-94.69500000000005,-9.469500000000005,10.059000000000037,100.59000000000037,-3.3312994609261404,-4.049645235686588,-4.841463934216678,23.404255319148938,8,4,1.8775510204081634,ok
25,20,2,TP_FIJO,0,15:00,92,48.91304347826087,0.7369364113676136,-1.02929347826087,-94.69500000000005,-9.469500000000005,10.059000000000037,100.59000000000037,-3.3312994609261404,-4.049645235686588,-4.841463934216678,23.404255319148938,8,4,1.8775510204081634,ok
25,20,3,TP_FIJO,0,12:00,133,45.86466165413533,0.65369617975077,-1.4323308270676696,-190.50000000000006,-19.050000000000004,20.228999999999996,202.28999999999996,-5.328322689769557,-5.665198273683814,-4.843117730556559,48.93617021276596,12,4,2.7142857142857144,ok
25,20,3,TP_FIJO,0,14:00,135,45.18518518518518,0.6361079417305698,-1.5237777777777786,-205.7100000000001,-20.57100000000001,21.74999999999999,217.4999999999999,-5.838304305273024,-6.1132311878071395,-4.864078817733995,46.808510638297875,12,4,2.7551020408163267,ok
25,20,3,TP_FIJO,0,15:00,135,45.18518518518518,0.6361079417305698,-1.5237777777777786,-205.7100000000001,-20.57100000000001,21.74999999999999,217.4999999999999,-5.838304305273024,-6.1132311878071395,-4.864078817733995,46.808510638297875,12,4,2.7551020408163267,ok
25,30,1,TP_FIJO,0,12:00,47,48.93617021276596,1.032022276366168,0.1468085106382976,6.899999999999988,0.6899999999999987,5.697365148007124,59.55000000000007,0.312172827472996,0.4602536001339446,0.6228443037063675,48.93617021276596,5,5,0.9591836734693877,ok
25,30,1,TP_FIJO,0,14:00,47,48.93617021276596,1.032022276366168,0.1468085106382976,6.899999999999988,0.6899999999999987,5.697365148007124,59.55000000000007,0.312172827472996,0.4602536001339446,0.6228443037063675,48.93617021276596,5,5,0.9591836734693877,ok
25,30,1,TP_FIJO,0,15:00,47,48.93617021276596,1.032022276366168,0.1468085106382976,6.899999999999988,0.6899999999999987,5.697365148007124,59.55000000000007,0.312172827472996,0.4602536001339446,0.6228443037063675,48.93617021276596,5,5,0.9591836734693877,ok
25,30,2,TP_FIJO,0,12:00,91,46.15384615384615,0.9770649925434164,-0.10478021978022022,-9.53500000000004,-0.953500000000004,7.2135000000000105,72.1350000000001,-0.15145376785483367,-0.2096268499701997,-0.6797968095535176,72.3404255319149,8,4,1.8571428571428572,ok
25,30,2,TP_FIJO,0,14:00,92,45.65217391304348,0.9595129268091035,-0.18630434782608737,-17.14000000000004,-1.714000000000004,7.2135000000000105,73.33500000000015,-0.3572917781178076,-0.49399683979161746,-1.2219944746457547,70.2127659574468,8,4,1.8775510204081634,ok
25,30,2,TP_FIJO,0,15:00,92,45.65217391304348,0.9595129268091035,-0.18630434782608737,-17.14000000000004,-1.714000000000004,7.2135000000000105,73.33500000000015,-0.3572917781178076,-0.49399683979161746,-1.2219944746457547,70.2127659574468,8,4,1.8775510204081634,ok
25,30,3,TP_FIJO,0,12:00,132,43.18181818181818,0.8810833355055648,-0.5184090909090916,-68.43000000000009,-6.843000000000009,12.408000000000015,124.08000000000015,-1.5511656420048399,-1.8800791859426738,-2.83628074053606,53.191489361702125,12,4,2.693877551020408,ok
25,30,3,TP_FIJO,0,14:00,134,42.53731343283582,0.8583944942479107,-0.6241791044776127,-83.6400000000001,-8.36400000000001,12.408000000000015,124.08000000000015,-1.9446519278711778,-2.335956857583939,-3.4667035092567002,51.06382978723404,12,4,2.7346938775510203,ok
25,30,3,TP_FIJO,0,15:00,134,42.53731343283582,0.8583944942479107,-0.6241791044776127,-83.6400000000001,-8.36400000000001,12.408000000000015,124.08000000000015,-1.9446519278711778,-2.335956857583939,-3.4667035092567002,51.06382978723404,12,4,2.7346938775510203,ok
25,40,1,TP_FIJO,0,12:00,47,46.808510638297875,1.3600891861761428,1.7868085106382974,83.97999999999998,8.397999999999998,5.029472416373169,55.12000000000012,2.365483993820996,4.186653262528844,8.58732501347707,46.808510638297875,5,5,0.9591836734693877,ok
25,40,1,TP_FIJO,0,14:00,47,46.808510638297875,1.3600891861761428,1.7868085106382974,83.97999999999998,8.397999999999998,5.029472416373169,55.12000000000012,2.365483993820996,4.186653262528844,8.58732501347707,46.808510638297875,5,5,0.9591836734693877,ok
25,40,1,TP_FIJO,0,15:00,47,46.808510638297875,1.3600891861761428,1.7868085106382974,83.97999999999998,8.397999999999998,5.029472416373169,55.12000000000012,2.365483993820996,4.186653262528844,8.58732501347707,46.808510638297875,5,5,0.9591836734693877,ok
25,40,2,TP_FIJO,0,12:00,91,40.65934065934066,1.0427350427350428,0.21785714285714233,19.824999999999953,1.9824999999999955,8.068827029025877,86.19000000000005,0.5529451634781365,0.8115132920545096,1.2635931157078175,65.95744680851064,9,4,1.8571428571428572,ok
25,40,2,TP_FIJO,0,14:00,92,40.21739130434783,1.0120663650075414,0.062173913043477746,5.719999999999953,0.5719999999999953,8.068827029025877,86.19000000000005,0.2402311776784255,0.3483463903374463,0.36457768584356487,65.95744680851064,9,4,1.8775510204081634,ok
25,40,2,TP_FIJO,0,15:00,92,40.21739130434783,1.0120663650075414,0.062173913043477746,5.719999999999953,0.5719999999999953,8.068827029025877,86.19000000000005,0.2402311776784255,0.3483463903374463,0.36457768584356487,65.95744680851064,9,4,1.8775510204081634,ok
25,40,3,TP_FIJO,0,12:00,132,37.878787878787875,0.9460297766749374,-0.25704545454545535,-33.930000000000106,-3.3930000000000105,12.558000000000016,125.58000000000015,-0.5815399408304526,-0.7645511312216922,-1.3895297249334542,44.680851063829785,12,4,2.693877551020408,ok
25,40,3,TP_FIJO,0,14:00,134,37.3134328358209,0.9236826165960018,-0.36671641791044857,-49.14000000000011,-4.91400000000001,12.558000000000016,125.58000000000015,-0.9122906068035329,-1.1900480560119133,-2.0124223602484492,42.5531914893617,12,4,2.7346938775510203,ok
25,40,3,TP_FIJO,0,15:00,134,37.3134328358209,0.9236826165960018,-0.36671641791044857,-49.14000000000011,-4.91400000000001,12.558000000000016,125.58000000000015,-0.9122906068035329,-1.1900480560119133,-2.0124223602484492,42.5531914893617,12,4,2.7346938775510203,ok
25,60,1,TP_FIJO,0,12:00,47,34.04255319148936,1.1765285996055228,1.1235106382978712,52.80499999999995,5.280499999999995,8.21589388384937,94.24000000000001,1.2764641841734055,2.503737978206897,3.305405051085371,34.04255319148936,7,4,0.9591836734693877,ok
25,60,1,TP_FIJO,0,14:00,47,34.04255319148936,1.1765285996055228,1.1235106382978712,52.80499999999995,5.280499999999995,8.21589388384937,94.24000000000001,1.2764641841734055,2.503737978206897,3.305405051085371,34.04255319148936,7,4,0.9591836734693877,ok
25,60,1,TP_FIJO,0,15:00,47,34.04255319148936,1.1765285996055228,1.1235106382978712,52.80499999999995,5.280499999999995,8.21589388384937,94.24000000000001,1.2764641841734055,2.503737978206897,3.305405051085371,34.04255319148936,7,4,0.9591836734693877,ok
25,60,2,TP_FIJO,0,12:00,91,31.868131868131865,1.0884185282694265,0.5591208791208786,50.87999999999995,5.087999999999996,12.589579042334082,147.92000000000007,1.048504969936517,1.6517848343577461,2.0784537000695327,55.319148936170215,11,4,1.8571428571428572,ok
25,60,2,TP_FIJO,0,14:00,92,31.521739130434785,1.069571454186839,0.4428260869565212,40.73999999999995,4.073999999999995,13.452601834987323,158.06000000000006,0.8643266186988446,1.345232426112201,1.5574682323168392,55.319148936170215,11,4,1.8775510204081634,ok
25,60,2,TP_FIJO,0,15:00,92,31.521739130434785,1.069571454186839,0.4428260869565212,40.73999999999995,4.073999999999995,13.452601834987323,158.06000000000006,0.8643266186988446,1.345232426112201,1.5574682323168392,55.319148936170215,11,4,1.8775510204081634,ok
25,60,3,TP_FIJO,0,12:00,132,29.545454545454547,0.9845135462574404,-0.10022727272727351,-13.230000000000103,-1.3230000000000102,15.584544696154337,180.2750000000001,-0.03331117071574414,-0.05000064225875686,-0.4365863830259357,65.95744680851064,12,4,2.693877551020408,ok
25,60,3,TP_FIJO,0,14:00,134,29.1044776119403,0.9672917349526454,-0.21223880597015007,-28.44000000000011,-2.844000000000011,16.89942987062948,195.485,-0.25911187361511234,-0.38339090905503725,-0.8654898908575406,65.95744680851064,12,4,2.7346938775510203,ok
25,60,3,TP_FIJO,0,15:00,134,29.1044776119403,0.9672917349526454,-0.21223880597015007,-28.44000000000011,-2.844000000000011,16.89942987062948,195.485,-0.25911187361511234,-0.38339090905503725,-0.8654898908575406,65.95744680851064,12,4,2.7346938775510203,ok
25,80,1,TP_FIJO,0,12:00,47,29.78723404255319,1.300989275147929,2.077978723404255,97.66499999999998,9.766499999999997,7.451656556032855,88.37999999999988,1.9006934338411472,4.351358024005698,6.740476283095731,29.78723404255319,8,3,0.9591836734693877,ok
25,80,1,TP_FIJO,0,14:00,47,29.78723404255319,1.300989275147929,2.077978723404255,97.66499999999998,9.766499999999997,7.451656556032855,88.37999999999988,1.9006934338411472,4.351358024005698,6.740476283095731,29.78723404255319,8,3,0.9591836734693877,ok
25,80,1,TP_FIJO,0,15:00,47,29.78723404255319,1.300989275147929,2.077978723404255,97.66499999999998,9.766499999999997,7.451656556032855,88.37999999999988,1.9006934338411472,4.351358024005698,6.740476283095731,29.78723404255319,8,3,0.9591836734693877,ok
25,80,2,TP_FIJO,0,12:00,91,28.57142857142857,1.2392795681180604,1.6730769230769227,152.24999999999997,15.224999999999996,13.62679720926645,176.75999999999976,2.3704243255168698,4.269760080628874,5.746031059063143,51.06382978723404,16,3,1.8571428571428572,ok
25,80,2,TP_FIJO,0,14:00,92,28.26086956521739,1.2198398886181692,1.544673913043478,142.10999999999996,14.210999999999995,14.408510966349276,186.89999999999964,2.2190337859998954,3.9549248808837483,5.072359179087373,51.06382978723404,16,3,1.8775510204081634,ok
25,80,2,TP_FIJO,0,15:00,92,28.26086956521739,1.2198398886181692,1.544673913043478,142.10999999999996,14.210999999999995,14.408510966349276,186.89999999999964,2.2190337859998954,3.9549248808837483,5.072359179087373,51.06382978723404,16,3,1.8775510204081634,ok
25,80,3,TP_FIJO,0,12:00,132,25.0,1.0444599778919306,0.3107954545454537,41.02499999999989,4.102499999999989,16.59841347117614,202.8599999999999,0.7514591519390412,1.1175163321708625,1.2711197648624644,61.702127659574465,13,4,2.693877551020408,ok
25,80,3,TP_FIJO,0,14:00,134,24.62686567164179,1.013552204619202,0.09537313432835737,12.779999999999887,1.2779999999999887,18.257763886218306,223.14,0.35708072543720426,0.5213313780947192,0.3599877547727853,61.702127659574465,13,4,2.7346938775510203,ok
25,80,3,TP_FIJO,0,15:00,134,24.62686567164179,1.013552204619202,0.09537313432835737,12.779999999999887,1.2779999999999887,18.257763886218306,223.14,0.35708072543720426,0.5213313780947192,0.3599877547727853,61.702127659574465,13,4,2.7346938775510203,ok
25,100,1,TP_FIJO,0,12:00,47,23.404255319148938,1.143046987564173,1.0878723404255308,51.12999999999995,5.112999999999995,14.08897352698383,172.37999999999988,1.0106174687548122,2.400913566624336,1.866383560240664,23.404255319148938,17,3,0.9591836734693877,ok
25,100,1,TP_FIJO,0,14:00,47,23.404255319148938,1.143046987564173,1.0878723404255308,51.12999999999995,5.112999999999995,14.08897352698383,172.37999999999988,1.0106174687548122,2.400913566624336,1.866383560240664,23.404255319148938,17,3,0.9591836734693877,ok
25,100,1,TP_FIJO,0,15:00,47,23.404255319148938,1.143046987564173,1.0878723404255308,51.12999999999995,5.112999999999995,14.08897352698383,172.37999999999988,1.0106174687548122,2.400913566624336,1.866383560240664,23.404255319148938,17,3,0.9591836734693877,ok
25,100,2,TP_FIJO,0,12:00,91,26.373626373626376,1.3149852246485152,2.4656593406593412,224.37500000000006,22.437500000000004,16.134890488209834,227.8900000000001,2.8080573556708353,5.562416599863684,7.15175955034697,46.808510638297875,16,3,1.8571428571428572,ok
25,100,2,TP_FIJO,0,14:00,92,26.08695652173913,1.2965292916709923,2.3286413043478267,214.23500000000007,21.423500000000008,16.85281487958482,238.02999999999997,2.6893201812818415,5.282875821625986,6.537661559047181,46.808510638297875,16,3,1.8775510204081634,ok
25,100,2,TP_FIJO,0,15:00,92,26.08695652173913,1.2965292916709923,2.3286413043478267,214.23500000000007,21.423500000000008,16.85281487958482,238.02999999999997,2.6893201812818415,5.282875821625986,6.537661559047181,46.808510638297875,16,3,1.8775510204081634,ok
25,100,3,TP_FIJO,0,12:00,131,22.900763358778626,1.1537641845334152,1.145572519083969,150.06999999999994,15.006999999999993,19.207587474477528,254.46499999999946,1.8657519834105556,3.1748169503777164,4.018144248745975,55.319148936170215,18,2,2.673469387755102,ok
25,100,3,TP_FIJO,0,14:00,134,22.388059701492537,1.1217151794074869,0.9118283582089548,122.18499999999995,12.218499999999995,21.312409657197378,282.34999999999945,1.562028812381169,2.6133720127039504,2.9484230554276656,55.319148936170215,20,2,2.7346938775510203,ok
25,100,3,TP_FIJO,0,15:00,134,22.388059701492537,1.1217151794074869,0.9118283582089548,122.18499999999995,12.218499999999995,21.312409657197378,282.34999999999945,1.562028812381169,2.6133720127039504,2.9484230554276656,55.319148936170215,20,2,2.7346938775510203,ok
30,20,1,TP_FIJO,0,12:00,47,55.319148936170215,0.8016003765591906,-0.8071276595744687,-37.93500000000003,-3.793500000000003,4.8471798136120885,48.735000000000014,-1.5938090424505644,-1.9810973261730593,-4.024902999604275,55.319148936170215,4,8,0.9591836734693877,ok
30,20,1,TP_FIJO,0,14:00,47,55.319148936170215,0.8016003765591906,-0.8071276595744687,-37.93500000000003,-3.793500000000003,4.8471798136120885,48.735000000000014,-1.5938090424505644,-1.9810973261730593,-4.024902999604275,55.319148936170215,4,8,0.9591836734693877,ok
30,20,1,TP_FIJO,0,15:00,47,55.319148936170215,0.8016003765591906,-0.8071276595744687,-37.93500000000003,-3.793500000000003,4.8471798136120885,48.735000000000014,-1.5938090424505644,-1.9810973261730593,-4.024902999604275,55.319148936170215,4,8,0.9591836734693877,ok
30,20,2,TP_FIJO,0,12:00,91,53.84615384615385,0.7170068212452514,-1.1420329670329676,-103.92500000000005,-10.392500000000005,11.690499999999997,116.90499999999997,-3.2061339406687264,-3.836295410175263,-4.571844049197459,31.914893617021278,8,8,1.8571428571428572,ok
30,20,2,TP_FIJO,0,14:00,92,53.2608695652174,0.7053481737453287,-1.195597826086957,-109.99500000000006,-10.999500000000006,11.690499999999997,116.90499999999997,-3.4353574727313654,-4.084892148467444,-4.838874055246327,29.78723404255319,8,8,1.8775510204081634,ok
30,20,2,TP_FIJO,0,15:00,92,53.2608695652174,0.7053481737453287,-1.195597826086957,-109.99500000000006,-10.999500000000006,11.690499999999997,116.90499999999997,-3.4353574727313654,-4.084892148467444,-4.838874055246327,29.78723404255319,8,8,1.8775510204081634,ok
30,20,3,TP_FIJO,0,12:00,133,51.8796992481203,0.6300653450239377,-1.2578195488721806,-167.29000000000002,-16.729000000000003,17.51499999999994,175.1499999999994,-5.620408069764915,-5.742443017806273,-4.91206720769954,51.06382978723404,8,6,2.7142857142857144,ok
30,20,3,TP_FIJO,0,14:00,135,51.11111111111111,0.6135930484220047,-1.3291111111111111,-179.43,-17.943,18.72899999999994,187.2899999999994,-6.09247538273288,-6.1441695202989965,-4.927026841491059,48.93617021276596,8,6,2.7551020408163267,ok
30,20,3,TP_FIJO,0,15:00,135,51.11111111111111,0.6135930484220047,-1.3291111111111111,-179.43,-17.943,18.72899999999994,187.2899999999994,-6.09247538273288,-6.1441695202989965,-4.927026841491059,48.93617021276596,8,6,2.7551020408163267,ok
30,30,1,TP_FIJO,0,12:00,47,53.191489361702125,1.110154260895612,0.4694680851063825,22.064999999999976,2.206499999999998,4.353931247203538,45.73500000000013,0.8639453838833877,1.263496614125876,2.6063145331021786,53.191489361702125,4,8,0.9591836734693877,ok
30,30,1,TP_FIJO,0,14:00,47,53.191489361702125,1.110154260895612,0.4694680851063825,22.064999999999976,2.206499999999998,4.353931247203538,45.73500000000013,0.8639453838833877,1.263496614125876,2.6063145331021786,53.191489361702125,4,8,0.9591836734693877,ok
30,30,1,TP_FIJO,0,15:00,47,53.191489361702125,1.110154260895612,0.4694680851063825,22.064999999999976,2.206499999999998,4.353931247203538,45.73500000000013,0.8639453838833877,1.263496614125876,2.6063145331021786,53.191489361702125,4,8,0.9591836734693877,ok
30,30,2,TP_FIJO,0,12:00,91,49.45054945054945,0.9556980159014391,-0.2039010989010994,-18.555000000000046,-1.8555000000000048,9.231000000000005,92.31000000000006,-0.37444203752238736,-0.5202102521284531,-1.0337527276103833,27.659574468085108,8,6,1.8571428571428572,ok
30,30,2,TP_FIJO,0,14:00,92,48.91304347826087,0.9353640155631106,-0.300652173913044,-27.66000000000005,-2.766000000000005,9.231000000000005,92.31000000000006,-0.6145209267164254,-0.8486660375698223,-1.54101861739171,25.53191489361702,8,6,1.8775510204081634,ok
30,30,2,TP_FIJO,0,15:00,92,48.91304347826087,0.9353640155631106,-0.300652173913044,-27.66000000000005,-2.766000000000005,9.231000000000005,92.31000000000006,-0.6145209267164254,-0.8486660375698223,-1.54101861739171,25.53191489361702,8,6,1.8775510204081634,ok
30,30,3,TP_FIJO,0,12:00,132,47.72727272727273,0.8689328023974893,-0.5996969696969702,-79.16000000000007,-7.916000000000007,12.597500000000004,125.97500000000002,-1.614518568255304,-1.9588549311983383,-3.2316616108638354,55.319148936170215,9,4,2.693877551020408,ok
30,30,3,TP_FIJO,0,14:00,134,47.01492537313433,0.8380576283231571,-0.748246268656717,-100.26500000000007,-10.026500000000008,12.597500000000004,125.97500000000002,-2.1110948122830178,-2.5298031722016905,-4.093261134578858,53.191489361702125,9,4,2.7346938775510203,ok
30,30,3,TP_FIJO,0,15:00,134,47.01492537313433,0.8380576283231571,-0.748246268656717,-100.26500000000007,-10.026500000000008,12.597500000000004,125.97500000000002,-2.1110948122830178,-2.5298031722016905,-4.093261134578858,53.191489361702125,9,4,2.7346938775510203,ok
30,40,1,TP_FIJO,0,12:00,47,48.93617021276596,1.2519906644700716,1.17159574468085,55.064999999999955,5.5064999999999955,4.810980617798951,51.83999999999992,1.769615880092545,2.89711203608166,5.886355632440479,48.93617021276596,5,7,0.9591836734693877,ok
30,40,1,TP_FIJO,0,14:00,47,48.93617021276596,1.2519906644700716,1.17159574468085,55.064999999999955,5.5064999999999955,4.810980617798951,51.83999999999992,1.769615880092545,2.89711203608166,5.886355632440479,48.93617021276596,5,7,0.9591836734693877,ok
30,40,1,TP_FIJO,0,15:00,47,48.93617021276596,1.2519906644700716,1.17159574468085,55.064999999999955,5.5064999999999955,4.810980617798951,51.83999999999992,1.769615880092545,2.89711203608166,5.886355632440479,48.93617021276596,5,7,0.9591836734693877,ok
30,40,2,TP_FIJO,0,12:00,91,42.857142857142854,0.9798187808896205,-0.10500000000000047,-9.555000000000042,-0.9555000000000042,8.341500000000007,83.41500000000008,-0.10428765285642246,-0.1470897919711976,-0.5891026793742155,68.08510638297872,9,4,1.8571428571428572,ok
30,40,2,TP_FIJO,0,14:00,92,42.391304347826086,0.9613316340803824,-0.2028260869565222,-18.660000000000043,-1.866000000000004,8.341500000000007,83.41500000000008,-0.31572199655334204,-0.4420600783299496,-1.1504611195314323,68.08510638297872,9,4,1.8775510204081634,ok
30,40,2,TP_FIJO,0,15:00,92,42.391304347826086,0.9613316340803824,-0.2028260869565222,-18.660000000000043,-1.866000000000004,8.341500000000007,83.41500000000008,-0.31572199655334204,-0.4420600783299496,-1.1504611195314323,68.08510638297872,9,4,1.8775510204081634,ok
30,40,3,TP_FIJO,0,12:00,132,41.66666666666667,0.8748381972228751,-0.6446212121212127,-85.09000000000007,-8.509000000000007,11.40100000000001,114.0100000000001,-1.5768965889970141,-1.9684214986978494,-3.838309922688486,48.93617021276596,9,4,2.693877551020408,ok
30,40,3,TP_FIJO,0,14:00,134,41.04477611940299,0.8537602242839378,-0.7551865671641796,-101.19500000000008,-10.119500000000007,11.705500000000029,117.05500000000029,-1.9471026856768032,-2.412665482631063,-4.446041848459508,46.808510638297875,9,4,2.7346938775510203,ok
30,40,3,TP_FIJO,0,15:00,134,41.04477611940299,0.8537602242839378,-0.7551865671641796,-101.19500000000008,-10.119500000000007,11.705500000000029,117.05500000000029,-1.9471026856768032,-2.412665482631063,-4.446041848459508,46.808510638297875,9,4,2.7346938775510203,ok
30,60,1,TP_FIJO,0,12:00,47,36.17021276595745,1.113728720483251,0.6609574468085092,31.06499999999993,3.106499999999993,7.4148737473510336,82.57500000000005,0.8872467524260975,1.614343527371755,2.154626802646938,36.17021276595745,6,5,0.9591836734693877,ok
30,60,1,TP_FIJO,0,14:00,47,36.17021276595745,1.113728720483251,0.6609574468085092,31.06499999999993,3.106499999999993,7.4148737473510336,82.57500000000005,0.8872467524260975,1.614343527371755,2.154626802646938,36.17021276595745,6,5,0.9591836734693877,ok
30,60,1,TP_FIJO,0,15:00,47,36.17021276595745,1.113728720483251,0.6609574468085092,31.06499999999993,3.106499999999993,7.4148737473510336,82.57500000000005,0.8872467524260975,1.614343527371755,2.154626802646938,36.17021276595745,6,5,0.9591836734693877,ok
30,60,2,TP_FIJO,0,12:00,91,32.967032967032964,0.9558520359017288,-0.26945054945054986,-24.520000000000035,-2.4520000000000035,13.3034562368439,146.94000000000005,-0.33763603030102085,-0.49715907164989176,-0.9478954558712018,55.319148936170215,11,4,1.8571428571428572,ok
30,60,2,TP_FIJO,0,14:00,92,32.608695652173914,0.9404350675807331,-0.3654891304347831,-33.62500000000004,-3.3625000000000043,14.127792489984392,156.04500000000007,-0.5082050626079013,-0.7406645366332385,-1.2240310830666985,55.319148936170215,11,4,1.8775510204081634,ok
30,60,2,TP_FIJO,0,15:00,92,32.608695652173914,0.9404350675807331,-0.3654891304347831,-33.62500000000004,-3.3625000000000043,14.127792489984392,156.04500000000007,-0.5082050626079013,-0.7406645366332385,-1.2240310830666985,55.319148936170215,11,4,1.8775510204081634,ok
30,60,3,TP_FIJO,0,12:00,132,31.818181818181817,0.8912876901268147,-0.6448863636363643,-85.12500000000009,-8.512500000000008,15.516156252476701,166.40999999999997,-1.2800654759563133,-1.7736209007086263,-2.8214830217105797,29.78723404255319,12,4,2.693877551020408,ok
30,60,3,TP_FIJO,0,14:00,134,31.343283582089555,0.8668700396514676,-0.7930223880597022,-106.26500000000009,-10.626500000000009,16.93108126378211,181.58499999999992,-1.6223367333719205,-2.2057684867863214,-3.2278252391048703,29.78723404255319,12,4,2.7346938775510203,ok
30,60,3,TP_FIJO,0,15:00,134,31.343283582089555,0.8668700396514676,-0.7930223880597022,-106.26500000000009,-10.626500000000009,16.93108126378211,181.58499999999992,-1.6223367333719205,-2.2057684867863214,-3.2278252391048703,29.78723404255319,12,4,2.7346938775510203,ok
30,80,1,TP_FIJO,0,12:00,47,31.914893617021278,1.2301791598023062,1.4269148936170197,67.06499999999993,6.706499999999993,6.203632080447247,70.57500000000005,1.5518567259024223,3.2559169164302335,5.559738388947917,31.914893617021278,6,3,0.9591836734693877,ok
30,80,1,TP_FIJO,0,14:00,47,31.914893617021278,1.2301791598023062,1.4269148936170197,67.06499999999993,6.706499999999993,6.203632080447247,70.57500000000005,1.5518567259024223,3.2559169164302335,5.559738388947917,31.914893617021278,6,3,0.9591836734693877,ok
30,80,1,TP_FIJO,0,15:00,47,31.914893617021278,1.2301791598023062,1.4269148936170197,67.06499999999993,6.706499999999993,6.203632080447247,70.57500000000005,1.5518567259024223,3.2559169164302335,5.559738388947917,31.914893617021278,6,3,0.9591836734693877,ok
30,80,2,TP_FIJO,0,12:00,91,29.67032967032967,1.1071612438220755,0.6862087912087909,62.444999999999965,6.244499999999997,11.538608961555,135.46499999999992,1.2091012541872388,1.9561609279710073,2.7832272967714378,53.191489361702125,12,3,1.8571428571428572,ok
30,80,2,TP_FIJO,0,14:00,92,29.347826086956523,1.0901279939171205,0.5797826086956518,53.33999999999997,5.333999999999997,12.314152715254911,144.56999999999994,1.0516508135427227,1.685233787788324,2.227680672338659,53.191489361702125,12,3,1.8775510204081634,ok
30,80,2,TP_FIJO,0,15:00,92,29.347826086956523,1.0901279939171205,0.5797826086956518,53.33999999999997,5.333999999999997,12.314152715254911,144.56999999999994,1.0516508135427227,1.685233787788324,2.227680672338659,53.191489361702125,12,3,1.8775510204081634,ok
30,80,3,TP_FIJO,0,12:00,132,27.27272727272727,0.9594515597597911,-0.2601136363636369,-34.335000000000065,-3.4335000000000067,13.697500000000002,149.1450000000001,-0.388669200566834,-0.5438721016607871,-1.289140354079214,63.829787234042556,13,4,2.693877551020408,ok
30,80,3,TP_FIJO,0,14:00,134,26.865671641791046,0.9392525795543218,-0.39212686567164234,-52.54500000000007,-5.254500000000007,15.21381429428556,167.35500000000002,-0.6711849556246335,-0.9247408588247584,-1.776224051012179,63.829787234042556,13,4,2.7346938775510203,ok
30,80,3,TP_FIJO,0,15:00,134,26.865671641791046,0.9392525795543218,-0.39212686567164234,-52.54500000000007,-5.254500000000007,15.21381429428556,167.35500000000002,-0.6711849556246335,-0.9247408588247584,-1.776224051012179,63.829787234042556,13,4,2.7346938775510203,ok
30,100,1,TP_FIJO,0,12:00,47,25.53191489361702,1.1257236996940452,0.8524468085106367,40.06499999999993,4.006499999999993,11.607203562686959,136.57499999999982,0.9148591039523739,2.0364351608667555,1.7751784080960218,25.53191489361702,15,3,0.9591836734693877,ok
30,100,1,TP_FIJO,0,14:00,47,25.53191489361702,1.1257236996940452,0.8524468085106367,40.06499999999993,4.006499999999993,11.607203562686959,136.57499999999982,0.9148591039523739,2.0364351608667555,1.7751784080960218,25.53191489361702,15,3,0.9591836734693877,ok
30,100,1,TP_FIJO,0,15:00,47,25.53191489361702,1.1257236996940452,0.8524468085106367,40.06499999999993,4.006499999999993,11.607203562686959,136.57499999999982,0.9148591039523739,2.0364351608667555,1.7751784080960218,25.53191489361702,15,3,0.9591836734693877,ok
30,100,2,TP_FIJO,0,12:00,91,27.472527472527474,1.208028970190544,1.4708791208791199,133.8499999999999,13.384999999999991,13.639830558195722,174.35999999999967,2.025441888773427,3.6608191901459404,5.046774046308138,48.93617021276596,12,3,1.8571428571428572,ok
30,100,2,TP_FIJO,0,14:00,92,27.173913043478258,1.1911727520018387,1.3559239130434773,124.7449999999999,12.474499999999992,14.352096314288707,183.4649999999997,1.8979158757647931,3.4026961545814074,4.470048836329239,48.93617021276596,13,3,1.8775510204081634,ok
30,100,2,TP_FIJO,0,15:00,92,27.173913043478258,1.1911727520018387,1.3559239130434773,124.7449999999999,12.474499999999992,14.352096314288707,183.4649999999997,1.8979158757647931,3.4026961545814074,4.470048836329239,48.93617021276596,13,3,1.8775510204081634,ok
30,100,3,TP_FIJO,0,12:00,131,24.427480916030532,1.0457279230890746,0.30935114503816713,40.52499999999989,4.0524999999999896,17.151908090642223,203.03999999999996,0.6983997451839474,1.0928693819553215,1.2151084568135735,57.446808510638306,16,2,2.673469387755102,ok
30,100,3,TP_FIJO,0,14:00,134,23.88059701492537,1.0144603107707966,0.0985820895522379,13.20999999999988,1.320999999999988,19.45935671897109,230.35500000000002,0.36409797093024443,0.5606608238044083,0.3491232718443861,57.446808510638306,16,2,2.7346938775510203,ok
30,100,3,TP_FIJO,0,15:00,134,23.88059701492537,1.0144603107707966,0.0985820895522379,13.20999999999988,1.320999999999988,19.45935671897109,230.35500000000002,0.36409797093024443,0.5606608238044083,0.3491232718443861,57.446808510638306,16,2,2.7346938775510203,ok
40,20,1,TP_FIJO,0,12:00,47,65.95744680851064,0.9435408921933089,-0.1551063829787235,-7.290000000000005,-0.7290000000000005,3.579185298019749,36.41999999999996,-0.37281218947004297,-0.4558759299540676,-1.047484984702285,65.95744680851064,3,9,0.9591836734693877,ok
40,20,1,TP_FIJO,0,14:00,47,65.95744680851064,0.9435408921933089,-0.1551063829787235,-7.290000000000005,-0.7290000000000005,3.579185298019749,36.41999999999996,-0.37281218947004297,-0.4558759299540676,-1.047484984702285,65.95744680851064,3,9,0.9591836734693877,ok
40,20,1,TP_FIJO,0,15:00,47,65.95744680851064,0.9435408921933089,-0.1551063829787235,-7.290000000000005,-0.7290000000000005,3.579185298019749,36.41999999999996,-0.37281218947004297,-0.4558759299540676,-1.047484984702285,65.95744680851064,3,9,0.9591836734693877,ok
40,20,2,TP_FIJO,0,12:00,91,65.93406593406593,0.9425590598393095,-0.15791208791208805,-14.370000000000012,-1.4370000000000012,6.996000000000004,69.96000000000004,-0.5354169851078945,-0.7082316392695597,-1.056358735604019,44.680851063829785,4,10,1.8571428571428572,ok
40,20,2,TP_FIJO,0,14:00,92,65.21739130434783,0.913104089219331,-0.243913043478261,-22.440000000000012,-2.244000000000001,6.996000000000004,69.96000000000004,-0.8747055152437698,-1.1504796579812786,-1.6495956873315363,42.5531914893617,4,10,1.8775510204081634,ok
40,20,2,TP_FIJO,0,15:00,92,65.21739130434783,0.913104089219331,-0.243913043478261,-22.440000000000012,-2.244000000000001,6.996000000000004,69.96000000000004,-0.8747055152437698,-1.1504796579812786,-1.6495956873315363,42.5531914893617,4,10,1.8775510204081634,ok
40,20,3,TP_FIJO,0,12:00,133,63.1578947368421,0.8348380244291026,-0.4910526315789475,-65.31000000000002,-6.531000000000002,9.416999999999996,94.16999999999996,-2.1810574527095485,-2.668578356493916,-3.5667410003185758,27.659574468085108,4,9,2.7142857142857144,ok
40,20,3,TP_FIJO,0,14:00,135,62.22222222222222,0.8020992783730594,-0.6033333333333335,-81.45000000000002,-8.145000000000003,9.416999999999996,94.16999999999996,-2.7301891824412663,-3.2872684497777955,-4.448186410594825,25.53191489361702,4,9,2.7551020408163267,ok
40,20,3,TP_FIJO,0,15:00,135,62.22222222222222,0.8020992783730594,-0.6033333333333335,-81.45000000000002,-8.145000000000003,9.416999999999996,94.16999999999996,-2.7301891824412663,-3.2872684497777955,-4.448186410594825,25.53191489361702,4,9,2.7551020408163267,ok
40,30,1,TP_FIJO,0,12:00,47,59.57446808510638,1.0828931063718779,0.2704255319148933,12.709999999999987,1.2709999999999988,3.8700000000000045,38.700000000000045,0.6530885967921043,0.8859181505750733,1.6890365448504947,59.57446808510638,4,9,0.9591836734693877,ok
40,30,1,TP_FIJO,0,14:00,47,59.57446808510638,1.0828931063718779,0.2704255319148933,12.709999999999987,1.2709999999999988,3.8700000000000045,38.700000000000045,0.6530885967921043,0.8859181505750733,1.6890365448504947,59.57446808510638,4,9,0.9591836734693877,ok
40,30,1,TP_FIJO,0,15:00,47,59.57446808510638,1.0828931063718779,0.2704255319148933,12.709999999999987,1.2709999999999988,3.8700000000000045,38.700000000000045,0.6530885967921043,0.8859181505750733,1.6890365448504947,59.57446808510638,4,9,0.9591836734693877,ok
40,30,2,TP_FIJO,0,12:00,91,58.24175824175825,1.0248809756733843,0.08384615384615356,7.629999999999974,0.7629999999999975,6.553999999999996,65.53999999999996,0.3249144482972694,0.45678612220894466,0.5987183399450701,38.297872340425535,5,8,1.8571428571428572,ok
40,30,2,TP_FIJO,0,14:00,92,57.608695652173914,0.9986019762971438,-0.004782608695652458,-0.44000000000002615,-0.04400000000000261,6.553999999999996,65.53999999999996,0.06295134548452325,0.08815550045983721,-0.03452635250011105,36.17021276595745,5,8,1.8775510204081634,ok
40,30,2,TP_FIJO,0,15:00,92,57.608695652173914,0.9986019762971438,-0.004782608695652458,-0.44000000000002615,-0.04400000000000261,6.553999999999996,65.53999999999996,0.06295134548452325,0.08815550045983721,-0.03452635250011105,36.17021276595745,5,8,1.8775510204081634,ok
40,30,3,TP_FIJO,0,12:00,132,56.060606060606055,0.9375293765756527,-0.2215151515151518,-29.240000000000038,-2.9240000000000035,9.616999999999996,96.16999999999996,-0.6862120456449079,-0.8947449745103728,-1.5636595909030166,59.57446808510638,5,9,2.693877551020408,ok
40,30,3,TP_FIJO,0,14:00,134,55.223880597014926,0.9062783973564643,-0.33865671641791073,-45.38000000000004,-4.538000000000004,9.616999999999996,96.16999999999996,-1.1229931257996173,-1.4507907488672696,-2.426774016250987,57.446808510638306,5,9,2.7346938775510203,ok
40,30,3,TP_FIJO,0,15:00,134,55.223880597014926,0.9062783973564643,-0.33865671641791073,-45.38000000000004,-4.538000000000004,9.616999999999996,96.16999999999996,-1.1229931257996173,-1.4507907488672696,-2.426774016250987,57.446808510638306,5,9,2.7346938775510203,ok
40,40,1,TP_FIJO,0,12:00,47,55.319148936170215,1.2166165102968078,0.7810638297872338,36.70999999999999,3.6709999999999985,4.090999999999997,40.90999999999997,1.5526713729142625,2.320128027436471,4.614868875929743,55.319148936170215,4,7,0.9591836734693877,ok
40,40,1,TP_FIJO,0,14:00,47,55.319148936170215,1.2166165102968078,0.7810638297872338,36.70999999999999,3.6709999999999985,4.090999999999997,40.90999999999997,1.5526713729142625,2.320128027436471,4.614868875929743,55.319148936170215,4,7,0.9591836734693877,ok
40,40,1,TP_FIJO,0,15:00,47,55.319148936170215,1.2166165102968078,0.7810638297872338,36.70999999999999,3.6709999999999985,4.090999999999997,40.90999999999997,1.5526713729142625,2.320128027436471,4.614868875929743,55.319148936170215,4,7,0.9591836734693877,ok
40,40,2,TP_FIJO,0,12:00,91,50.54945054945055,1.0044885033732618,0.017912087912087628,1.6299999999999741,0.16299999999999742,6.337589535970103,65.12,0.13329474684744913,0.18929288576632974,0.13227201123200913,27.659574468085108,6,4,1.8571428571428572,ok
40,40,2,TP_FIJO,0,14:00,92,50.0,0.982651796778191,-0.07000000000000028,-6.440000000000026,-0.6440000000000027,6.337589535970103,65.12,-0.10806633632296637,-0.1526130884871039,-0.5225961670761692,25.53191489361702,6,4,1.8775510204081634,ok
40,40,2,TP_FIJO,0,15:00,92,50.0,0.982651796778191,-0.07000000000000028,-6.440000000000026,-0.6440000000000027,6.337589535970103,65.12,-0.10806633632296637,-0.1526130884871039,-0.5225961670761692,25.53191489361702,6,4,1.8775510204081634,ok
40,40,3,TP_FIJO,0,12:00,131,49.61832061068702,0.9677631331906421,-0.1310687022900766,-17.170000000000037,-1.7170000000000036,7.94288091483413,82.10000000000002,-0.34068734031658854,-0.47146840864870176,-1.1117232914564141,46.808510638297875,6,6,2.673469387755102,ok
40,40,3,TP_FIJO,0,14:00,134,48.507462686567166,0.9256864752258314,-0.30880597014925404,-41.38000000000004,-4.1380000000000035,8.791347000377321,90.87000000000012,-0.9673941512749167,-1.3204385151367661,-2.4206919435928875,44.680851063829785,7,6,2.7346938775510203,ok
40,40,3,TP_FIJO,0,15:00,134,48.507462686567166,0.9256864752258314,-0.30880597014925404,-41.38000000000004,-4.1380000000000035,8.791347000377321,90.87000000000012,-0.9673941512749167,-1.3204385151367661,-2.4206919435928875,44.680851063829785,7,6,2.7346938775510203,ok
40,60,1,TP_FIJO,0,12:00,47,40.42553191489361,1.00314214905293,0.01510638297872312,0.7099999999999866,0.07099999999999868,5.749886980108495,61.049999999999955,0.09863202236942163,0.15796553323994078,0.06350435380835268,40.42553191489361,6,5,0.9591836734693877,ok
40,60,1,TP_FIJO,0,14:00,47,40.42553191489361,1.00314214905293,0.01510638297872312,0.7099999999999866,0.07099999999999868,5.749886980108495,61.049999999999955,0.09863202236942163,0.15796553323994078,0.06350435380835268,40.42553191489361,6,5,0.9591836734693877,ok
40,60,1,TP_FIJO,0,15:00,47,40.42553191489361,1.00314214905293,0.01510638297872312,0.7099999999999866,0.07099999999999868,5.749886980108495,61.049999999999955,0.09863202236942163,0.15796553323994078,0.06350435380835268,40.42553191489361,6,5,0.9591836734693877,ok
40,60,2,TP_FIJO,0,12:00,91,41.75824175824176,1.0599237801313977,0.2816483516483514,25.629999999999974,2.5629999999999975,8.561000000000002,85.61000000000001,0.7391321035533063,1.0891201010842326,1.5396732691441237,68.08510638297872,10,4,1.8571428571428572,ok
40,60,2,TP_FIJO,0,14:00,92,41.30434782608695,1.040295561980816,0.190869565217391,17.559999999999974,1.7559999999999976,8.561000000000002,85.61000000000001,0.5353576221428615,0.7792459032897018,1.0548834415205148,68.08510638297872,10,4,1.8775510204081634,ok
40,60,2,TP_FIJO,0,15:00,92,41.30434782608695,1.040295561980816,0.190869565217391,17.559999999999974,1.7559999999999976,8.561000000000002,85.61000000000001,0.5353576221428615,0.7792459032897018,1.0548834415205148,68.08510638297872,10,4,1.8775510204081634,ok
40,60,3,TP_FIJO,0,12:00,130,40.76923076923077,1.0175413186565596,0.08384615384615356,10.899999999999963,1.0899999999999963,11.016999999999996,110.16999999999996,0.3433043255587019,0.5087871386868473,0.5088240252077941,42.5531914893617,8,6,2.6530612244897958,ok
40,60,3,TP_FIJO,0,14:00,134,40.298507462686565,0.9978624535315982,-0.01029850746268685,-1.380000000000038,-0.13800000000000381,11.016999999999996,110.16999999999996,0.09969865690565723,0.14414758162323166,-0.06441992245750255,42.5531914893617,8,6,2.7346938775510203,ok
40,60,3,TP_FIJO,0,15:00,134,40.298507462686565,0.9978624535315982,-0.01029850746268685,-1.380000000000038,-0.13800000000000381,11.016999999999996,110.16999999999996,0.09969865690565723,0.14414758162323166,-0.06441992245750255,42.5531914893617,8,6,2.7346938775510203,ok
40,80,1,TP_FIJO,0,12:00,47,34.04255319148936,1.0188271975056962,0.10021276595744652,4.709999999999987,0.4709999999999987,4.768047582003128,49.049999999999955,0.22263270940573815,0.3934532938118775,0.5080246521508222,34.04255319148936,6,3,0.9591836734693877,ok
40,80,1,TP_FIJO,0,14:00,47,34.04255319148936,1.0188271975056962,0.10021276595744652,4.709999999999987,0.4709999999999987,4.768047582003128,49.049999999999955,0.22263270940573815,0.3934532938118775,0.5080246521508222,34.04255319148936,6,3,0.9591836734693877,ok
40,80,1,TP_FIJO,0,15:00,47,34.04255319148936,1.0188271975056962,0.10021276595744652,4.709999999999987,0.4709999999999987,4.768047582003128,49.049999999999955,0.22263270940573815,0.3934532938118775,0.5080246521508222,34.04255319148936,6,3,0.9591836734693877,ok
40,80,2,TP_FIJO,0,12:00,91,36.26373626373626,1.1231252403538006,0.6332967032967031,57.629999999999974,5.762999999999997,7.95003398713415,80.70000000000005,1.4321830626583227,2.1619637349232823,3.728070315454059,63.829787234042556,10,3,1.8571428571428572,ok
40,80,2,TP_FIJO,0,14:00,92,35.869565217391305,1.104089219330855,0.5386956521739128,49.559999999999974,4.955999999999997,7.95003398713415,80.70000000000005,1.2400032884993608,1.8523598272217183,3.206024029739773,63.829787234042556,10,3,1.8775510204081634,ok
40,80,2,TP_FIJO,0,15:00,92,35.869565217391305,1.104089219330855,0.5386956521739128,49.559999999999974,4.955999999999997,7.95003398713415,80.70000000000005,1.2400032884993608,1.8523598272217183,3.206024029739773,63.829787234042556,10,3,1.8775510204081634,ok
40,80,3,TP_FIJO,0,12:00,130,35.38461538461539,1.0809877854487515,0.42230769230769205,54.89999999999996,5.489999999999997,10.616999999999996,106.16999999999996,1.184520021893132,1.7635426793734974,2.659346869575747,34.04255319148936,8,4,2.6530612244897958,ok
40,80,3,TP_FIJO,0,14:00,134,34.32835820895522,1.0318519770192631,0.16880597014925344,22.619999999999962,2.2619999999999965,10.616999999999996,106.16999999999996,0.5677591553817607,0.815096417808992,1.0957090380656347,31.914893617021278,8,4,2.7346938775510203,ok
40,80,3,TP_FIJO,0,15:00,134,34.32835820895522,1.0318519770192631,0.16880597014925344,22.619999999999962,2.2619999999999965,10.616999999999996,106.16999999999996,0.5677591553817607,0.815096417808992,1.0957090380656347,31.914893617021278,8,4,2.7346938775510203,ok
40,100,1,TP_FIJO,0,12:00,47,29.78723404255319,1.0477263339716874,0.2704255319148933,12.709999999999987,1.2709999999999988,6.364939207618687,68.83999999999992,0.42391104282124903,0.8194378335484012,1.0269652569104344,29.78723404255319,8,3,0.9591836734693877,ok
40,100,1,TP_FIJO,0,14:00,47,29.78723404255319,1.0477263339716874,0.2704255319148933,12.709999999999987,1.2709999999999988,6.364939207618687,68.83999999999992,0.42391104282124903,0.8194378335484012,1.0269652569104344,29.78723404255319,8,3,0.9591836734693877,ok
40,100,1,TP_FIJO,0,15:00,47,29.78723404255319,1.0477263339716874,0.2704255319148933,12.709999999999987,1.2709999999999988,6.364939207618687,68.83999999999992,0.42391104282124903,0.8194378335484012,1.0269652569104344,29.78723404255319,8,3,0.9591836734693877,ok
40,100,2,TP_FIJO,0,12:00,90,33.33333333333333,1.2348203221809164,1.2633333333333332,113.69999999999999,11.37,7.796423499405843,80.69999999999993,2.2939299082886864,3.8811375220295714,7.500142304832719,57.446808510638306,10,3,1.836734693877551,ok
40,100,2,TP_FIJO,0,14:00,92,33.69565217391305,1.2550632782822428,1.3647826086956523,125.56,12.556000000000001,7.796423499405843,80.69999999999993,2.4227969177555684,4.201579511720934,8.282479048327144,57.446808510638306,10,3,1.8775510204081634,ok
40,100,2,TP_FIJO,0,15:00,92,33.69565217391305,1.2550632782822428,1.3647826086956523,125.56,12.556000000000001,7.796423499405843,80.69999999999993,2.4227969177555684,4.201579511720934,8.282479048327144,57.446808510638306,10,3,1.8775510204081634,ok
40,100,3,TP_FIJO,0,12:00,128,32.03125,1.173801246875628,0.9452343749999998,120.98999999999998,12.098999999999998,8.216999999999997,82.16999999999996,2.09339955224673,3.267694172806656,7.572523861680489,70.2127659574468,8,3,2.6122448979591835,ok
40,100,3,TP_FIJO,0,14:00,134,31.343283582089555,1.1365531100218604,0.7505223880597013,100.56999999999996,10.056999999999997,8.216999999999997,82.16999999999996,1.757738366355766,2.6999443716092593,6.29447660772962,70.2127659574468,8,3,2.7346938775510203,ok
40,100,3,TP_FIJO,0,15:00,134,31.343283582089555,1.1365531100218604,0.7505223880597013,100.56999999999996,10.056999999999997,8.216999999999997,82.16999999999996,1.757738366355766,2.6999443716092593,6.29447660772962,70.2127659574468,8,3,2.7346938775510203,ok
50,20,1,TP_FIJO,0,12:00,47,72.3404255319149,0.8672624958622974,-0.2559574468085107,-12.030000000000001,-1.203,3.750874943098111,38.315000000000055,-0.869549653232534,-0.99455229062902,-1.649443726254169,72.3404255319149,3,12,0.9591836734693877,ok
50,20,1,TP_FIJO,0,14:00,47,72.3404255319149,0.8672624958622974,-0.2559574468085107,-12.030000000000001,-1.203,3.750874943098111,38.315000000000055,-0.869549653232534,-0.99455229062902,-1.649443726254169,72.3404255319149,3,12,0.9591836734693877,ok
50,20,1,TP_FIJO,0,15:00,47,72.3404255319149,0.8672624958622974,-0.2559574468085107,-12.030000000000001,-1.203,3.750874943098111,38.315000000000055,-0.869549653232534,-0.99455229062902,-1.649443726254169,72.3404255319149,3,12,0.9591836734693877,ok
50,20,2,TP_FIJO,0,12:00,91,71.42857142857143,0.9106256206554121,-0.1483516483516484,-13.500000000000005,-1.3500000000000005,4.580499999999995,45.80499999999995,-0.7187960840786075,-0.8646509261230999,-1.5157421990737152,55.319148936170215,4,15,1.8571428571428572,ok
50,20,2,TP_FIJO,0,14:00,92,70.65217391304348,0.8812506006342699,-0.20146739130434788,-18.535000000000004,-1.8535000000000004,4.580499999999995,45.80499999999995,-1.0053469989552504,-1.2051537547130677,-2.081057900728245,53.191489361702125,4,15,1.8775510204081634,ok
50,20,2,TP_FIJO,0,15:00,92,70.65217391304348,0.8812506006342699,-0.20146739130434788,-18.535000000000004,-1.8535000000000004,4.580499999999995,45.80499999999995,-1.0053469989552504,-1.2051537547130677,-2.081057900728245,53.191489361702125,4,15,1.8775510204081634,ok
50,20,3,TP_FIJO,0,12:00,133,69.17293233082707,0.8248848966326624,-0.29169172932330834,-38.79500000000001,-3.879500000000001,5.612,56.120000000000005,-2.060997564206962,-2.494031850787454,-3.5551878627431024,38.297872340425535,3,15,2.7142857142857144,ok
50,20,3,TP_FIJO,0,14:00,135,68.88888888888889,0.8152267461105596,-0.3101111111111112,-41.865000000000016,-4.186500000000001,5.612,56.120000000000005,-2.236720292579971,-2.699025660294942,-3.8365237755829353,36.17021276595745,3,15,2.7551020408163267,ok
50,20,3,TP_FIJO,0,15:00,135,68.88888888888889,0.8152267461105596,-0.3101111111111112,-41.865000000000016,-4.186500000000001,5.612,56.120000000000005,-2.236720292579971,-2.699025660294942,-3.8365237755829353,36.17021276595745,3,15,2.7551020408163267,ok
50,30,1,TP_FIJO,0,12:00,47,65.95744680851064,1.0032733826179707,0.009468085106382758,0.4449999999999896,0.044499999999998964,4.2537706487909945,44.41999999999996,0.07173463127988568,0.09007567056385883,0.05380100662507116,65.95744680851064,3,10,0.9591836734693877,ok
50,30,1,TP_FIJO,0,14:00,47,65.95744680851064,1.0032733826179707,0.009468085106382758,0.4449999999999896,0.044499999999998964,4.2537706487909945,44.41999999999996,0.07173463127988568,0.09007567056385883,0.05380100662507116,65.95744680851064,3,10,0.9591836734693877,ok
50,30,1,TP_FIJO,0,15:00,47,65.95744680851064,1.0032733826179707,0.009468085106382758,0.4449999999999896,0.044499999999998964,4.2537706487909945,44.41999999999996,0.07173463127988568,0.09007567056385883,0.05380100662507116,65.95744680851064,3,10,0.9591836734693877,ok
50,30,2,TP_FIJO,0,12:00,91,64.83516483516483,0.9569265143992055,-0.09532967032967053,-8.675000000000018,-0.8675000000000018,4.70875716349743,48.559999999999945,-0.3068993924954628,-0.3879304287670777,-0.9474747617086403,48.93617021276596,5,11,1.8571428571428572,ok
50,30,2,TP_FIJO,0,14:00,92,64.13043478260869,0.933586843316298,-0.14902173913043498,-13.710000000000019,-1.371000000000002,4.70875716349743,48.559999999999945,-0.5220789670980579,-0.6583599275443114,-1.4973923899741155,46.808510638297875,5,11,1.8775510204081634,ok
50,30,2,TP_FIJO,0,15:00,92,64.13043478260869,0.933586843316298,-0.14902173913043498,-13.710000000000019,-1.371000000000002,4.70875716349743,48.559999999999945,-0.5220789670980579,-0.6583599275443114,-1.4973923899741155,46.808510638297875,5,11,1.8775510204081634,ok
50,30,3,TP_FIJO,0,12:00,132,62.878787878787875,0.9150255901000685,-0.21068181818181833,-27.81000000000002,-2.781000000000002,7.139939743694466,74.29499999999996,-0.8349164200762775,-1.0485374138184371,-2.003138153500046,63.829787234042556,5,15,2.693877551020408,ok
50,30,3,TP_FIJO,0,14:00,134,61.940298507462686,0.8877113933806633,-0.28268656716417917,-37.88000000000001,-3.788000000000001,8.10769252946745,84.36500000000001,-1.167514455777246,-1.4584318743941396,-2.402797440373886,61.702127659574465,5,15,2.7346938775510203,ok
50,30,3,TP_FIJO,0,15:00,134,61.940298507462686,0.8877113933806633,-0.28268656716417917,-37.88000000000001,-3.788000000000001,8.10769252946745,84.36500000000001,-1.167514455777246,-1.4584318743941396,-2.402797440373886,61.702127659574465,5,15,2.7346938775510203,ok
50,40,1,TP_FIJO,0,12:00,47,57.446808510638306,0.9843594836146973,-0.04691489361702147,-2.205000000000009,-0.22050000000000092,3.8237541962135,39.52500000000009,-0.06497605804907655,-0.08631114341830731,-0.29656718026565526,57.446808510638306,3,7,0.9591836734693877,ok
50,40,1,TP_FIJO,0,14:00,47,57.446808510638306,0.9843594836146973,-0.04691489361702147,-2.205000000000009,-0.22050000000000092,3.8237541962135,39.52500000000009,-0.06497605804907655,-0.08631114341830731,-0.29656718026565526,57.446808510638306,3,7,0.9591836734693877,ok
50,40,1,TP_FIJO,0,15:00,47,57.446808510638306,0.9843594836146973,-0.04691489361702147,-2.205000000000009,-0.22050000000000092,3.8237541962135,39.52500000000009,-0.06497605804907655,-0.08631114341830731,-0.29656718026565526,57.446808510638306,3,7,0.9591836734693877,ok
50,40,2,TP_FIJO,0,12:00,91,54.94505494505495,0.9127697029881736,-0.21236263736263752,-19.325000000000014,-1.9325000000000012,4.51920886608761,45.629999999999995,-0.8365674583119806,-1.0950733979400966,-2.1991839109608353,34.04255319148936,5,4,1.8571428571428572,ok
50,40,2,TP_FIJO,0,14:00,92,54.347826086956516,0.8924859318106587,-0.26478260869565234,-24.360000000000014,-2.4360000000000013,4.51920886608761,45.629999999999995,-1.076579956884645,-1.4029223795489416,-2.7721666272189367,31.914893617021278,5,4,1.8775510204081634,ok
50,40,2,TP_FIJO,0,15:00,92,54.347826086956516,0.8924859318106587,-0.26478260869565234,-24.360000000000014,-2.4360000000000013,4.51920886608761,45.629999999999995,-1.076579956884645,-1.4029223795489416,-2.7721666272189367,31.914893617021278,5,4,1.8775510204081634,ok
50,40,3,TP_FIJO,0,12:00,131,54.961832061068705,0.9306671481448043,-0.17587786259542001,-23.04000000000002,-2.304000000000002,5.846999999999991,59.22500000000002,-0.8315243695775738,-1.064228965715373,-2.026533753573266,57.446808510638306,5,7,2.673469387755102,ok
50,40,3,TP_FIJO,0,14:00,134,53.73134328358209,0.89020335909503,-0.2846641791044777,-38.14500000000002,-3.814500000000002,6.800939879925943,69.61000000000001,-1.5041067386725755,-1.895804530859179,-2.884517275227288,55.319148936170215,6,7,2.7346938775510203,ok
50,40,3,TP_FIJO,0,15:00,134,53.73134328358209,0.89020335909503,-0.2846641791044777,-38.14500000000002,-3.814500000000002,6.800939879925943,69.61000000000001,-1.5041067386725755,-1.895804530859179,-2.884517275227288,55.319148936170215,6,7,2.7346938775510203,ok
50,60,1,TP_FIJO,0,12:00,47,42.5531914893617,0.7539044867743975,-0.87,-40.89,-4.089,5.668115742471034,57.629999999999995,-2.069794395609499,-2.723540038046017,-3.7100764720755564,42.5531914893617,6,5,0.9591836734693877,ok
50,60,1,TP_FIJO,0,14:00,47,42.5531914893617,0.7539044867743975,-0.87,-40.89,-4.089,5.668115742471034,57.629999999999995,-2.069794395609499,-2.723540038046017,-3.7100764720755564,42.5531914893617,6,5,0.9591836734693877,ok
50,60,1,TP_FIJO,0,15:00,47,42.5531914893617,0.7539044867743975,-0.87,-40.89,-4.089,5.668115742471034,57.629999999999995,-2.069794395609499,-2.723540038046017,-3.7100764720755564,42.5531914893617,6,5,0.9591836734693877,ok
50,60,2,TP_FIJO,0,12:00,91,45.05494505494506,0.914510705761424,-0.26961538461538476,-24.53500000000001,-2.4535000000000013,5.4840000000000035,54.84000000000003,-0.8436499197938291,-1.135439471578837,-2.300875273522976,68.08510638297872,10,4,1.8571428571428572,ok
50,60,2,TP_FIJO,0,14:00,92,44.565217391304344,0.89874327980002,-0.321413043478261,-29.57000000000001,-2.9570000000000007,5.4840000000000035,54.84000000000003,-1.0221875775100848,-1.3638109757093195,-2.7730540793998113,68.08510638297872,10,4,1.8775510204081634,ok
50,60,2,TP_FIJO,0,15:00,92,44.565217391304344,0.89874327980002,-0.321413043478261,-29.57000000000001,-2.9570000000000007,5.4840000000000035,54.84000000000003,-1.0221875775100848,-1.3638109757093195,-2.7730540793998113,68.08510638297872,10,4,1.8775510204081634,ok
50,60,3,TP_FIJO,0,12:00,128,46.09375,0.933827910508791,-0.22124999999999992,-28.31999999999999,-2.831999999999999,6.808500000000003,68.08500000000004,-0.695776325401962,-0.9074778380878609,-2.139174771032007,55.319148936170215,8,7,2.6122448979591835,ok
50,60,3,TP_FIJO,0,14:00,132,45.45454545454545,0.8992354721766905,-0.3190151515151516,-42.11000000000001,-4.211000000000001,7.312,73.12,-1.2436346043209963,-1.5761282319839207,-2.9617849327914976,55.319148936170215,8,7,2.693877551020408,ok
50,60,3,TP_FIJO,0,15:00,132,45.45454545454545,0.8992354721766905,-0.3190151515151516,-42.11000000000001,-4.211000000000001,7.312,73.12,-1.2436346043209963,-1.5761282319839207,-2.9617849327914976,55.319148936170215,8,7,2.693877551020408,ok
50,80,1,TP_FIJO,0,12:00,47,38.297872340425535,0.9087662955059267,-0.4593617021276598,-21.59000000000001,-2.159000000000001,6.311283897655888,65.90999999999997,-0.6260332439355476,-0.9752493298833618,-1.759297910137202,38.297872340425535,6,3,0.9591836734693877,ok
50,80,1,TP_FIJO,0,14:00,47,38.297872340425535,0.9087662955059267,-0.4593617021276598,-21.59000000000001,-2.159000000000001,6.311283897655888,65.90999999999997,-0.6260332439355476,-0.9752493298833618,-1.759297910137202,38.297872340425535,6,3,0.9591836734693877,ok
50,80,1,TP_FIJO,0,15:00,47,38.297872340425535,0.9087662955059267,-0.4593617021276598,-21.59000000000001,-2.159000000000001,6.311283897655888,65.90999999999997,-0.6260332439355476,-0.9752493298833618,-1.759297910137202,38.297872340425535,6,3,0.9591836734693877,ok
50,80,2,TP_FIJO,0,12:00,91,40.65934065934066,0.9170588489270748,-0.3166483516483518,-28.815000000000015,-2.8815000000000013,5.524826055512605,56.29499999999996,-0.7988498275558804,-1.0997322169101442,-2.682282248932797,55.319148936170215,10,4,1.8571428571428572,ok
50,80,2,TP_FIJO,0,14:00,92,40.21739130434783,0.9039580082281164,-0.3679347826086957,-33.85000000000001,-3.3850000000000007,6.015605459458657,61.32999999999993,-0.9482302257379359,-1.296803734875847,-2.8939017935757425,55.319148936170215,10,4,1.8775510204081634,ok
50,80,2,TP_FIJO,0,15:00,92,40.21739130434783,0.9039580082281164,-0.3679347826086957,-33.85000000000001,-3.3850000000000007,6.015605459458657,61.32999999999993,-0.9482302257379359,-1.296803734875847,-2.8939017935757425,55.319148936170215,10,4,1.8775510204081634,ok
50,80,3,TP_FIJO,0,12:00,128,42.1875,1.1698280106481511,0.7949609375000001,101.75500000000001,10.175500000000001,6.508500000000003,69.74999999999977,2.113791325503259,3.2134979199455502,8.040430645639216,51.06382978723404,8,5,2.6122448979591835,ok
50,80,3,TP_FIJO,0,14:00,132,40.909090909090914,0.9691081349472614,-0.13079545454545466,-17.265000000000015,-1.7265000000000017,8.92620081353434,94.47000000000003,-0.28273540657681095,-0.38039013502981667,-0.9947281091502981,46.808510638297875,8,5,2.693877551020408,ok
50,80,3,TP_FIJO,0,15:00,132,40.909090909090914,0.9691081349472614,-0.13079545454545466,-17.265000000000015,-1.7265000000000017,8.92620081353434,94.47000000000003,-0.28273540657681095,-0.38039013502981667,-0.9947281091502981,46.808510638297875,8,5,2.693877551020408,ok
50,100,1,TP_FIJO,0,12:00,47,34.04255319148936,0.8842992668342877,-0.5825531914893618,-27.380000000000006,-2.7380000000000004,6.343314122841217,65.87499999999989,-0.8037766954150868,-1.2987705806566456,-2.2198400685280606,34.04255319148936,8,3,0.9591836734693877,ok
50,100,1,TP_FIJO,0,14:00,47,34.04255319148936,0.8842992668342877,-0.5825531914893618,-27.380000000000006,-2.7380000000000004,6.343314122841217,65.87499999999989,-0.8037766954150868,-1.2987705806566456,-2.2198400685280606,34.04255319148936,8,3,0.9591836734693877,ok
50,100,1,TP_FIJO,0,15:00,47,34.04255319148936,0.8842992668342877,-0.5825531914893618,-27.380000000000006,-2.7380000000000004,6.343314122841217,65.87499999999989,-0.8037766954150868,-1.2987705806566456,-2.2198400685280606,34.04255319148936,8,3,0.9591836734693877,ok
50,100,2,TP_FIJO,0,12:00,90,38.88888888888889,1.2262100082034448,1.164277777777778,104.78500000000003,10.478500000000004,6.389344422318538,65.45500000000004,2.223915433890987,3.6076671785681453,8.434265710138916,61.702127659574465,10,4,1.836734693877551,ok
50,100,2,TP_FIJO,0,14:00,92,39.130434782608695,1.2422299224576892,1.2461413043478264,114.64500000000004,11.464500000000005,6.389344422318538,70.91000000000008,2.3127535739588017,3.8435199565985005,9.227908501587786,61.702127659574465,10,4,1.8775510204081634,ok
50,100,2,TP_FIJO,0,15:00,92,39.130434782608695,1.2422299224576892,1.2461413043478264,114.64500000000004,11.464500000000005,6.389344422318538,70.91000000000008,2.3127535739588017,3.8435199565985005,9.227908501587786,61.702127659574465,10,4,1.8775510204081634,ok
50,100,3,TP_FIJO,0,12:00,125,38.4,1.2626788036410914,1.28472,160.59,16.059,6.100139841058695,71.53999999999996,2.7715778225063343,4.428067431955376,13.538893371141029,51.06382978723404,8,4,2.5510204081632653,ok
50,100,3,TP_FIJO,0,14:00,132,37.121212121212125,1.1859920022765051,0.9407954545454542,124.18499999999996,12.418499999999996,7.270185249912599,84.23999999999978,2.1752290663718816,3.4049244220463186,8.784724079670351,46.808510638297875,8,4,2.693877551020408,ok
50,100,3,TP_FIJO,0,15:00,132,37.121212121212125,1.1859920022765051,0.9407954545454542,124.18499999999996,12.418499999999996,7.270185249912599,84.23999999999978,2.1752290663718816,3.4049244220463186,8.784724079670351,46.808510638297875,8,4,2.693877551020408,ok
10,0,1,TRAILING,15,12:00,47,17.02127659574468,0.7219318004731753,-2.0880851063829784,-98.13999999999999,-9.813999999999998,19.81680858133272,199.79999999999995,-1.532694766307677,-3.474718278982823,-2.5469287747747753,17.02127659574468,18,4,0.9591836734693877,ok
10,0,1,TRAILING,15,14:00,47,17.02127659574468,0.7219318004731753,-2.0880851063829784,-98.13999999999999,-9.813999999999998,19.81680858133272,199.79999999999995,-1.532694766307677,-3.474718278982823,-2.5469287747747753,17.02127659574468,18,4,0.9591836734693877,ok
10,0,1,TRAILING,15,15:00,47,17.02127659574468,0.7219318004731753,-2.0880851063829784,-98.13999999999999,-9.813999999999998,19.81680858133272,199.79999999999995,-1.532694766307677,-3.474718278982823,-2.5469287747747753,17.02127659574468,18,4,0.9591836734693877,ok
10,0,2,TRAILING,15,12:00,91,18.681318681318682,0.6170085405232231,-2.4959890109890117,-227.13500000000008,-22.71350000000001,28.805000000000007,288.05000000000007,-3.7337869253364513,-5.330075344243575,-4.0552781015200745,29.78723404255319,18,2,1.8571428571428572,ok
10,0,2,TRAILING,15,14:00,92,18.478260869565215,0.6095618857238048,-2.547608695652175,-234.38000000000008,-23.43800000000001,28.805000000000007,288.05000000000007,-3.9146510855086314,-5.546082102673927,-4.1846306444813655,29.78723404255319,18,2,1.8775510204081634,ok
10,0,2,TRAILING,15,15:00,92,18.478260869565215,0.6095618857238048,-2.547608695652175,-234.38000000000008,-23.43800000000001,28.805000000000007,288.05000000000007,-3.9146510855086314,-5.546082102673927,-4.1846306444813655,29.78723404255319,18,2,1.8775510204081634,ok
10,0,3,TRAILING,15,12:00,133,21.052631578947366,0.7217041830057387,-1.7155263157894742,-228.16500000000008,-22.81650000000001,30.714500000000022,307.1450000000002,-3.282782725440225,-4.400282293216442,-3.8204105552751946,38.297872340425535,17,2,2.7142857142857144,ok
10,0,3,TRAILING,15,14:00,135,20.74074074074074,0.709170556897244,-1.797444444444445,-242.6550000000001,-24.26550000000001,30.714500000000022,307.1450000000002,-3.575454615986722,-4.7501057038332775,-4.063032118380568,36.17021276595745,17,2,2.7551020408163267,ok
10,0,3,TRAILING,15,15:00,135,20.74074074074074,0.709170556897244,-1.797444444444445,-242.6550000000001,-24.26550000000001,30.714500000000022,307.1450000000002,-3.575454615986722,-4.7501057038332775,-4.063032118380568,36.17021276595745,17,2,2.7551020408163267,ok
10,0,1,TRAILING,25,12:00,47,17.02127659574468,0.697318981834619,-2.2795744680851064,-107.14,-10.714,18.625122119347175,187.78499999999997,-1.8348261211101407,-3.898760171160047,-2.9584005450001714,17.02127659574468,18,4,0.9591836734693877,ok
10,0,1,TRAILING,25,14:00,47,17.02127659574468,0.697318981834619,-2.2795744680851064,-107.14,-10.714,18.625122119347175,187.78499999999997,-1.8348261211101407,-3.898760171160047,-2.9584005450001714,17.02127659574468,18,4,0.9591836734693877,ok
10,0,1,TRAILING,25,15:00,47,17.02127659574468,0.697318981834619,-2.2795744680851064,-107.14,-10.714,18.625122119347175,187.78499999999997,-1.8348261211101407,-3.898760171160047,-2.9584005450001714,17.02127659574468,18,4,0.9591836734693877,ok
10,0,2,TRAILING,25,12:00,91,16.483516483516482,0.508537024476432,-3.2247802197802207,-293.4550000000001,-29.34550000000001,30.843500000000017,308.4350000000002,-5.612403795364566,-7.100968404744871,-4.893080042333531,25.53191489361702,18,2,1.8571428571428572,ok
10,0,2,TRAILING,25,14:00,92,16.304347826086957,0.5024406387027385,-3.2684782608695664,-300.7000000000001,-30.070000000000007,30.843500000000017,308.4350000000002,-5.841580626309115,-7.315093882371122,-5.0138834531007905,25.53191489361702,18,2,1.8775510204081634,ok
10,0,2,TRAILING,25,15:00,92,16.304347826086957,0.5024406387027385,-3.2684782608695664,-300.7000000000001,-30.070000000000007,30.843500000000017,308.4350000000002,-5.841580626309115,-7.315093882371122,-5.0138834531007905,25.53191489361702,18,2,1.8775510204081634,ok
10,0,3,TRAILING,25,12:00,133,19.548872180451127,0.5939439675502308,-2.4274060150375947,-322.8450000000001,-32.28450000000001,34.04400000000001,340.44000000000005,-5.7099277884591695,-6.671225715430553,-4.877058260738204,29.78723404255319,17,1,2.7142857142857144,ok
10,0,3,TRAILING,25,14:00,135,19.25925925925926,0.5848085746660967,-2.4834444444444452,-335.2650000000001,-33.526500000000006,34.04400000000001,340.44000000000005,-6.06318804825118,-7.0049150514951215,-5.064681001057454,27.659574468085108,17,1,2.7551020408163267,ok
10,0,3,TRAILING,25,15:00,135,19.25925925925926,0.5848085746660967,-2.4834444444444452,-335.2650000000001,-33.526500000000006,34.04400000000001,340.44000000000005,-6.06318804825118,-7.0049150514951215,-5.064681001057454,27.659574468085108,17,1,2.7551020408163267,ok
10,0,1,TRAILING,35,12:00,47,17.02127659574468,0.6793618694528709,-2.4289361702127654,-114.15999999999998,-11.415999999999999,16.746095900261352,168.84000000000003,-1.94591264553928,-4.203552098734832,-3.505942966798658,17.02127659574468,18,4,0.9591836734693877,ok
10,0,1,TRAILING,35,14:00,47,17.02127659574468,0.6793618694528709,-2.4289361702127654,-114.15999999999998,-11.415999999999999,16.746095900261352,168.84000000000003,-1.94591264553928,-4.203552098734832,-3.505942966798658,17.02127659574468,18,4,0.9591836734693877,ok
10,0,1,TRAILING,35,15:00,47,17.02127659574468,0.6793618694528709,-2.4289361702127654,-114.15999999999998,-11.415999999999999,16.746095900261352,168.84000000000003,-1.94591264553928,-4.203552098734832,-3.505942966798658,17.02127659574468,18,4,0.9591836734693877,ok
10,0,2,TRAILING,35,12:00,91,15.384615384615385,0.5197587406461945,-3.163021978021979,-287.8350000000001,-28.78350000000001,32.67100000000001,326.71000000000004,-4.666089559500264,-6.751597309260038,-4.530912080175955,23.404255319148938,23,2,1.8571428571428572,ok
10,0,2,TRAILING,35,14:00,92,15.217391304347828,0.5135509396636991,-3.2073913043478273,-295.0800000000001,-29.508000000000013,32.67100000000001,326.71000000000004,-4.826676613875231,-6.954680974421935,-4.644958176102005,21.27659574468085,23,2,1.8775510204081634,ok
10,0,2,TRAILING,35,15:00,92,15.217391304347828,0.5135509396636991,-3.2073913043478273,-295.0800000000001,-29.508000000000013,32.67100000000001,326.71000000000004,-4.826676613875231,-6.954680974421935,-4.644958176102005,21.27659574468085,23,2,1.8775510204081634,ok
10,0,3,TRAILING,35,12:00,133,17.293233082706767,0.5505277696820708,-2.666992481203008,-354.7100000000001,-35.47100000000001,39.16849999999997,391.6849999999997,-5.554186254623672,-7.025188492257327,-4.65737226889684,27.659574468085108,17,1,2.7142857142857144,ok
10,0,3,TRAILING,35,14:00,135,17.037037037037038,0.5419977794134158,-2.719481481481482,-367.13000000000005,-36.71300000000001,39.16849999999997,391.6849999999997,-5.826310416465836,-7.307933315528356,-4.820447918243344,25.53191489361702,17,1,2.7551020408163267,ok
10,0,3,TRAILING,35,15:00,135,17.037037037037038,0.5419977794134158,-2.719481481481482,-367.13000000000005,-36.71300000000001,39.16849999999997,391.6849999999997,-5.826310416465836,-7.307933315528356,-4.820447918243344,25.53191489361702,17,1,2.7551020408163267,ok
10,0,1,TRAILING,50,12:00,47,12.76595744680851,0.4837884322895198,-3.863404255319148,-181.57999999999996,-18.157999999999998,19.605999999999995,196.05999999999995,-4.104396202152482,-7.175973711286145,-4.76303172498215,12.76595744680851,18,2,0.9591836734693877,ok
10,0,1,TRAILING,50,14:00,47,12.76595744680851,0.4837884322895198,-3.863404255319148,-181.57999999999996,-18.157999999999998,19.605999999999995,196.05999999999995,-4.104396202152482,-7.175973711286145,-4.76303172498215,12.76595744680851,18,2,0.9591836734693877,ok
10,0,1,TRAILING,50,15:00,47,12.76595744680851,0.4837884322895198,-3.863404255319148,-181.57999999999996,-18.157999999999998,19.605999999999995,196.05999999999995,-4.104396202152482,-7.175973711286145,-4.76303172498215,12.76595744680851,18,2,0.9591836734693877,ok
10,0,2,TRAILING,50,12:00,91,10.989010989010989,0.47273081576148274,-3.568076923076924,-324.69500000000005,-32.469500000000004,32.7235,327.235,-5.056821848765639,-7.55656536458138,-5.1029382553822185,19.148936170212767,23,2,1.8571428571428572,ok
10,0,2,TRAILING,50,14:00,92,10.869565217391305,0.46801122159433434,-3.59679347826087,-330.90500000000003,-33.0905,33.09049999999999,330.905,-5.181146233729205,-7.701988538053274,-5.142857142857144,19.148936170212767,23,2,1.8775510204081634,ok
10,0,2,TRAILING,50,15:00,92,10.869565217391305,0.46801122159433434,-3.59679347826087,-330.90500000000003,-33.0905,33.09049999999999,330.905,-5.181146233729205,-7.701988538053274,-5.142857142857144,19.148936170212767,23,2,1.8775510204081634,ok
10,0,3,TRAILING,50,12:00,133,14.285714285714285,0.6676371149511646,-2.261766917293233,-300.815,-30.0815,30.081500000000005,300.81500000000005,-3.3934430782100713,-5.154795961396561,-5.1428571428571415,25.53191489361702,17,1,2.7142857142857144,ok
10,0,3,TRAILING,50,14:00,135,14.074074074074074,0.658545622973599,-2.3208148148148147,-313.31,-31.330999999999996,31.331000000000003,313.31000000000006,-3.569569079824002,-5.380778825415171,-5.142857142857142,25.53191489361702,17,1,2.7551020408163267,ok
10,0,3,TRAILING,50,15:00,135,14.074074074074074,0.658545622973599,-2.3208148148148147,-313.31,-31.330999999999996,31.331000000000003,313.31000000000006,-3.569569079824002,-5.380778825415171,-5.142857142857142,25.53191489361702,17,1,2.7551020408163267,ok
15,0,1,TRAILING,15,12:00,47,34.04255319148936,1.2226409945938572,1.3888297872340418,65.27499999999996,6.527499999999995,6.708000000000005,69.07500000000005,1.2202551838894582,3.0736513531293337,5.004472271914126,34.04255319148936,7,5,0.9591836734693877,ok
15,0,1,TRAILING,15,14:00,47,34.04255319148936,1.2226409945938572,1.3888297872340418,65.27499999999996,6.527499999999995,6.708000000000005,69.07500000000005,1.2202551838894582,3.0736513531293337,5.004472271914126,34.04255319148936,7,5,0.9591836734693877,ok
15,0,1,TRAILING,15,15:00,47,34.04255319148936,1.2226409945938572,1.3888297872340418,65.27499999999996,6.527499999999995,6.708000000000005,69.07500000000005,1.2202551838894582,3.0736513531293337,5.004472271914126,34.04255319148936,7,5,0.9591836734693877,ok
15,0,2,TRAILING,15,12:00,91,34.065934065934066,1.0742293193429149,0.4446703296703286,40.464999999999904,4.04649999999999,11.234854061797435,112.93500000000017,0.771906651499652,1.360066514214341,1.8523223634328143,46.808510638297875,8,3,1.8571428571428572,ok
15,0,2,TRAILING,15,14:00,92,33.69565217391305,1.056381856064364,0.3397282608695642,31.254999999999907,3.125499999999991,11.234854061797435,112.93500000000017,0.6365091346899024,1.1200664972943,1.4307261947137668,46.808510638297875,8,3,1.8775510204081634,ok
15,0,2,TRAILING,15,15:00,92,33.69565217391305,1.056381856064364,0.3397282608695642,31.254999999999907,3.125499999999991,11.234854061797435,112.93500000000017,0.6365091346899024,1.1200664972943,1.4307261947137668,46.808510638297875,8,3,1.8775510204081634,ok
15,0,3,TRAILING,15,12:00,133,34.58646616541353,1.0892357313659702,0.5429323308270669,72.20999999999991,7.220999999999991,12.884000000000004,128.84000000000003,1.066170764475914,1.8677142871344248,2.882379030469681,46.808510638297875,8,4,2.7142857142857144,ok
15,0,3,TRAILING,15,14:00,135,34.074074074074076,1.0609954652901732,0.37462962962962904,50.57499999999992,5.057499999999992,12.884000000000004,128.84000000000003,0.8128662048845805,1.4182190698814339,2.018782986650105,44.680851063829785,8,4,2.7551020408163267,ok
15,0,3,TRAILING,15,15:00,135,34.074074074074076,1.0609954652901732,0.37462962962962904,50.57499999999992,5.057499999999992,12.884000000000004,128.84000000000003,0.8128662048845805,1.4182190698814339,2.018782986650105,44.680851063829785,8,4,2.7551020408163267,ok
15,0,1,TRAILING,25,12:00,47,29.78723404255319,1.095969487681682,0.5942553191489353,27.929999999999957,2.7929999999999957,6.918000000000006,69.18000000000006,0.6397761820461948,1.5115720379715127,2.0763226366001684,29.78723404255319,7,4,0.9591836734693877,ok
15,0,1,TRAILING,25,14:00,47,29.78723404255319,1.095969487681682,0.5942553191489353,27.929999999999957,2.7929999999999957,6.918000000000006,69.18000000000006,0.6397761820461948,1.5115720379715127,2.0763226366001684,29.78723404255319,7,4,0.9591836734693877,ok
15,0,1,TRAILING,25,15:00,47,29.78723404255319,1.095969487681682,0.5942553191489353,27.929999999999957,2.7929999999999957,6.918000000000006,69.18000000000006,0.6397761820461948,1.5115720379715127,2.0763226366001684,29.78723404255319,7,4,0.9591836734693877,ok
15,0,2,TRAILING,25,12:00,91,27.472527472527474,0.8448860262208211,-0.9328571428571436,-84.89000000000007,-8.489000000000008,12.913000000000011,129.1300000000001,-1.3683849079471617,-2.0863462614507373,-3.3809118164419028,42.5531914893617,11,3,1.8571428571428572,ok
15,0,2,TRAILING,25,14:00,92,27.173913043478258,0.8309028994492211,-1.0228260869565227,-94.10000000000008,-9.410000000000009,12.913000000000011,129.1300000000001,-1.5481152387551058,-2.3494630935910763,-3.7477182462855825,42.5531914893617,11,3,1.8775510204081634,ok
15,0,2,TRAILING,25,15:00,92,27.173913043478258,0.8309028994492211,-1.0228260869565227,-94.10000000000008,-9.410000000000009,12.913000000000011,129.1300000000001,-1.5481152387551058,-2.3494630935910763,-3.7477182462855825,42.5531914893617,11,3,1.8775510204081634,ok
15,0,3,TRAILING,25,12:00,133,30.075187969924812,0.9048954729551913,-0.5570300751879707,-74.0850000000001,-7.40850000000001,14.216500000000007,142.16500000000008,-0.861377522395674,-1.3151357003868178,-2.680044817139041,42.5531914893617,15,4,2.7142857142857144,ok
15,0,3,TRAILING,25,14:00,135,29.629629629629626,0.8839924505113458,-0.685222222222223,-92.5050000000001,-9.25050000000001,14.216500000000007,142.16500000000008,-1.1353661205665846,-1.7234649522376118,-3.3463932754194086,40.42553191489361,15,4,2.7551020408163267,ok
15,0,3,TRAILING,25,15:00,135,29.629629629629626,0.8839924505113458,-0.685222222222223,-92.5050000000001,-9.25050000000001,14.216500000000007,142.16500000000008,-1.1353661205665846,-1.7234649522376118,-3.3463932754194086,40.42553191489361,15,4,2.7551020408163267,ok
15,0,1,TRAILING,35,12:00,47,29.78723404255319,0.9311917509418995,-0.4429787234042561,-20.820000000000036,-2.082000000000004,7.818000000000007,78.18000000000006,-0.2677884476235114,-0.5925104831830895,-1.369586668128496,29.78723404255319,7,4,0.9591836734693877,ok
15,0,1,TRAILING,35,14:00,47,29.78723404255319,0.9311917509418995,-0.4429787234042561,-20.820000000000036,-2.082000000000004,7.818000000000007,78.18000000000006,-0.2677884476235114,-0.5925104831830895,-1.369586668128496,29.78723404255319,7,4,0.9591836734693877,ok
15,0,1,TRAILING,35,15:00,47,29.78723404255319,0.9311917509418995,-0.4429787234042561,-20.820000000000036,-2.082000000000004,7.818000000000007,78.18000000000006,-0.2677884476235114,-0.5925104831830895,-1.369586668128496,29.78723404255319,7,4,0.9591836734693877,ok
15,0,2,TRAILING,35,12:00,91,27.472527472527474,0.8206250626977831,-1.0807142857142857,-98.345,-9.8345,15.562500000000012,155.6250000000001,-1.5026707737303093,-2.3782458281451144,-3.249955249569705,40.42553191489361,13,3,1.8571428571428572,ok
15,0,2,TRAILING,35,14:00,92,27.173913043478258,0.8092959671907042,-1.152391304347826,-106.02,-10.601999999999999,15.562500000000012,155.6250000000001,-1.6420033551268995,-2.5970068086947298,-3.503586919104988,38.297872340425535,13,3,1.8775510204081634,ok
15,0,2,TRAILING,35,15:00,92,27.173913043478258,0.8092959671907042,-1.152391304347826,-106.02,-10.601999999999999,15.562500000000012,155.6250000000001,-1.6420033551268995,-2.5970068086947298,-3.503586919104988,38.297872340425535,13,3,1.8775510204081634,ok
15,0,3,TRAILING,35,12:00,133,27.819548872180448,0.8215150398694708,-1.0198872180451128,-135.645,-13.564500000000002,15.896500000000028,158.96500000000026,-1.8601180268025828,-2.6820846740188635,-4.388405354278339,40.42553191489361,15,4,2.7142857142857144,ok
15,0,3,TRAILING,35,14:00,135,27.40740740740741,0.8052506674577283,-1.1184814814814816,-150.99500000000003,-15.099500000000004,16.702000000000034,167.02000000000032,-2.1053377055322393,-3.0159706301887645,-4.649417520570667,38.297872340425535,15,4,2.7551020408163267,ok
15,0,3,TRAILING,35,15:00,135,27.40740740740741,0.8052506674577283,-1.1184814814814816,-150.99500000000003,-15.099500000000004,16.702000000000034,167.02000000000032,-2.1053377055322393,-3.0159706301887645,-4.649417520570667,38.297872340425535,15,4,2.7551020408163267,ok
15,0,1,TRAILING,50,12:00,47,23.404255319148938,0.978542413381123,-0.14329787234042604,-6.735000000000024,-0.6735000000000024,9.081000000000007,90.81000000000006,0.03196640095275221,0.07922524662853218,-0.3814243239416689,23.404255319148938,8,2,0.9591836734693877,ok
15,0,1,TRAILING,50,14:00,47,23.404255319148938,0.978542413381123,-0.14329787234042604,-6.735000000000024,-0.6735000000000024,9.081000000000007,90.81000000000006,0.03196640095275221,0.07922524662853218,-0.3814243239416689,23.404255319148938,8,2,0.9591836734693877,ok
15,0,1,TRAILING,50,15:00,47,23.404255319148938,0.978542413381123,-0.14329787234042604,-6.735000000000024,-0.6735000000000024,9.081000000000007,90.81000000000006,0.03196640095275221,0.07922524662853218,-0.3814243239416689,23.404255319148938,8,2,0.9591836734693877,ok
15,0,2,TRAILING,50,12:00,91,21.978021978021978,0.876317426165302,-0.808571428571429,-73.58000000000004,-7.358000000000003,16.00200000000001,160.0200000000001,-0.7974019058558389,-1.4666372582893097,-2.3647758315924787,34.04255319148936,13,3,1.8571428571428572,ok
15,0,2,TRAILING,50,14:00,92,21.73913043478261,0.857594517645501,-0.9351086956521744,-86.03000000000004,-8.603000000000003,16.00200000000001,160.0200000000001,-0.9711827309650661,-1.7735236686885367,-2.7649043869516308,34.04255319148936,13,3,1.8775510204081634,ok
15,0,2,TRAILING,50,15:00,92,21.73913043478261,0.857594517645501,-0.9351086956521744,-86.03000000000004,-8.603000000000003,16.00200000000001,160.0200000000001,-0.9711827309650661,-1.7735236686885367,-2.7649043869516308,34.04255319148936,13,3,1.8775510204081634,ok
15,0,3,TRAILING,50,12:00,133,24.06015037593985,0.9346897253306203,-0.43443609022556456,-57.780000000000086,-5.7780000000000085,15.147500000000013,151.47500000000014,-0.4838797297859094,-0.7912029254819287,-1.9617381463230623,36.17021276595745,15,4,2.7142857142857144,ok
15,0,3,TRAILING,50,14:00,135,23.703703703703706,0.9156258304544244,-0.5644444444444451,-76.20000000000009,-7.620000000000009,15.628925009235328,169.23000000000013,-0.7080871613127488,-1.145668081723019,-2.5074387013447477,36.17021276595745,15,4,2.7551020408163267,ok
15,0,3,TRAILING,50,15:00,135,23.703703703703706,0.9156258304544244,-0.5644444444444451,-76.20000000000009,-7.620000000000009,15.628925009235328,169.23000000000013,-0.7080871613127488,-1.145668081723019,-2.5074387013447477,36.17021276595745,15,4,2.7551020408163267,ok
20,0,1,TRAILING,15,12:00,47,42.5531914893617,1.4156853941756287,2.166914893617022,101.84500000000003,10.184500000000003,5.747737686901177,64.84999999999991,2.1476746848411103,5.032543846181376,9.112703366890644,42.5531914893617,7,5,0.9591836734693877,ok
20,0,1,TRAILING,15,14:00,47,42.5531914893617,1.4156853941756287,2.166914893617022,101.84500000000003,10.184500000000003,5.747737686901177,64.84999999999991,2.1476746848411103,5.032543846181376,9.112703366890644,42.5531914893617,7,5,0.9591836734693877,ok
20,0,1,TRAILING,15,15:00,47,42.5531914893617,1.4156853941756287,2.166914893617022,101.84500000000003,10.184500000000003,5.747737686901177,64.84999999999991,2.1476746848411103,5.032543846181376,9.112703366890644,42.5531914893617,7,5,0.9591836734693877,ok
20,0,2,TRAILING,15,12:00,91,41.75824175824176,1.213989513005929,1.0292307692307694,93.66000000000001,9.366000000000001,6.643499999999994,66.43499999999995,1.8276864952374636,3.3839734286866823,7.250395123052615,51.06382978723404,5,4,1.8571428571428572,ok
20,0,2,TRAILING,15,14:00,92,41.30434782608695,1.186408699147055,0.9074456521739132,83.48500000000001,8.348500000000001,6.643499999999994,66.43499999999995,1.6524048026913722,3.052547666662066,6.462729413282591,48.93617021276596,5,4,1.8775510204081634,ok
20,0,2,TRAILING,15,15:00,92,41.30434782608695,1.186408699147055,0.9074456521739132,83.48500000000001,8.348500000000001,6.643499999999994,66.43499999999995,1.6524048026913722,3.052547666662066,6.462729413282591,48.93617021276596,5,4,1.8775510204081634,ok
20,0,3,TRAILING,15,12:00,133,39.849624060150376,1.119490155471294,0.6030075187969927,80.20000000000002,8.020000000000001,9.8995,98.995,1.3245120530119763,2.266981184446776,4.166444192708147,46.808510638297875,7,4,2.7142857142857144,ok
20,0,3,TRAILING,15,14:00,135,39.25925925925926,1.090488872118253,0.461851851851852,62.35000000000002,6.235000000000002,9.8995,98.995,1.0734237061219973,1.8303653789490175,3.239124631114126,44.680851063829785,7,4,2.7551020408163267,ok
20,0,3,TRAILING,15,15:00,135,39.25925925925926,1.090488872118253,0.461851851851852,62.35000000000002,6.235000000000002,9.8995,98.995,1.0734237061219973,1.8303653789490175,3.239124631114126,44.680851063829785,7,4,2.7551020408163267,ok
20,0,1,TRAILING,25,12:00,47,38.297872340425535,1.2318080835639393,1.2654255319148937,59.47500000000001,5.947500000000001,6.336288000725442,69.875,1.3936224339817023,2.996342192943964,4.827296810631231,38.297872340425535,7,4,0.9591836734693877,ok
20,0,1,TRAILING,25,14:00,47,38.297872340425535,1.2318080835639393,1.2654255319148937,59.47500000000001,5.947500000000001,6.336288000725442,69.875,1.3936224339817023,2.996342192943964,4.827296810631231,38.297872340425535,7,4,0.9591836734693877,ok
20,0,1,TRAILING,25,15:00,47,38.297872340425535,1.2318080835639393,1.2654255319148937,59.47500000000001,5.947500000000001,6.336288000725442,69.875,1.3936224339817023,2.996342192943964,4.827296810631231,38.297872340425535,7,4,0.9591836734693877,ok
20,0,2,TRAILING,25,12:00,91,34.065934065934066,1.0641877502342616,0.33120879120879115,30.139999999999997,3.014,7.443499999999995,79.24999999999989,0.7147244098928881,1.2026535688908042,2.0824305002447017,46.808510638297875,10,3,1.8571428571428572,ok
20,0,2,TRAILING,25,14:00,92,33.69565217391305,1.0416167259007576,0.21701086956521734,19.964999999999996,1.9964999999999997,7.443499999999995,79.24999999999989,0.5181696783572023,0.8694773010630786,1.3794202036292458,44.680851063829785,10,3,1.8775510204081634,ok
20,0,2,TRAILING,25,15:00,92,33.69565217391305,1.0416167259007576,0.21701086956521734,19.964999999999996,1.9964999999999997,7.443499999999995,79.24999999999989,0.5181696783572023,0.8694773010630786,1.3794202036292458,44.680851063829785,10,3,1.8775510204081634,ok
20,0,3,TRAILING,25,12:00,132,34.090909090909086,0.9405868891399438,-0.3107575757575756,-41.01999999999998,-4.101999999999998,11.054231025191156,118.76499999999999,-0.5321649283047761,-0.7905573627041271,-1.9084095448995908,46.808510638297875,14,4,2.693877551020408,ok
20,0,3,TRAILING,25,14:00,134,33.582089552238806,0.9189189189189189,-0.42761194029850735,-57.29999999999998,-5.729999999999999,12.56951651409876,135.04499999999996,-0.8107933873977737,-1.1977461433045071,-2.3444474889322606,44.680851063829785,14,4,2.7346938775510203,ok
20,0,3,TRAILING,25,15:00,134,33.582089552238806,0.9189189189189189,-0.42761194029850735,-57.29999999999998,-5.729999999999999,12.56951651409876,135.04499999999996,-0.8107933873977737,-1.1977461433045071,-2.3444474889322606,44.680851063829785,14,4,2.7346938775510203,ok
20,0,1,TRAILING,35,12:00,47,38.297872340425535,0.9641145075206209,-0.19670212765957487,-9.245000000000019,-0.9245000000000019,6.948557327258915,73.20999999999992,-0.13392150917990955,-0.251678197248096,-0.6842530333482956,38.297872340425535,7,4,0.9591836734693877,ok
20,0,1,TRAILING,35,14:00,47,38.297872340425535,0.9641145075206209,-0.19670212765957487,-9.245000000000019,-0.9245000000000019,6.948557327258915,73.20999999999992,-0.13392150917990955,-0.251678197248096,-0.6842530333482956,38.297872340425535,7,4,0.9591836734693877,ok
20,0,1,TRAILING,35,15:00,47,38.297872340425535,0.9641145075206209,-0.19670212765957487,-9.245000000000019,-0.9245000000000019,6.948557327258915,73.20999999999992,-0.13392150917990955,-0.251678197248096,-0.6842530333482956,38.297872340425535,7,4,0.9591836734693877,ok
20,0,2,TRAILING,35,12:00,91,34.065934065934066,0.9625896787868905,-0.2017032967032966,-18.35499999999999,-1.835499999999999,8.281945954266037,86.09000000000003,-0.19641944568177502,-0.3395632820326915,-1.1397942389194022,46.808510638297875,10,3,1.8571428571428572,ok
20,0,2,TRAILING,35,14:00,92,33.69565217391305,0.9468803881470789,-0.2879891304347825,-26.49499999999999,-2.649499999999999,8.281945954266037,86.09000000000003,-0.34594837057975786,-0.5965207825760764,-1.6452655058659529,44.680851063829785,10,3,1.8775510204081634,ok
20,0,2,TRAILING,35,15:00,92,33.69565217391305,0.9468803881470789,-0.2879891304347825,-26.49499999999999,-2.649499999999999,8.281945954266037,86.09000000000003,-0.34594837057975786,-0.5965207825760764,-1.6452655058659529,44.680851063829785,10,3,1.8775510204081634,ok
20,0,3,TRAILING,35,12:00,132,31.818181818181817,0.8647452551851689,-0.6980681818181823,-92.14500000000007,-9.214500000000006,11.678109516445193,118.55499999999995,-1.3796001979461665,-2.023265850383725,-4.057921967260528,44.680851063829785,14,4,2.693877551020408,ok
20,0,3,TRAILING,35,14:00,134,31.343283582089555,0.8445631137552864,-0.8091417910447767,-108.42500000000007,-10.842500000000006,13.281750214245614,134.83500000000004,-1.6586768474398594,-2.4117499844298433,-4.198349439791492,42.5531914893617,14,4,2.7346938775510203,ok
20,0,3,TRAILING,35,15:00,134,31.343283582089555,0.8445631137552864,-0.8091417910447767,-108.42500000000007,-10.842500000000006,13.281750214245614,134.83500000000004,-1.6586768474398594,-2.4117499844298433,-4.198349439791492,42.5531914893617,14,4,2.7346938775510203,ok
20,0,1,TRAILING,50,12:00,47,29.78723404255319,0.9843100977671363,-0.09202127659574466,-4.324999999999999,-0.4324999999999999,7.842002961865988,84.72500000000014,0.017248817889418348,0.035912107419774804,-0.28363744888926307,29.78723404255319,8,2,0.9591836734693877,ok
20,0,1,TRAILING,50,14:00,47,29.78723404255319,0.9843100977671363,-0.09202127659574466,-4.324999999999999,-0.4324999999999999,7.842002961865988,84.72500000000014,0.017248817889418348,0.035912107419774804,-0.28363744888926307,29.78723404255319,8,2,0.9591836734693877,ok
20,0,1,TRAILING,50,15:00,47,29.78723404255319,0.9843100977671363,-0.09202127659574466,-4.324999999999999,-0.4324999999999999,7.842002961865988,84.72500000000014,0.017248817889418348,0.035912107419774804,-0.28363744888926307,29.78723404255319,8,2,0.9591836734693877,ok
20,0,2,TRAILING,50,12:00,91,27.472527472527474,1.1029514251864243,0.64934065934066,59.09000000000006,5.909000000000006,13.526668186812065,163.13500000000022,0.9627924498253514,1.9881329344334566,2.246609618676906,40.42553191489361,11,3,1.8571428571428572,ok
20,0,2,TRAILING,50,14:00,92,27.173913043478258,1.0855976746379488,0.5425543478260877,49.91500000000006,4.9915000000000065,14.287431852573551,172.31000000000017,0.8431244759792865,1.7313765846007978,1.7967239804505173,40.42553191489361,11,3,1.8775510204081634,ok
20,0,2,TRAILING,50,15:00,92,27.173913043478258,1.0855976746379488,0.5425543478260877,49.91500000000006,4.9915000000000065,14.287431852573551,172.31000000000017,0.8431244759792865,1.7313765846007978,1.7967239804505173,40.42553191489361,11,3,1.8775510204081634,ok
20,0,3,TRAILING,50,12:00,132,27.27272727272727,0.9629531247232999,-0.2377272727272727,-31.379999999999995,-3.138,17.153049383246646,199.54999999999984,-0.17120110026036803,-0.29801829209850084,-0.9408406256935254,34.04255319148936,14,4,2.693877551020408,ok
20,0,3,TRAILING,50,14:00,134,26.865671641791046,0.945670510078086,-0.3497014925373133,-46.859999999999985,-4.685999999999998,18.48368934542484,215.02999999999986,-0.35964798274085114,-0.6208624084750333,-1.3038213378864083,34.04255319148936,14,4,2.7346938775510203,ok
20,0,3,TRAILING,50,15:00,134,26.865671641791046,0.945670510078086,-0.3497014925373133,-46.859999999999985,-4.685999999999998,18.48368934542484,215.02999999999986,-0.35964798274085114,-0.6208624084750333,-1.3038213378864083,34.04255319148936,14,4,2.7346938775510203,ok
25,0,1,TRAILING,15,12:00,47,44.680851063829785,1.0455065765318243,0.22414893617021253,10.53499999999999,1.0534999999999988,6.48444588616374,68.96500000000015,0.3776677591252411,0.6757420084324106,0.8355378539839021,44.680851063829785,7,5,0.9591836734693877,ok
25,0,1,TRAILING,15,14:00,47,44.680851063829785,1.0455065765318243,0.22414893617021253,10.53499999999999,1.0534999999999988,6.48444588616374,68.96500000000015,0.3776677591252411,0.6757420084324106,0.8355378539839021,44.680851063829785,7,5,0.9591836734693877,ok
25,0,1,TRAILING,15,15:00,47,44.680851063829785,1.0455065765318243,0.22414893617021253,10.53499999999999,1.0534999999999988,6.48444588616374,68.96500000000015,0.3776677591252411,0.6757420084324106,0.8355378539839021,44.680851063829785,7,5,0.9591836734693877,ok
25,0,2,TRAILING,15,12:00,91,43.956043956043956,0.9931339207502448,-0.029285714285714647,-2.665000000000033,-0.2665000000000033,5.680633382052585,59.65999999999997,0.032120743134539456,0.05006010509677823,-0.2412708823811151,48.93617021276596,5,4,1.8571428571428572,ok
25,0,2,TRAILING,15,14:00,92,43.47826086956522,0.9740489456594523,-0.11163043478260906,-10.270000000000033,-1.0270000000000032,5.908201497760021,62.049999999999955,-0.16281120548252978,-0.2532501148879284,-0.8939631269713401,46.808510638297875,5,4,1.8775510204081634,ok
25,0,2,TRAILING,15,15:00,92,43.47826086956522,0.9740489456594523,-0.11163043478260906,-10.270000000000033,-1.0270000000000032,5.908201497760021,62.049999999999955,-0.16281120548252978,-0.2532501148879284,-0.8939631269713401,46.808510638297875,5,4,1.8775510204081634,ok
25,0,3,TRAILING,15,12:00,133,41.35338345864661,0.9167544688272051,-0.3445488721804515,-45.825000000000045,-4.582500000000005,8.118000000000006,81.18000000000006,-0.8547429323190735,-1.2407860779249338,-2.90307253721888,42.5531914893617,7,4,2.7142857142857144,ok
25,0,3,TRAILING,15,14:00,135,40.74074074074074,0.8968615045584603,-0.42988888888888926,-58.03500000000005,-5.803500000000005,8.916584438751954,91.72000000000003,-1.1230885831036483,-1.6220304296194754,-3.347309907015141,40.42553191489361,7,4,2.7551020408163267,ok
25,0,3,TRAILING,15,15:00,135,40.74074074074074,0.8968615045584603,-0.42988888888888926,-58.03500000000005,-5.803500000000005,8.916584438751954,91.72000000000003,-1.1230885831036483,-1.6220304296194754,-3.347309907015141,40.42553191489361,7,4,2.7551020408163267,ok
25,0,1,TRAILING,25,12:00,47,40.42553191489361,0.9848965413079594,-0.07446808510638328,-3.500000000000014,-0.3500000000000014,6.713923139572333,70.8950000000001,-0.014452019224438784,-0.025058691783362622,-0.26809958389167154,40.42553191489361,7,4,0.9591836734693877,ok
25,0,1,TRAILING,25,14:00,47,40.42553191489361,0.9848965413079594,-0.07446808510638328,-3.500000000000014,-0.3500000000000014,6.713923139572333,70.8950000000001,-0.014452019224438784,-0.025058691783362622,-0.26809958389167154,40.42553191489361,7,4,0.9591836734693877,ok
25,0,1,TRAILING,25,15:00,47,40.42553191489361,0.9848965413079594,-0.07446808510638328,-3.500000000000014,-0.3500000000000014,6.713923139572333,70.8950000000001,-0.014452019224438784,-0.025058691783362622,-0.26809958389167154,40.42553191489361,7,4,0.9591836734693877,ok
25,0,2,TRAILING,25,12:00,91,36.26373626373626,0.9010442951977949,-0.4201648351648356,-38.23500000000004,-3.823500000000004,6.704396827943662,68.94500000000005,-0.9584387408026838,-1.3972035107966914,-2.932957996125277,46.808510638297875,8,3,1.8571428571428572,ok
25,0,2,TRAILING,25,14:00,92,35.869565217391305,0.8836518693367852,-0.49826086956521787,-45.840000000000046,-4.584000000000005,7.214920917387483,74.19500000000005,-1.1749510570677755,-1.7064642468265747,-3.267514282248517,44.680851063829785,8,3,1.8775510204081634,ok
25,0,2,TRAILING,25,15:00,92,35.869565217391305,0.8836518693367852,-0.49826086956521787,-45.840000000000046,-4.584000000000005,7.214920917387483,74.19500000000005,-1.1749510570677755,-1.7064642468265747,-3.267514282248517,44.680851063829785,8,3,1.8775510204081634,ok
25,0,3,TRAILING,25,12:00,132,35.60606060606061,0.8161385812959102,-0.7622727272727279,-100.62000000000008,-10.062000000000006,10.31400000000001,103.1400000000001,-2.2018412087478896,-2.89386766245648,-5.017202692595361,42.5531914893617,12,4,2.693877551020408,ok
25,0,3,TRAILING,25,14:00,134,35.07462686567165,0.7940690170142404,-0.8644029850746275,-115.83000000000008,-11.583000000000009,11.835000000000013,118.35000000000014,-2.5687992205051646,-3.3440925986293792,-5.033351439435088,40.42553191489361,12,4,2.7346938775510203,ok
25,0,3,TRAILING,25,15:00,134,35.07462686567165,0.7940690170142404,-0.8644029850746275,-115.83000000000008,-11.583000000000009,11.835000000000013,118.35000000000014,-2.5687992205051646,-3.3440925986293792,-5.033351439435088,40.42553191489361,12,4,2.7346938775510203,ok
25,0,1,TRAILING,35,12:00,47,40.42553191489361,0.864703569198029,-0.6222340425531917,-29.245000000000008,-2.9245000000000005,5.944879011623658,60.99000000000001,-0.8595042807952927,-1.456583578170807,-2.529956570163727,40.42553191489361,7,4,0.9591836734693877,ok
25,0,1,TRAILING,35,14:00,47,40.42553191489361,0.864703569198029,-0.6222340425531917,-29.245000000000008,-2.9245000000000005,5.944879011623658,60.99000000000001,-0.8595042807952927,-1.456583578170807,-2.529956570163727,40.42553191489361,7,4,0.9591836734693877,ok
25,0,1,TRAILING,35,15:00,47,40.42553191489361,0.864703569198029,-0.6222340425531917,-29.245000000000008,-2.9245000000000005,5.944879011623658,60.99000000000001,-0.8595042807952927,-1.456583578170807,-2.529956570163727,40.42553191489361,7,4,0.9591836734693877,ok
25,0,2,TRAILING,35,12:00,91,35.16483516483517,0.8637695188119316,-0.5876923076923084,-53.48000000000006,-5.348000000000006,7.310841241356691,73.53500000000008,-1.2318388425813518,-1.93370130840939,-3.762084155844156,48.93617021276596,8,3,1.8571428571428572,ok
25,0,2,TRAILING,35,14:00,92,34.78260869565217,0.8473542825014055,-0.6639673913043486,-61.085000000000065,-6.1085000000000065,8.066929466562616,81.1400000000001,-1.4258272436946988,-2.228174800547121,-3.894312326314307,46.808510638297875,8,3,1.8775510204081634,ok
25,0,2,TRAILING,35,15:00,92,34.78260869565217,0.8473542825014055,-0.6639673913043486,-61.085000000000065,-6.1085000000000065,8.066929466562616,81.1400000000001,-1.4258272436946988,-2.228174800547121,-3.894312326314307,46.808510638297875,8,3,1.8775510204081634,ok
25,0,3,TRAILING,35,12:00,132,32.57575757575758,0.7525897127656853,-1.099204545454546,-145.09500000000008,-14.509500000000008,15.351000000000022,153.51000000000022,-3.033585476321046,-3.9452001156486887,-4.860939724727096,42.5531914893617,12,4,2.693877551020408,ok
25,0,3,TRAILING,35,14:00,134,32.08955223880597,0.733564358904041,-1.1963059701492544,-160.3050000000001,-16.030500000000007,16.872000000000025,168.72000000000025,-3.375280643784593,-4.340092325597992,-4.88635439951229,40.42553191489361,12,4,2.7346938775510203,ok
25,0,3,TRAILING,35,15:00,134,32.08955223880597,0.733564358904041,-1.1963059701492544,-160.3050000000001,-16.030500000000007,16.872000000000025,168.72000000000025,-3.375280643784593,-4.340092325597992,-4.88635439951229,40.42553191489361,12,4,2.7346938775510203,ok
25,0,1,TRAILING,50,12:00,47,34.04255319148936,0.9870047810611008,-0.06563829787234074,-3.085000000000015,-0.30850000000000155,7.641317589946222,82.48000000000002,0.014465536156120796,0.027818548003101934,-0.20763060949840753,34.04255319148936,8,3,0.9591836734693877,ok
25,0,1,TRAILING,50,14:00,47,34.04255319148936,0.9870047810611008,-0.06563829787234074,-3.085000000000015,-0.30850000000000155,7.641317589946222,82.48000000000002,0.014465536156120796,0.027818548003101934,-0.20763060949840753,34.04255319148936,8,3,0.9591836734693877,ok
25,0,1,TRAILING,50,15:00,47,34.04255319148936,0.9870047810611008,-0.06563829787234074,-3.085000000000015,-0.30850000000000155,7.641317589946222,82.48000000000002,0.014465536156120796,0.027818548003101934,-0.20763060949840753,34.04255319148936,8,3,0.9591836734693877,ok
25,0,2,TRAILING,50,12:00,91,31.868131868131865,1.086227592432765,0.4775824175824171,43.45999999999996,4.345999999999996,13.068785746823897,154.91999999999985,0.8564841353055209,1.6299503051984674,1.7102474228173066,42.5531914893617,11,4,1.8571428571428572,ok
25,0,2,TRAILING,50,14:00,92,31.521739130434785,1.0706358596278516,0.3926086956521736,36.11999999999997,3.611999999999997,13.687975569840225,162.26,0.7381190977617388,1.3985327569840722,1.3571035326019958,42.5531914893617,11,4,1.8775510204081634,ok
25,0,2,TRAILING,50,15:00,92,31.521739130434785,1.0706358596278516,0.3926086956521736,36.11999999999997,3.611999999999997,13.687975569840225,162.26,0.7381190977617388,1.3985327569840722,1.3571035326019958,42.5531914893617,11,4,1.8775510204081634,ok
25,0,3,TRAILING,50,12:00,132,30.303030303030305,0.8853412895561074,-0.6434090909090916,-84.93000000000009,-8.49300000000001,17.090768741769963,188.19499999999994,-1.1819856917899134,-1.83346752870248,-2.555665363813373,36.17021276595745,12,4,2.693877551020408,ok
25,0,3,TRAILING,50,14:00,134,29.850746268656714,0.8699441518644785,-0.7316417910447767,-98.04000000000008,-9.804000000000007,18.28134223311993,201.30500000000006,-1.393260640557964,-2.1431730639037943,-2.758034436728916,36.17021276595745,12,4,2.7346938775510203,ok
25,0,3,TRAILING,50,15:00,134,29.850746268656714,0.8699441518644785,-0.7316417910447767,-98.04000000000008,-9.804000000000007,18.28134223311993,201.30500000000006,-1.393260640557964,-2.1431730639037943,-2.758034436728916,36.17021276595745,12,4,2.7346938775510203,ok
30,0,1,TRAILING,15,12:00,47,46.808510638297875,1.160271390878251,0.6785106382978722,31.88999999999999,3.1889999999999987,3.4985588592233094,36.90000000000009,1.00947693307467,1.903875726074285,4.687807777003471,46.808510638297875,4,5,0.9591836734693877,ok
30,0,1,TRAILING,15,14:00,47,46.808510638297875,1.160271390878251,0.6785106382978722,31.88999999999999,3.1889999999999987,3.4985588592233094,36.90000000000009,1.00947693307467,1.903875726074285,4.687807777003471,46.808510638297875,4,5,0.9591836734693877,ok
30,0,1,TRAILING,15,15:00,47,46.808510638297875,1.160271390878251,0.6785106382978722,31.88999999999999,3.1889999999999987,3.4985588592233094,36.90000000000009,1.00947693307467,1.903875726074285,4.687807777003471,46.808510638297875,4,5,0.9591836734693877,ok
30,0,2,TRAILING,15,12:00,91,45.05494505494506,0.9522913748248949,-0.19648351648351706,-17.880000000000052,-1.7880000000000051,6.235500000000002,62.35500000000002,-0.3553738961373059,-0.5335941010287049,-1.474689851884948,48.93617021276596,5,4,1.8571428571428572,ok
30,0,2,TRAILING,15,14:00,92,44.565217391304344,0.9357376017619067,-0.26641304347826156,-24.510000000000062,-2.4510000000000063,6.235500000000002,62.35500000000002,-0.5277469287669538,-0.7900337872665048,-2.021512766761749,46.808510638297875,5,4,1.8775510204081634,ok
30,0,2,TRAILING,15,15:00,92,44.565217391304344,0.9357376017619067,-0.26641304347826156,-24.510000000000062,-2.4510000000000063,6.235500000000002,62.35500000000002,-0.5277469287669538,-0.7900337872665048,-2.021512766761749,46.808510638297875,5,4,1.8775510204081634,ok
30,0,3,TRAILING,15,12:00,133,42.857142857142854,0.8998164245991036,-0.41853383458646654,-55.66500000000005,-5.566500000000005,9.003000000000009,90.03000000000009,-1.042770608737177,-1.4511450241725734,-3.179797210453658,44.680851063829785,7,4,2.7142857142857144,ok
30,0,3,TRAILING,15,14:00,135,42.22222222222222,0.8819824826016776,-0.4955555555555558,-66.90000000000003,-6.690000000000003,9.003000000000009,90.03000000000009,-1.2878632685047764,-1.7844503818002835,-3.82158328176322,42.5531914893617,7,4,2.7551020408163267,ok
30,0,3,TRAILING,15,15:00,135,42.22222222222222,0.8819824826016776,-0.4955555555555558,-66.90000000000003,-6.690000000000003,9.003000000000009,90.03000000000009,-1.2878632685047764,-1.7844503818002835,-3.82158328176322,42.5531914893617,7,4,2.7551020408163267,ok
30,0,1,TRAILING,25,12:00,47,42.5531914893617,1.0177630153801718,0.07851063829787192,3.68999999999998,0.368999999999998,4.408072568465802,45.82499999999993,0.19474129341540664,0.3424039364783772,0.4305088576104728,42.5531914893617,4,4,0.9591836734693877,ok
30,0,1,TRAILING,25,14:00,47,42.5531914893617,1.0177630153801718,0.07851063829787192,3.68999999999998,0.368999999999998,4.408072568465802,45.82499999999993,0.19474129341540664,0.3424039364783772,0.4305088576104728,42.5531914893617,4,4,0.9591836734693877,ok
30,0,1,TRAILING,25,15:00,47,42.5531914893617,1.0177630153801718,0.07851063829787192,3.68999999999998,0.368999999999998,4.408072568465802,45.82499999999993,0.19474129341540664,0.3424039364783772,0.4305088576104728,42.5531914893617,4,4,0.9591836734693877,ok
30,0,2,TRAILING,25,12:00,91,37.362637362637365,0.8438937245809418,-0.6769780219780224,-61.60500000000003,-6.160500000000003,7.021500000000003,70.21500000000003,-1.5653581479993617,-2.174836492101114,-4.512222663045137,46.808510638297875,8,3,1.8571428571428572,ok
30,0,2,TRAILING,25,14:00,92,36.95652173913043,0.8279385441527444,-0.7522826086956524,-69.21000000000002,-6.921000000000002,7.404349296671371,74.42999999999995,-1.7821696649075782,-2.465857002059625,-4.807136030402492,44.680851063829785,8,3,1.8775510204081634,ok
30,0,2,TRAILING,25,15:00,92,36.95652173913043,0.8279385441527444,-0.7522826086956524,-69.21000000000002,-6.921000000000002,7.404349296671371,74.42999999999995,-1.7821696649075782,-2.465857002059625,-4.807136030402492,44.680851063829785,8,3,1.8775510204081634,ok
30,0,3,TRAILING,25,12:00,132,37.121212121212125,0.7646718809270062,-0.9869696969696972,-130.28000000000003,-13.028000000000004,13.196000000000016,131.96000000000015,-2.9165278016971024,-3.6617027006824125,-5.077382756679509,40.42553191489361,11,4,2.693877551020408,ok
30,0,3,TRAILING,25,14:00,134,36.56716417910448,0.7509179600886916,-1.0479104477611942,-140.42000000000002,-14.042000000000002,14.210000000000015,142.10000000000014,-3.1729655458906865,-3.961851943244779,-5.0820548909218815,38.297872340425535,11,4,2.7346938775510203,ok
30,0,3,TRAILING,25,15:00,134,36.56716417910448,0.7509179600886916,-1.0479104477611942,-140.42000000000002,-14.042000000000002,14.210000000000015,142.10000000000014,-3.1729655458906865,-3.961851943244779,-5.0820548909218815,38.297872340425535,11,4,2.7346938775510203,ok
30,0,1,TRAILING,35,12:00,47,42.5531914893617,0.8337367729441869,-0.7672340425531917,-36.06000000000001,-3.6060000000000008,5.130318479510808,51.97500000000002,-1.088685819783093,-1.7816086429009772,-3.6148131799628933,42.5531914893617,4,4,0.9591836734693877,ok
30,0,1,TRAILING,35,14:00,47,42.5531914893617,0.8337367729441869,-0.7672340425531917,-36.06000000000001,-3.6060000000000008,5.130318479510808,51.97500000000002,-1.088685819783093,-1.7816086429009772,-3.6148131799628933,42.5531914893617,4,4,0.9591836734693877,ok
30,0,1,TRAILING,35,15:00,47,42.5531914893617,0.8337367729441869,-0.7672340425531917,-36.06000000000001,-3.6060000000000008,5.130318479510808,51.97500000000002,-1.088685819783093,-1.7816086429009772,-3.6148131799628933,42.5531914893617,4,4,0.9591836734693877,ok
30,0,2,TRAILING,35,12:00,91,36.26373626373626,0.7819087369787098,-1.0249450549450554,-93.27000000000004,-9.327000000000004,10.275000000000013,102.75000000000011,-2.1379266292642773,-3.103804917222909,-4.668362877997911,48.93617021276596,8,3,1.8571428571428572,ok
30,0,2,TRAILING,35,14:00,92,35.869565217391305,0.7741789852639864,-1.0602173913043482,-97.54000000000003,-9.754000000000003,10.70200000000001,107.0200000000001,-2.242075973951427,-3.2463930478055483,-4.687294764663478,46.808510638297875,8,3,1.8775510204081634,ok
30,0,2,TRAILING,35,15:00,92,35.869565217391305,0.7741789852639864,-1.0602173913043482,-97.54000000000003,-9.754000000000003,10.70200000000001,107.0200000000001,-2.242075973951427,-3.2463930478055483,-4.687294764663478,46.808510638297875,8,3,1.8775510204081634,ok
30,0,3,TRAILING,35,12:00,132,34.090909090909086,0.6841993559043635,-1.296325757575758,-171.11500000000007,-17.111500000000007,17.672500000000003,176.72500000000002,-3.835159379133145,-4.831942144230935,-4.979601075116708,36.17021276595745,12,4,2.693877551020408,ok
30,0,3,TRAILING,35,14:00,134,33.582089552238806,0.6724223929190055,-1.347798507462687,-180.60500000000008,-18.060500000000008,18.6215,186.21500000000003,-4.074873421152495,-5.100934023802878,-4.9879210283044575,34.04255319148936,12,4,2.7346938775510203,ok
30,0,3,TRAILING,35,15:00,134,33.582089552238806,0.6724223929190055,-1.347798507462687,-180.60500000000008,-18.060500000000008,18.6215,186.21500000000003,-4.074873421152495,-5.100934023802878,-4.9879210283044575,34.04255319148936,12,4,2.7346938775510203,ok
30,0,1,TRAILING,50,12:00,47,36.17021276595745,1.0693143245078072,0.32585106382978674,15.314999999999976,1.5314999999999976,5.717854191235868,61.57499999999993,0.5012684134153003,0.9770581681324919,1.3774897804071684,36.17021276595745,6,3,0.9591836734693877,ok
30,0,1,TRAILING,50,14:00,47,36.17021276595745,1.0693143245078072,0.32585106382978674,15.314999999999976,1.5314999999999976,5.717854191235868,61.57499999999993,0.5012684134153003,0.9770581681324919,1.3774897804071684,36.17021276595745,6,3,0.9591836734693877,ok
30,0,1,TRAILING,50,15:00,47,36.17021276595745,1.0693143245078072,0.32585106382978674,15.314999999999976,1.5314999999999976,5.717854191235868,61.57499999999993,0.5012684134153003,0.9770581681324919,1.3774897804071684,36.17021276595745,6,3,0.9591836734693877,ok
30,0,2,TRAILING,50,12:00,91,32.967032967032964,1.0276033913662543,0.14060439560439492,12.794999999999938,1.2794999999999939,10.115908653049155,112.88999999999999,0.3653833798289902,0.6592030247550372,0.6504888428685287,42.5531914893617,11,4,1.8571428571428572,ok
30,0,2,TRAILING,50,14:00,92,32.608695652173914,1.015542550129521,0.07923913043478187,7.289999999999932,0.7289999999999932,10.609203693664227,118.39499999999998,0.26906060271916005,0.48412620944820783,0.3533858869522691,42.5531914893617,11,4,1.8775510204081634,ok
30,0,2,TRAILING,50,15:00,92,32.608695652173914,1.015542550129521,0.07923913043478187,7.289999999999932,0.7289999999999932,10.609203693664227,118.39499999999998,0.26906060271916005,0.48412620944820783,0.3533858869522691,42.5531914893617,11,4,1.8775510204081634,ok
30,0,3,TRAILING,50,12:00,132,32.57575757575758,0.9266037556000379,-0.3791666666666672,-50.05000000000007,-5.005000000000007,13.760000000000003,137.60000000000002,-0.5982336886119404,-0.9293357045949348,-1.8706395348837233,42.5531914893617,12,4,2.693877551020408,ok
30,0,3,TRAILING,50,14:00,134,32.08955223880597,0.9071677254944185,-0.48253731343283635,-64.66000000000007,-6.466000000000006,13.760000000000003,137.60000000000002,-0.8230174765988046,-1.2674360741609416,-2.41669435215947,42.5531914893617,12,4,2.7346938775510203,ok
30,0,3,TRAILING,50,15:00,134,32.08955223880597,0.9071677254944185,-0.48253731343283635,-64.66000000000007,-6.466000000000006,13.760000000000003,137.60000000000002,-0.8230174765988046,-1.2674360741609416,-2.41669435215947,42.5531914893617,12,4,2.7346938775510203,ok
40,0,1,TRAILING,15,12:00,47,48.93617021276596,1.0996385460001363,0.31085106382978717,14.609999999999996,1.4609999999999996,3.035577525586575,30.519999999999982,0.6622118497748338,1.1331504325926922,2.4752173918741813,48.93617021276596,4,5,0.9591836734693877,ok
40,0,1,TRAILING,15,14:00,47,48.93617021276596,1.0996385460001363,0.31085106382978717,14.609999999999996,1.4609999999999996,3.035577525586575,30.519999999999982,0.6622118497748338,1.1331504325926922,2.4752173918741813,48.93617021276596,4,5,0.9591836734693877,ok
40,0,1,TRAILING,15,15:00,47,48.93617021276596,1.0996385460001363,0.31085106382978717,14.609999999999996,1.4609999999999996,3.035577525586575,30.519999999999982,0.6622118497748338,1.1331504325926922,2.4752173918741813,48.93617021276596,4,5,0.9591836734693877,ok
40,0,2,TRAILING,15,12:00,91,48.35164835164835,0.9927290174946481,-0.021648351648351775,-1.9700000000000115,-0.19700000000000117,5.39083557951482,54.799999999999955,0.0035283732529567263,0.005174912300687611,-0.18793800000000127,51.06382978723404,5,4,1.8571428571428572,ok
40,0,2,TRAILING,15,14:00,92,47.82608695652174,0.9767940151074955,-0.06945652173913058,-6.390000000000014,-0.6390000000000013,5.39083557951482,54.799999999999955,-0.15157061901138358,-0.22182316849835518,-0.6096060000000018,48.93617021276596,5,4,1.8775510204081634,ok
40,0,2,TRAILING,15,15:00,92,47.82608695652174,0.9767940151074955,-0.06945652173913058,-6.390000000000014,-0.6390000000000013,5.39083557951482,54.799999999999955,-0.15157061901138358,-0.22182316849835518,-0.6096060000000018,48.93617021276596,5,4,1.8775510204081634,ok
40,0,3,TRAILING,15,12:00,133,45.86466165413533,0.952001867026242,-0.13917293233082714,-18.51000000000001,-1.8510000000000009,5.666999999999995,56.66999999999996,-0.46494119007566725,-0.6684503307822122,-1.6798003478786985,46.808510638297875,4,6,2.7142857142857144,ok
40,0,3,TRAILING,15,14:00,135,45.18518518518518,0.9338641161956603,-0.1925925925925927,-26.000000000000014,-2.6000000000000014,5.666999999999995,56.66999999999996,-0.691058734653305,-0.9902757093317069,-2.3595250699538717,44.680851063829785,6,6,2.7551020408163267,ok
40,0,3,TRAILING,15,15:00,135,45.18518518518518,0.9338641161956603,-0.1925925925925927,-26.000000000000014,-2.6000000000000014,5.666999999999995,56.66999999999996,-0.691058734653305,-0.9902757093317069,-2.3595250699538717,44.680851063829785,6,6,2.7551020408163267,ok
40,0,1,TRAILING,25,12:00,47,44.680851063829785,0.9725191841017904,-0.08914893617021281,-4.190000000000002,-0.4190000000000002,3.5288498094226073,36.19999999999993,-0.12451413615121922,-0.20045447130080282,-0.6106400836621956,44.680851063829785,4,4,0.9591836734693877,ok
40,0,1,TRAILING,25,14:00,47,44.680851063829785,0.9725191841017904,-0.08914893617021281,-4.190000000000002,-0.4190000000000002,3.5288498094226073,36.19999999999993,-0.12451413615121922,-0.20045447130080282,-0.6106400836621956,44.680851063829785,4,4,0.9591836734693877,ok
40,0,1,TRAILING,25,15:00,47,44.680851063829785,0.9725191841017904,-0.08914893617021281,-4.190000000000002,-0.4190000000000002,3.5288498094226073,36.19999999999993,-0.12451413615121922,-0.20045447130080282,-0.6106400836621956,44.680851063829785,4,4,0.9591836734693877,ok
40,0,2,TRAILING,25,12:00,91,40.65934065934066,0.8904919417270742,-0.34197802197802196,-31.12,-3.112,5.140815801452682,51.94999999999993,-1.069142497459168,-1.4655431659209222,-3.113235728860172,48.93617021276596,7,4,1.8571428571428572,ok
40,0,2,TRAILING,25,14:00,92,40.21739130434783,0.8748833189282625,-0.3933695652173913,-36.19,-3.6189999999999998,5.140815801452682,51.94999999999993,-1.2603958203432188,-1.7227090022781288,-3.6204370510105917,46.808510638297875,7,4,1.8775510204081634,ok
40,0,2,TRAILING,25,15:00,92,40.21739130434783,0.8748833189282625,-0.3933695652173913,-36.19,-3.6189999999999998,5.140815801452682,51.94999999999993,-1.2603958203432188,-1.7227090022781288,-3.6204370510105917,46.808510638297875,7,4,1.8775510204081634,ok
40,0,3,TRAILING,25,12:00,132,40.15151515151515,0.8202474247128985,-0.5525757575757577,-72.94000000000001,-7.294000000000002,7.462000000000001,74.62,-2.199283716739419,-2.8293013285191386,-5.027070490485126,42.5531914893617,6,6,2.693877551020408,ok
40,0,3,TRAILING,25,14:00,134,39.55223880597015,0.8002500480861702,-0.6200000000000001,-83.08000000000001,-8.308000000000002,8.475999999999999,84.75999999999999,-2.527667493146311,-3.2274975992174,-5.040922267916134,40.42553191489361,7,6,2.7346938775510203,ok
40,0,3,TRAILING,25,15:00,134,39.55223880597015,0.8002500480861702,-0.6200000000000001,-83.08000000000001,-8.308000000000002,8.475999999999999,84.75999999999999,-2.527667493146311,-3.2274975992174,-5.040922267916134,40.42553191489361,7,6,2.7346938775510203,ok
40,0,1,TRAILING,35,12:00,47,44.680851063829785,0.7946473236618309,-0.6987234042553194,-32.84000000000001,-3.2840000000000007,4.134487482380033,41.64999999999998,-1.4351628789806476,-2.1591085356094144,-4.084942312467848,44.680851063829785,4,4,0.9591836734693877,ok
40,0,1,TRAILING,35,14:00,47,44.680851063829785,0.7946473236618309,-0.6987234042553194,-32.84000000000001,-3.2840000000000007,4.134487482380033,41.64999999999998,-1.4351628789806476,-2.1591085356094144,-4.084942312467848,44.680851063829785,4,4,0.9591836734693877,ok
40,0,1,TRAILING,35,15:00,47,44.680851063829785,0.7946473236618309,-0.6987234042553194,-32.84000000000001,-3.2840000000000007,4.134487482380033,41.64999999999998,-1.4351628789806476,-2.1591085356094144,-4.084942312467848,44.680851063829785,4,4,0.9591836734693877,ok
40,0,2,TRAILING,35,12:00,91,39.56043956043956,0.8217222402071869,-0.6051648351648352,-55.07000000000001,-5.507000000000001,7.691017278639017,77.93999999999994,-1.7712765341392454,-2.482149326498364,-3.6824406004618973,53.191489361702125,7,4,1.8571428571428572,ok
40,0,2,TRAILING,35,14:00,92,39.130434782608695,0.8089683526149727,-0.6515217391304349,-59.94000000000001,-5.9940000000000015,8.171582510188582,82.81000000000006,-1.9394074704761255,-2.7097566523835646,-3.772376485931648,51.06382978723404,7,4,1.8775510204081634,ok
40,0,2,TRAILING,35,15:00,92,39.130434782608695,0.8089683526149727,-0.6515217391304349,-59.94000000000001,-5.9940000000000015,8.171582510188582,82.81000000000006,-1.9394074704761255,-2.7097566523835646,-3.772376485931648,51.06382978723404,7,4,1.8775510204081634,ok
40,0,3,TRAILING,35,12:00,132,37.121212121212125,0.7619164839099494,-0.8059848484848486,-106.39000000000001,-10.639000000000001,11.200000000000001,112.0,-2.86039170489683,-3.749951080355638,-4.885255102040817,42.5531914893617,9,6,2.693877551020408,ok
40,0,3,TRAILING,35,14:00,134,36.56716417910448,0.746072093787663,-0.8647761194029855,-115.88000000000005,-11.588000000000005,12.149000000000001,121.49000000000001,-3.132522007297028,-4.075910835171636,-4.90537727972908,40.42553191489361,9,6,2.7346938775510203,ok
40,0,3,TRAILING,35,15:00,134,36.56716417910448,0.746072093787663,-0.8647761194029855,-115.88000000000005,-11.588000000000005,12.149000000000001,121.49000000000001,-3.132522007297028,-4.075910835171636,-4.90537727972908,40.42553191489361,9,6,2.7346938775510203,ok
40,0,1,TRAILING,50,12:00,47,40.42553191489361,1.0742108177958278,0.2565957446808509,12.059999999999992,1.205999999999999,4.296000000000004,42.960000000000036,0.5145860886350762,0.9187849675615488,1.4437350359138044,40.42553191489361,6,4,0.9591836734693877,ok
40,0,1,TRAILING,50,14:00,47,40.42553191489361,1.0742108177958278,0.2565957446808509,12.059999999999992,1.205999999999999,4.296000000000004,42.960000000000036,0.5145860886350762,0.9187849675615488,1.4437350359138044,40.42553191489361,6,4,0.9591836734693877,ok
40,0,1,TRAILING,50,15:00,47,40.42553191489361,1.0742108177958278,0.2565957446808509,12.059999999999992,1.205999999999999,4.296000000000004,42.960000000000036,0.5145860886350762,0.9187849675615488,1.4437350359138044,40.42553191489361,6,4,0.9591836734693877,ok
40,0,2,TRAILING,50,12:00,91,39.56043956043956,1.105050811466707,0.3805494505494505,34.629999999999995,3.462999999999999,6.721000000000004,67.21000000000004,0.9544970311656142,1.6570404909097656,2.64986077752035,42.5531914893617,10,4,1.8571428571428572,ok
40,0,2,TRAILING,50,14:00,92,39.130434782608695,1.0928837153486137,0.33652173913043465,30.95999999999999,3.095999999999999,6.721000000000004,67.21000000000004,0.8643252888942824,1.4979352500384582,2.369035220099048,42.5531914893617,10,4,1.8775510204081634,ok
40,0,2,TRAILING,50,15:00,92,39.130434782608695,1.0928837153486137,0.33652173913043465,30.95999999999999,3.095999999999999,6.721000000000004,67.21000000000004,0.8643252888942824,1.4979352500384582,2.369035220099048,42.5531914893617,10,4,1.8775510204081634,ok
40,0,3,TRAILING,50,12:00,131,38.93129770992366,1.0148775325068038,0.056335877862595196,7.379999999999971,0.7379999999999971,10.027,100.26999999999998,0.2727647416737375,0.4424879755224957,0.37852085084557263,40.42553191489361,8,6,2.673469387755102,ok
40,0,3,TRAILING,50,14:00,134,38.059701492537314,0.9761881677687073,-0.09164179104477631,-12.280000000000026,-1.2280000000000024,10.027,100.26999999999998,-0.13019120644409163,-0.2066236962568948,-0.6298422829788156,40.42553191489361,8,6,2.7346938775510203,ok
40,0,3,TRAILING,50,15:00,134,38.059701492537314,0.9761881677687073,-0.09164179104477631,-12.280000000000026,-1.2280000000000024,10.027,100.26999999999998,-0.13019120644409163,-0.2066236962568948,-0.6298422829788156,40.42553191489361,8,6,2.7346938775510203,ok
50,0,1,TRAILING,15,12:00,47,53.191489361702125,0.9542412338134728,-0.1338297872340425,-6.289999999999998,-0.6289999999999998,3.5227918222291246,36.27999999999997,-0.2508859156706855,-0.3630529660670138,-0.9182652016065527,53.191489361702125,4,5,0.9591836734693877,ok
50,0,1,TRAILING,15,14:00,47,53.191489361702125,0.9542412338134728,-0.1338297872340425,-6.289999999999998,-0.6289999999999998,3.5227918222291246,36.27999999999997,-0.2508859156706855,-0.3630529660670138,-0.9182652016065527,53.191489361702125,4,5,0.9591836734693877,ok
50,0,1,TRAILING,15,15:00,47,53.191489361702125,0.9542412338134728,-0.1338297872340425,-6.289999999999998,-0.6289999999999998,3.5227918222291246,36.27999999999997,-0.2508859156706855,-0.3630529660670138,-0.9182652016065527,53.191489361702125,4,5,0.9591836734693877,ok
50,0,2,TRAILING,15,12:00,91,50.54945054945055,0.8984873854187357,-0.19653846153846155,-17.885,-1.7885000000000002,3.9535237609036047,40.26999999999998,-0.8459125534899226,-1.16106900824673,-2.3265321157188987,53.191489361702125,5,4,1.8571428571428572,ok
50,0,2,TRAILING,15,14:00,92,50.0,0.8873567084279265,-0.21842391304347825,-20.095,-2.0094999999999996,3.9535237609036047,40.26999999999998,-0.9592587662913616,-1.3146980577960379,-2.6140152566604,51.06382978723404,5,4,1.8775510204081634,ok
50,0,2,TRAILING,15,15:00,92,50.0,0.8873567084279265,-0.21842391304347825,-20.095,-2.0094999999999996,3.9535237609036047,40.26999999999998,-0.9592587662913616,-1.3146980577960379,-2.6140152566604,51.06382978723404,5,4,1.8775510204081634,ok
50,0,3,TRAILING,15,12:00,133,47.368421052631575,0.8680752212389378,-0.22417293233082713,-29.81500000000001,-2.981500000000001,3.644321401363325,36.59500000000003,-1.4673356468260523,-1.924441419418398,-4.207485257939216,46.808510638297875,4,6,2.7142857142857144,ok
50,0,3,TRAILING,15,14:00,135,46.666666666666664,0.8539250038085702,-0.24859259259259267,-33.56000000000001,-3.3560000000000008,3.924155890715169,39.40499999999997,-1.6636306786818846,-2.175556011770515,-4.398252529229434,44.680851063829785,6,6,2.7551020408163267,ok
50,0,3,TRAILING,15,15:00,135,46.666666666666664,0.8539250038085702,-0.24859259259259267,-33.56000000000001,-3.3560000000000008,3.924155890715169,39.40499999999997,-1.6636306786818846,-2.175556011770515,-4.398252529229434,44.680851063829785,6,6,2.7551020408163267,ok
50,0,1,TRAILING,25,12:00,47,48.93617021276596,1.1185696766281545,0.3908510638297871,18.369999999999994,1.8369999999999993,3.9947367922831676,42.20000000000016,0.7756413386102665,1.3022989876032072,2.3649689735951154,48.93617021276596,4,5,0.9591836734693877,ok
50,0,1,TRAILING,25,14:00,47,48.93617021276596,1.1185696766281545,0.3908510638297871,18.369999999999994,1.8369999999999993,3.9947367922831676,42.20000000000016,0.7756413386102665,1.3022989876032072,2.3649689735951154,48.93617021276596,4,5,0.9591836734693877,ok
50,0,1,TRAILING,25,15:00,47,48.93617021276596,1.1185696766281545,0.3908510638297871,18.369999999999994,1.8369999999999993,3.9947367922831676,42.20000000000016,0.7756413386102665,1.3022989876032072,2.3649689735951154,48.93617021276596,4,5,0.9591836734693877,ok
50,0,2,TRAILING,25,12:00,91,42.857142857142854,0.9354573360351501,-0.1767582417582419,-16.08500000000001,-1.6085000000000012,5.649982979090659,58.92000000000007,-0.42874800003380364,-0.6881685252195417,-1.4641257761128885,51.06382978723404,7,4,1.8571428571428572,ok
50,0,2,TRAILING,25,14:00,92,42.391304347826086,0.9260377358490564,-0.2023913043478262,-18.62000000000001,-1.8620000000000012,5.893070332315279,61.45500000000004,-0.5098223857166195,-0.8178199596164357,-1.6249593946790337,48.93617021276596,7,4,1.8775510204081634,ok
50,0,2,TRAILING,25,15:00,92,42.391304347826086,0.9260377358490564,-0.2023913043478262,-18.62000000000001,-1.8620000000000012,5.893070332315279,61.45500000000004,-0.5098223857166195,-0.8178199596164357,-1.6249593946790337,48.93617021276596,7,4,1.8775510204081634,ok
50,0,3,TRAILING,25,12:00,132,41.66666666666667,0.8168054504163512,-0.33916666666666667,-44.77,-4.477,6.968651304246122,71.49000000000012,-1.8729821769878061,-2.7063680125580154,-3.3040211689946597,44.680851063829785,6,6,2.693877551020408,ok
50,0,3,TRAILING,25,14:00,134,41.04477611940299,0.8002044456916076,-0.3719402985074627,-49.839999999999996,-4.984,7.462861153351275,76.56000000000006,-2.0972471465758784,-3.0159828957611348,-3.4346076489028188,42.5531914893617,7,6,2.7346938775510203,ok
50,0,3,TRAILING,25,15:00,134,41.04477611940299,0.8002044456916076,-0.3719402985074627,-49.839999999999996,-4.984,7.462861153351275,76.56000000000006,-2.0972471465758784,-3.0159828957611348,-3.4346076489028188,42.5531914893617,7,6,2.7346938775510203,ok
50,0,1,TRAILING,35,12:00,47,46.808510638297875,0.8867978842071172,-0.3346808510638298,-15.73,-1.5730000000000002,4.483391073975957,46.200000000000045,-0.6729077623171785,-1.0555621257734555,-1.8043739999999986,46.808510638297875,4,4,0.9591836734693877,ok
50,0,1,TRAILING,35,14:00,47,46.808510638297875,0.8867978842071172,-0.3346808510638298,-15.73,-1.5730000000000002,4.483391073975957,46.200000000000045,-0.6729077623171785,-1.0555621257734555,-1.8043739999999986,46.808510638297875,4,4,0.9591836734693877,ok
50,0,1,TRAILING,35,15:00,47,46.808510638297875,0.8867978842071172,-0.3346808510638298,-15.73,-1.5730000000000002,4.483391073975957,46.200000000000045,-0.6729077623171785,-1.0555621257734555,-1.8043739999999986,46.808510638297875,4,4,0.9591836734693877,ok
50,0,2,TRAILING,35,12:00,91,40.65934065934066,0.8701645674771556,-0.31774725274725274,-28.915,-2.8915,7.101863067428043,73.875,-0.9099405929806579,-1.4966590714889325,-2.093897233357506,51.06382978723404,7,4,1.8571428571428572,ok
50,0,2,TRAILING,35,14:00,92,40.21739130434783,0.8607533090521451,-0.3407608695652174,-31.35,-3.1350000000000002,7.335948164811295,76.31000000000006,-0.9941119905125018,-1.633434901906177,-2.1977877679390443,48.93617021276596,7,4,1.8775510204081634,ok
50,0,2,TRAILING,35,15:00,92,40.21739130434783,0.8607533090521451,-0.3407608695652174,-31.35,-3.1350000000000002,7.335948164811295,76.31000000000006,-0.9941119905125018,-1.633434901906177,-2.1977877679390443,48.93617021276596,7,4,1.8775510204081634,ok
50,0,3,TRAILING,35,12:00,132,37.878787878787875,0.7612033312560195,-0.4789772727272728,-63.22500000000001,-6.322500000000001,8.803569859295214,90.16000000000008,-2.577405345276427,-3.571567857002694,-3.6934692182152338,42.5531914893617,9,6,2.693877551020408,ok
50,0,3,TRAILING,35,14:00,134,37.3134328358209,0.7478015658046082,-0.5072388059701493,-67.97,-6.797000000000001,9.26688994561238,94.90500000000009,-2.7799755996541413,-3.832860659672862,-3.7721393266951138,40.42553191489361,9,6,2.7346938775510203,ok
50,0,3,TRAILING,35,15:00,134,37.3134328358209,0.7478015658046082,-0.5072388059701493,-67.97,-6.797000000000001,9.26688994561238,94.90500000000009,-2.7799755996541413,-3.832860659672862,-3.7721393266951138,40.42553191489361,9,6,2.7346938775510203,ok
50,0,1,TRAILING,50,12:00,47,42.5531914893617,0.9400491563703999,-0.1920212765957448,-9.025000000000006,-0.9025000000000005,4.569879529674608,47.45500000000004,-0.32007188109890217,-0.4999919064345374,-1.0156566581874555,42.5531914893617,6,4,0.9591836734693877,ok
50,0,1,TRAILING,50,14:00,47,42.5531914893617,0.9400491563703999,-0.1920212765957448,-9.025000000000006,-0.9025000000000005,4.569879529674608,47.45500000000004,-0.32007188109890217,-0.4999919064345374,-1.0156566581874555,42.5531914893617,6,4,0.9591836734693877,ok
50,0,1,TRAILING,50,15:00,47,42.5531914893617,0.9400491563703999,-0.1920212765957448,-9.025000000000006,-0.9025000000000005,4.569879529674608,47.45500000000004,-0.32007188109890217,-0.4999919064345374,-1.0156566581874555,42.5531914893617,6,4,0.9591836734693877,ok
50,0,2,TRAILING,50,12:00,91,40.65934065934066,0.9840810419681619,-0.054395604395604445,-4.950000000000005,-0.4950000000000005,6.775136527272569,72.08000000000015,-0.04115266147519673,-0.06622534785985444,-0.3757436142381477,44.680851063829785,10,4,1.8571428571428572,ok
50,0,2,TRAILING,50,14:00,92,40.21739130434783,0.988419981588255,-0.0389673913043479,-3.5850000000000066,-0.35850000000000065,6.646833789207545,70.71500000000015,-0.004504103787680147,-0.007268884330823802,-0.2773823363400369,44.680851063829785,10,4,1.8775510204081634,ok
50,0,2,TRAILING,50,15:00,92,40.21739130434783,0.988419981588255,-0.0389673913043479,-3.5850000000000066,-0.35850000000000065,6.646833789207545,70.71500000000015,-0.004504103787680147,-0.007268884330823802,-0.2773823363400369,44.680851063829785,10,4,1.8775510204081634,ok
50,0,3,TRAILING,50,12:00,131,39.69465648854962,0.9724668115781843,-0.08557251908396961,-11.210000000000019,-1.1210000000000018,8.092772636757644,86.36000000000001,-0.1901693608194985,-0.28683635967434173,-0.7123816664461071,42.5531914893617,8,6,2.673469387755102,ok
50,0,3,TRAILING,50,14:00,134,38.80597014925373,0.9506813134041657,-0.15328358208955234,-20.540000000000013,-2.054000000000001,8.372496193042055,89.34500000000003,-0.4518801671382598,-0.6764925777899626,-1.261682099086207,42.5531914893617,8,6,2.7346938775510203,ok
50,0,3,TRAILING,50,15:00,134,38.80597014925373,0.9506813134041657,-0.15328358208955234,-20.540000000000013,-2.054000000000001,8.372496193042055,89.34500000000003,-0.4518801671382598,-0.6764925777899626,-1.261682099086207,42.5531914893617,8,6,2.7346938775510203,ok
