SL,TP,MaxTrades,Modo,Trailing,HoraLimite,Total_Trades,Win_Rate,Profit_Factor,Expectancy,Neto_USD,Retorno_Pct,Max_DD_Pct,Max_DD_USD,Sharpe_Ratio,Sortino_Ratio,Calmar_Ratio,Consistencia_Pct,Racha_Max_Perdidas,Racha_Max_Ganancias,Trades_por_Dia_Promedio,Estado
10,20,1,TP_FIJO,0,12:00,29,10.344827586206897,0.21380075727901818,-6.229137931034483,-180.645,-18.0645,18.0645,180.64499999999998,-12.449546214807764,-11.75668008777182,-8.689655172413794,10.344827586206897,11,2,1.0,ok
10,20,1,TP_FIJO,0,14:00,29,10.344827586206897,0.21380075727901818,-6.229137931034483,-180.645,-18.0645,18.0645,180.64499999999998,-12.449546214807764,-11.75668008777182,-8.689655172413794,10.344827586206897,11,2,1.0,ok
10,20,1,TP_FIJO,0,15:00,29,10.344827586206897,0.21380075727901818,-6.229137931034483,-180.645,-18.0645,18.0645,180.64499999999998,-12.449546214807764,-11.75668008777182,-8.689655172413794,10.344827586206897,11,2,1.0,ok
10,20,2,TP_FIJO,0,12:00,56,10.714285714285714,0.21040639474077394,-5.662232142857143,-317.08500000000004,-31.708500000000008,31.708500000000008,317.08500000000004,-17.076041493485203,-12.176278278910951,-8.689655172413792,20.689655172413794,18,1,1.9310344827586208,ok
10,20,2,TP_FIJO,0,14:00,56,10.714285714285714,0.21040639474077394,-5.662232142857143,-317.08500000000004,-31.708500000000008,31.708500000000008,317.08500000000004,-17.076041493485203,-12.176278278910951,-8.689655172413792,20.689655172413794,18,1,1.9310344827586208,ok
10,20,2,TP_FIJO,0,15:00,56,10.714285714285714,0.21040639474077394,-5.662232142857143,-317.08500000000004,-31.708500000000008,31.708500000000008,317.08500000000004,-17.076041493485203,-12.176278278910951,-8.689655172413792,20.689655172413794,18,1,1.9310344827586208,ok
10,20,3,TP_FIJO,0,12:00,81,13.580246913580247,0.2823676224510054,-4.685740740740741,-379.545,-37.9545,37.95449999999996,379.5449999999996,-17.462565670647177,-12.00351520201484,-8.689655172413804,3.4482758620689653,17,1,2.793103448275862,ok
10,20,3,TP_FIJO,0,14:00,81,13.580246913580247,0.2823676224510054,-4.685740740740741,-379.545,-37.9545,37.95449999999996,379.5449999999996,-17.462565670647177,-12.00351520201484,-8.689655172413804,3.4482758620689653,17,1,2.793103448275862,ok
10,20,3,TP_FIJO,0,15:00,81,13.580246913580247,0.2823676224510054,-4.685740740740741,-379.545,-37.9545,37.95449999999996,379.5449999999996,-17.462565670647177,-12.00351520201484,-8.689655172413804,3.4482758620689653,17,1,2.793103448275862,ok
10,30,1,TP_FIJO,0,12:00,29,10.344827586206897,0.31830381105743427,-5.474137931034483,-158.75,-15.875,15.875,158.75,-8.118681132057231,-10.140985968742557,-8.689655172413792,10.344827586206897,11,2,1.0,ok
10,30,1,TP_FIJO,0,14:00,29,10.344827586206897,0.31830381105743427,-5.474137931034483,-158.75,-15.875,15.875,158.75,-8.118681132057231,-10.140985968742557,-8.689655172413792,10.344827586206897,11,2,1.0,ok
10,30,1,TP_FIJO,0,15:00,29,10.344827586206897,0.31830381105743427,-5.474137931034483,-158.75,-15.875,15.875,158.75,-8.118681132057231,-10.140985968742557,-8.689655172413792,10.344827586206897,11,2,1.0,ok
10,30,2,TP_FIJO,0,12:00,56,10.714285714285714,0.3199195664435125,-4.952321428571429,-277.33000000000004,-27.733,27.733000000000015,277.33000000000015,-11.013083192507507,-10.336076351323879,-8.689655172413788,20.689655172413794,18,1,1.9310344827586208,ok
10,30,2,TP_FIJO,0,14:00,56,10.714285714285714,0.3199195664435125,-4.952321428571429,-277.33000000000004,-27.733,27.733000000000015,277.33000000000015,-11.013083192507507,-10.336076351323879,-8.689655172413788,20.689655172413794,18,1,1.9310344827586208,ok
10,30,2,TP_FIJO,0,15:00,56,10.714285714285714,0.3199195664435125,-4.952321428571429,-277.33000000000004,-27.733,27.733000000000015,277.33000000000015,-11.013083192507507,-10.336076351323879,-8.689655172413788,20.689655172413794,18,1,1.9310344827586208,ok
10,30,3,TP_FIJO,0,12:00,81,13.580246913580247,0.4238090068573702,-3.9315432098765437,-318.45500000000004,-31.845500000000005,31.845500000000015,318.45500000000015,-10.945466871563848,-9.578506960786525,-8.689655172413792,37.93103448275862,17,1,2.793103448275862,ok
10,30,3,TP_FIJO,0,14:00,81,13.580246913580247,0.4238090068573702,-3.9315432098765437,-318.45500000000004,-31.845500000000005,31.845500000000015,318.45500000000015,-10.945466871563848,-9.578506960786525,-8.689655172413792,37.93103448275862,17,1,2.793103448275862,ok
10,30,3,TP_FIJO,0,15:00,81,13.580246913580247,0.4238090068573702,-3.9315432098765437,-318.45500000000004,-31.845500000000005,31.845500000000015,318.45500000000015,-10.945466871563848,-9.578506960786525,-8.689655172413792,37.93103448275862,17,1,2.793103448275862,ok
10,40,1,TP_FIJO,0,12:00,29,10.344827586206897,0.43495137438558745,-4.618103448275861,-133.92499999999998,-13.392499999999998,13.392499999999997,133.92499999999995,-5.221754129888647,-8.319132580901552,-8.689655172413794,10.344827586206897,11,2,1.0,ok
10,40,1,TP_FIJO,0,14:00,29,10.344827586206897,0.43495137438558745,-4.618103448275861,-133.92499999999998,-13.392499999999998,13.392499999999997,133.92499999999995,-5.221754129888647,-8.319132580901552,-8.689655172413794,10.344827586206897,11,2,1.0,ok
10,40,1,TP_FIJO,0,15:00,29,10.344827586206897,0.43495137438558745,-4.618103448275861,-133.92499999999998,-13.392499999999998,13.392499999999997,133.92499999999995,-5.221754129888647,-8.319132580901552,-8.689655172413794,10.344827586206897,11,2,1.0,ok
10,40,2,TP_FIJO,0,12:00,56,8.928571428571429,0.3456467255094257,-4.82544642857143,-270.2250000000001,-27.02250000000001,27.022500000000015,270.22500000000014,-9.068432810693839,-9.758650480419336,-8.689655172413792,17.24137931034483,23,1,1.9310344827586208,ok
10,40,2,TP_FIJO,0,14:00,56,8.928571428571429,0.3456467255094257,-4.82544642857143,-270.2250000000001,-27.02250000000001,27.022500000000015,270.22500000000014,-9.068432810693839,-9.758650480419336,-8.689655172413792,17.24137931034483,23,1,1.9310344827586208,ok
10,40,2,TP_FIJO,0,15:00,56,8.928571428571429,0.3456467255094257,-4.82544642857143,-270.2250000000001,-27.02250000000001,27.022500000000015,270.22500000000014,-9.068432810693839,-9.758650480419336,-8.689655172413792,17.24137931034483,23,1,1.9310344827586208,ok
10,40,3,TP_FIJO,0,12:00,81,11.11111111111111,0.451526231973025,-3.8054938271604946,-308.24500000000006,-30.824500000000004,30.82450000000001,308.2450000000001,-8.634096926980675,-8.638274102772217,-8.689655172413792,31.03448275862069,17,1,2.793103448275862,ok
10,40,3,TP_FIJO,0,14:00,81,11.11111111111111,0.451526231973025,-3.8054938271604946,-308.24500000000006,-30.824500000000004,30.82450000000001,308.2450000000001,-8.634096926980675,-8.638274102772217,-8.689655172413792,31.03448275862069,17,1,2.793103448275862,ok
10,40,3,TP_FIJO,0,15:00,81,11.11111111111111,0.451526231973025,-3.8054938271604946,-308.24500000000006,-30.824500000000004,30.82450000000001,308.2450000000001,-8.634096926980675,-8.638274102772217,-8.689655172413792,31.03448275862069,17,1,2.793103448275862,ok
10,60,1,TP_FIJO,0,12:00,29,10.344827586206897,0.6376400452256141,-3.039137931034482,-88.13499999999998,-8.813499999999998,10.570499999999992,105.70499999999993,-2.331027002438293,-5.121678976911168,-7.245284126774419,10.344827586206897,11,2,1.0,ok
10,60,1,TP_FIJO,0,14:00,29,10.344827586206897,0.6376400452256141,-3.039137931034482,-88.13499999999998,-8.813499999999998,10.570499999999992,105.70499999999993,-2.331027002438293,-5.121678976911168,-7.245284126774419,10.344827586206897,11,2,1.0,ok
10,60,1,TP_FIJO,0,15:00,29,10.344827586206897,0.6376400452256141,-3.039137931034482,-88.13499999999998,-8.813499999999998,10.570499999999992,105.70499999999993,-2.331027002438293,-5.121678976911168,-7.245284126774419,10.344827586206897,11,2,1.0,ok
10,60,2,TP_FIJO,0,12:00,56,8.928571428571429,0.5060445387062567,-3.7430357142857145,-209.61,-20.961000000000002,25.139499999999998,251.39499999999998,-4.905530805952481,-7.1008540310454,-7.245325566099786,17.24137931034483,23,1,1.9310344827586208,ok
10,60,2,TP_FIJO,0,14:00,56,8.928571428571429,0.5060445387062567,-3.7430357142857145,-209.61,-20.961000000000002,25.139499999999998,251.39499999999998,-4.905530805952481,-7.1008540310454,-7.245325566099786,17.24137931034483,23,1,1.9310344827586208,ok
10,60,2,TP_FIJO,0,15:00,56,8.928571428571429,0.5060445387062567,-3.7430357142857145,-209.61,-20.961000000000002,25.139499999999998,251.39499999999998,-4.905530805952481,-7.1008540310454,-7.245325566099786,17.24137931034483,23,1,1.9310344827586208,ok
10,60,3,TP_FIJO,0,12:00,81,11.11111111111111,0.6580913695401435,-2.525185185185185,-204.54,-20.454,22.963,229.63,-3.8347102142621217,-5.10086260914403,-7.740199751624427,31.03448275862069,17,1,2.793103448275862,ok
10,60,3,TP_FIJO,0,14:00,81,11.11111111111111,0.6580913695401435,-2.525185185185185,-204.54,-20.454,22.963,229.63,-3.8347102142621217,-5.10086260914403,-7.740199751624427,31.03448275862069,17,1,2.793103448275862,ok
10,60,3,TP_FIJO,0,15:00,81,11.11111111111111,0.6580913695401435,-2.525185185185185,-204.54,-20.454,22.963,229.63,-3.8347102142621217,-5.10086260914403,-7.740199751624427,31.03448275862069,17,1,2.793103448275862,ok
10,80,1,TP_FIJO,0,12:00,29,6.896551724137931,0.5653948535936114,-3.8001724137931028,-110.20499999999998,-11.020499999999998,12.314734518506832,124.96499999999992,-2.656725084589863,-6.33069069981023,-7.7764035175642325,6.896551724137931,12,1,1.0,ok
10,80,1,TP_FIJO,0,14:00,29,6.896551724137931,0.5653948535936114,-3.8001724137931028,-110.20499999999998,-11.020499999999998,12.314734518506832,124.96499999999992,-2.656725084589863,-6.33069069981023,-7.7764035175642325,6.896551724137931,12,1,1.0,ok
10,80,1,TP_FIJO,0,15:00,29,6.896551724137931,0.5653948535936114,-3.8001724137931028,-110.20499999999998,-11.020499999999998,12.314734518506832,124.96499999999992,-2.656725084589863,-6.33069069981023,-7.7764035175642325,6.896551724137931,12,1,1.0,ok
10,80,2,TP_FIJO,0,12:00,56,7.142857142857142,0.5339088828791347,-3.6008035714285715,-201.645,-20.1645,25.4025,254.02499999999998,-3.90423430363158,-6.56574302393267,-6.897846736507742,13.793103448275861,25,1,1.9310344827586208,ok
10,80,2,TP_FIJO,0,14:00,56,7.142857142857142,0.5339088828791347,-3.6008035714285715,-201.645,-20.1645,25.4025,254.02499999999998,-3.90423430363158,-6.56574302393267,-6.897846736507742,13.793103448275861,25,1,1.9310344827586208,ok
10,80,2,TP_FIJO,0,15:00,56,7.142857142857142,0.5339088828791347,-3.6008035714285715,-201.645,-20.1645,25.4025,254.02499999999998,-3.90423430363158,-6.56574302393267,-6.897846736507742,13.793103448275861,25,1,1.9310344827586208,ok
10,80,3,TP_FIJO,0,12:00,81,8.641975308641975,0.6984502798105898,-2.3350000000000004,-189.13500000000002,-18.913500000000003,20.097000000000005,200.97000000000003,-2.7597538010551146,-4.32830707387381,-8.177926710625876,24.137931034482758,17,1,2.793103448275862,ok
10,80,3,TP_FIJO,0,14:00,81,8.641975308641975,0.6984502798105898,-2.3350000000000004,-189.13500000000002,-18.913500000000003,20.097000000000005,200.97000000000003,-2.7597538010551146,-4.32830707387381,-8.177926710625876,24.137931034482758,17,1,2.793103448275862,ok
10,80,3,TP_FIJO,0,15:00,81,8.641975308641975,0.6984502798105898,-2.3350000000000004,-189.13500000000002,-18.913500000000003,20.097000000000005,200.97000000000003,-2.7597538010551146,-4.32830707387381,-8.177926710625876,24.137931034482758,17,1,2.793103448275862,ok
10,100,1,TP_FIJO,0,12:00,29,6.896551724137931,0.6960013968919155,-2.70155172413793,-78.34499999999997,-7.834499999999997,11.224292187923618,115.91999999999996,-1.4288155520808532,-4.141328409224874,-6.065335997001498,6.896551724137931,12,1,1.0,ok
10,100,1,TP_FIJO,0,14:00,29,6.896551724137931,0.6960013968919155,-2.70155172413793,-78.34499999999997,-7.834499999999997,11.224292187923618,115.91999999999996,-1.4288155520808532,-4.141328409224874,-6.065335997001498,6.896551724137931,12,1,1.0,ok
10,100,1,TP_FIJO,0,15:00,29,6.896551724137931,0.6960013968919155,-2.70155172413793,-78.34499999999997,-7.834499999999997,11.224292187923618,115.91999999999996,-1.4288155520808532,-4.141328409224874,-6.065335997001498,6.896551724137931,12,1,1.0,ok
10,100,2,TP_FIJO,0,12:00,56,7.142857142857142,0.6748611675470677,-2.5719642857142864,-144.03000000000003,-14.403000000000002,24.216499999999996,242.16499999999996,-2.0576520217466494,-4.2265555593949875,-5.168257322415538,13.793103448275861,25,1,1.9310344827586208,ok
10,100,2,TP_FIJO,0,14:00,56,7.142857142857142,0.6748611675470677,-2.5719642857142864,-144.03000000000003,-14.403000000000002,24.216499999999996,242.16499999999996,-2.0576520217466494,-4.2265555593949875,-5.168257322415538,13.793103448275861,25,1,1.9310344827586208,ok
10,100,2,TP_FIJO,0,15:00,56,7.142857142857142,0.6748611675470677,-2.5719642857142864,-144.03000000000003,-14.403000000000002,24.216499999999996,242.16499999999996,-2.0576520217466494,-4.2265555593949875,-5.168257322415538,13.793103448275861,25,1,1.9310344827586208,ok
10,100,3,TP_FIJO,0,12:00,81,8.641975308641975,0.847750129128308,-1.2372839506172837,-100.21999999999997,-10.021999999999998,18.420499999999993,184.20499999999993,-0.9533578257032755,-1.7662432620150732,-4.727761143179124,24.137931034482758,17,1,2.793103448275862,ok
10,100,3,TP_FIJO,0,14:00,81,8.641975308641975,0.847750129128308,-1.2372839506172837,-100.21999999999997,-10.021999999999998,18.420499999999993,184.20499999999993,-0.9533578257032755,-1.7662432620150732,-4.727761143179124,24.137931034482758,17,1,2.793103448275862,ok
10,100,3,TP_FIJO,0,15:00,81,8.641975308641975,0.847750129128308,-1.2372839506172837,-100.21999999999997,-10.021999999999998,18.420499999999993,184.20499999999993,-0.9533578257032755,-1.7662432620150732,-4.727761143179124,24.137931034482758,17,1,2.793103448275862,ok
15,20,1,TP_FIJO,0,12:00,29,27.586206896551722,0.447525224437912,-3.596896551724139,-104.31000000000003,-10.431000000000003,11.690000000000008,116.90000000000009,-6.107508409168484,-7.240405481929047,-7.75378897377658,27.586206896551722,6,2,1.0,ok
15,20,1,TP_FIJO,0,14:00,29,27.586206896551722,0.447525224437912,-3.596896551724139,-104.31000000000003,-10.431000000000003,11.690000000000008,116.90000000000009,-6.107508409168484,-7.240405481929047,-7.75378897377658,27.586206896551722,6,2,1.0,ok
15,20,1,TP_FIJO,0,15:00,29,27.586206896551722,0.447525224437912,-3.596896551724139,-104.31000000000003,-10.431000000000003,11.690000000000008,116.90000000000009,-6.107508409168484,-7.240405481929047,-7.75378897377658,27.586206896551722,6,2,1.0,ok
15,20,2,TP_FIJO,0,12:00,56,26.785714285714285,0.4442461291330149,-3.3361607142857146,-186.82500000000002,-18.6825,19.75750000000003,197.57500000000027,-7.862904693898609,-8.060916591921675,-8.216853486454282,44.827586206896555,11,3,1.9310344827586208,ok
15,20,2,TP_FIJO,0,14:00,56,26.785714285714285,0.4442461291330149,-3.3361607142857146,-186.82500000000002,-18.6825,19.75750000000003,197.57500000000027,-7.862904693898609,-8.060916591921675,-8.216853486454282,44.827586206896555,11,3,1.9310344827586208,ok
15,20,2,TP_FIJO,0,15:00,56,26.785714285714285,0.4442461291330149,-3.3361607142857146,-186.82500000000002,-18.6825,19.75750000000003,197.57500000000027,-7.862904693898609,-8.060916591921675,-8.216853486454282,44.827586206896555,11,3,1.9310344827586208,ok
15,20,3,TP_FIJO,0,12:00,81,29.629629629629626,0.5189717404701119,-2.6982716049382716,-218.56,-21.856,21.856000000000062,218.56000000000063,-7.995111092836593,-7.9154301885200145,-8.689655172413769,27.586206896551722,15,4,2.793103448275862,ok
15,20,3,TP_FIJO,0,14:00,81,29.629629629629626,0.5189717404701119,-2.6982716049382716,-218.56,-21.856,21.856000000000062,218.56000000000063,-7.995111092836593,-7.9154301885200145,-8.689655172413769,27.586206896551722,15,4,2.793103448275862,ok
15,20,3,TP_FIJO,0,15:00,81,29.629629629629626,0.5189717404701119,-2.6982716049382716,-218.56,-21.856,21.856000000000062,218.56000000000063,-7.995111092836593,-7.9154301885200145,-8.689655172413769,27.586206896551722,15,4,2.793103448275862,ok
15,30,1,TP_FIJO,0,12:00,29,27.586206896551722,0.7358461299829375,-1.7617241379310358,-51.09000000000004,-5.1090000000000035,9.336000000000002,93.36000000000001,-2.07315330363563,-3.3048012531585464,-4.755296516266291,27.586206896551722,6,2,1.0,ok
15,30,1,TP_FIJO,0,14:00,29,27.586206896551722,0.7358461299829375,-1.7617241379310358,-51.09000000000004,-5.1090000000000035,9.336000000000002,93.36000000000001,-2.07315330363563,-3.3048012531585464,-4.755296516266291,27.586206896551722,6,2,1.0,ok
15,30,1,TP_FIJO,0,15:00,29,27.586206896551722,0.7358461299829375,-1.7617241379310358,-51.09000000000004,-5.1090000000000035,9.336000000000002,93.36000000000001,-2.07315330363563,-3.3048012531585464,-4.755296516266291,27.586206896551722,6,2,1.0,ok
15,30,2,TP_FIJO,0,12:00,56,26.785714285714285,0.6583018068681437,-2.0886607142857145,-116.96500000000002,-11.696500000000002,17.105500000000017,171.05500000000018,-3.7728480467303522,-4.805525692219256,-5.941863828835045,44.827586206896555,11,3,1.9310344827586208,ok
15,30,2,TP_FIJO,0,14:00,56,26.785714285714285,0.6583018068681437,-2.0886607142857145,-116.96500000000002,-11.696500000000002,17.105500000000017,171.05500000000018,-3.7728480467303522,-4.805525692219256,-5.941863828835045,44.827586206896555,11,3,1.9310344827586208,ok
15,30,2,TP_FIJO,0,15:00,56,26.785714285714285,0.6583018068681437,-2.0886607142857145,-116.96500000000002,-11.696500000000002,17.105500000000017,171.05500000000018,-3.7728480467303522,-4.805525692219256,-5.941863828835045,44.827586206896555,11,3,1.9310344827586208,ok
15,30,3,TP_FIJO,0,12:00,81,29.629629629629626,0.7713841533059772,-1.334382716049383,-108.08500000000002,-10.808500000000002,18.068500000000018,180.68500000000017,-2.8927927073884048,-3.6451590023973415,-5.198114836928046,27.586206896551722,15,4,2.793103448275862,ok
15,30,3,TP_FIJO,0,14:00,81,29.629629629629626,0.7713841533059772,-1.334382716049383,-108.08500000000002,-10.808500000000002,18.068500000000018,180.68500000000017,-2.8927927073884048,-3.6451590023973415,-5.198114836928046,27.586206896551722,15,4,2.793103448275862,ok
15,30,3,TP_FIJO,0,15:00,81,29.629629629629626,0.7713841533059772,-1.334382716049383,-108.08500000000002,-10.808500000000002,18.068500000000018,180.68500000000017,-2.8927927073884048,-3.6451590023973415,-5.198114836928046,27.586206896551722,15,4,2.793103448275862,ok
15,40,1,TP_FIJO,0,12:00,29,24.137931034482758,0.821883328397986,-1.2444827586206906,-36.090000000000025,-3.6090000000000027,8.673000000000002,86.73000000000002,-1.2036873017022152,-2.1931341690492383,-3.6159305335225866,24.137931034482758,6,2,1.0,ok
15,40,1,TP_FIJO,0,14:00,29,24.137931034482758,0.821883328397986,-1.2444827586206906,-36.090000000000025,-3.6090000000000027,8.673000000000002,86.73000000000002,-1.2036873017022152,-2.1931341690492383,-3.6159305335225866,24.137931034482758,6,2,1.0,ok
15,40,1,TP_FIJO,0,15:00,29,24.137931034482758,0.821883328397986,-1.2444827586206906,-36.090000000000025,-3.6090000000000027,8.673000000000002,86.73000000000002,-1.2036873017022152,-2.1931341690492383,-3.6159305335225866,24.137931034482758,6,2,1.0,ok
15,40,2,TP_FIJO,0,12:00,56,21.428571428571427,0.6620452741357127,-2.204732142857143,-123.465,-12.3465,17.60200000000002,176.0200000000002,-3.6057779181965746,-4.784992770150081,-6.095149845824722,37.93103448275862,13,3,1.9310344827586208,ok
15,40,2,TP_FIJO,0,14:00,56,21.428571428571427,0.6620452741357127,-2.204732142857143,-123.465,-12.3465,17.60200000000002,176.0200000000002,-3.6057779181965746,-4.784992770150081,-6.095149845824722,37.93103448275862,13,3,1.9310344827586208,ok
15,40,2,TP_FIJO,0,15:00,56,21.428571428571427,0.6620452741357127,-2.204732142857143,-123.465,-12.3465,17.60200000000002,176.0200000000002,-3.6057779181965746,-4.784992770150081,-6.095149845824722,37.93103448275862,13,3,1.9310344827586208,ok
15,40,3,TP_FIJO,0,12:00,81,23.456790123456788,0.7413621736520465,-1.622345679012346,-131.41000000000003,-13.141000000000002,18.625500000000013,186.2550000000001,-3.071283556210764,-3.969060015271007,-6.130882855262388,51.724137931034484,15,4,2.793103448275862,ok
15,40,3,TP_FIJO,0,14:00,81,23.456790123456788,0.7413621736520465,-1.622345679012346,-131.41000000000003,-13.141000000000002,18.625500000000013,186.2550000000001,-3.071283556210764,-3.969060015271007,-6.130882855262388,51.724137931034484,15,4,2.793103448275862,ok
15,40,3,TP_FIJO,0,15:00,81,23.456790123456788,0.7413621736520465,-1.622345679012346,-131.41000000000003,-13.141000000000002,18.625500000000013,186.2550000000001,-3.071283556210764,-3.969060015271007,-6.130882855262388,51.724137931034484,15,4,2.793103448275862,ok
15,60,1,TP_FIJO,0,12:00,29,24.137931034482758,1.2271558374764266,1.5991379310344818,46.37499999999997,4.6374999999999975,7.473000000000002,74.73000000000002,1.3845769454830288,3.403989091823151,5.392516507703592,24.137931034482758,6,2,1.0,ok
15,60,1,TP_FIJO,0,14:00,29,24.137931034482758,1.2271558374764266,1.5991379310344818,46.37499999999997,4.6374999999999975,7.473000000000002,74.73000000000002,1.3845769454830288,3.403989091823151,5.392516507703592,24.137931034482758,6,2,1.0,ok
15,60,1,TP_FIJO,0,15:00,29,24.137931034482758,1.2271558374764266,1.5991379310344818,46.37499999999997,4.6374999999999975,7.473000000000002,74.73000000000002,1.3845769454830288,3.403989091823151,5.392516507703592,24.137931034482758,6,2,1.0,ok
15,60,2,TP_FIJO,0,12:00,56,21.428571428571427,1.0403447126112495,0.28089285714285644,15.729999999999961,1.5729999999999962,14.709000000000014,147.09000000000015,0.5203017647596729,0.9499150335764565,0.9292832678092903,37.93103448275862,13,3,1.9310344827586208,ok
15,60,2,TP_FIJO,0,14:00,56,21.428571428571427,1.0403447126112495,0.28089285714285644,15.729999999999961,1.5729999999999962,14.709000000000014,147.09000000000015,0.5203017647596729,0.9499150335764565,0.9292832678092903,37.93103448275862,13,3,1.9310344827586208,ok
15,60,2,TP_FIJO,0,15:00,56,21.428571428571427,1.0403447126112495,0.28089285714285644,15.729999999999961,1.5729999999999962,14.709000000000014,147.09000000000015,0.5203017647596729,0.9499150335764565,0.9292832678092903,37.93103448275862,13,3,1.9310344827586208,ok
15,60,3,TP_FIJO,0,12:00,81,22.22222222222222,1.0712738797429349,0.49975308641975236,40.47999999999994,4.047999999999994,14.796500000000016,147.96500000000015,0.9323669566494346,1.557814308621416,2.3773003168270157,51.724137931034484,15,4,2.793103448275862,ok
15,60,3,TP_FIJO,0,14:00,81,22.22222222222222,1.0712738797429349,0.49975308641975236,40.47999999999994,4.047999999999994,14.796500000000016,147.96500000000015,0.9323669566494346,1.557814308621416,2.3773003168270157,51.724137931034484,15,4,2.793103448275862,ok
15,60,3,TP_FIJO,0,15:00,81,22.22222222222222,1.0712738797429349,0.49975308641975236,40.47999999999994,4.047999999999994,14.796500000000016,147.96500000000015,0.9323669566494346,1.557814308621416,2.3773003168270157,51.724137931034484,15,4,2.793103448275862,ok
15,80,1,TP_FIJO,0,12:00,29,20.689655172413794,1.3342950209399718,2.477241379310344,71.83999999999997,7.1839999999999975,6.273000000000002,62.73000000000002,1.7647491436744602,5.072786698395825,9.951615297086027,20.689655172413794,6,1,1.0,ok
15,80,1,TP_FIJO,0,14:00,29,20.689655172413794,1.3342950209399718,2.477241379310344,71.83999999999997,7.1839999999999975,6.273000000000002,62.73000000000002,1.7647491436744602,5.072786698395825,9.951615297086027,20.689655172413794,6,1,1.0,ok
15,80,1,TP_FIJO,0,15:00,29,20.689655172413794,1.3342950209399718,2.477241379310344,71.83999999999997,7.1839999999999975,6.273000000000002,62.73000000000002,1.7647491436744602,5.072786698395825,9.951615297086027,20.689655172413794,6,1,1.0,ok
15,80,2,TP_FIJO,0,12:00,56,19.642857142857142,1.2345397963261204,1.7293749999999999,96.845,9.6845,12.882000000000005,128.82000000000005,1.7513557390698944,3.8795708202255867,6.532756211554211,34.48275862068966,13,3,1.9310344827586208,ok
15,80,2,TP_FIJO,0,14:00,56,19.642857142857142,1.2345397963261204,1.7293749999999999,96.845,9.6845,12.882000000000005,128.82000000000005,1.7513557390698944,3.8795708202255867,6.532756211554211,34.48275862068966,13,3,1.9310344827586208,ok
15,80,2,TP_FIJO,0,15:00,56,19.642857142857142,1.2345397963261204,1.7293749999999999,96.845,9.6845,12.882000000000005,128.82000000000005,1.7513557390698944,3.8795708202255867,6.532756211554211,34.48275862068966,13,3,1.9310344827586208,ok
15,80,3,TP_FIJO,0,12:00,81,19.753086419753085,1.2348328041891723,1.7578395061728391,142.38499999999996,14.238499999999995,16.902000000000008,169.0200000000001,2.2249201580851707,4.297067201758391,7.320296720649254,48.275862068965516,15,4,2.793103448275862,ok
15,80,3,TP_FIJO,0,14:00,81,19.753086419753085,1.2348328041891723,1.7578395061728391,142.38499999999996,14.238499999999995,16.902000000000008,169.0200000000001,2.2249201580851707,4.297067201758391,7.320296720649254,48.275862068965516,15,4,2.793103448275862,ok
15,80,3,TP_FIJO,0,15:00,81,19.753086419753085,1.2348328041891723,1.7578395061728391,142.38499999999996,14.238499999999995,16.902000000000008,169.0200000000001,2.2249201580851707,4.297067201758391,7.320296720649254,48.275862068965516,15,4,2.793103448275862,ok
15,100,1,TP_FIJO,0,12:00,29,17.24137931034483,1.3431427608671234,2.6336206896551713,76.37499999999997,7.6374999999999975,8.251620160672154,82.88999999999999,1.6757907263551515,5.373824178814921,8.042934610056534,17.24137931034483,9,1,1.0,ok
15,100,1,TP_FIJO,0,14:00,29,17.24137931034483,1.3431427608671234,2.6336206896551713,76.37499999999997,7.6374999999999975,8.251620160672154,82.88999999999999,1.6757907263551515,5.373824178814921,8.042934610056534,17.24137931034483,9,1,1.0,ok
15,100,1,TP_FIJO,0,15:00,29,17.24137931034483,1.3431427608671234,2.6336206896551713,76.37499999999997,7.6374999999999975,8.251620160672154,82.88999999999999,1.6757907263551515,5.373824178814921,8.042934610056534,17.24137931034483,9,1,1.0,ok
15,100,2,TP_FIJO,0,12:00,56,16.071428571428573,1.2143041267311887,1.6330357142857141,91.44999999999999,9.145,16.289218044143393,164.245,1.5147155883504406,3.674753231406536,4.87849670477556,27.586206896551722,19,2,1.9310344827586208,ok
15,100,2,TP_FIJO,0,14:00,56,16.071428571428573,1.2143041267311887,1.6330357142857141,91.44999999999999,9.145,16.289218044143393,164.245,1.5147155883504406,3.674753231406536,4.87849670477556,27.586206896551722,19,2,1.9310344827586208,ok
15,100,2,TP_FIJO,0,15:00,56,16.071428571428573,1.2143041267311887,1.6330357142857141,91.44999999999999,9.145,16.289218044143393,164.245,1.5147155883504406,3.674753231406536,4.87849670477556,27.586206896551722,19,2,1.9310344827586208,ok
15,100,3,TP_FIJO,0,12:00,81,17.28395061728395,1.3203776293270029,2.507469135802468,203.1049999999999,20.31049999999999,14.366000000000009,143.66000000000008,2.7808452963943995,5.618016113808031,12.285343267388985,44.827586206896555,15,3,2.793103448275862,ok
15,100,3,TP_FIJO,0,14:00,81,17.28395061728395,1.3203776293270029,2.507469135802468,203.1049999999999,20.31049999999999,14.366000000000009,143.66000000000008,2.7808452963943995,5.618016113808031,12.285343267388985,44.827586206896555,15,3,2.793103448275862,ok
15,100,3,TP_FIJO,0,15:00,81,17.28395061728395,1.3203776293270029,2.507469135802468,203.1049999999999,20.31049999999999,14.366000000000009,143.66000000000008,2.7808452963943995,5.618016113808031,12.285343267388985,44.827586206896555,15,3,2.793103448275862,ok
20,20,1,TP_FIJO,0,12:00,29,48.275862068965516,0.8864542635034438,-0.4860344827586209,-14.095000000000006,-1.4095000000000006,5.143499999999994,51.434999999999945,-0.8517909996366089,-1.1800759301154213,-2.38127130660392,48.275862068965516,5,3,1.0,ok
20,20,1,TP_FIJO,0,14:00,29,48.275862068965516,0.8864542635034438,-0.4860344827586209,-14.095000000000006,-1.4095000000000006,5.143499999999994,51.434999999999945,-0.8517909996366089,-1.1800759301154213,-2.38127130660392,48.275862068965516,5,3,1.0,ok
20,20,1,TP_FIJO,0,15:00,29,48.275862068965516,0.8864542635034438,-0.4860344827586209,-14.095000000000006,-1.4095000000000006,5.143499999999994,51.434999999999945,-0.8517909996366089,-1.1800759301154213,-2.38127130660392,48.275862068965516,5,3,1.0,ok
20,20,2,TP_FIJO,0,12:00,56,44.642857142857146,0.7724815724815728,-1.0334821428571432,-57.87500000000002,-5.787500000000002,10.111500000000001,101.11500000000001,-2.5588900833833748,-3.246020811295879,-4.973681383607262,24.137931034482758,10,4,1.9310344827586208,ok
20,20,2,TP_FIJO,0,14:00,56,44.642857142857146,0.7724815724815728,-1.0334821428571432,-57.87500000000002,-5.787500000000002,10.111500000000001,101.11500000000001,-2.5588900833833748,-3.246020811295879,-4.973681383607262,24.137931034482758,10,4,1.9310344827586208,ok
20,20,2,TP_FIJO,0,15:00,56,44.642857142857146,0.7724815724815728,-1.0334821428571432,-57.87500000000002,-5.787500000000002,10.111500000000001,101.11500000000001,-2.5588900833833748,-3.246020811295879,-4.973681383607262,24.137931034482758,10,4,1.9310344827586208,ok
20,20,3,TP_FIJO,0,12:00,81,40.74074074074074,0.6604117070438313,-1.6466049382716057,-133.37500000000006,-13.337500000000006,15.837499999999999,158.375,-4.973332724956536,-5.336404013585701,-7.317965326728904,48.275862068965516,14,4,2.793103448275862,ok
20,20,3,TP_FIJO,0,14:00,81,40.74074074074074,0.6604117070438313,-1.6466049382716057,-133.37500000000006,-13.337500000000006,15.837499999999999,158.375,-4.973332724956536,-5.336404013585701,-7.317965326728904,48.275862068965516,14,4,2.793103448275862,ok
20,20,3,TP_FIJO,0,15:00,81,40.74074074074074,0.6604117070438313,-1.6466049382716057,-133.37500000000006,-13.337500000000006,15.837499999999999,158.375,-4.973332724956536,-5.336404013585701,-7.317965326728904,48.275862068965516,14,4,2.793103448275862,ok
20,30,1,TP_FIJO,0,12:00,29,44.827586206896555,1.1864162864162864,0.9156896551724134,26.55499999999999,2.6554999999999986,4.343499999999994,43.434999999999945,1.3639410085672132,2.2972328906626664,5.312623301564372,44.827586206896555,5,2,1.0,ok
20,30,1,TP_FIJO,0,14:00,29,44.827586206896555,1.1864162864162864,0.9156896551724134,26.55499999999999,2.6554999999999986,4.343499999999994,43.434999999999945,1.3639410085672132,2.2972328906626664,5.312623301564372,44.827586206896555,5,2,1.0,ok
20,30,1,TP_FIJO,0,15:00,29,44.827586206896555,1.1864162864162864,0.9156896551724134,26.55499999999999,2.6554999999999986,4.343499999999994,43.434999999999945,1.3639410085672132,2.2972328906626664,5.312623301564372,44.827586206896555,5,2,1.0,ok
20,30,2,TP_FIJO,0,12:00,56,39.285714285714285,0.9291030160595382,-0.35553571428571473,-19.910000000000025,-1.9910000000000025,8.483500000000003,84.83500000000004,-0.5728313746198448,-0.8318211202999637,-2.0393827368746247,58.620689655172406,10,3,1.9310344827586208,ok
20,30,2,TP_FIJO,0,14:00,56,39.285714285714285,0.9291030160595382,-0.35553571428571473,-19.910000000000025,-1.9910000000000025,8.483500000000003,84.83500000000004,-0.5728313746198448,-0.8318211202999637,-2.0393827368746247,58.620689655172406,10,3,1.9310344827586208,ok
20,30,2,TP_FIJO,0,15:00,56,39.285714285714285,0.9291030160595382,-0.35553571428571473,-19.910000000000025,-1.9910000000000025,8.483500000000003,84.83500000000004,-0.5728313746198448,-0.8318211202999637,-2.0393827368746247,58.620689655172406,10,3,1.9310344827586208,ok
20,30,3,TP_FIJO,0,12:00,80,37.5,0.8698522131357954,-0.6654375000000006,-53.23500000000004,-5.323500000000004,13.809500000000002,138.09500000000003,-1.4117020838121268,-1.8124255228457264,-3.3498228980299682,48.275862068965516,14,4,2.7586206896551726,ok
20,30,3,TP_FIJO,0,14:00,80,37.5,0.8698522131357954,-0.6654375000000006,-53.23500000000004,-5.323500000000004,13.809500000000002,138.09500000000003,-1.4117020838121268,-1.8124255228457264,-3.3498228980299682,48.275862068965516,14,4,2.7586206896551726,ok
20,30,3,TP_FIJO,0,15:00,80,37.5,0.8698522131357954,-0.6654375000000006,-53.23500000000004,-5.323500000000004,13.809500000000002,138.09500000000003,-1.4117020838121268,-1.8124255228457264,-3.3498228980299682,48.275862068965516,14,4,2.7586206896551726,ok
20,40,1,TP_FIJO,0,12:00,29,41.37931034482759,1.3768714168714167,1.9834482758620684,57.51999999999998,5.751999999999998,4.273500000000001,42.735000000000014,2.3981846135289207,4.648066929469941,11.69600948911293,41.37931034482759,5,2,1.0,ok
20,40,1,TP_FIJO,0,14:00,29,41.37931034482759,1.3768714168714167,1.9834482758620684,57.51999999999998,5.751999999999998,4.273500000000001,42.735000000000014,2.3981846135289207,4.648066929469941,11.69600948911293,41.37931034482759,5,2,1.0,ok
20,40,1,TP_FIJO,0,15:00,29,41.37931034482759,1.3768714168714167,1.9834482758620684,57.51999999999998,5.751999999999998,4.273500000000001,42.735000000000014,2.3981846135289207,4.648066929469941,11.69600948911293,41.37931034482759,5,2,1.0,ok
20,40,2,TP_FIJO,0,12:00,56,33.92857142857143,0.9870199146514936,-0.07169642857142897,-4.015000000000022,-0.4015000000000022,9.3255,93.255,0.0070998251893393885,0.010716140387691446,-0.3741243420432317,55.172413793103445,10,3,1.9310344827586208,ok
20,40,2,TP_FIJO,0,14:00,56,33.92857142857143,0.9870199146514936,-0.07169642857142897,-4.015000000000022,-0.4015000000000022,9.3255,93.255,0.0070998251893393885,0.010716140387691446,-0.3741243420432317,55.172413793103445,10,3,1.9310344827586208,ok
20,40,2,TP_FIJO,0,15:00,56,33.92857142857143,0.9870199146514936,-0.07169642857142897,-4.015000000000022,-0.4015000000000022,9.3255,93.255,0.0070998251893393885,0.010716140387691446,-0.3741243420432317,55.172413793103445,10,3,1.9310344827586208,ok
20,40,3,TP_FIJO,0,12:00,80,32.5,0.9252689800635007,-0.4163125000000004,-33.305000000000035,-3.330500000000004,11.809500000000003,118.09500000000003,-0.7111495404124768,-0.9798837866404153,-2.45064537463264,41.37931034482759,14,4,2.7586206896551726,ok
20,40,3,TP_FIJO,0,14:00,80,32.5,0.9252689800635007,-0.4163125000000004,-33.305000000000035,-3.330500000000004,11.809500000000003,118.09500000000003,-0.7111495404124768,-0.9798837866404153,-2.45064537463264,41.37931034482759,14,4,2.7586206896551726,ok
20,40,3,TP_FIJO,0,15:00,80,32.5,0.9252689800635007,-0.4163125000000004,-33.305000000000035,-3.330500000000004,11.809500000000003,118.09500000000003,-0.7111495404124768,-0.9798837866404153,-2.45064537463264,41.37931034482759,14,4,2.7586206896551726,ok
20,60,1,TP_FIJO,0,12:00,29,34.48275862068966,1.5337694988857775,3.2212068965517244,93.415,9.341500000000002,5.062264610914591,50.875,2.9680247410936746,6.979695786792872,16.03519768960434,34.48275862068966,6,2,1.0,ok
20,60,1,TP_FIJO,0,14:00,29,34.48275862068966,1.5337694988857775,3.2212068965517244,93.415,9.341500000000002,5.062264610914591,50.875,2.9680247410936746,6.979695786792872,16.03519768960434,34.48275862068966,6,2,1.0,ok
20,60,1,TP_FIJO,0,15:00,29,34.48275862068966,1.5337694988857775,3.2212068965517244,93.415,9.341500000000002,5.062264610914591,50.875,2.9680247410936746,6.979695786792872,16.03519768960434,34.48275862068966,6,2,1.0,ok
20,60,2,TP_FIJO,0,12:00,56,30.357142857142854,1.2951831323924345,1.8449999999999995,103.31999999999998,10.331999999999999,9.3255,93.255,2.5344643697255673,4.689147643050281,9.627528523015313,51.724137931034484,10,3,1.9310344827586208,ok
20,60,2,TP_FIJO,0,14:00,56,30.357142857142854,1.2951831323924345,1.8449999999999995,103.31999999999998,10.331999999999999,9.3255,93.255,2.5344643697255673,4.689147643050281,9.627528523015313,51.724137931034484,10,3,1.9310344827586208,ok
20,60,2,TP_FIJO,0,15:00,56,30.357142857142854,1.2951831323924345,1.8449999999999995,103.31999999999998,10.331999999999999,9.3255,93.255,2.5344643697255673,4.689147643050281,9.627528523015313,51.724137931034484,10,3,1.9310344827586208,ok
20,60,3,TP_FIJO,0,12:00,80,28.749999999999996,1.1839764898588432,1.193375,95.47000000000001,9.547,11.5995,115.995,2.106950484080215,3.4798166497494525,7.1520443063092785,62.06896551724138,14,4,2.7586206896551726,ok
20,60,3,TP_FIJO,0,14:00,80,28.749999999999996,1.1839764898588432,1.193375,95.47000000000001,9.547,11.5995,115.995,2.106950484080215,3.4798166497494525,7.1520443063092785,62.06896551724138,14,4,2.7586206896551726,ok
20,60,3,TP_FIJO,0,15:00,80,28.749999999999996,1.1839764898588432,1.193375,95.47000000000001,9.547,11.5995,115.995,2.106950484080215,3.4798166497494525,7.1520443063092785,62.06896551724138,14,4,2.7586206896551726,ok
20,80,1,TP_FIJO,0,12:00,29,31.03448275862069,1.7255290481096928,4.7348275862068965,137.31,13.731000000000002,5.381567799722822,54.94500000000005,3.5238988429543117,9.719399713631798,22.17154175379139,31.03448275862069,6,2,1.0,ok
20,80,1,TP_FIJO,0,14:00,29,31.03448275862069,1.7255290481096928,4.7348275862068965,137.31,13.731000000000002,5.381567799722822,54.94500000000005,3.5238988429543117,9.719399713631798,22.17154175379139,31.03448275862069,6,2,1.0,ok
20,80,1,TP_FIJO,0,15:00,29,31.03448275862069,1.7255290481096928,4.7348275862068965,137.31,13.731000000000002,5.381567799722822,54.94500000000005,3.5238988429543117,9.719399713631798,22.17154175379139,31.03448275862069,6,2,1.0,ok
20,80,2,TP_FIJO,0,12:00,56,28.57142857142857,1.5782277879052071,3.9083035714285717,218.865,21.8865,8.444442248887267,85.47000000000003,4.015407148583373,9.035132482626842,22.522048505464706,48.275862068965516,10,3,1.9310344827586208,ok
20,80,2,TP_FIJO,0,14:00,56,28.57142857142857,1.5782277879052071,3.9083035714285717,218.865,21.8865,8.444442248887267,85.47000000000003,4.015407148583373,9.035132482626842,22.522048505464706,48.275862068965516,10,3,1.9310344827586208,ok
20,80,2,TP_FIJO,0,15:00,56,28.57142857142857,1.5782277879052071,3.9083035714285717,218.865,21.8865,8.444442248887267,85.47000000000003,4.015407148583373,9.035132482626842,22.522048505464706,48.275862068965516,10,3,1.9310344827586208,ok
20,80,3,TP_FIJO,0,12:00,80,25.0,1.3094648793178212,2.141187500000001,171.29500000000007,17.129500000000007,13.4375,134.375,2.9059431363614703,5.471954725082032,11.077168243785088,55.172413793103445,14,4,2.7586206896551726,ok
20,80,3,TP_FIJO,0,14:00,80,25.0,1.3094648793178212,2.141187500000001,171.29500000000007,17.129500000000007,13.4375,134.375,2.9059431363614703,5.471954725082032,11.077168243785088,55.172413793103445,14,4,2.7586206896551726,ok
20,80,3,TP_FIJO,0,15:00,80,25.0,1.3094648793178212,2.141187500000001,171.29500000000007,17.129500000000007,13.4375,134.375,2.9059431363614703,5.471954725082032,11.077168243785088,55.172413793103445,14,4,2.7586206896551726,ok
20,100,1,TP_FIJO,0,12:00,29,27.586206896551722,1.848794063079777,5.837068965517241,169.27499999999998,16.9275,6.279743679995361,65.11999999999989,3.687280876947436,11.598821829135247,23.423589469043925,27.586206896551722,7,2,1.0,ok
20,100,1,TP_FIJO,0,14:00,29,27.586206896551722,1.848794063079777,5.837068965517241,169.27499999999998,16.9275,6.279743679995361,65.11999999999989,3.687280876947436,11.598821829135247,23.423589469043925,27.586206896551722,7,2,1.0,ok
20,100,1,TP_FIJO,0,15:00,29,27.586206896551722,1.848794063079777,5.837068965517241,169.27499999999998,16.9275,6.279743679995361,65.11999999999989,3.687280876947436,11.598821829135247,23.423589469043925,27.586206896551722,7,2,1.0,ok
20,100,2,TP_FIJO,0,12:00,56,25.0,1.6075372893554714,4.371339285714286,244.79500000000002,24.4795,8.64164764584107,89.53999999999996,3.7016679237196315,9.294709018470543,24.615492613318665,41.37931034482759,10,3,1.9310344827586208,ok
20,100,2,TP_FIJO,0,14:00,56,25.0,1.6075372893554714,4.371339285714286,244.79500000000002,24.4795,8.64164764584107,89.53999999999996,3.7016679237196315,9.294709018470543,24.615492613318665,41.37931034482759,10,3,1.9310344827586208,ok
20,100,2,TP_FIJO,0,15:00,56,25.0,1.6075372893554714,4.371339285714286,244.79500000000002,24.4795,8.64164764584107,89.53999999999996,3.7016679237196315,9.294709018470543,24.615492613318665,41.37931034482759,10,3,1.9310344827586208,ok
20,100,3,TP_FIJO,0,12:00,80,22.5,1.440237028472322,3.2363750000000002,258.91,25.891000000000002,11.5995,115.995,3.696519654742193,7.613358630407932,19.39599655752106,51.724137931034484,14,3,2.7586206896551726,ok
20,100,3,TP_FIJO,0,14:00,80,22.5,1.440237028472322,3.2363750000000002,258.91,25.891000000000002,11.5995,115.995,3.696519654742193,7.613358630407932,19.39599655752106,51.724137931034484,14,3,2.7586206896551726,ok
20,100,3,TP_FIJO,0,15:00,80,22.5,1.440237028472322,3.2363750000000002,258.91,25.891000000000002,11.5995,115.995,3.696519654742193,7.613358630407932,19.39599655752106,51.724137931034484,14,3,2.7586206896551726,ok
25,20,1,TP_FIJO,0,12:00,29,51.724137931034484,0.8112013210403188,-0.7096551724137938,-20.58000000000002,-2.058000000000002,3.8264999999999985,38.264999999999986,-1.536822618269085,-1.9831805333971566,-4.673542491788218,51.724137931034484,4,3,1.0,ok
25,20,1,TP_FIJO,0,14:00,29,51.724137931034484,0.8112013210403188,-0.7096551724137938,-20.58000000000002,-2.058000000000002,3.8264999999999985,38.264999999999986,-1.536822618269085,-1.9831805333971566,-4.673542491788218,51.724137931034484,4,3,1.0,ok
25,20,1,TP_FIJO,0,15:00,29,51.724137931034484,0.8112013210403188,-0.7096551724137938,-20.58000000000002,-2.058000000000002,3.8264999999999985,38.264999999999986,-1.536822618269085,-1.9831805333971566,-4.673542491788218,51.724137931034484,4,3,1.0,ok
25,20,2,TP_FIJO,0,12:00,56,50.0,0.7660285415941527,-0.9002678571428575,-50.41500000000002,-5.041500000000002,8.979000000000008,89.79000000000008,-2.7288141975106757,-3.411146258522832,-4.87903959814279,27.586206896551722,8,4,1.9310344827586208,ok
25,20,2,TP_FIJO,0,14:00,56,50.0,0.7660285415941527,-0.9002678571428575,-50.41500000000002,-5.041500000000002,8.979000000000008,89.79000000000008,-2.7288141975106757,-3.411146258522832,-4.87903959814279,27.586206896551722,8,4,1.9310344827586208,ok
25,20,2,TP_FIJO,0,15:00,56,50.0,0.7660285415941527,-0.9002678571428575,-50.41500000000002,-5.041500000000002,8.979000000000008,89.79000000000008,-2.7288141975106757,-3.411146258522832,-4.87903959814279,27.586206896551722,8,4,1.9310344827586208,ok
25,20,3,TP_FIJO,0,12:00,81,44.44444444444444,0.6155586494953009,-1.6362962962962966,-132.54000000000002,-13.254000000000001,14.379000000000008,143.79000000000008,-6.158634846055624,-6.177904029543138,-8.009784383835617,51.724137931034484,12,4,2.793103448275862,ok
25,20,3,TP_FIJO,0,14:00,81,44.44444444444444,0.6155586494953009,-1.6362962962962966,-132.54000000000002,-13.254000000000001,14.379000000000008,143.79000000000008,-6.158634846055624,-6.177904029543138,-8.009784383835617,51.724137931034484,12,4,2.793103448275862,ok
25,20,3,TP_FIJO,0,15:00,81,44.44444444444444,0.6155586494953009,-1.6362962962962966,-132.54000000000002,-13.254000000000001,14.379000000000008,143.79000000000008,-6.158634846055624,-6.177904029543138,-8.009784383835617,51.724137931034484,12,4,2.793103448275862,ok
25,30,1,TP_FIJO,0,12:00,29,51.724137931034484,1.1696252465483232,0.6820689655172409,19.779999999999987,1.9779999999999989,3.295500000000004,32.95500000000004,1.2618681491486807,1.9318530729621533,5.215638880605204,51.724137931034484,4,3,1.0,ok
25,30,1,TP_FIJO,0,14:00,29,51.724137931034484,1.1696252465483232,0.6820689655172409,19.779999999999987,1.9779999999999989,3.295500000000004,32.95500000000004,1.2618681491486807,1.9318530729621533,5.215638880605204,51.724137931034484,4,3,1.0,ok
25,30,1,TP_FIJO,0,15:00,29,51.724137931034484,1.1696252465483232,0.6820689655172409,19.779999999999987,1.9779999999999989,3.295500000000004,32.95500000000004,1.2618681491486807,1.9318530729621533,5.215638880605204,51.724137931034484,4,3,1.0,ok
25,30,2,TP_FIJO,0,12:00,56,48.214285714285715,1.0700826723739982,0.29821428571428527,16.699999999999974,1.6699999999999975,7.2135000000000105,72.1350000000001,0.7880466966330348,1.1517886743739936,2.011745219093504,72.41379310344827,8,4,1.9310344827586208,ok
25,30,2,TP_FIJO,0,14:00,56,48.214285714285715,1.0700826723739982,0.29821428571428527,16.699999999999974,1.6699999999999975,7.2135000000000105,72.1350000000001,0.7880466966330348,1.1517886743739936,2.011745219093504,72.41379310344827,8,4,1.9310344827586208,ok
25,30,2,TP_FIJO,0,15:00,56,48.214285714285715,1.0700826723739982,0.29821428571428527,16.699999999999974,1.6699999999999975,7.2135000000000105,72.1350000000001,0.7880466966330348,1.1517886743739936,2.011745219093504,72.41379310344827,8,4,1.9310344827586208,ok
25,30,3,TP_FIJO,0,12:00,80,43.75,0.9030194918203963,-0.4179375000000006,-33.435000000000045,-3.343500000000005,12.408000000000015,124.08000000000015,-1.1204569788175993,-1.374429746369195,-2.341542719935971,58.620689655172406,12,4,2.7586206896551726,ok
25,30,3,TP_FIJO,0,14:00,80,43.75,0.9030194918203963,-0.4179375000000006,-33.435000000000045,-3.343500000000005,12.408000000000015,124.08000000000015,-1.1204569788175993,-1.374429746369195,-2.341542719935971,58.620689655172406,12,4,2.7586206896551726,ok
25,30,3,TP_FIJO,0,15:00,80,43.75,0.9030194918203963,-0.4179375000000006,-33.435000000000045,-3.343500000000005,12.408000000000015,124.08000000000015,-1.1204569788175993,-1.374429746369195,-2.341542719935971,58.620689655172406,12,4,2.7586206896551726,ok
25,40,1,TP_FIJO,0,12:00,29,48.275862068965516,1.4437869822485212,2.0172413793103443,58.499999999999986,5.849999999999998,3.295500000000004,32.95500000000004,2.799868230918687,5.046297474455177,15.425423382983038,48.275862068965516,4,3,1.0,ok
25,40,1,TP_FIJO,0,14:00,29,48.275862068965516,1.4437869822485212,2.0172413793103443,58.499999999999986,5.849999999999998,3.295500000000004,32.95500000000004,2.799868230918687,5.046297474455177,15.425423382983038,48.275862068965516,4,3,1.0,ok
25,40,1,TP_FIJO,0,15:00,29,48.275862068965516,1.4437869822485212,2.0172413793103443,58.499999999999986,5.849999999999998,3.295500000000004,32.95500000000004,2.799868230918687,5.046297474455177,15.425423382983038,48.275862068965516,4,3,1.0,ok
25,40,2,TP_FIJO,0,12:00,56,41.07142857142857,1.072527472527473,0.34473214285714227,19.304999999999968,1.9304999999999968,7.9950000000000045,79.95000000000005,0.8386836651344907,1.2528775087804074,2.0982338099243014,65.51724137931035,8,4,1.9310344827586208,ok
25,40,2,TP_FIJO,0,14:00,56,41.07142857142857,1.072527472527473,0.34473214285714227,19.304999999999968,1.9304999999999968,7.9950000000000045,79.95000000000005,0.8386836651344907,1.2528775087804074,2.0982338099243014,65.51724137931035,8,4,1.9310344827586208,ok
25,40,2,TP_FIJO,0,15:00,56,41.07142857142857,1.072527472527473,0.34473214285714227,19.304999999999968,1.9304999999999968,7.9950000000000045,79.95000000000005,0.8386836651344907,1.2528775087804074,2.0982338099243014,65.51724137931035,8,4,1.9310344827586208,ok
25,40,3,TP_FIJO,0,12:00,80,36.25,0.8836163836163832,-0.5679375000000009,-45.435000000000066,-4.543500000000007,12.558000000000016,125.58000000000015,-1.324582847247834,-1.6923997373924748,-3.1439280359820096,48.275862068965516,12,4,2.7586206896551726,ok
25,40,3,TP_FIJO,0,14:00,80,36.25,0.8836163836163832,-0.5679375000000009,-45.435000000000066,-4.543500000000007,12.558000000000016,125.58000000000015,-1.324582847247834,-1.6923997373924748,-3.1439280359820096,48.275862068965516,12,4,2.7586206896551726,ok
25,40,3,TP_FIJO,0,15:00,80,36.25,0.8836163836163832,-0.5679375000000009,-45.435000000000066,-4.543500000000007,12.558000000000016,125.58000000000015,-1.324582847247834,-1.6923997373924748,-3.1439280359820096,48.275862068965516,12,4,2.7586206896551726,ok
25,60,1,TP_FIJO,0,12:00,29,41.37931034482759,1.6319590252592733,3.425,99.32499999999999,9.932499999999997,5.185084177871705,53.2349999999999,3.536311374058405,7.686232267663242,16.645824260355056,41.37931034482759,6,3,1.0,ok
25,60,1,TP_FIJO,0,14:00,29,41.37931034482759,1.6319590252592733,3.425,99.32499999999999,9.932499999999997,5.185084177871705,53.2349999999999,3.536311374058405,7.686232267663242,16.645824260355056,41.37931034482759,6,3,1.0,ok
25,60,1,TP_FIJO,0,15:00,29,41.37931034482759,1.6319590252592733,3.425,99.32499999999999,9.932499999999997,5.185084177871705,53.2349999999999,3.536311374058405,7.686232267663242,16.645824260355056,41.37931034482759,6,3,1.0,ok
25,60,2,TP_FIJO,0,12:00,56,37.5,1.443472063381566,2.388928571428571,133.77999999999997,13.377999999999998,7.853787727363586,78.58500000000004,3.7745653970935535,6.972019339960043,14.801801491466511,62.06896551724138,10,4,1.9310344827586208,ok
25,60,2,TP_FIJO,0,14:00,56,37.5,1.443472063381566,2.388928571428571,133.77999999999997,13.377999999999998,7.853787727363586,78.58500000000004,3.7745653970935535,6.972019339960043,14.801801491466511,62.06896551724138,10,4,1.9310344827586208,ok
25,60,2,TP_FIJO,0,15:00,56,37.5,1.443472063381566,2.388928571428571,133.77999999999997,13.377999999999998,7.853787727363586,78.58500000000004,3.7745653970935535,6.972019339960043,14.801801491466511,62.06896551724138,10,4,1.9310344827586208,ok
25,60,3,TP_FIJO,0,12:00,80,33.75,1.222029705667615,1.2734374999999991,101.87499999999993,10.187499999999993,11.079000000000008,110.79000000000008,2.395530222162537,4.151501142503473,7.990419899717067,68.96551724137932,12,4,2.7586206896551726,ok
25,60,3,TP_FIJO,0,14:00,80,33.75,1.222029705667615,1.2734374999999991,101.87499999999993,10.187499999999993,11.079000000000008,110.79000000000008,2.395530222162537,4.151501142503473,7.990419899717067,68.96551724137932,12,4,2.7586206896551726,ok
25,60,3,TP_FIJO,0,15:00,80,33.75,1.222029705667615,1.2734374999999991,101.87499999999993,10.187499999999993,11.079000000000008,110.79000000000008,2.395530222162537,4.151501142503473,7.990419899717067,68.96551724137932,12,4,2.7586206896551726,ok
25,80,1,TP_FIJO,0,12:00,29,37.93103448275862,1.8944483118691264,5.316724137931034,154.185,15.418499999999998,5.570390610445254,58.30499999999995,4.342328584422987,11.18155953739524,24.052433239534096,37.93103448275862,6,3,1.0,ok
25,80,1,TP_FIJO,0,14:00,29,37.93103448275862,1.8944483118691264,5.316724137931034,154.185,15.418499999999998,5.570390610445254,58.30499999999995,4.342328584422987,11.18155953739524,24.052433239534096,37.93103448275862,6,3,1.0,ok
25,80,1,TP_FIJO,0,15:00,29,37.93103448275862,1.8944483118691264,5.316724137931034,154.185,15.418499999999998,5.570390610445254,58.30499999999995,4.342328584422987,11.18155953739524,24.052433239534096,37.93103448275862,6,3,1.0,ok
25,80,2,TP_FIJO,0,12:00,56,35.714285714285715,1.7748769140430911,4.595089285714285,257.32499999999993,25.73249999999999,8.34717426990069,86.19000000000005,5.867402271648724,12.500250703645909,26.78829319886695,62.06896551724138,10,3,1.9310344827586208,ok
25,80,2,TP_FIJO,0,14:00,56,35.714285714285715,1.7748769140430911,4.595089285714285,257.32499999999993,25.73249999999999,8.34717426990069,86.19000000000005,5.867402271648724,12.500250703645909,26.78829319886695,62.06896551724138,10,3,1.9310344827586208,ok
25,80,2,TP_FIJO,0,15:00,56,35.714285714285715,1.7748769140430911,4.595089285714285,257.32499999999993,25.73249999999999,8.34717426990069,86.19000000000005,5.867402271648724,12.500250703645909,26.78829319886695,62.06896551724138,10,3,1.9310344827586208,ok
25,80,3,TP_FIJO,0,12:00,80,30.0,1.390994822485207,2.378812499999999,190.30499999999992,19.030499999999993,11.229000000000008,112.29000000000008,4.113732248432804,7.297214736450419,14.726910923378796,68.96551724137932,13,4,2.7586206896551726,ok
25,80,3,TP_FIJO,0,14:00,80,30.0,1.390994822485207,2.378812499999999,190.30499999999992,19.030499999999993,11.229000000000008,112.29000000000008,4.113732248432804,7.297214736450419,14.726910923378796,68.96551724137932,13,4,2.7586206896551726,ok
25,80,3,TP_FIJO,0,15:00,80,30.0,1.390994822485207,2.378812499999999,190.30499999999992,19.030499999999993,11.229000000000008,112.29000000000008,4.113732248432804,7.297214736450419,14.726910923378796,68.96551724137932,13,4,2.7586206896551726,ok
25,100,1,TP_FIJO,0,12:00,29,34.48275862068966,1.9924076625867986,6.3327586206896544,183.64999999999998,18.365,6.654198247859034,70.9799999999999,4.43376094994581,12.698442819507926,23.982681503774767,34.48275862068966,7,3,1.0,ok
25,100,1,TP_FIJO,0,14:00,29,34.48275862068966,1.9924076625867986,6.3327586206896544,183.64999999999998,18.365,6.654198247859034,70.9799999999999,4.43376094994581,12.698442819507926,23.982681503774767,34.48275862068966,7,3,1.0,ok
25,100,1,TP_FIJO,0,15:00,29,34.48275862068966,1.9924076625867986,6.3327586206896544,183.64999999999998,18.365,6.654198247859034,70.9799999999999,4.43376094994581,12.698442819507926,23.982681503774767,34.48275862068966,7,3,1.0,ok
25,100,2,TP_FIJO,0,12:00,56,33.92857142857143,2.0216398985629755,6.4746428571428565,362.58,36.257999999999996,8.621104986467538,91.2600000000001,6.530501720399425,15.572998349628039,36.54630325647823,58.620689655172406,10,3,1.9310344827586208,ok
25,100,2,TP_FIJO,0,14:00,56,33.92857142857143,2.0216398985629755,6.4746428571428565,362.58,36.257999999999996,8.621104986467538,91.2600000000001,6.530501720399425,15.572998349628039,36.54630325647823,58.620689655172406,10,3,1.9310344827586208,ok
25,100,2,TP_FIJO,0,15:00,56,33.92857142857143,2.0216398985629755,6.4746428571428565,362.58,36.257999999999996,8.621104986467538,91.2600000000001,6.530501720399425,15.572998349628039,36.54630325647823,58.620689655172406,10,3,1.9310344827586208,ok
25,100,3,TP_FIJO,0,12:00,80,27.500000000000004,1.5265889201662166,3.4373749999999994,274.98999999999995,27.498999999999995,10.284738886277621,103.93500000000006,5.051464663604788,9.816221267918397,23.234117096063006,65.51724137931035,13,2,2.7586206896551726,ok
25,100,3,TP_FIJO,0,14:00,80,27.500000000000004,1.5265889201662166,3.4373749999999994,274.98999999999995,27.498999999999995,10.284738886277621,103.93500000000006,5.051464663604788,9.816221267918397,23.234117096063006,65.51724137931035,13,2,2.7586206896551726,ok
25,100,3,TP_FIJO,0,15:00,80,27.500000000000004,1.5265889201662166,3.4373749999999994,274.98999999999995,27.498999999999995,10.284738886277621,103.93500000000006,5.051464663604788,9.816221267918397,23.234117096063006,65.51724137931035,13,2,2.7586206896551726,ok
30,20,1,TP_FIJO,0,12:00,29,55.172413793103445,0.7968571790647571,-0.8291379310344835,-24.045000000000023,-2.4045000000000023,4.604999999999995,46.049999999999955,-1.6423026267951444,-2.055081784528069,-4.537302033022585,55.172413793103445,4,4,1.0,ok
30,20,1,TP_FIJO,0,14:00,29,55.172413793103445,0.7968571790647571,-0.8291379310344835,-24.045000000000023,-2.4045000000000023,4.604999999999995,46.049999999999955,-1.6423026267951444,-2.055081784528069,-4.537302033022585,55.172413793103445,4,4,1.0,ok
30,20,1,TP_FIJO,0,15:00,29,55.172413793103445,0.7968571790647571,-0.8291379310344835,-24.045000000000023,-2.4045000000000023,4.604999999999995,46.049999999999955,-1.6423026267951444,-2.055081784528069,-4.537302033022585,55.172413793103445,4,4,1.0,ok
30,20,2,TP_FIJO,0,12:00,56,51.78571428571429,0.6389274256481403,-1.4872321428571433,-83.28500000000003,-8.328500000000002,11.690499999999997,116.90499999999997,-4.197484946945221,-4.814241258420942,-6.190649938278801,31.03448275862069,8,8,1.9310344827586208,ok
30,20,2,TP_FIJO,0,14:00,56,51.78571428571429,0.6389274256481403,-1.4872321428571433,-83.28500000000003,-8.328500000000002,11.690499999999997,116.90499999999997,-4.197484946945221,-4.814241258420942,-6.190649938278801,31.03448275862069,8,8,1.9310344827586208,ok
30,20,2,TP_FIJO,0,15:00,56,51.78571428571429,0.6389274256481403,-1.4872321428571433,-83.28500000000003,-8.328500000000002,11.690499999999997,116.90499999999997,-4.197484946945221,-4.814241258420942,-6.190649938278801,31.03448275862069,8,8,1.9310344827586208,ok
30,20,3,TP_FIJO,0,12:00,81,50.617283950617285,0.5879870893991863,-1.5129012345679014,-122.54500000000002,-12.254500000000002,13.297500000000001,132.97500000000002,-6.635415714164636,-6.371929769968317,-8.008075150242139,55.172413793103445,8,4,2.793103448275862,ok
30,20,3,TP_FIJO,0,14:00,81,50.617283950617285,0.5879870893991863,-1.5129012345679014,-122.54500000000002,-12.254500000000002,13.297500000000001,132.97500000000002,-6.635415714164636,-6.371929769968317,-8.008075150242139,55.172413793103445,8,4,2.793103448275862,ok
30,20,3,TP_FIJO,0,15:00,81,50.617283950617285,0.5879870893991863,-1.5129012345679014,-122.54500000000002,-12.254500000000002,13.297500000000001,132.97500000000002,-6.635415714164636,-6.371929769968317,-8.008075150242139,55.172413793103445,8,4,2.793103448275862,ok
30,30,1,TP_FIJO,0,12:00,29,51.724137931034484,1.0467168745587194,0.20534482758620648,5.954999999999988,0.5954999999999987,3.7049999999999956,37.049999999999955,0.4204469448964103,0.610865959444549,1.3966773698171142,51.724137931034484,4,3,1.0,ok
30,30,1,TP_FIJO,0,14:00,29,51.724137931034484,1.0467168745587194,0.20534482758620648,5.954999999999988,0.5954999999999987,3.7049999999999956,37.049999999999955,0.4204469448964103,0.610865959444549,1.3966773698171142,51.724137931034484,4,3,1.0,ok
30,30,1,TP_FIJO,0,15:00,29,51.724137931034484,1.0467168745587194,0.20534482758620648,5.954999999999988,0.5954999999999987,3.7049999999999956,37.049999999999955,0.4204469448964103,0.610865959444549,1.3966773698171142,51.724137931034484,4,3,1.0,ok
30,30,2,TP_FIJO,0,12:00,56,48.214285714285715,0.909560870306198,-0.42642857142857177,-23.88000000000002,-2.388000000000002,9.231000000000005,92.31000000000006,-0.8694633215600582,-1.1910996110342615,-2.247957594163595,27.586206896551722,8,4,1.9310344827586208,ok
30,30,2,TP_FIJO,0,14:00,56,48.214285714285715,0.909560870306198,-0.42642857142857177,-23.88000000000002,-2.388000000000002,9.231000000000005,92.31000000000006,-0.8694633215600582,-1.1910996110342615,-2.247957594163595,27.586206896551722,8,4,1.9310344827586208,ok
30,30,2,TP_FIJO,0,15:00,56,48.214285714285715,0.909560870306198,-0.42642857142857177,-23.88000000000002,-2.388000000000002,9.231000000000005,92.31000000000006,-0.8694633215600582,-1.1910996110342615,-2.247957594163595,27.586206896551722,8,4,1.9310344827586208,ok
30,30,3,TP_FIJO,0,12:00,80,46.25,0.79931106784484,-0.9212500000000006,-73.70000000000005,-7.3700000000000045,12.597500000000004,125.97500000000002,-2.731802203214105,-3.069588664734461,-5.08376730467868,55.172413793103445,9,4,2.7586206896551726,ok
30,30,3,TP_FIJO,0,14:00,80,46.25,0.79931106784484,-0.9212500000000006,-73.70000000000005,-7.3700000000000045,12.597500000000004,125.97500000000002,-2.731802203214105,-3.069588664734461,-5.08376730467868,55.172413793103445,9,4,2.7586206896551726,ok
30,30,3,TP_FIJO,0,15:00,80,46.25,0.79931106784484,-0.9212500000000006,-73.70000000000005,-7.3700000000000045,12.597500000000004,125.97500000000002,-2.731802203214105,-3.069588664734461,-5.08376730467868,55.172413793103445,9,4,2.7586206896551726,ok
30,40,1,TP_FIJO,0,12:00,29,48.275862068965516,1.2193300384404173,1.0329310344827582,29.95499999999999,2.9954999999999994,3.641999999999996,36.41999999999996,1.5787027122605044,2.583064355499194,7.14713401124809,48.275862068965516,4,3,1.0,ok
30,40,1,TP_FIJO,0,14:00,29,48.275862068965516,1.2193300384404173,1.0329310344827582,29.95499999999999,2.9954999999999994,3.641999999999996,36.41999999999996,1.5787027122605044,2.583064355499194,7.14713401124809,48.275862068965516,4,3,1.0,ok
30,40,1,TP_FIJO,0,15:00,29,48.275862068965516,1.2193300384404173,1.0329310344827582,29.95499999999999,2.9954999999999994,3.641999999999996,36.41999999999996,1.5787027122605044,2.583064355499194,7.14713401124809,48.275862068965516,4,3,1.0,ok
30,40,2,TP_FIJO,0,12:00,56,42.857142857142854,0.9798187808896212,-0.10500000000000043,-5.880000000000024,-0.5880000000000024,8.341500000000007,83.41500000000008,-0.1062110009500215,-0.15005243061533446,-0.6125417780230566,68.96551724137932,8,4,1.9310344827586208,ok
30,40,2,TP_FIJO,0,14:00,56,42.857142857142854,0.9798187808896212,-0.10500000000000043,-5.880000000000024,-0.5880000000000024,8.341500000000007,83.41500000000008,-0.1062110009500215,-0.15005243061533446,-0.6125417780230566,68.96551724137932,8,4,1.9310344827586208,ok
30,40,2,TP_FIJO,0,15:00,56,42.857142857142854,0.9798187808896212,-0.10500000000000043,-5.880000000000024,-0.5880000000000024,8.341500000000007,83.41500000000008,-0.1062110009500215,-0.15005243061533446,-0.6125417780230566,68.96551724137932,8,4,1.9310344827586208,ok
30,40,3,TP_FIJO,0,12:00,80,40.0,0.804682090585679,-1.0225625000000007,-81.80500000000006,-8.180500000000006,11.40100000000001,114.0100000000001,-2.599375149819602,-3.069042627070079,-6.235042903072626,51.724137931034484,9,4,2.7586206896551726,ok
30,40,3,TP_FIJO,0,14:00,80,40.0,0.804682090585679,-1.0225625000000007,-81.80500000000006,-8.180500000000006,11.40100000000001,114.0100000000001,-2.599375149819602,-3.069042627070079,-6.235042903072626,51.724137931034484,9,4,2.7586206896551726,ok
30,40,3,TP_FIJO,0,15:00,80,40.0,0.804682090585679,-1.0225625000000007,-81.80500000000006,-8.180500000000006,11.40100000000001,114.0100000000001,-2.599375149819602,-3.069042627070079,-6.235042903072626,51.724137931034484,9,4,2.7586206896551726,ok
30,60,1,TP_FIJO,0,12:00,29,41.37931034482759,1.387343734858029,2.0674137931034484,59.955,5.9955,5.370282079890687,54.629999999999995,2.464139593847798,4.8017454113115425,9.701320491393512,41.37931034482759,6,3,1.0,ok
30,60,1,TP_FIJO,0,14:00,29,41.37931034482759,1.387343734858029,2.0674137931034484,59.955,5.9955,5.370282079890687,54.629999999999995,2.464139593847798,4.8017454113115425,9.701320491393512,41.37931034482759,6,3,1.0,ok
30,60,1,TP_FIJO,0,15:00,29,41.37931034482759,1.387343734858029,2.0674137931034484,59.955,5.9955,5.370282079890687,54.629999999999995,2.464139593847798,4.8017454113115425,9.701320491393512,41.37931034482759,6,3,1.0,ok
30,60,2,TP_FIJO,0,12:00,56,37.5,1.160524044873303,0.9134821428571424,51.15499999999997,5.115499999999997,10.141500000000008,101.41500000000008,1.625685420678273,2.618571511634538,4.383171230536183,62.06896551724138,10,4,1.9310344827586208,ok
30,60,2,TP_FIJO,0,14:00,56,37.5,1.160524044873303,0.9134821428571424,51.15499999999997,5.115499999999997,10.141500000000008,101.41500000000008,1.625685420678273,2.618571511634538,4.383171230536183,62.06896551724138,10,4,1.9310344827586208,ok
30,60,2,TP_FIJO,0,15:00,56,37.5,1.160524044873303,0.9134821428571424,51.15499999999997,5.115499999999997,10.141500000000008,101.41500000000008,1.625685420678273,2.618571511634538,4.383171230536183,62.06896551724138,10,4,1.9310344827586208,ok
30,60,3,TP_FIJO,0,12:00,80,35.0,1.0236477210323993,0.12918749999999926,10.33499999999994,1.0334999999999939,13.794000000000006,137.94000000000005,0.4215966768233887,0.6372745942691339,0.6510626809257357,41.37931034482759,12,4,2.7586206896551726,ok
30,60,3,TP_FIJO,0,14:00,80,35.0,1.0236477210323993,0.12918749999999926,10.33499999999994,1.0334999999999939,13.794000000000006,137.94000000000005,0.4215966768233887,0.6372745942691339,0.6510626809257357,41.37931034482759,12,4,2.7586206896551726,ok
30,60,3,TP_FIJO,0,15:00,80,35.0,1.0236477210323993,0.12918749999999926,10.33499999999994,1.0334999999999939,13.794000000000006,137.94000000000005,0.4215966768233887,0.6372745942691339,0.6510626809257357,41.37931034482759,12,4,2.7586206896551726,ok
30,80,1,TP_FIJO,0,12:00,29,37.93103448275862,1.6037891268533775,3.4122413793103443,98.95499999999998,9.895499999999998,5.276909776723844,54.63000000000011,3.3549119166666665,7.650060511086542,16.29523459694367,37.93103448275862,6,3,1.0,ok
30,80,1,TP_FIJO,0,14:00,29,37.93103448275862,1.6037891268533775,3.4122413793103443,98.95499999999998,9.895499999999998,5.276909776723844,54.63000000000011,3.3549119166666665,7.650060511086542,16.29523459694367,37.93103448275862,6,3,1.0,ok
30,80,1,TP_FIJO,0,15:00,29,37.93103448275862,1.6037891268533775,3.4122413793103443,98.95499999999998,9.895499999999998,5.276909776723844,54.63000000000011,3.3549119166666665,7.650060511086542,16.29523459694367,37.93103448275862,6,3,1.0,ok
30,80,2,TP_FIJO,0,12:00,56,35.714285714285715,1.4579901153212513,2.6807142857142856,150.12,15.012,8.982523294874396,91.05000000000007,3.9251444114616945,7.170945261350854,14.522545521558815,62.06896551724138,10,3,1.9310344827586208,ok
30,80,2,TP_FIJO,0,14:00,56,35.714285714285715,1.4579901153212513,2.6807142857142856,150.12,15.012,8.982523294874396,91.05000000000007,3.9251444114616945,7.170945261350854,14.522545521558815,62.06896551724138,10,3,1.9310344827586208,ok
30,80,2,TP_FIJO,0,15:00,56,35.714285714285715,1.4579901153212513,2.6807142857142856,150.12,15.012,8.982523294874396,91.05000000000007,3.9251444114616945,7.170945261350854,14.522545521558815,62.06896551724138,10,3,1.9310344827586208,ok
30,80,3,TP_FIJO,0,12:00,80,31.25,1.160784437967304,0.951562499999999,76.12499999999991,7.612499999999992,13.697500000000002,136.97500000000002,1.8836218328866714,2.9957215186757558,4.829348421244746,65.51724137931035,13,4,2.7586206896551726,ok
30,80,3,TP_FIJO,0,14:00,80,31.25,1.160784437967304,0.951562499999999,76.12499999999991,7.612499999999992,13.697500000000002,136.97500000000002,1.8836218328866714,2.9957215186757558,4.829348421244746,65.51724137931035,13,4,2.7586206896551726,ok
30,80,3,TP_FIJO,0,15:00,80,31.25,1.160784437967304,0.951562499999999,76.12499999999991,7.612499999999992,13.697500000000002,136.97500000000002,1.8836218328866714,2.9957215186757558,4.829348421244746,65.51724137931035,13,4,2.7586206896551726,ok
30,100,1,TP_FIJO,0,12:00,29,34.48275862068966,1.7280846267233159,4.343275862068965,125.95499999999998,12.595499999999998,6.051183700208411,63.73500000000013,3.675006880578101,9.437162996119847,18.087461420212424,34.48275862068966,7,3,1.0,ok
30,100,1,TP_FIJO,0,14:00,29,34.48275862068966,1.7280846267233159,4.343275862068965,125.95499999999998,12.595499999999998,6.051183700208411,63.73500000000013,3.675006880578101,9.437162996119847,18.087461420212424,34.48275862068966,7,3,1.0,ok
30,100,1,TP_FIJO,0,15:00,29,34.48275862068966,1.7280846267233159,4.343275862068965,125.95499999999998,12.595499999999998,6.051183700208411,63.73500000000013,3.675006880578101,9.437162996119847,18.087461420212424,34.48275862068966,7,3,1.0,ok
30,100,2,TP_FIJO,0,12:00,56,33.92857142857143,1.6852648306629148,4.196696428571427,235.01499999999993,23.501499999999993,8.774761838218648,91.05000000000007,5.014709615412719,10.516572295290356,23.273558279952255,58.620689655172406,10,3,1.9310344827586208,ok
30,100,2,TP_FIJO,0,14:00,56,33.92857142857143,1.6852648306629148,4.196696428571427,235.01499999999993,23.501499999999993,8.774761838218648,91.05000000000007,5.014709615412719,10.516572295290356,23.273558279952255,58.620689655172406,10,3,1.9310344827586208,ok
30,100,2,TP_FIJO,0,15:00,56,33.92857142857143,1.6852648306629148,4.196696428571427,235.01499999999993,23.501499999999993,8.774761838218648,91.05000000000007,5.014709615412719,10.516572295290356,23.273558279952255,58.620689655172406,10,3,1.9310344827586208,ok
30,100,3,TP_FIJO,0,12:00,80,28.749999999999996,1.3054326035608659,1.9234999999999984,153.87999999999988,15.387999999999987,12.408000000000003,124.08000000000004,3.0354931596531998,5.23457641345258,10.77662909357699,65.51724137931035,13,2,2.7586206896551726,ok
30,100,3,TP_FIJO,0,14:00,80,28.749999999999996,1.3054326035608659,1.9234999999999984,153.87999999999988,15.387999999999987,12.408000000000003,124.08000000000004,3.0354931596531998,5.23457641345258,10.77662909357699,65.51724137931035,13,2,2.7586206896551726,ok
30,100,3,TP_FIJO,0,15:00,80,28.749999999999996,1.3054326035608659,1.9234999999999984,153.87999999999988,15.387999999999987,12.408000000000003,124.08000000000004,3.0354931596531998,5.23457641345258,10.77662909357699,65.51724137931035,13,2,2.7586206896551726,ok
40,20,1,TP_FIJO,0,12:00,29,65.51724137931035,0.9252788104089222,-0.2079310344827588,-6.030000000000005,-0.6030000000000005,3.290999999999997,32.90999999999997,-0.5158723507583104,-0.6334123877568573,-1.5921792977713543,65.51724137931035,3,4,1.0,ok
40,20,1,TP_FIJO,0,14:00,29,65.51724137931035,0.9252788104089222,-0.2079310344827588,-6.030000000000005,-0.6030000000000005,3.290999999999997,32.90999999999997,-0.5158723507583104,-0.6334123877568573,-1.5921792977713543,65.51724137931035,3,4,1.0,ok
40,20,1,TP_FIJO,0,15:00,29,65.51724137931035,0.9252788104089222,-0.2079310344827588,-6.030000000000005,-0.6030000000000005,3.290999999999997,32.90999999999997,-0.5158723507583104,-0.6334123877568573,-1.5921792977713543,65.51724137931035,3,4,1.0,ok
40,20,2,TP_FIJO,0,12:00,56,64.28571428571429,0.8765799256505579,-0.3557142857142859,-19.920000000000012,-1.9920000000000013,6.996000000000004,69.96000000000004,-1.319267537855339,-1.7225459330564574,-2.474241438457444,41.37931034482759,4,8,1.9310344827586208,ok
40,20,2,TP_FIJO,0,14:00,56,64.28571428571429,0.8765799256505579,-0.3557142857142859,-19.920000000000012,-1.9920000000000013,6.996000000000004,69.96000000000004,-1.319267537855339,-1.7225459330564574,-2.474241438457444,41.37931034482759,4,8,1.9310344827586208,ok
40,20,2,TP_FIJO,0,15:00,56,64.28571428571429,0.8765799256505579,-0.3557142857142859,-19.920000000000012,-1.9920000000000013,6.996000000000004,69.96000000000004,-1.319267537855339,-1.7225459330564574,-2.474241438457444,41.37931034482759,4,8,1.9310344827586208,ok
40,20,3,TP_FIJO,0,12:00,81,62.96296296296296,0.8278810408921936,-0.5144444444444447,-41.67000000000002,-4.1670000000000025,9.416999999999996,94.16999999999996,-2.3276882319557726,-2.8680119049758632,-3.8451516516351605,27.586206896551722,4,9,2.793103448275862,ok
40,20,3,TP_FIJO,0,14:00,81,62.96296296296296,0.8278810408921936,-0.5144444444444447,-41.67000000000002,-4.1670000000000025,9.416999999999996,94.16999999999996,-2.3276882319557726,-2.8680119049758632,-3.8451516516351605,27.586206896551722,4,9,2.793103448275862,ok
40,20,3,TP_FIJO,0,15:00,81,62.96296296296296,0.8278810408921936,-0.5144444444444447,-41.67000000000002,-4.1670000000000025,9.416999999999996,94.16999999999996,-2.3276882319557726,-2.8680119049758632,-3.8451516516351605,27.586206896551722,4,9,2.793103448275862,ok
40,30,1,TP_FIJO,0,12:00,29,58.620689655172406,1.040995456422966,0.13689655172413764,3.9699999999999918,0.3969999999999992,3.8700000000000045,38.700000000000045,0.3585056202439782,0.4859154899909138,0.891419406575779,58.620689655172406,4,4,1.0,ok
40,30,1,TP_FIJO,0,14:00,29,58.620689655172406,1.040995456422966,0.13689655172413764,3.9699999999999918,0.3969999999999992,3.8700000000000045,38.700000000000045,0.3585056202439782,0.4859154899909138,0.891419406575779,58.620689655172406,4,4,1.0,ok
40,30,1,TP_FIJO,0,15:00,29,58.620689655172406,1.040995456422966,0.13689655172413764,3.9699999999999918,0.3969999999999992,3.8700000000000045,38.700000000000045,0.3585056202439782,0.4859154899909138,0.891419406575779,58.620689655172406,4,4,1.0,ok
40,30,2,TP_FIJO,0,12:00,56,57.14285714285714,0.9797604295745559,-0.07000000000000028,-3.920000000000016,-0.39200000000000157,6.553999999999996,65.53999999999996,-0.12359441922578501,-0.17129441885730143,-0.5197352498605771,37.93103448275862,4,6,1.9310344827586208,ok
40,30,2,TP_FIJO,0,14:00,56,57.14285714285714,0.9797604295745559,-0.07000000000000028,-3.920000000000016,-0.39200000000000157,6.553999999999996,65.53999999999996,-0.12359441922578501,-0.17129441885730143,-0.5197352498605771,37.93103448275862,4,6,1.9310344827586208,ok
40,30,2,TP_FIJO,0,15:00,56,57.14285714285714,0.9797604295745559,-0.07000000000000028,-3.920000000000016,-0.39200000000000157,6.553999999999996,65.53999999999996,-0.12359441922578501,-0.17129441885730143,-0.5197352498605771,37.93103448275862,4,6,1.9310344827586208,ok
40,30,3,TP_FIJO,0,12:00,80,56.25,0.9447689856611791,-0.19500000000000028,-15.600000000000023,-1.5600000000000023,9.616999999999996,96.16999999999996,-0.5848473896655666,-0.7695842545255525,-1.4095728469341315,58.620689655172406,4,9,2.7586206896551726,ok
40,30,3,TP_FIJO,0,14:00,80,56.25,0.9447689856611791,-0.19500000000000028,-15.600000000000023,-1.5600000000000023,9.616999999999996,96.16999999999996,-0.5848473896655666,-0.7695842545255525,-1.4095728469341315,58.620689655172406,4,9,2.7586206896551726,ok
40,30,3,TP_FIJO,0,15:00,80,56.25,0.9447689856611791,-0.19500000000000028,-15.600000000000023,-1.5600000000000023,9.616999999999996,96.16999999999996,-0.5848473896655666,-0.7695842545255525,-1.4095728469341315,58.620689655172406,4,9,2.7586206896551726,ok
40,40,1,TP_FIJO,0,12:00,29,55.172413793103445,1.2094175960346967,0.7575862068965514,21.96999999999999,2.196999999999999,4.090999999999997,40.90999999999997,1.5115338788141268,2.2692725218974497,4.666627331653168,55.172413793103445,4,4,1.0,ok
40,40,1,TP_FIJO,0,14:00,29,55.172413793103445,1.2094175960346967,0.7575862068965514,21.96999999999999,2.196999999999999,4.090999999999997,40.90999999999997,1.5115338788141268,2.2692725218974497,4.666627331653168,55.172413793103445,4,4,1.0,ok
40,40,1,TP_FIJO,0,15:00,29,55.172413793103445,1.2094175960346967,0.7575862068965514,21.96999999999999,2.196999999999999,4.090999999999997,40.90999999999997,1.5115338788141268,2.2692725218974497,4.666627331653168,55.172413793103445,4,4,1.0,ok
40,40,2,TP_FIJO,0,12:00,56,50.0,0.982651796778191,-0.07000000000000028,-3.920000000000016,-0.39200000000000157,5.775,57.75,-0.10272906571936587,-0.1452223352121391,-0.5898432601880901,27.586206896551722,4,4,1.9310344827586208,ok
40,40,2,TP_FIJO,0,14:00,56,50.0,0.982651796778191,-0.07000000000000028,-3.920000000000016,-0.39200000000000157,5.775,57.75,-0.10272906571936587,-0.1452223352121391,-0.5898432601880901,27.586206896551722,4,4,1.9310344827586208,ok
40,40,2,TP_FIJO,0,15:00,56,50.0,0.982651796778191,-0.07000000000000028,-3.920000000000016,-0.39200000000000157,5.775,57.75,-0.10272906571936587,-0.1452223352121391,-0.5898432601880901,27.586206896551722,4,4,1.9310344827586208,ok
40,40,3,TP_FIJO,0,12:00,80,50.0,0.9826517967781908,-0.07000000000000028,-5.600000000000023,-0.5600000000000023,7.486999999999989,74.86999999999989,-0.12481013426675708,-0.17889667906071505,-0.6499541734408643,44.827586206896555,4,6,2.7586206896551726,ok
40,40,3,TP_FIJO,0,14:00,80,50.0,0.9826517967781908,-0.07000000000000028,-5.600000000000023,-0.5600000000000023,7.486999999999989,74.86999999999989,-0.12481013426675708,-0.17889667906071505,-0.6499541734408643,44.827586206896555,4,6,2.7586206896551726,ok
40,40,3,TP_FIJO,0,15:00,80,50.0,0.9826517967781908,-0.07000000000000028,-5.600000000000023,-0.5600000000000023,7.486999999999989,74.86999999999989,-0.12481013426675708,-0.17889667906071505,-0.6499541734408643,44.827586206896555,4,6,2.7586206896551726,ok
40,60,1,TP_FIJO,0,12:00,29,44.827586206896555,1.2011307311028503,0.8955172413793101,25.96999999999999,2.5969999999999995,4.825064025271294,48.41999999999996,1.453703212668031,2.4645149084719757,4.677043530316629,44.827586206896555,6,4,1.0,ok
40,60,1,TP_FIJO,0,14:00,29,44.827586206896555,1.2011307311028503,0.8955172413793101,25.96999999999999,2.5969999999999995,4.825064025271294,48.41999999999996,1.453703212668031,2.4645149084719757,4.677043530316629,44.827586206896555,6,4,1.0,ok
40,60,1,TP_FIJO,0,15:00,29,44.827586206896555,1.2011307311028503,0.8955172413793101,25.96999999999999,2.5969999999999995,4.825064025271294,48.41999999999996,1.453703212668031,2.4645149084719757,4.677043530316629,44.827586206896555,6,4,1.0,ok
40,60,2,TP_FIJO,0,12:00,56,41.07142857142857,1.0303405805264543,0.144285714285714,8.079999999999984,0.8079999999999985,8.561000000000002,85.61000000000001,0.4191628703509281,0.6177636185420973,0.8201426678320676,65.51724137931035,10,4,1.9310344827586208,ok
40,60,2,TP_FIJO,0,14:00,56,41.07142857142857,1.0303405805264543,0.144285714285714,8.079999999999984,0.8079999999999985,8.561000000000002,85.61000000000001,0.4191628703509281,0.6177636185420973,0.8201426678320676,65.51724137931035,10,4,1.9310344827586208,ok
40,60,2,TP_FIJO,0,15:00,56,41.07142857142857,1.0303405805264543,0.144285714285714,8.079999999999984,0.8079999999999985,8.561000000000002,85.61000000000001,0.4191628703509281,0.6177636185420973,0.8201426678320676,65.51724137931035,10,4,1.9310344827586208,ok
40,60,3,TP_FIJO,0,12:00,80,41.25,1.0379656727042634,0.1799999999999998,14.399999999999984,1.4399999999999984,11.016999999999996,110.16999999999996,0.5646844881178756,0.841049645996775,1.1357995323841201,48.275862068965516,8,6,2.7586206896551726,ok
40,60,3,TP_FIJO,0,14:00,80,41.25,1.0379656727042634,0.1799999999999998,14.399999999999984,1.4399999999999984,11.016999999999996,110.16999999999996,0.5646844881178756,0.841049645996775,1.1357995323841201,48.275862068965516,8,6,2.7586206896551726,ok
40,60,3,TP_FIJO,0,15:00,80,41.25,1.0379656727042634,0.1799999999999998,14.399999999999984,1.4399999999999984,11.016999999999996,110.16999999999996,0.5646844881178756,0.841049645996775,1.1357995323841201,48.275862068965516,8,6,2.7586206896551726,ok
40,80,1,TP_FIJO,0,12:00,29,37.93103448275862,1.2063197026022308,1.0334482758620687,29.96999999999999,2.9969999999999994,4.768047582003128,48.41999999999996,1.4457548627131076,2.710423343920628,5.4619623868734815,37.93103448275862,6,3,1.0,ok
40,80,1,TP_FIJO,0,14:00,29,37.93103448275862,1.2063197026022308,1.0334482758620687,29.96999999999999,2.9969999999999994,4.768047582003128,48.41999999999996,1.4457548627131076,2.710423343920628,5.4619623868734815,37.93103448275862,6,3,1.0,ok
40,80,1,TP_FIJO,0,15:00,29,37.93103448275862,1.2063197026022308,1.0334482758620687,29.96999999999999,2.9969999999999994,4.768047582003128,48.41999999999996,1.4457548627131076,2.710423343920628,5.4619623868734815,37.93103448275862,6,3,1.0,ok
40,80,2,TP_FIJO,0,12:00,56,37.5,1.1843866171003719,0.9299999999999997,52.079999999999984,5.207999999999998,7.95003398713415,80.70000000000005,2.0039477052864076,3.1131740882453616,5.69251958056659,65.51724137931035,10,3,1.9310344827586208,ok
40,80,2,TP_FIJO,0,14:00,56,37.5,1.1843866171003719,0.9299999999999997,52.079999999999984,5.207999999999998,7.95003398713415,80.70000000000005,2.0039477052864076,3.1131740882453616,5.69251958056659,65.51724137931035,10,3,1.9310344827586208,ok
40,80,2,TP_FIJO,0,15:00,56,37.5,1.1843866171003719,0.9299999999999997,52.079999999999984,5.207999999999998,7.95003398713415,80.70000000000005,2.0039477052864076,3.1131740882453616,5.69251958056659,65.51724137931035,10,3,1.9310344827586208,ok
40,80,3,TP_FIJO,0,12:00,80,36.25,1.1224579050951236,0.6299999999999998,50.399999999999984,5.039999999999998,10.616999999999996,106.16999999999996,1.6307573606815289,2.421308515530916,4.125069423468543,41.37931034482759,8,4,2.7586206896551726,ok
40,80,3,TP_FIJO,0,14:00,80,36.25,1.1224579050951236,0.6299999999999998,50.399999999999984,5.039999999999998,10.616999999999996,106.16999999999996,1.6307573606815289,2.421308515530916,4.125069423468543,41.37931034482759,8,4,2.7586206896551726,ok
40,80,3,TP_FIJO,0,15:00,80,36.25,1.1224579050951236,0.6299999999999998,50.399999999999984,5.039999999999998,10.616999999999996,106.16999999999996,1.6307573606815289,2.421308515530916,4.125069423468543,41.37931034482759,8,4,2.7586206896551726,ok
40,100,1,TP_FIJO,0,12:00,29,34.48275862068966,1.299810865453597,1.5851724137931031,45.96999999999999,4.596999999999999,5.497756712830046,56.49000000000001,1.913340548004251,3.9909597383742423,7.265935346750413,34.48275862068966,7,3,1.0,ok
40,100,1,TP_FIJO,0,14:00,29,34.48275862068966,1.299810865453597,1.5851724137931031,45.96999999999999,4.596999999999999,5.497756712830046,56.49000000000001,1.913340548004251,3.9909597383742423,7.265935346750413,34.48275862068966,7,3,1.0,ok
40,100,1,TP_FIJO,0,15:00,29,34.48275862068966,1.299810865453597,1.5851724137931031,45.96999999999999,4.596999999999999,5.497756712830046,56.49000000000001,1.913340548004251,3.9909597383742423,7.265935346750413,34.48275862068966,7,3,1.0,ok
40,100,2,TP_FIJO,0,12:00,56,35.714285714285715,1.372022580201019,1.9299999999999997,108.07999999999998,10.807999999999998,7.796423499405843,80.69999999999993,3.408016487820251,5.987930385510145,12.046266228432259,62.06896551724138,10,3,1.9310344827586208,ok
40,100,2,TP_FIJO,0,14:00,56,35.714285714285715,1.372022580201019,1.9299999999999997,108.07999999999998,10.807999999999998,7.796423499405843,80.69999999999993,3.408016487820251,5.987930385510145,12.046266228432259,62.06896551724138,10,3,1.9310344827586208,ok
40,100,2,TP_FIJO,0,15:00,56,35.714285714285715,1.372022580201019,1.9299999999999997,108.07999999999998,10.807999999999998,7.796423499405843,80.69999999999993,3.408016487820251,5.987930385510145,12.046266228432259,62.06896551724138,10,3,1.9310344827586208,ok
40,100,3,TP_FIJO,0,12:00,80,32.5,1.2055463788009213,1.1043749999999999,88.35,8.834999999999999,8.216999999999997,82.16999999999996,2.4728175438563658,3.852301888693815,9.343203535143711,72.41379310344827,8,3,2.7586206896551726,ok
40,100,3,TP_FIJO,0,14:00,80,32.5,1.2055463788009213,1.1043749999999999,88.35,8.834999999999999,8.216999999999997,82.16999999999996,2.4728175438563658,3.852301888693815,9.343203535143711,72.41379310344827,8,3,2.7586206896551726,ok
40,100,3,TP_FIJO,0,15:00,80,32.5,1.2055463788009213,1.1043749999999999,88.35,8.834999999999999,8.216999999999997,82.16999999999996,2.4728175438563658,3.852301888693815,9.343203535143711,72.41379310344827,8,3,2.7586206896551726,ok
50,20,1,TP_FIJO,0,12:00,29,75.86206896551724,0.9973518702416424,-0.004137931034482846,-0.12000000000000255,-0.012000000000000255,2.038499999999999,20.38499999999999,0.013305646291393922,0.015417482247468962,-0.051153231331355305,75.86206896551724,3,12,1.0,ok
50,20,1,TP_FIJO,0,14:00,29,75.86206896551724,0.9973518702416424,-0.004137931034482846,-0.12000000000000255,-0.012000000000000255,2.038499999999999,20.38499999999999,0.013305646291393922,0.015417482247468962,-0.051153231331355305,75.86206896551724,3,12,1.0,ok
50,20,1,TP_FIJO,0,15:00,29,75.86206896551724,0.9973518702416424,-0.004137931034482846,-0.12000000000000255,-0.012000000000000255,2.038499999999999,20.38499999999999,0.013305646291393922,0.015417482247468962,-0.051153231331355305,75.86206896551724,3,12,1.0,ok
50,20,2,TP_FIJO,0,12:00,56,69.64285714285714,0.84558093346574,-0.2499107142857144,-13.995000000000006,-1.3995000000000006,4.580499999999995,45.80499999999995,-1.4369708971774857,-1.7232783573113881,-2.6549879737568216,51.724137931034484,4,15,1.9310344827586208,ok
50,20,2,TP_FIJO,0,14:00,56,69.64285714285714,0.84558093346574,-0.2499107142857144,-13.995000000000006,-1.3995000000000006,4.580499999999995,45.80499999999995,-1.4369708971774857,-1.7232783573113881,-2.6549879737568216,51.724137931034484,4,15,1.9310344827586208,ok
50,20,2,TP_FIJO,0,15:00,56,69.64285714285714,0.84558093346574,-0.2499107142857144,-13.995000000000006,-1.3995000000000006,4.580499999999995,45.80499999999995,-1.4369708971774857,-1.7232783573113881,-2.6549879737568216,51.724137931034484,4,15,1.9310344827586208,ok
50,20,3,TP_FIJO,0,12:00,81,70.37037037037037,0.8898113207547169,-0.17123456790123467,-13.870000000000008,-1.3870000000000007,5.612,56.120000000000005,-1.193778755618325,-1.4841357586698714,-2.147639295106546,41.37931034482759,3,15,2.793103448275862,ok
50,20,3,TP_FIJO,0,14:00,81,70.37037037037037,0.8898113207547169,-0.17123456790123467,-13.870000000000008,-1.3870000000000007,5.612,56.120000000000005,-1.193778755618325,-1.4841357586698714,-2.147639295106546,41.37931034482759,3,15,2.793103448275862,ok
50,20,3,TP_FIJO,0,15:00,81,70.37037037037037,0.8898113207547169,-0.17123456790123467,-13.870000000000008,-1.3870000000000007,5.612,56.120000000000005,-1.193778755618325,-1.4841357586698714,-2.147639295106546,41.37931034482759,3,15,2.793103448275862,ok
50,30,1,TP_FIJO,0,12:00,29,68.96551724137932,1.132457413490184,0.2989655172413791,8.669999999999995,0.8669999999999995,2.3384999999999994,23.38499999999999,0.906479185527114,1.159255158209427,3.221693835570989,68.96551724137932,3,10,1.0,ok
50,30,1,TP_FIJO,0,14:00,29,68.96551724137932,1.132457413490184,0.2989655172413791,8.669999999999995,0.8669999999999995,2.3384999999999994,23.38499999999999,0.906479185527114,1.159255158209427,3.221693835570989,68.96551724137932,3,10,1.0,ok
50,30,1,TP_FIJO,0,15:00,29,68.96551724137932,1.132457413490184,0.2989655172413791,8.669999999999995,0.8669999999999995,2.3384999999999994,23.38499999999999,0.906479185527114,1.159255158209427,3.221693835570989,68.96551724137932,3,10,1.0,ok
50,30,2,TP_FIJO,0,12:00,56,64.28571428571429,0.9078533598146312,-0.19883928571428586,-11.135000000000009,-1.113500000000001,4.380499999999995,43.80499999999995,-0.816485857975163,-1.0276373579951117,-2.2088645210553084,48.275862068965516,4,11,1.9310344827586208,ok
50,30,2,TP_FIJO,0,14:00,56,64.28571428571429,0.9078533598146312,-0.19883928571428586,-11.135000000000009,-1.113500000000001,4.380499999999995,43.80499999999995,-0.816485857975163,-1.0276373579951117,-2.2088645210553084,48.275862068965516,4,11,1.9310344827586208,ok
50,30,2,TP_FIJO,0,15:00,56,64.28571428571429,0.9078533598146312,-0.19883928571428586,-11.135000000000009,-1.113500000000001,4.380499999999995,43.80499999999995,-0.816485857975163,-1.0276373579951117,-2.2088645210553084,48.275862068965516,4,11,1.9310344827586208,ok
50,30,3,TP_FIJO,0,12:00,80,65.0,0.9651053734966348,-0.07906250000000022,-6.325000000000017,-0.6325000000000017,5.712000000000001,57.120000000000005,-0.2954284855965703,-0.3770275183836384,-0.9622210953346881,65.51724137931035,4,15,2.7586206896551726,ok
50,30,3,TP_FIJO,0,14:00,80,65.0,0.9651053734966348,-0.07906250000000022,-6.325000000000017,-0.6325000000000017,5.712000000000001,57.120000000000005,-0.2954284855965703,-0.3770275183836384,-0.9622210953346881,65.51724137931035,4,15,2.7586206896551726,ok
50,30,3,TP_FIJO,0,15:00,80,65.0,0.9651053734966348,-0.07906250000000022,-6.325000000000017,-0.6325000000000017,5.712000000000001,57.120000000000005,-0.2954284855965703,-0.3770275183836384,-0.9622210953346881,65.51724137931035,4,15,2.7586206896551726,ok
50,40,1,TP_FIJO,0,12:00,29,58.620689655172406,1.0297914597815296,0.06724137931034468,1.9499999999999957,0.1949999999999996,2.549000000000001,25.49000000000001,0.25689233383478854,0.34191961960328765,0.6647637342568401,58.620689655172406,3,4,1.0,ok
50,40,1,TP_FIJO,0,14:00,29,58.620689655172406,1.0297914597815296,0.06724137931034468,1.9499999999999957,0.1949999999999996,2.549000000000001,25.49000000000001,0.25689233383478854,0.34191961960328765,0.6647637342568401,58.620689655172406,3,4,1.0,ok
50,40,1,TP_FIJO,0,15:00,29,58.620689655172406,1.0297914597815296,0.06724137931034468,1.9499999999999957,0.1949999999999996,2.549000000000001,25.49000000000001,0.25689233383478854,0.34191961960328765,0.6647637342568401,58.620689655172406,3,4,1.0,ok
50,40,2,TP_FIJO,0,12:00,56,53.57142857142857,0.8749862076575086,-0.303482142857143,-16.995000000000008,-1.6995000000000007,4.090999999999997,40.90999999999997,-1.3508967787591435,-1.7577375348441702,-3.6098921939665756,31.03448275862069,4,4,1.9310344827586208,ok
50,40,2,TP_FIJO,0,14:00,56,53.57142857142857,0.8749862076575086,-0.303482142857143,-16.995000000000008,-1.6995000000000007,4.090999999999997,40.90999999999997,-1.3508967787591435,-1.7577375348441702,-3.6098921939665756,31.03448275862069,4,4,1.9310344827586208,ok
50,40,2,TP_FIJO,0,15:00,56,53.57142857142857,0.8749862076575086,-0.303482142857143,-16.995000000000008,-1.6995000000000007,4.090999999999997,40.90999999999997,-1.3508967787591435,-1.7577375348441702,-3.6098921939665756,31.03448275862069,4,4,1.9310344827586208,ok
50,40,3,TP_FIJO,0,12:00,80,55.00000000000001,0.9364717249523606,-0.14793750000000006,-11.835000000000004,-1.1835000000000004,5.846999999999991,58.469999999999914,-0.7512391837410154,-0.9895505652003903,-1.75888607774102,55.172413793103445,4,7,2.7586206896551726,ok
50,40,3,TP_FIJO,0,14:00,80,55.00000000000001,0.9364717249523606,-0.14793750000000006,-11.835000000000004,-1.1835000000000004,5.846999999999991,58.469999999999914,-0.7512391837410154,-0.9895505652003903,-1.75888607774102,55.172413793103445,4,7,2.7586206896551726,ok
50,40,3,TP_FIJO,0,15:00,80,55.00000000000001,0.9364717249523606,-0.14793750000000006,-11.835000000000004,-1.1835000000000004,5.846999999999991,58.469999999999914,-0.7512391837410154,-0.9895505652003903,-1.75888607774102,55.172413793103445,4,7,2.7586206896551726,ok
50,60,1,TP_FIJO,0,12:00,29,48.275862068965516,0.9214388171687082,-0.2455172413793105,-7.1200000000000045,-0.7120000000000005,3.511437452676045,35.245000000000005,-0.5681415421627026,-0.7824647906164736,-1.7619663075711411,48.275862068965516,6,4,1.0,ok
50,60,1,TP_FIJO,0,14:00,29,48.275862068965516,0.9214388171687082,-0.2455172413793105,-7.1200000000000045,-0.7120000000000005,3.511437452676045,35.245000000000005,-0.5681415421627026,-0.7824647906164736,-1.7619663075711411,48.275862068965516,6,4,1.0,ok
50,60,1,TP_FIJO,0,15:00,29,48.275862068965516,0.9214388171687082,-0.2455172413793105,-7.1200000000000045,-0.7120000000000005,3.511437452676045,35.245000000000005,-0.5681415421627026,-0.7824647906164736,-1.7619663075711411,48.275862068965516,6,4,1.0,ok
50,60,2,TP_FIJO,0,12:00,56,44.642857142857146,0.9255523833167825,-0.2141964285714287,-11.995000000000008,-1.1995000000000007,5.4840000000000035,54.84000000000003,-0.7388610272301658,-1.0038520121881545,-1.9006640006036368,68.96551724137932,10,4,1.9310344827586208,ok
50,60,2,TP_FIJO,0,14:00,56,44.642857142857146,0.9255523833167825,-0.2141964285714287,-11.995000000000008,-1.1995000000000007,5.4840000000000035,54.84000000000003,-0.7388610272301658,-1.0038520121881545,-1.9006640006036368,68.96551724137932,10,4,1.9310344827586208,ok
50,60,2,TP_FIJO,0,15:00,56,44.642857142857146,0.9255523833167825,-0.2141964285714287,-11.995000000000008,-1.1995000000000007,5.4840000000000035,54.84000000000003,-0.7388610272301658,-1.0038520121881545,-1.9006640006036368,68.96551724137932,10,4,1.9310344827586208,ok
50,60,3,TP_FIJO,0,12:00,78,47.43589743589743,0.9671077964452912,-0.10403846153846165,-8.115000000000009,-0.8115000000000009,6.808500000000003,68.08500000000004,-0.26361199349580605,-0.34629402495590955,-1.035713471750576,62.06896551724138,8,7,2.689655172413793,ok
50,60,3,TP_FIJO,0,14:00,79,46.835443037974684,0.952916540736583,-0.13803797468354437,-10.905000000000005,-1.0905000000000005,7.312,73.12,-0.4181616029849836,-0.551210712686253,-1.295961291782993,62.06896551724138,8,7,2.7241379310344827,ok
50,60,3,TP_FIJO,0,15:00,79,46.835443037974684,0.952916540736583,-0.13803797468354437,-10.905000000000005,-1.0905000000000005,7.312,73.12,-0.4181616029849836,-0.551210712686253,-1.295961291782993,62.06896551724138,8,7,2.7241379310344827,ok
50,80,1,TP_FIJO,0,12:00,29,44.827586206896555,1.1864448857994043,0.7768965517241377,22.529999999999994,2.2529999999999992,3.9502395347582806,40.27999999999997,1.3066154586844423,2.2113228863932686,4.956102770776977,44.827586206896555,6,3,1.0,ok
50,80,1,TP_FIJO,0,14:00,29,44.827586206896555,1.1864448857994043,0.7768965517241377,22.529999999999994,2.2529999999999992,3.9502395347582806,40.27999999999997,1.3066154586844423,2.2113228863932686,4.956102770776977,44.827586206896555,6,3,1.0,ok
50,80,1,TP_FIJO,0,15:00,29,44.827586206896555,1.1864448857994043,0.7768965517241377,22.529999999999994,2.2529999999999992,3.9502395347582806,40.27999999999997,1.3066154586844423,2.2113228863932686,4.956102770776977,44.827586206896555,6,3,1.0,ok
50,80,2,TP_FIJO,0,12:00,56,42.857142857142854,0.9792878422471271,-0.07821428571428582,-4.380000000000006,-0.4380000000000006,5.524826055512605,55.38499999999999,-0.13166467716825275,-0.1859909932398118,-0.6889029495724298,55.172413793103445,10,4,1.9310344827586208,ok
50,80,2,TP_FIJO,0,14:00,56,42.857142857142854,0.9792878422471271,-0.07821428571428582,-4.380000000000006,-0.4380000000000006,5.524826055512605,55.38499999999999,-0.13166467716825275,-0.1859909932398118,-0.6889029495724298,55.172413793103445,10,4,1.9310344827586208,ok
50,80,2,TP_FIJO,0,15:00,56,42.857142857142854,0.9792878422471271,-0.07821428571428582,-4.380000000000006,-0.4380000000000006,5.524826055512605,55.38499999999999,-0.13166467716825275,-0.1859909932398118,-0.6889029495724298,55.172413793103445,10,4,1.9310344827586208,ok
50,80,3,TP_FIJO,0,12:00,78,43.58974358974359,1.2869910625620657,1.093012820512821,85.25500000000002,8.525500000000003,6.508500000000003,65.08500000000004,3.029710596244436,4.668652424299318,11.382600472061734,58.620689655172406,8,5,2.689655172413793,ok
50,80,3,TP_FIJO,0,14:00,79,43.037974683544306,1.0724925521350546,0.27259493670886065,21.53499999999999,2.153499999999999,7.0120000000000005,70.12,0.924002849530788,1.2721205910361089,2.6687353699077425,55.172413793103445,8,5,2.7241379310344827,ok
50,80,3,TP_FIJO,0,15:00,79,43.037974683544306,1.0724925521350546,0.27259493670886065,21.53499999999999,2.153499999999999,7.0120000000000005,70.12,0.924002849530788,1.2721205910361089,2.6687353699077425,55.172413793103445,8,5,2.7241379310344827,ok
50,100,1,TP_FIJO,0,12:00,29,41.37931034482759,1.072037404832837,0.3001724137931033,8.704999999999995,0.8704999999999994,4.889844952582577,50.34999999999991,0.5790635717819789,0.9455096642155845,1.5469498319350767,41.37931034482759,7,3,1.0,ok
50,100,1,TP_FIJO,0,14:00,29,41.37931034482759,1.072037404832837,0.3001724137931033,8.704999999999995,0.8704999999999994,4.889844952582577,50.34999999999991,0.5790635717819789,0.9455096642155845,1.5469498319350767,41.37931034482759,7,3,1.0,ok
50,100,1,TP_FIJO,0,15:00,29,41.37931034482759,1.072037404832837,0.3001724137931033,8.704999999999995,0.8704999999999994,4.889844952582577,50.34999999999991,0.5790635717819789,0.9455096642155845,1.5469498319350767,41.37931034482759,7,3,1.0,ok
50,100,2,TP_FIJO,0,12:00,56,41.07142857142857,1.3606628599801391,1.556517857142857,87.16499999999999,8.7165,6.389344422318538,65.45500000000004,3.3830506520042305,5.571264303512858,11.854640210937227,65.51724137931035,10,4,1.9310344827586208,ok
50,100,2,TP_FIJO,0,14:00,56,41.07142857142857,1.3606628599801391,1.556517857142857,87.16499999999999,8.7165,6.389344422318538,65.45500000000004,3.3830506520042305,5.571264303512858,11.854640210937227,65.51724137931035,10,4,1.9310344827586208,ok
50,100,2,TP_FIJO,0,15:00,56,41.07142857142857,1.3606628599801391,1.556517857142857,87.16499999999999,8.7165,6.389344422318538,65.45500000000004,3.3830506520042305,5.571264303512858,11.854640210937227,65.51724137931035,10,4,1.9310344827586208,ok
50,100,3,TP_FIJO,0,12:00,78,39.743589743589745,1.400575576789381,1.5882051282051286,123.88000000000002,12.388000000000002,5.108500000000003,51.085000000000036,3.8677452483370858,6.51069168673819,21.072222428474507,55.172413793103445,8,4,2.689655172413793,ok
50,100,3,TP_FIJO,0,14:00,79,39.24050632911392,1.3781380253905628,1.5043670886075948,118.845,11.8845,5.612,56.120000000000005,3.6739211776734737,6.121736442490067,18.402032590262245,55.172413793103445,8,4,2.7241379310344827,ok
50,100,3,TP_FIJO,0,15:00,79,39.24050632911392,1.3781380253905628,1.5043670886075948,118.845,11.8845,5.612,56.120000000000005,3.6739211776734737,6.121736442490067,18.402032590262245,55.172413793103445,8,4,2.7241379310344827,ok
10,0,1,TRAILING,15,12:00,29,10.344827586206897,0.5187789084181313,-4.0360344827586205,-117.04499999999999,-11.704499999999998,12.425674569916731,125.27999999999997,-3.421971296414993,-7.020129982405407,-8.185315685939358,10.344827586206897,11,2,1.0,ok
10,0,1,TRAILING,15,14:00,29,10.344827586206897,0.5187789084181313,-4.0360344827586205,-117.04499999999999,-11.704499999999998,12.425674569916731,125.27999999999997,-3.421971296414993,-7.020129982405407,-8.185315685939358,10.344827586206897,11,2,1.0,ok
10,0,1,TRAILING,15,15:00,29,10.344827586206897,0.5187789084181313,-4.0360344827586205,-117.04499999999999,-11.704499999999998,12.425674569916731,125.27999999999997,-3.421971296414993,-7.020129982405407,-8.185315685939358,10.344827586206897,11,2,1.0,ok
10,0,2,TRAILING,15,12:00,56,10.714285714285714,0.3977495575644521,-4.496875,-251.82500000000002,-25.1825,25.1825,251.82500000000005,-7.7093354282004825,-9.159590209937697,-8.689655172413794,20.689655172413794,18,1,1.9310344827586208,ok
10,0,2,TRAILING,15,14:00,56,10.714285714285714,0.3977495575644521,-4.496875,-251.82500000000002,-25.1825,25.1825,251.82500000000005,-7.7093354282004825,-9.159590209937697,-8.689655172413794,20.689655172413794,18,1,1.9310344827586208,ok
10,0,2,TRAILING,15,15:00,56,10.714285714285714,0.3977495575644521,-4.496875,-251.82500000000002,-25.1825,25.1825,251.82500000000005,-7.7093354282004825,-9.159590209937697,-8.689655172413794,20.689655172413794,18,1,1.9310344827586208,ok
10,0,3,TRAILING,15,12:00,81,13.580246913580247,0.48212737343172124,-3.6130246913580257,-292.6550000000001,-29.26550000000001,29.26550000000002,292.6550000000002,-8.037506510170383,-8.598476111907503,-8.68965517241379,24.137931034482758,17,1,2.793103448275862,ok
10,0,3,TRAILING,15,14:00,81,13.580246913580247,0.48212737343172124,-3.6130246913580257,-292.6550000000001,-29.26550000000001,29.26550000000002,292.6550000000002,-8.037506510170383,-8.598476111907503,-8.68965517241379,24.137931034482758,17,1,2.793103448275862,ok
10,0,3,TRAILING,15,15:00,81,13.580246913580247,0.48212737343172124,-3.6130246913580257,-292.6550000000001,-29.26550000000001,29.26550000000002,292.6550000000002,-8.037506510170383,-8.598476111907503,-8.68965517241379,24.137931034482758,17,1,2.793103448275862,ok
10,0,1,TRAILING,25,12:00,29,10.344827586206897,0.5700073691967575,-3.621724137931034,-105.02999999999999,-10.502999999999998,11.233988107931186,113.26499999999999,-3.0294919227933605,-6.228510298138634,-8.124225110353047,10.344827586206897,11,2,1.0,ok
10,0,1,TRAILING,25,14:00,29,10.344827586206897,0.5700073691967575,-3.621724137931034,-105.02999999999999,-10.502999999999998,11.233988107931186,113.26499999999999,-3.0294919227933605,-6.228510298138634,-8.124225110353047,10.344827586206897,11,2,1.0,ok
10,0,1,TRAILING,25,15:00,29,10.344827586206897,0.5700073691967575,-3.621724137931034,-105.02999999999999,-10.502999999999998,11.233988107931186,113.26499999999999,-3.0294919227933605,-6.228510298138634,-8.124225110353047,10.344827586206897,11,2,1.0,ok
10,0,2,TRAILING,25,12:00,56,10.714285714285714,0.38328886966135506,-4.582053571428572,-256.595,-25.6595,25.6595,256.595,-8.071617130608825,-9.383761452996533,-8.689655172413794,17.24137931034483,18,1,1.9310344827586208,ok
10,0,2,TRAILING,25,14:00,56,10.714285714285714,0.38328886966135506,-4.582053571428572,-256.595,-25.6595,25.6595,256.595,-8.071617130608825,-9.383761452996533,-8.689655172413794,17.24137931034483,18,1,1.9310344827586208,ok
10,0,2,TRAILING,25,15:00,56,10.714285714285714,0.38328886966135506,-4.582053571428572,-256.595,-25.6595,25.6595,256.595,-8.071617130608825,-9.383761452996533,-8.689655172413794,17.24137931034483,18,1,1.9310344827586208,ok
10,0,3,TRAILING,25,12:00,81,13.580246913580247,0.45143538311240167,-3.7780864197530875,-306.0250000000001,-30.60250000000001,30.60250000000001,306.0250000000001,-8.653575269962715,-9.016799907941309,-8.689655172413794,24.137931034482758,17,1,2.793103448275862,ok
10,0,3,TRAILING,25,14:00,81,13.580246913580247,0.45143538311240167,-3.7780864197530875,-306.0250000000001,-30.60250000000001,30.60250000000001,306.0250000000001,-8.653575269962715,-9.016799907941309,-8.689655172413794,24.137931034482758,17,1,2.793103448275862,ok
10,0,3,TRAILING,25,15:00,81,13.580246913580247,0.45143538311240167,-3.7780864197530875,-306.0250000000001,-30.60250000000001,30.60250000000001,306.0250000000001,-8.653575269962715,-9.016799907941309,-8.689655172413794,24.137931034482758,17,1,2.793103448275862,ok
10,0,1,TRAILING,35,12:00,29,10.344827586206897,0.6574940377912311,-2.897068965517241,-84.01499999999999,-8.401499999999999,10.26546390474443,103.5,-2.083478881389767,-4.81168068707729,-7.1118206257871055,10.344827586206897,11,2,1.0,ok
10,0,1,TRAILING,35,14:00,29,10.344827586206897,0.6574940377912311,-2.897068965517241,-84.01499999999999,-8.401499999999999,10.26546390474443,103.5,-2.083478881389767,-4.81168068707729,-7.1118206257871055,10.344827586206897,11,2,1.0,ok
10,0,1,TRAILING,35,15:00,29,10.344827586206897,0.6574940377912311,-2.897068965517241,-84.01499999999999,-8.401499999999999,10.26546390474443,103.5,-2.083478881389767,-4.81168068707729,-7.1118206257871055,10.344827586206897,11,2,1.0,ok
10,0,2,TRAILING,35,12:00,56,8.928571428571429,0.3871484492622704,-4.543035714285715,-254.41000000000003,-25.441000000000003,25.44100000000001,254.41000000000008,-7.2008954934384874,-9.175667818998722,-8.68965517241379,17.24137931034483,23,1,1.9310344827586208,ok
10,0,2,TRAILING,35,14:00,56,8.928571428571429,0.3871484492622704,-4.543035714285715,-254.41000000000003,-25.441000000000003,25.44100000000001,254.41000000000008,-7.2008954934384874,-9.175667818998722,-8.68965517241379,17.24137931034483,23,1,1.9310344827586208,ok
10,0,2,TRAILING,35,15:00,56,8.928571428571429,0.3871484492622704,-4.543035714285715,-254.41000000000003,-25.441000000000003,25.44100000000001,254.41000000000008,-7.2008954934384874,-9.175667818998722,-8.68965517241379,17.24137931034483,23,1,1.9310344827586208,ok
10,0,3,TRAILING,35,12:00,81,11.11111111111111,0.4227185220668648,-3.9426543209876543,-319.355,-31.9355,31.9355,319.355,-8.207574216883653,-9.192516414675339,-8.689655172413794,24.137931034482758,17,1,2.793103448275862,ok
10,0,3,TRAILING,35,14:00,81,11.11111111111111,0.4227185220668648,-3.9426543209876543,-319.355,-31.9355,31.9355,319.355,-8.207574216883653,-9.192516414675339,-8.689655172413794,24.137931034482758,17,1,2.793103448275862,ok
10,0,3,TRAILING,35,15:00,81,11.11111111111111,0.4227185220668648,-3.9426543209876543,-319.355,-31.9355,31.9355,319.355,-8.207574216883653,-9.192516414675339,-8.689655172413794,24.137931034482758,17,1,2.793103448275862,ok
10,0,1,TRAILING,50,12:00,29,10.344827586206897,0.49600879102651824,-4.191034482758621,-121.53999999999999,-12.154,12.153999999999996,121.53999999999996,-3.9709772478538925,-7.380517620107696,-8.689655172413795,10.344827586206897,11,2,1.0,ok
10,0,1,TRAILING,50,14:00,29,10.344827586206897,0.49600879102651824,-4.191034482758621,-121.53999999999999,-12.154,12.153999999999996,121.53999999999996,-3.9709772478538925,-7.380517620107696,-8.689655172413795,10.344827586206897,11,2,1.0,ok
10,0,1,TRAILING,50,15:00,29,10.344827586206897,0.49600879102651824,-4.191034482758621,-121.53999999999999,-12.154,12.153999999999996,121.53999999999996,-3.9709772478538925,-7.380517620107696,-8.689655172413795,10.344827586206897,11,2,1.0,ok
10,0,2,TRAILING,50,12:00,56,8.928571428571429,0.45945011033577854,-4.0461607142857146,-226.58500000000004,-22.658500000000004,25.639499999999998,256.395,-5.010889583314838,-7.808702306445957,-7.679344438235455,17.24137931034483,23,1,1.9310344827586208,ok
10,0,2,TRAILING,50,14:00,56,8.928571428571429,0.45945011033577854,-4.0461607142857146,-226.58500000000004,-22.658500000000004,25.639499999999998,256.395,-5.010889583314838,-7.808702306445957,-7.679344438235455,17.24137931034483,23,1,1.9310344827586208,ok
10,0,2,TRAILING,50,15:00,56,8.928571428571429,0.45945011033577854,-4.0461607142857146,-226.58500000000004,-22.658500000000004,25.639499999999998,256.395,-5.010889583314838,-7.808702306445957,-7.679344438235455,17.24137931034483,23,1,1.9310344827586208,ok
10,0,3,TRAILING,50,12:00,81,11.11111111111111,0.6748767664837644,-2.446913580246914,-198.20000000000002,-19.82,21.2865,212.865,-2.9654959059485235,-4.800920596046226,-8.09099502112801,24.137931034482758,17,1,2.793103448275862,ok
10,0,3,TRAILING,50,14:00,81,11.11111111111111,0.6748767664837644,-2.446913580246914,-198.20000000000002,-19.82,21.2865,212.865,-2.9654959059485235,-4.800920596046226,-8.09099502112801,24.137931034482758,17,1,2.793103448275862,ok
10,0,3,TRAILING,50,15:00,81,11.11111111111111,0.6748767664837644,-2.446913580246914,-198.20000000000002,-19.82,21.2865,212.865,-2.9654959059485235,-4.800920596046226,-8.09099502112801,24.137931034482758,17,1,2.793103448275862,ok
15,0,1,TRAILING,15,12:00,29,31.03448275862069,1.109446254071661,0.6951724137931025,20.15999999999997,2.0159999999999973,6.708000000000005,67.08000000000004,0.6837057746000728,1.777467769103239,2.6115600518166624,31.03448275862069,6,3,1.0,ok
15,0,1,TRAILING,15,14:00,29,31.03448275862069,1.109446254071661,0.6951724137931025,20.15999999999997,2.0159999999999973,6.708000000000005,67.08000000000004,0.6837057746000728,1.777467769103239,2.6115600518166624,31.03448275862069,6,3,1.0,ok
15,0,1,TRAILING,15,15:00,29,31.03448275862069,1.109446254071661,0.6951724137931025,20.15999999999997,2.0159999999999973,6.708000000000005,67.08000000000004,0.6837057746000728,1.777467769103239,2.6115600518166624,31.03448275862069,6,3,1.0,ok
15,0,2,TRAILING,15,12:00,56,28.57142857142857,0.9340948671886784,-0.42910714285714363,-24.030000000000044,-2.4030000000000045,11.234854061797435,112.93500000000017,-0.37410236190102286,-0.6426199907087197,-1.858612605419963,41.37931034482759,8,3,1.9310344827586208,ok
15,0,2,TRAILING,15,14:00,56,28.57142857142857,0.9340948671886784,-0.42910714285714363,-24.030000000000044,-2.4030000000000045,11.234854061797435,112.93500000000017,-0.37410236190102286,-0.6426199907087197,-1.858612605419963,41.37931034482759,8,3,1.9310344827586208,ok
15,0,2,TRAILING,15,15:00,56,28.57142857142857,0.9340948671886784,-0.42910714285714363,-24.030000000000044,-2.4030000000000045,11.234854061797435,112.93500000000017,-0.37410236190102286,-0.6426199907087197,-1.858612605419963,41.37931034482759,8,3,1.9310344827586208,ok
15,0,3,TRAILING,15,12:00,81,30.864197530864196,0.997067214651956,-0.01814814814814879,-1.4700000000000522,-0.1470000000000052,12.884000000000004,128.84000000000003,0.19148183893384002,0.3329865580702751,-0.09914462203856507,41.37931034482759,8,4,2.793103448275862,ok
15,0,3,TRAILING,15,14:00,81,30.864197530864196,0.997067214651956,-0.01814814814814879,-1.4700000000000522,-0.1470000000000052,12.884000000000004,128.84000000000003,0.19148183893384002,0.3329865580702751,-0.09914462203856507,41.37931034482759,8,4,2.793103448275862,ok
15,0,3,TRAILING,15,15:00,81,30.864197530864196,0.997067214651956,-0.01814814814814879,-1.4700000000000522,-0.1470000000000052,12.884000000000004,128.84000000000003,0.19148183893384002,0.3329865580702751,-0.09914462203856507,41.37931034482759,8,4,2.793103448275862,ok
15,0,1,TRAILING,25,12:00,29,24.137931034482758,1.0058507273877288,0.038275862068964654,1.109999999999975,0.11099999999999749,6.918000000000006,69.18000000000006,0.1765616410861825,0.4324137294511975,0.13942638394592488,24.137931034482758,6,2,1.0,ok
15,0,1,TRAILING,25,14:00,29,24.137931034482758,1.0058507273877288,0.038275862068964654,1.109999999999975,0.11099999999999749,6.918000000000006,69.18000000000006,0.1765616410861825,0.4324137294511975,0.13942638394592488,24.137931034482758,6,2,1.0,ok
15,0,1,TRAILING,25,15:00,29,24.137931034482758,1.0058507273877288,0.038275862068964654,1.109999999999975,0.11099999999999749,6.918000000000006,69.18000000000006,0.1765616410861825,0.4324137294511975,0.13942638394592488,24.137931034482758,6,2,1.0,ok
15,0,2,TRAILING,25,12:00,56,23.214285714285715,0.7702524347379095,-1.4765178571428577,-82.68500000000003,-8.268500000000003,12.913000000000011,129.1300000000001,-2.0720143962922064,-3.1410905237913247,-5.5641921933790295,37.93103448275862,11,3,1.9310344827586208,ok
15,0,2,TRAILING,25,14:00,56,23.214285714285715,0.7702524347379095,-1.4765178571428577,-82.68500000000003,-8.268500000000003,12.913000000000011,129.1300000000001,-2.0720143962922064,-3.1410905237913247,-5.5641921933790295,37.93103448275862,11,3,1.9310344827586208,ok
15,0,2,TRAILING,25,15:00,56,23.214285714285715,0.7702524347379095,-1.4765178571428577,-82.68500000000003,-8.268500000000003,12.913000000000011,129.1300000000001,-2.0720143962922064,-3.1410905237913247,-5.5641921933790295,37.93103448275862,11,3,1.9310344827586208,ok
15,0,3,TRAILING,25,12:00,81,27.160493827160494,0.8564493549134345,-0.8798148148148152,-71.26500000000003,-7.126500000000002,14.216500000000007,142.16500000000008,-1.3214450037869458,-2.0142386993690655,-4.35598266705637,37.93103448275862,15,4,2.793103448275862,ok
15,0,3,TRAILING,25,14:00,81,27.160493827160494,0.8564493549134345,-0.8798148148148152,-71.26500000000003,-7.126500000000002,14.216500000000007,142.16500000000008,-1.3214450037869458,-2.0142386993690655,-4.35598266705637,37.93103448275862,15,4,2.793103448275862,ok
15,0,3,TRAILING,25,15:00,81,27.160493827160494,0.8564493549134345,-0.8798148148148152,-71.26500000000003,-7.126500000000002,14.216500000000007,142.16500000000008,-1.3214450037869458,-2.0142386993690655,-4.35598266705637,37.93103448275862,15,4,2.793103448275862,ok
15,0,1,TRAILING,35,12:00,29,24.137931034482758,0.9168281413027273,-0.5772413793103456,-16.740000000000023,-1.6740000000000022,7.818000000000007,78.18000000000006,-0.32369127911254947,-0.7696787236795938,-1.8606399026120102,24.137931034482758,6,2,1.0,ok
15,0,1,TRAILING,35,14:00,29,24.137931034482758,0.9168281413027273,-0.5772413793103456,-16.740000000000023,-1.6740000000000022,7.818000000000007,78.18000000000006,-0.32369127911254947,-0.7696787236795938,-1.8606399026120102,24.137931034482758,6,2,1.0,ok
15,0,1,TRAILING,35,15:00,29,24.137931034482758,0.9168281413027273,-0.5772413793103456,-16.740000000000023,-1.6740000000000022,7.818000000000007,78.18000000000006,-0.32369127911254947,-0.7696787236795938,-1.8606399026120102,24.137931034482758,6,2,1.0,ok
15,0,2,TRAILING,35,12:00,56,21.428571428571427,0.7167207683778838,-1.8933928571428573,-106.03000000000002,-10.603000000000002,13.655000000000006,136.55000000000007,-2.5741606855985486,-3.958142566755877,-6.747448831424638,37.93103448275862,13,3,1.9310344827586208,ok
15,0,2,TRAILING,35,14:00,56,21.428571428571427,0.7167207683778838,-1.8933928571428573,-106.03000000000002,-10.603000000000002,13.655000000000006,136.55000000000007,-2.5741606855985486,-3.958142566755877,-6.747448831424638,37.93103448275862,13,3,1.9310344827586208,ok
15,0,2,TRAILING,35,15:00,56,21.428571428571427,0.7167207683778838,-1.8933928571428573,-106.03000000000002,-10.603000000000002,13.655000000000006,136.55000000000007,-2.5741606855985486,-3.958142566755877,-6.747448831424638,37.93103448275862,13,3,1.9310344827586208,ok
15,0,3,TRAILING,35,12:00,81,23.456790123456788,0.7405185835761906,-1.6048765432098766,-129.995,-12.9995,15.76650000000002,157.6650000000002,-2.6895751338759424,-3.884512916927347,-7.164632125950145,37.93103448275862,15,4,2.793103448275862,ok
15,0,3,TRAILING,35,14:00,81,23.456790123456788,0.7405185835761906,-1.6048765432098766,-129.995,-12.9995,15.76650000000002,157.6650000000002,-2.6895751338759424,-3.884512916927347,-7.164632125950145,37.93103448275862,15,4,2.793103448275862,ok
15,0,3,TRAILING,35,15:00,81,23.456790123456788,0.7405185835761906,-1.6048765432098766,-129.995,-12.9995,15.76650000000002,157.6650000000002,-2.6895751338759424,-3.884512916927347,-7.164632125950145,37.93103448275862,15,4,2.793103448275862,ok
15,0,1,TRAILING,50,12:00,29,24.137931034482758,1.2144031810706655,1.50603448275862,43.67499999999998,4.367499999999999,9.081000000000007,90.81000000000006,1.1652196232642567,3.3126430085188687,4.179283004681995,24.137931034482758,6,2,1.0,ok
15,0,1,TRAILING,50,14:00,29,24.137931034482758,1.2144031810706655,1.50603448275862,43.67499999999998,4.367499999999999,9.081000000000007,90.81000000000006,1.1652196232642567,3.3126430085188687,4.179283004681995,24.137931034482758,6,2,1.0,ok
15,0,1,TRAILING,50,15:00,29,24.137931034482758,1.2144031810706655,1.50603448275862,43.67499999999998,4.367499999999999,9.081000000000007,90.81000000000006,1.1652196232642567,3.3126430085188687,4.179283004681995,24.137931034482758,6,2,1.0,ok
15,0,2,TRAILING,50,12:00,56,21.428571428571427,1.00176320429485,0.011964285714285492,0.6699999999999875,0.06699999999999874,16.00200000000001,160.0200000000001,0.2354113917566991,0.4793526318853626,0.0363833831115931,34.48275862068966,13,3,1.9310344827586208,ok
15,0,2,TRAILING,50,14:00,56,21.428571428571427,1.00176320429485,0.011964285714285492,0.6699999999999875,0.06699999999999874,16.00200000000001,160.0200000000001,0.2354113917566991,0.4793526318853626,0.0363833831115931,34.48275862068966,13,3,1.9310344827586208,ok
15,0,2,TRAILING,50,15:00,56,21.428571428571427,1.00176320429485,0.011964285714285492,0.6699999999999875,0.06699999999999874,16.00200000000001,160.0200000000001,0.2354113917566991,0.4793526318853626,0.0363833831115931,34.48275862068966,13,3,1.9310344827586208,ok
15,0,3,TRAILING,50,12:00,81,22.22222222222222,1.0541386628935265,0.3779012345679004,30.609999999999935,3.0609999999999937,15.147500000000013,151.47500000000014,0.743478651292299,1.3121883288766911,1.7560016162903807,37.93103448275862,15,4,2.793103448275862,ok
15,0,3,TRAILING,50,14:00,81,22.22222222222222,1.0541386628935265,0.3779012345679004,30.609999999999935,3.0609999999999937,15.147500000000013,151.47500000000014,0.743478651292299,1.3121883288766911,1.7560016162903807,37.93103448275862,15,4,2.793103448275862,ok
15,0,3,TRAILING,50,15:00,81,22.22222222222222,1.0541386628935265,0.3779012345679004,30.609999999999935,3.0609999999999937,15.147500000000013,151.47500000000014,0.743478651292299,1.3121883288766911,1.7560016162903807,37.93103448275862,15,4,2.793103448275862,ok
20,0,1,TRAILING,15,12:00,29,44.827586206896555,1.6005162955792185,2.8877586206896555,83.745,8.3745,3.553499999999997,35.53499999999997,2.764106645317164,6.962520315646784,20.478828546891616,44.827586206896555,5,3,1.0,ok
20,0,1,TRAILING,15,14:00,29,44.827586206896555,1.6005162955792185,2.8877586206896555,83.745,8.3745,3.553499999999997,35.53499999999997,2.764106645317164,6.962520315646784,20.478828546891616,44.827586206896555,5,3,1.0,ok
20,0,1,TRAILING,15,15:00,29,44.827586206896555,1.6005162955792185,2.8877586206896555,83.745,8.3745,3.553499999999997,35.53499999999997,2.764106645317164,6.962520315646784,20.478828546891616,44.827586206896555,5,3,1.0,ok
20,0,2,TRAILING,15,12:00,56,41.07142857142857,1.2302008903520254,1.0988392857142857,61.535000000000004,6.153500000000001,6.643499999999994,66.43499999999995,1.8244602621684165,3.5306484730149346,8.048738331218233,51.724137931034484,5,4,1.9310344827586208,ok
20,0,2,TRAILING,15,14:00,56,41.07142857142857,1.2302008903520254,1.0988392857142857,61.535000000000004,6.153500000000001,6.643499999999994,66.43499999999995,1.8244602621684165,3.5306484730149346,8.048738331218233,51.724137931034484,5,4,1.9310344827586208,ok
20,0,2,TRAILING,15,15:00,56,41.07142857142857,1.2302008903520254,1.0988392857142857,61.535000000000004,6.153500000000001,6.643499999999994,66.43499999999995,1.8244602621684165,3.5306484730149346,8.048738331218233,51.724137931034484,5,4,1.9310344827586208,ok
20,0,3,TRAILING,15,12:00,81,39.50617283950617,1.123975009761812,0.6271604938271604,50.8,5.08,9.8995,98.995,1.3020451269523496,2.3017270881938794,4.4591593793486615,44.827586206896555,7,4,2.793103448275862,ok
20,0,3,TRAILING,15,14:00,81,39.50617283950617,1.123975009761812,0.6271604938271604,50.8,5.08,9.8995,98.995,1.3020451269523496,2.3017270881938794,4.4591593793486615,44.827586206896555,7,4,2.793103448275862,ok
20,0,3,TRAILING,15,15:00,81,39.50617283950617,1.123975009761812,0.6271604938271604,50.8,5.08,9.8995,98.995,1.3020451269523496,2.3017270881938794,4.4591593793486615,44.827586206896555,7,4,2.793103448275862,ok
20,0,1,TRAILING,25,12:00,29,37.93103448275862,1.4331598411176547,2.1810344827586206,63.25,6.325,3.9534999999999965,39.53499999999997,2.2368072091034654,5.328805755116523,13.902129496779384,37.93103448275862,5,2,1.0,ok
20,0,1,TRAILING,25,14:00,29,37.93103448275862,1.4331598411176547,2.1810344827586206,63.25,6.325,3.9534999999999965,39.53499999999997,2.2368072091034654,5.328805755116523,13.902129496779384,37.93103448275862,5,2,1.0,ok
20,0,1,TRAILING,25,15:00,29,37.93103448275862,1.4331598411176547,2.1810344827586206,63.25,6.325,3.9534999999999965,39.53499999999997,2.2368072091034654,5.328805755116523,13.902129496779384,37.93103448275862,5,2,1.0,ok
20,0,2,TRAILING,25,12:00,56,33.92857142857143,1.206939325205557,1.0426785714285711,58.389999999999986,5.838999999999999,7.443499999999995,74.43499999999995,1.8153070461284826,3.331711574199528,6.816537455729718,51.724137931034484,10,3,1.9310344827586208,ok
20,0,2,TRAILING,25,14:00,56,33.92857142857143,1.206939325205557,1.0426785714285711,58.389999999999986,5.838999999999999,7.443499999999995,74.43499999999995,1.8153070461284826,3.331711574199528,6.816537455729718,51.724137931034484,10,3,1.9310344827586208,ok
20,0,2,TRAILING,25,15:00,56,33.92857142857143,1.206939325205557,1.0426785714285711,58.389999999999986,5.838999999999999,7.443499999999995,74.43499999999995,1.8153070461284826,3.331711574199528,6.816537455729718,51.724137931034484,10,3,1.9310344827586208,ok
20,0,3,TRAILING,25,12:00,80,33.75,1.030993146652222,0.16450000000000015,13.16000000000001,1.316000000000001,10.6995,106.995,0.48969131922758885,0.764522249124298,1.0687963182295022,51.724137931034484,14,4,2.7586206896551726,ok
20,0,3,TRAILING,25,14:00,80,33.75,1.030993146652222,0.16450000000000015,13.16000000000001,1.316000000000001,10.6995,106.995,0.48969131922758885,0.764522249124298,1.0687963182295022,51.724137931034484,14,4,2.7586206896551726,ok
20,0,3,TRAILING,25,15:00,80,33.75,1.030993146652222,0.16450000000000015,13.16000000000001,1.316000000000001,10.6995,106.995,0.48969131922758885,0.764522249124298,1.0687963182295022,51.724137931034484,14,4,2.7586206896551726,ok
20,0,1,TRAILING,35,12:00,29,37.93103448275862,1.149180967238689,0.7913793103448273,22.949999999999992,2.294999999999999,4.273500000000001,42.735000000000014,0.9717000091694125,2.0493341110985672,4.66661018385156,37.93103448275862,5,2,1.0,ok
20,0,1,TRAILING,35,14:00,29,37.93103448275862,1.149180967238689,0.7913793103448273,22.949999999999992,2.294999999999999,4.273500000000001,42.735000000000014,0.9717000091694125,2.0493341110985672,4.66661018385156,37.93103448275862,5,2,1.0,ok
20,0,1,TRAILING,35,15:00,29,37.93103448275862,1.149180967238689,0.7913793103448273,22.949999999999992,2.294999999999999,4.273500000000001,42.735000000000014,0.9717000091694125,2.0493341110985672,4.66661018385156,37.93103448275862,5,2,1.0,ok
20,0,2,TRAILING,35,12:00,56,32.142857142857146,1.015263770055606,0.0855357142857144,4.790000000000006,0.4790000000000006,8.163499999999999,81.63499999999999,0.28237872082349685,0.522879341963332,0.509872582542563,44.827586206896555,10,3,1.9310344827586208,ok
20,0,2,TRAILING,35,14:00,56,32.142857142857146,1.015263770055606,0.0855357142857144,4.790000000000006,0.4790000000000006,8.163499999999999,81.63499999999999,0.28237872082349685,0.522879341963332,0.509872582542563,44.827586206896555,10,3,1.9310344827586208,ok
20,0,2,TRAILING,35,15:00,56,32.142857142857146,1.015263770055606,0.0855357142857144,4.790000000000006,0.4790000000000006,8.163499999999999,81.63499999999999,0.28237872082349685,0.522879341963332,0.509872582542563,44.827586206896555,10,3,1.9310344827586208,ok
20,0,3,TRAILING,35,12:00,80,30.0,0.9041552607566504,-0.5120625000000002,-40.96500000000002,-4.096500000000002,11.419500000000005,114.19500000000005,-0.7782147181474688,-1.2268360731495136,-3.1172268850469025,41.37931034482759,14,4,2.7586206896551726,ok
20,0,3,TRAILING,35,14:00,80,30.0,0.9041552607566504,-0.5120625000000002,-40.96500000000002,-4.096500000000002,11.419500000000005,114.19500000000005,-0.7782147181474688,-1.2268360731495136,-3.1172268850469025,41.37931034482759,14,4,2.7586206896551726,ok
20,0,3,TRAILING,35,15:00,80,30.0,0.9041552607566504,-0.5120625000000002,-40.96500000000002,-4.096500000000002,11.419500000000005,114.19500000000005,-0.7782147181474688,-1.2268360731495136,-3.1172268850469025,41.37931034482759,14,4,2.7586206896551726,ok
20,0,1,TRAILING,50,12:00,29,34.48275862068966,1.3903847360823447,2.1448275862068966,62.2,6.220000000000001,4.3755,43.754999999999995,2.037749041733823,5.122233412376905,12.35279514853475,34.48275862068966,6,2,1.0,ok
20,0,1,TRAILING,50,14:00,29,34.48275862068966,1.3903847360823447,2.1448275862068966,62.2,6.220000000000001,4.3755,43.754999999999995,2.037749041733823,5.122233412376905,12.35279514853475,34.48275862068966,6,2,1.0,ok
20,0,1,TRAILING,50,15:00,29,34.48275862068966,1.3903847360823447,2.1448275862068966,62.2,6.220000000000001,4.3755,43.754999999999995,2.037749041733823,5.122233412376905,12.35279514853475,34.48275862068966,6,2,1.0,ok
20,0,2,TRAILING,50,12:00,56,30.357142857142854,1.5066742610118002,3.097589285714286,173.46500000000003,17.346500000000002,8.343499999999993,83.43499999999995,3.2819878972977414,7.920710544281964,18.066171684338226,44.827586206896555,10,3,1.9310344827586208,ok
20,0,2,TRAILING,50,14:00,56,30.357142857142854,1.5066742610118002,3.097589285714286,173.46500000000003,17.346500000000002,8.343499999999993,83.43499999999995,3.2819878972977414,7.920710544281964,18.066171684338226,44.827586206896555,10,3,1.9310344827586208,ok
20,0,2,TRAILING,50,15:00,56,30.357142857142854,1.5066742610118002,3.097589285714286,173.46500000000003,17.346500000000002,8.343499999999993,83.43499999999995,3.2819878972977414,7.920710544281964,18.066171684338226,44.827586206896555,10,3,1.9310344827586208,ok
20,0,3,TRAILING,50,12:00,80,27.500000000000004,1.2188250858471386,1.4059375000000005,112.47500000000004,11.247500000000004,13.007500000000006,130.07500000000005,2.004774192360508,3.905684059621047,7.513887876357804,41.37931034482759,14,4,2.7586206896551726,ok
20,0,3,TRAILING,50,14:00,80,27.500000000000004,1.2188250858471386,1.4059375000000005,112.47500000000004,11.247500000000004,13.007500000000006,130.07500000000005,2.004774192360508,3.905684059621047,7.513887876357804,41.37931034482759,14,4,2.7586206896551726,ok
20,0,3,TRAILING,50,15:00,80,27.500000000000004,1.2188250858471386,1.4059375000000005,112.47500000000004,11.247500000000004,13.007500000000006,130.07500000000005,2.004774192360508,3.905684059621047,7.513887876357804,41.37931034482759,14,4,2.7586206896551726,ok
25,0,1,TRAILING,15,12:00,29,48.275862068965516,1.2197694093574156,0.9629310344827584,27.924999999999994,2.7924999999999995,3.2502869355285466,32.84999999999991,1.3260787373561862,2.549910244966717,7.465759962210694,48.275862068965516,4,3,1.0,ok
25,0,1,TRAILING,15,14:00,29,48.275862068965516,1.2197694093574156,0.9629310344827584,27.924999999999994,2.7924999999999995,3.2502869355285466,32.84999999999991,1.3260787373561862,2.549910244966717,7.465759962210694,48.275862068965516,4,3,1.0,ok
25,0,1,TRAILING,15,15:00,29,48.275862068965516,1.2197694093574156,0.9629310344827584,27.924999999999994,2.7924999999999995,3.2502869355285466,32.84999999999991,1.3260787373561862,2.549910244966717,7.465759962210694,48.275862068965516,4,3,1.0,ok
25,0,2,TRAILING,15,12:00,56,44.642857142857146,1.0403669311215291,0.15991071428571388,8.954999999999977,0.8954999999999977,5.346000000000004,53.460000000000036,0.46081278777126733,0.7784422573713264,1.4555903866248647,48.275862068965516,5,4,1.9310344827586208,ok
25,0,2,TRAILING,15,14:00,56,44.642857142857146,1.0403669311215291,0.15991071428571388,8.954999999999977,0.8954999999999977,5.346000000000004,53.460000000000036,0.46081278777126733,0.7784422573713264,1.4555903866248647,48.275862068965516,5,4,1.9310344827586208,ok
25,0,2,TRAILING,15,15:00,56,44.642857142857146,1.0403669311215291,0.15991071428571388,8.954999999999977,0.8954999999999977,5.346000000000004,53.460000000000036,0.46081278777126733,0.7784422573713264,1.4555903866248647,48.275862068965516,5,4,1.9310344827586208,ok
25,0,3,TRAILING,15,12:00,81,41.9753086419753,0.9316522404757698,-0.2866049382716055,-23.215000000000046,-2.3215000000000043,8.118000000000006,81.18000000000006,-0.6099078738573317,-0.9193177339005996,-2.4849759155898794,41.37931034482759,7,4,2.793103448275862,ok
25,0,3,TRAILING,15,14:00,81,41.9753086419753,0.9316522404757698,-0.2866049382716055,-23.215000000000046,-2.3215000000000043,8.118000000000006,81.18000000000006,-0.6099078738573317,-0.9193177339005996,-2.4849759155898794,41.37931034482759,7,4,2.793103448275862,ok
25,0,3,TRAILING,15,15:00,81,41.9753086419753,0.9316522404757698,-0.2866049382716055,-23.215000000000046,-2.3215000000000043,8.118000000000006,81.18000000000006,-0.6099078738573317,-0.9193177339005996,-2.4849759155898794,41.37931034482759,7,4,2.793103448275862,ok
25,0,1,TRAILING,25,12:00,29,41.37931034482759,1.1894597436996068,0.838620689655172,24.31999999999999,2.431999999999999,3.23912353127977,32.639999999999986,1.2021995037345654,2.3037811990847636,6.5243703042596355,41.37931034482759,4,3,1.0,ok
25,0,1,TRAILING,25,14:00,29,41.37931034482759,1.1894597436996068,0.838620689655172,24.31999999999999,2.431999999999999,3.23912353127977,32.639999999999986,1.2021995037345654,2.3037811990847636,6.5243703042596355,41.37931034482759,4,3,1.0,ok
25,0,1,TRAILING,25,15:00,29,41.37931034482759,1.1894597436996068,0.838620689655172,24.31999999999999,2.431999999999999,3.23912353127977,32.639999999999986,1.2021995037345654,2.3037811990847636,6.5243703042596355,41.37931034482759,4,3,1.0,ok
25,0,2,TRAILING,25,12:00,56,37.5,1.0114442226846152,0.048124999999999564,2.6949999999999754,0.2694999999999976,5.946000000000003,59.460000000000036,0.21198503391259763,0.3346995382718696,0.3938550401892861,51.724137931034484,8,3,1.9310344827586208,ok
25,0,2,TRAILING,25,14:00,56,37.5,1.0114442226846152,0.048124999999999564,2.6949999999999754,0.2694999999999976,5.946000000000003,59.460000000000036,0.21198503391259763,0.3346995382718696,0.3938550401892861,51.724137931034484,8,3,1.9310344827586208,ok
25,0,2,TRAILING,25,15:00,56,37.5,1.0114442226846152,0.048124999999999564,2.6949999999999754,0.2694999999999976,5.946000000000003,59.460000000000036,0.21198503391259763,0.3346995382718696,0.3938550401892861,51.724137931034484,8,3,1.9310344827586208,ok
25,0,3,TRAILING,25,12:00,80,36.25,0.8981599402749109,-0.4348125000000005,-34.78500000000004,-3.478500000000004,9.691500000000007,96.91500000000008,-1.0292311929542168,-1.4371911018770336,-3.1189150820039617,48.275862068965516,12,4,2.7586206896551726,ok
25,0,3,TRAILING,25,14:00,80,36.25,0.8981599402749109,-0.4348125000000005,-34.78500000000004,-3.478500000000004,9.691500000000007,96.91500000000008,-1.0292311929542168,-1.4371911018770336,-3.1189150820039617,48.275862068965516,12,4,2.7586206896551726,ok
25,0,3,TRAILING,25,15:00,80,36.25,0.8981599402749109,-0.4348125000000005,-34.78500000000004,-3.478500000000004,9.691500000000007,96.91500000000008,-1.0292311929542168,-1.4371911018770336,-3.1189150820039617,48.275862068965516,12,4,2.7586206896551726,ok
25,0,1,TRAILING,35,12:00,29,41.37931034482759,1.0107448761089017,0.048448275862068575,1.4049999999999887,0.14049999999999888,3.5473981765338203,35.639999999999986,0.1538746454334933,0.28649950396119717,0.3441667641936581,41.37931034482759,4,3,1.0,ok
25,0,1,TRAILING,35,14:00,29,41.37931034482759,1.0107448761089017,0.048448275862068575,1.4049999999999887,0.14049999999999888,3.5473981765338203,35.639999999999986,0.1538746454334933,0.28649950396119717,0.3441667641936581,41.37931034482759,4,3,1.0,ok
25,0,1,TRAILING,35,15:00,29,41.37931034482759,1.0107448761089017,0.048448275862068575,1.4049999999999887,0.14049999999999888,3.5473981765338203,35.639999999999986,0.1538746454334933,0.28649950396119717,0.3441667641936581,41.37931034482759,4,3,1.0,ok
25,0,2,TRAILING,35,12:00,56,33.92857142857143,0.9224459656335442,-0.34696428571428617,-19.430000000000025,-1.9430000000000023,6.546000000000003,65.46000000000004,-0.5831603015948573,-1.0010404276148697,-2.5792850595783707,44.827586206896555,8,3,1.9310344827586208,ok
25,0,2,TRAILING,35,14:00,56,33.92857142857143,0.9224459656335442,-0.34696428571428617,-19.430000000000025,-1.9430000000000023,6.546000000000003,65.46000000000004,-0.5831603015948573,-1.0010404276148697,-2.5792850595783707,44.827586206896555,8,3,1.9310344827586208,ok
25,0,2,TRAILING,35,15:00,56,33.92857142857143,0.9224459656335442,-0.34696428571428617,-19.430000000000025,-1.9430000000000023,6.546000000000003,65.46000000000004,-0.5831603015948573,-1.0010404276148697,-2.5792850595783707,44.827586206896555,8,3,1.9310344827586208,ok
25,0,3,TRAILING,35,12:00,80,31.25,0.7935332592866836,-0.9410625000000007,-75.28500000000005,-7.528500000000006,10.081500000000005,100.81500000000005,-2.164390506820344,-3.0493272253556705,-6.489120563955489,41.37931034482759,12,4,2.7586206896551726,ok
25,0,3,TRAILING,35,14:00,80,31.25,0.7935332592866836,-0.9410625000000007,-75.28500000000005,-7.528500000000006,10.081500000000005,100.81500000000005,-2.164390506820344,-3.0493272253556705,-6.489120563955489,41.37931034482759,12,4,2.7586206896551726,ok
25,0,3,TRAILING,35,15:00,80,31.25,0.7935332592866836,-0.9410625000000007,-75.28500000000005,-7.528500000000006,10.081500000000005,100.81500000000005,-2.164390506820344,-3.0493272253556705,-6.489120563955489,41.37931034482759,12,4,2.7586206896551726,ok
25,0,1,TRAILING,50,12:00,29,41.37931034482759,1.500134994407375,2.2356896551724135,64.835,6.483499999999999,3.795000000000005,37.950000000000045,2.509186380694042,5.939980795926695,14.845686247785178,41.37931034482759,6,3,1.0,ok
25,0,1,TRAILING,50,14:00,29,41.37931034482759,1.500134994407375,2.2356896551724135,64.835,6.483499999999999,3.795000000000005,37.950000000000045,2.509186380694042,5.939980795926695,14.845686247785178,41.37931034482759,6,3,1.0,ok
25,0,1,TRAILING,50,15:00,29,41.37931034482759,1.500134994407375,2.2356896551724135,64.835,6.483499999999999,3.795000000000005,37.950000000000045,2.509186380694042,5.939980795926695,14.845686247785178,41.37931034482759,6,3,1.0,ok
25,0,2,TRAILING,50,12:00,56,37.5,1.6040977955344993,3.0510714285714284,170.85999999999999,17.086,7.372500000000002,73.72500000000002,3.9590070785740443,9.094186564354136,20.138548426702204,48.275862068965516,10,4,1.9310344827586208,ok
25,0,2,TRAILING,50,14:00,56,37.5,1.6040977955344993,3.0510714285714284,170.85999999999999,17.086,7.372500000000002,73.72500000000002,3.9590070785740443,9.094186564354136,20.138548426702204,48.275862068965516,10,4,1.9310344827586208,ok
25,0,2,TRAILING,50,15:00,56,37.5,1.6040977955344993,3.0510714285714284,170.85999999999999,17.086,7.372500000000002,73.72500000000002,3.9590070785740443,9.094186564354136,20.138548426702204,48.275862068965516,10,4,1.9310344827586208,ok
25,0,3,TRAILING,50,12:00,80,32.5,1.1812625216475945,1.0008749999999995,80.06999999999996,8.006999999999996,12.669000000000006,126.69000000000005,1.8329424074462217,3.2274266990065774,5.491993761584748,48.275862068965516,12,4,2.7586206896551726,ok
25,0,3,TRAILING,50,14:00,80,32.5,1.1812625216475945,1.0008749999999995,80.06999999999996,8.006999999999996,12.669000000000006,126.69000000000005,1.8329424074462217,3.2274266990065774,5.491993761584748,48.275862068965516,12,4,2.7586206896551726,ok
25,0,3,TRAILING,50,15:00,80,32.5,1.1812625216475945,1.0008749999999995,80.06999999999996,8.006999999999996,12.669000000000006,126.69000000000005,1.8329424074462217,3.2274266990065774,5.491993761584748,48.275862068965516,12,4,2.7586206896551726,ok
30,0,1,TRAILING,15,12:00,29,48.275862068965516,1.2282396088019556,0.9656896551724132,28.004999999999985,2.8004999999999987,3.3488150766073757,33.780000000000086,1.3465507938853318,2.653287766990727,7.266862682366609,48.275862068965516,4,3,1.0,ok
30,0,1,TRAILING,15,14:00,29,48.275862068965516,1.2282396088019556,0.9656896551724132,28.004999999999985,2.8004999999999987,3.3488150766073757,33.780000000000086,1.3465507938853318,2.653287766990727,7.266862682366609,48.275862068965516,4,3,1.0,ok
30,0,1,TRAILING,15,15:00,29,48.275862068965516,1.2282396088019556,0.9656896551724132,28.004999999999985,2.8004999999999987,3.3488150766073757,33.780000000000086,1.3465507938853318,2.653287766990727,7.266862682366609,48.275862068965516,4,3,1.0,ok
30,0,2,TRAILING,15,12:00,56,44.642857142857146,0.9356456842234051,-0.2817857142857147,-15.780000000000022,-1.5780000000000023,6.235500000000002,62.35500000000002,-0.485888655508534,-0.7591347578487161,-2.1990659709837193,48.275862068965516,5,4,1.9310344827586208,ok
30,0,2,TRAILING,15,14:00,56,44.642857142857146,0.9356456842234051,-0.2817857142857147,-15.780000000000022,-1.5780000000000023,6.235500000000002,62.35500000000002,-0.485888655508534,-0.7591347578487161,-2.1990659709837193,48.275862068965516,5,4,1.9310344827586208,ok
30,0,2,TRAILING,15,15:00,56,44.642857142857146,0.9356456842234051,-0.2817857142857147,-15.780000000000022,-1.5780000000000023,6.235500000000002,62.35500000000002,-0.485888655508534,-0.7591347578487161,-2.1990659709837193,48.275862068965516,5,4,1.9310344827586208,ok
30,0,3,TRAILING,15,12:00,81,43.20987654320987,0.8881661245934448,-0.4966666666666671,-40.23000000000003,-4.023000000000003,9.003000000000009,90.03000000000009,-1.1279192182804956,-1.623169581975388,-3.8829815348906678,41.37931034482759,7,4,2.793103448275862,ok
30,0,3,TRAILING,15,14:00,81,43.20987654320987,0.8881661245934448,-0.4966666666666671,-40.23000000000003,-4.023000000000003,9.003000000000009,90.03000000000009,-1.1279192182804956,-1.623169581975388,-3.8829815348906678,41.37931034482759,7,4,2.793103448275862,ok
30,0,3,TRAILING,15,15:00,81,43.20987654320987,0.8881661245934448,-0.4966666666666671,-40.23000000000003,-4.023000000000003,9.003000000000009,90.03000000000009,-1.1279192182804956,-1.623169581975388,-3.8829815348906678,41.37931034482759,7,4,2.793103448275862,ok
30,0,1,TRAILING,25,12:00,29,41.37931034482759,1.1234236338159738,0.546724137931034,15.854999999999988,1.5854999999999988,3.5899832457505374,36.10500000000002,0.8292752516572972,1.5569806147477145,3.837747235219112,41.37931034482759,4,3,1.0,ok
30,0,1,TRAILING,25,14:00,29,41.37931034482759,1.1234236338159738,0.546724137931034,15.854999999999988,1.5854999999999988,3.5899832457505374,36.10500000000002,0.8292752516572972,1.5569806147477145,3.837747235219112,41.37931034482759,4,3,1.0,ok
30,0,1,TRAILING,25,15:00,29,41.37931034482759,1.1234236338159738,0.546724137931034,15.854999999999988,1.5854999999999988,3.5899832457505374,36.10500000000002,0.8292752516572972,1.5569806147477145,3.837747235219112,41.37931034482759,4,3,1.0,ok
30,0,2,TRAILING,25,12:00,56,37.5,0.9201294879340789,-0.36348214285714303,-20.35500000000001,-2.035500000000001,7.021500000000003,70.21500000000003,-0.6885555333261896,-1.0343271829778333,-2.519090380039632,48.275862068965516,8,3,1.9310344827586208,ok
30,0,2,TRAILING,25,14:00,56,37.5,0.9201294879340789,-0.36348214285714303,-20.35500000000001,-2.035500000000001,7.021500000000003,70.21500000000003,-0.6885555333261896,-1.0343271829778333,-2.519090380039632,48.275862068965516,8,3,1.9310344827586208,ok
30,0,2,TRAILING,25,15:00,56,37.5,0.9201294879340789,-0.36348214285714303,-20.35500000000001,-2.035500000000001,7.021500000000003,70.21500000000003,-0.6885555333261896,-1.0343271829778333,-2.519090380039632,48.275862068965516,8,3,1.9310344827586208,ok
30,0,3,TRAILING,25,12:00,80,37.5,0.8031559753773595,-0.8973750000000006,-71.79000000000005,-7.179000000000005,10.725999999999999,107.25999999999999,-2.242884600949637,-2.940008843512095,-5.816057662013674,44.827586206896555,11,4,2.7586206896551726,ok
30,0,3,TRAILING,25,14:00,80,37.5,0.8031559753773595,-0.8973750000000006,-71.79000000000005,-7.179000000000005,10.725999999999999,107.25999999999999,-2.242884600949637,-2.940008843512095,-5.816057662013674,44.827586206896555,11,4,2.7586206896551726,ok
30,0,3,TRAILING,25,15:00,80,37.5,0.8031559753773595,-0.8973750000000006,-71.79000000000005,-7.179000000000005,10.725999999999999,107.25999999999999,-2.242884600949637,-2.940008843512095,-5.816057662013674,44.827586206896555,11,4,2.7586206896551726,ok
30,0,1,TRAILING,35,12:00,29,41.37931034482759,0.9614797031863814,-0.18258620689655222,-5.295000000000014,-0.5295000000000014,3.8999117396269147,39.10500000000002,-0.16399600817020873,-0.2951164203291518,-1.1798144986310095,41.37931034482759,4,3,1.0,ok
30,0,1,TRAILING,35,14:00,29,41.37931034482759,0.9614797031863814,-0.18258620689655222,-5.295000000000014,-0.5295000000000014,3.8999117396269147,39.10500000000002,-0.16399600817020873,-0.2951164203291518,-1.1798144986310095,41.37931034482759,4,3,1.0,ok
30,0,1,TRAILING,35,15:00,29,41.37931034482759,0.9614797031863814,-0.18258620689655222,-5.295000000000014,-0.5295000000000014,3.8999117396269147,39.10500000000002,-0.16399600817020873,-0.2951164203291518,-1.1798144986310095,41.37931034482759,4,3,1.0,ok
30,0,2,TRAILING,35,12:00,56,33.92857142857143,0.8360193173802158,-0.8094642857142862,-45.33000000000003,-4.533000000000003,7.342499999999995,73.42499999999995,-1.4321654471966563,-2.276548854558052,-5.364685992039737,41.37931034482759,8,3,1.9310344827586208,ok
30,0,2,TRAILING,35,14:00,56,33.92857142857143,0.8360193173802158,-0.8094642857142862,-45.33000000000003,-4.533000000000003,7.342499999999995,73.42499999999995,-1.4321654471966563,-2.276548854558052,-5.364685992039737,41.37931034482759,8,3,1.9310344827586208,ok
30,0,2,TRAILING,35,15:00,56,33.92857142857143,0.8360193173802158,-0.8094642857142862,-45.33000000000003,-4.533000000000003,7.342499999999995,73.42499999999995,-1.4321654471966563,-2.276548854558052,-5.364685992039737,41.37931034482759,8,3,1.9310344827586208,ok
30,0,3,TRAILING,35,12:00,80,32.5,0.7117452767868939,-1.3636250000000008,-109.09000000000006,-10.909000000000006,11.284000000000015,112.84000000000015,-3.228325676564517,-4.286137221044067,-8.400872764610245,34.48275862068966,12,4,2.7586206896551726,ok
30,0,3,TRAILING,35,14:00,80,32.5,0.7117452767868939,-1.3636250000000008,-109.09000000000006,-10.909000000000006,11.284000000000015,112.84000000000015,-3.228325676564517,-4.286137221044067,-8.400872764610245,34.48275862068966,12,4,2.7586206896551726,ok
30,0,3,TRAILING,35,15:00,80,32.5,0.7117452767868939,-1.3636250000000008,-109.09000000000006,-10.909000000000006,11.284000000000015,112.84000000000015,-3.228325676564517,-4.286137221044067,-8.400872764610245,34.48275862068966,12,4,2.7586206896551726,ok
30,0,1,TRAILING,50,12:00,29,41.37931034482759,1.2945242466789073,1.41051724137931,40.90499999999999,4.090499999999999,4.741499999999997,47.414999999999964,1.6907179227269515,3.5768221995645075,7.496580087052332,41.37931034482759,6,3,1.0,ok
30,0,1,TRAILING,50,14:00,29,41.37931034482759,1.2945242466789073,1.41051724137931,40.90499999999999,4.090499999999999,4.741499999999997,47.414999999999964,1.6907179227269515,3.5768221995645075,7.496580087052332,41.37931034482759,6,3,1.0,ok
30,0,1,TRAILING,50,15:00,29,41.37931034482759,1.2945242466789073,1.41051724137931,40.90499999999999,4.090499999999999,4.741499999999997,47.414999999999964,1.6907179227269515,3.5768221995645075,7.496580087052332,41.37931034482759,6,3,1.0,ok
30,0,2,TRAILING,50,12:00,56,37.5,1.32009394572025,1.642767857142857,91.99499999999999,9.199499999999999,9.519000000000005,95.19000000000005,2.389528984787077,4.787877103244513,8.397991675451271,44.827586206896555,10,4,1.9310344827586208,ok
30,0,2,TRAILING,50,14:00,56,37.5,1.32009394572025,1.642767857142857,91.99499999999999,9.199499999999999,9.519000000000005,95.19000000000005,2.389528984787077,4.787877103244513,8.397991675451271,44.827586206896555,10,4,1.9310344827586208,ok
30,0,2,TRAILING,50,15:00,56,37.5,1.32009394572025,1.642767857142857,91.99499999999999,9.199499999999999,9.519000000000005,95.19000000000005,2.389528984787077,4.787877103244513,8.397991675451271,44.827586206896555,10,4,1.9310344827586208,ok
30,0,3,TRAILING,50,12:00,80,33.75,1.0660903950715512,0.34262499999999924,27.40999999999994,2.7409999999999943,13.760000000000003,137.60000000000002,0.8013069658609816,1.2912800687526076,1.730984362469924,48.275862068965516,12,4,2.7586206896551726,ok
30,0,3,TRAILING,50,14:00,80,33.75,1.0660903950715512,0.34262499999999924,27.40999999999994,2.7409999999999943,13.760000000000003,137.60000000000002,0.8013069658609816,1.2912800687526076,1.730984362469924,48.275862068965516,12,4,2.7586206896551726,ok
30,0,3,TRAILING,50,15:00,80,33.75,1.0660903950715512,0.34262499999999924,27.40999999999994,2.7409999999999943,13.760000000000003,137.60000000000002,0.8013069658609816,1.2912800687526076,1.730984362469924,48.275862068965516,12,4,2.7586206896551726,ok
40,0,1,TRAILING,15,12:00,29,51.724137931034484,1.2020517395182875,0.6248275862068965,18.119999999999997,1.8119999999999998,3.035577525586575,30.519999999999982,1.2172947950119388,2.1704250296371645,5.187037734894023,51.724137931034484,4,4,1.0,ok
40,0,1,TRAILING,15,14:00,29,51.724137931034484,1.2020517395182875,0.6248275862068965,18.119999999999997,1.8119999999999998,3.035577525586575,30.519999999999982,1.2172947950119388,2.1704250296371645,5.187037734894023,51.724137931034484,4,4,1.0,ok
40,0,1,TRAILING,15,15:00,29,51.724137931034484,1.2020517395182875,0.6248275862068965,18.119999999999997,1.8119999999999998,3.035577525586575,30.519999999999982,1.2172947950119388,2.1704250296371645,5.187037734894023,51.724137931034484,4,4,1.0,ok
40,0,2,TRAILING,15,12:00,56,48.214285714285715,0.9887577916295641,-0.036071428571428754,-2.0200000000000102,-0.202000000000001,5.39083557951482,54.799999999999955,-0.020877374233294055,-0.031838452966808345,-0.32561006896551914,48.275862068965516,4,4,1.9310344827586208,ok
40,0,2,TRAILING,15,14:00,56,48.214285714285715,0.9887577916295641,-0.036071428571428754,-2.0200000000000102,-0.202000000000001,5.39083557951482,54.799999999999955,-0.020877374233294055,-0.031838452966808345,-0.32561006896551914,48.275862068965516,4,4,1.9310344827586208,ok
40,0,2,TRAILING,15,15:00,56,48.214285714285715,0.9887577916295641,-0.036071428571428754,-2.0200000000000102,-0.202000000000001,5.39083557951482,54.799999999999955,-0.020877374233294055,-0.031838452966808345,-0.32561006896551914,48.275862068965516,4,4,1.9310344827586208,ok
40,0,3,TRAILING,15,12:00,81,46.913580246913575,0.967727656834735,-0.0990123456790124,-8.020000000000005,-0.8020000000000005,5.666999999999995,56.66999999999996,-0.25917931346310225,-0.3965163442780234,-1.2297694456107062,44.827586206896555,4,6,2.793103448275862,ok
40,0,3,TRAILING,15,14:00,81,46.913580246913575,0.967727656834735,-0.0990123456790124,-8.020000000000005,-0.8020000000000005,5.666999999999995,56.66999999999996,-0.25917931346310225,-0.3965163442780234,-1.2297694456107062,44.827586206896555,4,6,2.793103448275862,ok
40,0,3,TRAILING,15,15:00,81,46.913580246913575,0.967727656834735,-0.0990123456790124,-8.020000000000005,-0.8020000000000005,5.666999999999995,56.66999999999996,-0.25917931346310225,-0.3965163442780234,-1.2297694456107062,44.827586206896555,4,6,2.793103448275862,ok
40,0,1,TRAILING,25,12:00,29,44.827586206896555,1.1071428571428572,0.34551724137931017,10.019999999999994,1.0019999999999993,3.196101294585457,32.069999999999936,0.7242368599914016,1.2388213721274883,2.7242673746008226,44.827586206896555,4,4,1.0,ok
40,0,1,TRAILING,25,14:00,29,44.827586206896555,1.1071428571428572,0.34551724137931017,10.019999999999994,1.0019999999999993,3.196101294585457,32.069999999999936,0.7242368599914016,1.2388213721274883,2.7242673746008226,44.827586206896555,4,4,1.0,ok
40,0,1,TRAILING,25,15:00,29,44.827586206896555,1.1071428571428572,0.34551724137931017,10.019999999999994,1.0019999999999993,3.196101294585457,32.069999999999936,0.7242368599914016,1.2388213721274883,2.7242673746008226,44.827586206896555,4,4,1.0,ok
40,0,2,TRAILING,25,12:00,56,41.07142857142857,0.9727580463166945,-0.09053571428571429,-5.07,-0.507,5.140815801452682,51.94999999999993,-0.18920379149088176,-0.2776688524848852,-0.8569953374265717,48.275862068965516,4,4,1.9310344827586208,ok
40,0,2,TRAILING,25,14:00,56,41.07142857142857,0.9727580463166945,-0.09053571428571429,-5.07,-0.507,5.140815801452682,51.94999999999993,-0.18920379149088176,-0.2776688524848852,-0.8569953374265717,48.275862068965516,4,4,1.9310344827586208,ok
40,0,2,TRAILING,25,15:00,56,41.07142857142857,0.9727580463166945,-0.09053571428571429,-5.07,-0.507,5.140815801452682,51.94999999999993,-0.18920379149088176,-0.2776688524848852,-0.8569953374265717,48.275862068965516,4,4,1.9310344827586208,ok
40,0,3,TRAILING,25,12:00,80,41.25,0.8931978832708873,-0.3456250000000002,-27.650000000000013,-2.765000000000001,6.9070000000000045,69.07000000000005,-1.1642848698015298,-1.6141741893959005,-3.4786298757382554,41.37931034482759,6,6,2.7586206896551726,ok
40,0,3,TRAILING,25,14:00,80,41.25,0.8931978832708873,-0.3456250000000002,-27.650000000000013,-2.765000000000001,6.9070000000000045,69.07000000000005,-1.1642848698015298,-1.6141741893959005,-3.4786298757382554,41.37931034482759,6,6,2.7586206896551726,ok
40,0,3,TRAILING,25,15:00,80,41.25,0.8931978832708873,-0.3456250000000002,-27.650000000000013,-2.765000000000001,6.9070000000000045,69.07000000000005,-1.1642848698015298,-1.6141741893959005,-3.4786298757382554,41.37931034482759,6,6,2.7586206896551726,ok
40,0,1,TRAILING,35,12:00,29,44.827586206896555,0.9509646302250803,-0.16827586206896564,-4.8800000000000034,-0.4880000000000003,3.4022028939195668,34.069999999999936,-0.2657754792605653,-0.4380954516155658,-1.2464135315729312,44.827586206896555,4,4,1.0,ok
40,0,1,TRAILING,35,14:00,29,44.827586206896555,0.9509646302250803,-0.16827586206896564,-4.8800000000000034,-0.4880000000000003,3.4022028939195668,34.069999999999936,-0.2657754792605653,-0.4380954516155658,-1.2464135315729312,44.827586206896555,4,4,1.0,ok
40,0,1,TRAILING,35,15:00,29,44.827586206896555,0.9509646302250803,-0.16827586206896564,-4.8800000000000034,-0.4880000000000003,3.4022028939195668,34.069999999999936,-0.2657754792605653,-0.4380954516155658,-1.2464135315729312,44.827586206896555,4,4,1.0,ok
40,0,2,TRAILING,35,12:00,56,37.5,0.8780282387911819,-0.4396428571428573,-24.620000000000008,-2.4620000000000006,5.654289069361249,57.299999999999955,-1.0822274707136073,-1.6395356125832496,-3.783664183426615,44.827586206896555,7,4,1.9310344827586208,ok
40,0,2,TRAILING,35,14:00,56,37.5,0.8780282387911819,-0.4396428571428573,-24.620000000000008,-2.4620000000000006,5.654289069361249,57.299999999999955,-1.0822274707136073,-1.6395356125832496,-3.783664183426615,44.827586206896555,7,4,1.9310344827586208,ok
40,0,2,TRAILING,35,15:00,56,37.5,0.8780282387911819,-0.4396428571428573,-24.620000000000008,-2.4620000000000006,5.654289069361249,57.299999999999955,-1.0822274707136073,-1.6395356125832496,-3.783664183426615,44.827586206896555,7,4,1.9310344827586208,ok
40,0,3,TRAILING,35,12:00,80,36.25,0.8447518190332108,-0.5387500000000001,-43.10000000000001,-4.3100000000000005,7.967000000000008,79.67000000000007,-1.549018432473894,-2.229562752142708,-4.700943114485178,41.37931034482759,9,6,2.7586206896551726,ok
40,0,3,TRAILING,35,14:00,80,36.25,0.8447518190332108,-0.5387500000000001,-43.10000000000001,-4.3100000000000005,7.967000000000008,79.67000000000007,-1.549018432473894,-2.229562752142708,-4.700943114485178,41.37931034482759,9,6,2.7586206896551726,ok
40,0,3,TRAILING,35,15:00,80,36.25,0.8447518190332108,-0.5387500000000001,-43.10000000000001,-4.3100000000000005,7.967000000000008,79.67000000000007,-1.549018432473894,-2.229562752142708,-4.700943114485178,41.37931034482759,9,6,2.7586206896551726,ok
40,0,1,TRAILING,50,12:00,29,44.827586206896555,1.1930961129375361,0.6886206896551724,19.97,1.9969999999999999,4.296000000000004,42.960000000000036,1.1936541275143413,2.2492733740384026,4.039395106915812,44.827586206896555,6,4,1.0,ok
40,0,1,TRAILING,50,14:00,29,44.827586206896555,1.1930961129375361,0.6886206896551724,19.97,1.9969999999999999,4.296000000000004,42.960000000000036,1.1936541275143413,2.2492733740384026,4.039395106915812,44.827586206896555,6,4,1.0,ok
40,0,1,TRAILING,50,15:00,29,44.827586206896555,1.1930961129375361,0.6886206896551724,19.97,1.9969999999999999,4.296000000000004,42.960000000000036,1.1936541275143413,2.2492733740384026,4.039395106915812,44.827586206896555,6,4,1.0,ok
40,0,2,TRAILING,50,12:00,56,41.07142857142857,1.2570511030438425,0.9862499999999997,55.22999999999998,5.522999999999998,6.721000000000004,67.21000000000004,2.0911933149709925,3.78001352242565,7.1407477335577045,51.724137931034484,10,4,1.9310344827586208,ok
40,0,2,TRAILING,50,14:00,56,41.07142857142857,1.2570511030438425,0.9862499999999997,55.22999999999998,5.522999999999998,6.721000000000004,67.21000000000004,2.0911933149709925,3.78001352242565,7.1407477335577045,51.724137931034484,10,4,1.9310344827586208,ok
40,0,2,TRAILING,50,15:00,56,41.07142857142857,1.2570511030438425,0.9862499999999997,55.22999999999998,5.522999999999998,6.721000000000004,67.21000000000004,2.0911933149709925,3.78001352242565,7.1407477335577045,51.724137931034484,10,4,1.9310344827586208,ok
40,0,3,TRAILING,50,12:00,80,40.0,1.159858767127725,0.6168749999999998,49.34999999999999,4.934999999999999,10.027,100.26999999999998,1.6243826420150786,2.702866344748673,4.276797474405312,48.275862068965516,8,6,2.7586206896551726,ok
40,0,3,TRAILING,50,14:00,80,40.0,1.159858767127725,0.6168749999999998,49.34999999999999,4.934999999999999,10.027,100.26999999999998,1.6243826420150786,2.702866344748673,4.276797474405312,48.275862068965516,8,6,2.7586206896551726,ok
40,0,3,TRAILING,50,15:00,80,40.0,1.159858767127725,0.6168749999999998,49.34999999999999,4.934999999999999,10.027,100.26999999999998,1.6243826420150786,2.702866344748673,4.276797474405312,48.275862068965516,8,6,2.7586206896551726,ok
50,0,1,TRAILING,15,12:00,29,58.620689655172406,1.1554581210909798,0.4156896551724138,12.055,1.2055,2.47434738166379,25.175000000000068,0.976343707714507,1.4883166873357718,4.23359282046364,58.620689655172406,3,5,1.0,ok
50,0,1,TRAILING,15,14:00,29,58.620689655172406,1.1554581210909798,0.4156896551724138,12.055,1.2055,2.47434738166379,25.175000000000068,0.976343707714507,1.4883166873357718,4.23359282046364,58.620689655172406,3,5,1.0,ok
50,0,1,TRAILING,15,15:00,29,58.620689655172406,1.1554581210909798,0.4156896551724138,12.055,1.2055,2.47434738166379,25.175000000000068,0.976343707714507,1.4883166873357718,4.23359282046364,58.620689655172406,3,5,1.0,ok
50,0,2,TRAILING,15,12:00,56,51.78571428571429,0.9118410041841004,-0.18812500000000013,-10.535000000000007,-1.0535000000000008,3.9535237609036047,40.26999999999998,-0.7103889979194035,-1.0091058716893169,-2.3155423560792268,51.724137931034484,4,4,1.9310344827586208,ok
50,0,2,TRAILING,15,14:00,56,51.78571428571429,0.9118410041841004,-0.18812500000000013,-10.535000000000007,-1.0535000000000008,3.9535237609036047,40.26999999999998,-0.7103889979194035,-1.0091058716893169,-2.3155423560792268,51.724137931034484,4,4,1.9310344827586208,ok
50,0,2,TRAILING,15,15:00,56,51.78571428571429,0.9118410041841004,-0.18812500000000013,-10.535000000000007,-1.0535000000000008,3.9535237609036047,40.26999999999998,-0.7103889979194035,-1.0091058716893169,-2.3155423560792268,51.724137931034484,4,4,1.9310344827586208,ok
50,0,3,TRAILING,15,12:00,81,49.382716049382715,0.9029221882432892,-0.17635802469135808,-14.285000000000004,-1.4285000000000003,3.644321401363325,36.59500000000003,-1.0395868663331227,-1.4185047135666573,-3.406168404671825,44.827586206896555,4,6,2.793103448275862,ok
50,0,3,TRAILING,15,14:00,81,49.382716049382715,0.9029221882432892,-0.17635802469135808,-14.285000000000004,-1.4285000000000003,3.644321401363325,36.59500000000003,-1.0395868663331227,-1.4185047135666573,-3.406168404671825,44.827586206896555,4,6,2.793103448275862,ok
50,0,3,TRAILING,15,15:00,81,49.382716049382715,0.9029221882432892,-0.17635802469135808,-14.285000000000004,-1.4285000000000003,3.644321401363325,36.59500000000003,-1.0395868663331227,-1.4185047135666573,-3.406168404671825,44.827586206896555,4,6,2.793103448275862,ok
50,0,1,TRAILING,25,12:00,29,51.724137931034484,1.4612411911798138,1.399310344827586,40.58,4.058,2.9231617753780985,30.210000000000036,2.427287833366708,4.562769225014434,12.06317795568947,51.724137931034484,3,5,1.0,ok
50,0,1,TRAILING,25,14:00,29,51.724137931034484,1.4612411911798138,1.399310344827586,40.58,4.058,2.9231617753780985,30.210000000000036,2.427287833366708,4.562769225014434,12.06317795568947,51.724137931034484,3,5,1.0,ok
50,0,1,TRAILING,25,15:00,29,51.724137931034484,1.4612411911798138,1.399310344827586,40.58,4.058,2.9231617753780985,30.210000000000036,2.427287833366708,4.562769225014434,12.06317795568947,51.724137931034484,3,5,1.0,ok
50,0,2,TRAILING,25,12:00,56,44.642857142857146,1.0447812706721504,0.13901785714285703,7.784999999999993,0.7784999999999993,5.385319825283969,56.16000000000008,0.429975645248803,0.7369091015893139,1.2561735925066284,51.724137931034484,4,4,1.9310344827586208,ok
50,0,2,TRAILING,25,14:00,56,44.642857142857146,1.0447812706721504,0.13901785714285703,7.784999999999993,0.7784999999999993,5.385319825283969,56.16000000000008,0.429975645248803,0.7369091015893139,1.2561735925066284,51.724137931034484,4,4,1.9310344827586208,ok
50,0,2,TRAILING,25,15:00,56,44.642857142857146,1.0447812706721504,0.13901785714285703,7.784999999999993,0.7784999999999993,5.385319825283969,56.16000000000008,0.429975645248803,0.7369091015893139,1.2561735925066284,51.724137931034484,4,4,1.9310344827586208,ok
50,0,3,TRAILING,25,12:00,80,43.75,0.9008717234699436,-0.2046875,-16.375,-1.6375000000000002,6.254630171170124,64.16500000000008,-0.9110116521327559,-1.4318529184966,-2.2750042697033757,44.827586206896555,6,6,2.7586206896551726,ok
50,0,3,TRAILING,25,14:00,80,43.75,0.9008717234699436,-0.2046875,-16.375,-1.6375000000000002,6.254630171170124,64.16500000000008,-0.9110116521327559,-1.4318529184966,-2.2750042697033757,44.827586206896555,6,6,2.7586206896551726,ok
50,0,3,TRAILING,25,15:00,80,43.75,0.9008717234699436,-0.2046875,-16.375,-1.6375000000000002,6.254630171170124,64.16500000000008,-0.9110116521327559,-1.4318529184966,-2.2750042697033757,44.827586206896555,6,6,2.7586206896551726,ok
50,0,1,TRAILING,35,12:00,29,48.275862068965516,1.0676970306462712,0.2205172413793103,6.394999999999999,0.6394999999999998,3.1524450008248674,32.485000000000014,0.47724860137351816,0.7976995126775972,1.7627696855312522,48.275862068965516,3,4,1.0,ok
50,0,1,TRAILING,35,14:00,29,48.275862068965516,1.0676970306462712,0.2205172413793103,6.394999999999999,0.6394999999999998,3.1524450008248674,32.485000000000014,0.47724860137351816,0.7976995126775972,1.7627696855312522,48.275862068965516,3,4,1.0,ok
50,0,1,TRAILING,35,15:00,29,48.275862068965516,1.0676970306462712,0.2205172413793103,6.394999999999999,0.6394999999999998,3.1524450008248674,32.485000000000014,0.47724860137351816,0.7976995126775972,1.7627696855312522,48.275862068965516,3,4,1.0,ok
50,0,2,TRAILING,35,12:00,56,39.285714285714285,0.9399141630901288,-0.17749999999999994,-9.939999999999996,-0.9939999999999996,5.267155024898586,54.79000000000008,-0.35146351741694937,-0.6046425322714168,-1.6398828590669046,48.275862068965516,7,4,1.9310344827586208,ok
50,0,2,TRAILING,35,14:00,56,39.285714285714285,0.9399141630901288,-0.17749999999999994,-9.939999999999996,-0.9939999999999996,5.267155024898586,54.79000000000008,-0.35146351741694937,-0.6046425322714168,-1.6398828590669046,48.275862068965516,7,4,1.9310344827586208,ok
50,0,2,TRAILING,35,15:00,56,39.285714285714285,0.9399141630901288,-0.17749999999999994,-9.939999999999996,-0.9939999999999996,5.267155024898586,54.79000000000008,-0.35146351741694937,-0.6046425322714168,-1.6398828590669046,48.275862068965516,7,4,1.9310344827586208,ok
50,0,3,TRAILING,35,12:00,80,37.5,0.8568009458173533,-0.310375,-24.830000000000002,-2.483,6.585589720055086,67.44500000000016,-1.335472129224883,-2.0159631879608733,-3.2763070142977218,41.37931034482759,9,6,2.7586206896551726,ok
50,0,3,TRAILING,35,14:00,80,37.5,0.8568009458173533,-0.310375,-24.830000000000002,-2.483,6.585589720055086,67.44500000000016,-1.335472129224883,-2.0159631879608733,-3.2763070142977218,41.37931034482759,9,6,2.7586206896551726,ok
50,0,3,TRAILING,35,15:00,80,37.5,0.8568009458173533,-0.310375,-24.830000000000002,-2.483,6.585589720055086,67.44500000000016,-1.335472129224883,-2.0159631879608733,-3.2763070142977218,41.37931034482759,9,6,2.7586206896551726,ok
50,0,1,TRAILING,50,12:00,29,48.275862068965516,1.0601145579311517,0.18275862068965507,5.299999999999997,0.5299999999999997,3.3875896110001205,34.59000000000003,0.42426789486745337,0.6922478454263011,1.3595263211412487,48.275862068965516,6,4,1.0,ok
50,0,1,TRAILING,50,14:00,29,48.275862068965516,1.0601145579311517,0.18275862068965507,5.299999999999997,0.5299999999999997,3.3875896110001205,34.59000000000003,0.42426789486745337,0.6922478454263011,1.3595263211412487,48.275862068965516,6,4,1.0,ok
50,0,1,TRAILING,50,15:00,29,48.275862068965516,1.0601145579311517,0.18275862068965507,5.299999999999997,0.5299999999999997,3.3875896110001205,34.59000000000003,0.42426789486745337,0.6922478454263011,1.3595263211412487,48.275862068965516,6,4,1.0,ok
50,0,2,TRAILING,50,12:00,56,42.857142857142854,1.1831369982547992,0.5996428571428571,33.58,3.3579999999999997,5.415116444366016,55.235000000000014,1.4808591146093049,2.5834128849427023,5.388593646831872,51.724137931034484,10,4,1.9310344827586208,ok
50,0,2,TRAILING,50,14:00,56,42.857142857142854,1.1831369982547992,0.5996428571428571,33.58,3.3579999999999997,5.415116444366016,55.235000000000014,1.4808591146093049,2.5834128849427023,5.388593646831872,51.724137931034484,10,4,1.9310344827586208,ok
50,0,2,TRAILING,50,15:00,56,42.857142857142854,1.1831369982547992,0.5996428571428571,33.58,3.3579999999999997,5.415116444366016,55.235000000000014,1.4808591146093049,2.5834128849427023,5.388593646831872,51.724137931034484,10,4,1.9310344827586208,ok
50,0,3,TRAILING,50,12:00,80,41.25,1.185309062841706,0.5401874999999999,43.214999999999996,4.3214999999999995,6.793816758702538,69.26499999999999,1.8000185710015155,2.9655780866477985,5.527429744036521,51.724137931034484,8,6,2.7586206896551726,ok
50,0,3,TRAILING,50,14:00,80,41.25,1.185309062841706,0.5401874999999999,43.214999999999996,4.3214999999999995,6.793816758702538,69.26499999999999,1.8000185710015155,2.9655780866477985,5.527429744036521,51.724137931034484,8,6,2.7586206896551726,ok
50,0,3,TRAILING,50,15:00,80,41.25,1.185309062841706,0.5401874999999999,43.214999999999996,4.3214999999999995,6.793816758702538,69.26499999999999,1.8000185710015155,2.9655780866477985,5.527429744036521,51.724137931034484,8,6,2.7586206896551726,ok
