fecha,anio,bloque,dir,fin,combo,sl,tp,atr,pnl,motivo,salida,sym,costo
2017-02-06,2017,B,1,525,"(0.8, 1.5)",28.785714285714285,53.97321428571428,35.982142857142854,1.25,EOD,569,NQH7,1.225
2017-02-06,2017,B,1,525,"(0.8, 1.75)",28.785714285714285,62.96874999999999,35.982142857142854,1.25,EOD,569,NQH7,1.225
2017-02-06,2017,B,1,525,"(0.8, 2.0)",28.785714285714285,71.96428571428571,35.982142857142854,1.25,EOD,569,NQH7,1.225
2017-02-06,2017,B,1,525,"(1.0, 1.5)",35.982142857142854,53.97321428571428,35.982142857142854,1.25,EOD,569,NQH7,1.225
2017-02-06,2017,B,1,525,"(1.0, 1.75)",35.982142857142854,62.96874999999999,35.982142857142854,1.25,EOD,569,NQH7,1.225
2017-02-06,2017,B,1,525,"(1.0, 2.0)",35.982142857142854,71.96428571428571,35.982142857142854,1.25,EOD,569,NQH7,1.225
2017-02-06,2017,B,1,525,"(1.2, 1.5)",43.17857142857142,53.97321428571428,35.982142857142854,1.25,EOD,569,NQH7,1.225
2017-02-06,2017,B,1,525,"(1.2, 1.75)",43.17857142857142,62.96874999999999,35.982142857142854,1.25,EOD,569,NQH7,1.225
2017-02-06,2017,B,1,525,"(1.2, 2.0)",43.17857142857142,71.96428571428571,35.982142857142854,1.25,EOD,569,NQH7,1.225
2017-02-06,2017,B,1,525,"(0.179, 0.247)",6.440803571428571,8.887589285714284,35.982142857142854,1.25,EOD,569,NQH7,1.225
2017-02-10,2017,B,-1,455,"(0.8, 1.5)",28.257142857142856,52.982142857142854,35.32142857142857,1.25,EOD,569,NQH7,1.225
2017-02-10,2017,B,-1,455,"(0.8, 1.75)",28.257142857142856,61.8125,35.32142857142857,1.25,EOD,569,NQH7,1.225
2017-02-10,2017,B,-1,455,"(0.8, 2.0)",28.257142857142856,70.64285714285714,35.32142857142857,1.25,EOD,569,NQH7,1.225
2017-02-10,2017,B,-1,455,"(1.0, 1.5)",35.32142857142857,52.982142857142854,35.32142857142857,1.25,EOD,569,NQH7,1.225
2017-02-10,2017,B,-1,455,"(1.0, 1.75)",35.32142857142857,61.8125,35.32142857142857,1.25,EOD,569,NQH7,1.225
2017-02-10,2017,B,-1,455,"(1.0, 2.0)",35.32142857142857,70.64285714285714,35.32142857142857,1.25,EOD,569,NQH7,1.225
2017-02-10,2017,B,-1,455,"(1.2, 1.5)",42.38571428571428,52.982142857142854,35.32142857142857,1.25,EOD,569,NQH7,1.225
2017-02-10,2017,B,-1,455,"(1.2, 1.75)",42.38571428571428,61.8125,35.32142857142857,1.25,EOD,569,NQH7,1.225
2017-02-10,2017,B,-1,455,"(1.2, 2.0)",42.38571428571428,70.64285714285714,35.32142857142857,1.25,EOD,569,NQH7,1.225
2017-02-10,2017,B,-1,455,"(0.179, 0.247)",6.3225357142857135,8.724392857142856,35.32142857142857,1.25,EOD,569,NQH7,1.225
2017-03-16,2017,B,-1,490,"(0.8, 1.5)",28.1,52.6875,35.125,0.75,EOD,569,NQM7,1.225
2017-03-16,2017,B,-1,490,"(0.8, 1.75)",28.1,61.46875,35.125,0.75,EOD,569,NQM7,1.225
2017-03-16,2017,B,-1,490,"(0.8, 2.0)",28.1,70.25,35.125,0.75,EOD,569,NQM7,1.225
2017-03-16,2017,B,-1,490,"(1.0, 1.5)",35.125,52.6875,35.125,0.75,EOD,569,NQM7,1.225
2017-03-16,2017,B,-1,490,"(1.0, 1.75)",35.125,61.46875,35.125,0.75,EOD,569,NQM7,1.225
2017-03-16,2017,B,-1,490,"(1.0, 2.0)",35.125,70.25,35.125,0.75,EOD,569,NQM7,1.225
2017-03-16,2017,B,-1,490,"(1.2, 1.5)",42.15,52.6875,35.125,0.75,EOD,569,NQM7,1.225
2017-03-16,2017,B,-1,490,"(1.2, 1.75)",42.15,61.46875,35.125,0.75,EOD,569,NQM7,1.225
2017-03-16,2017,B,-1,490,"(1.2, 2.0)",42.15,70.25,35.125,0.75,EOD,569,NQM7,1.225
2017-03-16,2017,B,-1,490,"(0.179, 0.247)",6.287375,8.675875,35.125,0.75,EOD,569,NQM7,1.225
2017-03-30,2017,B,-1,525,"(0.8, 1.5)",34.2,64.125,42.75,2.25,EOD,569,NQM7,1.225
2017-03-30,2017,B,-1,525,"(0.8, 1.75)",34.2,74.8125,42.75,2.25,EOD,569,NQM7,1.225
2017-03-30,2017,B,-1,525,"(0.8, 2.0)",34.2,85.5,42.75,2.25,EOD,569,NQM7,1.225
2017-03-30,2017,B,-1,525,"(1.0, 1.5)",42.75,64.125,42.75,2.25,EOD,569,NQM7,1.225
2017-03-30,2017,B,-1,525,"(1.0, 1.75)",42.75,74.8125,42.75,2.25,EOD,569,NQM7,1.225
2017-03-30,2017,B,-1,525,"(1.0, 2.0)",42.75,85.5,42.75,2.25,EOD,569,NQM7,1.225
2017-03-30,2017,B,-1,525,"(1.2, 1.5)",51.3,64.125,42.75,2.25,EOD,569,NQM7,1.225
2017-03-30,2017,B,-1,525,"(1.2, 1.75)",51.3,74.8125,42.75,2.25,EOD,569,NQM7,1.225
2017-03-30,2017,B,-1,525,"(1.2, 2.0)",51.3,85.5,42.75,2.25,EOD,569,NQM7,1.225
2017-03-30,2017,B,-1,525,"(0.179, 0.247)",7.6522499999999996,10.55925,42.75,2.25,EOD,569,NQM7,1.225
2017-04-05,2017,B,-1,330,"(0.8, 1.5)",33.785714285714285,63.34821428571428,42.232142857142854,-6.75,EOD,569,NQM7,1.225
2017-04-05,2017,B,-1,330,"(0.8, 1.75)",33.785714285714285,73.90625,42.232142857142854,-6.75,EOD,569,NQM7,1.225
2017-04-05,2017,B,-1,330,"(0.8, 2.0)",33.785714285714285,84.46428571428571,42.232142857142854,-6.75,EOD,569,NQM7,1.225
2017-04-05,2017,B,-1,330,"(1.0, 1.5)",42.232142857142854,63.34821428571428,42.232142857142854,-6.75,EOD,569,NQM7,1.225
2017-04-05,2017,B,-1,330,"(1.0, 1.75)",42.232142857142854,73.90625,42.232142857142854,-6.75,EOD,569,NQM7,1.225
2017-04-05,2017,B,-1,330,"(1.0, 2.0)",42.232142857142854,84.46428571428571,42.232142857142854,-6.75,EOD,569,NQM7,1.225
2017-04-05,2017,B,-1,330,"(1.2, 1.5)",50.67857142857142,63.34821428571428,42.232142857142854,-6.75,EOD,569,NQM7,1.225
2017-04-05,2017,B,-1,330,"(1.2, 1.75)",50.67857142857142,73.90625,42.232142857142854,-6.75,EOD,569,NQM7,1.225
2017-04-05,2017,B,-1,330,"(1.2, 2.0)",50.67857142857142,84.46428571428571,42.232142857142854,-6.75,EOD,569,NQM7,1.225
2017-04-05,2017,B,-1,330,"(0.179, 0.247)",7.55955357142857,10.431339285714285,42.232142857142854,-7.559553571428296,SL,568,NQM7,1.225
2017-04-07,2017,B,1,515,"(0.8, 1.5)",37.11428571428572,69.58928571428572,46.392857142857146,8.5,EOD,569,NQM7,1.225
2017-04-07,2017,B,1,515,"(0.8, 1.75)",37.11428571428572,81.1875,46.392857142857146,8.5,EOD,569,NQM7,1.225
2017-04-07,2017,B,1,515,"(0.8, 2.0)",37.11428571428572,92.78571428571429,46.392857142857146,8.5,EOD,569,NQM7,1.225
2017-04-07,2017,B,1,515,"(1.0, 1.5)",46.392857142857146,69.58928571428572,46.392857142857146,8.5,EOD,569,NQM7,1.225
2017-04-07,2017,B,1,515,"(1.0, 1.75)",46.392857142857146,81.1875,46.392857142857146,8.5,EOD,569,NQM7,1.225
2017-04-07,2017,B,1,515,"(1.0, 2.0)",46.392857142857146,92.78571428571429,46.392857142857146,8.5,EOD,569,NQM7,1.225
2017-04-07,2017,B,1,515,"(1.2, 1.5)",55.67142857142857,69.58928571428572,46.392857142857146,8.5,EOD,569,NQM7,1.225
2017-04-07,2017,B,1,515,"(1.2, 1.75)",55.67142857142857,81.1875,46.392857142857146,8.5,EOD,569,NQM7,1.225
2017-04-07,2017,B,1,515,"(1.2, 2.0)",55.67142857142857,92.78571428571429,46.392857142857146,8.5,EOD,569,NQM7,1.225
2017-04-07,2017,B,1,515,"(0.179, 0.247)",8.304321428571429,11.459035714285715,46.392857142857146,11.459035714286074,TP,557,NQM7,1.225
2017-05-01,2017,B,-1,385,"(0.8, 1.5)",33.4,62.625,41.75,-4.25,EOD,569,NQM7,1.225
2017-05-01,2017,B,-1,385,"(0.8, 1.75)",33.4,73.0625,41.75,-4.25,EOD,569,NQM7,1.225
2017-05-01,2017,B,-1,385,"(0.8, 2.0)",33.4,83.5,41.75,-4.25,EOD,569,NQM7,1.225
2017-05-01,2017,B,-1,385,"(1.0, 1.5)",41.75,62.625,41.75,-4.25,EOD,569,NQM7,1.225
2017-05-01,2017,B,-1,385,"(1.0, 1.75)",41.75,73.0625,41.75,-4.25,EOD,569,NQM7,1.225
2017-05-01,2017,B,-1,385,"(1.0, 2.0)",41.75,83.5,41.75,-4.25,EOD,569,NQM7,1.225
2017-05-01,2017,B,-1,385,"(1.2, 1.5)",50.1,62.625,41.75,-4.25,EOD,569,NQM7,1.225
2017-05-01,2017,B,-1,385,"(1.2, 1.75)",50.1,73.0625,41.75,-4.25,EOD,569,NQM7,1.225
2017-05-01,2017,B,-1,385,"(1.2, 2.0)",50.1,83.5,41.75,-4.25,EOD,569,NQM7,1.225
2017-05-01,2017,B,-1,385,"(0.179, 0.247)",7.473249999999999,10.31225,41.75,-4.25,EOD,569,NQM7,1.225
2017-05-02,2017,B,-1,355,"(0.8, 1.5)",34.5,64.6875,43.125,-1.0,EOD,569,NQM7,1.225
2017-05-02,2017,B,-1,355,"(0.8, 1.75)",34.5,75.46875,43.125,-1.0,EOD,569,NQM7,1.225
2017-05-02,2017,B,-1,355,"(0.8, 2.0)",34.5,86.25,43.125,-1.0,EOD,569,NQM7,1.225
2017-05-02,2017,B,-1,355,"(1.0, 1.5)",43.125,64.6875,43.125,-1.0,EOD,569,NQM7,1.225
2017-05-02,2017,B,-1,355,"(1.0, 1.75)",43.125,75.46875,43.125,-1.0,EOD,569,NQM7,1.225
2017-05-02,2017,B,-1,355,"(1.0, 2.0)",43.125,86.25,43.125,-1.0,EOD,569,NQM7,1.225
2017-05-02,2017,B,-1,355,"(1.2, 1.5)",51.75,64.6875,43.125,-1.0,EOD,569,NQM7,1.225
2017-05-02,2017,B,-1,355,"(1.2, 1.75)",51.75,75.46875,43.125,-1.0,EOD,569,NQM7,1.225
2017-05-02,2017,B,-1,355,"(1.2, 2.0)",51.75,86.25,43.125,-1.0,EOD,569,NQM7,1.225
2017-05-02,2017,B,-1,355,"(0.179, 0.247)",7.719374999999999,10.651875,43.125,-1.0,EOD,569,NQM7,1.225
2017-05-08,2017,B,-1,510,"(0.8, 1.5)",29.82857142857143,55.92857142857143,37.285714285714285,-2.25,EOD,569,NQM7,1.225
2017-05-08,2017,B,-1,510,"(0.8, 1.75)",29.82857142857143,65.25,37.285714285714285,-2.25,EOD,569,NQM7,1.225
2017-05-08,2017,B,-1,510,"(0.8, 2.0)",29.82857142857143,74.57142857142857,37.285714285714285,-2.25,EOD,569,NQM7,1.225
2017-05-08,2017,B,-1,510,"(1.0, 1.5)",37.285714285714285,55.92857142857143,37.285714285714285,-2.25,EOD,569,NQM7,1.225
2017-05-08,2017,B,-1,510,"(1.0, 1.75)",37.285714285714285,65.25,37.285714285714285,-2.25,EOD,569,NQM7,1.225
2017-05-08,2017,B,-1,510,"(1.0, 2.0)",37.285714285714285,74.57142857142857,37.285714285714285,-2.25,EOD,569,NQM7,1.225
2017-05-08,2017,B,-1,510,"(1.2, 1.5)",44.74285714285714,55.92857142857143,37.285714285714285,-2.25,EOD,569,NQM7,1.225
2017-05-08,2017,B,-1,510,"(1.2, 1.75)",44.74285714285714,65.25,37.285714285714285,-2.25,EOD,569,NQM7,1.225
2017-05-08,2017,B,-1,510,"(1.2, 2.0)",44.74285714285714,74.57142857142857,37.285714285714285,-2.25,EOD,569,NQM7,1.225
2017-05-08,2017,B,-1,510,"(0.179, 0.247)",6.674142857142857,9.209571428571428,37.285714285714285,-2.25,EOD,569,NQM7,1.225
2017-05-24,2017,B,-1,355,"(0.8, 1.5)",33.41428571428572,62.65178571428572,41.767857142857146,-7.0,EOD,569,NQM7,1.225
2017-05-24,2017,B,-1,355,"(0.8, 1.75)",33.41428571428572,73.09375,41.767857142857146,-7.0,EOD,569,NQM7,1.225
2017-05-24,2017,B,-1,355,"(0.8, 2.0)",33.41428571428572,83.53571428571429,41.767857142857146,-7.0,EOD,569,NQM7,1.225
2017-05-24,2017,B,-1,355,"(1.0, 1.5)",41.767857142857146,62.65178571428572,41.767857142857146,-7.0,EOD,569,NQM7,1.225
2017-05-24,2017,B,-1,355,"(1.0, 1.75)",41.767857142857146,73.09375,41.767857142857146,-7.0,EOD,569,NQM7,1.225
2017-05-24,2017,B,-1,355,"(1.0, 2.0)",41.767857142857146,83.53571428571429,41.767857142857146,-7.0,EOD,569,NQM7,1.225
2017-05-24,2017,B,-1,355,"(1.2, 1.5)",50.121428571428574,62.65178571428572,41.767857142857146,-7.0,EOD,569,NQM7,1.225
2017-05-24,2017,B,-1,355,"(1.2, 1.75)",50.121428571428574,73.09375,41.767857142857146,-7.0,EOD,569,NQM7,1.225
2017-05-24,2017,B,-1,355,"(1.2, 2.0)",50.121428571428574,83.53571428571429,41.767857142857146,-7.0,EOD,569,NQM7,1.225
2017-05-24,2017,B,-1,355,"(0.179, 0.247)",7.476446428571429,10.316660714285716,41.767857142857146,-7.476446428571762,SL,568,NQM7,1.225
2017-06-05,2017,B,-1,330,"(0.8, 1.5)",38.34285714285715,71.89285714285714,47.92857142857143,1.0,EOD,569,NQM7,1.225
2017-06-05,2017,B,-1,330,"(0.8, 1.75)",38.34285714285715,83.875,47.92857142857143,1.0,EOD,569,NQM7,1.225
2017-06-05,2017,B,-1,330,"(0.8, 2.0)",38.34285714285715,95.85714285714286,47.92857142857143,1.0,EOD,569,NQM7,1.225
2017-06-05,2017,B,-1,330,"(1.0, 1.5)",47.92857142857143,71.89285714285714,47.92857142857143,1.0,EOD,569,NQM7,1.225
2017-06-05,2017,B,-1,330,"(1.0, 1.75)",47.92857142857143,83.875,47.92857142857143,1.0,EOD,569,NQM7,1.225
2017-06-05,2017,B,-1,330,"(1.0, 2.0)",47.92857142857143,95.85714285714286,47.92857142857143,1.0,EOD,569,NQM7,1.225
2017-06-05,2017,B,-1,330,"(1.2, 1.5)",57.51428571428571,71.89285714285714,47.92857142857143,1.0,EOD,569,NQM7,1.225
2017-06-05,2017,B,-1,330,"(1.2, 1.75)",57.51428571428571,83.875,47.92857142857143,1.0,EOD,569,NQM7,1.225
2017-06-05,2017,B,-1,330,"(1.2, 2.0)",57.51428571428571,95.85714285714286,47.92857142857143,1.0,EOD,569,NQM7,1.225
2017-06-05,2017,B,-1,330,"(0.179, 0.247)",8.579214285714286,11.838357142857143,47.92857142857143,1.0,EOD,569,NQM7,1.225
2017-06-22,2017,B,-1,355,"(0.8, 1.5)",59.81428571428572,112.15178571428571,74.76785714285714,-6.0,EOD,569,NQU7,1.225
2017-06-22,2017,B,-1,355,"(0.8, 1.75)",59.81428571428572,130.84375,74.76785714285714,-6.0,EOD,569,NQU7,1.225
2017-06-22,2017,B,-1,355,"(0.8, 2.0)",59.81428571428572,149.53571428571428,74.76785714285714,-6.0,EOD,569,NQU7,1.225
2017-06-22,2017,B,-1,355,"(1.0, 1.5)",74.76785714285714,112.15178571428571,74.76785714285714,-6.0,EOD,569,NQU7,1.225
2017-06-22,2017,B,-1,355,"(1.0, 1.75)",74.76785714285714,130.84375,74.76785714285714,-6.0,EOD,569,NQU7,1.225
2017-06-22,2017,B,-1,355,"(1.0, 2.0)",74.76785714285714,149.53571428571428,74.76785714285714,-6.0,EOD,569,NQU7,1.225
2017-06-22,2017,B,-1,355,"(1.2, 1.5)",89.72142857142856,112.15178571428571,74.76785714285714,-6.0,EOD,569,NQU7,1.225
2017-06-22,2017,B,-1,355,"(1.2, 1.75)",89.72142857142856,130.84375,74.76785714285714,-6.0,EOD,569,NQU7,1.225
2017-06-22,2017,B,-1,355,"(1.2, 2.0)",89.72142857142856,149.53571428571428,74.76785714285714,-6.0,EOD,569,NQU7,1.225
2017-06-22,2017,B,-1,355,"(0.179, 0.247)",13.383446428571427,18.467660714285714,74.76785714285714,-6.0,EOD,569,NQU7,1.225
2017-07-06,2017,B,1,485,"(0.8, 1.5)",62.02857142857144,116.30357142857144,77.53571428571429,8.5,EOD,569,NQU7,1.225
2017-07-06,2017,B,1,485,"(0.8, 1.75)",62.02857142857144,135.6875,77.53571428571429,8.5,EOD,569,NQU7,1.225
2017-07-06,2017,B,1,485,"(0.8, 2.0)",62.02857142857144,155.07142857142858,77.53571428571429,8.5,EOD,569,NQU7,1.225
2017-07-06,2017,B,1,485,"(1.0, 1.5)",77.53571428571429,116.30357142857144,77.53571428571429,8.5,EOD,569,NQU7,1.225
2017-07-06,2017,B,1,485,"(1.0, 1.75)",77.53571428571429,135.6875,77.53571428571429,8.5,EOD,569,NQU7,1.225
2017-07-06,2017,B,1,485,"(1.0, 2.0)",77.53571428571429,155.07142857142858,77.53571428571429,8.5,EOD,569,NQU7,1.225
2017-07-06,2017,B,1,485,"(1.2, 1.5)",93.04285714285714,116.30357142857144,77.53571428571429,8.5,EOD,569,NQU7,1.225
2017-07-06,2017,B,1,485,"(1.2, 1.75)",93.04285714285714,135.6875,77.53571428571429,8.5,EOD,569,NQU7,1.225
2017-07-06,2017,B,1,485,"(1.2, 2.0)",93.04285714285714,155.07142857142858,77.53571428571429,8.5,EOD,569,NQU7,1.225
2017-07-06,2017,B,1,485,"(0.179, 0.247)",13.878892857142858,19.15132142857143,77.53571428571429,8.5,EOD,569,NQU7,1.225
2017-07-07,2017,B,-1,515,"(0.8, 1.5)",63.41428571428571,118.90178571428571,79.26785714285714,10.75,EOD,569,NQU7,1.225
2017-07-07,2017,B,-1,515,"(0.8, 1.75)",63.41428571428571,138.71875,79.26785714285714,10.75,EOD,569,NQU7,1.225
2017-07-07,2017,B,-1,515,"(0.8, 2.0)",63.41428571428571,158.53571428571428,79.26785714285714,10.75,EOD,569,NQU7,1.225
2017-07-07,2017,B,-1,515,"(1.0, 1.5)",79.26785714285714,118.90178571428571,79.26785714285714,10.75,EOD,569,NQU7,1.225
2017-07-07,2017,B,-1,515,"(1.0, 1.75)",79.26785714285714,138.71875,79.26785714285714,10.75,EOD,569,NQU7,1.225
2017-07-07,2017,B,-1,515,"(1.0, 2.0)",79.26785714285714,158.53571428571428,79.26785714285714,10.75,EOD,569,NQU7,1.225
2017-07-07,2017,B,-1,515,"(1.2, 1.5)",95.12142857142857,118.90178571428571,79.26785714285714,10.75,EOD,569,NQU7,1.225
2017-07-07,2017,B,-1,515,"(1.2, 1.75)",95.12142857142857,138.71875,79.26785714285714,10.75,EOD,569,NQU7,1.225
2017-07-07,2017,B,-1,515,"(1.2, 2.0)",95.12142857142857,158.53571428571428,79.26785714285714,10.75,EOD,569,NQU7,1.225
2017-07-07,2017,B,-1,515,"(0.179, 0.247)",14.188946428571427,19.579160714285713,79.26785714285714,10.75,EOD,569,NQU7,1.225
2017-07-10,2017,B,-1,325,"(0.8, 1.5)",62.15714285714286,116.54464285714286,77.69642857142857,9.5,EOD,569,NQU7,1.225
2017-07-10,2017,B,-1,325,"(0.8, 1.75)",62.15714285714286,135.96875,77.69642857142857,9.5,EOD,569,NQU7,1.225
2017-07-10,2017,B,-1,325,"(0.8, 2.0)",62.15714285714286,155.39285714285714,77.69642857142857,9.5,EOD,569,NQU7,1.225
2017-07-10,2017,B,-1,325,"(1.0, 1.5)",77.69642857142857,116.54464285714286,77.69642857142857,9.5,EOD,569,NQU7,1.225
2017-07-10,2017,B,-1,325,"(1.0, 1.75)",77.69642857142857,135.96875,77.69642857142857,9.5,EOD,569,NQU7,1.225
2017-07-10,2017,B,-1,325,"(1.0, 2.0)",77.69642857142857,155.39285714285714,77.69642857142857,9.5,EOD,569,NQU7,1.225
2017-07-10,2017,B,-1,325,"(1.2, 1.5)",93.23571428571428,116.54464285714286,77.69642857142857,9.5,EOD,569,NQU7,1.225
2017-07-10,2017,B,-1,325,"(1.2, 1.75)",93.23571428571428,135.96875,77.69642857142857,9.5,EOD,569,NQU7,1.225
2017-07-10,2017,B,-1,325,"(1.2, 2.0)",93.23571428571428,155.39285714285714,77.69642857142857,9.5,EOD,569,NQU7,1.225
2017-07-10,2017,B,-1,325,"(0.179, 0.247)",13.907660714285713,19.191017857142857,77.69642857142857,9.5,EOD,569,NQU7,1.225
2017-07-17,2017,B,-1,305,"(0.8, 1.5)",61.714285714285715,115.71428571428571,77.14285714285714,-2.25,EOD,569,NQU7,1.225
2017-07-17,2017,B,-1,305,"(0.8, 1.75)",61.714285714285715,135.0,77.14285714285714,-2.25,EOD,569,NQU7,1.225
2017-07-17,2017,B,-1,305,"(0.8, 2.0)",61.714285714285715,154.28571428571428,77.14285714285714,-2.25,EOD,569,NQU7,1.225
2017-07-17,2017,B,-1,305,"(1.0, 1.5)",77.14285714285714,115.71428571428571,77.14285714285714,-2.25,EOD,569,NQU7,1.225
2017-07-17,2017,B,-1,305,"(1.0, 1.75)",77.14285714285714,135.0,77.14285714285714,-2.25,EOD,569,NQU7,1.225
2017-07-17,2017,B,-1,305,"(1.0, 2.0)",77.14285714285714,154.28571428571428,77.14285714285714,-2.25,EOD,569,NQU7,1.225
2017-07-17,2017,B,-1,305,"(1.2, 1.5)",92.57142857142857,115.71428571428571,77.14285714285714,-2.25,EOD,569,NQU7,1.225
2017-07-17,2017,B,-1,305,"(1.2, 1.75)",92.57142857142857,135.0,77.14285714285714,-2.25,EOD,569,NQU7,1.225
2017-07-17,2017,B,-1,305,"(1.2, 2.0)",92.57142857142857,154.28571428571428,77.14285714285714,-2.25,EOD,569,NQU7,1.225
2017-07-17,2017,B,-1,305,"(0.179, 0.247)",13.808571428571428,19.05428571428571,77.14285714285714,-13.808571428571668,SL,469,NQU7,1.225
2017-07-20,2017,B,-1,475,"(0.8, 1.5)",49.01428571428572,91.90178571428572,61.267857142857146,-5.5,EOD,569,NQU7,1.225
2017-07-20,2017,B,-1,475,"(0.8, 1.75)",49.01428571428572,107.21875,61.267857142857146,-5.5,EOD,569,NQU7,1.225
2017-07-20,2017,B,-1,475,"(0.8, 2.0)",49.01428571428572,122.53571428571429,61.267857142857146,-5.5,EOD,569,NQU7,1.225
2017-07-20,2017,B,-1,475,"(1.0, 1.5)",61.267857142857146,91.90178571428572,61.267857142857146,-5.5,EOD,569,NQU7,1.225
2017-07-20,2017,B,-1,475,"(1.0, 1.75)",61.267857142857146,107.21875,61.267857142857146,-5.5,EOD,569,NQU7,1.225
2017-07-20,2017,B,-1,475,"(1.0, 2.0)",61.267857142857146,122.53571428571429,61.267857142857146,-5.5,EOD,569,NQU7,1.225
2017-07-20,2017,B,-1,475,"(1.2, 1.5)",73.52142857142857,91.90178571428572,61.267857142857146,-5.5,EOD,569,NQU7,1.225
2017-07-20,2017,B,-1,475,"(1.2, 1.75)",73.52142857142857,107.21875,61.267857142857146,-5.5,EOD,569,NQU7,1.225
2017-07-20,2017,B,-1,475,"(1.2, 2.0)",73.52142857142857,122.53571428571429,61.267857142857146,-5.5,EOD,569,NQU7,1.225
2017-07-20,2017,B,-1,475,"(0.179, 0.247)",10.966946428571429,15.133160714285715,61.267857142857146,-10.966946428571646,SL,501,NQU7,1.225
2017-07-24,2017,B,-1,510,"(0.8, 1.5)",44.142857142857146,82.76785714285714,55.17857142857143,2.0,EOD,569,NQU7,1.225
2017-07-24,2017,B,-1,510,"(0.8, 1.75)",44.142857142857146,96.5625,55.17857142857143,2.0,EOD,569,NQU7,1.225
2017-07-24,2017,B,-1,510,"(0.8, 2.0)",44.142857142857146,110.35714285714286,55.17857142857143,2.0,EOD,569,NQU7,1.225
2017-07-24,2017,B,-1,510,"(1.0, 1.5)",55.17857142857143,82.76785714285714,55.17857142857143,2.0,EOD,569,NQU7,1.225
2017-07-24,2017,B,-1,510,"(1.0, 1.75)",55.17857142857143,96.5625,55.17857142857143,2.0,EOD,569,NQU7,1.225
2017-07-24,2017,B,-1,510,"(1.0, 2.0)",55.17857142857143,110.35714285714286,55.17857142857143,2.0,EOD,569,NQU7,1.225
2017-07-24,2017,B,-1,510,"(1.2, 1.5)",66.21428571428571,82.76785714285714,55.17857142857143,2.0,EOD,569,NQU7,1.225
2017-07-24,2017,B,-1,510,"(1.2, 1.75)",66.21428571428571,96.5625,55.17857142857143,2.0,EOD,569,NQU7,1.225
2017-07-24,2017,B,-1,510,"(1.2, 2.0)",66.21428571428571,110.35714285714286,55.17857142857143,2.0,EOD,569,NQU7,1.225
2017-07-24,2017,B,-1,510,"(0.179, 0.247)",9.876964285714285,13.629107142857142,55.17857142857143,2.0,EOD,569,NQU7,1.225
2017-08-24,2017,B,-1,515,"(0.8, 1.5)",52.84285714285715,99.08035714285714,66.05357142857143,-1.25,EOD,569,NQU7,1.225
2017-08-24,2017,B,-1,515,"(0.8, 1.75)",52.84285714285715,115.59375,66.05357142857143,-1.25,EOD,569,NQU7,1.225
2017-08-24,2017,B,-1,515,"(0.8, 2.0)",52.84285714285715,132.10714285714286,66.05357142857143,-1.25,EOD,569,NQU7,1.225
2017-08-24,2017,B,-1,515,"(1.0, 1.5)",66.05357142857143,99.08035714285714,66.05357142857143,-1.25,EOD,569,NQU7,1.225
2017-08-24,2017,B,-1,515,"(1.0, 1.75)",66.05357142857143,115.59375,66.05357142857143,-1.25,EOD,569,NQU7,1.225
2017-08-24,2017,B,-1,515,"(1.0, 2.0)",66.05357142857143,132.10714285714286,66.05357142857143,-1.25,EOD,569,NQU7,1.225
2017-08-24,2017,B,-1,515,"(1.2, 1.5)",79.26428571428572,99.08035714285714,66.05357142857143,-1.25,EOD,569,NQU7,1.225
2017-08-24,2017,B,-1,515,"(1.2, 1.75)",79.26428571428572,115.59375,66.05357142857143,-1.25,EOD,569,NQU7,1.225
2017-08-24,2017,B,-1,515,"(1.2, 2.0)",79.26428571428572,132.10714285714286,66.05357142857143,-1.25,EOD,569,NQU7,1.225
2017-08-24,2017,B,-1,515,"(0.179, 0.247)",11.823589285714286,16.315232142857145,66.05357142857143,-1.25,EOD,569,NQU7,1.225
2017-08-30,2017,B,-1,455,"(0.8, 1.5)",55.51428571428571,104.08928571428571,69.39285714285714,3.25,EOD,569,NQU7,1.225
2017-08-30,2017,B,-1,455,"(0.8, 1.75)",55.51428571428571,121.4375,69.39285714285714,3.25,EOD,569,NQU7,1.225
2017-08-30,2017,B,-1,455,"(0.8, 2.0)",55.51428571428571,138.78571428571428,69.39285714285714,3.25,EOD,569,NQU7,1.225
2017-08-30,2017,B,-1,455,"(1.0, 1.5)",69.39285714285714,104.08928571428571,69.39285714285714,3.25,EOD,569,NQU7,1.225
2017-08-30,2017,B,-1,455,"(1.0, 1.75)",69.39285714285714,121.4375,69.39285714285714,3.25,EOD,569,NQU7,1.225
2017-08-30,2017,B,-1,455,"(1.0, 2.0)",69.39285714285714,138.78571428571428,69.39285714285714,3.25,EOD,569,NQU7,1.225
2017-08-30,2017,B,-1,455,"(1.2, 1.5)",83.27142857142856,104.08928571428571,69.39285714285714,3.25,EOD,569,NQU7,1.225
2017-08-30,2017,B,-1,455,"(1.2, 1.75)",83.27142857142856,121.4375,69.39285714285714,3.25,EOD,569,NQU7,1.225
2017-08-30,2017,B,-1,455,"(1.2, 2.0)",83.27142857142856,138.78571428571428,69.39285714285714,3.25,EOD,569,NQU7,1.225
2017-08-30,2017,B,-1,455,"(0.179, 0.247)",12.421321428571428,17.140035714285712,69.39285714285714,3.25,EOD,569,NQU7,1.225
2017-09-12,2017,B,-1,535,"(0.8, 1.5)",46.65714285714286,87.48214285714286,58.32142857142857,-8.5,EOD,569,NQZ7,1.225
2017-09-12,2017,B,-1,535,"(0.8, 1.75)",46.65714285714286,102.0625,58.32142857142857,-8.5,EOD,569,NQZ7,1.225
2017-09-12,2017,B,-1,535,"(0.8, 2.0)",46.65714285714286,116.64285714285714,58.32142857142857,-8.5,EOD,569,NQZ7,1.225
2017-09-12,2017,B,-1,535,"(1.0, 1.5)",58.32142857142857,87.48214285714286,58.32142857142857,-8.5,EOD,569,NQZ7,1.225
2017-09-12,2017,B,-1,535,"(1.0, 1.75)",58.32142857142857,102.0625,58.32142857142857,-8.5,EOD,569,NQZ7,1.225
2017-09-12,2017,B,-1,535,"(1.0, 2.0)",58.32142857142857,116.64285714285714,58.32142857142857,-8.5,EOD,569,NQZ7,1.225
2017-09-12,2017,B,-1,535,"(1.2, 1.5)",69.98571428571428,87.48214285714286,58.32142857142857,-8.5,EOD,569,NQZ7,1.225
2017-09-12,2017,B,-1,535,"(1.2, 1.75)",69.98571428571428,102.0625,58.32142857142857,-8.5,EOD,569,NQZ7,1.225
2017-09-12,2017,B,-1,535,"(1.2, 2.0)",69.98571428571428,116.64285714285714,58.32142857142857,-8.5,EOD,569,NQZ7,1.225
2017-09-12,2017,B,-1,535,"(0.179, 0.247)",10.439535714285714,14.405392857142857,58.32142857142857,-10.43953571428574,SL,569,NQZ7,1.225
2017-09-27,2017,B,-1,500,"(0.8, 1.5)",40.67142857142858,76.25892857142857,50.839285714285715,-6.5,EOD,569,NQZ7,1.225
2017-09-27,2017,B,-1,500,"(0.8, 1.75)",40.67142857142858,88.96875,50.839285714285715,-6.5,EOD,569,NQZ7,1.225
2017-09-27,2017,B,-1,500,"(0.8, 2.0)",40.67142857142858,101.67857142857143,50.839285714285715,-6.5,EOD,569,NQZ7,1.225
2017-09-27,2017,B,-1,500,"(1.0, 1.5)",50.839285714285715,76.25892857142857,50.839285714285715,-6.5,EOD,569,NQZ7,1.225
2017-09-27,2017,B,-1,500,"(1.0, 1.75)",50.839285714285715,88.96875,50.839285714285715,-6.5,EOD,569,NQZ7,1.225
2017-09-27,2017,B,-1,500,"(1.0, 2.0)",50.839285714285715,101.67857142857143,50.839285714285715,-6.5,EOD,569,NQZ7,1.225
2017-09-27,2017,B,-1,500,"(1.2, 1.5)",61.00714285714285,76.25892857142857,50.839285714285715,-6.5,EOD,569,NQZ7,1.225
2017-09-27,2017,B,-1,500,"(1.2, 1.75)",61.00714285714285,88.96875,50.839285714285715,-6.5,EOD,569,NQZ7,1.225
2017-09-27,2017,B,-1,500,"(1.2, 2.0)",61.00714285714285,101.67857142857143,50.839285714285715,-6.5,EOD,569,NQZ7,1.225
2017-09-27,2017,B,-1,500,"(0.179, 0.247)",9.100232142857143,12.557303571428571,50.839285714285715,-6.5,EOD,569,NQZ7,1.225
2017-09-29,2017,B,-1,320,"(0.8, 1.5)",41.35714285714286,77.54464285714286,51.69642857142857,-5.5,EOD,569,NQZ7,1.225
2017-09-29,2017,B,-1,320,"(0.8, 1.75)",41.35714285714286,90.46875,51.69642857142857,-5.5,EOD,569,NQZ7,1.225
2017-09-29,2017,B,-1,320,"(0.8, 2.0)",41.35714285714286,103.39285714285714,51.69642857142857,-5.5,EOD,569,NQZ7,1.225
2017-09-29,2017,B,-1,320,"(1.0, 1.5)",51.69642857142857,77.54464285714286,51.69642857142857,-5.5,EOD,569,NQZ7,1.225
2017-09-29,2017,B,-1,320,"(1.0, 1.75)",51.69642857142857,90.46875,51.69642857142857,-5.5,EOD,569,NQZ7,1.225
2017-09-29,2017,B,-1,320,"(1.0, 2.0)",51.69642857142857,103.39285714285714,51.69642857142857,-5.5,EOD,569,NQZ7,1.225
2017-09-29,2017,B,-1,320,"(1.2, 1.5)",62.03571428571428,77.54464285714286,51.69642857142857,-5.5,EOD,569,NQZ7,1.225
2017-09-29,2017,B,-1,320,"(1.2, 1.75)",62.03571428571428,90.46875,51.69642857142857,-5.5,EOD,569,NQZ7,1.225
2017-09-29,2017,B,-1,320,"(1.2, 2.0)",62.03571428571428,103.39285714285714,51.69642857142857,-5.5,EOD,569,NQZ7,1.225
2017-09-29,2017,B,-1,320,"(0.179, 0.247)",9.253660714285713,12.769017857142856,51.69642857142857,-5.5,EOD,569,NQZ7,1.225
2017-10-13,2017,B,-1,520,"(0.8, 1.5)",36.628571428571426,68.67857142857143,45.785714285714285,-2.0,EOD,569,NQZ7,1.225
2017-10-13,2017,B,-1,520,"(0.8, 1.75)",36.628571428571426,80.125,45.785714285714285,-2.0,EOD,569,NQZ7,1.225
2017-10-13,2017,B,-1,520,"(0.8, 2.0)",36.628571428571426,91.57142857142857,45.785714285714285,-2.0,EOD,569,NQZ7,1.225
2017-10-13,2017,B,-1,520,"(1.0, 1.5)",45.785714285714285,68.67857142857143,45.785714285714285,-2.0,EOD,569,NQZ7,1.225
2017-10-13,2017,B,-1,520,"(1.0, 1.75)",45.785714285714285,80.125,45.785714285714285,-2.0,EOD,569,NQZ7,1.225
2017-10-13,2017,B,-1,520,"(1.0, 2.0)",45.785714285714285,91.57142857142857,45.785714285714285,-2.0,EOD,569,NQZ7,1.225
2017-10-13,2017,B,-1,520,"(1.2, 1.5)",54.94285714285714,68.67857142857143,45.785714285714285,-2.0,EOD,569,NQZ7,1.225
2017-10-13,2017,B,-1,520,"(1.2, 1.75)",54.94285714285714,80.125,45.785714285714285,-2.0,EOD,569,NQZ7,1.225
2017-10-13,2017,B,-1,520,"(1.2, 2.0)",54.94285714285714,91.57142857142857,45.785714285714285,-2.0,EOD,569,NQZ7,1.225
2017-10-13,2017,B,-1,520,"(0.179, 0.247)",8.195642857142857,11.309071428571428,45.785714285714285,-2.0,EOD,569,NQZ7,1.225
2017-10-17,2017,B,-1,340,"(0.8, 1.5)",31.62857142857143,59.30357142857143,39.535714285714285,3.75,EOD,569,NQZ7,1.225
2017-10-17,2017,B,-1,340,"(0.8, 1.75)",31.62857142857143,69.1875,39.535714285714285,3.75,EOD,569,NQZ7,1.225
2017-10-17,2017,B,-1,340,"(0.8, 2.0)",31.62857142857143,79.07142857142857,39.535714285714285,3.75,EOD,569,NQZ7,1.225
2017-10-17,2017,B,-1,340,"(1.0, 1.5)",39.535714285714285,59.30357142857143,39.535714285714285,3.75,EOD,569,NQZ7,1.225
2017-10-17,2017,B,-1,340,"(1.0, 1.75)",39.535714285714285,69.1875,39.535714285714285,3.75,EOD,569,NQZ7,1.225
2017-10-17,2017,B,-1,340,"(1.0, 2.0)",39.535714285714285,79.07142857142857,39.535714285714285,3.75,EOD,569,NQZ7,1.225
2017-10-17,2017,B,-1,340,"(1.2, 1.5)",47.44285714285714,59.30357142857143,39.535714285714285,3.75,EOD,569,NQZ7,1.225
2017-10-17,2017,B,-1,340,"(1.2, 1.75)",47.44285714285714,69.1875,39.535714285714285,3.75,EOD,569,NQZ7,1.225
2017-10-17,2017,B,-1,340,"(1.2, 2.0)",47.44285714285714,79.07142857142857,39.535714285714285,3.75,EOD,569,NQZ7,1.225
2017-10-17,2017,B,-1,340,"(0.179, 0.247)",7.076892857142857,9.765321428571427,39.535714285714285,3.75,EOD,569,NQZ7,1.225
2017-10-23,2017,B,-1,545,"(0.8, 1.5)",27.585714285714285,51.72321428571428,34.482142857142854,2.0,EOD,569,NQZ7,1.225
2017-10-23,2017,B,-1,545,"(0.8, 1.75)",27.585714285714285,60.34374999999999,34.482142857142854,2.0,EOD,569,NQZ7,1.225
2017-10-23,2017,B,-1,545,"(0.8, 2.0)",27.585714285714285,68.96428571428571,34.482142857142854,2.0,EOD,569,NQZ7,1.225
2017-10-23,2017,B,-1,545,"(1.0, 1.5)",34.482142857142854,51.72321428571428,34.482142857142854,2.0,EOD,569,NQZ7,1.225
2017-10-23,2017,B,-1,545,"(1.0, 1.75)",34.482142857142854,60.34374999999999,34.482142857142854,2.0,EOD,569,NQZ7,1.225
2017-10-23,2017,B,-1,545,"(1.0, 2.0)",34.482142857142854,68.96428571428571,34.482142857142854,2.0,EOD,569,NQZ7,1.225
2017-10-23,2017,B,-1,545,"(1.2, 1.5)",41.378571428571426,51.72321428571428,34.482142857142854,2.0,EOD,569,NQZ7,1.225
2017-10-23,2017,B,-1,545,"(1.2, 1.75)",41.378571428571426,60.34374999999999,34.482142857142854,2.0,EOD,569,NQZ7,1.225
2017-10-23,2017,B,-1,545,"(1.2, 2.0)",41.378571428571426,68.96428571428571,34.482142857142854,2.0,EOD,569,NQZ7,1.225
2017-10-23,2017,B,-1,545,"(0.179, 0.247)",6.172303571428571,8.517089285714285,34.482142857142854,2.0,EOD,569,NQZ7,1.225
2017-11-06,2017,B,-1,440,"(0.8, 1.5)",44.77142857142857,83.94642857142857,55.964285714285715,5.5,EOD,569,NQZ7,1.225
2017-11-06,2017,B,-1,440,"(0.8, 1.75)",44.77142857142857,97.9375,55.964285714285715,5.5,EOD,569,NQZ7,1.225
2017-11-06,2017,B,-1,440,"(0.8, 2.0)",44.77142857142857,111.92857142857143,55.964285714285715,5.5,EOD,569,NQZ7,1.225
2017-11-06,2017,B,-1,440,"(1.0, 1.5)",55.964285714285715,83.94642857142857,55.964285714285715,5.5,EOD,569,NQZ7,1.225
2017-11-06,2017,B,-1,440,"(1.0, 1.75)",55.964285714285715,97.9375,55.964285714285715,5.5,EOD,569,NQZ7,1.225
2017-11-06,2017,B,-1,440,"(1.0, 2.0)",55.964285714285715,111.92857142857143,55.964285714285715,5.5,EOD,569,NQZ7,1.225
2017-11-06,2017,B,-1,440,"(1.2, 1.5)",67.15714285714286,83.94642857142857,55.964285714285715,5.5,EOD,569,NQZ7,1.225
2017-11-06,2017,B,-1,440,"(1.2, 1.75)",67.15714285714286,97.9375,55.964285714285715,5.5,EOD,569,NQZ7,1.225
2017-11-06,2017,B,-1,440,"(1.2, 2.0)",67.15714285714286,111.92857142857143,55.964285714285715,5.5,EOD,569,NQZ7,1.225
2017-11-06,2017,B,-1,440,"(0.179, 0.247)",10.017607142857143,13.82317857142857,55.964285714285715,5.5,EOD,569,NQZ7,1.225
2017-11-09,2017,B,1,445,"(0.8, 1.5)",44.18571428571428,82.84821428571428,55.232142857142854,-18.75,EOD,569,NQZ7,1.225
2017-11-09,2017,B,1,445,"(0.8, 1.75)",44.18571428571428,96.65625,55.232142857142854,-18.75,EOD,569,NQZ7,1.225
2017-11-09,2017,B,1,445,"(0.8, 2.0)",44.18571428571428,110.46428571428571,55.232142857142854,-18.75,EOD,569,NQZ7,1.225
2017-11-09,2017,B,1,445,"(1.0, 1.5)",55.232142857142854,82.84821428571428,55.232142857142854,-18.75,EOD,569,NQZ7,1.225
2017-11-09,2017,B,1,445,"(1.0, 1.75)",55.232142857142854,96.65625,55.232142857142854,-18.75,EOD,569,NQZ7,1.225
2017-11-09,2017,B,1,445,"(1.0, 2.0)",55.232142857142854,110.46428571428571,55.232142857142854,-18.75,EOD,569,NQZ7,1.225
2017-11-09,2017,B,1,445,"(1.2, 1.5)",66.27857142857142,82.84821428571428,55.232142857142854,-18.75,EOD,569,NQZ7,1.225
2017-11-09,2017,B,1,445,"(1.2, 1.75)",66.27857142857142,96.65625,55.232142857142854,-18.75,EOD,569,NQZ7,1.225
2017-11-09,2017,B,1,445,"(1.2, 2.0)",66.27857142857142,110.46428571428571,55.232142857142854,-18.75,EOD,569,NQZ7,1.225
2017-11-09,2017,B,1,445,"(0.179, 0.247)",9.886553571428571,13.642339285714284,55.232142857142854,-9.886553571428522,SL,480,NQZ7,1.225
2017-11-13,2017,B,1,520,"(0.8, 1.5)",46.35714285714286,86.91964285714286,57.94642857142857,0.0,EOD,569,NQZ7,1.225
2017-11-13,2017,B,1,520,"(0.8, 1.75)",46.35714285714286,101.40625,57.94642857142857,0.0,EOD,569,NQZ7,1.225
2017-11-13,2017,B,1,520,"(0.8, 2.0)",46.35714285714286,115.89285714285714,57.94642857142857,0.0,EOD,569,NQZ7,1.225
2017-11-13,2017,B,1,520,"(1.0, 1.5)",57.94642857142857,86.91964285714286,57.94642857142857,0.0,EOD,569,NQZ7,1.225
2017-11-13,2017,B,1,520,"(1.0, 1.75)",57.94642857142857,101.40625,57.94642857142857,0.0,EOD,569,NQZ7,1.225
2017-11-13,2017,B,1,520,"(1.0, 2.0)",57.94642857142857,115.89285714285714,57.94642857142857,0.0,EOD,569,NQZ7,1.225
2017-11-13,2017,B,1,520,"(1.2, 1.5)",69.53571428571428,86.91964285714286,57.94642857142857,0.0,EOD,569,NQZ7,1.225
2017-11-13,2017,B,1,520,"(1.2, 1.75)",69.53571428571428,101.40625,57.94642857142857,0.0,EOD,569,NQZ7,1.225
2017-11-13,2017,B,1,520,"(1.2, 2.0)",69.53571428571428,115.89285714285714,57.94642857142857,0.0,EOD,569,NQZ7,1.225
2017-11-13,2017,B,1,520,"(0.179, 0.247)",10.372410714285714,14.312767857142857,57.94642857142857,0.0,EOD,569,NQZ7,1.225
2017-11-20,2017,B,1,380,"(0.8, 1.5)",41.07142857142858,77.00892857142857,51.339285714285715,9.75,EOD,569,NQZ7,1.225
2017-11-20,2017,B,1,380,"(0.8, 1.75)",41.07142857142858,89.84375,51.339285714285715,9.75,EOD,569,NQZ7,1.225
2017-11-20,2017,B,1,380,"(0.8, 2.0)",41.07142857142858,102.67857142857143,51.339285714285715,9.75,EOD,569,NQZ7,1.225
2017-11-20,2017,B,1,380,"(1.0, 1.5)",51.339285714285715,77.00892857142857,51.339285714285715,9.75,EOD,569,NQZ7,1.225
2017-11-20,2017,B,1,380,"(1.0, 1.75)",51.339285714285715,89.84375,51.339285714285715,9.75,EOD,569,NQZ7,1.225
2017-11-20,2017,B,1,380,"(1.0, 2.0)",51.339285714285715,102.67857142857143,51.339285714285715,9.75,EOD,569,NQZ7,1.225
2017-11-20,2017,B,1,380,"(1.2, 1.5)",61.607142857142854,77.00892857142857,51.339285714285715,9.75,EOD,569,NQZ7,1.225
2017-11-20,2017,B,1,380,"(1.2, 1.75)",61.607142857142854,89.84375,51.339285714285715,9.75,EOD,569,NQZ7,1.225
2017-11-20,2017,B,1,380,"(1.2, 2.0)",61.607142857142854,102.67857142857143,51.339285714285715,9.75,EOD,569,NQZ7,1.225
2017-11-20,2017,B,1,380,"(0.179, 0.247)",9.189732142857142,12.680803571428571,51.339285714285715,9.75,EOD,569,NQZ7,1.225
2017-11-22,2017,B,-1,425,"(0.8, 1.5)",41.642857142857146,78.08035714285714,52.05357142857143,-2.25,EOD,569,NQZ7,1.225
2017-11-22,2017,B,-1,425,"(0.8, 1.75)",41.642857142857146,91.09375,52.05357142857143,-2.25,EOD,569,NQZ7,1.225
2017-11-22,2017,B,-1,425,"(0.8, 2.0)",41.642857142857146,104.10714285714286,52.05357142857143,-2.25,EOD,569,NQZ7,1.225
2017-11-22,2017,B,-1,425,"(1.0, 1.5)",52.05357142857143,78.08035714285714,52.05357142857143,-2.25,EOD,569,NQZ7,1.225
2017-11-22,2017,B,-1,425,"(1.0, 1.75)",52.05357142857143,91.09375,52.05357142857143,-2.25,EOD,569,NQZ7,1.225
2017-11-22,2017,B,-1,425,"(1.0, 2.0)",52.05357142857143,104.10714285714286,52.05357142857143,-2.25,EOD,569,NQZ7,1.225
2017-11-22,2017,B,-1,425,"(1.2, 1.5)",62.464285714285715,78.08035714285714,52.05357142857143,-2.25,EOD,569,NQZ7,1.225
2017-11-22,2017,B,-1,425,"(1.2, 1.75)",62.464285714285715,91.09375,52.05357142857143,-2.25,EOD,569,NQZ7,1.225
2017-11-22,2017,B,-1,425,"(1.2, 2.0)",62.464285714285715,104.10714285714286,52.05357142857143,-2.25,EOD,569,NQZ7,1.225
2017-11-22,2017,B,-1,425,"(0.179, 0.247)",9.317589285714286,12.857232142857143,52.05357142857143,-2.25,EOD,569,NQZ7,1.225
2017-11-27,2017,B,-1,435,"(0.8, 1.5)",36.800000000000004,69.0,46.0,6.25,EOD,569,NQZ7,1.225
2017-11-27,2017,B,-1,435,"(0.8, 1.75)",36.800000000000004,80.5,46.0,6.25,EOD,569,NQZ7,1.225
2017-11-27,2017,B,-1,435,"(0.8, 2.0)",36.800000000000004,92.0,46.0,6.25,EOD,569,NQZ7,1.225
2017-11-27,2017,B,-1,435,"(1.0, 1.5)",46.0,69.0,46.0,6.25,EOD,569,NQZ7,1.225
2017-11-27,2017,B,-1,435,"(1.0, 1.75)",46.0,80.5,46.0,6.25,EOD,569,NQZ7,1.225
2017-11-27,2017,B,-1,435,"(1.0, 2.0)",46.0,92.0,46.0,6.25,EOD,569,NQZ7,1.225
2017-11-27,2017,B,-1,435,"(1.2, 1.5)",55.199999999999996,69.0,46.0,6.25,EOD,569,NQZ7,1.225
2017-11-27,2017,B,-1,435,"(1.2, 1.75)",55.199999999999996,80.5,46.0,6.25,EOD,569,NQZ7,1.225
2017-11-27,2017,B,-1,435,"(1.2, 2.0)",55.199999999999996,92.0,46.0,6.25,EOD,569,NQZ7,1.225
2017-11-27,2017,B,-1,435,"(0.179, 0.247)",8.234,11.362,46.0,6.25,EOD,569,NQZ7,1.225
2017-12-01,2017,B,1,350,"(0.8, 1.5)",41.25714285714286,77.35714285714286,51.57142857142857,0.5,EOD,569,NQZ7,1.225
2017-12-01,2017,B,1,350,"(0.8, 1.75)",41.25714285714286,90.25,51.57142857142857,0.5,EOD,569,NQZ7,1.225
2017-12-01,2017,B,1,350,"(0.8, 2.0)",41.25714285714286,103.14285714285714,51.57142857142857,0.5,EOD,569,NQZ7,1.225
2017-12-01,2017,B,1,350,"(1.0, 1.5)",51.57142857142857,77.35714285714286,51.57142857142857,0.5,EOD,569,NQZ7,1.225
2017-12-01,2017,B,1,350,"(1.0, 1.75)",51.57142857142857,90.25,51.57142857142857,0.5,EOD,569,NQZ7,1.225
2017-12-01,2017,B,1,350,"(1.0, 2.0)",51.57142857142857,103.14285714285714,51.57142857142857,0.5,EOD,569,NQZ7,1.225
2017-12-01,2017,B,1,350,"(1.2, 1.5)",61.88571428571428,77.35714285714286,51.57142857142857,0.5,EOD,569,NQZ7,1.225
2017-12-01,2017,B,1,350,"(1.2, 1.75)",61.88571428571428,90.25,51.57142857142857,0.5,EOD,569,NQZ7,1.225
2017-12-01,2017,B,1,350,"(1.2, 2.0)",61.88571428571428,103.14285714285714,51.57142857142857,0.5,EOD,569,NQZ7,1.225
2017-12-01,2017,B,1,350,"(0.179, 0.247)",9.231285714285713,12.738142857142856,51.57142857142857,-9.23128571428606,SL,352,NQZ7,1.225
2017-12-04,2017,B,-1,320,"(0.8, 1.5)",46.0,86.25,57.5,-9.75,EOD,569,NQZ7,1.225
2017-12-04,2017,B,-1,320,"(0.8, 1.75)",46.0,100.625,57.5,-9.75,EOD,569,NQZ7,1.225
2017-12-04,2017,B,-1,320,"(0.8, 2.0)",46.0,115.0,57.5,-9.75,EOD,569,NQZ7,1.225
2017-12-04,2017,B,-1,320,"(1.0, 1.5)",57.5,86.25,57.5,-9.75,EOD,569,NQZ7,1.225
2017-12-04,2017,B,-1,320,"(1.0, 1.75)",57.5,100.625,57.5,-9.75,EOD,569,NQZ7,1.225
2017-12-04,2017,B,-1,320,"(1.0, 2.0)",57.5,115.0,57.5,-9.75,EOD,569,NQZ7,1.225
2017-12-04,2017,B,-1,320,"(1.2, 1.5)",69.0,86.25,57.5,-9.75,EOD,569,NQZ7,1.225
2017-12-04,2017,B,-1,320,"(1.2, 1.75)",69.0,100.625,57.5,-9.75,EOD,569,NQZ7,1.225
2017-12-04,2017,B,-1,320,"(1.2, 2.0)",69.0,115.0,57.5,-9.75,EOD,569,NQZ7,1.225
2017-12-04,2017,B,-1,320,"(0.179, 0.247)",10.2925,14.2025,57.5,-10.292499999999563,SL,404,NQZ7,1.225
2017-12-07,2017,B,-1,485,"(0.8, 1.5)",50.871428571428574,95.38392857142857,63.589285714285715,10.75,EOD,569,NQZ7,1.225
2017-12-07,2017,B,-1,485,"(0.8, 1.75)",50.871428571428574,111.28125,63.589285714285715,10.75,EOD,569,NQZ7,1.225
2017-12-07,2017,B,-1,485,"(0.8, 2.0)",50.871428571428574,127.17857142857143,63.589285714285715,10.75,EOD,569,NQZ7,1.225
2017-12-07,2017,B,-1,485,"(1.0, 1.5)",63.589285714285715,95.38392857142857,63.589285714285715,10.75,EOD,569,NQZ7,1.225
2017-12-07,2017,B,-1,485,"(1.0, 1.75)",63.589285714285715,111.28125,63.589285714285715,10.75,EOD,569,NQZ7,1.225
2017-12-07,2017,B,-1,485,"(1.0, 2.0)",63.589285714285715,127.17857142857143,63.589285714285715,10.75,EOD,569,NQZ7,1.225
2017-12-07,2017,B,-1,485,"(1.2, 1.5)",76.30714285714285,95.38392857142857,63.589285714285715,10.75,EOD,569,NQZ7,1.225
2017-12-07,2017,B,-1,485,"(1.2, 1.75)",76.30714285714285,111.28125,63.589285714285715,10.75,EOD,569,NQZ7,1.225
2017-12-07,2017,B,-1,485,"(1.2, 2.0)",76.30714285714285,127.17857142857143,63.589285714285715,10.75,EOD,569,NQZ7,1.225
2017-12-07,2017,B,-1,485,"(0.179, 0.247)",11.382482142857143,15.706553571428572,63.589285714285715,10.75,EOD,569,NQZ7,1.225
2017-12-27,2017,B,-1,415,"(0.8, 1.5)",40.74285714285715,76.39285714285714,50.92857142857143,4.25,EOD,569,NQH8,1.225
2017-12-27,2017,B,-1,415,"(0.8, 1.75)",40.74285714285715,89.125,50.92857142857143,4.25,EOD,569,NQH8,1.225
2017-12-27,2017,B,-1,415,"(0.8, 2.0)",40.74285714285715,101.85714285714286,50.92857142857143,4.25,EOD,569,NQH8,1.225
2017-12-27,2017,B,-1,415,"(1.0, 1.5)",50.92857142857143,76.39285714285714,50.92857142857143,4.25,EOD,569,NQH8,1.225
2017-12-27,2017,B,-1,415,"(1.0, 1.75)",50.92857142857143,89.125,50.92857142857143,4.25,EOD,569,NQH8,1.225
2017-12-27,2017,B,-1,415,"(1.0, 2.0)",50.92857142857143,101.85714285714286,50.92857142857143,4.25,EOD,569,NQH8,1.225
2017-12-27,2017,B,-1,415,"(1.2, 1.5)",61.114285714285714,76.39285714285714,50.92857142857143,4.25,EOD,569,NQH8,1.225
2017-12-27,2017,B,-1,415,"(1.2, 1.75)",61.114285714285714,89.125,50.92857142857143,4.25,EOD,569,NQH8,1.225
2017-12-27,2017,B,-1,415,"(1.2, 2.0)",61.114285714285714,101.85714285714286,50.92857142857143,4.25,EOD,569,NQH8,1.225
2017-12-27,2017,B,-1,415,"(0.179, 0.247)",9.116214285714285,12.579357142857143,50.92857142857143,4.25,EOD,569,NQH8,1.225
2017-12-28,2017,B,-1,445,"(0.8, 1.5)",38.7,72.5625,48.375,8.0,EOD,569,NQH8,1.225
2017-12-28,2017,B,-1,445,"(0.8, 1.75)",38.7,84.65625,48.375,8.0,EOD,569,NQH8,1.225
2017-12-28,2017,B,-1,445,"(0.8, 2.0)",38.7,96.75,48.375,8.0,EOD,569,NQH8,1.225
2017-12-28,2017,B,-1,445,"(1.0, 1.5)",48.375,72.5625,48.375,8.0,EOD,569,NQH8,1.225
2017-12-28,2017,B,-1,445,"(1.0, 1.75)",48.375,84.65625,48.375,8.0,EOD,569,NQH8,1.225
2017-12-28,2017,B,-1,445,"(1.0, 2.0)",48.375,96.75,48.375,8.0,EOD,569,NQH8,1.225
2017-12-28,2017,B,-1,445,"(1.2, 1.5)",58.05,72.5625,48.375,8.0,EOD,569,NQH8,1.225
2017-12-28,2017,B,-1,445,"(1.2, 1.75)",58.05,84.65625,48.375,8.0,EOD,569,NQH8,1.225
2017-12-28,2017,B,-1,445,"(1.2, 2.0)",58.05,96.75,48.375,8.0,EOD,569,NQH8,1.225
2017-12-28,2017,B,-1,445,"(0.179, 0.247)",8.659125,11.948625,48.375,8.0,EOD,569,NQH8,1.225
2017-12-29,2017,B,-1,445,"(0.8, 1.5)",37.471428571428575,70.25892857142857,46.839285714285715,9.5,EOD,569,NQH8,1.225
2017-12-29,2017,B,-1,445,"(0.8, 1.75)",37.471428571428575,81.96875,46.839285714285715,9.5,EOD,569,NQH8,1.225
2017-12-29,2017,B,-1,445,"(0.8, 2.0)",37.471428571428575,93.67857142857143,46.839285714285715,9.5,EOD,569,NQH8,1.225
2017-12-29,2017,B,-1,445,"(1.0, 1.5)",46.839285714285715,70.25892857142857,46.839285714285715,9.5,EOD,569,NQH8,1.225
2017-12-29,2017,B,-1,445,"(1.0, 1.75)",46.839285714285715,81.96875,46.839285714285715,9.5,EOD,569,NQH8,1.225
2017-12-29,2017,B,-1,445,"(1.0, 2.0)",46.839285714285715,93.67857142857143,46.839285714285715,9.5,EOD,569,NQH8,1.225
2017-12-29,2017,B,-1,445,"(1.2, 1.5)",56.207142857142856,70.25892857142857,46.839285714285715,9.5,EOD,569,NQH8,1.225
2017-12-29,2017,B,-1,445,"(1.2, 1.75)",56.207142857142856,81.96875,46.839285714285715,9.5,EOD,569,NQH8,1.225
2017-12-29,2017,B,-1,445,"(1.2, 2.0)",56.207142857142856,93.67857142857143,46.839285714285715,9.5,EOD,569,NQH8,1.225
2017-12-29,2017,B,-1,445,"(0.179, 0.247)",8.384232142857142,11.569303571428572,46.839285714285715,11.569303571428463,TP,568,NQH8,1.225
2018-01-03,2018,B,-1,505,"(0.8, 1.5)",40.471428571428575,75.88392857142857,50.589285714285715,-4.25,EOD,569,NQH8,1.225
2018-01-03,2018,B,-1,505,"(0.8, 1.75)",40.471428571428575,88.53125,50.589285714285715,-4.25,EOD,569,NQH8,1.225
2018-01-03,2018,B,-1,505,"(0.8, 2.0)",40.471428571428575,101.17857142857143,50.589285714285715,-4.25,EOD,569,NQH8,1.225
2018-01-03,2018,B,-1,505,"(1.0, 1.5)",50.589285714285715,75.88392857142857,50.589285714285715,-4.25,EOD,569,NQH8,1.225
2018-01-03,2018,B,-1,505,"(1.0, 1.75)",50.589285714285715,88.53125,50.589285714285715,-4.25,EOD,569,NQH8,1.225
2018-01-03,2018,B,-1,505,"(1.0, 2.0)",50.589285714285715,101.17857142857143,50.589285714285715,-4.25,EOD,569,NQH8,1.225
2018-01-03,2018,B,-1,505,"(1.2, 1.5)",60.707142857142856,75.88392857142857,50.589285714285715,-4.25,EOD,569,NQH8,1.225
2018-01-03,2018,B,-1,505,"(1.2, 1.75)",60.707142857142856,88.53125,50.589285714285715,-4.25,EOD,569,NQH8,1.225
2018-01-03,2018,B,-1,505,"(1.2, 2.0)",60.707142857142856,101.17857142857143,50.589285714285715,-4.25,EOD,569,NQH8,1.225
2018-01-03,2018,B,-1,505,"(0.179, 0.247)",9.055482142857143,12.495553571428571,50.589285714285715,-4.25,EOD,569,NQH8,1.225
2018-01-12,2018,B,-1,525,"(0.8, 1.5)",39.92857142857143,74.86607142857143,49.910714285714285,3.25,EOD,569,NQH8,1.225
2018-01-12,2018,B,-1,525,"(0.8, 1.75)",39.92857142857143,87.34375,49.910714285714285,3.25,EOD,569,NQH8,1.225
2018-01-12,2018,B,-1,525,"(0.8, 2.0)",39.92857142857143,99.82142857142857,49.910714285714285,3.25,EOD,569,NQH8,1.225
2018-01-12,2018,B,-1,525,"(1.0, 1.5)",49.910714285714285,74.86607142857143,49.910714285714285,3.25,EOD,569,NQH8,1.225
2018-01-12,2018,B,-1,525,"(1.0, 1.75)",49.910714285714285,87.34375,49.910714285714285,3.25,EOD,569,NQH8,1.225
2018-01-12,2018,B,-1,525,"(1.0, 2.0)",49.910714285714285,99.82142857142857,49.910714285714285,3.25,EOD,569,NQH8,1.225
2018-01-12,2018,B,-1,525,"(1.2, 1.5)",59.89285714285714,74.86607142857143,49.910714285714285,3.25,EOD,569,NQH8,1.225
2018-01-12,2018,B,-1,525,"(1.2, 1.75)",59.89285714285714,87.34375,49.910714285714285,3.25,EOD,569,NQH8,1.225
2018-01-12,2018,B,-1,525,"(1.2, 2.0)",59.89285714285714,99.82142857142857,49.910714285714285,3.25,EOD,569,NQH8,1.225
2018-01-12,2018,B,-1,525,"(0.179, 0.247)",8.934017857142857,12.327946428571428,49.910714285714285,3.25,EOD,569,NQH8,1.225
2018-01-24,2018,B,-1,345,"(0.8, 1.5)",46.21428571428572,86.65178571428572,57.767857142857146,-8.0,EOD,569,NQH8,1.225
2018-01-24,2018,B,-1,345,"(0.8, 1.75)",46.21428571428572,101.09375,57.767857142857146,-8.0,EOD,569,NQH8,1.225
2018-01-24,2018,B,-1,345,"(0.8, 2.0)",46.21428571428572,115.53571428571429,57.767857142857146,-8.0,EOD,569,NQH8,1.225
2018-01-24,2018,B,-1,345,"(1.0, 1.5)",57.767857142857146,86.65178571428572,57.767857142857146,-8.0,EOD,569,NQH8,1.225
2018-01-24,2018,B,-1,345,"(1.0, 1.75)",57.767857142857146,101.09375,57.767857142857146,-8.0,EOD,569,NQH8,1.225
2018-01-24,2018,B,-1,345,"(1.0, 2.0)",57.767857142857146,115.53571428571429,57.767857142857146,-8.0,EOD,569,NQH8,1.225
2018-01-24,2018,B,-1,345,"(1.2, 1.5)",69.32142857142857,86.65178571428572,57.767857142857146,-8.0,EOD,569,NQH8,1.225
2018-01-24,2018,B,-1,345,"(1.2, 1.75)",69.32142857142857,101.09375,57.767857142857146,-8.0,EOD,569,NQH8,1.225
2018-01-24,2018,B,-1,345,"(1.2, 2.0)",69.32142857142857,115.53571428571429,57.767857142857146,-8.0,EOD,569,NQH8,1.225
2018-01-24,2018,B,-1,345,"(0.179, 0.247)",10.340446428571429,14.268660714285716,57.767857142857146,-10.34044642857134,SL,518,NQH8,1.225
2018-02-08,2018,B,1,475,"(0.8, 1.5)",97.05714285714286,181.98214285714286,121.32142857142857,16.75,EOD,569,NQH8,1.225
2018-02-08,2018,B,1,475,"(0.8, 1.75)",97.05714285714286,212.3125,121.32142857142857,16.75,EOD,569,NQH8,1.225
2018-02-08,2018,B,1,475,"(0.8, 2.0)",97.05714285714286,242.64285714285714,121.32142857142857,16.75,EOD,569,NQH8,1.225
2018-02-08,2018,B,1,475,"(1.0, 1.5)",121.32142857142857,181.98214285714286,121.32142857142857,16.75,EOD,569,NQH8,1.225
2018-02-08,2018,B,1,475,"(1.0, 1.75)",121.32142857142857,212.3125,121.32142857142857,16.75,EOD,569,NQH8,1.225
2018-02-08,2018,B,1,475,"(1.0, 2.0)",121.32142857142857,242.64285714285714,121.32142857142857,16.75,EOD,569,NQH8,1.225
2018-02-08,2018,B,1,475,"(1.2, 1.5)",145.5857142857143,181.98214285714286,121.32142857142857,16.75,EOD,569,NQH8,1.225
2018-02-08,2018,B,1,475,"(1.2, 1.75)",145.5857142857143,212.3125,121.32142857142857,16.75,EOD,569,NQH8,1.225
2018-02-08,2018,B,1,475,"(1.2, 2.0)",145.5857142857143,242.64285714285714,121.32142857142857,16.75,EOD,569,NQH8,1.225
2018-02-08,2018,B,1,475,"(0.179, 0.247)",21.716535714285712,29.966392857142857,121.32142857142857,29.966392857142637,TP,509,NQH8,1.225
2018-02-12,2018,B,-1,555,"(0.8, 1.5)",123.58571428571429,231.72321428571428,154.48214285714286,-24.25,EOD,569,NQH8,1.225
2018-02-12,2018,B,-1,555,"(0.8, 1.75)",123.58571428571429,270.34375,154.48214285714286,-24.25,EOD,569,NQH8,1.225
2018-02-12,2018,B,-1,555,"(0.8, 2.0)",123.58571428571429,308.9642857142857,154.48214285714286,-24.25,EOD,569,NQH8,1.225
2018-02-12,2018,B,-1,555,"(1.0, 1.5)",154.48214285714286,231.72321428571428,154.48214285714286,-24.25,EOD,569,NQH8,1.225
2018-02-12,2018,B,-1,555,"(1.0, 1.75)",154.48214285714286,270.34375,154.48214285714286,-24.25,EOD,569,NQH8,1.225
2018-02-12,2018,B,-1,555,"(1.0, 2.0)",154.48214285714286,308.9642857142857,154.48214285714286,-24.25,EOD,569,NQH8,1.225
2018-02-12,2018,B,-1,555,"(1.2, 1.5)",185.37857142857143,231.72321428571428,154.48214285714286,-24.25,EOD,569,NQH8,1.225
2018-02-12,2018,B,-1,555,"(1.2, 1.75)",185.37857142857143,270.34375,154.48214285714286,-24.25,EOD,569,NQH8,1.225
2018-02-12,2018,B,-1,555,"(1.2, 2.0)",185.37857142857143,308.9642857142857,154.48214285714286,-24.25,EOD,569,NQH8,1.225
2018-02-12,2018,B,-1,555,"(0.179, 0.247)",27.652303571428572,38.157089285714285,154.48214285714286,-27.652303571429,SL,569,NQH8,1.225
2018-02-14,2018,B,1,515,"(0.8, 1.5)",127.78571428571429,239.59821428571428,159.73214285714286,35.5,EOD,569,NQH8,1.225
2018-02-14,2018,B,1,515,"(0.8, 1.75)",127.78571428571429,279.53125,159.73214285714286,35.5,EOD,569,NQH8,1.225
2018-02-14,2018,B,1,515,"(0.8, 2.0)",127.78571428571429,319.4642857142857,159.73214285714286,35.5,EOD,569,NQH8,1.225
2018-02-14,2018,B,1,515,"(1.0, 1.5)",159.73214285714286,239.59821428571428,159.73214285714286,35.5,EOD,569,NQH8,1.225
2018-02-14,2018,B,1,515,"(1.0, 1.75)",159.73214285714286,279.53125,159.73214285714286,35.5,EOD,569,NQH8,1.225
2018-02-14,2018,B,1,515,"(1.0, 2.0)",159.73214285714286,319.4642857142857,159.73214285714286,35.5,EOD,569,NQH8,1.225
2018-02-14,2018,B,1,515,"(1.2, 1.5)",191.67857142857142,239.59821428571428,159.73214285714286,35.5,EOD,569,NQH8,1.225
2018-02-14,2018,B,1,515,"(1.2, 1.75)",191.67857142857142,279.53125,159.73214285714286,35.5,EOD,569,NQH8,1.225
2018-02-14,2018,B,1,515,"(1.2, 2.0)",191.67857142857142,319.4642857142857,159.73214285714286,35.5,EOD,569,NQH8,1.225
2018-02-14,2018,B,1,515,"(0.179, 0.247)",28.592053571428572,39.45383928571429,159.73214285714286,39.45383928571391,TP,569,NQH8,1.225
2018-02-23,2018,B,-1,505,"(0.8, 1.5)",134.65714285714287,252.4821428571429,168.32142857142858,11.0,EOD,569,NQH8,1.225
2018-02-23,2018,B,-1,505,"(0.8, 1.75)",134.65714285714287,294.5625,168.32142857142858,11.0,EOD,569,NQH8,1.225
2018-02-23,2018,B,-1,505,"(0.8, 2.0)",134.65714285714287,336.64285714285717,168.32142857142858,11.0,EOD,569,NQH8,1.225
2018-02-23,2018,B,-1,505,"(1.0, 1.5)",168.32142857142858,252.4821428571429,168.32142857142858,11.0,EOD,569,NQH8,1.225
2018-02-23,2018,B,-1,505,"(1.0, 1.75)",168.32142857142858,294.5625,168.32142857142858,11.0,EOD,569,NQH8,1.225
2018-02-23,2018,B,-1,505,"(1.0, 2.0)",168.32142857142858,336.64285714285717,168.32142857142858,11.0,EOD,569,NQH8,1.225
2018-02-23,2018,B,-1,505,"(1.2, 1.5)",201.9857142857143,252.4821428571429,168.32142857142858,11.0,EOD,569,NQH8,1.225
2018-02-23,2018,B,-1,505,"(1.2, 1.75)",201.9857142857143,294.5625,168.32142857142858,11.0,EOD,569,NQH8,1.225
2018-02-23,2018,B,-1,505,"(1.2, 2.0)",201.9857142857143,336.64285714285717,168.32142857142858,11.0,EOD,569,NQH8,1.225
2018-02-23,2018,B,-1,505,"(0.179, 0.247)",30.129535714285716,41.57539285714286,168.32142857142858,11.0,EOD,569,NQH8,1.225
2018-02-27,2018,B,-1,365,"(0.8, 1.5)",111.95714285714287,209.9196428571429,139.94642857142858,-5.5,EOD,569,NQH8,1.225
2018-02-27,2018,B,-1,365,"(0.8, 1.75)",111.95714285714287,244.90625000000003,139.94642857142858,-5.5,EOD,569,NQH8,1.225
2018-02-27,2018,B,-1,365,"(0.8, 2.0)",111.95714285714287,279.89285714285717,139.94642857142858,-5.5,EOD,569,NQH8,1.225
2018-02-27,2018,B,-1,365,"(1.0, 1.5)",139.94642857142858,209.9196428571429,139.94642857142858,-5.5,EOD,569,NQH8,1.225
2018-02-27,2018,B,-1,365,"(1.0, 1.75)",139.94642857142858,244.90625000000003,139.94642857142858,-5.5,EOD,569,NQH8,1.225
2018-02-27,2018,B,-1,365,"(1.0, 2.0)",139.94642857142858,279.89285714285717,139.94642857142858,-5.5,EOD,569,NQH8,1.225
2018-02-27,2018,B,-1,365,"(1.2, 1.5)",167.93571428571428,209.9196428571429,139.94642857142858,-5.5,EOD,569,NQH8,1.225
2018-02-27,2018,B,-1,365,"(1.2, 1.75)",167.93571428571428,244.90625000000003,139.94642857142858,-5.5,EOD,569,NQH8,1.225
2018-02-27,2018,B,-1,365,"(1.2, 2.0)",167.93571428571428,279.89285714285717,139.94642857142858,-5.5,EOD,569,NQH8,1.225
2018-02-27,2018,B,-1,365,"(0.179, 0.247)",25.050410714285714,34.56676785714286,139.94642857142858,-5.5,EOD,569,NQH8,1.225
2018-03-01,2018,B,1,525,"(0.8, 1.5)",98.95714285714286,185.54464285714286,123.69642857142857,-6.25,EOD,569,NQH8,1.225
2018-03-01,2018,B,1,525,"(0.8, 1.75)",98.95714285714286,216.46875,123.69642857142857,-6.25,EOD,569,NQH8,1.225
2018-03-01,2018,B,1,525,"(0.8, 2.0)",98.95714285714286,247.39285714285714,123.69642857142857,-6.25,EOD,569,NQH8,1.225
2018-03-01,2018,B,1,525,"(1.0, 1.5)",123.69642857142857,185.54464285714286,123.69642857142857,-6.25,EOD,569,NQH8,1.225
2018-03-01,2018,B,1,525,"(1.0, 1.75)",123.69642857142857,216.46875,123.69642857142857,-6.25,EOD,569,NQH8,1.225
2018-03-01,2018,B,1,525,"(1.0, 2.0)",123.69642857142857,247.39285714285714,123.69642857142857,-6.25,EOD,569,NQH8,1.225
2018-03-01,2018,B,1,525,"(1.2, 1.5)",148.43571428571428,185.54464285714286,123.69642857142857,-6.25,EOD,569,NQH8,1.225
2018-03-01,2018,B,1,525,"(1.2, 1.75)",148.43571428571428,216.46875,123.69642857142857,-6.25,EOD,569,NQH8,1.225
2018-03-01,2018,B,1,525,"(1.2, 2.0)",148.43571428571428,247.39285714285714,123.69642857142857,-6.25,EOD,569,NQH8,1.225
2018-03-01,2018,B,1,525,"(0.179, 0.247)",22.141660714285713,30.553017857142855,123.69642857142857,-6.25,EOD,569,NQH8,1.225
2018-03-05,2018,B,-1,365,"(0.8, 1.5)",95.34285714285716,178.76785714285714,119.17857142857143,39.0,EOD,569,NQH8,1.225
2018-03-05,2018,B,-1,365,"(0.8, 1.75)",95.34285714285716,208.5625,119.17857142857143,39.0,EOD,569,NQH8,1.225
2018-03-05,2018,B,-1,365,"(0.8, 2.0)",95.34285714285716,238.35714285714286,119.17857142857143,39.0,EOD,569,NQH8,1.225
2018-03-05,2018,B,-1,365,"(1.0, 1.5)",119.17857142857143,178.76785714285714,119.17857142857143,39.0,EOD,569,NQH8,1.225
2018-03-05,2018,B,-1,365,"(1.0, 1.75)",119.17857142857143,208.5625,119.17857142857143,39.0,EOD,569,NQH8,1.225
2018-03-05,2018,B,-1,365,"(1.0, 2.0)",119.17857142857143,238.35714285714286,119.17857142857143,39.0,EOD,569,NQH8,1.225
2018-03-05,2018,B,-1,365,"(1.2, 1.5)",143.0142857142857,178.76785714285714,119.17857142857143,39.0,EOD,569,NQH8,1.225
2018-03-05,2018,B,-1,365,"(1.2, 1.75)",143.0142857142857,208.5625,119.17857142857143,39.0,EOD,569,NQH8,1.225
2018-03-05,2018,B,-1,365,"(1.2, 2.0)",143.0142857142857,238.35714285714286,119.17857142857143,39.0,EOD,569,NQH8,1.225
2018-03-05,2018,B,-1,365,"(0.179, 0.247)",21.332964285714286,29.437107142857144,119.17857142857143,29.437107142856803,TP,477,NQH8,1.225
2018-03-09,2018,B,-1,495,"(0.8, 1.5)",87.5,164.0625,109.375,-48.0,EOD,569,NQH8,1.225
2018-03-09,2018,B,-1,495,"(0.8, 1.75)",87.5,191.40625,109.375,-48.0,EOD,569,NQH8,1.225
2018-03-09,2018,B,-1,495,"(0.8, 2.0)",87.5,218.75,109.375,-48.0,EOD,569,NQH8,1.225
2018-03-09,2018,B,-1,495,"(1.0, 1.5)",109.375,164.0625,109.375,-48.0,EOD,569,NQH8,1.225
2018-03-09,2018,B,-1,495,"(1.0, 1.75)",109.375,191.40625,109.375,-48.0,EOD,569,NQH8,1.225
2018-03-09,2018,B,-1,495,"(1.0, 2.0)",109.375,218.75,109.375,-48.0,EOD,569,NQH8,1.225
2018-03-09,2018,B,-1,495,"(1.2, 1.5)",131.25,164.0625,109.375,-48.0,EOD,569,NQH8,1.225
2018-03-09,2018,B,-1,495,"(1.2, 1.75)",131.25,191.40625,109.375,-48.0,EOD,569,NQH8,1.225
2018-03-09,2018,B,-1,495,"(1.2, 2.0)",131.25,218.75,109.375,-48.0,EOD,569,NQH8,1.225
2018-03-09,2018,B,-1,495,"(0.179, 0.247)",19.578125,27.015625,109.375,-19.578125,SL,510,NQH8,1.225
2018-03-28,2018,B,1,325,"(0.8, 1.5)",111.24285714285713,208.5803571428571,139.05357142857142,6.5,EOD,569,NQM8,1.225
2018-03-28,2018,B,1,325,"(0.8, 1.75)",111.24285714285713,243.34374999999997,139.05357142857142,6.5,EOD,569,NQM8,1.225
2018-03-28,2018,B,1,325,"(0.8, 2.0)",111.24285714285713,278.10714285714283,139.05357142857142,6.5,EOD,569,NQM8,1.225
2018-03-28,2018,B,1,325,"(1.0, 1.5)",139.05357142857142,208.5803571428571,139.05357142857142,6.5,EOD,569,NQM8,1.225
2018-03-28,2018,B,1,325,"(1.0, 1.75)",139.05357142857142,243.34374999999997,139.05357142857142,6.5,EOD,569,NQM8,1.225
2018-03-28,2018,B,1,325,"(1.0, 2.0)",139.05357142857142,278.10714285714283,139.05357142857142,6.5,EOD,569,NQM8,1.225
2018-03-28,2018,B,1,325,"(1.2, 1.5)",166.8642857142857,208.5803571428571,139.05357142857142,6.5,EOD,569,NQM8,1.225
2018-03-28,2018,B,1,325,"(1.2, 1.75)",166.8642857142857,243.34374999999997,139.05357142857142,6.5,EOD,569,NQM8,1.225
2018-03-28,2018,B,1,325,"(1.2, 2.0)",166.8642857142857,278.10714285714283,139.05357142857142,6.5,EOD,569,NQM8,1.225
2018-03-28,2018,B,1,325,"(0.179, 0.247)",24.89058928571428,34.34623214285714,139.05357142857142,34.346232142856934,TP,409,NQM8,1.225
2018-05-01,2018,B,1,305,"(0.8, 1.5)",96.11428571428571,180.21428571428572,120.14285714285714,-2.75,EOD,569,NQM8,1.225
2018-05-01,2018,B,1,305,"(0.8, 1.75)",96.11428571428571,210.25,120.14285714285714,-2.75,EOD,569,NQM8,1.225
2018-05-01,2018,B,1,305,"(0.8, 2.0)",96.11428571428571,240.28571428571428,120.14285714285714,-2.75,EOD,569,NQM8,1.225
2018-05-01,2018,B,1,305,"(1.0, 1.5)",120.14285714285714,180.21428571428572,120.14285714285714,-2.75,EOD,569,NQM8,1.225
2018-05-01,2018,B,1,305,"(1.0, 1.75)",120.14285714285714,210.25,120.14285714285714,-2.75,EOD,569,NQM8,1.225
2018-05-01,2018,B,1,305,"(1.0, 2.0)",120.14285714285714,240.28571428571428,120.14285714285714,-2.75,EOD,569,NQM8,1.225
2018-05-01,2018,B,1,305,"(1.2, 1.5)",144.17142857142855,180.21428571428572,120.14285714285714,-2.75,EOD,569,NQM8,1.225
2018-05-01,2018,B,1,305,"(1.2, 1.75)",144.17142857142855,210.25,120.14285714285714,-2.75,EOD,569,NQM8,1.225
2018-05-01,2018,B,1,305,"(1.2, 2.0)",144.17142857142855,240.28571428571428,120.14285714285714,-2.75,EOD,569,NQM8,1.225
2018-05-01,2018,B,1,305,"(0.179, 0.247)",21.505571428571425,29.675285714285714,120.14285714285714,-2.75,EOD,569,NQM8,1.225
2018-05-08,2018,B,1,415,"(0.8, 1.5)",99.55714285714286,186.66964285714286,124.44642857142857,15.25,EOD,569,NQM8,1.225
2018-05-08,2018,B,1,415,"(0.8, 1.75)",99.55714285714286,217.78125,124.44642857142857,15.25,EOD,569,NQM8,1.225
2018-05-08,2018,B,1,415,"(0.8, 2.0)",99.55714285714286,248.89285714285714,124.44642857142857,15.25,EOD,569,NQM8,1.225
2018-05-08,2018,B,1,415,"(1.0, 1.5)",124.44642857142857,186.66964285714286,124.44642857142857,15.25,EOD,569,NQM8,1.225
2018-05-08,2018,B,1,415,"(1.0, 1.75)",124.44642857142857,217.78125,124.44642857142857,15.25,EOD,569,NQM8,1.225
2018-05-08,2018,B,1,415,"(1.0, 2.0)",124.44642857142857,248.89285714285714,124.44642857142857,15.25,EOD,569,NQM8,1.225
2018-05-08,2018,B,1,415,"(1.2, 1.5)",149.3357142857143,186.66964285714286,124.44642857142857,15.25,EOD,569,NQM8,1.225
2018-05-08,2018,B,1,415,"(1.2, 1.75)",149.3357142857143,217.78125,124.44642857142857,15.25,EOD,569,NQM8,1.225
2018-05-08,2018,B,1,415,"(1.2, 2.0)",149.3357142857143,248.89285714285714,124.44642857142857,15.25,EOD,569,NQM8,1.225
2018-05-08,2018,B,1,415,"(0.179, 0.247)",22.275910714285715,30.738267857142855,124.44642857142857,15.25,EOD,569,NQM8,1.225
2018-05-14,2018,B,-1,565,"(0.8, 1.5)",92.51428571428572,173.46428571428572,115.64285714285714,-0.0,EOD,569,NQM8,1.225
2018-05-14,2018,B,-1,565,"(0.8, 1.75)",92.51428571428572,202.375,115.64285714285714,-0.0,EOD,569,NQM8,1.225
2018-05-14,2018,B,-1,565,"(0.8, 2.0)",92.51428571428572,231.28571428571428,115.64285714285714,-0.0,EOD,569,NQM8,1.225
2018-05-14,2018,B,-1,565,"(1.0, 1.5)",115.64285714285714,173.46428571428572,115.64285714285714,-0.0,EOD,569,NQM8,1.225
2018-05-14,2018,B,-1,565,"(1.0, 1.75)",115.64285714285714,202.375,115.64285714285714,-0.0,EOD,569,NQM8,1.225
2018-05-14,2018,B,-1,565,"(1.0, 2.0)",115.64285714285714,231.28571428571428,115.64285714285714,-0.0,EOD,569,NQM8,1.225
2018-05-14,2018,B,-1,565,"(1.2, 1.5)",138.77142857142857,173.46428571428572,115.64285714285714,-0.0,EOD,569,NQM8,1.225
2018-05-14,2018,B,-1,565,"(1.2, 1.75)",138.77142857142857,202.375,115.64285714285714,-0.0,EOD,569,NQM8,1.225
2018-05-14,2018,B,-1,565,"(1.2, 2.0)",138.77142857142857,231.28571428571428,115.64285714285714,-0.0,EOD,569,NQM8,1.225
2018-05-14,2018,B,-1,565,"(0.179, 0.247)",20.700071428571427,28.563785714285714,115.64285714285714,-0.0,EOD,569,NQM8,1.225
2018-05-15,2018,B,1,435,"(0.8, 1.5)",82.65714285714286,154.98214285714286,103.32142857142857,-45.75,EOD,569,NQM8,1.225
2018-05-15,2018,B,1,435,"(0.8, 1.75)",82.65714285714286,180.8125,103.32142857142857,-45.75,EOD,569,NQM8,1.225
2018-05-15,2018,B,1,435,"(0.8, 2.0)",82.65714285714286,206.64285714285714,103.32142857142857,-45.75,EOD,569,NQM8,1.225
2018-05-15,2018,B,1,435,"(1.0, 1.5)",103.32142857142857,154.98214285714286,103.32142857142857,-45.75,EOD,569,NQM8,1.225
2018-05-15,2018,B,1,435,"(1.0, 1.75)",103.32142857142857,180.8125,103.32142857142857,-45.75,EOD,569,NQM8,1.225
2018-05-15,2018,B,1,435,"(1.0, 2.0)",103.32142857142857,206.64285714285714,103.32142857142857,-45.75,EOD,569,NQM8,1.225
2018-05-15,2018,B,1,435,"(1.2, 1.5)",123.98571428571428,154.98214285714286,103.32142857142857,-45.75,EOD,569,NQM8,1.225
2018-05-15,2018,B,1,435,"(1.2, 1.75)",123.98571428571428,180.8125,103.32142857142857,-45.75,EOD,569,NQM8,1.225
2018-05-15,2018,B,1,435,"(1.2, 2.0)",123.98571428571428,206.64285714285714,103.32142857142857,-45.75,EOD,569,NQM8,1.225
2018-05-15,2018,B,1,435,"(0.179, 0.247)",18.494535714285714,25.520392857142856,103.32142857142857,-18.49453571428603,SL,493,NQM8,1.225
2018-05-25,2018,B,-1,460,"(0.8, 1.5)",61.28571428571429,114.91071428571429,76.60714285714286,9.25,EOD,569,NQM8,1.225
2018-05-25,2018,B,-1,460,"(0.8, 1.75)",61.28571428571429,134.0625,76.60714285714286,9.25,EOD,569,NQM8,1.225
2018-05-25,2018,B,-1,460,"(0.8, 2.0)",61.28571428571429,153.21428571428572,76.60714285714286,9.25,EOD,569,NQM8,1.225
2018-05-25,2018,B,-1,460,"(1.0, 1.5)",76.60714285714286,114.91071428571429,76.60714285714286,9.25,EOD,569,NQM8,1.225
2018-05-25,2018,B,-1,460,"(1.0, 1.75)",76.60714285714286,134.0625,76.60714285714286,9.25,EOD,569,NQM8,1.225
2018-05-25,2018,B,-1,460,"(1.0, 2.0)",76.60714285714286,153.21428571428572,76.60714285714286,9.25,EOD,569,NQM8,1.225
2018-05-25,2018,B,-1,460,"(1.2, 1.5)",91.92857142857143,114.91071428571429,76.60714285714286,9.25,EOD,569,NQM8,1.225
2018-05-25,2018,B,-1,460,"(1.2, 1.75)",91.92857142857143,134.0625,76.60714285714286,9.25,EOD,569,NQM8,1.225
2018-05-25,2018,B,-1,460,"(1.2, 2.0)",91.92857142857143,153.21428571428572,76.60714285714286,9.25,EOD,569,NQM8,1.225
2018-05-25,2018,B,-1,460,"(0.179, 0.247)",13.712678571428572,18.921964285714285,76.60714285714286,18.92196428571424,TP,543,NQM8,1.225
2018-05-30,2018,B,-1,380,"(0.8, 1.5)",58.27142857142857,109.25892857142856,72.83928571428571,4.0,EOD,569,NQM8,1.225
2018-05-30,2018,B,-1,380,"(0.8, 1.75)",58.27142857142857,127.46874999999999,72.83928571428571,4.0,EOD,569,NQM8,1.225
2018-05-30,2018,B,-1,380,"(0.8, 2.0)",58.27142857142857,145.67857142857142,72.83928571428571,4.0,EOD,569,NQM8,1.225
2018-05-30,2018,B,-1,380,"(1.0, 1.5)",72.83928571428571,109.25892857142856,72.83928571428571,4.0,EOD,569,NQM8,1.225
2018-05-30,2018,B,-1,380,"(1.0, 1.75)",72.83928571428571,127.46874999999999,72.83928571428571,4.0,EOD,569,NQM8,1.225
2018-05-30,2018,B,-1,380,"(1.0, 2.0)",72.83928571428571,145.67857142857142,72.83928571428571,4.0,EOD,569,NQM8,1.225
2018-05-30,2018,B,-1,380,"(1.2, 1.5)",87.40714285714284,109.25892857142856,72.83928571428571,4.0,EOD,569,NQM8,1.225
2018-05-30,2018,B,-1,380,"(1.2, 1.75)",87.40714285714284,127.46874999999999,72.83928571428571,4.0,EOD,569,NQM8,1.225
2018-05-30,2018,B,-1,380,"(1.2, 2.0)",87.40714285714284,145.67857142857142,72.83928571428571,4.0,EOD,569,NQM8,1.225
2018-05-30,2018,B,-1,380,"(0.179, 0.247)",13.038232142857142,17.99130357142857,72.83928571428571,-13.038232142856941,SL,445,NQM8,1.225
2018-05-31,2018,B,-1,515,"(0.8, 1.5)",57.52857142857144,107.86607142857144,71.91071428571429,7.0,EOD,569,NQM8,1.225
2018-05-31,2018,B,-1,515,"(0.8, 1.75)",57.52857142857144,125.84375000000001,71.91071428571429,7.0,EOD,569,NQM8,1.225
2018-05-31,2018,B,-1,515,"(0.8, 2.0)",57.52857142857144,143.82142857142858,71.91071428571429,7.0,EOD,569,NQM8,1.225
2018-05-31,2018,B,-1,515,"(1.0, 1.5)",71.91071428571429,107.86607142857144,71.91071428571429,7.0,EOD,569,NQM8,1.225
2018-05-31,2018,B,-1,515,"(1.0, 1.75)",71.91071428571429,125.84375000000001,71.91071428571429,7.0,EOD,569,NQM8,1.225
2018-05-31,2018,B,-1,515,"(1.0, 2.0)",71.91071428571429,143.82142857142858,71.91071428571429,7.0,EOD,569,NQM8,1.225
2018-05-31,2018,B,-1,515,"(1.2, 1.5)",86.29285714285714,107.86607142857144,71.91071428571429,7.0,EOD,569,NQM8,1.225
2018-05-31,2018,B,-1,515,"(1.2, 1.75)",86.29285714285714,125.84375000000001,71.91071428571429,7.0,EOD,569,NQM8,1.225
2018-05-31,2018,B,-1,515,"(1.2, 2.0)",86.29285714285714,143.82142857142858,71.91071428571429,7.0,EOD,569,NQM8,1.225
2018-05-31,2018,B,-1,515,"(0.179, 0.247)",12.872017857142858,17.76194642857143,71.91071428571429,17.76194642857172,TP,551,NQM8,1.225
2018-06-06,2018,B,-1,530,"(0.8, 1.5)",57.91428571428571,108.58928571428571,72.39285714285714,2.5,EOD,569,NQM8,1.225
2018-06-06,2018,B,-1,530,"(0.8, 1.75)",57.91428571428571,126.6875,72.39285714285714,2.5,EOD,569,NQM8,1.225
2018-06-06,2018,B,-1,530,"(0.8, 2.0)",57.91428571428571,144.78571428571428,72.39285714285714,2.5,EOD,569,NQM8,1.225
2018-06-06,2018,B,-1,530,"(1.0, 1.5)",72.39285714285714,108.58928571428571,72.39285714285714,2.5,EOD,569,NQM8,1.225
2018-06-06,2018,B,-1,530,"(1.0, 1.75)",72.39285714285714,126.6875,72.39285714285714,2.5,EOD,569,NQM8,1.225
2018-06-06,2018,B,-1,530,"(1.0, 2.0)",72.39285714285714,144.78571428571428,72.39285714285714,2.5,EOD,569,NQM8,1.225
2018-06-06,2018,B,-1,530,"(1.2, 1.5)",86.87142857142857,108.58928571428571,72.39285714285714,2.5,EOD,569,NQM8,1.225
2018-06-06,2018,B,-1,530,"(1.2, 1.75)",86.87142857142857,126.6875,72.39285714285714,2.5,EOD,569,NQM8,1.225
2018-06-06,2018,B,-1,530,"(1.2, 2.0)",86.87142857142857,144.78571428571428,72.39285714285714,2.5,EOD,569,NQM8,1.225
2018-06-06,2018,B,-1,530,"(0.179, 0.247)",12.958321428571427,17.881035714285712,72.39285714285714,2.5,EOD,569,NQM8,1.225
2018-06-07,2018,B,-1,485,"(0.8, 1.5)",56.92857142857144,106.74107142857144,71.16071428571429,-3.25,EOD,569,NQM8,1.225
2018-06-07,2018,B,-1,485,"(0.8, 1.75)",56.92857142857144,124.53125000000001,71.16071428571429,-3.25,EOD,569,NQM8,1.225
2018-06-07,2018,B,-1,485,"(0.8, 2.0)",56.92857142857144,142.32142857142858,71.16071428571429,-3.25,EOD,569,NQM8,1.225
2018-06-07,2018,B,-1,485,"(1.0, 1.5)",71.16071428571429,106.74107142857144,71.16071428571429,-3.25,EOD,569,NQM8,1.225
2018-06-07,2018,B,-1,485,"(1.0, 1.75)",71.16071428571429,124.53125000000001,71.16071428571429,-3.25,EOD,569,NQM8,1.225
2018-06-07,2018,B,-1,485,"(1.0, 2.0)",71.16071428571429,142.32142857142858,71.16071428571429,-3.25,EOD,569,NQM8,1.225
2018-06-07,2018,B,-1,485,"(1.2, 1.5)",85.39285714285715,106.74107142857144,71.16071428571429,-3.25,EOD,569,NQM8,1.225
2018-06-07,2018,B,-1,485,"(1.2, 1.75)",85.39285714285715,124.53125000000001,71.16071428571429,-3.25,EOD,569,NQM8,1.225
2018-06-07,2018,B,-1,485,"(1.2, 2.0)",85.39285714285715,142.32142857142858,71.16071428571429,-3.25,EOD,569,NQM8,1.225
2018-06-07,2018,B,-1,485,"(0.179, 0.247)",12.737767857142858,17.57669642857143,71.16071428571429,-3.25,EOD,569,NQM8,1.225
2018-07-12,2018,B,-1,415,"(0.8, 1.5)",77.52857142857144,145.36607142857144,96.91071428571429,-5.0,EOD,569,NQU8,1.225
2018-07-12,2018,B,-1,415,"(0.8, 1.75)",77.52857142857144,169.59375,96.91071428571429,-5.0,EOD,569,NQU8,1.225
2018-07-12,2018,B,-1,415,"(0.8, 2.0)",77.52857142857144,193.82142857142858,96.91071428571429,-5.0,EOD,569,NQU8,1.225
2018-07-12,2018,B,-1,415,"(1.0, 1.5)",96.91071428571429,145.36607142857144,96.91071428571429,-5.0,EOD,569,NQU8,1.225
2018-07-12,2018,B,-1,415,"(1.0, 1.75)",96.91071428571429,169.59375,96.91071428571429,-5.0,EOD,569,NQU8,1.225
2018-07-12,2018,B,-1,415,"(1.0, 2.0)",96.91071428571429,193.82142857142858,96.91071428571429,-5.0,EOD,569,NQU8,1.225
2018-07-12,2018,B,-1,415,"(1.2, 1.5)",116.29285714285714,145.36607142857144,96.91071428571429,-5.0,EOD,569,NQU8,1.225
2018-07-12,2018,B,-1,415,"(1.2, 1.75)",116.29285714285714,169.59375,96.91071428571429,-5.0,EOD,569,NQU8,1.225
2018-07-12,2018,B,-1,415,"(1.2, 2.0)",116.29285714285714,193.82142857142858,96.91071428571429,-5.0,EOD,569,NQU8,1.225
2018-07-12,2018,B,-1,415,"(0.179, 0.247)",17.34701785714286,23.93694642857143,96.91071428571429,-5.0,EOD,569,NQU8,1.225
2018-07-16,2018,B,-1,375,"(0.8, 1.5)",70.21428571428571,131.65178571428572,87.76785714285714,9.0,EOD,569,NQU8,1.225
2018-07-16,2018,B,-1,375,"(0.8, 1.75)",70.21428571428571,153.59375,87.76785714285714,9.0,EOD,569,NQU8,1.225
2018-07-16,2018,B,-1,375,"(0.8, 2.0)",70.21428571428571,175.53571428571428,87.76785714285714,9.0,EOD,569,NQU8,1.225
2018-07-16,2018,B,-1,375,"(1.0, 1.5)",87.76785714285714,131.65178571428572,87.76785714285714,9.0,EOD,569,NQU8,1.225
2018-07-16,2018,B,-1,375,"(1.0, 1.75)",87.76785714285714,153.59375,87.76785714285714,9.0,EOD,569,NQU8,1.225
2018-07-16,2018,B,-1,375,"(1.0, 2.0)",87.76785714285714,175.53571428571428,87.76785714285714,9.0,EOD,569,NQU8,1.225
2018-07-16,2018,B,-1,375,"(1.2, 1.5)",105.32142857142857,131.65178571428572,87.76785714285714,9.0,EOD,569,NQU8,1.225
2018-07-16,2018,B,-1,375,"(1.2, 1.75)",105.32142857142857,153.59375,87.76785714285714,9.0,EOD,569,NQU8,1.225
2018-07-16,2018,B,-1,375,"(1.2, 2.0)",105.32142857142857,175.53571428571428,87.76785714285714,9.0,EOD,569,NQU8,1.225
2018-07-16,2018,B,-1,375,"(0.179, 0.247)",15.710446428571426,21.678660714285712,87.76785714285714,9.0,EOD,569,NQU8,1.225
2018-07-26,2018,B,1,490,"(0.8, 1.5)",61.800000000000004,115.875,77.25,-0.25,EOD,569,NQU8,1.225
2018-07-26,2018,B,1,490,"(0.8, 1.75)",61.800000000000004,135.1875,77.25,-0.25,EOD,569,NQU8,1.225
2018-07-26,2018,B,1,490,"(0.8, 2.0)",61.800000000000004,154.5,77.25,-0.25,EOD,569,NQU8,1.225
2018-07-26,2018,B,1,490,"(1.0, 1.5)",77.25,115.875,77.25,-0.25,EOD,569,NQU8,1.225
2018-07-26,2018,B,1,490,"(1.0, 1.75)",77.25,135.1875,77.25,-0.25,EOD,569,NQU8,1.225
2018-07-26,2018,B,1,490,"(1.0, 2.0)",77.25,154.5,77.25,-0.25,EOD,569,NQU8,1.225
2018-07-26,2018,B,1,490,"(1.2, 1.5)",92.7,115.875,77.25,-0.25,EOD,569,NQU8,1.225
2018-07-26,2018,B,1,490,"(1.2, 1.75)",92.7,135.1875,77.25,-0.25,EOD,569,NQU8,1.225
2018-07-26,2018,B,1,490,"(1.2, 2.0)",92.7,154.5,77.25,-0.25,EOD,569,NQU8,1.225
2018-07-26,2018,B,1,490,"(0.179, 0.247)",13.82775,19.08075,77.25,-13.827750000000378,SL,565,NQU8,1.225
2018-07-27,2018,B,-1,510,"(0.8, 1.5)",62.300000000000004,116.8125,77.875,-12.25,EOD,569,NQU8,1.225
2018-07-27,2018,B,-1,510,"(0.8, 1.75)",62.300000000000004,136.28125,77.875,-12.25,EOD,569,NQU8,1.225
2018-07-27,2018,B,-1,510,"(0.8, 2.0)",62.300000000000004,155.75,77.875,-12.25,EOD,569,NQU8,1.225
2018-07-27,2018,B,-1,510,"(1.0, 1.5)",77.875,116.8125,77.875,-12.25,EOD,569,NQU8,1.225
2018-07-27,2018,B,-1,510,"(1.0, 1.75)",77.875,136.28125,77.875,-12.25,EOD,569,NQU8,1.225
2018-07-27,2018,B,-1,510,"(1.0, 2.0)",77.875,155.75,77.875,-12.25,EOD,569,NQU8,1.225
2018-07-27,2018,B,-1,510,"(1.2, 1.5)",93.45,116.8125,77.875,-12.25,EOD,569,NQU8,1.225
2018-07-27,2018,B,-1,510,"(1.2, 1.75)",93.45,136.28125,77.875,-12.25,EOD,569,NQU8,1.225
2018-07-27,2018,B,-1,510,"(1.2, 2.0)",93.45,155.75,77.875,-12.25,EOD,569,NQU8,1.225
2018-07-27,2018,B,-1,510,"(0.179, 0.247)",13.939625,19.235125,77.875,-13.939624999999978,SL,534,NQU8,1.225
2018-08-03,2018,B,-1,530,"(0.8, 1.5)",80.71428571428572,151.33928571428572,100.89285714285714,-0.5,EOD,569,NQU8,1.225
2018-08-03,2018,B,-1,530,"(0.8, 1.75)",80.71428571428572,176.5625,100.89285714285714,-0.5,EOD,569,NQU8,1.225
2018-08-03,2018,B,-1,530,"(0.8, 2.0)",80.71428571428572,201.78571428571428,100.89285714285714,-0.5,EOD,569,NQU8,1.225
2018-08-03,2018,B,-1,530,"(1.0, 1.5)",100.89285714285714,151.33928571428572,100.89285714285714,-0.5,EOD,569,NQU8,1.225
2018-08-03,2018,B,-1,530,"(1.0, 1.75)",100.89285714285714,176.5625,100.89285714285714,-0.5,EOD,569,NQU8,1.225
2018-08-03,2018,B,-1,530,"(1.0, 2.0)",100.89285714285714,201.78571428571428,100.89285714285714,-0.5,EOD,569,NQU8,1.225
2018-08-03,2018,B,-1,530,"(1.2, 1.5)",121.07142857142856,151.33928571428572,100.89285714285714,-0.5,EOD,569,NQU8,1.225
2018-08-03,2018,B,-1,530,"(1.2, 1.75)",121.07142857142856,176.5625,100.89285714285714,-0.5,EOD,569,NQU8,1.225
2018-08-03,2018,B,-1,530,"(1.2, 2.0)",121.07142857142856,201.78571428571428,100.89285714285714,-0.5,EOD,569,NQU8,1.225
2018-08-03,2018,B,-1,530,"(0.179, 0.247)",18.05982142857143,24.920535714285712,100.89285714285714,-0.5,EOD,569,NQU8,1.225
2018-08-16,2018,B,-1,560,"(0.8, 1.5)",71.91428571428571,134.83928571428572,89.89285714285714,-0.0,EOD,569,NQU8,1.225
2018-08-16,2018,B,-1,560,"(0.8, 1.75)",71.91428571428571,157.3125,89.89285714285714,-0.0,EOD,569,NQU8,1.225
2018-08-16,2018,B,-1,560,"(0.8, 2.0)",71.91428571428571,179.78571428571428,89.89285714285714,-0.0,EOD,569,NQU8,1.225
2018-08-16,2018,B,-1,560,"(1.0, 1.5)",89.89285714285714,134.83928571428572,89.89285714285714,-0.0,EOD,569,NQU8,1.225
2018-08-16,2018,B,-1,560,"(1.0, 1.75)",89.89285714285714,157.3125,89.89285714285714,-0.0,EOD,569,NQU8,1.225
2018-08-16,2018,B,-1,560,"(1.0, 2.0)",89.89285714285714,179.78571428571428,89.89285714285714,-0.0,EOD,569,NQU8,1.225
2018-08-16,2018,B,-1,560,"(1.2, 1.5)",107.87142857142857,134.83928571428572,89.89285714285714,-0.0,EOD,569,NQU8,1.225
2018-08-16,2018,B,-1,560,"(1.2, 1.75)",107.87142857142857,157.3125,89.89285714285714,-0.0,EOD,569,NQU8,1.225
2018-08-16,2018,B,-1,560,"(1.2, 2.0)",107.87142857142857,179.78571428571428,89.89285714285714,-0.0,EOD,569,NQU8,1.225
2018-08-16,2018,B,-1,560,"(0.179, 0.247)",16.090821428571427,22.203535714285714,89.89285714285714,-0.0,EOD,569,NQU8,1.225
2018-08-21,2018,B,-1,360,"(0.8, 1.5)",59.328571428571436,111.24107142857144,74.16071428571429,3.0,EOD,569,NQU8,1.225
2018-08-21,2018,B,-1,360,"(0.8, 1.75)",59.328571428571436,129.78125,74.16071428571429,3.0,EOD,569,NQU8,1.225
2018-08-21,2018,B,-1,360,"(0.8, 2.0)",59.328571428571436,148.32142857142858,74.16071428571429,3.0,EOD,569,NQU8,1.225
2018-08-21,2018,B,-1,360,"(1.0, 1.5)",74.16071428571429,111.24107142857144,74.16071428571429,3.0,EOD,569,NQU8,1.225
2018-08-21,2018,B,-1,360,"(1.0, 1.75)",74.16071428571429,129.78125,74.16071428571429,3.0,EOD,569,NQU8,1.225
2018-08-21,2018,B,-1,360,"(1.0, 2.0)",74.16071428571429,148.32142857142858,74.16071428571429,3.0,EOD,569,NQU8,1.225
2018-08-21,2018,B,-1,360,"(1.2, 1.5)",88.99285714285715,111.24107142857144,74.16071428571429,3.0,EOD,569,NQU8,1.225
2018-08-21,2018,B,-1,360,"(1.2, 1.75)",88.99285714285715,129.78125,74.16071428571429,3.0,EOD,569,NQU8,1.225
2018-08-21,2018,B,-1,360,"(1.2, 2.0)",88.99285714285715,148.32142857142858,74.16071428571429,3.0,EOD,569,NQU8,1.225
2018-08-21,2018,B,-1,360,"(0.179, 0.247)",13.274767857142857,18.31769642857143,74.16071428571429,3.0,EOD,569,NQU8,1.225
2018-08-22,2018,B,1,435,"(0.8, 1.5)",59.828571428571436,112.17857142857144,74.78571428571429,-8.0,EOD,569,NQU8,1.225
2018-08-22,2018,B,1,435,"(0.8, 1.75)",59.828571428571436,130.875,74.78571428571429,-8.0,EOD,569,NQU8,1.225
2018-08-22,2018,B,1,435,"(0.8, 2.0)",59.828571428571436,149.57142857142858,74.78571428571429,-8.0,EOD,569,NQU8,1.225
2018-08-22,2018,B,1,435,"(1.0, 1.5)",74.78571428571429,112.17857142857144,74.78571428571429,-8.0,EOD,569,NQU8,1.225
2018-08-22,2018,B,1,435,"(1.0, 1.75)",74.78571428571429,130.875,74.78571428571429,-8.0,EOD,569,NQU8,1.225
2018-08-22,2018,B,1,435,"(1.0, 2.0)",74.78571428571429,149.57142857142858,74.78571428571429,-8.0,EOD,569,NQU8,1.225
2018-08-22,2018,B,1,435,"(1.2, 1.5)",89.74285714285715,112.17857142857144,74.78571428571429,-8.0,EOD,569,NQU8,1.225
2018-08-22,2018,B,1,435,"(1.2, 1.75)",89.74285714285715,130.875,74.78571428571429,-8.0,EOD,569,NQU8,1.225
2018-08-22,2018,B,1,435,"(1.2, 2.0)",89.74285714285715,149.57142857142858,74.78571428571429,-8.0,EOD,569,NQU8,1.225
2018-08-22,2018,B,1,435,"(0.179, 0.247)",13.386642857142858,18.47207142857143,74.78571428571429,-13.38664285714276,SL,498,NQU8,1.225
2018-09-04,2018,B,1,335,"(0.8, 1.5)",55.614285714285714,104.27678571428571,69.51785714285714,-31.25,EOD,569,NQU8,1.225
2018-09-04,2018,B,1,335,"(0.8, 1.75)",55.614285714285714,121.65625,69.51785714285714,-31.25,EOD,569,NQU8,1.225
2018-09-04,2018,B,1,335,"(0.8, 2.0)",55.614285714285714,139.03571428571428,69.51785714285714,-31.25,EOD,569,NQU8,1.225
2018-09-04,2018,B,1,335,"(1.0, 1.5)",69.51785714285714,104.27678571428571,69.51785714285714,-31.25,EOD,569,NQU8,1.225
2018-09-04,2018,B,1,335,"(1.0, 1.75)",69.51785714285714,121.65625,69.51785714285714,-31.25,EOD,569,NQU8,1.225
2018-09-04,2018,B,1,335,"(1.0, 2.0)",69.51785714285714,139.03571428571428,69.51785714285714,-31.25,EOD,569,NQU8,1.225
2018-09-04,2018,B,1,335,"(1.2, 1.5)",83.42142857142856,104.27678571428571,69.51785714285714,-31.25,EOD,569,NQU8,1.225
2018-09-04,2018,B,1,335,"(1.2, 1.75)",83.42142857142856,121.65625,69.51785714285714,-31.25,EOD,569,NQU8,1.225
2018-09-04,2018,B,1,335,"(1.2, 2.0)",83.42142857142856,139.03571428571428,69.51785714285714,-31.25,EOD,569,NQU8,1.225
2018-09-04,2018,B,1,335,"(0.179, 0.247)",12.443696428571426,17.170910714285714,69.51785714285714,-12.443696428571457,SL,428,NQU8,1.225
2018-09-07,2018,B,1,530,"(0.8, 1.5)",58.828571428571436,110.30357142857144,73.53571428571429,-7.0,EOD,569,NQU8,1.225
2018-09-07,2018,B,1,530,"(0.8, 1.75)",58.828571428571436,128.6875,73.53571428571429,-7.0,EOD,569,NQU8,1.225
2018-09-07,2018,B,1,530,"(0.8, 2.0)",58.828571428571436,147.07142857142858,73.53571428571429,-7.0,EOD,569,NQU8,1.225
2018-09-07,2018,B,1,530,"(1.0, 1.5)",73.53571428571429,110.30357142857144,73.53571428571429,-7.0,EOD,569,NQU8,1.225
2018-09-07,2018,B,1,530,"(1.0, 1.75)",73.53571428571429,128.6875,73.53571428571429,-7.0,EOD,569,NQU8,1.225
2018-09-07,2018,B,1,530,"(1.0, 2.0)",73.53571428571429,147.07142857142858,73.53571428571429,-7.0,EOD,569,NQU8,1.225
2018-09-07,2018,B,1,530,"(1.2, 1.5)",88.24285714285715,110.30357142857144,73.53571428571429,-7.0,EOD,569,NQU8,1.225
2018-09-07,2018,B,1,530,"(1.2, 1.75)",88.24285714285715,128.6875,73.53571428571429,-7.0,EOD,569,NQU8,1.225
2018-09-07,2018,B,1,530,"(1.2, 2.0)",88.24285714285715,147.07142857142858,73.53571428571429,-7.0,EOD,569,NQU8,1.225
2018-09-07,2018,B,1,530,"(0.179, 0.247)",13.162892857142857,18.16332142857143,73.53571428571429,-13.162892857142651,SL,540,NQU8,1.225
2018-09-12,2018,B,-1,450,"(0.8, 1.5)",63.68571428571429,119.41071428571429,79.60714285714286,21.25,EOD,569,NQU8,1.225
2018-09-12,2018,B,-1,450,"(0.8, 1.75)",63.68571428571429,139.3125,79.60714285714286,21.25,EOD,569,NQU8,1.225
2018-09-12,2018,B,-1,450,"(0.8, 2.0)",63.68571428571429,159.21428571428572,79.60714285714286,21.25,EOD,569,NQU8,1.225
2018-09-12,2018,B,-1,450,"(1.0, 1.5)",79.60714285714286,119.41071428571429,79.60714285714286,21.25,EOD,569,NQU8,1.225
2018-09-12,2018,B,-1,450,"(1.0, 1.75)",79.60714285714286,139.3125,79.60714285714286,21.25,EOD,569,NQU8,1.225
2018-09-12,2018,B,-1,450,"(1.0, 2.0)",79.60714285714286,159.21428571428572,79.60714285714286,21.25,EOD,569,NQU8,1.225
2018-09-12,2018,B,-1,450,"(1.2, 1.5)",95.52857142857142,119.41071428571429,79.60714285714286,21.25,EOD,569,NQU8,1.225
2018-09-12,2018,B,-1,450,"(1.2, 1.75)",95.52857142857142,139.3125,79.60714285714286,21.25,EOD,569,NQU8,1.225
2018-09-12,2018,B,-1,450,"(1.2, 2.0)",95.52857142857142,159.21428571428572,79.60714285714286,21.25,EOD,569,NQU8,1.225
2018-09-12,2018,B,-1,450,"(0.179, 0.247)",14.249678571428571,19.662964285714285,79.60714285714286,19.662964285714224,TP,531,NQU8,1.225
2018-09-20,2018,B,-1,445,"(0.8, 1.5)",70.94285714285715,133.01785714285714,88.67857142857143,-26.0,EOD,569,NQZ8,1.225
2018-09-20,2018,B,-1,445,"(0.8, 1.75)",70.94285714285715,155.1875,88.67857142857143,-26.0,EOD,569,NQZ8,1.225
2018-09-20,2018,B,-1,445,"(0.8, 2.0)",70.94285714285715,177.35714285714286,88.67857142857143,-26.0,EOD,569,NQZ8,1.225
2018-09-20,2018,B,-1,445,"(1.0, 1.5)",88.67857142857143,133.01785714285714,88.67857142857143,-26.0,EOD,569,NQZ8,1.225
2018-09-20,2018,B,-1,445,"(1.0, 1.75)",88.67857142857143,155.1875,88.67857142857143,-26.0,EOD,569,NQZ8,1.225
2018-09-20,2018,B,-1,445,"(1.0, 2.0)",88.67857142857143,177.35714285714286,88.67857142857143,-26.0,EOD,569,NQZ8,1.225
2018-09-20,2018,B,-1,445,"(1.2, 1.5)",106.41428571428571,133.01785714285714,88.67857142857143,-26.0,EOD,569,NQZ8,1.225
2018-09-20,2018,B,-1,445,"(1.2, 1.75)",106.41428571428571,155.1875,88.67857142857143,-26.0,EOD,569,NQZ8,1.225
2018-09-20,2018,B,-1,445,"(1.2, 2.0)",106.41428571428571,177.35714285714286,88.67857142857143,-26.0,EOD,569,NQZ8,1.225
2018-09-20,2018,B,-1,445,"(0.179, 0.247)",15.873464285714286,21.903607142857144,88.67857142857143,-15.873464285714363,SL,486,NQZ8,1.225
2018-09-28,2018,B,1,475,"(0.8, 1.5)",70.57142857142857,132.32142857142856,88.21428571428571,12.25,EOD,569,NQZ8,1.225
2018-09-28,2018,B,1,475,"(0.8, 1.75)",70.57142857142857,154.375,88.21428571428571,12.25,EOD,569,NQZ8,1.225
2018-09-28,2018,B,1,475,"(0.8, 2.0)",70.57142857142857,176.42857142857142,88.21428571428571,12.25,EOD,569,NQZ8,1.225
2018-09-28,2018,B,1,475,"(1.0, 1.5)",88.21428571428571,132.32142857142856,88.21428571428571,12.25,EOD,569,NQZ8,1.225
2018-09-28,2018,B,1,475,"(1.0, 1.75)",88.21428571428571,154.375,88.21428571428571,12.25,EOD,569,NQZ8,1.225
2018-09-28,2018,B,1,475,"(1.0, 2.0)",88.21428571428571,176.42857142857142,88.21428571428571,12.25,EOD,569,NQZ8,1.225
2018-09-28,2018,B,1,475,"(1.2, 1.5)",105.85714285714285,132.32142857142856,88.21428571428571,12.25,EOD,569,NQZ8,1.225
2018-09-28,2018,B,1,475,"(1.2, 1.75)",105.85714285714285,154.375,88.21428571428571,12.25,EOD,569,NQZ8,1.225
2018-09-28,2018,B,1,475,"(1.2, 2.0)",105.85714285714285,176.42857142857142,88.21428571428571,12.25,EOD,569,NQZ8,1.225
2018-09-28,2018,B,1,475,"(0.179, 0.247)",15.790357142857141,21.78892857142857,88.21428571428571,12.25,EOD,569,NQZ8,1.225
2018-10-02,2018,B,1,490,"(0.8, 1.5)",67.57142857142857,126.69642857142856,84.46428571428571,7.5,EOD,569,NQZ8,1.225
2018-10-02,2018,B,1,490,"(0.8, 1.75)",67.57142857142857,147.8125,84.46428571428571,7.5,EOD,569,NQZ8,1.225
2018-10-02,2018,B,1,490,"(0.8, 2.0)",67.57142857142857,168.92857142857142,84.46428571428571,7.5,EOD,569,NQZ8,1.225
2018-10-02,2018,B,1,490,"(1.0, 1.5)",84.46428571428571,126.69642857142856,84.46428571428571,7.5,EOD,569,NQZ8,1.225
2018-10-02,2018,B,1,490,"(1.0, 1.75)",84.46428571428571,147.8125,84.46428571428571,7.5,EOD,569,NQZ8,1.225
2018-10-02,2018,B,1,490,"(1.0, 2.0)",84.46428571428571,168.92857142857142,84.46428571428571,7.5,EOD,569,NQZ8,1.225
2018-10-02,2018,B,1,490,"(1.2, 1.5)",101.35714285714285,126.69642857142856,84.46428571428571,7.5,EOD,569,NQZ8,1.225
2018-10-02,2018,B,1,490,"(1.2, 1.75)",101.35714285714285,147.8125,84.46428571428571,7.5,EOD,569,NQZ8,1.225
2018-10-02,2018,B,1,490,"(1.2, 2.0)",101.35714285714285,168.92857142857142,84.46428571428571,7.5,EOD,569,NQZ8,1.225
2018-10-02,2018,B,1,490,"(0.179, 0.247)",15.11910714285714,20.86267857142857,84.46428571428571,7.5,EOD,569,NQZ8,1.225
2018-10-10,2018,B,1,485,"(0.8, 1.5)",80.9,151.6875,101.125,-13.0,EOD,569,NQZ8,1.225
2018-10-10,2018,B,1,485,"(0.8, 1.75)",80.9,176.96875,101.125,-13.0,EOD,569,NQZ8,1.225
2018-10-10,2018,B,1,485,"(0.8, 2.0)",80.9,202.25,101.125,-13.0,EOD,569,NQZ8,1.225
2018-10-10,2018,B,1,485,"(1.0, 1.5)",101.125,151.6875,101.125,-13.0,EOD,569,NQZ8,1.225
2018-10-10,2018,B,1,485,"(1.0, 1.75)",101.125,176.96875,101.125,-13.0,EOD,569,NQZ8,1.225
2018-10-10,2018,B,1,485,"(1.0, 2.0)",101.125,202.25,101.125,-13.0,EOD,569,NQZ8,1.225
2018-10-10,2018,B,1,485,"(1.2, 1.5)",121.35,151.6875,101.125,-13.0,EOD,569,NQZ8,1.225
2018-10-10,2018,B,1,485,"(1.2, 1.75)",121.35,176.96875,101.125,-13.0,EOD,569,NQZ8,1.225
2018-10-10,2018,B,1,485,"(1.2, 2.0)",121.35,202.25,101.125,-13.0,EOD,569,NQZ8,1.225
2018-10-10,2018,B,1,485,"(0.179, 0.247)",18.101375,24.977875,101.125,-18.10137500000019,SL,514,NQZ8,1.225
2018-11-02,2018,B,-1,500,"(0.8, 1.5)",170.05714285714288,318.8571428571429,212.57142857142858,18.75,EOD,569,NQZ8,1.225
2018-11-02,2018,B,-1,500,"(0.8, 1.75)",170.05714285714288,372.0,212.57142857142858,18.75,EOD,569,NQZ8,1.225
2018-11-02,2018,B,-1,500,"(0.8, 2.0)",170.05714285714288,425.14285714285717,212.57142857142858,18.75,EOD,569,NQZ8,1.225
2018-11-02,2018,B,-1,500,"(1.0, 1.5)",212.57142857142858,318.8571428571429,212.57142857142858,18.75,EOD,569,NQZ8,1.225
2018-11-02,2018,B,-1,500,"(1.0, 1.75)",212.57142857142858,372.0,212.57142857142858,18.75,EOD,569,NQZ8,1.225
2018-11-02,2018,B,-1,500,"(1.0, 2.0)",212.57142857142858,425.14285714285717,212.57142857142858,18.75,EOD,569,NQZ8,1.225
2018-11-02,2018,B,-1,500,"(1.2, 1.5)",255.0857142857143,318.8571428571429,212.57142857142858,18.75,EOD,569,NQZ8,1.225
2018-11-02,2018,B,-1,500,"(1.2, 1.75)",255.0857142857143,372.0,212.57142857142858,18.75,EOD,569,NQZ8,1.225
2018-11-02,2018,B,-1,500,"(1.2, 2.0)",255.0857142857143,425.14285714285717,212.57142857142858,18.75,EOD,569,NQZ8,1.225
2018-11-02,2018,B,-1,500,"(0.179, 0.247)",38.050285714285714,52.50514285714286,212.57142857142858,18.75,EOD,569,NQZ8,1.225
2018-11-12,2018,B,1,500,"(0.8, 1.5)",166.9,312.9375,208.625,2.5,EOD,569,NQZ8,1.225
2018-11-12,2018,B,1,500,"(0.8, 1.75)",166.9,365.09375,208.625,2.5,EOD,569,NQZ8,1.225
2018-11-12,2018,B,1,500,"(0.8, 2.0)",166.9,417.25,208.625,2.5,EOD,569,NQZ8,1.225
2018-11-12,2018,B,1,500,"(1.0, 1.5)",208.625,312.9375,208.625,2.5,EOD,569,NQZ8,1.225
2018-11-12,2018,B,1,500,"(1.0, 1.75)",208.625,365.09375,208.625,2.5,EOD,569,NQZ8,1.225
2018-11-12,2018,B,1,500,"(1.0, 2.0)",208.625,417.25,208.625,2.5,EOD,569,NQZ8,1.225
2018-11-12,2018,B,1,500,"(1.2, 1.5)",250.35,312.9375,208.625,2.5,EOD,569,NQZ8,1.225
2018-11-12,2018,B,1,500,"(1.2, 1.75)",250.35,365.09375,208.625,2.5,EOD,569,NQZ8,1.225
2018-11-12,2018,B,1,500,"(1.2, 2.0)",250.35,417.25,208.625,2.5,EOD,569,NQZ8,1.225
2018-11-12,2018,B,1,500,"(0.179, 0.247)",37.343875,51.530375,208.625,2.5,EOD,569,NQZ8,1.225
2018-11-14,2018,B,1,420,"(0.8, 1.5)",155.32857142857142,291.24107142857144,194.16071428571428,84.25,EOD,569,NQZ8,1.225
2018-11-14,2018,B,1,420,"(0.8, 1.75)",155.32857142857142,339.78125,194.16071428571428,84.25,EOD,569,NQZ8,1.225
2018-11-14,2018,B,1,420,"(0.8, 2.0)",155.32857142857142,388.32142857142856,194.16071428571428,84.25,EOD,569,NQZ8,1.225
2018-11-14,2018,B,1,420,"(1.0, 1.5)",194.16071428571428,291.24107142857144,194.16071428571428,84.25,EOD,569,NQZ8,1.225
2018-11-14,2018,B,1,420,"(1.0, 1.75)",194.16071428571428,339.78125,194.16071428571428,84.25,EOD,569,NQZ8,1.225
2018-11-14,2018,B,1,420,"(1.0, 2.0)",194.16071428571428,388.32142857142856,194.16071428571428,84.25,EOD,569,NQZ8,1.225
2018-11-14,2018,B,1,420,"(1.2, 1.5)",232.99285714285713,291.24107142857144,194.16071428571428,84.25,EOD,569,NQZ8,1.225
2018-11-14,2018,B,1,420,"(1.2, 1.75)",232.99285714285713,339.78125,194.16071428571428,84.25,EOD,569,NQZ8,1.225
2018-11-14,2018,B,1,420,"(1.2, 2.0)",232.99285714285713,388.32142857142856,194.16071428571428,84.25,EOD,569,NQZ8,1.225
2018-11-14,2018,B,1,420,"(0.179, 0.247)",34.75476785714285,47.957696428571424,194.16071428571428,47.95769642857158,TP,510,NQZ8,1.225
2018-11-15,2018,B,1,560,"(0.8, 1.5)",149.95714285714288,281.1696428571429,187.44642857142858,21.25,EOD,569,NQZ8,1.225
2018-11-15,2018,B,1,560,"(0.8, 1.75)",149.95714285714288,328.03125,187.44642857142858,21.25,EOD,569,NQZ8,1.225
2018-11-15,2018,B,1,560,"(0.8, 2.0)",149.95714285714288,374.89285714285717,187.44642857142858,21.25,EOD,569,NQZ8,1.225
2018-11-15,2018,B,1,560,"(1.0, 1.5)",187.44642857142858,281.1696428571429,187.44642857142858,21.25,EOD,569,NQZ8,1.225
2018-11-15,2018,B,1,560,"(1.0, 1.75)",187.44642857142858,328.03125,187.44642857142858,21.25,EOD,569,NQZ8,1.225
2018-11-15,2018,B,1,560,"(1.0, 2.0)",187.44642857142858,374.89285714285717,187.44642857142858,21.25,EOD,569,NQZ8,1.225
2018-11-15,2018,B,1,560,"(1.2, 1.5)",224.93571428571428,281.1696428571429,187.44642857142858,21.25,EOD,569,NQZ8,1.225
2018-11-15,2018,B,1,560,"(1.2, 1.75)",224.93571428571428,328.03125,187.44642857142858,21.25,EOD,569,NQZ8,1.225
2018-11-15,2018,B,1,560,"(1.2, 2.0)",224.93571428571428,374.89285714285717,187.44642857142858,21.25,EOD,569,NQZ8,1.225
2018-11-15,2018,B,1,560,"(0.179, 0.247)",33.552910714285716,46.29926785714286,187.44642857142858,21.25,EOD,569,NQZ8,1.225
2018-12-07,2018,B,-1,525,"(0.8, 1.5)",121.94285714285714,228.6428571428571,152.42857142857142,19.75,EOD,569,NQZ8,1.225
2018-12-07,2018,B,-1,525,"(0.8, 1.75)",121.94285714285714,266.75,152.42857142857142,19.75,EOD,569,NQZ8,1.225
2018-12-07,2018,B,-1,525,"(0.8, 2.0)",121.94285714285714,304.85714285714283,152.42857142857142,19.75,EOD,569,NQZ8,1.225
2018-12-07,2018,B,-1,525,"(1.0, 1.5)",152.42857142857142,228.6428571428571,152.42857142857142,19.75,EOD,569,NQZ8,1.225
2018-12-07,2018,B,-1,525,"(1.0, 1.75)",152.42857142857142,266.75,152.42857142857142,19.75,EOD,569,NQZ8,1.225
2018-12-07,2018,B,-1,525,"(1.0, 2.0)",152.42857142857142,304.85714285714283,152.42857142857142,19.75,EOD,569,NQZ8,1.225
2018-12-07,2018,B,-1,525,"(1.2, 1.5)",182.91428571428568,228.6428571428571,152.42857142857142,19.75,EOD,569,NQZ8,1.225
2018-12-07,2018,B,-1,525,"(1.2, 1.75)",182.91428571428568,266.75,152.42857142857142,19.75,EOD,569,NQZ8,1.225
2018-12-07,2018,B,-1,525,"(1.2, 2.0)",182.91428571428568,304.85714285714283,152.42857142857142,19.75,EOD,569,NQZ8,1.225
2018-12-07,2018,B,-1,525,"(0.179, 0.247)",27.284714285714283,37.64985714285714,152.42857142857142,19.75,EOD,569,NQZ8,1.225
2018-12-12,2018,B,-1,470,"(0.8, 1.5)",123.30000000000001,231.1875,154.125,-12.75,EOD,569,NQZ8,1.225
2018-12-12,2018,B,-1,470,"(0.8, 1.75)",123.30000000000001,269.71875,154.125,-12.75,EOD,569,NQZ8,1.225
2018-12-12,2018,B,-1,470,"(0.8, 2.0)",123.30000000000001,308.25,154.125,-12.75,EOD,569,NQZ8,1.225
2018-12-12,2018,B,-1,470,"(1.0, 1.5)",154.125,231.1875,154.125,-12.75,EOD,569,NQZ8,1.225
2018-12-12,2018,B,-1,470,"(1.0, 1.75)",154.125,269.71875,154.125,-12.75,EOD,569,NQZ8,1.225
2018-12-12,2018,B,-1,470,"(1.0, 2.0)",154.125,308.25,154.125,-12.75,EOD,569,NQZ8,1.225
2018-12-12,2018,B,-1,470,"(1.2, 1.5)",184.95,231.1875,154.125,-12.75,EOD,569,NQZ8,1.225
2018-12-12,2018,B,-1,470,"(1.2, 1.75)",184.95,269.71875,154.125,-12.75,EOD,569,NQZ8,1.225
2018-12-12,2018,B,-1,470,"(1.2, 2.0)",184.95,308.25,154.125,-12.75,EOD,569,NQZ8,1.225
2018-12-12,2018,B,-1,470,"(0.179, 0.247)",27.588375,38.068875,154.125,-27.58837500000027,SL,535,NQZ8,1.225
2019-01-03,2019,B,1,425,"(0.8, 1.5)",168.3857142857143,315.7232142857143,210.48214285714286,43.75,EOD,569,NQH9,1.225
2019-01-03,2019,B,1,425,"(0.8, 1.75)",168.3857142857143,368.34375,210.48214285714286,43.75,EOD,569,NQH9,1.225
2019-01-03,2019,B,1,425,"(0.8, 2.0)",168.3857142857143,420.9642857142857,210.48214285714286,43.75,EOD,569,NQH9,1.225
2019-01-03,2019,B,1,425,"(1.0, 1.5)",210.48214285714286,315.7232142857143,210.48214285714286,43.75,EOD,569,NQH9,1.225
2019-01-03,2019,B,1,425,"(1.0, 1.75)",210.48214285714286,368.34375,210.48214285714286,43.75,EOD,569,NQH9,1.225
2019-01-03,2019,B,1,425,"(1.0, 2.0)",210.48214285714286,420.9642857142857,210.48214285714286,43.75,EOD,569,NQH9,1.225
2019-01-03,2019,B,1,425,"(1.2, 1.5)",252.57857142857142,315.7232142857143,210.48214285714286,43.75,EOD,569,NQH9,1.225
2019-01-03,2019,B,1,425,"(1.2, 1.75)",252.57857142857142,368.34375,210.48214285714286,43.75,EOD,569,NQH9,1.225
2019-01-03,2019,B,1,425,"(1.2, 2.0)",252.57857142857142,420.9642857142857,210.48214285714286,43.75,EOD,569,NQH9,1.225
2019-01-03,2019,B,1,425,"(0.179, 0.247)",37.67630357142857,51.989089285714286,210.48214285714286,43.75,EOD,569,NQH9,1.225
2019-01-10,2019,B,1,370,"(0.8, 1.5)",170.2714285714286,319.25892857142856,212.83928571428572,3.0,EOD,569,NQH9,1.225
2019-01-10,2019,B,1,370,"(0.8, 1.75)",170.2714285714286,372.46875,212.83928571428572,3.0,EOD,569,NQH9,1.225
2019-01-10,2019,B,1,370,"(0.8, 2.0)",170.2714285714286,425.67857142857144,212.83928571428572,3.0,EOD,569,NQH9,1.225
2019-01-10,2019,B,1,370,"(1.0, 1.5)",212.83928571428572,319.25892857142856,212.83928571428572,3.0,EOD,569,NQH9,1.225
2019-01-10,2019,B,1,370,"(1.0, 1.75)",212.83928571428572,372.46875,212.83928571428572,3.0,EOD,569,NQH9,1.225
2019-01-10,2019,B,1,370,"(1.0, 2.0)",212.83928571428572,425.67857142857144,212.83928571428572,3.0,EOD,569,NQH9,1.225
2019-01-10,2019,B,1,370,"(1.2, 1.5)",255.40714285714284,319.25892857142856,212.83928571428572,3.0,EOD,569,NQH9,1.225
2019-01-10,2019,B,1,370,"(1.2, 1.75)",255.40714285714284,372.46875,212.83928571428572,3.0,EOD,569,NQH9,1.225
2019-01-10,2019,B,1,370,"(1.2, 2.0)",255.40714285714284,425.67857142857144,212.83928571428572,3.0,EOD,569,NQH9,1.225
2019-01-10,2019,B,1,370,"(0.179, 0.247)",38.09823214285714,52.57130357142857,212.83928571428572,3.0,EOD,569,NQH9,1.225
2019-01-15,2019,B,-1,360,"(0.8, 1.5)",137.54285714285714,257.8928571428571,171.92857142857142,-0.0,EOD,569,NQH9,1.225
2019-01-15,2019,B,-1,360,"(0.8, 1.75)",137.54285714285714,300.875,171.92857142857142,-0.0,EOD,569,NQH9,1.225
2019-01-15,2019,B,-1,360,"(0.8, 2.0)",137.54285714285714,343.85714285714283,171.92857142857142,-0.0,EOD,569,NQH9,1.225
2019-01-15,2019,B,-1,360,"(1.0, 1.5)",171.92857142857142,257.8928571428571,171.92857142857142,-0.0,EOD,569,NQH9,1.225
2019-01-15,2019,B,-1,360,"(1.0, 1.75)",171.92857142857142,300.875,171.92857142857142,-0.0,EOD,569,NQH9,1.225
2019-01-15,2019,B,-1,360,"(1.0, 2.0)",171.92857142857142,343.85714285714283,171.92857142857142,-0.0,EOD,569,NQH9,1.225
2019-01-15,2019,B,-1,360,"(1.2, 1.5)",206.3142857142857,257.8928571428571,171.92857142857142,-0.0,EOD,569,NQH9,1.225
2019-01-15,2019,B,-1,360,"(1.2, 1.75)",206.3142857142857,300.875,171.92857142857142,-0.0,EOD,569,NQH9,1.225
2019-01-15,2019,B,-1,360,"(1.2, 2.0)",206.3142857142857,343.85714285714283,171.92857142857142,-0.0,EOD,569,NQH9,1.225
2019-01-15,2019,B,-1,360,"(0.179, 0.247)",30.77521428571428,42.46635714285714,171.92857142857142,-0.0,EOD,569,NQH9,1.225
2019-01-16,2019,B,-1,505,"(0.8, 1.5)",133.4,250.125,166.75,-1.0,EOD,569,NQH9,1.225
2019-01-16,2019,B,-1,505,"(0.8, 1.75)",133.4,291.8125,166.75,-1.0,EOD,569,NQH9,1.225
2019-01-16,2019,B,-1,505,"(0.8, 2.0)",133.4,333.5,166.75,-1.0,EOD,569,NQH9,1.225
2019-01-16,2019,B,-1,505,"(1.0, 1.5)",166.75,250.125,166.75,-1.0,EOD,569,NQH9,1.225
2019-01-16,2019,B,-1,505,"(1.0, 1.75)",166.75,291.8125,166.75,-1.0,EOD,569,NQH9,1.225
2019-01-16,2019,B,-1,505,"(1.0, 2.0)",166.75,333.5,166.75,-1.0,EOD,569,NQH9,1.225
2019-01-16,2019,B,-1,505,"(1.2, 1.5)",200.1,250.125,166.75,-1.0,EOD,569,NQH9,1.225
2019-01-16,2019,B,-1,505,"(1.2, 1.75)",200.1,291.8125,166.75,-1.0,EOD,569,NQH9,1.225
2019-01-16,2019,B,-1,505,"(1.2, 2.0)",200.1,333.5,166.75,-1.0,EOD,569,NQH9,1.225
2019-01-16,2019,B,-1,505,"(0.179, 0.247)",29.84825,41.18725,166.75,-1.0,EOD,569,NQH9,1.225
2019-01-22,2019,B,1,545,"(0.8, 1.5)",101.5,190.3125,126.875,1.75,EOD,569,NQH9,1.225
2019-01-22,2019,B,1,545,"(0.8, 1.75)",101.5,222.03125,126.875,1.75,EOD,569,NQH9,1.225
2019-01-22,2019,B,1,545,"(0.8, 2.0)",101.5,253.75,126.875,1.75,EOD,569,NQH9,1.225
2019-01-22,2019,B,1,545,"(1.0, 1.5)",126.875,190.3125,126.875,1.75,EOD,569,NQH9,1.225
2019-01-22,2019,B,1,545,"(1.0, 1.75)",126.875,222.03125,126.875,1.75,EOD,569,NQH9,1.225
2019-01-22,2019,B,1,545,"(1.0, 2.0)",126.875,253.75,126.875,1.75,EOD,569,NQH9,1.225
2019-01-22,2019,B,1,545,"(1.2, 1.5)",152.25,190.3125,126.875,1.75,EOD,569,NQH9,1.225
2019-01-22,2019,B,1,545,"(1.2, 1.75)",152.25,222.03125,126.875,1.75,EOD,569,NQH9,1.225
2019-01-22,2019,B,1,545,"(1.2, 2.0)",152.25,253.75,126.875,1.75,EOD,569,NQH9,1.225
2019-01-22,2019,B,1,545,"(0.179, 0.247)",22.710625,31.338124999999998,126.875,1.75,EOD,569,NQH9,1.225
2019-02-05,2019,B,-1,445,"(0.8, 1.5)",85.14285714285715,159.64285714285714,106.42857142857143,-12.25,EOD,569,NQH9,1.225
2019-02-05,2019,B,-1,445,"(0.8, 1.75)",85.14285714285715,186.25,106.42857142857143,-12.25,EOD,569,NQH9,1.225
2019-02-05,2019,B,-1,445,"(0.8, 2.0)",85.14285714285715,212.85714285714286,106.42857142857143,-12.25,EOD,569,NQH9,1.225
2019-02-05,2019,B,-1,445,"(1.0, 1.5)",106.42857142857143,159.64285714285714,106.42857142857143,-12.25,EOD,569,NQH9,1.225
2019-02-05,2019,B,-1,445,"(1.0, 1.75)",106.42857142857143,186.25,106.42857142857143,-12.25,EOD,569,NQH9,1.225
2019-02-05,2019,B,-1,445,"(1.0, 2.0)",106.42857142857143,212.85714285714286,106.42857142857143,-12.25,EOD,569,NQH9,1.225
2019-02-05,2019,B,-1,445,"(1.2, 1.5)",127.71428571428571,159.64285714285714,106.42857142857143,-12.25,EOD,569,NQH9,1.225
2019-02-05,2019,B,-1,445,"(1.2, 1.75)",127.71428571428571,186.25,106.42857142857143,-12.25,EOD,569,NQH9,1.225
2019-02-05,2019,B,-1,445,"(1.2, 2.0)",127.71428571428571,212.85714285714286,106.42857142857143,-12.25,EOD,569,NQH9,1.225
2019-02-05,2019,B,-1,445,"(0.179, 0.247)",19.050714285714285,26.287857142857142,106.42857142857143,-12.25,EOD,569,NQH9,1.225
2019-02-12,2019,B,-1,555,"(0.8, 1.5)",82.41428571428571,154.52678571428572,103.01785714285714,-0.25,EOD,569,NQH9,1.225
2019-02-12,2019,B,-1,555,"(0.8, 1.75)",82.41428571428571,180.28125,103.01785714285714,-0.25,EOD,569,NQH9,1.225
2019-02-12,2019,B,-1,555,"(0.8, 2.0)",82.41428571428571,206.03571428571428,103.01785714285714,-0.25,EOD,569,NQH9,1.225
2019-02-12,2019,B,-1,555,"(1.0, 1.5)",103.01785714285714,154.52678571428572,103.01785714285714,-0.25,EOD,569,NQH9,1.225
2019-02-12,2019,B,-1,555,"(1.0, 1.75)",103.01785714285714,180.28125,103.01785714285714,-0.25,EOD,569,NQH9,1.225
2019-02-12,2019,B,-1,555,"(1.0, 2.0)",103.01785714285714,206.03571428571428,103.01785714285714,-0.25,EOD,569,NQH9,1.225
2019-02-12,2019,B,-1,555,"(1.2, 1.5)",123.62142857142857,154.52678571428572,103.01785714285714,-0.25,EOD,569,NQH9,1.225
2019-02-12,2019,B,-1,555,"(1.2, 1.75)",123.62142857142857,180.28125,103.01785714285714,-0.25,EOD,569,NQH9,1.225
2019-02-12,2019,B,-1,555,"(1.2, 2.0)",123.62142857142857,206.03571428571428,103.01785714285714,-0.25,EOD,569,NQH9,1.225
2019-02-12,2019,B,-1,555,"(0.179, 0.247)",18.440196428571426,25.445410714285714,103.01785714285714,-0.25,EOD,569,NQH9,1.225
2019-02-22,2019,B,-1,365,"(0.8, 1.5)",60.114285714285714,112.71428571428571,75.14285714285714,11.75,EOD,569,NQH9,1.225
2019-02-22,2019,B,-1,365,"(0.8, 1.75)",60.114285714285714,131.5,75.14285714285714,11.75,EOD,569,NQH9,1.225
2019-02-22,2019,B,-1,365,"(0.8, 2.0)",60.114285714285714,150.28571428571428,75.14285714285714,11.75,EOD,569,NQH9,1.225
2019-02-22,2019,B,-1,365,"(1.0, 1.5)",75.14285714285714,112.71428571428571,75.14285714285714,11.75,EOD,569,NQH9,1.225
2019-02-22,2019,B,-1,365,"(1.0, 1.75)",75.14285714285714,131.5,75.14285714285714,11.75,EOD,569,NQH9,1.225
2019-02-22,2019,B,-1,365,"(1.0, 2.0)",75.14285714285714,150.28571428571428,75.14285714285714,11.75,EOD,569,NQH9,1.225
2019-02-22,2019,B,-1,365,"(1.2, 1.5)",90.17142857142856,112.71428571428571,75.14285714285714,11.75,EOD,569,NQH9,1.225
2019-02-22,2019,B,-1,365,"(1.2, 1.75)",90.17142857142856,131.5,75.14285714285714,11.75,EOD,569,NQH9,1.225
2019-02-22,2019,B,-1,365,"(1.2, 2.0)",90.17142857142856,150.28571428571428,75.14285714285714,11.75,EOD,569,NQH9,1.225
2019-02-22,2019,B,-1,365,"(0.179, 0.247)",13.450571428571427,18.560285714285712,75.14285714285714,11.75,EOD,569,NQH9,1.225
2019-03-07,2019,B,1,545,"(0.8, 1.5)",52.485714285714295,98.41071428571429,65.60714285714286,-11.5,EOD,569,NQH9,1.225
2019-03-07,2019,B,1,545,"(0.8, 1.75)",52.485714285714295,114.8125,65.60714285714286,-11.5,EOD,569,NQH9,1.225
2019-03-07,2019,B,1,545,"(0.8, 2.0)",52.485714285714295,131.21428571428572,65.60714285714286,-11.5,EOD,569,NQH9,1.225
2019-03-07,2019,B,1,545,"(1.0, 1.5)",65.60714285714286,98.41071428571429,65.60714285714286,-11.5,EOD,569,NQH9,1.225
2019-03-07,2019,B,1,545,"(1.0, 1.75)",65.60714285714286,114.8125,65.60714285714286,-11.5,EOD,569,NQH9,1.225
2019-03-07,2019,B,1,545,"(1.0, 2.0)",65.60714285714286,131.21428571428572,65.60714285714286,-11.5,EOD,569,NQH9,1.225
2019-03-07,2019,B,1,545,"(1.2, 1.5)",78.72857142857143,98.41071428571429,65.60714285714286,-11.5,EOD,569,NQH9,1.225
2019-03-07,2019,B,1,545,"(1.2, 1.75)",78.72857142857143,114.8125,65.60714285714286,-11.5,EOD,569,NQH9,1.225
2019-03-07,2019,B,1,545,"(1.2, 2.0)",78.72857142857143,131.21428571428572,65.60714285714286,-11.5,EOD,569,NQH9,1.225
2019-03-07,2019,B,1,545,"(0.179, 0.247)",11.743678571428571,16.204964285714286,65.60714285714286,-11.743678571428973,SL,562,NQH9,1.225
2019-03-12,2019,B,-1,430,"(0.8, 1.5)",64.74285714285715,121.39285714285714,80.92857142857143,-16.75,EOD,569,NQM9,1.225
2019-03-12,2019,B,-1,430,"(0.8, 1.75)",64.74285714285715,141.625,80.92857142857143,-16.75,EOD,569,NQM9,1.225
2019-03-12,2019,B,-1,430,"(0.8, 2.0)",64.74285714285715,161.85714285714286,80.92857142857143,-16.75,EOD,569,NQM9,1.225
2019-03-12,2019,B,-1,430,"(1.0, 1.5)",80.92857142857143,121.39285714285714,80.92857142857143,-16.75,EOD,569,NQM9,1.225
2019-03-12,2019,B,-1,430,"(1.0, 1.75)",80.92857142857143,141.625,80.92857142857143,-16.75,EOD,569,NQM9,1.225
2019-03-12,2019,B,-1,430,"(1.0, 2.0)",80.92857142857143,161.85714285714286,80.92857142857143,-16.75,EOD,569,NQM9,1.225
2019-03-12,2019,B,-1,430,"(1.2, 1.5)",97.11428571428571,121.39285714285714,80.92857142857143,-16.75,EOD,569,NQM9,1.225
2019-03-12,2019,B,-1,430,"(1.2, 1.75)",97.11428571428571,141.625,80.92857142857143,-16.75,EOD,569,NQM9,1.225
2019-03-12,2019,B,-1,430,"(1.2, 2.0)",97.11428571428571,161.85714285714286,80.92857142857143,-16.75,EOD,569,NQM9,1.225
2019-03-12,2019,B,-1,430,"(0.179, 0.247)",14.486214285714285,19.989357142857145,80.92857142857143,-14.486214285714595,SL,510,NQM9,1.225
2019-03-25,2019,B,1,540,"(0.8, 1.5)",74.42857142857143,139.55357142857144,93.03571428571429,-22.5,EOD,569,NQM9,1.225
2019-03-25,2019,B,1,540,"(0.8, 1.75)",74.42857142857143,162.8125,93.03571428571429,-22.5,EOD,569,NQM9,1.225
2019-03-25,2019,B,1,540,"(0.8, 2.0)",74.42857142857143,186.07142857142858,93.03571428571429,-22.5,EOD,569,NQM9,1.225
2019-03-25,2019,B,1,540,"(1.0, 1.5)",93.03571428571429,139.55357142857144,93.03571428571429,-22.5,EOD,569,NQM9,1.225
2019-03-25,2019,B,1,540,"(1.0, 1.75)",93.03571428571429,162.8125,93.03571428571429,-22.5,EOD,569,NQM9,1.225
2019-03-25,2019,B,1,540,"(1.0, 2.0)",93.03571428571429,186.07142857142858,93.03571428571429,-22.5,EOD,569,NQM9,1.225
2019-03-25,2019,B,1,540,"(1.2, 1.5)",111.64285714285715,139.55357142857144,93.03571428571429,-22.5,EOD,569,NQM9,1.225
2019-03-25,2019,B,1,540,"(1.2, 1.75)",111.64285714285715,162.8125,93.03571428571429,-22.5,EOD,569,NQM9,1.225
2019-03-25,2019,B,1,540,"(1.2, 2.0)",111.64285714285715,186.07142857142858,93.03571428571429,-22.5,EOD,569,NQM9,1.225
2019-03-25,2019,B,1,540,"(0.179, 0.247)",16.653392857142858,22.97982142857143,93.03571428571429,-16.653392857142535,SL,561,NQM9,1.225
2019-04-02,2019,B,-1,515,"(0.8, 1.5)",75.35714285714286,141.29464285714286,94.19642857142857,-0.0,EOD,569,NQM9,1.225
2019-04-02,2019,B,-1,515,"(0.8, 1.75)",75.35714285714286,164.84375,94.19642857142857,-0.0,EOD,569,NQM9,1.225
2019-04-02,2019,B,-1,515,"(0.8, 2.0)",75.35714285714286,188.39285714285714,94.19642857142857,-0.0,EOD,569,NQM9,1.225
2019-04-02,2019,B,-1,515,"(1.0, 1.5)",94.19642857142857,141.29464285714286,94.19642857142857,-0.0,EOD,569,NQM9,1.225
2019-04-02,2019,B,-1,515,"(1.0, 1.75)",94.19642857142857,164.84375,94.19642857142857,-0.0,EOD,569,NQM9,1.225
2019-04-02,2019,B,-1,515,"(1.0, 2.0)",94.19642857142857,188.39285714285714,94.19642857142857,-0.0,EOD,569,NQM9,1.225
2019-04-02,2019,B,-1,515,"(1.2, 1.5)",113.03571428571428,141.29464285714286,94.19642857142857,-0.0,EOD,569,NQM9,1.225
2019-04-02,2019,B,-1,515,"(1.2, 1.75)",113.03571428571428,164.84375,94.19642857142857,-0.0,EOD,569,NQM9,1.225
2019-04-02,2019,B,-1,515,"(1.2, 2.0)",113.03571428571428,188.39285714285714,94.19642857142857,-0.0,EOD,569,NQM9,1.225
2019-04-02,2019,B,-1,515,"(0.179, 0.247)",16.861160714285713,23.266517857142855,94.19642857142857,-0.0,EOD,569,NQM9,1.225
2019-04-05,2019,B,-1,520,"(0.8, 1.5)",75.54285714285714,141.64285714285714,94.42857142857143,7.75,EOD,569,NQM9,1.225
2019-04-05,2019,B,-1,520,"(0.8, 1.75)",75.54285714285714,165.25,94.42857142857143,7.75,EOD,569,NQM9,1.225
2019-04-05,2019,B,-1,520,"(0.8, 2.0)",75.54285714285714,188.85714285714286,94.42857142857143,7.75,EOD,569,NQM9,1.225
2019-04-05,2019,B,-1,520,"(1.0, 1.5)",94.42857142857143,141.64285714285714,94.42857142857143,7.75,EOD,569,NQM9,1.225
2019-04-05,2019,B,-1,520,"(1.0, 1.75)",94.42857142857143,165.25,94.42857142857143,7.75,EOD,569,NQM9,1.225
2019-04-05,2019,B,-1,520,"(1.0, 2.0)",94.42857142857143,188.85714285714286,94.42857142857143,7.75,EOD,569,NQM9,1.225
2019-04-05,2019,B,-1,520,"(1.2, 1.5)",113.31428571428572,141.64285714285714,94.42857142857143,7.75,EOD,569,NQM9,1.225
2019-04-05,2019,B,-1,520,"(1.2, 1.75)",113.31428571428572,165.25,94.42857142857143,7.75,EOD,569,NQM9,1.225
2019-04-05,2019,B,-1,520,"(1.2, 2.0)",113.31428571428572,188.85714285714286,94.42857142857143,7.75,EOD,569,NQM9,1.225
2019-04-05,2019,B,-1,520,"(0.179, 0.247)",16.902714285714286,23.323857142857143,94.42857142857143,7.75,EOD,569,NQM9,1.225
2019-04-12,2019,B,-1,315,"(0.8, 1.5)",57.58571428571429,107.97321428571429,71.98214285714286,-1.5,EOD,569,NQM9,1.225
2019-04-12,2019,B,-1,315,"(0.8, 1.75)",57.58571428571429,125.96875,71.98214285714286,-1.5,EOD,569,NQM9,1.225
2019-04-12,2019,B,-1,315,"(0.8, 2.0)",57.58571428571429,143.96428571428572,71.98214285714286,-1.5,EOD,569,NQM9,1.225
2019-04-12,2019,B,-1,315,"(1.0, 1.5)",71.98214285714286,107.97321428571429,71.98214285714286,-1.5,EOD,569,NQM9,1.225
2019-04-12,2019,B,-1,315,"(1.0, 1.75)",71.98214285714286,125.96875,71.98214285714286,-1.5,EOD,569,NQM9,1.225
2019-04-12,2019,B,-1,315,"(1.0, 2.0)",71.98214285714286,143.96428571428572,71.98214285714286,-1.5,EOD,569,NQM9,1.225
2019-04-12,2019,B,-1,315,"(1.2, 1.5)",86.37857142857143,107.97321428571429,71.98214285714286,-1.5,EOD,569,NQM9,1.225
2019-04-12,2019,B,-1,315,"(1.2, 1.75)",86.37857142857143,125.96875,71.98214285714286,-1.5,EOD,569,NQM9,1.225
2019-04-12,2019,B,-1,315,"(1.2, 2.0)",86.37857142857143,143.96428571428572,71.98214285714286,-1.5,EOD,569,NQM9,1.225
2019-04-12,2019,B,-1,315,"(0.179, 0.247)",12.884803571428572,17.779589285714287,71.98214285714286,-12.884803571428165,SL,494,NQM9,1.225
2019-04-15,2019,B,-1,560,"(0.8, 1.5)",55.2,103.5,69.0,3.5,EOD,569,NQM9,1.225
2019-04-15,2019,B,-1,560,"(0.8, 1.75)",55.2,120.75,69.0,3.5,EOD,569,NQM9,1.225
2019-04-15,2019,B,-1,560,"(0.8, 2.0)",55.2,138.0,69.0,3.5,EOD,569,NQM9,1.225
2019-04-15,2019,B,-1,560,"(1.0, 1.5)",69.0,103.5,69.0,3.5,EOD,569,NQM9,1.225
2019-04-15,2019,B,-1,560,"(1.0, 1.75)",69.0,120.75,69.0,3.5,EOD,569,NQM9,1.225
2019-04-15,2019,B,-1,560,"(1.0, 2.0)",69.0,138.0,69.0,3.5,EOD,569,NQM9,1.225
2019-04-15,2019,B,-1,560,"(1.2, 1.5)",82.8,103.5,69.0,3.5,EOD,569,NQM9,1.225
2019-04-15,2019,B,-1,560,"(1.2, 1.75)",82.8,120.75,69.0,3.5,EOD,569,NQM9,1.225
2019-04-15,2019,B,-1,560,"(1.2, 2.0)",82.8,138.0,69.0,3.5,EOD,569,NQM9,1.225
2019-04-15,2019,B,-1,560,"(0.179, 0.247)",12.350999999999999,17.043,69.0,3.5,EOD,569,NQM9,1.225
2019-04-24,2019,B,-1,365,"(0.8, 1.5)",47.41428571428572,88.90178571428572,59.267857142857146,3.5,EOD,569,NQM9,1.225
2019-04-24,2019,B,-1,365,"(0.8, 1.75)",47.41428571428572,103.71875,59.267857142857146,3.5,EOD,569,NQM9,1.225
2019-04-24,2019,B,-1,365,"(0.8, 2.0)",47.41428571428572,118.53571428571429,59.267857142857146,3.5,EOD,569,NQM9,1.225
2019-04-24,2019,B,-1,365,"(1.0, 1.5)",59.267857142857146,88.90178571428572,59.267857142857146,3.5,EOD,569,NQM9,1.225
2019-04-24,2019,B,-1,365,"(1.0, 1.75)",59.267857142857146,103.71875,59.267857142857146,3.5,EOD,569,NQM9,1.225
2019-04-24,2019,B,-1,365,"(1.0, 2.0)",59.267857142857146,118.53571428571429,59.267857142857146,3.5,EOD,569,NQM9,1.225
2019-04-24,2019,B,-1,365,"(1.2, 1.5)",71.12142857142857,88.90178571428572,59.267857142857146,3.5,EOD,569,NQM9,1.225
2019-04-24,2019,B,-1,365,"(1.2, 1.75)",71.12142857142857,103.71875,59.267857142857146,3.5,EOD,569,NQM9,1.225
2019-04-24,2019,B,-1,365,"(1.2, 2.0)",71.12142857142857,118.53571428571429,59.267857142857146,3.5,EOD,569,NQM9,1.225
2019-04-24,2019,B,-1,365,"(0.179, 0.247)",10.608946428571429,14.639160714285715,59.267857142857146,3.5,EOD,569,NQM9,1.225
2019-04-29,2019,B,-1,565,"(0.8, 1.5)",47.07142857142858,88.25892857142857,58.839285714285715,3.0,EOD,569,NQM9,1.225
2019-04-29,2019,B,-1,565,"(0.8, 1.75)",47.07142857142858,102.96875,58.839285714285715,3.0,EOD,569,NQM9,1.225
2019-04-29,2019,B,-1,565,"(0.8, 2.0)",47.07142857142858,117.67857142857143,58.839285714285715,3.0,EOD,569,NQM9,1.225
2019-04-29,2019,B,-1,565,"(1.0, 1.5)",58.839285714285715,88.25892857142857,58.839285714285715,3.0,EOD,569,NQM9,1.225
2019-04-29,2019,B,-1,565,"(1.0, 1.75)",58.839285714285715,102.96875,58.839285714285715,3.0,EOD,569,NQM9,1.225
2019-04-29,2019,B,-1,565,"(1.0, 2.0)",58.839285714285715,117.67857142857143,58.839285714285715,3.0,EOD,569,NQM9,1.225
2019-04-29,2019,B,-1,565,"(1.2, 1.5)",70.60714285714286,88.25892857142857,58.839285714285715,3.0,EOD,569,NQM9,1.225
2019-04-29,2019,B,-1,565,"(1.2, 1.75)",70.60714285714286,102.96875,58.839285714285715,3.0,EOD,569,NQM9,1.225
2019-04-29,2019,B,-1,565,"(1.2, 2.0)",70.60714285714286,117.67857142857143,58.839285714285715,3.0,EOD,569,NQM9,1.225
2019-04-29,2019,B,-1,565,"(0.179, 0.247)",10.532232142857142,14.533303571428572,58.839285714285715,3.0,EOD,569,NQM9,1.225
2019-05-02,2019,B,1,530,"(0.8, 1.5)",52.985714285714295,99.34821428571429,66.23214285714286,0.75,EOD,569,NQM9,1.225
2019-05-02,2019,B,1,530,"(0.8, 1.75)",52.985714285714295,115.90625,66.23214285714286,0.75,EOD,569,NQM9,1.225
2019-05-02,2019,B,1,530,"(0.8, 2.0)",52.985714285714295,132.46428571428572,66.23214285714286,0.75,EOD,569,NQM9,1.225
2019-05-02,2019,B,1,530,"(1.0, 1.5)",66.23214285714286,99.34821428571429,66.23214285714286,0.75,EOD,569,NQM9,1.225
2019-05-02,2019,B,1,530,"(1.0, 1.75)",66.23214285714286,115.90625,66.23214285714286,0.75,EOD,569,NQM9,1.225
2019-05-02,2019,B,1,530,"(1.0, 2.0)",66.23214285714286,132.46428571428572,66.23214285714286,0.75,EOD,569,NQM9,1.225
2019-05-02,2019,B,1,530,"(1.2, 1.5)",79.47857142857143,99.34821428571429,66.23214285714286,0.75,EOD,569,NQM9,1.225
2019-05-02,2019,B,1,530,"(1.2, 1.75)",79.47857142857143,115.90625,66.23214285714286,0.75,EOD,569,NQM9,1.225
2019-05-02,2019,B,1,530,"(1.2, 2.0)",79.47857142857143,132.46428571428572,66.23214285714286,0.75,EOD,569,NQM9,1.225
2019-05-02,2019,B,1,530,"(0.179, 0.247)",11.855553571428572,16.359339285714288,66.23214285714286,0.75,EOD,569,NQM9,1.225
2019-05-13,2019,B,1,490,"(0.8, 1.5)",95.37142857142857,178.82142857142856,119.21428571428571,-34.25,EOD,569,NQM9,1.225
2019-05-13,2019,B,1,490,"(0.8, 1.75)",95.37142857142857,208.625,119.21428571428571,-34.25,EOD,569,NQM9,1.225
2019-05-13,2019,B,1,490,"(0.8, 2.0)",95.37142857142857,238.42857142857142,119.21428571428571,-34.25,EOD,569,NQM9,1.225
2019-05-13,2019,B,1,490,"(1.0, 1.5)",119.21428571428571,178.82142857142856,119.21428571428571,-34.25,EOD,569,NQM9,1.225
2019-05-13,2019,B,1,490,"(1.0, 1.75)",119.21428571428571,208.625,119.21428571428571,-34.25,EOD,569,NQM9,1.225
2019-05-13,2019,B,1,490,"(1.0, 2.0)",119.21428571428571,238.42857142857142,119.21428571428571,-34.25,EOD,569,NQM9,1.225
2019-05-13,2019,B,1,490,"(1.2, 1.5)",143.05714285714285,178.82142857142856,119.21428571428571,-34.25,EOD,569,NQM9,1.225
2019-05-13,2019,B,1,490,"(1.2, 1.75)",143.05714285714285,208.625,119.21428571428571,-34.25,EOD,569,NQM9,1.225
2019-05-13,2019,B,1,490,"(1.2, 2.0)",143.05714285714285,238.42857142857142,119.21428571428571,-34.25,EOD,569,NQM9,1.225
2019-05-13,2019,B,1,490,"(0.179, 0.247)",21.33935714285714,29.44592857142857,119.21428571428571,-21.339357142856898,SL,497,NQM9,1.225
2019-05-16,2019,B,-1,500,"(0.8, 1.5)",116.24285714285713,217.9553571428571,145.30357142857142,15.25,EOD,569,NQM9,1.225
2019-05-16,2019,B,-1,500,"(0.8, 1.75)",116.24285714285713,254.28124999999997,145.30357142857142,15.25,EOD,569,NQM9,1.225
2019-05-16,2019,B,-1,500,"(0.8, 2.0)",116.24285714285713,290.60714285714283,145.30357142857142,15.25,EOD,569,NQM9,1.225
2019-05-16,2019,B,-1,500,"(1.0, 1.5)",145.30357142857142,217.9553571428571,145.30357142857142,15.25,EOD,569,NQM9,1.225
2019-05-16,2019,B,-1,500,"(1.0, 1.75)",145.30357142857142,254.28124999999997,145.30357142857142,15.25,EOD,569,NQM9,1.225
2019-05-16,2019,B,-1,500,"(1.0, 2.0)",145.30357142857142,290.60714285714283,145.30357142857142,15.25,EOD,569,NQM9,1.225
2019-05-16,2019,B,-1,500,"(1.2, 1.5)",174.3642857142857,217.9553571428571,145.30357142857142,15.25,EOD,569,NQM9,1.225
2019-05-16,2019,B,-1,500,"(1.2, 1.75)",174.3642857142857,254.28124999999997,145.30357142857142,15.25,EOD,569,NQM9,1.225
2019-05-16,2019,B,-1,500,"(1.2, 2.0)",174.3642857142857,290.60714285714283,145.30357142857142,15.25,EOD,569,NQM9,1.225
2019-05-16,2019,B,-1,500,"(0.179, 0.247)",26.009339285714283,35.88998214285714,145.30357142857142,15.25,EOD,569,NQM9,1.225
2019-05-21,2019,B,-1,325,"(0.8, 1.5)",124.87142857142858,234.13392857142858,156.08928571428572,-15.0,EOD,569,NQM9,1.225
2019-05-21,2019,B,-1,325,"(0.8, 1.75)",124.87142857142858,273.15625,156.08928571428572,-15.0,EOD,569,NQM9,1.225
2019-05-21,2019,B,-1,325,"(0.8, 2.0)",124.87142857142858,312.17857142857144,156.08928571428572,-15.0,EOD,569,NQM9,1.225
2019-05-21,2019,B,-1,325,"(1.0, 1.5)",156.08928571428572,234.13392857142858,156.08928571428572,-15.0,EOD,569,NQM9,1.225
2019-05-21,2019,B,-1,325,"(1.0, 1.75)",156.08928571428572,273.15625,156.08928571428572,-15.0,EOD,569,NQM9,1.225
2019-05-21,2019,B,-1,325,"(1.0, 2.0)",156.08928571428572,312.17857142857144,156.08928571428572,-15.0,EOD,569,NQM9,1.225
2019-05-21,2019,B,-1,325,"(1.2, 1.5)",187.30714285714285,234.13392857142858,156.08928571428572,-15.0,EOD,569,NQM9,1.225
2019-05-21,2019,B,-1,325,"(1.2, 1.75)",187.30714285714285,273.15625,156.08928571428572,-15.0,EOD,569,NQM9,1.225
2019-05-21,2019,B,-1,325,"(1.2, 2.0)",187.30714285714285,312.17857142857144,156.08928571428572,-15.0,EOD,569,NQM9,1.225
2019-05-21,2019,B,-1,325,"(0.179, 0.247)",27.939982142857144,38.554053571428575,156.08928571428572,-27.939982142856934,SL,399,NQM9,1.225
2019-05-22,2019,B,1,460,"(0.8, 1.5)",124.44285714285714,233.3303571428571,155.55357142857142,-5.75,EOD,569,NQM9,1.225
2019-05-22,2019,B,1,460,"(0.8, 1.75)",124.44285714285714,272.21875,155.55357142857142,-5.75,EOD,569,NQM9,1.225
2019-05-22,2019,B,1,460,"(0.8, 2.0)",124.44285714285714,311.10714285714283,155.55357142857142,-5.75,EOD,569,NQM9,1.225
2019-05-22,2019,B,1,460,"(1.0, 1.5)",155.55357142857142,233.3303571428571,155.55357142857142,-5.75,EOD,569,NQM9,1.225
2019-05-22,2019,B,1,460,"(1.0, 1.75)",155.55357142857142,272.21875,155.55357142857142,-5.75,EOD,569,NQM9,1.225
2019-05-22,2019,B,1,460,"(1.0, 2.0)",155.55357142857142,311.10714285714283,155.55357142857142,-5.75,EOD,569,NQM9,1.225
2019-05-22,2019,B,1,460,"(1.2, 1.5)",186.66428571428568,233.3303571428571,155.55357142857142,-5.75,EOD,569,NQM9,1.225
2019-05-22,2019,B,1,460,"(1.2, 1.75)",186.66428571428568,272.21875,155.55357142857142,-5.75,EOD,569,NQM9,1.225
2019-05-22,2019,B,1,460,"(1.2, 2.0)",186.66428571428568,311.10714285714283,155.55357142857142,-5.75,EOD,569,NQM9,1.225
2019-05-22,2019,B,1,460,"(0.179, 0.247)",27.844089285714283,38.42173214285714,155.55357142857142,-27.84408928571429,SL,506,NQM9,1.225
2019-06-28,2019,B,-1,365,"(0.8, 1.5)",71.4857142857143,134.03571428571428,89.35714285714286,-2.25,EOD,569,NQU9,1.225
2019-06-28,2019,B,-1,365,"(0.8, 1.75)",71.4857142857143,156.375,89.35714285714286,-2.25,EOD,569,NQU9,1.225
2019-06-28,2019,B,-1,365,"(0.8, 2.0)",71.4857142857143,178.71428571428572,89.35714285714286,-2.25,EOD,569,NQU9,1.225
2019-06-28,2019,B,-1,365,"(1.0, 1.5)",89.35714285714286,134.03571428571428,89.35714285714286,-2.25,EOD,569,NQU9,1.225
2019-06-28,2019,B,-1,365,"(1.0, 1.75)",89.35714285714286,156.375,89.35714285714286,-2.25,EOD,569,NQU9,1.225
2019-06-28,2019,B,-1,365,"(1.0, 2.0)",89.35714285714286,178.71428571428572,89.35714285714286,-2.25,EOD,569,NQU9,1.225
2019-06-28,2019,B,-1,365,"(1.2, 1.5)",107.22857142857143,134.03571428571428,89.35714285714286,-2.25,EOD,569,NQU9,1.225
2019-06-28,2019,B,-1,365,"(1.2, 1.75)",107.22857142857143,156.375,89.35714285714286,-2.25,EOD,569,NQU9,1.225
2019-06-28,2019,B,-1,365,"(1.2, 2.0)",107.22857142857143,178.71428571428572,89.35714285714286,-2.25,EOD,569,NQU9,1.225
2019-06-28,2019,B,-1,365,"(0.179, 0.247)",15.994928571428572,22.071214285714287,89.35714285714286,-2.25,EOD,569,NQU9,1.225
2019-07-11,2019,B,-1,495,"(0.8, 1.5)",63.65714285714286,119.35714285714286,79.57142857142857,7.5,EOD,569,NQU9,1.225
2019-07-11,2019,B,-1,495,"(0.8, 1.75)",63.65714285714286,139.25,79.57142857142857,7.5,EOD,569,NQU9,1.225
2019-07-11,2019,B,-1,495,"(0.8, 2.0)",63.65714285714286,159.14285714285714,79.57142857142857,7.5,EOD,569,NQU9,1.225
2019-07-11,2019,B,-1,495,"(1.0, 1.5)",79.57142857142857,119.35714285714286,79.57142857142857,7.5,EOD,569,NQU9,1.225
2019-07-11,2019,B,-1,495,"(1.0, 1.75)",79.57142857142857,139.25,79.57142857142857,7.5,EOD,569,NQU9,1.225
2019-07-11,2019,B,-1,495,"(1.0, 2.0)",79.57142857142857,159.14285714285714,79.57142857142857,7.5,EOD,569,NQU9,1.225
2019-07-11,2019,B,-1,495,"(1.2, 1.5)",95.48571428571428,119.35714285714286,79.57142857142857,7.5,EOD,569,NQU9,1.225
2019-07-11,2019,B,-1,495,"(1.2, 1.75)",95.48571428571428,139.25,79.57142857142857,7.5,EOD,569,NQU9,1.225
2019-07-11,2019,B,-1,495,"(1.2, 2.0)",95.48571428571428,159.14285714285714,79.57142857142857,7.5,EOD,569,NQU9,1.225
2019-07-11,2019,B,-1,495,"(0.179, 0.247)",14.243285714285713,19.654142857142855,79.57142857142857,7.5,EOD,569,NQU9,1.225
2019-07-25,2019,B,-1,475,"(0.8, 1.5)",62.52857142857144,117.24107142857144,78.16071428571429,28.5,EOD,569,NQU9,1.225
2019-07-25,2019,B,-1,475,"(0.8, 1.75)",62.52857142857144,136.78125,78.16071428571429,28.5,EOD,569,NQU9,1.225
2019-07-25,2019,B,-1,475,"(0.8, 2.0)",62.52857142857144,156.32142857142858,78.16071428571429,28.5,EOD,569,NQU9,1.225
2019-07-25,2019,B,-1,475,"(1.0, 1.5)",78.16071428571429,117.24107142857144,78.16071428571429,28.5,EOD,569,NQU9,1.225
2019-07-25,2019,B,-1,475,"(1.0, 1.75)",78.16071428571429,136.78125,78.16071428571429,28.5,EOD,569,NQU9,1.225
2019-07-25,2019,B,-1,475,"(1.0, 2.0)",78.16071428571429,156.32142857142858,78.16071428571429,28.5,EOD,569,NQU9,1.225
2019-07-25,2019,B,-1,475,"(1.2, 1.5)",93.79285714285714,117.24107142857144,78.16071428571429,28.5,EOD,569,NQU9,1.225
2019-07-25,2019,B,-1,475,"(1.2, 1.75)",93.79285714285714,136.78125,78.16071428571429,28.5,EOD,569,NQU9,1.225
2019-07-25,2019,B,-1,475,"(1.2, 2.0)",93.79285714285714,156.32142857142858,78.16071428571429,28.5,EOD,569,NQU9,1.225
2019-07-25,2019,B,-1,475,"(0.179, 0.247)",13.990767857142858,19.30569642857143,78.16071428571429,19.305696428571537,TP,543,NQU9,1.225
2019-07-26,2019,B,-1,515,"(0.8, 1.5)",61.88571428571429,116.03571428571429,77.35714285714286,-2.0,EOD,569,NQU9,1.225
2019-07-26,2019,B,-1,515,"(0.8, 1.75)",61.88571428571429,135.375,77.35714285714286,-2.0,EOD,569,NQU9,1.225
2019-07-26,2019,B,-1,515,"(0.8, 2.0)",61.88571428571429,154.71428571428572,77.35714285714286,-2.0,EOD,569,NQU9,1.225
2019-07-26,2019,B,-1,515,"(1.0, 1.5)",77.35714285714286,116.03571428571429,77.35714285714286,-2.0,EOD,569,NQU9,1.225
2019-07-26,2019,B,-1,515,"(1.0, 1.75)",77.35714285714286,135.375,77.35714285714286,-2.0,EOD,569,NQU9,1.225
2019-07-26,2019,B,-1,515,"(1.0, 2.0)",77.35714285714286,154.71428571428572,77.35714285714286,-2.0,EOD,569,NQU9,1.225
2019-07-26,2019,B,-1,515,"(1.2, 1.5)",92.82857142857144,116.03571428571429,77.35714285714286,-2.0,EOD,569,NQU9,1.225
2019-07-26,2019,B,-1,515,"(1.2, 1.75)",92.82857142857144,135.375,77.35714285714286,-2.0,EOD,569,NQU9,1.225
2019-07-26,2019,B,-1,515,"(1.2, 2.0)",92.82857142857144,154.71428571428572,77.35714285714286,-2.0,EOD,569,NQU9,1.225
2019-07-26,2019,B,-1,515,"(0.179, 0.247)",13.846928571428572,19.107214285714285,77.35714285714286,-2.0,EOD,569,NQU9,1.225
2019-08-07,2019,B,-1,430,"(0.8, 1.5)",106.12857142857143,198.99107142857142,132.66071428571428,101.25,EOD,569,NQU9,1.225
2019-08-07,2019,B,-1,430,"(0.8, 1.75)",106.12857142857143,232.15625,132.66071428571428,101.25,EOD,569,NQU9,1.225
2019-08-07,2019,B,-1,430,"(0.8, 2.0)",106.12857142857143,265.32142857142856,132.66071428571428,101.25,EOD,569,NQU9,1.225
2019-08-07,2019,B,-1,430,"(1.0, 1.5)",132.66071428571428,198.99107142857142,132.66071428571428,101.25,EOD,569,NQU9,1.225
2019-08-07,2019,B,-1,430,"(1.0, 1.75)",132.66071428571428,232.15625,132.66071428571428,101.25,EOD,569,NQU9,1.225
2019-08-07,2019,B,-1,430,"(1.0, 2.0)",132.66071428571428,265.32142857142856,132.66071428571428,101.25,EOD,569,NQU9,1.225
2019-08-07,2019,B,-1,430,"(1.2, 1.5)",159.19285714285712,198.99107142857142,132.66071428571428,101.25,EOD,569,NQU9,1.225
2019-08-07,2019,B,-1,430,"(1.2, 1.75)",159.19285714285712,232.15625,132.66071428571428,101.25,EOD,569,NQU9,1.225
2019-08-07,2019,B,-1,430,"(1.2, 2.0)",159.19285714285712,265.32142857142856,132.66071428571428,101.25,EOD,569,NQU9,1.225
2019-08-07,2019,B,-1,430,"(0.179, 0.247)",23.746267857142854,32.767196428571424,132.66071428571428,32.76719642857097,TP,481,NQU9,1.225
2019-08-08,2019,B,-1,435,"(0.8, 1.5)",112.01428571428572,210.02678571428572,140.01785714285714,-25.25,EOD,569,NQU9,1.225
2019-08-08,2019,B,-1,435,"(0.8, 1.75)",112.01428571428572,245.03125,140.01785714285714,-25.25,EOD,569,NQU9,1.225
2019-08-08,2019,B,-1,435,"(0.8, 2.0)",112.01428571428572,280.0357142857143,140.01785714285714,-25.25,EOD,569,NQU9,1.225
2019-08-08,2019,B,-1,435,"(1.0, 1.5)",140.01785714285714,210.02678571428572,140.01785714285714,-25.25,EOD,569,NQU9,1.225
2019-08-08,2019,B,-1,435,"(1.0, 1.75)",140.01785714285714,245.03125,140.01785714285714,-25.25,EOD,569,NQU9,1.225
2019-08-08,2019,B,-1,435,"(1.0, 2.0)",140.01785714285714,280.0357142857143,140.01785714285714,-25.25,EOD,569,NQU9,1.225
2019-08-08,2019,B,-1,435,"(1.2, 1.5)",168.02142857142857,210.02678571428572,140.01785714285714,-25.25,EOD,569,NQU9,1.225
2019-08-08,2019,B,-1,435,"(1.2, 1.75)",168.02142857142857,245.03125,140.01785714285714,-25.25,EOD,569,NQU9,1.225
2019-08-08,2019,B,-1,435,"(1.2, 2.0)",168.02142857142857,280.0357142857143,140.01785714285714,-25.25,EOD,569,NQU9,1.225
2019-08-08,2019,B,-1,435,"(0.179, 0.247)",25.063196428571427,34.58441071428571,140.01785714285714,-25.063196428571246,SL,542,NQU9,1.225
2019-08-12,2019,B,1,395,"(0.8, 1.5)",117.78571428571429,220.84821428571428,147.23214285714286,12.75,EOD,569,NQU9,1.225
2019-08-12,2019,B,1,395,"(0.8, 1.75)",117.78571428571429,257.65625,147.23214285714286,12.75,EOD,569,NQU9,1.225
2019-08-12,2019,B,1,395,"(0.8, 2.0)",117.78571428571429,294.4642857142857,147.23214285714286,12.75,EOD,569,NQU9,1.225
2019-08-12,2019,B,1,395,"(1.0, 1.5)",147.23214285714286,220.84821428571428,147.23214285714286,12.75,EOD,569,NQU9,1.225
2019-08-12,2019,B,1,395,"(1.0, 1.75)",147.23214285714286,257.65625,147.23214285714286,12.75,EOD,569,NQU9,1.225
2019-08-12,2019,B,1,395,"(1.0, 2.0)",147.23214285714286,294.4642857142857,147.23214285714286,12.75,EOD,569,NQU9,1.225
2019-08-12,2019,B,1,395,"(1.2, 1.5)",176.67857142857142,220.84821428571428,147.23214285714286,12.75,EOD,569,NQU9,1.225
2019-08-12,2019,B,1,395,"(1.2, 1.75)",176.67857142857142,257.65625,147.23214285714286,12.75,EOD,569,NQU9,1.225
2019-08-12,2019,B,1,395,"(1.2, 2.0)",176.67857142857142,294.4642857142857,147.23214285714286,12.75,EOD,569,NQU9,1.225
2019-08-12,2019,B,1,395,"(0.179, 0.247)",26.35455357142857,36.36633928571429,147.23214285714286,12.75,EOD,569,NQU9,1.225
2019-08-13,2019,B,1,515,"(0.8, 1.5)",121.15714285714287,227.1696428571429,151.44642857142858,26.5,EOD,569,NQU9,1.225
2019-08-13,2019,B,1,515,"(0.8, 1.75)",121.15714285714287,265.03125,151.44642857142858,26.5,EOD,569,NQU9,1.225
2019-08-13,2019,B,1,515,"(0.8, 2.0)",121.15714285714287,302.89285714285717,151.44642857142858,26.5,EOD,569,NQU9,1.225
2019-08-13,2019,B,1,515,"(1.0, 1.5)",151.44642857142858,227.1696428571429,151.44642857142858,26.5,EOD,569,NQU9,1.225
2019-08-13,2019,B,1,515,"(1.0, 1.75)",151.44642857142858,265.03125,151.44642857142858,26.5,EOD,569,NQU9,1.225
2019-08-13,2019,B,1,515,"(1.0, 2.0)",151.44642857142858,302.89285714285717,151.44642857142858,26.5,EOD,569,NQU9,1.225
2019-08-13,2019,B,1,515,"(1.2, 1.5)",181.7357142857143,227.1696428571429,151.44642857142858,26.5,EOD,569,NQU9,1.225
2019-08-13,2019,B,1,515,"(1.2, 1.75)",181.7357142857143,265.03125,151.44642857142858,26.5,EOD,569,NQU9,1.225
2019-08-13,2019,B,1,515,"(1.2, 2.0)",181.7357142857143,302.89285714285717,151.44642857142858,26.5,EOD,569,NQU9,1.225
2019-08-13,2019,B,1,515,"(0.179, 0.247)",27.108910714285717,37.40726785714286,151.44642857142858,26.5,EOD,569,NQU9,1.225
2019-08-15,2019,B,1,305,"(0.8, 1.5)",138.42857142857142,259.55357142857144,173.03571428571428,14.5,EOD,569,NQU9,1.225
2019-08-15,2019,B,1,305,"(0.8, 1.75)",138.42857142857142,302.8125,173.03571428571428,14.5,EOD,569,NQU9,1.225
2019-08-15,2019,B,1,305,"(0.8, 2.0)",138.42857142857142,346.07142857142856,173.03571428571428,14.5,EOD,569,NQU9,1.225
2019-08-15,2019,B,1,305,"(1.0, 1.5)",173.03571428571428,259.55357142857144,173.03571428571428,14.5,EOD,569,NQU9,1.225
2019-08-15,2019,B,1,305,"(1.0, 1.75)",173.03571428571428,302.8125,173.03571428571428,14.5,EOD,569,NQU9,1.225
2019-08-15,2019,B,1,305,"(1.0, 2.0)",173.03571428571428,346.07142857142856,173.03571428571428,14.5,EOD,569,NQU9,1.225
2019-08-15,2019,B,1,305,"(1.2, 1.5)",207.64285714285714,259.55357142857144,173.03571428571428,14.5,EOD,569,NQU9,1.225
2019-08-15,2019,B,1,305,"(1.2, 1.75)",207.64285714285714,302.8125,173.03571428571428,14.5,EOD,569,NQU9,1.225
2019-08-15,2019,B,1,305,"(1.2, 2.0)",207.64285714285714,346.07142857142856,173.03571428571428,14.5,EOD,569,NQU9,1.225
2019-08-15,2019,B,1,305,"(0.179, 0.247)",30.973392857142855,42.739821428571425,173.03571428571428,-30.973392857143153,SL,343,NQU9,1.225
2019-08-22,2019,B,-1,540,"(0.8, 1.5)",129.8,243.375,162.25,10.75,EOD,569,NQU9,1.225
2019-08-22,2019,B,-1,540,"(0.8, 1.75)",129.8,283.9375,162.25,10.75,EOD,569,NQU9,1.225
2019-08-22,2019,B,-1,540,"(0.8, 2.0)",129.8,324.5,162.25,10.75,EOD,569,NQU9,1.225
2019-08-22,2019,B,-1,540,"(1.0, 1.5)",162.25,243.375,162.25,10.75,EOD,569,NQU9,1.225
2019-08-22,2019,B,-1,540,"(1.0, 1.75)",162.25,283.9375,162.25,10.75,EOD,569,NQU9,1.225
2019-08-22,2019,B,-1,540,"(1.0, 2.0)",162.25,324.5,162.25,10.75,EOD,569,NQU9,1.225
2019-08-22,2019,B,-1,540,"(1.2, 1.5)",194.7,243.375,162.25,10.75,EOD,569,NQU9,1.225
2019-08-22,2019,B,-1,540,"(1.2, 1.75)",194.7,283.9375,162.25,10.75,EOD,569,NQU9,1.225
2019-08-22,2019,B,-1,540,"(1.2, 2.0)",194.7,324.5,162.25,10.75,EOD,569,NQU9,1.225
2019-08-22,2019,B,-1,540,"(0.179, 0.247)",29.042749999999998,40.07575,162.25,10.75,EOD,569,NQU9,1.225
2019-08-23,2019,B,1,490,"(0.8, 1.5)",127.30000000000001,238.6875,159.125,-11.25,EOD,569,NQU9,1.225
2019-08-23,2019,B,1,490,"(0.8, 1.75)",127.30000000000001,278.46875,159.125,-11.25,EOD,569,NQU9,1.225
2019-08-23,2019,B,1,490,"(0.8, 2.0)",127.30000000000001,318.25,159.125,-11.25,EOD,569,NQU9,1.225
2019-08-23,2019,B,1,490,"(1.0, 1.5)",159.125,238.6875,159.125,-11.25,EOD,569,NQU9,1.225
2019-08-23,2019,B,1,490,"(1.0, 1.75)",159.125,278.46875,159.125,-11.25,EOD,569,NQU9,1.225
2019-08-23,2019,B,1,490,"(1.0, 2.0)",159.125,318.25,159.125,-11.25,EOD,569,NQU9,1.225
2019-08-23,2019,B,1,490,"(1.2, 1.5)",190.95,238.6875,159.125,-11.25,EOD,569,NQU9,1.225
2019-08-23,2019,B,1,490,"(1.2, 1.75)",190.95,278.46875,159.125,-11.25,EOD,569,NQU9,1.225
2019-08-23,2019,B,1,490,"(1.2, 2.0)",190.95,318.25,159.125,-11.25,EOD,569,NQU9,1.225
2019-08-23,2019,B,1,490,"(0.179, 0.247)",28.483375,39.303875,159.125,-28.483374999999796,SL,506,NQU9,1.225
2019-08-27,2019,B,-1,310,"(0.8, 1.5)",123.15714285714287,230.9196428571429,153.94642857142858,-50.25,EOD,569,NQU9,1.225
2019-08-27,2019,B,-1,310,"(0.8, 1.75)",123.15714285714287,269.40625,153.94642857142858,-50.25,EOD,569,NQU9,1.225
2019-08-27,2019,B,-1,310,"(0.8, 2.0)",123.15714285714287,307.89285714285717,153.94642857142858,-50.25,EOD,569,NQU9,1.225
2019-08-27,2019,B,-1,310,"(1.0, 1.5)",153.94642857142858,230.9196428571429,153.94642857142858,-50.25,EOD,569,NQU9,1.225
2019-08-27,2019,B,-1,310,"(1.0, 1.75)",153.94642857142858,269.40625,153.94642857142858,-50.25,EOD,569,NQU9,1.225
2019-08-27,2019,B,-1,310,"(1.0, 2.0)",153.94642857142858,307.89285714285717,153.94642857142858,-50.25,EOD,569,NQU9,1.225
2019-08-27,2019,B,-1,310,"(1.2, 1.5)",184.7357142857143,230.9196428571429,153.94642857142858,-50.25,EOD,569,NQU9,1.225
2019-08-27,2019,B,-1,310,"(1.2, 1.75)",184.7357142857143,269.40625,153.94642857142858,-50.25,EOD,569,NQU9,1.225
2019-08-27,2019,B,-1,310,"(1.2, 2.0)",184.7357142857143,307.89285714285717,153.94642857142858,-50.25,EOD,569,NQU9,1.225
2019-08-27,2019,B,-1,310,"(0.179, 0.247)",27.556410714285715,38.02476785714286,153.94642857142858,-27.556410714285448,SL,428,NQU9,1.225
2019-08-28,2019,B,1,455,"(0.8, 1.5)",118.67142857142858,222.50892857142858,148.33928571428572,-2.75,EOD,569,NQU9,1.225
2019-08-28,2019,B,1,455,"(0.8, 1.75)",118.67142857142858,259.59375,148.33928571428572,-2.75,EOD,569,NQU9,1.225
2019-08-28,2019,B,1,455,"(0.8, 2.0)",118.67142857142858,296.67857142857144,148.33928571428572,-2.75,EOD,569,NQU9,1.225
2019-08-28,2019,B,1,455,"(1.0, 1.5)",148.33928571428572,222.50892857142858,148.33928571428572,-2.75,EOD,569,NQU9,1.225
2019-08-28,2019,B,1,455,"(1.0, 1.75)",148.33928571428572,259.59375,148.33928571428572,-2.75,EOD,569,NQU9,1.225
2019-08-28,2019,B,1,455,"(1.0, 2.0)",148.33928571428572,296.67857142857144,148.33928571428572,-2.75,EOD,569,NQU9,1.225
2019-08-28,2019,B,1,455,"(1.2, 1.5)",178.00714285714287,222.50892857142858,148.33928571428572,-2.75,EOD,569,NQU9,1.225
2019-08-28,2019,B,1,455,"(1.2, 1.75)",178.00714285714287,259.59375,148.33928571428572,-2.75,EOD,569,NQU9,1.225
2019-08-28,2019,B,1,455,"(1.2, 2.0)",178.00714285714287,296.67857142857144,148.33928571428572,-2.75,EOD,569,NQU9,1.225
2019-08-28,2019,B,1,455,"(0.179, 0.247)",26.552732142857142,36.63980357142857,148.33928571428572,-2.75,EOD,569,NQU9,1.225
2019-09-06,2019,B,-1,325,"(0.8, 1.5)",99.7,186.9375,124.625,11.75,EOD,569,NQU9,1.225
2019-09-06,2019,B,-1,325,"(0.8, 1.75)",99.7,218.09375,124.625,11.75,EOD,569,NQU9,1.225
2019-09-06,2019,B,-1,325,"(0.8, 2.0)",99.7,249.25,124.625,11.75,EOD,569,NQU9,1.225
2019-09-06,2019,B,-1,325,"(1.0, 1.5)",124.625,186.9375,124.625,11.75,EOD,569,NQU9,1.225
2019-09-06,2019,B,-1,325,"(1.0, 1.75)",124.625,218.09375,124.625,11.75,EOD,569,NQU9,1.225
2019-09-06,2019,B,-1,325,"(1.0, 2.0)",124.625,249.25,124.625,11.75,EOD,569,NQU9,1.225
2019-09-06,2019,B,-1,325,"(1.2, 1.5)",149.54999999999998,186.9375,124.625,11.75,EOD,569,NQU9,1.225
2019-09-06,2019,B,-1,325,"(1.2, 1.75)",149.54999999999998,218.09375,124.625,11.75,EOD,569,NQU9,1.225
2019-09-06,2019,B,-1,325,"(1.2, 2.0)",149.54999999999998,249.25,124.625,11.75,EOD,569,NQU9,1.225
2019-09-06,2019,B,-1,325,"(0.179, 0.247)",22.307875,30.782375,124.625,11.75,EOD,569,NQU9,1.225
2019-09-09,2019,B,-1,355,"(0.8, 1.5)",94.1857142857143,176.59821428571428,117.73214285714286,-0.5,EOD,569,NQU9,1.225
2019-09-09,2019,B,-1,355,"(0.8, 1.75)",94.1857142857143,206.03125,117.73214285714286,-0.5,EOD,569,NQU9,1.225
2019-09-09,2019,B,-1,355,"(0.8, 2.0)",94.1857142857143,235.46428571428572,117.73214285714286,-0.5,EOD,569,NQU9,1.225
2019-09-09,2019,B,-1,355,"(1.0, 1.5)",117.73214285714286,176.59821428571428,117.73214285714286,-0.5,EOD,569,NQU9,1.225
2019-09-09,2019,B,-1,355,"(1.0, 1.75)",117.73214285714286,206.03125,117.73214285714286,-0.5,EOD,569,NQU9,1.225
2019-09-09,2019,B,-1,355,"(1.0, 2.0)",117.73214285714286,235.46428571428572,117.73214285714286,-0.5,EOD,569,NQU9,1.225
2019-09-09,2019,B,-1,355,"(1.2, 1.5)",141.27857142857144,176.59821428571428,117.73214285714286,-0.5,EOD,569,NQU9,1.225
2019-09-09,2019,B,-1,355,"(1.2, 1.75)",141.27857142857144,206.03125,117.73214285714286,-0.5,EOD,569,NQU9,1.225
2019-09-09,2019,B,-1,355,"(1.2, 2.0)",141.27857142857144,235.46428571428572,117.73214285714286,-0.5,EOD,569,NQU9,1.225
2019-09-09,2019,B,-1,355,"(0.179, 0.247)",21.07405357142857,29.079839285714286,117.73214285714286,-0.5,EOD,569,NQU9,1.225
2019-09-10,2019,B,1,560,"(0.8, 1.5)",95.10000000000001,178.3125,118.875,-2.25,EOD,569,NQU9,1.225
2019-09-10,2019,B,1,560,"(0.8, 1.75)",95.10000000000001,208.03125,118.875,-2.25,EOD,569,NQU9,1.225
2019-09-10,2019,B,1,560,"(0.8, 2.0)",95.10000000000001,237.75,118.875,-2.25,EOD,569,NQU9,1.225
2019-09-10,2019,B,1,560,"(1.0, 1.5)",118.875,178.3125,118.875,-2.25,EOD,569,NQU9,1.225
2019-09-10,2019,B,1,560,"(1.0, 1.75)",118.875,208.03125,118.875,-2.25,EOD,569,NQU9,1.225
2019-09-10,2019,B,1,560,"(1.0, 2.0)",118.875,237.75,118.875,-2.25,EOD,569,NQU9,1.225
2019-09-10,2019,B,1,560,"(1.2, 1.5)",142.65,178.3125,118.875,-2.25,EOD,569,NQU9,1.225
2019-09-10,2019,B,1,560,"(1.2, 1.75)",142.65,208.03125,118.875,-2.25,EOD,569,NQU9,1.225
2019-09-10,2019,B,1,560,"(1.2, 2.0)",142.65,237.75,118.875,-2.25,EOD,569,NQU9,1.225
2019-09-10,2019,B,1,560,"(0.179, 0.247)",21.278624999999998,29.362125,118.875,-2.25,EOD,569,NQU9,1.225
2019-09-11,2019,B,-1,455,"(0.8, 1.5)",95.21428571428572,178.52678571428572,119.01785714285714,-10.5,EOD,569,NQU9,1.225
2019-09-11,2019,B,-1,455,"(0.8, 1.75)",95.21428571428572,208.28125,119.01785714285714,-10.5,EOD,569,NQU9,1.225
2019-09-11,2019,B,-1,455,"(0.8, 2.0)",95.21428571428572,238.03571428571428,119.01785714285714,-10.5,EOD,569,NQU9,1.225
2019-09-11,2019,B,-1,455,"(1.0, 1.5)",119.01785714285714,178.52678571428572,119.01785714285714,-10.5,EOD,569,NQU9,1.225
2019-09-11,2019,B,-1,455,"(1.0, 1.75)",119.01785714285714,208.28125,119.01785714285714,-10.5,EOD,569,NQU9,1.225
2019-09-11,2019,B,-1,455,"(1.0, 2.0)",119.01785714285714,238.03571428571428,119.01785714285714,-10.5,EOD,569,NQU9,1.225
2019-09-11,2019,B,-1,455,"(1.2, 1.5)",142.82142857142856,178.52678571428572,119.01785714285714,-10.5,EOD,569,NQU9,1.225
2019-09-11,2019,B,-1,455,"(1.2, 1.75)",142.82142857142856,208.28125,119.01785714285714,-10.5,EOD,569,NQU9,1.225
2019-09-11,2019,B,-1,455,"(1.2, 2.0)",142.82142857142856,238.03571428571428,119.01785714285714,-10.5,EOD,569,NQU9,1.225
2019-09-11,2019,B,-1,455,"(0.179, 0.247)",21.304196428571426,29.397410714285712,119.01785714285714,-10.5,EOD,569,NQU9,1.225
2019-09-27,2019,B,-1,380,"(0.8, 1.5)",76.4,143.25,95.5,12.25,EOD,569,NQZ9,1.225
2019-09-27,2019,B,-1,380,"(0.8, 1.75)",76.4,167.125,95.5,12.25,EOD,569,NQZ9,1.225
2019-09-27,2019,B,-1,380,"(0.8, 2.0)",76.4,191.0,95.5,12.25,EOD,569,NQZ9,1.225
2019-09-27,2019,B,-1,380,"(1.0, 1.5)",95.5,143.25,95.5,12.25,EOD,569,NQZ9,1.225
2019-09-27,2019,B,-1,380,"(1.0, 1.75)",95.5,167.125,95.5,12.25,EOD,569,NQZ9,1.225
2019-09-27,2019,B,-1,380,"(1.0, 2.0)",95.5,191.0,95.5,12.25,EOD,569,NQZ9,1.225
2019-09-27,2019,B,-1,380,"(1.2, 1.5)",114.6,143.25,95.5,12.25,EOD,569,NQZ9,1.225
2019-09-27,2019,B,-1,380,"(1.2, 1.75)",114.6,167.125,95.5,12.25,EOD,569,NQZ9,1.225
2019-09-27,2019,B,-1,380,"(1.2, 2.0)",114.6,191.0,95.5,12.25,EOD,569,NQZ9,1.225
2019-09-27,2019,B,-1,380,"(0.179, 0.247)",17.0945,23.5885,95.5,12.25,EOD,569,NQZ9,1.225
2019-10-08,2019,B,1,340,"(0.8, 1.5)",101.51428571428572,190.33928571428572,126.89285714285714,-39.75,EOD,569,NQZ9,1.225
2019-10-08,2019,B,1,340,"(0.8, 1.75)",101.51428571428572,222.0625,126.89285714285714,-39.75,EOD,569,NQZ9,1.225
2019-10-08,2019,B,1,340,"(0.8, 2.0)",101.51428571428572,253.78571428571428,126.89285714285714,-39.75,EOD,569,NQZ9,1.225
2019-10-08,2019,B,1,340,"(1.0, 1.5)",126.89285714285714,190.33928571428572,126.89285714285714,-39.75,EOD,569,NQZ9,1.225
2019-10-08,2019,B,1,340,"(1.0, 1.75)",126.89285714285714,222.0625,126.89285714285714,-39.75,EOD,569,NQZ9,1.225
2019-10-08,2019,B,1,340,"(1.0, 2.0)",126.89285714285714,253.78571428571428,126.89285714285714,-39.75,EOD,569,NQZ9,1.225
2019-10-08,2019,B,1,340,"(1.2, 1.5)",152.27142857142857,190.33928571428572,126.89285714285714,-39.75,EOD,569,NQZ9,1.225
2019-10-08,2019,B,1,340,"(1.2, 1.75)",152.27142857142857,222.0625,126.89285714285714,-39.75,EOD,569,NQZ9,1.225
2019-10-08,2019,B,1,340,"(1.2, 2.0)",152.27142857142857,253.78571428571428,126.89285714285714,-39.75,EOD,569,NQZ9,1.225
2019-10-08,2019,B,1,340,"(0.179, 0.247)",22.71382142857143,31.342535714285713,126.89285714285714,-22.713821428571464,SL,368,NQZ9,1.225
2019-10-14,2019,B,1,500,"(0.8, 1.5)",109.47142857142859,205.25892857142858,136.83928571428572,3.5,EOD,569,NQZ9,1.225
2019-10-14,2019,B,1,500,"(0.8, 1.75)",109.47142857142859,239.46875,136.83928571428572,3.5,EOD,569,NQZ9,1.225
2019-10-14,2019,B,1,500,"(0.8, 2.0)",109.47142857142859,273.67857142857144,136.83928571428572,3.5,EOD,569,NQZ9,1.225
2019-10-14,2019,B,1,500,"(1.0, 1.5)",136.83928571428572,205.25892857142858,136.83928571428572,3.5,EOD,569,NQZ9,1.225
2019-10-14,2019,B,1,500,"(1.0, 1.75)",136.83928571428572,239.46875,136.83928571428572,3.5,EOD,569,NQZ9,1.225
2019-10-14,2019,B,1,500,"(1.0, 2.0)",136.83928571428572,273.67857142857144,136.83928571428572,3.5,EOD,569,NQZ9,1.225
2019-10-14,2019,B,1,500,"(1.2, 1.5)",164.20714285714286,205.25892857142858,136.83928571428572,3.5,EOD,569,NQZ9,1.225
2019-10-14,2019,B,1,500,"(1.2, 1.75)",164.20714285714286,239.46875,136.83928571428572,3.5,EOD,569,NQZ9,1.225
2019-10-14,2019,B,1,500,"(1.2, 2.0)",164.20714285714286,273.67857142857144,136.83928571428572,3.5,EOD,569,NQZ9,1.225
2019-10-14,2019,B,1,500,"(0.179, 0.247)",24.494232142857143,33.799303571428574,136.83928571428572,3.5,EOD,569,NQZ9,1.225
2019-10-15,2019,B,-1,480,"(0.8, 1.5)",100.92857142857144,189.24107142857144,126.16071428571429,1.25,EOD,569,NQZ9,1.225
2019-10-15,2019,B,-1,480,"(0.8, 1.75)",100.92857142857144,220.78125,126.16071428571429,1.25,EOD,569,NQZ9,1.225
2019-10-15,2019,B,-1,480,"(0.8, 2.0)",100.92857142857144,252.32142857142858,126.16071428571429,1.25,EOD,569,NQZ9,1.225
2019-10-15,2019,B,-1,480,"(1.0, 1.5)",126.16071428571429,189.24107142857144,126.16071428571429,1.25,EOD,569,NQZ9,1.225
2019-10-15,2019,B,-1,480,"(1.0, 1.75)",126.16071428571429,220.78125,126.16071428571429,1.25,EOD,569,NQZ9,1.225
2019-10-15,2019,B,-1,480,"(1.0, 2.0)",126.16071428571429,252.32142857142858,126.16071428571429,1.25,EOD,569,NQZ9,1.225
2019-10-15,2019,B,-1,480,"(1.2, 1.5)",151.39285714285714,189.24107142857144,126.16071428571429,1.25,EOD,569,NQZ9,1.225
2019-10-15,2019,B,-1,480,"(1.2, 1.75)",151.39285714285714,220.78125,126.16071428571429,1.25,EOD,569,NQZ9,1.225
2019-10-15,2019,B,-1,480,"(1.2, 2.0)",151.39285714285714,252.32142857142858,126.16071428571429,1.25,EOD,569,NQZ9,1.225
2019-10-15,2019,B,-1,480,"(0.179, 0.247)",22.58276785714286,31.161696428571428,126.16071428571429,1.25,EOD,569,NQZ9,1.225
2019-10-31,2019,B,-1,315,"(0.8, 1.5)",70.2,131.625,87.75,-9.5,EOD,569,NQZ9,1.225
2019-10-31,2019,B,-1,315,"(0.8, 1.75)",70.2,153.5625,87.75,-9.5,EOD,569,NQZ9,1.225
2019-10-31,2019,B,-1,315,"(0.8, 2.0)",70.2,175.5,87.75,-9.5,EOD,569,NQZ9,1.225
2019-10-31,2019,B,-1,315,"(1.0, 1.5)",87.75,131.625,87.75,-9.5,EOD,569,NQZ9,1.225
2019-10-31,2019,B,-1,315,"(1.0, 1.75)",87.75,153.5625,87.75,-9.5,EOD,569,NQZ9,1.225
2019-10-31,2019,B,-1,315,"(1.0, 2.0)",87.75,175.5,87.75,-9.5,EOD,569,NQZ9,1.225
2019-10-31,2019,B,-1,315,"(1.2, 1.5)",105.3,131.625,87.75,-9.5,EOD,569,NQZ9,1.225
2019-10-31,2019,B,-1,315,"(1.2, 1.75)",105.3,153.5625,87.75,-9.5,EOD,569,NQZ9,1.225
2019-10-31,2019,B,-1,315,"(1.2, 2.0)",105.3,175.5,87.75,-9.5,EOD,569,NQZ9,1.225
2019-10-31,2019,B,-1,315,"(0.179, 0.247)",15.70725,21.67425,87.75,21.67425000000003,TP,348,NQZ9,1.225
2019-11-13,2019,B,1,515,"(0.8, 1.5)",57.7,108.1875,72.125,-3.5,EOD,569,NQZ9,1.225
2019-11-13,2019,B,1,515,"(0.8, 1.75)",57.7,126.21875,72.125,-3.5,EOD,569,NQZ9,1.225
2019-11-13,2019,B,1,515,"(0.8, 2.0)",57.7,144.25,72.125,-3.5,EOD,569,NQZ9,1.225
2019-11-13,2019,B,1,515,"(1.0, 1.5)",72.125,108.1875,72.125,-3.5,EOD,569,NQZ9,1.225
2019-11-13,2019,B,1,515,"(1.0, 1.75)",72.125,126.21875,72.125,-3.5,EOD,569,NQZ9,1.225
2019-11-13,2019,B,1,515,"(1.0, 2.0)",72.125,144.25,72.125,-3.5,EOD,569,NQZ9,1.225
2019-11-13,2019,B,1,515,"(1.2, 1.5)",86.55,108.1875,72.125,-3.5,EOD,569,NQZ9,1.225
2019-11-13,2019,B,1,515,"(1.2, 1.75)",86.55,126.21875,72.125,-3.5,EOD,569,NQZ9,1.225
2019-11-13,2019,B,1,515,"(1.2, 2.0)",86.55,144.25,72.125,-3.5,EOD,569,NQZ9,1.225
2019-11-13,2019,B,1,515,"(0.179, 0.247)",12.910375,17.814875,72.125,-3.5,EOD,569,NQZ9,1.225
2019-11-20,2019,B,1,470,"(0.8, 1.5)",48.55714285714286,91.04464285714286,60.69642857142857,8.75,EOD,569,NQZ9,1.225
2019-11-20,2019,B,1,470,"(0.8, 1.75)",48.55714285714286,106.21875,60.69642857142857,8.75,EOD,569,NQZ9,1.225
2019-11-20,2019,B,1,470,"(0.8, 2.0)",48.55714285714286,121.39285714285714,60.69642857142857,8.75,EOD,569,NQZ9,1.225
2019-11-20,2019,B,1,470,"(1.0, 1.5)",60.69642857142857,91.04464285714286,60.69642857142857,8.75,EOD,569,NQZ9,1.225
2019-11-20,2019,B,1,470,"(1.0, 1.75)",60.69642857142857,106.21875,60.69642857142857,8.75,EOD,569,NQZ9,1.225
2019-11-20,2019,B,1,470,"(1.0, 2.0)",60.69642857142857,121.39285714285714,60.69642857142857,8.75,EOD,569,NQZ9,1.225
2019-11-20,2019,B,1,470,"(1.2, 1.5)",72.83571428571427,91.04464285714286,60.69642857142857,8.75,EOD,569,NQZ9,1.225
2019-11-20,2019,B,1,470,"(1.2, 1.75)",72.83571428571427,106.21875,60.69642857142857,8.75,EOD,569,NQZ9,1.225
2019-11-20,2019,B,1,470,"(1.2, 2.0)",72.83571428571427,121.39285714285714,60.69642857142857,8.75,EOD,569,NQZ9,1.225
2019-11-20,2019,B,1,470,"(0.179, 0.247)",10.864660714285714,14.992017857142857,60.69642857142857,8.75,EOD,569,NQZ9,1.225
2019-11-26,2019,B,-1,370,"(0.8, 1.5)",52.714285714285715,98.83928571428571,65.89285714285714,-5.25,EOD,569,NQZ9,1.225
2019-11-26,2019,B,-1,370,"(0.8, 1.75)",52.714285714285715,115.3125,65.89285714285714,-5.25,EOD,569,NQZ9,1.225
2019-11-26,2019,B,-1,370,"(0.8, 2.0)",52.714285714285715,131.78571428571428,65.89285714285714,-5.25,EOD,569,NQZ9,1.225
2019-11-26,2019,B,-1,370,"(1.0, 1.5)",65.89285714285714,98.83928571428571,65.89285714285714,-5.25,EOD,569,NQZ9,1.225
2019-11-26,2019,B,-1,370,"(1.0, 1.75)",65.89285714285714,115.3125,65.89285714285714,-5.25,EOD,569,NQZ9,1.225
2019-11-26,2019,B,-1,370,"(1.0, 2.0)",65.89285714285714,131.78571428571428,65.89285714285714,-5.25,EOD,569,NQZ9,1.225
2019-11-26,2019,B,-1,370,"(1.2, 1.5)",79.07142857142857,98.83928571428571,65.89285714285714,-5.25,EOD,569,NQZ9,1.225
2019-11-26,2019,B,-1,370,"(1.2, 1.75)",79.07142857142857,115.3125,65.89285714285714,-5.25,EOD,569,NQZ9,1.225
2019-11-26,2019,B,-1,370,"(1.2, 2.0)",79.07142857142857,131.78571428571428,65.89285714285714,-5.25,EOD,569,NQZ9,1.225
2019-11-26,2019,B,-1,370,"(0.179, 0.247)",11.794821428571428,16.275535714285713,65.89285714285714,-5.25,EOD,569,NQZ9,1.225
2019-12-03,2019,B,1,325,"(0.8, 1.5)",51.01428571428572,95.65178571428572,63.767857142857146,-51.014285714285506,SL,507,NQZ9,1.225
2019-12-03,2019,B,1,325,"(0.8, 1.75)",51.01428571428572,111.59375,63.767857142857146,-51.014285714285506,SL,507,NQZ9,1.225
2019-12-03,2019,B,1,325,"(0.8, 2.0)",51.01428571428572,127.53571428571429,63.767857142857146,-51.014285714285506,SL,507,NQZ9,1.225
2019-12-03,2019,B,1,325,"(1.0, 1.5)",63.767857142857146,95.65178571428572,63.767857142857146,-63.76785714285688,SL,541,NQZ9,1.225
2019-12-03,2019,B,1,325,"(1.0, 1.75)",63.767857142857146,111.59375,63.767857142857146,-63.76785714285688,SL,541,NQZ9,1.225
2019-12-03,2019,B,1,325,"(1.0, 2.0)",63.767857142857146,127.53571428571429,63.767857142857146,-63.76785714285688,SL,541,NQZ9,1.225
2019-12-03,2019,B,1,325,"(1.2, 1.5)",76.52142857142857,95.65178571428572,63.767857142857146,-76.52142857142826,SL,563,NQZ9,1.225
2019-12-03,2019,B,1,325,"(1.2, 1.75)",76.52142857142857,111.59375,63.767857142857146,-76.52142857142826,SL,563,NQZ9,1.225
2019-12-03,2019,B,1,325,"(1.2, 2.0)",76.52142857142857,127.53571428571429,63.767857142857146,-76.52142857142826,SL,563,NQZ9,1.225
2019-12-03,2019,B,1,325,"(0.179, 0.247)",11.414446428571429,15.750660714285715,63.767857142857146,-11.414446428570955,SL,464,NQZ9,1.225
2019-12-12,2019,B,-1,475,"(0.8, 1.5)",56.6,106.125,70.75,14.5,EOD,569,NQZ9,1.225
2019-12-12,2019,B,-1,475,"(0.8, 1.75)",56.6,123.8125,70.75,14.5,EOD,569,NQZ9,1.225
2019-12-12,2019,B,-1,475,"(0.8, 2.0)",56.6,141.5,70.75,14.5,EOD,569,NQZ9,1.225
2019-12-12,2019,B,-1,475,"(1.0, 1.5)",70.75,106.125,70.75,14.5,EOD,569,NQZ9,1.225
2019-12-12,2019,B,-1,475,"(1.0, 1.75)",70.75,123.8125,70.75,14.5,EOD,569,NQZ9,1.225
2019-12-12,2019,B,-1,475,"(1.0, 2.0)",70.75,141.5,70.75,14.5,EOD,569,NQZ9,1.225
2019-12-12,2019,B,-1,475,"(1.2, 1.5)",84.89999999999999,106.125,70.75,14.5,EOD,569,NQZ9,1.225
2019-12-12,2019,B,-1,475,"(1.2, 1.75)",84.89999999999999,123.8125,70.75,14.5,EOD,569,NQZ9,1.225
2019-12-12,2019,B,-1,475,"(1.2, 2.0)",84.89999999999999,141.5,70.75,14.5,EOD,569,NQZ9,1.225
2019-12-12,2019,B,-1,475,"(0.179, 0.247)",12.66425,17.47525,70.75,17.475249999999505,TP,483,NQZ9,1.225
2019-12-17,2019,B,-1,540,"(0.8, 1.5)",62.142857142857146,116.51785714285714,77.67857142857143,1.25,EOD,569,NQH0,1.225
2019-12-17,2019,B,-1,540,"(0.8, 1.75)",62.142857142857146,135.9375,77.67857142857143,1.25,EOD,569,NQH0,1.225
2019-12-17,2019,B,-1,540,"(0.8, 2.0)",62.142857142857146,155.35714285714286,77.67857142857143,1.25,EOD,569,NQH0,1.225
2019-12-17,2019,B,-1,540,"(1.0, 1.5)",77.67857142857143,116.51785714285714,77.67857142857143,1.25,EOD,569,NQH0,1.225
2019-12-17,2019,B,-1,540,"(1.0, 1.75)",77.67857142857143,135.9375,77.67857142857143,1.25,EOD,569,NQH0,1.225
2019-12-17,2019,B,-1,540,"(1.0, 2.0)",77.67857142857143,155.35714285714286,77.67857142857143,1.25,EOD,569,NQH0,1.225
2019-12-17,2019,B,-1,540,"(1.2, 1.5)",93.21428571428571,116.51785714285714,77.67857142857143,1.25,EOD,569,NQH0,1.225
2019-12-17,2019,B,-1,540,"(1.2, 1.75)",93.21428571428571,135.9375,77.67857142857143,1.25,EOD,569,NQH0,1.225
2019-12-17,2019,B,-1,540,"(1.2, 2.0)",93.21428571428571,155.35714285714286,77.67857142857143,1.25,EOD,569,NQH0,1.225
2019-12-17,2019,B,-1,540,"(0.179, 0.247)",13.904464285714285,19.18660714285714,77.67857142857143,1.25,EOD,569,NQH0,1.225
2020-01-08,2020,B,-1,500,"(0.8, 1.5)",56.25714285714286,105.48214285714286,70.32142857142857,24.75,EOD,569,NQH0,1.475
2020-01-08,2020,B,-1,500,"(0.8, 1.75)",56.25714285714286,123.0625,70.32142857142857,24.75,EOD,569,NQH0,1.475
2020-01-08,2020,B,-1,500,"(0.8, 2.0)",56.25714285714286,140.64285714285714,70.32142857142857,24.75,EOD,569,NQH0,1.475
2020-01-08,2020,B,-1,500,"(1.0, 1.5)",70.32142857142857,105.48214285714286,70.32142857142857,24.75,EOD,569,NQH0,1.475
2020-01-08,2020,B,-1,500,"(1.0, 1.75)",70.32142857142857,123.0625,70.32142857142857,24.75,EOD,569,NQH0,1.475
2020-01-08,2020,B,-1,500,"(1.0, 2.0)",70.32142857142857,140.64285714285714,70.32142857142857,24.75,EOD,569,NQH0,1.475
2020-01-08,2020,B,-1,500,"(1.2, 1.5)",84.38571428571429,105.48214285714286,70.32142857142857,24.75,EOD,569,NQH0,1.475
2020-01-08,2020,B,-1,500,"(1.2, 1.75)",84.38571428571429,123.0625,70.32142857142857,24.75,EOD,569,NQH0,1.475
2020-01-08,2020,B,-1,500,"(1.2, 2.0)",84.38571428571429,140.64285714285714,70.32142857142857,24.75,EOD,569,NQH0,1.475
2020-01-08,2020,B,-1,500,"(0.179, 0.247)",12.587535714285714,17.369392857142856,70.32142857142857,17.369392857142884,TP,528,NQH0,1.475
2020-01-14,2020,B,-1,485,"(0.8, 1.5)",69.12857142857143,129.61607142857144,86.41071428571429,5.5,EOD,569,NQH0,1.475
2020-01-14,2020,B,-1,485,"(0.8, 1.75)",69.12857142857143,151.21875,86.41071428571429,5.5,EOD,569,NQH0,1.475
2020-01-14,2020,B,-1,485,"(0.8, 2.0)",69.12857142857143,172.82142857142858,86.41071428571429,5.5,EOD,569,NQH0,1.475
2020-01-14,2020,B,-1,485,"(1.0, 1.5)",86.41071428571429,129.61607142857144,86.41071428571429,5.5,EOD,569,NQH0,1.475
2020-01-14,2020,B,-1,485,"(1.0, 1.75)",86.41071428571429,151.21875,86.41071428571429,5.5,EOD,569,NQH0,1.475
2020-01-14,2020,B,-1,485,"(1.0, 2.0)",86.41071428571429,172.82142857142858,86.41071428571429,5.5,EOD,569,NQH0,1.475
2020-01-14,2020,B,-1,485,"(1.2, 1.5)",103.69285714285715,129.61607142857144,86.41071428571429,5.5,EOD,569,NQH0,1.475
2020-01-14,2020,B,-1,485,"(1.2, 1.75)",103.69285714285715,151.21875,86.41071428571429,5.5,EOD,569,NQH0,1.475
2020-01-14,2020,B,-1,485,"(1.2, 2.0)",103.69285714285715,172.82142857142858,86.41071428571429,5.5,EOD,569,NQH0,1.475
2020-01-14,2020,B,-1,485,"(0.179, 0.247)",15.467517857142857,21.34344642857143,86.41071428571429,5.5,EOD,569,NQH0,1.475
2020-01-16,2020,B,-1,480,"(0.8, 1.5)",73.27142857142857,137.38392857142856,91.58928571428571,-4.0,EOD,569,NQH0,1.475
2020-01-16,2020,B,-1,480,"(0.8, 1.75)",73.27142857142857,160.28125,91.58928571428571,-4.0,EOD,569,NQH0,1.475
2020-01-16,2020,B,-1,480,"(0.8, 2.0)",73.27142857142857,183.17857142857142,91.58928571428571,-4.0,EOD,569,NQH0,1.475
2020-01-16,2020,B,-1,480,"(1.0, 1.5)",91.58928571428571,137.38392857142856,91.58928571428571,-4.0,EOD,569,NQH0,1.475
2020-01-16,2020,B,-1,480,"(1.0, 1.75)",91.58928571428571,160.28125,91.58928571428571,-4.0,EOD,569,NQH0,1.475
2020-01-16,2020,B,-1,480,"(1.0, 2.0)",91.58928571428571,183.17857142857142,91.58928571428571,-4.0,EOD,569,NQH0,1.475
2020-01-16,2020,B,-1,480,"(1.2, 1.5)",109.90714285714284,137.38392857142856,91.58928571428571,-4.0,EOD,569,NQH0,1.475
2020-01-16,2020,B,-1,480,"(1.2, 1.75)",109.90714285714284,160.28125,91.58928571428571,-4.0,EOD,569,NQH0,1.475
2020-01-16,2020,B,-1,480,"(1.2, 2.0)",109.90714285714284,183.17857142857142,91.58928571428571,-4.0,EOD,569,NQH0,1.475
2020-01-16,2020,B,-1,480,"(0.179, 0.247)",16.39448214285714,22.62255357142857,91.58928571428571,-4.0,EOD,569,NQH0,1.475
2020-01-23,2020,B,1,510,"(0.8, 1.5)",64.45714285714286,120.85714285714286,80.57142857142857,3.25,EOD,569,NQH0,1.475
2020-01-23,2020,B,1,510,"(0.8, 1.75)",64.45714285714286,141.0,80.57142857142857,3.25,EOD,569,NQH0,1.475
2020-01-23,2020,B,1,510,"(0.8, 2.0)",64.45714285714286,161.14285714285714,80.57142857142857,3.25,EOD,569,NQH0,1.475
2020-01-23,2020,B,1,510,"(1.0, 1.5)",80.57142857142857,120.85714285714286,80.57142857142857,3.25,EOD,569,NQH0,1.475
2020-01-23,2020,B,1,510,"(1.0, 1.75)",80.57142857142857,141.0,80.57142857142857,3.25,EOD,569,NQH0,1.475
2020-01-23,2020,B,1,510,"(1.0, 2.0)",80.57142857142857,161.14285714285714,80.57142857142857,3.25,EOD,569,NQH0,1.475
2020-01-23,2020,B,1,510,"(1.2, 1.5)",96.68571428571428,120.85714285714286,80.57142857142857,3.25,EOD,569,NQH0,1.475
2020-01-23,2020,B,1,510,"(1.2, 1.75)",96.68571428571428,141.0,80.57142857142857,3.25,EOD,569,NQH0,1.475
2020-01-23,2020,B,1,510,"(1.2, 2.0)",96.68571428571428,161.14285714285714,80.57142857142857,3.25,EOD,569,NQH0,1.475
2020-01-23,2020,B,1,510,"(0.179, 0.247)",14.422285714285714,19.901142857142858,80.57142857142857,3.25,EOD,569,NQH0,1.475
2020-02-10,2020,B,1,565,"(0.8, 1.5)",108.10000000000001,202.6875,135.125,-6.5,EOD,569,NQH0,1.475
2020-02-10,2020,B,1,565,"(0.8, 1.75)",108.10000000000001,236.46875,135.125,-6.5,EOD,569,NQH0,1.475
2020-02-10,2020,B,1,565,"(0.8, 2.0)",108.10000000000001,270.25,135.125,-6.5,EOD,569,NQH0,1.475
2020-02-10,2020,B,1,565,"(1.0, 1.5)",135.125,202.6875,135.125,-6.5,EOD,569,NQH0,1.475
2020-02-10,2020,B,1,565,"(1.0, 1.75)",135.125,236.46875,135.125,-6.5,EOD,569,NQH0,1.475
2020-02-10,2020,B,1,565,"(1.0, 2.0)",135.125,270.25,135.125,-6.5,EOD,569,NQH0,1.475
2020-02-10,2020,B,1,565,"(1.2, 1.5)",162.15,202.6875,135.125,-6.5,EOD,569,NQH0,1.475
2020-02-10,2020,B,1,565,"(1.2, 1.75)",162.15,236.46875,135.125,-6.5,EOD,569,NQH0,1.475
2020-02-10,2020,B,1,565,"(1.2, 2.0)",162.15,270.25,135.125,-6.5,EOD,569,NQH0,1.475
2020-02-10,2020,B,1,565,"(0.179, 0.247)",24.187375,33.375875,135.125,-6.5,EOD,569,NQH0,1.475
2020-02-14,2020,B,-1,430,"(0.8, 1.5)",112.77142857142859,211.44642857142858,140.96428571428572,24.25,EOD,569,NQH0,1.475
2020-02-14,2020,B,-1,430,"(0.8, 1.75)",112.77142857142859,246.6875,140.96428571428572,24.25,EOD,569,NQH0,1.475
2020-02-14,2020,B,-1,430,"(0.8, 2.0)",112.77142857142859,281.92857142857144,140.96428571428572,24.25,EOD,569,NQH0,1.475
2020-02-14,2020,B,-1,430,"(1.0, 1.5)",140.96428571428572,211.44642857142858,140.96428571428572,24.25,EOD,569,NQH0,1.475
2020-02-14,2020,B,-1,430,"(1.0, 1.75)",140.96428571428572,246.6875,140.96428571428572,24.25,EOD,569,NQH0,1.475
2020-02-14,2020,B,-1,430,"(1.0, 2.0)",140.96428571428572,281.92857142857144,140.96428571428572,24.25,EOD,569,NQH0,1.475
2020-02-14,2020,B,-1,430,"(1.2, 1.5)",169.15714285714287,211.44642857142858,140.96428571428572,24.25,EOD,569,NQH0,1.475
2020-02-14,2020,B,-1,430,"(1.2, 1.75)",169.15714285714287,246.6875,140.96428571428572,24.25,EOD,569,NQH0,1.475
2020-02-14,2020,B,-1,430,"(1.2, 2.0)",169.15714285714287,281.92857142857144,140.96428571428572,24.25,EOD,569,NQH0,1.475
2020-02-14,2020,B,-1,430,"(0.179, 0.247)",25.232607142857145,34.818178571428575,140.96428571428572,24.25,EOD,569,NQH0,1.475
2020-03-10,2020,B,-1,500,"(0.8, 1.5)",289.12857142857143,542.1160714285714,361.4107142857143,-3.0,EOD,569,NQH0,1.475
2020-03-10,2020,B,-1,500,"(0.8, 1.75)",289.12857142857143,632.46875,361.4107142857143,-3.0,EOD,569,NQH0,1.475
2020-03-10,2020,B,-1,500,"(0.8, 2.0)",289.12857142857143,722.8214285714286,361.4107142857143,-3.0,EOD,569,NQH0,1.475
2020-03-10,2020,B,-1,500,"(1.0, 1.5)",361.4107142857143,542.1160714285714,361.4107142857143,-3.0,EOD,569,NQH0,1.475
2020-03-10,2020,B,-1,500,"(1.0, 1.75)",361.4107142857143,632.46875,361.4107142857143,-3.0,EOD,569,NQH0,1.475
2020-03-10,2020,B,-1,500,"(1.0, 2.0)",361.4107142857143,722.8214285714286,361.4107142857143,-3.0,EOD,569,NQH0,1.475
2020-03-10,2020,B,-1,500,"(1.2, 1.5)",433.6928571428571,542.1160714285714,361.4107142857143,-3.0,EOD,569,NQH0,1.475
2020-03-10,2020,B,-1,500,"(1.2, 1.75)",433.6928571428571,632.46875,361.4107142857143,-3.0,EOD,569,NQH0,1.475
2020-03-10,2020,B,-1,500,"(1.2, 2.0)",433.6928571428571,722.8214285714286,361.4107142857143,-3.0,EOD,569,NQH0,1.475
2020-03-10,2020,B,-1,500,"(0.179, 0.247)",64.69251785714285,89.26844642857142,361.4107142857143,-3.0,EOD,569,NQH0,1.475
2020-03-26,2020,B,1,470,"(0.8, 1.5)",458.28571428571433,859.2857142857143,572.8571428571429,155.75,EOD,569,NQM0,1.475
2020-03-26,2020,B,1,470,"(0.8, 1.75)",458.28571428571433,1002.5,572.8571428571429,155.75,EOD,569,NQM0,1.475
2020-03-26,2020,B,1,470,"(0.8, 2.0)",458.28571428571433,1145.7142857142858,572.8571428571429,155.75,EOD,569,NQM0,1.475
2020-03-26,2020,B,1,470,"(1.0, 1.5)",572.8571428571429,859.2857142857143,572.8571428571429,155.75,EOD,569,NQM0,1.475
2020-03-26,2020,B,1,470,"(1.0, 1.75)",572.8571428571429,1002.5,572.8571428571429,155.75,EOD,569,NQM0,1.475
2020-03-26,2020,B,1,470,"(1.0, 2.0)",572.8571428571429,1145.7142857142858,572.8571428571429,155.75,EOD,569,NQM0,1.475
2020-03-26,2020,B,1,470,"(1.2, 1.5)",687.4285714285714,859.2857142857143,572.8571428571429,155.75,EOD,569,NQM0,1.475
2020-03-26,2020,B,1,470,"(1.2, 1.75)",687.4285714285714,1002.5,572.8571428571429,155.75,EOD,569,NQM0,1.475
2020-03-26,2020,B,1,470,"(1.2, 2.0)",687.4285714285714,1145.7142857142858,572.8571428571429,155.75,EOD,569,NQM0,1.475
2020-03-26,2020,B,1,470,"(0.179, 0.247)",102.54142857142857,141.49571428571429,572.8571428571429,141.4957142857147,TP,559,NQM0,1.475
2020-04-02,2020,B,1,565,"(0.8, 1.5)",399.15714285714284,748.4196428571429,498.94642857142856,12.5,EOD,569,NQM0,1.475
2020-04-02,2020,B,1,565,"(0.8, 1.75)",399.15714285714284,873.15625,498.94642857142856,12.5,EOD,569,NQM0,1.475
2020-04-02,2020,B,1,565,"(0.8, 2.0)",399.15714285714284,997.8928571428571,498.94642857142856,12.5,EOD,569,NQM0,1.475
2020-04-02,2020,B,1,565,"(1.0, 1.5)",498.94642857142856,748.4196428571429,498.94642857142856,12.5,EOD,569,NQM0,1.475
2020-04-02,2020,B,1,565,"(1.0, 1.75)",498.94642857142856,873.15625,498.94642857142856,12.5,EOD,569,NQM0,1.475
2020-04-02,2020,B,1,565,"(1.0, 2.0)",498.94642857142856,997.8928571428571,498.94642857142856,12.5,EOD,569,NQM0,1.475
2020-04-02,2020,B,1,565,"(1.2, 1.5)",598.7357142857143,748.4196428571429,498.94642857142856,12.5,EOD,569,NQM0,1.475
2020-04-02,2020,B,1,565,"(1.2, 1.75)",598.7357142857143,873.15625,498.94642857142856,12.5,EOD,569,NQM0,1.475
2020-04-02,2020,B,1,565,"(1.2, 2.0)",598.7357142857143,997.8928571428571,498.94642857142856,12.5,EOD,569,NQM0,1.475
2020-04-02,2020,B,1,565,"(0.179, 0.247)",89.31141071428571,123.23976785714285,498.94642857142856,12.5,EOD,569,NQM0,1.475
2020-04-03,2020,B,-1,485,"(0.8, 1.5)",371.22857142857146,696.0535714285714,464.0357142857143,26.25,EOD,569,NQM0,1.475
2020-04-03,2020,B,-1,485,"(0.8, 1.75)",371.22857142857146,812.0625,464.0357142857143,26.25,EOD,569,NQM0,1.475
2020-04-03,2020,B,-1,485,"(0.8, 2.0)",371.22857142857146,928.0714285714286,464.0357142857143,26.25,EOD,569,NQM0,1.475
2020-04-03,2020,B,-1,485,"(1.0, 1.5)",464.0357142857143,696.0535714285714,464.0357142857143,26.25,EOD,569,NQM0,1.475
2020-04-03,2020,B,-1,485,"(1.0, 1.75)",464.0357142857143,812.0625,464.0357142857143,26.25,EOD,569,NQM0,1.475
2020-04-03,2020,B,-1,485,"(1.0, 2.0)",464.0357142857143,928.0714285714286,464.0357142857143,26.25,EOD,569,NQM0,1.475
2020-04-03,2020,B,-1,485,"(1.2, 1.5)",556.8428571428572,696.0535714285714,464.0357142857143,26.25,EOD,569,NQM0,1.475
2020-04-03,2020,B,-1,485,"(1.2, 1.75)",556.8428571428572,812.0625,464.0357142857143,26.25,EOD,569,NQM0,1.475
2020-04-03,2020,B,-1,485,"(1.2, 2.0)",556.8428571428572,928.0714285714286,464.0357142857143,26.25,EOD,569,NQM0,1.475
2020-04-03,2020,B,-1,485,"(0.179, 0.247)",83.06239285714285,114.61682142857143,464.0357142857143,26.25,EOD,569,NQM0,1.475
2020-04-13,2020,B,1,425,"(0.8, 1.5)",267.61428571428576,501.7767857142858,334.51785714285717,32.75,EOD,569,NQM0,1.475
2020-04-13,2020,B,1,425,"(0.8, 1.75)",267.61428571428576,585.40625,334.51785714285717,32.75,EOD,569,NQM0,1.475
2020-04-13,2020,B,1,425,"(0.8, 2.0)",267.61428571428576,669.0357142857143,334.51785714285717,32.75,EOD,569,NQM0,1.475
2020-04-13,2020,B,1,425,"(1.0, 1.5)",334.51785714285717,501.7767857142858,334.51785714285717,32.75,EOD,569,NQM0,1.475
2020-04-13,2020,B,1,425,"(1.0, 1.75)",334.51785714285717,585.40625,334.51785714285717,32.75,EOD,569,NQM0,1.475
2020-04-13,2020,B,1,425,"(1.0, 2.0)",334.51785714285717,669.0357142857143,334.51785714285717,32.75,EOD,569,NQM0,1.475
2020-04-13,2020,B,1,425,"(1.2, 1.5)",401.4214285714286,501.7767857142858,334.51785714285717,32.75,EOD,569,NQM0,1.475
2020-04-13,2020,B,1,425,"(1.2, 1.75)",401.4214285714286,585.40625,334.51785714285717,32.75,EOD,569,NQM0,1.475
2020-04-13,2020,B,1,425,"(1.2, 2.0)",401.4214285714286,669.0357142857143,334.51785714285717,32.75,EOD,569,NQM0,1.475
2020-04-13,2020,B,1,425,"(0.179, 0.247)",59.87869642857143,82.62591071428572,334.51785714285717,32.75,EOD,569,NQM0,1.475
2020-04-16,2020,B,-1,510,"(0.8, 1.5)",237.17142857142858,444.69642857142856,296.4642857142857,-29.0,EOD,569,NQM0,1.475
2020-04-16,2020,B,-1,510,"(0.8, 1.75)",237.17142857142858,518.8125,296.4642857142857,-29.0,EOD,569,NQM0,1.475
2020-04-16,2020,B,-1,510,"(0.8, 2.0)",237.17142857142858,592.9285714285714,296.4642857142857,-29.0,EOD,569,NQM0,1.475
2020-04-16,2020,B,-1,510,"(1.0, 1.5)",296.4642857142857,444.69642857142856,296.4642857142857,-29.0,EOD,569,NQM0,1.475
2020-04-16,2020,B,-1,510,"(1.0, 1.75)",296.4642857142857,518.8125,296.4642857142857,-29.0,EOD,569,NQM0,1.475
2020-04-16,2020,B,-1,510,"(1.0, 2.0)",296.4642857142857,592.9285714285714,296.4642857142857,-29.0,EOD,569,NQM0,1.475
2020-04-16,2020,B,-1,510,"(1.2, 1.5)",355.75714285714287,444.69642857142856,296.4642857142857,-29.0,EOD,569,NQM0,1.475
2020-04-16,2020,B,-1,510,"(1.2, 1.75)",355.75714285714287,518.8125,296.4642857142857,-29.0,EOD,569,NQM0,1.475
2020-04-16,2020,B,-1,510,"(1.2, 2.0)",355.75714285714287,592.9285714285714,296.4642857142857,-29.0,EOD,569,NQM0,1.475
2020-04-16,2020,B,-1,510,"(0.179, 0.247)",53.06710714285714,73.22667857142858,296.4642857142857,-29.0,EOD,569,NQM0,1.475
2020-04-30,2020,B,-1,540,"(0.8, 1.5)",185.01428571428573,346.9017857142857,231.26785714285714,-23.0,EOD,569,NQM0,1.475
2020-04-30,2020,B,-1,540,"(0.8, 1.75)",185.01428571428573,404.71875,231.26785714285714,-23.0,EOD,569,NQM0,1.475
2020-04-30,2020,B,-1,540,"(0.8, 2.0)",185.01428571428573,462.5357142857143,231.26785714285714,-23.0,EOD,569,NQM0,1.475
2020-04-30,2020,B,-1,540,"(1.0, 1.5)",231.26785714285714,346.9017857142857,231.26785714285714,-23.0,EOD,569,NQM0,1.475
2020-04-30,2020,B,-1,540,"(1.0, 1.75)",231.26785714285714,404.71875,231.26785714285714,-23.0,EOD,569,NQM0,1.475
2020-04-30,2020,B,-1,540,"(1.0, 2.0)",231.26785714285714,462.5357142857143,231.26785714285714,-23.0,EOD,569,NQM0,1.475
2020-04-30,2020,B,-1,540,"(1.2, 1.5)",277.52142857142854,346.9017857142857,231.26785714285714,-23.0,EOD,569,NQM0,1.475
2020-04-30,2020,B,-1,540,"(1.2, 1.75)",277.52142857142854,404.71875,231.26785714285714,-23.0,EOD,569,NQM0,1.475
2020-04-30,2020,B,-1,540,"(1.2, 2.0)",277.52142857142854,462.5357142857143,231.26785714285714,-23.0,EOD,569,NQM0,1.475
2020-04-30,2020,B,-1,540,"(0.179, 0.247)",41.396946428571425,57.12316071428571,231.26785714285714,-23.0,EOD,569,NQM0,1.475
2020-05-13,2020,B,1,555,"(0.8, 1.5)",156.61428571428573,293.6517857142857,195.76785714285714,7.25,EOD,569,NQM0,1.475
2020-05-13,2020,B,1,555,"(0.8, 1.75)",156.61428571428573,342.59375,195.76785714285714,7.25,EOD,569,NQM0,1.475
2020-05-13,2020,B,1,555,"(0.8, 2.0)",156.61428571428573,391.5357142857143,195.76785714285714,7.25,EOD,569,NQM0,1.475
2020-05-13,2020,B,1,555,"(1.0, 1.5)",195.76785714285714,293.6517857142857,195.76785714285714,7.25,EOD,569,NQM0,1.475
2020-05-13,2020,B,1,555,"(1.0, 1.75)",195.76785714285714,342.59375,195.76785714285714,7.25,EOD,569,NQM0,1.475
2020-05-13,2020,B,1,555,"(1.0, 2.0)",195.76785714285714,391.5357142857143,195.76785714285714,7.25,EOD,569,NQM0,1.475
2020-05-13,2020,B,1,555,"(1.2, 1.5)",234.92142857142855,293.6517857142857,195.76785714285714,7.25,EOD,569,NQM0,1.475
2020-05-13,2020,B,1,555,"(1.2, 1.75)",234.92142857142855,342.59375,195.76785714285714,7.25,EOD,569,NQM0,1.475
2020-05-13,2020,B,1,555,"(1.2, 2.0)",234.92142857142855,391.5357142857143,195.76785714285714,7.25,EOD,569,NQM0,1.475
2020-05-13,2020,B,1,555,"(0.179, 0.247)",35.042446428571424,48.354660714285714,195.76785714285714,7.25,EOD,569,NQM0,1.475
2020-06-18,2020,B,1,490,"(0.8, 1.5)",169.15714285714287,317.1696428571429,211.44642857142858,18.25,EOD,569,NQU0,1.475
2020-06-18,2020,B,1,490,"(0.8, 1.75)",169.15714285714287,370.03125,211.44642857142858,18.25,EOD,569,NQU0,1.475
2020-06-18,2020,B,1,490,"(0.8, 2.0)",169.15714285714287,422.89285714285717,211.44642857142858,18.25,EOD,569,NQU0,1.475
2020-06-18,2020,B,1,490,"(1.0, 1.5)",211.44642857142858,317.1696428571429,211.44642857142858,18.25,EOD,569,NQU0,1.475
2020-06-18,2020,B,1,490,"(1.0, 1.75)",211.44642857142858,370.03125,211.44642857142858,18.25,EOD,569,NQU0,1.475
2020-06-18,2020,B,1,490,"(1.0, 2.0)",211.44642857142858,422.89285714285717,211.44642857142858,18.25,EOD,569,NQU0,1.475
2020-06-18,2020,B,1,490,"(1.2, 1.5)",253.7357142857143,317.1696428571429,211.44642857142858,18.25,EOD,569,NQU0,1.475
2020-06-18,2020,B,1,490,"(1.2, 1.75)",253.7357142857143,370.03125,211.44642857142858,18.25,EOD,569,NQU0,1.475
2020-06-18,2020,B,1,490,"(1.2, 2.0)",253.7357142857143,422.89285714285717,211.44642857142858,18.25,EOD,569,NQU0,1.475
2020-06-18,2020,B,1,490,"(0.179, 0.247)",37.848910714285715,52.22726785714286,211.44642857142858,18.25,EOD,569,NQU0,1.475
2020-06-24,2020,B,1,495,"(0.8, 1.5)",172.55714285714288,323.5446428571429,215.69642857142858,-4.75,EOD,569,NQU0,1.475
2020-06-24,2020,B,1,495,"(0.8, 1.75)",172.55714285714288,377.46875,215.69642857142858,-4.75,EOD,569,NQU0,1.475
2020-06-24,2020,B,1,495,"(0.8, 2.0)",172.55714285714288,431.39285714285717,215.69642857142858,-4.75,EOD,569,NQU0,1.475
2020-06-24,2020,B,1,495,"(1.0, 1.5)",215.69642857142858,323.5446428571429,215.69642857142858,-4.75,EOD,569,NQU0,1.475
2020-06-24,2020,B,1,495,"(1.0, 1.75)",215.69642857142858,377.46875,215.69642857142858,-4.75,EOD,569,NQU0,1.475
2020-06-24,2020,B,1,495,"(1.0, 2.0)",215.69642857142858,431.39285714285717,215.69642857142858,-4.75,EOD,569,NQU0,1.475
2020-06-24,2020,B,1,495,"(1.2, 1.5)",258.8357142857143,323.5446428571429,215.69642857142858,-4.75,EOD,569,NQU0,1.475
2020-06-24,2020,B,1,495,"(1.2, 1.75)",258.8357142857143,377.46875,215.69642857142858,-4.75,EOD,569,NQU0,1.475
2020-06-24,2020,B,1,495,"(1.2, 2.0)",258.8357142857143,431.39285714285717,215.69642857142858,-4.75,EOD,569,NQU0,1.475
2020-06-24,2020,B,1,495,"(0.179, 0.247)",38.60966071428572,53.27701785714286,215.69642857142858,-4.75,EOD,569,NQU0,1.475
2020-06-26,2020,B,-1,340,"(0.8, 1.5)",179.3,336.1875,224.125,19.25,EOD,569,NQU0,1.475
2020-06-26,2020,B,-1,340,"(0.8, 1.75)",179.3,392.21875,224.125,19.25,EOD,569,NQU0,1.475
2020-06-26,2020,B,-1,340,"(0.8, 2.0)",179.3,448.25,224.125,19.25,EOD,569,NQU0,1.475
2020-06-26,2020,B,-1,340,"(1.0, 1.5)",224.125,336.1875,224.125,19.25,EOD,569,NQU0,1.475
2020-06-26,2020,B,-1,340,"(1.0, 1.75)",224.125,392.21875,224.125,19.25,EOD,569,NQU0,1.475
2020-06-26,2020,B,-1,340,"(1.0, 2.0)",224.125,448.25,224.125,19.25,EOD,569,NQU0,1.475
2020-06-26,2020,B,-1,340,"(1.2, 1.5)",268.95,336.1875,224.125,19.25,EOD,569,NQU0,1.475
2020-06-26,2020,B,-1,340,"(1.2, 1.75)",268.95,392.21875,224.125,19.25,EOD,569,NQU0,1.475
2020-06-26,2020,B,-1,340,"(1.2, 2.0)",268.95,448.25,224.125,19.25,EOD,569,NQU0,1.475
2020-06-26,2020,B,-1,340,"(0.179, 0.247)",40.118375,55.358875,224.125,19.25,EOD,569,NQU0,1.475
2020-06-30,2020,B,-1,565,"(0.8, 1.5)",189.52857142857144,355.36607142857144,236.91071428571428,1.0,EOD,569,NQU0,1.475
2020-06-30,2020,B,-1,565,"(0.8, 1.75)",189.52857142857144,414.59375,236.91071428571428,1.0,EOD,569,NQU0,1.475
2020-06-30,2020,B,-1,565,"(0.8, 2.0)",189.52857142857144,473.82142857142856,236.91071428571428,1.0,EOD,569,NQU0,1.475
2020-06-30,2020,B,-1,565,"(1.0, 1.5)",236.91071428571428,355.36607142857144,236.91071428571428,1.0,EOD,569,NQU0,1.475
2020-06-30,2020,B,-1,565,"(1.0, 1.75)",236.91071428571428,414.59375,236.91071428571428,1.0,EOD,569,NQU0,1.475
2020-06-30,2020,B,-1,565,"(1.0, 2.0)",236.91071428571428,473.82142857142856,236.91071428571428,1.0,EOD,569,NQU0,1.475
2020-06-30,2020,B,-1,565,"(1.2, 1.5)",284.29285714285714,355.36607142857144,236.91071428571428,1.0,EOD,569,NQU0,1.475
2020-06-30,2020,B,-1,565,"(1.2, 1.75)",284.29285714285714,414.59375,236.91071428571428,1.0,EOD,569,NQU0,1.475
2020-06-30,2020,B,-1,565,"(1.2, 2.0)",284.29285714285714,473.82142857142856,236.91071428571428,1.0,EOD,569,NQU0,1.475
2020-06-30,2020,B,-1,565,"(0.179, 0.247)",42.407017857142854,58.51694642857142,236.91071428571428,1.0,EOD,569,NQU0,1.475
2020-07-02,2020,B,-1,400,"(0.8, 1.5)",173.3,324.9375,216.625,-59.5,EOD,569,NQU0,1.475
2020-07-02,2020,B,-1,400,"(0.8, 1.75)",173.3,379.09375,216.625,-59.5,EOD,569,NQU0,1.475
2020-07-02,2020,B,-1,400,"(0.8, 2.0)",173.3,433.25,216.625,-59.5,EOD,569,NQU0,1.475
2020-07-02,2020,B,-1,400,"(1.0, 1.5)",216.625,324.9375,216.625,-59.5,EOD,569,NQU0,1.475
2020-07-02,2020,B,-1,400,"(1.0, 1.75)",216.625,379.09375,216.625,-59.5,EOD,569,NQU0,1.475
2020-07-02,2020,B,-1,400,"(1.0, 2.0)",216.625,433.25,216.625,-59.5,EOD,569,NQU0,1.475
2020-07-02,2020,B,-1,400,"(1.2, 1.5)",259.95,324.9375,216.625,-59.5,EOD,569,NQU0,1.475
2020-07-02,2020,B,-1,400,"(1.2, 1.75)",259.95,379.09375,216.625,-59.5,EOD,569,NQU0,1.475
2020-07-02,2020,B,-1,400,"(1.2, 2.0)",259.95,433.25,216.625,-59.5,EOD,569,NQU0,1.475
2020-07-02,2020,B,-1,400,"(0.179, 0.247)",38.775875,53.506375,216.625,-38.77587499999936,SL,510,NQU0,1.475
2020-07-15,2020,B,-1,320,"(0.8, 1.5)",182.0857142857143,341.4107142857143,227.60714285714286,-35.75,EOD,569,NQU0,1.475
2020-07-15,2020,B,-1,320,"(0.8, 1.75)",182.0857142857143,398.3125,227.60714285714286,-35.75,EOD,569,NQU0,1.475
2020-07-15,2020,B,-1,320,"(0.8, 2.0)",182.0857142857143,455.2142857142857,227.60714285714286,-35.75,EOD,569,NQU0,1.475
2020-07-15,2020,B,-1,320,"(1.0, 1.5)",227.60714285714286,341.4107142857143,227.60714285714286,-35.75,EOD,569,NQU0,1.475
2020-07-15,2020,B,-1,320,"(1.0, 1.75)",227.60714285714286,398.3125,227.60714285714286,-35.75,EOD,569,NQU0,1.475
2020-07-15,2020,B,-1,320,"(1.0, 2.0)",227.60714285714286,455.2142857142857,227.60714285714286,-35.75,EOD,569,NQU0,1.475
2020-07-15,2020,B,-1,320,"(1.2, 1.5)",273.12857142857143,341.4107142857143,227.60714285714286,-35.75,EOD,569,NQU0,1.475
2020-07-15,2020,B,-1,320,"(1.2, 1.75)",273.12857142857143,398.3125,227.60714285714286,-35.75,EOD,569,NQU0,1.475
2020-07-15,2020,B,-1,320,"(1.2, 2.0)",273.12857142857143,455.2142857142857,227.60714285714286,-35.75,EOD,569,NQU0,1.475
2020-07-15,2020,B,-1,320,"(0.179, 0.247)",40.74167857142857,56.218964285714286,227.60714285714286,-40.741678571428565,SL,412,NQU0,1.475
2020-07-16,2020,B,1,545,"(0.8, 1.5)",182.22857142857143,341.67857142857144,227.78571428571428,-5.25,EOD,569,NQU0,1.475
2020-07-16,2020,B,1,545,"(0.8, 1.75)",182.22857142857143,398.625,227.78571428571428,-5.25,EOD,569,NQU0,1.475
2020-07-16,2020,B,1,545,"(0.8, 2.0)",182.22857142857143,455.57142857142856,227.78571428571428,-5.25,EOD,569,NQU0,1.475
2020-07-16,2020,B,1,545,"(1.0, 1.5)",227.78571428571428,341.67857142857144,227.78571428571428,-5.25,EOD,569,NQU0,1.475
2020-07-16,2020,B,1,545,"(1.0, 1.75)",227.78571428571428,398.625,227.78571428571428,-5.25,EOD,569,NQU0,1.475
2020-07-16,2020,B,1,545,"(1.0, 2.0)",227.78571428571428,455.57142857142856,227.78571428571428,-5.25,EOD,569,NQU0,1.475
2020-07-16,2020,B,1,545,"(1.2, 1.5)",273.3428571428571,341.67857142857144,227.78571428571428,-5.25,EOD,569,NQU0,1.475
2020-07-16,2020,B,1,545,"(1.2, 1.75)",273.3428571428571,398.625,227.78571428571428,-5.25,EOD,569,NQU0,1.475
2020-07-16,2020,B,1,545,"(1.2, 2.0)",273.3428571428571,455.57142857142856,227.78571428571428,-5.25,EOD,569,NQU0,1.475
2020-07-16,2020,B,1,545,"(0.179, 0.247)",40.77364285714285,56.26307142857143,227.78571428571428,-5.25,EOD,569,NQU0,1.475
2020-07-20,2020,B,-1,535,"(0.8, 1.5)",174.12857142857143,326.49107142857144,217.66071428571428,5.5,EOD,569,NQU0,1.475
2020-07-20,2020,B,-1,535,"(0.8, 1.75)",174.12857142857143,380.90625,217.66071428571428,5.5,EOD,569,NQU0,1.475
2020-07-20,2020,B,-1,535,"(0.8, 2.0)",174.12857142857143,435.32142857142856,217.66071428571428,5.5,EOD,569,NQU0,1.475
2020-07-20,2020,B,-1,535,"(1.0, 1.5)",217.66071428571428,326.49107142857144,217.66071428571428,5.5,EOD,569,NQU0,1.475
2020-07-20,2020,B,-1,535,"(1.0, 1.75)",217.66071428571428,380.90625,217.66071428571428,5.5,EOD,569,NQU0,1.475
2020-07-20,2020,B,-1,535,"(1.0, 2.0)",217.66071428571428,435.32142857142856,217.66071428571428,5.5,EOD,569,NQU0,1.475
2020-07-20,2020,B,-1,535,"(1.2, 1.5)",261.1928571428571,326.49107142857144,217.66071428571428,5.5,EOD,569,NQU0,1.475
2020-07-20,2020,B,-1,535,"(1.2, 1.75)",261.1928571428571,380.90625,217.66071428571428,5.5,EOD,569,NQU0,1.475
2020-07-20,2020,B,-1,535,"(1.2, 2.0)",261.1928571428571,435.32142857142856,217.66071428571428,5.5,EOD,569,NQU0,1.475
2020-07-20,2020,B,-1,535,"(0.179, 0.247)",38.96126785714286,53.76219642857143,217.66071428571428,5.5,EOD,569,NQU0,1.475
2020-07-23,2020,B,-1,355,"(0.8, 1.5)",182.4,342.0,228.0,57.0,EOD,569,NQU0,1.475
2020-07-23,2020,B,-1,355,"(0.8, 1.75)",182.4,399.0,228.0,57.0,EOD,569,NQU0,1.475
2020-07-23,2020,B,-1,355,"(0.8, 2.0)",182.4,456.0,228.0,57.0,EOD,569,NQU0,1.475
2020-07-23,2020,B,-1,355,"(1.0, 1.5)",228.0,342.0,228.0,57.0,EOD,569,NQU0,1.475
2020-07-23,2020,B,-1,355,"(1.0, 1.75)",228.0,399.0,228.0,57.0,EOD,569,NQU0,1.475
2020-07-23,2020,B,-1,355,"(1.0, 2.0)",228.0,456.0,228.0,57.0,EOD,569,NQU0,1.475
2020-07-23,2020,B,-1,355,"(1.2, 1.5)",273.59999999999997,342.0,228.0,57.0,EOD,569,NQU0,1.475
2020-07-23,2020,B,-1,355,"(1.2, 1.75)",273.59999999999997,399.0,228.0,57.0,EOD,569,NQU0,1.475
2020-07-23,2020,B,-1,355,"(1.2, 2.0)",273.59999999999997,456.0,228.0,57.0,EOD,569,NQU0,1.475
2020-07-23,2020,B,-1,355,"(0.179, 0.247)",40.812,56.316,228.0,56.31600000000071,TP,531,NQU0,1.475
2020-07-30,2020,B,1,515,"(0.8, 1.5)",197.14285714285714,369.6428571428571,246.42857142857142,-4.75,EOD,569,NQU0,1.475
2020-07-30,2020,B,1,515,"(0.8, 1.75)",197.14285714285714,431.25,246.42857142857142,-4.75,EOD,569,NQU0,1.475
2020-07-30,2020,B,1,515,"(0.8, 2.0)",197.14285714285714,492.85714285714283,246.42857142857142,-4.75,EOD,569,NQU0,1.475
2020-07-30,2020,B,1,515,"(1.0, 1.5)",246.42857142857142,369.6428571428571,246.42857142857142,-4.75,EOD,569,NQU0,1.475
2020-07-30,2020,B,1,515,"(1.0, 1.75)",246.42857142857142,431.25,246.42857142857142,-4.75,EOD,569,NQU0,1.475
2020-07-30,2020,B,1,515,"(1.0, 2.0)",246.42857142857142,492.85714285714283,246.42857142857142,-4.75,EOD,569,NQU0,1.475
2020-07-30,2020,B,1,515,"(1.2, 1.5)",295.71428571428567,369.6428571428571,246.42857142857142,-4.75,EOD,569,NQU0,1.475
2020-07-30,2020,B,1,515,"(1.2, 1.75)",295.71428571428567,431.25,246.42857142857142,-4.75,EOD,569,NQU0,1.475
2020-07-30,2020,B,1,515,"(1.2, 2.0)",295.71428571428567,492.85714285714283,246.42857142857142,-4.75,EOD,569,NQU0,1.475
2020-07-30,2020,B,1,515,"(0.179, 0.247)",44.11071428571428,60.86785714285714,246.42857142857142,-44.110714285714494,SL,540,NQU0,1.475
2020-08-06,2020,B,1,430,"(0.8, 1.5)",157.12857142857143,294.61607142857144,196.41071428571428,30.75,EOD,569,NQU0,1.475
2020-08-06,2020,B,1,430,"(0.8, 1.75)",157.12857142857143,343.71875,196.41071428571428,30.75,EOD,569,NQU0,1.475
2020-08-06,2020,B,1,430,"(0.8, 2.0)",157.12857142857143,392.82142857142856,196.41071428571428,30.75,EOD,569,NQU0,1.475
2020-08-06,2020,B,1,430,"(1.0, 1.5)",196.41071428571428,294.61607142857144,196.41071428571428,30.75,EOD,569,NQU0,1.475
2020-08-06,2020,B,1,430,"(1.0, 1.75)",196.41071428571428,343.71875,196.41071428571428,30.75,EOD,569,NQU0,1.475
2020-08-06,2020,B,1,430,"(1.0, 2.0)",196.41071428571428,392.82142857142856,196.41071428571428,30.75,EOD,569,NQU0,1.475
2020-08-06,2020,B,1,430,"(1.2, 1.5)",235.69285714285712,294.61607142857144,196.41071428571428,30.75,EOD,569,NQU0,1.475
2020-08-06,2020,B,1,430,"(1.2, 1.75)",235.69285714285712,343.71875,196.41071428571428,30.75,EOD,569,NQU0,1.475
2020-08-06,2020,B,1,430,"(1.2, 2.0)",235.69285714285712,392.82142857142856,196.41071428571428,30.75,EOD,569,NQU0,1.475
2020-08-06,2020,B,1,430,"(0.179, 0.247)",35.15751785714286,48.51344642857143,196.41071428571428,30.75,EOD,569,NQU0,1.475
2020-08-11,2020,B,-1,295,"(0.8, 1.5)",153.75714285714287,288.2946428571429,192.19642857142858,116.0,EOD,569,NQU0,1.475
2020-08-11,2020,B,-1,295,"(0.8, 1.75)",153.75714285714287,336.34375,192.19642857142858,116.0,EOD,569,NQU0,1.475
2020-08-11,2020,B,-1,295,"(0.8, 2.0)",153.75714285714287,384.39285714285717,192.19642857142858,116.0,EOD,569,NQU0,1.475
2020-08-11,2020,B,-1,295,"(1.0, 1.5)",192.19642857142858,288.2946428571429,192.19642857142858,116.0,EOD,569,NQU0,1.475
2020-08-11,2020,B,-1,295,"(1.0, 1.75)",192.19642857142858,336.34375,192.19642857142858,116.0,EOD,569,NQU0,1.475
2020-08-11,2020,B,-1,295,"(1.0, 2.0)",192.19642857142858,384.39285714285717,192.19642857142858,116.0,EOD,569,NQU0,1.475
2020-08-11,2020,B,-1,295,"(1.2, 1.5)",230.6357142857143,288.2946428571429,192.19642857142858,116.0,EOD,569,NQU0,1.475
2020-08-11,2020,B,-1,295,"(1.2, 1.75)",230.6357142857143,336.34375,192.19642857142858,116.0,EOD,569,NQU0,1.475
2020-08-11,2020,B,-1,295,"(1.2, 2.0)",230.6357142857143,384.39285714285717,192.19642857142858,116.0,EOD,569,NQU0,1.475
2020-08-11,2020,B,-1,295,"(0.179, 0.247)",34.40316071428572,47.47251785714286,192.19642857142858,47.47251785714252,TP,446,NQU0,1.475
2020-08-13,2020,B,-1,520,"(0.8, 1.5)",157.21428571428572,294.7767857142857,196.51785714285714,7.5,EOD,569,NQU0,1.475
2020-08-13,2020,B,-1,520,"(0.8, 1.75)",157.21428571428572,343.90625,196.51785714285714,7.5,EOD,569,NQU0,1.475
2020-08-13,2020,B,-1,520,"(0.8, 2.0)",157.21428571428572,393.0357142857143,196.51785714285714,7.5,EOD,569,NQU0,1.475
2020-08-13,2020,B,-1,520,"(1.0, 1.5)",196.51785714285714,294.7767857142857,196.51785714285714,7.5,EOD,569,NQU0,1.475
2020-08-13,2020,B,-1,520,"(1.0, 1.75)",196.51785714285714,343.90625,196.51785714285714,7.5,EOD,569,NQU0,1.475
2020-08-13,2020,B,-1,520,"(1.0, 2.0)",196.51785714285714,393.0357142857143,196.51785714285714,7.5,EOD,569,NQU0,1.475
2020-08-13,2020,B,-1,520,"(1.2, 1.5)",235.82142857142856,294.7767857142857,196.51785714285714,7.5,EOD,569,NQU0,1.475
2020-08-13,2020,B,-1,520,"(1.2, 1.75)",235.82142857142856,343.90625,196.51785714285714,7.5,EOD,569,NQU0,1.475
2020-08-13,2020,B,-1,520,"(1.2, 2.0)",235.82142857142856,393.0357142857143,196.51785714285714,7.5,EOD,569,NQU0,1.475
2020-08-13,2020,B,-1,520,"(0.179, 0.247)",35.176696428571425,48.53991071428571,196.51785714285714,7.5,EOD,569,NQU0,1.475
2020-08-17,2020,B,-1,325,"(0.8, 1.5)",143.8857142857143,269.7857142857143,179.85714285714286,-22.25,EOD,569,NQU0,1.475
2020-08-17,2020,B,-1,325,"(0.8, 1.75)",143.8857142857143,314.75,179.85714285714286,-22.25,EOD,569,NQU0,1.475
2020-08-17,2020,B,-1,325,"(0.8, 2.0)",143.8857142857143,359.7142857142857,179.85714285714286,-22.25,EOD,569,NQU0,1.475
2020-08-17,2020,B,-1,325,"(1.0, 1.5)",179.85714285714286,269.7857142857143,179.85714285714286,-22.25,EOD,569,NQU0,1.475
2020-08-17,2020,B,-1,325,"(1.0, 1.75)",179.85714285714286,314.75,179.85714285714286,-22.25,EOD,569,NQU0,1.475
2020-08-17,2020,B,-1,325,"(1.0, 2.0)",179.85714285714286,359.7142857142857,179.85714285714286,-22.25,EOD,569,NQU0,1.475
2020-08-17,2020,B,-1,325,"(1.2, 1.5)",215.82857142857142,269.7857142857143,179.85714285714286,-22.25,EOD,569,NQU0,1.475
2020-08-17,2020,B,-1,325,"(1.2, 1.75)",215.82857142857142,314.75,179.85714285714286,-22.25,EOD,569,NQU0,1.475
2020-08-17,2020,B,-1,325,"(1.2, 2.0)",215.82857142857142,359.7142857142857,179.85714285714286,-22.25,EOD,569,NQU0,1.475
2020-08-17,2020,B,-1,325,"(0.179, 0.247)",32.194428571428574,44.42471428571429,179.85714285714286,-22.25,EOD,569,NQU0,1.475
2020-08-20,2020,B,1,520,"(0.8, 1.5)",138.67142857142858,260.00892857142856,173.33928571428572,-23.5,EOD,569,NQU0,1.475
2020-08-20,2020,B,1,520,"(0.8, 1.75)",138.67142857142858,303.34375,173.33928571428572,-23.5,EOD,569,NQU0,1.475
2020-08-20,2020,B,1,520,"(0.8, 2.0)",138.67142857142858,346.67857142857144,173.33928571428572,-23.5,EOD,569,NQU0,1.475
2020-08-20,2020,B,1,520,"(1.0, 1.5)",173.33928571428572,260.00892857142856,173.33928571428572,-23.5,EOD,569,NQU0,1.475
2020-08-20,2020,B,1,520,"(1.0, 1.75)",173.33928571428572,303.34375,173.33928571428572,-23.5,EOD,569,NQU0,1.475
2020-08-20,2020,B,1,520,"(1.0, 2.0)",173.33928571428572,346.67857142857144,173.33928571428572,-23.5,EOD,569,NQU0,1.475
2020-08-20,2020,B,1,520,"(1.2, 1.5)",208.00714285714287,260.00892857142856,173.33928571428572,-23.5,EOD,569,NQU0,1.475
2020-08-20,2020,B,1,520,"(1.2, 1.75)",208.00714285714287,303.34375,173.33928571428572,-23.5,EOD,569,NQU0,1.475
2020-08-20,2020,B,1,520,"(1.2, 2.0)",208.00714285714287,346.67857142857144,173.33928571428572,-23.5,EOD,569,NQU0,1.475
2020-08-20,2020,B,1,520,"(0.179, 0.247)",31.027732142857143,42.81480357142857,173.33928571428572,-23.5,EOD,569,NQU0,1.475
2020-08-27,2020,B,-1,455,"(0.8, 1.5)",150.15714285714287,281.5446428571429,187.69642857142858,-41.5,EOD,569,NQU0,1.475
2020-08-27,2020,B,-1,455,"(0.8, 1.75)",150.15714285714287,328.46875,187.69642857142858,-41.5,EOD,569,NQU0,1.475
2020-08-27,2020,B,-1,455,"(0.8, 2.0)",150.15714285714287,375.39285714285717,187.69642857142858,-41.5,EOD,569,NQU0,1.475
2020-08-27,2020,B,-1,455,"(1.0, 1.5)",187.69642857142858,281.5446428571429,187.69642857142858,-41.5,EOD,569,NQU0,1.475
2020-08-27,2020,B,-1,455,"(1.0, 1.75)",187.69642857142858,328.46875,187.69642857142858,-41.5,EOD,569,NQU0,1.475
2020-08-27,2020,B,-1,455,"(1.0, 2.0)",187.69642857142858,375.39285714285717,187.69642857142858,-41.5,EOD,569,NQU0,1.475
2020-08-27,2020,B,-1,455,"(1.2, 1.5)",225.2357142857143,281.5446428571429,187.69642857142858,-41.5,EOD,569,NQU0,1.475
2020-08-27,2020,B,-1,455,"(1.2, 1.75)",225.2357142857143,328.46875,187.69642857142858,-41.5,EOD,569,NQU0,1.475
2020-08-27,2020,B,-1,455,"(1.2, 2.0)",225.2357142857143,375.39285714285717,187.69642857142858,-41.5,EOD,569,NQU0,1.475
2020-08-27,2020,B,-1,455,"(0.179, 0.247)",33.597660714285716,46.36101785714286,187.69642857142858,-33.59766071428567,SL,556,NQU0,1.475
2020-08-31,2020,B,-1,500,"(0.8, 1.5)",141.74285714285713,265.7678571428571,177.17857142857142,-8.25,EOD,569,NQU0,1.475
2020-08-31,2020,B,-1,500,"(0.8, 1.75)",141.74285714285713,310.0625,177.17857142857142,-8.25,EOD,569,NQU0,1.475
2020-08-31,2020,B,-1,500,"(0.8, 2.0)",141.74285714285713,354.35714285714283,177.17857142857142,-8.25,EOD,569,NQU0,1.475
2020-08-31,2020,B,-1,500,"(1.0, 1.5)",177.17857142857142,265.7678571428571,177.17857142857142,-8.25,EOD,569,NQU0,1.475
2020-08-31,2020,B,-1,500,"(1.0, 1.75)",177.17857142857142,310.0625,177.17857142857142,-8.25,EOD,569,NQU0,1.475
2020-08-31,2020,B,-1,500,"(1.0, 2.0)",177.17857142857142,354.35714285714283,177.17857142857142,-8.25,EOD,569,NQU0,1.475
2020-08-31,2020,B,-1,500,"(1.2, 1.5)",212.6142857142857,265.7678571428571,177.17857142857142,-8.25,EOD,569,NQU0,1.475
2020-08-31,2020,B,-1,500,"(1.2, 1.75)",212.6142857142857,310.0625,177.17857142857142,-8.25,EOD,569,NQU0,1.475
2020-08-31,2020,B,-1,500,"(1.2, 2.0)",212.6142857142857,354.35714285714283,177.17857142857142,-8.25,EOD,569,NQU0,1.475
2020-08-31,2020,B,-1,500,"(0.179, 0.247)",31.71496428571428,43.76310714285714,177.17857142857142,-8.25,EOD,569,NQU0,1.475
2020-09-04,2020,B,1,445,"(0.8, 1.5)",175.6857142857143,329.4107142857143,219.60714285714286,41.25,EOD,569,NQU0,1.475
2020-09-04,2020,B,1,445,"(0.8, 1.75)",175.6857142857143,384.3125,219.60714285714286,41.25,EOD,569,NQU0,1.475
2020-09-04,2020,B,1,445,"(0.8, 2.0)",175.6857142857143,439.2142857142857,219.60714285714286,41.25,EOD,569,NQU0,1.475
2020-09-04,2020,B,1,445,"(1.0, 1.5)",219.60714285714286,329.4107142857143,219.60714285714286,41.25,EOD,569,NQU0,1.475
2020-09-04,2020,B,1,445,"(1.0, 1.75)",219.60714285714286,384.3125,219.60714285714286,41.25,EOD,569,NQU0,1.475
2020-09-04,2020,B,1,445,"(1.0, 2.0)",219.60714285714286,439.2142857142857,219.60714285714286,41.25,EOD,569,NQU0,1.475
2020-09-04,2020,B,1,445,"(1.2, 1.5)",263.5285714285714,329.4107142857143,219.60714285714286,41.25,EOD,569,NQU0,1.475
2020-09-04,2020,B,1,445,"(1.2, 1.75)",263.5285714285714,384.3125,219.60714285714286,41.25,EOD,569,NQU0,1.475
2020-09-04,2020,B,1,445,"(1.2, 2.0)",263.5285714285714,439.2142857142857,219.60714285714286,41.25,EOD,569,NQU0,1.475
2020-09-04,2020,B,1,445,"(0.179, 0.247)",39.30967857142857,54.24296428571429,219.60714285714286,-39.30967857142787,SL,459,NQU0,1.475
2020-09-21,2020,B,1,455,"(0.8, 1.5)",299.42857142857144,561.4285714285714,374.2857142857143,12.25,EOD,569,NQZ0,1.475
2020-09-21,2020,B,1,455,"(0.8, 1.75)",299.42857142857144,655.0,374.2857142857143,12.25,EOD,569,NQZ0,1.475
2020-09-21,2020,B,1,455,"(0.8, 2.0)",299.42857142857144,748.5714285714286,374.2857142857143,12.25,EOD,569,NQZ0,1.475
2020-09-21,2020,B,1,455,"(1.0, 1.5)",374.2857142857143,561.4285714285714,374.2857142857143,12.25,EOD,569,NQZ0,1.475
2020-09-21,2020,B,1,455,"(1.0, 1.75)",374.2857142857143,655.0,374.2857142857143,12.25,EOD,569,NQZ0,1.475
2020-09-21,2020,B,1,455,"(1.0, 2.0)",374.2857142857143,748.5714285714286,374.2857142857143,12.25,EOD,569,NQZ0,1.475
2020-09-21,2020,B,1,455,"(1.2, 1.5)",449.1428571428571,561.4285714285714,374.2857142857143,12.25,EOD,569,NQZ0,1.475
2020-09-21,2020,B,1,455,"(1.2, 1.75)",449.1428571428571,655.0,374.2857142857143,12.25,EOD,569,NQZ0,1.475
2020-09-21,2020,B,1,455,"(1.2, 2.0)",449.1428571428571,748.5714285714286,374.2857142857143,12.25,EOD,569,NQZ0,1.475
2020-09-21,2020,B,1,455,"(0.179, 0.247)",66.99714285714285,92.44857142857143,374.2857142857143,12.25,EOD,569,NQZ0,1.475
2020-09-23,2020,B,-1,425,"(0.8, 1.5)",305.64285714285717,573.0803571428571,382.05357142857144,28.25,EOD,569,NQZ0,1.475
2020-09-23,2020,B,-1,425,"(0.8, 1.75)",305.64285714285717,668.59375,382.05357142857144,28.25,EOD,569,NQZ0,1.475
2020-09-23,2020,B,-1,425,"(0.8, 2.0)",305.64285714285717,764.1071428571429,382.05357142857144,28.25,EOD,569,NQZ0,1.475
2020-09-23,2020,B,-1,425,"(1.0, 1.5)",382.05357142857144,573.0803571428571,382.05357142857144,28.25,EOD,569,NQZ0,1.475
2020-09-23,2020,B,-1,425,"(1.0, 1.75)",382.05357142857144,668.59375,382.05357142857144,28.25,EOD,569,NQZ0,1.475
2020-09-23,2020,B,-1,425,"(1.0, 2.0)",382.05357142857144,764.1071428571429,382.05357142857144,28.25,EOD,569,NQZ0,1.475
2020-09-23,2020,B,-1,425,"(1.2, 1.5)",458.4642857142857,573.0803571428571,382.05357142857144,28.25,EOD,569,NQZ0,1.475
2020-09-23,2020,B,-1,425,"(1.2, 1.75)",458.4642857142857,668.59375,382.05357142857144,28.25,EOD,569,NQZ0,1.475
2020-09-23,2020,B,-1,425,"(1.2, 2.0)",458.4642857142857,764.1071428571429,382.05357142857144,28.25,EOD,569,NQZ0,1.475
2020-09-23,2020,B,-1,425,"(0.179, 0.247)",68.38758928571428,94.36723214285715,382.05357142857144,28.25,EOD,569,NQZ0,1.475
2020-09-29,2020,B,-1,465,"(0.8, 1.5)",258.6,484.875,323.25,14.5,EOD,569,NQZ0,1.475
2020-09-29,2020,B,-1,465,"(0.8, 1.75)",258.6,565.6875,323.25,14.5,EOD,569,NQZ0,1.475
2020-09-29,2020,B,-1,465,"(0.8, 2.0)",258.6,646.5,323.25,14.5,EOD,569,NQZ0,1.475
2020-09-29,2020,B,-1,465,"(1.0, 1.5)",323.25,484.875,323.25,14.5,EOD,569,NQZ0,1.475
2020-09-29,2020,B,-1,465,"(1.0, 1.75)",323.25,565.6875,323.25,14.5,EOD,569,NQZ0,1.475
2020-09-29,2020,B,-1,465,"(1.0, 2.0)",323.25,646.5,323.25,14.5,EOD,569,NQZ0,1.475
2020-09-29,2020,B,-1,465,"(1.2, 1.5)",387.9,484.875,323.25,14.5,EOD,569,NQZ0,1.475
2020-09-29,2020,B,-1,465,"(1.2, 1.75)",387.9,565.6875,323.25,14.5,EOD,569,NQZ0,1.475
2020-09-29,2020,B,-1,465,"(1.2, 2.0)",387.9,646.5,323.25,14.5,EOD,569,NQZ0,1.475
2020-09-29,2020,B,-1,465,"(0.179, 0.247)",57.86175,79.84275,323.25,14.5,EOD,569,NQZ0,1.475
2020-10-01,2020,B,-1,340,"(0.8, 1.5)",225.67142857142858,423.13392857142856,282.0892857142857,-30.0,EOD,569,NQZ0,1.475
2020-10-01,2020,B,-1,340,"(0.8, 1.75)",225.67142857142858,493.65625,282.0892857142857,-30.0,EOD,569,NQZ0,1.475
2020-10-01,2020,B,-1,340,"(0.8, 2.0)",225.67142857142858,564.1785714285714,282.0892857142857,-30.0,EOD,569,NQZ0,1.475
2020-10-01,2020,B,-1,340,"(1.0, 1.5)",282.0892857142857,423.13392857142856,282.0892857142857,-30.0,EOD,569,NQZ0,1.475
2020-10-01,2020,B,-1,340,"(1.0, 1.75)",282.0892857142857,493.65625,282.0892857142857,-30.0,EOD,569,NQZ0,1.475
2020-10-01,2020,B,-1,340,"(1.0, 2.0)",282.0892857142857,564.1785714285714,282.0892857142857,-30.0,EOD,569,NQZ0,1.475
2020-10-01,2020,B,-1,340,"(1.2, 1.5)",338.50714285714287,423.13392857142856,282.0892857142857,-30.0,EOD,569,NQZ0,1.475
2020-10-01,2020,B,-1,340,"(1.2, 1.75)",338.50714285714287,493.65625,282.0892857142857,-30.0,EOD,569,NQZ0,1.475
2020-10-01,2020,B,-1,340,"(1.2, 2.0)",338.50714285714287,564.1785714285714,282.0892857142857,-30.0,EOD,569,NQZ0,1.475
2020-10-01,2020,B,-1,340,"(0.179, 0.247)",50.49398214285714,69.67605357142857,282.0892857142857,-50.49398214285793,SL,475,NQZ0,1.475
2020-10-09,2020,B,-1,305,"(0.8, 1.5)",204.31428571428572,383.0892857142857,255.39285714285714,-29.5,EOD,569,NQZ0,1.475
2020-10-09,2020,B,-1,305,"(0.8, 1.75)",204.31428571428572,446.9375,255.39285714285714,-29.5,EOD,569,NQZ0,1.475
2020-10-09,2020,B,-1,305,"(0.8, 2.0)",204.31428571428572,510.7857142857143,255.39285714285714,-29.5,EOD,569,NQZ0,1.475
2020-10-09,2020,B,-1,305,"(1.0, 1.5)",255.39285714285714,383.0892857142857,255.39285714285714,-29.5,EOD,569,NQZ0,1.475
2020-10-09,2020,B,-1,305,"(1.0, 1.75)",255.39285714285714,446.9375,255.39285714285714,-29.5,EOD,569,NQZ0,1.475
2020-10-09,2020,B,-1,305,"(1.0, 2.0)",255.39285714285714,510.7857142857143,255.39285714285714,-29.5,EOD,569,NQZ0,1.475
2020-10-09,2020,B,-1,305,"(1.2, 1.5)",306.47142857142853,383.0892857142857,255.39285714285714,-29.5,EOD,569,NQZ0,1.475
2020-10-09,2020,B,-1,305,"(1.2, 1.75)",306.47142857142853,446.9375,255.39285714285714,-29.5,EOD,569,NQZ0,1.475
2020-10-09,2020,B,-1,305,"(1.2, 2.0)",306.47142857142853,510.7857142857143,255.39285714285714,-29.5,EOD,569,NQZ0,1.475
2020-10-09,2020,B,-1,305,"(0.179, 0.247)",45.71532142857143,63.08203571428571,255.39285714285714,-29.5,EOD,569,NQZ0,1.475
2020-10-21,2020,B,1,305,"(0.8, 1.5)",200.12857142857143,375.24107142857144,250.16071428571428,66.5,EOD,569,NQZ0,1.475
2020-10-21,2020,B,1,305,"(0.8, 1.75)",200.12857142857143,437.78125,250.16071428571428,66.5,EOD,569,NQZ0,1.475
2020-10-21,2020,B,1,305,"(0.8, 2.0)",200.12857142857143,500.32142857142856,250.16071428571428,66.5,EOD,569,NQZ0,1.475
2020-10-21,2020,B,1,305,"(1.0, 1.5)",250.16071428571428,375.24107142857144,250.16071428571428,66.5,EOD,569,NQZ0,1.475
2020-10-21,2020,B,1,305,"(1.0, 1.75)",250.16071428571428,437.78125,250.16071428571428,66.5,EOD,569,NQZ0,1.475
2020-10-21,2020,B,1,305,"(1.0, 2.0)",250.16071428571428,500.32142857142856,250.16071428571428,66.5,EOD,569,NQZ0,1.475
2020-10-21,2020,B,1,305,"(1.2, 1.5)",300.1928571428571,375.24107142857144,250.16071428571428,66.5,EOD,569,NQZ0,1.475
2020-10-21,2020,B,1,305,"(1.2, 1.75)",300.1928571428571,437.78125,250.16071428571428,66.5,EOD,569,NQZ0,1.475
2020-10-21,2020,B,1,305,"(1.2, 2.0)",300.1928571428571,500.32142857142856,250.16071428571428,66.5,EOD,569,NQZ0,1.475
2020-10-21,2020,B,1,305,"(0.179, 0.247)",44.77876785714285,61.789696428571425,250.16071428571428,61.789696428571915,TP,337,NQZ0,1.475
2020-11-11,2020,B,-1,375,"(0.8, 1.5)",255.72857142857143,479.49107142857144,319.6607142857143,26.0,EOD,569,NQZ0,1.475
2020-11-11,2020,B,-1,375,"(0.8, 1.75)",255.72857142857143,559.40625,319.6607142857143,26.0,EOD,569,NQZ0,1.475
2020-11-11,2020,B,-1,375,"(0.8, 2.0)",255.72857142857143,639.3214285714286,319.6607142857143,26.0,EOD,569,NQZ0,1.475
2020-11-11,2020,B,-1,375,"(1.0, 1.5)",319.6607142857143,479.49107142857144,319.6607142857143,26.0,EOD,569,NQZ0,1.475
2020-11-11,2020,B,-1,375,"(1.0, 1.75)",319.6607142857143,559.40625,319.6607142857143,26.0,EOD,569,NQZ0,1.475
2020-11-11,2020,B,-1,375,"(1.0, 2.0)",319.6607142857143,639.3214285714286,319.6607142857143,26.0,EOD,569,NQZ0,1.475
2020-11-11,2020,B,-1,375,"(1.2, 1.5)",383.5928571428571,479.49107142857144,319.6607142857143,26.0,EOD,569,NQZ0,1.475
2020-11-11,2020,B,-1,375,"(1.2, 1.75)",383.5928571428571,559.40625,319.6607142857143,26.0,EOD,569,NQZ0,1.475
2020-11-11,2020,B,-1,375,"(1.2, 2.0)",383.5928571428571,639.3214285714286,319.6607142857143,26.0,EOD,569,NQZ0,1.475
2020-11-11,2020,B,-1,375,"(0.179, 0.247)",57.21926785714285,78.95619642857143,319.6607142857143,26.0,EOD,569,NQZ0,1.475
2020-11-16,2020,B,-1,425,"(0.8, 1.5)",251.98571428571427,472.4732142857142,314.98214285714283,28.5,EOD,569,NQZ0,1.475
2020-11-16,2020,B,-1,425,"(0.8, 1.75)",251.98571428571427,551.21875,314.98214285714283,28.5,EOD,569,NQZ0,1.475
2020-11-16,2020,B,-1,425,"(0.8, 2.0)",251.98571428571427,629.9642857142857,314.98214285714283,28.5,EOD,569,NQZ0,1.475
2020-11-16,2020,B,-1,425,"(1.0, 1.5)",314.98214285714283,472.4732142857142,314.98214285714283,28.5,EOD,569,NQZ0,1.475
2020-11-16,2020,B,-1,425,"(1.0, 1.75)",314.98214285714283,551.21875,314.98214285714283,28.5,EOD,569,NQZ0,1.475
2020-11-16,2020,B,-1,425,"(1.0, 2.0)",314.98214285714283,629.9642857142857,314.98214285714283,28.5,EOD,569,NQZ0,1.475
2020-11-16,2020,B,-1,425,"(1.2, 1.5)",377.9785714285714,472.4732142857142,314.98214285714283,28.5,EOD,569,NQZ0,1.475
2020-11-16,2020,B,-1,425,"(1.2, 1.75)",377.9785714285714,551.21875,314.98214285714283,28.5,EOD,569,NQZ0,1.475
2020-11-16,2020,B,-1,425,"(1.2, 2.0)",377.9785714285714,629.9642857142857,314.98214285714283,28.5,EOD,569,NQZ0,1.475
2020-11-16,2020,B,-1,425,"(0.179, 0.247)",56.38180357142856,77.80058928571428,314.98214285714283,77.80058928571452,TP,443,NQZ0,1.475
2020-11-17,2020,B,-1,515,"(0.8, 1.5)",252.5,473.4375,315.625,-9.5,EOD,569,NQZ0,1.475
2020-11-17,2020,B,-1,515,"(0.8, 1.75)",252.5,552.34375,315.625,-9.5,EOD,569,NQZ0,1.475
2020-11-17,2020,B,-1,515,"(0.8, 2.0)",252.5,631.25,315.625,-9.5,EOD,569,NQZ0,1.475
2020-11-17,2020,B,-1,515,"(1.0, 1.5)",315.625,473.4375,315.625,-9.5,EOD,569,NQZ0,1.475
2020-11-17,2020,B,-1,515,"(1.0, 1.75)",315.625,552.34375,315.625,-9.5,EOD,569,NQZ0,1.475
2020-11-17,2020,B,-1,515,"(1.0, 2.0)",315.625,631.25,315.625,-9.5,EOD,569,NQZ0,1.475
2020-11-17,2020,B,-1,515,"(1.2, 1.5)",378.75,473.4375,315.625,-9.5,EOD,569,NQZ0,1.475
2020-11-17,2020,B,-1,515,"(1.2, 1.75)",378.75,552.34375,315.625,-9.5,EOD,569,NQZ0,1.475
2020-11-17,2020,B,-1,515,"(1.2, 2.0)",378.75,631.25,315.625,-9.5,EOD,569,NQZ0,1.475
2020-11-17,2020,B,-1,515,"(0.179, 0.247)",56.496874999999996,77.959375,315.625,-9.5,EOD,569,NQZ0,1.475
2021-01-12,2021,B,1,540,"(0.8, 1.5)",146.9,275.4375,183.625,19.5,EOD,569,NQH1,1.1
2021-01-12,2021,B,1,540,"(0.8, 1.75)",146.9,321.34375,183.625,19.5,EOD,569,NQH1,1.1
2021-01-12,2021,B,1,540,"(0.8, 2.0)",146.9,367.25,183.625,19.5,EOD,569,NQH1,1.1
2021-01-12,2021,B,1,540,"(1.0, 1.5)",183.625,275.4375,183.625,19.5,EOD,569,NQH1,1.1
2021-01-12,2021,B,1,540,"(1.0, 1.75)",183.625,321.34375,183.625,19.5,EOD,569,NQH1,1.1
2021-01-12,2021,B,1,540,"(1.0, 2.0)",183.625,367.25,183.625,19.5,EOD,569,NQH1,1.1
2021-01-12,2021,B,1,540,"(1.2, 1.5)",220.35,275.4375,183.625,19.5,EOD,569,NQH1,1.1
2021-01-12,2021,B,1,540,"(1.2, 1.75)",220.35,321.34375,183.625,19.5,EOD,569,NQH1,1.1
2021-01-12,2021,B,1,540,"(1.2, 2.0)",220.35,367.25,183.625,19.5,EOD,569,NQH1,1.1
2021-01-12,2021,B,1,540,"(0.179, 0.247)",32.868874999999996,45.355375,183.625,19.5,EOD,569,NQH1,1.1
2021-01-28,2021,B,1,480,"(0.8, 1.5)",158.25714285714287,296.7321428571429,197.82142857142858,132.5,EOD,569,NQH1,1.1
2021-01-28,2021,B,1,480,"(0.8, 1.75)",158.25714285714287,346.1875,197.82142857142858,132.5,EOD,569,NQH1,1.1
2021-01-28,2021,B,1,480,"(0.8, 2.0)",158.25714285714287,395.64285714285717,197.82142857142858,132.5,EOD,569,NQH1,1.1
2021-01-28,2021,B,1,480,"(1.0, 1.5)",197.82142857142858,296.7321428571429,197.82142857142858,132.5,EOD,569,NQH1,1.1
2021-01-28,2021,B,1,480,"(1.0, 1.75)",197.82142857142858,346.1875,197.82142857142858,132.5,EOD,569,NQH1,1.1
2021-01-28,2021,B,1,480,"(1.0, 2.0)",197.82142857142858,395.64285714285717,197.82142857142858,132.5,EOD,569,NQH1,1.1
2021-01-28,2021,B,1,480,"(1.2, 1.5)",237.3857142857143,296.7321428571429,197.82142857142858,132.5,EOD,569,NQH1,1.1
2021-01-28,2021,B,1,480,"(1.2, 1.75)",237.3857142857143,346.1875,197.82142857142858,132.5,EOD,569,NQH1,1.1
2021-01-28,2021,B,1,480,"(1.2, 2.0)",237.3857142857143,395.64285714285717,197.82142857142858,132.5,EOD,569,NQH1,1.1
2021-01-28,2021,B,1,480,"(0.179, 0.247)",35.41003571428571,48.86189285714286,197.82142857142858,-35.410035714285186,SL,494,NQH1,1.1
2021-01-29,2021,B,1,530,"(0.8, 1.5)",163.70000000000002,306.9375,204.625,-47.5,EOD,569,NQH1,1.1
2021-01-29,2021,B,1,530,"(0.8, 1.75)",163.70000000000002,358.09375,204.625,-47.5,EOD,569,NQH1,1.1
2021-01-29,2021,B,1,530,"(0.8, 2.0)",163.70000000000002,409.25,204.625,-47.5,EOD,569,NQH1,1.1
2021-01-29,2021,B,1,530,"(1.0, 1.5)",204.625,306.9375,204.625,-47.5,EOD,569,NQH1,1.1
2021-01-29,2021,B,1,530,"(1.0, 1.75)",204.625,358.09375,204.625,-47.5,EOD,569,NQH1,1.1
2021-01-29,2021,B,1,530,"(1.0, 2.0)",204.625,409.25,204.625,-47.5,EOD,569,NQH1,1.1
2021-01-29,2021,B,1,530,"(1.2, 1.5)",245.54999999999998,306.9375,204.625,-47.5,EOD,569,NQH1,1.1
2021-01-29,2021,B,1,530,"(1.2, 1.75)",245.54999999999998,358.09375,204.625,-47.5,EOD,569,NQH1,1.1
2021-01-29,2021,B,1,530,"(1.2, 2.0)",245.54999999999998,409.25,204.625,-47.5,EOD,569,NQH1,1.1
2021-01-29,2021,B,1,530,"(0.179, 0.247)",36.627874999999996,50.542375,204.625,-36.62787500000013,SL,540,NQH1,1.1
2021-02-10,2021,B,-1,420,"(0.8, 1.5)",173.2857142857143,324.9107142857143,216.60714285714286,-19.25,EOD,569,NQH1,1.1
2021-02-10,2021,B,-1,420,"(0.8, 1.75)",173.2857142857143,379.0625,216.60714285714286,-19.25,EOD,569,NQH1,1.1
2021-02-10,2021,B,-1,420,"(0.8, 2.0)",173.2857142857143,433.2142857142857,216.60714285714286,-19.25,EOD,569,NQH1,1.1
2021-02-10,2021,B,-1,420,"(1.0, 1.5)",216.60714285714286,324.9107142857143,216.60714285714286,-19.25,EOD,569,NQH1,1.1
2021-02-10,2021,B,-1,420,"(1.0, 1.75)",216.60714285714286,379.0625,216.60714285714286,-19.25,EOD,569,NQH1,1.1
2021-02-10,2021,B,-1,420,"(1.0, 2.0)",216.60714285714286,433.2142857142857,216.60714285714286,-19.25,EOD,569,NQH1,1.1
2021-02-10,2021,B,-1,420,"(1.2, 1.5)",259.92857142857144,324.9107142857143,216.60714285714286,-19.25,EOD,569,NQH1,1.1
2021-02-10,2021,B,-1,420,"(1.2, 1.75)",259.92857142857144,379.0625,216.60714285714286,-19.25,EOD,569,NQH1,1.1
2021-02-10,2021,B,-1,420,"(1.2, 2.0)",259.92857142857144,433.2142857142857,216.60714285714286,-19.25,EOD,569,NQH1,1.1
2021-02-10,2021,B,-1,420,"(0.179, 0.247)",38.77267857142857,53.50196428571429,216.60714285714286,-19.25,EOD,569,NQH1,1.1
2021-02-16,2021,B,-1,485,"(0.8, 1.5)",168.52857142857144,315.99107142857144,210.66071428571428,33.25,EOD,569,NQH1,1.1
2021-02-16,2021,B,-1,485,"(0.8, 1.75)",168.52857142857144,368.65625,210.66071428571428,33.25,EOD,569,NQH1,1.1
2021-02-16,2021,B,-1,485,"(0.8, 2.0)",168.52857142857144,421.32142857142856,210.66071428571428,33.25,EOD,569,NQH1,1.1
2021-02-16,2021,B,-1,485,"(1.0, 1.5)",210.66071428571428,315.99107142857144,210.66071428571428,33.25,EOD,569,NQH1,1.1
2021-02-16,2021,B,-1,485,"(1.0, 1.75)",210.66071428571428,368.65625,210.66071428571428,33.25,EOD,569,NQH1,1.1
2021-02-16,2021,B,-1,485,"(1.0, 2.0)",210.66071428571428,421.32142857142856,210.66071428571428,33.25,EOD,569,NQH1,1.1
2021-02-16,2021,B,-1,485,"(1.2, 1.5)",252.79285714285712,315.99107142857144,210.66071428571428,33.25,EOD,569,NQH1,1.1
2021-02-16,2021,B,-1,485,"(1.2, 1.75)",252.79285714285712,368.65625,210.66071428571428,33.25,EOD,569,NQH1,1.1
2021-02-16,2021,B,-1,485,"(1.2, 2.0)",252.79285714285712,421.32142857142856,210.66071428571428,33.25,EOD,569,NQH1,1.1
2021-02-16,2021,B,-1,485,"(0.179, 0.247)",37.70826785714286,52.03319642857143,210.66071428571428,33.25,EOD,569,NQH1,1.1
2021-02-17,2021,B,1,510,"(0.8, 1.5)",151.14285714285714,283.3928571428571,188.92857142857142,-78.5,EOD,569,NQH1,1.1
2021-02-17,2021,B,1,510,"(0.8, 1.75)",151.14285714285714,330.625,188.92857142857142,-78.5,EOD,569,NQH1,1.1
2021-02-17,2021,B,1,510,"(0.8, 2.0)",151.14285714285714,377.85714285714283,188.92857142857142,-78.5,EOD,569,NQH1,1.1
2021-02-17,2021,B,1,510,"(1.0, 1.5)",188.92857142857142,283.3928571428571,188.92857142857142,-78.5,EOD,569,NQH1,1.1
2021-02-17,2021,B,1,510,"(1.0, 1.75)",188.92857142857142,330.625,188.92857142857142,-78.5,EOD,569,NQH1,1.1
2021-02-17,2021,B,1,510,"(1.0, 2.0)",188.92857142857142,377.85714285714283,188.92857142857142,-78.5,EOD,569,NQH1,1.1
2021-02-17,2021,B,1,510,"(1.2, 1.5)",226.7142857142857,283.3928571428571,188.92857142857142,-78.5,EOD,569,NQH1,1.1
2021-02-17,2021,B,1,510,"(1.2, 1.75)",226.7142857142857,330.625,188.92857142857142,-78.5,EOD,569,NQH1,1.1
2021-02-17,2021,B,1,510,"(1.2, 2.0)",226.7142857142857,377.85714285714283,188.92857142857142,-78.5,EOD,569,NQH1,1.1
2021-02-17,2021,B,1,510,"(0.179, 0.247)",33.818214285714284,46.66535714285714,188.92857142857142,-33.81821428571493,SL,531,NQH1,1.1
2021-02-18,2021,B,1,545,"(0.8, 1.5)",148.12857142857143,277.74107142857144,185.16071428571428,0.5,EOD,569,NQH1,1.1
2021-02-18,2021,B,1,545,"(0.8, 1.75)",148.12857142857143,324.03125,185.16071428571428,0.5,EOD,569,NQH1,1.1
2021-02-18,2021,B,1,545,"(0.8, 2.0)",148.12857142857143,370.32142857142856,185.16071428571428,0.5,EOD,569,NQH1,1.1
2021-02-18,2021,B,1,545,"(1.0, 1.5)",185.16071428571428,277.74107142857144,185.16071428571428,0.5,EOD,569,NQH1,1.1
2021-02-18,2021,B,1,545,"(1.0, 1.75)",185.16071428571428,324.03125,185.16071428571428,0.5,EOD,569,NQH1,1.1
2021-02-18,2021,B,1,545,"(1.0, 2.0)",185.16071428571428,370.32142857142856,185.16071428571428,0.5,EOD,569,NQH1,1.1
2021-02-18,2021,B,1,545,"(1.2, 1.5)",222.19285714285712,277.74107142857144,185.16071428571428,0.5,EOD,569,NQH1,1.1
2021-02-18,2021,B,1,545,"(1.2, 1.75)",222.19285714285712,324.03125,185.16071428571428,0.5,EOD,569,NQH1,1.1
2021-02-18,2021,B,1,545,"(1.2, 2.0)",222.19285714285712,370.32142857142856,185.16071428571428,0.5,EOD,569,NQH1,1.1
2021-02-18,2021,B,1,545,"(0.179, 0.247)",33.143767857142855,45.734696428571425,185.16071428571428,0.5,EOD,569,NQH1,1.1
2021-02-24,2021,B,-1,455,"(0.8, 1.5)",154.9,290.4375,193.625,172.75,EOD,569,NQH1,1.1
2021-02-24,2021,B,-1,455,"(0.8, 1.75)",154.9,338.84375,193.625,172.75,EOD,569,NQH1,1.1
2021-02-24,2021,B,-1,455,"(0.8, 2.0)",154.9,387.25,193.625,172.75,EOD,569,NQH1,1.1
2021-02-24,2021,B,-1,455,"(1.0, 1.5)",193.625,290.4375,193.625,172.75,EOD,569,NQH1,1.1
2021-02-24,2021,B,-1,455,"(1.0, 1.75)",193.625,338.84375,193.625,172.75,EOD,569,NQH1,1.1
2021-02-24,2021,B,-1,455,"(1.0, 2.0)",193.625,387.25,193.625,172.75,EOD,569,NQH1,1.1
2021-02-24,2021,B,-1,455,"(1.2, 1.5)",232.35,290.4375,193.625,172.75,EOD,569,NQH1,1.1
2021-02-24,2021,B,-1,455,"(1.2, 1.75)",232.35,338.84375,193.625,172.75,EOD,569,NQH1,1.1
2021-02-24,2021,B,-1,455,"(1.2, 2.0)",232.35,387.25,193.625,172.75,EOD,569,NQH1,1.1
2021-02-24,2021,B,-1,455,"(0.179, 0.247)",34.658875,47.825375,193.625,-34.65887499999917,SL,469,NQH1,1.1
2021-03-01,2021,B,-1,550,"(0.8, 1.5)",202.9,380.4375,253.625,-38.0,EOD,569,NQH1,1.1
2021-03-01,2021,B,-1,550,"(0.8, 1.75)",202.9,443.84375,253.625,-38.0,EOD,569,NQH1,1.1
2021-03-01,2021,B,-1,550,"(0.8, 2.0)",202.9,507.25,253.625,-38.0,EOD,569,NQH1,1.1
2021-03-01,2021,B,-1,550,"(1.0, 1.5)",253.625,380.4375,253.625,-38.0,EOD,569,NQH1,1.1
2021-03-01,2021,B,-1,550,"(1.0, 1.75)",253.625,443.84375,253.625,-38.0,EOD,569,NQH1,1.1
2021-03-01,2021,B,-1,550,"(1.0, 2.0)",253.625,507.25,253.625,-38.0,EOD,569,NQH1,1.1
2021-03-01,2021,B,-1,550,"(1.2, 1.5)",304.34999999999997,380.4375,253.625,-38.0,EOD,569,NQH1,1.1
2021-03-01,2021,B,-1,550,"(1.2, 1.75)",304.34999999999997,443.84375,253.625,-38.0,EOD,569,NQH1,1.1
2021-03-01,2021,B,-1,550,"(1.2, 2.0)",304.34999999999997,507.25,253.625,-38.0,EOD,569,NQH1,1.1
2021-03-01,2021,B,-1,550,"(0.179, 0.247)",45.398875,62.645375,253.625,-38.0,EOD,569,NQH1,1.1
2021-03-04,2021,B,1,515,"(0.8, 1.5)",235.8714285714286,442.25892857142856,294.8392857142857,-18.75,EOD,569,NQH1,1.1
2021-03-04,2021,B,1,515,"(0.8, 1.75)",235.8714285714286,515.96875,294.8392857142857,-18.75,EOD,569,NQH1,1.1
2021-03-04,2021,B,1,515,"(0.8, 2.0)",235.8714285714286,589.6785714285714,294.8392857142857,-18.75,EOD,569,NQH1,1.1
2021-03-04,2021,B,1,515,"(1.0, 1.5)",294.8392857142857,442.25892857142856,294.8392857142857,-18.75,EOD,569,NQH1,1.1
2021-03-04,2021,B,1,515,"(1.0, 1.75)",294.8392857142857,515.96875,294.8392857142857,-18.75,EOD,569,NQH1,1.1
2021-03-04,2021,B,1,515,"(1.0, 2.0)",294.8392857142857,589.6785714285714,294.8392857142857,-18.75,EOD,569,NQH1,1.1
2021-03-04,2021,B,1,515,"(1.2, 1.5)",353.8071428571429,442.25892857142856,294.8392857142857,-18.75,EOD,569,NQH1,1.1
2021-03-04,2021,B,1,515,"(1.2, 1.75)",353.8071428571429,515.96875,294.8392857142857,-18.75,EOD,569,NQH1,1.1
2021-03-04,2021,B,1,515,"(1.2, 2.0)",353.8071428571429,589.6785714285714,294.8392857142857,-18.75,EOD,569,NQH1,1.1
2021-03-04,2021,B,1,515,"(0.179, 0.247)",52.77623214285714,72.82530357142858,294.8392857142857,-18.75,EOD,569,NQH1,1.1
2021-03-10,2021,B,-1,520,"(0.8, 1.5)",313.72857142857146,588.2410714285714,392.1607142857143,-114.0,EOD,569,NQH1,1.1
2021-03-10,2021,B,-1,520,"(0.8, 1.75)",313.72857142857146,686.28125,392.1607142857143,-114.0,EOD,569,NQH1,1.1
2021-03-10,2021,B,-1,520,"(0.8, 2.0)",313.72857142857146,784.3214285714286,392.1607142857143,-114.0,EOD,569,NQH1,1.1
2021-03-10,2021,B,-1,520,"(1.0, 1.5)",392.1607142857143,588.2410714285714,392.1607142857143,-114.0,EOD,569,NQH1,1.1
2021-03-10,2021,B,-1,520,"(1.0, 1.75)",392.1607142857143,686.28125,392.1607142857143,-114.0,EOD,569,NQH1,1.1
2021-03-10,2021,B,-1,520,"(1.0, 2.0)",392.1607142857143,784.3214285714286,392.1607142857143,-114.0,EOD,569,NQH1,1.1
2021-03-10,2021,B,-1,520,"(1.2, 1.5)",470.5928571428571,588.2410714285714,392.1607142857143,-114.0,EOD,569,NQH1,1.1
2021-03-10,2021,B,-1,520,"(1.2, 1.75)",470.5928571428571,686.28125,392.1607142857143,-114.0,EOD,569,NQH1,1.1
2021-03-10,2021,B,-1,520,"(1.2, 2.0)",470.5928571428571,784.3214285714286,392.1607142857143,-114.0,EOD,569,NQH1,1.1
2021-03-10,2021,B,-1,520,"(0.179, 0.247)",70.19676785714286,96.86369642857143,392.1607142857143,-70.19676785714364,SL,546,NQH1,1.1
2021-03-25,2021,B,1,455,"(0.8, 1.5)",262.41428571428577,492.0267857142858,328.01785714285717,-71.25,EOD,569,NQM1,1.1
2021-03-25,2021,B,1,455,"(0.8, 1.75)",262.41428571428577,574.03125,328.01785714285717,-71.25,EOD,569,NQM1,1.1
2021-03-25,2021,B,1,455,"(0.8, 2.0)",262.41428571428577,656.0357142857143,328.01785714285717,-71.25,EOD,569,NQM1,1.1
2021-03-25,2021,B,1,455,"(1.0, 1.5)",328.01785714285717,492.0267857142858,328.01785714285717,-71.25,EOD,569,NQM1,1.1
2021-03-25,2021,B,1,455,"(1.0, 1.75)",328.01785714285717,574.03125,328.01785714285717,-71.25,EOD,569,NQM1,1.1
2021-03-25,2021,B,1,455,"(1.0, 2.0)",328.01785714285717,656.0357142857143,328.01785714285717,-71.25,EOD,569,NQM1,1.1
2021-03-25,2021,B,1,455,"(1.2, 1.5)",393.62142857142857,492.0267857142858,328.01785714285717,-71.25,EOD,569,NQM1,1.1
2021-03-25,2021,B,1,455,"(1.2, 1.75)",393.62142857142857,574.03125,328.01785714285717,-71.25,EOD,569,NQM1,1.1
2021-03-25,2021,B,1,455,"(1.2, 2.0)",393.62142857142857,656.0357142857143,328.01785714285717,-71.25,EOD,569,NQM1,1.1
2021-03-25,2021,B,1,455,"(0.179, 0.247)",58.71519642857143,81.02041071428572,328.01785714285717,-58.71519642857129,SL,474,NQM1,1.1
2021-04-07,2021,B,1,530,"(0.8, 1.5)",203.3714285714286,381.32142857142856,254.21428571428572,10.25,EOD,569,NQM1,1.1
2021-04-07,2021,B,1,530,"(0.8, 1.75)",203.3714285714286,444.875,254.21428571428572,10.25,EOD,569,NQM1,1.1
2021-04-07,2021,B,1,530,"(0.8, 2.0)",203.3714285714286,508.42857142857144,254.21428571428572,10.25,EOD,569,NQM1,1.1
2021-04-07,2021,B,1,530,"(1.0, 1.5)",254.21428571428572,381.32142857142856,254.21428571428572,10.25,EOD,569,NQM1,1.1
2021-04-07,2021,B,1,530,"(1.0, 1.75)",254.21428571428572,444.875,254.21428571428572,10.25,EOD,569,NQM1,1.1
2021-04-07,2021,B,1,530,"(1.0, 2.0)",254.21428571428572,508.42857142857144,254.21428571428572,10.25,EOD,569,NQM1,1.1
2021-04-07,2021,B,1,530,"(1.2, 1.5)",305.0571428571429,381.32142857142856,254.21428571428572,10.25,EOD,569,NQM1,1.1
2021-04-07,2021,B,1,530,"(1.2, 1.75)",305.0571428571429,444.875,254.21428571428572,10.25,EOD,569,NQM1,1.1
2021-04-07,2021,B,1,530,"(1.2, 2.0)",305.0571428571429,508.42857142857144,254.21428571428572,10.25,EOD,569,NQM1,1.1
2021-04-07,2021,B,1,530,"(0.179, 0.247)",45.504357142857145,62.79092857142857,254.21428571428572,10.25,EOD,569,NQM1,1.1
2021-04-19,2021,B,1,560,"(0.8, 1.5)",145.84285714285713,273.4553571428571,182.30357142857142,7.75,EOD,569,NQM1,1.1
2021-04-19,2021,B,1,560,"(0.8, 1.75)",145.84285714285713,319.03125,182.30357142857142,7.75,EOD,569,NQM1,1.1
2021-04-19,2021,B,1,560,"(0.8, 2.0)",145.84285714285713,364.60714285714283,182.30357142857142,7.75,EOD,569,NQM1,1.1
2021-04-19,2021,B,1,560,"(1.0, 1.5)",182.30357142857142,273.4553571428571,182.30357142857142,7.75,EOD,569,NQM1,1.1
2021-04-19,2021,B,1,560,"(1.0, 1.75)",182.30357142857142,319.03125,182.30357142857142,7.75,EOD,569,NQM1,1.1
2021-04-19,2021,B,1,560,"(1.0, 2.0)",182.30357142857142,364.60714285714283,182.30357142857142,7.75,EOD,569,NQM1,1.1
2021-04-19,2021,B,1,560,"(1.2, 1.5)",218.7642857142857,273.4553571428571,182.30357142857142,7.75,EOD,569,NQM1,1.1
2021-04-19,2021,B,1,560,"(1.2, 1.75)",218.7642857142857,319.03125,182.30357142857142,7.75,EOD,569,NQM1,1.1
2021-04-19,2021,B,1,560,"(1.2, 2.0)",218.7642857142857,364.60714285714283,182.30357142857142,7.75,EOD,569,NQM1,1.1
2021-04-19,2021,B,1,560,"(0.179, 0.247)",32.63233928571428,45.02898214285714,182.30357142857142,7.75,EOD,569,NQM1,1.1
2021-04-20,2021,B,1,405,"(0.8, 1.5)",147.14285714285714,275.8928571428571,183.92857142857142,45.0,EOD,569,NQM1,1.1
2021-04-20,2021,B,1,405,"(0.8, 1.75)",147.14285714285714,321.875,183.92857142857142,45.0,EOD,569,NQM1,1.1
2021-04-20,2021,B,1,405,"(0.8, 2.0)",147.14285714285714,367.85714285714283,183.92857142857142,45.0,EOD,569,NQM1,1.1
2021-04-20,2021,B,1,405,"(1.0, 1.5)",183.92857142857142,275.8928571428571,183.92857142857142,45.0,EOD,569,NQM1,1.1
2021-04-20,2021,B,1,405,"(1.0, 1.75)",183.92857142857142,321.875,183.92857142857142,45.0,EOD,569,NQM1,1.1
2021-04-20,2021,B,1,405,"(1.0, 2.0)",183.92857142857142,367.85714285714283,183.92857142857142,45.0,EOD,569,NQM1,1.1
2021-04-20,2021,B,1,405,"(1.2, 1.5)",220.7142857142857,275.8928571428571,183.92857142857142,45.0,EOD,569,NQM1,1.1
2021-04-20,2021,B,1,405,"(1.2, 1.75)",220.7142857142857,321.875,183.92857142857142,45.0,EOD,569,NQM1,1.1
2021-04-20,2021,B,1,405,"(1.2, 2.0)",220.7142857142857,367.85714285714283,183.92857142857142,45.0,EOD,569,NQM1,1.1
2021-04-20,2021,B,1,405,"(0.179, 0.247)",32.92321428571428,45.43035714285714,183.92857142857142,45.43035714285725,TP,560,NQM1,1.1
2021-05-06,2021,B,1,515,"(0.8, 1.5)",155.42857142857144,291.42857142857144,194.28571428571428,4.75,EOD,569,NQM1,1.1
2021-05-06,2021,B,1,515,"(0.8, 1.75)",155.42857142857144,340.0,194.28571428571428,4.75,EOD,569,NQM1,1.1
2021-05-06,2021,B,1,515,"(0.8, 2.0)",155.42857142857144,388.57142857142856,194.28571428571428,4.75,EOD,569,NQM1,1.1
2021-05-06,2021,B,1,515,"(1.0, 1.5)",194.28571428571428,291.42857142857144,194.28571428571428,4.75,EOD,569,NQM1,1.1
2021-05-06,2021,B,1,515,"(1.0, 1.75)",194.28571428571428,340.0,194.28571428571428,4.75,EOD,569,NQM1,1.1
2021-05-06,2021,B,1,515,"(1.0, 2.0)",194.28571428571428,388.57142857142856,194.28571428571428,4.75,EOD,569,NQM1,1.1
2021-05-06,2021,B,1,515,"(1.2, 1.5)",233.1428571428571,291.42857142857144,194.28571428571428,4.75,EOD,569,NQM1,1.1
2021-05-06,2021,B,1,515,"(1.2, 1.75)",233.1428571428571,340.0,194.28571428571428,4.75,EOD,569,NQM1,1.1
2021-05-06,2021,B,1,515,"(1.2, 2.0)",233.1428571428571,388.57142857142856,194.28571428571428,4.75,EOD,569,NQM1,1.1
2021-05-06,2021,B,1,515,"(0.179, 0.247)",34.777142857142856,47.988571428571426,194.28571428571428,4.75,EOD,569,NQM1,1.1
2021-05-10,2021,B,1,405,"(0.8, 1.5)",162.94285714285715,305.5178571428571,203.67857142857142,-24.25,EOD,569,NQM1,1.1
2021-05-10,2021,B,1,405,"(0.8, 1.75)",162.94285714285715,356.4375,203.67857142857142,-24.25,EOD,569,NQM1,1.1
2021-05-10,2021,B,1,405,"(0.8, 2.0)",162.94285714285715,407.35714285714283,203.67857142857142,-24.25,EOD,569,NQM1,1.1
2021-05-10,2021,B,1,405,"(1.0, 1.5)",203.67857142857142,305.5178571428571,203.67857142857142,-24.25,EOD,569,NQM1,1.1
2021-05-10,2021,B,1,405,"(1.0, 1.75)",203.67857142857142,356.4375,203.67857142857142,-24.25,EOD,569,NQM1,1.1
2021-05-10,2021,B,1,405,"(1.0, 2.0)",203.67857142857142,407.35714285714283,203.67857142857142,-24.25,EOD,569,NQM1,1.1
2021-05-10,2021,B,1,405,"(1.2, 1.5)",244.41428571428568,305.5178571428571,203.67857142857142,-24.25,EOD,569,NQM1,1.1
2021-05-10,2021,B,1,405,"(1.2, 1.75)",244.41428571428568,356.4375,203.67857142857142,-24.25,EOD,569,NQM1,1.1
2021-05-10,2021,B,1,405,"(1.2, 2.0)",244.41428571428568,407.35714285714283,203.67857142857142,-24.25,EOD,569,NQM1,1.1
2021-05-10,2021,B,1,405,"(0.179, 0.247)",36.458464285714285,50.30860714285714,203.67857142857142,-24.25,EOD,569,NQM1,1.1
2021-05-14,2021,B,-1,520,"(0.8, 1.5)",182.70000000000002,342.5625,228.375,-20.25,EOD,569,NQM1,1.1
2021-05-14,2021,B,-1,520,"(0.8, 1.75)",182.70000000000002,399.65625,228.375,-20.25,EOD,569,NQM1,1.1
2021-05-14,2021,B,-1,520,"(0.8, 2.0)",182.70000000000002,456.75,228.375,-20.25,EOD,569,NQM1,1.1
2021-05-14,2021,B,-1,520,"(1.0, 1.5)",228.375,342.5625,228.375,-20.25,EOD,569,NQM1,1.1
2021-05-14,2021,B,-1,520,"(1.0, 1.75)",228.375,399.65625,228.375,-20.25,EOD,569,NQM1,1.1
2021-05-14,2021,B,-1,520,"(1.0, 2.0)",228.375,456.75,228.375,-20.25,EOD,569,NQM1,1.1
2021-05-14,2021,B,-1,520,"(1.2, 1.5)",274.05,342.5625,228.375,-20.25,EOD,569,NQM1,1.1
2021-05-14,2021,B,-1,520,"(1.2, 1.75)",274.05,399.65625,228.375,-20.25,EOD,569,NQM1,1.1
2021-05-14,2021,B,-1,520,"(1.2, 2.0)",274.05,456.75,228.375,-20.25,EOD,569,NQM1,1.1
2021-05-14,2021,B,-1,520,"(0.179, 0.247)",40.879124999999995,56.408625,228.375,-20.25,EOD,569,NQM1,1.1
2021-05-27,2021,B,1,480,"(0.8, 1.5)",194.54285714285714,364.7678571428571,243.17857142857142,18.25,EOD,569,NQM1,1.1
2021-05-27,2021,B,1,480,"(0.8, 1.75)",194.54285714285714,425.5625,243.17857142857142,18.25,EOD,569,NQM1,1.1
2021-05-27,2021,B,1,480,"(0.8, 2.0)",194.54285714285714,486.35714285714283,243.17857142857142,18.25,EOD,569,NQM1,1.1
2021-05-27,2021,B,1,480,"(1.0, 1.5)",243.17857142857142,364.7678571428571,243.17857142857142,18.25,EOD,569,NQM1,1.1
2021-05-27,2021,B,1,480,"(1.0, 1.75)",243.17857142857142,425.5625,243.17857142857142,18.25,EOD,569,NQM1,1.1
2021-05-27,2021,B,1,480,"(1.0, 2.0)",243.17857142857142,486.35714285714283,243.17857142857142,18.25,EOD,569,NQM1,1.1
2021-05-27,2021,B,1,480,"(1.2, 1.5)",291.8142857142857,364.7678571428571,243.17857142857142,18.25,EOD,569,NQM1,1.1
2021-05-27,2021,B,1,480,"(1.2, 1.75)",291.8142857142857,425.5625,243.17857142857142,18.25,EOD,569,NQM1,1.1
2021-05-27,2021,B,1,480,"(1.2, 2.0)",291.8142857142857,486.35714285714283,243.17857142857142,18.25,EOD,569,NQM1,1.1
2021-05-27,2021,B,1,480,"(0.179, 0.247)",43.52896428571428,60.06510714285714,243.17857142857142,-43.52896428571512,SL,510,NQM1,1.1
2021-05-28,2021,B,-1,430,"(0.8, 1.5)",186.70000000000002,350.0625,233.375,16.25,EOD,569,NQM1,1.1
2021-05-28,2021,B,-1,430,"(0.8, 1.75)",186.70000000000002,408.40625,233.375,16.25,EOD,569,NQM1,1.1
2021-05-28,2021,B,-1,430,"(0.8, 2.0)",186.70000000000002,466.75,233.375,16.25,EOD,569,NQM1,1.1
2021-05-28,2021,B,-1,430,"(1.0, 1.5)",233.375,350.0625,233.375,16.25,EOD,569,NQM1,1.1
2021-05-28,2021,B,-1,430,"(1.0, 1.75)",233.375,408.40625,233.375,16.25,EOD,569,NQM1,1.1
2021-05-28,2021,B,-1,430,"(1.0, 2.0)",233.375,466.75,233.375,16.25,EOD,569,NQM1,1.1
2021-05-28,2021,B,-1,430,"(1.2, 1.5)",280.05,350.0625,233.375,16.25,EOD,569,NQM1,1.1
2021-05-28,2021,B,-1,430,"(1.2, 1.75)",280.05,408.40625,233.375,16.25,EOD,569,NQM1,1.1
2021-05-28,2021,B,-1,430,"(1.2, 2.0)",280.05,466.75,233.375,16.25,EOD,569,NQM1,1.1
2021-05-28,2021,B,-1,430,"(0.179, 0.247)",41.774125,57.643625,233.375,16.25,EOD,569,NQM1,1.1
2021-06-03,2021,B,1,405,"(0.8, 1.5)",140.11428571428573,262.7142857142857,175.14285714285714,-49.75,EOD,569,NQM1,1.1
2021-06-03,2021,B,1,405,"(0.8, 1.75)",140.11428571428573,306.5,175.14285714285714,-49.75,EOD,569,NQM1,1.1
2021-06-03,2021,B,1,405,"(0.8, 2.0)",140.11428571428573,350.2857142857143,175.14285714285714,-49.75,EOD,569,NQM1,1.1
2021-06-03,2021,B,1,405,"(1.0, 1.5)",175.14285714285714,262.7142857142857,175.14285714285714,-49.75,EOD,569,NQM1,1.1
2021-06-03,2021,B,1,405,"(1.0, 1.75)",175.14285714285714,306.5,175.14285714285714,-49.75,EOD,569,NQM1,1.1
2021-06-03,2021,B,1,405,"(1.0, 2.0)",175.14285714285714,350.2857142857143,175.14285714285714,-49.75,EOD,569,NQM1,1.1
2021-06-03,2021,B,1,405,"(1.2, 1.5)",210.17142857142855,262.7142857142857,175.14285714285714,-49.75,EOD,569,NQM1,1.1
2021-06-03,2021,B,1,405,"(1.2, 1.75)",210.17142857142855,306.5,175.14285714285714,-49.75,EOD,569,NQM1,1.1
2021-06-03,2021,B,1,405,"(1.2, 2.0)",210.17142857142855,350.2857142857143,175.14285714285714,-49.75,EOD,569,NQM1,1.1
2021-06-03,2021,B,1,405,"(0.179, 0.247)",31.350571428571428,43.260285714285715,175.14285714285714,-31.35057142857113,SL,417,NQM1,1.1
2021-06-04,2021,B,-1,555,"(0.8, 1.5)",133.44285714285715,250.2053571428571,166.80357142857142,-2.25,EOD,569,NQM1,1.1
2021-06-04,2021,B,-1,555,"(0.8, 1.75)",133.44285714285715,291.90625,166.80357142857142,-2.25,EOD,569,NQM1,1.1
2021-06-04,2021,B,-1,555,"(0.8, 2.0)",133.44285714285715,333.60714285714283,166.80357142857142,-2.25,EOD,569,NQM1,1.1
2021-06-04,2021,B,-1,555,"(1.0, 1.5)",166.80357142857142,250.2053571428571,166.80357142857142,-2.25,EOD,569,NQM1,1.1
2021-06-04,2021,B,-1,555,"(1.0, 1.75)",166.80357142857142,291.90625,166.80357142857142,-2.25,EOD,569,NQM1,1.1
2021-06-04,2021,B,-1,555,"(1.0, 2.0)",166.80357142857142,333.60714285714283,166.80357142857142,-2.25,EOD,569,NQM1,1.1
2021-06-04,2021,B,-1,555,"(1.2, 1.5)",200.16428571428568,250.2053571428571,166.80357142857142,-2.25,EOD,569,NQM1,1.1
2021-06-04,2021,B,-1,555,"(1.2, 1.75)",200.16428571428568,291.90625,166.80357142857142,-2.25,EOD,569,NQM1,1.1
2021-06-04,2021,B,-1,555,"(1.2, 2.0)",200.16428571428568,333.60714285714283,166.80357142857142,-2.25,EOD,569,NQM1,1.1
2021-06-04,2021,B,-1,555,"(0.179, 0.247)",29.85783928571428,41.20048214285714,166.80357142857142,-2.25,EOD,569,NQM1,1.1
2021-06-08,2021,B,-1,385,"(0.8, 1.5)",130.9857142857143,245.59821428571428,163.73214285714286,-72.0,EOD,569,NQM1,1.1
2021-06-08,2021,B,-1,385,"(0.8, 1.75)",130.9857142857143,286.53125,163.73214285714286,-72.0,EOD,569,NQM1,1.1
2021-06-08,2021,B,-1,385,"(0.8, 2.0)",130.9857142857143,327.4642857142857,163.73214285714286,-72.0,EOD,569,NQM1,1.1
2021-06-08,2021,B,-1,385,"(1.0, 1.5)",163.73214285714286,245.59821428571428,163.73214285714286,-72.0,EOD,569,NQM1,1.1
2021-06-08,2021,B,-1,385,"(1.0, 1.75)",163.73214285714286,286.53125,163.73214285714286,-72.0,EOD,569,NQM1,1.1
2021-06-08,2021,B,-1,385,"(1.0, 2.0)",163.73214285714286,327.4642857142857,163.73214285714286,-72.0,EOD,569,NQM1,1.1
2021-06-08,2021,B,-1,385,"(1.2, 1.5)",196.47857142857143,245.59821428571428,163.73214285714286,-72.0,EOD,569,NQM1,1.1
2021-06-08,2021,B,-1,385,"(1.2, 1.75)",196.47857142857143,286.53125,163.73214285714286,-72.0,EOD,569,NQM1,1.1
2021-06-08,2021,B,-1,385,"(1.2, 2.0)",196.47857142857143,327.4642857142857,163.73214285714286,-72.0,EOD,569,NQM1,1.1
2021-06-08,2021,B,-1,385,"(0.179, 0.247)",29.30805357142857,40.44183928571429,163.73214285714286,-29.3080535714289,SL,399,NQM1,1.1
2021-06-30,2021,B,-1,450,"(0.8, 1.5)",122.35714285714288,229.4196428571429,152.94642857142858,4.0,EOD,569,NQU1,1.1
2021-06-30,2021,B,-1,450,"(0.8, 1.75)",122.35714285714288,267.65625,152.94642857142858,4.0,EOD,569,NQU1,1.1
2021-06-30,2021,B,-1,450,"(0.8, 2.0)",122.35714285714288,305.89285714285717,152.94642857142858,4.0,EOD,569,NQU1,1.1
2021-06-30,2021,B,-1,450,"(1.0, 1.5)",152.94642857142858,229.4196428571429,152.94642857142858,4.0,EOD,569,NQU1,1.1
2021-06-30,2021,B,-1,450,"(1.0, 1.75)",152.94642857142858,267.65625,152.94642857142858,4.0,EOD,569,NQU1,1.1
2021-06-30,2021,B,-1,450,"(1.0, 2.0)",152.94642857142858,305.89285714285717,152.94642857142858,4.0,EOD,569,NQU1,1.1
2021-06-30,2021,B,-1,450,"(1.2, 1.5)",183.5357142857143,229.4196428571429,152.94642857142858,4.0,EOD,569,NQU1,1.1
2021-06-30,2021,B,-1,450,"(1.2, 1.75)",183.5357142857143,267.65625,152.94642857142858,4.0,EOD,569,NQU1,1.1
2021-06-30,2021,B,-1,450,"(1.2, 2.0)",183.5357142857143,305.89285714285717,152.94642857142858,4.0,EOD,569,NQU1,1.1
2021-06-30,2021,B,-1,450,"(0.179, 0.247)",27.377410714285716,37.77776785714286,152.94642857142858,4.0,EOD,569,NQU1,1.1
2021-07-01,2021,B,1,390,"(0.8, 1.5)",116.92857142857143,219.24107142857142,146.16071428571428,4.0,EOD,569,NQU1,1.1
2021-07-01,2021,B,1,390,"(0.8, 1.75)",116.92857142857143,255.78125,146.16071428571428,4.0,EOD,569,NQU1,1.1
2021-07-01,2021,B,1,390,"(0.8, 2.0)",116.92857142857143,292.32142857142856,146.16071428571428,4.0,EOD,569,NQU1,1.1
2021-07-01,2021,B,1,390,"(1.0, 1.5)",146.16071428571428,219.24107142857142,146.16071428571428,4.0,EOD,569,NQU1,1.1
2021-07-01,2021,B,1,390,"(1.0, 1.75)",146.16071428571428,255.78125,146.16071428571428,4.0,EOD,569,NQU1,1.1
2021-07-01,2021,B,1,390,"(1.0, 2.0)",146.16071428571428,292.32142857142856,146.16071428571428,4.0,EOD,569,NQU1,1.1
2021-07-01,2021,B,1,390,"(1.2, 1.5)",175.39285714285714,219.24107142857142,146.16071428571428,4.0,EOD,569,NQU1,1.1
2021-07-01,2021,B,1,390,"(1.2, 1.75)",175.39285714285714,255.78125,146.16071428571428,4.0,EOD,569,NQU1,1.1
2021-07-01,2021,B,1,390,"(1.2, 2.0)",175.39285714285714,292.32142857142856,146.16071428571428,4.0,EOD,569,NQU1,1.1
2021-07-01,2021,B,1,390,"(0.179, 0.247)",26.162767857142853,36.10169642857143,146.16071428571428,4.0,EOD,569,NQU1,1.1
2021-07-13,2021,B,1,545,"(0.8, 1.5)",102.62857142857143,192.42857142857142,128.28571428571428,33.25,EOD,569,NQU1,1.1
2021-07-13,2021,B,1,545,"(0.8, 1.75)",102.62857142857143,224.5,128.28571428571428,33.25,EOD,569,NQU1,1.1
2021-07-13,2021,B,1,545,"(0.8, 2.0)",102.62857142857143,256.57142857142856,128.28571428571428,33.25,EOD,569,NQU1,1.1
2021-07-13,2021,B,1,545,"(1.0, 1.5)",128.28571428571428,192.42857142857142,128.28571428571428,33.25,EOD,569,NQU1,1.1
2021-07-13,2021,B,1,545,"(1.0, 1.75)",128.28571428571428,224.5,128.28571428571428,33.25,EOD,569,NQU1,1.1
2021-07-13,2021,B,1,545,"(1.0, 2.0)",128.28571428571428,256.57142857142856,128.28571428571428,33.25,EOD,569,NQU1,1.1
2021-07-13,2021,B,1,545,"(1.2, 1.5)",153.94285714285712,192.42857142857142,128.28571428571428,33.25,EOD,569,NQU1,1.1
2021-07-13,2021,B,1,545,"(1.2, 1.75)",153.94285714285712,224.5,128.28571428571428,33.25,EOD,569,NQU1,1.1
2021-07-13,2021,B,1,545,"(1.2, 2.0)",153.94285714285712,256.57142857142856,128.28571428571428,33.25,EOD,569,NQU1,1.1
2021-07-13,2021,B,1,545,"(0.179, 0.247)",22.963142857142856,31.686571428571426,128.28571428571428,31.68657142857228,TP,565,NQU1,1.1
2021-08-04,2021,B,-1,505,"(0.8, 1.5)",144.77142857142857,271.44642857142856,180.96428571428572,-1.5,EOD,569,NQU1,1.1
2021-08-04,2021,B,-1,505,"(0.8, 1.75)",144.77142857142857,316.6875,180.96428571428572,-1.5,EOD,569,NQU1,1.1
2021-08-04,2021,B,-1,505,"(0.8, 2.0)",144.77142857142857,361.92857142857144,180.96428571428572,-1.5,EOD,569,NQU1,1.1
2021-08-04,2021,B,-1,505,"(1.0, 1.5)",180.96428571428572,271.44642857142856,180.96428571428572,-1.5,EOD,569,NQU1,1.1
2021-08-04,2021,B,-1,505,"(1.0, 1.75)",180.96428571428572,316.6875,180.96428571428572,-1.5,EOD,569,NQU1,1.1
2021-08-04,2021,B,-1,505,"(1.0, 2.0)",180.96428571428572,361.92857142857144,180.96428571428572,-1.5,EOD,569,NQU1,1.1
2021-08-04,2021,B,-1,505,"(1.2, 1.5)",217.15714285714287,271.44642857142856,180.96428571428572,-1.5,EOD,569,NQU1,1.1
2021-08-04,2021,B,-1,505,"(1.2, 1.75)",217.15714285714287,316.6875,180.96428571428572,-1.5,EOD,569,NQU1,1.1
2021-08-04,2021,B,-1,505,"(1.2, 2.0)",217.15714285714287,361.92857142857144,180.96428571428572,-1.5,EOD,569,NQU1,1.1
2021-08-04,2021,B,-1,505,"(0.179, 0.247)",32.392607142857145,44.69817857142857,180.96428571428572,-1.5,EOD,569,NQU1,1.1
2021-08-10,2021,B,-1,365,"(0.8, 1.5)",116.67142857142858,218.75892857142858,145.83928571428572,-5.25,EOD,569,NQU1,1.1
2021-08-10,2021,B,-1,365,"(0.8, 1.75)",116.67142857142858,255.21875,145.83928571428572,-5.25,EOD,569,NQU1,1.1
2021-08-10,2021,B,-1,365,"(0.8, 2.0)",116.67142857142858,291.67857142857144,145.83928571428572,-5.25,EOD,569,NQU1,1.1
2021-08-10,2021,B,-1,365,"(1.0, 1.5)",145.83928571428572,218.75892857142858,145.83928571428572,-5.25,EOD,569,NQU1,1.1
2021-08-10,2021,B,-1,365,"(1.0, 1.75)",145.83928571428572,255.21875,145.83928571428572,-5.25,EOD,569,NQU1,1.1
2021-08-10,2021,B,-1,365,"(1.0, 2.0)",145.83928571428572,291.67857142857144,145.83928571428572,-5.25,EOD,569,NQU1,1.1
2021-08-10,2021,B,-1,365,"(1.2, 1.5)",175.00714285714287,218.75892857142858,145.83928571428572,-5.25,EOD,569,NQU1,1.1
2021-08-10,2021,B,-1,365,"(1.2, 1.75)",175.00714285714287,255.21875,145.83928571428572,-5.25,EOD,569,NQU1,1.1
2021-08-10,2021,B,-1,365,"(1.2, 2.0)",175.00714285714287,291.67857142857144,145.83928571428572,-5.25,EOD,569,NQU1,1.1
2021-08-10,2021,B,-1,365,"(0.179, 0.247)",26.105232142857144,36.02230357142857,145.83928571428572,-5.25,EOD,569,NQU1,1.1
2021-08-13,2021,B,-1,565,"(0.8, 1.5)",118.77142857142859,222.69642857142858,148.46428571428572,-0.25,EOD,569,NQU1,1.1
2021-08-13,2021,B,-1,565,"(0.8, 1.75)",118.77142857142859,259.8125,148.46428571428572,-0.25,EOD,569,NQU1,1.1
2021-08-13,2021,B,-1,565,"(0.8, 2.0)",118.77142857142859,296.92857142857144,148.46428571428572,-0.25,EOD,569,NQU1,1.1
2021-08-13,2021,B,-1,565,"(1.0, 1.5)",148.46428571428572,222.69642857142858,148.46428571428572,-0.25,EOD,569,NQU1,1.1
2021-08-13,2021,B,-1,565,"(1.0, 1.75)",148.46428571428572,259.8125,148.46428571428572,-0.25,EOD,569,NQU1,1.1
2021-08-13,2021,B,-1,565,"(1.0, 2.0)",148.46428571428572,296.92857142857144,148.46428571428572,-0.25,EOD,569,NQU1,1.1
2021-08-13,2021,B,-1,565,"(1.2, 1.5)",178.15714285714287,222.69642857142858,148.46428571428572,-0.25,EOD,569,NQU1,1.1
2021-08-13,2021,B,-1,565,"(1.2, 1.75)",178.15714285714287,259.8125,148.46428571428572,-0.25,EOD,569,NQU1,1.1
2021-08-13,2021,B,-1,565,"(1.2, 2.0)",178.15714285714287,296.92857142857144,148.46428571428572,-0.25,EOD,569,NQU1,1.1
2021-08-13,2021,B,-1,565,"(0.179, 0.247)",26.575107142857142,36.670678571428574,148.46428571428572,-0.25,EOD,569,NQU1,1.1
2021-08-16,2021,B,1,390,"(0.8, 1.5)",117.61428571428571,220.52678571428572,147.01785714285714,6.25,EOD,569,NQU1,1.1
2021-08-16,2021,B,1,390,"(0.8, 1.75)",117.61428571428571,257.28125,147.01785714285714,6.25,EOD,569,NQU1,1.1
2021-08-16,2021,B,1,390,"(0.8, 2.0)",117.61428571428571,294.0357142857143,147.01785714285714,6.25,EOD,569,NQU1,1.1
2021-08-16,2021,B,1,390,"(1.0, 1.5)",147.01785714285714,220.52678571428572,147.01785714285714,6.25,EOD,569,NQU1,1.1
2021-08-16,2021,B,1,390,"(1.0, 1.75)",147.01785714285714,257.28125,147.01785714285714,6.25,EOD,569,NQU1,1.1
2021-08-16,2021,B,1,390,"(1.0, 2.0)",147.01785714285714,294.0357142857143,147.01785714285714,6.25,EOD,569,NQU1,1.1
2021-08-16,2021,B,1,390,"(1.2, 1.5)",176.42142857142855,220.52678571428572,147.01785714285714,6.25,EOD,569,NQU1,1.1
2021-08-16,2021,B,1,390,"(1.2, 1.75)",176.42142857142855,257.28125,147.01785714285714,6.25,EOD,569,NQU1,1.1
2021-08-16,2021,B,1,390,"(1.2, 2.0)",176.42142857142855,294.0357142857143,147.01785714285714,6.25,EOD,569,NQU1,1.1
2021-08-16,2021,B,1,390,"(0.179, 0.247)",26.316196428571427,36.313410714285716,147.01785714285714,6.25,EOD,569,NQU1,1.1
2021-08-24,2021,B,-1,550,"(0.8, 1.5)",129.32857142857142,242.49107142857142,161.66071428571428,2.75,EOD,569,NQU1,1.1
2021-08-24,2021,B,-1,550,"(0.8, 1.75)",129.32857142857142,282.90625,161.66071428571428,2.75,EOD,569,NQU1,1.1
2021-08-24,2021,B,-1,550,"(0.8, 2.0)",129.32857142857142,323.32142857142856,161.66071428571428,2.75,EOD,569,NQU1,1.1
2021-08-24,2021,B,-1,550,"(1.0, 1.5)",161.66071428571428,242.49107142857142,161.66071428571428,2.75,EOD,569,NQU1,1.1
2021-08-24,2021,B,-1,550,"(1.0, 1.75)",161.66071428571428,282.90625,161.66071428571428,2.75,EOD,569,NQU1,1.1
2021-08-24,2021,B,-1,550,"(1.0, 2.0)",161.66071428571428,323.32142857142856,161.66071428571428,2.75,EOD,569,NQU1,1.1
2021-08-24,2021,B,-1,550,"(1.2, 1.5)",193.99285714285713,242.49107142857142,161.66071428571428,2.75,EOD,569,NQU1,1.1
2021-08-24,2021,B,-1,550,"(1.2, 1.75)",193.99285714285713,282.90625,161.66071428571428,2.75,EOD,569,NQU1,1.1
2021-08-24,2021,B,-1,550,"(1.2, 2.0)",193.99285714285713,323.32142857142856,161.66071428571428,2.75,EOD,569,NQU1,1.1
2021-08-24,2021,B,-1,550,"(0.179, 0.247)",28.937267857142853,39.93019642857143,161.66071428571428,2.75,EOD,569,NQU1,1.1
2021-09-23,2021,B,-1,540,"(0.8, 1.5)",152.15714285714287,285.2946428571429,190.19642857142858,-3.5,EOD,569,NQZ1,1.1
2021-09-23,2021,B,-1,540,"(0.8, 1.75)",152.15714285714287,332.84375,190.19642857142858,-3.5,EOD,569,NQZ1,1.1
2021-09-23,2021,B,-1,540,"(0.8, 2.0)",152.15714285714287,380.39285714285717,190.19642857142858,-3.5,EOD,569,NQZ1,1.1
2021-09-23,2021,B,-1,540,"(1.0, 1.5)",190.19642857142858,285.2946428571429,190.19642857142858,-3.5,EOD,569,NQZ1,1.1
2021-09-23,2021,B,-1,540,"(1.0, 1.75)",190.19642857142858,332.84375,190.19642857142858,-3.5,EOD,569,NQZ1,1.1
2021-09-23,2021,B,-1,540,"(1.0, 2.0)",190.19642857142858,380.39285714285717,190.19642857142858,-3.5,EOD,569,NQZ1,1.1
2021-09-23,2021,B,-1,540,"(1.2, 1.5)",228.2357142857143,285.2946428571429,190.19642857142858,-3.5,EOD,569,NQZ1,1.1
2021-09-23,2021,B,-1,540,"(1.2, 1.75)",228.2357142857143,332.84375,190.19642857142858,-3.5,EOD,569,NQZ1,1.1
2021-09-23,2021,B,-1,540,"(1.2, 2.0)",228.2357142857143,380.39285714285717,190.19642857142858,-3.5,EOD,569,NQZ1,1.1
2021-09-23,2021,B,-1,540,"(0.179, 0.247)",34.045160714285714,46.97851785714286,190.19642857142858,-3.5,EOD,569,NQZ1,1.1
2021-09-24,2021,B,1,530,"(0.8, 1.5)",156.14285714285714,292.7678571428571,195.17857142857142,22.5,EOD,569,NQZ1,1.1
2021-09-24,2021,B,1,530,"(0.8, 1.75)",156.14285714285714,341.5625,195.17857142857142,22.5,EOD,569,NQZ1,1.1
2021-09-24,2021,B,1,530,"(0.8, 2.0)",156.14285714285714,390.35714285714283,195.17857142857142,22.5,EOD,569,NQZ1,1.1
2021-09-24,2021,B,1,530,"(1.0, 1.5)",195.17857142857142,292.7678571428571,195.17857142857142,22.5,EOD,569,NQZ1,1.1
2021-09-24,2021,B,1,530,"(1.0, 1.75)",195.17857142857142,341.5625,195.17857142857142,22.5,EOD,569,NQZ1,1.1
2021-09-24,2021,B,1,530,"(1.0, 2.0)",195.17857142857142,390.35714285714283,195.17857142857142,22.5,EOD,569,NQZ1,1.1
2021-09-24,2021,B,1,530,"(1.2, 1.5)",234.2142857142857,292.7678571428571,195.17857142857142,22.5,EOD,569,NQZ1,1.1
2021-09-24,2021,B,1,530,"(1.2, 1.75)",234.2142857142857,341.5625,195.17857142857142,22.5,EOD,569,NQZ1,1.1
2021-09-24,2021,B,1,530,"(1.2, 2.0)",234.2142857142857,390.35714285714283,195.17857142857142,22.5,EOD,569,NQZ1,1.1
2021-09-24,2021,B,1,530,"(0.179, 0.247)",34.93696428571428,48.20910714285714,195.17857142857142,22.5,EOD,569,NQZ1,1.1
2021-09-27,2021,B,-1,305,"(0.8, 1.5)",161.24285714285713,302.3303571428571,201.55357142857142,147.5,EOD,569,NQZ1,1.1
2021-09-27,2021,B,-1,305,"(0.8, 1.75)",161.24285714285713,352.71875,201.55357142857142,147.5,EOD,569,NQZ1,1.1
2021-09-27,2021,B,-1,305,"(0.8, 2.0)",161.24285714285713,403.10714285714283,201.55357142857142,147.5,EOD,569,NQZ1,1.1
2021-09-27,2021,B,-1,305,"(1.0, 1.5)",201.55357142857142,302.3303571428571,201.55357142857142,147.5,EOD,569,NQZ1,1.1
2021-09-27,2021,B,-1,305,"(1.0, 1.75)",201.55357142857142,352.71875,201.55357142857142,147.5,EOD,569,NQZ1,1.1
2021-09-27,2021,B,-1,305,"(1.0, 2.0)",201.55357142857142,403.10714285714283,201.55357142857142,147.5,EOD,569,NQZ1,1.1
2021-09-27,2021,B,-1,305,"(1.2, 1.5)",241.8642857142857,302.3303571428571,201.55357142857142,147.5,EOD,569,NQZ1,1.1
2021-09-27,2021,B,-1,305,"(1.2, 1.75)",241.8642857142857,352.71875,201.55357142857142,147.5,EOD,569,NQZ1,1.1
2021-09-27,2021,B,-1,305,"(1.2, 2.0)",241.8642857142857,403.10714285714283,201.55357142857142,147.5,EOD,569,NQZ1,1.1
2021-09-27,2021,B,-1,305,"(0.179, 0.247)",36.078089285714285,49.78373214285714,201.55357142857142,49.78373214285784,TP,354,NQZ1,1.1
2021-10-06,2021,B,1,510,"(0.8, 1.5)",210.34285714285716,394.39285714285717,262.92857142857144,13.5,EOD,569,NQZ1,1.1
2021-10-06,2021,B,1,510,"(0.8, 1.75)",210.34285714285716,460.125,262.92857142857144,13.5,EOD,569,NQZ1,1.1
2021-10-06,2021,B,1,510,"(0.8, 2.0)",210.34285714285716,525.8571428571429,262.92857142857144,13.5,EOD,569,NQZ1,1.1
2021-10-06,2021,B,1,510,"(1.0, 1.5)",262.92857142857144,394.39285714285717,262.92857142857144,13.5,EOD,569,NQZ1,1.1
2021-10-06,2021,B,1,510,"(1.0, 1.75)",262.92857142857144,460.125,262.92857142857144,13.5,EOD,569,NQZ1,1.1
2021-10-06,2021,B,1,510,"(1.0, 2.0)",262.92857142857144,525.8571428571429,262.92857142857144,13.5,EOD,569,NQZ1,1.1
2021-10-06,2021,B,1,510,"(1.2, 1.5)",315.51428571428573,394.39285714285717,262.92857142857144,13.5,EOD,569,NQZ1,1.1
2021-10-06,2021,B,1,510,"(1.2, 1.75)",315.51428571428573,460.125,262.92857142857144,13.5,EOD,569,NQZ1,1.1
2021-10-06,2021,B,1,510,"(1.2, 2.0)",315.51428571428573,525.8571428571429,262.92857142857144,13.5,EOD,569,NQZ1,1.1
2021-10-06,2021,B,1,510,"(0.179, 0.247)",47.064214285714286,64.94335714285715,262.92857142857144,13.5,EOD,569,NQZ1,1.1
