fecha,anio,bloque,dir,fin,combo,sl,tp,atr,pnl,motivo,salida,sym,costo
2017-01-26,2017,B,-1,450,"(0.8, 1.5)",11.17142857142857,20.94642857142857,13.964285714285714,1.5,EOD,569,ESH7,0.84
2017-01-26,2017,B,-1,450,"(0.8, 1.75)",11.17142857142857,24.4375,13.964285714285714,1.5,EOD,569,ESH7,0.84
2017-01-26,2017,B,-1,450,"(0.8, 2.0)",11.17142857142857,27.928571428571427,13.964285714285714,1.5,EOD,569,ESH7,0.84
2017-01-26,2017,B,-1,450,"(1.0, 1.5)",13.964285714285714,20.94642857142857,13.964285714285714,1.5,EOD,569,ESH7,0.84
2017-01-26,2017,B,-1,450,"(1.0, 1.75)",13.964285714285714,24.4375,13.964285714285714,1.5,EOD,569,ESH7,0.84
2017-01-26,2017,B,-1,450,"(1.0, 2.0)",13.964285714285714,27.928571428571427,13.964285714285714,1.5,EOD,569,ESH7,0.84
2017-01-26,2017,B,-1,450,"(1.2, 1.5)",16.757142857142856,20.94642857142857,13.964285714285714,1.5,EOD,569,ESH7,0.84
2017-01-26,2017,B,-1,450,"(1.2, 1.75)",16.757142857142856,24.4375,13.964285714285714,1.5,EOD,569,ESH7,0.84
2017-01-26,2017,B,-1,450,"(1.2, 2.0)",16.757142857142856,27.928571428571427,13.964285714285714,1.5,EOD,569,ESH7,0.84
2017-01-26,2017,B,-1,450,"(0.179, 0.247)",2.4996071428571427,3.449178571428571,13.964285714285714,1.5,EOD,569,ESH7,0.84
2017-02-02,2017,B,1,545,"(0.8, 1.5)",10.757142857142858,20.169642857142858,13.446428571428571,1.5,EOD,569,ESH7,0.84
2017-02-02,2017,B,1,545,"(0.8, 1.75)",10.757142857142858,23.53125,13.446428571428571,1.5,EOD,569,ESH7,0.84
2017-02-02,2017,B,1,545,"(0.8, 2.0)",10.757142857142858,26.892857142857142,13.446428571428571,1.5,EOD,569,ESH7,0.84
2017-02-02,2017,B,1,545,"(1.0, 1.5)",13.446428571428571,20.169642857142858,13.446428571428571,1.5,EOD,569,ESH7,0.84
2017-02-02,2017,B,1,545,"(1.0, 1.75)",13.446428571428571,23.53125,13.446428571428571,1.5,EOD,569,ESH7,0.84
2017-02-02,2017,B,1,545,"(1.0, 2.0)",13.446428571428571,26.892857142857142,13.446428571428571,1.5,EOD,569,ESH7,0.84
2017-02-02,2017,B,1,545,"(1.2, 1.5)",16.135714285714286,20.169642857142858,13.446428571428571,1.5,EOD,569,ESH7,0.84
2017-02-02,2017,B,1,545,"(1.2, 1.75)",16.135714285714286,23.53125,13.446428571428571,1.5,EOD,569,ESH7,0.84
2017-02-02,2017,B,1,545,"(1.2, 2.0)",16.135714285714286,26.892857142857142,13.446428571428571,1.5,EOD,569,ESH7,0.84
2017-02-02,2017,B,1,545,"(0.179, 0.247)",2.406910714285714,3.321267857142857,13.446428571428571,1.5,EOD,569,ESH7,0.84
2017-02-03,2017,B,-1,500,"(0.8, 1.5)",11.014285714285714,20.651785714285715,13.767857142857142,-8.0,EOD,569,ESH7,0.84
2017-02-03,2017,B,-1,500,"(0.8, 1.75)",11.014285714285714,24.09375,13.767857142857142,-8.0,EOD,569,ESH7,0.84
2017-02-03,2017,B,-1,500,"(0.8, 2.0)",11.014285714285714,27.535714285714285,13.767857142857142,-8.0,EOD,569,ESH7,0.84
2017-02-03,2017,B,-1,500,"(1.0, 1.5)",13.767857142857142,20.651785714285715,13.767857142857142,-8.0,EOD,569,ESH7,0.84
2017-02-03,2017,B,-1,500,"(1.0, 1.75)",13.767857142857142,24.09375,13.767857142857142,-8.0,EOD,569,ESH7,0.84
2017-02-03,2017,B,-1,500,"(1.0, 2.0)",13.767857142857142,27.535714285714285,13.767857142857142,-8.0,EOD,569,ESH7,0.84
2017-02-03,2017,B,-1,500,"(1.2, 1.5)",16.52142857142857,20.651785714285715,13.767857142857142,-8.0,EOD,569,ESH7,0.84
2017-02-03,2017,B,-1,500,"(1.2, 1.75)",16.52142857142857,24.09375,13.767857142857142,-8.0,EOD,569,ESH7,0.84
2017-02-03,2017,B,-1,500,"(1.2, 2.0)",16.52142857142857,27.535714285714285,13.767857142857142,-8.0,EOD,569,ESH7,0.84
2017-02-03,2017,B,-1,500,"(0.179, 0.247)",2.4644464285714283,3.400660714285714,13.767857142857142,-2.4644464285715912,SL,510,ESH7,0.84
2017-02-08,2017,B,1,515,"(0.8, 1.5)",11.72857142857143,21.99107142857143,14.660714285714286,-1.25,EOD,569,ESH7,0.84
2017-02-08,2017,B,1,515,"(0.8, 1.75)",11.72857142857143,25.65625,14.660714285714286,-1.25,EOD,569,ESH7,0.84
2017-02-08,2017,B,1,515,"(0.8, 2.0)",11.72857142857143,29.321428571428573,14.660714285714286,-1.25,EOD,569,ESH7,0.84
2017-02-08,2017,B,1,515,"(1.0, 1.5)",14.660714285714286,21.99107142857143,14.660714285714286,-1.25,EOD,569,ESH7,0.84
2017-02-08,2017,B,1,515,"(1.0, 1.75)",14.660714285714286,25.65625,14.660714285714286,-1.25,EOD,569,ESH7,0.84
2017-02-08,2017,B,1,515,"(1.0, 2.0)",14.660714285714286,29.321428571428573,14.660714285714286,-1.25,EOD,569,ESH7,0.84
2017-02-08,2017,B,1,515,"(1.2, 1.5)",17.59285714285714,21.99107142857143,14.660714285714286,-1.25,EOD,569,ESH7,0.84
2017-02-08,2017,B,1,515,"(1.2, 1.75)",17.59285714285714,25.65625,14.660714285714286,-1.25,EOD,569,ESH7,0.84
2017-02-08,2017,B,1,515,"(1.2, 2.0)",17.59285714285714,29.321428571428573,14.660714285714286,-1.25,EOD,569,ESH7,0.84
2017-02-08,2017,B,1,515,"(0.179, 0.247)",2.6242678571428573,3.621196428571429,14.660714285714286,-1.25,EOD,569,ESH7,0.84
2017-02-13,2017,B,-1,395,"(0.8, 1.5)",11.371428571428572,21.32142857142857,14.214285714285714,-3.5,EOD,569,ESH7,0.84
2017-02-13,2017,B,-1,395,"(0.8, 1.75)",11.371428571428572,24.875,14.214285714285714,-3.5,EOD,569,ESH7,0.84
2017-02-13,2017,B,-1,395,"(0.8, 2.0)",11.371428571428572,28.428571428571427,14.214285714285714,-3.5,EOD,569,ESH7,0.84
2017-02-13,2017,B,-1,395,"(1.0, 1.5)",14.214285714285714,21.32142857142857,14.214285714285714,-3.5,EOD,569,ESH7,0.84
2017-02-13,2017,B,-1,395,"(1.0, 1.75)",14.214285714285714,24.875,14.214285714285714,-3.5,EOD,569,ESH7,0.84
2017-02-13,2017,B,-1,395,"(1.0, 2.0)",14.214285714285714,28.428571428571427,14.214285714285714,-3.5,EOD,569,ESH7,0.84
2017-02-13,2017,B,-1,395,"(1.2, 1.5)",17.057142857142857,21.32142857142857,14.214285714285714,-3.5,EOD,569,ESH7,0.84
2017-02-13,2017,B,-1,395,"(1.2, 1.75)",17.057142857142857,24.875,14.214285714285714,-3.5,EOD,569,ESH7,0.84
2017-02-13,2017,B,-1,395,"(1.2, 2.0)",17.057142857142857,28.428571428571427,14.214285714285714,-3.5,EOD,569,ESH7,0.84
2017-02-13,2017,B,-1,395,"(0.179, 0.247)",2.5443571428571428,3.5109285714285714,14.214285714285714,-2.5443571428572795,SL,504,ESH7,0.84
2017-02-15,2017,B,-1,410,"(0.8, 1.5)",11.0,20.625,13.75,2.75,EOD,569,ESH7,0.84
2017-02-15,2017,B,-1,410,"(0.8, 1.75)",11.0,24.0625,13.75,2.75,EOD,569,ESH7,0.84
2017-02-15,2017,B,-1,410,"(0.8, 2.0)",11.0,27.5,13.75,2.75,EOD,569,ESH7,0.84
2017-02-15,2017,B,-1,410,"(1.0, 1.5)",13.75,20.625,13.75,2.75,EOD,569,ESH7,0.84
2017-02-15,2017,B,-1,410,"(1.0, 1.75)",13.75,24.0625,13.75,2.75,EOD,569,ESH7,0.84
2017-02-15,2017,B,-1,410,"(1.0, 2.0)",13.75,27.5,13.75,2.75,EOD,569,ESH7,0.84
2017-02-15,2017,B,-1,410,"(1.2, 1.5)",16.5,20.625,13.75,2.75,EOD,569,ESH7,0.84
2017-02-15,2017,B,-1,410,"(1.2, 1.75)",16.5,24.0625,13.75,2.75,EOD,569,ESH7,0.84
2017-02-15,2017,B,-1,410,"(1.2, 2.0)",16.5,27.5,13.75,2.75,EOD,569,ESH7,0.84
2017-02-15,2017,B,-1,410,"(0.179, 0.247)",2.4612499999999997,3.3962499999999998,13.75,3.3962499999997817,TP,519,ESH7,0.84
2017-03-08,2017,B,1,395,"(0.8, 1.5)",10.714285714285715,20.089285714285715,13.392857142857142,5.0,EOD,569,ESH7,0.84
2017-03-08,2017,B,1,395,"(0.8, 1.75)",10.714285714285715,23.4375,13.392857142857142,5.0,EOD,569,ESH7,0.84
2017-03-08,2017,B,1,395,"(0.8, 2.0)",10.714285714285715,26.785714285714285,13.392857142857142,5.0,EOD,569,ESH7,0.84
2017-03-08,2017,B,1,395,"(1.0, 1.5)",13.392857142857142,20.089285714285715,13.392857142857142,5.0,EOD,569,ESH7,0.84
2017-03-08,2017,B,1,395,"(1.0, 1.75)",13.392857142857142,23.4375,13.392857142857142,5.0,EOD,569,ESH7,0.84
2017-03-08,2017,B,1,395,"(1.0, 2.0)",13.392857142857142,26.785714285714285,13.392857142857142,5.0,EOD,569,ESH7,0.84
2017-03-08,2017,B,1,395,"(1.2, 1.5)",16.07142857142857,20.089285714285715,13.392857142857142,5.0,EOD,569,ESH7,0.84
2017-03-08,2017,B,1,395,"(1.2, 1.75)",16.07142857142857,23.4375,13.392857142857142,5.0,EOD,569,ESH7,0.84
2017-03-08,2017,B,1,395,"(1.2, 2.0)",16.07142857142857,26.785714285714285,13.392857142857142,5.0,EOD,569,ESH7,0.84
2017-03-08,2017,B,1,395,"(0.179, 0.247)",2.3973214285714284,3.308035714285714,13.392857142857142,3.3080357142857792,TP,469,ESH7,0.84
2017-03-09,2017,B,1,380,"(0.8, 1.5)",10.67142857142857,20.00892857142857,13.339285714285714,2.5,EOD,569,ESH7,0.84
2017-03-09,2017,B,1,380,"(0.8, 1.75)",10.67142857142857,23.34375,13.339285714285714,2.5,EOD,569,ESH7,0.84
2017-03-09,2017,B,1,380,"(0.8, 2.0)",10.67142857142857,26.678571428571427,13.339285714285714,2.5,EOD,569,ESH7,0.84
2017-03-09,2017,B,1,380,"(1.0, 1.5)",13.339285714285714,20.00892857142857,13.339285714285714,2.5,EOD,569,ESH7,0.84
2017-03-09,2017,B,1,380,"(1.0, 1.75)",13.339285714285714,23.34375,13.339285714285714,2.5,EOD,569,ESH7,0.84
2017-03-09,2017,B,1,380,"(1.0, 2.0)",13.339285714285714,26.678571428571427,13.339285714285714,2.5,EOD,569,ESH7,0.84
2017-03-09,2017,B,1,380,"(1.2, 1.5)",16.007142857142856,20.00892857142857,13.339285714285714,2.5,EOD,569,ESH7,0.84
2017-03-09,2017,B,1,380,"(1.2, 1.75)",16.007142857142856,23.34375,13.339285714285714,2.5,EOD,569,ESH7,0.84
2017-03-09,2017,B,1,380,"(1.2, 2.0)",16.007142857142856,26.678571428571427,13.339285714285714,2.5,EOD,569,ESH7,0.84
2017-03-09,2017,B,1,380,"(0.179, 0.247)",2.3877321428571427,3.294803571428571,13.339285714285714,3.2948035714284742,TP,532,ESH7,0.84
2017-03-21,2017,B,-1,560,"(0.8, 1.5)",11.971428571428572,22.44642857142857,14.964285714285714,-1.5,EOD,569,ESM7,0.84
2017-03-21,2017,B,-1,560,"(0.8, 1.75)",11.971428571428572,26.1875,14.964285714285714,-1.5,EOD,569,ESM7,0.84
2017-03-21,2017,B,-1,560,"(0.8, 2.0)",11.971428571428572,29.928571428571427,14.964285714285714,-1.5,EOD,569,ESM7,0.84
2017-03-21,2017,B,-1,560,"(1.0, 1.5)",14.964285714285714,22.44642857142857,14.964285714285714,-1.5,EOD,569,ESM7,0.84
2017-03-21,2017,B,-1,560,"(1.0, 1.75)",14.964285714285714,26.1875,14.964285714285714,-1.5,EOD,569,ESM7,0.84
2017-03-21,2017,B,-1,560,"(1.0, 2.0)",14.964285714285714,29.928571428571427,14.964285714285714,-1.5,EOD,569,ESM7,0.84
2017-03-21,2017,B,-1,560,"(1.2, 1.5)",17.957142857142856,22.44642857142857,14.964285714285714,-1.5,EOD,569,ESM7,0.84
2017-03-21,2017,B,-1,560,"(1.2, 1.75)",17.957142857142856,26.1875,14.964285714285714,-1.5,EOD,569,ESM7,0.84
2017-03-21,2017,B,-1,560,"(1.2, 2.0)",17.957142857142856,29.928571428571427,14.964285714285714,-1.5,EOD,569,ESM7,0.84
2017-03-21,2017,B,-1,560,"(0.179, 0.247)",2.6786071428571425,3.6961785714285713,14.964285714285714,-1.5,EOD,569,ESM7,0.84
2017-03-22,2017,B,1,465,"(0.8, 1.5)",12.100000000000001,22.6875,15.125,1.75,EOD,569,ESM7,0.84
2017-03-22,2017,B,1,465,"(0.8, 1.75)",12.100000000000001,26.46875,15.125,1.75,EOD,569,ESM7,0.84
2017-03-22,2017,B,1,465,"(0.8, 2.0)",12.100000000000001,30.25,15.125,1.75,EOD,569,ESM7,0.84
2017-03-22,2017,B,1,465,"(1.0, 1.5)",15.125,22.6875,15.125,1.75,EOD,569,ESM7,0.84
2017-03-22,2017,B,1,465,"(1.0, 1.75)",15.125,26.46875,15.125,1.75,EOD,569,ESM7,0.84
2017-03-22,2017,B,1,465,"(1.0, 2.0)",15.125,30.25,15.125,1.75,EOD,569,ESM7,0.84
2017-03-22,2017,B,1,465,"(1.2, 1.5)",18.15,22.6875,15.125,1.75,EOD,569,ESM7,0.84
2017-03-22,2017,B,1,465,"(1.2, 1.75)",18.15,26.46875,15.125,1.75,EOD,569,ESM7,0.84
2017-03-22,2017,B,1,465,"(1.2, 2.0)",18.15,30.25,15.125,1.75,EOD,569,ESM7,0.84
2017-03-22,2017,B,1,465,"(0.179, 0.247)",2.707375,3.735875,15.125,3.735874999999851,TP,502,ESM7,0.84
2017-04-03,2017,B,1,500,"(0.8, 1.5)",14.342857142857142,26.89285714285714,17.928571428571427,0.75,EOD,569,ESM7,0.84
2017-04-03,2017,B,1,500,"(0.8, 1.75)",14.342857142857142,31.374999999999996,17.928571428571427,0.75,EOD,569,ESM7,0.84
2017-04-03,2017,B,1,500,"(0.8, 2.0)",14.342857142857142,35.857142857142854,17.928571428571427,0.75,EOD,569,ESM7,0.84
2017-04-03,2017,B,1,500,"(1.0, 1.5)",17.928571428571427,26.89285714285714,17.928571428571427,0.75,EOD,569,ESM7,0.84
2017-04-03,2017,B,1,500,"(1.0, 1.75)",17.928571428571427,31.374999999999996,17.928571428571427,0.75,EOD,569,ESM7,0.84
2017-04-03,2017,B,1,500,"(1.0, 2.0)",17.928571428571427,35.857142857142854,17.928571428571427,0.75,EOD,569,ESM7,0.84
2017-04-03,2017,B,1,500,"(1.2, 1.5)",21.514285714285712,26.89285714285714,17.928571428571427,0.75,EOD,569,ESM7,0.84
2017-04-03,2017,B,1,500,"(1.2, 1.75)",21.514285714285712,31.374999999999996,17.928571428571427,0.75,EOD,569,ESM7,0.84
2017-04-03,2017,B,1,500,"(1.2, 2.0)",21.514285714285712,35.857142857142854,17.928571428571427,0.75,EOD,569,ESM7,0.84
2017-04-03,2017,B,1,500,"(0.179, 0.247)",3.2092142857142854,4.428357142857142,17.928571428571427,0.75,EOD,569,ESM7,0.84
2017-04-05,2017,B,-1,475,"(0.8, 1.5)",13.814285714285715,25.901785714285715,17.267857142857142,-6.5,EOD,569,ESM7,0.84
2017-04-05,2017,B,-1,475,"(0.8, 1.75)",13.814285714285715,30.21875,17.267857142857142,-6.5,EOD,569,ESM7,0.84
2017-04-05,2017,B,-1,475,"(0.8, 2.0)",13.814285714285715,34.535714285714285,17.267857142857142,-6.5,EOD,569,ESM7,0.84
2017-04-05,2017,B,-1,475,"(1.0, 1.5)",17.267857142857142,25.901785714285715,17.267857142857142,-6.5,EOD,569,ESM7,0.84
2017-04-05,2017,B,-1,475,"(1.0, 1.75)",17.267857142857142,30.21875,17.267857142857142,-6.5,EOD,569,ESM7,0.84
2017-04-05,2017,B,-1,475,"(1.0, 2.0)",17.267857142857142,34.535714285714285,17.267857142857142,-6.5,EOD,569,ESM7,0.84
2017-04-05,2017,B,-1,475,"(1.2, 1.5)",20.72142857142857,25.901785714285715,17.267857142857142,-6.5,EOD,569,ESM7,0.84
2017-04-05,2017,B,-1,475,"(1.2, 1.75)",20.72142857142857,30.21875,17.267857142857142,-6.5,EOD,569,ESM7,0.84
2017-04-05,2017,B,-1,475,"(1.2, 2.0)",20.72142857142857,34.535714285714285,17.267857142857142,-6.5,EOD,569,ESM7,0.84
2017-04-05,2017,B,-1,475,"(0.179, 0.247)",3.0909464285714283,4.265160714285714,17.267857142857142,-3.090946428571442,SL,498,ESM7,0.84
2017-04-17,2017,B,1,440,"(0.8, 1.5)",13.871428571428574,26.008928571428573,17.339285714285715,5.5,EOD,569,ESM7,0.84
2017-04-17,2017,B,1,440,"(0.8, 1.75)",13.871428571428574,30.34375,17.339285714285715,5.5,EOD,569,ESM7,0.84
2017-04-17,2017,B,1,440,"(0.8, 2.0)",13.871428571428574,34.67857142857143,17.339285714285715,5.5,EOD,569,ESM7,0.84
2017-04-17,2017,B,1,440,"(1.0, 1.5)",17.339285714285715,26.008928571428573,17.339285714285715,5.5,EOD,569,ESM7,0.84
2017-04-17,2017,B,1,440,"(1.0, 1.75)",17.339285714285715,30.34375,17.339285714285715,5.5,EOD,569,ESM7,0.84
2017-04-17,2017,B,1,440,"(1.0, 2.0)",17.339285714285715,34.67857142857143,17.339285714285715,5.5,EOD,569,ESM7,0.84
2017-04-17,2017,B,1,440,"(1.2, 1.5)",20.807142857142857,26.008928571428573,17.339285714285715,5.5,EOD,569,ESM7,0.84
2017-04-17,2017,B,1,440,"(1.2, 1.75)",20.807142857142857,30.34375,17.339285714285715,5.5,EOD,569,ESM7,0.84
2017-04-17,2017,B,1,440,"(1.2, 2.0)",20.807142857142857,34.67857142857143,17.339285714285715,5.5,EOD,569,ESM7,0.84
2017-04-17,2017,B,1,440,"(0.179, 0.247)",3.103732142857143,4.2828035714285715,17.339285714285715,4.282803571428758,TP,474,ESM7,0.84
2017-04-19,2017,B,-1,470,"(0.8, 1.5)",12.985714285714288,24.348214285714285,16.232142857142858,-1.0,EOD,569,ESM7,0.84
2017-04-19,2017,B,-1,470,"(0.8, 1.75)",12.985714285714288,28.40625,16.232142857142858,-1.0,EOD,569,ESM7,0.84
2017-04-19,2017,B,-1,470,"(0.8, 2.0)",12.985714285714288,32.464285714285715,16.232142857142858,-1.0,EOD,569,ESM7,0.84
2017-04-19,2017,B,-1,470,"(1.0, 1.5)",16.232142857142858,24.348214285714285,16.232142857142858,-1.0,EOD,569,ESM7,0.84
2017-04-19,2017,B,-1,470,"(1.0, 1.75)",16.232142857142858,28.40625,16.232142857142858,-1.0,EOD,569,ESM7,0.84
2017-04-19,2017,B,-1,470,"(1.0, 2.0)",16.232142857142858,32.464285714285715,16.232142857142858,-1.0,EOD,569,ESM7,0.84
2017-04-19,2017,B,-1,470,"(1.2, 1.5)",19.478571428571428,24.348214285714285,16.232142857142858,-1.0,EOD,569,ESM7,0.84
2017-04-19,2017,B,-1,470,"(1.2, 1.75)",19.478571428571428,28.40625,16.232142857142858,-1.0,EOD,569,ESM7,0.84
2017-04-19,2017,B,-1,470,"(1.2, 2.0)",19.478571428571428,32.464285714285715,16.232142857142858,-1.0,EOD,569,ESM7,0.84
2017-04-19,2017,B,-1,470,"(0.179, 0.247)",2.9055535714285714,4.009339285714286,16.232142857142858,-1.0,EOD,569,ESM7,0.84
2017-04-25,2017,B,-1,410,"(0.8, 1.5)",14.642857142857142,27.45535714285714,18.303571428571427,-4.75,EOD,569,ESM7,0.84
2017-04-25,2017,B,-1,410,"(0.8, 1.75)",14.642857142857142,32.03125,18.303571428571427,-4.75,EOD,569,ESM7,0.84
2017-04-25,2017,B,-1,410,"(0.8, 2.0)",14.642857142857142,36.607142857142854,18.303571428571427,-4.75,EOD,569,ESM7,0.84
2017-04-25,2017,B,-1,410,"(1.0, 1.5)",18.303571428571427,27.45535714285714,18.303571428571427,-4.75,EOD,569,ESM7,0.84
2017-04-25,2017,B,-1,410,"(1.0, 1.75)",18.303571428571427,32.03125,18.303571428571427,-4.75,EOD,569,ESM7,0.84
2017-04-25,2017,B,-1,410,"(1.0, 2.0)",18.303571428571427,36.607142857142854,18.303571428571427,-4.75,EOD,569,ESM7,0.84
2017-04-25,2017,B,-1,410,"(1.2, 1.5)",21.96428571428571,27.45535714285714,18.303571428571427,-4.75,EOD,569,ESM7,0.84
2017-04-25,2017,B,-1,410,"(1.2, 1.75)",21.96428571428571,32.03125,18.303571428571427,-4.75,EOD,569,ESM7,0.84
2017-04-25,2017,B,-1,410,"(1.2, 2.0)",21.96428571428571,36.607142857142854,18.303571428571427,-4.75,EOD,569,ESM7,0.84
2017-04-25,2017,B,-1,410,"(0.179, 0.247)",3.2763392857142852,4.520982142857142,18.303571428571427,-3.27633928571413,SL,501,ESM7,0.84
2017-04-27,2017,B,1,410,"(0.8, 1.5)",14.157142857142858,26.54464285714286,17.696428571428573,3.75,EOD,569,ESM7,0.84
2017-04-27,2017,B,1,410,"(0.8, 1.75)",14.157142857142858,30.968750000000004,17.696428571428573,3.75,EOD,569,ESM7,0.84
2017-04-27,2017,B,1,410,"(0.8, 2.0)",14.157142857142858,35.392857142857146,17.696428571428573,3.75,EOD,569,ESM7,0.84
2017-04-27,2017,B,1,410,"(1.0, 1.5)",17.696428571428573,26.54464285714286,17.696428571428573,3.75,EOD,569,ESM7,0.84
2017-04-27,2017,B,1,410,"(1.0, 1.75)",17.696428571428573,30.968750000000004,17.696428571428573,3.75,EOD,569,ESM7,0.84
2017-04-27,2017,B,1,410,"(1.0, 2.0)",17.696428571428573,35.392857142857146,17.696428571428573,3.75,EOD,569,ESM7,0.84
2017-04-27,2017,B,1,410,"(1.2, 1.5)",21.235714285714288,26.54464285714286,17.696428571428573,3.75,EOD,569,ESM7,0.84
2017-04-27,2017,B,1,410,"(1.2, 1.75)",21.235714285714288,30.968750000000004,17.696428571428573,3.75,EOD,569,ESM7,0.84
2017-04-27,2017,B,1,410,"(1.2, 2.0)",21.235714285714288,35.392857142857146,17.696428571428573,3.75,EOD,569,ESM7,0.84
2017-04-27,2017,B,1,410,"(0.179, 0.247)",3.1676607142857143,4.371017857142857,17.696428571428573,3.75,EOD,569,ESM7,0.84
2017-05-09,2017,B,-1,545,"(0.8, 1.5)",11.02857142857143,20.67857142857143,13.785714285714286,-0.5,EOD,569,ESM7,0.84
2017-05-09,2017,B,-1,545,"(0.8, 1.75)",11.02857142857143,24.125,13.785714285714286,-0.5,EOD,569,ESM7,0.84
2017-05-09,2017,B,-1,545,"(0.8, 2.0)",11.02857142857143,27.571428571428573,13.785714285714286,-0.5,EOD,569,ESM7,0.84
2017-05-09,2017,B,-1,545,"(1.0, 1.5)",13.785714285714286,20.67857142857143,13.785714285714286,-0.5,EOD,569,ESM7,0.84
2017-05-09,2017,B,-1,545,"(1.0, 1.75)",13.785714285714286,24.125,13.785714285714286,-0.5,EOD,569,ESM7,0.84
2017-05-09,2017,B,-1,545,"(1.0, 2.0)",13.785714285714286,27.571428571428573,13.785714285714286,-0.5,EOD,569,ESM7,0.84
2017-05-09,2017,B,-1,545,"(1.2, 1.5)",16.542857142857144,20.67857142857143,13.785714285714286,-0.5,EOD,569,ESM7,0.84
2017-05-09,2017,B,-1,545,"(1.2, 1.75)",16.542857142857144,24.125,13.785714285714286,-0.5,EOD,569,ESM7,0.84
2017-05-09,2017,B,-1,545,"(1.2, 2.0)",16.542857142857144,27.571428571428573,13.785714285714286,-0.5,EOD,569,ESM7,0.84
2017-05-09,2017,B,-1,545,"(0.179, 0.247)",2.4676428571428572,3.4050714285714285,13.785714285714286,-0.5,EOD,569,ESM7,0.84
2017-05-10,2017,B,1,425,"(0.8, 1.5)",10.642857142857144,19.955357142857142,13.303571428571429,3.0,EOD,569,ESM7,0.84
2017-05-10,2017,B,1,425,"(0.8, 1.75)",10.642857142857144,23.28125,13.303571428571429,3.0,EOD,569,ESM7,0.84
2017-05-10,2017,B,1,425,"(0.8, 2.0)",10.642857142857144,26.607142857142858,13.303571428571429,3.0,EOD,569,ESM7,0.84
2017-05-10,2017,B,1,425,"(1.0, 1.5)",13.303571428571429,19.955357142857142,13.303571428571429,3.0,EOD,569,ESM7,0.84
2017-05-10,2017,B,1,425,"(1.0, 1.75)",13.303571428571429,23.28125,13.303571428571429,3.0,EOD,569,ESM7,0.84
2017-05-10,2017,B,1,425,"(1.0, 2.0)",13.303571428571429,26.607142857142858,13.303571428571429,3.0,EOD,569,ESM7,0.84
2017-05-10,2017,B,1,425,"(1.2, 1.5)",15.964285714285714,19.955357142857142,13.303571428571429,3.0,EOD,569,ESM7,0.84
2017-05-10,2017,B,1,425,"(1.2, 1.75)",15.964285714285714,23.28125,13.303571428571429,3.0,EOD,569,ESM7,0.84
2017-05-10,2017,B,1,425,"(1.2, 2.0)",15.964285714285714,26.607142857142858,13.303571428571429,3.0,EOD,569,ESM7,0.84
2017-05-10,2017,B,1,425,"(0.179, 0.247)",2.3813392857142857,3.2859821428571427,13.303571428571429,3.2859821428569376,TP,515,ESM7,0.84
2017-05-18,2017,B,1,310,"(0.8, 1.5)",10.414285714285715,19.526785714285715,13.017857142857142,-10.414285714285597,SL,357,ESM7,0.84
2017-05-18,2017,B,1,310,"(0.8, 1.75)",10.414285714285715,22.78125,13.017857142857142,-10.414285714285597,SL,357,ESM7,0.84
2017-05-18,2017,B,1,310,"(0.8, 2.0)",10.414285714285715,26.035714285714285,13.017857142857142,-10.414285714285597,SL,357,ESM7,0.84
2017-05-18,2017,B,1,310,"(1.0, 1.5)",13.017857142857142,19.526785714285715,13.017857142857142,-1.0,EOD,569,ESM7,0.84
2017-05-18,2017,B,1,310,"(1.0, 1.75)",13.017857142857142,22.78125,13.017857142857142,-1.0,EOD,569,ESM7,0.84
2017-05-18,2017,B,1,310,"(1.0, 2.0)",13.017857142857142,26.035714285714285,13.017857142857142,-1.0,EOD,569,ESM7,0.84
2017-05-18,2017,B,1,310,"(1.2, 1.5)",15.62142857142857,19.526785714285715,13.017857142857142,-1.0,EOD,569,ESM7,0.84
2017-05-18,2017,B,1,310,"(1.2, 1.75)",15.62142857142857,22.78125,13.017857142857142,-1.0,EOD,569,ESM7,0.84
2017-05-18,2017,B,1,310,"(1.2, 2.0)",15.62142857142857,26.035714285714285,13.017857142857142,-1.0,EOD,569,ESM7,0.84
2017-05-18,2017,B,1,310,"(0.179, 0.247)",2.3301964285714285,3.215410714285714,13.017857142857142,-2.3301964285715258,SL,326,ESM7,0.84
2017-06-27,2017,B,1,535,"(0.8, 1.5)",11.857142857142858,22.232142857142858,14.821428571428571,-1.0,EOD,569,ESU7,0.84
2017-06-27,2017,B,1,535,"(0.8, 1.75)",11.857142857142858,25.9375,14.821428571428571,-1.0,EOD,569,ESU7,0.84
2017-06-27,2017,B,1,535,"(0.8, 2.0)",11.857142857142858,29.642857142857142,14.821428571428571,-1.0,EOD,569,ESU7,0.84
2017-06-27,2017,B,1,535,"(1.0, 1.5)",14.821428571428571,22.232142857142858,14.821428571428571,-1.0,EOD,569,ESU7,0.84
2017-06-27,2017,B,1,535,"(1.0, 1.75)",14.821428571428571,25.9375,14.821428571428571,-1.0,EOD,569,ESU7,0.84
2017-06-27,2017,B,1,535,"(1.0, 2.0)",14.821428571428571,29.642857142857142,14.821428571428571,-1.0,EOD,569,ESU7,0.84
2017-06-27,2017,B,1,535,"(1.2, 1.5)",17.785714285714285,22.232142857142858,14.821428571428571,-1.0,EOD,569,ESU7,0.84
2017-06-27,2017,B,1,535,"(1.2, 1.75)",17.785714285714285,25.9375,14.821428571428571,-1.0,EOD,569,ESU7,0.84
2017-06-27,2017,B,1,535,"(1.2, 2.0)",17.785714285714285,29.642857142857142,14.821428571428571,-1.0,EOD,569,ESU7,0.84
2017-06-27,2017,B,1,535,"(0.179, 0.247)",2.653035714285714,3.660892857142857,14.821428571428571,-1.0,EOD,569,ESU7,0.84
2017-07-10,2017,B,-1,330,"(0.8, 1.5)",13.32857142857143,24.991071428571427,16.660714285714285,3.5,EOD,569,ESU7,0.84
2017-07-10,2017,B,-1,330,"(0.8, 1.75)",13.32857142857143,29.15625,16.660714285714285,3.5,EOD,569,ESU7,0.84
2017-07-10,2017,B,-1,330,"(0.8, 2.0)",13.32857142857143,33.32142857142857,16.660714285714285,3.5,EOD,569,ESU7,0.84
2017-07-10,2017,B,-1,330,"(1.0, 1.5)",16.660714285714285,24.991071428571427,16.660714285714285,3.5,EOD,569,ESU7,0.84
2017-07-10,2017,B,-1,330,"(1.0, 1.75)",16.660714285714285,29.15625,16.660714285714285,3.5,EOD,569,ESU7,0.84
2017-07-10,2017,B,-1,330,"(1.0, 2.0)",16.660714285714285,33.32142857142857,16.660714285714285,3.5,EOD,569,ESU7,0.84
2017-07-10,2017,B,-1,330,"(1.2, 1.5)",19.99285714285714,24.991071428571427,16.660714285714285,3.5,EOD,569,ESU7,0.84
2017-07-10,2017,B,-1,330,"(1.2, 1.75)",19.99285714285714,29.15625,16.660714285714285,3.5,EOD,569,ESU7,0.84
2017-07-10,2017,B,-1,330,"(1.2, 2.0)",19.99285714285714,33.32142857142857,16.660714285714285,3.5,EOD,569,ESU7,0.84
2017-07-10,2017,B,-1,330,"(0.179, 0.247)",2.982267857142857,4.115196428571428,16.660714285714285,4.11519642857138,TP,547,ESU7,0.84
2017-07-13,2017,B,-1,415,"(0.8, 1.5)",13.942857142857143,26.14285714285714,17.428571428571427,2.0,EOD,569,ESU7,0.84
2017-07-13,2017,B,-1,415,"(0.8, 1.75)",13.942857142857143,30.499999999999996,17.428571428571427,2.0,EOD,569,ESU7,0.84
2017-07-13,2017,B,-1,415,"(0.8, 2.0)",13.942857142857143,34.857142857142854,17.428571428571427,2.0,EOD,569,ESU7,0.84
2017-07-13,2017,B,-1,415,"(1.0, 1.5)",17.428571428571427,26.14285714285714,17.428571428571427,2.0,EOD,569,ESU7,0.84
2017-07-13,2017,B,-1,415,"(1.0, 1.75)",17.428571428571427,30.499999999999996,17.428571428571427,2.0,EOD,569,ESU7,0.84
2017-07-13,2017,B,-1,415,"(1.0, 2.0)",17.428571428571427,34.857142857142854,17.428571428571427,2.0,EOD,569,ESU7,0.84
2017-07-13,2017,B,-1,415,"(1.2, 1.5)",20.91428571428571,26.14285714285714,17.428571428571427,2.0,EOD,569,ESU7,0.84
2017-07-13,2017,B,-1,415,"(1.2, 1.75)",20.91428571428571,30.499999999999996,17.428571428571427,2.0,EOD,569,ESU7,0.84
2017-07-13,2017,B,-1,415,"(1.2, 2.0)",20.91428571428571,34.857142857142854,17.428571428571427,2.0,EOD,569,ESU7,0.84
2017-07-13,2017,B,-1,415,"(0.179, 0.247)",3.119714285714285,4.304857142857142,17.428571428571427,2.0,EOD,569,ESU7,0.84
2017-07-14,2017,B,-1,535,"(0.8, 1.5)",13.8,25.875,17.25,1.0,EOD,569,ESU7,0.84
2017-07-14,2017,B,-1,535,"(0.8, 1.75)",13.8,30.1875,17.25,1.0,EOD,569,ESU7,0.84
2017-07-14,2017,B,-1,535,"(0.8, 2.0)",13.8,34.5,17.25,1.0,EOD,569,ESU7,0.84
2017-07-14,2017,B,-1,535,"(1.0, 1.5)",17.25,25.875,17.25,1.0,EOD,569,ESU7,0.84
2017-07-14,2017,B,-1,535,"(1.0, 1.75)",17.25,30.1875,17.25,1.0,EOD,569,ESU7,0.84
2017-07-14,2017,B,-1,535,"(1.0, 2.0)",17.25,34.5,17.25,1.0,EOD,569,ESU7,0.84
2017-07-14,2017,B,-1,535,"(1.2, 1.5)",20.7,25.875,17.25,1.0,EOD,569,ESU7,0.84
2017-07-14,2017,B,-1,535,"(1.2, 1.75)",20.7,30.1875,17.25,1.0,EOD,569,ESU7,0.84
2017-07-14,2017,B,-1,535,"(1.2, 2.0)",20.7,34.5,17.25,1.0,EOD,569,ESU7,0.84
2017-07-14,2017,B,-1,535,"(0.179, 0.247)",3.0877499999999998,4.26075,17.25,1.0,EOD,569,ESU7,0.84
2017-08-11,2017,B,1,515,"(0.8, 1.5)",10.214285714285715,19.151785714285715,12.767857142857142,-1.0,EOD,569,ESU7,0.84
2017-08-11,2017,B,1,515,"(0.8, 1.75)",10.214285714285715,22.34375,12.767857142857142,-1.0,EOD,569,ESU7,0.84
2017-08-11,2017,B,1,515,"(0.8, 2.0)",10.214285714285715,25.535714285714285,12.767857142857142,-1.0,EOD,569,ESU7,0.84
2017-08-11,2017,B,1,515,"(1.0, 1.5)",12.767857142857142,19.151785714285715,12.767857142857142,-1.0,EOD,569,ESU7,0.84
2017-08-11,2017,B,1,515,"(1.0, 1.75)",12.767857142857142,22.34375,12.767857142857142,-1.0,EOD,569,ESU7,0.84
2017-08-11,2017,B,1,515,"(1.0, 2.0)",12.767857142857142,25.535714285714285,12.767857142857142,-1.0,EOD,569,ESU7,0.84
2017-08-11,2017,B,1,515,"(1.2, 1.5)",15.32142857142857,19.151785714285715,12.767857142857142,-1.0,EOD,569,ESU7,0.84
2017-08-11,2017,B,1,515,"(1.2, 1.75)",15.32142857142857,22.34375,12.767857142857142,-1.0,EOD,569,ESU7,0.84
2017-08-11,2017,B,1,515,"(1.2, 2.0)",15.32142857142857,25.535714285714285,12.767857142857142,-1.0,EOD,569,ESU7,0.84
2017-08-11,2017,B,1,515,"(0.179, 0.247)",2.2854464285714284,3.153660714285714,12.767857142857142,3.1536607142857065,TP,550,ESU7,0.84
2017-08-24,2017,B,-1,545,"(0.8, 1.5)",14.4,27.0,18.0,-0.0,EOD,569,ESU7,0.84
2017-08-24,2017,B,-1,545,"(0.8, 1.75)",14.4,31.5,18.0,-0.0,EOD,569,ESU7,0.84
2017-08-24,2017,B,-1,545,"(0.8, 2.0)",14.4,36.0,18.0,-0.0,EOD,569,ESU7,0.84
2017-08-24,2017,B,-1,545,"(1.0, 1.5)",18.0,27.0,18.0,-0.0,EOD,569,ESU7,0.84
2017-08-24,2017,B,-1,545,"(1.0, 1.75)",18.0,31.5,18.0,-0.0,EOD,569,ESU7,0.84
2017-08-24,2017,B,-1,545,"(1.0, 2.0)",18.0,36.0,18.0,-0.0,EOD,569,ESU7,0.84
2017-08-24,2017,B,-1,545,"(1.2, 1.5)",21.599999999999998,27.0,18.0,-0.0,EOD,569,ESU7,0.84
2017-08-24,2017,B,-1,545,"(1.2, 1.75)",21.599999999999998,31.5,18.0,-0.0,EOD,569,ESU7,0.84
2017-08-24,2017,B,-1,545,"(1.2, 2.0)",21.599999999999998,36.0,18.0,-0.0,EOD,569,ESU7,0.84
2017-08-24,2017,B,-1,545,"(0.179, 0.247)",3.222,4.446,18.0,-0.0,EOD,569,ESU7,0.84
2017-08-28,2017,B,1,355,"(0.8, 1.5)",15.35714285714286,28.79464285714286,19.196428571428573,7.0,EOD,569,ESU7,0.84
2017-08-28,2017,B,1,355,"(0.8, 1.75)",15.35714285714286,33.59375,19.196428571428573,7.0,EOD,569,ESU7,0.84
2017-08-28,2017,B,1,355,"(0.8, 2.0)",15.35714285714286,38.392857142857146,19.196428571428573,7.0,EOD,569,ESU7,0.84
2017-08-28,2017,B,1,355,"(1.0, 1.5)",19.196428571428573,28.79464285714286,19.196428571428573,7.0,EOD,569,ESU7,0.84
2017-08-28,2017,B,1,355,"(1.0, 1.75)",19.196428571428573,33.59375,19.196428571428573,7.0,EOD,569,ESU7,0.84
2017-08-28,2017,B,1,355,"(1.0, 2.0)",19.196428571428573,38.392857142857146,19.196428571428573,7.0,EOD,569,ESU7,0.84
2017-08-28,2017,B,1,355,"(1.2, 1.5)",23.03571428571429,28.79464285714286,19.196428571428573,7.0,EOD,569,ESU7,0.84
2017-08-28,2017,B,1,355,"(1.2, 1.75)",23.03571428571429,33.59375,19.196428571428573,7.0,EOD,569,ESU7,0.84
2017-08-28,2017,B,1,355,"(1.2, 2.0)",23.03571428571429,38.392857142857146,19.196428571428573,7.0,EOD,569,ESU7,0.84
2017-08-28,2017,B,1,355,"(0.179, 0.247)",3.4361607142857142,4.741517857142857,19.196428571428573,4.741517857142753,TP,486,ESU7,0.84
2017-09-01,2017,B,-1,400,"(0.8, 1.5)",14.700000000000001,27.5625,18.375,-1.5,EOD,569,ESU7,0.84
2017-09-01,2017,B,-1,400,"(0.8, 1.75)",14.700000000000001,32.15625,18.375,-1.5,EOD,569,ESU7,0.84
2017-09-01,2017,B,-1,400,"(0.8, 2.0)",14.700000000000001,36.75,18.375,-1.5,EOD,569,ESU7,0.84
2017-09-01,2017,B,-1,400,"(1.0, 1.5)",18.375,27.5625,18.375,-1.5,EOD,569,ESU7,0.84
2017-09-01,2017,B,-1,400,"(1.0, 1.75)",18.375,32.15625,18.375,-1.5,EOD,569,ESU7,0.84
2017-09-01,2017,B,-1,400,"(1.0, 2.0)",18.375,36.75,18.375,-1.5,EOD,569,ESU7,0.84
2017-09-01,2017,B,-1,400,"(1.2, 1.5)",22.05,27.5625,18.375,-1.5,EOD,569,ESU7,0.84
2017-09-01,2017,B,-1,400,"(1.2, 1.75)",22.05,32.15625,18.375,-1.5,EOD,569,ESU7,0.84
2017-09-01,2017,B,-1,400,"(1.2, 2.0)",22.05,36.75,18.375,-1.5,EOD,569,ESU7,0.84
2017-09-01,2017,B,-1,400,"(0.179, 0.247)",3.289125,4.538625,18.375,-3.2891249999997854,SL,513,ESU7,0.84
2017-09-05,2017,B,-1,535,"(0.8, 1.5)",13.8,25.875,17.25,-0.5,EOD,569,ESU7,0.84
2017-09-05,2017,B,-1,535,"(0.8, 1.75)",13.8,30.1875,17.25,-0.5,EOD,569,ESU7,0.84
2017-09-05,2017,B,-1,535,"(0.8, 2.0)",13.8,34.5,17.25,-0.5,EOD,569,ESU7,0.84
2017-09-05,2017,B,-1,535,"(1.0, 1.5)",17.25,25.875,17.25,-0.5,EOD,569,ESU7,0.84
2017-09-05,2017,B,-1,535,"(1.0, 1.75)",17.25,30.1875,17.25,-0.5,EOD,569,ESU7,0.84
2017-09-05,2017,B,-1,535,"(1.0, 2.0)",17.25,34.5,17.25,-0.5,EOD,569,ESU7,0.84
2017-09-05,2017,B,-1,535,"(1.2, 1.5)",20.7,25.875,17.25,-0.5,EOD,569,ESU7,0.84
2017-09-05,2017,B,-1,535,"(1.2, 1.75)",20.7,30.1875,17.25,-0.5,EOD,569,ESU7,0.84
2017-09-05,2017,B,-1,535,"(1.2, 2.0)",20.7,34.5,17.25,-0.5,EOD,569,ESU7,0.84
2017-09-05,2017,B,-1,535,"(0.179, 0.247)",3.0877499999999998,4.26075,17.25,-0.5,EOD,569,ESU7,0.84
2017-09-08,2017,B,1,395,"(0.8, 1.5)",12.485714285714288,23.410714285714285,15.607142857142858,0.5,EOD,569,ESU7,0.84
2017-09-08,2017,B,1,395,"(0.8, 1.75)",12.485714285714288,27.3125,15.607142857142858,0.5,EOD,569,ESU7,0.84
2017-09-08,2017,B,1,395,"(0.8, 2.0)",12.485714285714288,31.214285714285715,15.607142857142858,0.5,EOD,569,ESU7,0.84
2017-09-08,2017,B,1,395,"(1.0, 1.5)",15.607142857142858,23.410714285714285,15.607142857142858,0.5,EOD,569,ESU7,0.84
2017-09-08,2017,B,1,395,"(1.0, 1.75)",15.607142857142858,27.3125,15.607142857142858,0.5,EOD,569,ESU7,0.84
2017-09-08,2017,B,1,395,"(1.0, 2.0)",15.607142857142858,31.214285714285715,15.607142857142858,0.5,EOD,569,ESU7,0.84
2017-09-08,2017,B,1,395,"(1.2, 1.5)",18.728571428571428,23.410714285714285,15.607142857142858,0.5,EOD,569,ESU7,0.84
2017-09-08,2017,B,1,395,"(1.2, 1.75)",18.728571428571428,27.3125,15.607142857142858,0.5,EOD,569,ESU7,0.84
2017-09-08,2017,B,1,395,"(1.2, 2.0)",18.728571428571428,31.214285714285715,15.607142857142858,0.5,EOD,569,ESU7,0.84
2017-09-08,2017,B,1,395,"(0.179, 0.247)",2.7936785714285715,3.854964285714286,15.607142857142858,-2.7936785714287,SL,408,ESU7,0.84
2017-09-14,2017,B,1,515,"(0.8, 1.5)",11.52857142857143,21.61607142857143,14.410714285714286,1.5,EOD,569,ESZ7,0.84
2017-09-14,2017,B,1,515,"(0.8, 1.75)",11.52857142857143,25.21875,14.410714285714286,1.5,EOD,569,ESZ7,0.84
2017-09-14,2017,B,1,515,"(0.8, 2.0)",11.52857142857143,28.821428571428573,14.410714285714286,1.5,EOD,569,ESZ7,0.84
2017-09-14,2017,B,1,515,"(1.0, 1.5)",14.410714285714286,21.61607142857143,14.410714285714286,1.5,EOD,569,ESZ7,0.84
2017-09-14,2017,B,1,515,"(1.0, 1.75)",14.410714285714286,25.21875,14.410714285714286,1.5,EOD,569,ESZ7,0.84
2017-09-14,2017,B,1,515,"(1.0, 2.0)",14.410714285714286,28.821428571428573,14.410714285714286,1.5,EOD,569,ESZ7,0.84
2017-09-14,2017,B,1,515,"(1.2, 1.5)",17.292857142857144,21.61607142857143,14.410714285714286,1.5,EOD,569,ESZ7,0.84
2017-09-14,2017,B,1,515,"(1.2, 1.75)",17.292857142857144,25.21875,14.410714285714286,1.5,EOD,569,ESZ7,0.84
2017-09-14,2017,B,1,515,"(1.2, 2.0)",17.292857142857144,28.821428571428573,14.410714285714286,1.5,EOD,569,ESZ7,0.84
2017-09-14,2017,B,1,515,"(0.179, 0.247)",2.579517857142857,3.559446428571429,14.410714285714286,1.5,EOD,569,ESZ7,0.84
2017-11-13,2017,B,1,460,"(0.8, 1.5)",11.257142857142858,21.107142857142858,14.071428571428571,-1.0,EOD,569,ESZ7,0.84
2017-11-13,2017,B,1,460,"(0.8, 1.75)",11.257142857142858,24.625,14.071428571428571,-1.0,EOD,569,ESZ7,0.84
2017-11-13,2017,B,1,460,"(0.8, 2.0)",11.257142857142858,28.142857142857142,14.071428571428571,-1.0,EOD,569,ESZ7,0.84
2017-11-13,2017,B,1,460,"(1.0, 1.5)",14.071428571428571,21.107142857142858,14.071428571428571,-1.0,EOD,569,ESZ7,0.84
2017-11-13,2017,B,1,460,"(1.0, 1.75)",14.071428571428571,24.625,14.071428571428571,-1.0,EOD,569,ESZ7,0.84
2017-11-13,2017,B,1,460,"(1.0, 2.0)",14.071428571428571,28.142857142857142,14.071428571428571,-1.0,EOD,569,ESZ7,0.84
2017-11-13,2017,B,1,460,"(1.2, 1.5)",16.885714285714286,21.107142857142858,14.071428571428571,-1.0,EOD,569,ESZ7,0.84
2017-11-13,2017,B,1,460,"(1.2, 1.75)",16.885714285714286,24.625,14.071428571428571,-1.0,EOD,569,ESZ7,0.84
2017-11-13,2017,B,1,460,"(1.2, 2.0)",16.885714285714286,28.142857142857142,14.071428571428571,-1.0,EOD,569,ESZ7,0.84
2017-11-13,2017,B,1,460,"(0.179, 0.247)",2.518785714285714,3.4756428571428573,14.071428571428571,-2.5187857142855137,SL,542,ESZ7,0.84
2017-11-21,2017,B,-1,305,"(0.8, 1.5)",11.757142857142858,22.044642857142858,14.696428571428571,-6.25,EOD,569,ESZ7,0.84
2017-11-21,2017,B,-1,305,"(0.8, 1.75)",11.757142857142858,25.71875,14.696428571428571,-6.25,EOD,569,ESZ7,0.84
2017-11-21,2017,B,-1,305,"(0.8, 2.0)",11.757142857142858,29.392857142857142,14.696428571428571,-6.25,EOD,569,ESZ7,0.84
2017-11-21,2017,B,-1,305,"(1.0, 1.5)",14.696428571428571,22.044642857142858,14.696428571428571,-6.25,EOD,569,ESZ7,0.84
2017-11-21,2017,B,-1,305,"(1.0, 1.75)",14.696428571428571,25.71875,14.696428571428571,-6.25,EOD,569,ESZ7,0.84
2017-11-21,2017,B,-1,305,"(1.0, 2.0)",14.696428571428571,29.392857142857142,14.696428571428571,-6.25,EOD,569,ESZ7,0.84
2017-11-21,2017,B,-1,305,"(1.2, 1.5)",17.635714285714286,22.044642857142858,14.696428571428571,-6.25,EOD,569,ESZ7,0.84
2017-11-21,2017,B,-1,305,"(1.2, 1.75)",17.635714285714286,25.71875,14.696428571428571,-6.25,EOD,569,ESZ7,0.84
2017-11-21,2017,B,-1,305,"(1.2, 2.0)",17.635714285714286,29.392857142857142,14.696428571428571,-6.25,EOD,569,ESZ7,0.84
2017-11-21,2017,B,-1,305,"(0.179, 0.247)",2.630660714285714,3.630017857142857,14.696428571428571,-2.6306607142855682,SL,324,ESZ7,0.84
2017-12-01,2017,B,1,370,"(0.8, 1.5)",11.985714285714288,22.473214285714285,14.982142857142858,10.25,EOD,569,ESZ7,0.84
2017-12-01,2017,B,1,370,"(0.8, 1.75)",11.985714285714288,26.21875,14.982142857142858,10.25,EOD,569,ESZ7,0.84
2017-12-01,2017,B,1,370,"(0.8, 2.0)",11.985714285714288,29.964285714285715,14.982142857142858,10.25,EOD,569,ESZ7,0.84
2017-12-01,2017,B,1,370,"(1.0, 1.5)",14.982142857142858,22.473214285714285,14.982142857142858,10.25,EOD,569,ESZ7,0.84
2017-12-01,2017,B,1,370,"(1.0, 1.75)",14.982142857142858,26.21875,14.982142857142858,10.25,EOD,569,ESZ7,0.84
2017-12-01,2017,B,1,370,"(1.0, 2.0)",14.982142857142858,29.964285714285715,14.982142857142858,10.25,EOD,569,ESZ7,0.84
2017-12-01,2017,B,1,370,"(1.2, 1.5)",17.978571428571428,22.473214285714285,14.982142857142858,10.25,EOD,569,ESZ7,0.84
2017-12-01,2017,B,1,370,"(1.2, 1.75)",17.978571428571428,26.21875,14.982142857142858,10.25,EOD,569,ESZ7,0.84
2017-12-01,2017,B,1,370,"(1.2, 2.0)",17.978571428571428,29.964285714285715,14.982142857142858,10.25,EOD,569,ESZ7,0.84
2017-12-01,2017,B,1,370,"(0.179, 0.247)",2.6818035714285715,3.700589285714286,14.982142857142858,3.700589285714159,TP,459,ESZ7,0.84
2017-12-27,2017,B,-1,310,"(0.8, 1.5)",10.814285714285715,20.276785714285715,13.517857142857142,-0.25,EOD,569,ESH8,0.84
2017-12-27,2017,B,-1,310,"(0.8, 1.75)",10.814285714285715,23.65625,13.517857142857142,-0.25,EOD,569,ESH8,0.84
2017-12-27,2017,B,-1,310,"(0.8, 2.0)",10.814285714285715,27.035714285714285,13.517857142857142,-0.25,EOD,569,ESH8,0.84
2017-12-27,2017,B,-1,310,"(1.0, 1.5)",13.517857142857142,20.276785714285715,13.517857142857142,-0.25,EOD,569,ESH8,0.84
2017-12-27,2017,B,-1,310,"(1.0, 1.75)",13.517857142857142,23.65625,13.517857142857142,-0.25,EOD,569,ESH8,0.84
2017-12-27,2017,B,-1,310,"(1.0, 2.0)",13.517857142857142,27.035714285714285,13.517857142857142,-0.25,EOD,569,ESH8,0.84
2017-12-27,2017,B,-1,310,"(1.2, 1.5)",16.22142857142857,20.276785714285715,13.517857142857142,-0.25,EOD,569,ESH8,0.84
2017-12-27,2017,B,-1,310,"(1.2, 1.75)",16.22142857142857,23.65625,13.517857142857142,-0.25,EOD,569,ESH8,0.84
2017-12-27,2017,B,-1,310,"(1.2, 2.0)",16.22142857142857,27.035714285714285,13.517857142857142,-0.25,EOD,569,ESH8,0.84
2017-12-27,2017,B,-1,310,"(0.179, 0.247)",2.419696428571428,3.338910714285714,13.517857142857142,-2.4196964285715694,SL,528,ESH8,0.84
2018-01-04,2018,B,-1,335,"(0.8, 1.5)",11.542857142857144,21.642857142857142,14.428571428571429,-5.0,EOD,569,ESH8,0.84
2018-01-04,2018,B,-1,335,"(0.8, 1.75)",11.542857142857144,25.25,14.428571428571429,-5.0,EOD,569,ESH8,0.84
2018-01-04,2018,B,-1,335,"(0.8, 2.0)",11.542857142857144,28.857142857142858,14.428571428571429,-5.0,EOD,569,ESH8,0.84
2018-01-04,2018,B,-1,335,"(1.0, 1.5)",14.428571428571429,21.642857142857142,14.428571428571429,-5.0,EOD,569,ESH8,0.84
2018-01-04,2018,B,-1,335,"(1.0, 1.75)",14.428571428571429,25.25,14.428571428571429,-5.0,EOD,569,ESH8,0.84
2018-01-04,2018,B,-1,335,"(1.0, 2.0)",14.428571428571429,28.857142857142858,14.428571428571429,-5.0,EOD,569,ESH8,0.84
2018-01-04,2018,B,-1,335,"(1.2, 1.5)",17.314285714285713,21.642857142857142,14.428571428571429,-5.0,EOD,569,ESH8,0.84
2018-01-04,2018,B,-1,335,"(1.2, 1.75)",17.314285714285713,25.25,14.428571428571429,-5.0,EOD,569,ESH8,0.84
2018-01-04,2018,B,-1,335,"(1.2, 2.0)",17.314285714285713,28.857142857142858,14.428571428571429,-5.0,EOD,569,ESH8,0.84
2018-01-04,2018,B,-1,335,"(0.179, 0.247)",2.5827142857142857,3.563857142857143,14.428571428571429,-2.582714285714246,SL,439,ESH8,0.84
2018-01-09,2018,B,-1,360,"(0.8, 1.5)",11.185714285714287,20.973214285714285,13.982142857142858,-2.75,EOD,569,ESH8,0.84
2018-01-09,2018,B,-1,360,"(0.8, 1.75)",11.185714285714287,24.46875,13.982142857142858,-2.75,EOD,569,ESH8,0.84
2018-01-09,2018,B,-1,360,"(0.8, 2.0)",11.185714285714287,27.964285714285715,13.982142857142858,-2.75,EOD,569,ESH8,0.84
2018-01-09,2018,B,-1,360,"(1.0, 1.5)",13.982142857142858,20.973214285714285,13.982142857142858,-2.75,EOD,569,ESH8,0.84
2018-01-09,2018,B,-1,360,"(1.0, 1.75)",13.982142857142858,24.46875,13.982142857142858,-2.75,EOD,569,ESH8,0.84
2018-01-09,2018,B,-1,360,"(1.0, 2.0)",13.982142857142858,27.964285714285715,13.982142857142858,-2.75,EOD,569,ESH8,0.84
2018-01-09,2018,B,-1,360,"(1.2, 1.5)",16.77857142857143,20.973214285714285,13.982142857142858,-2.75,EOD,569,ESH8,0.84
2018-01-09,2018,B,-1,360,"(1.2, 1.75)",16.77857142857143,24.46875,13.982142857142858,-2.75,EOD,569,ESH8,0.84
2018-01-09,2018,B,-1,360,"(1.2, 2.0)",16.77857142857143,27.964285714285715,13.982142857142858,-2.75,EOD,569,ESH8,0.84
2018-01-09,2018,B,-1,360,"(0.179, 0.247)",2.5028035714285712,3.4535892857142856,13.982142857142858,-2.502803571428558,SL,518,ESH8,0.84
2018-01-11,2018,B,-1,325,"(0.8, 1.5)",10.9,20.4375,13.625,-3.5,EOD,569,ESH8,0.84
2018-01-11,2018,B,-1,325,"(0.8, 1.75)",10.9,23.84375,13.625,-3.5,EOD,569,ESH8,0.84
2018-01-11,2018,B,-1,325,"(0.8, 2.0)",10.9,27.25,13.625,-3.5,EOD,569,ESH8,0.84
2018-01-11,2018,B,-1,325,"(1.0, 1.5)",13.625,20.4375,13.625,-3.5,EOD,569,ESH8,0.84
2018-01-11,2018,B,-1,325,"(1.0, 1.75)",13.625,23.84375,13.625,-3.5,EOD,569,ESH8,0.84
2018-01-11,2018,B,-1,325,"(1.0, 2.0)",13.625,27.25,13.625,-3.5,EOD,569,ESH8,0.84
2018-01-11,2018,B,-1,325,"(1.2, 1.5)",16.349999999999998,20.4375,13.625,-3.5,EOD,569,ESH8,0.84
2018-01-11,2018,B,-1,325,"(1.2, 1.75)",16.349999999999998,23.84375,13.625,-3.5,EOD,569,ESH8,0.84
2018-01-11,2018,B,-1,325,"(1.2, 2.0)",16.349999999999998,27.25,13.625,-3.5,EOD,569,ESH8,0.84
2018-01-11,2018,B,-1,325,"(0.179, 0.247)",2.438875,3.365375,13.625,-2.4388749999998254,SL,374,ESH8,0.84
2018-01-12,2018,B,-1,525,"(0.8, 1.5)",11.085714285714287,20.785714285714285,13.857142857142858,-3.0,EOD,569,ESH8,0.84
2018-01-12,2018,B,-1,525,"(0.8, 1.75)",11.085714285714287,24.25,13.857142857142858,-3.0,EOD,569,ESH8,0.84
2018-01-12,2018,B,-1,525,"(0.8, 2.0)",11.085714285714287,27.714285714285715,13.857142857142858,-3.0,EOD,569,ESH8,0.84
2018-01-12,2018,B,-1,525,"(1.0, 1.5)",13.857142857142858,20.785714285714285,13.857142857142858,-3.0,EOD,569,ESH8,0.84
2018-01-12,2018,B,-1,525,"(1.0, 1.75)",13.857142857142858,24.25,13.857142857142858,-3.0,EOD,569,ESH8,0.84
2018-01-12,2018,B,-1,525,"(1.0, 2.0)",13.857142857142858,27.714285714285715,13.857142857142858,-3.0,EOD,569,ESH8,0.84
2018-01-12,2018,B,-1,525,"(1.2, 1.5)",16.62857142857143,20.785714285714285,13.857142857142858,-3.0,EOD,569,ESH8,0.84
2018-01-12,2018,B,-1,525,"(1.2, 1.75)",16.62857142857143,24.25,13.857142857142858,-3.0,EOD,569,ESH8,0.84
2018-01-12,2018,B,-1,525,"(1.2, 2.0)",16.62857142857143,27.714285714285715,13.857142857142858,-3.0,EOD,569,ESH8,0.84
2018-01-12,2018,B,-1,525,"(0.179, 0.247)",2.4804285714285714,3.4227142857142856,13.857142857142858,-2.480428571428547,SL,542,ESH8,0.84
2018-01-24,2018,B,-1,360,"(0.8, 1.5)",15.085714285714287,28.285714285714285,18.857142857142858,-3.5,EOD,569,ESH8,0.84
2018-01-24,2018,B,-1,360,"(0.8, 1.75)",15.085714285714287,33.0,18.857142857142858,-3.5,EOD,569,ESH8,0.84
2018-01-24,2018,B,-1,360,"(0.8, 2.0)",15.085714285714287,37.714285714285715,18.857142857142858,-3.5,EOD,569,ESH8,0.84
2018-01-24,2018,B,-1,360,"(1.0, 1.5)",18.857142857142858,28.285714285714285,18.857142857142858,-3.5,EOD,569,ESH8,0.84
2018-01-24,2018,B,-1,360,"(1.0, 1.75)",18.857142857142858,33.0,18.857142857142858,-3.5,EOD,569,ESH8,0.84
2018-01-24,2018,B,-1,360,"(1.0, 2.0)",18.857142857142858,37.714285714285715,18.857142857142858,-3.5,EOD,569,ESH8,0.84
2018-01-24,2018,B,-1,360,"(1.2, 1.5)",22.62857142857143,28.285714285714285,18.857142857142858,-3.5,EOD,569,ESH8,0.84
2018-01-24,2018,B,-1,360,"(1.2, 1.75)",22.62857142857143,33.0,18.857142857142858,-3.5,EOD,569,ESH8,0.84
2018-01-24,2018,B,-1,360,"(1.2, 2.0)",22.62857142857143,37.714285714285715,18.857142857142858,-3.5,EOD,569,ESH8,0.84
2018-01-24,2018,B,-1,360,"(0.179, 0.247)",3.3754285714285714,4.6577142857142855,18.857142857142858,-3.375428571428529,SL,514,ESH8,0.84
2018-01-26,2018,B,-1,365,"(0.8, 1.5)",15.85714285714286,29.73214285714286,19.821428571428573,-0.0,EOD,569,ESH8,0.84
2018-01-26,2018,B,-1,365,"(0.8, 1.75)",15.85714285714286,34.6875,19.821428571428573,-0.0,EOD,569,ESH8,0.84
2018-01-26,2018,B,-1,365,"(0.8, 2.0)",15.85714285714286,39.642857142857146,19.821428571428573,-0.0,EOD,569,ESH8,0.84
2018-01-26,2018,B,-1,365,"(1.0, 1.5)",19.821428571428573,29.73214285714286,19.821428571428573,-0.0,EOD,569,ESH8,0.84
2018-01-26,2018,B,-1,365,"(1.0, 1.75)",19.821428571428573,34.6875,19.821428571428573,-0.0,EOD,569,ESH8,0.84
2018-01-26,2018,B,-1,365,"(1.0, 2.0)",19.821428571428573,39.642857142857146,19.821428571428573,-0.0,EOD,569,ESH8,0.84
2018-01-26,2018,B,-1,365,"(1.2, 1.5)",23.78571428571429,29.73214285714286,19.821428571428573,-0.0,EOD,569,ESH8,0.84
2018-01-26,2018,B,-1,365,"(1.2, 1.75)",23.78571428571429,34.6875,19.821428571428573,-0.0,EOD,569,ESH8,0.84
2018-01-26,2018,B,-1,365,"(1.2, 2.0)",23.78571428571429,39.642857142857146,19.821428571428573,-0.0,EOD,569,ESH8,0.84
2018-01-26,2018,B,-1,365,"(0.179, 0.247)",3.5480357142857146,4.895892857142857,19.821428571428573,-0.0,EOD,569,ESH8,0.84
2018-02-12,2018,B,-1,565,"(0.8, 1.5)",43.785714285714285,82.09821428571428,54.732142857142854,-3.0,EOD,569,ESH8,0.84
2018-02-12,2018,B,-1,565,"(0.8, 1.75)",43.785714285714285,95.78125,54.732142857142854,-3.0,EOD,569,ESH8,0.84
2018-02-12,2018,B,-1,565,"(0.8, 2.0)",43.785714285714285,109.46428571428571,54.732142857142854,-3.0,EOD,569,ESH8,0.84
2018-02-12,2018,B,-1,565,"(1.0, 1.5)",54.732142857142854,82.09821428571428,54.732142857142854,-3.0,EOD,569,ESH8,0.84
2018-02-12,2018,B,-1,565,"(1.0, 1.75)",54.732142857142854,95.78125,54.732142857142854,-3.0,EOD,569,ESH8,0.84
2018-02-12,2018,B,-1,565,"(1.0, 2.0)",54.732142857142854,109.46428571428571,54.732142857142854,-3.0,EOD,569,ESH8,0.84
2018-02-12,2018,B,-1,565,"(1.2, 1.5)",65.67857142857142,82.09821428571428,54.732142857142854,-3.0,EOD,569,ESH8,0.84
2018-02-12,2018,B,-1,565,"(1.2, 1.75)",65.67857142857142,95.78125,54.732142857142854,-3.0,EOD,569,ESH8,0.84
2018-02-12,2018,B,-1,565,"(1.2, 2.0)",65.67857142857142,109.46428571428571,54.732142857142854,-3.0,EOD,569,ESH8,0.84
2018-02-12,2018,B,-1,565,"(0.179, 0.247)",9.79705357142857,13.518839285714284,54.732142857142854,-3.0,EOD,569,ESH8,0.84
2018-02-14,2018,B,1,525,"(0.8, 1.5)",46.285714285714285,86.78571428571428,57.857142857142854,8.25,EOD,569,ESH8,0.84
2018-02-14,2018,B,1,525,"(0.8, 1.75)",46.285714285714285,101.25,57.857142857142854,8.25,EOD,569,ESH8,0.84
2018-02-14,2018,B,1,525,"(0.8, 2.0)",46.285714285714285,115.71428571428571,57.857142857142854,8.25,EOD,569,ESH8,0.84
2018-02-14,2018,B,1,525,"(1.0, 1.5)",57.857142857142854,86.78571428571428,57.857142857142854,8.25,EOD,569,ESH8,0.84
2018-02-14,2018,B,1,525,"(1.0, 1.75)",57.857142857142854,101.25,57.857142857142854,8.25,EOD,569,ESH8,0.84
2018-02-14,2018,B,1,525,"(1.0, 2.0)",57.857142857142854,115.71428571428571,57.857142857142854,8.25,EOD,569,ESH8,0.84
2018-02-14,2018,B,1,525,"(1.2, 1.5)",69.42857142857142,86.78571428571428,57.857142857142854,8.25,EOD,569,ESH8,0.84
2018-02-14,2018,B,1,525,"(1.2, 1.75)",69.42857142857142,101.25,57.857142857142854,8.25,EOD,569,ESH8,0.84
2018-02-14,2018,B,1,525,"(1.2, 2.0)",69.42857142857142,115.71428571428571,57.857142857142854,8.25,EOD,569,ESH8,0.84
2018-02-14,2018,B,1,525,"(0.179, 0.247)",10.356428571428571,14.290714285714285,57.857142857142854,8.25,EOD,569,ESH8,0.84
2018-02-27,2018,B,-1,365,"(0.8, 1.5)",39.400000000000006,73.875,49.25,-2.0,EOD,569,ESH8,0.84
2018-02-27,2018,B,-1,365,"(0.8, 1.75)",39.400000000000006,86.1875,49.25,-2.0,EOD,569,ESH8,0.84
2018-02-27,2018,B,-1,365,"(0.8, 2.0)",39.400000000000006,98.5,49.25,-2.0,EOD,569,ESH8,0.84
2018-02-27,2018,B,-1,365,"(1.0, 1.5)",49.25,73.875,49.25,-2.0,EOD,569,ESH8,0.84
2018-02-27,2018,B,-1,365,"(1.0, 1.75)",49.25,86.1875,49.25,-2.0,EOD,569,ESH8,0.84
2018-02-27,2018,B,-1,365,"(1.0, 2.0)",49.25,98.5,49.25,-2.0,EOD,569,ESH8,0.84
2018-02-27,2018,B,-1,365,"(1.2, 1.5)",59.099999999999994,73.875,49.25,-2.0,EOD,569,ESH8,0.84
2018-02-27,2018,B,-1,365,"(1.2, 1.75)",59.099999999999994,86.1875,49.25,-2.0,EOD,569,ESH8,0.84
2018-02-27,2018,B,-1,365,"(1.2, 2.0)",59.099999999999994,98.5,49.25,-2.0,EOD,569,ESH8,0.84
2018-02-27,2018,B,-1,365,"(0.179, 0.247)",8.81575,12.16475,49.25,-2.0,EOD,569,ESH8,0.84
2018-03-02,2018,B,1,470,"(0.8, 1.5)",34.01428571428572,63.77678571428572,42.517857142857146,-2.75,EOD,569,ESH8,0.84
2018-03-02,2018,B,1,470,"(0.8, 1.75)",34.01428571428572,74.40625,42.517857142857146,-2.75,EOD,569,ESH8,0.84
2018-03-02,2018,B,1,470,"(0.8, 2.0)",34.01428571428572,85.03571428571429,42.517857142857146,-2.75,EOD,569,ESH8,0.84
2018-03-02,2018,B,1,470,"(1.0, 1.5)",42.517857142857146,63.77678571428572,42.517857142857146,-2.75,EOD,569,ESH8,0.84
2018-03-02,2018,B,1,470,"(1.0, 1.75)",42.517857142857146,74.40625,42.517857142857146,-2.75,EOD,569,ESH8,0.84
2018-03-02,2018,B,1,470,"(1.0, 2.0)",42.517857142857146,85.03571428571429,42.517857142857146,-2.75,EOD,569,ESH8,0.84
2018-03-02,2018,B,1,470,"(1.2, 1.5)",51.02142857142857,63.77678571428572,42.517857142857146,-2.75,EOD,569,ESH8,0.84
2018-03-02,2018,B,1,470,"(1.2, 1.75)",51.02142857142857,74.40625,42.517857142857146,-2.75,EOD,569,ESH8,0.84
2018-03-02,2018,B,1,470,"(1.2, 2.0)",51.02142857142857,85.03571428571429,42.517857142857146,-2.75,EOD,569,ESH8,0.84
2018-03-02,2018,B,1,470,"(0.179, 0.247)",7.610696428571429,10.501910714285716,42.517857142857146,-2.75,EOD,569,ESH8,0.84
2018-03-06,2018,B,-1,540,"(0.8, 1.5)",34.92857142857143,65.49107142857143,43.660714285714285,-4.0,EOD,569,ESH8,0.84
2018-03-06,2018,B,-1,540,"(0.8, 1.75)",34.92857142857143,76.40625,43.660714285714285,-4.0,EOD,569,ESH8,0.84
2018-03-06,2018,B,-1,540,"(0.8, 2.0)",34.92857142857143,87.32142857142857,43.660714285714285,-4.0,EOD,569,ESH8,0.84
2018-03-06,2018,B,-1,540,"(1.0, 1.5)",43.660714285714285,65.49107142857143,43.660714285714285,-4.0,EOD,569,ESH8,0.84
2018-03-06,2018,B,-1,540,"(1.0, 1.75)",43.660714285714285,76.40625,43.660714285714285,-4.0,EOD,569,ESH8,0.84
2018-03-06,2018,B,-1,540,"(1.0, 2.0)",43.660714285714285,87.32142857142857,43.660714285714285,-4.0,EOD,569,ESH8,0.84
2018-03-06,2018,B,-1,540,"(1.2, 1.5)",52.39285714285714,65.49107142857143,43.660714285714285,-4.0,EOD,569,ESH8,0.84
2018-03-06,2018,B,-1,540,"(1.2, 1.75)",52.39285714285714,76.40625,43.660714285714285,-4.0,EOD,569,ESH8,0.84
2018-03-06,2018,B,-1,540,"(1.2, 2.0)",52.39285714285714,87.32142857142857,43.660714285714285,-4.0,EOD,569,ESH8,0.84
2018-03-06,2018,B,-1,540,"(0.179, 0.247)",7.815267857142857,10.784196428571429,43.660714285714285,-4.0,EOD,569,ESH8,0.84
2018-03-09,2018,B,-1,380,"(0.8, 1.5)",31.371428571428574,58.82142857142857,39.214285714285715,-14.75,EOD,569,ESH8,0.84
2018-03-09,2018,B,-1,380,"(0.8, 1.75)",31.371428571428574,68.625,39.214285714285715,-14.75,EOD,569,ESH8,0.84
2018-03-09,2018,B,-1,380,"(0.8, 2.0)",31.371428571428574,78.42857142857143,39.214285714285715,-14.75,EOD,569,ESH8,0.84
2018-03-09,2018,B,-1,380,"(1.0, 1.5)",39.214285714285715,58.82142857142857,39.214285714285715,-14.75,EOD,569,ESH8,0.84
2018-03-09,2018,B,-1,380,"(1.0, 1.75)",39.214285714285715,68.625,39.214285714285715,-14.75,EOD,569,ESH8,0.84
2018-03-09,2018,B,-1,380,"(1.0, 2.0)",39.214285714285715,78.42857142857143,39.214285714285715,-14.75,EOD,569,ESH8,0.84
2018-03-09,2018,B,-1,380,"(1.2, 1.5)",47.05714285714286,58.82142857142857,39.214285714285715,-14.75,EOD,569,ESH8,0.84
2018-03-09,2018,B,-1,380,"(1.2, 1.75)",47.05714285714286,68.625,39.214285714285715,-14.75,EOD,569,ESH8,0.84
2018-03-09,2018,B,-1,380,"(1.2, 2.0)",47.05714285714286,78.42857142857143,39.214285714285715,-14.75,EOD,569,ESH8,0.84
2018-03-09,2018,B,-1,380,"(0.179, 0.247)",7.019357142857142,9.68592857142857,39.214285714285715,9.685928571428576,TP,509,ESH8,0.84
2018-03-13,2018,B,-1,525,"(0.8, 1.5)",32.42857142857143,60.80357142857143,40.535714285714285,-3.5,EOD,569,ESM8,0.84
2018-03-13,2018,B,-1,525,"(0.8, 1.75)",32.42857142857143,70.9375,40.535714285714285,-3.5,EOD,569,ESM8,0.84
2018-03-13,2018,B,-1,525,"(0.8, 2.0)",32.42857142857143,81.07142857142857,40.535714285714285,-3.5,EOD,569,ESM8,0.84
2018-03-13,2018,B,-1,525,"(1.0, 1.5)",40.535714285714285,60.80357142857143,40.535714285714285,-3.5,EOD,569,ESM8,0.84
2018-03-13,2018,B,-1,525,"(1.0, 1.75)",40.535714285714285,70.9375,40.535714285714285,-3.5,EOD,569,ESM8,0.84
2018-03-13,2018,B,-1,525,"(1.0, 2.0)",40.535714285714285,81.07142857142857,40.535714285714285,-3.5,EOD,569,ESM8,0.84
2018-03-13,2018,B,-1,525,"(1.2, 1.5)",48.64285714285714,60.80357142857143,40.535714285714285,-3.5,EOD,569,ESM8,0.84
2018-03-13,2018,B,-1,525,"(1.2, 1.75)",48.64285714285714,70.9375,40.535714285714285,-3.5,EOD,569,ESM8,0.84
2018-03-13,2018,B,-1,525,"(1.2, 2.0)",48.64285714285714,81.07142857142857,40.535714285714285,-3.5,EOD,569,ESM8,0.84
2018-03-13,2018,B,-1,525,"(0.179, 0.247)",7.2558928571428565,10.012321428571429,40.535714285714285,-3.5,EOD,569,ESM8,0.84
2018-03-23,2018,B,1,540,"(0.8, 1.5)",27.557142857142857,51.669642857142854,34.44642857142857,7.25,EOD,569,ESM8,0.84
2018-03-23,2018,B,1,540,"(0.8, 1.75)",27.557142857142857,60.28125,34.44642857142857,7.25,EOD,569,ESM8,0.84
2018-03-23,2018,B,1,540,"(0.8, 2.0)",27.557142857142857,68.89285714285714,34.44642857142857,7.25,EOD,569,ESM8,0.84
2018-03-23,2018,B,1,540,"(1.0, 1.5)",34.44642857142857,51.669642857142854,34.44642857142857,7.25,EOD,569,ESM8,0.84
2018-03-23,2018,B,1,540,"(1.0, 1.75)",34.44642857142857,60.28125,34.44642857142857,7.25,EOD,569,ESM8,0.84
2018-03-23,2018,B,1,540,"(1.0, 2.0)",34.44642857142857,68.89285714285714,34.44642857142857,7.25,EOD,569,ESM8,0.84
2018-03-23,2018,B,1,540,"(1.2, 1.5)",41.33571428571428,51.669642857142854,34.44642857142857,7.25,EOD,569,ESM8,0.84
2018-03-23,2018,B,1,540,"(1.2, 1.75)",41.33571428571428,60.28125,34.44642857142857,7.25,EOD,569,ESM8,0.84
2018-03-23,2018,B,1,540,"(1.2, 2.0)",41.33571428571428,68.89285714285714,34.44642857142857,7.25,EOD,569,ESM8,0.84
2018-03-23,2018,B,1,540,"(0.179, 0.247)",6.1659107142857135,8.508267857142856,34.44642857142857,8.508267857142982,TP,561,ESM8,0.84
2018-04-04,2018,B,1,510,"(0.8, 1.5)",40.25714285714286,75.48214285714286,50.32142857142857,-1.5,EOD,569,ESM8,0.84
2018-04-04,2018,B,1,510,"(0.8, 1.75)",40.25714285714286,88.0625,50.32142857142857,-1.5,EOD,569,ESM8,0.84
2018-04-04,2018,B,1,510,"(0.8, 2.0)",40.25714285714286,100.64285714285714,50.32142857142857,-1.5,EOD,569,ESM8,0.84
2018-04-04,2018,B,1,510,"(1.0, 1.5)",50.32142857142857,75.48214285714286,50.32142857142857,-1.5,EOD,569,ESM8,0.84
2018-04-04,2018,B,1,510,"(1.0, 1.75)",50.32142857142857,88.0625,50.32142857142857,-1.5,EOD,569,ESM8,0.84
2018-04-04,2018,B,1,510,"(1.0, 2.0)",50.32142857142857,100.64285714285714,50.32142857142857,-1.5,EOD,569,ESM8,0.84
2018-04-04,2018,B,1,510,"(1.2, 1.5)",60.38571428571428,75.48214285714286,50.32142857142857,-1.5,EOD,569,ESM8,0.84
2018-04-04,2018,B,1,510,"(1.2, 1.75)",60.38571428571428,88.0625,50.32142857142857,-1.5,EOD,569,ESM8,0.84
2018-04-04,2018,B,1,510,"(1.2, 2.0)",60.38571428571428,100.64285714285714,50.32142857142857,-1.5,EOD,569,ESM8,0.84
2018-04-04,2018,B,1,510,"(0.179, 0.247)",9.007535714285714,12.429392857142856,50.32142857142857,-1.5,EOD,569,ESM8,0.84
2018-04-18,2018,B,-1,410,"(0.8, 1.5)",38.67142857142858,72.50892857142857,48.339285714285715,1.75,EOD,569,ESM8,0.84
2018-04-18,2018,B,-1,410,"(0.8, 1.75)",38.67142857142858,84.59375,48.339285714285715,1.75,EOD,569,ESM8,0.84
2018-04-18,2018,B,-1,410,"(0.8, 2.0)",38.67142857142858,96.67857142857143,48.339285714285715,1.75,EOD,569,ESM8,0.84
2018-04-18,2018,B,-1,410,"(1.0, 1.5)",48.339285714285715,72.50892857142857,48.339285714285715,1.75,EOD,569,ESM8,0.84
2018-04-18,2018,B,-1,410,"(1.0, 1.75)",48.339285714285715,84.59375,48.339285714285715,1.75,EOD,569,ESM8,0.84
2018-04-18,2018,B,-1,410,"(1.0, 2.0)",48.339285714285715,96.67857142857143,48.339285714285715,1.75,EOD,569,ESM8,0.84
2018-04-18,2018,B,-1,410,"(1.2, 1.5)",58.00714285714285,72.50892857142857,48.339285714285715,1.75,EOD,569,ESM8,0.84
2018-04-18,2018,B,-1,410,"(1.2, 1.75)",58.00714285714285,84.59375,48.339285714285715,1.75,EOD,569,ESM8,0.84
2018-04-18,2018,B,-1,410,"(1.2, 2.0)",58.00714285714285,96.67857142857143,48.339285714285715,1.75,EOD,569,ESM8,0.84
2018-04-18,2018,B,-1,410,"(0.179, 0.247)",8.652732142857143,11.939803571428572,48.339285714285715,1.75,EOD,569,ESM8,0.84
2018-04-24,2018,B,-1,550,"(0.8, 1.5)",31.357142857142858,58.794642857142854,39.19642857142857,0.75,EOD,569,ESM8,0.84
2018-04-24,2018,B,-1,550,"(0.8, 1.75)",31.357142857142858,68.59375,39.19642857142857,0.75,EOD,569,ESM8,0.84
2018-04-24,2018,B,-1,550,"(0.8, 2.0)",31.357142857142858,78.39285714285714,39.19642857142857,0.75,EOD,569,ESM8,0.84
2018-04-24,2018,B,-1,550,"(1.0, 1.5)",39.19642857142857,58.794642857142854,39.19642857142857,0.75,EOD,569,ESM8,0.84
2018-04-24,2018,B,-1,550,"(1.0, 1.75)",39.19642857142857,68.59375,39.19642857142857,0.75,EOD,569,ESM8,0.84
2018-04-24,2018,B,-1,550,"(1.0, 2.0)",39.19642857142857,78.39285714285714,39.19642857142857,0.75,EOD,569,ESM8,0.84
2018-04-24,2018,B,-1,550,"(1.2, 1.5)",47.035714285714285,58.794642857142854,39.19642857142857,0.75,EOD,569,ESM8,0.84
2018-04-24,2018,B,-1,550,"(1.2, 1.75)",47.035714285714285,68.59375,39.19642857142857,0.75,EOD,569,ESM8,0.84
2018-04-24,2018,B,-1,550,"(1.2, 2.0)",47.035714285714285,78.39285714285714,39.19642857142857,0.75,EOD,569,ESM8,0.84
2018-04-24,2018,B,-1,550,"(0.179, 0.247)",7.016160714285713,9.681517857142856,39.19642857142857,0.75,EOD,569,ESM8,0.84
2018-04-30,2018,B,-1,550,"(0.8, 1.5)",26.757142857142856,50.169642857142854,33.44642857142857,1.0,EOD,569,ESM8,0.84
2018-04-30,2018,B,-1,550,"(0.8, 1.75)",26.757142857142856,58.53125,33.44642857142857,1.0,EOD,569,ESM8,0.84
2018-04-30,2018,B,-1,550,"(0.8, 2.0)",26.757142857142856,66.89285714285714,33.44642857142857,1.0,EOD,569,ESM8,0.84
2018-04-30,2018,B,-1,550,"(1.0, 1.5)",33.44642857142857,50.169642857142854,33.44642857142857,1.0,EOD,569,ESM8,0.84
2018-04-30,2018,B,-1,550,"(1.0, 1.75)",33.44642857142857,58.53125,33.44642857142857,1.0,EOD,569,ESM8,0.84
2018-04-30,2018,B,-1,550,"(1.0, 2.0)",33.44642857142857,66.89285714285714,33.44642857142857,1.0,EOD,569,ESM8,0.84
2018-04-30,2018,B,-1,550,"(1.2, 1.5)",40.13571428571428,50.169642857142854,33.44642857142857,1.0,EOD,569,ESM8,0.84
2018-04-30,2018,B,-1,550,"(1.2, 1.75)",40.13571428571428,58.53125,33.44642857142857,1.0,EOD,569,ESM8,0.84
2018-04-30,2018,B,-1,550,"(1.2, 2.0)",40.13571428571428,66.89285714285714,33.44642857142857,1.0,EOD,569,ESM8,0.84
2018-04-30,2018,B,-1,550,"(0.179, 0.247)",5.986910714285714,8.261267857142856,33.44642857142857,1.0,EOD,569,ESM8,0.84
2018-05-01,2018,B,1,420,"(0.8, 1.5)",25.814285714285717,48.40178571428572,32.267857142857146,-5.25,EOD,569,ESM8,0.84
2018-05-01,2018,B,1,420,"(0.8, 1.75)",25.814285714285717,56.46875000000001,32.267857142857146,-5.25,EOD,569,ESM8,0.84
2018-05-01,2018,B,1,420,"(0.8, 2.0)",25.814285714285717,64.53571428571429,32.267857142857146,-5.25,EOD,569,ESM8,0.84
2018-05-01,2018,B,1,420,"(1.0, 1.5)",32.267857142857146,48.40178571428572,32.267857142857146,-5.25,EOD,569,ESM8,0.84
2018-05-01,2018,B,1,420,"(1.0, 1.75)",32.267857142857146,56.46875000000001,32.267857142857146,-5.25,EOD,569,ESM8,0.84
2018-05-01,2018,B,1,420,"(1.0, 2.0)",32.267857142857146,64.53571428571429,32.267857142857146,-5.25,EOD,569,ESM8,0.84
2018-05-01,2018,B,1,420,"(1.2, 1.5)",38.721428571428575,48.40178571428572,32.267857142857146,-5.25,EOD,569,ESM8,0.84
2018-05-01,2018,B,1,420,"(1.2, 1.75)",38.721428571428575,56.46875000000001,32.267857142857146,-5.25,EOD,569,ESM8,0.84
2018-05-01,2018,B,1,420,"(1.2, 2.0)",38.721428571428575,64.53571428571429,32.267857142857146,-5.25,EOD,569,ESM8,0.84
2018-05-01,2018,B,1,420,"(0.179, 0.247)",5.775946428571429,7.970160714285715,32.267857142857146,-5.7759464285713875,SL,550,ESM8,0.84
2018-05-03,2018,B,1,460,"(0.8, 1.5)",26.042857142857144,48.830357142857146,32.55357142857143,-6.0,EOD,569,ESM8,0.84
2018-05-03,2018,B,1,460,"(0.8, 1.75)",26.042857142857144,56.96875,32.55357142857143,-6.0,EOD,569,ESM8,0.84
2018-05-03,2018,B,1,460,"(0.8, 2.0)",26.042857142857144,65.10714285714286,32.55357142857143,-6.0,EOD,569,ESM8,0.84
2018-05-03,2018,B,1,460,"(1.0, 1.5)",32.55357142857143,48.830357142857146,32.55357142857143,-6.0,EOD,569,ESM8,0.84
2018-05-03,2018,B,1,460,"(1.0, 1.75)",32.55357142857143,56.96875,32.55357142857143,-6.0,EOD,569,ESM8,0.84
2018-05-03,2018,B,1,460,"(1.0, 2.0)",32.55357142857143,65.10714285714286,32.55357142857143,-6.0,EOD,569,ESM8,0.84
2018-05-03,2018,B,1,460,"(1.2, 1.5)",39.06428571428572,48.830357142857146,32.55357142857143,-6.0,EOD,569,ESM8,0.84
2018-05-03,2018,B,1,460,"(1.2, 1.75)",39.06428571428572,56.96875,32.55357142857143,-6.0,EOD,569,ESM8,0.84
2018-05-03,2018,B,1,460,"(1.2, 2.0)",39.06428571428572,65.10714285714286,32.55357142857143,-6.0,EOD,569,ESM8,0.84
2018-05-03,2018,B,1,460,"(0.179, 0.247)",5.827089285714286,8.040732142857143,32.55357142857143,-5.8270892857144645,SL,471,ESM8,0.84
2018-05-08,2018,B,1,505,"(0.8, 1.5)",27.085714285714285,50.78571428571428,33.857142857142854,2.25,EOD,569,ESM8,0.84
2018-05-08,2018,B,1,505,"(0.8, 1.75)",27.085714285714285,59.24999999999999,33.857142857142854,2.25,EOD,569,ESM8,0.84
2018-05-08,2018,B,1,505,"(0.8, 2.0)",27.085714285714285,67.71428571428571,33.857142857142854,2.25,EOD,569,ESM8,0.84
2018-05-08,2018,B,1,505,"(1.0, 1.5)",33.857142857142854,50.78571428571428,33.857142857142854,2.25,EOD,569,ESM8,0.84
2018-05-08,2018,B,1,505,"(1.0, 1.75)",33.857142857142854,59.24999999999999,33.857142857142854,2.25,EOD,569,ESM8,0.84
2018-05-08,2018,B,1,505,"(1.0, 2.0)",33.857142857142854,67.71428571428571,33.857142857142854,2.25,EOD,569,ESM8,0.84
2018-05-08,2018,B,1,505,"(1.2, 1.5)",40.628571428571426,50.78571428571428,33.857142857142854,2.25,EOD,569,ESM8,0.84
2018-05-08,2018,B,1,505,"(1.2, 1.75)",40.628571428571426,59.24999999999999,33.857142857142854,2.25,EOD,569,ESM8,0.84
2018-05-08,2018,B,1,505,"(1.2, 2.0)",40.628571428571426,67.71428571428571,33.857142857142854,2.25,EOD,569,ESM8,0.84
2018-05-08,2018,B,1,505,"(0.179, 0.247)",6.060428571428571,8.362714285714285,33.857142857142854,2.25,EOD,569,ESM8,0.84
2018-05-11,2018,B,-1,400,"(0.8, 1.5)",27.357142857142858,51.294642857142854,34.19642857142857,1.75,EOD,569,ESM8,0.84
2018-05-11,2018,B,-1,400,"(0.8, 1.75)",27.357142857142858,59.84375,34.19642857142857,1.75,EOD,569,ESM8,0.84
2018-05-11,2018,B,-1,400,"(0.8, 2.0)",27.357142857142858,68.39285714285714,34.19642857142857,1.75,EOD,569,ESM8,0.84
2018-05-11,2018,B,-1,400,"(1.0, 1.5)",34.19642857142857,51.294642857142854,34.19642857142857,1.75,EOD,569,ESM8,0.84
2018-05-11,2018,B,-1,400,"(1.0, 1.75)",34.19642857142857,59.84375,34.19642857142857,1.75,EOD,569,ESM8,0.84
2018-05-11,2018,B,-1,400,"(1.0, 2.0)",34.19642857142857,68.39285714285714,34.19642857142857,1.75,EOD,569,ESM8,0.84
2018-05-11,2018,B,-1,400,"(1.2, 1.5)",41.035714285714285,51.294642857142854,34.19642857142857,1.75,EOD,569,ESM8,0.84
2018-05-11,2018,B,-1,400,"(1.2, 1.75)",41.035714285714285,59.84375,34.19642857142857,1.75,EOD,569,ESM8,0.84
2018-05-11,2018,B,-1,400,"(1.2, 2.0)",41.035714285714285,68.39285714285714,34.19642857142857,1.75,EOD,569,ESM8,0.84
2018-05-11,2018,B,-1,400,"(0.179, 0.247)",6.121160714285714,8.446517857142856,34.19642857142857,1.75,EOD,569,ESM8,0.84
2018-05-14,2018,B,-1,535,"(0.8, 1.5)",26.785714285714285,50.22321428571428,33.482142857142854,-1.75,EOD,569,ESM8,0.84
2018-05-14,2018,B,-1,535,"(0.8, 1.75)",26.785714285714285,58.59374999999999,33.482142857142854,-1.75,EOD,569,ESM8,0.84
2018-05-14,2018,B,-1,535,"(0.8, 2.0)",26.785714285714285,66.96428571428571,33.482142857142854,-1.75,EOD,569,ESM8,0.84
2018-05-14,2018,B,-1,535,"(1.0, 1.5)",33.482142857142854,50.22321428571428,33.482142857142854,-1.75,EOD,569,ESM8,0.84
2018-05-14,2018,B,-1,535,"(1.0, 1.75)",33.482142857142854,58.59374999999999,33.482142857142854,-1.75,EOD,569,ESM8,0.84
2018-05-14,2018,B,-1,535,"(1.0, 2.0)",33.482142857142854,66.96428571428571,33.482142857142854,-1.75,EOD,569,ESM8,0.84
2018-05-14,2018,B,-1,535,"(1.2, 1.5)",40.17857142857142,50.22321428571428,33.482142857142854,-1.75,EOD,569,ESM8,0.84
2018-05-14,2018,B,-1,535,"(1.2, 1.75)",40.17857142857142,58.59374999999999,33.482142857142854,-1.75,EOD,569,ESM8,0.84
2018-05-14,2018,B,-1,535,"(1.2, 2.0)",40.17857142857142,66.96428571428571,33.482142857142854,-1.75,EOD,569,ESM8,0.84
2018-05-14,2018,B,-1,535,"(0.179, 0.247)",5.99330357142857,8.270089285714285,33.482142857142854,-1.75,EOD,569,ESM8,0.84
2018-05-15,2018,B,1,445,"(0.8, 1.5)",23.885714285714286,44.785714285714285,29.857142857142858,-8.5,EOD,569,ESM8,0.84
2018-05-15,2018,B,1,445,"(0.8, 1.75)",23.885714285714286,52.25,29.857142857142858,-8.5,EOD,569,ESM8,0.84
2018-05-15,2018,B,1,445,"(0.8, 2.0)",23.885714285714286,59.714285714285715,29.857142857142858,-8.5,EOD,569,ESM8,0.84
2018-05-15,2018,B,1,445,"(1.0, 1.5)",29.857142857142858,44.785714285714285,29.857142857142858,-8.5,EOD,569,ESM8,0.84
2018-05-15,2018,B,1,445,"(1.0, 1.75)",29.857142857142858,52.25,29.857142857142858,-8.5,EOD,569,ESM8,0.84
2018-05-15,2018,B,1,445,"(1.0, 2.0)",29.857142857142858,59.714285714285715,29.857142857142858,-8.5,EOD,569,ESM8,0.84
2018-05-15,2018,B,1,445,"(1.2, 1.5)",35.82857142857143,44.785714285714285,29.857142857142858,-8.5,EOD,569,ESM8,0.84
2018-05-15,2018,B,1,445,"(1.2, 1.75)",35.82857142857143,52.25,29.857142857142858,-8.5,EOD,569,ESM8,0.84
2018-05-15,2018,B,1,445,"(1.2, 2.0)",35.82857142857143,59.714285714285715,29.857142857142858,-8.5,EOD,569,ESM8,0.84
2018-05-15,2018,B,1,445,"(0.179, 0.247)",5.344428571428571,7.374714285714286,29.857142857142858,-5.34442857142858,SL,521,ESM8,0.84
2018-06-01,2018,B,-1,545,"(0.8, 1.5)",18.642857142857142,34.95535714285714,23.303571428571427,0.5,EOD,569,ESM8,0.84
2018-06-01,2018,B,-1,545,"(0.8, 1.75)",18.642857142857142,40.78125,23.303571428571427,0.5,EOD,569,ESM8,0.84
2018-06-01,2018,B,-1,545,"(0.8, 2.0)",18.642857142857142,46.607142857142854,23.303571428571427,0.5,EOD,569,ESM8,0.84
2018-06-01,2018,B,-1,545,"(1.0, 1.5)",23.303571428571427,34.95535714285714,23.303571428571427,0.5,EOD,569,ESM8,0.84
2018-06-01,2018,B,-1,545,"(1.0, 1.75)",23.303571428571427,40.78125,23.303571428571427,0.5,EOD,569,ESM8,0.84
2018-06-01,2018,B,-1,545,"(1.0, 2.0)",23.303571428571427,46.607142857142854,23.303571428571427,0.5,EOD,569,ESM8,0.84
2018-06-01,2018,B,-1,545,"(1.2, 1.5)",27.96428571428571,34.95535714285714,23.303571428571427,0.5,EOD,569,ESM8,0.84
2018-06-01,2018,B,-1,545,"(1.2, 1.75)",27.96428571428571,40.78125,23.303571428571427,0.5,EOD,569,ESM8,0.84
2018-06-01,2018,B,-1,545,"(1.2, 2.0)",27.96428571428571,46.607142857142854,23.303571428571427,0.5,EOD,569,ESM8,0.84
2018-06-01,2018,B,-1,545,"(0.179, 0.247)",4.171339285714286,5.7559821428571425,23.303571428571427,0.5,EOD,569,ESM8,0.84
2018-06-05,2018,B,-1,490,"(0.8, 1.5)",18.685714285714287,35.035714285714285,23.357142857142858,-0.75,EOD,569,ESM8,0.84
2018-06-05,2018,B,-1,490,"(0.8, 1.75)",18.685714285714287,40.875,23.357142857142858,-0.75,EOD,569,ESM8,0.84
2018-06-05,2018,B,-1,490,"(0.8, 2.0)",18.685714285714287,46.714285714285715,23.357142857142858,-0.75,EOD,569,ESM8,0.84
2018-06-05,2018,B,-1,490,"(1.0, 1.5)",23.357142857142858,35.035714285714285,23.357142857142858,-0.75,EOD,569,ESM8,0.84
2018-06-05,2018,B,-1,490,"(1.0, 1.75)",23.357142857142858,40.875,23.357142857142858,-0.75,EOD,569,ESM8,0.84
2018-06-05,2018,B,-1,490,"(1.0, 2.0)",23.357142857142858,46.714285714285715,23.357142857142858,-0.75,EOD,569,ESM8,0.84
2018-06-05,2018,B,-1,490,"(1.2, 1.5)",28.02857142857143,35.035714285714285,23.357142857142858,-0.75,EOD,569,ESM8,0.84
2018-06-05,2018,B,-1,490,"(1.2, 1.75)",28.02857142857143,40.875,23.357142857142858,-0.75,EOD,569,ESM8,0.84
2018-06-05,2018,B,-1,490,"(1.2, 2.0)",28.02857142857143,46.714285714285715,23.357142857142858,-0.75,EOD,569,ESM8,0.84
2018-06-05,2018,B,-1,490,"(0.179, 0.247)",4.180928571428572,5.769214285714286,23.357142857142858,-0.75,EOD,569,ESM8,0.84
2018-06-12,2018,B,1,450,"(0.8, 1.5)",18.02857142857143,33.80357142857143,22.535714285714285,7.25,EOD,569,ESU8,0.84
2018-06-12,2018,B,1,450,"(0.8, 1.75)",18.02857142857143,39.4375,22.535714285714285,7.25,EOD,569,ESU8,0.84
2018-06-12,2018,B,1,450,"(0.8, 2.0)",18.02857142857143,45.07142857142857,22.535714285714285,7.25,EOD,569,ESU8,0.84
2018-06-12,2018,B,1,450,"(1.0, 1.5)",22.535714285714285,33.80357142857143,22.535714285714285,7.25,EOD,569,ESU8,0.84
2018-06-12,2018,B,1,450,"(1.0, 1.75)",22.535714285714285,39.4375,22.535714285714285,7.25,EOD,569,ESU8,0.84
2018-06-12,2018,B,1,450,"(1.0, 2.0)",22.535714285714285,45.07142857142857,22.535714285714285,7.25,EOD,569,ESU8,0.84
2018-06-12,2018,B,1,450,"(1.2, 1.5)",27.04285714285714,33.80357142857143,22.535714285714285,7.25,EOD,569,ESU8,0.84
2018-06-12,2018,B,1,450,"(1.2, 1.75)",27.04285714285714,39.4375,22.535714285714285,7.25,EOD,569,ESU8,0.84
2018-06-12,2018,B,1,450,"(1.2, 2.0)",27.04285714285714,45.07142857142857,22.535714285714285,7.25,EOD,569,ESU8,0.84
2018-06-12,2018,B,1,450,"(0.179, 0.247)",4.033892857142857,5.566321428571428,22.535714285714285,5.5663214285714275,TP,534,ESU8,0.84
2018-06-14,2018,B,1,440,"(0.8, 1.5)",16.75714285714286,31.41964285714286,20.946428571428573,10.5,EOD,569,ESU8,0.84
2018-06-14,2018,B,1,440,"(0.8, 1.75)",16.75714285714286,36.65625,20.946428571428573,10.5,EOD,569,ESU8,0.84
2018-06-14,2018,B,1,440,"(0.8, 2.0)",16.75714285714286,41.892857142857146,20.946428571428573,10.5,EOD,569,ESU8,0.84
2018-06-14,2018,B,1,440,"(1.0, 1.5)",20.946428571428573,31.41964285714286,20.946428571428573,10.5,EOD,569,ESU8,0.84
2018-06-14,2018,B,1,440,"(1.0, 1.75)",20.946428571428573,36.65625,20.946428571428573,10.5,EOD,569,ESU8,0.84
2018-06-14,2018,B,1,440,"(1.0, 2.0)",20.946428571428573,41.892857142857146,20.946428571428573,10.5,EOD,569,ESU8,0.84
2018-06-14,2018,B,1,440,"(1.2, 1.5)",25.135714285714286,31.41964285714286,20.946428571428573,10.5,EOD,569,ESU8,0.84
2018-06-14,2018,B,1,440,"(1.2, 1.75)",25.135714285714286,36.65625,20.946428571428573,10.5,EOD,569,ESU8,0.84
2018-06-14,2018,B,1,440,"(1.2, 2.0)",25.135714285714286,41.892857142857146,20.946428571428573,10.5,EOD,569,ESU8,0.84
2018-06-14,2018,B,1,440,"(0.179, 0.247)",3.7494107142857143,5.173767857142858,20.946428571428573,5.173767857143048,TP,489,ESU8,0.84
2018-06-21,2018,B,1,305,"(0.8, 1.5)",15.114285714285714,28.339285714285715,18.892857142857142,1.5,EOD,569,ESU8,0.84
2018-06-21,2018,B,1,305,"(0.8, 1.75)",15.114285714285714,33.0625,18.892857142857142,1.5,EOD,569,ESU8,0.84
2018-06-21,2018,B,1,305,"(0.8, 2.0)",15.114285714285714,37.785714285714285,18.892857142857142,1.5,EOD,569,ESU8,0.84
2018-06-21,2018,B,1,305,"(1.0, 1.5)",18.892857142857142,28.339285714285715,18.892857142857142,1.5,EOD,569,ESU8,0.84
2018-06-21,2018,B,1,305,"(1.0, 1.75)",18.892857142857142,33.0625,18.892857142857142,1.5,EOD,569,ESU8,0.84
2018-06-21,2018,B,1,305,"(1.0, 2.0)",18.892857142857142,37.785714285714285,18.892857142857142,1.5,EOD,569,ESU8,0.84
2018-06-21,2018,B,1,305,"(1.2, 1.5)",22.67142857142857,28.339285714285715,18.892857142857142,1.5,EOD,569,ESU8,0.84
2018-06-21,2018,B,1,305,"(1.2, 1.75)",22.67142857142857,33.0625,18.892857142857142,1.5,EOD,569,ESU8,0.84
2018-06-21,2018,B,1,305,"(1.2, 2.0)",22.67142857142857,37.785714285714285,18.892857142857142,1.5,EOD,569,ESU8,0.84
2018-06-21,2018,B,1,305,"(0.179, 0.247)",3.3818214285714285,4.666535714285714,18.892857142857142,-3.381821428571584,SL,309,ESU8,0.84
2018-06-28,2018,B,1,495,"(0.8, 1.5)",18.442857142857143,34.58035714285714,23.053571428571427,-0.5,EOD,569,ESU8,0.84
2018-06-28,2018,B,1,495,"(0.8, 1.75)",18.442857142857143,40.34375,23.053571428571427,-0.5,EOD,569,ESU8,0.84
2018-06-28,2018,B,1,495,"(0.8, 2.0)",18.442857142857143,46.107142857142854,23.053571428571427,-0.5,EOD,569,ESU8,0.84
2018-06-28,2018,B,1,495,"(1.0, 1.5)",23.053571428571427,34.58035714285714,23.053571428571427,-0.5,EOD,569,ESU8,0.84
2018-06-28,2018,B,1,495,"(1.0, 1.75)",23.053571428571427,40.34375,23.053571428571427,-0.5,EOD,569,ESU8,0.84
2018-06-28,2018,B,1,495,"(1.0, 2.0)",23.053571428571427,46.107142857142854,23.053571428571427,-0.5,EOD,569,ESU8,0.84
2018-06-28,2018,B,1,495,"(1.2, 1.5)",27.66428571428571,34.58035714285714,23.053571428571427,-0.5,EOD,569,ESU8,0.84
2018-06-28,2018,B,1,495,"(1.2, 1.75)",27.66428571428571,40.34375,23.053571428571427,-0.5,EOD,569,ESU8,0.84
2018-06-28,2018,B,1,495,"(1.2, 2.0)",27.66428571428571,46.107142857142854,23.053571428571427,-0.5,EOD,569,ESU8,0.84
2018-06-28,2018,B,1,495,"(0.179, 0.247)",4.126589285714285,5.6942321428571425,23.053571428571427,-4.12658928571409,SL,497,ESU8,0.84
2018-06-29,2018,B,-1,395,"(0.8, 1.5)",19.400000000000002,36.375,24.25,-3.5,EOD,569,ESU8,0.84
2018-06-29,2018,B,-1,395,"(0.8, 1.75)",19.400000000000002,42.4375,24.25,-3.5,EOD,569,ESU8,0.84
2018-06-29,2018,B,-1,395,"(0.8, 2.0)",19.400000000000002,48.5,24.25,-3.5,EOD,569,ESU8,0.84
2018-06-29,2018,B,-1,395,"(1.0, 1.5)",24.25,36.375,24.25,-3.5,EOD,569,ESU8,0.84
2018-06-29,2018,B,-1,395,"(1.0, 1.75)",24.25,42.4375,24.25,-3.5,EOD,569,ESU8,0.84
2018-06-29,2018,B,-1,395,"(1.0, 2.0)",24.25,48.5,24.25,-3.5,EOD,569,ESU8,0.84
2018-06-29,2018,B,-1,395,"(1.2, 1.5)",29.099999999999998,36.375,24.25,-3.5,EOD,569,ESU8,0.84
2018-06-29,2018,B,-1,395,"(1.2, 1.75)",29.099999999999998,42.4375,24.25,-3.5,EOD,569,ESU8,0.84
2018-06-29,2018,B,-1,395,"(1.2, 2.0)",29.099999999999998,48.5,24.25,-3.5,EOD,569,ESU8,0.84
2018-06-29,2018,B,-1,395,"(0.179, 0.247)",4.34075,5.98975,24.25,-4.340749999999844,SL,398,ESU8,0.84
2018-07-13,2018,B,-1,485,"(0.8, 1.5)",21.985714285714288,41.223214285714285,27.482142857142858,1.5,EOD,569,ESU8,0.84
2018-07-13,2018,B,-1,485,"(0.8, 1.75)",21.985714285714288,48.09375,27.482142857142858,1.5,EOD,569,ESU8,0.84
2018-07-13,2018,B,-1,485,"(0.8, 2.0)",21.985714285714288,54.964285714285715,27.482142857142858,1.5,EOD,569,ESU8,0.84
2018-07-13,2018,B,-1,485,"(1.0, 1.5)",27.482142857142858,41.223214285714285,27.482142857142858,1.5,EOD,569,ESU8,0.84
2018-07-13,2018,B,-1,485,"(1.0, 1.75)",27.482142857142858,48.09375,27.482142857142858,1.5,EOD,569,ESU8,0.84
2018-07-13,2018,B,-1,485,"(1.0, 2.0)",27.482142857142858,54.964285714285715,27.482142857142858,1.5,EOD,569,ESU8,0.84
2018-07-13,2018,B,-1,485,"(1.2, 1.5)",32.97857142857143,41.223214285714285,27.482142857142858,1.5,EOD,569,ESU8,0.84
2018-07-13,2018,B,-1,485,"(1.2, 1.75)",32.97857142857143,48.09375,27.482142857142858,1.5,EOD,569,ESU8,0.84
2018-07-13,2018,B,-1,485,"(1.2, 2.0)",32.97857142857143,54.964285714285715,27.482142857142858,1.5,EOD,569,ESU8,0.84
2018-07-13,2018,B,-1,485,"(0.179, 0.247)",4.919303571428571,6.788089285714285,27.482142857142858,1.5,EOD,569,ESU8,0.84
2018-07-19,2018,B,1,390,"(0.8, 1.5)",16.55714285714286,31.04464285714286,20.696428571428573,1.0,EOD,569,ESU8,0.84
2018-07-19,2018,B,1,390,"(0.8, 1.75)",16.55714285714286,36.21875,20.696428571428573,1.0,EOD,569,ESU8,0.84
2018-07-19,2018,B,1,390,"(0.8, 2.0)",16.55714285714286,41.392857142857146,20.696428571428573,1.0,EOD,569,ESU8,0.84
2018-07-19,2018,B,1,390,"(1.0, 1.5)",20.696428571428573,31.04464285714286,20.696428571428573,1.0,EOD,569,ESU8,0.84
2018-07-19,2018,B,1,390,"(1.0, 1.75)",20.696428571428573,36.21875,20.696428571428573,1.0,EOD,569,ESU8,0.84
2018-07-19,2018,B,1,390,"(1.0, 2.0)",20.696428571428573,41.392857142857146,20.696428571428573,1.0,EOD,569,ESU8,0.84
2018-07-19,2018,B,1,390,"(1.2, 1.5)",24.835714285714285,31.04464285714286,20.696428571428573,1.0,EOD,569,ESU8,0.84
2018-07-19,2018,B,1,390,"(1.2, 1.75)",24.835714285714285,36.21875,20.696428571428573,1.0,EOD,569,ESU8,0.84
2018-07-19,2018,B,1,390,"(1.2, 2.0)",24.835714285714285,41.392857142857146,20.696428571428573,1.0,EOD,569,ESU8,0.84
2018-07-19,2018,B,1,390,"(0.179, 0.247)",3.704660714285714,5.112017857142858,20.696428571428573,1.0,EOD,569,ESU8,0.84
2018-07-27,2018,B,-1,330,"(0.8, 1.5)",14.342857142857142,26.89285714285714,17.928571428571427,4.25,EOD,569,ESU8,0.84
2018-07-27,2018,B,-1,330,"(0.8, 1.75)",14.342857142857142,31.374999999999996,17.928571428571427,4.25,EOD,569,ESU8,0.84
2018-07-27,2018,B,-1,330,"(0.8, 2.0)",14.342857142857142,35.857142857142854,17.928571428571427,4.25,EOD,569,ESU8,0.84
2018-07-27,2018,B,-1,330,"(1.0, 1.5)",17.928571428571427,26.89285714285714,17.928571428571427,4.25,EOD,569,ESU8,0.84
2018-07-27,2018,B,-1,330,"(1.0, 1.75)",17.928571428571427,31.374999999999996,17.928571428571427,4.25,EOD,569,ESU8,0.84
2018-07-27,2018,B,-1,330,"(1.0, 2.0)",17.928571428571427,35.857142857142854,17.928571428571427,4.25,EOD,569,ESU8,0.84
2018-07-27,2018,B,-1,330,"(1.2, 1.5)",21.514285714285712,26.89285714285714,17.928571428571427,4.25,EOD,569,ESU8,0.84
2018-07-27,2018,B,-1,330,"(1.2, 1.75)",21.514285714285712,31.374999999999996,17.928571428571427,4.25,EOD,569,ESU8,0.84
2018-07-27,2018,B,-1,330,"(1.2, 2.0)",21.514285714285712,35.857142857142854,17.928571428571427,4.25,EOD,569,ESU8,0.84
2018-07-27,2018,B,-1,330,"(0.179, 0.247)",3.2092142857142854,4.428357142857142,17.928571428571427,4.428357142857294,TP,481,ESU8,0.84
2018-08-03,2018,B,-1,390,"(0.8, 1.5)",16.385714285714286,30.723214285714285,20.482142857142858,0.25,EOD,569,ESU8,0.84
2018-08-03,2018,B,-1,390,"(0.8, 1.75)",16.385714285714286,35.84375,20.482142857142858,0.25,EOD,569,ESU8,0.84
2018-08-03,2018,B,-1,390,"(0.8, 2.0)",16.385714285714286,40.964285714285715,20.482142857142858,0.25,EOD,569,ESU8,0.84
2018-08-03,2018,B,-1,390,"(1.0, 1.5)",20.482142857142858,30.723214285714285,20.482142857142858,0.25,EOD,569,ESU8,0.84
2018-08-03,2018,B,-1,390,"(1.0, 1.75)",20.482142857142858,35.84375,20.482142857142858,0.25,EOD,569,ESU8,0.84
2018-08-03,2018,B,-1,390,"(1.0, 2.0)",20.482142857142858,40.964285714285715,20.482142857142858,0.25,EOD,569,ESU8,0.84
2018-08-03,2018,B,-1,390,"(1.2, 1.5)",24.57857142857143,30.723214285714285,20.482142857142858,0.25,EOD,569,ESU8,0.84
2018-08-03,2018,B,-1,390,"(1.2, 1.75)",24.57857142857143,35.84375,20.482142857142858,0.25,EOD,569,ESU8,0.84
2018-08-03,2018,B,-1,390,"(1.2, 2.0)",24.57857142857143,40.964285714285715,20.482142857142858,0.25,EOD,569,ESU8,0.84
2018-08-03,2018,B,-1,390,"(0.179, 0.247)",3.666303571428571,5.059089285714286,20.482142857142858,-3.6663035714286707,SL,435,ESU8,0.84
2018-08-06,2018,B,-1,360,"(0.8, 1.5)",16.614285714285714,31.151785714285715,20.767857142857142,1.0,EOD,569,ESU8,0.84
2018-08-06,2018,B,-1,360,"(0.8, 1.75)",16.614285714285714,36.34375,20.767857142857142,1.0,EOD,569,ESU8,0.84
2018-08-06,2018,B,-1,360,"(0.8, 2.0)",16.614285714285714,41.535714285714285,20.767857142857142,1.0,EOD,569,ESU8,0.84
2018-08-06,2018,B,-1,360,"(1.0, 1.5)",20.767857142857142,31.151785714285715,20.767857142857142,1.0,EOD,569,ESU8,0.84
2018-08-06,2018,B,-1,360,"(1.0, 1.75)",20.767857142857142,36.34375,20.767857142857142,1.0,EOD,569,ESU8,0.84
2018-08-06,2018,B,-1,360,"(1.0, 2.0)",20.767857142857142,41.535714285714285,20.767857142857142,1.0,EOD,569,ESU8,0.84
2018-08-06,2018,B,-1,360,"(1.2, 1.5)",24.92142857142857,31.151785714285715,20.767857142857142,1.0,EOD,569,ESU8,0.84
2018-08-06,2018,B,-1,360,"(1.2, 1.75)",24.92142857142857,36.34375,20.767857142857142,1.0,EOD,569,ESU8,0.84
2018-08-06,2018,B,-1,360,"(1.2, 2.0)",24.92142857142857,41.535714285714285,20.767857142857142,1.0,EOD,569,ESU8,0.84
2018-08-06,2018,B,-1,360,"(0.179, 0.247)",3.7174464285714284,5.1296607142857145,20.767857142857142,1.0,EOD,569,ESU8,0.84
2018-08-08,2018,B,1,535,"(0.8, 1.5)",16.314285714285713,30.589285714285715,20.392857142857142,1.0,EOD,569,ESU8,0.84
2018-08-08,2018,B,1,535,"(0.8, 1.75)",16.314285714285713,35.6875,20.392857142857142,1.0,EOD,569,ESU8,0.84
2018-08-08,2018,B,1,535,"(0.8, 2.0)",16.314285714285713,40.785714285714285,20.392857142857142,1.0,EOD,569,ESU8,0.84
2018-08-08,2018,B,1,535,"(1.0, 1.5)",20.392857142857142,30.589285714285715,20.392857142857142,1.0,EOD,569,ESU8,0.84
2018-08-08,2018,B,1,535,"(1.0, 1.75)",20.392857142857142,35.6875,20.392857142857142,1.0,EOD,569,ESU8,0.84
2018-08-08,2018,B,1,535,"(1.0, 2.0)",20.392857142857142,40.785714285714285,20.392857142857142,1.0,EOD,569,ESU8,0.84
2018-08-08,2018,B,1,535,"(1.2, 1.5)",24.47142857142857,30.589285714285715,20.392857142857142,1.0,EOD,569,ESU8,0.84
2018-08-08,2018,B,1,535,"(1.2, 1.75)",24.47142857142857,35.6875,20.392857142857142,1.0,EOD,569,ESU8,0.84
2018-08-08,2018,B,1,535,"(1.2, 2.0)",24.47142857142857,40.785714285714285,20.392857142857142,1.0,EOD,569,ESU8,0.84
2018-08-08,2018,B,1,535,"(0.179, 0.247)",3.6503214285714285,5.0370357142857145,20.392857142857142,1.0,EOD,569,ESU8,0.84
2018-08-20,2018,B,-1,535,"(0.8, 1.5)",17.485714285714288,32.785714285714285,21.857142857142858,-1.5,EOD,569,ESU8,0.84
2018-08-20,2018,B,-1,535,"(0.8, 1.75)",17.485714285714288,38.25,21.857142857142858,-1.5,EOD,569,ESU8,0.84
2018-08-20,2018,B,-1,535,"(0.8, 2.0)",17.485714285714288,43.714285714285715,21.857142857142858,-1.5,EOD,569,ESU8,0.84
2018-08-20,2018,B,-1,535,"(1.0, 1.5)",21.857142857142858,32.785714285714285,21.857142857142858,-1.5,EOD,569,ESU8,0.84
2018-08-20,2018,B,-1,535,"(1.0, 1.75)",21.857142857142858,38.25,21.857142857142858,-1.5,EOD,569,ESU8,0.84
2018-08-20,2018,B,-1,535,"(1.0, 2.0)",21.857142857142858,43.714285714285715,21.857142857142858,-1.5,EOD,569,ESU8,0.84
2018-08-20,2018,B,-1,535,"(1.2, 1.5)",26.228571428571428,32.785714285714285,21.857142857142858,-1.5,EOD,569,ESU8,0.84
2018-08-20,2018,B,-1,535,"(1.2, 1.75)",26.228571428571428,38.25,21.857142857142858,-1.5,EOD,569,ESU8,0.84
2018-08-20,2018,B,-1,535,"(1.2, 2.0)",26.228571428571428,43.714285714285715,21.857142857142858,-1.5,EOD,569,ESU8,0.84
2018-08-20,2018,B,-1,535,"(0.179, 0.247)",3.9124285714285714,5.398714285714286,21.857142857142858,-1.5,EOD,569,ESU8,0.84
2018-08-28,2018,B,-1,295,"(0.8, 1.5)",15.971428571428573,29.946428571428573,19.964285714285715,-5.25,EOD,569,ESU8,0.84
2018-08-28,2018,B,-1,295,"(0.8, 1.75)",15.971428571428573,34.9375,19.964285714285715,-5.25,EOD,569,ESU8,0.84
2018-08-28,2018,B,-1,295,"(0.8, 2.0)",15.971428571428573,39.92857142857143,19.964285714285715,-5.25,EOD,569,ESU8,0.84
2018-08-28,2018,B,-1,295,"(1.0, 1.5)",19.964285714285715,29.946428571428573,19.964285714285715,-5.25,EOD,569,ESU8,0.84
2018-08-28,2018,B,-1,295,"(1.0, 1.75)",19.964285714285715,34.9375,19.964285714285715,-5.25,EOD,569,ESU8,0.84
2018-08-28,2018,B,-1,295,"(1.0, 2.0)",19.964285714285715,39.92857142857143,19.964285714285715,-5.25,EOD,569,ESU8,0.84
2018-08-28,2018,B,-1,295,"(1.2, 1.5)",23.95714285714286,29.946428571428573,19.964285714285715,-5.25,EOD,569,ESU8,0.84
2018-08-28,2018,B,-1,295,"(1.2, 1.75)",23.95714285714286,34.9375,19.964285714285715,-5.25,EOD,569,ESU8,0.84
2018-08-28,2018,B,-1,295,"(1.2, 2.0)",23.95714285714286,39.92857142857143,19.964285714285715,-5.25,EOD,569,ESU8,0.84
2018-08-28,2018,B,-1,295,"(0.179, 0.247)",3.573607142857143,4.931178571428571,19.964285714285715,-3.573607142857327,SL,339,ESU8,0.84
2018-08-31,2018,B,1,525,"(0.8, 1.5)",16.0,30.0,20.0,1.25,EOD,569,ESU8,0.84
2018-08-31,2018,B,1,525,"(0.8, 1.75)",16.0,35.0,20.0,1.25,EOD,569,ESU8,0.84
2018-08-31,2018,B,1,525,"(0.8, 2.0)",16.0,40.0,20.0,1.25,EOD,569,ESU8,0.84
2018-08-31,2018,B,1,525,"(1.0, 1.5)",20.0,30.0,20.0,1.25,EOD,569,ESU8,0.84
2018-08-31,2018,B,1,525,"(1.0, 1.75)",20.0,35.0,20.0,1.25,EOD,569,ESU8,0.84
2018-08-31,2018,B,1,525,"(1.0, 2.0)",20.0,40.0,20.0,1.25,EOD,569,ESU8,0.84
2018-08-31,2018,B,1,525,"(1.2, 1.5)",24.0,30.0,20.0,1.25,EOD,569,ESU8,0.84
2018-08-31,2018,B,1,525,"(1.2, 1.75)",24.0,35.0,20.0,1.25,EOD,569,ESU8,0.84
2018-08-31,2018,B,1,525,"(1.2, 2.0)",24.0,40.0,20.0,1.25,EOD,569,ESU8,0.84
2018-08-31,2018,B,1,525,"(0.179, 0.247)",3.58,4.9399999999999995,20.0,1.25,EOD,569,ESU8,0.84
2018-09-07,2018,B,1,530,"(0.8, 1.5)",13.471428571428573,25.258928571428573,16.839285714285715,-1.75,EOD,569,ESU8,0.84
2018-09-07,2018,B,1,530,"(0.8, 1.75)",13.471428571428573,29.46875,16.839285714285715,-1.75,EOD,569,ESU8,0.84
2018-09-07,2018,B,1,530,"(0.8, 2.0)",13.471428571428573,33.67857142857143,16.839285714285715,-1.75,EOD,569,ESU8,0.84
2018-09-07,2018,B,1,530,"(1.0, 1.5)",16.839285714285715,25.258928571428573,16.839285714285715,-1.75,EOD,569,ESU8,0.84
2018-09-07,2018,B,1,530,"(1.0, 1.75)",16.839285714285715,29.46875,16.839285714285715,-1.75,EOD,569,ESU8,0.84
2018-09-07,2018,B,1,530,"(1.0, 2.0)",16.839285714285715,33.67857142857143,16.839285714285715,-1.75,EOD,569,ESU8,0.84
2018-09-07,2018,B,1,530,"(1.2, 1.5)",20.20714285714286,25.258928571428573,16.839285714285715,-1.75,EOD,569,ESU8,0.84
2018-09-07,2018,B,1,530,"(1.2, 1.75)",20.20714285714286,29.46875,16.839285714285715,-1.75,EOD,569,ESU8,0.84
2018-09-07,2018,B,1,530,"(1.2, 2.0)",20.20714285714286,33.67857142857143,16.839285714285715,-1.75,EOD,569,ESU8,0.84
2018-09-07,2018,B,1,530,"(0.179, 0.247)",3.014232142857143,4.1593035714285715,16.839285714285715,-3.014232142857054,SL,544,ESU8,0.84
2018-09-10,2018,B,-1,305,"(0.8, 1.5)",14.085714285714287,26.410714285714285,17.607142857142858,-0.75,EOD,569,ESU8,0.84
2018-09-10,2018,B,-1,305,"(0.8, 1.75)",14.085714285714287,30.8125,17.607142857142858,-0.75,EOD,569,ESU8,0.84
2018-09-10,2018,B,-1,305,"(0.8, 2.0)",14.085714285714287,35.214285714285715,17.607142857142858,-0.75,EOD,569,ESU8,0.84
2018-09-10,2018,B,-1,305,"(1.0, 1.5)",17.607142857142858,26.410714285714285,17.607142857142858,-0.75,EOD,569,ESU8,0.84
2018-09-10,2018,B,-1,305,"(1.0, 1.75)",17.607142857142858,30.8125,17.607142857142858,-0.75,EOD,569,ESU8,0.84
2018-09-10,2018,B,-1,305,"(1.0, 2.0)",17.607142857142858,35.214285714285715,17.607142857142858,-0.75,EOD,569,ESU8,0.84
2018-09-10,2018,B,-1,305,"(1.2, 1.5)",21.12857142857143,26.410714285714285,17.607142857142858,-0.75,EOD,569,ESU8,0.84
2018-09-10,2018,B,-1,305,"(1.2, 1.75)",21.12857142857143,30.8125,17.607142857142858,-0.75,EOD,569,ESU8,0.84
2018-09-10,2018,B,-1,305,"(1.2, 2.0)",21.12857142857143,35.214285714285715,17.607142857142858,-0.75,EOD,569,ESU8,0.84
2018-09-10,2018,B,-1,305,"(0.179, 0.247)",3.1516785714285716,4.348964285714286,17.607142857142858,-0.75,EOD,569,ESU8,0.84
2018-09-11,2018,B,1,295,"(0.8, 1.5)",14.0,26.25,17.5,-5.25,EOD,569,ESU8,0.84
2018-09-11,2018,B,1,295,"(0.8, 1.75)",14.0,30.625,17.5,-5.25,EOD,569,ESU8,0.84
2018-09-11,2018,B,1,295,"(0.8, 2.0)",14.0,35.0,17.5,-5.25,EOD,569,ESU8,0.84
2018-09-11,2018,B,1,295,"(1.0, 1.5)",17.5,26.25,17.5,-5.25,EOD,569,ESU8,0.84
2018-09-11,2018,B,1,295,"(1.0, 1.75)",17.5,30.625,17.5,-5.25,EOD,569,ESU8,0.84
2018-09-11,2018,B,1,295,"(1.0, 2.0)",17.5,35.0,17.5,-5.25,EOD,569,ESU8,0.84
2018-09-11,2018,B,1,295,"(1.2, 1.5)",21.0,26.25,17.5,-5.25,EOD,569,ESU8,0.84
2018-09-11,2018,B,1,295,"(1.2, 1.75)",21.0,30.625,17.5,-5.25,EOD,569,ESU8,0.84
2018-09-11,2018,B,1,295,"(1.2, 2.0)",21.0,35.0,17.5,-5.25,EOD,569,ESU8,0.84
2018-09-11,2018,B,1,295,"(0.179, 0.247)",3.1325,4.3225,17.5,-3.1325000000001637,SL,305,ESU8,0.84
2018-09-28,2018,B,1,390,"(0.8, 1.5)",14.557142857142859,27.29464285714286,18.196428571428573,-1.5,EOD,569,ESZ8,0.84
2018-09-28,2018,B,1,390,"(0.8, 1.75)",14.557142857142859,31.843750000000004,18.196428571428573,-1.5,EOD,569,ESZ8,0.84
2018-09-28,2018,B,1,390,"(0.8, 2.0)",14.557142857142859,36.392857142857146,18.196428571428573,-1.5,EOD,569,ESZ8,0.84
2018-09-28,2018,B,1,390,"(1.0, 1.5)",18.196428571428573,27.29464285714286,18.196428571428573,-1.5,EOD,569,ESZ8,0.84
2018-09-28,2018,B,1,390,"(1.0, 1.75)",18.196428571428573,31.843750000000004,18.196428571428573,-1.5,EOD,569,ESZ8,0.84
2018-09-28,2018,B,1,390,"(1.0, 2.0)",18.196428571428573,36.392857142857146,18.196428571428573,-1.5,EOD,569,ESZ8,0.84
2018-09-28,2018,B,1,390,"(1.2, 1.5)",21.835714285714285,27.29464285714286,18.196428571428573,-1.5,EOD,569,ESZ8,0.84
2018-09-28,2018,B,1,390,"(1.2, 1.75)",21.835714285714285,31.843750000000004,18.196428571428573,-1.5,EOD,569,ESZ8,0.84
2018-09-28,2018,B,1,390,"(1.2, 2.0)",21.835714285714285,36.392857142857146,18.196428571428573,-1.5,EOD,569,ESZ8,0.84
2018-09-28,2018,B,1,390,"(0.179, 0.247)",3.2571607142857144,4.494517857142857,18.196428571428573,-3.257160714285874,SL,464,ESZ8,0.84
2018-10-03,2018,B,-1,375,"(0.8, 1.5)",14.128571428571428,26.491071428571427,17.660714285714285,-3.75,EOD,569,ESZ8,0.84
2018-10-03,2018,B,-1,375,"(0.8, 1.75)",14.128571428571428,30.90625,17.660714285714285,-3.75,EOD,569,ESZ8,0.84
2018-10-03,2018,B,-1,375,"(0.8, 2.0)",14.128571428571428,35.32142857142857,17.660714285714285,-3.75,EOD,569,ESZ8,0.84
2018-10-03,2018,B,-1,375,"(1.0, 1.5)",17.660714285714285,26.491071428571427,17.660714285714285,-3.75,EOD,569,ESZ8,0.84
2018-10-03,2018,B,-1,375,"(1.0, 1.75)",17.660714285714285,30.90625,17.660714285714285,-3.75,EOD,569,ESZ8,0.84
2018-10-03,2018,B,-1,375,"(1.0, 2.0)",17.660714285714285,35.32142857142857,17.660714285714285,-3.75,EOD,569,ESZ8,0.84
2018-10-03,2018,B,-1,375,"(1.2, 1.5)",21.19285714285714,26.491071428571427,17.660714285714285,-3.75,EOD,569,ESZ8,0.84
2018-10-03,2018,B,-1,375,"(1.2, 1.75)",21.19285714285714,30.90625,17.660714285714285,-3.75,EOD,569,ESZ8,0.84
2018-10-03,2018,B,-1,375,"(1.2, 2.0)",21.19285714285714,35.32142857142857,17.660714285714285,-3.75,EOD,569,ESZ8,0.84
2018-10-03,2018,B,-1,375,"(0.179, 0.247)",3.1612678571428567,4.362196428571428,17.660714285714285,-3.161267857142775,SL,497,ESZ8,0.84
2018-10-10,2018,B,1,510,"(0.8, 1.5)",18.142857142857142,34.01785714285714,22.678571428571427,-0.25,EOD,569,ESZ8,0.84
2018-10-10,2018,B,1,510,"(0.8, 1.75)",18.142857142857142,39.6875,22.678571428571427,-0.25,EOD,569,ESZ8,0.84
2018-10-10,2018,B,1,510,"(0.8, 2.0)",18.142857142857142,45.357142857142854,22.678571428571427,-0.25,EOD,569,ESZ8,0.84
2018-10-10,2018,B,1,510,"(1.0, 1.5)",22.678571428571427,34.01785714285714,22.678571428571427,-0.25,EOD,569,ESZ8,0.84
2018-10-10,2018,B,1,510,"(1.0, 1.75)",22.678571428571427,39.6875,22.678571428571427,-0.25,EOD,569,ESZ8,0.84
2018-10-10,2018,B,1,510,"(1.0, 2.0)",22.678571428571427,45.357142857142854,22.678571428571427,-0.25,EOD,569,ESZ8,0.84
2018-10-10,2018,B,1,510,"(1.2, 1.5)",27.21428571428571,34.01785714285714,22.678571428571427,-0.25,EOD,569,ESZ8,0.84
2018-10-10,2018,B,1,510,"(1.2, 1.75)",27.21428571428571,39.6875,22.678571428571427,-0.25,EOD,569,ESZ8,0.84
2018-10-10,2018,B,1,510,"(1.2, 2.0)",27.21428571428571,45.357142857142854,22.678571428571427,-0.25,EOD,569,ESZ8,0.84
2018-10-10,2018,B,1,510,"(0.179, 0.247)",4.059464285714285,5.601607142857143,22.678571428571427,-4.059464285714512,SL,514,ESZ8,0.84
2018-11-15,2018,B,1,565,"(0.8, 1.5)",40.68571428571428,76.28571428571428,50.857142857142854,1.5,EOD,569,ESZ8,0.84
2018-11-15,2018,B,1,565,"(0.8, 1.75)",40.68571428571428,89.0,50.857142857142854,1.5,EOD,569,ESZ8,0.84
2018-11-15,2018,B,1,565,"(0.8, 2.0)",40.68571428571428,101.71428571428571,50.857142857142854,1.5,EOD,569,ESZ8,0.84
2018-11-15,2018,B,1,565,"(1.0, 1.5)",50.857142857142854,76.28571428571428,50.857142857142854,1.5,EOD,569,ESZ8,0.84
2018-11-15,2018,B,1,565,"(1.0, 1.75)",50.857142857142854,89.0,50.857142857142854,1.5,EOD,569,ESZ8,0.84
2018-11-15,2018,B,1,565,"(1.0, 2.0)",50.857142857142854,101.71428571428571,50.857142857142854,1.5,EOD,569,ESZ8,0.84
2018-11-15,2018,B,1,565,"(1.2, 1.5)",61.028571428571425,76.28571428571428,50.857142857142854,1.5,EOD,569,ESZ8,0.84
2018-11-15,2018,B,1,565,"(1.2, 1.75)",61.028571428571425,89.0,50.857142857142854,1.5,EOD,569,ESZ8,0.84
2018-11-15,2018,B,1,565,"(1.2, 2.0)",61.028571428571425,101.71428571428571,50.857142857142854,1.5,EOD,569,ESZ8,0.84
2018-11-15,2018,B,1,565,"(0.179, 0.247)",9.103428571428571,12.561714285714285,50.857142857142854,1.5,EOD,569,ESZ8,0.84
2018-11-20,2018,B,1,410,"(0.8, 1.5)",36.300000000000004,68.0625,45.375,-27.75,EOD,569,ESZ8,0.84
2018-11-20,2018,B,1,410,"(0.8, 1.75)",36.300000000000004,79.40625,45.375,-27.75,EOD,569,ESZ8,0.84
2018-11-20,2018,B,1,410,"(0.8, 2.0)",36.300000000000004,90.75,45.375,-27.75,EOD,569,ESZ8,0.84
2018-11-20,2018,B,1,410,"(1.0, 1.5)",45.375,68.0625,45.375,-27.75,EOD,569,ESZ8,0.84
2018-11-20,2018,B,1,410,"(1.0, 1.75)",45.375,79.40625,45.375,-27.75,EOD,569,ESZ8,0.84
2018-11-20,2018,B,1,410,"(1.0, 2.0)",45.375,90.75,45.375,-27.75,EOD,569,ESZ8,0.84
2018-11-20,2018,B,1,410,"(1.2, 1.5)",54.449999999999996,68.0625,45.375,-27.75,EOD,569,ESZ8,0.84
2018-11-20,2018,B,1,410,"(1.2, 1.75)",54.449999999999996,79.40625,45.375,-27.75,EOD,569,ESZ8,0.84
2018-11-20,2018,B,1,410,"(1.2, 2.0)",54.449999999999996,90.75,45.375,-27.75,EOD,569,ESZ8,0.84
2018-11-20,2018,B,1,410,"(0.179, 0.247)",8.122125,11.207625,45.375,-8.122124999999869,SL,427,ESZ8,0.84
2018-12-07,2018,B,-1,525,"(0.8, 1.5)",36.65714285714286,68.73214285714286,45.82142857142857,4.0,EOD,569,ESZ8,0.84
2018-12-07,2018,B,-1,525,"(0.8, 1.75)",36.65714285714286,80.1875,45.82142857142857,4.0,EOD,569,ESZ8,0.84
2018-12-07,2018,B,-1,525,"(0.8, 2.0)",36.65714285714286,91.64285714285714,45.82142857142857,4.0,EOD,569,ESZ8,0.84
2018-12-07,2018,B,-1,525,"(1.0, 1.5)",45.82142857142857,68.73214285714286,45.82142857142857,4.0,EOD,569,ESZ8,0.84
2018-12-07,2018,B,-1,525,"(1.0, 1.75)",45.82142857142857,80.1875,45.82142857142857,4.0,EOD,569,ESZ8,0.84
2018-12-07,2018,B,-1,525,"(1.0, 2.0)",45.82142857142857,91.64285714285714,45.82142857142857,4.0,EOD,569,ESZ8,0.84
2018-12-07,2018,B,-1,525,"(1.2, 1.5)",54.98571428571428,68.73214285714286,45.82142857142857,4.0,EOD,569,ESZ8,0.84
2018-12-07,2018,B,-1,525,"(1.2, 1.75)",54.98571428571428,80.1875,45.82142857142857,4.0,EOD,569,ESZ8,0.84
2018-12-07,2018,B,-1,525,"(1.2, 2.0)",54.98571428571428,91.64285714285714,45.82142857142857,4.0,EOD,569,ESZ8,0.84
2018-12-07,2018,B,-1,525,"(0.179, 0.247)",8.202035714285714,11.317892857142857,45.82142857142857,4.0,EOD,569,ESZ8,0.84
2018-12-11,2018,B,-1,310,"(0.8, 1.5)",40.08571428571429,75.16071428571428,50.107142857142854,-25.5,EOD,569,ESZ8,0.84
2018-12-11,2018,B,-1,310,"(0.8, 1.75)",40.08571428571429,87.6875,50.107142857142854,-25.5,EOD,569,ESZ8,0.84
2018-12-11,2018,B,-1,310,"(0.8, 2.0)",40.08571428571429,100.21428571428571,50.107142857142854,-25.5,EOD,569,ESZ8,0.84
2018-12-11,2018,B,-1,310,"(1.0, 1.5)",50.107142857142854,75.16071428571428,50.107142857142854,-25.5,EOD,569,ESZ8,0.84
2018-12-11,2018,B,-1,310,"(1.0, 1.75)",50.107142857142854,87.6875,50.107142857142854,-25.5,EOD,569,ESZ8,0.84
2018-12-11,2018,B,-1,310,"(1.0, 2.0)",50.107142857142854,100.21428571428571,50.107142857142854,-25.5,EOD,569,ESZ8,0.84
2018-12-11,2018,B,-1,310,"(1.2, 1.5)",60.12857142857142,75.16071428571428,50.107142857142854,-25.5,EOD,569,ESZ8,0.84
2018-12-11,2018,B,-1,310,"(1.2, 1.75)",60.12857142857142,87.6875,50.107142857142854,-25.5,EOD,569,ESZ8,0.84
2018-12-11,2018,B,-1,310,"(1.2, 2.0)",60.12857142857142,100.21428571428571,50.107142857142854,-25.5,EOD,569,ESZ8,0.84
2018-12-11,2018,B,-1,310,"(0.179, 0.247)",8.96917857142857,12.376464285714285,50.107142857142854,-8.969178571428529,SL,379,ESZ8,0.84
2018-12-12,2018,B,-1,540,"(0.8, 1.5)",39.71428571428572,74.46428571428572,49.642857142857146,2.0,EOD,569,ESZ8,0.84
2018-12-12,2018,B,-1,540,"(0.8, 1.75)",39.71428571428572,86.875,49.642857142857146,2.0,EOD,569,ESZ8,0.84
2018-12-12,2018,B,-1,540,"(0.8, 2.0)",39.71428571428572,99.28571428571429,49.642857142857146,2.0,EOD,569,ESZ8,0.84
2018-12-12,2018,B,-1,540,"(1.0, 1.5)",49.642857142857146,74.46428571428572,49.642857142857146,2.0,EOD,569,ESZ8,0.84
2018-12-12,2018,B,-1,540,"(1.0, 1.75)",49.642857142857146,86.875,49.642857142857146,2.0,EOD,569,ESZ8,0.84
2018-12-12,2018,B,-1,540,"(1.0, 2.0)",49.642857142857146,99.28571428571429,49.642857142857146,2.0,EOD,569,ESZ8,0.84
2018-12-12,2018,B,-1,540,"(1.2, 1.5)",59.57142857142857,74.46428571428572,49.642857142857146,2.0,EOD,569,ESZ8,0.84
2018-12-12,2018,B,-1,540,"(1.2, 1.75)",59.57142857142857,86.875,49.642857142857146,2.0,EOD,569,ESZ8,0.84
2018-12-12,2018,B,-1,540,"(1.2, 2.0)",59.57142857142857,99.28571428571429,49.642857142857146,2.0,EOD,569,ESZ8,0.84
2018-12-12,2018,B,-1,540,"(0.179, 0.247)",8.886071428571428,12.261785714285715,49.642857142857146,2.0,EOD,569,ESZ8,0.84
2019-01-03,2019,B,1,380,"(0.8, 1.5)",54.58571428571429,102.34821428571429,68.23214285714286,20.25,EOD,569,ESH9,0.84
2019-01-03,2019,B,1,380,"(0.8, 1.75)",54.58571428571429,119.40625,68.23214285714286,20.25,EOD,569,ESH9,0.84
2019-01-03,2019,B,1,380,"(0.8, 2.0)",54.58571428571429,136.46428571428572,68.23214285714286,20.25,EOD,569,ESH9,0.84
2019-01-03,2019,B,1,380,"(1.0, 1.5)",68.23214285714286,102.34821428571429,68.23214285714286,20.25,EOD,569,ESH9,0.84
2019-01-03,2019,B,1,380,"(1.0, 1.75)",68.23214285714286,119.40625,68.23214285714286,20.25,EOD,569,ESH9,0.84
2019-01-03,2019,B,1,380,"(1.0, 2.0)",68.23214285714286,136.46428571428572,68.23214285714286,20.25,EOD,569,ESH9,0.84
2019-01-03,2019,B,1,380,"(1.2, 1.5)",81.87857142857143,102.34821428571429,68.23214285714286,20.25,EOD,569,ESH9,0.84
2019-01-03,2019,B,1,380,"(1.2, 1.75)",81.87857142857143,119.40625,68.23214285714286,20.25,EOD,569,ESH9,0.84
2019-01-03,2019,B,1,380,"(1.2, 2.0)",81.87857142857143,136.46428571428572,68.23214285714286,20.25,EOD,569,ESH9,0.84
2019-01-03,2019,B,1,380,"(0.179, 0.247)",12.213553571428571,16.853339285714288,68.23214285714286,16.853339285714355,TP,498,ESH9,0.84
2019-01-09,2019,B,-1,370,"(0.8, 1.5)",56.01428571428571,105.02678571428571,70.01785714285714,-3.25,EOD,569,ESH9,0.84
2019-01-09,2019,B,-1,370,"(0.8, 1.75)",56.01428571428571,122.53125,70.01785714285714,-3.25,EOD,569,ESH9,0.84
2019-01-09,2019,B,-1,370,"(0.8, 2.0)",56.01428571428571,140.03571428571428,70.01785714285714,-3.25,EOD,569,ESH9,0.84
2019-01-09,2019,B,-1,370,"(1.0, 1.5)",70.01785714285714,105.02678571428571,70.01785714285714,-3.25,EOD,569,ESH9,0.84
2019-01-09,2019,B,-1,370,"(1.0, 1.75)",70.01785714285714,122.53125,70.01785714285714,-3.25,EOD,569,ESH9,0.84
2019-01-09,2019,B,-1,370,"(1.0, 2.0)",70.01785714285714,140.03571428571428,70.01785714285714,-3.25,EOD,569,ESH9,0.84
2019-01-09,2019,B,-1,370,"(1.2, 1.5)",84.02142857142856,105.02678571428571,70.01785714285714,-3.25,EOD,569,ESH9,0.84
2019-01-09,2019,B,-1,370,"(1.2, 1.75)",84.02142857142856,122.53125,70.01785714285714,-3.25,EOD,569,ESH9,0.84
2019-01-09,2019,B,-1,370,"(1.2, 2.0)",84.02142857142856,140.03571428571428,70.01785714285714,-3.25,EOD,569,ESH9,0.84
2019-01-09,2019,B,-1,370,"(0.179, 0.247)",12.533196428571427,17.294410714285714,70.01785714285714,-3.25,EOD,569,ESH9,0.84
2019-01-10,2019,B,1,320,"(0.8, 1.5)",54.92857142857144,102.99107142857144,68.66071428571429,0.5,EOD,569,ESH9,0.84
2019-01-10,2019,B,1,320,"(0.8, 1.75)",54.92857142857144,120.15625000000001,68.66071428571429,0.5,EOD,569,ESH9,0.84
2019-01-10,2019,B,1,320,"(0.8, 2.0)",54.92857142857144,137.32142857142858,68.66071428571429,0.5,EOD,569,ESH9,0.84
2019-01-10,2019,B,1,320,"(1.0, 1.5)",68.66071428571429,102.99107142857144,68.66071428571429,0.5,EOD,569,ESH9,0.84
2019-01-10,2019,B,1,320,"(1.0, 1.75)",68.66071428571429,120.15625000000001,68.66071428571429,0.5,EOD,569,ESH9,0.84
2019-01-10,2019,B,1,320,"(1.0, 2.0)",68.66071428571429,137.32142857142858,68.66071428571429,0.5,EOD,569,ESH9,0.84
2019-01-10,2019,B,1,320,"(1.2, 1.5)",82.39285714285715,102.99107142857144,68.66071428571429,0.5,EOD,569,ESH9,0.84
2019-01-10,2019,B,1,320,"(1.2, 1.75)",82.39285714285715,120.15625000000001,68.66071428571429,0.5,EOD,569,ESH9,0.84
2019-01-10,2019,B,1,320,"(1.2, 2.0)",82.39285714285715,137.32142857142858,68.66071428571429,0.5,EOD,569,ESH9,0.84
2019-01-10,2019,B,1,320,"(0.179, 0.247)",12.290267857142858,16.95919642857143,68.66071428571429,0.5,EOD,569,ESH9,0.84
2019-01-15,2019,B,-1,375,"(0.8, 1.5)",44.08571428571429,82.66071428571428,55.107142857142854,4.25,EOD,569,ESH9,0.84
2019-01-15,2019,B,-1,375,"(0.8, 1.75)",44.08571428571429,96.4375,55.107142857142854,4.25,EOD,569,ESH9,0.84
2019-01-15,2019,B,-1,375,"(0.8, 2.0)",44.08571428571429,110.21428571428571,55.107142857142854,4.25,EOD,569,ESH9,0.84
2019-01-15,2019,B,-1,375,"(1.0, 1.5)",55.107142857142854,82.66071428571428,55.107142857142854,4.25,EOD,569,ESH9,0.84
2019-01-15,2019,B,-1,375,"(1.0, 1.75)",55.107142857142854,96.4375,55.107142857142854,4.25,EOD,569,ESH9,0.84
2019-01-15,2019,B,-1,375,"(1.0, 2.0)",55.107142857142854,110.21428571428571,55.107142857142854,4.25,EOD,569,ESH9,0.84
2019-01-15,2019,B,-1,375,"(1.2, 1.5)",66.12857142857142,82.66071428571428,55.107142857142854,4.25,EOD,569,ESH9,0.84
2019-01-15,2019,B,-1,375,"(1.2, 1.75)",66.12857142857142,96.4375,55.107142857142854,4.25,EOD,569,ESH9,0.84
2019-01-15,2019,B,-1,375,"(1.2, 2.0)",66.12857142857142,110.21428571428571,55.107142857142854,4.25,EOD,569,ESH9,0.84
2019-01-15,2019,B,-1,375,"(0.179, 0.247)",9.864178571428571,13.611464285714284,55.107142857142854,4.25,EOD,569,ESH9,0.84
2019-01-22,2019,B,1,465,"(0.8, 1.5)",30.985714285714284,58.09821428571428,38.732142857142854,-2.5,EOD,569,ESH9,0.84
2019-01-22,2019,B,1,465,"(0.8, 1.75)",30.985714285714284,67.78125,38.732142857142854,-2.5,EOD,569,ESH9,0.84
2019-01-22,2019,B,1,465,"(0.8, 2.0)",30.985714285714284,77.46428571428571,38.732142857142854,-2.5,EOD,569,ESH9,0.84
2019-01-22,2019,B,1,465,"(1.0, 1.5)",38.732142857142854,58.09821428571428,38.732142857142854,-2.5,EOD,569,ESH9,0.84
2019-01-22,2019,B,1,465,"(1.0, 1.75)",38.732142857142854,67.78125,38.732142857142854,-2.5,EOD,569,ESH9,0.84
2019-01-22,2019,B,1,465,"(1.0, 2.0)",38.732142857142854,77.46428571428571,38.732142857142854,-2.5,EOD,569,ESH9,0.84
2019-01-22,2019,B,1,465,"(1.2, 1.5)",46.47857142857142,58.09821428571428,38.732142857142854,-2.5,EOD,569,ESH9,0.84
2019-01-22,2019,B,1,465,"(1.2, 1.75)",46.47857142857142,67.78125,38.732142857142854,-2.5,EOD,569,ESH9,0.84
2019-01-22,2019,B,1,465,"(1.2, 2.0)",46.47857142857142,77.46428571428571,38.732142857142854,-2.5,EOD,569,ESH9,0.84
2019-01-22,2019,B,1,465,"(0.179, 0.247)",6.93305357142857,9.566839285714284,38.732142857142854,-2.5,EOD,569,ESH9,0.84
2019-02-01,2019,B,-1,525,"(0.8, 1.5)",25.92857142857143,48.61607142857143,32.410714285714285,2.25,EOD,569,ESH9,0.84
2019-02-01,2019,B,-1,525,"(0.8, 1.75)",25.92857142857143,56.71875,32.410714285714285,2.25,EOD,569,ESH9,0.84
2019-02-01,2019,B,-1,525,"(0.8, 2.0)",25.92857142857143,64.82142857142857,32.410714285714285,2.25,EOD,569,ESH9,0.84
2019-02-01,2019,B,-1,525,"(1.0, 1.5)",32.410714285714285,48.61607142857143,32.410714285714285,2.25,EOD,569,ESH9,0.84
2019-02-01,2019,B,-1,525,"(1.0, 1.75)",32.410714285714285,56.71875,32.410714285714285,2.25,EOD,569,ESH9,0.84
2019-02-01,2019,B,-1,525,"(1.0, 2.0)",32.410714285714285,64.82142857142857,32.410714285714285,2.25,EOD,569,ESH9,0.84
2019-02-01,2019,B,-1,525,"(1.2, 1.5)",38.89285714285714,48.61607142857143,32.410714285714285,2.25,EOD,569,ESH9,0.84
2019-02-01,2019,B,-1,525,"(1.2, 1.75)",38.89285714285714,56.71875,32.410714285714285,2.25,EOD,569,ESH9,0.84
2019-02-01,2019,B,-1,525,"(1.2, 2.0)",38.89285714285714,64.82142857142857,32.410714285714285,2.25,EOD,569,ESH9,0.84
2019-02-01,2019,B,-1,525,"(0.179, 0.247)",5.801517857142857,8.005446428571428,32.410714285714285,2.25,EOD,569,ESH9,0.84
2019-02-21,2019,B,-1,370,"(0.8, 1.5)",18.45714285714286,34.60714285714286,23.071428571428573,12.25,EOD,569,ESH9,0.84
2019-02-21,2019,B,-1,370,"(0.8, 1.75)",18.45714285714286,40.375,23.071428571428573,12.25,EOD,569,ESH9,0.84
2019-02-21,2019,B,-1,370,"(0.8, 2.0)",18.45714285714286,46.142857142857146,23.071428571428573,12.25,EOD,569,ESH9,0.84
2019-02-21,2019,B,-1,370,"(1.0, 1.5)",23.071428571428573,34.60714285714286,23.071428571428573,12.25,EOD,569,ESH9,0.84
2019-02-21,2019,B,-1,370,"(1.0, 1.75)",23.071428571428573,40.375,23.071428571428573,12.25,EOD,569,ESH9,0.84
2019-02-21,2019,B,-1,370,"(1.0, 2.0)",23.071428571428573,46.142857142857146,23.071428571428573,12.25,EOD,569,ESH9,0.84
2019-02-21,2019,B,-1,370,"(1.2, 1.5)",27.685714285714287,34.60714285714286,23.071428571428573,12.25,EOD,569,ESH9,0.84
2019-02-21,2019,B,-1,370,"(1.2, 1.75)",27.685714285714287,40.375,23.071428571428573,12.25,EOD,569,ESH9,0.84
2019-02-21,2019,B,-1,370,"(1.2, 2.0)",27.685714285714287,46.142857142857146,23.071428571428573,12.25,EOD,569,ESH9,0.84
2019-02-21,2019,B,-1,370,"(0.179, 0.247)",4.129785714285714,5.698642857142858,23.071428571428573,5.698642857142659,TP,434,ESH9,0.84
2019-02-22,2019,B,-1,540,"(0.8, 1.5)",18.52857142857143,34.74107142857143,23.160714285714285,-0.5,EOD,569,ESH9,0.84
2019-02-22,2019,B,-1,540,"(0.8, 1.75)",18.52857142857143,40.53125,23.160714285714285,-0.5,EOD,569,ESH9,0.84
2019-02-22,2019,B,-1,540,"(0.8, 2.0)",18.52857142857143,46.32142857142857,23.160714285714285,-0.5,EOD,569,ESH9,0.84
2019-02-22,2019,B,-1,540,"(1.0, 1.5)",23.160714285714285,34.74107142857143,23.160714285714285,-0.5,EOD,569,ESH9,0.84
2019-02-22,2019,B,-1,540,"(1.0, 1.75)",23.160714285714285,40.53125,23.160714285714285,-0.5,EOD,569,ESH9,0.84
2019-02-22,2019,B,-1,540,"(1.0, 2.0)",23.160714285714285,46.32142857142857,23.160714285714285,-0.5,EOD,569,ESH9,0.84
2019-02-22,2019,B,-1,540,"(1.2, 1.5)",27.79285714285714,34.74107142857143,23.160714285714285,-0.5,EOD,569,ESH9,0.84
2019-02-22,2019,B,-1,540,"(1.2, 1.75)",27.79285714285714,40.53125,23.160714285714285,-0.5,EOD,569,ESH9,0.84
2019-02-22,2019,B,-1,540,"(1.2, 2.0)",27.79285714285714,46.32142857142857,23.160714285714285,-0.5,EOD,569,ESH9,0.84
2019-02-22,2019,B,-1,540,"(0.179, 0.247)",4.1457678571428564,5.720696428571428,23.160714285714285,-0.5,EOD,569,ESH9,0.84
2019-03-07,2019,B,1,560,"(0.8, 1.5)",16.7,31.3125,20.875,-2.25,EOD,569,ESH9,0.84
2019-03-07,2019,B,1,560,"(0.8, 1.75)",16.7,36.53125,20.875,-2.25,EOD,569,ESH9,0.84
2019-03-07,2019,B,1,560,"(0.8, 2.0)",16.7,41.75,20.875,-2.25,EOD,569,ESH9,0.84
2019-03-07,2019,B,1,560,"(1.0, 1.5)",20.875,31.3125,20.875,-2.25,EOD,569,ESH9,0.84
2019-03-07,2019,B,1,560,"(1.0, 1.75)",20.875,36.53125,20.875,-2.25,EOD,569,ESH9,0.84
2019-03-07,2019,B,1,560,"(1.0, 2.0)",20.875,41.75,20.875,-2.25,EOD,569,ESH9,0.84
2019-03-07,2019,B,1,560,"(1.2, 1.5)",25.05,31.3125,20.875,-2.25,EOD,569,ESH9,0.84
2019-03-07,2019,B,1,560,"(1.2, 1.75)",25.05,36.53125,20.875,-2.25,EOD,569,ESH9,0.84
2019-03-07,2019,B,1,560,"(1.2, 2.0)",25.05,41.75,20.875,-2.25,EOD,569,ESH9,0.84
2019-03-07,2019,B,1,560,"(0.179, 0.247)",3.7366249999999996,5.156125,20.875,-2.25,EOD,569,ESH9,0.84
2019-03-08,2019,B,1,430,"(0.8, 1.5)",16.885714285714286,31.660714285714285,21.107142857142858,-11.5,EOD,569,ESH9,0.84
2019-03-08,2019,B,1,430,"(0.8, 1.75)",16.885714285714286,36.9375,21.107142857142858,-11.5,EOD,569,ESH9,0.84
2019-03-08,2019,B,1,430,"(0.8, 2.0)",16.885714285714286,42.214285714285715,21.107142857142858,-11.5,EOD,569,ESH9,0.84
2019-03-08,2019,B,1,430,"(1.0, 1.5)",21.107142857142858,31.660714285714285,21.107142857142858,-11.5,EOD,569,ESH9,0.84
2019-03-08,2019,B,1,430,"(1.0, 1.75)",21.107142857142858,36.9375,21.107142857142858,-11.5,EOD,569,ESH9,0.84
2019-03-08,2019,B,1,430,"(1.0, 2.0)",21.107142857142858,42.214285714285715,21.107142857142858,-11.5,EOD,569,ESH9,0.84
2019-03-08,2019,B,1,430,"(1.2, 1.5)",25.32857142857143,31.660714285714285,21.107142857142858,-11.5,EOD,569,ESH9,0.84
2019-03-08,2019,B,1,430,"(1.2, 1.75)",25.32857142857143,36.9375,21.107142857142858,-11.5,EOD,569,ESH9,0.84
2019-03-08,2019,B,1,430,"(1.2, 2.0)",25.32857142857143,42.214285714285715,21.107142857142858,-11.5,EOD,569,ESH9,0.84
2019-03-08,2019,B,1,430,"(0.179, 0.247)",3.778178571428571,5.213464285714286,21.107142857142858,-3.7781785714287253,SL,510,ESH9,0.84
2019-03-12,2019,B,-1,485,"(0.8, 1.5)",19.32857142857143,36.24107142857143,24.160714285714285,-5.0,EOD,569,ESM9,0.84
2019-03-12,2019,B,-1,485,"(0.8, 1.75)",19.32857142857143,42.28125,24.160714285714285,-5.0,EOD,569,ESM9,0.84
2019-03-12,2019,B,-1,485,"(0.8, 2.0)",19.32857142857143,48.32142857142857,24.160714285714285,-5.0,EOD,569,ESM9,0.84
2019-03-12,2019,B,-1,485,"(1.0, 1.5)",24.160714285714285,36.24107142857143,24.160714285714285,-5.0,EOD,569,ESM9,0.84
2019-03-12,2019,B,-1,485,"(1.0, 1.75)",24.160714285714285,42.28125,24.160714285714285,-5.0,EOD,569,ESM9,0.84
2019-03-12,2019,B,-1,485,"(1.0, 2.0)",24.160714285714285,48.32142857142857,24.160714285714285,-5.0,EOD,569,ESM9,0.84
2019-03-12,2019,B,-1,485,"(1.2, 1.5)",28.99285714285714,36.24107142857143,24.160714285714285,-5.0,EOD,569,ESM9,0.84
2019-03-12,2019,B,-1,485,"(1.2, 1.75)",28.99285714285714,42.28125,24.160714285714285,-5.0,EOD,569,ESM9,0.84
2019-03-12,2019,B,-1,485,"(1.2, 2.0)",28.99285714285714,48.32142857142857,24.160714285714285,-5.0,EOD,569,ESM9,0.84
2019-03-12,2019,B,-1,485,"(0.179, 0.247)",4.324767857142857,5.967696428571428,24.160714285714285,-4.324767857142888,SL,512,ESM9,0.84
2019-03-21,2019,B,1,445,"(0.8, 1.5)",20.92857142857143,39.24107142857143,26.160714285714285,2.25,EOD,569,ESM9,0.84
2019-03-21,2019,B,1,445,"(0.8, 1.75)",20.92857142857143,45.78125,26.160714285714285,2.25,EOD,569,ESM9,0.84
2019-03-21,2019,B,1,445,"(0.8, 2.0)",20.92857142857143,52.32142857142857,26.160714285714285,2.25,EOD,569,ESM9,0.84
2019-03-21,2019,B,1,445,"(1.0, 1.5)",26.160714285714285,39.24107142857143,26.160714285714285,2.25,EOD,569,ESM9,0.84
2019-03-21,2019,B,1,445,"(1.0, 1.75)",26.160714285714285,45.78125,26.160714285714285,2.25,EOD,569,ESM9,0.84
2019-03-21,2019,B,1,445,"(1.0, 2.0)",26.160714285714285,52.32142857142857,26.160714285714285,2.25,EOD,569,ESM9,0.84
2019-03-21,2019,B,1,445,"(1.2, 1.5)",31.39285714285714,39.24107142857143,26.160714285714285,2.25,EOD,569,ESM9,0.84
2019-03-21,2019,B,1,445,"(1.2, 1.75)",31.39285714285714,45.78125,26.160714285714285,2.25,EOD,569,ESM9,0.84
2019-03-21,2019,B,1,445,"(1.2, 2.0)",31.39285714285714,52.32142857142857,26.160714285714285,2.25,EOD,569,ESM9,0.84
2019-03-21,2019,B,1,445,"(0.179, 0.247)",4.682767857142856,6.461696428571428,26.160714285714285,2.25,EOD,569,ESM9,0.84
2019-04-02,2019,B,-1,495,"(0.8, 1.5)",23.714285714285715,44.464285714285715,29.642857142857142,1.0,EOD,569,ESM9,0.84
2019-04-02,2019,B,-1,495,"(0.8, 1.75)",23.714285714285715,51.875,29.642857142857142,1.0,EOD,569,ESM9,0.84
2019-04-02,2019,B,-1,495,"(0.8, 2.0)",23.714285714285715,59.285714285714285,29.642857142857142,1.0,EOD,569,ESM9,0.84
2019-04-02,2019,B,-1,495,"(1.0, 1.5)",29.642857142857142,44.464285714285715,29.642857142857142,1.0,EOD,569,ESM9,0.84
2019-04-02,2019,B,-1,495,"(1.0, 1.75)",29.642857142857142,51.875,29.642857142857142,1.0,EOD,569,ESM9,0.84
2019-04-02,2019,B,-1,495,"(1.0, 2.0)",29.642857142857142,59.285714285714285,29.642857142857142,1.0,EOD,569,ESM9,0.84
2019-04-02,2019,B,-1,495,"(1.2, 1.5)",35.57142857142857,44.464285714285715,29.642857142857142,1.0,EOD,569,ESM9,0.84
2019-04-02,2019,B,-1,495,"(1.2, 1.75)",35.57142857142857,51.875,29.642857142857142,1.0,EOD,569,ESM9,0.84
2019-04-02,2019,B,-1,495,"(1.2, 2.0)",35.57142857142857,59.285714285714285,29.642857142857142,1.0,EOD,569,ESM9,0.84
2019-04-02,2019,B,-1,495,"(0.179, 0.247)",5.306071428571428,7.321785714285714,29.642857142857142,1.0,EOD,569,ESM9,0.84
2019-04-05,2019,B,-1,475,"(0.8, 1.5)",22.714285714285715,42.589285714285715,28.392857142857142,-5.25,EOD,569,ESM9,0.84
2019-04-05,2019,B,-1,475,"(0.8, 1.75)",22.714285714285715,49.6875,28.392857142857142,-5.25,EOD,569,ESM9,0.84
2019-04-05,2019,B,-1,475,"(0.8, 2.0)",22.714285714285715,56.785714285714285,28.392857142857142,-5.25,EOD,569,ESM9,0.84
2019-04-05,2019,B,-1,475,"(1.0, 1.5)",28.392857142857142,42.589285714285715,28.392857142857142,-5.25,EOD,569,ESM9,0.84
2019-04-05,2019,B,-1,475,"(1.0, 1.75)",28.392857142857142,49.6875,28.392857142857142,-5.25,EOD,569,ESM9,0.84
2019-04-05,2019,B,-1,475,"(1.0, 2.0)",28.392857142857142,56.785714285714285,28.392857142857142,-5.25,EOD,569,ESM9,0.84
2019-04-05,2019,B,-1,475,"(1.2, 1.5)",34.07142857142857,42.589285714285715,28.392857142857142,-5.25,EOD,569,ESM9,0.84
2019-04-05,2019,B,-1,475,"(1.2, 1.75)",34.07142857142857,49.6875,28.392857142857142,-5.25,EOD,569,ESM9,0.84
2019-04-05,2019,B,-1,475,"(1.2, 2.0)",34.07142857142857,56.785714285714285,28.392857142857142,-5.25,EOD,569,ESM9,0.84
2019-04-05,2019,B,-1,475,"(0.179, 0.247)",5.082321428571428,7.0130357142857145,28.392857142857142,-5.082321428571504,SL,510,ESM9,0.84
2019-04-10,2019,B,-1,415,"(0.8, 1.5)",21.34285714285714,40.01785714285714,26.678571428571427,2.75,EOD,569,ESM9,0.84
2019-04-10,2019,B,-1,415,"(0.8, 1.75)",21.34285714285714,46.6875,26.678571428571427,2.75,EOD,569,ESM9,0.84
2019-04-10,2019,B,-1,415,"(0.8, 2.0)",21.34285714285714,53.357142857142854,26.678571428571427,2.75,EOD,569,ESM9,0.84
2019-04-10,2019,B,-1,415,"(1.0, 1.5)",26.678571428571427,40.01785714285714,26.678571428571427,2.75,EOD,569,ESM9,0.84
2019-04-10,2019,B,-1,415,"(1.0, 1.75)",26.678571428571427,46.6875,26.678571428571427,2.75,EOD,569,ESM9,0.84
2019-04-10,2019,B,-1,415,"(1.0, 2.0)",26.678571428571427,53.357142857142854,26.678571428571427,2.75,EOD,569,ESM9,0.84
2019-04-10,2019,B,-1,415,"(1.2, 1.5)",32.01428571428571,40.01785714285714,26.678571428571427,2.75,EOD,569,ESM9,0.84
2019-04-10,2019,B,-1,415,"(1.2, 1.75)",32.01428571428571,46.6875,26.678571428571427,2.75,EOD,569,ESM9,0.84
2019-04-10,2019,B,-1,415,"(1.2, 2.0)",32.01428571428571,53.357142857142854,26.678571428571427,2.75,EOD,569,ESM9,0.84
2019-04-10,2019,B,-1,415,"(0.179, 0.247)",4.7754642857142855,6.589607142857142,26.678571428571427,6.5896071428569485,TP,519,ESM9,0.84
2019-04-11,2019,B,-1,300,"(0.8, 1.5)",19.32857142857143,36.24107142857143,24.160714285714285,-4.5,EOD,569,ESM9,0.84
2019-04-11,2019,B,-1,300,"(0.8, 1.75)",19.32857142857143,42.28125,24.160714285714285,-4.5,EOD,569,ESM9,0.84
2019-04-11,2019,B,-1,300,"(0.8, 2.0)",19.32857142857143,48.32142857142857,24.160714285714285,-4.5,EOD,569,ESM9,0.84
2019-04-11,2019,B,-1,300,"(1.0, 1.5)",24.160714285714285,36.24107142857143,24.160714285714285,-4.5,EOD,569,ESM9,0.84
2019-04-11,2019,B,-1,300,"(1.0, 1.75)",24.160714285714285,42.28125,24.160714285714285,-4.5,EOD,569,ESM9,0.84
2019-04-11,2019,B,-1,300,"(1.0, 2.0)",24.160714285714285,48.32142857142857,24.160714285714285,-4.5,EOD,569,ESM9,0.84
2019-04-11,2019,B,-1,300,"(1.2, 1.5)",28.99285714285714,36.24107142857143,24.160714285714285,-4.5,EOD,569,ESM9,0.84
2019-04-11,2019,B,-1,300,"(1.2, 1.75)",28.99285714285714,42.28125,24.160714285714285,-4.5,EOD,569,ESM9,0.84
2019-04-11,2019,B,-1,300,"(1.2, 2.0)",28.99285714285714,48.32142857142857,24.160714285714285,-4.5,EOD,569,ESM9,0.84
2019-04-11,2019,B,-1,300,"(0.179, 0.247)",4.324767857142857,5.967696428571428,24.160714285714285,-4.324767857142888,SL,369,ESM9,0.84
2019-04-17,2019,B,-1,530,"(0.8, 1.5)",14.32857142857143,26.866071428571427,17.910714285714285,-3.25,EOD,569,ESM9,0.84
2019-04-17,2019,B,-1,530,"(0.8, 1.75)",14.32857142857143,31.34375,17.910714285714285,-3.25,EOD,569,ESM9,0.84
2019-04-17,2019,B,-1,530,"(0.8, 2.0)",14.32857142857143,35.82142857142857,17.910714285714285,-3.25,EOD,569,ESM9,0.84
2019-04-17,2019,B,-1,530,"(1.0, 1.5)",17.910714285714285,26.866071428571427,17.910714285714285,-3.25,EOD,569,ESM9,0.84
2019-04-17,2019,B,-1,530,"(1.0, 1.75)",17.910714285714285,31.34375,17.910714285714285,-3.25,EOD,569,ESM9,0.84
2019-04-17,2019,B,-1,530,"(1.0, 2.0)",17.910714285714285,35.82142857142857,17.910714285714285,-3.25,EOD,569,ESM9,0.84
2019-04-17,2019,B,-1,530,"(1.2, 1.5)",21.49285714285714,26.866071428571427,17.910714285714285,-3.25,EOD,569,ESM9,0.84
2019-04-17,2019,B,-1,530,"(1.2, 1.75)",21.49285714285714,31.34375,17.910714285714285,-3.25,EOD,569,ESM9,0.84
2019-04-17,2019,B,-1,530,"(1.2, 2.0)",21.49285714285714,35.82142857142857,17.910714285714285,-3.25,EOD,569,ESM9,0.84
2019-04-17,2019,B,-1,530,"(0.179, 0.247)",3.206017857142857,4.423946428571428,17.910714285714285,-3.206017857142797,SL,563,ESM9,0.84
2019-04-25,2019,B,1,400,"(0.8, 1.5)",13.471428571428573,25.258928571428573,16.839285714285715,0.0,EOD,569,ESM9,0.84
2019-04-25,2019,B,1,400,"(0.8, 1.75)",13.471428571428573,29.46875,16.839285714285715,0.0,EOD,569,ESM9,0.84
2019-04-25,2019,B,1,400,"(0.8, 2.0)",13.471428571428573,33.67857142857143,16.839285714285715,0.0,EOD,569,ESM9,0.84
2019-04-25,2019,B,1,400,"(1.0, 1.5)",16.839285714285715,25.258928571428573,16.839285714285715,0.0,EOD,569,ESM9,0.84
2019-04-25,2019,B,1,400,"(1.0, 1.75)",16.839285714285715,29.46875,16.839285714285715,0.0,EOD,569,ESM9,0.84
2019-04-25,2019,B,1,400,"(1.0, 2.0)",16.839285714285715,33.67857142857143,16.839285714285715,0.0,EOD,569,ESM9,0.84
2019-04-25,2019,B,1,400,"(1.2, 1.5)",20.20714285714286,25.258928571428573,16.839285714285715,0.0,EOD,569,ESM9,0.84
2019-04-25,2019,B,1,400,"(1.2, 1.75)",20.20714285714286,29.46875,16.839285714285715,0.0,EOD,569,ESM9,0.84
2019-04-25,2019,B,1,400,"(1.2, 2.0)",20.20714285714286,33.67857142857143,16.839285714285715,0.0,EOD,569,ESM9,0.84
2019-04-25,2019,B,1,400,"(0.179, 0.247)",3.014232142857143,4.1593035714285715,16.839285714285715,4.159303571428609,TP,478,ESM9,0.84
2019-04-30,2019,B,1,530,"(0.8, 1.5)",14.028571428571428,26.303571428571427,17.535714285714285,-0.25,EOD,569,ESM9,0.84
2019-04-30,2019,B,1,530,"(0.8, 1.75)",14.028571428571428,30.6875,17.535714285714285,-0.25,EOD,569,ESM9,0.84
2019-04-30,2019,B,1,530,"(0.8, 2.0)",14.028571428571428,35.07142857142857,17.535714285714285,-0.25,EOD,569,ESM9,0.84
2019-04-30,2019,B,1,530,"(1.0, 1.5)",17.535714285714285,26.303571428571427,17.535714285714285,-0.25,EOD,569,ESM9,0.84
2019-04-30,2019,B,1,530,"(1.0, 1.75)",17.535714285714285,30.6875,17.535714285714285,-0.25,EOD,569,ESM9,0.84
2019-04-30,2019,B,1,530,"(1.0, 2.0)",17.535714285714285,35.07142857142857,17.535714285714285,-0.25,EOD,569,ESM9,0.84
2019-04-30,2019,B,1,530,"(1.2, 1.5)",21.04285714285714,26.303571428571427,17.535714285714285,-0.25,EOD,569,ESM9,0.84
2019-04-30,2019,B,1,530,"(1.2, 1.75)",21.04285714285714,30.6875,17.535714285714285,-0.25,EOD,569,ESM9,0.84
2019-04-30,2019,B,1,530,"(1.2, 2.0)",21.04285714285714,35.07142857142857,17.535714285714285,-0.25,EOD,569,ESM9,0.84
2019-04-30,2019,B,1,530,"(0.179, 0.247)",3.138892857142857,4.331321428571428,17.535714285714285,-0.25,EOD,569,ESM9,0.84
2019-05-03,2019,B,-1,535,"(0.8, 1.5)",16.414285714285715,30.776785714285715,20.517857142857142,-1.25,EOD,569,ESM9,0.84
2019-05-03,2019,B,-1,535,"(0.8, 1.75)",16.414285714285715,35.90625,20.517857142857142,-1.25,EOD,569,ESM9,0.84
2019-05-03,2019,B,-1,535,"(0.8, 2.0)",16.414285714285715,41.035714285714285,20.517857142857142,-1.25,EOD,569,ESM9,0.84
2019-05-03,2019,B,-1,535,"(1.0, 1.5)",20.517857142857142,30.776785714285715,20.517857142857142,-1.25,EOD,569,ESM9,0.84
2019-05-03,2019,B,-1,535,"(1.0, 1.75)",20.517857142857142,35.90625,20.517857142857142,-1.25,EOD,569,ESM9,0.84
2019-05-03,2019,B,-1,535,"(1.0, 2.0)",20.517857142857142,41.035714285714285,20.517857142857142,-1.25,EOD,569,ESM9,0.84
2019-05-03,2019,B,-1,535,"(1.2, 1.5)",24.62142857142857,30.776785714285715,20.517857142857142,-1.25,EOD,569,ESM9,0.84
2019-05-03,2019,B,-1,535,"(1.2, 1.75)",24.62142857142857,35.90625,20.517857142857142,-1.25,EOD,569,ESM9,0.84
2019-05-03,2019,B,-1,535,"(1.2, 2.0)",24.62142857142857,41.035714285714285,20.517857142857142,-1.25,EOD,569,ESM9,0.84
2019-05-03,2019,B,-1,535,"(0.179, 0.247)",3.6726964285714283,5.0679107142857145,20.517857142857142,-1.25,EOD,569,ESM9,0.84
2019-05-21,2019,B,-1,325,"(0.8, 1.5)",35.714285714285715,66.96428571428572,44.642857142857146,-4.75,EOD,569,ESM9,0.84
2019-05-21,2019,B,-1,325,"(0.8, 1.75)",35.714285714285715,78.125,44.642857142857146,-4.75,EOD,569,ESM9,0.84
2019-05-21,2019,B,-1,325,"(0.8, 2.0)",35.714285714285715,89.28571428571429,44.642857142857146,-4.75,EOD,569,ESM9,0.84
2019-05-21,2019,B,-1,325,"(1.0, 1.5)",44.642857142857146,66.96428571428572,44.642857142857146,-4.75,EOD,569,ESM9,0.84
2019-05-21,2019,B,-1,325,"(1.0, 1.75)",44.642857142857146,78.125,44.642857142857146,-4.75,EOD,569,ESM9,0.84
2019-05-21,2019,B,-1,325,"(1.0, 2.0)",44.642857142857146,89.28571428571429,44.642857142857146,-4.75,EOD,569,ESM9,0.84
2019-05-21,2019,B,-1,325,"(1.2, 1.5)",53.57142857142858,66.96428571428572,44.642857142857146,-4.75,EOD,569,ESM9,0.84
2019-05-21,2019,B,-1,325,"(1.2, 1.75)",53.57142857142858,78.125,44.642857142857146,-4.75,EOD,569,ESM9,0.84
2019-05-21,2019,B,-1,325,"(1.2, 2.0)",53.57142857142858,89.28571428571429,44.642857142857146,-4.75,EOD,569,ESM9,0.84
2019-05-21,2019,B,-1,325,"(0.179, 0.247)",7.991071428571429,11.026785714285715,44.642857142857146,-7.9910714285715585,SL,399,ESM9,0.84
2019-05-22,2019,B,1,475,"(0.8, 1.5)",35.6,66.75,44.5,-2.25,EOD,569,ESM9,0.84
2019-05-22,2019,B,1,475,"(0.8, 1.75)",35.6,77.875,44.5,-2.25,EOD,569,ESM9,0.84
2019-05-22,2019,B,1,475,"(0.8, 2.0)",35.6,89.0,44.5,-2.25,EOD,569,ESM9,0.84
2019-05-22,2019,B,1,475,"(1.0, 1.5)",44.5,66.75,44.5,-2.25,EOD,569,ESM9,0.84
2019-05-22,2019,B,1,475,"(1.0, 1.75)",44.5,77.875,44.5,-2.25,EOD,569,ESM9,0.84
2019-05-22,2019,B,1,475,"(1.0, 2.0)",44.5,89.0,44.5,-2.25,EOD,569,ESM9,0.84
2019-05-22,2019,B,1,475,"(1.2, 1.5)",53.4,66.75,44.5,-2.25,EOD,569,ESM9,0.84
2019-05-22,2019,B,1,475,"(1.2, 1.75)",53.4,77.875,44.5,-2.25,EOD,569,ESM9,0.84
2019-05-22,2019,B,1,475,"(1.2, 2.0)",53.4,89.0,44.5,-2.25,EOD,569,ESM9,0.84
2019-05-22,2019,B,1,475,"(0.179, 0.247)",7.9655,10.9915,44.5,-7.965499999999793,SL,506,ESM9,0.84
2019-05-28,2019,B,-1,475,"(0.8, 1.5)",30.371428571428574,56.94642857142857,37.964285714285715,1.5,EOD,569,ESM9,0.84
2019-05-28,2019,B,-1,475,"(0.8, 1.75)",30.371428571428574,66.4375,37.964285714285715,1.5,EOD,569,ESM9,0.84
2019-05-28,2019,B,-1,475,"(0.8, 2.0)",30.371428571428574,75.92857142857143,37.964285714285715,1.5,EOD,569,ESM9,0.84
2019-05-28,2019,B,-1,475,"(1.0, 1.5)",37.964285714285715,56.94642857142857,37.964285714285715,1.5,EOD,569,ESM9,0.84
2019-05-28,2019,B,-1,475,"(1.0, 1.75)",37.964285714285715,66.4375,37.964285714285715,1.5,EOD,569,ESM9,0.84
2019-05-28,2019,B,-1,475,"(1.0, 2.0)",37.964285714285715,75.92857142857143,37.964285714285715,1.5,EOD,569,ESM9,0.84
2019-05-28,2019,B,-1,475,"(1.2, 1.5)",45.55714285714286,56.94642857142857,37.964285714285715,1.5,EOD,569,ESM9,0.84
2019-05-28,2019,B,-1,475,"(1.2, 1.75)",45.55714285714286,66.4375,37.964285714285715,1.5,EOD,569,ESM9,0.84
2019-05-28,2019,B,-1,475,"(1.2, 2.0)",45.55714285714286,75.92857142857143,37.964285714285715,1.5,EOD,569,ESM9,0.84
2019-05-28,2019,B,-1,475,"(0.179, 0.247)",6.7956071428571425,9.377178571428571,37.964285714285715,1.5,EOD,569,ESM9,0.84
2019-06-07,2019,B,-1,540,"(0.8, 1.5)",25.200000000000003,47.25,31.5,-4.5,EOD,569,ESM9,0.84
2019-06-07,2019,B,-1,540,"(0.8, 1.75)",25.200000000000003,55.125,31.5,-4.5,EOD,569,ESM9,0.84
2019-06-07,2019,B,-1,540,"(0.8, 2.0)",25.200000000000003,63.0,31.5,-4.5,EOD,569,ESM9,0.84
2019-06-07,2019,B,-1,540,"(1.0, 1.5)",31.5,47.25,31.5,-4.5,EOD,569,ESM9,0.84
2019-06-07,2019,B,-1,540,"(1.0, 1.75)",31.5,55.125,31.5,-4.5,EOD,569,ESM9,0.84
2019-06-07,2019,B,-1,540,"(1.0, 2.0)",31.5,63.0,31.5,-4.5,EOD,569,ESM9,0.84
2019-06-07,2019,B,-1,540,"(1.2, 1.5)",37.8,47.25,31.5,-4.5,EOD,569,ESM9,0.84
2019-06-07,2019,B,-1,540,"(1.2, 1.75)",37.8,55.125,31.5,-4.5,EOD,569,ESM9,0.84
2019-06-07,2019,B,-1,540,"(1.2, 2.0)",37.8,63.0,31.5,-4.5,EOD,569,ESM9,0.84
2019-06-07,2019,B,-1,540,"(0.179, 0.247)",5.6385,7.7805,31.5,-4.5,EOD,569,ESM9,0.84
2019-06-10,2019,B,-1,415,"(0.8, 1.5)",25.942857142857147,48.642857142857146,32.42857142857143,-4.75,EOD,569,ESM9,0.84
2019-06-10,2019,B,-1,415,"(0.8, 1.75)",25.942857142857147,56.75,32.42857142857143,-4.75,EOD,569,ESM9,0.84
2019-06-10,2019,B,-1,415,"(0.8, 2.0)",25.942857142857147,64.85714285714286,32.42857142857143,-4.75,EOD,569,ESM9,0.84
2019-06-10,2019,B,-1,415,"(1.0, 1.5)",32.42857142857143,48.642857142857146,32.42857142857143,-4.75,EOD,569,ESM9,0.84
2019-06-10,2019,B,-1,415,"(1.0, 1.75)",32.42857142857143,56.75,32.42857142857143,-4.75,EOD,569,ESM9,0.84
2019-06-10,2019,B,-1,415,"(1.0, 2.0)",32.42857142857143,64.85714285714286,32.42857142857143,-4.75,EOD,569,ESM9,0.84
2019-06-10,2019,B,-1,415,"(1.2, 1.5)",38.91428571428572,48.642857142857146,32.42857142857143,-4.75,EOD,569,ESM9,0.84
2019-06-10,2019,B,-1,415,"(1.2, 1.75)",38.91428571428572,56.75,32.42857142857143,-4.75,EOD,569,ESM9,0.84
2019-06-10,2019,B,-1,415,"(1.2, 2.0)",38.91428571428572,64.85714285714286,32.42857142857143,-4.75,EOD,569,ESM9,0.84
2019-06-10,2019,B,-1,415,"(0.179, 0.247)",5.804714285714286,8.009857142857143,32.42857142857143,-4.75,EOD,569,ESM9,0.84
2019-06-12,2019,B,1,455,"(0.8, 1.5)",27.02857142857143,50.67857142857143,33.785714285714285,3.5,EOD,569,ESM9,0.84
2019-06-12,2019,B,1,455,"(0.8, 1.75)",27.02857142857143,59.125,33.785714285714285,3.5,EOD,569,ESM9,0.84
2019-06-12,2019,B,1,455,"(0.8, 2.0)",27.02857142857143,67.57142857142857,33.785714285714285,3.5,EOD,569,ESM9,0.84
2019-06-12,2019,B,1,455,"(1.0, 1.5)",33.785714285714285,50.67857142857143,33.785714285714285,3.5,EOD,569,ESM9,0.84
2019-06-12,2019,B,1,455,"(1.0, 1.75)",33.785714285714285,59.125,33.785714285714285,3.5,EOD,569,ESM9,0.84
2019-06-12,2019,B,1,455,"(1.0, 2.0)",33.785714285714285,67.57142857142857,33.785714285714285,3.5,EOD,569,ESM9,0.84
2019-06-12,2019,B,1,455,"(1.2, 1.5)",40.54285714285714,50.67857142857143,33.785714285714285,3.5,EOD,569,ESM9,0.84
2019-06-12,2019,B,1,455,"(1.2, 1.75)",40.54285714285714,59.125,33.785714285714285,3.5,EOD,569,ESM9,0.84
2019-06-12,2019,B,1,455,"(1.2, 2.0)",40.54285714285714,67.57142857142857,33.785714285714285,3.5,EOD,569,ESM9,0.84
2019-06-12,2019,B,1,455,"(0.179, 0.247)",6.047642857142857,8.345071428571428,33.785714285714285,3.5,EOD,569,ESM9,0.84
2019-07-16,2019,B,-1,485,"(0.8, 1.5)",15.657142857142858,29.35714285714286,19.571428571428573,4.0,EOD,569,ESU9,0.84
2019-07-16,2019,B,-1,485,"(0.8, 1.75)",15.657142857142858,34.25,19.571428571428573,4.0,EOD,569,ESU9,0.84
2019-07-16,2019,B,-1,485,"(0.8, 2.0)",15.657142857142858,39.142857142857146,19.571428571428573,4.0,EOD,569,ESU9,0.84
2019-07-16,2019,B,-1,485,"(1.0, 1.5)",19.571428571428573,29.35714285714286,19.571428571428573,4.0,EOD,569,ESU9,0.84
2019-07-16,2019,B,-1,485,"(1.0, 1.75)",19.571428571428573,34.25,19.571428571428573,4.0,EOD,569,ESU9,0.84
2019-07-16,2019,B,-1,485,"(1.0, 2.0)",19.571428571428573,39.142857142857146,19.571428571428573,4.0,EOD,569,ESU9,0.84
2019-07-16,2019,B,-1,485,"(1.2, 1.5)",23.485714285714288,29.35714285714286,19.571428571428573,4.0,EOD,569,ESU9,0.84
2019-07-16,2019,B,-1,485,"(1.2, 1.75)",23.485714285714288,34.25,19.571428571428573,4.0,EOD,569,ESU9,0.84
2019-07-16,2019,B,-1,485,"(1.2, 2.0)",23.485714285714288,39.142857142857146,19.571428571428573,4.0,EOD,569,ESU9,0.84
2019-07-16,2019,B,-1,485,"(0.179, 0.247)",3.5032857142857146,4.834142857142857,19.571428571428573,4.0,EOD,569,ESU9,0.84
2019-08-07,2019,B,-1,430,"(0.8, 1.5)",29.471428571428575,55.25892857142857,36.839285714285715,35.25,EOD,569,ESU9,0.84
2019-08-07,2019,B,-1,430,"(0.8, 1.75)",29.471428571428575,64.46875,36.839285714285715,35.25,EOD,569,ESU9,0.84
2019-08-07,2019,B,-1,430,"(0.8, 2.0)",29.471428571428575,73.67857142857143,36.839285714285715,35.25,EOD,569,ESU9,0.84
2019-08-07,2019,B,-1,430,"(1.0, 1.5)",36.839285714285715,55.25892857142857,36.839285714285715,35.25,EOD,569,ESU9,0.84
2019-08-07,2019,B,-1,430,"(1.0, 1.75)",36.839285714285715,64.46875,36.839285714285715,35.25,EOD,569,ESU9,0.84
2019-08-07,2019,B,-1,430,"(1.0, 2.0)",36.839285714285715,73.67857142857143,36.839285714285715,35.25,EOD,569,ESU9,0.84
2019-08-07,2019,B,-1,430,"(1.2, 1.5)",44.207142857142856,55.25892857142857,36.839285714285715,35.25,EOD,569,ESU9,0.84
2019-08-07,2019,B,-1,430,"(1.2, 1.75)",44.207142857142856,64.46875,36.839285714285715,35.25,EOD,569,ESU9,0.84
2019-08-07,2019,B,-1,430,"(1.2, 2.0)",44.207142857142856,73.67857142857143,36.839285714285715,35.25,EOD,569,ESU9,0.84
2019-08-07,2019,B,-1,430,"(0.179, 0.247)",6.594232142857143,9.099303571428571,36.839285714285715,9.099303571428663,TP,481,ESU9,0.84
2019-08-08,2019,B,-1,515,"(0.8, 1.5)",31.900000000000002,59.8125,39.875,-7.75,EOD,569,ESU9,0.84
2019-08-08,2019,B,-1,515,"(0.8, 1.75)",31.900000000000002,69.78125,39.875,-7.75,EOD,569,ESU9,0.84
2019-08-08,2019,B,-1,515,"(0.8, 2.0)",31.900000000000002,79.75,39.875,-7.75,EOD,569,ESU9,0.84
2019-08-08,2019,B,-1,515,"(1.0, 1.5)",39.875,59.8125,39.875,-7.75,EOD,569,ESU9,0.84
2019-08-08,2019,B,-1,515,"(1.0, 1.75)",39.875,69.78125,39.875,-7.75,EOD,569,ESU9,0.84
2019-08-08,2019,B,-1,515,"(1.0, 2.0)",39.875,79.75,39.875,-7.75,EOD,569,ESU9,0.84
2019-08-08,2019,B,-1,515,"(1.2, 1.5)",47.85,59.8125,39.875,-7.75,EOD,569,ESU9,0.84
2019-08-08,2019,B,-1,515,"(1.2, 1.75)",47.85,69.78125,39.875,-7.75,EOD,569,ESU9,0.84
2019-08-08,2019,B,-1,515,"(1.2, 2.0)",47.85,79.75,39.875,-7.75,EOD,569,ESU9,0.84
2019-08-08,2019,B,-1,515,"(0.179, 0.247)",7.137625,9.849124999999999,39.875,-7.137624999999844,SL,542,ESU9,0.84
2019-08-12,2019,B,1,485,"(0.8, 1.5)",34.68571428571428,65.03571428571428,43.357142857142854,-0.5,EOD,569,ESU9,0.84
2019-08-12,2019,B,1,485,"(0.8, 1.75)",34.68571428571428,75.875,43.357142857142854,-0.5,EOD,569,ESU9,0.84
2019-08-12,2019,B,1,485,"(0.8, 2.0)",34.68571428571428,86.71428571428571,43.357142857142854,-0.5,EOD,569,ESU9,0.84
2019-08-12,2019,B,1,485,"(1.0, 1.5)",43.357142857142854,65.03571428571428,43.357142857142854,-0.5,EOD,569,ESU9,0.84
2019-08-12,2019,B,1,485,"(1.0, 1.75)",43.357142857142854,75.875,43.357142857142854,-0.5,EOD,569,ESU9,0.84
2019-08-12,2019,B,1,485,"(1.0, 2.0)",43.357142857142854,86.71428571428571,43.357142857142854,-0.5,EOD,569,ESU9,0.84
2019-08-12,2019,B,1,485,"(1.2, 1.5)",52.028571428571425,65.03571428571428,43.357142857142854,-0.5,EOD,569,ESU9,0.84
2019-08-12,2019,B,1,485,"(1.2, 1.75)",52.028571428571425,75.875,43.357142857142854,-0.5,EOD,569,ESU9,0.84
2019-08-12,2019,B,1,485,"(1.2, 2.0)",52.028571428571425,86.71428571428571,43.357142857142854,-0.5,EOD,569,ESU9,0.84
2019-08-12,2019,B,1,485,"(0.179, 0.247)",7.760928571428571,10.709214285714285,43.357142857142854,-0.5,EOD,569,ESU9,0.84
2019-08-13,2019,B,1,315,"(0.8, 1.5)",36.142857142857146,67.76785714285714,45.17857142857143,6.0,EOD,569,ESU9,0.84
2019-08-13,2019,B,1,315,"(0.8, 1.75)",36.142857142857146,79.0625,45.17857142857143,6.0,EOD,569,ESU9,0.84
2019-08-13,2019,B,1,315,"(0.8, 2.0)",36.142857142857146,90.35714285714286,45.17857142857143,6.0,EOD,569,ESU9,0.84
2019-08-13,2019,B,1,315,"(1.0, 1.5)",45.17857142857143,67.76785714285714,45.17857142857143,6.0,EOD,569,ESU9,0.84
2019-08-13,2019,B,1,315,"(1.0, 1.75)",45.17857142857143,79.0625,45.17857142857143,6.0,EOD,569,ESU9,0.84
2019-08-13,2019,B,1,315,"(1.0, 2.0)",45.17857142857143,90.35714285714286,45.17857142857143,6.0,EOD,569,ESU9,0.84
2019-08-13,2019,B,1,315,"(1.2, 1.5)",54.214285714285715,67.76785714285714,45.17857142857143,6.0,EOD,569,ESU9,0.84
2019-08-13,2019,B,1,315,"(1.2, 1.75)",54.214285714285715,79.0625,45.17857142857143,6.0,EOD,569,ESU9,0.84
2019-08-13,2019,B,1,315,"(1.2, 2.0)",54.214285714285715,90.35714285714286,45.17857142857143,6.0,EOD,569,ESU9,0.84
2019-08-13,2019,B,1,315,"(0.179, 0.247)",8.086964285714286,11.159107142857144,45.17857142857143,6.0,EOD,569,ESU9,0.84
2019-08-15,2019,B,1,360,"(0.8, 1.5)",42.41428571428572,79.52678571428572,53.017857142857146,10.75,EOD,569,ESU9,0.84
2019-08-15,2019,B,1,360,"(0.8, 1.75)",42.41428571428572,92.78125,53.017857142857146,10.75,EOD,569,ESU9,0.84
2019-08-15,2019,B,1,360,"(0.8, 2.0)",42.41428571428572,106.03571428571429,53.017857142857146,10.75,EOD,569,ESU9,0.84
2019-08-15,2019,B,1,360,"(1.0, 1.5)",53.017857142857146,79.52678571428572,53.017857142857146,10.75,EOD,569,ESU9,0.84
2019-08-15,2019,B,1,360,"(1.0, 1.75)",53.017857142857146,92.78125,53.017857142857146,10.75,EOD,569,ESU9,0.84
2019-08-15,2019,B,1,360,"(1.0, 2.0)",53.017857142857146,106.03571428571429,53.017857142857146,10.75,EOD,569,ESU9,0.84
2019-08-15,2019,B,1,360,"(1.2, 1.5)",63.621428571428574,79.52678571428572,53.017857142857146,10.75,EOD,569,ESU9,0.84
2019-08-15,2019,B,1,360,"(1.2, 1.75)",63.621428571428574,92.78125,53.017857142857146,10.75,EOD,569,ESU9,0.84
2019-08-15,2019,B,1,360,"(1.2, 2.0)",63.621428571428574,106.03571428571429,53.017857142857146,10.75,EOD,569,ESU9,0.84
2019-08-15,2019,B,1,360,"(0.179, 0.247)",9.490196428571428,13.095410714285714,53.017857142857146,-9.49019642857138,SL,378,ESU9,0.84
2019-08-22,2019,B,-1,455,"(0.8, 1.5)",41.85714285714286,78.48214285714286,52.32142857142857,-3.25,EOD,569,ESU9,0.84
2019-08-22,2019,B,-1,455,"(0.8, 1.75)",41.85714285714286,91.5625,52.32142857142857,-3.25,EOD,569,ESU9,0.84
2019-08-22,2019,B,-1,455,"(0.8, 2.0)",41.85714285714286,104.64285714285714,52.32142857142857,-3.25,EOD,569,ESU9,0.84
2019-08-22,2019,B,-1,455,"(1.0, 1.5)",52.32142857142857,78.48214285714286,52.32142857142857,-3.25,EOD,569,ESU9,0.84
2019-08-22,2019,B,-1,455,"(1.0, 1.75)",52.32142857142857,91.5625,52.32142857142857,-3.25,EOD,569,ESU9,0.84
2019-08-22,2019,B,-1,455,"(1.0, 2.0)",52.32142857142857,104.64285714285714,52.32142857142857,-3.25,EOD,569,ESU9,0.84
2019-08-22,2019,B,-1,455,"(1.2, 1.5)",62.78571428571428,78.48214285714286,52.32142857142857,-3.25,EOD,569,ESU9,0.84
2019-08-22,2019,B,-1,455,"(1.2, 1.75)",62.78571428571428,91.5625,52.32142857142857,-3.25,EOD,569,ESU9,0.84
2019-08-22,2019,B,-1,455,"(1.2, 2.0)",62.78571428571428,104.64285714285714,52.32142857142857,-3.25,EOD,569,ESU9,0.84
2019-08-22,2019,B,-1,455,"(0.179, 0.247)",9.365535714285713,12.923392857142856,52.32142857142857,-3.25,EOD,569,ESU9,0.84
2019-08-23,2019,B,1,510,"(0.8, 1.5)",41.57142857142858,77.94642857142857,51.964285714285715,3.25,EOD,569,ESU9,0.84
2019-08-23,2019,B,1,510,"(0.8, 1.75)",41.57142857142858,90.9375,51.964285714285715,3.25,EOD,569,ESU9,0.84
2019-08-23,2019,B,1,510,"(0.8, 2.0)",41.57142857142858,103.92857142857143,51.964285714285715,3.25,EOD,569,ESU9,0.84
2019-08-23,2019,B,1,510,"(1.0, 1.5)",51.964285714285715,77.94642857142857,51.964285714285715,3.25,EOD,569,ESU9,0.84
2019-08-23,2019,B,1,510,"(1.0, 1.75)",51.964285714285715,90.9375,51.964285714285715,3.25,EOD,569,ESU9,0.84
2019-08-23,2019,B,1,510,"(1.0, 2.0)",51.964285714285715,103.92857142857143,51.964285714285715,3.25,EOD,569,ESU9,0.84
2019-08-23,2019,B,1,510,"(1.2, 1.5)",62.357142857142854,77.94642857142857,51.964285714285715,3.25,EOD,569,ESU9,0.84
2019-08-23,2019,B,1,510,"(1.2, 1.75)",62.357142857142854,90.9375,51.964285714285715,3.25,EOD,569,ESU9,0.84
2019-08-23,2019,B,1,510,"(1.2, 2.0)",62.357142857142854,103.92857142857143,51.964285714285715,3.25,EOD,569,ESU9,0.84
2019-08-23,2019,B,1,510,"(0.179, 0.247)",9.301607142857142,12.835178571428571,51.964285714285715,3.25,EOD,569,ESU9,0.84
2019-08-27,2019,B,-1,320,"(0.8, 1.5)",40.142857142857146,75.26785714285714,50.17857142857143,-15.75,EOD,569,ESU9,0.84
2019-08-27,2019,B,-1,320,"(0.8, 1.75)",40.142857142857146,87.8125,50.17857142857143,-15.75,EOD,569,ESU9,0.84
2019-08-27,2019,B,-1,320,"(0.8, 2.0)",40.142857142857146,100.35714285714286,50.17857142857143,-15.75,EOD,569,ESU9,0.84
2019-08-27,2019,B,-1,320,"(1.0, 1.5)",50.17857142857143,75.26785714285714,50.17857142857143,-15.75,EOD,569,ESU9,0.84
2019-08-27,2019,B,-1,320,"(1.0, 1.75)",50.17857142857143,87.8125,50.17857142857143,-15.75,EOD,569,ESU9,0.84
2019-08-27,2019,B,-1,320,"(1.0, 2.0)",50.17857142857143,100.35714285714286,50.17857142857143,-15.75,EOD,569,ESU9,0.84
2019-08-27,2019,B,-1,320,"(1.2, 1.5)",60.214285714285715,75.26785714285714,50.17857142857143,-15.75,EOD,569,ESU9,0.84
2019-08-27,2019,B,-1,320,"(1.2, 1.75)",60.214285714285715,87.8125,50.17857142857143,-15.75,EOD,569,ESU9,0.84
2019-08-27,2019,B,-1,320,"(1.2, 2.0)",60.214285714285715,100.35714285714286,50.17857142857143,-15.75,EOD,569,ESU9,0.84
2019-08-27,2019,B,-1,320,"(0.179, 0.247)",8.981964285714286,12.394107142857143,50.17857142857143,-8.981964285714184,SL,428,ESU9,0.84
2019-08-28,2019,B,1,455,"(0.8, 1.5)",38.5,72.1875,48.125,0.25,EOD,569,ESU9,0.84
2019-08-28,2019,B,1,455,"(0.8, 1.75)",38.5,84.21875,48.125,0.25,EOD,569,ESU9,0.84
2019-08-28,2019,B,1,455,"(0.8, 2.0)",38.5,96.25,48.125,0.25,EOD,569,ESU9,0.84
2019-08-28,2019,B,1,455,"(1.0, 1.5)",48.125,72.1875,48.125,0.25,EOD,569,ESU9,0.84
2019-08-28,2019,B,1,455,"(1.0, 1.75)",48.125,84.21875,48.125,0.25,EOD,569,ESU9,0.84
2019-08-28,2019,B,1,455,"(1.0, 2.0)",48.125,96.25,48.125,0.25,EOD,569,ESU9,0.84
2019-08-28,2019,B,1,455,"(1.2, 1.5)",57.75,72.1875,48.125,0.25,EOD,569,ESU9,0.84
2019-08-28,2019,B,1,455,"(1.2, 1.75)",57.75,84.21875,48.125,0.25,EOD,569,ESU9,0.84
2019-08-28,2019,B,1,455,"(1.2, 2.0)",57.75,96.25,48.125,0.25,EOD,569,ESU9,0.84
2019-08-28,2019,B,1,455,"(0.179, 0.247)",8.614374999999999,11.886875,48.125,0.25,EOD,569,ESU9,0.84
2019-09-06,2019,B,-1,500,"(0.8, 1.5)",31.114285714285717,58.33928571428572,38.892857142857146,5.0,EOD,569,ESU9,0.84
2019-09-06,2019,B,-1,500,"(0.8, 1.75)",31.114285714285717,68.0625,38.892857142857146,5.0,EOD,569,ESU9,0.84
2019-09-06,2019,B,-1,500,"(0.8, 2.0)",31.114285714285717,77.78571428571429,38.892857142857146,5.0,EOD,569,ESU9,0.84
2019-09-06,2019,B,-1,500,"(1.0, 1.5)",38.892857142857146,58.33928571428572,38.892857142857146,5.0,EOD,569,ESU9,0.84
2019-09-06,2019,B,-1,500,"(1.0, 1.75)",38.892857142857146,68.0625,38.892857142857146,5.0,EOD,569,ESU9,0.84
2019-09-06,2019,B,-1,500,"(1.0, 2.0)",38.892857142857146,77.78571428571429,38.892857142857146,5.0,EOD,569,ESU9,0.84
2019-09-06,2019,B,-1,500,"(1.2, 1.5)",46.67142857142857,58.33928571428572,38.892857142857146,5.0,EOD,569,ESU9,0.84
2019-09-06,2019,B,-1,500,"(1.2, 1.75)",46.67142857142857,68.0625,38.892857142857146,5.0,EOD,569,ESU9,0.84
2019-09-06,2019,B,-1,500,"(1.2, 2.0)",46.67142857142857,77.78571428571429,38.892857142857146,5.0,EOD,569,ESU9,0.84
2019-09-06,2019,B,-1,500,"(0.179, 0.247)",6.961821428571429,9.606535714285714,38.892857142857146,5.0,EOD,569,ESU9,0.84
2019-09-11,2019,B,-1,455,"(0.8, 1.5)",28.92857142857143,54.24107142857143,36.160714285714285,-3.0,EOD,569,ESU9,0.84
2019-09-11,2019,B,-1,455,"(0.8, 1.75)",28.92857142857143,63.28125,36.160714285714285,-3.0,EOD,569,ESU9,0.84
2019-09-11,2019,B,-1,455,"(0.8, 2.0)",28.92857142857143,72.32142857142857,36.160714285714285,-3.0,EOD,569,ESU9,0.84
2019-09-11,2019,B,-1,455,"(1.0, 1.5)",36.160714285714285,54.24107142857143,36.160714285714285,-3.0,EOD,569,ESU9,0.84
2019-09-11,2019,B,-1,455,"(1.0, 1.75)",36.160714285714285,63.28125,36.160714285714285,-3.0,EOD,569,ESU9,0.84
2019-09-11,2019,B,-1,455,"(1.0, 2.0)",36.160714285714285,72.32142857142857,36.160714285714285,-3.0,EOD,569,ESU9,0.84
2019-09-11,2019,B,-1,455,"(1.2, 1.5)",43.39285714285714,54.24107142857143,36.160714285714285,-3.0,EOD,569,ESU9,0.84
2019-09-11,2019,B,-1,455,"(1.2, 1.75)",43.39285714285714,63.28125,36.160714285714285,-3.0,EOD,569,ESU9,0.84
2019-09-11,2019,B,-1,455,"(1.2, 2.0)",43.39285714285714,72.32142857142857,36.160714285714285,-3.0,EOD,569,ESU9,0.84
2019-09-11,2019,B,-1,455,"(0.179, 0.247)",6.472767857142856,8.931696428571428,36.160714285714285,-3.0,EOD,569,ESU9,0.84
2019-09-23,2019,B,1,560,"(0.8, 1.5)",19.15714285714286,35.91964285714286,23.946428571428573,0.5,EOD,569,ESZ9,0.84
2019-09-23,2019,B,1,560,"(0.8, 1.75)",19.15714285714286,41.90625,23.946428571428573,0.5,EOD,569,ESZ9,0.84
2019-09-23,2019,B,1,560,"(0.8, 2.0)",19.15714285714286,47.892857142857146,23.946428571428573,0.5,EOD,569,ESZ9,0.84
2019-09-23,2019,B,1,560,"(1.0, 1.5)",23.946428571428573,35.91964285714286,23.946428571428573,0.5,EOD,569,ESZ9,0.84
2019-09-23,2019,B,1,560,"(1.0, 1.75)",23.946428571428573,41.90625,23.946428571428573,0.5,EOD,569,ESZ9,0.84
2019-09-23,2019,B,1,560,"(1.0, 2.0)",23.946428571428573,47.892857142857146,23.946428571428573,0.5,EOD,569,ESZ9,0.84
2019-09-23,2019,B,1,560,"(1.2, 1.5)",28.735714285714288,35.91964285714286,23.946428571428573,0.5,EOD,569,ESZ9,0.84
2019-09-23,2019,B,1,560,"(1.2, 1.75)",28.735714285714288,41.90625,23.946428571428573,0.5,EOD,569,ESZ9,0.84
2019-09-23,2019,B,1,560,"(1.2, 2.0)",28.735714285714288,47.892857142857146,23.946428571428573,0.5,EOD,569,ESZ9,0.84
2019-09-23,2019,B,1,560,"(0.179, 0.247)",4.286410714285714,5.9147678571428575,23.946428571428573,0.5,EOD,569,ESZ9,0.84
2019-09-25,2019,B,1,325,"(0.8, 1.5)",19.82857142857143,37.17857142857143,24.785714285714285,10.75,EOD,569,ESZ9,0.84
2019-09-25,2019,B,1,325,"(0.8, 1.75)",19.82857142857143,43.375,24.785714285714285,10.75,EOD,569,ESZ9,0.84
2019-09-25,2019,B,1,325,"(0.8, 2.0)",19.82857142857143,49.57142857142857,24.785714285714285,10.75,EOD,569,ESZ9,0.84
2019-09-25,2019,B,1,325,"(1.0, 1.5)",24.785714285714285,37.17857142857143,24.785714285714285,10.75,EOD,569,ESZ9,0.84
2019-09-25,2019,B,1,325,"(1.0, 1.75)",24.785714285714285,43.375,24.785714285714285,10.75,EOD,569,ESZ9,0.84
2019-09-25,2019,B,1,325,"(1.0, 2.0)",24.785714285714285,49.57142857142857,24.785714285714285,10.75,EOD,569,ESZ9,0.84
2019-09-25,2019,B,1,325,"(1.2, 1.5)",29.74285714285714,37.17857142857143,24.785714285714285,10.75,EOD,569,ESZ9,0.84
2019-09-25,2019,B,1,325,"(1.2, 1.75)",29.74285714285714,43.375,24.785714285714285,10.75,EOD,569,ESZ9,0.84
2019-09-25,2019,B,1,325,"(1.2, 2.0)",29.74285714285714,49.57142857142857,24.785714285714285,10.75,EOD,569,ESZ9,0.84
2019-09-25,2019,B,1,325,"(0.179, 0.247)",4.436642857142857,6.122071428571428,24.785714285714285,6.122071428571417,TP,366,ESZ9,0.84
2019-09-27,2019,B,-1,500,"(0.8, 1.5)",19.85714285714286,37.23214285714286,24.821428571428573,-0.5,EOD,569,ESZ9,0.84
2019-09-27,2019,B,-1,500,"(0.8, 1.75)",19.85714285714286,43.4375,24.821428571428573,-0.5,EOD,569,ESZ9,0.84
2019-09-27,2019,B,-1,500,"(0.8, 2.0)",19.85714285714286,49.642857142857146,24.821428571428573,-0.5,EOD,569,ESZ9,0.84
2019-09-27,2019,B,-1,500,"(1.0, 1.5)",24.821428571428573,37.23214285714286,24.821428571428573,-0.5,EOD,569,ESZ9,0.84
2019-09-27,2019,B,-1,500,"(1.0, 1.75)",24.821428571428573,43.4375,24.821428571428573,-0.5,EOD,569,ESZ9,0.84
2019-09-27,2019,B,-1,500,"(1.0, 2.0)",24.821428571428573,49.642857142857146,24.821428571428573,-0.5,EOD,569,ESZ9,0.84
2019-09-27,2019,B,-1,500,"(1.2, 1.5)",29.785714285714285,37.23214285714286,24.821428571428573,-0.5,EOD,569,ESZ9,0.84
2019-09-27,2019,B,-1,500,"(1.2, 1.75)",29.785714285714285,43.4375,24.821428571428573,-0.5,EOD,569,ESZ9,0.84
2019-09-27,2019,B,-1,500,"(1.2, 2.0)",29.785714285714285,49.642857142857146,24.821428571428573,-0.5,EOD,569,ESZ9,0.84
2019-09-27,2019,B,-1,500,"(0.179, 0.247)",4.443035714285714,6.130892857142857,24.821428571428573,-0.5,EOD,569,ESZ9,0.84
2019-10-09,2019,B,-1,350,"(0.8, 1.5)",30.914285714285718,57.96428571428572,38.642857142857146,5.25,EOD,569,ESZ9,0.84
2019-10-09,2019,B,-1,350,"(0.8, 1.75)",30.914285714285718,67.625,38.642857142857146,5.25,EOD,569,ESZ9,0.84
2019-10-09,2019,B,-1,350,"(0.8, 2.0)",30.914285714285718,77.28571428571429,38.642857142857146,5.25,EOD,569,ESZ9,0.84
2019-10-09,2019,B,-1,350,"(1.0, 1.5)",38.642857142857146,57.96428571428572,38.642857142857146,5.25,EOD,569,ESZ9,0.84
2019-10-09,2019,B,-1,350,"(1.0, 1.75)",38.642857142857146,67.625,38.642857142857146,5.25,EOD,569,ESZ9,0.84
2019-10-09,2019,B,-1,350,"(1.0, 2.0)",38.642857142857146,77.28571428571429,38.642857142857146,5.25,EOD,569,ESZ9,0.84
2019-10-09,2019,B,-1,350,"(1.2, 1.5)",46.371428571428574,57.96428571428572,38.642857142857146,5.25,EOD,569,ESZ9,0.84
2019-10-09,2019,B,-1,350,"(1.2, 1.75)",46.371428571428574,67.625,38.642857142857146,5.25,EOD,569,ESZ9,0.84
2019-10-09,2019,B,-1,350,"(1.2, 2.0)",46.371428571428574,77.28571428571429,38.642857142857146,5.25,EOD,569,ESZ9,0.84
2019-10-09,2019,B,-1,350,"(0.179, 0.247)",6.917071428571429,9.544785714285714,38.642857142857146,5.25,EOD,569,ESZ9,0.84
2019-10-22,2019,B,-1,425,"(0.8, 1.5)",27.885714285714286,52.28571428571428,34.857142857142854,-3.75,EOD,569,ESZ9,0.84
2019-10-22,2019,B,-1,425,"(0.8, 1.75)",27.885714285714286,60.99999999999999,34.857142857142854,-3.75,EOD,569,ESZ9,0.84
2019-10-22,2019,B,-1,425,"(0.8, 2.0)",27.885714285714286,69.71428571428571,34.857142857142854,-3.75,EOD,569,ESZ9,0.84
2019-10-22,2019,B,-1,425,"(1.0, 1.5)",34.857142857142854,52.28571428571428,34.857142857142854,-3.75,EOD,569,ESZ9,0.84
2019-10-22,2019,B,-1,425,"(1.0, 1.75)",34.857142857142854,60.99999999999999,34.857142857142854,-3.75,EOD,569,ESZ9,0.84
2019-10-22,2019,B,-1,425,"(1.0, 2.0)",34.857142857142854,69.71428571428571,34.857142857142854,-3.75,EOD,569,ESZ9,0.84
2019-10-22,2019,B,-1,425,"(1.2, 1.5)",41.82857142857142,52.28571428571428,34.857142857142854,-3.75,EOD,569,ESZ9,0.84
2019-10-22,2019,B,-1,425,"(1.2, 1.75)",41.82857142857142,60.99999999999999,34.857142857142854,-3.75,EOD,569,ESZ9,0.84
2019-10-22,2019,B,-1,425,"(1.2, 2.0)",41.82857142857142,69.71428571428571,34.857142857142854,-3.75,EOD,569,ESZ9,0.84
2019-10-22,2019,B,-1,425,"(0.179, 0.247)",6.23942857142857,8.609714285714285,34.857142857142854,-3.75,EOD,569,ESZ9,0.84
2019-10-23,2019,B,1,370,"(0.8, 1.5)",25.214285714285715,47.276785714285715,31.517857142857142,-2.25,EOD,569,ESZ9,0.84
2019-10-23,2019,B,1,370,"(0.8, 1.75)",25.214285714285715,55.15625,31.517857142857142,-2.25,EOD,569,ESZ9,0.84
2019-10-23,2019,B,1,370,"(0.8, 2.0)",25.214285714285715,63.035714285714285,31.517857142857142,-2.25,EOD,569,ESZ9,0.84
2019-10-23,2019,B,1,370,"(1.0, 1.5)",31.517857142857142,47.276785714285715,31.517857142857142,-2.25,EOD,569,ESZ9,0.84
2019-10-23,2019,B,1,370,"(1.0, 1.75)",31.517857142857142,55.15625,31.517857142857142,-2.25,EOD,569,ESZ9,0.84
2019-10-23,2019,B,1,370,"(1.0, 2.0)",31.517857142857142,63.035714285714285,31.517857142857142,-2.25,EOD,569,ESZ9,0.84
2019-10-23,2019,B,1,370,"(1.2, 1.5)",37.82142857142857,47.276785714285715,31.517857142857142,-2.25,EOD,569,ESZ9,0.84
2019-10-23,2019,B,1,370,"(1.2, 1.75)",37.82142857142857,55.15625,31.517857142857142,-2.25,EOD,569,ESZ9,0.84
2019-10-23,2019,B,1,370,"(1.2, 2.0)",37.82142857142857,63.035714285714285,31.517857142857142,-2.25,EOD,569,ESZ9,0.84
2019-10-23,2019,B,1,370,"(0.179, 0.247)",5.641696428571429,7.784910714285714,31.517857142857142,-5.641696428571322,SL,409,ESZ9,0.84
2019-10-28,2019,B,-1,370,"(0.8, 1.5)",21.371428571428574,40.07142857142857,26.714285714285715,-7.25,EOD,569,ESZ9,0.84
2019-10-28,2019,B,-1,370,"(0.8, 1.75)",21.371428571428574,46.75,26.714285714285715,-7.25,EOD,569,ESZ9,0.84
2019-10-28,2019,B,-1,370,"(0.8, 2.0)",21.371428571428574,53.42857142857143,26.714285714285715,-7.25,EOD,569,ESZ9,0.84
2019-10-28,2019,B,-1,370,"(1.0, 1.5)",26.714285714285715,40.07142857142857,26.714285714285715,-7.25,EOD,569,ESZ9,0.84
2019-10-28,2019,B,-1,370,"(1.0, 1.75)",26.714285714285715,46.75,26.714285714285715,-7.25,EOD,569,ESZ9,0.84
2019-10-28,2019,B,-1,370,"(1.0, 2.0)",26.714285714285715,53.42857142857143,26.714285714285715,-7.25,EOD,569,ESZ9,0.84
2019-10-28,2019,B,-1,370,"(1.2, 1.5)",32.05714285714286,40.07142857142857,26.714285714285715,-7.25,EOD,569,ESZ9,0.84
2019-10-28,2019,B,-1,370,"(1.2, 1.75)",32.05714285714286,46.75,26.714285714285715,-7.25,EOD,569,ESZ9,0.84
2019-10-28,2019,B,-1,370,"(1.2, 2.0)",32.05714285714286,53.42857142857143,26.714285714285715,-7.25,EOD,569,ESZ9,0.84
2019-10-28,2019,B,-1,370,"(0.179, 0.247)",4.781857142857143,6.598428571428571,26.714285714285715,-4.781857142857007,SL,527,ESZ9,0.84
2019-10-29,2019,B,1,335,"(0.8, 1.5)",19.92857142857143,37.36607142857143,24.910714285714285,-0.75,EOD,569,ESZ9,0.84
2019-10-29,2019,B,1,335,"(0.8, 1.75)",19.92857142857143,43.59375,24.910714285714285,-0.75,EOD,569,ESZ9,0.84
2019-10-29,2019,B,1,335,"(0.8, 2.0)",19.92857142857143,49.82142857142857,24.910714285714285,-0.75,EOD,569,ESZ9,0.84
2019-10-29,2019,B,1,335,"(1.0, 1.5)",24.910714285714285,37.36607142857143,24.910714285714285,-0.75,EOD,569,ESZ9,0.84
2019-10-29,2019,B,1,335,"(1.0, 1.75)",24.910714285714285,43.59375,24.910714285714285,-0.75,EOD,569,ESZ9,0.84
2019-10-29,2019,B,1,335,"(1.0, 2.0)",24.910714285714285,49.82142857142857,24.910714285714285,-0.75,EOD,569,ESZ9,0.84
2019-10-29,2019,B,1,335,"(1.2, 1.5)",29.89285714285714,37.36607142857143,24.910714285714285,-0.75,EOD,569,ESZ9,0.84
2019-10-29,2019,B,1,335,"(1.2, 1.75)",29.89285714285714,43.59375,24.910714285714285,-0.75,EOD,569,ESZ9,0.84
2019-10-29,2019,B,1,335,"(1.2, 2.0)",29.89285714285714,49.82142857142857,24.910714285714285,-0.75,EOD,569,ESZ9,0.84
2019-10-29,2019,B,1,335,"(0.179, 0.247)",4.4590178571428565,6.152946428571428,24.910714285714285,-4.459017857142953,SL,482,ESZ9,0.84
2019-11-05,2019,B,-1,530,"(0.8, 1.5)",16.371428571428574,30.696428571428573,20.464285714285715,3.75,EOD,569,ESZ9,0.84
2019-11-05,2019,B,-1,530,"(0.8, 1.75)",16.371428571428574,35.8125,20.464285714285715,3.75,EOD,569,ESZ9,0.84
2019-11-05,2019,B,-1,530,"(0.8, 2.0)",16.371428571428574,40.92857142857143,20.464285714285715,3.75,EOD,569,ESZ9,0.84
2019-11-05,2019,B,-1,530,"(1.0, 1.5)",20.464285714285715,30.696428571428573,20.464285714285715,3.75,EOD,569,ESZ9,0.84
2019-11-05,2019,B,-1,530,"(1.0, 1.75)",20.464285714285715,35.8125,20.464285714285715,3.75,EOD,569,ESZ9,0.84
2019-11-05,2019,B,-1,530,"(1.0, 2.0)",20.464285714285715,40.92857142857143,20.464285714285715,3.75,EOD,569,ESZ9,0.84
2019-11-05,2019,B,-1,530,"(1.2, 1.5)",24.557142857142857,30.696428571428573,20.464285714285715,3.75,EOD,569,ESZ9,0.84
2019-11-05,2019,B,-1,530,"(1.2, 1.75)",24.557142857142857,35.8125,20.464285714285715,3.75,EOD,569,ESZ9,0.84
2019-11-05,2019,B,-1,530,"(1.2, 2.0)",24.557142857142857,40.92857142857143,20.464285714285715,3.75,EOD,569,ESZ9,0.84
2019-11-05,2019,B,-1,530,"(0.179, 0.247)",3.6631071428571427,5.054678571428572,20.464285714285715,5.054678571428667,TP,569,ESZ9,0.84
2019-11-06,2019,B,1,305,"(0.8, 1.5)",16.34285714285714,30.64285714285714,20.428571428571427,3.0,EOD,569,ESZ9,0.84
2019-11-06,2019,B,1,305,"(0.8, 1.75)",16.34285714285714,35.75,20.428571428571427,3.0,EOD,569,ESZ9,0.84
2019-11-06,2019,B,1,305,"(0.8, 2.0)",16.34285714285714,40.857142857142854,20.428571428571427,3.0,EOD,569,ESZ9,0.84
2019-11-06,2019,B,1,305,"(1.0, 1.5)",20.428571428571427,30.64285714285714,20.428571428571427,3.0,EOD,569,ESZ9,0.84
2019-11-06,2019,B,1,305,"(1.0, 1.75)",20.428571428571427,35.75,20.428571428571427,3.0,EOD,569,ESZ9,0.84
2019-11-06,2019,B,1,305,"(1.0, 2.0)",20.428571428571427,40.857142857142854,20.428571428571427,3.0,EOD,569,ESZ9,0.84
2019-11-06,2019,B,1,305,"(1.2, 1.5)",24.514285714285712,30.64285714285714,20.428571428571427,3.0,EOD,569,ESZ9,0.84
2019-11-06,2019,B,1,305,"(1.2, 1.75)",24.514285714285712,35.75,20.428571428571427,3.0,EOD,569,ESZ9,0.84
2019-11-06,2019,B,1,305,"(1.2, 2.0)",24.514285714285712,40.857142857142854,20.428571428571427,3.0,EOD,569,ESZ9,0.84
2019-11-06,2019,B,1,305,"(0.179, 0.247)",3.656714285714285,5.045857142857143,20.428571428571427,5.04585714285713,TP,441,ESZ9,0.84
2019-11-12,2019,B,-1,525,"(0.8, 1.5)",15.785714285714286,29.598214285714285,19.732142857142858,-2.5,EOD,569,ESZ9,0.84
2019-11-12,2019,B,-1,525,"(0.8, 1.75)",15.785714285714286,34.53125,19.732142857142858,-2.5,EOD,569,ESZ9,0.84
2019-11-12,2019,B,-1,525,"(0.8, 2.0)",15.785714285714286,39.464285714285715,19.732142857142858,-2.5,EOD,569,ESZ9,0.84
2019-11-12,2019,B,-1,525,"(1.0, 1.5)",19.732142857142858,29.598214285714285,19.732142857142858,-2.5,EOD,569,ESZ9,0.84
2019-11-12,2019,B,-1,525,"(1.0, 1.75)",19.732142857142858,34.53125,19.732142857142858,-2.5,EOD,569,ESZ9,0.84
2019-11-12,2019,B,-1,525,"(1.0, 2.0)",19.732142857142858,39.464285714285715,19.732142857142858,-2.5,EOD,569,ESZ9,0.84
2019-11-12,2019,B,-1,525,"(1.2, 1.5)",23.678571428571427,29.598214285714285,19.732142857142858,-2.5,EOD,569,ESZ9,0.84
2019-11-12,2019,B,-1,525,"(1.2, 1.75)",23.678571428571427,34.53125,19.732142857142858,-2.5,EOD,569,ESZ9,0.84
2019-11-12,2019,B,-1,525,"(1.2, 2.0)",23.678571428571427,39.464285714285715,19.732142857142858,-2.5,EOD,569,ESZ9,0.84
2019-11-12,2019,B,-1,525,"(0.179, 0.247)",3.5320535714285715,4.873839285714285,19.732142857142858,-2.5,EOD,569,ESZ9,0.84
2019-11-13,2019,B,1,535,"(0.8, 1.5)",16.02857142857143,30.053571428571427,20.035714285714285,-2.75,EOD,569,ESZ9,0.84
2019-11-13,2019,B,1,535,"(0.8, 1.75)",16.02857142857143,35.0625,20.035714285714285,-2.75,EOD,569,ESZ9,0.84
2019-11-13,2019,B,1,535,"(0.8, 2.0)",16.02857142857143,40.07142857142857,20.035714285714285,-2.75,EOD,569,ESZ9,0.84
2019-11-13,2019,B,1,535,"(1.0, 1.5)",20.035714285714285,30.053571428571427,20.035714285714285,-2.75,EOD,569,ESZ9,0.84
2019-11-13,2019,B,1,535,"(1.0, 1.75)",20.035714285714285,35.0625,20.035714285714285,-2.75,EOD,569,ESZ9,0.84
2019-11-13,2019,B,1,535,"(1.0, 2.0)",20.035714285714285,40.07142857142857,20.035714285714285,-2.75,EOD,569,ESZ9,0.84
2019-11-13,2019,B,1,535,"(1.2, 1.5)",24.04285714285714,30.053571428571427,20.035714285714285,-2.75,EOD,569,ESZ9,0.84
2019-11-13,2019,B,1,535,"(1.2, 1.75)",24.04285714285714,35.0625,20.035714285714285,-2.75,EOD,569,ESZ9,0.84
2019-11-13,2019,B,1,535,"(1.2, 2.0)",24.04285714285714,40.07142857142857,20.035714285714285,-2.75,EOD,569,ESZ9,0.84
2019-11-13,2019,B,1,535,"(0.179, 0.247)",3.5863928571428567,4.948821428571429,20.035714285714285,-2.75,EOD,569,ESZ9,0.84
2019-11-22,2019,B,-1,425,"(0.8, 1.5)",14.5,27.1875,18.125,-0.75,EOD,569,ESZ9,0.84
2019-11-22,2019,B,-1,425,"(0.8, 1.75)",14.5,31.71875,18.125,-0.75,EOD,569,ESZ9,0.84
2019-11-22,2019,B,-1,425,"(0.8, 2.0)",14.5,36.25,18.125,-0.75,EOD,569,ESZ9,0.84
2019-11-22,2019,B,-1,425,"(1.0, 1.5)",18.125,27.1875,18.125,-0.75,EOD,569,ESZ9,0.84
2019-11-22,2019,B,-1,425,"(1.0, 1.75)",18.125,31.71875,18.125,-0.75,EOD,569,ESZ9,0.84
2019-11-22,2019,B,-1,425,"(1.0, 2.0)",18.125,36.25,18.125,-0.75,EOD,569,ESZ9,0.84
2019-11-22,2019,B,-1,425,"(1.2, 1.5)",21.75,27.1875,18.125,-0.75,EOD,569,ESZ9,0.84
2019-11-22,2019,B,-1,425,"(1.2, 1.75)",21.75,31.71875,18.125,-0.75,EOD,569,ESZ9,0.84
2019-11-22,2019,B,-1,425,"(1.2, 2.0)",21.75,36.25,18.125,-0.75,EOD,569,ESZ9,0.84
2019-11-22,2019,B,-1,425,"(0.179, 0.247)",3.244375,4.476875,18.125,-0.75,EOD,569,ESZ9,0.84
2019-11-26,2019,B,-1,510,"(0.8, 1.5)",14.914285714285715,27.964285714285715,18.642857142857142,-0.5,EOD,569,ESZ9,0.84
2019-11-26,2019,B,-1,510,"(0.8, 1.75)",14.914285714285715,32.625,18.642857142857142,-0.5,EOD,569,ESZ9,0.84
2019-11-26,2019,B,-1,510,"(0.8, 2.0)",14.914285714285715,37.285714285714285,18.642857142857142,-0.5,EOD,569,ESZ9,0.84
2019-11-26,2019,B,-1,510,"(1.0, 1.5)",18.642857142857142,27.964285714285715,18.642857142857142,-0.5,EOD,569,ESZ9,0.84
2019-11-26,2019,B,-1,510,"(1.0, 1.75)",18.642857142857142,32.625,18.642857142857142,-0.5,EOD,569,ESZ9,0.84
2019-11-26,2019,B,-1,510,"(1.0, 2.0)",18.642857142857142,37.285714285714285,18.642857142857142,-0.5,EOD,569,ESZ9,0.84
2019-11-26,2019,B,-1,510,"(1.2, 1.5)",22.37142857142857,27.964285714285715,18.642857142857142,-0.5,EOD,569,ESZ9,0.84
2019-11-26,2019,B,-1,510,"(1.2, 1.75)",22.37142857142857,32.625,18.642857142857142,-0.5,EOD,569,ESZ9,0.84
2019-11-26,2019,B,-1,510,"(1.2, 2.0)",22.37142857142857,37.285714285714285,18.642857142857142,-0.5,EOD,569,ESZ9,0.84
2019-11-26,2019,B,-1,510,"(0.179, 0.247)",3.3370714285714285,4.604785714285714,18.642857142857142,-0.5,EOD,569,ESZ9,0.84
2019-12-05,2019,B,-1,520,"(0.8, 1.5)",16.15714285714286,30.29464285714286,20.196428571428573,-1.5,EOD,569,ESZ9,0.84
2019-12-05,2019,B,-1,520,"(0.8, 1.75)",16.15714285714286,35.34375,20.196428571428573,-1.5,EOD,569,ESZ9,0.84
2019-12-05,2019,B,-1,520,"(0.8, 2.0)",16.15714285714286,40.392857142857146,20.196428571428573,-1.5,EOD,569,ESZ9,0.84
2019-12-05,2019,B,-1,520,"(1.0, 1.5)",20.196428571428573,30.29464285714286,20.196428571428573,-1.5,EOD,569,ESZ9,0.84
2019-12-05,2019,B,-1,520,"(1.0, 1.75)",20.196428571428573,35.34375,20.196428571428573,-1.5,EOD,569,ESZ9,0.84
2019-12-05,2019,B,-1,520,"(1.0, 2.0)",20.196428571428573,40.392857142857146,20.196428571428573,-1.5,EOD,569,ESZ9,0.84
2019-12-05,2019,B,-1,520,"(1.2, 1.5)",24.235714285714288,30.29464285714286,20.196428571428573,-1.5,EOD,569,ESZ9,0.84
2019-12-05,2019,B,-1,520,"(1.2, 1.75)",24.235714285714288,35.34375,20.196428571428573,-1.5,EOD,569,ESZ9,0.84
2019-12-05,2019,B,-1,520,"(1.2, 2.0)",24.235714285714288,40.392857142857146,20.196428571428573,-1.5,EOD,569,ESZ9,0.84
2019-12-05,2019,B,-1,520,"(0.179, 0.247)",3.6151607142857145,4.988517857142858,20.196428571428573,-1.5,EOD,569,ESZ9,0.84
2019-12-17,2019,B,-1,535,"(0.8, 1.5)",18.614285714285714,34.901785714285715,23.267857142857142,1.25,EOD,569,ESH0,0.84
2019-12-17,2019,B,-1,535,"(0.8, 1.75)",18.614285714285714,40.71875,23.267857142857142,1.25,EOD,569,ESH0,0.84
2019-12-17,2019,B,-1,535,"(0.8, 2.0)",18.614285714285714,46.535714285714285,23.267857142857142,1.25,EOD,569,ESH0,0.84
2019-12-17,2019,B,-1,535,"(1.0, 1.5)",23.267857142857142,34.901785714285715,23.267857142857142,1.25,EOD,569,ESH0,0.84
2019-12-17,2019,B,-1,535,"(1.0, 1.75)",23.267857142857142,40.71875,23.267857142857142,1.25,EOD,569,ESH0,0.84
2019-12-17,2019,B,-1,535,"(1.0, 2.0)",23.267857142857142,46.535714285714285,23.267857142857142,1.25,EOD,569,ESH0,0.84
2019-12-17,2019,B,-1,535,"(1.2, 1.5)",27.92142857142857,34.901785714285715,23.267857142857142,1.25,EOD,569,ESH0,0.84
2019-12-17,2019,B,-1,535,"(1.2, 1.75)",27.92142857142857,40.71875,23.267857142857142,1.25,EOD,569,ESH0,0.84
2019-12-17,2019,B,-1,535,"(1.2, 2.0)",27.92142857142857,46.535714285714285,23.267857142857142,1.25,EOD,569,ESH0,0.84
2019-12-17,2019,B,-1,535,"(0.179, 0.247)",4.164946428571429,5.747160714285714,23.267857142857142,1.25,EOD,569,ESH0,0.84
2019-12-18,2019,B,1,440,"(0.8, 1.5)",18.314285714285713,34.339285714285715,22.892857142857142,5.0,EOD,569,ESH0,0.84
2019-12-18,2019,B,1,440,"(0.8, 1.75)",18.314285714285713,40.0625,22.892857142857142,5.0,EOD,569,ESH0,0.84
2019-12-18,2019,B,1,440,"(0.8, 2.0)",18.314285714285713,45.785714285714285,22.892857142857142,5.0,EOD,569,ESH0,0.84
2019-12-18,2019,B,1,440,"(1.0, 1.5)",22.892857142857142,34.339285714285715,22.892857142857142,5.0,EOD,569,ESH0,0.84
2019-12-18,2019,B,1,440,"(1.0, 1.75)",22.892857142857142,40.0625,22.892857142857142,5.0,EOD,569,ESH0,0.84
2019-12-18,2019,B,1,440,"(1.0, 2.0)",22.892857142857142,45.785714285714285,22.892857142857142,5.0,EOD,569,ESH0,0.84
2019-12-18,2019,B,1,440,"(1.2, 1.5)",27.47142857142857,34.339285714285715,22.892857142857142,5.0,EOD,569,ESH0,0.84
2019-12-18,2019,B,1,440,"(1.2, 1.75)",27.47142857142857,40.0625,22.892857142857142,5.0,EOD,569,ESH0,0.84
2019-12-18,2019,B,1,440,"(1.2, 2.0)",27.47142857142857,45.785714285714285,22.892857142857142,5.0,EOD,569,ESH0,0.84
2019-12-18,2019,B,1,440,"(0.179, 0.247)",4.097821428571429,5.654535714285714,22.892857142857142,5.0,EOD,569,ESH0,0.84
2019-12-19,2019,B,1,515,"(0.8, 1.5)",18.414285714285715,34.526785714285715,23.017857142857142,2.25,EOD,569,ESH0,0.84
2019-12-19,2019,B,1,515,"(0.8, 1.75)",18.414285714285715,40.28125,23.017857142857142,2.25,EOD,569,ESH0,0.84
2019-12-19,2019,B,1,515,"(0.8, 2.0)",18.414285714285715,46.035714285714285,23.017857142857142,2.25,EOD,569,ESH0,0.84
2019-12-19,2019,B,1,515,"(1.0, 1.5)",23.017857142857142,34.526785714285715,23.017857142857142,2.25,EOD,569,ESH0,0.84
2019-12-19,2019,B,1,515,"(1.0, 1.75)",23.017857142857142,40.28125,23.017857142857142,2.25,EOD,569,ESH0,0.84
2019-12-19,2019,B,1,515,"(1.0, 2.0)",23.017857142857142,46.035714285714285,23.017857142857142,2.25,EOD,569,ESH0,0.84
2019-12-19,2019,B,1,515,"(1.2, 1.5)",27.62142857142857,34.526785714285715,23.017857142857142,2.25,EOD,569,ESH0,0.84
2019-12-19,2019,B,1,515,"(1.2, 1.75)",27.62142857142857,40.28125,23.017857142857142,2.25,EOD,569,ESH0,0.84
2019-12-19,2019,B,1,515,"(1.2, 2.0)",27.62142857142857,46.035714285714285,23.017857142857142,2.25,EOD,569,ESH0,0.84
2019-12-19,2019,B,1,515,"(0.179, 0.247)",4.120196428571428,5.685410714285714,23.017857142857142,2.25,EOD,569,ESH0,0.84
2019-12-31,2019,B,1,535,"(0.8, 1.5)",14.014285714285714,26.276785714285715,17.517857142857142,-1.75,EOD,569,ESH0,0.84
2019-12-31,2019,B,1,535,"(0.8, 1.75)",14.014285714285714,30.65625,17.517857142857142,-1.75,EOD,569,ESH0,0.84
2019-12-31,2019,B,1,535,"(0.8, 2.0)",14.014285714285714,35.035714285714285,17.517857142857142,-1.75,EOD,569,ESH0,0.84
2019-12-31,2019,B,1,535,"(1.0, 1.5)",17.517857142857142,26.276785714285715,17.517857142857142,-1.75,EOD,569,ESH0,0.84
2019-12-31,2019,B,1,535,"(1.0, 1.75)",17.517857142857142,30.65625,17.517857142857142,-1.75,EOD,569,ESH0,0.84
2019-12-31,2019,B,1,535,"(1.0, 2.0)",17.517857142857142,35.035714285714285,17.517857142857142,-1.75,EOD,569,ESH0,0.84
2019-12-31,2019,B,1,535,"(1.2, 1.5)",21.02142857142857,26.276785714285715,17.517857142857142,-1.75,EOD,569,ESH0,0.84
2019-12-31,2019,B,1,535,"(1.2, 1.75)",21.02142857142857,30.65625,17.517857142857142,-1.75,EOD,569,ESH0,0.84
2019-12-31,2019,B,1,535,"(1.2, 2.0)",21.02142857142857,35.035714285714285,17.517857142857142,-1.75,EOD,569,ESH0,0.84
2019-12-31,2019,B,1,535,"(0.179, 0.247)",3.1356964285714284,4.326910714285714,17.517857142857142,-3.135696428571464,SL,568,ESH0,0.84
2020-01-08,2020,B,-1,400,"(0.8, 1.5)",14.614285714285714,27.401785714285715,18.267857142857142,4.5,EOD,569,ESH0,0.965
2020-01-08,2020,B,-1,400,"(0.8, 1.75)",14.614285714285714,31.96875,18.267857142857142,4.5,EOD,569,ESH0,0.965
2020-01-08,2020,B,-1,400,"(0.8, 2.0)",14.614285714285714,36.535714285714285,18.267857142857142,4.5,EOD,569,ESH0,0.965
2020-01-08,2020,B,-1,400,"(1.0, 1.5)",18.267857142857142,27.401785714285715,18.267857142857142,4.5,EOD,569,ESH0,0.965
2020-01-08,2020,B,-1,400,"(1.0, 1.75)",18.267857142857142,31.96875,18.267857142857142,4.5,EOD,569,ESH0,0.965
2020-01-08,2020,B,-1,400,"(1.0, 2.0)",18.267857142857142,36.535714285714285,18.267857142857142,4.5,EOD,569,ESH0,0.965
2020-01-08,2020,B,-1,400,"(1.2, 1.5)",21.92142857142857,27.401785714285715,18.267857142857142,4.5,EOD,569,ESH0,0.965
2020-01-08,2020,B,-1,400,"(1.2, 1.75)",21.92142857142857,31.96875,18.267857142857142,4.5,EOD,569,ESH0,0.965
2020-01-08,2020,B,-1,400,"(1.2, 2.0)",21.92142857142857,36.535714285714285,18.267857142857142,4.5,EOD,569,ESH0,0.965
2020-01-08,2020,B,-1,400,"(0.179, 0.247)",3.269946428571428,4.512160714285714,18.267857142857142,4.512160714285528,TP,532,ESH0,0.965
2020-01-28,2020,B,-1,440,"(0.8, 1.5)",20.271428571428572,38.00892857142857,25.339285714285715,0.25,EOD,569,ESH0,0.965
2020-01-28,2020,B,-1,440,"(0.8, 1.75)",20.271428571428572,44.34375,25.339285714285715,0.25,EOD,569,ESH0,0.965
2020-01-28,2020,B,-1,440,"(0.8, 2.0)",20.271428571428572,50.67857142857143,25.339285714285715,0.25,EOD,569,ESH0,0.965
2020-01-28,2020,B,-1,440,"(1.0, 1.5)",25.339285714285715,38.00892857142857,25.339285714285715,0.25,EOD,569,ESH0,0.965
2020-01-28,2020,B,-1,440,"(1.0, 1.75)",25.339285714285715,44.34375,25.339285714285715,0.25,EOD,569,ESH0,0.965
2020-01-28,2020,B,-1,440,"(1.0, 2.0)",25.339285714285715,50.67857142857143,25.339285714285715,0.25,EOD,569,ESH0,0.965
2020-01-28,2020,B,-1,440,"(1.2, 1.5)",30.40714285714286,38.00892857142857,25.339285714285715,0.25,EOD,569,ESH0,0.965
2020-01-28,2020,B,-1,440,"(1.2, 1.75)",30.40714285714286,44.34375,25.339285714285715,0.25,EOD,569,ESH0,0.965
2020-01-28,2020,B,-1,440,"(1.2, 2.0)",30.40714285714286,50.67857142857143,25.339285714285715,0.25,EOD,569,ESH0,0.965
2020-01-28,2020,B,-1,440,"(0.179, 0.247)",4.535732142857142,6.2588035714285715,25.339285714285715,-4.535732142857341,SL,455,ESH0,0.965
2020-02-07,2020,B,1,325,"(0.8, 1.5)",29.5,55.3125,36.875,0.0,EOD,569,ESH0,0.965
2020-02-07,2020,B,1,325,"(0.8, 1.75)",29.5,64.53125,36.875,0.0,EOD,569,ESH0,0.965
2020-02-07,2020,B,1,325,"(0.8, 2.0)",29.5,73.75,36.875,0.0,EOD,569,ESH0,0.965
2020-02-07,2020,B,1,325,"(1.0, 1.5)",36.875,55.3125,36.875,0.0,EOD,569,ESH0,0.965
2020-02-07,2020,B,1,325,"(1.0, 1.75)",36.875,64.53125,36.875,0.0,EOD,569,ESH0,0.965
2020-02-07,2020,B,1,325,"(1.0, 2.0)",36.875,73.75,36.875,0.0,EOD,569,ESH0,0.965
2020-02-07,2020,B,1,325,"(1.2, 1.5)",44.25,55.3125,36.875,0.0,EOD,569,ESH0,0.965
2020-02-07,2020,B,1,325,"(1.2, 1.75)",44.25,64.53125,36.875,0.0,EOD,569,ESH0,0.965
2020-02-07,2020,B,1,325,"(1.2, 2.0)",44.25,73.75,36.875,0.0,EOD,569,ESH0,0.965
2020-02-07,2020,B,1,325,"(0.179, 0.247)",6.600625,9.108125,36.875,9.1081250000002,TP,510,ESH0,0.965
2020-02-10,2020,B,1,495,"(0.8, 1.5)",30.400000000000002,57.0,38.0,-5.0,EOD,569,ESH0,0.965
2020-02-10,2020,B,1,495,"(0.8, 1.75)",30.400000000000002,66.5,38.0,-5.0,EOD,569,ESH0,0.965
2020-02-10,2020,B,1,495,"(0.8, 2.0)",30.400000000000002,76.0,38.0,-5.0,EOD,569,ESH0,0.965
2020-02-10,2020,B,1,495,"(1.0, 1.5)",38.0,57.0,38.0,-5.0,EOD,569,ESH0,0.965
2020-02-10,2020,B,1,495,"(1.0, 1.75)",38.0,66.5,38.0,-5.0,EOD,569,ESH0,0.965
2020-02-10,2020,B,1,495,"(1.0, 2.0)",38.0,76.0,38.0,-5.0,EOD,569,ESH0,0.965
2020-02-10,2020,B,1,495,"(1.2, 1.5)",45.6,57.0,38.0,-5.0,EOD,569,ESH0,0.965
2020-02-10,2020,B,1,495,"(1.2, 1.75)",45.6,66.5,38.0,-5.0,EOD,569,ESH0,0.965
2020-02-10,2020,B,1,495,"(1.2, 2.0)",45.6,76.0,38.0,-5.0,EOD,569,ESH0,0.965
2020-02-10,2020,B,1,495,"(0.179, 0.247)",6.802,9.386,38.0,-6.802000000000135,SL,555,ESH0,0.965
2020-02-14,2020,B,-1,465,"(0.8, 1.5)",30.32857142857143,56.86607142857143,37.910714285714285,5.75,EOD,569,ESH0,0.965
2020-02-14,2020,B,-1,465,"(0.8, 1.75)",30.32857142857143,66.34375,37.910714285714285,5.75,EOD,569,ESH0,0.965
2020-02-14,2020,B,-1,465,"(0.8, 2.0)",30.32857142857143,75.82142857142857,37.910714285714285,5.75,EOD,569,ESH0,0.965
2020-02-14,2020,B,-1,465,"(1.0, 1.5)",37.910714285714285,56.86607142857143,37.910714285714285,5.75,EOD,569,ESH0,0.965
2020-02-14,2020,B,-1,465,"(1.0, 1.75)",37.910714285714285,66.34375,37.910714285714285,5.75,EOD,569,ESH0,0.965
2020-02-14,2020,B,-1,465,"(1.0, 2.0)",37.910714285714285,75.82142857142857,37.910714285714285,5.75,EOD,569,ESH0,0.965
2020-02-14,2020,B,-1,465,"(1.2, 1.5)",45.49285714285714,56.86607142857143,37.910714285714285,5.75,EOD,569,ESH0,0.965
2020-02-14,2020,B,-1,465,"(1.2, 1.75)",45.49285714285714,66.34375,37.910714285714285,5.75,EOD,569,ESH0,0.965
2020-02-14,2020,B,-1,465,"(1.2, 2.0)",45.49285714285714,75.82142857142857,37.910714285714285,5.75,EOD,569,ESH0,0.965
2020-02-14,2020,B,-1,465,"(0.179, 0.247)",6.786017857142856,9.363946428571428,37.910714285714285,5.75,EOD,569,ESH0,0.965
2020-02-20,2020,B,1,530,"(0.8, 1.5)",25.200000000000003,47.25,31.5,1.5,EOD,569,ESH0,0.965
2020-02-20,2020,B,1,530,"(0.8, 1.75)",25.200000000000003,55.125,31.5,1.5,EOD,569,ESH0,0.965
2020-02-20,2020,B,1,530,"(0.8, 2.0)",25.200000000000003,63.0,31.5,1.5,EOD,569,ESH0,0.965
2020-02-20,2020,B,1,530,"(1.0, 1.5)",31.5,47.25,31.5,1.5,EOD,569,ESH0,0.965
2020-02-20,2020,B,1,530,"(1.0, 1.75)",31.5,55.125,31.5,1.5,EOD,569,ESH0,0.965
2020-02-20,2020,B,1,530,"(1.0, 2.0)",31.5,63.0,31.5,1.5,EOD,569,ESH0,0.965
2020-02-20,2020,B,1,530,"(1.2, 1.5)",37.8,47.25,31.5,1.5,EOD,569,ESH0,0.965
2020-02-20,2020,B,1,530,"(1.2, 1.75)",37.8,55.125,31.5,1.5,EOD,569,ESH0,0.965
2020-02-20,2020,B,1,530,"(1.2, 2.0)",37.8,63.0,31.5,1.5,EOD,569,ESH0,0.965
2020-02-20,2020,B,1,530,"(0.179, 0.247)",5.6385,7.7805,31.5,1.5,EOD,569,ESH0,0.965
2020-03-10,2020,B,-1,515,"(0.8, 1.5)",94.74285714285715,177.64285714285714,118.42857142857143,-8.0,EOD,569,ESH0,0.965
2020-03-10,2020,B,-1,515,"(0.8, 1.75)",94.74285714285715,207.25,118.42857142857143,-8.0,EOD,569,ESH0,0.965
2020-03-10,2020,B,-1,515,"(0.8, 2.0)",94.74285714285715,236.85714285714286,118.42857142857143,-8.0,EOD,569,ESH0,0.965
2020-03-10,2020,B,-1,515,"(1.0, 1.5)",118.42857142857143,177.64285714285714,118.42857142857143,-8.0,EOD,569,ESH0,0.965
2020-03-10,2020,B,-1,515,"(1.0, 1.75)",118.42857142857143,207.25,118.42857142857143,-8.0,EOD,569,ESH0,0.965
2020-03-10,2020,B,-1,515,"(1.0, 2.0)",118.42857142857143,236.85714285714286,118.42857142857143,-8.0,EOD,569,ESH0,0.965
2020-03-10,2020,B,-1,515,"(1.2, 1.5)",142.1142857142857,177.64285714285714,118.42857142857143,-8.0,EOD,569,ESH0,0.965
2020-03-10,2020,B,-1,515,"(1.2, 1.75)",142.1142857142857,207.25,118.42857142857143,-8.0,EOD,569,ESH0,0.965
2020-03-10,2020,B,-1,515,"(1.2, 2.0)",142.1142857142857,236.85714285714286,118.42857142857143,-8.0,EOD,569,ESH0,0.965
2020-03-10,2020,B,-1,515,"(0.179, 0.247)",21.198714285714285,29.251857142857144,118.42857142857143,-8.0,EOD,569,ESH0,0.965
2020-04-02,2020,B,1,565,"(0.8, 1.5)",137.95714285714288,258.6696428571429,172.44642857142858,6.5,EOD,569,ESM0,0.965
2020-04-02,2020,B,1,565,"(0.8, 1.75)",137.95714285714288,301.78125,172.44642857142858,6.5,EOD,569,ESM0,0.965
2020-04-02,2020,B,1,565,"(0.8, 2.0)",137.95714285714288,344.89285714285717,172.44642857142858,6.5,EOD,569,ESM0,0.965
2020-04-02,2020,B,1,565,"(1.0, 1.5)",172.44642857142858,258.6696428571429,172.44642857142858,6.5,EOD,569,ESM0,0.965
2020-04-02,2020,B,1,565,"(1.0, 1.75)",172.44642857142858,301.78125,172.44642857142858,6.5,EOD,569,ESM0,0.965
2020-04-02,2020,B,1,565,"(1.0, 2.0)",172.44642857142858,344.89285714285717,172.44642857142858,6.5,EOD,569,ESM0,0.965
2020-04-02,2020,B,1,565,"(1.2, 1.5)",206.93571428571428,258.6696428571429,172.44642857142858,6.5,EOD,569,ESM0,0.965
2020-04-02,2020,B,1,565,"(1.2, 1.75)",206.93571428571428,301.78125,172.44642857142858,6.5,EOD,569,ESM0,0.965
2020-04-02,2020,B,1,565,"(1.2, 2.0)",206.93571428571428,344.89285714285717,172.44642857142858,6.5,EOD,569,ESM0,0.965
2020-04-02,2020,B,1,565,"(0.179, 0.247)",30.867910714285713,42.59426785714286,172.44642857142858,6.5,EOD,569,ESM0,0.965
2020-04-03,2020,B,-1,480,"(0.8, 1.5)",129.0142857142857,241.90178571428572,161.26785714285714,19.25,EOD,569,ESM0,0.965
2020-04-03,2020,B,-1,480,"(0.8, 1.75)",129.0142857142857,282.21875,161.26785714285714,19.25,EOD,569,ESM0,0.965
2020-04-03,2020,B,-1,480,"(0.8, 2.0)",129.0142857142857,322.5357142857143,161.26785714285714,19.25,EOD,569,ESM0,0.965
2020-04-03,2020,B,-1,480,"(1.0, 1.5)",161.26785714285714,241.90178571428572,161.26785714285714,19.25,EOD,569,ESM0,0.965
2020-04-03,2020,B,-1,480,"(1.0, 1.75)",161.26785714285714,282.21875,161.26785714285714,19.25,EOD,569,ESM0,0.965
2020-04-03,2020,B,-1,480,"(1.0, 2.0)",161.26785714285714,322.5357142857143,161.26785714285714,19.25,EOD,569,ESM0,0.965
2020-04-03,2020,B,-1,480,"(1.2, 1.5)",193.52142857142857,241.90178571428572,161.26785714285714,19.25,EOD,569,ESM0,0.965
2020-04-03,2020,B,-1,480,"(1.2, 1.75)",193.52142857142857,282.21875,161.26785714285714,19.25,EOD,569,ESM0,0.965
2020-04-03,2020,B,-1,480,"(1.2, 2.0)",193.52142857142857,322.5357142857143,161.26785714285714,19.25,EOD,569,ESM0,0.965
2020-04-03,2020,B,-1,480,"(0.179, 0.247)",28.866946428571428,39.83316071428571,161.26785714285714,19.25,EOD,569,ESM0,0.965
2020-04-13,2020,B,1,410,"(0.8, 1.5)",96.5,180.9375,120.625,16.0,EOD,569,ESM0,0.965
2020-04-13,2020,B,1,410,"(0.8, 1.75)",96.5,211.09375,120.625,16.0,EOD,569,ESM0,0.965
2020-04-13,2020,B,1,410,"(0.8, 2.0)",96.5,241.25,120.625,16.0,EOD,569,ESM0,0.965
2020-04-13,2020,B,1,410,"(1.0, 1.5)",120.625,180.9375,120.625,16.0,EOD,569,ESM0,0.965
2020-04-13,2020,B,1,410,"(1.0, 1.75)",120.625,211.09375,120.625,16.0,EOD,569,ESM0,0.965
2020-04-13,2020,B,1,410,"(1.0, 2.0)",120.625,241.25,120.625,16.0,EOD,569,ESM0,0.965
2020-04-13,2020,B,1,410,"(1.2, 1.5)",144.75,180.9375,120.625,16.0,EOD,569,ESM0,0.965
2020-04-13,2020,B,1,410,"(1.2, 1.75)",144.75,211.09375,120.625,16.0,EOD,569,ESM0,0.965
2020-04-13,2020,B,1,410,"(1.2, 2.0)",144.75,241.25,120.625,16.0,EOD,569,ESM0,0.965
2020-04-13,2020,B,1,410,"(0.179, 0.247)",21.591874999999998,29.794375,120.625,16.0,EOD,569,ESM0,0.965
2020-04-16,2020,B,-1,520,"(0.8, 1.5)",82.11428571428571,153.96428571428572,102.64285714285714,0.5,EOD,569,ESM0,0.965
2020-04-16,2020,B,-1,520,"(0.8, 1.75)",82.11428571428571,179.625,102.64285714285714,0.5,EOD,569,ESM0,0.965
2020-04-16,2020,B,-1,520,"(0.8, 2.0)",82.11428571428571,205.28571428571428,102.64285714285714,0.5,EOD,569,ESM0,0.965
2020-04-16,2020,B,-1,520,"(1.0, 1.5)",102.64285714285714,153.96428571428572,102.64285714285714,0.5,EOD,569,ESM0,0.965
2020-04-16,2020,B,-1,520,"(1.0, 1.75)",102.64285714285714,179.625,102.64285714285714,0.5,EOD,569,ESM0,0.965
2020-04-16,2020,B,-1,520,"(1.0, 2.0)",102.64285714285714,205.28571428571428,102.64285714285714,0.5,EOD,569,ESM0,0.965
2020-04-16,2020,B,-1,520,"(1.2, 1.5)",123.17142857142856,153.96428571428572,102.64285714285714,0.5,EOD,569,ESM0,0.965
2020-04-16,2020,B,-1,520,"(1.2, 1.75)",123.17142857142856,179.625,102.64285714285714,0.5,EOD,569,ESM0,0.965
2020-04-16,2020,B,-1,520,"(1.2, 2.0)",123.17142857142856,205.28571428571428,102.64285714285714,0.5,EOD,569,ESM0,0.965
2020-04-16,2020,B,-1,520,"(0.179, 0.247)",18.37307142857143,25.352785714285712,102.64285714285714,0.5,EOD,569,ESM0,0.965
2020-04-24,2020,B,1,325,"(0.8, 1.5)",68.6857142857143,128.78571428571428,85.85714285714286,18.5,EOD,569,ESM0,0.965
2020-04-24,2020,B,1,325,"(0.8, 1.75)",68.6857142857143,150.25,85.85714285714286,18.5,EOD,569,ESM0,0.965
2020-04-24,2020,B,1,325,"(0.8, 2.0)",68.6857142857143,171.71428571428572,85.85714285714286,18.5,EOD,569,ESM0,0.965
2020-04-24,2020,B,1,325,"(1.0, 1.5)",85.85714285714286,128.78571428571428,85.85714285714286,18.5,EOD,569,ESM0,0.965
2020-04-24,2020,B,1,325,"(1.0, 1.75)",85.85714285714286,150.25,85.85714285714286,18.5,EOD,569,ESM0,0.965
2020-04-24,2020,B,1,325,"(1.0, 2.0)",85.85714285714286,171.71428571428572,85.85714285714286,18.5,EOD,569,ESM0,0.965
2020-04-24,2020,B,1,325,"(1.2, 1.5)",103.02857142857142,128.78571428571428,85.85714285714286,18.5,EOD,569,ESM0,0.965
2020-04-24,2020,B,1,325,"(1.2, 1.75)",103.02857142857142,150.25,85.85714285714286,18.5,EOD,569,ESM0,0.965
2020-04-24,2020,B,1,325,"(1.2, 2.0)",103.02857142857142,171.71428571428572,85.85714285714286,18.5,EOD,569,ESM0,0.965
2020-04-24,2020,B,1,325,"(0.179, 0.247)",15.368428571428572,21.206714285714288,85.85714285714286,21.206714285714497,TP,523,ESM0,0.965
2020-04-30,2020,B,1,550,"(0.8, 1.5)",56.228571428571435,105.42857142857144,70.28571428571429,10.75,EOD,569,ESM0,0.965
2020-04-30,2020,B,1,550,"(0.8, 1.75)",56.228571428571435,123.00000000000001,70.28571428571429,10.75,EOD,569,ESM0,0.965
2020-04-30,2020,B,1,550,"(0.8, 2.0)",56.228571428571435,140.57142857142858,70.28571428571429,10.75,EOD,569,ESM0,0.965
2020-04-30,2020,B,1,550,"(1.0, 1.5)",70.28571428571429,105.42857142857144,70.28571428571429,10.75,EOD,569,ESM0,0.965
2020-04-30,2020,B,1,550,"(1.0, 1.75)",70.28571428571429,123.00000000000001,70.28571428571429,10.75,EOD,569,ESM0,0.965
2020-04-30,2020,B,1,550,"(1.0, 2.0)",70.28571428571429,140.57142857142858,70.28571428571429,10.75,EOD,569,ESM0,0.965
2020-04-30,2020,B,1,550,"(1.2, 1.5)",84.34285714285714,105.42857142857144,70.28571428571429,10.75,EOD,569,ESM0,0.965
2020-04-30,2020,B,1,550,"(1.2, 1.75)",84.34285714285714,123.00000000000001,70.28571428571429,10.75,EOD,569,ESM0,0.965
2020-04-30,2020,B,1,550,"(1.2, 2.0)",84.34285714285714,140.57142857142858,70.28571428571429,10.75,EOD,569,ESM0,0.965
2020-04-30,2020,B,1,550,"(0.179, 0.247)",12.581142857142858,17.36057142857143,70.28571428571429,10.75,EOD,569,ESM0,0.965
2020-05-11,2020,B,1,480,"(0.8, 1.5)",50.12857142857143,93.99107142857143,62.660714285714285,2.75,EOD,569,ESM0,0.965
2020-05-11,2020,B,1,480,"(0.8, 1.75)",50.12857142857143,109.65625,62.660714285714285,2.75,EOD,569,ESM0,0.965
2020-05-11,2020,B,1,480,"(0.8, 2.0)",50.12857142857143,125.32142857142857,62.660714285714285,2.75,EOD,569,ESM0,0.965
2020-05-11,2020,B,1,480,"(1.0, 1.5)",62.660714285714285,93.99107142857143,62.660714285714285,2.75,EOD,569,ESM0,0.965
2020-05-11,2020,B,1,480,"(1.0, 1.75)",62.660714285714285,109.65625,62.660714285714285,2.75,EOD,569,ESM0,0.965
2020-05-11,2020,B,1,480,"(1.0, 2.0)",62.660714285714285,125.32142857142857,62.660714285714285,2.75,EOD,569,ESM0,0.965
2020-05-11,2020,B,1,480,"(1.2, 1.5)",75.19285714285714,93.99107142857143,62.660714285714285,2.75,EOD,569,ESM0,0.965
2020-05-11,2020,B,1,480,"(1.2, 1.75)",75.19285714285714,109.65625,62.660714285714285,2.75,EOD,569,ESM0,0.965
2020-05-11,2020,B,1,480,"(1.2, 2.0)",75.19285714285714,125.32142857142857,62.660714285714285,2.75,EOD,569,ESM0,0.965
2020-05-11,2020,B,1,480,"(0.179, 0.247)",11.216267857142856,15.477196428571428,62.660714285714285,2.75,EOD,569,ESM0,0.965
2020-05-21,2020,B,1,490,"(0.8, 1.5)",50.92857142857143,95.49107142857143,63.660714285714285,11.0,EOD,569,ESM0,0.965
2020-05-21,2020,B,1,490,"(0.8, 1.75)",50.92857142857143,111.40625,63.660714285714285,11.0,EOD,569,ESM0,0.965
2020-05-21,2020,B,1,490,"(0.8, 2.0)",50.92857142857143,127.32142857142857,63.660714285714285,11.0,EOD,569,ESM0,0.965
2020-05-21,2020,B,1,490,"(1.0, 1.5)",63.660714285714285,95.49107142857143,63.660714285714285,11.0,EOD,569,ESM0,0.965
2020-05-21,2020,B,1,490,"(1.0, 1.75)",63.660714285714285,111.40625,63.660714285714285,11.0,EOD,569,ESM0,0.965
2020-05-21,2020,B,1,490,"(1.0, 2.0)",63.660714285714285,127.32142857142857,63.660714285714285,11.0,EOD,569,ESM0,0.965
2020-05-21,2020,B,1,490,"(1.2, 1.5)",76.39285714285714,95.49107142857143,63.660714285714285,11.0,EOD,569,ESM0,0.965
2020-05-21,2020,B,1,490,"(1.2, 1.75)",76.39285714285714,111.40625,63.660714285714285,11.0,EOD,569,ESM0,0.965
2020-05-21,2020,B,1,490,"(1.2, 2.0)",76.39285714285714,127.32142857142857,63.660714285714285,11.0,EOD,569,ESM0,0.965
2020-05-21,2020,B,1,490,"(0.179, 0.247)",11.395267857142857,15.724196428571428,63.660714285714285,11.0,EOD,569,ESM0,0.965
2020-06-01,2020,B,-1,440,"(0.8, 1.5)",46.385714285714286,86.97321428571428,57.982142857142854,13.25,EOD,569,ESM0,0.965
2020-06-01,2020,B,-1,440,"(0.8, 1.75)",46.385714285714286,101.46875,57.982142857142854,13.25,EOD,569,ESM0,0.965
2020-06-01,2020,B,-1,440,"(0.8, 2.0)",46.385714285714286,115.96428571428571,57.982142857142854,13.25,EOD,569,ESM0,0.965
2020-06-01,2020,B,-1,440,"(1.0, 1.5)",57.982142857142854,86.97321428571428,57.982142857142854,13.25,EOD,569,ESM0,0.965
2020-06-01,2020,B,-1,440,"(1.0, 1.75)",57.982142857142854,101.46875,57.982142857142854,13.25,EOD,569,ESM0,0.965
2020-06-01,2020,B,-1,440,"(1.0, 2.0)",57.982142857142854,115.96428571428571,57.982142857142854,13.25,EOD,569,ESM0,0.965
2020-06-01,2020,B,-1,440,"(1.2, 1.5)",69.57857142857142,86.97321428571428,57.982142857142854,13.25,EOD,569,ESM0,0.965
2020-06-01,2020,B,-1,440,"(1.2, 1.75)",69.57857142857142,101.46875,57.982142857142854,13.25,EOD,569,ESM0,0.965
2020-06-01,2020,B,-1,440,"(1.2, 2.0)",69.57857142857142,115.96428571428571,57.982142857142854,13.25,EOD,569,ESM0,0.965
2020-06-01,2020,B,-1,440,"(0.179, 0.247)",10.37880357142857,14.321589285714285,57.982142857142854,14.321589285714253,TP,547,ESM0,0.965
2020-06-04,2020,B,1,530,"(0.8, 1.5)",38.77142857142857,72.69642857142857,48.464285714285715,9.25,EOD,569,ESM0,0.965
2020-06-04,2020,B,1,530,"(0.8, 1.75)",38.77142857142857,84.8125,48.464285714285715,9.25,EOD,569,ESM0,0.965
2020-06-04,2020,B,1,530,"(0.8, 2.0)",38.77142857142857,96.92857142857143,48.464285714285715,9.25,EOD,569,ESM0,0.965
2020-06-04,2020,B,1,530,"(1.0, 1.5)",48.464285714285715,72.69642857142857,48.464285714285715,9.25,EOD,569,ESM0,0.965
2020-06-04,2020,B,1,530,"(1.0, 1.75)",48.464285714285715,84.8125,48.464285714285715,9.25,EOD,569,ESM0,0.965
2020-06-04,2020,B,1,530,"(1.0, 2.0)",48.464285714285715,96.92857142857143,48.464285714285715,9.25,EOD,569,ESM0,0.965
2020-06-04,2020,B,1,530,"(1.2, 1.5)",58.15714285714286,72.69642857142857,48.464285714285715,9.25,EOD,569,ESM0,0.965
2020-06-04,2020,B,1,530,"(1.2, 1.75)",58.15714285714286,84.8125,48.464285714285715,9.25,EOD,569,ESM0,0.965
2020-06-04,2020,B,1,530,"(1.2, 2.0)",58.15714285714286,96.92857142857143,48.464285714285715,9.25,EOD,569,ESM0,0.965
2020-06-04,2020,B,1,530,"(0.179, 0.247)",8.675107142857142,11.970678571428572,48.464285714285715,9.25,EOD,569,ESM0,0.965
2020-06-08,2020,B,-1,520,"(0.8, 1.5)",37.857142857142854,70.98214285714286,47.32142857142857,8.25,EOD,569,ESM0,0.965
2020-06-08,2020,B,-1,520,"(0.8, 1.75)",37.857142857142854,82.8125,47.32142857142857,8.25,EOD,569,ESM0,0.965
2020-06-08,2020,B,-1,520,"(0.8, 2.0)",37.857142857142854,94.64285714285714,47.32142857142857,8.25,EOD,569,ESM0,0.965
2020-06-08,2020,B,-1,520,"(1.0, 1.5)",47.32142857142857,70.98214285714286,47.32142857142857,8.25,EOD,569,ESM0,0.965
2020-06-08,2020,B,-1,520,"(1.0, 1.75)",47.32142857142857,82.8125,47.32142857142857,8.25,EOD,569,ESM0,0.965
2020-06-08,2020,B,-1,520,"(1.0, 2.0)",47.32142857142857,94.64285714285714,47.32142857142857,8.25,EOD,569,ESM0,0.965
2020-06-08,2020,B,-1,520,"(1.2, 1.5)",56.785714285714285,70.98214285714286,47.32142857142857,8.25,EOD,569,ESM0,0.965
2020-06-08,2020,B,-1,520,"(1.2, 1.75)",56.785714285714285,82.8125,47.32142857142857,8.25,EOD,569,ESM0,0.965
2020-06-08,2020,B,-1,520,"(1.2, 2.0)",56.785714285714285,94.64285714285714,47.32142857142857,8.25,EOD,569,ESM0,0.965
2020-06-08,2020,B,-1,520,"(0.179, 0.247)",8.470535714285713,11.688392857142857,47.32142857142857,8.25,EOD,569,ESM0,0.965
2020-06-18,2020,B,1,430,"(0.8, 1.5)",55.214285714285715,103.52678571428571,69.01785714285714,-11.0,EOD,569,ESU0,0.965
2020-06-18,2020,B,1,430,"(0.8, 1.75)",55.214285714285715,120.78125,69.01785714285714,-11.0,EOD,569,ESU0,0.965
2020-06-18,2020,B,1,430,"(0.8, 2.0)",55.214285714285715,138.03571428571428,69.01785714285714,-11.0,EOD,569,ESU0,0.965
2020-06-18,2020,B,1,430,"(1.0, 1.5)",69.01785714285714,103.52678571428571,69.01785714285714,-11.0,EOD,569,ESU0,0.965
2020-06-18,2020,B,1,430,"(1.0, 1.75)",69.01785714285714,120.78125,69.01785714285714,-11.0,EOD,569,ESU0,0.965
2020-06-18,2020,B,1,430,"(1.0, 2.0)",69.01785714285714,138.03571428571428,69.01785714285714,-11.0,EOD,569,ESU0,0.965
2020-06-18,2020,B,1,430,"(1.2, 1.5)",82.82142857142857,103.52678571428571,69.01785714285714,-11.0,EOD,569,ESU0,0.965
2020-06-18,2020,B,1,430,"(1.2, 1.75)",82.82142857142857,120.78125,69.01785714285714,-11.0,EOD,569,ESU0,0.965
2020-06-18,2020,B,1,430,"(1.2, 2.0)",82.82142857142857,138.03571428571428,69.01785714285714,-11.0,EOD,569,ESU0,0.965
2020-06-18,2020,B,1,430,"(0.179, 0.247)",12.354196428571427,17.047410714285714,69.01785714285714,-12.354196428571413,SL,474,ESU0,0.965
2020-06-25,2020,B,1,515,"(0.8, 1.5)",59.55714285714286,111.66964285714286,74.44642857142857,7.75,EOD,569,ESU0,0.965
2020-06-25,2020,B,1,515,"(0.8, 1.75)",59.55714285714286,130.28125,74.44642857142857,7.75,EOD,569,ESU0,0.965
2020-06-25,2020,B,1,515,"(0.8, 2.0)",59.55714285714286,148.89285714285714,74.44642857142857,7.75,EOD,569,ESU0,0.965
2020-06-25,2020,B,1,515,"(1.0, 1.5)",74.44642857142857,111.66964285714286,74.44642857142857,7.75,EOD,569,ESU0,0.965
2020-06-25,2020,B,1,515,"(1.0, 1.75)",74.44642857142857,130.28125,74.44642857142857,7.75,EOD,569,ESU0,0.965
2020-06-25,2020,B,1,515,"(1.0, 2.0)",74.44642857142857,148.89285714285714,74.44642857142857,7.75,EOD,569,ESU0,0.965
2020-06-25,2020,B,1,515,"(1.2, 1.5)",89.33571428571427,111.66964285714286,74.44642857142857,7.75,EOD,569,ESU0,0.965
2020-06-25,2020,B,1,515,"(1.2, 1.75)",89.33571428571427,130.28125,74.44642857142857,7.75,EOD,569,ESU0,0.965
2020-06-25,2020,B,1,515,"(1.2, 2.0)",89.33571428571427,148.89285714285714,74.44642857142857,7.75,EOD,569,ESU0,0.965
2020-06-25,2020,B,1,515,"(0.179, 0.247)",13.325910714285714,18.388267857142857,74.44642857142857,7.75,EOD,569,ESU0,0.965
2020-06-26,2020,B,-1,390,"(0.8, 1.5)",57.5,107.8125,71.875,13.25,EOD,569,ESU0,0.965
2020-06-26,2020,B,-1,390,"(0.8, 1.75)",57.5,125.78125,71.875,13.25,EOD,569,ESU0,0.965
2020-06-26,2020,B,-1,390,"(0.8, 2.0)",57.5,143.75,71.875,13.25,EOD,569,ESU0,0.965
2020-06-26,2020,B,-1,390,"(1.0, 1.5)",71.875,107.8125,71.875,13.25,EOD,569,ESU0,0.965
2020-06-26,2020,B,-1,390,"(1.0, 1.75)",71.875,125.78125,71.875,13.25,EOD,569,ESU0,0.965
2020-06-26,2020,B,-1,390,"(1.0, 2.0)",71.875,143.75,71.875,13.25,EOD,569,ESU0,0.965
2020-06-26,2020,B,-1,390,"(1.2, 1.5)",86.25,107.8125,71.875,13.25,EOD,569,ESU0,0.965
2020-06-26,2020,B,-1,390,"(1.2, 1.75)",86.25,125.78125,71.875,13.25,EOD,569,ESU0,0.965
2020-06-26,2020,B,-1,390,"(1.2, 2.0)",86.25,143.75,71.875,13.25,EOD,569,ESU0,0.965
2020-06-26,2020,B,-1,390,"(0.179, 0.247)",12.865625,17.753125,71.875,13.25,EOD,569,ESU0,0.965
2020-07-01,2020,B,-1,545,"(0.8, 1.5)",61.88571428571429,116.03571428571429,77.35714285714286,5.5,EOD,569,ESU0,0.965
2020-07-01,2020,B,-1,545,"(0.8, 1.75)",61.88571428571429,135.375,77.35714285714286,5.5,EOD,569,ESU0,0.965
2020-07-01,2020,B,-1,545,"(0.8, 2.0)",61.88571428571429,154.71428571428572,77.35714285714286,5.5,EOD,569,ESU0,0.965
2020-07-01,2020,B,-1,545,"(1.0, 1.5)",77.35714285714286,116.03571428571429,77.35714285714286,5.5,EOD,569,ESU0,0.965
2020-07-01,2020,B,-1,545,"(1.0, 1.75)",77.35714285714286,135.375,77.35714285714286,5.5,EOD,569,ESU0,0.965
2020-07-01,2020,B,-1,545,"(1.0, 2.0)",77.35714285714286,154.71428571428572,77.35714285714286,5.5,EOD,569,ESU0,0.965
2020-07-01,2020,B,-1,545,"(1.2, 1.5)",92.82857142857144,116.03571428571429,77.35714285714286,5.5,EOD,569,ESU0,0.965
2020-07-01,2020,B,-1,545,"(1.2, 1.75)",92.82857142857144,135.375,77.35714285714286,5.5,EOD,569,ESU0,0.965
2020-07-01,2020,B,-1,545,"(1.2, 2.0)",92.82857142857144,154.71428571428572,77.35714285714286,5.5,EOD,569,ESU0,0.965
2020-07-01,2020,B,-1,545,"(0.179, 0.247)",13.846928571428572,19.107214285714285,77.35714285714286,5.5,EOD,569,ESU0,0.965
2020-07-08,2020,B,1,320,"(0.8, 1.5)",42.52857142857143,79.74107142857143,53.160714285714285,12.0,EOD,569,ESU0,0.965
2020-07-08,2020,B,1,320,"(0.8, 1.75)",42.52857142857143,93.03125,53.160714285714285,12.0,EOD,569,ESU0,0.965
2020-07-08,2020,B,1,320,"(0.8, 2.0)",42.52857142857143,106.32142857142857,53.160714285714285,12.0,EOD,569,ESU0,0.965
2020-07-08,2020,B,1,320,"(1.0, 1.5)",53.160714285714285,79.74107142857143,53.160714285714285,12.0,EOD,569,ESU0,0.965
2020-07-08,2020,B,1,320,"(1.0, 1.75)",53.160714285714285,93.03125,53.160714285714285,12.0,EOD,569,ESU0,0.965
2020-07-08,2020,B,1,320,"(1.0, 2.0)",53.160714285714285,106.32142857142857,53.160714285714285,12.0,EOD,569,ESU0,0.965
2020-07-08,2020,B,1,320,"(1.2, 1.5)",63.79285714285714,79.74107142857143,53.160714285714285,12.0,EOD,569,ESU0,0.965
2020-07-08,2020,B,1,320,"(1.2, 1.75)",63.79285714285714,93.03125,53.160714285714285,12.0,EOD,569,ESU0,0.965
2020-07-08,2020,B,1,320,"(1.2, 2.0)",63.79285714285714,106.32142857142857,53.160714285714285,12.0,EOD,569,ESU0,0.965
2020-07-08,2020,B,1,320,"(0.179, 0.247)",9.515767857142857,13.130696428571428,53.160714285714285,12.0,EOD,569,ESU0,0.965
2020-07-09,2020,B,-1,350,"(0.8, 1.5)",42.98571428571429,80.59821428571428,53.732142857142854,-5.75,EOD,569,ESU0,0.965
2020-07-09,2020,B,-1,350,"(0.8, 1.75)",42.98571428571429,94.03125,53.732142857142854,-5.75,EOD,569,ESU0,0.965
2020-07-09,2020,B,-1,350,"(0.8, 2.0)",42.98571428571429,107.46428571428571,53.732142857142854,-5.75,EOD,569,ESU0,0.965
2020-07-09,2020,B,-1,350,"(1.0, 1.5)",53.732142857142854,80.59821428571428,53.732142857142854,-5.75,EOD,569,ESU0,0.965
2020-07-09,2020,B,-1,350,"(1.0, 1.75)",53.732142857142854,94.03125,53.732142857142854,-5.75,EOD,569,ESU0,0.965
2020-07-09,2020,B,-1,350,"(1.0, 2.0)",53.732142857142854,107.46428571428571,53.732142857142854,-5.75,EOD,569,ESU0,0.965
2020-07-09,2020,B,-1,350,"(1.2, 1.5)",64.47857142857143,80.59821428571428,53.732142857142854,-5.75,EOD,569,ESU0,0.965
2020-07-09,2020,B,-1,350,"(1.2, 1.75)",64.47857142857143,94.03125,53.732142857142854,-5.75,EOD,569,ESU0,0.965
2020-07-09,2020,B,-1,350,"(1.2, 2.0)",64.47857142857143,107.46428571428571,53.732142857142854,-5.75,EOD,569,ESU0,0.965
2020-07-09,2020,B,-1,350,"(0.179, 0.247)",9.61805357142857,13.271839285714284,53.732142857142854,-5.75,EOD,569,ESU0,0.965
2020-07-16,2020,B,1,400,"(0.8, 1.5)",42.81428571428572,80.27678571428572,53.517857142857146,1.5,EOD,569,ESU0,0.965
2020-07-16,2020,B,1,400,"(0.8, 1.75)",42.81428571428572,93.65625,53.517857142857146,1.5,EOD,569,ESU0,0.965
2020-07-16,2020,B,1,400,"(0.8, 2.0)",42.81428571428572,107.03571428571429,53.517857142857146,1.5,EOD,569,ESU0,0.965
2020-07-16,2020,B,1,400,"(1.0, 1.5)",53.517857142857146,80.27678571428572,53.517857142857146,1.5,EOD,569,ESU0,0.965
2020-07-16,2020,B,1,400,"(1.0, 1.75)",53.517857142857146,93.65625,53.517857142857146,1.5,EOD,569,ESU0,0.965
2020-07-16,2020,B,1,400,"(1.0, 2.0)",53.517857142857146,107.03571428571429,53.517857142857146,1.5,EOD,569,ESU0,0.965
2020-07-16,2020,B,1,400,"(1.2, 1.5)",64.22142857142858,80.27678571428572,53.517857142857146,1.5,EOD,569,ESU0,0.965
2020-07-16,2020,B,1,400,"(1.2, 1.75)",64.22142857142858,93.65625,53.517857142857146,1.5,EOD,569,ESU0,0.965
2020-07-16,2020,B,1,400,"(1.2, 2.0)",64.22142857142858,107.03571428571429,53.517857142857146,1.5,EOD,569,ESU0,0.965
2020-07-16,2020,B,1,400,"(0.179, 0.247)",9.57969642857143,13.218910714285714,53.517857142857146,1.5,EOD,569,ESU0,0.965
2020-07-23,2020,B,-1,525,"(0.8, 1.5)",35.9,67.3125,44.875,6.25,EOD,569,ESU0,0.965
2020-07-23,2020,B,-1,525,"(0.8, 1.75)",35.9,78.53125,44.875,6.25,EOD,569,ESU0,0.965
2020-07-23,2020,B,-1,525,"(0.8, 2.0)",35.9,89.75,44.875,6.25,EOD,569,ESU0,0.965
2020-07-23,2020,B,-1,525,"(1.0, 1.5)",44.875,67.3125,44.875,6.25,EOD,569,ESU0,0.965
2020-07-23,2020,B,-1,525,"(1.0, 1.75)",44.875,78.53125,44.875,6.25,EOD,569,ESU0,0.965
2020-07-23,2020,B,-1,525,"(1.0, 2.0)",44.875,89.75,44.875,6.25,EOD,569,ESU0,0.965
2020-07-23,2020,B,-1,525,"(1.2, 1.5)",53.85,67.3125,44.875,6.25,EOD,569,ESU0,0.965
2020-07-23,2020,B,-1,525,"(1.2, 1.75)",53.85,78.53125,44.875,6.25,EOD,569,ESU0,0.965
2020-07-23,2020,B,-1,525,"(1.2, 2.0)",53.85,89.75,44.875,6.25,EOD,569,ESU0,0.965
2020-07-23,2020,B,-1,525,"(0.179, 0.247)",8.032625,11.084125,44.875,6.25,EOD,569,ESU0,0.965
2020-07-30,2020,B,1,315,"(0.8, 1.5)",34.6,64.875,43.25,-4.0,EOD,569,ESU0,0.965
2020-07-30,2020,B,1,315,"(0.8, 1.75)",34.6,75.6875,43.25,-4.0,EOD,569,ESU0,0.965
2020-07-30,2020,B,1,315,"(0.8, 2.0)",34.6,86.5,43.25,-4.0,EOD,569,ESU0,0.965
2020-07-30,2020,B,1,315,"(1.0, 1.5)",43.25,64.875,43.25,-4.0,EOD,569,ESU0,0.965
2020-07-30,2020,B,1,315,"(1.0, 1.75)",43.25,75.6875,43.25,-4.0,EOD,569,ESU0,0.965
2020-07-30,2020,B,1,315,"(1.0, 2.0)",43.25,86.5,43.25,-4.0,EOD,569,ESU0,0.965
2020-07-30,2020,B,1,315,"(1.2, 1.5)",51.9,64.875,43.25,-4.0,EOD,569,ESU0,0.965
2020-07-30,2020,B,1,315,"(1.2, 1.75)",51.9,75.6875,43.25,-4.0,EOD,569,ESU0,0.965
2020-07-30,2020,B,1,315,"(1.2, 2.0)",51.9,86.5,43.25,-4.0,EOD,569,ESU0,0.965
2020-07-30,2020,B,1,315,"(0.179, 0.247)",7.74175,10.68275,43.25,-7.741750000000138,SL,410,ESU0,0.965
2020-08-06,2020,B,1,410,"(0.8, 1.5)",29.142857142857146,54.642857142857146,36.42857142857143,1.75,EOD,569,ESU0,0.965
2020-08-06,2020,B,1,410,"(0.8, 1.75)",29.142857142857146,63.75,36.42857142857143,1.75,EOD,569,ESU0,0.965
2020-08-06,2020,B,1,410,"(0.8, 2.0)",29.142857142857146,72.85714285714286,36.42857142857143,1.75,EOD,569,ESU0,0.965
2020-08-06,2020,B,1,410,"(1.0, 1.5)",36.42857142857143,54.642857142857146,36.42857142857143,1.75,EOD,569,ESU0,0.965
2020-08-06,2020,B,1,410,"(1.0, 1.75)",36.42857142857143,63.75,36.42857142857143,1.75,EOD,569,ESU0,0.965
2020-08-06,2020,B,1,410,"(1.0, 2.0)",36.42857142857143,72.85714285714286,36.42857142857143,1.75,EOD,569,ESU0,0.965
2020-08-06,2020,B,1,410,"(1.2, 1.5)",43.714285714285715,54.642857142857146,36.42857142857143,1.75,EOD,569,ESU0,0.965
2020-08-06,2020,B,1,410,"(1.2, 1.75)",43.714285714285715,63.75,36.42857142857143,1.75,EOD,569,ESU0,0.965
2020-08-06,2020,B,1,410,"(1.2, 2.0)",43.714285714285715,72.85714285714286,36.42857142857143,1.75,EOD,569,ESU0,0.965
2020-08-06,2020,B,1,410,"(0.179, 0.247)",6.520714285714286,8.997857142857143,36.42857142857143,-6.520714285714348,SL,415,ESU0,0.965
2020-08-07,2020,B,-1,515,"(0.8, 1.5)",29.414285714285718,55.15178571428572,36.767857142857146,8.0,EOD,569,ESU0,0.965
2020-08-07,2020,B,-1,515,"(0.8, 1.75)",29.414285714285718,64.34375,36.767857142857146,8.0,EOD,569,ESU0,0.965
2020-08-07,2020,B,-1,515,"(0.8, 2.0)",29.414285714285718,73.53571428571429,36.767857142857146,8.0,EOD,569,ESU0,0.965
2020-08-07,2020,B,-1,515,"(1.0, 1.5)",36.767857142857146,55.15178571428572,36.767857142857146,8.0,EOD,569,ESU0,0.965
2020-08-07,2020,B,-1,515,"(1.0, 1.75)",36.767857142857146,64.34375,36.767857142857146,8.0,EOD,569,ESU0,0.965
2020-08-07,2020,B,-1,515,"(1.0, 2.0)",36.767857142857146,73.53571428571429,36.767857142857146,8.0,EOD,569,ESU0,0.965
2020-08-07,2020,B,-1,515,"(1.2, 1.5)",44.121428571428574,55.15178571428572,36.767857142857146,8.0,EOD,569,ESU0,0.965
2020-08-07,2020,B,-1,515,"(1.2, 1.75)",44.121428571428574,64.34375,36.767857142857146,8.0,EOD,569,ESU0,0.965
2020-08-07,2020,B,-1,515,"(1.2, 2.0)",44.121428571428574,73.53571428571429,36.767857142857146,8.0,EOD,569,ESU0,0.965
2020-08-07,2020,B,-1,515,"(0.179, 0.247)",6.581446428571429,9.081660714285714,36.767857142857146,9.08166071428559,TP,540,ESU0,0.965
2020-08-10,2020,B,-1,450,"(0.8, 1.5)",28.228571428571428,52.92857142857143,35.285714285714285,-3.5,EOD,569,ESU0,0.965
2020-08-10,2020,B,-1,450,"(0.8, 1.75)",28.228571428571428,61.75,35.285714285714285,-3.5,EOD,569,ESU0,0.965
2020-08-10,2020,B,-1,450,"(0.8, 2.0)",28.228571428571428,70.57142857142857,35.285714285714285,-3.5,EOD,569,ESU0,0.965
2020-08-10,2020,B,-1,450,"(1.0, 1.5)",35.285714285714285,52.92857142857143,35.285714285714285,-3.5,EOD,569,ESU0,0.965
2020-08-10,2020,B,-1,450,"(1.0, 1.75)",35.285714285714285,61.75,35.285714285714285,-3.5,EOD,569,ESU0,0.965
2020-08-10,2020,B,-1,450,"(1.0, 2.0)",35.285714285714285,70.57142857142857,35.285714285714285,-3.5,EOD,569,ESU0,0.965
2020-08-10,2020,B,-1,450,"(1.2, 1.5)",42.34285714285714,52.92857142857143,35.285714285714285,-3.5,EOD,569,ESU0,0.965
2020-08-10,2020,B,-1,450,"(1.2, 1.75)",42.34285714285714,61.75,35.285714285714285,-3.5,EOD,569,ESU0,0.965
2020-08-10,2020,B,-1,450,"(1.2, 2.0)",42.34285714285714,70.57142857142857,35.285714285714285,-3.5,EOD,569,ESU0,0.965
2020-08-10,2020,B,-1,450,"(0.179, 0.247)",6.316142857142856,8.715571428571428,35.285714285714285,-3.5,EOD,569,ESU0,0.965
2020-08-17,2020,B,-1,455,"(0.8, 1.5)",28.342857142857145,53.142857142857146,35.42857142857143,-7.0,EOD,569,ESU0,0.965
2020-08-17,2020,B,-1,455,"(0.8, 1.75)",28.342857142857145,62.0,35.42857142857143,-7.0,EOD,569,ESU0,0.965
2020-08-17,2020,B,-1,455,"(0.8, 2.0)",28.342857142857145,70.85714285714286,35.42857142857143,-7.0,EOD,569,ESU0,0.965
2020-08-17,2020,B,-1,455,"(1.0, 1.5)",35.42857142857143,53.142857142857146,35.42857142857143,-7.0,EOD,569,ESU0,0.965
2020-08-17,2020,B,-1,455,"(1.0, 1.75)",35.42857142857143,62.0,35.42857142857143,-7.0,EOD,569,ESU0,0.965
2020-08-17,2020,B,-1,455,"(1.0, 2.0)",35.42857142857143,70.85714285714286,35.42857142857143,-7.0,EOD,569,ESU0,0.965
2020-08-17,2020,B,-1,455,"(1.2, 1.5)",42.51428571428571,53.142857142857146,35.42857142857143,-7.0,EOD,569,ESU0,0.965
2020-08-17,2020,B,-1,455,"(1.2, 1.75)",42.51428571428571,62.0,35.42857142857143,-7.0,EOD,569,ESU0,0.965
2020-08-17,2020,B,-1,455,"(1.2, 2.0)",42.51428571428571,70.85714285714286,35.42857142857143,-7.0,EOD,569,ESU0,0.965
2020-08-17,2020,B,-1,455,"(0.179, 0.247)",6.341714285714286,8.750857142857143,35.42857142857143,-6.341714285714261,SL,537,ESU0,0.965
2020-08-18,2020,B,-1,565,"(0.8, 1.5)",27.585714285714285,51.72321428571428,34.482142857142854,-1.75,EOD,569,ESU0,0.965
2020-08-18,2020,B,-1,565,"(0.8, 1.75)",27.585714285714285,60.34374999999999,34.482142857142854,-1.75,EOD,569,ESU0,0.965
2020-08-18,2020,B,-1,565,"(0.8, 2.0)",27.585714285714285,68.96428571428571,34.482142857142854,-1.75,EOD,569,ESU0,0.965
2020-08-18,2020,B,-1,565,"(1.0, 1.5)",34.482142857142854,51.72321428571428,34.482142857142854,-1.75,EOD,569,ESU0,0.965
2020-08-18,2020,B,-1,565,"(1.0, 1.75)",34.482142857142854,60.34374999999999,34.482142857142854,-1.75,EOD,569,ESU0,0.965
2020-08-18,2020,B,-1,565,"(1.0, 2.0)",34.482142857142854,68.96428571428571,34.482142857142854,-1.75,EOD,569,ESU0,0.965
2020-08-18,2020,B,-1,565,"(1.2, 1.5)",41.378571428571426,51.72321428571428,34.482142857142854,-1.75,EOD,569,ESU0,0.965
2020-08-18,2020,B,-1,565,"(1.2, 1.75)",41.378571428571426,60.34374999999999,34.482142857142854,-1.75,EOD,569,ESU0,0.965
2020-08-18,2020,B,-1,565,"(1.2, 2.0)",41.378571428571426,68.96428571428571,34.482142857142854,-1.75,EOD,569,ESU0,0.965
2020-08-18,2020,B,-1,565,"(0.179, 0.247)",6.172303571428571,8.517089285714285,34.482142857142854,-1.75,EOD,569,ESU0,0.965
2020-08-20,2020,B,1,420,"(0.8, 1.5)",25.02857142857143,46.92857142857143,31.285714285714285,-14.25,EOD,569,ESU0,0.965
2020-08-20,2020,B,1,420,"(0.8, 1.75)",25.02857142857143,54.75,31.285714285714285,-14.25,EOD,569,ESU0,0.965
2020-08-20,2020,B,1,420,"(0.8, 2.0)",25.02857142857143,62.57142857142857,31.285714285714285,-14.25,EOD,569,ESU0,0.965
2020-08-20,2020,B,1,420,"(1.0, 1.5)",31.285714285714285,46.92857142857143,31.285714285714285,-14.25,EOD,569,ESU0,0.965
2020-08-20,2020,B,1,420,"(1.0, 1.75)",31.285714285714285,54.75,31.285714285714285,-14.25,EOD,569,ESU0,0.965
2020-08-20,2020,B,1,420,"(1.0, 2.0)",31.285714285714285,62.57142857142857,31.285714285714285,-14.25,EOD,569,ESU0,0.965
2020-08-20,2020,B,1,420,"(1.2, 1.5)",37.54285714285714,46.92857142857143,31.285714285714285,-14.25,EOD,569,ESU0,0.965
2020-08-20,2020,B,1,420,"(1.2, 1.75)",37.54285714285714,54.75,31.285714285714285,-14.25,EOD,569,ESU0,0.965
2020-08-20,2020,B,1,420,"(1.2, 2.0)",37.54285714285714,62.57142857142857,31.285714285714285,-14.25,EOD,569,ESU0,0.965
2020-08-20,2020,B,1,420,"(0.179, 0.247)",5.600142857142857,7.727571428571428,31.285714285714285,-5.600142857143055,SL,472,ESU0,0.965
2020-08-27,2020,B,-1,515,"(0.8, 1.5)",24.32857142857143,45.61607142857143,30.410714285714285,-8.0,EOD,569,ESU0,0.965
2020-08-27,2020,B,-1,515,"(0.8, 1.75)",24.32857142857143,53.21875,30.410714285714285,-8.0,EOD,569,ESU0,0.965
2020-08-27,2020,B,-1,515,"(0.8, 2.0)",24.32857142857143,60.82142857142857,30.410714285714285,-8.0,EOD,569,ESU0,0.965
2020-08-27,2020,B,-1,515,"(1.0, 1.5)",30.410714285714285,45.61607142857143,30.410714285714285,-8.0,EOD,569,ESU0,0.965
2020-08-27,2020,B,-1,515,"(1.0, 1.75)",30.410714285714285,53.21875,30.410714285714285,-8.0,EOD,569,ESU0,0.965
2020-08-27,2020,B,-1,515,"(1.0, 2.0)",30.410714285714285,60.82142857142857,30.410714285714285,-8.0,EOD,569,ESU0,0.965
2020-08-27,2020,B,-1,515,"(1.2, 1.5)",36.49285714285714,45.61607142857143,30.410714285714285,-8.0,EOD,569,ESU0,0.965
2020-08-27,2020,B,-1,515,"(1.2, 1.75)",36.49285714285714,53.21875,30.410714285714285,-8.0,EOD,569,ESU0,0.965
2020-08-27,2020,B,-1,515,"(1.2, 2.0)",36.49285714285714,60.82142857142857,30.410714285714285,-8.0,EOD,569,ESU0,0.965
2020-08-27,2020,B,-1,515,"(0.179, 0.247)",5.443517857142857,7.511446428571428,30.410714285714285,7.511446428571617,TP,550,ESU0,0.965
2020-08-28,2020,B,-1,455,"(0.8, 1.5)",24.84285714285714,46.58035714285714,31.053571428571427,4.0,EOD,569,ESU0,0.965
2020-08-28,2020,B,-1,455,"(0.8, 1.75)",24.84285714285714,54.34375,31.053571428571427,4.0,EOD,569,ESU0,0.965
2020-08-28,2020,B,-1,455,"(0.8, 2.0)",24.84285714285714,62.107142857142854,31.053571428571427,4.0,EOD,569,ESU0,0.965
2020-08-28,2020,B,-1,455,"(1.0, 1.5)",31.053571428571427,46.58035714285714,31.053571428571427,4.0,EOD,569,ESU0,0.965
2020-08-28,2020,B,-1,455,"(1.0, 1.75)",31.053571428571427,54.34375,31.053571428571427,4.0,EOD,569,ESU0,0.965
2020-08-28,2020,B,-1,455,"(1.0, 2.0)",31.053571428571427,62.107142857142854,31.053571428571427,4.0,EOD,569,ESU0,0.965
2020-08-28,2020,B,-1,455,"(1.2, 1.5)",37.26428571428571,46.58035714285714,31.053571428571427,4.0,EOD,569,ESU0,0.965
2020-08-28,2020,B,-1,455,"(1.2, 1.75)",37.26428571428571,54.34375,31.053571428571427,4.0,EOD,569,ESU0,0.965
2020-08-28,2020,B,-1,455,"(1.2, 2.0)",37.26428571428571,62.107142857142854,31.053571428571427,4.0,EOD,569,ESU0,0.965
2020-08-28,2020,B,-1,455,"(0.179, 0.247)",5.558589285714286,7.6702321428571425,31.053571428571427,4.0,EOD,569,ESU0,0.965
2020-09-22,2020,B,-1,485,"(0.8, 1.5)",62.214285714285715,116.65178571428571,77.76785714285714,-15.0,EOD,569,ESZ0,0.965
2020-09-22,2020,B,-1,485,"(0.8, 1.75)",62.214285714285715,136.09375,77.76785714285714,-15.0,EOD,569,ESZ0,0.965
2020-09-22,2020,B,-1,485,"(0.8, 2.0)",62.214285714285715,155.53571428571428,77.76785714285714,-15.0,EOD,569,ESZ0,0.965
2020-09-22,2020,B,-1,485,"(1.0, 1.5)",77.76785714285714,116.65178571428571,77.76785714285714,-15.0,EOD,569,ESZ0,0.965
2020-09-22,2020,B,-1,485,"(1.0, 1.75)",77.76785714285714,136.09375,77.76785714285714,-15.0,EOD,569,ESZ0,0.965
2020-09-22,2020,B,-1,485,"(1.0, 2.0)",77.76785714285714,155.53571428571428,77.76785714285714,-15.0,EOD,569,ESZ0,0.965
2020-09-22,2020,B,-1,485,"(1.2, 1.5)",93.32142857142857,116.65178571428571,77.76785714285714,-15.0,EOD,569,ESZ0,0.965
2020-09-22,2020,B,-1,485,"(1.2, 1.75)",93.32142857142857,136.09375,77.76785714285714,-15.0,EOD,569,ESZ0,0.965
2020-09-22,2020,B,-1,485,"(1.2, 2.0)",93.32142857142857,155.53571428571428,77.76785714285714,-15.0,EOD,569,ESZ0,0.965
2020-09-22,2020,B,-1,485,"(0.179, 0.247)",13.920446428571427,19.208660714285713,77.76785714285714,-13.920446428571267,SL,550,ESZ0,0.965
2020-09-23,2020,B,-1,490,"(0.8, 1.5)",61.57142857142857,115.44642857142856,76.96428571428571,-0.5,EOD,569,ESZ0,0.965
2020-09-23,2020,B,-1,490,"(0.8, 1.75)",61.57142857142857,134.6875,76.96428571428571,-0.5,EOD,569,ESZ0,0.965
2020-09-23,2020,B,-1,490,"(0.8, 2.0)",61.57142857142857,153.92857142857142,76.96428571428571,-0.5,EOD,569,ESZ0,0.965
2020-09-23,2020,B,-1,490,"(1.0, 1.5)",76.96428571428571,115.44642857142856,76.96428571428571,-0.5,EOD,569,ESZ0,0.965
2020-09-23,2020,B,-1,490,"(1.0, 1.75)",76.96428571428571,134.6875,76.96428571428571,-0.5,EOD,569,ESZ0,0.965
2020-09-23,2020,B,-1,490,"(1.0, 2.0)",76.96428571428571,153.92857142857142,76.96428571428571,-0.5,EOD,569,ESZ0,0.965
2020-09-23,2020,B,-1,490,"(1.2, 1.5)",92.35714285714285,115.44642857142856,76.96428571428571,-0.5,EOD,569,ESZ0,0.965
2020-09-23,2020,B,-1,490,"(1.2, 1.75)",92.35714285714285,134.6875,76.96428571428571,-0.5,EOD,569,ESZ0,0.965
2020-09-23,2020,B,-1,490,"(1.2, 2.0)",92.35714285714285,153.92857142857142,76.96428571428571,-0.5,EOD,569,ESZ0,0.965
2020-09-23,2020,B,-1,490,"(0.179, 0.247)",13.776607142857141,19.01017857142857,76.96428571428571,-0.5,EOD,569,ESZ0,0.965
2020-09-24,2020,B,1,315,"(0.8, 1.5)",58.114285714285714,108.96428571428571,72.64285714285714,-11.75,EOD,569,ESZ0,0.965
2020-09-24,2020,B,1,315,"(0.8, 1.75)",58.114285714285714,127.125,72.64285714285714,-11.75,EOD,569,ESZ0,0.965
2020-09-24,2020,B,1,315,"(0.8, 2.0)",58.114285714285714,145.28571428571428,72.64285714285714,-11.75,EOD,569,ESZ0,0.965
2020-09-24,2020,B,1,315,"(1.0, 1.5)",72.64285714285714,108.96428571428571,72.64285714285714,-11.75,EOD,569,ESZ0,0.965
2020-09-24,2020,B,1,315,"(1.0, 1.75)",72.64285714285714,127.125,72.64285714285714,-11.75,EOD,569,ESZ0,0.965
2020-09-24,2020,B,1,315,"(1.0, 2.0)",72.64285714285714,145.28571428571428,72.64285714285714,-11.75,EOD,569,ESZ0,0.965
2020-09-24,2020,B,1,315,"(1.2, 1.5)",87.17142857142856,108.96428571428571,72.64285714285714,-11.75,EOD,569,ESZ0,0.965
2020-09-24,2020,B,1,315,"(1.2, 1.75)",87.17142857142856,127.125,72.64285714285714,-11.75,EOD,569,ESZ0,0.965
2020-09-24,2020,B,1,315,"(1.2, 2.0)",87.17142857142856,145.28571428571428,72.64285714285714,-11.75,EOD,569,ESZ0,0.965
2020-09-24,2020,B,1,315,"(0.179, 0.247)",13.003071428571428,17.942785714285712,72.64285714285714,-13.003071428571275,SL,511,ESZ0,0.965
2020-10-01,2020,B,-1,345,"(0.8, 1.5)",50.142857142857146,94.01785714285714,62.67857142857143,6.0,EOD,569,ESZ0,0.965
2020-10-01,2020,B,-1,345,"(0.8, 1.75)",50.142857142857146,109.6875,62.67857142857143,6.0,EOD,569,ESZ0,0.965
2020-10-01,2020,B,-1,345,"(0.8, 2.0)",50.142857142857146,125.35714285714286,62.67857142857143,6.0,EOD,569,ESZ0,0.965
2020-10-01,2020,B,-1,345,"(1.0, 1.5)",62.67857142857143,94.01785714285714,62.67857142857143,6.0,EOD,569,ESZ0,0.965
2020-10-01,2020,B,-1,345,"(1.0, 1.75)",62.67857142857143,109.6875,62.67857142857143,6.0,EOD,569,ESZ0,0.965
2020-10-01,2020,B,-1,345,"(1.0, 2.0)",62.67857142857143,125.35714285714286,62.67857142857143,6.0,EOD,569,ESZ0,0.965
2020-10-01,2020,B,-1,345,"(1.2, 1.5)",75.21428571428571,94.01785714285714,62.67857142857143,6.0,EOD,569,ESZ0,0.965
2020-10-01,2020,B,-1,345,"(1.2, 1.75)",75.21428571428571,109.6875,62.67857142857143,6.0,EOD,569,ESZ0,0.965
2020-10-01,2020,B,-1,345,"(1.2, 2.0)",75.21428571428571,125.35714285714286,62.67857142857143,6.0,EOD,569,ESZ0,0.965
2020-10-01,2020,B,-1,345,"(0.179, 0.247)",11.219464285714286,15.481607142857143,62.67857142857143,6.0,EOD,569,ESZ0,0.965
2020-10-05,2020,B,-1,355,"(0.8, 1.5)",48.62857142857143,91.17857142857143,60.785714285714285,-1.0,EOD,569,ESZ0,0.965
2020-10-05,2020,B,-1,355,"(0.8, 1.75)",48.62857142857143,106.375,60.785714285714285,-1.0,EOD,569,ESZ0,0.965
2020-10-05,2020,B,-1,355,"(0.8, 2.0)",48.62857142857143,121.57142857142857,60.785714285714285,-1.0,EOD,569,ESZ0,0.965
2020-10-05,2020,B,-1,355,"(1.0, 1.5)",60.785714285714285,91.17857142857143,60.785714285714285,-1.0,EOD,569,ESZ0,0.965
2020-10-05,2020,B,-1,355,"(1.0, 1.75)",60.785714285714285,106.375,60.785714285714285,-1.0,EOD,569,ESZ0,0.965
2020-10-05,2020,B,-1,355,"(1.0, 2.0)",60.785714285714285,121.57142857142857,60.785714285714285,-1.0,EOD,569,ESZ0,0.965
2020-10-05,2020,B,-1,355,"(1.2, 1.5)",72.94285714285714,91.17857142857143,60.785714285714285,-1.0,EOD,569,ESZ0,0.965
2020-10-05,2020,B,-1,355,"(1.2, 1.75)",72.94285714285714,106.375,60.785714285714285,-1.0,EOD,569,ESZ0,0.965
2020-10-05,2020,B,-1,355,"(1.2, 2.0)",72.94285714285714,121.57142857142857,60.785714285714285,-1.0,EOD,569,ESZ0,0.965
2020-10-05,2020,B,-1,355,"(0.179, 0.247)",10.880642857142856,15.014071428571429,60.785714285714285,-1.0,EOD,569,ESZ0,0.965
2020-10-06,2020,B,-1,520,"(0.8, 1.5)",50.08571428571429,93.91071428571428,62.607142857142854,-1.0,EOD,569,ESZ0,0.965
2020-10-06,2020,B,-1,520,"(0.8, 1.75)",50.08571428571429,109.5625,62.607142857142854,-1.0,EOD,569,ESZ0,0.965
2020-10-06,2020,B,-1,520,"(0.8, 2.0)",50.08571428571429,125.21428571428571,62.607142857142854,-1.0,EOD,569,ESZ0,0.965
2020-10-06,2020,B,-1,520,"(1.0, 1.5)",62.607142857142854,93.91071428571428,62.607142857142854,-1.0,EOD,569,ESZ0,0.965
2020-10-06,2020,B,-1,520,"(1.0, 1.75)",62.607142857142854,109.5625,62.607142857142854,-1.0,EOD,569,ESZ0,0.965
2020-10-06,2020,B,-1,520,"(1.0, 2.0)",62.607142857142854,125.21428571428571,62.607142857142854,-1.0,EOD,569,ESZ0,0.965
2020-10-06,2020,B,-1,520,"(1.2, 1.5)",75.12857142857142,93.91071428571428,62.607142857142854,-1.0,EOD,569,ESZ0,0.965
2020-10-06,2020,B,-1,520,"(1.2, 1.75)",75.12857142857142,109.5625,62.607142857142854,-1.0,EOD,569,ESZ0,0.965
2020-10-06,2020,B,-1,520,"(1.2, 2.0)",75.12857142857142,125.21428571428571,62.607142857142854,-1.0,EOD,569,ESZ0,0.965
2020-10-06,2020,B,-1,520,"(0.179, 0.247)",11.20667857142857,15.463964285714285,62.607142857142854,-1.0,EOD,569,ESZ0,0.965
2020-10-21,2020,B,1,455,"(0.8, 1.5)",42.5,79.6875,53.125,6.5,EOD,569,ESZ0,0.965
2020-10-21,2020,B,1,455,"(0.8, 1.75)",42.5,92.96875,53.125,6.5,EOD,569,ESZ0,0.965
2020-10-21,2020,B,1,455,"(0.8, 2.0)",42.5,106.25,53.125,6.5,EOD,569,ESZ0,0.965
2020-10-21,2020,B,1,455,"(1.0, 1.5)",53.125,79.6875,53.125,6.5,EOD,569,ESZ0,0.965
2020-10-21,2020,B,1,455,"(1.0, 1.75)",53.125,92.96875,53.125,6.5,EOD,569,ESZ0,0.965
2020-10-21,2020,B,1,455,"(1.0, 2.0)",53.125,106.25,53.125,6.5,EOD,569,ESZ0,0.965
2020-10-21,2020,B,1,455,"(1.2, 1.5)",63.75,79.6875,53.125,6.5,EOD,569,ESZ0,0.965
2020-10-21,2020,B,1,455,"(1.2, 1.75)",63.75,92.96875,53.125,6.5,EOD,569,ESZ0,0.965
2020-10-21,2020,B,1,455,"(1.2, 2.0)",63.75,106.25,53.125,6.5,EOD,569,ESZ0,0.965
2020-10-21,2020,B,1,455,"(0.179, 0.247)",9.509375,13.121875,53.125,6.5,EOD,569,ESZ0,0.965
2020-10-22,2020,B,1,405,"(0.8, 1.5)",42.2,79.125,52.75,4.0,EOD,569,ESZ0,0.965
2020-10-22,2020,B,1,405,"(0.8, 1.75)",42.2,92.3125,52.75,4.0,EOD,569,ESZ0,0.965
2020-10-22,2020,B,1,405,"(0.8, 2.0)",42.2,105.5,52.75,4.0,EOD,569,ESZ0,0.965
2020-10-22,2020,B,1,405,"(1.0, 1.5)",52.75,79.125,52.75,4.0,EOD,569,ESZ0,0.965
2020-10-22,2020,B,1,405,"(1.0, 1.75)",52.75,92.3125,52.75,4.0,EOD,569,ESZ0,0.965
2020-10-22,2020,B,1,405,"(1.0, 2.0)",52.75,105.5,52.75,4.0,EOD,569,ESZ0,0.965
2020-10-22,2020,B,1,405,"(1.2, 1.5)",63.3,79.125,52.75,4.0,EOD,569,ESZ0,0.965
2020-10-22,2020,B,1,405,"(1.2, 1.75)",63.3,92.3125,52.75,4.0,EOD,569,ESZ0,0.965
2020-10-22,2020,B,1,405,"(1.2, 2.0)",63.3,105.5,52.75,4.0,EOD,569,ESZ0,0.965
2020-10-22,2020,B,1,405,"(0.179, 0.247)",9.44225,13.02925,52.75,4.0,EOD,569,ESZ0,0.965
2020-10-29,2020,B,1,485,"(0.8, 1.5)",43.57142857142858,81.69642857142857,54.464285714285715,7.0,EOD,569,ESZ0,0.965
2020-10-29,2020,B,1,485,"(0.8, 1.75)",43.57142857142858,95.3125,54.464285714285715,7.0,EOD,569,ESZ0,0.965
2020-10-29,2020,B,1,485,"(0.8, 2.0)",43.57142857142858,108.92857142857143,54.464285714285715,7.0,EOD,569,ESZ0,0.965
2020-10-29,2020,B,1,485,"(1.0, 1.5)",54.464285714285715,81.69642857142857,54.464285714285715,7.0,EOD,569,ESZ0,0.965
2020-10-29,2020,B,1,485,"(1.0, 1.75)",54.464285714285715,95.3125,54.464285714285715,7.0,EOD,569,ESZ0,0.965
2020-10-29,2020,B,1,485,"(1.0, 2.0)",54.464285714285715,108.92857142857143,54.464285714285715,7.0,EOD,569,ESZ0,0.965
2020-10-29,2020,B,1,485,"(1.2, 1.5)",65.35714285714286,81.69642857142857,54.464285714285715,7.0,EOD,569,ESZ0,0.965
2020-10-29,2020,B,1,485,"(1.2, 1.75)",65.35714285714286,95.3125,54.464285714285715,7.0,EOD,569,ESZ0,0.965
2020-10-29,2020,B,1,485,"(1.2, 2.0)",65.35714285714286,108.92857142857143,54.464285714285715,7.0,EOD,569,ESZ0,0.965
2020-10-29,2020,B,1,485,"(0.179, 0.247)",9.749107142857143,13.45267857142857,54.464285714285715,13.45267857142835,TP,516,ESZ0,0.965
2020-11-04,2020,B,-1,400,"(0.8, 1.5)",49.68571428571428,93.16071428571428,62.107142857142854,-28.75,EOD,569,ESZ0,0.965
2020-11-04,2020,B,-1,400,"(0.8, 1.75)",49.68571428571428,108.6875,62.107142857142854,-28.75,EOD,569,ESZ0,0.965
2020-11-04,2020,B,-1,400,"(0.8, 2.0)",49.68571428571428,124.21428571428571,62.107142857142854,-28.75,EOD,569,ESZ0,0.965
2020-11-04,2020,B,-1,400,"(1.0, 1.5)",62.107142857142854,93.16071428571428,62.107142857142854,-28.75,EOD,569,ESZ0,0.965
2020-11-04,2020,B,-1,400,"(1.0, 1.75)",62.107142857142854,108.6875,62.107142857142854,-28.75,EOD,569,ESZ0,0.965
2020-11-04,2020,B,-1,400,"(1.0, 2.0)",62.107142857142854,124.21428571428571,62.107142857142854,-28.75,EOD,569,ESZ0,0.965
2020-11-04,2020,B,-1,400,"(1.2, 1.5)",74.52857142857142,93.16071428571428,62.107142857142854,-28.75,EOD,569,ESZ0,0.965
2020-11-04,2020,B,-1,400,"(1.2, 1.75)",74.52857142857142,108.6875,62.107142857142854,-28.75,EOD,569,ESZ0,0.965
2020-11-04,2020,B,-1,400,"(1.2, 2.0)",74.52857142857142,124.21428571428571,62.107142857142854,-28.75,EOD,569,ESZ0,0.965
2020-11-04,2020,B,-1,400,"(0.179, 0.247)",11.117178571428571,15.340464285714285,62.107142857142854,-11.117178571428667,SL,434,ESZ0,0.965
2020-11-06,2020,B,1,520,"(0.8, 1.5)",56.67142857142857,106.25892857142856,70.83928571428571,10.0,EOD,569,ESZ0,0.965
2020-11-06,2020,B,1,520,"(0.8, 1.75)",56.67142857142857,123.96874999999999,70.83928571428571,10.0,EOD,569,ESZ0,0.965
2020-11-06,2020,B,1,520,"(0.8, 2.0)",56.67142857142857,141.67857142857142,70.83928571428571,10.0,EOD,569,ESZ0,0.965
2020-11-06,2020,B,1,520,"(1.0, 1.5)",70.83928571428571,106.25892857142856,70.83928571428571,10.0,EOD,569,ESZ0,0.965
2020-11-06,2020,B,1,520,"(1.0, 1.75)",70.83928571428571,123.96874999999999,70.83928571428571,10.0,EOD,569,ESZ0,0.965
2020-11-06,2020,B,1,520,"(1.0, 2.0)",70.83928571428571,141.67857142857142,70.83928571428571,10.0,EOD,569,ESZ0,0.965
2020-11-06,2020,B,1,520,"(1.2, 1.5)",85.00714285714285,106.25892857142856,70.83928571428571,10.0,EOD,569,ESZ0,0.965
2020-11-06,2020,B,1,520,"(1.2, 1.75)",85.00714285714285,123.96874999999999,70.83928571428571,10.0,EOD,569,ESZ0,0.965
2020-11-06,2020,B,1,520,"(1.2, 2.0)",85.00714285714285,141.67857142857142,70.83928571428571,10.0,EOD,569,ESZ0,0.965
2020-11-06,2020,B,1,520,"(0.179, 0.247)",12.680232142857141,17.49730357142857,70.83928571428571,17.497303571428347,TP,554,ESZ0,0.965
2020-11-12,2020,B,1,430,"(0.8, 1.5)",59.7,111.9375,74.625,5.25,EOD,569,ESZ0,0.965
2020-11-12,2020,B,1,430,"(0.8, 1.75)",59.7,130.59375,74.625,5.25,EOD,569,ESZ0,0.965
2020-11-12,2020,B,1,430,"(0.8, 2.0)",59.7,149.25,74.625,5.25,EOD,569,ESZ0,0.965
2020-11-12,2020,B,1,430,"(1.0, 1.5)",74.625,111.9375,74.625,5.25,EOD,569,ESZ0,0.965
2020-11-12,2020,B,1,430,"(1.0, 1.75)",74.625,130.59375,74.625,5.25,EOD,569,ESZ0,0.965
2020-11-12,2020,B,1,430,"(1.0, 2.0)",74.625,149.25,74.625,5.25,EOD,569,ESZ0,0.965
2020-11-12,2020,B,1,430,"(1.2, 1.5)",89.55,111.9375,74.625,5.25,EOD,569,ESZ0,0.965
2020-11-12,2020,B,1,430,"(1.2, 1.75)",89.55,130.59375,74.625,5.25,EOD,569,ESZ0,0.965
2020-11-12,2020,B,1,430,"(1.2, 2.0)",89.55,149.25,74.625,5.25,EOD,569,ESZ0,0.965
2020-11-12,2020,B,1,430,"(0.179, 0.247)",13.357875,18.432375,74.625,5.25,EOD,569,ESZ0,0.965
2020-11-13,2020,B,-1,330,"(0.8, 1.5)",61.12857142857143,114.61607142857144,76.41071428571429,10.25,EOD,569,ESZ0,0.965
2020-11-13,2020,B,-1,330,"(0.8, 1.75)",61.12857142857143,133.71875,76.41071428571429,10.25,EOD,569,ESZ0,0.965
2020-11-13,2020,B,-1,330,"(0.8, 2.0)",61.12857142857143,152.82142857142858,76.41071428571429,10.25,EOD,569,ESZ0,0.965
2020-11-13,2020,B,-1,330,"(1.0, 1.5)",76.41071428571429,114.61607142857144,76.41071428571429,10.25,EOD,569,ESZ0,0.965
2020-11-13,2020,B,-1,330,"(1.0, 1.75)",76.41071428571429,133.71875,76.41071428571429,10.25,EOD,569,ESZ0,0.965
2020-11-13,2020,B,-1,330,"(1.0, 2.0)",76.41071428571429,152.82142857142858,76.41071428571429,10.25,EOD,569,ESZ0,0.965
2020-11-13,2020,B,-1,330,"(1.2, 1.5)",91.69285714285715,114.61607142857144,76.41071428571429,10.25,EOD,569,ESZ0,0.965
2020-11-13,2020,B,-1,330,"(1.2, 1.75)",91.69285714285715,133.71875,76.41071428571429,10.25,EOD,569,ESZ0,0.965
2020-11-13,2020,B,-1,330,"(1.2, 2.0)",91.69285714285715,152.82142857142858,76.41071428571429,10.25,EOD,569,ESZ0,0.965
2020-11-13,2020,B,-1,330,"(0.179, 0.247)",13.677517857142858,18.87344642857143,76.41071428571429,10.25,EOD,569,ESZ0,0.965
2020-11-23,2020,B,-1,455,"(0.8, 1.5)",49.67142857142858,93.13392857142857,62.089285714285715,3.25,EOD,569,ESZ0,0.965
2020-11-23,2020,B,-1,455,"(0.8, 1.75)",49.67142857142858,108.65625,62.089285714285715,3.25,EOD,569,ESZ0,0.965
2020-11-23,2020,B,-1,455,"(0.8, 2.0)",49.67142857142858,124.17857142857143,62.089285714285715,3.25,EOD,569,ESZ0,0.965
2020-11-23,2020,B,-1,455,"(1.0, 1.5)",62.089285714285715,93.13392857142857,62.089285714285715,3.25,EOD,569,ESZ0,0.965
2020-11-23,2020,B,-1,455,"(1.0, 1.75)",62.089285714285715,108.65625,62.089285714285715,3.25,EOD,569,ESZ0,0.965
2020-11-23,2020,B,-1,455,"(1.0, 2.0)",62.089285714285715,124.17857142857143,62.089285714285715,3.25,EOD,569,ESZ0,0.965
2020-11-23,2020,B,-1,455,"(1.2, 1.5)",74.50714285714285,93.13392857142857,62.089285714285715,3.25,EOD,569,ESZ0,0.965
2020-11-23,2020,B,-1,455,"(1.2, 1.75)",74.50714285714285,108.65625,62.089285714285715,3.25,EOD,569,ESZ0,0.965
2020-11-23,2020,B,-1,455,"(1.2, 2.0)",74.50714285714285,124.17857142857143,62.089285714285715,3.25,EOD,569,ESZ0,0.965
2020-11-23,2020,B,-1,455,"(0.179, 0.247)",11.113982142857143,15.336053571428572,62.089285714285715,3.25,EOD,569,ESZ0,0.965
2020-11-30,2020,B,1,500,"(0.8, 1.5)",31.971428571428575,59.94642857142857,39.964285714285715,0.0,EOD,569,ESZ0,0.965
2020-11-30,2020,B,1,500,"(0.8, 1.75)",31.971428571428575,69.9375,39.964285714285715,0.0,EOD,569,ESZ0,0.965
2020-11-30,2020,B,1,500,"(0.8, 2.0)",31.971428571428575,79.92857142857143,39.964285714285715,0.0,EOD,569,ESZ0,0.965
2020-11-30,2020,B,1,500,"(1.0, 1.5)",39.964285714285715,59.94642857142857,39.964285714285715,0.0,EOD,569,ESZ0,0.965
2020-11-30,2020,B,1,500,"(1.0, 1.75)",39.964285714285715,69.9375,39.964285714285715,0.0,EOD,569,ESZ0,0.965
2020-11-30,2020,B,1,500,"(1.0, 2.0)",39.964285714285715,79.92857142857143,39.964285714285715,0.0,EOD,569,ESZ0,0.965
2020-11-30,2020,B,1,500,"(1.2, 1.5)",47.957142857142856,59.94642857142857,39.964285714285715,0.0,EOD,569,ESZ0,0.965
2020-11-30,2020,B,1,500,"(1.2, 1.75)",47.957142857142856,69.9375,39.964285714285715,0.0,EOD,569,ESZ0,0.965
2020-11-30,2020,B,1,500,"(1.2, 2.0)",47.957142857142856,79.92857142857143,39.964285714285715,0.0,EOD,569,ESZ0,0.965
2020-11-30,2020,B,1,500,"(0.179, 0.247)",7.153607142857143,9.87117857142857,39.964285714285715,0.0,EOD,569,ESZ0,0.965
2020-12-02,2020,B,1,450,"(0.8, 1.5)",33.142857142857146,62.142857142857146,41.42857142857143,-2.25,EOD,569,ESZ0,0.965
2020-12-02,2020,B,1,450,"(0.8, 1.75)",33.142857142857146,72.5,41.42857142857143,-2.25,EOD,569,ESZ0,0.965
2020-12-02,2020,B,1,450,"(0.8, 2.0)",33.142857142857146,82.85714285714286,41.42857142857143,-2.25,EOD,569,ESZ0,0.965
2020-12-02,2020,B,1,450,"(1.0, 1.5)",41.42857142857143,62.142857142857146,41.42857142857143,-2.25,EOD,569,ESZ0,0.965
2020-12-02,2020,B,1,450,"(1.0, 1.75)",41.42857142857143,72.5,41.42857142857143,-2.25,EOD,569,ESZ0,0.965
2020-12-02,2020,B,1,450,"(1.0, 2.0)",41.42857142857143,82.85714285714286,41.42857142857143,-2.25,EOD,569,ESZ0,0.965
2020-12-02,2020,B,1,450,"(1.2, 1.5)",49.714285714285715,62.142857142857146,41.42857142857143,-2.25,EOD,569,ESZ0,0.965
2020-12-02,2020,B,1,450,"(1.2, 1.75)",49.714285714285715,72.5,41.42857142857143,-2.25,EOD,569,ESZ0,0.965
2020-12-02,2020,B,1,450,"(1.2, 2.0)",49.714285714285715,82.85714285714286,41.42857142857143,-2.25,EOD,569,ESZ0,0.965
2020-12-02,2020,B,1,450,"(0.179, 0.247)",7.4157142857142855,10.232857142857144,41.42857142857143,-2.25,EOD,569,ESZ0,0.965
2020-12-09,2020,B,-1,550,"(0.8, 1.5)",26.785714285714285,50.22321428571428,33.482142857142854,-0.75,EOD,569,ESZ0,0.965
2020-12-09,2020,B,-1,550,"(0.8, 1.75)",26.785714285714285,58.59374999999999,33.482142857142854,-0.75,EOD,569,ESZ0,0.965
2020-12-09,2020,B,-1,550,"(0.8, 2.0)",26.785714285714285,66.96428571428571,33.482142857142854,-0.75,EOD,569,ESZ0,0.965
2020-12-09,2020,B,-1,550,"(1.0, 1.5)",33.482142857142854,50.22321428571428,33.482142857142854,-0.75,EOD,569,ESZ0,0.965
2020-12-09,2020,B,-1,550,"(1.0, 1.75)",33.482142857142854,58.59374999999999,33.482142857142854,-0.75,EOD,569,ESZ0,0.965
2020-12-09,2020,B,-1,550,"(1.0, 2.0)",33.482142857142854,66.96428571428571,33.482142857142854,-0.75,EOD,569,ESZ0,0.965
2020-12-09,2020,B,-1,550,"(1.2, 1.5)",40.17857142857142,50.22321428571428,33.482142857142854,-0.75,EOD,569,ESZ0,0.965
2020-12-09,2020,B,-1,550,"(1.2, 1.75)",40.17857142857142,58.59374999999999,33.482142857142854,-0.75,EOD,569,ESZ0,0.965
2020-12-09,2020,B,-1,550,"(1.2, 2.0)",40.17857142857142,66.96428571428571,33.482142857142854,-0.75,EOD,569,ESZ0,0.965
2020-12-09,2020,B,-1,550,"(0.179, 0.247)",5.99330357142857,8.270089285714285,33.482142857142854,-0.75,EOD,569,ESZ0,0.965
2020-12-10,2020,B,1,530,"(0.8, 1.5)",27.385714285714286,51.34821428571428,34.232142857142854,-8.25,EOD,569,ESZ0,0.965
2020-12-10,2020,B,1,530,"(0.8, 1.75)",27.385714285714286,59.90624999999999,34.232142857142854,-8.25,EOD,569,ESZ0,0.965
2020-12-10,2020,B,1,530,"(0.8, 2.0)",27.385714285714286,68.46428571428571,34.232142857142854,-8.25,EOD,569,ESZ0,0.965
2020-12-10,2020,B,1,530,"(1.0, 1.5)",34.232142857142854,51.34821428571428,34.232142857142854,-8.25,EOD,569,ESZ0,0.965
2020-12-10,2020,B,1,530,"(1.0, 1.75)",34.232142857142854,59.90624999999999,34.232142857142854,-8.25,EOD,569,ESZ0,0.965
2020-12-10,2020,B,1,530,"(1.0, 2.0)",34.232142857142854,68.46428571428571,34.232142857142854,-8.25,EOD,569,ESZ0,0.965
2020-12-10,2020,B,1,530,"(1.2, 1.5)",41.07857142857142,51.34821428571428,34.232142857142854,-8.25,EOD,569,ESZ0,0.965
2020-12-10,2020,B,1,530,"(1.2, 1.75)",41.07857142857142,59.90624999999999,34.232142857142854,-8.25,EOD,569,ESZ0,0.965
2020-12-10,2020,B,1,530,"(1.2, 2.0)",41.07857142857142,68.46428571428571,34.232142857142854,-8.25,EOD,569,ESZ0,0.965
2020-12-10,2020,B,1,530,"(0.179, 0.247)",6.127553571428571,8.455339285714285,34.232142857142854,-6.127553571428507,SL,534,ESZ0,0.965
2020-12-22,2020,B,-1,430,"(0.8, 1.5)",30.01428571428572,56.27678571428572,37.517857142857146,5.5,EOD,569,ESH1,0.965
2020-12-22,2020,B,-1,430,"(0.8, 1.75)",30.01428571428572,65.65625,37.517857142857146,5.5,EOD,569,ESH1,0.965
2020-12-22,2020,B,-1,430,"(0.8, 2.0)",30.01428571428572,75.03571428571429,37.517857142857146,5.5,EOD,569,ESH1,0.965
2020-12-22,2020,B,-1,430,"(1.0, 1.5)",37.517857142857146,56.27678571428572,37.517857142857146,5.5,EOD,569,ESH1,0.965
2020-12-22,2020,B,-1,430,"(1.0, 1.75)",37.517857142857146,65.65625,37.517857142857146,5.5,EOD,569,ESH1,0.965
2020-12-22,2020,B,-1,430,"(1.0, 2.0)",37.517857142857146,75.03571428571429,37.517857142857146,5.5,EOD,569,ESH1,0.965
2020-12-22,2020,B,-1,430,"(1.2, 1.5)",45.02142857142857,56.27678571428572,37.517857142857146,5.5,EOD,569,ESH1,0.965
2020-12-22,2020,B,-1,430,"(1.2, 1.75)",45.02142857142857,65.65625,37.517857142857146,5.5,EOD,569,ESH1,0.965
2020-12-22,2020,B,-1,430,"(1.2, 2.0)",45.02142857142857,75.03571428571429,37.517857142857146,5.5,EOD,569,ESH1,0.965
2020-12-22,2020,B,-1,430,"(0.179, 0.247)",6.7156964285714285,9.266910714285714,37.517857142857146,5.5,EOD,569,ESH1,0.965
2020-12-23,2020,B,-1,535,"(0.8, 1.5)",29.771428571428572,55.82142857142857,37.214285714285715,0.5,EOD,569,ESH1,0.965
2020-12-23,2020,B,-1,535,"(0.8, 1.75)",29.771428571428572,65.125,37.214285714285715,0.5,EOD,569,ESH1,0.965
2020-12-23,2020,B,-1,535,"(0.8, 2.0)",29.771428571428572,74.42857142857143,37.214285714285715,0.5,EOD,569,ESH1,0.965
2020-12-23,2020,B,-1,535,"(1.0, 1.5)",37.214285714285715,55.82142857142857,37.214285714285715,0.5,EOD,569,ESH1,0.965
2020-12-23,2020,B,-1,535,"(1.0, 1.75)",37.214285714285715,65.125,37.214285714285715,0.5,EOD,569,ESH1,0.965
2020-12-23,2020,B,-1,535,"(1.0, 2.0)",37.214285714285715,74.42857142857143,37.214285714285715,0.5,EOD,569,ESH1,0.965
2020-12-23,2020,B,-1,535,"(1.2, 1.5)",44.65714285714286,55.82142857142857,37.214285714285715,0.5,EOD,569,ESH1,0.965
2020-12-23,2020,B,-1,535,"(1.2, 1.75)",44.65714285714286,65.125,37.214285714285715,0.5,EOD,569,ESH1,0.965
2020-12-23,2020,B,-1,535,"(1.2, 2.0)",44.65714285714286,74.42857142857143,37.214285714285715,0.5,EOD,569,ESH1,0.965
2020-12-23,2020,B,-1,535,"(0.179, 0.247)",6.661357142857143,9.191928571428571,37.214285714285715,0.5,EOD,569,ESH1,0.965
2021-01-21,2021,B,-1,520,"(0.8, 1.5)",37.385714285714286,70.09821428571428,46.732142857142854,1.75,EOD,569,ESH1,0.84
2021-01-21,2021,B,-1,520,"(0.8, 1.75)",37.385714285714286,81.78125,46.732142857142854,1.75,EOD,569,ESH1,0.84
2021-01-21,2021,B,-1,520,"(0.8, 2.0)",37.385714285714286,93.46428571428571,46.732142857142854,1.75,EOD,569,ESH1,0.84
2021-01-21,2021,B,-1,520,"(1.0, 1.5)",46.732142857142854,70.09821428571428,46.732142857142854,1.75,EOD,569,ESH1,0.84
2021-01-21,2021,B,-1,520,"(1.0, 1.75)",46.732142857142854,81.78125,46.732142857142854,1.75,EOD,569,ESH1,0.84
2021-01-21,2021,B,-1,520,"(1.0, 2.0)",46.732142857142854,93.46428571428571,46.732142857142854,1.75,EOD,569,ESH1,0.84
2021-01-21,2021,B,-1,520,"(1.2, 1.5)",56.07857142857142,70.09821428571428,46.732142857142854,1.75,EOD,569,ESH1,0.84
2021-01-21,2021,B,-1,520,"(1.2, 1.75)",56.07857142857142,81.78125,46.732142857142854,1.75,EOD,569,ESH1,0.84
2021-01-21,2021,B,-1,520,"(1.2, 2.0)",56.07857142857142,93.46428571428571,46.732142857142854,1.75,EOD,569,ESH1,0.84
2021-01-21,2021,B,-1,520,"(0.179, 0.247)",8.36505357142857,11.542839285714285,46.732142857142854,1.75,EOD,569,ESH1,0.84
2021-01-25,2021,B,-1,445,"(0.8, 1.5)",31.585714285714285,59.22321428571428,39.482142857142854,2.0,EOD,569,ESH1,0.84
2021-01-25,2021,B,-1,445,"(0.8, 1.75)",31.585714285714285,69.09375,39.482142857142854,2.0,EOD,569,ESH1,0.84
2021-01-25,2021,B,-1,445,"(0.8, 2.0)",31.585714285714285,78.96428571428571,39.482142857142854,2.0,EOD,569,ESH1,0.84
2021-01-25,2021,B,-1,445,"(1.0, 1.5)",39.482142857142854,59.22321428571428,39.482142857142854,2.0,EOD,569,ESH1,0.84
2021-01-25,2021,B,-1,445,"(1.0, 1.75)",39.482142857142854,69.09375,39.482142857142854,2.0,EOD,569,ESH1,0.84
2021-01-25,2021,B,-1,445,"(1.0, 2.0)",39.482142857142854,78.96428571428571,39.482142857142854,2.0,EOD,569,ESH1,0.84
2021-01-25,2021,B,-1,445,"(1.2, 1.5)",47.378571428571426,59.22321428571428,39.482142857142854,2.0,EOD,569,ESH1,0.84
2021-01-25,2021,B,-1,445,"(1.2, 1.75)",47.378571428571426,69.09375,39.482142857142854,2.0,EOD,569,ESH1,0.84
2021-01-25,2021,B,-1,445,"(1.2, 2.0)",47.378571428571426,78.96428571428571,39.482142857142854,2.0,EOD,569,ESH1,0.84
2021-01-25,2021,B,-1,445,"(0.179, 0.247)",7.067303571428571,9.752089285714284,39.482142857142854,9.752089285714192,TP,472,ESH1,0.84
2021-01-26,2021,B,-1,420,"(0.8, 1.5)",32.65714285714286,61.232142857142854,40.82142857142857,-10.0,EOD,569,ESH1,0.84
2021-01-26,2021,B,-1,420,"(0.8, 1.75)",32.65714285714286,71.4375,40.82142857142857,-10.0,EOD,569,ESH1,0.84
2021-01-26,2021,B,-1,420,"(0.8, 2.0)",32.65714285714286,81.64285714285714,40.82142857142857,-10.0,EOD,569,ESH1,0.84
2021-01-26,2021,B,-1,420,"(1.0, 1.5)",40.82142857142857,61.232142857142854,40.82142857142857,-10.0,EOD,569,ESH1,0.84
2021-01-26,2021,B,-1,420,"(1.0, 1.75)",40.82142857142857,71.4375,40.82142857142857,-10.0,EOD,569,ESH1,0.84
2021-01-26,2021,B,-1,420,"(1.0, 2.0)",40.82142857142857,81.64285714285714,40.82142857142857,-10.0,EOD,569,ESH1,0.84
2021-01-26,2021,B,-1,420,"(1.2, 1.5)",48.98571428571428,61.232142857142854,40.82142857142857,-10.0,EOD,569,ESH1,0.84
2021-01-26,2021,B,-1,420,"(1.2, 1.75)",48.98571428571428,71.4375,40.82142857142857,-10.0,EOD,569,ESH1,0.84
2021-01-26,2021,B,-1,420,"(1.2, 2.0)",48.98571428571428,81.64285714285714,40.82142857142857,-10.0,EOD,569,ESH1,0.84
2021-01-26,2021,B,-1,420,"(0.179, 0.247)",7.307035714285713,10.082892857142857,40.82142857142857,-7.3070357142855755,SL,426,ESH1,0.84
2021-02-16,2021,B,1,370,"(0.8, 1.5)",40.74285714285715,76.39285714285714,50.92857142857143,-4.75,EOD,569,ESH1,0.84
2021-02-16,2021,B,1,370,"(0.8, 1.75)",40.74285714285715,89.125,50.92857142857143,-4.75,EOD,569,ESH1,0.84
2021-02-16,2021,B,1,370,"(0.8, 2.0)",40.74285714285715,101.85714285714286,50.92857142857143,-4.75,EOD,569,ESH1,0.84
2021-02-16,2021,B,1,370,"(1.0, 1.5)",50.92857142857143,76.39285714285714,50.92857142857143,-4.75,EOD,569,ESH1,0.84
2021-02-16,2021,B,1,370,"(1.0, 1.75)",50.92857142857143,89.125,50.92857142857143,-4.75,EOD,569,ESH1,0.84
2021-02-16,2021,B,1,370,"(1.0, 2.0)",50.92857142857143,101.85714285714286,50.92857142857143,-4.75,EOD,569,ESH1,0.84
2021-02-16,2021,B,1,370,"(1.2, 1.5)",61.114285714285714,76.39285714285714,50.92857142857143,-4.75,EOD,569,ESH1,0.84
2021-02-16,2021,B,1,370,"(1.2, 1.75)",61.114285714285714,89.125,50.92857142857143,-4.75,EOD,569,ESH1,0.84
2021-02-16,2021,B,1,370,"(1.2, 2.0)",61.114285714285714,101.85714285714286,50.92857142857143,-4.75,EOD,569,ESH1,0.84
2021-02-16,2021,B,1,370,"(0.179, 0.247)",9.116214285714285,12.579357142857143,50.92857142857143,-9.11621428571425,SL,543,ESH1,0.84
2021-02-17,2021,B,1,530,"(0.8, 1.5)",35.74285714285715,67.01785714285714,44.67857142857143,-12.5,EOD,569,ESH1,0.84
2021-02-17,2021,B,1,530,"(0.8, 1.75)",35.74285714285715,78.1875,44.67857142857143,-12.5,EOD,569,ESH1,0.84
2021-02-17,2021,B,1,530,"(0.8, 2.0)",35.74285714285715,89.35714285714286,44.67857142857143,-12.5,EOD,569,ESH1,0.84
2021-02-17,2021,B,1,530,"(1.0, 1.5)",44.67857142857143,67.01785714285714,44.67857142857143,-12.5,EOD,569,ESH1,0.84
2021-02-17,2021,B,1,530,"(1.0, 1.75)",44.67857142857143,78.1875,44.67857142857143,-12.5,EOD,569,ESH1,0.84
2021-02-17,2021,B,1,530,"(1.0, 2.0)",44.67857142857143,89.35714285714286,44.67857142857143,-12.5,EOD,569,ESH1,0.84
2021-02-17,2021,B,1,530,"(1.2, 1.5)",53.614285714285714,67.01785714285714,44.67857142857143,-12.5,EOD,569,ESH1,0.84
2021-02-17,2021,B,1,530,"(1.2, 1.75)",53.614285714285714,78.1875,44.67857142857143,-12.5,EOD,569,ESH1,0.84
2021-02-17,2021,B,1,530,"(1.2, 2.0)",53.614285714285714,89.35714285714286,44.67857142857143,-12.5,EOD,569,ESH1,0.84
2021-02-17,2021,B,1,530,"(0.179, 0.247)",7.997464285714286,11.035607142857144,44.67857142857143,-7.997464285714159,SL,532,ESH1,0.84
2021-02-18,2021,B,1,550,"(0.8, 1.5)",33.4,62.625,41.75,1.75,EOD,569,ESH1,0.84
2021-02-18,2021,B,1,550,"(0.8, 1.75)",33.4,73.0625,41.75,1.75,EOD,569,ESH1,0.84
2021-02-18,2021,B,1,550,"(0.8, 2.0)",33.4,83.5,41.75,1.75,EOD,569,ESH1,0.84
2021-02-18,2021,B,1,550,"(1.0, 1.5)",41.75,62.625,41.75,1.75,EOD,569,ESH1,0.84
2021-02-18,2021,B,1,550,"(1.0, 1.75)",41.75,73.0625,41.75,1.75,EOD,569,ESH1,0.84
2021-02-18,2021,B,1,550,"(1.0, 2.0)",41.75,83.5,41.75,1.75,EOD,569,ESH1,0.84
2021-02-18,2021,B,1,550,"(1.2, 1.5)",50.1,62.625,41.75,1.75,EOD,569,ESH1,0.84
2021-02-18,2021,B,1,550,"(1.2, 1.75)",50.1,73.0625,41.75,1.75,EOD,569,ESH1,0.84
2021-02-18,2021,B,1,550,"(1.2, 2.0)",50.1,83.5,41.75,1.75,EOD,569,ESH1,0.84
2021-02-18,2021,B,1,550,"(0.179, 0.247)",7.473249999999999,10.31225,41.75,1.75,EOD,569,ESH1,0.84
2021-02-24,2021,B,-1,455,"(0.8, 1.5)",29.257142857142856,54.857142857142854,36.57142857142857,23.75,EOD,569,ESH1,0.84
2021-02-24,2021,B,-1,455,"(0.8, 1.75)",29.257142857142856,64.0,36.57142857142857,23.75,EOD,569,ESH1,0.84
2021-02-24,2021,B,-1,455,"(0.8, 2.0)",29.257142857142856,73.14285714285714,36.57142857142857,23.75,EOD,569,ESH1,0.84
2021-02-24,2021,B,-1,455,"(1.0, 1.5)",36.57142857142857,54.857142857142854,36.57142857142857,23.75,EOD,569,ESH1,0.84
2021-02-24,2021,B,-1,455,"(1.0, 1.75)",36.57142857142857,64.0,36.57142857142857,23.75,EOD,569,ESH1,0.84
2021-02-24,2021,B,-1,455,"(1.0, 2.0)",36.57142857142857,73.14285714285714,36.57142857142857,23.75,EOD,569,ESH1,0.84
2021-02-24,2021,B,-1,455,"(1.2, 1.5)",43.88571428571428,54.857142857142854,36.57142857142857,23.75,EOD,569,ESH1,0.84
2021-02-24,2021,B,-1,455,"(1.2, 1.75)",43.88571428571428,64.0,36.57142857142857,23.75,EOD,569,ESH1,0.84
2021-02-24,2021,B,-1,455,"(1.2, 2.0)",43.88571428571428,73.14285714285714,36.57142857142857,23.75,EOD,569,ESH1,0.84
2021-02-24,2021,B,-1,455,"(0.179, 0.247)",6.546285714285713,9.033142857142856,36.57142857142857,-6.546285714285659,SL,472,ESH1,0.84
2021-03-03,2021,B,1,520,"(0.8, 1.5)",42.91428571428572,80.46428571428572,53.642857142857146,-5.5,EOD,569,ESH1,0.84
2021-03-03,2021,B,1,520,"(0.8, 1.75)",42.91428571428572,93.875,53.642857142857146,-5.5,EOD,569,ESH1,0.84
2021-03-03,2021,B,1,520,"(0.8, 2.0)",42.91428571428572,107.28571428571429,53.642857142857146,-5.5,EOD,569,ESH1,0.84
2021-03-03,2021,B,1,520,"(1.0, 1.5)",53.642857142857146,80.46428571428572,53.642857142857146,-5.5,EOD,569,ESH1,0.84
2021-03-03,2021,B,1,520,"(1.0, 1.75)",53.642857142857146,93.875,53.642857142857146,-5.5,EOD,569,ESH1,0.84
2021-03-03,2021,B,1,520,"(1.0, 2.0)",53.642857142857146,107.28571428571429,53.642857142857146,-5.5,EOD,569,ESH1,0.84
2021-03-03,2021,B,1,520,"(1.2, 1.5)",64.37142857142857,80.46428571428572,53.642857142857146,-5.5,EOD,569,ESH1,0.84
2021-03-03,2021,B,1,520,"(1.2, 1.75)",64.37142857142857,93.875,53.642857142857146,-5.5,EOD,569,ESH1,0.84
2021-03-03,2021,B,1,520,"(1.2, 2.0)",64.37142857142857,107.28571428571429,53.642857142857146,-5.5,EOD,569,ESH1,0.84
2021-03-03,2021,B,1,520,"(0.179, 0.247)",9.60207142857143,13.249785714285714,53.642857142857146,-9.602071428571435,SL,525,ESH1,0.84
2021-03-25,2021,B,1,450,"(0.8, 1.5)",44.48571428571429,83.41071428571428,55.607142857142854,-16.0,EOD,569,ESM1,0.84
2021-03-25,2021,B,1,450,"(0.8, 1.75)",44.48571428571429,97.3125,55.607142857142854,-16.0,EOD,569,ESM1,0.84
2021-03-25,2021,B,1,450,"(0.8, 2.0)",44.48571428571429,111.21428571428571,55.607142857142854,-16.0,EOD,569,ESM1,0.84
2021-03-25,2021,B,1,450,"(1.0, 1.5)",55.607142857142854,83.41071428571428,55.607142857142854,-16.0,EOD,569,ESM1,0.84
2021-03-25,2021,B,1,450,"(1.0, 1.75)",55.607142857142854,97.3125,55.607142857142854,-16.0,EOD,569,ESM1,0.84
2021-03-25,2021,B,1,450,"(1.0, 2.0)",55.607142857142854,111.21428571428571,55.607142857142854,-16.0,EOD,569,ESM1,0.84
2021-03-25,2021,B,1,450,"(1.2, 1.5)",66.72857142857143,83.41071428571428,55.607142857142854,-16.0,EOD,569,ESM1,0.84
2021-03-25,2021,B,1,450,"(1.2, 1.75)",66.72857142857143,97.3125,55.607142857142854,-16.0,EOD,569,ESM1,0.84
2021-03-25,2021,B,1,450,"(1.2, 2.0)",66.72857142857143,111.21428571428571,55.607142857142854,-16.0,EOD,569,ESM1,0.84
2021-03-25,2021,B,1,450,"(0.179, 0.247)",9.95367857142857,13.734964285714284,55.607142857142854,-9.953678571428554,SL,470,ESM1,0.84
2021-03-26,2021,B,-1,425,"(0.8, 1.5)",41.32857142857143,77.49107142857143,51.660714285714285,-5.5,EOD,569,ESM1,0.84
2021-03-26,2021,B,-1,425,"(0.8, 1.75)",41.32857142857143,90.40625,51.660714285714285,-5.5,EOD,569,ESM1,0.84
2021-03-26,2021,B,-1,425,"(0.8, 2.0)",41.32857142857143,103.32142857142857,51.660714285714285,-5.5,EOD,569,ESM1,0.84
2021-03-26,2021,B,-1,425,"(1.0, 1.5)",51.660714285714285,77.49107142857143,51.660714285714285,-5.5,EOD,569,ESM1,0.84
2021-03-26,2021,B,-1,425,"(1.0, 1.75)",51.660714285714285,90.40625,51.660714285714285,-5.5,EOD,569,ESM1,0.84
2021-03-26,2021,B,-1,425,"(1.0, 2.0)",51.660714285714285,103.32142857142857,51.660714285714285,-5.5,EOD,569,ESM1,0.84
2021-03-26,2021,B,-1,425,"(1.2, 1.5)",61.99285714285714,77.49107142857143,51.660714285714285,-5.5,EOD,569,ESM1,0.84
2021-03-26,2021,B,-1,425,"(1.2, 1.75)",61.99285714285714,90.40625,51.660714285714285,-5.5,EOD,569,ESM1,0.84
2021-03-26,2021,B,-1,425,"(1.2, 2.0)",61.99285714285714,103.32142857142857,51.660714285714285,-5.5,EOD,569,ESM1,0.84
2021-03-26,2021,B,-1,425,"(0.179, 0.247)",9.247267857142857,12.760196428571428,51.660714285714285,-5.5,EOD,569,ESM1,0.84
2021-04-01,2021,B,-1,515,"(0.8, 1.5)",36.642857142857146,68.70535714285714,45.80357142857143,-4.5,EOD,569,ESM1,0.84
2021-04-01,2021,B,-1,515,"(0.8, 1.75)",36.642857142857146,80.15625,45.80357142857143,-4.5,EOD,569,ESM1,0.84
2021-04-01,2021,B,-1,515,"(0.8, 2.0)",36.642857142857146,91.60714285714286,45.80357142857143,-4.5,EOD,569,ESM1,0.84
2021-04-01,2021,B,-1,515,"(1.0, 1.5)",45.80357142857143,68.70535714285714,45.80357142857143,-4.5,EOD,569,ESM1,0.84
2021-04-01,2021,B,-1,515,"(1.0, 1.75)",45.80357142857143,80.15625,45.80357142857143,-4.5,EOD,569,ESM1,0.84
2021-04-01,2021,B,-1,515,"(1.0, 2.0)",45.80357142857143,91.60714285714286,45.80357142857143,-4.5,EOD,569,ESM1,0.84
2021-04-01,2021,B,-1,515,"(1.2, 1.5)",54.964285714285715,68.70535714285714,45.80357142857143,-4.5,EOD,569,ESM1,0.84
2021-04-01,2021,B,-1,515,"(1.2, 1.75)",54.964285714285715,80.15625,45.80357142857143,-4.5,EOD,569,ESM1,0.84
2021-04-01,2021,B,-1,515,"(1.2, 2.0)",54.964285714285715,91.60714285714286,45.80357142857143,-4.5,EOD,569,ESM1,0.84
2021-04-01,2021,B,-1,515,"(0.179, 0.247)",8.198839285714286,11.313482142857143,45.80357142857143,-4.5,EOD,569,ESM1,0.84
2021-04-07,2021,B,1,520,"(0.8, 1.5)",37.74285714285715,70.76785714285714,47.17857142857143,4.5,EOD,569,ESM1,0.84
2021-04-07,2021,B,1,520,"(0.8, 1.75)",37.74285714285715,82.5625,47.17857142857143,4.5,EOD,569,ESM1,0.84
2021-04-07,2021,B,1,520,"(0.8, 2.0)",37.74285714285715,94.35714285714286,47.17857142857143,4.5,EOD,569,ESM1,0.84
2021-04-07,2021,B,1,520,"(1.0, 1.5)",47.17857142857143,70.76785714285714,47.17857142857143,4.5,EOD,569,ESM1,0.84
2021-04-07,2021,B,1,520,"(1.0, 1.75)",47.17857142857143,82.5625,47.17857142857143,4.5,EOD,569,ESM1,0.84
2021-04-07,2021,B,1,520,"(1.0, 2.0)",47.17857142857143,94.35714285714286,47.17857142857143,4.5,EOD,569,ESM1,0.84
2021-04-07,2021,B,1,520,"(1.2, 1.5)",56.614285714285714,70.76785714285714,47.17857142857143,4.5,EOD,569,ESM1,0.84
2021-04-07,2021,B,1,520,"(1.2, 1.75)",56.614285714285714,82.5625,47.17857142857143,4.5,EOD,569,ESM1,0.84
2021-04-07,2021,B,1,520,"(1.2, 2.0)",56.614285714285714,94.35714285714286,47.17857142857143,4.5,EOD,569,ESM1,0.84
2021-04-07,2021,B,1,520,"(0.179, 0.247)",8.444964285714287,11.653107142857143,47.17857142857143,4.5,EOD,569,ESM1,0.84
2021-04-13,2021,B,-1,370,"(0.8, 1.5)",31.185714285714283,58.47321428571428,38.982142857142854,3.5,EOD,569,ESM1,0.84
2021-04-13,2021,B,-1,370,"(0.8, 1.75)",31.185714285714283,68.21875,38.982142857142854,3.5,EOD,569,ESM1,0.84
2021-04-13,2021,B,-1,370,"(0.8, 2.0)",31.185714285714283,77.96428571428571,38.982142857142854,3.5,EOD,569,ESM1,0.84
2021-04-13,2021,B,-1,370,"(1.0, 1.5)",38.982142857142854,58.47321428571428,38.982142857142854,3.5,EOD,569,ESM1,0.84
2021-04-13,2021,B,-1,370,"(1.0, 1.75)",38.982142857142854,68.21875,38.982142857142854,3.5,EOD,569,ESM1,0.84
2021-04-13,2021,B,-1,370,"(1.0, 2.0)",38.982142857142854,77.96428571428571,38.982142857142854,3.5,EOD,569,ESM1,0.84
2021-04-13,2021,B,-1,370,"(1.2, 1.5)",46.778571428571425,58.47321428571428,38.982142857142854,3.5,EOD,569,ESM1,0.84
2021-04-13,2021,B,-1,370,"(1.2, 1.75)",46.778571428571425,68.21875,38.982142857142854,3.5,EOD,569,ESM1,0.84
2021-04-13,2021,B,-1,370,"(1.2, 2.0)",46.778571428571425,77.96428571428571,38.982142857142854,3.5,EOD,569,ESM1,0.84
2021-04-13,2021,B,-1,370,"(0.179, 0.247)",6.977803571428571,9.628589285714284,38.982142857142854,9.628589285714042,TP,420,ESM1,0.84
2021-04-15,2021,B,-1,500,"(0.8, 1.5)",28.6,53.625,35.75,1.75,EOD,569,ESM1,0.84
2021-04-15,2021,B,-1,500,"(0.8, 1.75)",28.6,62.5625,35.75,1.75,EOD,569,ESM1,0.84
2021-04-15,2021,B,-1,500,"(0.8, 2.0)",28.6,71.5,35.75,1.75,EOD,569,ESM1,0.84
2021-04-15,2021,B,-1,500,"(1.0, 1.5)",35.75,53.625,35.75,1.75,EOD,569,ESM1,0.84
2021-04-15,2021,B,-1,500,"(1.0, 1.75)",35.75,62.5625,35.75,1.75,EOD,569,ESM1,0.84
2021-04-15,2021,B,-1,500,"(1.0, 2.0)",35.75,71.5,35.75,1.75,EOD,569,ESM1,0.84
2021-04-15,2021,B,-1,500,"(1.2, 1.5)",42.9,53.625,35.75,1.75,EOD,569,ESM1,0.84
2021-04-15,2021,B,-1,500,"(1.2, 1.75)",42.9,62.5625,35.75,1.75,EOD,569,ESM1,0.84
2021-04-15,2021,B,-1,500,"(1.2, 2.0)",42.9,71.5,35.75,1.75,EOD,569,ESM1,0.84
2021-04-15,2021,B,-1,500,"(0.179, 0.247)",6.399249999999999,8.83025,35.75,1.75,EOD,569,ESM1,0.84
2021-04-20,2021,B,1,345,"(0.8, 1.5)",24.642857142857142,46.20535714285714,30.803571428571427,0.0,EOD,569,ESM1,0.84
2021-04-20,2021,B,1,345,"(0.8, 1.75)",24.642857142857142,53.90625,30.803571428571427,0.0,EOD,569,ESM1,0.84
2021-04-20,2021,B,1,345,"(0.8, 2.0)",24.642857142857142,61.607142857142854,30.803571428571427,0.0,EOD,569,ESM1,0.84
2021-04-20,2021,B,1,345,"(1.0, 1.5)",30.803571428571427,46.20535714285714,30.803571428571427,0.0,EOD,569,ESM1,0.84
2021-04-20,2021,B,1,345,"(1.0, 1.75)",30.803571428571427,53.90625,30.803571428571427,0.0,EOD,569,ESM1,0.84
2021-04-20,2021,B,1,345,"(1.0, 2.0)",30.803571428571427,61.607142857142854,30.803571428571427,0.0,EOD,569,ESM1,0.84
2021-04-20,2021,B,1,345,"(1.2, 1.5)",36.96428571428571,46.20535714285714,30.803571428571427,0.0,EOD,569,ESM1,0.84
2021-04-20,2021,B,1,345,"(1.2, 1.75)",36.96428571428571,53.90625,30.803571428571427,0.0,EOD,569,ESM1,0.84
2021-04-20,2021,B,1,345,"(1.2, 2.0)",36.96428571428571,61.607142857142854,30.803571428571427,0.0,EOD,569,ESM1,0.84
2021-04-20,2021,B,1,345,"(0.179, 0.247)",5.513839285714285,7.6084821428571425,30.803571428571427,-5.513839285714312,SL,347,ESM1,0.84
2021-05-04,2021,B,1,420,"(0.8, 1.5)",28.942857142857147,54.267857142857146,36.17857142857143,-17.25,EOD,569,ESM1,0.84
2021-05-04,2021,B,1,420,"(0.8, 1.75)",28.942857142857147,63.3125,36.17857142857143,-17.25,EOD,569,ESM1,0.84
2021-05-04,2021,B,1,420,"(0.8, 2.0)",28.942857142857147,72.35714285714286,36.17857142857143,-17.25,EOD,569,ESM1,0.84
2021-05-04,2021,B,1,420,"(1.0, 1.5)",36.17857142857143,54.267857142857146,36.17857142857143,-17.25,EOD,569,ESM1,0.84
2021-05-04,2021,B,1,420,"(1.0, 1.75)",36.17857142857143,63.3125,36.17857142857143,-17.25,EOD,569,ESM1,0.84
2021-05-04,2021,B,1,420,"(1.0, 2.0)",36.17857142857143,72.35714285714286,36.17857142857143,-17.25,EOD,569,ESM1,0.84
2021-05-04,2021,B,1,420,"(1.2, 1.5)",43.41428571428572,54.267857142857146,36.17857142857143,-17.25,EOD,569,ESM1,0.84
2021-05-04,2021,B,1,420,"(1.2, 1.75)",43.41428571428572,63.3125,36.17857142857143,-17.25,EOD,569,ESM1,0.84
2021-05-04,2021,B,1,420,"(1.2, 2.0)",43.41428571428572,72.35714285714286,36.17857142857143,-17.25,EOD,569,ESM1,0.84
2021-05-04,2021,B,1,420,"(0.179, 0.247)",6.475964285714285,8.936107142857143,36.17857142857143,-6.475964285714326,SL,459,ESM1,0.84
2021-05-10,2021,B,-1,500,"(0.8, 1.5)",31.857142857142858,59.732142857142854,39.82142857142857,2.0,EOD,569,ESM1,0.84
2021-05-10,2021,B,-1,500,"(0.8, 1.75)",31.857142857142858,69.6875,39.82142857142857,2.0,EOD,569,ESM1,0.84
2021-05-10,2021,B,-1,500,"(0.8, 2.0)",31.857142857142858,79.64285714285714,39.82142857142857,2.0,EOD,569,ESM1,0.84
2021-05-10,2021,B,-1,500,"(1.0, 1.5)",39.82142857142857,59.732142857142854,39.82142857142857,2.0,EOD,569,ESM1,0.84
2021-05-10,2021,B,-1,500,"(1.0, 1.75)",39.82142857142857,69.6875,39.82142857142857,2.0,EOD,569,ESM1,0.84
2021-05-10,2021,B,-1,500,"(1.0, 2.0)",39.82142857142857,79.64285714285714,39.82142857142857,2.0,EOD,569,ESM1,0.84
2021-05-10,2021,B,-1,500,"(1.2, 1.5)",47.785714285714285,59.732142857142854,39.82142857142857,2.0,EOD,569,ESM1,0.84
2021-05-10,2021,B,-1,500,"(1.2, 1.75)",47.785714285714285,69.6875,39.82142857142857,2.0,EOD,569,ESM1,0.84
2021-05-10,2021,B,-1,500,"(1.2, 2.0)",47.785714285714285,79.64285714285714,39.82142857142857,2.0,EOD,569,ESM1,0.84
2021-05-10,2021,B,-1,500,"(0.179, 0.247)",7.128035714285714,9.835892857142856,39.82142857142857,2.0,EOD,569,ESM1,0.84
2021-05-12,2021,B,1,515,"(0.8, 1.5)",33.74285714285715,63.267857142857146,42.17857142857143,3.0,EOD,569,ESM1,0.84
2021-05-12,2021,B,1,515,"(0.8, 1.75)",33.74285714285715,73.8125,42.17857142857143,3.0,EOD,569,ESM1,0.84
2021-05-12,2021,B,1,515,"(0.8, 2.0)",33.74285714285715,84.35714285714286,42.17857142857143,3.0,EOD,569,ESM1,0.84
2021-05-12,2021,B,1,515,"(1.0, 1.5)",42.17857142857143,63.267857142857146,42.17857142857143,3.0,EOD,569,ESM1,0.84
2021-05-12,2021,B,1,515,"(1.0, 1.75)",42.17857142857143,73.8125,42.17857142857143,3.0,EOD,569,ESM1,0.84
2021-05-12,2021,B,1,515,"(1.0, 2.0)",42.17857142857143,84.35714285714286,42.17857142857143,3.0,EOD,569,ESM1,0.84
2021-05-12,2021,B,1,515,"(1.2, 1.5)",50.614285714285714,63.267857142857146,42.17857142857143,3.0,EOD,569,ESM1,0.84
2021-05-12,2021,B,1,515,"(1.2, 1.75)",50.614285714285714,73.8125,42.17857142857143,3.0,EOD,569,ESM1,0.84
2021-05-12,2021,B,1,515,"(1.2, 2.0)",50.614285714285714,84.35714285714286,42.17857142857143,3.0,EOD,569,ESM1,0.84
2021-05-12,2021,B,1,515,"(0.179, 0.247)",7.549964285714286,10.418107142857144,42.17857142857143,10.41810714285748,TP,524,ESM1,0.84
2021-05-13,2021,B,1,445,"(0.8, 1.5)",35.957142857142856,67.41964285714286,44.94642857142857,19.25,EOD,569,ESM1,0.84
2021-05-13,2021,B,1,445,"(0.8, 1.75)",35.957142857142856,78.65625,44.94642857142857,19.25,EOD,569,ESM1,0.84
2021-05-13,2021,B,1,445,"(0.8, 2.0)",35.957142857142856,89.89285714285714,44.94642857142857,19.25,EOD,569,ESM1,0.84
2021-05-13,2021,B,1,445,"(1.0, 1.5)",44.94642857142857,67.41964285714286,44.94642857142857,19.25,EOD,569,ESM1,0.84
2021-05-13,2021,B,1,445,"(1.0, 1.75)",44.94642857142857,78.65625,44.94642857142857,19.25,EOD,569,ESM1,0.84
2021-05-13,2021,B,1,445,"(1.0, 2.0)",44.94642857142857,89.89285714285714,44.94642857142857,19.25,EOD,569,ESM1,0.84
2021-05-13,2021,B,1,445,"(1.2, 1.5)",53.93571428571428,67.41964285714286,44.94642857142857,19.25,EOD,569,ESM1,0.84
2021-05-13,2021,B,1,445,"(1.2, 1.75)",53.93571428571428,78.65625,44.94642857142857,19.25,EOD,569,ESM1,0.84
2021-05-13,2021,B,1,445,"(1.2, 2.0)",53.93571428571428,89.89285714285714,44.94642857142857,19.25,EOD,569,ESM1,0.84
2021-05-13,2021,B,1,445,"(0.179, 0.247)",8.045410714285714,11.101767857142857,44.94642857142857,11.101767857142931,TP,489,ESM1,0.84
2021-05-14,2021,B,-1,520,"(0.8, 1.5)",36.5,68.4375,45.625,-8.75,EOD,569,ESM1,0.84
2021-05-14,2021,B,-1,520,"(0.8, 1.75)",36.5,79.84375,45.625,-8.75,EOD,569,ESM1,0.84
2021-05-14,2021,B,-1,520,"(0.8, 2.0)",36.5,91.25,45.625,-8.75,EOD,569,ESM1,0.84
2021-05-14,2021,B,-1,520,"(1.0, 1.5)",45.625,68.4375,45.625,-8.75,EOD,569,ESM1,0.84
2021-05-14,2021,B,-1,520,"(1.0, 1.75)",45.625,79.84375,45.625,-8.75,EOD,569,ESM1,0.84
2021-05-14,2021,B,-1,520,"(1.0, 2.0)",45.625,91.25,45.625,-8.75,EOD,569,ESM1,0.84
2021-05-14,2021,B,-1,520,"(1.2, 1.5)",54.75,68.4375,45.625,-8.75,EOD,569,ESM1,0.84
2021-05-14,2021,B,-1,520,"(1.2, 1.75)",54.75,79.84375,45.625,-8.75,EOD,569,ESM1,0.84
2021-05-14,2021,B,-1,520,"(1.2, 2.0)",54.75,91.25,45.625,-8.75,EOD,569,ESM1,0.84
2021-05-14,2021,B,-1,520,"(0.179, 0.247)",8.166875,11.269375,45.625,-8.16687499999989,SL,549,ESM1,0.84
2021-05-25,2021,B,-1,535,"(0.8, 1.5)",44.5,83.4375,55.625,-0.75,EOD,569,ESM1,0.84
2021-05-25,2021,B,-1,535,"(0.8, 1.75)",44.5,97.34375,55.625,-0.75,EOD,569,ESM1,0.84
2021-05-25,2021,B,-1,535,"(0.8, 2.0)",44.5,111.25,55.625,-0.75,EOD,569,ESM1,0.84
2021-05-25,2021,B,-1,535,"(1.0, 1.5)",55.625,83.4375,55.625,-0.75,EOD,569,ESM1,0.84
2021-05-25,2021,B,-1,535,"(1.0, 1.75)",55.625,97.34375,55.625,-0.75,EOD,569,ESM1,0.84
2021-05-25,2021,B,-1,535,"(1.0, 2.0)",55.625,111.25,55.625,-0.75,EOD,569,ESM1,0.84
2021-05-25,2021,B,-1,535,"(1.2, 1.5)",66.75,83.4375,55.625,-0.75,EOD,569,ESM1,0.84
2021-05-25,2021,B,-1,535,"(1.2, 1.75)",66.75,97.34375,55.625,-0.75,EOD,569,ESM1,0.84
2021-05-25,2021,B,-1,535,"(1.2, 2.0)",66.75,111.25,55.625,-0.75,EOD,569,ESM1,0.84
2021-05-25,2021,B,-1,535,"(0.179, 0.247)",9.956875,13.739374999999999,55.625,-0.75,EOD,569,ESM1,0.84
2021-05-27,2021,B,1,365,"(0.8, 1.5)",42.61428571428572,79.90178571428572,53.267857142857146,23.75,EOD,569,ESM1,0.84
2021-05-27,2021,B,1,365,"(0.8, 1.75)",42.61428571428572,93.21875,53.267857142857146,23.75,EOD,569,ESM1,0.84
2021-05-27,2021,B,1,365,"(0.8, 2.0)",42.61428571428572,106.53571428571429,53.267857142857146,23.75,EOD,569,ESM1,0.84
2021-05-27,2021,B,1,365,"(1.0, 1.5)",53.267857142857146,79.90178571428572,53.267857142857146,23.75,EOD,569,ESM1,0.84
2021-05-27,2021,B,1,365,"(1.0, 1.75)",53.267857142857146,93.21875,53.267857142857146,23.75,EOD,569,ESM1,0.84
2021-05-27,2021,B,1,365,"(1.0, 2.0)",53.267857142857146,106.53571428571429,53.267857142857146,23.75,EOD,569,ESM1,0.84
2021-05-27,2021,B,1,365,"(1.2, 1.5)",63.92142857142857,79.90178571428572,53.267857142857146,23.75,EOD,569,ESM1,0.84
2021-05-27,2021,B,1,365,"(1.2, 1.75)",63.92142857142857,93.21875,53.267857142857146,23.75,EOD,569,ESM1,0.84
2021-05-27,2021,B,1,365,"(1.2, 2.0)",63.92142857142857,106.53571428571429,53.267857142857146,23.75,EOD,569,ESM1,0.84
2021-05-27,2021,B,1,365,"(0.179, 0.247)",9.534946428571429,13.157160714285714,53.267857142857146,13.157160714285965,TP,480,ESM1,0.84
2021-05-28,2021,B,-1,535,"(0.8, 1.5)",41.385714285714286,77.59821428571428,51.732142857142854,-4.0,EOD,569,ESM1,0.84
2021-05-28,2021,B,-1,535,"(0.8, 1.75)",41.385714285714286,90.53125,51.732142857142854,-4.0,EOD,569,ESM1,0.84
2021-05-28,2021,B,-1,535,"(0.8, 2.0)",41.385714285714286,103.46428571428571,51.732142857142854,-4.0,EOD,569,ESM1,0.84
2021-05-28,2021,B,-1,535,"(1.0, 1.5)",51.732142857142854,77.59821428571428,51.732142857142854,-4.0,EOD,569,ESM1,0.84
2021-05-28,2021,B,-1,535,"(1.0, 1.75)",51.732142857142854,90.53125,51.732142857142854,-4.0,EOD,569,ESM1,0.84
2021-05-28,2021,B,-1,535,"(1.0, 2.0)",51.732142857142854,103.46428571428571,51.732142857142854,-4.0,EOD,569,ESM1,0.84
2021-05-28,2021,B,-1,535,"(1.2, 1.5)",62.07857142857142,77.59821428571428,51.732142857142854,-4.0,EOD,569,ESM1,0.84
2021-05-28,2021,B,-1,535,"(1.2, 1.75)",62.07857142857142,90.53125,51.732142857142854,-4.0,EOD,569,ESM1,0.84
2021-05-28,2021,B,-1,535,"(1.2, 2.0)",62.07857142857142,103.46428571428571,51.732142857142854,-4.0,EOD,569,ESM1,0.84
2021-05-28,2021,B,-1,535,"(0.179, 0.247)",9.260053571428571,12.777839285714284,51.732142857142854,-4.0,EOD,569,ESM1,0.84
2021-06-04,2021,B,-1,520,"(0.8, 1.5)",28.071428571428573,52.63392857142857,35.089285714285715,-9.0,EOD,569,ESM1,0.84
2021-06-04,2021,B,-1,520,"(0.8, 1.75)",28.071428571428573,61.40625,35.089285714285715,-9.0,EOD,569,ESM1,0.84
2021-06-04,2021,B,-1,520,"(0.8, 2.0)",28.071428571428573,70.17857142857143,35.089285714285715,-9.0,EOD,569,ESM1,0.84
2021-06-04,2021,B,-1,520,"(1.0, 1.5)",35.089285714285715,52.63392857142857,35.089285714285715,-9.0,EOD,569,ESM1,0.84
2021-06-04,2021,B,-1,520,"(1.0, 1.75)",35.089285714285715,61.40625,35.089285714285715,-9.0,EOD,569,ESM1,0.84
2021-06-04,2021,B,-1,520,"(1.0, 2.0)",35.089285714285715,70.17857142857143,35.089285714285715,-9.0,EOD,569,ESM1,0.84
2021-06-04,2021,B,-1,520,"(1.2, 1.5)",42.107142857142854,52.63392857142857,35.089285714285715,-9.0,EOD,569,ESM1,0.84
2021-06-04,2021,B,-1,520,"(1.2, 1.75)",42.107142857142854,61.40625,35.089285714285715,-9.0,EOD,569,ESM1,0.84
2021-06-04,2021,B,-1,520,"(1.2, 2.0)",42.107142857142854,70.17857142857143,35.089285714285715,-9.0,EOD,569,ESM1,0.84
2021-06-04,2021,B,-1,520,"(0.179, 0.247)",6.280982142857143,8.667053571428571,35.089285714285715,-6.280982142857283,SL,528,ESM1,0.84
2021-06-08,2021,B,1,390,"(0.8, 1.5)",27.02857142857143,50.67857142857143,33.785714285714285,18.0,EOD,569,ESM1,0.84
2021-06-08,2021,B,1,390,"(0.8, 1.75)",27.02857142857143,59.125,33.785714285714285,18.0,EOD,569,ESM1,0.84
2021-06-08,2021,B,1,390,"(0.8, 2.0)",27.02857142857143,67.57142857142857,33.785714285714285,18.0,EOD,569,ESM1,0.84
2021-06-08,2021,B,1,390,"(1.0, 1.5)",33.785714285714285,50.67857142857143,33.785714285714285,18.0,EOD,569,ESM1,0.84
2021-06-08,2021,B,1,390,"(1.0, 1.75)",33.785714285714285,59.125,33.785714285714285,18.0,EOD,569,ESM1,0.84
2021-06-08,2021,B,1,390,"(1.0, 2.0)",33.785714285714285,67.57142857142857,33.785714285714285,18.0,EOD,569,ESM1,0.84
2021-06-08,2021,B,1,390,"(1.2, 1.5)",40.54285714285714,50.67857142857143,33.785714285714285,18.0,EOD,569,ESM1,0.84
2021-06-08,2021,B,1,390,"(1.2, 1.75)",40.54285714285714,59.125,33.785714285714285,18.0,EOD,569,ESM1,0.84
2021-06-08,2021,B,1,390,"(1.2, 2.0)",40.54285714285714,67.57142857142857,33.785714285714285,18.0,EOD,569,ESM1,0.84
2021-06-08,2021,B,1,390,"(0.179, 0.247)",6.047642857142857,8.345071428571428,33.785714285714285,8.345071428571828,TP,399,ESM1,0.84
2021-06-10,2021,B,1,470,"(0.8, 1.5)",22.571428571428573,42.32142857142857,28.214285714285715,13.75,EOD,569,ESM1,0.84
2021-06-10,2021,B,1,470,"(0.8, 1.75)",22.571428571428573,49.375,28.214285714285715,13.75,EOD,569,ESM1,0.84
2021-06-10,2021,B,1,470,"(0.8, 2.0)",22.571428571428573,56.42857142857143,28.214285714285715,13.75,EOD,569,ESM1,0.84
2021-06-10,2021,B,1,470,"(1.0, 1.5)",28.214285714285715,42.32142857142857,28.214285714285715,13.75,EOD,569,ESM1,0.84
2021-06-10,2021,B,1,470,"(1.0, 1.75)",28.214285714285715,49.375,28.214285714285715,13.75,EOD,569,ESM1,0.84
2021-06-10,2021,B,1,470,"(1.0, 2.0)",28.214285714285715,56.42857142857143,28.214285714285715,13.75,EOD,569,ESM1,0.84
2021-06-10,2021,B,1,470,"(1.2, 1.5)",33.857142857142854,42.32142857142857,28.214285714285715,13.75,EOD,569,ESM1,0.84
2021-06-10,2021,B,1,470,"(1.2, 1.75)",33.857142857142854,49.375,28.214285714285715,13.75,EOD,569,ESM1,0.84
2021-06-10,2021,B,1,470,"(1.2, 2.0)",33.857142857142854,56.42857142857143,28.214285714285715,13.75,EOD,569,ESM1,0.84
2021-06-10,2021,B,1,470,"(0.179, 0.247)",5.050357142857143,6.968928571428572,28.214285714285715,-5.050357142857138,SL,510,ESM1,0.84
2021-06-15,2021,B,-1,400,"(0.8, 1.5)",19.571428571428573,36.69642857142857,24.464285714285715,-0.5,EOD,569,ESU1,0.84
2021-06-15,2021,B,-1,400,"(0.8, 1.75)",19.571428571428573,42.8125,24.464285714285715,-0.5,EOD,569,ESU1,0.84
2021-06-15,2021,B,-1,400,"(0.8, 2.0)",19.571428571428573,48.92857142857143,24.464285714285715,-0.5,EOD,569,ESU1,0.84
2021-06-15,2021,B,-1,400,"(1.0, 1.5)",24.464285714285715,36.69642857142857,24.464285714285715,-0.5,EOD,569,ESU1,0.84
2021-06-15,2021,B,-1,400,"(1.0, 1.75)",24.464285714285715,42.8125,24.464285714285715,-0.5,EOD,569,ESU1,0.84
2021-06-15,2021,B,-1,400,"(1.0, 2.0)",24.464285714285715,48.92857142857143,24.464285714285715,-0.5,EOD,569,ESU1,0.84
2021-06-15,2021,B,-1,400,"(1.2, 1.5)",29.357142857142858,36.69642857142857,24.464285714285715,-0.5,EOD,569,ESU1,0.84
2021-06-15,2021,B,-1,400,"(1.2, 1.75)",29.357142857142858,42.8125,24.464285714285715,-0.5,EOD,569,ESU1,0.84
2021-06-15,2021,B,-1,400,"(1.2, 2.0)",29.357142857142858,48.92857142857143,24.464285714285715,-0.5,EOD,569,ESU1,0.84
2021-06-15,2021,B,-1,400,"(0.179, 0.247)",4.379107142857142,6.042678571428572,24.464285714285715,-4.37910714285681,SL,474,ESU1,0.84
2021-06-22,2021,B,-1,530,"(0.8, 1.5)",26.614285714285717,49.90178571428572,33.267857142857146,0.5,EOD,569,ESU1,0.84
2021-06-22,2021,B,-1,530,"(0.8, 1.75)",26.614285714285717,58.21875000000001,33.267857142857146,0.5,EOD,569,ESU1,0.84
2021-06-22,2021,B,-1,530,"(0.8, 2.0)",26.614285714285717,66.53571428571429,33.267857142857146,0.5,EOD,569,ESU1,0.84
2021-06-22,2021,B,-1,530,"(1.0, 1.5)",33.267857142857146,49.90178571428572,33.267857142857146,0.5,EOD,569,ESU1,0.84
2021-06-22,2021,B,-1,530,"(1.0, 1.75)",33.267857142857146,58.21875000000001,33.267857142857146,0.5,EOD,569,ESU1,0.84
2021-06-22,2021,B,-1,530,"(1.0, 2.0)",33.267857142857146,66.53571428571429,33.267857142857146,0.5,EOD,569,ESU1,0.84
2021-06-22,2021,B,-1,530,"(1.2, 1.5)",39.92142857142857,49.90178571428572,33.267857142857146,0.5,EOD,569,ESU1,0.84
2021-06-22,2021,B,-1,530,"(1.2, 1.75)",39.92142857142857,58.21875000000001,33.267857142857146,0.5,EOD,569,ESU1,0.84
2021-06-22,2021,B,-1,530,"(1.2, 2.0)",39.92142857142857,66.53571428571429,33.267857142857146,0.5,EOD,569,ESU1,0.84
2021-06-22,2021,B,-1,530,"(0.179, 0.247)",5.954946428571429,8.217160714285715,33.267857142857146,0.5,EOD,569,ESU1,0.84
2021-06-29,2021,B,-1,425,"(0.8, 1.5)",25.242857142857144,47.33035714285714,31.553571428571427,-3.0,EOD,569,ESU1,0.84
2021-06-29,2021,B,-1,425,"(0.8, 1.75)",25.242857142857144,55.21875,31.553571428571427,-3.0,EOD,569,ESU1,0.84
2021-06-29,2021,B,-1,425,"(0.8, 2.0)",25.242857142857144,63.107142857142854,31.553571428571427,-3.0,EOD,569,ESU1,0.84
2021-06-29,2021,B,-1,425,"(1.0, 1.5)",31.553571428571427,47.33035714285714,31.553571428571427,-3.0,EOD,569,ESU1,0.84
2021-06-29,2021,B,-1,425,"(1.0, 1.75)",31.553571428571427,55.21875,31.553571428571427,-3.0,EOD,569,ESU1,0.84
2021-06-29,2021,B,-1,425,"(1.0, 2.0)",31.553571428571427,63.107142857142854,31.553571428571427,-3.0,EOD,569,ESU1,0.84
2021-06-29,2021,B,-1,425,"(1.2, 1.5)",37.864285714285714,47.33035714285714,31.553571428571427,-3.0,EOD,569,ESU1,0.84
2021-06-29,2021,B,-1,425,"(1.2, 1.75)",37.864285714285714,55.21875,31.553571428571427,-3.0,EOD,569,ESU1,0.84
2021-06-29,2021,B,-1,425,"(1.2, 2.0)",37.864285714285714,63.107142857142854,31.553571428571427,-3.0,EOD,569,ESU1,0.84
2021-06-29,2021,B,-1,425,"(0.179, 0.247)",5.648089285714285,7.793732142857142,31.553571428571427,-3.0,EOD,569,ESU1,0.84
2021-06-30,2021,B,1,545,"(0.8, 1.5)",25.014285714285716,46.901785714285715,31.267857142857142,-0.75,EOD,569,ESU1,0.84
2021-06-30,2021,B,1,545,"(0.8, 1.75)",25.014285714285716,54.71875,31.267857142857142,-0.75,EOD,569,ESU1,0.84
2021-06-30,2021,B,1,545,"(0.8, 2.0)",25.014285714285716,62.535714285714285,31.267857142857142,-0.75,EOD,569,ESU1,0.84
2021-06-30,2021,B,1,545,"(1.0, 1.5)",31.267857142857142,46.901785714285715,31.267857142857142,-0.75,EOD,569,ESU1,0.84
2021-06-30,2021,B,1,545,"(1.0, 1.75)",31.267857142857142,54.71875,31.267857142857142,-0.75,EOD,569,ESU1,0.84
2021-06-30,2021,B,1,545,"(1.0, 2.0)",31.267857142857142,62.535714285714285,31.267857142857142,-0.75,EOD,569,ESU1,0.84
2021-06-30,2021,B,1,545,"(1.2, 1.5)",37.52142857142857,46.901785714285715,31.267857142857142,-0.75,EOD,569,ESU1,0.84
2021-06-30,2021,B,1,545,"(1.2, 1.75)",37.52142857142857,54.71875,31.267857142857142,-0.75,EOD,569,ESU1,0.84
2021-06-30,2021,B,1,545,"(1.2, 2.0)",37.52142857142857,62.535714285714285,31.267857142857142,-0.75,EOD,569,ESU1,0.84
2021-06-30,2021,B,1,545,"(0.179, 0.247)",5.596946428571428,7.723160714285714,31.267857142857142,-0.75,EOD,569,ESU1,0.84
2021-07-01,2021,B,-1,350,"(0.8, 1.5)",24.200000000000003,45.375,30.25,-2.0,EOD,569,ESU1,0.84
2021-07-01,2021,B,-1,350,"(0.8, 1.75)",24.200000000000003,52.9375,30.25,-2.0,EOD,569,ESU1,0.84
2021-07-01,2021,B,-1,350,"(0.8, 2.0)",24.200000000000003,60.5,30.25,-2.0,EOD,569,ESU1,0.84
2021-07-01,2021,B,-1,350,"(1.0, 1.5)",30.25,45.375,30.25,-2.0,EOD,569,ESU1,0.84
2021-07-01,2021,B,-1,350,"(1.0, 1.75)",30.25,52.9375,30.25,-2.0,EOD,569,ESU1,0.84
2021-07-01,2021,B,-1,350,"(1.0, 2.0)",30.25,60.5,30.25,-2.0,EOD,569,ESU1,0.84
2021-07-01,2021,B,-1,350,"(1.2, 1.5)",36.3,45.375,30.25,-2.0,EOD,569,ESU1,0.84
2021-07-01,2021,B,-1,350,"(1.2, 1.75)",36.3,52.9375,30.25,-2.0,EOD,569,ESU1,0.84
2021-07-01,2021,B,-1,350,"(1.2, 2.0)",36.3,60.5,30.25,-2.0,EOD,569,ESU1,0.84
2021-07-01,2021,B,-1,350,"(0.179, 0.247)",5.41475,7.47175,30.25,-2.0,EOD,569,ESU1,0.84
2021-07-06,2021,B,1,370,"(0.8, 1.5)",24.671428571428574,46.25892857142857,30.839285714285715,2.25,EOD,569,ESU1,0.84
2021-07-06,2021,B,1,370,"(0.8, 1.75)",24.671428571428574,53.96875,30.839285714285715,2.25,EOD,569,ESU1,0.84
2021-07-06,2021,B,1,370,"(0.8, 2.0)",24.671428571428574,61.67857142857143,30.839285714285715,2.25,EOD,569,ESU1,0.84
2021-07-06,2021,B,1,370,"(1.0, 1.5)",30.839285714285715,46.25892857142857,30.839285714285715,2.25,EOD,569,ESU1,0.84
2021-07-06,2021,B,1,370,"(1.0, 1.75)",30.839285714285715,53.96875,30.839285714285715,2.25,EOD,569,ESU1,0.84
2021-07-06,2021,B,1,370,"(1.0, 2.0)",30.839285714285715,61.67857142857143,30.839285714285715,2.25,EOD,569,ESU1,0.84
2021-07-06,2021,B,1,370,"(1.2, 1.5)",37.00714285714286,46.25892857142857,30.839285714285715,2.25,EOD,569,ESU1,0.84
2021-07-06,2021,B,1,370,"(1.2, 1.75)",37.00714285714286,53.96875,30.839285714285715,2.25,EOD,569,ESU1,0.84
2021-07-06,2021,B,1,370,"(1.2, 2.0)",37.00714285714286,61.67857142857143,30.839285714285715,2.25,EOD,569,ESU1,0.84
2021-07-06,2021,B,1,370,"(0.179, 0.247)",5.520232142857143,7.617303571428572,30.839285714285715,2.25,EOD,569,ESU1,0.84
2021-07-20,2021,B,-1,385,"(0.8, 1.5)",30.685714285714283,57.53571428571428,38.357142857142854,9.75,EOD,569,ESU1,0.84
2021-07-20,2021,B,-1,385,"(0.8, 1.75)",30.685714285714283,67.125,38.357142857142854,9.75,EOD,569,ESU1,0.84
2021-07-20,2021,B,-1,385,"(0.8, 2.0)",30.685714285714283,76.71428571428571,38.357142857142854,9.75,EOD,569,ESU1,0.84
2021-07-20,2021,B,-1,385,"(1.0, 1.5)",38.357142857142854,57.53571428571428,38.357142857142854,9.75,EOD,569,ESU1,0.84
2021-07-20,2021,B,-1,385,"(1.0, 1.75)",38.357142857142854,67.125,38.357142857142854,9.75,EOD,569,ESU1,0.84
2021-07-20,2021,B,-1,385,"(1.0, 2.0)",38.357142857142854,76.71428571428571,38.357142857142854,9.75,EOD,569,ESU1,0.84
2021-07-20,2021,B,-1,385,"(1.2, 1.5)",46.028571428571425,57.53571428571428,38.357142857142854,9.75,EOD,569,ESU1,0.84
2021-07-20,2021,B,-1,385,"(1.2, 1.75)",46.028571428571425,67.125,38.357142857142854,9.75,EOD,569,ESU1,0.84
2021-07-20,2021,B,-1,385,"(1.2, 2.0)",46.028571428571425,76.71428571428571,38.357142857142854,9.75,EOD,569,ESU1,0.84
2021-07-20,2021,B,-1,385,"(0.179, 0.247)",6.8659285714285705,9.474214285714284,38.357142857142854,9.47421428571397,TP,547,ESU1,0.84
2021-08-02,2021,B,-1,425,"(0.8, 1.5)",32.98571428571429,61.84821428571428,41.232142857142854,-4.0,EOD,569,ESU1,0.84
2021-08-02,2021,B,-1,425,"(0.8, 1.75)",32.98571428571429,72.15625,41.232142857142854,-4.0,EOD,569,ESU1,0.84
2021-08-02,2021,B,-1,425,"(0.8, 2.0)",32.98571428571429,82.46428571428571,41.232142857142854,-4.0,EOD,569,ESU1,0.84
2021-08-02,2021,B,-1,425,"(1.0, 1.5)",41.232142857142854,61.84821428571428,41.232142857142854,-4.0,EOD,569,ESU1,0.84
2021-08-02,2021,B,-1,425,"(1.0, 1.75)",41.232142857142854,72.15625,41.232142857142854,-4.0,EOD,569,ESU1,0.84
2021-08-02,2021,B,-1,425,"(1.0, 2.0)",41.232142857142854,82.46428571428571,41.232142857142854,-4.0,EOD,569,ESU1,0.84
2021-08-02,2021,B,-1,425,"(1.2, 1.5)",49.47857142857142,61.84821428571428,41.232142857142854,-4.0,EOD,569,ESU1,0.84
2021-08-02,2021,B,-1,425,"(1.2, 1.75)",49.47857142857142,72.15625,41.232142857142854,-4.0,EOD,569,ESU1,0.84
2021-08-02,2021,B,-1,425,"(1.2, 2.0)",49.47857142857142,82.46428571428571,41.232142857142854,-4.0,EOD,569,ESU1,0.84
2021-08-02,2021,B,-1,425,"(0.179, 0.247)",7.38055357142857,10.184339285714286,41.232142857142854,-7.380553571428209,SL,483,ESU1,0.84
2021-08-06,2021,B,-1,310,"(0.8, 1.5)",32.957142857142856,61.794642857142854,41.19642857142857,-2.5,EOD,569,ESU1,0.84
2021-08-06,2021,B,-1,310,"(0.8, 1.75)",32.957142857142856,72.09375,41.19642857142857,-2.5,EOD,569,ESU1,0.84
2021-08-06,2021,B,-1,310,"(0.8, 2.0)",32.957142857142856,82.39285714285714,41.19642857142857,-2.5,EOD,569,ESU1,0.84
2021-08-06,2021,B,-1,310,"(1.0, 1.5)",41.19642857142857,61.794642857142854,41.19642857142857,-2.5,EOD,569,ESU1,0.84
2021-08-06,2021,B,-1,310,"(1.0, 1.75)",41.19642857142857,72.09375,41.19642857142857,-2.5,EOD,569,ESU1,0.84
2021-08-06,2021,B,-1,310,"(1.0, 2.0)",41.19642857142857,82.39285714285714,41.19642857142857,-2.5,EOD,569,ESU1,0.84
2021-08-06,2021,B,-1,310,"(1.2, 1.5)",49.43571428571428,61.794642857142854,41.19642857142857,-2.5,EOD,569,ESU1,0.84
2021-08-06,2021,B,-1,310,"(1.2, 1.75)",49.43571428571428,72.09375,41.19642857142857,-2.5,EOD,569,ESU1,0.84
2021-08-06,2021,B,-1,310,"(1.2, 2.0)",49.43571428571428,82.39285714285714,41.19642857142857,-2.5,EOD,569,ESU1,0.84
2021-08-06,2021,B,-1,310,"(0.179, 0.247)",7.374160714285714,10.175517857142857,41.19642857142857,-2.5,EOD,569,ESU1,0.84
2021-08-09,2021,B,1,310,"(0.8, 1.5)",28.200000000000003,52.875,35.25,6.5,EOD,569,ESU1,0.84
2021-08-09,2021,B,1,310,"(0.8, 1.75)",28.200000000000003,61.6875,35.25,6.5,EOD,569,ESU1,0.84
2021-08-09,2021,B,1,310,"(0.8, 2.0)",28.200000000000003,70.5,35.25,6.5,EOD,569,ESU1,0.84
2021-08-09,2021,B,1,310,"(1.0, 1.5)",35.25,52.875,35.25,6.5,EOD,569,ESU1,0.84
2021-08-09,2021,B,1,310,"(1.0, 1.75)",35.25,61.6875,35.25,6.5,EOD,569,ESU1,0.84
2021-08-09,2021,B,1,310,"(1.0, 2.0)",35.25,70.5,35.25,6.5,EOD,569,ESU1,0.84
2021-08-09,2021,B,1,310,"(1.2, 1.5)",42.3,52.875,35.25,6.5,EOD,569,ESU1,0.84
2021-08-09,2021,B,1,310,"(1.2, 1.75)",42.3,61.6875,35.25,6.5,EOD,569,ESU1,0.84
2021-08-09,2021,B,1,310,"(1.2, 2.0)",42.3,70.5,35.25,6.5,EOD,569,ESU1,0.84
2021-08-09,2021,B,1,310,"(0.179, 0.247)",6.309749999999999,8.70675,35.25,6.5,EOD,569,ESU1,0.84
2021-08-11,2021,B,1,320,"(0.8, 1.5)",23.485714285714288,44.035714285714285,29.357142857142858,18.75,EOD,569,ESU1,0.84
2021-08-11,2021,B,1,320,"(0.8, 1.75)",23.485714285714288,51.375,29.357142857142858,18.75,EOD,569,ESU1,0.84
2021-08-11,2021,B,1,320,"(0.8, 2.0)",23.485714285714288,58.714285714285715,29.357142857142858,18.75,EOD,569,ESU1,0.84
2021-08-11,2021,B,1,320,"(1.0, 1.5)",29.357142857142858,44.035714285714285,29.357142857142858,18.75,EOD,569,ESU1,0.84
2021-08-11,2021,B,1,320,"(1.0, 1.75)",29.357142857142858,51.375,29.357142857142858,18.75,EOD,569,ESU1,0.84
2021-08-11,2021,B,1,320,"(1.0, 2.0)",29.357142857142858,58.714285714285715,29.357142857142858,18.75,EOD,569,ESU1,0.84
2021-08-11,2021,B,1,320,"(1.2, 1.5)",35.22857142857143,44.035714285714285,29.357142857142858,18.75,EOD,569,ESU1,0.84
2021-08-11,2021,B,1,320,"(1.2, 1.75)",35.22857142857143,51.375,29.357142857142858,18.75,EOD,569,ESU1,0.84
2021-08-11,2021,B,1,320,"(1.2, 2.0)",35.22857142857143,58.714285714285715,29.357142857142858,18.75,EOD,569,ESU1,0.84
2021-08-11,2021,B,1,320,"(0.179, 0.247)",5.254928571428572,7.251214285714286,29.357142857142858,7.251214285714013,TP,510,ESU1,0.84
2021-08-12,2021,B,-1,430,"(0.8, 1.5)",23.014285714285716,43.151785714285715,28.767857142857142,2.75,EOD,569,ESU1,0.84
2021-08-12,2021,B,-1,430,"(0.8, 1.75)",23.014285714285716,50.34375,28.767857142857142,2.75,EOD,569,ESU1,0.84
2021-08-12,2021,B,-1,430,"(0.8, 2.0)",23.014285714285716,57.535714285714285,28.767857142857142,2.75,EOD,569,ESU1,0.84
2021-08-12,2021,B,-1,430,"(1.0, 1.5)",28.767857142857142,43.151785714285715,28.767857142857142,2.75,EOD,569,ESU1,0.84
2021-08-12,2021,B,-1,430,"(1.0, 1.75)",28.767857142857142,50.34375,28.767857142857142,2.75,EOD,569,ESU1,0.84
2021-08-12,2021,B,-1,430,"(1.0, 2.0)",28.767857142857142,57.535714285714285,28.767857142857142,2.75,EOD,569,ESU1,0.84
2021-08-12,2021,B,-1,430,"(1.2, 1.5)",34.52142857142857,43.151785714285715,28.767857142857142,2.75,EOD,569,ESU1,0.84
2021-08-12,2021,B,-1,430,"(1.2, 1.75)",34.52142857142857,50.34375,28.767857142857142,2.75,EOD,569,ESU1,0.84
2021-08-12,2021,B,-1,430,"(1.2, 2.0)",34.52142857142857,57.535714285714285,28.767857142857142,2.75,EOD,569,ESU1,0.84
2021-08-12,2021,B,-1,430,"(0.179, 0.247)",5.149446428571428,7.105660714285714,28.767857142857142,2.75,EOD,569,ESU1,0.84
2021-08-30,2021,B,-1,385,"(0.8, 1.5)",26.642857142857146,49.955357142857146,33.30357142857143,-3.25,EOD,569,ESU1,0.84
2021-08-30,2021,B,-1,385,"(0.8, 1.75)",26.642857142857146,58.28125,33.30357142857143,-3.25,EOD,569,ESU1,0.84
2021-08-30,2021,B,-1,385,"(0.8, 2.0)",26.642857142857146,66.60714285714286,33.30357142857143,-3.25,EOD,569,ESU1,0.84
2021-08-30,2021,B,-1,385,"(1.0, 1.5)",33.30357142857143,49.955357142857146,33.30357142857143,-3.25,EOD,569,ESU1,0.84
2021-08-30,2021,B,-1,385,"(1.0, 1.75)",33.30357142857143,58.28125,33.30357142857143,-3.25,EOD,569,ESU1,0.84
2021-08-30,2021,B,-1,385,"(1.0, 2.0)",33.30357142857143,66.60714285714286,33.30357142857143,-3.25,EOD,569,ESU1,0.84
2021-08-30,2021,B,-1,385,"(1.2, 1.5)",39.964285714285715,49.955357142857146,33.30357142857143,-3.25,EOD,569,ESU1,0.84
2021-08-30,2021,B,-1,385,"(1.2, 1.75)",39.964285714285715,58.28125,33.30357142857143,-3.25,EOD,569,ESU1,0.84
2021-08-30,2021,B,-1,385,"(1.2, 2.0)",39.964285714285715,66.60714285714286,33.30357142857143,-3.25,EOD,569,ESU1,0.84
2021-08-30,2021,B,-1,385,"(0.179, 0.247)",5.961339285714286,8.225982142857143,33.30357142857143,-3.25,EOD,569,ESU1,0.84
2021-09-02,2021,B,-1,550,"(0.8, 1.5)",27.02857142857143,50.67857142857143,33.785714285714285,-3.75,EOD,569,ESU1,0.84
2021-09-02,2021,B,-1,550,"(0.8, 1.75)",27.02857142857143,59.125,33.785714285714285,-3.75,EOD,569,ESU1,0.84
2021-09-02,2021,B,-1,550,"(0.8, 2.0)",27.02857142857143,67.57142857142857,33.785714285714285,-3.75,EOD,569,ESU1,0.84
2021-09-02,2021,B,-1,550,"(1.0, 1.5)",33.785714285714285,50.67857142857143,33.785714285714285,-3.75,EOD,569,ESU1,0.84
2021-09-02,2021,B,-1,550,"(1.0, 1.75)",33.785714285714285,59.125,33.785714285714285,-3.75,EOD,569,ESU1,0.84
2021-09-02,2021,B,-1,550,"(1.0, 2.0)",33.785714285714285,67.57142857142857,33.785714285714285,-3.75,EOD,569,ESU1,0.84
2021-09-02,2021,B,-1,550,"(1.2, 1.5)",40.54285714285714,50.67857142857143,33.785714285714285,-3.75,EOD,569,ESU1,0.84
2021-09-02,2021,B,-1,550,"(1.2, 1.75)",40.54285714285714,59.125,33.785714285714285,-3.75,EOD,569,ESU1,0.84
2021-09-02,2021,B,-1,550,"(1.2, 2.0)",40.54285714285714,67.57142857142857,33.785714285714285,-3.75,EOD,569,ESU1,0.84
2021-09-02,2021,B,-1,550,"(0.179, 0.247)",6.047642857142857,8.345071428571428,33.785714285714285,-3.75,EOD,569,ESU1,0.84
2021-09-03,2021,B,-1,420,"(0.8, 1.5)",27.771428571428572,52.07142857142857,34.714285714285715,20.0,EOD,569,ESU1,0.84
2021-09-03,2021,B,-1,420,"(0.8, 1.75)",27.771428571428572,60.75,34.714285714285715,20.0,EOD,569,ESU1,0.84
2021-09-03,2021,B,-1,420,"(0.8, 2.0)",27.771428571428572,69.42857142857143,34.714285714285715,20.0,EOD,569,ESU1,0.84
2021-09-03,2021,B,-1,420,"(1.0, 1.5)",34.714285714285715,52.07142857142857,34.714285714285715,20.0,EOD,569,ESU1,0.84
2021-09-03,2021,B,-1,420,"(1.0, 1.75)",34.714285714285715,60.75,34.714285714285715,20.0,EOD,569,ESU1,0.84
2021-09-03,2021,B,-1,420,"(1.0, 2.0)",34.714285714285715,69.42857142857143,34.714285714285715,20.0,EOD,569,ESU1,0.84
2021-09-03,2021,B,-1,420,"(1.2, 1.5)",41.65714285714286,52.07142857142857,34.714285714285715,20.0,EOD,569,ESU1,0.84
2021-09-03,2021,B,-1,420,"(1.2, 1.75)",41.65714285714286,60.75,34.714285714285715,20.0,EOD,569,ESU1,0.84
2021-09-03,2021,B,-1,420,"(1.2, 2.0)",41.65714285714286,69.42857142857143,34.714285714285715,20.0,EOD,569,ESU1,0.84
2021-09-03,2021,B,-1,420,"(0.179, 0.247)",6.213857142857143,8.574428571428571,34.714285714285715,-6.213857142856796,SL,510,ESU1,0.84
2021-09-21,2021,B,-1,550,"(0.8, 1.5)",34.51428571428572,64.71428571428572,43.142857142857146,-1.25,EOD,569,ESZ1,0.84
2021-09-21,2021,B,-1,550,"(0.8, 1.75)",34.51428571428572,75.5,43.142857142857146,-1.25,EOD,569,ESZ1,0.84
2021-09-21,2021,B,-1,550,"(0.8, 2.0)",34.51428571428572,86.28571428571429,43.142857142857146,-1.25,EOD,569,ESZ1,0.84
2021-09-21,2021,B,-1,550,"(1.0, 1.5)",43.142857142857146,64.71428571428572,43.142857142857146,-1.25,EOD,569,ESZ1,0.84
2021-09-21,2021,B,-1,550,"(1.0, 1.75)",43.142857142857146,75.5,43.142857142857146,-1.25,EOD,569,ESZ1,0.84
2021-09-21,2021,B,-1,550,"(1.0, 2.0)",43.142857142857146,86.28571428571429,43.142857142857146,-1.25,EOD,569,ESZ1,0.84
2021-09-21,2021,B,-1,550,"(1.2, 1.5)",51.77142857142857,64.71428571428572,43.142857142857146,-1.25,EOD,569,ESZ1,0.84
2021-09-21,2021,B,-1,550,"(1.2, 1.75)",51.77142857142857,75.5,43.142857142857146,-1.25,EOD,569,ESZ1,0.84
2021-09-21,2021,B,-1,550,"(1.2, 2.0)",51.77142857142857,86.28571428571429,43.142857142857146,-1.25,EOD,569,ESZ1,0.84
2021-09-21,2021,B,-1,550,"(0.179, 0.247)",7.722571428571428,10.656285714285715,43.142857142857146,-1.25,EOD,569,ESZ1,0.84
2021-09-23,2021,B,-1,545,"(0.8, 1.5)",38.77142857142857,72.69642857142857,48.464285714285715,-0.25,EOD,569,ESZ1,0.84
2021-09-23,2021,B,-1,545,"(0.8, 1.75)",38.77142857142857,84.8125,48.464285714285715,-0.25,EOD,569,ESZ1,0.84
2021-09-23,2021,B,-1,545,"(0.8, 2.0)",38.77142857142857,96.92857142857143,48.464285714285715,-0.25,EOD,569,ESZ1,0.84
2021-09-23,2021,B,-1,545,"(1.0, 1.5)",48.464285714285715,72.69642857142857,48.464285714285715,-0.25,EOD,569,ESZ1,0.84
2021-09-23,2021,B,-1,545,"(1.0, 1.75)",48.464285714285715,84.8125,48.464285714285715,-0.25,EOD,569,ESZ1,0.84
2021-09-23,2021,B,-1,545,"(1.0, 2.0)",48.464285714285715,96.92857142857143,48.464285714285715,-0.25,EOD,569,ESZ1,0.84
2021-09-23,2021,B,-1,545,"(1.2, 1.5)",58.15714285714286,72.69642857142857,48.464285714285715,-0.25,EOD,569,ESZ1,0.84
2021-09-23,2021,B,-1,545,"(1.2, 1.75)",58.15714285714286,84.8125,48.464285714285715,-0.25,EOD,569,ESZ1,0.84
2021-09-23,2021,B,-1,545,"(1.2, 2.0)",58.15714285714286,96.92857142857143,48.464285714285715,-0.25,EOD,569,ESZ1,0.84
2021-09-23,2021,B,-1,545,"(0.179, 0.247)",8.675107142857142,11.970678571428572,48.464285714285715,-0.25,EOD,569,ESZ1,0.84
2021-10-08,2021,B,1,515,"(0.8, 1.5)",54.67142857142857,102.50892857142856,68.33928571428571,9.75,EOD,569,ESZ1,0.84
2021-10-08,2021,B,1,515,"(0.8, 1.75)",54.67142857142857,119.59374999999999,68.33928571428571,9.75,EOD,569,ESZ1,0.84
2021-10-08,2021,B,1,515,"(0.8, 2.0)",54.67142857142857,136.67857142857142,68.33928571428571,9.75,EOD,569,ESZ1,0.84
2021-10-08,2021,B,1,515,"(1.0, 1.5)",68.33928571428571,102.50892857142856,68.33928571428571,9.75,EOD,569,ESZ1,0.84
2021-10-08,2021,B,1,515,"(1.0, 1.75)",68.33928571428571,119.59374999999999,68.33928571428571,9.75,EOD,569,ESZ1,0.84
2021-10-08,2021,B,1,515,"(1.0, 2.0)",68.33928571428571,136.67857142857142,68.33928571428571,9.75,EOD,569,ESZ1,0.84
2021-10-08,2021,B,1,515,"(1.2, 1.5)",82.00714285714285,102.50892857142856,68.33928571428571,9.75,EOD,569,ESZ1,0.84
2021-10-08,2021,B,1,515,"(1.2, 1.75)",82.00714285714285,119.59374999999999,68.33928571428571,9.75,EOD,569,ESZ1,0.84
2021-10-08,2021,B,1,515,"(1.2, 2.0)",82.00714285714285,136.67857142857142,68.33928571428571,9.75,EOD,569,ESZ1,0.84
2021-10-08,2021,B,1,515,"(0.179, 0.247)",12.232732142857142,16.87980357142857,68.33928571428571,16.879803571428965,TP,519,ESZ1,0.84
2021-10-18,2021,B,1,390,"(0.8, 1.5)",49.642857142857146,93.08035714285714,62.05357142857143,-1.5,EOD,569,ESZ1,0.84
2021-10-18,2021,B,1,390,"(0.8, 1.75)",49.642857142857146,108.59375,62.05357142857143,-1.5,EOD,569,ESZ1,0.84
2021-10-18,2021,B,1,390,"(0.8, 2.0)",49.642857142857146,124.10714285714286,62.05357142857143,-1.5,EOD,569,ESZ1,0.84
2021-10-18,2021,B,1,390,"(1.0, 1.5)",62.05357142857143,93.08035714285714,62.05357142857143,-1.5,EOD,569,ESZ1,0.84
2021-10-18,2021,B,1,390,"(1.0, 1.75)",62.05357142857143,108.59375,62.05357142857143,-1.5,EOD,569,ESZ1,0.84
2021-10-18,2021,B,1,390,"(1.0, 2.0)",62.05357142857143,124.10714285714286,62.05357142857143,-1.5,EOD,569,ESZ1,0.84
2021-10-18,2021,B,1,390,"(1.2, 1.5)",74.46428571428571,93.08035714285714,62.05357142857143,-1.5,EOD,569,ESZ1,0.84
2021-10-18,2021,B,1,390,"(1.2, 1.75)",74.46428571428571,108.59375,62.05357142857143,-1.5,EOD,569,ESZ1,0.84
2021-10-18,2021,B,1,390,"(1.2, 2.0)",74.46428571428571,124.10714285714286,62.05357142857143,-1.5,EOD,569,ESZ1,0.84
2021-10-18,2021,B,1,390,"(0.179, 0.247)",11.107589285714285,15.327232142857143,62.05357142857143,-1.5,EOD,569,ESZ1,0.84
2021-10-20,2021,B,-1,375,"(0.8, 1.5)",46.62857142857143,87.42857142857143,58.285714285714285,-5.25,EOD,569,ESZ1,0.84
2021-10-20,2021,B,-1,375,"(0.8, 1.75)",46.62857142857143,102.0,58.285714285714285,-5.25,EOD,569,ESZ1,0.84
2021-10-20,2021,B,-1,375,"(0.8, 2.0)",46.62857142857143,116.57142857142857,58.285714285714285,-5.25,EOD,569,ESZ1,0.84
2021-10-20,2021,B,-1,375,"(1.0, 1.5)",58.285714285714285,87.42857142857143,58.285714285714285,-5.25,EOD,569,ESZ1,0.84
2021-10-20,2021,B,-1,375,"(1.0, 1.75)",58.285714285714285,102.0,58.285714285714285,-5.25,EOD,569,ESZ1,0.84
2021-10-20,2021,B,-1,375,"(1.0, 2.0)",58.285714285714285,116.57142857142857,58.285714285714285,-5.25,EOD,569,ESZ1,0.84
2021-10-20,2021,B,-1,375,"(1.2, 1.5)",69.94285714285714,87.42857142857143,58.285714285714285,-5.25,EOD,569,ESZ1,0.84
2021-10-20,2021,B,-1,375,"(1.2, 1.75)",69.94285714285714,102.0,58.285714285714285,-5.25,EOD,569,ESZ1,0.84
2021-10-20,2021,B,-1,375,"(1.2, 2.0)",69.94285714285714,116.57142857142857,58.285714285714285,-5.25,EOD,569,ESZ1,0.84
2021-10-20,2021,B,-1,375,"(0.179, 0.247)",10.433142857142856,14.396571428571429,58.285714285714285,-5.25,EOD,569,ESZ1,0.84
2021-10-21,2021,B,1,420,"(0.8, 1.5)",43.27142857142857,81.13392857142857,54.089285714285715,7.25,EOD,569,ESZ1,0.84
2021-10-21,2021,B,1,420,"(0.8, 1.75)",43.27142857142857,94.65625,54.089285714285715,7.25,EOD,569,ESZ1,0.84
2021-10-21,2021,B,1,420,"(0.8, 2.0)",43.27142857142857,108.17857142857143,54.089285714285715,7.25,EOD,569,ESZ1,0.84
2021-10-21,2021,B,1,420,"(1.0, 1.5)",54.089285714285715,81.13392857142857,54.089285714285715,7.25,EOD,569,ESZ1,0.84
2021-10-21,2021,B,1,420,"(1.0, 1.75)",54.089285714285715,94.65625,54.089285714285715,7.25,EOD,569,ESZ1,0.84
2021-10-21,2021,B,1,420,"(1.0, 2.0)",54.089285714285715,108.17857142857143,54.089285714285715,7.25,EOD,569,ESZ1,0.84
2021-10-21,2021,B,1,420,"(1.2, 1.5)",64.90714285714286,81.13392857142857,54.089285714285715,7.25,EOD,569,ESZ1,0.84
2021-10-21,2021,B,1,420,"(1.2, 1.75)",64.90714285714286,94.65625,54.089285714285715,7.25,EOD,569,ESZ1,0.84
2021-10-21,2021,B,1,420,"(1.2, 2.0)",64.90714285714286,108.17857142857143,54.089285714285715,7.25,EOD,569,ESZ1,0.84
2021-10-21,2021,B,1,420,"(0.179, 0.247)",9.681982142857143,13.36005357142857,54.089285714285715,7.25,EOD,569,ESZ1,0.84
2021-10-22,2021,B,-1,390,"(0.8, 1.5)",39.65714285714286,74.35714285714286,49.57142857142857,6.0,EOD,569,ESZ1,0.84
2021-10-22,2021,B,-1,390,"(0.8, 1.75)",39.65714285714286,86.75,49.57142857142857,6.0,EOD,569,ESZ1,0.84
2021-10-22,2021,B,-1,390,"(0.8, 2.0)",39.65714285714286,99.14285714285714,49.57142857142857,6.0,EOD,569,ESZ1,0.84
2021-10-22,2021,B,-1,390,"(1.0, 1.5)",49.57142857142857,74.35714285714286,49.57142857142857,6.0,EOD,569,ESZ1,0.84
2021-10-22,2021,B,-1,390,"(1.0, 1.75)",49.57142857142857,86.75,49.57142857142857,6.0,EOD,569,ESZ1,0.84
2021-10-22,2021,B,-1,390,"(1.0, 2.0)",49.57142857142857,99.14285714285714,49.57142857142857,6.0,EOD,569,ESZ1,0.84
2021-10-22,2021,B,-1,390,"(1.2, 1.5)",59.48571428571428,74.35714285714286,49.57142857142857,6.0,EOD,569,ESZ1,0.84
2021-10-22,2021,B,-1,390,"(1.2, 1.75)",59.48571428571428,86.75,49.57142857142857,6.0,EOD,569,ESZ1,0.84
2021-10-22,2021,B,-1,390,"(1.2, 2.0)",59.48571428571428,99.14285714285714,49.57142857142857,6.0,EOD,569,ESZ1,0.84
2021-10-22,2021,B,-1,390,"(0.179, 0.247)",8.873285714285714,12.244142857142856,49.57142857142857,6.0,EOD,569,ESZ1,0.84
2021-10-27,2021,B,1,305,"(0.8, 1.5)",32.67142857142857,61.25892857142857,40.839285714285715,6.75,EOD,569,ESZ1,0.84
2021-10-27,2021,B,1,305,"(0.8, 1.75)",32.67142857142857,71.46875,40.839285714285715,6.75,EOD,569,ESZ1,0.84
2021-10-27,2021,B,1,305,"(0.8, 2.0)",32.67142857142857,81.67857142857143,40.839285714285715,6.75,EOD,569,ESZ1,0.84
2021-10-27,2021,B,1,305,"(1.0, 1.5)",40.839285714285715,61.25892857142857,40.839285714285715,6.75,EOD,569,ESZ1,0.84
2021-10-27,2021,B,1,305,"(1.0, 1.75)",40.839285714285715,71.46875,40.839285714285715,6.75,EOD,569,ESZ1,0.84
2021-10-27,2021,B,1,305,"(1.0, 2.0)",40.839285714285715,81.67857142857143,40.839285714285715,6.75,EOD,569,ESZ1,0.84
2021-10-27,2021,B,1,305,"(1.2, 1.5)",49.00714285714286,61.25892857142857,40.839285714285715,6.75,EOD,569,ESZ1,0.84
2021-10-27,2021,B,1,305,"(1.2, 1.75)",49.00714285714286,71.46875,40.839285714285715,6.75,EOD,569,ESZ1,0.84
2021-10-27,2021,B,1,305,"(1.2, 2.0)",49.00714285714286,81.67857142857143,40.839285714285715,6.75,EOD,569,ESZ1,0.84
2021-10-27,2021,B,1,305,"(0.179, 0.247)",7.310232142857143,10.087303571428572,40.839285714285715,6.75,EOD,569,ESZ1,0.84
2021-11-12,2021,B,-1,565,"(0.8, 1.5)",26.400000000000002,49.5,33.0,0.5,EOD,569,ESZ1,0.84
2021-11-12,2021,B,-1,565,"(0.8, 1.75)",26.400000000000002,57.75,33.0,0.5,EOD,569,ESZ1,0.84
2021-11-12,2021,B,-1,565,"(0.8, 2.0)",26.400000000000002,66.0,33.0,0.5,EOD,569,ESZ1,0.84
2021-11-12,2021,B,-1,565,"(1.0, 1.5)",33.0,49.5,33.0,0.5,EOD,569,ESZ1,0.84
2021-11-12,2021,B,-1,565,"(1.0, 1.75)",33.0,57.75,33.0,0.5,EOD,569,ESZ1,0.84
2021-11-12,2021,B,-1,565,"(1.0, 2.0)",33.0,66.0,33.0,0.5,EOD,569,ESZ1,0.84
2021-11-12,2021,B,-1,565,"(1.2, 1.5)",39.6,49.5,33.0,0.5,EOD,569,ESZ1,0.84
2021-11-12,2021,B,-1,565,"(1.2, 1.75)",39.6,57.75,33.0,0.5,EOD,569,ESZ1,0.84
2021-11-12,2021,B,-1,565,"(1.2, 2.0)",39.6,66.0,33.0,0.5,EOD,569,ESZ1,0.84
2021-11-12,2021,B,-1,565,"(0.179, 0.247)",5.907,8.151,33.0,0.5,EOD,569,ESZ1,0.84
2021-11-18,2021,B,-1,505,"(0.8, 1.5)",25.02857142857143,46.92857142857143,31.285714285714285,-0.75,EOD,569,ESZ1,0.84
2021-11-18,2021,B,-1,505,"(0.8, 1.75)",25.02857142857143,54.75,31.285714285714285,-0.75,EOD,569,ESZ1,0.84
2021-11-18,2021,B,-1,505,"(0.8, 2.0)",25.02857142857143,62.57142857142857,31.285714285714285,-0.75,EOD,569,ESZ1,0.84
2021-11-18,2021,B,-1,505,"(1.0, 1.5)",31.285714285714285,46.92857142857143,31.285714285714285,-0.75,EOD,569,ESZ1,0.84
2021-11-18,2021,B,-1,505,"(1.0, 1.75)",31.285714285714285,54.75,31.285714285714285,-0.75,EOD,569,ESZ1,0.84
2021-11-18,2021,B,-1,505,"(1.0, 2.0)",31.285714285714285,62.57142857142857,31.285714285714285,-0.75,EOD,569,ESZ1,0.84
2021-11-18,2021,B,-1,505,"(1.2, 1.5)",37.54285714285714,46.92857142857143,31.285714285714285,-0.75,EOD,569,ESZ1,0.84
2021-11-18,2021,B,-1,505,"(1.2, 1.75)",37.54285714285714,54.75,31.285714285714285,-0.75,EOD,569,ESZ1,0.84
2021-11-18,2021,B,-1,505,"(1.2, 2.0)",37.54285714285714,62.57142857142857,31.285714285714285,-0.75,EOD,569,ESZ1,0.84
2021-11-18,2021,B,-1,505,"(0.179, 0.247)",5.600142857142857,7.727571428571428,31.285714285714285,-0.75,EOD,569,ESZ1,0.84
2021-11-22,2021,B,-1,405,"(0.8, 1.5)",24.742857142857144,46.39285714285714,30.928571428571427,1.0,EOD,569,ESZ1,0.84
2021-11-22,2021,B,-1,405,"(0.8, 1.75)",24.742857142857144,54.125,30.928571428571427,1.0,EOD,569,ESZ1,0.84
2021-11-22,2021,B,-1,405,"(0.8, 2.0)",24.742857142857144,61.857142857142854,30.928571428571427,1.0,EOD,569,ESZ1,0.84
2021-11-22,2021,B,-1,405,"(1.0, 1.5)",30.928571428571427,46.39285714285714,30.928571428571427,1.0,EOD,569,ESZ1,0.84
2021-11-22,2021,B,-1,405,"(1.0, 1.75)",30.928571428571427,54.125,30.928571428571427,1.0,EOD,569,ESZ1,0.84
2021-11-22,2021,B,-1,405,"(1.0, 2.0)",30.928571428571427,61.857142857142854,30.928571428571427,1.0,EOD,569,ESZ1,0.84
2021-11-22,2021,B,-1,405,"(1.2, 1.5)",37.114285714285714,46.39285714285714,30.928571428571427,1.0,EOD,569,ESZ1,0.84
2021-11-22,2021,B,-1,405,"(1.2, 1.75)",37.114285714285714,54.125,30.928571428571427,1.0,EOD,569,ESZ1,0.84
2021-11-22,2021,B,-1,405,"(1.2, 2.0)",37.114285714285714,61.857142857142854,30.928571428571427,1.0,EOD,569,ESZ1,0.84
2021-11-22,2021,B,-1,405,"(0.179, 0.247)",5.536214285714285,7.6393571428571425,30.928571428571427,7.6393571428570795,TP,440,ESZ1,0.84
2021-11-23,2021,B,1,430,"(0.8, 1.5)",27.085714285714285,50.78571428571428,33.857142857142854,-4.0,EOD,569,ESZ1,0.84
2021-11-23,2021,B,1,430,"(0.8, 1.75)",27.085714285714285,59.24999999999999,33.857142857142854,-4.0,EOD,569,ESZ1,0.84
2021-11-23,2021,B,1,430,"(0.8, 2.0)",27.085714285714285,67.71428571428571,33.857142857142854,-4.0,EOD,569,ESZ1,0.84
2021-11-23,2021,B,1,430,"(1.0, 1.5)",33.857142857142854,50.78571428571428,33.857142857142854,-4.0,EOD,569,ESZ1,0.84
2021-11-23,2021,B,1,430,"(1.0, 1.75)",33.857142857142854,59.24999999999999,33.857142857142854,-4.0,EOD,569,ESZ1,0.84
2021-11-23,2021,B,1,430,"(1.0, 2.0)",33.857142857142854,67.71428571428571,33.857142857142854,-4.0,EOD,569,ESZ1,0.84
2021-11-23,2021,B,1,430,"(1.2, 1.5)",40.628571428571426,50.78571428571428,33.857142857142854,-4.0,EOD,569,ESZ1,0.84
2021-11-23,2021,B,1,430,"(1.2, 1.75)",40.628571428571426,59.24999999999999,33.857142857142854,-4.0,EOD,569,ESZ1,0.84
2021-11-23,2021,B,1,430,"(1.2, 2.0)",40.628571428571426,67.71428571428571,33.857142857142854,-4.0,EOD,569,ESZ1,0.84
2021-11-23,2021,B,1,430,"(0.179, 0.247)",6.060428571428571,8.362714285714285,33.857142857142854,-6.060428571428929,SL,450,ESZ1,0.84
2021-11-29,2021,B,-1,530,"(0.8, 1.5)",33.08571428571428,62.03571428571428,41.357142857142854,-2.25,EOD,569,ESZ1,0.84
2021-11-29,2021,B,-1,530,"(0.8, 1.75)",33.08571428571428,72.375,41.357142857142854,-2.25,EOD,569,ESZ1,0.84
2021-11-29,2021,B,-1,530,"(0.8, 2.0)",33.08571428571428,82.71428571428571,41.357142857142854,-2.25,EOD,569,ESZ1,0.84
2021-11-29,2021,B,-1,530,"(1.0, 1.5)",41.357142857142854,62.03571428571428,41.357142857142854,-2.25,EOD,569,ESZ1,0.84
2021-11-29,2021,B,-1,530,"(1.0, 1.75)",41.357142857142854,72.375,41.357142857142854,-2.25,EOD,569,ESZ1,0.84
2021-11-29,2021,B,-1,530,"(1.0, 2.0)",41.357142857142854,82.71428571428571,41.357142857142854,-2.25,EOD,569,ESZ1,0.84
2021-11-29,2021,B,-1,530,"(1.2, 1.5)",49.628571428571426,62.03571428571428,41.357142857142854,-2.25,EOD,569,ESZ1,0.84
2021-11-29,2021,B,-1,530,"(1.2, 1.75)",49.628571428571426,72.375,41.357142857142854,-2.25,EOD,569,ESZ1,0.84
2021-11-29,2021,B,-1,530,"(1.2, 2.0)",49.628571428571426,82.71428571428571,41.357142857142854,-2.25,EOD,569,ESZ1,0.84
2021-11-29,2021,B,-1,530,"(0.179, 0.247)",7.40292857142857,10.215214285714286,41.357142857142854,-2.25,EOD,569,ESZ1,0.84
2021-11-30,2021,B,1,545,"(0.8, 1.5)",36.142857142857146,67.76785714285714,45.17857142857143,2.0,EOD,569,ESZ1,0.84
2021-11-30,2021,B,1,545,"(0.8, 1.75)",36.142857142857146,79.0625,45.17857142857143,2.0,EOD,569,ESZ1,0.84
2021-11-30,2021,B,1,545,"(0.8, 2.0)",36.142857142857146,90.35714285714286,45.17857142857143,2.0,EOD,569,ESZ1,0.84
2021-11-30,2021,B,1,545,"(1.0, 1.5)",45.17857142857143,67.76785714285714,45.17857142857143,2.0,EOD,569,ESZ1,0.84
2021-11-30,2021,B,1,545,"(1.0, 1.75)",45.17857142857143,79.0625,45.17857142857143,2.0,EOD,569,ESZ1,0.84
2021-11-30,2021,B,1,545,"(1.0, 2.0)",45.17857142857143,90.35714285714286,45.17857142857143,2.0,EOD,569,ESZ1,0.84
2021-11-30,2021,B,1,545,"(1.2, 1.5)",54.214285714285715,67.76785714285714,45.17857142857143,2.0,EOD,569,ESZ1,0.84
2021-11-30,2021,B,1,545,"(1.2, 1.75)",54.214285714285715,79.0625,45.17857142857143,2.0,EOD,569,ESZ1,0.84
2021-11-30,2021,B,1,545,"(1.2, 2.0)",54.214285714285715,90.35714285714286,45.17857142857143,2.0,EOD,569,ESZ1,0.84
2021-11-30,2021,B,1,545,"(0.179, 0.247)",8.086964285714286,11.159107142857144,45.17857142857143,2.0,EOD,569,ESZ1,0.84
2021-12-03,2021,B,-1,515,"(0.8, 1.5)",48.471428571428575,90.88392857142857,60.589285714285715,-4.5,EOD,569,ESZ1,0.84
2021-12-03,2021,B,-1,515,"(0.8, 1.75)",48.471428571428575,106.03125,60.589285714285715,-4.5,EOD,569,ESZ1,0.84
2021-12-03,2021,B,-1,515,"(0.8, 2.0)",48.471428571428575,121.17857142857143,60.589285714285715,-4.5,EOD,569,ESZ1,0.84
2021-12-03,2021,B,-1,515,"(1.0, 1.5)",60.589285714285715,90.88392857142857,60.589285714285715,-4.5,EOD,569,ESZ1,0.84
2021-12-03,2021,B,-1,515,"(1.0, 1.75)",60.589285714285715,106.03125,60.589285714285715,-4.5,EOD,569,ESZ1,0.84
2021-12-03,2021,B,-1,515,"(1.0, 2.0)",60.589285714285715,121.17857142857143,60.589285714285715,-4.5,EOD,569,ESZ1,0.84
2021-12-03,2021,B,-1,515,"(1.2, 1.5)",72.70714285714286,90.88392857142857,60.589285714285715,-4.5,EOD,569,ESZ1,0.84
2021-12-03,2021,B,-1,515,"(1.2, 1.75)",72.70714285714286,106.03125,60.589285714285715,-4.5,EOD,569,ESZ1,0.84
2021-12-03,2021,B,-1,515,"(1.2, 2.0)",72.70714285714286,121.17857142857143,60.589285714285715,-4.5,EOD,569,ESZ1,0.84
2021-12-03,2021,B,-1,515,"(0.179, 0.247)",10.845482142857142,14.965553571428572,60.589285714285715,-4.5,EOD,569,ESZ1,0.84
2021-12-08,2021,B,-1,545,"(0.8, 1.5)",60.6,113.625,75.75,-1.25,EOD,569,ESZ1,0.84
2021-12-08,2021,B,-1,545,"(0.8, 1.75)",60.6,132.5625,75.75,-1.25,EOD,569,ESZ1,0.84
2021-12-08,2021,B,-1,545,"(0.8, 2.0)",60.6,151.5,75.75,-1.25,EOD,569,ESZ1,0.84
2021-12-08,2021,B,-1,545,"(1.0, 1.5)",75.75,113.625,75.75,-1.25,EOD,569,ESZ1,0.84
2021-12-08,2021,B,-1,545,"(1.0, 1.75)",75.75,132.5625,75.75,-1.25,EOD,569,ESZ1,0.84
2021-12-08,2021,B,-1,545,"(1.0, 2.0)",75.75,151.5,75.75,-1.25,EOD,569,ESZ1,0.84
2021-12-08,2021,B,-1,545,"(1.2, 1.5)",90.89999999999999,113.625,75.75,-1.25,EOD,569,ESZ1,0.84
2021-12-08,2021,B,-1,545,"(1.2, 1.75)",90.89999999999999,132.5625,75.75,-1.25,EOD,569,ESZ1,0.84
2021-12-08,2021,B,-1,545,"(1.2, 2.0)",90.89999999999999,151.5,75.75,-1.25,EOD,569,ESZ1,0.84
2021-12-08,2021,B,-1,545,"(0.179, 0.247)",13.559249999999999,18.71025,75.75,-1.25,EOD,569,ESZ1,0.84
2021-12-22,2021,B,-1,375,"(0.8, 1.5)",58.37142857142857,109.44642857142856,72.96428571428571,3.0,EOD,569,ESH2,0.84
2021-12-22,2021,B,-1,375,"(0.8, 1.75)",58.37142857142857,127.68749999999999,72.96428571428571,3.0,EOD,569,ESH2,0.84
2021-12-22,2021,B,-1,375,"(0.8, 2.0)",58.37142857142857,145.92857142857142,72.96428571428571,3.0,EOD,569,ESH2,0.84
2021-12-22,2021,B,-1,375,"(1.0, 1.5)",72.96428571428571,109.44642857142856,72.96428571428571,3.0,EOD,569,ESH2,0.84
2021-12-22,2021,B,-1,375,"(1.0, 1.75)",72.96428571428571,127.68749999999999,72.96428571428571,3.0,EOD,569,ESH2,0.84
2021-12-22,2021,B,-1,375,"(1.0, 2.0)",72.96428571428571,145.92857142857142,72.96428571428571,3.0,EOD,569,ESH2,0.84
2021-12-22,2021,B,-1,375,"(1.2, 1.5)",87.55714285714285,109.44642857142856,72.96428571428571,3.0,EOD,569,ESH2,0.84
2021-12-22,2021,B,-1,375,"(1.2, 1.75)",87.55714285714285,127.68749999999999,72.96428571428571,3.0,EOD,569,ESH2,0.84
2021-12-22,2021,B,-1,375,"(1.2, 2.0)",87.55714285714285,145.92857142857142,72.96428571428571,3.0,EOD,569,ESH2,0.84
2021-12-22,2021,B,-1,375,"(0.179, 0.247)",13.06060714285714,18.02217857142857,72.96428571428571,3.0,EOD,569,ESH2,0.84
2021-12-27,2021,B,-1,455,"(0.8, 1.5)",52.37142857142857,98.19642857142856,65.46428571428571,1.25,EOD,569,ESH2,0.84
2021-12-27,2021,B,-1,455,"(0.8, 1.75)",52.37142857142857,114.56249999999999,65.46428571428571,1.25,EOD,569,ESH2,0.84
2021-12-27,2021,B,-1,455,"(0.8, 2.0)",52.37142857142857,130.92857142857142,65.46428571428571,1.25,EOD,569,ESH2,0.84
2021-12-27,2021,B,-1,455,"(1.0, 1.5)",65.46428571428571,98.19642857142856,65.46428571428571,1.25,EOD,569,ESH2,0.84
2021-12-27,2021,B,-1,455,"(1.0, 1.75)",65.46428571428571,114.56249999999999,65.46428571428571,1.25,EOD,569,ESH2,0.84
2021-12-27,2021,B,-1,455,"(1.0, 2.0)",65.46428571428571,130.92857142857142,65.46428571428571,1.25,EOD,569,ESH2,0.84
2021-12-27,2021,B,-1,455,"(1.2, 1.5)",78.55714285714285,98.19642857142856,65.46428571428571,1.25,EOD,569,ESH2,0.84
2021-12-27,2021,B,-1,455,"(1.2, 1.75)",78.55714285714285,114.56249999999999,65.46428571428571,1.25,EOD,569,ESH2,0.84
2021-12-27,2021,B,-1,455,"(1.2, 2.0)",78.55714285714285,130.92857142857142,65.46428571428571,1.25,EOD,569,ESH2,0.84
2021-12-27,2021,B,-1,455,"(0.179, 0.247)",11.718107142857141,16.16967857142857,65.46428571428571,1.25,EOD,569,ESH2,0.84
2022-01-06,2022,B,1,445,"(0.8, 1.5)",44.24285714285715,82.95535714285714,55.30357142857143,-4.25,EOD,569,ESH2,0.84
2022-01-06,2022,B,1,445,"(0.8, 1.75)",44.24285714285715,96.78125,55.30357142857143,-4.25,EOD,569,ESH2,0.84
2022-01-06,2022,B,1,445,"(0.8, 2.0)",44.24285714285715,110.60714285714286,55.30357142857143,-4.25,EOD,569,ESH2,0.84
2022-01-06,2022,B,1,445,"(1.0, 1.5)",55.30357142857143,82.95535714285714,55.30357142857143,-4.25,EOD,569,ESH2,0.84
2022-01-06,2022,B,1,445,"(1.0, 1.75)",55.30357142857143,96.78125,55.30357142857143,-4.25,EOD,569,ESH2,0.84
2022-01-06,2022,B,1,445,"(1.0, 2.0)",55.30357142857143,110.60714285714286,55.30357142857143,-4.25,EOD,569,ESH2,0.84
2022-01-06,2022,B,1,445,"(1.2, 1.5)",66.36428571428571,82.95535714285714,55.30357142857143,-4.25,EOD,569,ESH2,0.84
2022-01-06,2022,B,1,445,"(1.2, 1.75)",66.36428571428571,96.78125,55.30357142857143,-4.25,EOD,569,ESH2,0.84
2022-01-06,2022,B,1,445,"(1.2, 2.0)",66.36428571428571,110.60714285714286,55.30357142857143,-4.25,EOD,569,ESH2,0.84
2022-01-06,2022,B,1,445,"(0.179, 0.247)",9.899339285714285,13.659982142857142,55.30357142857143,-4.25,EOD,569,ESH2,0.84
2022-01-10,2022,B,1,445,"(0.8, 1.5)",41.400000000000006,77.625,51.75,-20.75,EOD,569,ESH2,0.84
2022-01-10,2022,B,1,445,"(0.8, 1.75)",41.400000000000006,90.5625,51.75,-20.75,EOD,569,ESH2,0.84
2022-01-10,2022,B,1,445,"(0.8, 2.0)",41.400000000000006,103.5,51.75,-20.75,EOD,569,ESH2,0.84
2022-01-10,2022,B,1,445,"(1.0, 1.5)",51.75,77.625,51.75,-20.75,EOD,569,ESH2,0.84
2022-01-10,2022,B,1,445,"(1.0, 1.75)",51.75,90.5625,51.75,-20.75,EOD,569,ESH2,0.84
2022-01-10,2022,B,1,445,"(1.0, 2.0)",51.75,103.5,51.75,-20.75,EOD,569,ESH2,0.84
2022-01-10,2022,B,1,445,"(1.2, 1.5)",62.099999999999994,77.625,51.75,-20.75,EOD,569,ESH2,0.84
2022-01-10,2022,B,1,445,"(1.2, 1.75)",62.099999999999994,90.5625,51.75,-20.75,EOD,569,ESH2,0.84
2022-01-10,2022,B,1,445,"(1.2, 2.0)",62.099999999999994,103.5,51.75,-20.75,EOD,569,ESH2,0.84
2022-01-10,2022,B,1,445,"(0.179, 0.247)",9.26325,12.78225,51.75,-9.263249999999971,SL,454,ESH2,0.84
2022-01-11,2022,B,-1,535,"(0.8, 1.5)",41.84285714285715,78.45535714285714,52.30357142857143,2.75,EOD,569,ESH2,0.84
2022-01-11,2022,B,-1,535,"(0.8, 1.75)",41.84285714285715,91.53125,52.30357142857143,2.75,EOD,569,ESH2,0.84
2022-01-11,2022,B,-1,535,"(0.8, 2.0)",41.84285714285715,104.60714285714286,52.30357142857143,2.75,EOD,569,ESH2,0.84
2022-01-11,2022,B,-1,535,"(1.0, 1.5)",52.30357142857143,78.45535714285714,52.30357142857143,2.75,EOD,569,ESH2,0.84
2022-01-11,2022,B,-1,535,"(1.0, 1.75)",52.30357142857143,91.53125,52.30357142857143,2.75,EOD,569,ESH2,0.84
2022-01-11,2022,B,-1,535,"(1.0, 2.0)",52.30357142857143,104.60714285714286,52.30357142857143,2.75,EOD,569,ESH2,0.84
2022-01-11,2022,B,-1,535,"(1.2, 1.5)",62.76428571428571,78.45535714285714,52.30357142857143,2.75,EOD,569,ESH2,0.84
2022-01-11,2022,B,-1,535,"(1.2, 1.75)",62.76428571428571,91.53125,52.30357142857143,2.75,EOD,569,ESH2,0.84
2022-01-11,2022,B,-1,535,"(1.2, 2.0)",62.76428571428571,104.60714285714286,52.30357142857143,2.75,EOD,569,ESH2,0.84
2022-01-11,2022,B,-1,535,"(0.179, 0.247)",9.362339285714286,12.918982142857143,52.30357142857143,2.75,EOD,569,ESH2,0.84
2022-01-12,2022,B,-1,440,"(0.8, 1.5)",41.61428571428572,78.02678571428572,52.017857142857146,-17.0,EOD,569,ESH2,0.84
2022-01-12,2022,B,-1,440,"(0.8, 1.75)",41.61428571428572,91.03125,52.017857142857146,-17.0,EOD,569,ESH2,0.84
2022-01-12,2022,B,-1,440,"(0.8, 2.0)",41.61428571428572,104.03571428571429,52.017857142857146,-17.0,EOD,569,ESH2,0.84
2022-01-12,2022,B,-1,440,"(1.0, 1.5)",52.017857142857146,78.02678571428572,52.017857142857146,-17.0,EOD,569,ESH2,0.84
2022-01-12,2022,B,-1,440,"(1.0, 1.75)",52.017857142857146,91.03125,52.017857142857146,-17.0,EOD,569,ESH2,0.84
2022-01-12,2022,B,-1,440,"(1.0, 2.0)",52.017857142857146,104.03571428571429,52.017857142857146,-17.0,EOD,569,ESH2,0.84
2022-01-12,2022,B,-1,440,"(1.2, 1.5)",62.42142857142857,78.02678571428572,52.017857142857146,-17.0,EOD,569,ESH2,0.84
2022-01-12,2022,B,-1,440,"(1.2, 1.75)",62.42142857142857,91.03125,52.017857142857146,-17.0,EOD,569,ESH2,0.84
2022-01-12,2022,B,-1,440,"(1.2, 2.0)",62.42142857142857,104.03571428571429,52.017857142857146,-17.0,EOD,569,ESH2,0.84
2022-01-12,2022,B,-1,440,"(0.179, 0.247)",9.311196428571428,12.848410714285714,52.017857142857146,-9.311196428571748,SL,503,ESH2,0.84
2022-01-14,2022,B,1,435,"(0.8, 1.5)",43.871428571428574,82.25892857142857,54.839285714285715,-27.25,EOD,569,ESH2,0.84
2022-01-14,2022,B,1,435,"(0.8, 1.75)",43.871428571428574,95.96875,54.839285714285715,-27.25,EOD,569,ESH2,0.84
2022-01-14,2022,B,1,435,"(0.8, 2.0)",43.871428571428574,109.67857142857143,54.839285714285715,-27.25,EOD,569,ESH2,0.84
2022-01-14,2022,B,1,435,"(1.0, 1.5)",54.839285714285715,82.25892857142857,54.839285714285715,-27.25,EOD,569,ESH2,0.84
2022-01-14,2022,B,1,435,"(1.0, 1.75)",54.839285714285715,95.96875,54.839285714285715,-27.25,EOD,569,ESH2,0.84
2022-01-14,2022,B,1,435,"(1.0, 2.0)",54.839285714285715,109.67857142857143,54.839285714285715,-27.25,EOD,569,ESH2,0.84
2022-01-14,2022,B,1,435,"(1.2, 1.5)",65.80714285714285,82.25892857142857,54.839285714285715,-27.25,EOD,569,ESH2,0.84
2022-01-14,2022,B,1,435,"(1.2, 1.75)",65.80714285714285,95.96875,54.839285714285715,-27.25,EOD,569,ESH2,0.84
2022-01-14,2022,B,1,435,"(1.2, 2.0)",65.80714285714285,109.67857142857143,54.839285714285715,-27.25,EOD,569,ESH2,0.84
2022-01-14,2022,B,1,435,"(0.179, 0.247)",9.816232142857142,13.54530357142857,54.839285714285715,-9.816232142857189,SL,460,ESH2,0.84
2022-01-28,2022,B,1,385,"(0.8, 1.5)",78.75714285714287,147.66964285714286,98.44642857142857,30.5,EOD,569,ESH2,0.84
2022-01-28,2022,B,1,385,"(0.8, 1.75)",78.75714285714287,172.28125,98.44642857142857,30.5,EOD,569,ESH2,0.84
2022-01-28,2022,B,1,385,"(0.8, 2.0)",78.75714285714287,196.89285714285714,98.44642857142857,30.5,EOD,569,ESH2,0.84
2022-01-28,2022,B,1,385,"(1.0, 1.5)",98.44642857142857,147.66964285714286,98.44642857142857,30.5,EOD,569,ESH2,0.84
2022-01-28,2022,B,1,385,"(1.0, 1.75)",98.44642857142857,172.28125,98.44642857142857,30.5,EOD,569,ESH2,0.84
2022-01-28,2022,B,1,385,"(1.0, 2.0)",98.44642857142857,196.89285714285714,98.44642857142857,30.5,EOD,569,ESH2,0.84
2022-01-28,2022,B,1,385,"(1.2, 1.5)",118.13571428571427,147.66964285714286,98.44642857142857,30.5,EOD,569,ESH2,0.84
2022-01-28,2022,B,1,385,"(1.2, 1.75)",118.13571428571427,172.28125,98.44642857142857,30.5,EOD,569,ESH2,0.84
2022-01-28,2022,B,1,385,"(1.2, 2.0)",118.13571428571427,196.89285714285714,98.44642857142857,30.5,EOD,569,ESH2,0.84
2022-01-28,2022,B,1,385,"(0.179, 0.247)",17.621910714285715,24.316267857142858,98.44642857142857,-17.62191071428606,SL,443,ESH2,0.84
2022-01-31,2022,B,-1,315,"(0.8, 1.5)",81.3857142857143,152.59821428571428,101.73214285714286,7.0,EOD,569,ESH2,0.84
2022-01-31,2022,B,-1,315,"(0.8, 1.75)",81.3857142857143,178.03125,101.73214285714286,7.0,EOD,569,ESH2,0.84
2022-01-31,2022,B,-1,315,"(0.8, 2.0)",81.3857142857143,203.46428571428572,101.73214285714286,7.0,EOD,569,ESH2,0.84
2022-01-31,2022,B,-1,315,"(1.0, 1.5)",101.73214285714286,152.59821428571428,101.73214285714286,7.0,EOD,569,ESH2,0.84
2022-01-31,2022,B,-1,315,"(1.0, 1.75)",101.73214285714286,178.03125,101.73214285714286,7.0,EOD,569,ESH2,0.84
2022-01-31,2022,B,-1,315,"(1.0, 2.0)",101.73214285714286,203.46428571428572,101.73214285714286,7.0,EOD,569,ESH2,0.84
2022-01-31,2022,B,-1,315,"(1.2, 1.5)",122.07857142857142,152.59821428571428,101.73214285714286,7.0,EOD,569,ESH2,0.84
2022-01-31,2022,B,-1,315,"(1.2, 1.75)",122.07857142857142,178.03125,101.73214285714286,7.0,EOD,569,ESH2,0.84
2022-01-31,2022,B,-1,315,"(1.2, 2.0)",122.07857142857142,203.46428571428572,101.73214285714286,7.0,EOD,569,ESH2,0.84
2022-01-31,2022,B,-1,315,"(0.179, 0.247)",18.21005357142857,25.127839285714288,101.73214285714286,25.12783928571389,TP,442,ESH2,0.84
2022-02-01,2022,B,-1,510,"(0.8, 1.5)",82.85714285714286,155.35714285714286,103.57142857142857,-5.25,EOD,569,ESH2,0.84
2022-02-01,2022,B,-1,510,"(0.8, 1.75)",82.85714285714286,181.25,103.57142857142857,-5.25,EOD,569,ESH2,0.84
2022-02-01,2022,B,-1,510,"(0.8, 2.0)",82.85714285714286,207.14285714285714,103.57142857142857,-5.25,EOD,569,ESH2,0.84
2022-02-01,2022,B,-1,510,"(1.0, 1.5)",103.57142857142857,155.35714285714286,103.57142857142857,-5.25,EOD,569,ESH2,0.84
2022-02-01,2022,B,-1,510,"(1.0, 1.75)",103.57142857142857,181.25,103.57142857142857,-5.25,EOD,569,ESH2,0.84
2022-02-01,2022,B,-1,510,"(1.0, 2.0)",103.57142857142857,207.14285714285714,103.57142857142857,-5.25,EOD,569,ESH2,0.84
2022-02-01,2022,B,-1,510,"(1.2, 1.5)",124.28571428571428,155.35714285714286,103.57142857142857,-5.25,EOD,569,ESH2,0.84
2022-02-01,2022,B,-1,510,"(1.2, 1.75)",124.28571428571428,181.25,103.57142857142857,-5.25,EOD,569,ESH2,0.84
2022-02-01,2022,B,-1,510,"(1.2, 2.0)",124.28571428571428,207.14285714285714,103.57142857142857,-5.25,EOD,569,ESH2,0.84
2022-02-01,2022,B,-1,510,"(0.179, 0.247)",18.539285714285715,25.582142857142856,103.57142857142857,-5.25,EOD,569,ESH2,0.84
2022-02-04,2022,B,1,390,"(0.8, 1.5)",85.42857142857144,160.17857142857144,106.78571428571429,1.5,EOD,569,ESH2,0.84
2022-02-04,2022,B,1,390,"(0.8, 1.75)",85.42857142857144,186.875,106.78571428571429,1.5,EOD,569,ESH2,0.84
2022-02-04,2022,B,1,390,"(0.8, 2.0)",85.42857142857144,213.57142857142858,106.78571428571429,1.5,EOD,569,ESH2,0.84
2022-02-04,2022,B,1,390,"(1.0, 1.5)",106.78571428571429,160.17857142857144,106.78571428571429,1.5,EOD,569,ESH2,0.84
2022-02-04,2022,B,1,390,"(1.0, 1.75)",106.78571428571429,186.875,106.78571428571429,1.5,EOD,569,ESH2,0.84
2022-02-04,2022,B,1,390,"(1.0, 2.0)",106.78571428571429,213.57142857142858,106.78571428571429,1.5,EOD,569,ESH2,0.84
2022-02-04,2022,B,1,390,"(1.2, 1.5)",128.14285714285714,160.17857142857144,106.78571428571429,1.5,EOD,569,ESH2,0.84
2022-02-04,2022,B,1,390,"(1.2, 1.75)",128.14285714285714,186.875,106.78571428571429,1.5,EOD,569,ESH2,0.84
2022-02-04,2022,B,1,390,"(1.2, 2.0)",128.14285714285714,213.57142857142858,106.78571428571429,1.5,EOD,569,ESH2,0.84
2022-02-04,2022,B,1,390,"(0.179, 0.247)",19.114642857142858,26.37607142857143,106.78571428571429,-19.114642857142826,SL,514,ESH2,0.84
2022-02-10,2022,B,-1,495,"(0.8, 1.5)",83.54285714285714,156.64285714285714,104.42857142857143,61.75,EOD,569,ESH2,0.84
2022-02-10,2022,B,-1,495,"(0.8, 1.75)",83.54285714285714,182.75,104.42857142857143,61.75,EOD,569,ESH2,0.84
2022-02-10,2022,B,-1,495,"(0.8, 2.0)",83.54285714285714,208.85714285714286,104.42857142857143,61.75,EOD,569,ESH2,0.84
2022-02-10,2022,B,-1,495,"(1.0, 1.5)",104.42857142857143,156.64285714285714,104.42857142857143,61.75,EOD,569,ESH2,0.84
2022-02-10,2022,B,-1,495,"(1.0, 1.75)",104.42857142857143,182.75,104.42857142857143,61.75,EOD,569,ESH2,0.84
2022-02-10,2022,B,-1,495,"(1.0, 2.0)",104.42857142857143,208.85714285714286,104.42857142857143,61.75,EOD,569,ESH2,0.84
2022-02-10,2022,B,-1,495,"(1.2, 1.5)",125.31428571428572,156.64285714285714,104.42857142857143,61.75,EOD,569,ESH2,0.84
2022-02-10,2022,B,-1,495,"(1.2, 1.75)",125.31428571428572,182.75,104.42857142857143,61.75,EOD,569,ESH2,0.84
2022-02-10,2022,B,-1,495,"(1.2, 2.0)",125.31428571428572,208.85714285714286,104.42857142857143,61.75,EOD,569,ESH2,0.84
2022-02-10,2022,B,-1,495,"(0.179, 0.247)",18.692714285714285,25.793857142857142,104.42857142857143,25.793857142856723,TP,511,ESH2,0.84
2022-02-25,2022,B,-1,485,"(0.8, 1.5)",71.35714285714286,133.79464285714286,89.19642857142857,-12.0,EOD,569,ESH2,0.84
2022-02-25,2022,B,-1,485,"(0.8, 1.75)",71.35714285714286,156.09375,89.19642857142857,-12.0,EOD,569,ESH2,0.84
2022-02-25,2022,B,-1,485,"(0.8, 2.0)",71.35714285714286,178.39285714285714,89.19642857142857,-12.0,EOD,569,ESH2,0.84
2022-02-25,2022,B,-1,485,"(1.0, 1.5)",89.19642857142857,133.79464285714286,89.19642857142857,-12.0,EOD,569,ESH2,0.84
2022-02-25,2022,B,-1,485,"(1.0, 1.75)",89.19642857142857,156.09375,89.19642857142857,-12.0,EOD,569,ESH2,0.84
2022-02-25,2022,B,-1,485,"(1.0, 2.0)",89.19642857142857,178.39285714285714,89.19642857142857,-12.0,EOD,569,ESH2,0.84
2022-02-25,2022,B,-1,485,"(1.2, 1.5)",107.03571428571428,133.79464285714286,89.19642857142857,-12.0,EOD,569,ESH2,0.84
2022-02-25,2022,B,-1,485,"(1.2, 1.75)",107.03571428571428,156.09375,89.19642857142857,-12.0,EOD,569,ESH2,0.84
2022-02-25,2022,B,-1,485,"(1.2, 2.0)",107.03571428571428,178.39285714285714,89.19642857142857,-12.0,EOD,569,ESH2,0.84
2022-02-25,2022,B,-1,485,"(0.179, 0.247)",15.966160714285714,22.031517857142855,89.19642857142857,-15.966160714286161,SL,500,ESH2,0.84
2022-03-07,2022,B,1,430,"(0.8, 1.5)",73.60000000000001,138.0,92.0,34.25,EOD,569,ESH2,0.84
2022-03-07,2022,B,1,430,"(0.8, 1.75)",73.60000000000001,161.0,92.0,34.25,EOD,569,ESH2,0.84
2022-03-07,2022,B,1,430,"(0.8, 2.0)",73.60000000000001,184.0,92.0,34.25,EOD,569,ESH2,0.84
2022-03-07,2022,B,1,430,"(1.0, 1.5)",92.0,138.0,92.0,34.25,EOD,569,ESH2,0.84
2022-03-07,2022,B,1,430,"(1.0, 1.75)",92.0,161.0,92.0,34.25,EOD,569,ESH2,0.84
2022-03-07,2022,B,1,430,"(1.0, 2.0)",92.0,184.0,92.0,34.25,EOD,569,ESH2,0.84
2022-03-07,2022,B,1,430,"(1.2, 1.5)",110.39999999999999,138.0,92.0,34.25,EOD,569,ESH2,0.84
2022-03-07,2022,B,1,430,"(1.2, 1.75)",110.39999999999999,161.0,92.0,34.25,EOD,569,ESH2,0.84
2022-03-07,2022,B,1,430,"(1.2, 2.0)",110.39999999999999,184.0,92.0,34.25,EOD,569,ESH2,0.84
2022-03-07,2022,B,1,430,"(0.179, 0.247)",16.468,22.724,92.0,22.72400000000016,TP,454,ESH2,0.84
2022-03-21,2022,B,-1,445,"(0.8, 1.5)",77.0,144.375,96.25,5.5,EOD,569,ESM2,0.84
2022-03-21,2022,B,-1,445,"(0.8, 1.75)",77.0,168.4375,96.25,5.5,EOD,569,ESM2,0.84
2022-03-21,2022,B,-1,445,"(0.8, 2.0)",77.0,192.5,96.25,5.5,EOD,569,ESM2,0.84
2022-03-21,2022,B,-1,445,"(1.0, 1.5)",96.25,144.375,96.25,5.5,EOD,569,ESM2,0.84
2022-03-21,2022,B,-1,445,"(1.0, 1.75)",96.25,168.4375,96.25,5.5,EOD,569,ESM2,0.84
2022-03-21,2022,B,-1,445,"(1.0, 2.0)",96.25,192.5,96.25,5.5,EOD,569,ESM2,0.84
2022-03-21,2022,B,-1,445,"(1.2, 1.5)",115.5,144.375,96.25,5.5,EOD,569,ESM2,0.84
2022-03-21,2022,B,-1,445,"(1.2, 1.75)",115.5,168.4375,96.25,5.5,EOD,569,ESM2,0.84
2022-03-21,2022,B,-1,445,"(1.2, 2.0)",115.5,192.5,96.25,5.5,EOD,569,ESM2,0.84
2022-03-21,2022,B,-1,445,"(0.179, 0.247)",17.228749999999998,23.77375,96.25,5.5,EOD,569,ESM2,0.84
2022-03-25,2022,B,-1,305,"(0.8, 1.5)",71.1857142857143,133.47321428571428,88.98214285714286,-13.75,EOD,569,ESM2,0.84
2022-03-25,2022,B,-1,305,"(0.8, 1.75)",71.1857142857143,155.71875,88.98214285714286,-13.75,EOD,569,ESM2,0.84
2022-03-25,2022,B,-1,305,"(0.8, 2.0)",71.1857142857143,177.96428571428572,88.98214285714286,-13.75,EOD,569,ESM2,0.84
2022-03-25,2022,B,-1,305,"(1.0, 1.5)",88.98214285714286,133.47321428571428,88.98214285714286,-13.75,EOD,569,ESM2,0.84
2022-03-25,2022,B,-1,305,"(1.0, 1.75)",88.98214285714286,155.71875,88.98214285714286,-13.75,EOD,569,ESM2,0.84
2022-03-25,2022,B,-1,305,"(1.0, 2.0)",88.98214285714286,177.96428571428572,88.98214285714286,-13.75,EOD,569,ESM2,0.84
2022-03-25,2022,B,-1,305,"(1.2, 1.5)",106.77857142857142,133.47321428571428,88.98214285714286,-13.75,EOD,569,ESM2,0.84
2022-03-25,2022,B,-1,305,"(1.2, 1.75)",106.77857142857142,155.71875,88.98214285714286,-13.75,EOD,569,ESM2,0.84
2022-03-25,2022,B,-1,305,"(1.2, 2.0)",106.77857142857142,177.96428571428572,88.98214285714286,-13.75,EOD,569,ESM2,0.84
2022-03-25,2022,B,-1,305,"(0.179, 0.247)",15.927803571428571,21.978589285714285,88.98214285714286,-15.92780357142874,SL,415,ESM2,0.84
2022-03-28,2022,B,-1,410,"(0.8, 1.5)",66.45714285714286,124.60714285714286,83.07142857142857,8.75,EOD,569,ESM2,0.84
2022-03-28,2022,B,-1,410,"(0.8, 1.75)",66.45714285714286,145.375,83.07142857142857,8.75,EOD,569,ESM2,0.84
2022-03-28,2022,B,-1,410,"(0.8, 2.0)",66.45714285714286,166.14285714285714,83.07142857142857,8.75,EOD,569,ESM2,0.84
2022-03-28,2022,B,-1,410,"(1.0, 1.5)",83.07142857142857,124.60714285714286,83.07142857142857,8.75,EOD,569,ESM2,0.84
2022-03-28,2022,B,-1,410,"(1.0, 1.75)",83.07142857142857,145.375,83.07142857142857,8.75,EOD,569,ESM2,0.84
2022-03-28,2022,B,-1,410,"(1.0, 2.0)",83.07142857142857,166.14285714285714,83.07142857142857,8.75,EOD,569,ESM2,0.84
2022-03-28,2022,B,-1,410,"(1.2, 1.5)",99.68571428571428,124.60714285714286,83.07142857142857,8.75,EOD,569,ESM2,0.84
2022-03-28,2022,B,-1,410,"(1.2, 1.75)",99.68571428571428,145.375,83.07142857142857,8.75,EOD,569,ESM2,0.84
2022-03-28,2022,B,-1,410,"(1.2, 2.0)",99.68571428571428,166.14285714285714,83.07142857142857,8.75,EOD,569,ESM2,0.84
2022-03-28,2022,B,-1,410,"(0.179, 0.247)",14.869785714285713,20.518642857142858,83.07142857142857,8.75,EOD,569,ESM2,0.84
2022-04-11,2022,B,1,425,"(0.8, 1.5)",48.371428571428574,90.69642857142857,60.464285714285715,-19.0,EOD,569,ESM2,0.84
2022-04-11,2022,B,1,425,"(0.8, 1.75)",48.371428571428574,105.8125,60.464285714285715,-19.0,EOD,569,ESM2,0.84
2022-04-11,2022,B,1,425,"(0.8, 2.0)",48.371428571428574,120.92857142857143,60.464285714285715,-19.0,EOD,569,ESM2,0.84
2022-04-11,2022,B,1,425,"(1.0, 1.5)",60.464285714285715,90.69642857142857,60.464285714285715,-19.0,EOD,569,ESM2,0.84
2022-04-11,2022,B,1,425,"(1.0, 1.75)",60.464285714285715,105.8125,60.464285714285715,-19.0,EOD,569,ESM2,0.84
2022-04-11,2022,B,1,425,"(1.0, 2.0)",60.464285714285715,120.92857142857143,60.464285714285715,-19.0,EOD,569,ESM2,0.84
2022-04-11,2022,B,1,425,"(1.2, 1.5)",72.55714285714285,90.69642857142857,60.464285714285715,-19.0,EOD,569,ESM2,0.84
2022-04-11,2022,B,1,425,"(1.2, 1.75)",72.55714285714285,105.8125,60.464285714285715,-19.0,EOD,569,ESM2,0.84
2022-04-11,2022,B,1,425,"(1.2, 2.0)",72.55714285714285,120.92857142857143,60.464285714285715,-19.0,EOD,569,ESM2,0.84
2022-04-11,2022,B,1,425,"(0.179, 0.247)",10.823107142857143,14.934678571428572,60.464285714285715,-10.823107142857225,SL,459,ESM2,0.84
2022-04-12,2022,B,-1,540,"(0.8, 1.5)",49.61428571428572,93.02678571428572,62.017857142857146,16.5,EOD,569,ESM2,0.84
2022-04-12,2022,B,-1,540,"(0.8, 1.75)",49.61428571428572,108.53125,62.017857142857146,16.5,EOD,569,ESM2,0.84
2022-04-12,2022,B,-1,540,"(0.8, 2.0)",49.61428571428572,124.03571428571429,62.017857142857146,16.5,EOD,569,ESM2,0.84
2022-04-12,2022,B,-1,540,"(1.0, 1.5)",62.017857142857146,93.02678571428572,62.017857142857146,16.5,EOD,569,ESM2,0.84
2022-04-12,2022,B,-1,540,"(1.0, 1.75)",62.017857142857146,108.53125,62.017857142857146,16.5,EOD,569,ESM2,0.84
2022-04-12,2022,B,-1,540,"(1.0, 2.0)",62.017857142857146,124.03571428571429,62.017857142857146,16.5,EOD,569,ESM2,0.84
2022-04-12,2022,B,-1,540,"(1.2, 1.5)",74.42142857142858,93.02678571428572,62.017857142857146,16.5,EOD,569,ESM2,0.84
2022-04-12,2022,B,-1,540,"(1.2, 1.75)",74.42142857142858,108.53125,62.017857142857146,16.5,EOD,569,ESM2,0.84
2022-04-12,2022,B,-1,540,"(1.2, 2.0)",74.42142857142858,124.03571428571429,62.017857142857146,16.5,EOD,569,ESM2,0.84
2022-04-12,2022,B,-1,540,"(0.179, 0.247)",11.101196428571429,15.318410714285715,62.017857142857146,15.318410714286074,TP,561,ESM2,0.84
2022-04-22,2022,B,1,545,"(0.8, 1.5)",55.35714285714286,103.79464285714286,69.19642857142857,-3.25,EOD,569,ESM2,0.84
2022-04-22,2022,B,1,545,"(0.8, 1.75)",55.35714285714286,121.09375,69.19642857142857,-3.25,EOD,569,ESM2,0.84
2022-04-22,2022,B,1,545,"(0.8, 2.0)",55.35714285714286,138.39285714285714,69.19642857142857,-3.25,EOD,569,ESM2,0.84
2022-04-22,2022,B,1,545,"(1.0, 1.5)",69.19642857142857,103.79464285714286,69.19642857142857,-3.25,EOD,569,ESM2,0.84
2022-04-22,2022,B,1,545,"(1.0, 1.75)",69.19642857142857,121.09375,69.19642857142857,-3.25,EOD,569,ESM2,0.84
2022-04-22,2022,B,1,545,"(1.0, 2.0)",69.19642857142857,138.39285714285714,69.19642857142857,-3.25,EOD,569,ESM2,0.84
2022-04-22,2022,B,1,545,"(1.2, 1.5)",83.03571428571428,103.79464285714286,69.19642857142857,-3.25,EOD,569,ESM2,0.84
2022-04-22,2022,B,1,545,"(1.2, 1.75)",83.03571428571428,121.09375,69.19642857142857,-3.25,EOD,569,ESM2,0.84
2022-04-22,2022,B,1,545,"(1.2, 2.0)",83.03571428571428,138.39285714285714,69.19642857142857,-3.25,EOD,569,ESM2,0.84
2022-04-22,2022,B,1,545,"(0.179, 0.247)",12.386160714285714,17.091517857142858,69.19642857142857,-3.25,EOD,569,ESM2,0.84
2022-04-28,2022,B,-1,510,"(0.8, 1.5)",65.84285714285714,123.45535714285714,82.30357142857143,1.5,EOD,569,ESM2,0.84
2022-04-28,2022,B,-1,510,"(0.8, 1.75)",65.84285714285714,144.03125,82.30357142857143,1.5,EOD,569,ESM2,0.84
2022-04-28,2022,B,-1,510,"(0.8, 2.0)",65.84285714285714,164.60714285714286,82.30357142857143,1.5,EOD,569,ESM2,0.84
2022-04-28,2022,B,-1,510,"(1.0, 1.5)",82.30357142857143,123.45535714285714,82.30357142857143,1.5,EOD,569,ESM2,0.84
2022-04-28,2022,B,-1,510,"(1.0, 1.75)",82.30357142857143,144.03125,82.30357142857143,1.5,EOD,569,ESM2,0.84
2022-04-28,2022,B,-1,510,"(1.0, 2.0)",82.30357142857143,164.60714285714286,82.30357142857143,1.5,EOD,569,ESM2,0.84
2022-04-28,2022,B,-1,510,"(1.2, 1.5)",98.76428571428572,123.45535714285714,82.30357142857143,1.5,EOD,569,ESM2,0.84
2022-04-28,2022,B,-1,510,"(1.2, 1.75)",98.76428571428572,144.03125,82.30357142857143,1.5,EOD,569,ESM2,0.84
2022-04-28,2022,B,-1,510,"(1.2, 2.0)",98.76428571428572,164.60714285714286,82.30357142857143,1.5,EOD,569,ESM2,0.84
2022-04-28,2022,B,-1,510,"(0.179, 0.247)",14.732339285714286,20.328982142857143,82.30357142857143,1.5,EOD,569,ESM2,0.84
2022-05-02,2022,B,1,515,"(0.8, 1.5)",75.58571428571429,141.72321428571428,94.48214285714286,8.0,EOD,569,ESM2,0.84
2022-05-02,2022,B,1,515,"(0.8, 1.75)",75.58571428571429,165.34375,94.48214285714286,8.0,EOD,569,ESM2,0.84
2022-05-02,2022,B,1,515,"(0.8, 2.0)",75.58571428571429,188.96428571428572,94.48214285714286,8.0,EOD,569,ESM2,0.84
2022-05-02,2022,B,1,515,"(1.0, 1.5)",94.48214285714286,141.72321428571428,94.48214285714286,8.0,EOD,569,ESM2,0.84
2022-05-02,2022,B,1,515,"(1.0, 1.75)",94.48214285714286,165.34375,94.48214285714286,8.0,EOD,569,ESM2,0.84
2022-05-02,2022,B,1,515,"(1.0, 2.0)",94.48214285714286,188.96428571428572,94.48214285714286,8.0,EOD,569,ESM2,0.84
2022-05-02,2022,B,1,515,"(1.2, 1.5)",113.37857142857143,141.72321428571428,94.48214285714286,8.0,EOD,569,ESM2,0.84
2022-05-02,2022,B,1,515,"(1.2, 1.75)",113.37857142857143,165.34375,94.48214285714286,8.0,EOD,569,ESM2,0.84
2022-05-02,2022,B,1,515,"(1.2, 2.0)",113.37857142857143,188.96428571428572,94.48214285714286,8.0,EOD,569,ESM2,0.84
2022-05-02,2022,B,1,515,"(0.179, 0.247)",16.91230357142857,23.337089285714285,94.48214285714286,8.0,EOD,569,ESM2,0.84
2022-05-11,2022,B,1,540,"(0.8, 1.5)",98.72857142857144,185.11607142857144,123.41071428571429,29.5,EOD,569,ESM2,0.84
2022-05-11,2022,B,1,540,"(0.8, 1.75)",98.72857142857144,215.96875,123.41071428571429,29.5,EOD,569,ESM2,0.84
2022-05-11,2022,B,1,540,"(0.8, 2.0)",98.72857142857144,246.82142857142858,123.41071428571429,29.5,EOD,569,ESM2,0.84
2022-05-11,2022,B,1,540,"(1.0, 1.5)",123.41071428571429,185.11607142857144,123.41071428571429,29.5,EOD,569,ESM2,0.84
2022-05-11,2022,B,1,540,"(1.0, 1.75)",123.41071428571429,215.96875,123.41071428571429,29.5,EOD,569,ESM2,0.84
2022-05-11,2022,B,1,540,"(1.0, 2.0)",123.41071428571429,246.82142857142858,123.41071428571429,29.5,EOD,569,ESM2,0.84
2022-05-11,2022,B,1,540,"(1.2, 1.5)",148.09285714285716,185.11607142857144,123.41071428571429,29.5,EOD,569,ESM2,0.84
2022-05-11,2022,B,1,540,"(1.2, 1.75)",148.09285714285716,215.96875,123.41071428571429,29.5,EOD,569,ESM2,0.84
2022-05-11,2022,B,1,540,"(1.2, 2.0)",148.09285714285716,246.82142857142858,123.41071428571429,29.5,EOD,569,ESM2,0.84
2022-05-11,2022,B,1,540,"(0.179, 0.247)",22.090517857142856,30.48244642857143,123.41071428571429,30.48244642857162,TP,560,ESM2,0.84
2022-05-23,2022,B,-1,495,"(0.8, 1.5)",93.27142857142857,174.88392857142856,116.58928571428571,9.75,EOD,569,ESM2,0.84
2022-05-23,2022,B,-1,495,"(0.8, 1.75)",93.27142857142857,204.03125,116.58928571428571,9.75,EOD,569,ESM2,0.84
2022-05-23,2022,B,-1,495,"(0.8, 2.0)",93.27142857142857,233.17857142857142,116.58928571428571,9.75,EOD,569,ESM2,0.84
2022-05-23,2022,B,-1,495,"(1.0, 1.5)",116.58928571428571,174.88392857142856,116.58928571428571,9.75,EOD,569,ESM2,0.84
2022-05-23,2022,B,-1,495,"(1.0, 1.75)",116.58928571428571,204.03125,116.58928571428571,9.75,EOD,569,ESM2,0.84
2022-05-23,2022,B,-1,495,"(1.0, 2.0)",116.58928571428571,233.17857142857142,116.58928571428571,9.75,EOD,569,ESM2,0.84
2022-05-23,2022,B,-1,495,"(1.2, 1.5)",139.90714285714284,174.88392857142856,116.58928571428571,9.75,EOD,569,ESM2,0.84
2022-05-23,2022,B,-1,495,"(1.2, 1.75)",139.90714285714284,204.03125,116.58928571428571,9.75,EOD,569,ESM2,0.84
2022-05-23,2022,B,-1,495,"(1.2, 2.0)",139.90714285714284,233.17857142857142,116.58928571428571,9.75,EOD,569,ESM2,0.84
2022-05-23,2022,B,-1,495,"(0.179, 0.247)",20.86948214285714,28.79755357142857,116.58928571428571,9.75,EOD,569,ESM2,0.84
2022-05-26,2022,B,-1,515,"(0.8, 1.5)",84.34285714285716,158.14285714285714,105.42857142857143,3.0,EOD,569,ESM2,0.84
2022-05-26,2022,B,-1,515,"(0.8, 1.75)",84.34285714285716,184.5,105.42857142857143,3.0,EOD,569,ESM2,0.84
2022-05-26,2022,B,-1,515,"(0.8, 2.0)",84.34285714285716,210.85714285714286,105.42857142857143,3.0,EOD,569,ESM2,0.84
2022-05-26,2022,B,-1,515,"(1.0, 1.5)",105.42857142857143,158.14285714285714,105.42857142857143,3.0,EOD,569,ESM2,0.84
2022-05-26,2022,B,-1,515,"(1.0, 1.75)",105.42857142857143,184.5,105.42857142857143,3.0,EOD,569,ESM2,0.84
2022-05-26,2022,B,-1,515,"(1.0, 2.0)",105.42857142857143,210.85714285714286,105.42857142857143,3.0,EOD,569,ESM2,0.84
2022-05-26,2022,B,-1,515,"(1.2, 1.5)",126.5142857142857,158.14285714285714,105.42857142857143,3.0,EOD,569,ESM2,0.84
2022-05-26,2022,B,-1,515,"(1.2, 1.75)",126.5142857142857,184.5,105.42857142857143,3.0,EOD,569,ESM2,0.84
2022-05-26,2022,B,-1,515,"(1.2, 2.0)",126.5142857142857,210.85714285714286,105.42857142857143,3.0,EOD,569,ESM2,0.84
2022-05-26,2022,B,-1,515,"(0.179, 0.247)",18.871714285714287,26.040857142857142,105.42857142857143,3.0,EOD,569,ESM2,0.84
2022-05-27,2022,B,-1,365,"(0.8, 1.5)",84.52857142857144,158.49107142857144,105.66071428571429,-11.25,EOD,569,ESM2,0.84
2022-05-27,2022,B,-1,365,"(0.8, 1.75)",84.52857142857144,184.90625,105.66071428571429,-11.25,EOD,569,ESM2,0.84
2022-05-27,2022,B,-1,365,"(0.8, 2.0)",84.52857142857144,211.32142857142858,105.66071428571429,-11.25,EOD,569,ESM2,0.84
2022-05-27,2022,B,-1,365,"(1.0, 1.5)",105.66071428571429,158.49107142857144,105.66071428571429,-11.25,EOD,569,ESM2,0.84
2022-05-27,2022,B,-1,365,"(1.0, 1.75)",105.66071428571429,184.90625,105.66071428571429,-11.25,EOD,569,ESM2,0.84
2022-05-27,2022,B,-1,365,"(1.0, 2.0)",105.66071428571429,211.32142857142858,105.66071428571429,-11.25,EOD,569,ESM2,0.84
2022-05-27,2022,B,-1,365,"(1.2, 1.5)",126.79285714285714,158.49107142857144,105.66071428571429,-11.25,EOD,569,ESM2,0.84
2022-05-27,2022,B,-1,365,"(1.2, 1.75)",126.79285714285714,184.90625,105.66071428571429,-11.25,EOD,569,ESM2,0.84
2022-05-27,2022,B,-1,365,"(1.2, 2.0)",126.79285714285714,211.32142857142858,105.66071428571429,-11.25,EOD,569,ESM2,0.84
2022-05-27,2022,B,-1,365,"(0.179, 0.247)",18.91326785714286,26.09819642857143,105.66071428571429,-11.25,EOD,569,ESM2,0.84
2022-06-16,2022,B,1,520,"(0.8, 1.5)",72.27142857142857,135.50892857142856,90.33928571428571,-22.25,EOD,569,ESU2,0.84
2022-06-16,2022,B,1,520,"(0.8, 1.75)",72.27142857142857,158.09375,90.33928571428571,-22.25,EOD,569,ESU2,0.84
2022-06-16,2022,B,1,520,"(0.8, 2.0)",72.27142857142857,180.67857142857142,90.33928571428571,-22.25,EOD,569,ESU2,0.84
2022-06-16,2022,B,1,520,"(1.0, 1.5)",90.33928571428571,135.50892857142856,90.33928571428571,-22.25,EOD,569,ESU2,0.84
2022-06-16,2022,B,1,520,"(1.0, 1.75)",90.33928571428571,158.09375,90.33928571428571,-22.25,EOD,569,ESU2,0.84
2022-06-16,2022,B,1,520,"(1.0, 2.0)",90.33928571428571,180.67857142857142,90.33928571428571,-22.25,EOD,569,ESU2,0.84
2022-06-16,2022,B,1,520,"(1.2, 1.5)",108.40714285714284,135.50892857142856,90.33928571428571,-22.25,EOD,569,ESU2,0.84
2022-06-16,2022,B,1,520,"(1.2, 1.75)",108.40714285714284,158.09375,90.33928571428571,-22.25,EOD,569,ESU2,0.84
2022-06-16,2022,B,1,520,"(1.2, 2.0)",108.40714285714284,180.67857142857142,90.33928571428571,-22.25,EOD,569,ESU2,0.84
2022-06-16,2022,B,1,520,"(0.179, 0.247)",16.17073214285714,22.31380357142857,90.33928571428571,-16.170732142857105,SL,546,ESU2,0.84
2022-06-29,2022,B,1,335,"(0.8, 1.5)",77.47142857142858,145.25892857142856,96.83928571428571,6.25,EOD,569,ESU2,0.84
2022-06-29,2022,B,1,335,"(0.8, 1.75)",77.47142857142858,169.46875,96.83928571428571,6.25,EOD,569,ESU2,0.84
2022-06-29,2022,B,1,335,"(0.8, 2.0)",77.47142857142858,193.67857142857142,96.83928571428571,6.25,EOD,569,ESU2,0.84
2022-06-29,2022,B,1,335,"(1.0, 1.5)",96.83928571428571,145.25892857142856,96.83928571428571,6.25,EOD,569,ESU2,0.84
2022-06-29,2022,B,1,335,"(1.0, 1.75)",96.83928571428571,169.46875,96.83928571428571,6.25,EOD,569,ESU2,0.84
2022-06-29,2022,B,1,335,"(1.0, 2.0)",96.83928571428571,193.67857142857142,96.83928571428571,6.25,EOD,569,ESU2,0.84
2022-06-29,2022,B,1,335,"(1.2, 1.5)",116.20714285714284,145.25892857142856,96.83928571428571,6.25,EOD,569,ESU2,0.84
2022-06-29,2022,B,1,335,"(1.2, 1.75)",116.20714285714284,169.46875,96.83928571428571,6.25,EOD,569,ESU2,0.84
2022-06-29,2022,B,1,335,"(1.2, 2.0)",116.20714285714284,193.67857142857142,96.83928571428571,6.25,EOD,569,ESU2,0.84
2022-06-29,2022,B,1,335,"(0.179, 0.247)",17.33423214285714,23.91930357142857,96.83928571428571,6.25,EOD,569,ESU2,0.84
2022-07-05,2022,B,1,445,"(0.8, 1.5)",63.94285714285715,119.89285714285714,79.92857142857143,-32.75,EOD,569,ESU2,0.84
2022-07-05,2022,B,1,445,"(0.8, 1.75)",63.94285714285715,139.875,79.92857142857143,-32.75,EOD,569,ESU2,0.84
2022-07-05,2022,B,1,445,"(0.8, 2.0)",63.94285714285715,159.85714285714286,79.92857142857143,-32.75,EOD,569,ESU2,0.84
2022-07-05,2022,B,1,445,"(1.0, 1.5)",79.92857142857143,119.89285714285714,79.92857142857143,-32.75,EOD,569,ESU2,0.84
2022-07-05,2022,B,1,445,"(1.0, 1.75)",79.92857142857143,139.875,79.92857142857143,-32.75,EOD,569,ESU2,0.84
2022-07-05,2022,B,1,445,"(1.0, 2.0)",79.92857142857143,159.85714285714286,79.92857142857143,-32.75,EOD,569,ESU2,0.84
2022-07-05,2022,B,1,445,"(1.2, 1.5)",95.91428571428571,119.89285714285714,79.92857142857143,-32.75,EOD,569,ESU2,0.84
2022-07-05,2022,B,1,445,"(1.2, 1.75)",95.91428571428571,139.875,79.92857142857143,-32.75,EOD,569,ESU2,0.84
2022-07-05,2022,B,1,445,"(1.2, 2.0)",95.91428571428571,159.85714285714286,79.92857142857143,-32.75,EOD,569,ESU2,0.84
2022-07-05,2022,B,1,445,"(0.179, 0.247)",14.307214285714286,19.74235714285714,79.92857142857143,-14.307214285714508,SL,480,ESU2,0.84
2022-07-06,2022,B,-1,535,"(0.8, 1.5)",62.35714285714286,116.91964285714286,77.94642857142857,-4.0,EOD,569,ESU2,0.84
2022-07-06,2022,B,-1,535,"(0.8, 1.75)",62.35714285714286,136.40625,77.94642857142857,-4.0,EOD,569,ESU2,0.84
2022-07-06,2022,B,-1,535,"(0.8, 2.0)",62.35714285714286,155.89285714285714,77.94642857142857,-4.0,EOD,569,ESU2,0.84
2022-07-06,2022,B,-1,535,"(1.0, 1.5)",77.94642857142857,116.91964285714286,77.94642857142857,-4.0,EOD,569,ESU2,0.84
2022-07-06,2022,B,-1,535,"(1.0, 1.75)",77.94642857142857,136.40625,77.94642857142857,-4.0,EOD,569,ESU2,0.84
2022-07-06,2022,B,-1,535,"(1.0, 2.0)",77.94642857142857,155.89285714285714,77.94642857142857,-4.0,EOD,569,ESU2,0.84
2022-07-06,2022,B,-1,535,"(1.2, 1.5)",93.53571428571428,116.91964285714286,77.94642857142857,-4.0,EOD,569,ESU2,0.84
2022-07-06,2022,B,-1,535,"(1.2, 1.75)",93.53571428571428,136.40625,77.94642857142857,-4.0,EOD,569,ESU2,0.84
2022-07-06,2022,B,-1,535,"(1.2, 2.0)",93.53571428571428,155.89285714285714,77.94642857142857,-4.0,EOD,569,ESU2,0.84
2022-07-06,2022,B,-1,535,"(0.179, 0.247)",13.952410714285714,19.252767857142857,77.94642857142857,-4.0,EOD,569,ESU2,0.84
2022-07-11,2022,B,1,525,"(0.8, 1.5)",56.800000000000004,106.5,71.0,0.5,EOD,569,ESU2,0.84
2022-07-11,2022,B,1,525,"(0.8, 1.75)",56.800000000000004,124.25,71.0,0.5,EOD,569,ESU2,0.84
2022-07-11,2022,B,1,525,"(0.8, 2.0)",56.800000000000004,142.0,71.0,0.5,EOD,569,ESU2,0.84
2022-07-11,2022,B,1,525,"(1.0, 1.5)",71.0,106.5,71.0,0.5,EOD,569,ESU2,0.84
2022-07-11,2022,B,1,525,"(1.0, 1.75)",71.0,124.25,71.0,0.5,EOD,569,ESU2,0.84
2022-07-11,2022,B,1,525,"(1.0, 2.0)",71.0,142.0,71.0,0.5,EOD,569,ESU2,0.84
2022-07-11,2022,B,1,525,"(1.2, 1.5)",85.2,106.5,71.0,0.5,EOD,569,ESU2,0.84
2022-07-11,2022,B,1,525,"(1.2, 1.75)",85.2,124.25,71.0,0.5,EOD,569,ESU2,0.84
2022-07-11,2022,B,1,525,"(1.2, 2.0)",85.2,142.0,71.0,0.5,EOD,569,ESU2,0.84
2022-07-11,2022,B,1,525,"(0.179, 0.247)",12.709,17.537,71.0,0.5,EOD,569,ESU2,0.84
2022-07-20,2022,B,-1,395,"(0.8, 1.5)",57.05714285714286,106.98214285714286,71.32142857142857,-5.25,EOD,569,ESU2,0.84
2022-07-20,2022,B,-1,395,"(0.8, 1.75)",57.05714285714286,124.8125,71.32142857142857,-5.25,EOD,569,ESU2,0.84
2022-07-20,2022,B,-1,395,"(0.8, 2.0)",57.05714285714286,142.64285714285714,71.32142857142857,-5.25,EOD,569,ESU2,0.84
2022-07-20,2022,B,-1,395,"(1.0, 1.5)",71.32142857142857,106.98214285714286,71.32142857142857,-5.25,EOD,569,ESU2,0.84
2022-07-20,2022,B,-1,395,"(1.0, 1.75)",71.32142857142857,124.8125,71.32142857142857,-5.25,EOD,569,ESU2,0.84
2022-07-20,2022,B,-1,395,"(1.0, 2.0)",71.32142857142857,142.64285714285714,71.32142857142857,-5.25,EOD,569,ESU2,0.84
2022-07-20,2022,B,-1,395,"(1.2, 1.5)",85.58571428571427,106.98214285714286,71.32142857142857,-5.25,EOD,569,ESU2,0.84
2022-07-20,2022,B,-1,395,"(1.2, 1.75)",85.58571428571427,124.8125,71.32142857142857,-5.25,EOD,569,ESU2,0.84
2022-07-20,2022,B,-1,395,"(1.2, 2.0)",85.58571428571427,142.64285714285714,71.32142857142857,-5.25,EOD,569,ESU2,0.84
2022-07-20,2022,B,-1,395,"(0.179, 0.247)",12.766535714285713,17.616392857142856,71.32142857142857,-5.25,EOD,569,ESU2,0.84
2022-07-21,2022,B,-1,530,"(0.8, 1.5)",55.400000000000006,103.875,69.25,20.25,EOD,569,ESU2,0.84
2022-07-21,2022,B,-1,530,"(0.8, 1.75)",55.400000000000006,121.1875,69.25,20.25,EOD,569,ESU2,0.84
2022-07-21,2022,B,-1,530,"(0.8, 2.0)",55.400000000000006,138.5,69.25,20.25,EOD,569,ESU2,0.84
2022-07-21,2022,B,-1,530,"(1.0, 1.5)",69.25,103.875,69.25,20.25,EOD,569,ESU2,0.84
2022-07-21,2022,B,-1,530,"(1.0, 1.75)",69.25,121.1875,69.25,20.25,EOD,569,ESU2,0.84
2022-07-21,2022,B,-1,530,"(1.0, 2.0)",69.25,138.5,69.25,20.25,EOD,569,ESU2,0.84
2022-07-21,2022,B,-1,530,"(1.2, 1.5)",83.1,103.875,69.25,20.25,EOD,569,ESU2,0.84
2022-07-21,2022,B,-1,530,"(1.2, 1.75)",83.1,121.1875,69.25,20.25,EOD,569,ESU2,0.84
2022-07-21,2022,B,-1,530,"(1.2, 2.0)",83.1,138.5,69.25,20.25,EOD,569,ESU2,0.84
2022-07-21,2022,B,-1,530,"(0.179, 0.247)",12.39575,17.10475,69.25,17.104749999999967,TP,558,ESU2,0.84
2022-07-22,2022,B,-1,565,"(0.8, 1.5)",54.985714285714295,103.09821428571429,68.73214285714286,-0.75,EOD,569,ESU2,0.84
2022-07-22,2022,B,-1,565,"(0.8, 1.75)",54.985714285714295,120.28125,68.73214285714286,-0.75,EOD,569,ESU2,0.84
2022-07-22,2022,B,-1,565,"(0.8, 2.0)",54.985714285714295,137.46428571428572,68.73214285714286,-0.75,EOD,569,ESU2,0.84
2022-07-22,2022,B,-1,565,"(1.0, 1.5)",68.73214285714286,103.09821428571429,68.73214285714286,-0.75,EOD,569,ESU2,0.84
2022-07-22,2022,B,-1,565,"(1.0, 1.75)",68.73214285714286,120.28125,68.73214285714286,-0.75,EOD,569,ESU2,0.84
2022-07-22,2022,B,-1,565,"(1.0, 2.0)",68.73214285714286,137.46428571428572,68.73214285714286,-0.75,EOD,569,ESU2,0.84
2022-07-22,2022,B,-1,565,"(1.2, 1.5)",82.47857142857143,103.09821428571429,68.73214285714286,-0.75,EOD,569,ESU2,0.84
2022-07-22,2022,B,-1,565,"(1.2, 1.75)",82.47857142857143,120.28125,68.73214285714286,-0.75,EOD,569,ESU2,0.84
2022-07-22,2022,B,-1,565,"(1.2, 2.0)",82.47857142857143,137.46428571428572,68.73214285714286,-0.75,EOD,569,ESU2,0.84
2022-07-22,2022,B,-1,565,"(0.179, 0.247)",12.303053571428572,16.976839285714288,68.73214285714286,-0.75,EOD,569,ESU2,0.84
2022-07-26,2022,B,1,545,"(0.8, 1.5)",54.62857142857143,102.42857142857144,68.28571428571429,-2.5,EOD,569,ESU2,0.84
2022-07-26,2022,B,1,545,"(0.8, 1.75)",54.62857142857143,119.50000000000001,68.28571428571429,-2.5,EOD,569,ESU2,0.84
2022-07-26,2022,B,1,545,"(0.8, 2.0)",54.62857142857143,136.57142857142858,68.28571428571429,-2.5,EOD,569,ESU2,0.84
2022-07-26,2022,B,1,545,"(1.0, 1.5)",68.28571428571429,102.42857142857144,68.28571428571429,-2.5,EOD,569,ESU2,0.84
2022-07-26,2022,B,1,545,"(1.0, 1.75)",68.28571428571429,119.50000000000001,68.28571428571429,-2.5,EOD,569,ESU2,0.84
2022-07-26,2022,B,1,545,"(1.0, 2.0)",68.28571428571429,136.57142857142858,68.28571428571429,-2.5,EOD,569,ESU2,0.84
2022-07-26,2022,B,1,545,"(1.2, 1.5)",81.94285714285715,102.42857142857144,68.28571428571429,-2.5,EOD,569,ESU2,0.84
2022-07-26,2022,B,1,545,"(1.2, 1.75)",81.94285714285715,119.50000000000001,68.28571428571429,-2.5,EOD,569,ESU2,0.84
2022-07-26,2022,B,1,545,"(1.2, 2.0)",81.94285714285715,136.57142857142858,68.28571428571429,-2.5,EOD,569,ESU2,0.84
2022-07-26,2022,B,1,545,"(0.179, 0.247)",12.223142857142857,16.86657142857143,68.28571428571429,-2.5,EOD,569,ESU2,0.84
2022-08-04,2022,B,-1,405,"(0.8, 1.5)",58.44285714285715,109.58035714285714,73.05357142857143,14.0,EOD,569,ESU2,0.84
2022-08-04,2022,B,-1,405,"(0.8, 1.75)",58.44285714285715,127.84375,73.05357142857143,14.0,EOD,569,ESU2,0.84
2022-08-04,2022,B,-1,405,"(0.8, 2.0)",58.44285714285715,146.10714285714286,73.05357142857143,14.0,EOD,569,ESU2,0.84
2022-08-04,2022,B,-1,405,"(1.0, 1.5)",73.05357142857143,109.58035714285714,73.05357142857143,14.0,EOD,569,ESU2,0.84
2022-08-04,2022,B,-1,405,"(1.0, 1.75)",73.05357142857143,127.84375,73.05357142857143,14.0,EOD,569,ESU2,0.84
2022-08-04,2022,B,-1,405,"(1.0, 2.0)",73.05357142857143,146.10714285714286,73.05357142857143,14.0,EOD,569,ESU2,0.84
2022-08-04,2022,B,-1,405,"(1.2, 1.5)",87.66428571428571,109.58035714285714,73.05357142857143,14.0,EOD,569,ESU2,0.84
2022-08-04,2022,B,-1,405,"(1.2, 1.75)",87.66428571428571,127.84375,73.05357142857143,14.0,EOD,569,ESU2,0.84
2022-08-04,2022,B,-1,405,"(1.2, 2.0)",87.66428571428571,146.10714285714286,73.05357142857143,14.0,EOD,569,ESU2,0.84
2022-08-04,2022,B,-1,405,"(0.179, 0.247)",13.076589285714286,18.044232142857144,73.05357142857143,14.0,EOD,569,ESU2,0.84
2022-08-09,2022,B,1,515,"(0.8, 1.5)",50.71428571428572,95.08928571428572,63.392857142857146,0.25,EOD,569,ESU2,0.84
2022-08-09,2022,B,1,515,"(0.8, 1.75)",50.71428571428572,110.9375,63.392857142857146,0.25,EOD,569,ESU2,0.84
2022-08-09,2022,B,1,515,"(0.8, 2.0)",50.71428571428572,126.78571428571429,63.392857142857146,0.25,EOD,569,ESU2,0.84
2022-08-09,2022,B,1,515,"(1.0, 1.5)",63.392857142857146,95.08928571428572,63.392857142857146,0.25,EOD,569,ESU2,0.84
2022-08-09,2022,B,1,515,"(1.0, 1.75)",63.392857142857146,110.9375,63.392857142857146,0.25,EOD,569,ESU2,0.84
2022-08-09,2022,B,1,515,"(1.0, 2.0)",63.392857142857146,126.78571428571429,63.392857142857146,0.25,EOD,569,ESU2,0.84
2022-08-09,2022,B,1,515,"(1.2, 1.5)",76.07142857142857,95.08928571428572,63.392857142857146,0.25,EOD,569,ESU2,0.84
2022-08-09,2022,B,1,515,"(1.2, 1.75)",76.07142857142857,110.9375,63.392857142857146,0.25,EOD,569,ESU2,0.84
2022-08-09,2022,B,1,515,"(1.2, 2.0)",76.07142857142857,126.78571428571429,63.392857142857146,0.25,EOD,569,ESU2,0.84
2022-08-09,2022,B,1,515,"(0.179, 0.247)",11.347321428571428,15.658035714285715,63.392857142857146,0.25,EOD,569,ESU2,0.84
2022-08-10,2022,B,-1,505,"(0.8, 1.5)",49.34285714285715,92.51785714285714,61.67857142857143,-49.3428571428567,SL,510,ESU2,0.84
2022-08-10,2022,B,-1,505,"(0.8, 1.75)",49.34285714285715,107.9375,61.67857142857143,-49.3428571428567,SL,510,ESU2,0.84
2022-08-10,2022,B,-1,505,"(0.8, 2.0)",49.34285714285715,123.35714285714286,61.67857142857143,-49.3428571428567,SL,510,ESU2,0.84
2022-08-10,2022,B,-1,505,"(1.0, 1.5)",61.67857142857143,92.51785714285714,61.67857142857143,-61.67857142857156,SL,513,ESU2,0.84
2022-08-10,2022,B,-1,505,"(1.0, 1.75)",61.67857142857143,107.9375,61.67857142857143,-61.67857142857156,SL,513,ESU2,0.84
2022-08-10,2022,B,-1,505,"(1.0, 2.0)",61.67857142857143,123.35714285714286,61.67857142857143,-61.67857142857156,SL,513,ESU2,0.84
2022-08-10,2022,B,-1,505,"(1.2, 1.5)",74.01428571428572,92.51785714285714,61.67857142857143,-62.0,EOD,569,ESU2,0.84
2022-08-10,2022,B,-1,505,"(1.2, 1.75)",74.01428571428572,107.9375,61.67857142857143,-62.0,EOD,569,ESU2,0.84
2022-08-10,2022,B,-1,505,"(1.2, 2.0)",74.01428571428572,123.35714285714286,61.67857142857143,-62.0,EOD,569,ESU2,0.84
2022-08-10,2022,B,-1,505,"(0.179, 0.247)",11.040464285714286,15.234607142857143,61.67857142857143,-11.040464285714734,SL,510,ESU2,0.84
2022-08-17,2022,B,1,395,"(0.8, 1.5)",46.81428571428572,87.77678571428572,58.517857142857146,-12.0,EOD,569,ESU2,0.84
2022-08-17,2022,B,1,395,"(0.8, 1.75)",46.81428571428572,102.40625,58.517857142857146,-12.0,EOD,569,ESU2,0.84
2022-08-17,2022,B,1,395,"(0.8, 2.0)",46.81428571428572,117.03571428571429,58.517857142857146,-12.0,EOD,569,ESU2,0.84
2022-08-17,2022,B,1,395,"(1.0, 1.5)",58.517857142857146,87.77678571428572,58.517857142857146,-12.0,EOD,569,ESU2,0.84
2022-08-17,2022,B,1,395,"(1.0, 1.75)",58.517857142857146,102.40625,58.517857142857146,-12.0,EOD,569,ESU2,0.84
2022-08-17,2022,B,1,395,"(1.0, 2.0)",58.517857142857146,117.03571428571429,58.517857142857146,-12.0,EOD,569,ESU2,0.84
2022-08-17,2022,B,1,395,"(1.2, 1.5)",70.22142857142858,87.77678571428572,58.517857142857146,-12.0,EOD,569,ESU2,0.84
2022-08-17,2022,B,1,395,"(1.2, 1.75)",70.22142857142858,102.40625,58.517857142857146,-12.0,EOD,569,ESU2,0.84
2022-08-17,2022,B,1,395,"(1.2, 2.0)",70.22142857142858,117.03571428571429,58.517857142857146,-12.0,EOD,569,ESU2,0.84
2022-08-17,2022,B,1,395,"(0.179, 0.247)",10.474696428571429,14.453910714285715,58.517857142857146,-10.474696428571406,SL,450,ESU2,0.84
2022-09-08,2022,B,-1,435,"(0.8, 1.5)",55.800000000000004,104.625,69.75,30.5,EOD,569,ESU2,0.84
2022-09-08,2022,B,-1,435,"(0.8, 1.75)",55.800000000000004,122.0625,69.75,30.5,EOD,569,ESU2,0.84
2022-09-08,2022,B,-1,435,"(0.8, 2.0)",55.800000000000004,139.5,69.75,30.5,EOD,569,ESU2,0.84
2022-09-08,2022,B,-1,435,"(1.0, 1.5)",69.75,104.625,69.75,30.5,EOD,569,ESU2,0.84
2022-09-08,2022,B,-1,435,"(1.0, 1.75)",69.75,122.0625,69.75,30.5,EOD,569,ESU2,0.84
2022-09-08,2022,B,-1,435,"(1.0, 2.0)",69.75,139.5,69.75,30.5,EOD,569,ESU2,0.84
2022-09-08,2022,B,-1,435,"(1.2, 1.5)",83.7,104.625,69.75,30.5,EOD,569,ESU2,0.84
2022-09-08,2022,B,-1,435,"(1.2, 1.75)",83.7,122.0625,69.75,30.5,EOD,569,ESU2,0.84
2022-09-08,2022,B,-1,435,"(1.2, 2.0)",83.7,139.5,69.75,30.5,EOD,569,ESU2,0.84
2022-09-08,2022,B,-1,435,"(0.179, 0.247)",12.485249999999999,17.22825,69.75,17.228250000000116,TP,521,ESU2,0.84
2022-09-22,2022,B,1,425,"(0.8, 1.5)",63.24285714285715,118.58035714285714,79.05357142857143,-14.25,EOD,569,ESZ2,0.84
2022-09-22,2022,B,1,425,"(0.8, 1.75)",63.24285714285715,138.34375,79.05357142857143,-14.25,EOD,569,ESZ2,0.84
2022-09-22,2022,B,1,425,"(0.8, 2.0)",63.24285714285715,158.10714285714286,79.05357142857143,-14.25,EOD,569,ESZ2,0.84
2022-09-22,2022,B,1,425,"(1.0, 1.5)",79.05357142857143,118.58035714285714,79.05357142857143,-14.25,EOD,569,ESZ2,0.84
2022-09-22,2022,B,1,425,"(1.0, 1.75)",79.05357142857143,138.34375,79.05357142857143,-14.25,EOD,569,ESZ2,0.84
2022-09-22,2022,B,1,425,"(1.0, 2.0)",79.05357142857143,158.10714285714286,79.05357142857143,-14.25,EOD,569,ESZ2,0.84
2022-09-22,2022,B,1,425,"(1.2, 1.5)",94.86428571428571,118.58035714285714,79.05357142857143,-14.25,EOD,569,ESZ2,0.84
2022-09-22,2022,B,1,425,"(1.2, 1.75)",94.86428571428571,138.34375,79.05357142857143,-14.25,EOD,569,ESZ2,0.84
2022-09-22,2022,B,1,425,"(1.2, 2.0)",94.86428571428571,158.10714285714286,79.05357142857143,-14.25,EOD,569,ESZ2,0.84
2022-09-22,2022,B,1,425,"(0.179, 0.247)",14.150589285714286,19.526232142857143,79.05357142857143,-14.150589285714432,SL,447,ESZ2,0.84
2022-10-11,2022,B,1,425,"(0.8, 1.5)",74.77142857142857,140.19642857142856,93.46428571428571,3.0,EOD,569,ESZ2,0.84
2022-10-11,2022,B,1,425,"(0.8, 1.75)",74.77142857142857,163.5625,93.46428571428571,3.0,EOD,569,ESZ2,0.84
2022-10-11,2022,B,1,425,"(0.8, 2.0)",74.77142857142857,186.92857142857142,93.46428571428571,3.0,EOD,569,ESZ2,0.84
2022-10-11,2022,B,1,425,"(1.0, 1.5)",93.46428571428571,140.19642857142856,93.46428571428571,3.0,EOD,569,ESZ2,0.84
2022-10-11,2022,B,1,425,"(1.0, 1.75)",93.46428571428571,163.5625,93.46428571428571,3.0,EOD,569,ESZ2,0.84
2022-10-11,2022,B,1,425,"(1.0, 2.0)",93.46428571428571,186.92857142857142,93.46428571428571,3.0,EOD,569,ESZ2,0.84
2022-10-11,2022,B,1,425,"(1.2, 1.5)",112.15714285714284,140.19642857142856,93.46428571428571,3.0,EOD,569,ESZ2,0.84
2022-10-11,2022,B,1,425,"(1.2, 1.75)",112.15714285714284,163.5625,93.46428571428571,3.0,EOD,569,ESZ2,0.84
2022-10-11,2022,B,1,425,"(1.2, 2.0)",112.15714285714284,186.92857142857142,93.46428571428571,3.0,EOD,569,ESZ2,0.84
2022-10-11,2022,B,1,425,"(0.179, 0.247)",16.73010714285714,23.08567857142857,93.46428571428571,23.085678571428616,TP,514,ESZ2,0.84
2022-10-14,2022,B,-1,390,"(0.8, 1.5)",76.47142857142858,143.38392857142856,95.58928571428571,-13.75,EOD,569,ESZ2,0.84
2022-10-14,2022,B,-1,390,"(0.8, 1.75)",76.47142857142858,167.28125,95.58928571428571,-13.75,EOD,569,ESZ2,0.84
2022-10-14,2022,B,-1,390,"(0.8, 2.0)",76.47142857142858,191.17857142857142,95.58928571428571,-13.75,EOD,569,ESZ2,0.84
2022-10-14,2022,B,-1,390,"(1.0, 1.5)",95.58928571428571,143.38392857142856,95.58928571428571,-13.75,EOD,569,ESZ2,0.84
2022-10-14,2022,B,-1,390,"(1.0, 1.75)",95.58928571428571,167.28125,95.58928571428571,-13.75,EOD,569,ESZ2,0.84
2022-10-14,2022,B,-1,390,"(1.0, 2.0)",95.58928571428571,191.17857142857142,95.58928571428571,-13.75,EOD,569,ESZ2,0.84
2022-10-14,2022,B,-1,390,"(1.2, 1.5)",114.70714285714284,143.38392857142856,95.58928571428571,-13.75,EOD,569,ESZ2,0.84
2022-10-14,2022,B,-1,390,"(1.2, 1.75)",114.70714285714284,167.28125,95.58928571428571,-13.75,EOD,569,ESZ2,0.84
2022-10-14,2022,B,-1,390,"(1.2, 2.0)",114.70714285714284,191.17857142857142,95.58928571428571,-13.75,EOD,569,ESZ2,0.84
2022-10-14,2022,B,-1,390,"(0.179, 0.247)",17.11048214285714,23.610553571428568,95.58928571428571,-17.11048214285711,SL,534,ESZ2,0.84
2022-10-24,2022,B,-1,365,"(0.8, 1.5)",76.55714285714286,143.54464285714286,95.69642857142857,-14.25,EOD,569,ESZ2,0.84
2022-10-24,2022,B,-1,365,"(0.8, 1.75)",76.55714285714286,167.46875,95.69642857142857,-14.25,EOD,569,ESZ2,0.84
2022-10-24,2022,B,-1,365,"(0.8, 2.0)",76.55714285714286,191.39285714285714,95.69642857142857,-14.25,EOD,569,ESZ2,0.84
2022-10-24,2022,B,-1,365,"(1.0, 1.5)",95.69642857142857,143.54464285714286,95.69642857142857,-14.25,EOD,569,ESZ2,0.84
2022-10-24,2022,B,-1,365,"(1.0, 1.75)",95.69642857142857,167.46875,95.69642857142857,-14.25,EOD,569,ESZ2,0.84
2022-10-24,2022,B,-1,365,"(1.0, 2.0)",95.69642857142857,191.39285714285714,95.69642857142857,-14.25,EOD,569,ESZ2,0.84
2022-10-24,2022,B,-1,365,"(1.2, 1.5)",114.83571428571427,143.54464285714286,95.69642857142857,-14.25,EOD,569,ESZ2,0.84
2022-10-24,2022,B,-1,365,"(1.2, 1.75)",114.83571428571427,167.46875,95.69642857142857,-14.25,EOD,569,ESZ2,0.84
2022-10-24,2022,B,-1,365,"(1.2, 2.0)",114.83571428571427,191.39285714285714,95.69642857142857,-14.25,EOD,569,ESZ2,0.84
2022-10-24,2022,B,-1,365,"(0.179, 0.247)",17.129660714285713,23.637017857142855,95.69642857142857,-17.12966071428582,SL,423,ESZ2,0.84
2022-11-04,2022,B,-1,435,"(0.8, 1.5)",64.08571428571429,120.16071428571429,80.10714285714286,-29.0,EOD,569,ESZ2,0.84
2022-11-04,2022,B,-1,435,"(0.8, 1.75)",64.08571428571429,140.1875,80.10714285714286,-29.0,EOD,569,ESZ2,0.84
2022-11-04,2022,B,-1,435,"(0.8, 2.0)",64.08571428571429,160.21428571428572,80.10714285714286,-29.0,EOD,569,ESZ2,0.84
2022-11-04,2022,B,-1,435,"(1.0, 1.5)",80.10714285714286,120.16071428571429,80.10714285714286,-29.0,EOD,569,ESZ2,0.84
2022-11-04,2022,B,-1,435,"(1.0, 1.75)",80.10714285714286,140.1875,80.10714285714286,-29.0,EOD,569,ESZ2,0.84
2022-11-04,2022,B,-1,435,"(1.0, 2.0)",80.10714285714286,160.21428571428572,80.10714285714286,-29.0,EOD,569,ESZ2,0.84
2022-11-04,2022,B,-1,435,"(1.2, 1.5)",96.12857142857143,120.16071428571429,80.10714285714286,-29.0,EOD,569,ESZ2,0.84
2022-11-04,2022,B,-1,435,"(1.2, 1.75)",96.12857142857143,140.1875,80.10714285714286,-29.0,EOD,569,ESZ2,0.84
2022-11-04,2022,B,-1,435,"(1.2, 2.0)",96.12857142857143,160.21428571428572,80.10714285714286,-29.0,EOD,569,ESZ2,0.84
2022-11-04,2022,B,-1,435,"(0.179, 0.247)",14.33917857142857,19.786464285714285,80.10714285714286,19.786464285714374,TP,510,ESZ2,0.84
2022-11-08,2022,B,-1,460,"(0.8, 1.5)",61.24285714285715,114.83035714285714,76.55357142857143,-6.25,EOD,569,ESZ2,0.84
2022-11-08,2022,B,-1,460,"(0.8, 1.75)",61.24285714285715,133.96875,76.55357142857143,-6.25,EOD,569,ESZ2,0.84
2022-11-08,2022,B,-1,460,"(0.8, 2.0)",61.24285714285715,153.10714285714286,76.55357142857143,-6.25,EOD,569,ESZ2,0.84
2022-11-08,2022,B,-1,460,"(1.0, 1.5)",76.55357142857143,114.83035714285714,76.55357142857143,-6.25,EOD,569,ESZ2,0.84
2022-11-08,2022,B,-1,460,"(1.0, 1.75)",76.55357142857143,133.96875,76.55357142857143,-6.25,EOD,569,ESZ2,0.84
2022-11-08,2022,B,-1,460,"(1.0, 2.0)",76.55357142857143,153.10714285714286,76.55357142857143,-6.25,EOD,569,ESZ2,0.84
2022-11-08,2022,B,-1,460,"(1.2, 1.5)",91.86428571428571,114.83035714285714,76.55357142857143,-6.25,EOD,569,ESZ2,0.84
2022-11-08,2022,B,-1,460,"(1.2, 1.75)",91.86428571428571,133.96875,76.55357142857143,-6.25,EOD,569,ESZ2,0.84
2022-11-08,2022,B,-1,460,"(1.2, 2.0)",91.86428571428571,153.10714285714286,76.55357142857143,-6.25,EOD,569,ESZ2,0.84
2022-11-08,2022,B,-1,460,"(0.179, 0.247)",13.703089285714286,18.908732142857144,76.55357142857143,-13.703089285714213,SL,544,ESZ2,0.84
2022-11-17,2022,B,1,310,"(0.8, 1.5)",65.91428571428571,123.58928571428571,82.39285714285714,-45.5,EOD,569,ESZ2,0.84
2022-11-17,2022,B,1,310,"(0.8, 1.75)",65.91428571428571,144.1875,82.39285714285714,-45.5,EOD,569,ESZ2,0.84
2022-11-17,2022,B,1,310,"(0.8, 2.0)",65.91428571428571,164.78571428571428,82.39285714285714,-45.5,EOD,569,ESZ2,0.84
2022-11-17,2022,B,1,310,"(1.0, 1.5)",82.39285714285714,123.58928571428571,82.39285714285714,-45.5,EOD,569,ESZ2,0.84
2022-11-17,2022,B,1,310,"(1.0, 1.75)",82.39285714285714,144.1875,82.39285714285714,-45.5,EOD,569,ESZ2,0.84
2022-11-17,2022,B,1,310,"(1.0, 2.0)",82.39285714285714,164.78571428571428,82.39285714285714,-45.5,EOD,569,ESZ2,0.84
2022-11-17,2022,B,1,310,"(1.2, 1.5)",98.87142857142857,123.58928571428571,82.39285714285714,-45.5,EOD,569,ESZ2,0.84
2022-11-17,2022,B,1,310,"(1.2, 1.75)",98.87142857142857,144.1875,82.39285714285714,-45.5,EOD,569,ESZ2,0.84
2022-11-17,2022,B,1,310,"(1.2, 2.0)",98.87142857142857,164.78571428571428,82.39285714285714,-45.5,EOD,569,ESZ2,0.84
2022-11-17,2022,B,1,310,"(0.179, 0.247)",14.748321428571428,20.351035714285715,82.39285714285714,-14.748321428571217,SL,352,ESZ2,0.84
2022-11-23,2022,B,-1,520,"(0.8, 1.5)",57.042857142857144,106.95535714285714,71.30357142857143,3.75,EOD,569,ESZ2,0.84
2022-11-23,2022,B,-1,520,"(0.8, 1.75)",57.042857142857144,124.78125,71.30357142857143,3.75,EOD,569,ESZ2,0.84
2022-11-23,2022,B,-1,520,"(0.8, 2.0)",57.042857142857144,142.60714285714286,71.30357142857143,3.75,EOD,569,ESZ2,0.84
2022-11-23,2022,B,-1,520,"(1.0, 1.5)",71.30357142857143,106.95535714285714,71.30357142857143,3.75,EOD,569,ESZ2,0.84
2022-11-23,2022,B,-1,520,"(1.0, 1.75)",71.30357142857143,124.78125,71.30357142857143,3.75,EOD,569,ESZ2,0.84
2022-11-23,2022,B,-1,520,"(1.0, 2.0)",71.30357142857143,142.60714285714286,71.30357142857143,3.75,EOD,569,ESZ2,0.84
2022-11-23,2022,B,-1,520,"(1.2, 1.5)",85.56428571428572,106.95535714285714,71.30357142857143,3.75,EOD,569,ESZ2,0.84
2022-11-23,2022,B,-1,520,"(1.2, 1.75)",85.56428571428572,124.78125,71.30357142857143,3.75,EOD,569,ESZ2,0.84
2022-11-23,2022,B,-1,520,"(1.2, 2.0)",85.56428571428572,142.60714285714286,71.30357142857143,3.75,EOD,569,ESZ2,0.84
2022-11-23,2022,B,-1,520,"(0.179, 0.247)",12.763339285714286,17.611982142857144,71.30357142857143,3.75,EOD,569,ESZ2,0.84
2022-12-08,2022,B,-1,525,"(0.8, 1.5)",44.85714285714286,84.10714285714286,56.07142857142857,4.25,EOD,569,ESZ2,0.84
2022-12-08,2022,B,-1,525,"(0.8, 1.75)",44.85714285714286,98.125,56.07142857142857,4.25,EOD,569,ESZ2,0.84
2022-12-08,2022,B,-1,525,"(0.8, 2.0)",44.85714285714286,112.14285714285714,56.07142857142857,4.25,EOD,569,ESZ2,0.84
2022-12-08,2022,B,-1,525,"(1.0, 1.5)",56.07142857142857,84.10714285714286,56.07142857142857,4.25,EOD,569,ESZ2,0.84
2022-12-08,2022,B,-1,525,"(1.0, 1.75)",56.07142857142857,98.125,56.07142857142857,4.25,EOD,569,ESZ2,0.84
2022-12-08,2022,B,-1,525,"(1.0, 2.0)",56.07142857142857,112.14285714285714,56.07142857142857,4.25,EOD,569,ESZ2,0.84
2022-12-08,2022,B,-1,525,"(1.2, 1.5)",67.28571428571428,84.10714285714286,56.07142857142857,4.25,EOD,569,ESZ2,0.84
2022-12-08,2022,B,-1,525,"(1.2, 1.75)",67.28571428571428,98.125,56.07142857142857,4.25,EOD,569,ESZ2,0.84
2022-12-08,2022,B,-1,525,"(1.2, 2.0)",67.28571428571428,112.14285714285714,56.07142857142857,4.25,EOD,569,ESZ2,0.84
2022-12-08,2022,B,-1,525,"(0.179, 0.247)",10.036785714285713,13.849642857142857,56.07142857142857,4.25,EOD,569,ESZ2,0.84
2022-12-09,2022,B,1,515,"(0.8, 1.5)",44.385714285714286,83.22321428571428,55.482142857142854,-1.5,EOD,569,ESZ2,0.84
2022-12-09,2022,B,1,515,"(0.8, 1.75)",44.385714285714286,97.09375,55.482142857142854,-1.5,EOD,569,ESZ2,0.84
2022-12-09,2022,B,1,515,"(0.8, 2.0)",44.385714285714286,110.96428571428571,55.482142857142854,-1.5,EOD,569,ESZ2,0.84
2022-12-09,2022,B,1,515,"(1.0, 1.5)",55.482142857142854,83.22321428571428,55.482142857142854,-1.5,EOD,569,ESZ2,0.84
2022-12-09,2022,B,1,515,"(1.0, 1.75)",55.482142857142854,97.09375,55.482142857142854,-1.5,EOD,569,ESZ2,0.84
2022-12-09,2022,B,1,515,"(1.0, 2.0)",55.482142857142854,110.96428571428571,55.482142857142854,-1.5,EOD,569,ESZ2,0.84
2022-12-09,2022,B,1,515,"(1.2, 1.5)",66.57857142857142,83.22321428571428,55.482142857142854,-1.5,EOD,569,ESZ2,0.84
2022-12-09,2022,B,1,515,"(1.2, 1.75)",66.57857142857142,97.09375,55.482142857142854,-1.5,EOD,569,ESZ2,0.84
2022-12-09,2022,B,1,515,"(1.2, 2.0)",66.57857142857142,110.96428571428571,55.482142857142854,-1.5,EOD,569,ESZ2,0.84
2022-12-09,2022,B,1,515,"(0.179, 0.247)",9.93130357142857,13.704089285714284,55.482142857142854,-9.931303571428543,SL,517,ESZ2,0.84
2022-12-21,2022,B,-1,440,"(0.8, 1.5)",55.35714285714286,103.79464285714286,69.19642857142857,-12.5,EOD,569,ESH3,0.84
2022-12-21,2022,B,-1,440,"(0.8, 1.75)",55.35714285714286,121.09375,69.19642857142857,-12.5,EOD,569,ESH3,0.84
2022-12-21,2022,B,-1,440,"(0.8, 2.0)",55.35714285714286,138.39285714285714,69.19642857142857,-12.5,EOD,569,ESH3,0.84
2022-12-21,2022,B,-1,440,"(1.0, 1.5)",69.19642857142857,103.79464285714286,69.19642857142857,-12.5,EOD,569,ESH3,0.84
2022-12-21,2022,B,-1,440,"(1.0, 1.75)",69.19642857142857,121.09375,69.19642857142857,-12.5,EOD,569,ESH3,0.84
2022-12-21,2022,B,-1,440,"(1.0, 2.0)",69.19642857142857,138.39285714285714,69.19642857142857,-12.5,EOD,569,ESH3,0.84
2022-12-21,2022,B,-1,440,"(1.2, 1.5)",83.03571428571428,103.79464285714286,69.19642857142857,-12.5,EOD,569,ESH3,0.84
2022-12-21,2022,B,-1,440,"(1.2, 1.75)",83.03571428571428,121.09375,69.19642857142857,-12.5,EOD,569,ESH3,0.84
2022-12-21,2022,B,-1,440,"(1.2, 2.0)",83.03571428571428,138.39285714285714,69.19642857142857,-12.5,EOD,569,ESH3,0.84
2022-12-21,2022,B,-1,440,"(0.179, 0.247)",12.386160714285714,17.091517857142858,69.19642857142857,-12.38616071428578,SL,482,ESH3,0.84
2022-12-22,2022,B,1,540,"(0.8, 1.5)",56.15714285714286,105.29464285714286,70.19642857142857,-1.25,EOD,569,ESH3,0.84
2022-12-22,2022,B,1,540,"(0.8, 1.75)",56.15714285714286,122.84375,70.19642857142857,-1.25,EOD,569,ESH3,0.84
2022-12-22,2022,B,1,540,"(0.8, 2.0)",56.15714285714286,140.39285714285714,70.19642857142857,-1.25,EOD,569,ESH3,0.84
2022-12-22,2022,B,1,540,"(1.0, 1.5)",70.19642857142857,105.29464285714286,70.19642857142857,-1.25,EOD,569,ESH3,0.84
2022-12-22,2022,B,1,540,"(1.0, 1.75)",70.19642857142857,122.84375,70.19642857142857,-1.25,EOD,569,ESH3,0.84
2022-12-22,2022,B,1,540,"(1.0, 2.0)",70.19642857142857,140.39285714285714,70.19642857142857,-1.25,EOD,569,ESH3,0.84
2022-12-22,2022,B,1,540,"(1.2, 1.5)",84.23571428571428,105.29464285714286,70.19642857142857,-1.25,EOD,569,ESH3,0.84
2022-12-22,2022,B,1,540,"(1.2, 1.75)",84.23571428571428,122.84375,70.19642857142857,-1.25,EOD,569,ESH3,0.84
2022-12-22,2022,B,1,540,"(1.2, 2.0)",84.23571428571428,140.39285714285714,70.19642857142857,-1.25,EOD,569,ESH3,0.84
2022-12-22,2022,B,1,540,"(0.179, 0.247)",12.565160714285714,17.338517857142858,70.19642857142857,-1.25,EOD,569,ESH3,0.84
2023-01-06,2023,B,1,505,"(0.8, 1.5)",55.042857142857144,103.20535714285714,68.80357142857143,38.75,EOD,569,ESH3,0.84
2023-01-06,2023,B,1,505,"(0.8, 1.75)",55.042857142857144,120.40625,68.80357142857143,38.75,EOD,569,ESH3,0.84
2023-01-06,2023,B,1,505,"(0.8, 2.0)",55.042857142857144,137.60714285714286,68.80357142857143,38.75,EOD,569,ESH3,0.84
2023-01-06,2023,B,1,505,"(1.0, 1.5)",68.80357142857143,103.20535714285714,68.80357142857143,38.75,EOD,569,ESH3,0.84
2023-01-06,2023,B,1,505,"(1.0, 1.75)",68.80357142857143,120.40625,68.80357142857143,38.75,EOD,569,ESH3,0.84
2023-01-06,2023,B,1,505,"(1.0, 2.0)",68.80357142857143,137.60714285714286,68.80357142857143,38.75,EOD,569,ESH3,0.84
2023-01-06,2023,B,1,505,"(1.2, 1.5)",82.56428571428572,103.20535714285714,68.80357142857143,38.75,EOD,569,ESH3,0.84
2023-01-06,2023,B,1,505,"(1.2, 1.75)",82.56428571428572,120.40625,68.80357142857143,38.75,EOD,569,ESH3,0.84
2023-01-06,2023,B,1,505,"(1.2, 2.0)",82.56428571428572,137.60714285714286,68.80357142857143,38.75,EOD,569,ESH3,0.84
2023-01-06,2023,B,1,505,"(0.179, 0.247)",12.315839285714286,16.994482142857144,68.80357142857143,16.994482142857123,TP,510,ESH3,0.84
2023-01-12,2023,B,-1,520,"(0.8, 1.5)",52.84285714285715,99.08035714285714,66.05357142857143,-12.25,EOD,569,ESH3,0.84
2023-01-12,2023,B,-1,520,"(0.8, 1.75)",52.84285714285715,115.59375,66.05357142857143,-12.25,EOD,569,ESH3,0.84
2023-01-12,2023,B,-1,520,"(0.8, 2.0)",52.84285714285715,132.10714285714286,66.05357142857143,-12.25,EOD,569,ESH3,0.84
2023-01-12,2023,B,-1,520,"(1.0, 1.5)",66.05357142857143,99.08035714285714,66.05357142857143,-12.25,EOD,569,ESH3,0.84
2023-01-12,2023,B,-1,520,"(1.0, 1.75)",66.05357142857143,115.59375,66.05357142857143,-12.25,EOD,569,ESH3,0.84
2023-01-12,2023,B,-1,520,"(1.0, 2.0)",66.05357142857143,132.10714285714286,66.05357142857143,-12.25,EOD,569,ESH3,0.84
2023-01-12,2023,B,-1,520,"(1.2, 1.5)",79.26428571428572,99.08035714285714,66.05357142857143,-12.25,EOD,569,ESH3,0.84
2023-01-12,2023,B,-1,520,"(1.2, 1.75)",79.26428571428572,115.59375,66.05357142857143,-12.25,EOD,569,ESH3,0.84
2023-01-12,2023,B,-1,520,"(1.2, 2.0)",79.26428571428572,132.10714285714286,66.05357142857143,-12.25,EOD,569,ESH3,0.84
2023-01-12,2023,B,-1,520,"(0.179, 0.247)",11.823589285714286,16.315232142857145,66.05357142857143,-11.823589285714206,SL,533,ESH3,0.84
2023-01-17,2023,B,1,430,"(0.8, 1.5)",46.74285714285715,87.64285714285714,58.42857142857143,8.5,EOD,569,ESH3,0.84
2023-01-17,2023,B,1,430,"(0.8, 1.75)",46.74285714285715,102.25,58.42857142857143,8.5,EOD,569,ESH3,0.84
2023-01-17,2023,B,1,430,"(0.8, 2.0)",46.74285714285715,116.85714285714286,58.42857142857143,8.5,EOD,569,ESH3,0.84
2023-01-17,2023,B,1,430,"(1.0, 1.5)",58.42857142857143,87.64285714285714,58.42857142857143,8.5,EOD,569,ESH3,0.84
2023-01-17,2023,B,1,430,"(1.0, 1.75)",58.42857142857143,102.25,58.42857142857143,8.5,EOD,569,ESH3,0.84
2023-01-17,2023,B,1,430,"(1.0, 2.0)",58.42857142857143,116.85714285714286,58.42857142857143,8.5,EOD,569,ESH3,0.84
2023-01-17,2023,B,1,430,"(1.2, 1.5)",70.11428571428571,87.64285714285714,58.42857142857143,8.5,EOD,569,ESH3,0.84
2023-01-17,2023,B,1,430,"(1.2, 1.75)",70.11428571428571,102.25,58.42857142857143,8.5,EOD,569,ESH3,0.84
2023-01-17,2023,B,1,430,"(1.2, 2.0)",70.11428571428571,116.85714285714286,58.42857142857143,8.5,EOD,569,ESH3,0.84
2023-01-17,2023,B,1,430,"(0.179, 0.247)",10.458714285714287,14.431857142857144,58.42857142857143,8.5,EOD,569,ESH3,0.84
2023-01-23,2023,B,-1,470,"(0.8, 1.5)",47.457142857142856,88.98214285714286,59.32142857142857,-6.75,EOD,569,ESH3,0.84
2023-01-23,2023,B,-1,470,"(0.8, 1.75)",47.457142857142856,103.8125,59.32142857142857,-6.75,EOD,569,ESH3,0.84
2023-01-23,2023,B,-1,470,"(0.8, 2.0)",47.457142857142856,118.64285714285714,59.32142857142857,-6.75,EOD,569,ESH3,0.84
2023-01-23,2023,B,-1,470,"(1.0, 1.5)",59.32142857142857,88.98214285714286,59.32142857142857,-6.75,EOD,569,ESH3,0.84
2023-01-23,2023,B,-1,470,"(1.0, 1.75)",59.32142857142857,103.8125,59.32142857142857,-6.75,EOD,569,ESH3,0.84
2023-01-23,2023,B,-1,470,"(1.0, 2.0)",59.32142857142857,118.64285714285714,59.32142857142857,-6.75,EOD,569,ESH3,0.84
2023-01-23,2023,B,-1,470,"(1.2, 1.5)",71.18571428571428,88.98214285714286,59.32142857142857,-6.75,EOD,569,ESH3,0.84
2023-01-23,2023,B,-1,470,"(1.2, 1.75)",71.18571428571428,103.8125,59.32142857142857,-6.75,EOD,569,ESH3,0.84
2023-01-23,2023,B,-1,470,"(1.2, 2.0)",71.18571428571428,118.64285714285714,59.32142857142857,-6.75,EOD,569,ESH3,0.84
2023-01-23,2023,B,-1,470,"(0.179, 0.247)",10.618535714285713,14.652392857142857,59.32142857142857,-6.75,EOD,569,ESH3,0.84
2023-02-02,2023,B,-1,515,"(0.8, 1.5)",46.82857142857143,87.80357142857143,58.535714285714285,-12.5,EOD,569,ESH3,0.84
2023-02-02,2023,B,-1,515,"(0.8, 1.75)",46.82857142857143,102.4375,58.535714285714285,-12.5,EOD,569,ESH3,0.84
2023-02-02,2023,B,-1,515,"(0.8, 2.0)",46.82857142857143,117.07142857142857,58.535714285714285,-12.5,EOD,569,ESH3,0.84
2023-02-02,2023,B,-1,515,"(1.0, 1.5)",58.535714285714285,87.80357142857143,58.535714285714285,-12.5,EOD,569,ESH3,0.84
2023-02-02,2023,B,-1,515,"(1.0, 1.75)",58.535714285714285,102.4375,58.535714285714285,-12.5,EOD,569,ESH3,0.84
2023-02-02,2023,B,-1,515,"(1.0, 2.0)",58.535714285714285,117.07142857142857,58.535714285714285,-12.5,EOD,569,ESH3,0.84
2023-02-02,2023,B,-1,515,"(1.2, 1.5)",70.24285714285713,87.80357142857143,58.535714285714285,-12.5,EOD,569,ESH3,0.84
2023-02-02,2023,B,-1,515,"(1.2, 1.75)",70.24285714285713,102.4375,58.535714285714285,-12.5,EOD,569,ESH3,0.84
2023-02-02,2023,B,-1,515,"(1.2, 2.0)",70.24285714285713,117.07142857142857,58.535714285714285,-12.5,EOD,569,ESH3,0.84
2023-02-02,2023,B,-1,515,"(0.179, 0.247)",10.477892857142857,14.458321428571429,58.535714285714285,-10.47789285714316,SL,533,ESH3,0.84
2023-02-03,2023,B,1,520,"(0.8, 1.5)",47.71428571428572,89.46428571428572,59.642857142857146,-15.0,EOD,569,ESH3,0.84
2023-02-03,2023,B,1,520,"(0.8, 1.75)",47.71428571428572,104.375,59.642857142857146,-15.0,EOD,569,ESH3,0.84
2023-02-03,2023,B,1,520,"(0.8, 2.0)",47.71428571428572,119.28571428571429,59.642857142857146,-15.0,EOD,569,ESH3,0.84
2023-02-03,2023,B,1,520,"(1.0, 1.5)",59.642857142857146,89.46428571428572,59.642857142857146,-15.0,EOD,569,ESH3,0.84
2023-02-03,2023,B,1,520,"(1.0, 1.75)",59.642857142857146,104.375,59.642857142857146,-15.0,EOD,569,ESH3,0.84
2023-02-03,2023,B,1,520,"(1.0, 2.0)",59.642857142857146,119.28571428571429,59.642857142857146,-15.0,EOD,569,ESH3,0.84
2023-02-03,2023,B,1,520,"(1.2, 1.5)",71.57142857142857,89.46428571428572,59.642857142857146,-15.0,EOD,569,ESH3,0.84
2023-02-03,2023,B,1,520,"(1.2, 1.75)",71.57142857142857,104.375,59.642857142857146,-15.0,EOD,569,ESH3,0.84
2023-02-03,2023,B,1,520,"(1.2, 2.0)",71.57142857142857,119.28571428571429,59.642857142857146,-15.0,EOD,569,ESH3,0.84
2023-02-03,2023,B,1,520,"(0.179, 0.247)",10.67607142857143,14.731785714285715,59.642857142857146,-10.67607142857105,SL,524,ESH3,0.84
2023-02-09,2023,B,-1,305,"(0.8, 1.5)",51.542857142857144,96.64285714285714,64.42857142857143,-1.25,EOD,569,ESH3,0.84
2023-02-09,2023,B,-1,305,"(0.8, 1.75)",51.542857142857144,112.75,64.42857142857143,-1.25,EOD,569,ESH3,0.84
2023-02-09,2023,B,-1,305,"(0.8, 2.0)",51.542857142857144,128.85714285714286,64.42857142857143,-1.25,EOD,569,ESH3,0.84
2023-02-09,2023,B,-1,305,"(1.0, 1.5)",64.42857142857143,96.64285714285714,64.42857142857143,-1.25,EOD,569,ESH3,0.84
2023-02-09,2023,B,-1,305,"(1.0, 1.75)",64.42857142857143,112.75,64.42857142857143,-1.25,EOD,569,ESH3,0.84
2023-02-09,2023,B,-1,305,"(1.0, 2.0)",64.42857142857143,128.85714285714286,64.42857142857143,-1.25,EOD,569,ESH3,0.84
2023-02-09,2023,B,-1,305,"(1.2, 1.5)",77.31428571428572,96.64285714285714,64.42857142857143,-1.25,EOD,569,ESH3,0.84
2023-02-09,2023,B,-1,305,"(1.2, 1.75)",77.31428571428572,112.75,64.42857142857143,-1.25,EOD,569,ESH3,0.84
2023-02-09,2023,B,-1,305,"(1.2, 2.0)",77.31428571428572,128.85714285714286,64.42857142857143,-1.25,EOD,569,ESH3,0.84
2023-02-09,2023,B,-1,305,"(0.179, 0.247)",11.532714285714286,15.913857142857143,64.42857142857143,-1.25,EOD,569,ESH3,0.84
2023-02-10,2023,B,1,305,"(0.8, 1.5)",52.12857142857143,97.74107142857144,65.16071428571429,-2.25,EOD,569,ESH3,0.84
2023-02-10,2023,B,1,305,"(0.8, 1.75)",52.12857142857143,114.03125000000001,65.16071428571429,-2.25,EOD,569,ESH3,0.84
2023-02-10,2023,B,1,305,"(0.8, 2.0)",52.12857142857143,130.32142857142858,65.16071428571429,-2.25,EOD,569,ESH3,0.84
2023-02-10,2023,B,1,305,"(1.0, 1.5)",65.16071428571429,97.74107142857144,65.16071428571429,-2.25,EOD,569,ESH3,0.84
2023-02-10,2023,B,1,305,"(1.0, 1.75)",65.16071428571429,114.03125000000001,65.16071428571429,-2.25,EOD,569,ESH3,0.84
2023-02-10,2023,B,1,305,"(1.0, 2.0)",65.16071428571429,130.32142857142858,65.16071428571429,-2.25,EOD,569,ESH3,0.84
2023-02-10,2023,B,1,305,"(1.2, 1.5)",78.19285714285715,97.74107142857144,65.16071428571429,-2.25,EOD,569,ESH3,0.84
2023-02-10,2023,B,1,305,"(1.2, 1.75)",78.19285714285715,114.03125000000001,65.16071428571429,-2.25,EOD,569,ESH3,0.84
2023-02-10,2023,B,1,305,"(1.2, 2.0)",78.19285714285715,130.32142857142858,65.16071428571429,-2.25,EOD,569,ESH3,0.84
2023-02-10,2023,B,1,305,"(0.179, 0.247)",11.663767857142858,16.09469642857143,65.16071428571429,-11.66376785714283,SL,367,ESH3,0.84
2023-02-13,2023,B,-1,405,"(0.8, 1.5)",50.07142857142858,93.88392857142857,62.589285714285715,-3.0,EOD,569,ESH3,0.84
2023-02-13,2023,B,-1,405,"(0.8, 1.75)",50.07142857142858,109.53125,62.589285714285715,-3.0,EOD,569,ESH3,0.84
2023-02-13,2023,B,-1,405,"(0.8, 2.0)",50.07142857142858,125.17857142857143,62.589285714285715,-3.0,EOD,569,ESH3,0.84
2023-02-13,2023,B,-1,405,"(1.0, 1.5)",62.589285714285715,93.88392857142857,62.589285714285715,-3.0,EOD,569,ESH3,0.84
2023-02-13,2023,B,-1,405,"(1.0, 1.75)",62.589285714285715,109.53125,62.589285714285715,-3.0,EOD,569,ESH3,0.84
2023-02-13,2023,B,-1,405,"(1.0, 2.0)",62.589285714285715,125.17857142857143,62.589285714285715,-3.0,EOD,569,ESH3,0.84
2023-02-13,2023,B,-1,405,"(1.2, 1.5)",75.10714285714286,93.88392857142857,62.589285714285715,-3.0,EOD,569,ESH3,0.84
2023-02-13,2023,B,-1,405,"(1.2, 1.75)",75.10714285714286,109.53125,62.589285714285715,-3.0,EOD,569,ESH3,0.84
2023-02-13,2023,B,-1,405,"(1.2, 2.0)",75.10714285714286,125.17857142857143,62.589285714285715,-3.0,EOD,569,ESH3,0.84
2023-02-13,2023,B,-1,405,"(0.179, 0.247)",11.203482142857142,15.459553571428572,62.589285714285715,-11.203482142856956,SL,447,ESH3,0.84
2023-02-14,2023,B,-1,525,"(0.8, 1.5)",50.85714285714286,95.35714285714286,63.57142857142857,13.5,EOD,569,ESH3,0.84
2023-02-14,2023,B,-1,525,"(0.8, 1.75)",50.85714285714286,111.25,63.57142857142857,13.5,EOD,569,ESH3,0.84
2023-02-14,2023,B,-1,525,"(0.8, 2.0)",50.85714285714286,127.14285714285714,63.57142857142857,13.5,EOD,569,ESH3,0.84
2023-02-14,2023,B,-1,525,"(1.0, 1.5)",63.57142857142857,95.35714285714286,63.57142857142857,13.5,EOD,569,ESH3,0.84
2023-02-14,2023,B,-1,525,"(1.0, 1.75)",63.57142857142857,111.25,63.57142857142857,13.5,EOD,569,ESH3,0.84
2023-02-14,2023,B,-1,525,"(1.0, 2.0)",63.57142857142857,127.14285714285714,63.57142857142857,13.5,EOD,569,ESH3,0.84
2023-02-14,2023,B,-1,525,"(1.2, 1.5)",76.28571428571428,95.35714285714286,63.57142857142857,13.5,EOD,569,ESH3,0.84
2023-02-14,2023,B,-1,525,"(1.2, 1.75)",76.28571428571428,111.25,63.57142857142857,13.5,EOD,569,ESH3,0.84
2023-02-14,2023,B,-1,525,"(1.2, 2.0)",76.28571428571428,127.14285714285714,63.57142857142857,13.5,EOD,569,ESH3,0.84
2023-02-14,2023,B,-1,525,"(0.179, 0.247)",11.379285714285713,15.702142857142857,63.57142857142857,-11.379285714285288,SL,530,ESH3,0.84
2023-02-16,2023,B,1,540,"(0.8, 1.5)",50.300000000000004,94.3125,62.875,-10.0,EOD,569,ESH3,0.84
2023-02-16,2023,B,1,540,"(0.8, 1.75)",50.300000000000004,110.03125,62.875,-10.0,EOD,569,ESH3,0.84
2023-02-16,2023,B,1,540,"(0.8, 2.0)",50.300000000000004,125.75,62.875,-10.0,EOD,569,ESH3,0.84
2023-02-16,2023,B,1,540,"(1.0, 1.5)",62.875,94.3125,62.875,-10.0,EOD,569,ESH3,0.84
2023-02-16,2023,B,1,540,"(1.0, 1.75)",62.875,110.03125,62.875,-10.0,EOD,569,ESH3,0.84
2023-02-16,2023,B,1,540,"(1.0, 2.0)",62.875,125.75,62.875,-10.0,EOD,569,ESH3,0.84
2023-02-16,2023,B,1,540,"(1.2, 1.5)",75.45,94.3125,62.875,-10.0,EOD,569,ESH3,0.84
2023-02-16,2023,B,1,540,"(1.2, 1.75)",75.45,110.03125,62.875,-10.0,EOD,569,ESH3,0.84
2023-02-16,2023,B,1,540,"(1.2, 2.0)",75.45,125.75,62.875,-10.0,EOD,569,ESH3,0.84
2023-02-16,2023,B,1,540,"(0.179, 0.247)",11.254624999999999,15.530125,62.875,-11.254624999999578,SL,569,ESH3,0.84
2023-02-24,2023,B,1,515,"(0.8, 1.5)",43.885714285714286,82.28571428571428,54.857142857142854,-10.75,EOD,569,ESH3,0.84
2023-02-24,2023,B,1,515,"(0.8, 1.75)",43.885714285714286,96.0,54.857142857142854,-10.75,EOD,569,ESH3,0.84
2023-02-24,2023,B,1,515,"(0.8, 2.0)",43.885714285714286,109.71428571428571,54.857142857142854,-10.75,EOD,569,ESH3,0.84
2023-02-24,2023,B,1,515,"(1.0, 1.5)",54.857142857142854,82.28571428571428,54.857142857142854,-10.75,EOD,569,ESH3,0.84
2023-02-24,2023,B,1,515,"(1.0, 1.75)",54.857142857142854,96.0,54.857142857142854,-10.75,EOD,569,ESH3,0.84
2023-02-24,2023,B,1,515,"(1.0, 2.0)",54.857142857142854,109.71428571428571,54.857142857142854,-10.75,EOD,569,ESH3,0.84
2023-02-24,2023,B,1,515,"(1.2, 1.5)",65.82857142857142,82.28571428571428,54.857142857142854,-10.75,EOD,569,ESH3,0.84
2023-02-24,2023,B,1,515,"(1.2, 1.75)",65.82857142857142,96.0,54.857142857142854,-10.75,EOD,569,ESH3,0.84
2023-02-24,2023,B,1,515,"(1.2, 2.0)",65.82857142857142,109.71428571428571,54.857142857142854,-10.75,EOD,569,ESH3,0.84
2023-02-24,2023,B,1,515,"(0.179, 0.247)",9.81942857142857,13.549714285714284,54.857142857142854,-9.819428571428489,SL,518,ESH3,0.84
2023-03-03,2023,B,-1,320,"(0.8, 1.5)",40.41428571428572,75.77678571428572,50.517857142857146,-11.5,EOD,569,ESH3,0.84
2023-03-03,2023,B,-1,320,"(0.8, 1.75)",40.41428571428572,88.40625,50.517857142857146,-11.5,EOD,569,ESH3,0.84
2023-03-03,2023,B,-1,320,"(0.8, 2.0)",40.41428571428572,101.03571428571429,50.517857142857146,-11.5,EOD,569,ESH3,0.84
2023-03-03,2023,B,-1,320,"(1.0, 1.5)",50.517857142857146,75.77678571428572,50.517857142857146,-11.5,EOD,569,ESH3,0.84
2023-03-03,2023,B,-1,320,"(1.0, 1.75)",50.517857142857146,88.40625,50.517857142857146,-11.5,EOD,569,ESH3,0.84
2023-03-03,2023,B,-1,320,"(1.0, 2.0)",50.517857142857146,101.03571428571429,50.517857142857146,-11.5,EOD,569,ESH3,0.84
2023-03-03,2023,B,-1,320,"(1.2, 1.5)",60.621428571428574,75.77678571428572,50.517857142857146,-11.5,EOD,569,ESH3,0.84
2023-03-03,2023,B,-1,320,"(1.2, 1.75)",60.621428571428574,88.40625,50.517857142857146,-11.5,EOD,569,ESH3,0.84
2023-03-03,2023,B,-1,320,"(1.2, 2.0)",60.621428571428574,101.03571428571429,50.517857142857146,-11.5,EOD,569,ESH3,0.84
2023-03-03,2023,B,-1,320,"(0.179, 0.247)",9.042696428571428,12.477910714285715,50.517857142857146,-9.042696428571617,SL,527,ESH3,0.84
2023-03-08,2023,B,1,465,"(0.8, 1.5)",41.02857142857143,76.92857142857143,51.285714285714285,5.75,EOD,569,ESH3,0.84
2023-03-08,2023,B,1,465,"(0.8, 1.75)",41.02857142857143,89.75,51.285714285714285,5.75,EOD,569,ESH3,0.84
2023-03-08,2023,B,1,465,"(0.8, 2.0)",41.02857142857143,102.57142857142857,51.285714285714285,5.75,EOD,569,ESH3,0.84
2023-03-08,2023,B,1,465,"(1.0, 1.5)",51.285714285714285,76.92857142857143,51.285714285714285,5.75,EOD,569,ESH3,0.84
2023-03-08,2023,B,1,465,"(1.0, 1.75)",51.285714285714285,89.75,51.285714285714285,5.75,EOD,569,ESH3,0.84
2023-03-08,2023,B,1,465,"(1.0, 2.0)",51.285714285714285,102.57142857142857,51.285714285714285,5.75,EOD,569,ESH3,0.84
2023-03-08,2023,B,1,465,"(1.2, 1.5)",61.54285714285714,76.92857142857143,51.285714285714285,5.75,EOD,569,ESH3,0.84
2023-03-08,2023,B,1,465,"(1.2, 1.75)",61.54285714285714,89.75,51.285714285714285,5.75,EOD,569,ESH3,0.84
2023-03-08,2023,B,1,465,"(1.2, 2.0)",61.54285714285714,102.57142857142857,51.285714285714285,5.75,EOD,569,ESH3,0.84
2023-03-08,2023,B,1,465,"(0.179, 0.247)",9.180142857142856,12.667571428571428,51.285714285714285,5.75,EOD,569,ESH3,0.84
2023-03-10,2023,B,1,460,"(0.8, 1.5)",43.11428571428572,80.83928571428572,53.892857142857146,1.75,EOD,569,ESH3,0.84
2023-03-10,2023,B,1,460,"(0.8, 1.75)",43.11428571428572,94.3125,53.892857142857146,1.75,EOD,569,ESH3,0.84
2023-03-10,2023,B,1,460,"(0.8, 2.0)",43.11428571428572,107.78571428571429,53.892857142857146,1.75,EOD,569,ESH3,0.84
2023-03-10,2023,B,1,460,"(1.0, 1.5)",53.892857142857146,80.83928571428572,53.892857142857146,1.75,EOD,569,ESH3,0.84
2023-03-10,2023,B,1,460,"(1.0, 1.75)",53.892857142857146,94.3125,53.892857142857146,1.75,EOD,569,ESH3,0.84
2023-03-10,2023,B,1,460,"(1.0, 2.0)",53.892857142857146,107.78571428571429,53.892857142857146,1.75,EOD,569,ESH3,0.84
2023-03-10,2023,B,1,460,"(1.2, 1.5)",64.67142857142858,80.83928571428572,53.892857142857146,1.75,EOD,569,ESH3,0.84
2023-03-10,2023,B,1,460,"(1.2, 1.75)",64.67142857142858,94.3125,53.892857142857146,1.75,EOD,569,ESH3,0.84
2023-03-10,2023,B,1,460,"(1.2, 2.0)",64.67142857142858,107.78571428571429,53.892857142857146,1.75,EOD,569,ESH3,0.84
2023-03-10,2023,B,1,460,"(0.179, 0.247)",9.646821428571428,13.311535714285714,53.892857142857146,-9.646821428571457,SL,510,ESH3,0.84
2023-03-13,2023,B,1,495,"(0.8, 1.5)",47.31428571428572,88.71428571428572,59.142857142857146,-28.0,EOD,569,ESH3,0.84
2023-03-13,2023,B,1,495,"(0.8, 1.75)",47.31428571428572,103.5,59.142857142857146,-28.0,EOD,569,ESH3,0.84
2023-03-13,2023,B,1,495,"(0.8, 2.0)",47.31428571428572,118.28571428571429,59.142857142857146,-28.0,EOD,569,ESH3,0.84
2023-03-13,2023,B,1,495,"(1.0, 1.5)",59.142857142857146,88.71428571428572,59.142857142857146,-28.0,EOD,569,ESH3,0.84
2023-03-13,2023,B,1,495,"(1.0, 1.75)",59.142857142857146,103.5,59.142857142857146,-28.0,EOD,569,ESH3,0.84
2023-03-13,2023,B,1,495,"(1.0, 2.0)",59.142857142857146,118.28571428571429,59.142857142857146,-28.0,EOD,569,ESH3,0.84
2023-03-13,2023,B,1,495,"(1.2, 1.5)",70.97142857142858,88.71428571428572,59.142857142857146,-28.0,EOD,569,ESH3,0.84
2023-03-13,2023,B,1,495,"(1.2, 1.75)",70.97142857142858,103.5,59.142857142857146,-28.0,EOD,569,ESH3,0.84
2023-03-13,2023,B,1,495,"(1.2, 2.0)",70.97142857142858,118.28571428571429,59.142857142857146,-28.0,EOD,569,ESH3,0.84
2023-03-13,2023,B,1,495,"(0.179, 0.247)",10.586571428571428,14.608285714285715,59.142857142857146,-10.58657142857146,SL,516,ESH3,0.84
2023-03-24,2023,B,1,360,"(0.8, 1.5)",61.01428571428571,114.40178571428571,76.26785714285714,12.5,EOD,569,ESM3,0.84
2023-03-24,2023,B,1,360,"(0.8, 1.75)",61.01428571428571,133.46875,76.26785714285714,12.5,EOD,569,ESM3,0.84
2023-03-24,2023,B,1,360,"(0.8, 2.0)",61.01428571428571,152.53571428571428,76.26785714285714,12.5,EOD,569,ESM3,0.84
2023-03-24,2023,B,1,360,"(1.0, 1.5)",76.26785714285714,114.40178571428571,76.26785714285714,12.5,EOD,569,ESM3,0.84
2023-03-24,2023,B,1,360,"(1.0, 1.75)",76.26785714285714,133.46875,76.26785714285714,12.5,EOD,569,ESM3,0.84
2023-03-24,2023,B,1,360,"(1.0, 2.0)",76.26785714285714,152.53571428571428,76.26785714285714,12.5,EOD,569,ESM3,0.84
2023-03-24,2023,B,1,360,"(1.2, 1.5)",91.52142857142856,114.40178571428571,76.26785714285714,12.5,EOD,569,ESM3,0.84
2023-03-24,2023,B,1,360,"(1.2, 1.75)",91.52142857142856,133.46875,76.26785714285714,12.5,EOD,569,ESM3,0.84
2023-03-24,2023,B,1,360,"(1.2, 2.0)",91.52142857142856,152.53571428571428,76.26785714285714,12.5,EOD,569,ESM3,0.84
2023-03-24,2023,B,1,360,"(0.179, 0.247)",13.651946428571428,18.838160714285713,76.26785714285714,12.5,EOD,569,ESM3,0.84
2023-03-28,2023,B,1,420,"(0.8, 1.5)",60.67142857142857,113.75892857142856,75.83928571428571,-0.25,EOD,569,ESM3,0.84
2023-03-28,2023,B,1,420,"(0.8, 1.75)",60.67142857142857,132.71875,75.83928571428571,-0.25,EOD,569,ESM3,0.84
2023-03-28,2023,B,1,420,"(0.8, 2.0)",60.67142857142857,151.67857142857142,75.83928571428571,-0.25,EOD,569,ESM3,0.84
2023-03-28,2023,B,1,420,"(1.0, 1.5)",75.83928571428571,113.75892857142856,75.83928571428571,-0.25,EOD,569,ESM3,0.84
2023-03-28,2023,B,1,420,"(1.0, 1.75)",75.83928571428571,132.71875,75.83928571428571,-0.25,EOD,569,ESM3,0.84
2023-03-28,2023,B,1,420,"(1.0, 2.0)",75.83928571428571,151.67857142857142,75.83928571428571,-0.25,EOD,569,ESM3,0.84
2023-03-28,2023,B,1,420,"(1.2, 1.5)",91.00714285714285,113.75892857142856,75.83928571428571,-0.25,EOD,569,ESM3,0.84
2023-03-28,2023,B,1,420,"(1.2, 1.75)",91.00714285714285,132.71875,75.83928571428571,-0.25,EOD,569,ESM3,0.84
2023-03-28,2023,B,1,420,"(1.2, 2.0)",91.00714285714285,151.67857142857142,75.83928571428571,-0.25,EOD,569,ESM3,0.84
2023-03-28,2023,B,1,420,"(0.179, 0.247)",13.575232142857141,18.73230357142857,75.83928571428571,-0.25,EOD,569,ESM3,0.84
2023-03-31,2023,B,-1,425,"(0.8, 1.5)",54.27142857142857,101.75892857142856,67.83928571428571,-3.0,EOD,569,ESM3,0.84
2023-03-31,2023,B,-1,425,"(0.8, 1.75)",54.27142857142857,118.71874999999999,67.83928571428571,-3.0,EOD,569,ESM3,0.84
2023-03-31,2023,B,-1,425,"(0.8, 2.0)",54.27142857142857,135.67857142857142,67.83928571428571,-3.0,EOD,569,ESM3,0.84
2023-03-31,2023,B,-1,425,"(1.0, 1.5)",67.83928571428571,101.75892857142856,67.83928571428571,-3.0,EOD,569,ESM3,0.84
2023-03-31,2023,B,-1,425,"(1.0, 1.75)",67.83928571428571,118.71874999999999,67.83928571428571,-3.0,EOD,569,ESM3,0.84
2023-03-31,2023,B,-1,425,"(1.0, 2.0)",67.83928571428571,135.67857142857142,67.83928571428571,-3.0,EOD,569,ESM3,0.84
2023-03-31,2023,B,-1,425,"(1.2, 1.5)",81.40714285714284,101.75892857142856,67.83928571428571,-3.0,EOD,569,ESM3,0.84
2023-03-31,2023,B,-1,425,"(1.2, 1.75)",81.40714285714284,118.71874999999999,67.83928571428571,-3.0,EOD,569,ESM3,0.84
2023-03-31,2023,B,-1,425,"(1.2, 2.0)",81.40714285714284,135.67857142857142,67.83928571428571,-3.0,EOD,569,ESM3,0.84
2023-03-31,2023,B,-1,425,"(0.179, 0.247)",12.14323214285714,16.75630357142857,67.83928571428571,-3.0,EOD,569,ESM3,0.84
2023-04-11,2023,B,-1,545,"(0.8, 1.5)",41.24285714285715,77.33035714285714,51.55357142857143,-5.25,EOD,569,ESM3,0.84
2023-04-11,2023,B,-1,545,"(0.8, 1.75)",41.24285714285715,90.21875,51.55357142857143,-5.25,EOD,569,ESM3,0.84
2023-04-11,2023,B,-1,545,"(0.8, 2.0)",41.24285714285715,103.10714285714286,51.55357142857143,-5.25,EOD,569,ESM3,0.84
2023-04-11,2023,B,-1,545,"(1.0, 1.5)",51.55357142857143,77.33035714285714,51.55357142857143,-5.25,EOD,569,ESM3,0.84
2023-04-11,2023,B,-1,545,"(1.0, 1.75)",51.55357142857143,90.21875,51.55357142857143,-5.25,EOD,569,ESM3,0.84
2023-04-11,2023,B,-1,545,"(1.0, 2.0)",51.55357142857143,103.10714285714286,51.55357142857143,-5.25,EOD,569,ESM3,0.84
2023-04-11,2023,B,-1,545,"(1.2, 1.5)",61.864285714285714,77.33035714285714,51.55357142857143,-5.25,EOD,569,ESM3,0.84
2023-04-11,2023,B,-1,545,"(1.2, 1.75)",61.864285714285714,90.21875,51.55357142857143,-5.25,EOD,569,ESM3,0.84
2023-04-11,2023,B,-1,545,"(1.2, 2.0)",61.864285714285714,103.10714285714286,51.55357142857143,-5.25,EOD,569,ESM3,0.84
2023-04-11,2023,B,-1,545,"(0.179, 0.247)",9.228089285714285,12.733732142857143,51.55357142857143,-5.25,EOD,569,ESM3,0.84
2023-04-14,2023,B,-1,515,"(0.8, 1.5)",33.871428571428574,63.50892857142857,42.339285714285715,0.75,EOD,569,ESM3,0.84
2023-04-14,2023,B,-1,515,"(0.8, 1.75)",33.871428571428574,74.09375,42.339285714285715,0.75,EOD,569,ESM3,0.84
2023-04-14,2023,B,-1,515,"(0.8, 2.0)",33.871428571428574,84.67857142857143,42.339285714285715,0.75,EOD,569,ESM3,0.84
2023-04-14,2023,B,-1,515,"(1.0, 1.5)",42.339285714285715,63.50892857142857,42.339285714285715,0.75,EOD,569,ESM3,0.84
2023-04-14,2023,B,-1,515,"(1.0, 1.75)",42.339285714285715,74.09375,42.339285714285715,0.75,EOD,569,ESM3,0.84
2023-04-14,2023,B,-1,515,"(1.0, 2.0)",42.339285714285715,84.67857142857143,42.339285714285715,0.75,EOD,569,ESM3,0.84
2023-04-14,2023,B,-1,515,"(1.2, 1.5)",50.80714285714286,63.50892857142857,42.339285714285715,0.75,EOD,569,ESM3,0.84
2023-04-14,2023,B,-1,515,"(1.2, 1.75)",50.80714285714286,74.09375,42.339285714285715,0.75,EOD,569,ESM3,0.84
2023-04-14,2023,B,-1,515,"(1.2, 2.0)",50.80714285714286,84.67857142857143,42.339285714285715,0.75,EOD,569,ESM3,0.84
2023-04-14,2023,B,-1,515,"(0.179, 0.247)",7.578732142857143,10.457803571428572,42.339285714285715,0.75,EOD,569,ESM3,0.84
2023-04-25,2023,B,1,480,"(0.8, 1.5)",29.542857142857144,55.392857142857146,36.92857142857143,-2.25,EOD,569,ESM3,0.84
2023-04-25,2023,B,1,480,"(0.8, 1.75)",29.542857142857144,64.625,36.92857142857143,-2.25,EOD,569,ESM3,0.84
2023-04-25,2023,B,1,480,"(0.8, 2.0)",29.542857142857144,73.85714285714286,36.92857142857143,-2.25,EOD,569,ESM3,0.84
2023-04-25,2023,B,1,480,"(1.0, 1.5)",36.92857142857143,55.392857142857146,36.92857142857143,-2.25,EOD,569,ESM3,0.84
2023-04-25,2023,B,1,480,"(1.0, 1.75)",36.92857142857143,64.625,36.92857142857143,-2.25,EOD,569,ESM3,0.84
2023-04-25,2023,B,1,480,"(1.0, 2.0)",36.92857142857143,73.85714285714286,36.92857142857143,-2.25,EOD,569,ESM3,0.84
2023-04-25,2023,B,1,480,"(1.2, 1.5)",44.31428571428572,55.392857142857146,36.92857142857143,-2.25,EOD,569,ESM3,0.84
2023-04-25,2023,B,1,480,"(1.2, 1.75)",44.31428571428572,64.625,36.92857142857143,-2.25,EOD,569,ESM3,0.84
2023-04-25,2023,B,1,480,"(1.2, 2.0)",44.31428571428572,73.85714285714286,36.92857142857143,-2.25,EOD,569,ESM3,0.84
2023-04-25,2023,B,1,480,"(0.179, 0.247)",6.610214285714286,9.121357142857143,36.92857142857143,-2.25,EOD,569,ESM3,0.84
2023-04-26,2023,B,1,440,"(0.8, 1.5)",30.700000000000003,57.5625,38.375,5.0,EOD,569,ESM3,0.84
2023-04-26,2023,B,1,440,"(0.8, 1.75)",30.700000000000003,67.15625,38.375,5.0,EOD,569,ESM3,0.84
2023-04-26,2023,B,1,440,"(0.8, 2.0)",30.700000000000003,76.75,38.375,5.0,EOD,569,ESM3,0.84
2023-04-26,2023,B,1,440,"(1.0, 1.5)",38.375,57.5625,38.375,5.0,EOD,569,ESM3,0.84
2023-04-26,2023,B,1,440,"(1.0, 1.75)",38.375,67.15625,38.375,5.0,EOD,569,ESM3,0.84
2023-04-26,2023,B,1,440,"(1.0, 2.0)",38.375,76.75,38.375,5.0,EOD,569,ESM3,0.84
2023-04-26,2023,B,1,440,"(1.2, 1.5)",46.05,57.5625,38.375,5.0,EOD,569,ESM3,0.84
2023-04-26,2023,B,1,440,"(1.2, 1.75)",46.05,67.15625,38.375,5.0,EOD,569,ESM3,0.84
2023-04-26,2023,B,1,440,"(1.2, 2.0)",46.05,76.75,38.375,5.0,EOD,569,ESM3,0.84
2023-04-26,2023,B,1,440,"(0.179, 0.247)",6.8691249999999995,9.478625,38.375,9.478624999999738,TP,464,ESM3,0.84
2023-05-09,2023,B,1,360,"(0.8, 1.5)",38.68571428571428,72.53571428571428,48.357142857142854,-3.25,EOD,569,ESM3,0.84
2023-05-09,2023,B,1,360,"(0.8, 1.75)",38.68571428571428,84.625,48.357142857142854,-3.25,EOD,569,ESM3,0.84
2023-05-09,2023,B,1,360,"(0.8, 2.0)",38.68571428571428,96.71428571428571,48.357142857142854,-3.25,EOD,569,ESM3,0.84
2023-05-09,2023,B,1,360,"(1.0, 1.5)",48.357142857142854,72.53571428571428,48.357142857142854,-3.25,EOD,569,ESM3,0.84
2023-05-09,2023,B,1,360,"(1.0, 1.75)",48.357142857142854,84.625,48.357142857142854,-3.25,EOD,569,ESM3,0.84
2023-05-09,2023,B,1,360,"(1.0, 2.0)",48.357142857142854,96.71428571428571,48.357142857142854,-3.25,EOD,569,ESM3,0.84
2023-05-09,2023,B,1,360,"(1.2, 1.5)",58.028571428571425,72.53571428571428,48.357142857142854,-3.25,EOD,569,ESM3,0.84
2023-05-09,2023,B,1,360,"(1.2, 1.75)",58.028571428571425,84.625,48.357142857142854,-3.25,EOD,569,ESM3,0.84
2023-05-09,2023,B,1,360,"(1.2, 2.0)",58.028571428571425,96.71428571428571,48.357142857142854,-3.25,EOD,569,ESM3,0.84
2023-05-09,2023,B,1,360,"(0.179, 0.247)",8.65592857142857,11.944214285714285,48.357142857142854,-3.25,EOD,569,ESM3,0.84
2023-05-10,2023,B,1,515,"(0.8, 1.5)",38.25714285714286,71.73214285714286,47.82142857142857,16.25,EOD,569,ESM3,0.84
2023-05-10,2023,B,1,515,"(0.8, 1.75)",38.25714285714286,83.6875,47.82142857142857,16.25,EOD,569,ESM3,0.84
2023-05-10,2023,B,1,515,"(0.8, 2.0)",38.25714285714286,95.64285714285714,47.82142857142857,16.25,EOD,569,ESM3,0.84
2023-05-10,2023,B,1,515,"(1.0, 1.5)",47.82142857142857,71.73214285714286,47.82142857142857,16.25,EOD,569,ESM3,0.84
2023-05-10,2023,B,1,515,"(1.0, 1.75)",47.82142857142857,83.6875,47.82142857142857,16.25,EOD,569,ESM3,0.84
2023-05-10,2023,B,1,515,"(1.0, 2.0)",47.82142857142857,95.64285714285714,47.82142857142857,16.25,EOD,569,ESM3,0.84
2023-05-10,2023,B,1,515,"(1.2, 1.5)",57.38571428571428,71.73214285714286,47.82142857142857,16.25,EOD,569,ESM3,0.84
2023-05-10,2023,B,1,515,"(1.2, 1.75)",57.38571428571428,83.6875,47.82142857142857,16.25,EOD,569,ESM3,0.84
2023-05-10,2023,B,1,515,"(1.2, 2.0)",57.38571428571428,95.64285714285714,47.82142857142857,16.25,EOD,569,ESM3,0.84
2023-05-10,2023,B,1,515,"(0.179, 0.247)",8.560035714285714,11.811892857142857,47.82142857142857,11.811892857142993,TP,522,ESM3,0.84
2023-05-23,2023,B,1,550,"(0.8, 1.5)",34.471428571428575,64.63392857142857,43.089285714285715,-4.75,EOD,569,ESM3,0.84
2023-05-23,2023,B,1,550,"(0.8, 1.75)",34.471428571428575,75.40625,43.089285714285715,-4.75,EOD,569,ESM3,0.84
2023-05-23,2023,B,1,550,"(0.8, 2.0)",34.471428571428575,86.17857142857143,43.089285714285715,-4.75,EOD,569,ESM3,0.84
2023-05-23,2023,B,1,550,"(1.0, 1.5)",43.089285714285715,64.63392857142857,43.089285714285715,-4.75,EOD,569,ESM3,0.84
2023-05-23,2023,B,1,550,"(1.0, 1.75)",43.089285714285715,75.40625,43.089285714285715,-4.75,EOD,569,ESM3,0.84
2023-05-23,2023,B,1,550,"(1.0, 2.0)",43.089285714285715,86.17857142857143,43.089285714285715,-4.75,EOD,569,ESM3,0.84
2023-05-23,2023,B,1,550,"(1.2, 1.5)",51.707142857142856,64.63392857142857,43.089285714285715,-4.75,EOD,569,ESM3,0.84
2023-05-23,2023,B,1,550,"(1.2, 1.75)",51.707142857142856,75.40625,43.089285714285715,-4.75,EOD,569,ESM3,0.84
2023-05-23,2023,B,1,550,"(1.2, 2.0)",51.707142857142856,86.17857142857143,43.089285714285715,-4.75,EOD,569,ESM3,0.84
2023-05-23,2023,B,1,550,"(0.179, 0.247)",7.712982142857142,10.643053571428572,43.089285714285715,-4.75,EOD,569,ESM3,0.84
2023-06-08,2023,B,1,500,"(0.8, 1.5)",33.72857142857143,63.24107142857143,42.160714285714285,0.75,EOD,569,ESM3,0.84
2023-06-08,2023,B,1,500,"(0.8, 1.75)",33.72857142857143,73.78125,42.160714285714285,0.75,EOD,569,ESM3,0.84
2023-06-08,2023,B,1,500,"(0.8, 2.0)",33.72857142857143,84.32142857142857,42.160714285714285,0.75,EOD,569,ESM3,0.84
2023-06-08,2023,B,1,500,"(1.0, 1.5)",42.160714285714285,63.24107142857143,42.160714285714285,0.75,EOD,569,ESM3,0.84
2023-06-08,2023,B,1,500,"(1.0, 1.75)",42.160714285714285,73.78125,42.160714285714285,0.75,EOD,569,ESM3,0.84
2023-06-08,2023,B,1,500,"(1.0, 2.0)",42.160714285714285,84.32142857142857,42.160714285714285,0.75,EOD,569,ESM3,0.84
2023-06-08,2023,B,1,500,"(1.2, 1.5)",50.59285714285714,63.24107142857143,42.160714285714285,0.75,EOD,569,ESM3,0.84
2023-06-08,2023,B,1,500,"(1.2, 1.75)",50.59285714285714,73.78125,42.160714285714285,0.75,EOD,569,ESM3,0.84
2023-06-08,2023,B,1,500,"(1.2, 2.0)",50.59285714285714,84.32142857142857,42.160714285714285,0.75,EOD,569,ESM3,0.84
2023-06-08,2023,B,1,500,"(0.179, 0.247)",7.546767857142856,10.413696428571429,42.160714285714285,0.75,EOD,569,ESM3,0.84
2023-06-26,2023,B,1,430,"(0.8, 1.5)",30.671428571428574,57.50892857142857,38.339285714285715,0.5,EOD,569,ESU3,0.84
2023-06-26,2023,B,1,430,"(0.8, 1.75)",30.671428571428574,67.09375,38.339285714285715,0.5,EOD,569,ESU3,0.84
2023-06-26,2023,B,1,430,"(0.8, 2.0)",30.671428571428574,76.67857142857143,38.339285714285715,0.5,EOD,569,ESU3,0.84
2023-06-26,2023,B,1,430,"(1.0, 1.5)",38.339285714285715,57.50892857142857,38.339285714285715,0.5,EOD,569,ESU3,0.84
2023-06-26,2023,B,1,430,"(1.0, 1.75)",38.339285714285715,67.09375,38.339285714285715,0.5,EOD,569,ESU3,0.84
2023-06-26,2023,B,1,430,"(1.0, 2.0)",38.339285714285715,76.67857142857143,38.339285714285715,0.5,EOD,569,ESU3,0.84
2023-06-26,2023,B,1,430,"(1.2, 1.5)",46.00714285714286,57.50892857142857,38.339285714285715,0.5,EOD,569,ESU3,0.84
2023-06-26,2023,B,1,430,"(1.2, 1.75)",46.00714285714286,67.09375,38.339285714285715,0.5,EOD,569,ESU3,0.84
2023-06-26,2023,B,1,430,"(1.2, 2.0)",46.00714285714286,76.67857142857143,38.339285714285715,0.5,EOD,569,ESU3,0.84
2023-06-26,2023,B,1,430,"(0.179, 0.247)",6.862732142857142,9.46980357142857,38.339285714285715,0.5,EOD,569,ESU3,0.84
2023-06-29,2023,B,-1,380,"(0.8, 1.5)",31.771428571428572,59.57142857142857,39.714285714285715,15.75,EOD,569,ESU3,0.84
2023-06-29,2023,B,-1,380,"(0.8, 1.75)",31.771428571428572,69.5,39.714285714285715,15.75,EOD,569,ESU3,0.84
2023-06-29,2023,B,-1,380,"(0.8, 2.0)",31.771428571428572,79.42857142857143,39.714285714285715,15.75,EOD,569,ESU3,0.84
2023-06-29,2023,B,-1,380,"(1.0, 1.5)",39.714285714285715,59.57142857142857,39.714285714285715,15.75,EOD,569,ESU3,0.84
2023-06-29,2023,B,-1,380,"(1.0, 1.75)",39.714285714285715,69.5,39.714285714285715,15.75,EOD,569,ESU3,0.84
2023-06-29,2023,B,-1,380,"(1.0, 2.0)",39.714285714285715,79.42857142857143,39.714285714285715,15.75,EOD,569,ESU3,0.84
2023-06-29,2023,B,-1,380,"(1.2, 1.5)",47.65714285714286,59.57142857142857,39.714285714285715,15.75,EOD,569,ESU3,0.84
2023-06-29,2023,B,-1,380,"(1.2, 1.75)",47.65714285714286,69.5,39.714285714285715,15.75,EOD,569,ESU3,0.84
2023-06-29,2023,B,-1,380,"(1.2, 2.0)",47.65714285714286,79.42857142857143,39.714285714285715,15.75,EOD,569,ESU3,0.84
2023-06-29,2023,B,-1,380,"(0.179, 0.247)",7.1088571428571425,9.80942857142857,39.714285714285715,9.809428571428725,TP,540,ESU3,0.84
2023-07-07,2023,B,-1,520,"(0.8, 1.5)",26.585714285714285,49.84821428571428,33.232142857142854,14.0,EOD,569,ESU3,0.84
2023-07-07,2023,B,-1,520,"(0.8, 1.75)",26.585714285714285,58.15624999999999,33.232142857142854,14.0,EOD,569,ESU3,0.84
2023-07-07,2023,B,-1,520,"(0.8, 2.0)",26.585714285714285,66.46428571428571,33.232142857142854,14.0,EOD,569,ESU3,0.84
2023-07-07,2023,B,-1,520,"(1.0, 1.5)",33.232142857142854,49.84821428571428,33.232142857142854,14.0,EOD,569,ESU3,0.84
2023-07-07,2023,B,-1,520,"(1.0, 1.75)",33.232142857142854,58.15624999999999,33.232142857142854,14.0,EOD,569,ESU3,0.84
2023-07-07,2023,B,-1,520,"(1.0, 2.0)",33.232142857142854,66.46428571428571,33.232142857142854,14.0,EOD,569,ESU3,0.84
2023-07-07,2023,B,-1,520,"(1.2, 1.5)",39.878571428571426,49.84821428571428,33.232142857142854,14.0,EOD,569,ESU3,0.84
2023-07-07,2023,B,-1,520,"(1.2, 1.75)",39.878571428571426,58.15624999999999,33.232142857142854,14.0,EOD,569,ESU3,0.84
2023-07-07,2023,B,-1,520,"(1.2, 2.0)",39.878571428571426,66.46428571428571,33.232142857142854,14.0,EOD,569,ESU3,0.84
2023-07-07,2023,B,-1,520,"(0.179, 0.247)",5.948553571428571,8.208339285714285,33.232142857142854,8.208339285713919,TP,521,ESU3,0.84
2023-07-10,2023,B,1,440,"(0.8, 1.5)",28.385714285714286,53.22321428571428,35.482142857142854,-2.75,EOD,569,ESU3,0.84
2023-07-10,2023,B,1,440,"(0.8, 1.75)",28.385714285714286,62.09374999999999,35.482142857142854,-2.75,EOD,569,ESU3,0.84
2023-07-10,2023,B,1,440,"(0.8, 2.0)",28.385714285714286,70.96428571428571,35.482142857142854,-2.75,EOD,569,ESU3,0.84
2023-07-10,2023,B,1,440,"(1.0, 1.5)",35.482142857142854,53.22321428571428,35.482142857142854,-2.75,EOD,569,ESU3,0.84
2023-07-10,2023,B,1,440,"(1.0, 1.75)",35.482142857142854,62.09374999999999,35.482142857142854,-2.75,EOD,569,ESU3,0.84
2023-07-10,2023,B,1,440,"(1.0, 2.0)",35.482142857142854,70.96428571428571,35.482142857142854,-2.75,EOD,569,ESU3,0.84
2023-07-10,2023,B,1,440,"(1.2, 1.5)",42.57857142857142,53.22321428571428,35.482142857142854,-2.75,EOD,569,ESU3,0.84
2023-07-10,2023,B,1,440,"(1.2, 1.75)",42.57857142857142,62.09374999999999,35.482142857142854,-2.75,EOD,569,ESU3,0.84
2023-07-10,2023,B,1,440,"(1.2, 2.0)",42.57857142857142,70.96428571428571,35.482142857142854,-2.75,EOD,569,ESU3,0.84
2023-07-10,2023,B,1,440,"(0.179, 0.247)",6.351303571428571,8.764089285714284,35.482142857142854,-2.75,EOD,569,ESU3,0.84
2023-07-13,2023,B,-1,335,"(0.8, 1.5)",29.01428571428572,54.40178571428572,36.267857142857146,-3.0,EOD,569,ESU3,0.84
2023-07-13,2023,B,-1,335,"(0.8, 1.75)",29.01428571428572,63.46875000000001,36.267857142857146,-3.0,EOD,569,ESU3,0.84
2023-07-13,2023,B,-1,335,"(0.8, 2.0)",29.01428571428572,72.53571428571429,36.267857142857146,-3.0,EOD,569,ESU3,0.84
2023-07-13,2023,B,-1,335,"(1.0, 1.5)",36.267857142857146,54.40178571428572,36.267857142857146,-3.0,EOD,569,ESU3,0.84
2023-07-13,2023,B,-1,335,"(1.0, 1.75)",36.267857142857146,63.46875000000001,36.267857142857146,-3.0,EOD,569,ESU3,0.84
2023-07-13,2023,B,-1,335,"(1.0, 2.0)",36.267857142857146,72.53571428571429,36.267857142857146,-3.0,EOD,569,ESU3,0.84
2023-07-13,2023,B,-1,335,"(1.2, 1.5)",43.52142857142857,54.40178571428572,36.267857142857146,-3.0,EOD,569,ESU3,0.84
2023-07-13,2023,B,-1,335,"(1.2, 1.75)",43.52142857142857,63.46875000000001,36.267857142857146,-3.0,EOD,569,ESU3,0.84
2023-07-13,2023,B,-1,335,"(1.2, 2.0)",43.52142857142857,72.53571428571429,36.267857142857146,-3.0,EOD,569,ESU3,0.84
2023-07-13,2023,B,-1,335,"(0.179, 0.247)",6.491946428571429,8.958160714285714,36.267857142857146,-3.0,EOD,569,ESU3,0.84
2023-07-14,2023,B,-1,500,"(0.8, 1.5)",29.01428571428572,54.40178571428572,36.267857142857146,-0.75,EOD,569,ESU3,0.84
2023-07-14,2023,B,-1,500,"(0.8, 1.75)",29.01428571428572,63.46875000000001,36.267857142857146,-0.75,EOD,569,ESU3,0.84
2023-07-14,2023,B,-1,500,"(0.8, 2.0)",29.01428571428572,72.53571428571429,36.267857142857146,-0.75,EOD,569,ESU3,0.84
2023-07-14,2023,B,-1,500,"(1.0, 1.5)",36.267857142857146,54.40178571428572,36.267857142857146,-0.75,EOD,569,ESU3,0.84
2023-07-14,2023,B,-1,500,"(1.0, 1.75)",36.267857142857146,63.46875000000001,36.267857142857146,-0.75,EOD,569,ESU3,0.84
2023-07-14,2023,B,-1,500,"(1.0, 2.0)",36.267857142857146,72.53571428571429,36.267857142857146,-0.75,EOD,569,ESU3,0.84
2023-07-14,2023,B,-1,500,"(1.2, 1.5)",43.52142857142857,54.40178571428572,36.267857142857146,-0.75,EOD,569,ESU3,0.84
2023-07-14,2023,B,-1,500,"(1.2, 1.75)",43.52142857142857,63.46875000000001,36.267857142857146,-0.75,EOD,569,ESU3,0.84
2023-07-14,2023,B,-1,500,"(1.2, 2.0)",43.52142857142857,72.53571428571429,36.267857142857146,-0.75,EOD,569,ESU3,0.84
2023-07-14,2023,B,-1,500,"(0.179, 0.247)",6.491946428571429,8.958160714285714,36.267857142857146,-0.75,EOD,569,ESU3,0.84
2023-07-17,2023,B,1,425,"(0.8, 1.5)",28.728571428571428,53.86607142857143,35.910714285714285,5.0,EOD,569,ESU3,0.84
2023-07-17,2023,B,1,425,"(0.8, 1.75)",28.728571428571428,62.84375,35.910714285714285,5.0,EOD,569,ESU3,0.84
2023-07-17,2023,B,1,425,"(0.8, 2.0)",28.728571428571428,71.82142857142857,35.910714285714285,5.0,EOD,569,ESU3,0.84
2023-07-17,2023,B,1,425,"(1.0, 1.5)",35.910714285714285,53.86607142857143,35.910714285714285,5.0,EOD,569,ESU3,0.84
2023-07-17,2023,B,1,425,"(1.0, 1.75)",35.910714285714285,62.84375,35.910714285714285,5.0,EOD,569,ESU3,0.84
2023-07-17,2023,B,1,425,"(1.0, 2.0)",35.910714285714285,71.82142857142857,35.910714285714285,5.0,EOD,569,ESU3,0.84
2023-07-17,2023,B,1,425,"(1.2, 1.5)",43.09285714285714,53.86607142857143,35.910714285714285,5.0,EOD,569,ESU3,0.84
2023-07-17,2023,B,1,425,"(1.2, 1.75)",43.09285714285714,62.84375,35.910714285714285,5.0,EOD,569,ESU3,0.84
2023-07-17,2023,B,1,425,"(1.2, 2.0)",43.09285714285714,71.82142857142857,35.910714285714285,5.0,EOD,569,ESU3,0.84
2023-07-17,2023,B,1,425,"(0.179, 0.247)",6.428017857142857,8.869946428571428,35.910714285714285,5.0,EOD,569,ESU3,0.84
2023-07-20,2023,B,1,455,"(0.8, 1.5)",28.02857142857143,52.55357142857143,35.035714285714285,-6.75,EOD,569,ESU3,0.84
2023-07-20,2023,B,1,455,"(0.8, 1.75)",28.02857142857143,61.3125,35.035714285714285,-6.75,EOD,569,ESU3,0.84
2023-07-20,2023,B,1,455,"(0.8, 2.0)",28.02857142857143,70.07142857142857,35.035714285714285,-6.75,EOD,569,ESU3,0.84
2023-07-20,2023,B,1,455,"(1.0, 1.5)",35.035714285714285,52.55357142857143,35.035714285714285,-6.75,EOD,569,ESU3,0.84
2023-07-20,2023,B,1,455,"(1.0, 1.75)",35.035714285714285,61.3125,35.035714285714285,-6.75,EOD,569,ESU3,0.84
2023-07-20,2023,B,1,455,"(1.0, 2.0)",35.035714285714285,70.07142857142857,35.035714285714285,-6.75,EOD,569,ESU3,0.84
2023-07-20,2023,B,1,455,"(1.2, 1.5)",42.04285714285714,52.55357142857143,35.035714285714285,-6.75,EOD,569,ESU3,0.84
2023-07-20,2023,B,1,455,"(1.2, 1.75)",42.04285714285714,61.3125,35.035714285714285,-6.75,EOD,569,ESU3,0.84
2023-07-20,2023,B,1,455,"(1.2, 2.0)",42.04285714285714,70.07142857142857,35.035714285714285,-6.75,EOD,569,ESU3,0.84
2023-07-20,2023,B,1,455,"(0.179, 0.247)",6.271392857142857,8.653821428571428,35.035714285714285,-6.271392857142928,SL,520,ESU3,0.84
2023-08-04,2023,B,-1,360,"(0.8, 1.5)",30.942857142857147,58.017857142857146,38.67857142857143,-0.25,EOD,569,ESU3,0.84
2023-08-04,2023,B,-1,360,"(0.8, 1.75)",30.942857142857147,67.6875,38.67857142857143,-0.25,EOD,569,ESU3,0.84
2023-08-04,2023,B,-1,360,"(0.8, 2.0)",30.942857142857147,77.35714285714286,38.67857142857143,-0.25,EOD,569,ESU3,0.84
2023-08-04,2023,B,-1,360,"(1.0, 1.5)",38.67857142857143,58.017857142857146,38.67857142857143,-0.25,EOD,569,ESU3,0.84
2023-08-04,2023,B,-1,360,"(1.0, 1.75)",38.67857142857143,67.6875,38.67857142857143,-0.25,EOD,569,ESU3,0.84
2023-08-04,2023,B,-1,360,"(1.0, 2.0)",38.67857142857143,77.35714285714286,38.67857142857143,-0.25,EOD,569,ESU3,0.84
2023-08-04,2023,B,-1,360,"(1.2, 1.5)",46.41428571428572,58.017857142857146,38.67857142857143,-0.25,EOD,569,ESU3,0.84
2023-08-04,2023,B,-1,360,"(1.2, 1.75)",46.41428571428572,67.6875,38.67857142857143,-0.25,EOD,569,ESU3,0.84
2023-08-04,2023,B,-1,360,"(1.2, 2.0)",46.41428571428572,77.35714285714286,38.67857142857143,-0.25,EOD,569,ESU3,0.84
2023-08-04,2023,B,-1,360,"(0.179, 0.247)",6.923464285714286,9.553607142857143,38.67857142857143,9.55360714285689,TP,426,ESU3,0.84
2023-08-09,2023,B,-1,560,"(0.8, 1.5)",34.57142857142858,64.82142857142857,43.214285714285715,1.75,EOD,569,ESU3,0.84
2023-08-09,2023,B,-1,560,"(0.8, 1.75)",34.57142857142858,75.625,43.214285714285715,1.75,EOD,569,ESU3,0.84
2023-08-09,2023,B,-1,560,"(0.8, 2.0)",34.57142857142858,86.42857142857143,43.214285714285715,1.75,EOD,569,ESU3,0.84
2023-08-09,2023,B,-1,560,"(1.0, 1.5)",43.214285714285715,64.82142857142857,43.214285714285715,1.75,EOD,569,ESU3,0.84
2023-08-09,2023,B,-1,560,"(1.0, 1.75)",43.214285714285715,75.625,43.214285714285715,1.75,EOD,569,ESU3,0.84
2023-08-09,2023,B,-1,560,"(1.0, 2.0)",43.214285714285715,86.42857142857143,43.214285714285715,1.75,EOD,569,ESU3,0.84
2023-08-09,2023,B,-1,560,"(1.2, 1.5)",51.857142857142854,64.82142857142857,43.214285714285715,1.75,EOD,569,ESU3,0.84
2023-08-09,2023,B,-1,560,"(1.2, 1.75)",51.857142857142854,75.625,43.214285714285715,1.75,EOD,569,ESU3,0.84
2023-08-09,2023,B,-1,560,"(1.2, 2.0)",51.857142857142854,86.42857142857143,43.214285714285715,1.75,EOD,569,ESU3,0.84
2023-08-09,2023,B,-1,560,"(0.179, 0.247)",7.735357142857143,10.673928571428572,43.214285714285715,1.75,EOD,569,ESU3,0.84
2023-08-10,2023,B,-1,515,"(0.8, 1.5)",34.82857142857143,65.30357142857143,43.535714285714285,-0.5,EOD,569,ESU3,0.84
2023-08-10,2023,B,-1,515,"(0.8, 1.75)",34.82857142857143,76.1875,43.535714285714285,-0.5,EOD,569,ESU3,0.84
2023-08-10,2023,B,-1,515,"(0.8, 2.0)",34.82857142857143,87.07142857142857,43.535714285714285,-0.5,EOD,569,ESU3,0.84
2023-08-10,2023,B,-1,515,"(1.0, 1.5)",43.535714285714285,65.30357142857143,43.535714285714285,-0.5,EOD,569,ESU3,0.84
2023-08-10,2023,B,-1,515,"(1.0, 1.75)",43.535714285714285,76.1875,43.535714285714285,-0.5,EOD,569,ESU3,0.84
2023-08-10,2023,B,-1,515,"(1.0, 2.0)",43.535714285714285,87.07142857142857,43.535714285714285,-0.5,EOD,569,ESU3,0.84
2023-08-10,2023,B,-1,515,"(1.2, 1.5)",52.24285714285714,65.30357142857143,43.535714285714285,-0.5,EOD,569,ESU3,0.84
2023-08-10,2023,B,-1,515,"(1.2, 1.75)",52.24285714285714,76.1875,43.535714285714285,-0.5,EOD,569,ESU3,0.84
2023-08-10,2023,B,-1,515,"(1.2, 2.0)",52.24285714285714,87.07142857142857,43.535714285714285,-0.5,EOD,569,ESU3,0.84
2023-08-10,2023,B,-1,515,"(0.179, 0.247)",7.792892857142856,10.753321428571429,43.535714285714285,-7.7928928571427605,SL,516,ESU3,0.84
2023-08-11,2023,B,1,520,"(0.8, 1.5)",37.74285714285715,70.76785714285714,47.17857142857143,-8.25,EOD,569,ESU3,0.84
2023-08-11,2023,B,1,520,"(0.8, 1.75)",37.74285714285715,82.5625,47.17857142857143,-8.25,EOD,569,ESU3,0.84
2023-08-11,2023,B,1,520,"(0.8, 2.0)",37.74285714285715,94.35714285714286,47.17857142857143,-8.25,EOD,569,ESU3,0.84
2023-08-11,2023,B,1,520,"(1.0, 1.5)",47.17857142857143,70.76785714285714,47.17857142857143,-8.25,EOD,569,ESU3,0.84
2023-08-11,2023,B,1,520,"(1.0, 1.75)",47.17857142857143,82.5625,47.17857142857143,-8.25,EOD,569,ESU3,0.84
2023-08-11,2023,B,1,520,"(1.0, 2.0)",47.17857142857143,94.35714285714286,47.17857142857143,-8.25,EOD,569,ESU3,0.84
2023-08-11,2023,B,1,520,"(1.2, 1.5)",56.614285714285714,70.76785714285714,47.17857142857143,-8.25,EOD,569,ESU3,0.84
2023-08-11,2023,B,1,520,"(1.2, 1.75)",56.614285714285714,82.5625,47.17857142857143,-8.25,EOD,569,ESU3,0.84
2023-08-11,2023,B,1,520,"(1.2, 2.0)",56.614285714285714,94.35714285714286,47.17857142857143,-8.25,EOD,569,ESU3,0.84
2023-08-11,2023,B,1,520,"(0.179, 0.247)",8.444964285714287,11.653107142857143,47.17857142857143,-8.444964285714377,SL,568,ESU3,0.84
2023-08-21,2023,B,-1,545,"(0.8, 1.5)",39.61428571428572,74.27678571428572,49.517857142857146,0.5,EOD,569,ESU3,0.84
2023-08-21,2023,B,-1,545,"(0.8, 1.75)",39.61428571428572,86.65625,49.517857142857146,0.5,EOD,569,ESU3,0.84
2023-08-21,2023,B,-1,545,"(0.8, 2.0)",39.61428571428572,99.03571428571429,49.517857142857146,0.5,EOD,569,ESU3,0.84
2023-08-21,2023,B,-1,545,"(1.0, 1.5)",49.517857142857146,74.27678571428572,49.517857142857146,0.5,EOD,569,ESU3,0.84
2023-08-21,2023,B,-1,545,"(1.0, 1.75)",49.517857142857146,86.65625,49.517857142857146,0.5,EOD,569,ESU3,0.84
2023-08-21,2023,B,-1,545,"(1.0, 2.0)",49.517857142857146,99.03571428571429,49.517857142857146,0.5,EOD,569,ESU3,0.84
2023-08-21,2023,B,-1,545,"(1.2, 1.5)",59.42142857142857,74.27678571428572,49.517857142857146,0.5,EOD,569,ESU3,0.84
2023-08-21,2023,B,-1,545,"(1.2, 1.75)",59.42142857142857,86.65625,49.517857142857146,0.5,EOD,569,ESU3,0.84
2023-08-21,2023,B,-1,545,"(1.2, 2.0)",59.42142857142857,99.03571428571429,49.517857142857146,0.5,EOD,569,ESU3,0.84
2023-08-21,2023,B,-1,545,"(0.179, 0.247)",8.863696428571428,12.230910714285715,49.517857142857146,0.5,EOD,569,ESU3,0.84
2023-08-30,2023,B,-1,500,"(0.8, 1.5)",42.72857142857143,80.11607142857143,53.410714285714285,-0.5,EOD,569,ESU3,0.84
2023-08-30,2023,B,-1,500,"(0.8, 1.75)",42.72857142857143,93.46875,53.410714285714285,-0.5,EOD,569,ESU3,0.84
2023-08-30,2023,B,-1,500,"(0.8, 2.0)",42.72857142857143,106.82142857142857,53.410714285714285,-0.5,EOD,569,ESU3,0.84
2023-08-30,2023,B,-1,500,"(1.0, 1.5)",53.410714285714285,80.11607142857143,53.410714285714285,-0.5,EOD,569,ESU3,0.84
2023-08-30,2023,B,-1,500,"(1.0, 1.75)",53.410714285714285,93.46875,53.410714285714285,-0.5,EOD,569,ESU3,0.84
2023-08-30,2023,B,-1,500,"(1.0, 2.0)",53.410714285714285,106.82142857142857,53.410714285714285,-0.5,EOD,569,ESU3,0.84
2023-08-30,2023,B,-1,500,"(1.2, 1.5)",64.09285714285714,80.11607142857143,53.410714285714285,-0.5,EOD,569,ESU3,0.84
2023-08-30,2023,B,-1,500,"(1.2, 1.75)",64.09285714285714,93.46875,53.410714285714285,-0.5,EOD,569,ESU3,0.84
2023-08-30,2023,B,-1,500,"(1.2, 2.0)",64.09285714285714,106.82142857142857,53.410714285714285,-0.5,EOD,569,ESU3,0.84
2023-08-30,2023,B,-1,500,"(0.179, 0.247)",9.560517857142857,13.192446428571428,53.410714285714285,-0.5,EOD,569,ESU3,0.84
2023-08-31,2023,B,-1,305,"(0.8, 1.5)",40.35714285714286,75.66964285714286,50.44642857142857,-0.5,EOD,569,ESU3,0.84
2023-08-31,2023,B,-1,305,"(0.8, 1.75)",40.35714285714286,88.28125,50.44642857142857,-0.5,EOD,569,ESU3,0.84
2023-08-31,2023,B,-1,305,"(0.8, 2.0)",40.35714285714286,100.89285714285714,50.44642857142857,-0.5,EOD,569,ESU3,0.84
2023-08-31,2023,B,-1,305,"(1.0, 1.5)",50.44642857142857,75.66964285714286,50.44642857142857,-0.5,EOD,569,ESU3,0.84
2023-08-31,2023,B,-1,305,"(1.0, 1.75)",50.44642857142857,88.28125,50.44642857142857,-0.5,EOD,569,ESU3,0.84
2023-08-31,2023,B,-1,305,"(1.0, 2.0)",50.44642857142857,100.89285714285714,50.44642857142857,-0.5,EOD,569,ESU3,0.84
2023-08-31,2023,B,-1,305,"(1.2, 1.5)",60.53571428571428,75.66964285714286,50.44642857142857,-0.5,EOD,569,ESU3,0.84
2023-08-31,2023,B,-1,305,"(1.2, 1.75)",60.53571428571428,88.28125,50.44642857142857,-0.5,EOD,569,ESU3,0.84
2023-08-31,2023,B,-1,305,"(1.2, 2.0)",60.53571428571428,100.89285714285714,50.44642857142857,-0.5,EOD,569,ESU3,0.84
2023-08-31,2023,B,-1,305,"(0.179, 0.247)",9.029910714285714,12.460267857142856,50.44642857142857,-9.029910714285506,SL,463,ESU3,0.84
2023-09-01,2023,B,-1,525,"(0.8, 1.5)",39.957142857142856,74.91964285714286,49.94642857142857,-3.75,EOD,569,ESU3,0.84
2023-09-01,2023,B,-1,525,"(0.8, 1.75)",39.957142857142856,87.40625,49.94642857142857,-3.75,EOD,569,ESU3,0.84
2023-09-01,2023,B,-1,525,"(0.8, 2.0)",39.957142857142856,99.89285714285714,49.94642857142857,-3.75,EOD,569,ESU3,0.84
2023-09-01,2023,B,-1,525,"(1.0, 1.5)",49.94642857142857,74.91964285714286,49.94642857142857,-3.75,EOD,569,ESU3,0.84
2023-09-01,2023,B,-1,525,"(1.0, 1.75)",49.94642857142857,87.40625,49.94642857142857,-3.75,EOD,569,ESU3,0.84
2023-09-01,2023,B,-1,525,"(1.0, 2.0)",49.94642857142857,99.89285714285714,49.94642857142857,-3.75,EOD,569,ESU3,0.84
2023-09-01,2023,B,-1,525,"(1.2, 1.5)",59.93571428571428,74.91964285714286,49.94642857142857,-3.75,EOD,569,ESU3,0.84
2023-09-01,2023,B,-1,525,"(1.2, 1.75)",59.93571428571428,87.40625,49.94642857142857,-3.75,EOD,569,ESU3,0.84
2023-09-01,2023,B,-1,525,"(1.2, 2.0)",59.93571428571428,99.89285714285714,49.94642857142857,-3.75,EOD,569,ESU3,0.84
2023-09-01,2023,B,-1,525,"(0.179, 0.247)",8.940410714285713,12.336767857142856,49.94642857142857,-3.75,EOD,569,ESU3,0.84
2023-09-13,2023,B,1,520,"(0.8, 1.5)",32.31428571428572,60.58928571428572,40.392857142857146,6.25,EOD,569,ESZ3,0.84
2023-09-13,2023,B,1,520,"(0.8, 1.75)",32.31428571428572,70.6875,40.392857142857146,6.25,EOD,569,ESZ3,0.84
2023-09-13,2023,B,1,520,"(0.8, 2.0)",32.31428571428572,80.78571428571429,40.392857142857146,6.25,EOD,569,ESZ3,0.84
2023-09-13,2023,B,1,520,"(1.0, 1.5)",40.392857142857146,60.58928571428572,40.392857142857146,6.25,EOD,569,ESZ3,0.84
2023-09-13,2023,B,1,520,"(1.0, 1.75)",40.392857142857146,70.6875,40.392857142857146,6.25,EOD,569,ESZ3,0.84
2023-09-13,2023,B,1,520,"(1.0, 2.0)",40.392857142857146,80.78571428571429,40.392857142857146,6.25,EOD,569,ESZ3,0.84
2023-09-13,2023,B,1,520,"(1.2, 1.5)",48.471428571428575,60.58928571428572,40.392857142857146,6.25,EOD,569,ESZ3,0.84
2023-09-13,2023,B,1,520,"(1.2, 1.75)",48.471428571428575,70.6875,40.392857142857146,6.25,EOD,569,ESZ3,0.84
2023-09-13,2023,B,1,520,"(1.2, 2.0)",48.471428571428575,80.78571428571429,40.392857142857146,6.25,EOD,569,ESZ3,0.84
2023-09-13,2023,B,1,520,"(0.179, 0.247)",7.230321428571429,9.977035714285716,40.392857142857146,9.977035714286103,TP,537,ESZ3,0.84
2023-09-19,2023,B,1,565,"(0.8, 1.5)",26.8,50.25,33.5,0.25,EOD,569,ESZ3,0.84
2023-09-19,2023,B,1,565,"(0.8, 1.75)",26.8,58.625,33.5,0.25,EOD,569,ESZ3,0.84
2023-09-19,2023,B,1,565,"(0.8, 2.0)",26.8,67.0,33.5,0.25,EOD,569,ESZ3,0.84
2023-09-19,2023,B,1,565,"(1.0, 1.5)",33.5,50.25,33.5,0.25,EOD,569,ESZ3,0.84
2023-09-19,2023,B,1,565,"(1.0, 1.75)",33.5,58.625,33.5,0.25,EOD,569,ESZ3,0.84
2023-09-19,2023,B,1,565,"(1.0, 2.0)",33.5,67.0,33.5,0.25,EOD,569,ESZ3,0.84
2023-09-19,2023,B,1,565,"(1.2, 1.5)",40.199999999999996,50.25,33.5,0.25,EOD,569,ESZ3,0.84
2023-09-19,2023,B,1,565,"(1.2, 1.75)",40.199999999999996,58.625,33.5,0.25,EOD,569,ESZ3,0.84
2023-09-19,2023,B,1,565,"(1.2, 2.0)",40.199999999999996,67.0,33.5,0.25,EOD,569,ESZ3,0.84
2023-09-19,2023,B,1,565,"(0.179, 0.247)",5.9965,8.2745,33.5,0.25,EOD,569,ESZ3,0.84
2023-09-29,2023,B,-1,300,"(0.8, 1.5)",37.785714285714285,70.84821428571428,47.232142857142854,-16.5,EOD,569,ESZ3,0.84
2023-09-29,2023,B,-1,300,"(0.8, 1.75)",37.785714285714285,82.65625,47.232142857142854,-16.5,EOD,569,ESZ3,0.84
2023-09-29,2023,B,-1,300,"(0.8, 2.0)",37.785714285714285,94.46428571428571,47.232142857142854,-16.5,EOD,569,ESZ3,0.84
2023-09-29,2023,B,-1,300,"(1.0, 1.5)",47.232142857142854,70.84821428571428,47.232142857142854,-16.5,EOD,569,ESZ3,0.84
2023-09-29,2023,B,-1,300,"(1.0, 1.75)",47.232142857142854,82.65625,47.232142857142854,-16.5,EOD,569,ESZ3,0.84
2023-09-29,2023,B,-1,300,"(1.0, 2.0)",47.232142857142854,94.46428571428571,47.232142857142854,-16.5,EOD,569,ESZ3,0.84
2023-09-29,2023,B,-1,300,"(1.2, 1.5)",56.67857142857142,70.84821428571428,47.232142857142854,-16.5,EOD,569,ESZ3,0.84
2023-09-29,2023,B,-1,300,"(1.2, 1.75)",56.67857142857142,82.65625,47.232142857142854,-16.5,EOD,569,ESZ3,0.84
2023-09-29,2023,B,-1,300,"(1.2, 2.0)",56.67857142857142,94.46428571428571,47.232142857142854,-16.5,EOD,569,ESZ3,0.84
2023-09-29,2023,B,-1,300,"(0.179, 0.247)",8.454553571428571,11.666339285714285,47.232142857142854,-8.454553571428733,SL,377,ESZ3,0.84
2023-10-02,2023,B,1,555,"(0.8, 1.5)",39.385714285714286,73.84821428571428,49.232142857142854,2.5,EOD,569,ESZ3,0.84
2023-10-02,2023,B,1,555,"(0.8, 1.75)",39.385714285714286,86.15625,49.232142857142854,2.5,EOD,569,ESZ3,0.84
2023-10-02,2023,B,1,555,"(0.8, 2.0)",39.385714285714286,98.46428571428571,49.232142857142854,2.5,EOD,569,ESZ3,0.84
2023-10-02,2023,B,1,555,"(1.0, 1.5)",49.232142857142854,73.84821428571428,49.232142857142854,2.5,EOD,569,ESZ3,0.84
2023-10-02,2023,B,1,555,"(1.0, 1.75)",49.232142857142854,86.15625,49.232142857142854,2.5,EOD,569,ESZ3,0.84
2023-10-02,2023,B,1,555,"(1.0, 2.0)",49.232142857142854,98.46428571428571,49.232142857142854,2.5,EOD,569,ESZ3,0.84
2023-10-02,2023,B,1,555,"(1.2, 1.5)",59.07857142857142,73.84821428571428,49.232142857142854,2.5,EOD,569,ESZ3,0.84
2023-10-02,2023,B,1,555,"(1.2, 1.75)",59.07857142857142,86.15625,49.232142857142854,2.5,EOD,569,ESZ3,0.84
2023-10-02,2023,B,1,555,"(1.2, 2.0)",59.07857142857142,98.46428571428571,49.232142857142854,2.5,EOD,569,ESZ3,0.84
2023-10-02,2023,B,1,555,"(0.179, 0.247)",8.81255357142857,12.160339285714285,49.232142857142854,2.5,EOD,569,ESZ3,0.84
2023-10-03,2023,B,1,525,"(0.8, 1.5)",39.92857142857143,74.86607142857143,49.910714285714285,5.0,EOD,569,ESZ3,0.84
2023-10-03,2023,B,1,525,"(0.8, 1.75)",39.92857142857143,87.34375,49.910714285714285,5.0,EOD,569,ESZ3,0.84
2023-10-03,2023,B,1,525,"(0.8, 2.0)",39.92857142857143,99.82142857142857,49.910714285714285,5.0,EOD,569,ESZ3,0.84
2023-10-03,2023,B,1,525,"(1.0, 1.5)",49.910714285714285,74.86607142857143,49.910714285714285,5.0,EOD,569,ESZ3,0.84
2023-10-03,2023,B,1,525,"(1.0, 1.75)",49.910714285714285,87.34375,49.910714285714285,5.0,EOD,569,ESZ3,0.84
2023-10-03,2023,B,1,525,"(1.0, 2.0)",49.910714285714285,99.82142857142857,49.910714285714285,5.0,EOD,569,ESZ3,0.84
2023-10-03,2023,B,1,525,"(1.2, 1.5)",59.89285714285714,74.86607142857143,49.910714285714285,5.0,EOD,569,ESZ3,0.84
2023-10-03,2023,B,1,525,"(1.2, 1.75)",59.89285714285714,87.34375,49.910714285714285,5.0,EOD,569,ESZ3,0.84
2023-10-03,2023,B,1,525,"(1.2, 2.0)",59.89285714285714,99.82142857142857,49.910714285714285,5.0,EOD,569,ESZ3,0.84
2023-10-03,2023,B,1,525,"(0.179, 0.247)",8.934017857142857,12.327946428571428,49.910714285714285,5.0,EOD,569,ESZ3,0.84
2023-10-31,2023,B,-1,395,"(0.8, 1.5)",47.5,89.0625,59.375,5.5,EOD,569,ESZ3,0.84
2023-10-31,2023,B,-1,395,"(0.8, 1.75)",47.5,103.90625,59.375,5.5,EOD,569,ESZ3,0.84
2023-10-31,2023,B,-1,395,"(0.8, 2.0)",47.5,118.75,59.375,5.5,EOD,569,ESZ3,0.84
2023-10-31,2023,B,-1,395,"(1.0, 1.5)",59.375,89.0625,59.375,5.5,EOD,569,ESZ3,0.84
2023-10-31,2023,B,-1,395,"(1.0, 1.75)",59.375,103.90625,59.375,5.5,EOD,569,ESZ3,0.84
2023-10-31,2023,B,-1,395,"(1.0, 2.0)",59.375,118.75,59.375,5.5,EOD,569,ESZ3,0.84
2023-10-31,2023,B,-1,395,"(1.2, 1.5)",71.25,89.0625,59.375,5.5,EOD,569,ESZ3,0.84
2023-10-31,2023,B,-1,395,"(1.2, 1.75)",71.25,103.90625,59.375,5.5,EOD,569,ESZ3,0.84
2023-10-31,2023,B,-1,395,"(1.2, 2.0)",71.25,118.75,59.375,5.5,EOD,569,ESZ3,0.84
2023-10-31,2023,B,-1,395,"(0.179, 0.247)",10.628124999999999,14.665625,59.375,5.5,EOD,569,ESZ3,0.84
2023-11-08,2023,B,-1,560,"(0.8, 1.5)",44.07142857142858,82.63392857142857,55.089285714285715,0.5,EOD,569,ESZ3,0.84
2023-11-08,2023,B,-1,560,"(0.8, 1.75)",44.07142857142858,96.40625,55.089285714285715,0.5,EOD,569,ESZ3,0.84
2023-11-08,2023,B,-1,560,"(0.8, 2.0)",44.07142857142858,110.17857142857143,55.089285714285715,0.5,EOD,569,ESZ3,0.84
2023-11-08,2023,B,-1,560,"(1.0, 1.5)",55.089285714285715,82.63392857142857,55.089285714285715,0.5,EOD,569,ESZ3,0.84
2023-11-08,2023,B,-1,560,"(1.0, 1.75)",55.089285714285715,96.40625,55.089285714285715,0.5,EOD,569,ESZ3,0.84
2023-11-08,2023,B,-1,560,"(1.0, 2.0)",55.089285714285715,110.17857142857143,55.089285714285715,0.5,EOD,569,ESZ3,0.84
2023-11-08,2023,B,-1,560,"(1.2, 1.5)",66.10714285714286,82.63392857142857,55.089285714285715,0.5,EOD,569,ESZ3,0.84
2023-11-08,2023,B,-1,560,"(1.2, 1.75)",66.10714285714286,96.40625,55.089285714285715,0.5,EOD,569,ESZ3,0.84
2023-11-08,2023,B,-1,560,"(1.2, 2.0)",66.10714285714286,110.17857142857143,55.089285714285715,0.5,EOD,569,ESZ3,0.84
2023-11-08,2023,B,-1,560,"(0.179, 0.247)",9.860982142857143,13.60705357142857,55.089285714285715,0.5,EOD,569,ESZ3,0.84
2023-11-09,2023,B,-1,485,"(0.8, 1.5)",41.84285714285715,78.45535714285714,52.30357142857143,-1.5,EOD,569,ESZ3,0.84
2023-11-09,2023,B,-1,485,"(0.8, 1.75)",41.84285714285715,91.53125,52.30357142857143,-1.5,EOD,569,ESZ3,0.84
2023-11-09,2023,B,-1,485,"(0.8, 2.0)",41.84285714285715,104.60714285714286,52.30357142857143,-1.5,EOD,569,ESZ3,0.84
2023-11-09,2023,B,-1,485,"(1.0, 1.5)",52.30357142857143,78.45535714285714,52.30357142857143,-1.5,EOD,569,ESZ3,0.84
2023-11-09,2023,B,-1,485,"(1.0, 1.75)",52.30357142857143,91.53125,52.30357142857143,-1.5,EOD,569,ESZ3,0.84
2023-11-09,2023,B,-1,485,"(1.0, 2.0)",52.30357142857143,104.60714285714286,52.30357142857143,-1.5,EOD,569,ESZ3,0.84
2023-11-09,2023,B,-1,485,"(1.2, 1.5)",62.76428571428571,78.45535714285714,52.30357142857143,-1.5,EOD,569,ESZ3,0.84
2023-11-09,2023,B,-1,485,"(1.2, 1.75)",62.76428571428571,91.53125,52.30357142857143,-1.5,EOD,569,ESZ3,0.84
2023-11-09,2023,B,-1,485,"(1.2, 2.0)",62.76428571428571,104.60714285714286,52.30357142857143,-1.5,EOD,569,ESZ3,0.84
2023-11-09,2023,B,-1,485,"(0.179, 0.247)",9.362339285714286,12.918982142857143,52.30357142857143,-1.5,EOD,569,ESZ3,0.84
2023-11-10,2023,B,1,400,"(0.8, 1.5)",41.65714285714286,78.10714285714286,52.07142857142857,26.0,EOD,569,ESZ3,0.84
2023-11-10,2023,B,1,400,"(0.8, 1.75)",41.65714285714286,91.125,52.07142857142857,26.0,EOD,569,ESZ3,0.84
2023-11-10,2023,B,1,400,"(0.8, 2.0)",41.65714285714286,104.14285714285714,52.07142857142857,26.0,EOD,569,ESZ3,0.84
2023-11-10,2023,B,1,400,"(1.0, 1.5)",52.07142857142857,78.10714285714286,52.07142857142857,26.0,EOD,569,ESZ3,0.84
2023-11-10,2023,B,1,400,"(1.0, 1.75)",52.07142857142857,91.125,52.07142857142857,26.0,EOD,569,ESZ3,0.84
2023-11-10,2023,B,1,400,"(1.0, 2.0)",52.07142857142857,104.14285714285714,52.07142857142857,26.0,EOD,569,ESZ3,0.84
2023-11-10,2023,B,1,400,"(1.2, 1.5)",62.48571428571428,78.10714285714286,52.07142857142857,26.0,EOD,569,ESZ3,0.84
2023-11-10,2023,B,1,400,"(1.2, 1.75)",62.48571428571428,91.125,52.07142857142857,26.0,EOD,569,ESZ3,0.84
2023-11-10,2023,B,1,400,"(1.2, 2.0)",62.48571428571428,104.14285714285714,52.07142857142857,26.0,EOD,569,ESZ3,0.84
2023-11-10,2023,B,1,400,"(0.179, 0.247)",9.320785714285714,12.861642857142856,52.07142857142857,12.861642857143124,TP,459,ESZ3,0.84
2023-11-15,2023,B,-1,545,"(0.8, 1.5)",42.85714285714286,80.35714285714286,53.57142857142857,-0.5,EOD,569,ESZ3,0.84
2023-11-15,2023,B,-1,545,"(0.8, 1.75)",42.85714285714286,93.75,53.57142857142857,-0.5,EOD,569,ESZ3,0.84
2023-11-15,2023,B,-1,545,"(0.8, 2.0)",42.85714285714286,107.14285714285714,53.57142857142857,-0.5,EOD,569,ESZ3,0.84
2023-11-15,2023,B,-1,545,"(1.0, 1.5)",53.57142857142857,80.35714285714286,53.57142857142857,-0.5,EOD,569,ESZ3,0.84
2023-11-15,2023,B,-1,545,"(1.0, 1.75)",53.57142857142857,93.75,53.57142857142857,-0.5,EOD,569,ESZ3,0.84
2023-11-15,2023,B,-1,545,"(1.0, 2.0)",53.57142857142857,107.14285714285714,53.57142857142857,-0.5,EOD,569,ESZ3,0.84
2023-11-15,2023,B,-1,545,"(1.2, 1.5)",64.28571428571428,80.35714285714286,53.57142857142857,-0.5,EOD,569,ESZ3,0.84
2023-11-15,2023,B,-1,545,"(1.2, 1.75)",64.28571428571428,93.75,53.57142857142857,-0.5,EOD,569,ESZ3,0.84
2023-11-15,2023,B,-1,545,"(1.2, 2.0)",64.28571428571428,107.14285714285714,53.57142857142857,-0.5,EOD,569,ESZ3,0.84
2023-11-15,2023,B,-1,545,"(0.179, 0.247)",9.589285714285714,13.232142857142856,53.57142857142857,-0.5,EOD,569,ESZ3,0.84
2023-11-16,2023,B,1,435,"(0.8, 1.5)",40.68571428571428,76.28571428571428,50.857142857142854,1.5,EOD,569,ESZ3,0.84
2023-11-16,2023,B,1,435,"(0.8, 1.75)",40.68571428571428,89.0,50.857142857142854,1.5,EOD,569,ESZ3,0.84
2023-11-16,2023,B,1,435,"(0.8, 2.0)",40.68571428571428,101.71428571428571,50.857142857142854,1.5,EOD,569,ESZ3,0.84
2023-11-16,2023,B,1,435,"(1.0, 1.5)",50.857142857142854,76.28571428571428,50.857142857142854,1.5,EOD,569,ESZ3,0.84
2023-11-16,2023,B,1,435,"(1.0, 1.75)",50.857142857142854,89.0,50.857142857142854,1.5,EOD,569,ESZ3,0.84
2023-11-16,2023,B,1,435,"(1.0, 2.0)",50.857142857142854,101.71428571428571,50.857142857142854,1.5,EOD,569,ESZ3,0.84
2023-11-16,2023,B,1,435,"(1.2, 1.5)",61.028571428571425,76.28571428571428,50.857142857142854,1.5,EOD,569,ESZ3,0.84
2023-11-16,2023,B,1,435,"(1.2, 1.75)",61.028571428571425,89.0,50.857142857142854,1.5,EOD,569,ESZ3,0.84
2023-11-16,2023,B,1,435,"(1.2, 2.0)",61.028571428571425,101.71428571428571,50.857142857142854,1.5,EOD,569,ESZ3,0.84
2023-11-16,2023,B,1,435,"(0.179, 0.247)",9.103428571428571,12.561714285714285,50.857142857142854,1.5,EOD,569,ESZ3,0.84
2023-12-06,2023,B,-1,500,"(0.8, 1.5)",22.85714285714286,42.85714285714286,28.571428571428573,-13.0,EOD,569,ESZ3,0.84
2023-12-06,2023,B,-1,500,"(0.8, 1.75)",22.85714285714286,50.0,28.571428571428573,-13.0,EOD,569,ESZ3,0.84
2023-12-06,2023,B,-1,500,"(0.8, 2.0)",22.85714285714286,57.142857142857146,28.571428571428573,-13.0,EOD,569,ESZ3,0.84
2023-12-06,2023,B,-1,500,"(1.0, 1.5)",28.571428571428573,42.85714285714286,28.571428571428573,-13.0,EOD,569,ESZ3,0.84
2023-12-06,2023,B,-1,500,"(1.0, 1.75)",28.571428571428573,50.0,28.571428571428573,-13.0,EOD,569,ESZ3,0.84
2023-12-06,2023,B,-1,500,"(1.0, 2.0)",28.571428571428573,57.142857142857146,28.571428571428573,-13.0,EOD,569,ESZ3,0.84
2023-12-06,2023,B,-1,500,"(1.2, 1.5)",34.285714285714285,42.85714285714286,28.571428571428573,-13.0,EOD,569,ESZ3,0.84
2023-12-06,2023,B,-1,500,"(1.2, 1.75)",34.285714285714285,50.0,28.571428571428573,-13.0,EOD,569,ESZ3,0.84
2023-12-06,2023,B,-1,500,"(1.2, 2.0)",34.285714285714285,57.142857142857146,28.571428571428573,-13.0,EOD,569,ESZ3,0.84
2023-12-06,2023,B,-1,500,"(0.179, 0.247)",5.114285714285715,7.057142857142858,28.571428571428573,-5.11428571428587,SL,510,ESZ3,0.84
2023-12-08,2023,B,1,515,"(0.8, 1.5)",25.1,47.0625,31.375,10.25,EOD,569,ESZ3,0.84
2023-12-08,2023,B,1,515,"(0.8, 1.75)",25.1,54.90625,31.375,10.25,EOD,569,ESZ3,0.84
2023-12-08,2023,B,1,515,"(0.8, 2.0)",25.1,62.75,31.375,10.25,EOD,569,ESZ3,0.84
2023-12-08,2023,B,1,515,"(1.0, 1.5)",31.375,47.0625,31.375,10.25,EOD,569,ESZ3,0.84
2023-12-08,2023,B,1,515,"(1.0, 1.75)",31.375,54.90625,31.375,10.25,EOD,569,ESZ3,0.84
2023-12-08,2023,B,1,515,"(1.0, 2.0)",31.375,62.75,31.375,10.25,EOD,569,ESZ3,0.84
2023-12-08,2023,B,1,515,"(1.2, 1.5)",37.65,47.0625,31.375,10.25,EOD,569,ESZ3,0.84
2023-12-08,2023,B,1,515,"(1.2, 1.75)",37.65,54.90625,31.375,10.25,EOD,569,ESZ3,0.84
2023-12-08,2023,B,1,515,"(1.2, 2.0)",37.65,62.75,31.375,10.25,EOD,569,ESZ3,0.84
2023-12-08,2023,B,1,515,"(0.179, 0.247)",5.616124999999999,7.749625,31.375,7.749625000000378,TP,516,ESZ3,0.84
2023-12-18,2023,B,-1,440,"(0.8, 1.5)",31.057142857142857,58.232142857142854,38.82142857142857,-3.75,EOD,569,ESH4,0.84
2023-12-18,2023,B,-1,440,"(0.8, 1.75)",31.057142857142857,67.9375,38.82142857142857,-3.75,EOD,569,ESH4,0.84
2023-12-18,2023,B,-1,440,"(0.8, 2.0)",31.057142857142857,77.64285714285714,38.82142857142857,-3.75,EOD,569,ESH4,0.84
2023-12-18,2023,B,-1,440,"(1.0, 1.5)",38.82142857142857,58.232142857142854,38.82142857142857,-3.75,EOD,569,ESH4,0.84
2023-12-18,2023,B,-1,440,"(1.0, 1.75)",38.82142857142857,67.9375,38.82142857142857,-3.75,EOD,569,ESH4,0.84
2023-12-18,2023,B,-1,440,"(1.0, 2.0)",38.82142857142857,77.64285714285714,38.82142857142857,-3.75,EOD,569,ESH4,0.84
2023-12-18,2023,B,-1,440,"(1.2, 1.5)",46.58571428571428,58.232142857142854,38.82142857142857,-3.75,EOD,569,ESH4,0.84
2023-12-18,2023,B,-1,440,"(1.2, 1.75)",46.58571428571428,67.9375,38.82142857142857,-3.75,EOD,569,ESH4,0.84
2023-12-18,2023,B,-1,440,"(1.2, 2.0)",46.58571428571428,77.64285714285714,38.82142857142857,-3.75,EOD,569,ESH4,0.84
2023-12-18,2023,B,-1,440,"(0.179, 0.247)",6.9490357142857135,9.588892857142856,38.82142857142857,-3.75,EOD,569,ESH4,0.84
2023-12-19,2023,B,-1,440,"(0.8, 1.5)",31.485714285714284,59.03571428571428,39.357142857142854,4.0,EOD,569,ESH4,0.84
2023-12-19,2023,B,-1,440,"(0.8, 1.75)",31.485714285714284,68.875,39.357142857142854,4.0,EOD,569,ESH4,0.84
2023-12-19,2023,B,-1,440,"(0.8, 2.0)",31.485714285714284,78.71428571428571,39.357142857142854,4.0,EOD,569,ESH4,0.84
2023-12-19,2023,B,-1,440,"(1.0, 1.5)",39.357142857142854,59.03571428571428,39.357142857142854,4.0,EOD,569,ESH4,0.84
2023-12-19,2023,B,-1,440,"(1.0, 1.75)",39.357142857142854,68.875,39.357142857142854,4.0,EOD,569,ESH4,0.84
2023-12-19,2023,B,-1,440,"(1.0, 2.0)",39.357142857142854,78.71428571428571,39.357142857142854,4.0,EOD,569,ESH4,0.84
2023-12-19,2023,B,-1,440,"(1.2, 1.5)",47.22857142857142,59.03571428571428,39.357142857142854,4.0,EOD,569,ESH4,0.84
2023-12-19,2023,B,-1,440,"(1.2, 1.75)",47.22857142857142,68.875,39.357142857142854,4.0,EOD,569,ESH4,0.84
2023-12-19,2023,B,-1,440,"(1.2, 2.0)",47.22857142857142,78.71428571428571,39.357142857142854,4.0,EOD,569,ESH4,0.84
2023-12-19,2023,B,-1,440,"(0.179, 0.247)",7.044928571428571,9.721214285714284,39.357142857142854,4.0,EOD,569,ESH4,0.84
2023-12-22,2023,B,-1,510,"(0.8, 1.5)",33.68571428571428,63.16071428571428,42.107142857142854,-8.5,EOD,569,ESH4,0.84
2023-12-22,2023,B,-1,510,"(0.8, 1.75)",33.68571428571428,73.6875,42.107142857142854,-8.5,EOD,569,ESH4,0.84
2023-12-22,2023,B,-1,510,"(0.8, 2.0)",33.68571428571428,84.21428571428571,42.107142857142854,-8.5,EOD,569,ESH4,0.84
2023-12-22,2023,B,-1,510,"(1.0, 1.5)",42.107142857142854,63.16071428571428,42.107142857142854,-8.5,EOD,569,ESH4,0.84
2023-12-22,2023,B,-1,510,"(1.0, 1.75)",42.107142857142854,73.6875,42.107142857142854,-8.5,EOD,569,ESH4,0.84
2023-12-22,2023,B,-1,510,"(1.0, 2.0)",42.107142857142854,84.21428571428571,42.107142857142854,-8.5,EOD,569,ESH4,0.84
2023-12-22,2023,B,-1,510,"(1.2, 1.5)",50.528571428571425,63.16071428571428,42.107142857142854,-8.5,EOD,569,ESH4,0.84
2023-12-22,2023,B,-1,510,"(1.2, 1.75)",50.528571428571425,73.6875,42.107142857142854,-8.5,EOD,569,ESH4,0.84
2023-12-22,2023,B,-1,510,"(1.2, 2.0)",50.528571428571425,84.21428571428571,42.107142857142854,-8.5,EOD,569,ESH4,0.84
2023-12-22,2023,B,-1,510,"(0.179, 0.247)",7.53717857142857,10.400464285714285,42.107142857142854,-7.53717857142874,SL,532,ESH4,0.84
2023-12-28,2023,B,-1,515,"(0.8, 1.5)",31.671428571428574,59.38392857142857,39.589285714285715,1.75,EOD,569,ESH4,0.84
2023-12-28,2023,B,-1,515,"(0.8, 1.75)",31.671428571428574,69.28125,39.589285714285715,1.75,EOD,569,ESH4,0.84
2023-12-28,2023,B,-1,515,"(0.8, 2.0)",31.671428571428574,79.17857142857143,39.589285714285715,1.75,EOD,569,ESH4,0.84
2023-12-28,2023,B,-1,515,"(1.0, 1.5)",39.589285714285715,59.38392857142857,39.589285714285715,1.75,EOD,569,ESH4,0.84
2023-12-28,2023,B,-1,515,"(1.0, 1.75)",39.589285714285715,69.28125,39.589285714285715,1.75,EOD,569,ESH4,0.84
2023-12-28,2023,B,-1,515,"(1.0, 2.0)",39.589285714285715,79.17857142857143,39.589285714285715,1.75,EOD,569,ESH4,0.84
2023-12-28,2023,B,-1,515,"(1.2, 1.5)",47.50714285714286,59.38392857142857,39.589285714285715,1.75,EOD,569,ESH4,0.84
2023-12-28,2023,B,-1,515,"(1.2, 1.75)",47.50714285714286,69.28125,39.589285714285715,1.75,EOD,569,ESH4,0.84
2023-12-28,2023,B,-1,515,"(1.2, 2.0)",47.50714285714286,79.17857142857143,39.589285714285715,1.75,EOD,569,ESH4,0.84
2023-12-28,2023,B,-1,515,"(0.179, 0.247)",7.086482142857143,9.77855357142857,39.589285714285715,1.75,EOD,569,ESH4,0.84
2024-01-02,2024,B,1,380,"(0.8, 1.5)",30.21428571428572,56.65178571428572,37.767857142857146,-14.75,EOD,569,ESH4,0.84
2024-01-02,2024,B,1,380,"(0.8, 1.75)",30.21428571428572,66.09375,37.767857142857146,-14.75,EOD,569,ESH4,0.84
2024-01-02,2024,B,1,380,"(0.8, 2.0)",30.21428571428572,75.53571428571429,37.767857142857146,-14.75,EOD,569,ESH4,0.84
2024-01-02,2024,B,1,380,"(1.0, 1.5)",37.767857142857146,56.65178571428572,37.767857142857146,-14.75,EOD,569,ESH4,0.84
2024-01-02,2024,B,1,380,"(1.0, 1.75)",37.767857142857146,66.09375,37.767857142857146,-14.75,EOD,569,ESH4,0.84
2024-01-02,2024,B,1,380,"(1.0, 2.0)",37.767857142857146,75.53571428571429,37.767857142857146,-14.75,EOD,569,ESH4,0.84
2024-01-02,2024,B,1,380,"(1.2, 1.5)",45.32142857142858,56.65178571428572,37.767857142857146,-14.75,EOD,569,ESH4,0.84
2024-01-02,2024,B,1,380,"(1.2, 1.75)",45.32142857142858,66.09375,37.767857142857146,-14.75,EOD,569,ESH4,0.84
2024-01-02,2024,B,1,380,"(1.2, 2.0)",45.32142857142858,75.53571428571429,37.767857142857146,-14.75,EOD,569,ESH4,0.84
2024-01-02,2024,B,1,380,"(0.179, 0.247)",6.760446428571429,9.328660714285714,37.767857142857146,-6.760446428571413,SL,392,ESH4,0.84
2024-01-11,2024,B,-1,505,"(0.8, 1.5)",33.55714285714286,62.919642857142854,41.94642857142857,1.0,EOD,569,ESH4,0.84
2024-01-11,2024,B,-1,505,"(0.8, 1.75)",33.55714285714286,73.40625,41.94642857142857,1.0,EOD,569,ESH4,0.84
2024-01-11,2024,B,-1,505,"(0.8, 2.0)",33.55714285714286,83.89285714285714,41.94642857142857,1.0,EOD,569,ESH4,0.84
2024-01-11,2024,B,-1,505,"(1.0, 1.5)",41.94642857142857,62.919642857142854,41.94642857142857,1.0,EOD,569,ESH4,0.84
2024-01-11,2024,B,-1,505,"(1.0, 1.75)",41.94642857142857,73.40625,41.94642857142857,1.0,EOD,569,ESH4,0.84
2024-01-11,2024,B,-1,505,"(1.0, 2.0)",41.94642857142857,83.89285714285714,41.94642857142857,1.0,EOD,569,ESH4,0.84
2024-01-11,2024,B,-1,505,"(1.2, 1.5)",50.33571428571428,62.919642857142854,41.94642857142857,1.0,EOD,569,ESH4,0.84
2024-01-11,2024,B,-1,505,"(1.2, 1.75)",50.33571428571428,73.40625,41.94642857142857,1.0,EOD,569,ESH4,0.84
2024-01-11,2024,B,-1,505,"(1.2, 2.0)",50.33571428571428,83.89285714285714,41.94642857142857,1.0,EOD,569,ESH4,0.84
2024-01-11,2024,B,-1,505,"(0.179, 0.247)",7.508410714285714,10.360767857142857,41.94642857142857,-7.508410714285674,SL,510,ESH4,0.84
2024-01-17,2024,B,1,435,"(0.8, 1.5)",30.142857142857146,56.517857142857146,37.67857142857143,-14.0,EOD,569,ESH4,0.84
2024-01-17,2024,B,1,435,"(0.8, 1.75)",30.142857142857146,65.9375,37.67857142857143,-14.0,EOD,569,ESH4,0.84
2024-01-17,2024,B,1,435,"(0.8, 2.0)",30.142857142857146,75.35714285714286,37.67857142857143,-14.0,EOD,569,ESH4,0.84
2024-01-17,2024,B,1,435,"(1.0, 1.5)",37.67857142857143,56.517857142857146,37.67857142857143,-14.0,EOD,569,ESH4,0.84
2024-01-17,2024,B,1,435,"(1.0, 1.75)",37.67857142857143,65.9375,37.67857142857143,-14.0,EOD,569,ESH4,0.84
2024-01-17,2024,B,1,435,"(1.0, 2.0)",37.67857142857143,75.35714285714286,37.67857142857143,-14.0,EOD,569,ESH4,0.84
2024-01-17,2024,B,1,435,"(1.2, 1.5)",45.214285714285715,56.517857142857146,37.67857142857143,-14.0,EOD,569,ESH4,0.84
2024-01-17,2024,B,1,435,"(1.2, 1.75)",45.214285714285715,65.9375,37.67857142857143,-14.0,EOD,569,ESH4,0.84
2024-01-17,2024,B,1,435,"(1.2, 2.0)",45.214285714285715,75.35714285714286,37.67857142857143,-14.0,EOD,569,ESH4,0.84
2024-01-17,2024,B,1,435,"(0.179, 0.247)",6.744464285714286,9.306607142857143,37.67857142857143,-6.744464285714457,SL,510,ESH4,0.84
2024-01-26,2024,B,-1,545,"(0.8, 1.5)",31.957142857142856,59.919642857142854,39.94642857142857,2.0,EOD,569,ESH4,0.84
2024-01-26,2024,B,-1,545,"(0.8, 1.75)",31.957142857142856,69.90625,39.94642857142857,2.0,EOD,569,ESH4,0.84
2024-01-26,2024,B,-1,545,"(0.8, 2.0)",31.957142857142856,79.89285714285714,39.94642857142857,2.0,EOD,569,ESH4,0.84
2024-01-26,2024,B,-1,545,"(1.0, 1.5)",39.94642857142857,59.919642857142854,39.94642857142857,2.0,EOD,569,ESH4,0.84
2024-01-26,2024,B,-1,545,"(1.0, 1.75)",39.94642857142857,69.90625,39.94642857142857,2.0,EOD,569,ESH4,0.84
2024-01-26,2024,B,-1,545,"(1.0, 2.0)",39.94642857142857,79.89285714285714,39.94642857142857,2.0,EOD,569,ESH4,0.84
2024-01-26,2024,B,-1,545,"(1.2, 1.5)",47.93571428571428,59.919642857142854,39.94642857142857,2.0,EOD,569,ESH4,0.84
2024-01-26,2024,B,-1,545,"(1.2, 1.75)",47.93571428571428,69.90625,39.94642857142857,2.0,EOD,569,ESH4,0.84
2024-01-26,2024,B,-1,545,"(1.2, 2.0)",47.93571428571428,79.89285714285714,39.94642857142857,2.0,EOD,569,ESH4,0.84
2024-01-26,2024,B,-1,545,"(0.179, 0.247)",7.150410714285714,9.866767857142857,39.94642857142857,2.0,EOD,569,ESH4,0.84
2024-02-02,2024,B,-1,545,"(0.8, 1.5)",31.585714285714285,59.22321428571428,39.482142857142854,-4.25,EOD,569,ESH4,0.84
2024-02-02,2024,B,-1,545,"(0.8, 1.75)",31.585714285714285,69.09375,39.482142857142854,-4.25,EOD,569,ESH4,0.84
2024-02-02,2024,B,-1,545,"(0.8, 2.0)",31.585714285714285,78.96428571428571,39.482142857142854,-4.25,EOD,569,ESH4,0.84
2024-02-02,2024,B,-1,545,"(1.0, 1.5)",39.482142857142854,59.22321428571428,39.482142857142854,-4.25,EOD,569,ESH4,0.84
2024-02-02,2024,B,-1,545,"(1.0, 1.75)",39.482142857142854,69.09375,39.482142857142854,-4.25,EOD,569,ESH4,0.84
2024-02-02,2024,B,-1,545,"(1.0, 2.0)",39.482142857142854,78.96428571428571,39.482142857142854,-4.25,EOD,569,ESH4,0.84
2024-02-02,2024,B,-1,545,"(1.2, 1.5)",47.378571428571426,59.22321428571428,39.482142857142854,-4.25,EOD,569,ESH4,0.84
2024-02-02,2024,B,-1,545,"(1.2, 1.75)",47.378571428571426,69.09375,39.482142857142854,-4.25,EOD,569,ESH4,0.84
2024-02-02,2024,B,-1,545,"(1.2, 2.0)",47.378571428571426,78.96428571428571,39.482142857142854,-4.25,EOD,569,ESH4,0.84
2024-02-02,2024,B,-1,545,"(0.179, 0.247)",7.067303571428571,9.752089285714284,39.482142857142854,-4.25,EOD,569,ESH4,0.84
2024-02-23,2024,B,-1,520,"(0.8, 1.5)",36.357142857142854,68.16964285714286,45.44642857142857,-7.25,EOD,569,ESH4,0.84
2024-02-23,2024,B,-1,520,"(0.8, 1.75)",36.357142857142854,79.53125,45.44642857142857,-7.25,EOD,569,ESH4,0.84
2024-02-23,2024,B,-1,520,"(0.8, 2.0)",36.357142857142854,90.89285714285714,45.44642857142857,-7.25,EOD,569,ESH4,0.84
2024-02-23,2024,B,-1,520,"(1.0, 1.5)",45.44642857142857,68.16964285714286,45.44642857142857,-7.25,EOD,569,ESH4,0.84
2024-02-23,2024,B,-1,520,"(1.0, 1.75)",45.44642857142857,79.53125,45.44642857142857,-7.25,EOD,569,ESH4,0.84
2024-02-23,2024,B,-1,520,"(1.0, 2.0)",45.44642857142857,90.89285714285714,45.44642857142857,-7.25,EOD,569,ESH4,0.84
2024-02-23,2024,B,-1,520,"(1.2, 1.5)",54.535714285714285,68.16964285714286,45.44642857142857,-7.25,EOD,569,ESH4,0.84
2024-02-23,2024,B,-1,520,"(1.2, 1.75)",54.535714285714285,79.53125,45.44642857142857,-7.25,EOD,569,ESH4,0.84
2024-02-23,2024,B,-1,520,"(1.2, 2.0)",54.535714285714285,90.89285714285714,45.44642857142857,-7.25,EOD,569,ESH4,0.84
2024-02-23,2024,B,-1,520,"(0.179, 0.247)",8.134910714285713,11.225267857142857,45.44642857142857,-8.13491071428598,SL,560,ESH4,0.84
2024-03-07,2024,B,-1,515,"(0.8, 1.5)",34.6,64.875,43.25,-9.5,EOD,569,ESH4,0.84
2024-03-07,2024,B,-1,515,"(0.8, 1.75)",34.6,75.6875,43.25,-9.5,EOD,569,ESH4,0.84
2024-03-07,2024,B,-1,515,"(0.8, 2.0)",34.6,86.5,43.25,-9.5,EOD,569,ESH4,0.84
2024-03-07,2024,B,-1,515,"(1.0, 1.5)",43.25,64.875,43.25,-9.5,EOD,569,ESH4,0.84
2024-03-07,2024,B,-1,515,"(1.0, 1.75)",43.25,75.6875,43.25,-9.5,EOD,569,ESH4,0.84
2024-03-07,2024,B,-1,515,"(1.0, 2.0)",43.25,86.5,43.25,-9.5,EOD,569,ESH4,0.84
2024-03-07,2024,B,-1,515,"(1.2, 1.5)",51.9,64.875,43.25,-9.5,EOD,569,ESH4,0.84
2024-03-07,2024,B,-1,515,"(1.2, 1.75)",51.9,75.6875,43.25,-9.5,EOD,569,ESH4,0.84
2024-03-07,2024,B,-1,515,"(1.2, 2.0)",51.9,86.5,43.25,-9.5,EOD,569,ESH4,0.84
2024-03-07,2024,B,-1,515,"(0.179, 0.247)",7.74175,10.68275,43.25,-7.741750000000138,SL,561,ESH4,0.84
2024-03-08,2024,B,-1,515,"(0.8, 1.5)",35.55714285714286,66.66964285714286,44.44642857142857,-0.75,EOD,569,ESH4,0.84
2024-03-08,2024,B,-1,515,"(0.8, 1.75)",35.55714285714286,77.78125,44.44642857142857,-0.75,EOD,569,ESH4,0.84
2024-03-08,2024,B,-1,515,"(0.8, 2.0)",35.55714285714286,88.89285714285714,44.44642857142857,-0.75,EOD,569,ESH4,0.84
2024-03-08,2024,B,-1,515,"(1.0, 1.5)",44.44642857142857,66.66964285714286,44.44642857142857,-0.75,EOD,569,ESH4,0.84
2024-03-08,2024,B,-1,515,"(1.0, 1.75)",44.44642857142857,77.78125,44.44642857142857,-0.75,EOD,569,ESH4,0.84
2024-03-08,2024,B,-1,515,"(1.0, 2.0)",44.44642857142857,88.89285714285714,44.44642857142857,-0.75,EOD,569,ESH4,0.84
2024-03-08,2024,B,-1,515,"(1.2, 1.5)",53.33571428571428,66.66964285714286,44.44642857142857,-0.75,EOD,569,ESH4,0.84
2024-03-08,2024,B,-1,515,"(1.2, 1.75)",53.33571428571428,77.78125,44.44642857142857,-0.75,EOD,569,ESH4,0.84
2024-03-08,2024,B,-1,515,"(1.2, 2.0)",53.33571428571428,88.89285714285714,44.44642857142857,-0.75,EOD,569,ESH4,0.84
2024-03-08,2024,B,-1,515,"(0.179, 0.247)",7.9559107142857135,10.978267857142857,44.44642857142857,-7.955910714285892,SL,522,ESH4,0.84
2024-03-11,2024,B,1,320,"(0.8, 1.5)",39.15714285714286,73.41964285714286,48.94642857142857,-8.0,EOD,569,ESH4,0.84
2024-03-11,2024,B,1,320,"(0.8, 1.75)",39.15714285714286,85.65625,48.94642857142857,-8.0,EOD,569,ESH4,0.84
2024-03-11,2024,B,1,320,"(0.8, 2.0)",39.15714285714286,97.89285714285714,48.94642857142857,-8.0,EOD,569,ESH4,0.84
2024-03-11,2024,B,1,320,"(1.0, 1.5)",48.94642857142857,73.41964285714286,48.94642857142857,-8.0,EOD,569,ESH4,0.84
2024-03-11,2024,B,1,320,"(1.0, 1.75)",48.94642857142857,85.65625,48.94642857142857,-8.0,EOD,569,ESH4,0.84
2024-03-11,2024,B,1,320,"(1.0, 2.0)",48.94642857142857,97.89285714285714,48.94642857142857,-8.0,EOD,569,ESH4,0.84
2024-03-11,2024,B,1,320,"(1.2, 1.5)",58.73571428571428,73.41964285714286,48.94642857142857,-8.0,EOD,569,ESH4,0.84
2024-03-11,2024,B,1,320,"(1.2, 1.75)",58.73571428571428,85.65625,48.94642857142857,-8.0,EOD,569,ESH4,0.84
2024-03-11,2024,B,1,320,"(1.2, 2.0)",58.73571428571428,97.89285714285714,48.94642857142857,-8.0,EOD,569,ESH4,0.84
2024-03-11,2024,B,1,320,"(0.179, 0.247)",8.761410714285713,12.089767857142856,48.94642857142857,-8.761410714285375,SL,470,ESH4,0.84
2024-03-14,2024,B,-1,530,"(0.8, 1.5)",34.75714285714286,65.16964285714286,43.44642857142857,4.5,EOD,569,ESM4,0.84
2024-03-14,2024,B,-1,530,"(0.8, 1.75)",34.75714285714286,76.03125,43.44642857142857,4.5,EOD,569,ESM4,0.84
2024-03-14,2024,B,-1,530,"(0.8, 2.0)",34.75714285714286,86.89285714285714,43.44642857142857,4.5,EOD,569,ESM4,0.84
2024-03-14,2024,B,-1,530,"(1.0, 1.5)",43.44642857142857,65.16964285714286,43.44642857142857,4.5,EOD,569,ESM4,0.84
2024-03-14,2024,B,-1,530,"(1.0, 1.75)",43.44642857142857,76.03125,43.44642857142857,4.5,EOD,569,ESM4,0.84
2024-03-14,2024,B,-1,530,"(1.0, 2.0)",43.44642857142857,86.89285714285714,43.44642857142857,4.5,EOD,569,ESM4,0.84
2024-03-14,2024,B,-1,530,"(1.2, 1.5)",52.13571428571428,65.16964285714286,43.44642857142857,4.5,EOD,569,ESM4,0.84
2024-03-14,2024,B,-1,530,"(1.2, 1.75)",52.13571428571428,76.03125,43.44642857142857,4.5,EOD,569,ESM4,0.84
2024-03-14,2024,B,-1,530,"(1.2, 2.0)",52.13571428571428,86.89285714285714,43.44642857142857,4.5,EOD,569,ESM4,0.84
2024-03-14,2024,B,-1,530,"(0.179, 0.247)",7.776910714285713,10.731267857142857,43.44642857142857,4.5,EOD,569,ESM4,0.84
2024-03-28,2024,B,-1,515,"(0.8, 1.5)",35.25714285714286,66.10714285714286,44.07142857142857,-3.5,EOD,569,ESM4,0.84
2024-03-28,2024,B,-1,515,"(0.8, 1.75)",35.25714285714286,77.125,44.07142857142857,-3.5,EOD,569,ESM4,0.84
2024-03-28,2024,B,-1,515,"(0.8, 2.0)",35.25714285714286,88.14285714285714,44.07142857142857,-3.5,EOD,569,ESM4,0.84
2024-03-28,2024,B,-1,515,"(1.0, 1.5)",44.07142857142857,66.10714285714286,44.07142857142857,-3.5,EOD,569,ESM4,0.84
2024-03-28,2024,B,-1,515,"(1.0, 1.75)",44.07142857142857,77.125,44.07142857142857,-3.5,EOD,569,ESM4,0.84
2024-03-28,2024,B,-1,515,"(1.0, 2.0)",44.07142857142857,88.14285714285714,44.07142857142857,-3.5,EOD,569,ESM4,0.84
2024-03-28,2024,B,-1,515,"(1.2, 1.5)",52.88571428571428,66.10714285714286,44.07142857142857,-3.5,EOD,569,ESM4,0.84
2024-03-28,2024,B,-1,515,"(1.2, 1.75)",52.88571428571428,77.125,44.07142857142857,-3.5,EOD,569,ESM4,0.84
2024-03-28,2024,B,-1,515,"(1.2, 2.0)",52.88571428571428,88.14285714285714,44.07142857142857,-3.5,EOD,569,ESM4,0.84
2024-03-28,2024,B,-1,515,"(0.179, 0.247)",7.888785714285714,10.885642857142857,44.07142857142857,-3.5,EOD,569,ESM4,0.84
2024-04-02,2024,B,1,410,"(0.8, 1.5)",32.18571428571428,60.34821428571428,40.232142857142854,-32.18571428571431,SL,559,ESM4,0.84
2024-04-02,2024,B,1,410,"(0.8, 1.75)",32.18571428571428,70.40625,40.232142857142854,-32.18571428571431,SL,559,ESM4,0.84
2024-04-02,2024,B,1,410,"(0.8, 2.0)",32.18571428571428,80.46428571428571,40.232142857142854,-32.18571428571431,SL,559,ESM4,0.84
2024-04-02,2024,B,1,410,"(1.0, 1.5)",40.232142857142854,60.34821428571428,40.232142857142854,-30.0,EOD,569,ESM4,0.84
2024-04-02,2024,B,1,410,"(1.0, 1.75)",40.232142857142854,70.40625,40.232142857142854,-30.0,EOD,569,ESM4,0.84
2024-04-02,2024,B,1,410,"(1.0, 2.0)",40.232142857142854,80.46428571428571,40.232142857142854,-30.0,EOD,569,ESM4,0.84
2024-04-02,2024,B,1,410,"(1.2, 1.5)",48.278571428571425,60.34821428571428,40.232142857142854,-30.0,EOD,569,ESM4,0.84
2024-04-02,2024,B,1,410,"(1.2, 1.75)",48.278571428571425,70.40625,40.232142857142854,-30.0,EOD,569,ESM4,0.84
2024-04-02,2024,B,1,410,"(1.2, 2.0)",48.278571428571425,80.46428571428571,40.232142857142854,-30.0,EOD,569,ESM4,0.84
2024-04-02,2024,B,1,410,"(0.179, 0.247)",7.201553571428571,9.937339285714286,40.232142857142854,-7.201553571428121,SL,468,ESM4,0.84
2024-04-10,2024,B,-1,510,"(0.8, 1.5)",35.800000000000004,67.125,44.75,67.125,TP,512,ESM4,0.84
2024-04-10,2024,B,-1,510,"(0.8, 1.75)",35.800000000000004,78.3125,44.75,78.3125,TP,516,ESM4,0.84
2024-04-10,2024,B,-1,510,"(0.8, 2.0)",35.800000000000004,89.5,44.75,89.5,TP,521,ESM4,0.84
2024-04-10,2024,B,-1,510,"(1.0, 1.5)",44.75,67.125,44.75,67.125,TP,512,ESM4,0.84
2024-04-10,2024,B,-1,510,"(1.0, 1.75)",44.75,78.3125,44.75,78.3125,TP,516,ESM4,0.84
2024-04-10,2024,B,-1,510,"(1.0, 2.0)",44.75,89.5,44.75,89.5,TP,521,ESM4,0.84
2024-04-10,2024,B,-1,510,"(1.2, 1.5)",53.699999999999996,67.125,44.75,67.125,TP,512,ESM4,0.84
2024-04-10,2024,B,-1,510,"(1.2, 1.75)",53.699999999999996,78.3125,44.75,78.3125,TP,516,ESM4,0.84
2024-04-10,2024,B,-1,510,"(1.2, 2.0)",53.699999999999996,89.5,44.75,89.5,TP,521,ESM4,0.84
2024-04-10,2024,B,-1,510,"(0.179, 0.247)",8.01025,11.05325,44.75,11.053249999999935,TP,510,ESM4,0.84
2024-04-16,2024,B,1,330,"(0.8, 1.5)",49.285714285714285,92.41071428571428,61.607142857142854,8.5,EOD,569,ESM4,0.84
2024-04-16,2024,B,1,330,"(0.8, 1.75)",49.285714285714285,107.8125,61.607142857142854,8.5,EOD,569,ESM4,0.84
2024-04-16,2024,B,1,330,"(0.8, 2.0)",49.285714285714285,123.21428571428571,61.607142857142854,8.5,EOD,569,ESM4,0.84
2024-04-16,2024,B,1,330,"(1.0, 1.5)",61.607142857142854,92.41071428571428,61.607142857142854,8.5,EOD,569,ESM4,0.84
2024-04-16,2024,B,1,330,"(1.0, 1.75)",61.607142857142854,107.8125,61.607142857142854,8.5,EOD,569,ESM4,0.84
2024-04-16,2024,B,1,330,"(1.0, 2.0)",61.607142857142854,123.21428571428571,61.607142857142854,8.5,EOD,569,ESM4,0.84
2024-04-16,2024,B,1,330,"(1.2, 1.5)",73.92857142857142,92.41071428571428,61.607142857142854,8.5,EOD,569,ESM4,0.84
2024-04-16,2024,B,1,330,"(1.2, 1.75)",73.92857142857142,107.8125,61.607142857142854,8.5,EOD,569,ESM4,0.84
2024-04-16,2024,B,1,330,"(1.2, 2.0)",73.92857142857142,123.21428571428571,61.607142857142854,8.5,EOD,569,ESM4,0.84
2024-04-16,2024,B,1,330,"(0.179, 0.247)",11.02767857142857,15.216964285714285,61.607142857142854,15.216964285714312,TP,454,ESM4,0.84
2024-04-24,2024,B,-1,425,"(0.8, 1.5)",58.214285714285715,109.15178571428571,72.76785714285714,-4.75,EOD,569,ESM4,0.84
2024-04-24,2024,B,-1,425,"(0.8, 1.75)",58.214285714285715,127.34375,72.76785714285714,-4.75,EOD,569,ESM4,0.84
2024-04-24,2024,B,-1,425,"(0.8, 2.0)",58.214285714285715,145.53571428571428,72.76785714285714,-4.75,EOD,569,ESM4,0.84
2024-04-24,2024,B,-1,425,"(1.0, 1.5)",72.76785714285714,109.15178571428571,72.76785714285714,-4.75,EOD,569,ESM4,0.84
2024-04-24,2024,B,-1,425,"(1.0, 1.75)",72.76785714285714,127.34375,72.76785714285714,-4.75,EOD,569,ESM4,0.84
2024-04-24,2024,B,-1,425,"(1.0, 2.0)",72.76785714285714,145.53571428571428,72.76785714285714,-4.75,EOD,569,ESM4,0.84
2024-04-24,2024,B,-1,425,"(1.2, 1.5)",87.32142857142857,109.15178571428571,72.76785714285714,-4.75,EOD,569,ESM4,0.84
2024-04-24,2024,B,-1,425,"(1.2, 1.75)",87.32142857142857,127.34375,72.76785714285714,-4.75,EOD,569,ESM4,0.84
2024-04-24,2024,B,-1,425,"(1.2, 2.0)",87.32142857142857,145.53571428571428,72.76785714285714,-4.75,EOD,569,ESM4,0.84
2024-04-24,2024,B,-1,425,"(0.179, 0.247)",13.025446428571428,17.973660714285714,72.76785714285714,-4.75,EOD,569,ESM4,0.84
2024-05-07,2024,B,-1,490,"(0.8, 1.5)",52.44285714285715,98.33035714285714,65.55357142857143,-9.25,EOD,569,ESM4,0.84
2024-05-07,2024,B,-1,490,"(0.8, 1.75)",52.44285714285715,114.71875,65.55357142857143,-9.25,EOD,569,ESM4,0.84
2024-05-07,2024,B,-1,490,"(0.8, 2.0)",52.44285714285715,131.10714285714286,65.55357142857143,-9.25,EOD,569,ESM4,0.84
2024-05-07,2024,B,-1,490,"(1.0, 1.5)",65.55357142857143,98.33035714285714,65.55357142857143,-9.25,EOD,569,ESM4,0.84
2024-05-07,2024,B,-1,490,"(1.0, 1.75)",65.55357142857143,114.71875,65.55357142857143,-9.25,EOD,569,ESM4,0.84
2024-05-07,2024,B,-1,490,"(1.0, 2.0)",65.55357142857143,131.10714285714286,65.55357142857143,-9.25,EOD,569,ESM4,0.84
2024-05-07,2024,B,-1,490,"(1.2, 1.5)",78.66428571428571,98.33035714285714,65.55357142857143,-9.25,EOD,569,ESM4,0.84
2024-05-07,2024,B,-1,490,"(1.2, 1.75)",78.66428571428571,114.71875,65.55357142857143,-9.25,EOD,569,ESM4,0.84
2024-05-07,2024,B,-1,490,"(1.2, 2.0)",78.66428571428571,131.10714285714286,65.55357142857143,-9.25,EOD,569,ESM4,0.84
2024-05-07,2024,B,-1,490,"(0.179, 0.247)",11.734089285714285,16.191732142857145,65.55357142857143,-9.25,EOD,569,ESM4,0.84
2024-05-08,2024,B,1,430,"(0.8, 1.5)",49.542857142857144,92.89285714285714,61.92857142857143,-14.5,EOD,569,ESM4,0.84
2024-05-08,2024,B,1,430,"(0.8, 1.75)",49.542857142857144,108.375,61.92857142857143,-14.5,EOD,569,ESM4,0.84
2024-05-08,2024,B,1,430,"(0.8, 2.0)",49.542857142857144,123.85714285714286,61.92857142857143,-14.5,EOD,569,ESM4,0.84
2024-05-08,2024,B,1,430,"(1.0, 1.5)",61.92857142857143,92.89285714285714,61.92857142857143,-14.5,EOD,569,ESM4,0.84
2024-05-08,2024,B,1,430,"(1.0, 1.75)",61.92857142857143,108.375,61.92857142857143,-14.5,EOD,569,ESM4,0.84
2024-05-08,2024,B,1,430,"(1.0, 2.0)",61.92857142857143,123.85714285714286,61.92857142857143,-14.5,EOD,569,ESM4,0.84
2024-05-08,2024,B,1,430,"(1.2, 1.5)",74.31428571428572,92.89285714285714,61.92857142857143,-14.5,EOD,569,ESM4,0.84
2024-05-08,2024,B,1,430,"(1.2, 1.75)",74.31428571428572,108.375,61.92857142857143,-14.5,EOD,569,ESM4,0.84
2024-05-08,2024,B,1,430,"(1.2, 2.0)",74.31428571428572,123.85714285714286,61.92857142857143,-14.5,EOD,569,ESM4,0.84
2024-05-08,2024,B,1,430,"(0.179, 0.247)",11.085214285714285,15.296357142857143,61.92857142857143,-11.085214285713846,SL,495,ESM4,0.84
2024-05-14,2024,B,1,515,"(0.8, 1.5)",41.642857142857146,78.08035714285714,52.05357142857143,11.5,EOD,569,ESM4,0.84
2024-05-14,2024,B,1,515,"(0.8, 1.75)",41.642857142857146,91.09375,52.05357142857143,11.5,EOD,569,ESM4,0.84
2024-05-14,2024,B,1,515,"(0.8, 2.0)",41.642857142857146,104.10714285714286,52.05357142857143,11.5,EOD,569,ESM4,0.84
2024-05-14,2024,B,1,515,"(1.0, 1.5)",52.05357142857143,78.08035714285714,52.05357142857143,11.5,EOD,569,ESM4,0.84
2024-05-14,2024,B,1,515,"(1.0, 1.75)",52.05357142857143,91.09375,52.05357142857143,11.5,EOD,569,ESM4,0.84
2024-05-14,2024,B,1,515,"(1.0, 2.0)",52.05357142857143,104.10714285714286,52.05357142857143,11.5,EOD,569,ESM4,0.84
2024-05-14,2024,B,1,515,"(1.2, 1.5)",62.464285714285715,78.08035714285714,52.05357142857143,11.5,EOD,569,ESM4,0.84
2024-05-14,2024,B,1,515,"(1.2, 1.75)",62.464285714285715,91.09375,52.05357142857143,11.5,EOD,569,ESM4,0.84
2024-05-14,2024,B,1,515,"(1.2, 2.0)",62.464285714285715,104.10714285714286,52.05357142857143,11.5,EOD,569,ESM4,0.84
2024-05-14,2024,B,1,515,"(0.179, 0.247)",9.317589285714286,12.857232142857143,52.05357142857143,12.857232142857356,TP,554,ESM4,0.84
2024-05-16,2024,B,-1,425,"(0.8, 1.5)",40.27142857142857,75.50892857142857,50.339285714285715,4.5,EOD,569,ESM4,0.84
2024-05-16,2024,B,-1,425,"(0.8, 1.75)",40.27142857142857,88.09375,50.339285714285715,4.5,EOD,569,ESM4,0.84
2024-05-16,2024,B,-1,425,"(0.8, 2.0)",40.27142857142857,100.67857142857143,50.339285714285715,4.5,EOD,569,ESM4,0.84
2024-05-16,2024,B,-1,425,"(1.0, 1.5)",50.339285714285715,75.50892857142857,50.339285714285715,4.5,EOD,569,ESM4,0.84
2024-05-16,2024,B,-1,425,"(1.0, 1.75)",50.339285714285715,88.09375,50.339285714285715,4.5,EOD,569,ESM4,0.84
2024-05-16,2024,B,-1,425,"(1.0, 2.0)",50.339285714285715,100.67857142857143,50.339285714285715,4.5,EOD,569,ESM4,0.84
2024-05-16,2024,B,-1,425,"(1.2, 1.5)",60.40714285714286,75.50892857142857,50.339285714285715,4.5,EOD,569,ESM4,0.84
2024-05-16,2024,B,-1,425,"(1.2, 1.75)",60.40714285714286,88.09375,50.339285714285715,4.5,EOD,569,ESM4,0.84
2024-05-16,2024,B,-1,425,"(1.2, 2.0)",60.40714285714286,100.67857142857143,50.339285714285715,4.5,EOD,569,ESM4,0.84
2024-05-16,2024,B,-1,425,"(0.179, 0.247)",9.010732142857142,12.433803571428571,50.339285714285715,4.5,EOD,569,ESM4,0.84
2024-05-21,2024,B,1,545,"(0.8, 1.5)",34.34285714285715,64.39285714285714,42.92857142857143,-1.5,EOD,569,ESM4,0.84
2024-05-21,2024,B,1,545,"(0.8, 1.75)",34.34285714285715,75.125,42.92857142857143,-1.5,EOD,569,ESM4,0.84
2024-05-21,2024,B,1,545,"(0.8, 2.0)",34.34285714285715,85.85714285714286,42.92857142857143,-1.5,EOD,569,ESM4,0.84
2024-05-21,2024,B,1,545,"(1.0, 1.5)",42.92857142857143,64.39285714285714,42.92857142857143,-1.5,EOD,569,ESM4,0.84
2024-05-21,2024,B,1,545,"(1.0, 1.75)",42.92857142857143,75.125,42.92857142857143,-1.5,EOD,569,ESM4,0.84
2024-05-21,2024,B,1,545,"(1.0, 2.0)",42.92857142857143,85.85714285714286,42.92857142857143,-1.5,EOD,569,ESM4,0.84
2024-05-21,2024,B,1,545,"(1.2, 1.5)",51.51428571428571,64.39285714285714,42.92857142857143,-1.5,EOD,569,ESM4,0.84
2024-05-21,2024,B,1,545,"(1.2, 1.75)",51.51428571428571,75.125,42.92857142857143,-1.5,EOD,569,ESM4,0.84
2024-05-21,2024,B,1,545,"(1.2, 2.0)",51.51428571428571,85.85714285714286,42.92857142857143,-1.5,EOD,569,ESM4,0.84
2024-05-21,2024,B,1,545,"(0.179, 0.247)",7.684214285714286,10.603357142857144,42.92857142857143,-1.5,EOD,569,ESM4,0.84
2024-05-31,2024,B,1,425,"(0.8, 1.5)",31.485714285714284,59.03571428571428,39.357142857142854,19.25,EOD,569,ESM4,0.84
2024-05-31,2024,B,1,425,"(0.8, 1.75)",31.485714285714284,68.875,39.357142857142854,19.25,EOD,569,ESM4,0.84
2024-05-31,2024,B,1,425,"(0.8, 2.0)",31.485714285714284,78.71428571428571,39.357142857142854,19.25,EOD,569,ESM4,0.84
2024-05-31,2024,B,1,425,"(1.0, 1.5)",39.357142857142854,59.03571428571428,39.357142857142854,19.25,EOD,569,ESM4,0.84
2024-05-31,2024,B,1,425,"(1.0, 1.75)",39.357142857142854,68.875,39.357142857142854,19.25,EOD,569,ESM4,0.84
2024-05-31,2024,B,1,425,"(1.0, 2.0)",39.357142857142854,78.71428571428571,39.357142857142854,19.25,EOD,569,ESM4,0.84
2024-05-31,2024,B,1,425,"(1.2, 1.5)",47.22857142857142,59.03571428571428,39.357142857142854,19.25,EOD,569,ESM4,0.84
2024-05-31,2024,B,1,425,"(1.2, 1.75)",47.22857142857142,68.875,39.357142857142854,19.25,EOD,569,ESM4,0.84
2024-05-31,2024,B,1,425,"(1.2, 2.0)",47.22857142857142,78.71428571428571,39.357142857142854,19.25,EOD,569,ESM4,0.84
2024-05-31,2024,B,1,425,"(0.179, 0.247)",7.044928571428571,9.721214285714284,39.357142857142854,9.721214285714268,TP,479,ESM4,0.84
2024-06-06,2024,B,-1,430,"(0.8, 1.5)",37.44285714285714,70.20535714285714,46.80357142857143,-2.25,EOD,569,ESM4,0.84
2024-06-06,2024,B,-1,430,"(0.8, 1.75)",37.44285714285714,81.90625,46.80357142857143,-2.25,EOD,569,ESM4,0.84
2024-06-06,2024,B,-1,430,"(0.8, 2.0)",37.44285714285714,93.60714285714286,46.80357142857143,-2.25,EOD,569,ESM4,0.84
2024-06-06,2024,B,-1,430,"(1.0, 1.5)",46.80357142857143,70.20535714285714,46.80357142857143,-2.25,EOD,569,ESM4,0.84
2024-06-06,2024,B,-1,430,"(1.0, 1.75)",46.80357142857143,81.90625,46.80357142857143,-2.25,EOD,569,ESM4,0.84
2024-06-06,2024,B,-1,430,"(1.0, 2.0)",46.80357142857143,93.60714285714286,46.80357142857143,-2.25,EOD,569,ESM4,0.84
2024-06-06,2024,B,-1,430,"(1.2, 1.5)",56.16428571428572,70.20535714285714,46.80357142857143,-2.25,EOD,569,ESM4,0.84
2024-06-06,2024,B,-1,430,"(1.2, 1.75)",56.16428571428572,81.90625,46.80357142857143,-2.25,EOD,569,ESM4,0.84
2024-06-06,2024,B,-1,430,"(1.2, 2.0)",56.16428571428572,93.60714285714286,46.80357142857143,-2.25,EOD,569,ESM4,0.84
2024-06-06,2024,B,-1,430,"(0.179, 0.247)",8.377839285714286,11.560482142857143,46.80357142857143,-2.25,EOD,569,ESM4,0.84
2024-06-10,2024,B,1,330,"(0.8, 1.5)",38.871428571428574,72.88392857142857,48.589285714285715,6.0,EOD,569,ESM4,0.84
2024-06-10,2024,B,1,330,"(0.8, 1.75)",38.871428571428574,85.03125,48.589285714285715,6.0,EOD,569,ESM4,0.84
2024-06-10,2024,B,1,330,"(0.8, 2.0)",38.871428571428574,97.17857142857143,48.589285714285715,6.0,EOD,569,ESM4,0.84
2024-06-10,2024,B,1,330,"(1.0, 1.5)",48.589285714285715,72.88392857142857,48.589285714285715,6.0,EOD,569,ESM4,0.84
2024-06-10,2024,B,1,330,"(1.0, 1.75)",48.589285714285715,85.03125,48.589285714285715,6.0,EOD,569,ESM4,0.84
2024-06-10,2024,B,1,330,"(1.0, 2.0)",48.589285714285715,97.17857142857143,48.589285714285715,6.0,EOD,569,ESM4,0.84
2024-06-10,2024,B,1,330,"(1.2, 1.5)",58.30714285714286,72.88392857142857,48.589285714285715,6.0,EOD,569,ESM4,0.84
2024-06-10,2024,B,1,330,"(1.2, 1.75)",58.30714285714286,85.03125,48.589285714285715,6.0,EOD,569,ESM4,0.84
2024-06-10,2024,B,1,330,"(1.2, 2.0)",58.30714285714286,97.17857142857143,48.589285714285715,6.0,EOD,569,ESM4,0.84
2024-06-10,2024,B,1,330,"(0.179, 0.247)",8.697482142857142,12.001553571428571,48.589285714285715,12.001553571428303,TP,454,ESM4,0.84
2024-06-14,2024,B,1,370,"(0.8, 1.5)",38.94285714285715,73.01785714285714,48.67857142857143,8.0,EOD,569,ESM4,0.84
2024-06-14,2024,B,1,370,"(0.8, 1.75)",38.94285714285715,85.1875,48.67857142857143,8.0,EOD,569,ESM4,0.84
2024-06-14,2024,B,1,370,"(0.8, 2.0)",38.94285714285715,97.35714285714286,48.67857142857143,8.0,EOD,569,ESM4,0.84
2024-06-14,2024,B,1,370,"(1.0, 1.5)",48.67857142857143,73.01785714285714,48.67857142857143,8.0,EOD,569,ESM4,0.84
2024-06-14,2024,B,1,370,"(1.0, 1.75)",48.67857142857143,85.1875,48.67857142857143,8.0,EOD,569,ESM4,0.84
2024-06-14,2024,B,1,370,"(1.0, 2.0)",48.67857142857143,97.35714285714286,48.67857142857143,8.0,EOD,569,ESM4,0.84
2024-06-14,2024,B,1,370,"(1.2, 1.5)",58.41428571428571,73.01785714285714,48.67857142857143,8.0,EOD,569,ESM4,0.84
2024-06-14,2024,B,1,370,"(1.2, 1.75)",58.41428571428571,85.1875,48.67857142857143,8.0,EOD,569,ESM4,0.84
2024-06-14,2024,B,1,370,"(1.2, 2.0)",58.41428571428571,97.35714285714286,48.67857142857143,8.0,EOD,569,ESM4,0.84
2024-06-14,2024,B,1,370,"(0.179, 0.247)",8.713464285714286,12.023607142857143,48.67857142857143,-8.713464285714508,SL,388,ESM4,0.84
2024-07-02,2024,B,1,475,"(0.8, 1.5)",31.5,59.0625,39.375,11.25,EOD,569,ESU4,0.84
2024-07-02,2024,B,1,475,"(0.8, 1.75)",31.5,68.90625,39.375,11.25,EOD,569,ESU4,0.84
2024-07-02,2024,B,1,475,"(0.8, 2.0)",31.5,78.75,39.375,11.25,EOD,569,ESU4,0.84
2024-07-02,2024,B,1,475,"(1.0, 1.5)",39.375,59.0625,39.375,11.25,EOD,569,ESU4,0.84
2024-07-02,2024,B,1,475,"(1.0, 1.75)",39.375,68.90625,39.375,11.25,EOD,569,ESU4,0.84
2024-07-02,2024,B,1,475,"(1.0, 2.0)",39.375,78.75,39.375,11.25,EOD,569,ESU4,0.84
2024-07-02,2024,B,1,475,"(1.2, 1.5)",47.25,59.0625,39.375,11.25,EOD,569,ESU4,0.84
2024-07-02,2024,B,1,475,"(1.2, 1.75)",47.25,68.90625,39.375,11.25,EOD,569,ESU4,0.84
2024-07-02,2024,B,1,475,"(1.2, 2.0)",47.25,78.75,39.375,11.25,EOD,569,ESU4,0.84
2024-07-02,2024,B,1,475,"(0.179, 0.247)",7.048125,9.725624999999999,39.375,9.725625000000036,TP,548,ESU4,0.84
2024-07-05,2024,B,1,515,"(0.8, 1.5)",29.171428571428574,54.69642857142857,36.464285714285715,-2.75,EOD,569,ESU4,0.84
2024-07-05,2024,B,1,515,"(0.8, 1.75)",29.171428571428574,63.8125,36.464285714285715,-2.75,EOD,569,ESU4,0.84
2024-07-05,2024,B,1,515,"(0.8, 2.0)",29.171428571428574,72.92857142857143,36.464285714285715,-2.75,EOD,569,ESU4,0.84
2024-07-05,2024,B,1,515,"(1.0, 1.5)",36.464285714285715,54.69642857142857,36.464285714285715,-2.75,EOD,569,ESU4,0.84
2024-07-05,2024,B,1,515,"(1.0, 1.75)",36.464285714285715,63.8125,36.464285714285715,-2.75,EOD,569,ESU4,0.84
2024-07-05,2024,B,1,515,"(1.0, 2.0)",36.464285714285715,72.92857142857143,36.464285714285715,-2.75,EOD,569,ESU4,0.84
2024-07-05,2024,B,1,515,"(1.2, 1.5)",43.75714285714286,54.69642857142857,36.464285714285715,-2.75,EOD,569,ESU4,0.84
2024-07-05,2024,B,1,515,"(1.2, 1.75)",43.75714285714286,63.8125,36.464285714285715,-2.75,EOD,569,ESU4,0.84
2024-07-05,2024,B,1,515,"(1.2, 2.0)",43.75714285714286,72.92857142857143,36.464285714285715,-2.75,EOD,569,ESU4,0.84
2024-07-05,2024,B,1,515,"(0.179, 0.247)",6.527107142857143,9.006678571428571,36.464285714285715,-6.5271071428569485,SL,543,ESU4,0.84
2024-07-08,2024,B,-1,525,"(0.8, 1.5)",27.414285714285718,51.40178571428572,34.267857142857146,-3.75,EOD,569,ESU4,0.84
2024-07-08,2024,B,-1,525,"(0.8, 1.75)",27.414285714285718,59.96875000000001,34.267857142857146,-3.75,EOD,569,ESU4,0.84
2024-07-08,2024,B,-1,525,"(0.8, 2.0)",27.414285714285718,68.53571428571429,34.267857142857146,-3.75,EOD,569,ESU4,0.84
2024-07-08,2024,B,-1,525,"(1.0, 1.5)",34.267857142857146,51.40178571428572,34.267857142857146,-3.75,EOD,569,ESU4,0.84
2024-07-08,2024,B,-1,525,"(1.0, 1.75)",34.267857142857146,59.96875000000001,34.267857142857146,-3.75,EOD,569,ESU4,0.84
2024-07-08,2024,B,-1,525,"(1.0, 2.0)",34.267857142857146,68.53571428571429,34.267857142857146,-3.75,EOD,569,ESU4,0.84
2024-07-08,2024,B,-1,525,"(1.2, 1.5)",41.121428571428574,51.40178571428572,34.267857142857146,-3.75,EOD,569,ESU4,0.84
2024-07-08,2024,B,-1,525,"(1.2, 1.75)",41.121428571428574,59.96875000000001,34.267857142857146,-3.75,EOD,569,ESU4,0.84
2024-07-08,2024,B,-1,525,"(1.2, 2.0)",41.121428571428574,68.53571428571429,34.267857142857146,-3.75,EOD,569,ESU4,0.84
2024-07-08,2024,B,-1,525,"(0.179, 0.247)",6.133946428571429,8.464160714285715,34.267857142857146,-3.75,EOD,569,ESU4,0.84
2024-07-10,2024,B,-1,505,"(0.8, 1.5)",28.285714285714285,53.03571428571428,35.357142857142854,1.75,EOD,569,ESU4,0.84
2024-07-10,2024,B,-1,505,"(0.8, 1.75)",28.285714285714285,61.87499999999999,35.357142857142854,1.75,EOD,569,ESU4,0.84
2024-07-10,2024,B,-1,505,"(0.8, 2.0)",28.285714285714285,70.71428571428571,35.357142857142854,1.75,EOD,569,ESU4,0.84
2024-07-10,2024,B,-1,505,"(1.0, 1.5)",35.357142857142854,53.03571428571428,35.357142857142854,1.75,EOD,569,ESU4,0.84
2024-07-10,2024,B,-1,505,"(1.0, 1.75)",35.357142857142854,61.87499999999999,35.357142857142854,1.75,EOD,569,ESU4,0.84
2024-07-10,2024,B,-1,505,"(1.0, 2.0)",35.357142857142854,70.71428571428571,35.357142857142854,1.75,EOD,569,ESU4,0.84
2024-07-10,2024,B,-1,505,"(1.2, 1.5)",42.42857142857142,53.03571428571428,35.357142857142854,1.75,EOD,569,ESU4,0.84
2024-07-10,2024,B,-1,505,"(1.2, 1.75)",42.42857142857142,61.87499999999999,35.357142857142854,1.75,EOD,569,ESU4,0.84
2024-07-10,2024,B,-1,505,"(1.2, 2.0)",42.42857142857142,70.71428571428571,35.357142857142854,1.75,EOD,569,ESU4,0.84
2024-07-10,2024,B,-1,505,"(0.179, 0.247)",6.328928571428571,8.733214285714284,35.357142857142854,1.75,EOD,569,ESU4,0.84
2024-07-12,2024,B,1,515,"(0.8, 1.5)",30.942857142857147,58.017857142857146,38.67857142857143,7.0,EOD,569,ESU4,0.84
2024-07-12,2024,B,1,515,"(0.8, 1.75)",30.942857142857147,67.6875,38.67857142857143,7.0,EOD,569,ESU4,0.84
2024-07-12,2024,B,1,515,"(0.8, 2.0)",30.942857142857147,77.35714285714286,38.67857142857143,7.0,EOD,569,ESU4,0.84
2024-07-12,2024,B,1,515,"(1.0, 1.5)",38.67857142857143,58.017857142857146,38.67857142857143,7.0,EOD,569,ESU4,0.84
2024-07-12,2024,B,1,515,"(1.0, 1.75)",38.67857142857143,67.6875,38.67857142857143,7.0,EOD,569,ESU4,0.84
2024-07-12,2024,B,1,515,"(1.0, 2.0)",38.67857142857143,77.35714285714286,38.67857142857143,7.0,EOD,569,ESU4,0.84
2024-07-12,2024,B,1,515,"(1.2, 1.5)",46.41428571428572,58.017857142857146,38.67857142857143,7.0,EOD,569,ESU4,0.84
2024-07-12,2024,B,1,515,"(1.2, 1.75)",46.41428571428572,67.6875,38.67857142857143,7.0,EOD,569,ESU4,0.84
2024-07-12,2024,B,1,515,"(1.2, 2.0)",46.41428571428572,77.35714285714286,38.67857142857143,7.0,EOD,569,ESU4,0.84
2024-07-12,2024,B,1,515,"(0.179, 0.247)",6.923464285714286,9.553607142857143,38.67857142857143,7.0,EOD,569,ESU4,0.84
2024-07-23,2024,B,-1,460,"(0.8, 1.5)",40.542857142857144,76.01785714285714,50.67857142857143,8.25,EOD,569,ESU4,0.84
2024-07-23,2024,B,-1,460,"(0.8, 1.75)",40.542857142857144,88.6875,50.67857142857143,8.25,EOD,569,ESU4,0.84
2024-07-23,2024,B,-1,460,"(0.8, 2.0)",40.542857142857144,101.35714285714286,50.67857142857143,8.25,EOD,569,ESU4,0.84
2024-07-23,2024,B,-1,460,"(1.0, 1.5)",50.67857142857143,76.01785714285714,50.67857142857143,8.25,EOD,569,ESU4,0.84
2024-07-23,2024,B,-1,460,"(1.0, 1.75)",50.67857142857143,88.6875,50.67857142857143,8.25,EOD,569,ESU4,0.84
2024-07-23,2024,B,-1,460,"(1.0, 2.0)",50.67857142857143,101.35714285714286,50.67857142857143,8.25,EOD,569,ESU4,0.84
2024-07-23,2024,B,-1,460,"(1.2, 1.5)",60.81428571428572,76.01785714285714,50.67857142857143,8.25,EOD,569,ESU4,0.84
2024-07-23,2024,B,-1,460,"(1.2, 1.75)",60.81428571428572,88.6875,50.67857142857143,8.25,EOD,569,ESU4,0.84
2024-07-23,2024,B,-1,460,"(1.2, 2.0)",60.81428571428572,101.35714285714286,50.67857142857143,8.25,EOD,569,ESU4,0.84
2024-07-23,2024,B,-1,460,"(0.179, 0.247)",9.071464285714285,12.517607142857143,50.67857142857143,12.517607142856832,TP,516,ESU4,0.84
2024-07-29,2024,B,-1,535,"(0.8, 1.5)",55.1,103.3125,68.875,11.5,EOD,569,ESU4,0.84
2024-07-29,2024,B,-1,535,"(0.8, 1.75)",55.1,120.53125,68.875,11.5,EOD,569,ESU4,0.84
2024-07-29,2024,B,-1,535,"(0.8, 2.0)",55.1,137.75,68.875,11.5,EOD,569,ESU4,0.84
2024-07-29,2024,B,-1,535,"(1.0, 1.5)",68.875,103.3125,68.875,11.5,EOD,569,ESU4,0.84
2024-07-29,2024,B,-1,535,"(1.0, 1.75)",68.875,120.53125,68.875,11.5,EOD,569,ESU4,0.84
2024-07-29,2024,B,-1,535,"(1.0, 2.0)",68.875,137.75,68.875,11.5,EOD,569,ESU4,0.84
2024-07-29,2024,B,-1,535,"(1.2, 1.5)",82.64999999999999,103.3125,68.875,11.5,EOD,569,ESU4,0.84
2024-07-29,2024,B,-1,535,"(1.2, 1.75)",82.64999999999999,120.53125,68.875,11.5,EOD,569,ESU4,0.84
2024-07-29,2024,B,-1,535,"(1.2, 2.0)",82.64999999999999,137.75,68.875,11.5,EOD,569,ESU4,0.84
2024-07-29,2024,B,-1,535,"(0.179, 0.247)",12.328624999999999,17.012125,68.875,11.5,EOD,569,ESU4,0.84
2024-08-01,2024,B,-1,520,"(0.8, 1.5)",61.2,114.75,76.5,9.5,EOD,569,ESU4,0.84
2024-08-01,2024,B,-1,520,"(0.8, 1.75)",61.2,133.875,76.5,9.5,EOD,569,ESU4,0.84
2024-08-01,2024,B,-1,520,"(0.8, 2.0)",61.2,153.0,76.5,9.5,EOD,569,ESU4,0.84
2024-08-01,2024,B,-1,520,"(1.0, 1.5)",76.5,114.75,76.5,9.5,EOD,569,ESU4,0.84
2024-08-01,2024,B,-1,520,"(1.0, 1.75)",76.5,133.875,76.5,9.5,EOD,569,ESU4,0.84
2024-08-01,2024,B,-1,520,"(1.0, 2.0)",76.5,153.0,76.5,9.5,EOD,569,ESU4,0.84
2024-08-01,2024,B,-1,520,"(1.2, 1.5)",91.8,114.75,76.5,9.5,EOD,569,ESU4,0.84
2024-08-01,2024,B,-1,520,"(1.2, 1.75)",91.8,133.875,76.5,9.5,EOD,569,ESU4,0.84
2024-08-01,2024,B,-1,520,"(1.2, 2.0)",91.8,153.0,76.5,9.5,EOD,569,ESU4,0.84
2024-08-01,2024,B,-1,520,"(0.179, 0.247)",13.6935,18.8955,76.5,9.5,EOD,569,ESU4,0.84
2024-08-12,2024,B,-1,440,"(0.8, 1.5)",90.97142857142858,170.57142857142856,113.71428571428571,4.0,EOD,569,ESU4,0.84
2024-08-12,2024,B,-1,440,"(0.8, 1.75)",90.97142857142858,199.0,113.71428571428571,4.0,EOD,569,ESU4,0.84
2024-08-12,2024,B,-1,440,"(0.8, 2.0)",90.97142857142858,227.42857142857142,113.71428571428571,4.0,EOD,569,ESU4,0.84
2024-08-12,2024,B,-1,440,"(1.0, 1.5)",113.71428571428571,170.57142857142856,113.71428571428571,4.0,EOD,569,ESU4,0.84
2024-08-12,2024,B,-1,440,"(1.0, 1.75)",113.71428571428571,199.0,113.71428571428571,4.0,EOD,569,ESU4,0.84
2024-08-12,2024,B,-1,440,"(1.0, 2.0)",113.71428571428571,227.42857142857142,113.71428571428571,4.0,EOD,569,ESU4,0.84
2024-08-12,2024,B,-1,440,"(1.2, 1.5)",136.45714285714286,170.57142857142856,113.71428571428571,4.0,EOD,569,ESU4,0.84
2024-08-12,2024,B,-1,440,"(1.2, 1.75)",136.45714285714286,199.0,113.71428571428571,4.0,EOD,569,ESU4,0.84
2024-08-12,2024,B,-1,440,"(1.2, 2.0)",136.45714285714286,227.42857142857142,113.71428571428571,4.0,EOD,569,ESU4,0.84
2024-08-12,2024,B,-1,440,"(0.179, 0.247)",20.354857142857142,28.08742857142857,113.71428571428571,4.0,EOD,569,ESU4,0.84
2024-08-14,2024,B,-1,370,"(0.8, 1.5)",89.05714285714286,166.98214285714286,111.32142857142857,-5.75,EOD,569,ESU4,0.84
2024-08-14,2024,B,-1,370,"(0.8, 1.75)",89.05714285714286,194.8125,111.32142857142857,-5.75,EOD,569,ESU4,0.84
2024-08-14,2024,B,-1,370,"(0.8, 2.0)",89.05714285714286,222.64285714285714,111.32142857142857,-5.75,EOD,569,ESU4,0.84
2024-08-14,2024,B,-1,370,"(1.0, 1.5)",111.32142857142857,166.98214285714286,111.32142857142857,-5.75,EOD,569,ESU4,0.84
2024-08-14,2024,B,-1,370,"(1.0, 1.75)",111.32142857142857,194.8125,111.32142857142857,-5.75,EOD,569,ESU4,0.84
2024-08-14,2024,B,-1,370,"(1.0, 2.0)",111.32142857142857,222.64285714285714,111.32142857142857,-5.75,EOD,569,ESU4,0.84
2024-08-14,2024,B,-1,370,"(1.2, 1.5)",133.5857142857143,166.98214285714286,111.32142857142857,-5.75,EOD,569,ESU4,0.84
2024-08-14,2024,B,-1,370,"(1.2, 1.75)",133.5857142857143,194.8125,111.32142857142857,-5.75,EOD,569,ESU4,0.84
2024-08-14,2024,B,-1,370,"(1.2, 2.0)",133.5857142857143,222.64285714285714,111.32142857142857,-5.75,EOD,569,ESU4,0.84
2024-08-14,2024,B,-1,370,"(0.179, 0.247)",19.926535714285713,27.496392857142855,111.32142857142857,-5.75,EOD,569,ESU4,0.84
2024-08-15,2024,B,-1,440,"(0.8, 1.5)",86.10000000000001,161.4375,107.625,-45.5,EOD,569,ESU4,0.84
2024-08-15,2024,B,-1,440,"(0.8, 1.75)",86.10000000000001,188.34375,107.625,-45.5,EOD,569,ESU4,0.84
2024-08-15,2024,B,-1,440,"(0.8, 2.0)",86.10000000000001,215.25,107.625,-45.5,EOD,569,ESU4,0.84
2024-08-15,2024,B,-1,440,"(1.0, 1.5)",107.625,161.4375,107.625,-45.5,EOD,569,ESU4,0.84
2024-08-15,2024,B,-1,440,"(1.0, 1.75)",107.625,188.34375,107.625,-45.5,EOD,569,ESU4,0.84
2024-08-15,2024,B,-1,440,"(1.0, 2.0)",107.625,215.25,107.625,-45.5,EOD,569,ESU4,0.84
2024-08-15,2024,B,-1,440,"(1.2, 1.5)",129.15,161.4375,107.625,-45.5,EOD,569,ESU4,0.84
2024-08-15,2024,B,-1,440,"(1.2, 1.75)",129.15,188.34375,107.625,-45.5,EOD,569,ESU4,0.84
2024-08-15,2024,B,-1,440,"(1.2, 2.0)",129.15,215.25,107.625,-45.5,EOD,569,ESU4,0.84
2024-08-15,2024,B,-1,440,"(0.179, 0.247)",19.264875,26.583375,107.625,-19.264874999999847,SL,510,ESU4,0.84
2024-08-19,2024,B,-1,555,"(0.8, 1.5)",86.32857142857144,161.86607142857144,107.91071428571429,3.0,EOD,569,ESU4,0.84
2024-08-19,2024,B,-1,555,"(0.8, 1.75)",86.32857142857144,188.84375,107.91071428571429,3.0,EOD,569,ESU4,0.84
2024-08-19,2024,B,-1,555,"(0.8, 2.0)",86.32857142857144,215.82142857142858,107.91071428571429,3.0,EOD,569,ESU4,0.84
2024-08-19,2024,B,-1,555,"(1.0, 1.5)",107.91071428571429,161.86607142857144,107.91071428571429,3.0,EOD,569,ESU4,0.84
2024-08-19,2024,B,-1,555,"(1.0, 1.75)",107.91071428571429,188.84375,107.91071428571429,3.0,EOD,569,ESU4,0.84
2024-08-19,2024,B,-1,555,"(1.0, 2.0)",107.91071428571429,215.82142857142858,107.91071428571429,3.0,EOD,569,ESU4,0.84
2024-08-19,2024,B,-1,555,"(1.2, 1.5)",129.49285714285713,161.86607142857144,107.91071428571429,3.0,EOD,569,ESU4,0.84
2024-08-19,2024,B,-1,555,"(1.2, 1.75)",129.49285714285713,188.84375,107.91071428571429,3.0,EOD,569,ESU4,0.84
2024-08-19,2024,B,-1,555,"(1.2, 2.0)",129.49285714285713,215.82142857142858,107.91071428571429,3.0,EOD,569,ESU4,0.84
2024-08-19,2024,B,-1,555,"(0.179, 0.247)",19.316017857142857,26.65394642857143,107.91071428571429,3.0,EOD,569,ESU4,0.84
2024-08-20,2024,B,-1,520,"(0.8, 1.5)",84.51428571428572,158.46428571428572,105.64285714285714,4.75,EOD,569,ESU4,0.84
2024-08-20,2024,B,-1,520,"(0.8, 1.75)",84.51428571428572,184.875,105.64285714285714,4.75,EOD,569,ESU4,0.84
2024-08-20,2024,B,-1,520,"(0.8, 2.0)",84.51428571428572,211.28571428571428,105.64285714285714,4.75,EOD,569,ESU4,0.84
2024-08-20,2024,B,-1,520,"(1.0, 1.5)",105.64285714285714,158.46428571428572,105.64285714285714,4.75,EOD,569,ESU4,0.84
2024-08-20,2024,B,-1,520,"(1.0, 1.75)",105.64285714285714,184.875,105.64285714285714,4.75,EOD,569,ESU4,0.84
2024-08-20,2024,B,-1,520,"(1.0, 2.0)",105.64285714285714,211.28571428571428,105.64285714285714,4.75,EOD,569,ESU4,0.84
2024-08-20,2024,B,-1,520,"(1.2, 1.5)",126.77142857142856,158.46428571428572,105.64285714285714,4.75,EOD,569,ESU4,0.84
2024-08-20,2024,B,-1,520,"(1.2, 1.75)",126.77142857142856,184.875,105.64285714285714,4.75,EOD,569,ESU4,0.84
2024-08-20,2024,B,-1,520,"(1.2, 2.0)",126.77142857142856,211.28571428571428,105.64285714285714,4.75,EOD,569,ESU4,0.84
2024-08-20,2024,B,-1,520,"(0.179, 0.247)",18.910071428571428,26.093785714285712,105.64285714285714,4.75,EOD,569,ESU4,0.84
2024-08-22,2024,B,-1,490,"(0.8, 1.5)",73.42857142857143,137.67857142857144,91.78571428571429,-4.75,EOD,569,ESU4,0.84
2024-08-22,2024,B,-1,490,"(0.8, 1.75)",73.42857142857143,160.625,91.78571428571429,-4.75,EOD,569,ESU4,0.84
2024-08-22,2024,B,-1,490,"(0.8, 2.0)",73.42857142857143,183.57142857142858,91.78571428571429,-4.75,EOD,569,ESU4,0.84
2024-08-22,2024,B,-1,490,"(1.0, 1.5)",91.78571428571429,137.67857142857144,91.78571428571429,-4.75,EOD,569,ESU4,0.84
2024-08-22,2024,B,-1,490,"(1.0, 1.75)",91.78571428571429,160.625,91.78571428571429,-4.75,EOD,569,ESU4,0.84
2024-08-22,2024,B,-1,490,"(1.0, 2.0)",91.78571428571429,183.57142857142858,91.78571428571429,-4.75,EOD,569,ESU4,0.84
2024-08-22,2024,B,-1,490,"(1.2, 1.5)",110.14285714285715,137.67857142857144,91.78571428571429,-4.75,EOD,569,ESU4,0.84
2024-08-22,2024,B,-1,490,"(1.2, 1.75)",110.14285714285715,160.625,91.78571428571429,-4.75,EOD,569,ESU4,0.84
2024-08-22,2024,B,-1,490,"(1.2, 2.0)",110.14285714285715,183.57142857142858,91.78571428571429,-4.75,EOD,569,ESU4,0.84
2024-08-22,2024,B,-1,490,"(0.179, 0.247)",16.42964285714286,22.67107142857143,91.78571428571429,-4.75,EOD,569,ESU4,0.84
2024-08-26,2024,B,-1,410,"(0.8, 1.5)",60.300000000000004,113.0625,75.375,-0.0,EOD,569,ESU4,0.84
2024-08-26,2024,B,-1,410,"(0.8, 1.75)",60.300000000000004,131.90625,75.375,-0.0,EOD,569,ESU4,0.84
2024-08-26,2024,B,-1,410,"(0.8, 2.0)",60.300000000000004,150.75,75.375,-0.0,EOD,569,ESU4,0.84
2024-08-26,2024,B,-1,410,"(1.0, 1.5)",75.375,113.0625,75.375,-0.0,EOD,569,ESU4,0.84
2024-08-26,2024,B,-1,410,"(1.0, 1.75)",75.375,131.90625,75.375,-0.0,EOD,569,ESU4,0.84
2024-08-26,2024,B,-1,410,"(1.0, 2.0)",75.375,150.75,75.375,-0.0,EOD,569,ESU4,0.84
2024-08-26,2024,B,-1,410,"(1.2, 1.5)",90.45,113.0625,75.375,-0.0,EOD,569,ESU4,0.84
2024-08-26,2024,B,-1,410,"(1.2, 1.75)",90.45,131.90625,75.375,-0.0,EOD,569,ESU4,0.84
2024-08-26,2024,B,-1,410,"(1.2, 2.0)",90.45,150.75,75.375,-0.0,EOD,569,ESU4,0.84
2024-08-26,2024,B,-1,410,"(0.179, 0.247)",13.492125,18.617625,75.375,-0.0,EOD,569,ESU4,0.84
2024-08-27,2024,B,1,535,"(0.8, 1.5)",56.07142857142857,105.13392857142856,70.08928571428571,2.5,EOD,569,ESU4,0.84
2024-08-27,2024,B,1,535,"(0.8, 1.75)",56.07142857142857,122.65624999999999,70.08928571428571,2.5,EOD,569,ESU4,0.84
2024-08-27,2024,B,1,535,"(0.8, 2.0)",56.07142857142857,140.17857142857142,70.08928571428571,2.5,EOD,569,ESU4,0.84
2024-08-27,2024,B,1,535,"(1.0, 1.5)",70.08928571428571,105.13392857142856,70.08928571428571,2.5,EOD,569,ESU4,0.84
2024-08-27,2024,B,1,535,"(1.0, 1.75)",70.08928571428571,122.65624999999999,70.08928571428571,2.5,EOD,569,ESU4,0.84
2024-08-27,2024,B,1,535,"(1.0, 2.0)",70.08928571428571,140.17857142857142,70.08928571428571,2.5,EOD,569,ESU4,0.84
2024-08-27,2024,B,1,535,"(1.2, 1.5)",84.10714285714285,105.13392857142856,70.08928571428571,2.5,EOD,569,ESU4,0.84
2024-08-27,2024,B,1,535,"(1.2, 1.75)",84.10714285714285,122.65624999999999,70.08928571428571,2.5,EOD,569,ESU4,0.84
2024-08-27,2024,B,1,535,"(1.2, 2.0)",84.10714285714285,140.17857142857142,70.08928571428571,2.5,EOD,569,ESU4,0.84
2024-08-27,2024,B,1,535,"(0.179, 0.247)",12.545982142857142,17.31205357142857,70.08928571428571,2.5,EOD,569,ESU4,0.84
2024-09-04,2024,B,1,430,"(0.8, 1.5)",49.94285714285715,93.64285714285714,62.42857142857143,4.25,EOD,569,ESU4,0.84
2024-09-04,2024,B,1,430,"(0.8, 1.75)",49.94285714285715,109.25,62.42857142857143,4.25,EOD,569,ESU4,0.84
2024-09-04,2024,B,1,430,"(0.8, 2.0)",49.94285714285715,124.85714285714286,62.42857142857143,4.25,EOD,569,ESU4,0.84
2024-09-04,2024,B,1,430,"(1.0, 1.5)",62.42857142857143,93.64285714285714,62.42857142857143,4.25,EOD,569,ESU4,0.84
2024-09-04,2024,B,1,430,"(1.0, 1.75)",62.42857142857143,109.25,62.42857142857143,4.25,EOD,569,ESU4,0.84
2024-09-04,2024,B,1,430,"(1.0, 2.0)",62.42857142857143,124.85714285714286,62.42857142857143,4.25,EOD,569,ESU4,0.84
2024-09-04,2024,B,1,430,"(1.2, 1.5)",74.91428571428571,93.64285714285714,62.42857142857143,4.25,EOD,569,ESU4,0.84
2024-09-04,2024,B,1,430,"(1.2, 1.75)",74.91428571428571,109.25,62.42857142857143,4.25,EOD,569,ESU4,0.84
2024-09-04,2024,B,1,430,"(1.2, 2.0)",74.91428571428571,124.85714285714286,62.42857142857143,4.25,EOD,569,ESU4,0.84
2024-09-04,2024,B,1,430,"(0.179, 0.247)",11.174714285714286,15.419857142857143,62.42857142857143,4.25,EOD,569,ESU4,0.84
2024-09-05,2024,B,1,510,"(0.8, 1.5)",47.285714285714285,88.66071428571428,59.107142857142854,11.5,EOD,569,ESU4,0.84
2024-09-05,2024,B,1,510,"(0.8, 1.75)",47.285714285714285,103.4375,59.107142857142854,11.5,EOD,569,ESU4,0.84
2024-09-05,2024,B,1,510,"(0.8, 2.0)",47.285714285714285,118.21428571428571,59.107142857142854,11.5,EOD,569,ESU4,0.84
2024-09-05,2024,B,1,510,"(1.0, 1.5)",59.107142857142854,88.66071428571428,59.107142857142854,11.5,EOD,569,ESU4,0.84
2024-09-05,2024,B,1,510,"(1.0, 1.75)",59.107142857142854,103.4375,59.107142857142854,11.5,EOD,569,ESU4,0.84
2024-09-05,2024,B,1,510,"(1.0, 2.0)",59.107142857142854,118.21428571428571,59.107142857142854,11.5,EOD,569,ESU4,0.84
2024-09-05,2024,B,1,510,"(1.2, 1.5)",70.92857142857142,88.66071428571428,59.107142857142854,11.5,EOD,569,ESU4,0.84
2024-09-05,2024,B,1,510,"(1.2, 1.75)",70.92857142857142,103.4375,59.107142857142854,11.5,EOD,569,ESU4,0.84
2024-09-05,2024,B,1,510,"(1.2, 2.0)",70.92857142857142,118.21428571428571,59.107142857142854,11.5,EOD,569,ESU4,0.84
2024-09-05,2024,B,1,510,"(0.179, 0.247)",10.58017857142857,14.599464285714285,59.107142857142854,14.59946428571402,TP,510,ESU4,0.84
2024-09-10,2024,B,-1,515,"(0.8, 1.5)",54.68571428571429,102.53571428571429,68.35714285714286,-6.25,EOD,569,ESU4,0.84
2024-09-10,2024,B,-1,515,"(0.8, 1.75)",54.68571428571429,119.625,68.35714285714286,-6.25,EOD,569,ESU4,0.84
2024-09-10,2024,B,-1,515,"(0.8, 2.0)",54.68571428571429,136.71428571428572,68.35714285714286,-6.25,EOD,569,ESU4,0.84
2024-09-10,2024,B,-1,515,"(1.0, 1.5)",68.35714285714286,102.53571428571429,68.35714285714286,-6.25,EOD,569,ESU4,0.84
2024-09-10,2024,B,-1,515,"(1.0, 1.75)",68.35714285714286,119.625,68.35714285714286,-6.25,EOD,569,ESU4,0.84
2024-09-10,2024,B,-1,515,"(1.0, 2.0)",68.35714285714286,136.71428571428572,68.35714285714286,-6.25,EOD,569,ESU4,0.84
2024-09-10,2024,B,-1,515,"(1.2, 1.5)",82.02857142857142,102.53571428571429,68.35714285714286,-6.25,EOD,569,ESU4,0.84
2024-09-10,2024,B,-1,515,"(1.2, 1.75)",82.02857142857142,119.625,68.35714285714286,-6.25,EOD,569,ESU4,0.84
2024-09-10,2024,B,-1,515,"(1.2, 2.0)",82.02857142857142,136.71428571428572,68.35714285714286,-6.25,EOD,569,ESU4,0.84
2024-09-10,2024,B,-1,515,"(0.179, 0.247)",12.235928571428571,16.884214285714286,68.35714285714286,-6.25,EOD,569,ESU4,0.84
2024-09-12,2024,B,-1,520,"(0.8, 1.5)",59.77142857142857,112.07142857142856,74.71428571428571,1.0,EOD,569,ESU4,0.84
2024-09-12,2024,B,-1,520,"(0.8, 1.75)",59.77142857142857,130.75,74.71428571428571,1.0,EOD,569,ESU4,0.84
2024-09-12,2024,B,-1,520,"(0.8, 2.0)",59.77142857142857,149.42857142857142,74.71428571428571,1.0,EOD,569,ESU4,0.84
2024-09-12,2024,B,-1,520,"(1.0, 1.5)",74.71428571428571,112.07142857142856,74.71428571428571,1.0,EOD,569,ESU4,0.84
2024-09-12,2024,B,-1,520,"(1.0, 1.75)",74.71428571428571,130.75,74.71428571428571,1.0,EOD,569,ESU4,0.84
2024-09-12,2024,B,-1,520,"(1.0, 2.0)",74.71428571428571,149.42857142857142,74.71428571428571,1.0,EOD,569,ESU4,0.84
2024-09-12,2024,B,-1,520,"(1.2, 1.5)",89.65714285714284,112.07142857142856,74.71428571428571,1.0,EOD,569,ESU4,0.84
2024-09-12,2024,B,-1,520,"(1.2, 1.75)",89.65714285714284,130.75,74.71428571428571,1.0,EOD,569,ESU4,0.84
2024-09-12,2024,B,-1,520,"(1.2, 2.0)",89.65714285714284,149.42857142857142,74.71428571428571,1.0,EOD,569,ESU4,0.84
2024-09-12,2024,B,-1,520,"(0.179, 0.247)",13.37385714285714,18.45442857142857,74.71428571428571,1.0,EOD,569,ESU4,0.84
2024-09-23,2024,B,-1,540,"(0.8, 1.5)",63.57142857142857,119.19642857142856,79.46428571428571,-0.5,EOD,569,ESZ4,0.84
2024-09-23,2024,B,-1,540,"(0.8, 1.75)",63.57142857142857,139.0625,79.46428571428571,-0.5,EOD,569,ESZ4,0.84
2024-09-23,2024,B,-1,540,"(0.8, 2.0)",63.57142857142857,158.92857142857142,79.46428571428571,-0.5,EOD,569,ESZ4,0.84
2024-09-23,2024,B,-1,540,"(1.0, 1.5)",79.46428571428571,119.19642857142856,79.46428571428571,-0.5,EOD,569,ESZ4,0.84
2024-09-23,2024,B,-1,540,"(1.0, 1.75)",79.46428571428571,139.0625,79.46428571428571,-0.5,EOD,569,ESZ4,0.84
2024-09-23,2024,B,-1,540,"(1.0, 2.0)",79.46428571428571,158.92857142857142,79.46428571428571,-0.5,EOD,569,ESZ4,0.84
2024-09-23,2024,B,-1,540,"(1.2, 1.5)",95.35714285714285,119.19642857142856,79.46428571428571,-0.5,EOD,569,ESZ4,0.84
2024-09-23,2024,B,-1,540,"(1.2, 1.75)",95.35714285714285,139.0625,79.46428571428571,-0.5,EOD,569,ESZ4,0.84
2024-09-23,2024,B,-1,540,"(1.2, 2.0)",95.35714285714285,158.92857142857142,79.46428571428571,-0.5,EOD,569,ESZ4,0.84
2024-09-23,2024,B,-1,540,"(0.179, 0.247)",14.224107142857141,19.627678571428568,79.46428571428571,-0.5,EOD,569,ESZ4,0.84
2024-09-24,2024,B,-1,465,"(0.8, 1.5)",56.44285714285715,105.83035714285714,70.55357142857143,-1.0,EOD,569,ESZ4,0.84
2024-09-24,2024,B,-1,465,"(0.8, 1.75)",56.44285714285715,123.46875,70.55357142857143,-1.0,EOD,569,ESZ4,0.84
2024-09-24,2024,B,-1,465,"(0.8, 2.0)",56.44285714285715,141.10714285714286,70.55357142857143,-1.0,EOD,569,ESZ4,0.84
2024-09-24,2024,B,-1,465,"(1.0, 1.5)",70.55357142857143,105.83035714285714,70.55357142857143,-1.0,EOD,569,ESZ4,0.84
2024-09-24,2024,B,-1,465,"(1.0, 1.75)",70.55357142857143,123.46875,70.55357142857143,-1.0,EOD,569,ESZ4,0.84
2024-09-24,2024,B,-1,465,"(1.0, 2.0)",70.55357142857143,141.10714285714286,70.55357142857143,-1.0,EOD,569,ESZ4,0.84
2024-09-24,2024,B,-1,465,"(1.2, 1.5)",84.66428571428571,105.83035714285714,70.55357142857143,-1.0,EOD,569,ESZ4,0.84
2024-09-24,2024,B,-1,465,"(1.2, 1.75)",84.66428571428571,123.46875,70.55357142857143,-1.0,EOD,569,ESZ4,0.84
2024-09-24,2024,B,-1,465,"(1.2, 2.0)",84.66428571428571,141.10714285714286,70.55357142857143,-1.0,EOD,569,ESZ4,0.84
2024-09-24,2024,B,-1,465,"(0.179, 0.247)",12.629089285714285,17.426732142857144,70.55357142857143,-1.0,EOD,569,ESZ4,0.84
2024-10-21,2024,B,1,425,"(0.8, 1.5)",41.02857142857143,76.92857142857143,51.285714285714285,10.0,EOD,569,ESZ4,0.84
2024-10-21,2024,B,1,425,"(0.8, 1.75)",41.02857142857143,89.75,51.285714285714285,10.0,EOD,569,ESZ4,0.84
2024-10-21,2024,B,1,425,"(0.8, 2.0)",41.02857142857143,102.57142857142857,51.285714285714285,10.0,EOD,569,ESZ4,0.84
2024-10-21,2024,B,1,425,"(1.0, 1.5)",51.285714285714285,76.92857142857143,51.285714285714285,10.0,EOD,569,ESZ4,0.84
2024-10-21,2024,B,1,425,"(1.0, 1.75)",51.285714285714285,89.75,51.285714285714285,10.0,EOD,569,ESZ4,0.84
2024-10-21,2024,B,1,425,"(1.0, 2.0)",51.285714285714285,102.57142857142857,51.285714285714285,10.0,EOD,569,ESZ4,0.84
2024-10-21,2024,B,1,425,"(1.2, 1.5)",61.54285714285714,76.92857142857143,51.285714285714285,10.0,EOD,569,ESZ4,0.84
2024-10-21,2024,B,1,425,"(1.2, 1.75)",61.54285714285714,89.75,51.285714285714285,10.0,EOD,569,ESZ4,0.84
2024-10-21,2024,B,1,425,"(1.2, 2.0)",61.54285714285714,102.57142857142857,51.285714285714285,10.0,EOD,569,ESZ4,0.84
2024-10-21,2024,B,1,425,"(0.179, 0.247)",9.180142857142856,12.667571428571428,51.285714285714285,10.0,EOD,569,ESZ4,0.84
2024-10-22,2024,B,1,350,"(0.8, 1.5)",38.77142857142857,72.69642857142857,48.464285714285715,3.0,EOD,569,ESZ4,0.84
2024-10-22,2024,B,1,350,"(0.8, 1.75)",38.77142857142857,84.8125,48.464285714285715,3.0,EOD,569,ESZ4,0.84
2024-10-22,2024,B,1,350,"(0.8, 2.0)",38.77142857142857,96.92857142857143,48.464285714285715,3.0,EOD,569,ESZ4,0.84
2024-10-22,2024,B,1,350,"(1.0, 1.5)",48.464285714285715,72.69642857142857,48.464285714285715,3.0,EOD,569,ESZ4,0.84
2024-10-22,2024,B,1,350,"(1.0, 1.75)",48.464285714285715,84.8125,48.464285714285715,3.0,EOD,569,ESZ4,0.84
2024-10-22,2024,B,1,350,"(1.0, 2.0)",48.464285714285715,96.92857142857143,48.464285714285715,3.0,EOD,569,ESZ4,0.84
2024-10-22,2024,B,1,350,"(1.2, 1.5)",58.15714285714286,72.69642857142857,48.464285714285715,3.0,EOD,569,ESZ4,0.84
2024-10-22,2024,B,1,350,"(1.2, 1.75)",58.15714285714286,84.8125,48.464285714285715,3.0,EOD,569,ESZ4,0.84
2024-10-22,2024,B,1,350,"(1.2, 2.0)",58.15714285714286,96.92857142857143,48.464285714285715,3.0,EOD,569,ESZ4,0.84
2024-10-22,2024,B,1,350,"(0.179, 0.247)",8.675107142857142,11.970678571428572,48.464285714285715,3.0,EOD,569,ESZ4,0.84
2024-11-12,2024,B,1,330,"(0.8, 1.5)",51.27142857142857,96.13392857142856,64.08928571428571,16.25,EOD,569,ESZ4,0.84
2024-11-12,2024,B,1,330,"(0.8, 1.75)",51.27142857142857,112.15624999999999,64.08928571428571,16.25,EOD,569,ESZ4,0.84
2024-11-12,2024,B,1,330,"(0.8, 2.0)",51.27142857142857,128.17857142857142,64.08928571428571,16.25,EOD,569,ESZ4,0.84
2024-11-12,2024,B,1,330,"(1.0, 1.5)",64.08928571428571,96.13392857142856,64.08928571428571,16.25,EOD,569,ESZ4,0.84
2024-11-12,2024,B,1,330,"(1.0, 1.75)",64.08928571428571,112.15624999999999,64.08928571428571,16.25,EOD,569,ESZ4,0.84
2024-11-12,2024,B,1,330,"(1.0, 2.0)",64.08928571428571,128.17857142857142,64.08928571428571,16.25,EOD,569,ESZ4,0.84
2024-11-12,2024,B,1,330,"(1.2, 1.5)",76.90714285714284,96.13392857142856,64.08928571428571,16.25,EOD,569,ESZ4,0.84
2024-11-12,2024,B,1,330,"(1.2, 1.75)",76.90714285714284,112.15624999999999,64.08928571428571,16.25,EOD,569,ESZ4,0.84
2024-11-12,2024,B,1,330,"(1.2, 2.0)",76.90714285714284,128.17857142857142,64.08928571428571,16.25,EOD,569,ESZ4,0.84
2024-11-12,2024,B,1,330,"(0.179, 0.247)",11.471982142857142,15.83005357142857,64.08928571428571,15.830053571428834,TP,527,ESZ4,0.84
2024-11-20,2024,B,-1,425,"(0.8, 1.5)",53.74285714285715,100.76785714285714,67.17857142857143,8.75,EOD,569,ESZ4,0.84
2024-11-20,2024,B,-1,425,"(0.8, 1.75)",53.74285714285715,117.5625,67.17857142857143,8.75,EOD,569,ESZ4,0.84
2024-11-20,2024,B,-1,425,"(0.8, 2.0)",53.74285714285715,134.35714285714286,67.17857142857143,8.75,EOD,569,ESZ4,0.84
2024-11-20,2024,B,-1,425,"(1.0, 1.5)",67.17857142857143,100.76785714285714,67.17857142857143,8.75,EOD,569,ESZ4,0.84
2024-11-20,2024,B,-1,425,"(1.0, 1.75)",67.17857142857143,117.5625,67.17857142857143,8.75,EOD,569,ESZ4,0.84
2024-11-20,2024,B,-1,425,"(1.0, 2.0)",67.17857142857143,134.35714285714286,67.17857142857143,8.75,EOD,569,ESZ4,0.84
2024-11-20,2024,B,-1,425,"(1.2, 1.5)",80.61428571428571,100.76785714285714,67.17857142857143,8.75,EOD,569,ESZ4,0.84
2024-11-20,2024,B,-1,425,"(1.2, 1.75)",80.61428571428571,117.5625,67.17857142857143,8.75,EOD,569,ESZ4,0.84
2024-11-20,2024,B,-1,425,"(1.2, 2.0)",80.61428571428571,134.35714285714286,67.17857142857143,8.75,EOD,569,ESZ4,0.84
2024-11-20,2024,B,-1,425,"(0.179, 0.247)",12.024964285714285,16.593107142857143,67.17857142857143,8.75,EOD,569,ESZ4,0.84
2024-12-09,2024,B,1,405,"(0.8, 1.5)",31.642857142857146,59.330357142857146,39.55357142857143,5.5,EOD,569,ESZ4,0.84
2024-12-09,2024,B,1,405,"(0.8, 1.75)",31.642857142857146,69.21875,39.55357142857143,5.5,EOD,569,ESZ4,0.84
2024-12-09,2024,B,1,405,"(0.8, 2.0)",31.642857142857146,79.10714285714286,39.55357142857143,5.5,EOD,569,ESZ4,0.84
2024-12-09,2024,B,1,405,"(1.0, 1.5)",39.55357142857143,59.330357142857146,39.55357142857143,5.5,EOD,569,ESZ4,0.84
2024-12-09,2024,B,1,405,"(1.0, 1.75)",39.55357142857143,69.21875,39.55357142857143,5.5,EOD,569,ESZ4,0.84
2024-12-09,2024,B,1,405,"(1.0, 2.0)",39.55357142857143,79.10714285714286,39.55357142857143,5.5,EOD,569,ESZ4,0.84
2024-12-09,2024,B,1,405,"(1.2, 1.5)",47.464285714285715,59.330357142857146,39.55357142857143,5.5,EOD,569,ESZ4,0.84
2024-12-09,2024,B,1,405,"(1.2, 1.75)",47.464285714285715,69.21875,39.55357142857143,5.5,EOD,569,ESZ4,0.84
2024-12-09,2024,B,1,405,"(1.2, 2.0)",47.464285714285715,79.10714285714286,39.55357142857143,5.5,EOD,569,ESZ4,0.84
2024-12-09,2024,B,1,405,"(0.179, 0.247)",7.080089285714286,9.769732142857142,39.55357142857143,5.5,EOD,569,ESZ4,0.84
2024-12-12,2024,B,1,520,"(0.8, 1.5)",26.914285714285718,50.46428571428572,33.642857142857146,7.25,EOD,569,ESZ4,0.84
2024-12-12,2024,B,1,520,"(0.8, 1.75)",26.914285714285718,58.87500000000001,33.642857142857146,7.25,EOD,569,ESZ4,0.84
2024-12-12,2024,B,1,520,"(0.8, 2.0)",26.914285714285718,67.28571428571429,33.642857142857146,7.25,EOD,569,ESZ4,0.84
2024-12-12,2024,B,1,520,"(1.0, 1.5)",33.642857142857146,50.46428571428572,33.642857142857146,7.25,EOD,569,ESZ4,0.84
2024-12-12,2024,B,1,520,"(1.0, 1.75)",33.642857142857146,58.87500000000001,33.642857142857146,7.25,EOD,569,ESZ4,0.84
2024-12-12,2024,B,1,520,"(1.0, 2.0)",33.642857142857146,67.28571428571429,33.642857142857146,7.25,EOD,569,ESZ4,0.84
2024-12-12,2024,B,1,520,"(1.2, 1.5)",40.371428571428574,50.46428571428572,33.642857142857146,7.25,EOD,569,ESZ4,0.84
2024-12-12,2024,B,1,520,"(1.2, 1.75)",40.371428571428574,58.87500000000001,33.642857142857146,7.25,EOD,569,ESZ4,0.84
2024-12-12,2024,B,1,520,"(1.2, 2.0)",40.371428571428574,67.28571428571429,33.642857142857146,7.25,EOD,569,ESZ4,0.84
2024-12-12,2024,B,1,520,"(0.179, 0.247)",6.0220714285714285,8.309785714285715,33.642857142857146,8.309785714285681,TP,569,ESZ4,0.84
2024-12-27,2024,B,1,550,"(0.8, 1.5)",53.1,99.5625,66.375,-11.25,EOD,569,ESH5,0.84
2024-12-27,2024,B,1,550,"(0.8, 1.75)",53.1,116.15625,66.375,-11.25,EOD,569,ESH5,0.84
2024-12-27,2024,B,1,550,"(0.8, 2.0)",53.1,132.75,66.375,-11.25,EOD,569,ESH5,0.84
2024-12-27,2024,B,1,550,"(1.0, 1.5)",66.375,99.5625,66.375,-11.25,EOD,569,ESH5,0.84
2024-12-27,2024,B,1,550,"(1.0, 1.75)",66.375,116.15625,66.375,-11.25,EOD,569,ESH5,0.84
2024-12-27,2024,B,1,550,"(1.0, 2.0)",66.375,132.75,66.375,-11.25,EOD,569,ESH5,0.84
2024-12-27,2024,B,1,550,"(1.2, 1.5)",79.64999999999999,99.5625,66.375,-11.25,EOD,569,ESH5,0.84
2024-12-27,2024,B,1,550,"(1.2, 1.75)",79.64999999999999,116.15625,66.375,-11.25,EOD,569,ESH5,0.84
2024-12-27,2024,B,1,550,"(1.2, 2.0)",79.64999999999999,132.75,66.375,-11.25,EOD,569,ESH5,0.84
2024-12-27,2024,B,1,550,"(0.179, 0.247)",11.881124999999999,16.394625,66.375,-11.881124999999884,SL,568,ESH5,0.84
2025-01-08,2025,B,1,460,"(0.8, 1.5)",76.0,142.5,95.0,14.5,EOD,569,ESH5,0.84
2025-01-08,2025,B,1,460,"(0.8, 1.75)",76.0,166.25,95.0,14.5,EOD,569,ESH5,0.84
2025-01-08,2025,B,1,460,"(0.8, 2.0)",76.0,190.0,95.0,14.5,EOD,569,ESH5,0.84
2025-01-08,2025,B,1,460,"(1.0, 1.5)",95.0,142.5,95.0,14.5,EOD,569,ESH5,0.84
2025-01-08,2025,B,1,460,"(1.0, 1.75)",95.0,166.25,95.0,14.5,EOD,569,ESH5,0.84
2025-01-08,2025,B,1,460,"(1.0, 2.0)",95.0,190.0,95.0,14.5,EOD,569,ESH5,0.84
2025-01-08,2025,B,1,460,"(1.2, 1.5)",114.0,142.5,95.0,14.5,EOD,569,ESH5,0.84
2025-01-08,2025,B,1,460,"(1.2, 1.75)",114.0,166.25,95.0,14.5,EOD,569,ESH5,0.84
2025-01-08,2025,B,1,460,"(1.2, 2.0)",114.0,190.0,95.0,14.5,EOD,569,ESH5,0.84
2025-01-08,2025,B,1,460,"(0.179, 0.247)",17.005,23.465,95.0,14.5,EOD,569,ESH5,0.84
2025-01-14,2025,B,-1,510,"(0.8, 1.5)",70.6857142857143,132.53571428571428,88.35714285714286,-25.0,EOD,569,ESH5,0.84
2025-01-14,2025,B,-1,510,"(0.8, 1.75)",70.6857142857143,154.625,88.35714285714286,-25.0,EOD,569,ESH5,0.84
2025-01-14,2025,B,-1,510,"(0.8, 2.0)",70.6857142857143,176.71428571428572,88.35714285714286,-25.0,EOD,569,ESH5,0.84
2025-01-14,2025,B,-1,510,"(1.0, 1.5)",88.35714285714286,132.53571428571428,88.35714285714286,-25.0,EOD,569,ESH5,0.84
2025-01-14,2025,B,-1,510,"(1.0, 1.75)",88.35714285714286,154.625,88.35714285714286,-25.0,EOD,569,ESH5,0.84
2025-01-14,2025,B,-1,510,"(1.0, 2.0)",88.35714285714286,176.71428571428572,88.35714285714286,-25.0,EOD,569,ESH5,0.84
2025-01-14,2025,B,-1,510,"(1.2, 1.5)",106.02857142857142,132.53571428571428,88.35714285714286,-25.0,EOD,569,ESH5,0.84
2025-01-14,2025,B,-1,510,"(1.2, 1.75)",106.02857142857142,154.625,88.35714285714286,-25.0,EOD,569,ESH5,0.84
2025-01-14,2025,B,-1,510,"(1.2, 2.0)",106.02857142857142,176.71428571428572,88.35714285714286,-25.0,EOD,569,ESH5,0.84
2025-01-14,2025,B,-1,510,"(0.179, 0.247)",15.815928571428572,21.824214285714287,88.35714285714286,-15.81592857142823,SL,510,ESH5,0.84
2025-01-23,2025,B,1,490,"(0.8, 1.5)",59.97142857142857,112.44642857142856,74.96428571428571,2.0,EOD,569,ESH5,0.84
2025-01-23,2025,B,1,490,"(0.8, 1.75)",59.97142857142857,131.1875,74.96428571428571,2.0,EOD,569,ESH5,0.84
2025-01-23,2025,B,1,490,"(0.8, 2.0)",59.97142857142857,149.92857142857142,74.96428571428571,2.0,EOD,569,ESH5,0.84
2025-01-23,2025,B,1,490,"(1.0, 1.5)",74.96428571428571,112.44642857142856,74.96428571428571,2.0,EOD,569,ESH5,0.84
2025-01-23,2025,B,1,490,"(1.0, 1.75)",74.96428571428571,131.1875,74.96428571428571,2.0,EOD,569,ESH5,0.84
2025-01-23,2025,B,1,490,"(1.0, 2.0)",74.96428571428571,149.92857142857142,74.96428571428571,2.0,EOD,569,ESH5,0.84
2025-01-23,2025,B,1,490,"(1.2, 1.5)",89.95714285714284,112.44642857142856,74.96428571428571,2.0,EOD,569,ESH5,0.84
2025-01-23,2025,B,1,490,"(1.2, 1.75)",89.95714285714284,131.1875,74.96428571428571,2.0,EOD,569,ESH5,0.84
2025-01-23,2025,B,1,490,"(1.2, 2.0)",89.95714285714284,149.92857142857142,74.96428571428571,2.0,EOD,569,ESH5,0.84
2025-01-23,2025,B,1,490,"(0.179, 0.247)",13.418607142857141,18.51617857142857,74.96428571428571,2.0,EOD,569,ESH5,0.84
2025-01-30,2025,B,-1,545,"(0.8, 1.5)",55.37142857142857,103.82142857142856,69.21428571428571,-2.25,EOD,569,ESH5,0.84
2025-01-30,2025,B,-1,545,"(0.8, 1.75)",55.37142857142857,121.12499999999999,69.21428571428571,-2.25,EOD,569,ESH5,0.84
2025-01-30,2025,B,-1,545,"(0.8, 2.0)",55.37142857142857,138.42857142857142,69.21428571428571,-2.25,EOD,569,ESH5,0.84
2025-01-30,2025,B,-1,545,"(1.0, 1.5)",69.21428571428571,103.82142857142856,69.21428571428571,-2.25,EOD,569,ESH5,0.84
2025-01-30,2025,B,-1,545,"(1.0, 1.75)",69.21428571428571,121.12499999999999,69.21428571428571,-2.25,EOD,569,ESH5,0.84
2025-01-30,2025,B,-1,545,"(1.0, 2.0)",69.21428571428571,138.42857142857142,69.21428571428571,-2.25,EOD,569,ESH5,0.84
2025-01-30,2025,B,-1,545,"(1.2, 1.5)",83.05714285714285,103.82142857142856,69.21428571428571,-2.25,EOD,569,ESH5,0.84
2025-01-30,2025,B,-1,545,"(1.2, 1.75)",83.05714285714285,121.12499999999999,69.21428571428571,-2.25,EOD,569,ESH5,0.84
2025-01-30,2025,B,-1,545,"(1.2, 2.0)",83.05714285714285,138.42857142857142,69.21428571428571,-2.25,EOD,569,ESH5,0.84
2025-01-30,2025,B,-1,545,"(0.179, 0.247)",12.389357142857142,17.09592857142857,69.21428571428571,-2.25,EOD,569,ESH5,0.84
2025-02-06,2025,B,-1,415,"(0.8, 1.5)",53.84285714285715,100.95535714285714,67.30357142857143,-15.75,EOD,569,ESH5,0.84
2025-02-06,2025,B,-1,415,"(0.8, 1.75)",53.84285714285715,117.78125,67.30357142857143,-15.75,EOD,569,ESH5,0.84
2025-02-06,2025,B,-1,415,"(0.8, 2.0)",53.84285714285715,134.60714285714286,67.30357142857143,-15.75,EOD,569,ESH5,0.84
2025-02-06,2025,B,-1,415,"(1.0, 1.5)",67.30357142857143,100.95535714285714,67.30357142857143,-15.75,EOD,569,ESH5,0.84
2025-02-06,2025,B,-1,415,"(1.0, 1.75)",67.30357142857143,117.78125,67.30357142857143,-15.75,EOD,569,ESH5,0.84
2025-02-06,2025,B,-1,415,"(1.0, 2.0)",67.30357142857143,134.60714285714286,67.30357142857143,-15.75,EOD,569,ESH5,0.84
2025-02-06,2025,B,-1,415,"(1.2, 1.5)",80.76428571428572,100.95535714285714,67.30357142857143,-15.75,EOD,569,ESH5,0.84
2025-02-06,2025,B,-1,415,"(1.2, 1.75)",80.76428571428572,117.78125,67.30357142857143,-15.75,EOD,569,ESH5,0.84
2025-02-06,2025,B,-1,415,"(1.2, 2.0)",80.76428571428572,134.60714285714286,67.30357142857143,-15.75,EOD,569,ESH5,0.84
2025-02-06,2025,B,-1,415,"(0.179, 0.247)",12.047339285714285,16.623982142857145,67.30357142857143,-12.04733928571386,SL,482,ESH5,0.84
2025-02-07,2025,B,-1,415,"(0.8, 1.5)",51.74285714285715,97.01785714285714,64.67857142857143,-3.0,EOD,569,ESH5,0.84
2025-02-07,2025,B,-1,415,"(0.8, 1.75)",51.74285714285715,113.1875,64.67857142857143,-3.0,EOD,569,ESH5,0.84
2025-02-07,2025,B,-1,415,"(0.8, 2.0)",51.74285714285715,129.35714285714286,64.67857142857143,-3.0,EOD,569,ESH5,0.84
2025-02-07,2025,B,-1,415,"(1.0, 1.5)",64.67857142857143,97.01785714285714,64.67857142857143,-3.0,EOD,569,ESH5,0.84
2025-02-07,2025,B,-1,415,"(1.0, 1.75)",64.67857142857143,113.1875,64.67857142857143,-3.0,EOD,569,ESH5,0.84
2025-02-07,2025,B,-1,415,"(1.0, 2.0)",64.67857142857143,129.35714285714286,64.67857142857143,-3.0,EOD,569,ESH5,0.84
2025-02-07,2025,B,-1,415,"(1.2, 1.5)",77.61428571428571,97.01785714285714,64.67857142857143,-3.0,EOD,569,ESH5,0.84
2025-02-07,2025,B,-1,415,"(1.2, 1.75)",77.61428571428571,113.1875,64.67857142857143,-3.0,EOD,569,ESH5,0.84
2025-02-07,2025,B,-1,415,"(1.2, 2.0)",77.61428571428571,129.35714285714286,64.67857142857143,-3.0,EOD,569,ESH5,0.84
2025-02-07,2025,B,-1,415,"(0.179, 0.247)",11.577464285714285,15.975607142857143,64.67857142857143,15.97560714285737,TP,510,ESH5,0.84
2025-02-11,2025,B,1,515,"(0.8, 1.5)",54.01428571428571,101.27678571428571,67.51785714285714,-3.75,EOD,569,ESH5,0.84
2025-02-11,2025,B,1,515,"(0.8, 1.75)",54.01428571428571,118.15625,67.51785714285714,-3.75,EOD,569,ESH5,0.84
2025-02-11,2025,B,1,515,"(0.8, 2.0)",54.01428571428571,135.03571428571428,67.51785714285714,-3.75,EOD,569,ESH5,0.84
2025-02-11,2025,B,1,515,"(1.0, 1.5)",67.51785714285714,101.27678571428571,67.51785714285714,-3.75,EOD,569,ESH5,0.84
2025-02-11,2025,B,1,515,"(1.0, 1.75)",67.51785714285714,118.15625,67.51785714285714,-3.75,EOD,569,ESH5,0.84
2025-02-11,2025,B,1,515,"(1.0, 2.0)",67.51785714285714,135.03571428571428,67.51785714285714,-3.75,EOD,569,ESH5,0.84
2025-02-11,2025,B,1,515,"(1.2, 1.5)",81.02142857142856,101.27678571428571,67.51785714285714,-3.75,EOD,569,ESH5,0.84
2025-02-11,2025,B,1,515,"(1.2, 1.75)",81.02142857142856,118.15625,67.51785714285714,-3.75,EOD,569,ESH5,0.84
2025-02-11,2025,B,1,515,"(1.2, 2.0)",81.02142857142856,135.03571428571428,67.51785714285714,-3.75,EOD,569,ESH5,0.84
2025-02-11,2025,B,1,515,"(0.179, 0.247)",12.085696428571428,16.676910714285714,67.51785714285714,-3.75,EOD,569,ESH5,0.84
2025-02-13,2025,B,-1,515,"(0.8, 1.5)",54.67142857142857,102.50892857142856,68.33928571428571,-4.25,EOD,569,ESH5,0.84
2025-02-13,2025,B,-1,515,"(0.8, 1.75)",54.67142857142857,119.59374999999999,68.33928571428571,-4.25,EOD,569,ESH5,0.84
2025-02-13,2025,B,-1,515,"(0.8, 2.0)",54.67142857142857,136.67857142857142,68.33928571428571,-4.25,EOD,569,ESH5,0.84
2025-02-13,2025,B,-1,515,"(1.0, 1.5)",68.33928571428571,102.50892857142856,68.33928571428571,-4.25,EOD,569,ESH5,0.84
2025-02-13,2025,B,-1,515,"(1.0, 1.75)",68.33928571428571,119.59374999999999,68.33928571428571,-4.25,EOD,569,ESH5,0.84
2025-02-13,2025,B,-1,515,"(1.0, 2.0)",68.33928571428571,136.67857142857142,68.33928571428571,-4.25,EOD,569,ESH5,0.84
2025-02-13,2025,B,-1,515,"(1.2, 1.5)",82.00714285714285,102.50892857142856,68.33928571428571,-4.25,EOD,569,ESH5,0.84
2025-02-13,2025,B,-1,515,"(1.2, 1.75)",82.00714285714285,119.59374999999999,68.33928571428571,-4.25,EOD,569,ESH5,0.84
2025-02-13,2025,B,-1,515,"(1.2, 2.0)",82.00714285714285,136.67857142857142,68.33928571428571,-4.25,EOD,569,ESH5,0.84
2025-02-13,2025,B,-1,515,"(0.179, 0.247)",12.232732142857142,16.87980357142857,68.33928571428571,-4.25,EOD,569,ESH5,0.84
2025-02-25,2025,B,1,470,"(0.8, 1.5)",42.18571428571428,79.09821428571428,52.732142857142854,3.0,EOD,569,ESH5,0.84
2025-02-25,2025,B,1,470,"(0.8, 1.75)",42.18571428571428,92.28125,52.732142857142854,3.0,EOD,569,ESH5,0.84
2025-02-25,2025,B,1,470,"(0.8, 2.0)",42.18571428571428,105.46428571428571,52.732142857142854,3.0,EOD,569,ESH5,0.84
2025-02-25,2025,B,1,470,"(1.0, 1.5)",52.732142857142854,79.09821428571428,52.732142857142854,3.0,EOD,569,ESH5,0.84
2025-02-25,2025,B,1,470,"(1.0, 1.75)",52.732142857142854,92.28125,52.732142857142854,3.0,EOD,569,ESH5,0.84
2025-02-25,2025,B,1,470,"(1.0, 2.0)",52.732142857142854,105.46428571428571,52.732142857142854,3.0,EOD,569,ESH5,0.84
2025-02-25,2025,B,1,470,"(1.2, 1.5)",63.278571428571425,79.09821428571428,52.732142857142854,3.0,EOD,569,ESH5,0.84
2025-02-25,2025,B,1,470,"(1.2, 1.75)",63.278571428571425,92.28125,52.732142857142854,3.0,EOD,569,ESH5,0.84
2025-02-25,2025,B,1,470,"(1.2, 2.0)",63.278571428571425,105.46428571428571,52.732142857142854,3.0,EOD,569,ESH5,0.84
2025-02-25,2025,B,1,470,"(0.179, 0.247)",9.43905357142857,13.024839285714284,52.732142857142854,13.024839285714734,TP,510,ESH5,0.84
2025-03-04,2025,B,1,450,"(0.8, 1.5)",61.24285714285715,114.83035714285714,76.55357142857143,-3.0,EOD,569,ESH5,0.84
2025-03-04,2025,B,1,450,"(0.8, 1.75)",61.24285714285715,133.96875,76.55357142857143,-3.0,EOD,569,ESH5,0.84
2025-03-04,2025,B,1,450,"(0.8, 2.0)",61.24285714285715,153.10714285714286,76.55357142857143,-3.0,EOD,569,ESH5,0.84
2025-03-04,2025,B,1,450,"(1.0, 1.5)",76.55357142857143,114.83035714285714,76.55357142857143,-3.0,EOD,569,ESH5,0.84
2025-03-04,2025,B,1,450,"(1.0, 1.75)",76.55357142857143,133.96875,76.55357142857143,-3.0,EOD,569,ESH5,0.84
2025-03-04,2025,B,1,450,"(1.0, 2.0)",76.55357142857143,153.10714285714286,76.55357142857143,-3.0,EOD,569,ESH5,0.84
2025-03-04,2025,B,1,450,"(1.2, 1.5)",91.86428571428571,114.83035714285714,76.55357142857143,-3.0,EOD,569,ESH5,0.84
2025-03-04,2025,B,1,450,"(1.2, 1.75)",91.86428571428571,133.96875,76.55357142857143,-3.0,EOD,569,ESH5,0.84
2025-03-04,2025,B,1,450,"(1.2, 2.0)",91.86428571428571,153.10714285714286,76.55357142857143,-3.0,EOD,569,ESH5,0.84
2025-03-04,2025,B,1,450,"(0.179, 0.247)",13.703089285714286,18.908732142857144,76.55357142857143,-3.0,EOD,569,ESH5,0.84
2025-03-12,2025,B,-1,515,"(0.8, 1.5)",94.02857142857144,176.30357142857144,117.53571428571429,4.5,EOD,569,ESH5,0.84
2025-03-12,2025,B,-1,515,"(0.8, 1.75)",94.02857142857144,205.6875,117.53571428571429,4.5,EOD,569,ESH5,0.84
2025-03-12,2025,B,-1,515,"(0.8, 2.0)",94.02857142857144,235.07142857142858,117.53571428571429,4.5,EOD,569,ESH5,0.84
2025-03-12,2025,B,-1,515,"(1.0, 1.5)",117.53571428571429,176.30357142857144,117.53571428571429,4.5,EOD,569,ESH5,0.84
2025-03-12,2025,B,-1,515,"(1.0, 1.75)",117.53571428571429,205.6875,117.53571428571429,4.5,EOD,569,ESH5,0.84
2025-03-12,2025,B,-1,515,"(1.0, 2.0)",117.53571428571429,235.07142857142858,117.53571428571429,4.5,EOD,569,ESH5,0.84
2025-03-12,2025,B,-1,515,"(1.2, 1.5)",141.04285714285714,176.30357142857144,117.53571428571429,4.5,EOD,569,ESH5,0.84
2025-03-12,2025,B,-1,515,"(1.2, 1.75)",141.04285714285714,205.6875,117.53571428571429,4.5,EOD,569,ESH5,0.84
2025-03-12,2025,B,-1,515,"(1.2, 2.0)",141.04285714285714,235.07142857142858,117.53571428571429,4.5,EOD,569,ESH5,0.84
2025-03-12,2025,B,-1,515,"(0.179, 0.247)",21.03889285714286,29.03132142857143,117.53571428571429,4.5,EOD,569,ESH5,0.84
2025-03-17,2025,B,-1,525,"(0.8, 1.5)",98.10000000000001,183.9375,122.625,8.25,EOD,569,ESH5,0.84
2025-03-17,2025,B,-1,525,"(0.8, 1.75)",98.10000000000001,214.59375,122.625,8.25,EOD,569,ESH5,0.84
2025-03-17,2025,B,-1,525,"(0.8, 2.0)",98.10000000000001,245.25,122.625,8.25,EOD,569,ESH5,0.84
2025-03-17,2025,B,-1,525,"(1.0, 1.5)",122.625,183.9375,122.625,8.25,EOD,569,ESH5,0.84
2025-03-17,2025,B,-1,525,"(1.0, 1.75)",122.625,214.59375,122.625,8.25,EOD,569,ESH5,0.84
2025-03-17,2025,B,-1,525,"(1.0, 2.0)",122.625,245.25,122.625,8.25,EOD,569,ESH5,0.84
2025-03-17,2025,B,-1,525,"(1.2, 1.5)",147.15,183.9375,122.625,8.25,EOD,569,ESH5,0.84
2025-03-17,2025,B,-1,525,"(1.2, 1.75)",147.15,214.59375,122.625,8.25,EOD,569,ESH5,0.84
2025-03-17,2025,B,-1,525,"(1.2, 2.0)",147.15,245.25,122.625,8.25,EOD,569,ESH5,0.84
2025-03-17,2025,B,-1,525,"(0.179, 0.247)",21.949875,30.288375,122.625,8.25,EOD,569,ESH5,0.84
2025-03-28,2025,B,1,515,"(0.8, 1.5)",75.35714285714286,141.29464285714286,94.19642857142857,1.75,EOD,569,ESM5,0.84
2025-03-28,2025,B,1,515,"(0.8, 1.75)",75.35714285714286,164.84375,94.19642857142857,1.75,EOD,569,ESM5,0.84
2025-03-28,2025,B,1,515,"(0.8, 2.0)",75.35714285714286,188.39285714285714,94.19642857142857,1.75,EOD,569,ESM5,0.84
2025-03-28,2025,B,1,515,"(1.0, 1.5)",94.19642857142857,141.29464285714286,94.19642857142857,1.75,EOD,569,ESM5,0.84
2025-03-28,2025,B,1,515,"(1.0, 1.75)",94.19642857142857,164.84375,94.19642857142857,1.75,EOD,569,ESM5,0.84
2025-03-28,2025,B,1,515,"(1.0, 2.0)",94.19642857142857,188.39285714285714,94.19642857142857,1.75,EOD,569,ESM5,0.84
2025-03-28,2025,B,1,515,"(1.2, 1.5)",113.03571428571428,141.29464285714286,94.19642857142857,1.75,EOD,569,ESM5,0.84
2025-03-28,2025,B,1,515,"(1.2, 1.75)",113.03571428571428,164.84375,94.19642857142857,1.75,EOD,569,ESM5,0.84
2025-03-28,2025,B,1,515,"(1.2, 2.0)",113.03571428571428,188.39285714285714,94.19642857142857,1.75,EOD,569,ESM5,0.84
2025-03-28,2025,B,1,515,"(0.179, 0.247)",16.861160714285713,23.266517857142855,94.19642857142857,1.75,EOD,569,ESM5,0.84
2025-04-09,2025,B,1,425,"(0.8, 1.5)",132.84285714285713,249.0803571428571,166.05357142857142,42.0,EOD,569,ESM5,0.84
2025-04-09,2025,B,1,425,"(0.8, 1.75)",132.84285714285713,290.59375,166.05357142857142,42.0,EOD,569,ESM5,0.84
2025-04-09,2025,B,1,425,"(0.8, 2.0)",132.84285714285713,332.10714285714283,166.05357142857142,42.0,EOD,569,ESM5,0.84
2025-04-09,2025,B,1,425,"(1.0, 1.5)",166.05357142857142,249.0803571428571,166.05357142857142,42.0,EOD,569,ESM5,0.84
2025-04-09,2025,B,1,425,"(1.0, 1.75)",166.05357142857142,290.59375,166.05357142857142,42.0,EOD,569,ESM5,0.84
2025-04-09,2025,B,1,425,"(1.0, 2.0)",166.05357142857142,332.10714285714283,166.05357142857142,42.0,EOD,569,ESM5,0.84
2025-04-09,2025,B,1,425,"(1.2, 1.5)",199.2642857142857,249.0803571428571,166.05357142857142,42.0,EOD,569,ESM5,0.84
2025-04-09,2025,B,1,425,"(1.2, 1.75)",199.2642857142857,290.59375,166.05357142857142,42.0,EOD,569,ESM5,0.84
2025-04-09,2025,B,1,425,"(1.2, 2.0)",199.2642857142857,332.10714285714283,166.05357142857142,42.0,EOD,569,ESM5,0.84
2025-04-09,2025,B,1,425,"(0.179, 0.247)",29.723589285714283,41.01523214285714,166.05357142857142,41.0152321428568,TP,435,ESM5,0.84
2025-04-24,2025,B,1,460,"(0.8, 1.5)",194.04285714285714,363.8303571428571,242.55357142857142,27.5,EOD,569,ESM5,0.84
2025-04-24,2025,B,1,460,"(0.8, 1.75)",194.04285714285714,424.46875,242.55357142857142,27.5,EOD,569,ESM5,0.84
2025-04-24,2025,B,1,460,"(0.8, 2.0)",194.04285714285714,485.10714285714283,242.55357142857142,27.5,EOD,569,ESM5,0.84
2025-04-24,2025,B,1,460,"(1.0, 1.5)",242.55357142857142,363.8303571428571,242.55357142857142,27.5,EOD,569,ESM5,0.84
2025-04-24,2025,B,1,460,"(1.0, 1.75)",242.55357142857142,424.46875,242.55357142857142,27.5,EOD,569,ESM5,0.84
2025-04-24,2025,B,1,460,"(1.0, 2.0)",242.55357142857142,485.10714285714283,242.55357142857142,27.5,EOD,569,ESM5,0.84
2025-04-24,2025,B,1,460,"(1.2, 1.5)",291.0642857142857,363.8303571428571,242.55357142857142,27.5,EOD,569,ESM5,0.84
2025-04-24,2025,B,1,460,"(1.2, 1.75)",291.0642857142857,424.46875,242.55357142857142,27.5,EOD,569,ESM5,0.84
2025-04-24,2025,B,1,460,"(1.2, 2.0)",291.0642857142857,485.10714285714283,242.55357142857142,27.5,EOD,569,ESM5,0.84
2025-04-24,2025,B,1,460,"(0.179, 0.247)",43.41708928571428,59.91073214285714,242.55357142857142,27.5,EOD,569,ESM5,0.84
2025-04-30,2025,B,1,515,"(0.8, 1.5)",134.24285714285713,251.7053571428571,167.80357142857142,-19.5,EOD,569,ESM5,0.84
2025-04-30,2025,B,1,515,"(0.8, 1.75)",134.24285714285713,293.65625,167.80357142857142,-19.5,EOD,569,ESM5,0.84
2025-04-30,2025,B,1,515,"(0.8, 2.0)",134.24285714285713,335.60714285714283,167.80357142857142,-19.5,EOD,569,ESM5,0.84
2025-04-30,2025,B,1,515,"(1.0, 1.5)",167.80357142857142,251.7053571428571,167.80357142857142,-19.5,EOD,569,ESM5,0.84
2025-04-30,2025,B,1,515,"(1.0, 1.75)",167.80357142857142,293.65625,167.80357142857142,-19.5,EOD,569,ESM5,0.84
2025-04-30,2025,B,1,515,"(1.0, 2.0)",167.80357142857142,335.60714285714283,167.80357142857142,-19.5,EOD,569,ESM5,0.84
2025-04-30,2025,B,1,515,"(1.2, 1.5)",201.3642857142857,251.7053571428571,167.80357142857142,-19.5,EOD,569,ESM5,0.84
2025-04-30,2025,B,1,515,"(1.2, 1.75)",201.3642857142857,293.65625,167.80357142857142,-19.5,EOD,569,ESM5,0.84
2025-04-30,2025,B,1,515,"(1.2, 2.0)",201.3642857142857,335.60714285714283,167.80357142857142,-19.5,EOD,569,ESM5,0.84
2025-04-30,2025,B,1,515,"(0.179, 0.247)",30.036839285714283,41.44748214285714,167.80357142857142,-30.03683928571445,SL,526,ESM5,0.84
2025-05-05,2025,B,1,455,"(0.8, 1.5)",94.24285714285715,176.70535714285714,117.80357142857143,0.75,EOD,569,ESM5,0.84
2025-05-05,2025,B,1,455,"(0.8, 1.75)",94.24285714285715,206.15625,117.80357142857143,0.75,EOD,569,ESM5,0.84
2025-05-05,2025,B,1,455,"(0.8, 2.0)",94.24285714285715,235.60714285714286,117.80357142857143,0.75,EOD,569,ESM5,0.84
2025-05-05,2025,B,1,455,"(1.0, 1.5)",117.80357142857143,176.70535714285714,117.80357142857143,0.75,EOD,569,ESM5,0.84
2025-05-05,2025,B,1,455,"(1.0, 1.75)",117.80357142857143,206.15625,117.80357142857143,0.75,EOD,569,ESM5,0.84
2025-05-05,2025,B,1,455,"(1.0, 2.0)",117.80357142857143,235.60714285714286,117.80357142857143,0.75,EOD,569,ESM5,0.84
2025-05-05,2025,B,1,455,"(1.2, 1.5)",141.3642857142857,176.70535714285714,117.80357142857143,0.75,EOD,569,ESM5,0.84
2025-05-05,2025,B,1,455,"(1.2, 1.75)",141.3642857142857,206.15625,117.80357142857143,0.75,EOD,569,ESM5,0.84
2025-05-05,2025,B,1,455,"(1.2, 2.0)",141.3642857142857,235.60714285714286,117.80357142857143,0.75,EOD,569,ESM5,0.84
2025-05-05,2025,B,1,455,"(0.179, 0.247)",21.086839285714284,29.097482142857142,117.80357142857143,0.75,EOD,569,ESM5,0.84
2025-05-13,2025,B,-1,510,"(0.8, 1.5)",80.74285714285715,151.39285714285714,100.92857142857143,-4.0,EOD,569,ESM5,0.84
2025-05-13,2025,B,-1,510,"(0.8, 1.75)",80.74285714285715,176.625,100.92857142857143,-4.0,EOD,569,ESM5,0.84
2025-05-13,2025,B,-1,510,"(0.8, 2.0)",80.74285714285715,201.85714285714286,100.92857142857143,-4.0,EOD,569,ESM5,0.84
2025-05-13,2025,B,-1,510,"(1.0, 1.5)",100.92857142857143,151.39285714285714,100.92857142857143,-4.0,EOD,569,ESM5,0.84
2025-05-13,2025,B,-1,510,"(1.0, 1.75)",100.92857142857143,176.625,100.92857142857143,-4.0,EOD,569,ESM5,0.84
2025-05-13,2025,B,-1,510,"(1.0, 2.0)",100.92857142857143,201.85714285714286,100.92857142857143,-4.0,EOD,569,ESM5,0.84
2025-05-13,2025,B,-1,510,"(1.2, 1.5)",121.11428571428571,151.39285714285714,100.92857142857143,-4.0,EOD,569,ESM5,0.84
2025-05-13,2025,B,-1,510,"(1.2, 1.75)",121.11428571428571,176.625,100.92857142857143,-4.0,EOD,569,ESM5,0.84
2025-05-13,2025,B,-1,510,"(1.2, 2.0)",121.11428571428571,201.85714285714286,100.92857142857143,-4.0,EOD,569,ESM5,0.84
2025-05-13,2025,B,-1,510,"(0.179, 0.247)",18.066214285714285,24.929357142857143,100.92857142857143,-18.066214285714523,SL,510,ESM5,0.84
2025-05-15,2025,B,1,525,"(0.8, 1.5)",68.81428571428572,129.02678571428572,86.01785714285714,-6.25,EOD,569,ESM5,0.84
2025-05-15,2025,B,1,525,"(0.8, 1.75)",68.81428571428572,150.53125,86.01785714285714,-6.25,EOD,569,ESM5,0.84
2025-05-15,2025,B,1,525,"(0.8, 2.0)",68.81428571428572,172.03571428571428,86.01785714285714,-6.25,EOD,569,ESM5,0.84
2025-05-15,2025,B,1,525,"(1.0, 1.5)",86.01785714285714,129.02678571428572,86.01785714285714,-6.25,EOD,569,ESM5,0.84
2025-05-15,2025,B,1,525,"(1.0, 1.75)",86.01785714285714,150.53125,86.01785714285714,-6.25,EOD,569,ESM5,0.84
2025-05-15,2025,B,1,525,"(1.0, 2.0)",86.01785714285714,172.03571428571428,86.01785714285714,-6.25,EOD,569,ESM5,0.84
2025-05-15,2025,B,1,525,"(1.2, 1.5)",103.22142857142856,129.02678571428572,86.01785714285714,-6.25,EOD,569,ESM5,0.84
2025-05-15,2025,B,1,525,"(1.2, 1.75)",103.22142857142856,150.53125,86.01785714285714,-6.25,EOD,569,ESM5,0.84
2025-05-15,2025,B,1,525,"(1.2, 2.0)",103.22142857142856,172.03571428571428,86.01785714285714,-6.25,EOD,569,ESM5,0.84
2025-05-15,2025,B,1,525,"(0.179, 0.247)",15.397196428571426,21.246410714285712,86.01785714285714,-6.25,EOD,569,ESM5,0.84
2025-05-21,2025,B,1,460,"(0.8, 1.5)",60.85714285714286,114.10714285714286,76.07142857142857,-13.5,EOD,569,ESM5,0.84
2025-05-21,2025,B,1,460,"(0.8, 1.75)",60.85714285714286,133.125,76.07142857142857,-13.5,EOD,569,ESM5,0.84
2025-05-21,2025,B,1,460,"(0.8, 2.0)",60.85714285714286,152.14285714285714,76.07142857142857,-13.5,EOD,569,ESM5,0.84
2025-05-21,2025,B,1,460,"(1.0, 1.5)",76.07142857142857,114.10714285714286,76.07142857142857,-13.5,EOD,569,ESM5,0.84
2025-05-21,2025,B,1,460,"(1.0, 1.75)",76.07142857142857,133.125,76.07142857142857,-13.5,EOD,569,ESM5,0.84
2025-05-21,2025,B,1,460,"(1.0, 2.0)",76.07142857142857,152.14285714285714,76.07142857142857,-13.5,EOD,569,ESM5,0.84
2025-05-21,2025,B,1,460,"(1.2, 1.5)",91.28571428571428,114.10714285714286,76.07142857142857,-13.5,EOD,569,ESM5,0.84
2025-05-21,2025,B,1,460,"(1.2, 1.75)",91.28571428571428,133.125,76.07142857142857,-13.5,EOD,569,ESM5,0.84
2025-05-21,2025,B,1,460,"(1.2, 2.0)",91.28571428571428,152.14285714285714,76.07142857142857,-13.5,EOD,569,ESM5,0.84
2025-05-21,2025,B,1,460,"(0.179, 0.247)",13.616785714285713,18.789642857142855,76.07142857142857,-13.61678571428547,SL,554,ESM5,0.84
2025-05-28,2025,B,-1,400,"(0.8, 1.5)",60.42857142857144,113.30357142857144,75.53571428571429,-3.25,EOD,569,ESM5,0.84
2025-05-28,2025,B,-1,400,"(0.8, 1.75)",60.42857142857144,132.1875,75.53571428571429,-3.25,EOD,569,ESM5,0.84
2025-05-28,2025,B,-1,400,"(0.8, 2.0)",60.42857142857144,151.07142857142858,75.53571428571429,-3.25,EOD,569,ESM5,0.84
2025-05-28,2025,B,-1,400,"(1.0, 1.5)",75.53571428571429,113.30357142857144,75.53571428571429,-3.25,EOD,569,ESM5,0.84
2025-05-28,2025,B,-1,400,"(1.0, 1.75)",75.53571428571429,132.1875,75.53571428571429,-3.25,EOD,569,ESM5,0.84
2025-05-28,2025,B,-1,400,"(1.0, 2.0)",75.53571428571429,151.07142857142858,75.53571428571429,-3.25,EOD,569,ESM5,0.84
2025-05-28,2025,B,-1,400,"(1.2, 1.5)",90.64285714285715,113.30357142857144,75.53571428571429,-3.25,EOD,569,ESM5,0.84
2025-05-28,2025,B,-1,400,"(1.2, 1.75)",90.64285714285715,132.1875,75.53571428571429,-3.25,EOD,569,ESM5,0.84
2025-05-28,2025,B,-1,400,"(1.2, 2.0)",90.64285714285715,151.07142857142858,75.53571428571429,-3.25,EOD,569,ESM5,0.84
2025-05-28,2025,B,-1,400,"(0.179, 0.247)",13.520892857142858,18.65732142857143,75.53571428571429,-3.25,EOD,569,ESM5,0.84
2025-05-29,2025,B,-1,490,"(0.8, 1.5)",58.47142857142857,109.63392857142856,73.08928571428571,-5.25,EOD,569,ESM5,0.84
2025-05-29,2025,B,-1,490,"(0.8, 1.75)",58.47142857142857,127.90624999999999,73.08928571428571,-5.25,EOD,569,ESM5,0.84
2025-05-29,2025,B,-1,490,"(0.8, 2.0)",58.47142857142857,146.17857142857142,73.08928571428571,-5.25,EOD,569,ESM5,0.84
2025-05-29,2025,B,-1,490,"(1.0, 1.5)",73.08928571428571,109.63392857142856,73.08928571428571,-5.25,EOD,569,ESM5,0.84
2025-05-29,2025,B,-1,490,"(1.0, 1.75)",73.08928571428571,127.90624999999999,73.08928571428571,-5.25,EOD,569,ESM5,0.84
2025-05-29,2025,B,-1,490,"(1.0, 2.0)",73.08928571428571,146.17857142857142,73.08928571428571,-5.25,EOD,569,ESM5,0.84
2025-05-29,2025,B,-1,490,"(1.2, 1.5)",87.70714285714284,109.63392857142856,73.08928571428571,-5.25,EOD,569,ESM5,0.84
2025-05-29,2025,B,-1,490,"(1.2, 1.75)",87.70714285714284,127.90624999999999,73.08928571428571,-5.25,EOD,569,ESM5,0.84
2025-05-29,2025,B,-1,490,"(1.2, 2.0)",87.70714285714284,146.17857142857142,73.08928571428571,-5.25,EOD,569,ESM5,0.84
2025-05-29,2025,B,-1,490,"(0.179, 0.247)",13.08298214285714,18.05305357142857,73.08928571428571,-5.25,EOD,569,ESM5,0.84
2025-05-30,2025,B,1,495,"(0.8, 1.5)",59.88571428571429,112.28571428571429,74.85714285714286,21.5,EOD,569,ESM5,0.84
2025-05-30,2025,B,1,495,"(0.8, 1.75)",59.88571428571429,131.0,74.85714285714286,21.5,EOD,569,ESM5,0.84
2025-05-30,2025,B,1,495,"(0.8, 2.0)",59.88571428571429,149.71428571428572,74.85714285714286,21.5,EOD,569,ESM5,0.84
2025-05-30,2025,B,1,495,"(1.0, 1.5)",74.85714285714286,112.28571428571429,74.85714285714286,21.5,EOD,569,ESM5,0.84
2025-05-30,2025,B,1,495,"(1.0, 1.75)",74.85714285714286,131.0,74.85714285714286,21.5,EOD,569,ESM5,0.84
2025-05-30,2025,B,1,495,"(1.0, 2.0)",74.85714285714286,149.71428571428572,74.85714285714286,21.5,EOD,569,ESM5,0.84
2025-05-30,2025,B,1,495,"(1.2, 1.5)",89.82857142857144,112.28571428571429,74.85714285714286,21.5,EOD,569,ESM5,0.84
2025-05-30,2025,B,1,495,"(1.2, 1.75)",89.82857142857144,131.0,74.85714285714286,21.5,EOD,569,ESM5,0.84
2025-05-30,2025,B,1,495,"(1.2, 2.0)",89.82857142857144,149.71428571428572,74.85714285714286,21.5,EOD,569,ESM5,0.84
2025-05-30,2025,B,1,495,"(0.179, 0.247)",13.399428571428572,18.489714285714285,74.85714285714286,18.4897142857144,TP,558,ESM5,0.84
2025-06-05,2025,B,1,515,"(0.8, 1.5)",53.52857142857144,100.36607142857144,66.91071428571429,14.75,EOD,569,ESM5,0.84
2025-06-05,2025,B,1,515,"(0.8, 1.75)",53.52857142857144,117.09375000000001,66.91071428571429,14.75,EOD,569,ESM5,0.84
2025-06-05,2025,B,1,515,"(0.8, 2.0)",53.52857142857144,133.82142857142858,66.91071428571429,14.75,EOD,569,ESM5,0.84
2025-06-05,2025,B,1,515,"(1.0, 1.5)",66.91071428571429,100.36607142857144,66.91071428571429,14.75,EOD,569,ESM5,0.84
2025-06-05,2025,B,1,515,"(1.0, 1.75)",66.91071428571429,117.09375000000001,66.91071428571429,14.75,EOD,569,ESM5,0.84
2025-06-05,2025,B,1,515,"(1.0, 2.0)",66.91071428571429,133.82142857142858,66.91071428571429,14.75,EOD,569,ESM5,0.84
2025-06-05,2025,B,1,515,"(1.2, 1.5)",80.29285714285714,100.36607142857144,66.91071428571429,14.75,EOD,569,ESM5,0.84
2025-06-05,2025,B,1,515,"(1.2, 1.75)",80.29285714285714,117.09375000000001,66.91071428571429,14.75,EOD,569,ESM5,0.84
2025-06-05,2025,B,1,515,"(1.2, 2.0)",80.29285714285714,133.82142857142858,66.91071428571429,14.75,EOD,569,ESM5,0.84
2025-06-05,2025,B,1,515,"(0.179, 0.247)",11.977017857142858,16.52694642857143,66.91071428571429,16.526946428571136,TP,529,ESM5,0.84
2025-06-11,2025,B,-1,485,"(0.8, 1.5)",49.85714285714286,93.48214285714286,62.32142857142857,-14.0,EOD,569,ESM5,0.84
2025-06-11,2025,B,-1,485,"(0.8, 1.75)",49.85714285714286,109.0625,62.32142857142857,-14.0,EOD,569,ESM5,0.84
2025-06-11,2025,B,-1,485,"(0.8, 2.0)",49.85714285714286,124.64285714285714,62.32142857142857,-14.0,EOD,569,ESM5,0.84
2025-06-11,2025,B,-1,485,"(1.0, 1.5)",62.32142857142857,93.48214285714286,62.32142857142857,-14.0,EOD,569,ESM5,0.84
2025-06-11,2025,B,-1,485,"(1.0, 1.75)",62.32142857142857,109.0625,62.32142857142857,-14.0,EOD,569,ESM5,0.84
2025-06-11,2025,B,-1,485,"(1.0, 2.0)",62.32142857142857,124.64285714285714,62.32142857142857,-14.0,EOD,569,ESM5,0.84
2025-06-11,2025,B,-1,485,"(1.2, 1.5)",74.78571428571428,93.48214285714286,62.32142857142857,-14.0,EOD,569,ESM5,0.84
2025-06-11,2025,B,-1,485,"(1.2, 1.75)",74.78571428571428,109.0625,62.32142857142857,-14.0,EOD,569,ESM5,0.84
2025-06-11,2025,B,-1,485,"(1.2, 2.0)",74.78571428571428,124.64285714285714,62.32142857142857,-14.0,EOD,569,ESM5,0.84
2025-06-11,2025,B,-1,485,"(0.179, 0.247)",11.155535714285714,15.393392857142857,62.32142857142857,-11.155535714286088,SL,510,ESM5,0.84
2025-06-23,2025,B,1,470,"(0.8, 1.5)",47.900000000000006,89.8125,59.875,16.75,EOD,569,ESU5,0.84
2025-06-23,2025,B,1,470,"(0.8, 1.75)",47.900000000000006,104.78125,59.875,16.75,EOD,569,ESU5,0.84
2025-06-23,2025,B,1,470,"(0.8, 2.0)",47.900000000000006,119.75,59.875,16.75,EOD,569,ESU5,0.84
2025-06-23,2025,B,1,470,"(1.0, 1.5)",59.875,89.8125,59.875,16.75,EOD,569,ESU5,0.84
2025-06-23,2025,B,1,470,"(1.0, 1.75)",59.875,104.78125,59.875,16.75,EOD,569,ESU5,0.84
2025-06-23,2025,B,1,470,"(1.0, 2.0)",59.875,119.75,59.875,16.75,EOD,569,ESU5,0.84
2025-06-23,2025,B,1,470,"(1.2, 1.5)",71.85,89.8125,59.875,16.75,EOD,569,ESU5,0.84
2025-06-23,2025,B,1,470,"(1.2, 1.75)",71.85,104.78125,59.875,16.75,EOD,569,ESU5,0.84
2025-06-23,2025,B,1,470,"(1.2, 2.0)",71.85,119.75,59.875,16.75,EOD,569,ESU5,0.84
2025-06-23,2025,B,1,470,"(0.179, 0.247)",10.717625,14.789125,59.875,14.78912500000024,TP,526,ESU5,0.84
2025-06-25,2025,B,-1,475,"(0.8, 1.5)",52.985714285714295,99.34821428571429,66.23214285714286,-0.5,EOD,569,ESU5,0.84
2025-06-25,2025,B,-1,475,"(0.8, 1.75)",52.985714285714295,115.90625,66.23214285714286,-0.5,EOD,569,ESU5,0.84
2025-06-25,2025,B,-1,475,"(0.8, 2.0)",52.985714285714295,132.46428571428572,66.23214285714286,-0.5,EOD,569,ESU5,0.84
2025-06-25,2025,B,-1,475,"(1.0, 1.5)",66.23214285714286,99.34821428571429,66.23214285714286,-0.5,EOD,569,ESU5,0.84
2025-06-25,2025,B,-1,475,"(1.0, 1.75)",66.23214285714286,115.90625,66.23214285714286,-0.5,EOD,569,ESU5,0.84
2025-06-25,2025,B,-1,475,"(1.0, 2.0)",66.23214285714286,132.46428571428572,66.23214285714286,-0.5,EOD,569,ESU5,0.84
2025-06-25,2025,B,-1,475,"(1.2, 1.5)",79.47857142857143,99.34821428571429,66.23214285714286,-0.5,EOD,569,ESU5,0.84
2025-06-25,2025,B,-1,475,"(1.2, 1.75)",79.47857142857143,115.90625,66.23214285714286,-0.5,EOD,569,ESU5,0.84
2025-06-25,2025,B,-1,475,"(1.2, 2.0)",79.47857142857143,132.46428571428572,66.23214285714286,-0.5,EOD,569,ESU5,0.84
2025-06-25,2025,B,-1,475,"(0.179, 0.247)",11.855553571428572,16.359339285714288,66.23214285714286,-0.5,EOD,569,ESU5,0.84
2025-07-09,2025,B,-1,535,"(0.8, 1.5)",43.98571428571429,82.47321428571428,54.982142857142854,-8.0,EOD,569,ESU5,0.84
2025-07-09,2025,B,-1,535,"(0.8, 1.75)",43.98571428571429,96.21875,54.982142857142854,-8.0,EOD,569,ESU5,0.84
2025-07-09,2025,B,-1,535,"(0.8, 2.0)",43.98571428571429,109.96428571428571,54.982142857142854,-8.0,EOD,569,ESU5,0.84
2025-07-09,2025,B,-1,535,"(1.0, 1.5)",54.982142857142854,82.47321428571428,54.982142857142854,-8.0,EOD,569,ESU5,0.84
2025-07-09,2025,B,-1,535,"(1.0, 1.75)",54.982142857142854,96.21875,54.982142857142854,-8.0,EOD,569,ESU5,0.84
2025-07-09,2025,B,-1,535,"(1.0, 2.0)",54.982142857142854,109.96428571428571,54.982142857142854,-8.0,EOD,569,ESU5,0.84
2025-07-09,2025,B,-1,535,"(1.2, 1.5)",65.97857142857143,82.47321428571428,54.982142857142854,-8.0,EOD,569,ESU5,0.84
2025-07-09,2025,B,-1,535,"(1.2, 1.75)",65.97857142857143,96.21875,54.982142857142854,-8.0,EOD,569,ESU5,0.84
2025-07-09,2025,B,-1,535,"(1.2, 2.0)",65.97857142857143,109.96428571428571,54.982142857142854,-8.0,EOD,569,ESU5,0.84
2025-07-09,2025,B,-1,535,"(0.179, 0.247)",9.84180357142857,13.580589285714284,54.982142857142854,-8.0,EOD,569,ESU5,0.84
2025-07-14,2025,B,1,430,"(0.8, 1.5)",37.31428571428572,69.96428571428572,46.642857142857146,13.25,EOD,569,ESU5,0.84
2025-07-14,2025,B,1,430,"(0.8, 1.75)",37.31428571428572,81.625,46.642857142857146,13.25,EOD,569,ESU5,0.84
2025-07-14,2025,B,1,430,"(0.8, 2.0)",37.31428571428572,93.28571428571429,46.642857142857146,13.25,EOD,569,ESU5,0.84
2025-07-14,2025,B,1,430,"(1.0, 1.5)",46.642857142857146,69.96428571428572,46.642857142857146,13.25,EOD,569,ESU5,0.84
2025-07-14,2025,B,1,430,"(1.0, 1.75)",46.642857142857146,81.625,46.642857142857146,13.25,EOD,569,ESU5,0.84
2025-07-14,2025,B,1,430,"(1.0, 2.0)",46.642857142857146,93.28571428571429,46.642857142857146,13.25,EOD,569,ESU5,0.84
2025-07-14,2025,B,1,430,"(1.2, 1.5)",55.971428571428575,69.96428571428572,46.642857142857146,13.25,EOD,569,ESU5,0.84
2025-07-14,2025,B,1,430,"(1.2, 1.75)",55.971428571428575,81.625,46.642857142857146,13.25,EOD,569,ESU5,0.84
2025-07-14,2025,B,1,430,"(1.2, 2.0)",55.971428571428575,93.28571428571429,46.642857142857146,13.25,EOD,569,ESU5,0.84
2025-07-14,2025,B,1,430,"(0.179, 0.247)",8.34907142857143,11.520785714285715,46.642857142857146,11.520785714285921,TP,569,ESU5,0.84
2025-07-21,2025,B,-1,375,"(0.8, 1.5)",36.01428571428572,67.52678571428572,45.017857142857146,7.25,EOD,569,ESU5,0.84
2025-07-21,2025,B,-1,375,"(0.8, 1.75)",36.01428571428572,78.78125,45.017857142857146,7.25,EOD,569,ESU5,0.84
2025-07-21,2025,B,-1,375,"(0.8, 2.0)",36.01428571428572,90.03571428571429,45.017857142857146,7.25,EOD,569,ESU5,0.84
2025-07-21,2025,B,-1,375,"(1.0, 1.5)",45.017857142857146,67.52678571428572,45.017857142857146,7.25,EOD,569,ESU5,0.84
2025-07-21,2025,B,-1,375,"(1.0, 1.75)",45.017857142857146,78.78125,45.017857142857146,7.25,EOD,569,ESU5,0.84
2025-07-21,2025,B,-1,375,"(1.0, 2.0)",45.017857142857146,90.03571428571429,45.017857142857146,7.25,EOD,569,ESU5,0.84
2025-07-21,2025,B,-1,375,"(1.2, 1.5)",54.02142857142857,67.52678571428572,45.017857142857146,7.25,EOD,569,ESU5,0.84
2025-07-21,2025,B,-1,375,"(1.2, 1.75)",54.02142857142857,78.78125,45.017857142857146,7.25,EOD,569,ESU5,0.84
2025-07-21,2025,B,-1,375,"(1.2, 2.0)",54.02142857142857,90.03571428571429,45.017857142857146,7.25,EOD,569,ESU5,0.84
2025-07-21,2025,B,-1,375,"(0.179, 0.247)",8.05819642857143,11.119410714285715,45.017857142857146,11.11941071428555,TP,540,ESU5,0.84
2025-07-24,2025,B,-1,425,"(0.8, 1.5)",35.885714285714286,67.28571428571428,44.857142857142854,-3.0,EOD,569,ESU5,0.84
2025-07-24,2025,B,-1,425,"(0.8, 1.75)",35.885714285714286,78.5,44.857142857142854,-3.0,EOD,569,ESU5,0.84
2025-07-24,2025,B,-1,425,"(0.8, 2.0)",35.885714285714286,89.71428571428571,44.857142857142854,-3.0,EOD,569,ESU5,0.84
2025-07-24,2025,B,-1,425,"(1.0, 1.5)",44.857142857142854,67.28571428571428,44.857142857142854,-3.0,EOD,569,ESU5,0.84
2025-07-24,2025,B,-1,425,"(1.0, 1.75)",44.857142857142854,78.5,44.857142857142854,-3.0,EOD,569,ESU5,0.84
2025-07-24,2025,B,-1,425,"(1.0, 2.0)",44.857142857142854,89.71428571428571,44.857142857142854,-3.0,EOD,569,ESU5,0.84
2025-07-24,2025,B,-1,425,"(1.2, 1.5)",53.82857142857142,67.28571428571428,44.857142857142854,-3.0,EOD,569,ESU5,0.84
2025-07-24,2025,B,-1,425,"(1.2, 1.75)",53.82857142857142,78.5,44.857142857142854,-3.0,EOD,569,ESU5,0.84
2025-07-24,2025,B,-1,425,"(1.2, 2.0)",53.82857142857142,89.71428571428571,44.857142857142854,-3.0,EOD,569,ESU5,0.84
2025-07-24,2025,B,-1,425,"(0.179, 0.247)",8.029428571428571,11.079714285714285,44.857142857142854,-3.0,EOD,569,ESU5,0.84
2025-08-11,2025,B,-1,535,"(0.8, 1.5)",47.62857142857143,89.30357142857143,59.535714285714285,1.25,EOD,569,ESU5,0.84
2025-08-11,2025,B,-1,535,"(0.8, 1.75)",47.62857142857143,104.1875,59.535714285714285,1.25,EOD,569,ESU5,0.84
2025-08-11,2025,B,-1,535,"(0.8, 2.0)",47.62857142857143,119.07142857142857,59.535714285714285,1.25,EOD,569,ESU5,0.84
2025-08-11,2025,B,-1,535,"(1.0, 1.5)",59.535714285714285,89.30357142857143,59.535714285714285,1.25,EOD,569,ESU5,0.84
2025-08-11,2025,B,-1,535,"(1.0, 1.75)",59.535714285714285,104.1875,59.535714285714285,1.25,EOD,569,ESU5,0.84
2025-08-11,2025,B,-1,535,"(1.0, 2.0)",59.535714285714285,119.07142857142857,59.535714285714285,1.25,EOD,569,ESU5,0.84
2025-08-11,2025,B,-1,535,"(1.2, 1.5)",71.44285714285714,89.30357142857143,59.535714285714285,1.25,EOD,569,ESU5,0.84
2025-08-11,2025,B,-1,535,"(1.2, 1.75)",71.44285714285714,104.1875,59.535714285714285,1.25,EOD,569,ESU5,0.84
2025-08-11,2025,B,-1,535,"(1.2, 2.0)",71.44285714285714,119.07142857142857,59.535714285714285,1.25,EOD,569,ESU5,0.84
2025-08-11,2025,B,-1,535,"(0.179, 0.247)",10.656892857142857,14.705321428571429,59.535714285714285,1.25,EOD,569,ESU5,0.84
2025-08-18,2025,B,1,490,"(0.8, 1.5)",50.71428571428572,95.08928571428572,63.392857142857146,1.5,EOD,569,ESU5,0.84
2025-08-18,2025,B,1,490,"(0.8, 1.75)",50.71428571428572,110.9375,63.392857142857146,1.5,EOD,569,ESU5,0.84
2025-08-18,2025,B,1,490,"(0.8, 2.0)",50.71428571428572,126.78571428571429,63.392857142857146,1.5,EOD,569,ESU5,0.84
2025-08-18,2025,B,1,490,"(1.0, 1.5)",63.392857142857146,95.08928571428572,63.392857142857146,1.5,EOD,569,ESU5,0.84
2025-08-18,2025,B,1,490,"(1.0, 1.75)",63.392857142857146,110.9375,63.392857142857146,1.5,EOD,569,ESU5,0.84
2025-08-18,2025,B,1,490,"(1.0, 2.0)",63.392857142857146,126.78571428571429,63.392857142857146,1.5,EOD,569,ESU5,0.84
2025-08-18,2025,B,1,490,"(1.2, 1.5)",76.07142857142857,95.08928571428572,63.392857142857146,1.5,EOD,569,ESU5,0.84
2025-08-18,2025,B,1,490,"(1.2, 1.75)",76.07142857142857,110.9375,63.392857142857146,1.5,EOD,569,ESU5,0.84
2025-08-18,2025,B,1,490,"(1.2, 2.0)",76.07142857142857,126.78571428571429,63.392857142857146,1.5,EOD,569,ESU5,0.84
2025-08-18,2025,B,1,490,"(0.179, 0.247)",11.347321428571428,15.658035714285715,63.392857142857146,1.5,EOD,569,ESU5,0.84
2025-08-20,2025,B,1,470,"(0.8, 1.5)",48.900000000000006,91.6875,61.125,6.5,EOD,569,ESU5,0.84
2025-08-20,2025,B,1,470,"(0.8, 1.75)",48.900000000000006,106.96875,61.125,6.5,EOD,569,ESU5,0.84
2025-08-20,2025,B,1,470,"(0.8, 2.0)",48.900000000000006,122.25,61.125,6.5,EOD,569,ESU5,0.84
2025-08-20,2025,B,1,470,"(1.0, 1.5)",61.125,91.6875,61.125,6.5,EOD,569,ESU5,0.84
2025-08-20,2025,B,1,470,"(1.0, 1.75)",61.125,106.96875,61.125,6.5,EOD,569,ESU5,0.84
2025-08-20,2025,B,1,470,"(1.0, 2.0)",61.125,122.25,61.125,6.5,EOD,569,ESU5,0.84
2025-08-20,2025,B,1,470,"(1.2, 1.5)",73.35,91.6875,61.125,6.5,EOD,569,ESU5,0.84
2025-08-20,2025,B,1,470,"(1.2, 1.75)",73.35,106.96875,61.125,6.5,EOD,569,ESU5,0.84
2025-08-20,2025,B,1,470,"(1.2, 2.0)",73.35,122.25,61.125,6.5,EOD,569,ESU5,0.84
2025-08-20,2025,B,1,470,"(0.179, 0.247)",10.941374999999999,15.097875,61.125,6.5,EOD,569,ESU5,0.84
2025-08-27,2025,B,-1,425,"(0.8, 1.5)",41.02857142857143,76.92857142857143,51.285714285714285,10.5,EOD,569,ESU5,0.84
2025-08-27,2025,B,-1,425,"(0.8, 1.75)",41.02857142857143,89.75,51.285714285714285,10.5,EOD,569,ESU5,0.84
2025-08-27,2025,B,-1,425,"(0.8, 2.0)",41.02857142857143,102.57142857142857,51.285714285714285,10.5,EOD,569,ESU5,0.84
2025-08-27,2025,B,-1,425,"(1.0, 1.5)",51.285714285714285,76.92857142857143,51.285714285714285,10.5,EOD,569,ESU5,0.84
2025-08-27,2025,B,-1,425,"(1.0, 1.75)",51.285714285714285,89.75,51.285714285714285,10.5,EOD,569,ESU5,0.84
2025-08-27,2025,B,-1,425,"(1.0, 2.0)",51.285714285714285,102.57142857142857,51.285714285714285,10.5,EOD,569,ESU5,0.84
2025-08-27,2025,B,-1,425,"(1.2, 1.5)",61.54285714285714,76.92857142857143,51.285714285714285,10.5,EOD,569,ESU5,0.84
2025-08-27,2025,B,-1,425,"(1.2, 1.75)",61.54285714285714,89.75,51.285714285714285,10.5,EOD,569,ESU5,0.84
2025-08-27,2025,B,-1,425,"(1.2, 2.0)",61.54285714285714,102.57142857142857,51.285714285714285,10.5,EOD,569,ESU5,0.84
2025-08-27,2025,B,-1,425,"(0.179, 0.247)",9.180142857142856,12.667571428571428,51.285714285714285,10.5,EOD,569,ESU5,0.84
2025-08-28,2025,B,-1,525,"(0.8, 1.5)",38.15714285714286,71.54464285714286,47.69642857142857,1.25,EOD,569,ESU5,0.84
2025-08-28,2025,B,-1,525,"(0.8, 1.75)",38.15714285714286,83.46875,47.69642857142857,1.25,EOD,569,ESU5,0.84
2025-08-28,2025,B,-1,525,"(0.8, 2.0)",38.15714285714286,95.39285714285714,47.69642857142857,1.25,EOD,569,ESU5,0.84
2025-08-28,2025,B,-1,525,"(1.0, 1.5)",47.69642857142857,71.54464285714286,47.69642857142857,1.25,EOD,569,ESU5,0.84
2025-08-28,2025,B,-1,525,"(1.0, 1.75)",47.69642857142857,83.46875,47.69642857142857,1.25,EOD,569,ESU5,0.84
2025-08-28,2025,B,-1,525,"(1.0, 2.0)",47.69642857142857,95.39285714285714,47.69642857142857,1.25,EOD,569,ESU5,0.84
2025-08-28,2025,B,-1,525,"(1.2, 1.5)",57.23571428571428,71.54464285714286,47.69642857142857,1.25,EOD,569,ESU5,0.84
2025-08-28,2025,B,-1,525,"(1.2, 1.75)",57.23571428571428,83.46875,47.69642857142857,1.25,EOD,569,ESU5,0.84
2025-08-28,2025,B,-1,525,"(1.2, 2.0)",57.23571428571428,95.39285714285714,47.69642857142857,1.25,EOD,569,ESU5,0.84
2025-08-28,2025,B,-1,525,"(0.179, 0.247)",8.537660714285714,11.781017857142857,47.69642857142857,1.25,EOD,569,ESU5,0.84
2025-09-15,2025,B,-1,500,"(0.8, 1.5)",38.52857142857143,72.24107142857143,48.160714285714285,-5.25,EOD,569,ESU5,0.84
2025-09-15,2025,B,-1,500,"(0.8, 1.75)",38.52857142857143,84.28125,48.160714285714285,-5.25,EOD,569,ESU5,0.84
2025-09-15,2025,B,-1,500,"(0.8, 2.0)",38.52857142857143,96.32142857142857,48.160714285714285,-5.25,EOD,569,ESU5,0.84
2025-09-15,2025,B,-1,500,"(1.0, 1.5)",48.160714285714285,72.24107142857143,48.160714285714285,-5.25,EOD,569,ESU5,0.84
2025-09-15,2025,B,-1,500,"(1.0, 1.75)",48.160714285714285,84.28125,48.160714285714285,-5.25,EOD,569,ESU5,0.84
2025-09-15,2025,B,-1,500,"(1.0, 2.0)",48.160714285714285,96.32142857142857,48.160714285714285,-5.25,EOD,569,ESU5,0.84
2025-09-15,2025,B,-1,500,"(1.2, 1.5)",57.79285714285714,72.24107142857143,48.160714285714285,-5.25,EOD,569,ESU5,0.84
2025-09-15,2025,B,-1,500,"(1.2, 1.75)",57.79285714285714,84.28125,48.160714285714285,-5.25,EOD,569,ESU5,0.84
2025-09-15,2025,B,-1,500,"(1.2, 2.0)",57.79285714285714,96.32142857142857,48.160714285714285,-5.25,EOD,569,ESU5,0.84
2025-09-15,2025,B,-1,500,"(0.179, 0.247)",8.620767857142857,11.895696428571428,48.160714285714285,-5.25,EOD,569,ESU5,0.84
2025-10-07,2025,B,-1,535,"(0.8, 1.5)",40.871428571428574,76.63392857142857,51.089285714285715,-0.0,EOD,569,ESZ5,0.84
2025-10-07,2025,B,-1,535,"(0.8, 1.75)",40.871428571428574,89.40625,51.089285714285715,-0.0,EOD,569,ESZ5,0.84
2025-10-07,2025,B,-1,535,"(0.8, 2.0)",40.871428571428574,102.17857142857143,51.089285714285715,-0.0,EOD,569,ESZ5,0.84
2025-10-07,2025,B,-1,535,"(1.0, 1.5)",51.089285714285715,76.63392857142857,51.089285714285715,-0.0,EOD,569,ESZ5,0.84
2025-10-07,2025,B,-1,535,"(1.0, 1.75)",51.089285714285715,89.40625,51.089285714285715,-0.0,EOD,569,ESZ5,0.84
2025-10-07,2025,B,-1,535,"(1.0, 2.0)",51.089285714285715,102.17857142857143,51.089285714285715,-0.0,EOD,569,ESZ5,0.84
2025-10-07,2025,B,-1,535,"(1.2, 1.5)",61.30714285714286,76.63392857142857,51.089285714285715,-0.0,EOD,569,ESZ5,0.84
2025-10-07,2025,B,-1,535,"(1.2, 1.75)",61.30714285714286,89.40625,51.089285714285715,-0.0,EOD,569,ESZ5,0.84
2025-10-07,2025,B,-1,535,"(1.2, 2.0)",61.30714285714286,102.17857142857143,51.089285714285715,-0.0,EOD,569,ESZ5,0.84
2025-10-07,2025,B,-1,535,"(0.179, 0.247)",9.144982142857142,12.619053571428571,51.089285714285715,-0.0,EOD,569,ESZ5,0.84
2025-10-09,2025,B,-1,465,"(0.8, 1.5)",38.7,72.5625,48.375,-3.0,EOD,569,ESZ5,0.84
2025-10-09,2025,B,-1,465,"(0.8, 1.75)",38.7,84.65625,48.375,-3.0,EOD,569,ESZ5,0.84
2025-10-09,2025,B,-1,465,"(0.8, 2.0)",38.7,96.75,48.375,-3.0,EOD,569,ESZ5,0.84
2025-10-09,2025,B,-1,465,"(1.0, 1.5)",48.375,72.5625,48.375,-3.0,EOD,569,ESZ5,0.84
2025-10-09,2025,B,-1,465,"(1.0, 1.75)",48.375,84.65625,48.375,-3.0,EOD,569,ESZ5,0.84
2025-10-09,2025,B,-1,465,"(1.0, 2.0)",48.375,96.75,48.375,-3.0,EOD,569,ESZ5,0.84
2025-10-09,2025,B,-1,465,"(1.2, 1.5)",58.05,72.5625,48.375,-3.0,EOD,569,ESZ5,0.84
2025-10-09,2025,B,-1,465,"(1.2, 1.75)",58.05,84.65625,48.375,-3.0,EOD,569,ESZ5,0.84
2025-10-09,2025,B,-1,465,"(1.2, 2.0)",58.05,96.75,48.375,-3.0,EOD,569,ESZ5,0.84
2025-10-09,2025,B,-1,465,"(0.179, 0.247)",8.659125,11.948625,48.375,-3.0,EOD,569,ESZ5,0.84
2025-10-31,2025,B,-1,520,"(0.8, 1.5)",65.31428571428572,122.46428571428571,81.64285714285714,6.5,EOD,569,ESZ5,0.84
2025-10-31,2025,B,-1,520,"(0.8, 1.75)",65.31428571428572,142.875,81.64285714285714,6.5,EOD,569,ESZ5,0.84
2025-10-31,2025,B,-1,520,"(0.8, 2.0)",65.31428571428572,163.28571428571428,81.64285714285714,6.5,EOD,569,ESZ5,0.84
2025-10-31,2025,B,-1,520,"(1.0, 1.5)",81.64285714285714,122.46428571428571,81.64285714285714,6.5,EOD,569,ESZ5,0.84
2025-10-31,2025,B,-1,520,"(1.0, 1.75)",81.64285714285714,142.875,81.64285714285714,6.5,EOD,569,ESZ5,0.84
2025-10-31,2025,B,-1,520,"(1.0, 2.0)",81.64285714285714,163.28571428571428,81.64285714285714,6.5,EOD,569,ESZ5,0.84
2025-10-31,2025,B,-1,520,"(1.2, 1.5)",97.97142857142856,122.46428571428571,81.64285714285714,6.5,EOD,569,ESZ5,0.84
2025-10-31,2025,B,-1,520,"(1.2, 1.75)",97.97142857142856,142.875,81.64285714285714,6.5,EOD,569,ESZ5,0.84
2025-10-31,2025,B,-1,520,"(1.2, 2.0)",97.97142857142856,163.28571428571428,81.64285714285714,6.5,EOD,569,ESZ5,0.84
2025-10-31,2025,B,-1,520,"(0.179, 0.247)",14.614071428571426,20.165785714285715,81.64285714285714,6.5,EOD,569,ESZ5,0.84
2025-11-03,2025,B,-1,545,"(0.8, 1.5)",62.02857142857144,116.30357142857144,77.53571428571429,-6.25,EOD,569,ESZ5,0.84
2025-11-03,2025,B,-1,545,"(0.8, 1.75)",62.02857142857144,135.6875,77.53571428571429,-6.25,EOD,569,ESZ5,0.84
2025-11-03,2025,B,-1,545,"(0.8, 2.0)",62.02857142857144,155.07142857142858,77.53571428571429,-6.25,EOD,569,ESZ5,0.84
2025-11-03,2025,B,-1,545,"(1.0, 1.5)",77.53571428571429,116.30357142857144,77.53571428571429,-6.25,EOD,569,ESZ5,0.84
2025-11-03,2025,B,-1,545,"(1.0, 1.75)",77.53571428571429,135.6875,77.53571428571429,-6.25,EOD,569,ESZ5,0.84
2025-11-03,2025,B,-1,545,"(1.0, 2.0)",77.53571428571429,155.07142857142858,77.53571428571429,-6.25,EOD,569,ESZ5,0.84
2025-11-03,2025,B,-1,545,"(1.2, 1.5)",93.04285714285714,116.30357142857144,77.53571428571429,-6.25,EOD,569,ESZ5,0.84
2025-11-03,2025,B,-1,545,"(1.2, 1.75)",93.04285714285714,135.6875,77.53571428571429,-6.25,EOD,569,ESZ5,0.84
2025-11-03,2025,B,-1,545,"(1.2, 2.0)",93.04285714285714,155.07142857142858,77.53571428571429,-6.25,EOD,569,ESZ5,0.84
2025-11-03,2025,B,-1,545,"(0.179, 0.247)",13.878892857142858,19.15132142857143,77.53571428571429,-6.25,EOD,569,ESZ5,0.84
2025-11-05,2025,B,1,480,"(0.8, 1.5)",56.65714285714286,106.23214285714286,70.82142857142857,3.0,EOD,569,ESZ5,0.84
2025-11-05,2025,B,1,480,"(0.8, 1.75)",56.65714285714286,123.9375,70.82142857142857,3.0,EOD,569,ESZ5,0.84
2025-11-05,2025,B,1,480,"(0.8, 2.0)",56.65714285714286,141.64285714285714,70.82142857142857,3.0,EOD,569,ESZ5,0.84
2025-11-05,2025,B,1,480,"(1.0, 1.5)",70.82142857142857,106.23214285714286,70.82142857142857,3.0,EOD,569,ESZ5,0.84
2025-11-05,2025,B,1,480,"(1.0, 1.75)",70.82142857142857,123.9375,70.82142857142857,3.0,EOD,569,ESZ5,0.84
2025-11-05,2025,B,1,480,"(1.0, 2.0)",70.82142857142857,141.64285714285714,70.82142857142857,3.0,EOD,569,ESZ5,0.84
2025-11-05,2025,B,1,480,"(1.2, 1.5)",84.98571428571428,106.23214285714286,70.82142857142857,3.0,EOD,569,ESZ5,0.84
2025-11-05,2025,B,1,480,"(1.2, 1.75)",84.98571428571428,123.9375,70.82142857142857,3.0,EOD,569,ESZ5,0.84
2025-11-05,2025,B,1,480,"(1.2, 2.0)",84.98571428571428,141.64285714285714,70.82142857142857,3.0,EOD,569,ESZ5,0.84
2025-11-05,2025,B,1,480,"(0.179, 0.247)",12.677035714285713,17.492892857142856,70.82142857142857,3.0,EOD,569,ESZ5,0.84
2025-11-13,2025,B,1,520,"(0.8, 1.5)",57.642857142857146,108.08035714285714,72.05357142857143,-5.25,EOD,569,ESZ5,0.84
2025-11-13,2025,B,1,520,"(0.8, 1.75)",57.642857142857146,126.09375,72.05357142857143,-5.25,EOD,569,ESZ5,0.84
2025-11-13,2025,B,1,520,"(0.8, 2.0)",57.642857142857146,144.10714285714286,72.05357142857143,-5.25,EOD,569,ESZ5,0.84
2025-11-13,2025,B,1,520,"(1.0, 1.5)",72.05357142857143,108.08035714285714,72.05357142857143,-5.25,EOD,569,ESZ5,0.84
2025-11-13,2025,B,1,520,"(1.0, 1.75)",72.05357142857143,126.09375,72.05357142857143,-5.25,EOD,569,ESZ5,0.84
2025-11-13,2025,B,1,520,"(1.0, 2.0)",72.05357142857143,144.10714285714286,72.05357142857143,-5.25,EOD,569,ESZ5,0.84
2025-11-13,2025,B,1,520,"(1.2, 1.5)",86.46428571428571,108.08035714285714,72.05357142857143,-5.25,EOD,569,ESZ5,0.84
2025-11-13,2025,B,1,520,"(1.2, 1.75)",86.46428571428571,126.09375,72.05357142857143,-5.25,EOD,569,ESZ5,0.84
2025-11-13,2025,B,1,520,"(1.2, 2.0)",86.46428571428571,144.10714285714286,72.05357142857143,-5.25,EOD,569,ESZ5,0.84
2025-11-13,2025,B,1,520,"(0.179, 0.247)",12.897589285714286,17.797232142857144,72.05357142857143,-5.25,EOD,569,ESZ5,0.84
2025-11-18,2025,B,1,430,"(0.8, 1.5)",67.84285714285714,127.20535714285714,84.80357142857143,-3.0,EOD,569,ESZ5,0.84
2025-11-18,2025,B,1,430,"(0.8, 1.75)",67.84285714285714,148.40625,84.80357142857143,-3.0,EOD,569,ESZ5,0.84
2025-11-18,2025,B,1,430,"(0.8, 2.0)",67.84285714285714,169.60714285714286,84.80357142857143,-3.0,EOD,569,ESZ5,0.84
2025-11-18,2025,B,1,430,"(1.0, 1.5)",84.80357142857143,127.20535714285714,84.80357142857143,-3.0,EOD,569,ESZ5,0.84
2025-11-18,2025,B,1,430,"(1.0, 1.75)",84.80357142857143,148.40625,84.80357142857143,-3.0,EOD,569,ESZ5,0.84
2025-11-18,2025,B,1,430,"(1.0, 2.0)",84.80357142857143,169.60714285714286,84.80357142857143,-3.0,EOD,569,ESZ5,0.84
2025-11-18,2025,B,1,430,"(1.2, 1.5)",101.76428571428572,127.20535714285714,84.80357142857143,-3.0,EOD,569,ESZ5,0.84
2025-11-18,2025,B,1,430,"(1.2, 1.75)",101.76428571428572,148.40625,84.80357142857143,-3.0,EOD,569,ESZ5,0.84
2025-11-18,2025,B,1,430,"(1.2, 2.0)",101.76428571428572,169.60714285714286,84.80357142857143,-3.0,EOD,569,ESZ5,0.84
2025-11-18,2025,B,1,430,"(0.179, 0.247)",15.179839285714285,20.946482142857143,84.80357142857143,-15.179839285714479,SL,477,ESZ5,0.84
2025-11-25,2025,B,-1,465,"(0.8, 1.5)",86.04285714285714,161.33035714285714,107.55357142857143,7.5,EOD,569,ESZ5,0.84
2025-11-25,2025,B,-1,465,"(0.8, 1.75)",86.04285714285714,188.21875,107.55357142857143,7.5,EOD,569,ESZ5,0.84
2025-11-25,2025,B,-1,465,"(0.8, 2.0)",86.04285714285714,215.10714285714286,107.55357142857143,7.5,EOD,569,ESZ5,0.84
2025-11-25,2025,B,-1,465,"(1.0, 1.5)",107.55357142857143,161.33035714285714,107.55357142857143,7.5,EOD,569,ESZ5,0.84
2025-11-25,2025,B,-1,465,"(1.0, 1.75)",107.55357142857143,188.21875,107.55357142857143,7.5,EOD,569,ESZ5,0.84
2025-11-25,2025,B,-1,465,"(1.0, 2.0)",107.55357142857143,215.10714285714286,107.55357142857143,7.5,EOD,569,ESZ5,0.84
2025-11-25,2025,B,-1,465,"(1.2, 1.5)",129.06428571428572,161.33035714285714,107.55357142857143,7.5,EOD,569,ESZ5,0.84
2025-11-25,2025,B,-1,465,"(1.2, 1.75)",129.06428571428572,188.21875,107.55357142857143,7.5,EOD,569,ESZ5,0.84
2025-11-25,2025,B,-1,465,"(1.2, 2.0)",129.06428571428572,215.10714285714286,107.55357142857143,7.5,EOD,569,ESZ5,0.84
2025-11-25,2025,B,-1,465,"(0.179, 0.247)",19.252089285714284,26.565732142857144,107.55357142857143,7.5,EOD,569,ESZ5,0.84
2025-12-03,2025,B,1,555,"(0.8, 1.5)",77.80000000000001,145.875,97.25,9.5,EOD,569,ESZ5,0.84
2025-12-03,2025,B,1,555,"(0.8, 1.75)",77.80000000000001,170.1875,97.25,9.5,EOD,569,ESZ5,0.84
2025-12-03,2025,B,1,555,"(0.8, 2.0)",77.80000000000001,194.5,97.25,9.5,EOD,569,ESZ5,0.84
2025-12-03,2025,B,1,555,"(1.0, 1.5)",97.25,145.875,97.25,9.5,EOD,569,ESZ5,0.84
2025-12-03,2025,B,1,555,"(1.0, 1.75)",97.25,170.1875,97.25,9.5,EOD,569,ESZ5,0.84
2025-12-03,2025,B,1,555,"(1.0, 2.0)",97.25,194.5,97.25,9.5,EOD,569,ESZ5,0.84
2025-12-03,2025,B,1,555,"(1.2, 1.5)",116.69999999999999,145.875,97.25,9.5,EOD,569,ESZ5,0.84
2025-12-03,2025,B,1,555,"(1.2, 1.75)",116.69999999999999,170.1875,97.25,9.5,EOD,569,ESZ5,0.84
2025-12-03,2025,B,1,555,"(1.2, 2.0)",116.69999999999999,194.5,97.25,9.5,EOD,569,ESZ5,0.84
2025-12-03,2025,B,1,555,"(0.179, 0.247)",17.40775,24.02075,97.25,9.5,EOD,569,ESZ5,0.84
2025-12-05,2025,B,-1,510,"(0.8, 1.5)",68.57142857142857,128.57142857142856,85.71428571428571,1.0,EOD,569,ESZ5,0.84
2025-12-05,2025,B,-1,510,"(0.8, 1.75)",68.57142857142857,150.0,85.71428571428571,1.0,EOD,569,ESZ5,0.84
2025-12-05,2025,B,-1,510,"(0.8, 2.0)",68.57142857142857,171.42857142857142,85.71428571428571,1.0,EOD,569,ESZ5,0.84
2025-12-05,2025,B,-1,510,"(1.0, 1.5)",85.71428571428571,128.57142857142856,85.71428571428571,1.0,EOD,569,ESZ5,0.84
2025-12-05,2025,B,-1,510,"(1.0, 1.75)",85.71428571428571,150.0,85.71428571428571,1.0,EOD,569,ESZ5,0.84
2025-12-05,2025,B,-1,510,"(1.0, 2.0)",85.71428571428571,171.42857142857142,85.71428571428571,1.0,EOD,569,ESZ5,0.84
2025-12-05,2025,B,-1,510,"(1.2, 1.5)",102.85714285714285,128.57142857142856,85.71428571428571,1.0,EOD,569,ESZ5,0.84
2025-12-05,2025,B,-1,510,"(1.2, 1.75)",102.85714285714285,150.0,85.71428571428571,1.0,EOD,569,ESZ5,0.84
2025-12-05,2025,B,-1,510,"(1.2, 2.0)",102.85714285714285,171.42857142857142,85.71428571428571,1.0,EOD,569,ESZ5,0.84
2025-12-05,2025,B,-1,510,"(0.179, 0.247)",15.342857142857142,21.17142857142857,85.71428571428571,1.0,EOD,569,ESZ5,0.84
2025-12-17,2025,B,-1,335,"(0.8, 1.5)",41.471428571428575,77.75892857142857,51.839285714285715,14.25,EOD,569,ESH6,0.84
2025-12-17,2025,B,-1,335,"(0.8, 1.75)",41.471428571428575,90.71875,51.839285714285715,14.25,EOD,569,ESH6,0.84
2025-12-17,2025,B,-1,335,"(0.8, 2.0)",41.471428571428575,103.67857142857143,51.839285714285715,14.25,EOD,569,ESH6,0.84
2025-12-17,2025,B,-1,335,"(1.0, 1.5)",51.839285714285715,77.75892857142857,51.839285714285715,14.25,EOD,569,ESH6,0.84
2025-12-17,2025,B,-1,335,"(1.0, 1.75)",51.839285714285715,90.71875,51.839285714285715,14.25,EOD,569,ESH6,0.84
2025-12-17,2025,B,-1,335,"(1.0, 2.0)",51.839285714285715,103.67857142857143,51.839285714285715,14.25,EOD,569,ESH6,0.84
2025-12-17,2025,B,-1,335,"(1.2, 1.5)",62.207142857142856,77.75892857142857,51.839285714285715,14.25,EOD,569,ESH6,0.84
2025-12-17,2025,B,-1,335,"(1.2, 1.75)",62.207142857142856,90.71875,51.839285714285715,14.25,EOD,569,ESH6,0.84
2025-12-17,2025,B,-1,335,"(1.2, 2.0)",62.207142857142856,103.67857142857143,51.839285714285715,14.25,EOD,569,ESH6,0.84
2025-12-17,2025,B,-1,335,"(0.179, 0.247)",9.279232142857143,12.804303571428571,51.839285714285715,12.804303571428136,TP,499,ESH6,0.84
2026-01-09,2026,B,-1,485,"(0.8, 1.5)",39.6,74.25,49.5,-0.0,EOD,569,ESH6,0.84
2026-01-09,2026,B,-1,485,"(0.8, 1.75)",39.6,86.625,49.5,-0.0,EOD,569,ESH6,0.84
2026-01-09,2026,B,-1,485,"(0.8, 2.0)",39.6,99.0,49.5,-0.0,EOD,569,ESH6,0.84
2026-01-09,2026,B,-1,485,"(1.0, 1.5)",49.5,74.25,49.5,-0.0,EOD,569,ESH6,0.84
2026-01-09,2026,B,-1,485,"(1.0, 1.75)",49.5,86.625,49.5,-0.0,EOD,569,ESH6,0.84
2026-01-09,2026,B,-1,485,"(1.0, 2.0)",49.5,99.0,49.5,-0.0,EOD,569,ESH6,0.84
2026-01-09,2026,B,-1,485,"(1.2, 1.5)",59.4,74.25,49.5,-0.0,EOD,569,ESH6,0.84
2026-01-09,2026,B,-1,485,"(1.2, 1.75)",59.4,86.625,49.5,-0.0,EOD,569,ESH6,0.84
2026-01-09,2026,B,-1,485,"(1.2, 2.0)",59.4,99.0,49.5,-0.0,EOD,569,ESH6,0.84
2026-01-09,2026,B,-1,485,"(0.179, 0.247)",8.8605,12.2265,49.5,-8.860499999999774,SL,510,ESH6,0.84
2026-01-13,2026,B,-1,520,"(0.8, 1.5)",37.2,69.75,46.5,4.25,EOD,569,ESH6,0.84
2026-01-13,2026,B,-1,520,"(0.8, 1.75)",37.2,81.375,46.5,4.25,EOD,569,ESH6,0.84
2026-01-13,2026,B,-1,520,"(0.8, 2.0)",37.2,93.0,46.5,4.25,EOD,569,ESH6,0.84
2026-01-13,2026,B,-1,520,"(1.0, 1.5)",46.5,69.75,46.5,4.25,EOD,569,ESH6,0.84
2026-01-13,2026,B,-1,520,"(1.0, 1.75)",46.5,81.375,46.5,4.25,EOD,569,ESH6,0.84
2026-01-13,2026,B,-1,520,"(1.0, 2.0)",46.5,93.0,46.5,4.25,EOD,569,ESH6,0.84
2026-01-13,2026,B,-1,520,"(1.2, 1.5)",55.8,69.75,46.5,4.25,EOD,569,ESH6,0.84
2026-01-13,2026,B,-1,520,"(1.2, 1.75)",55.8,81.375,46.5,4.25,EOD,569,ESH6,0.84
2026-01-13,2026,B,-1,520,"(1.2, 2.0)",55.8,93.0,46.5,4.25,EOD,569,ESH6,0.84
2026-01-13,2026,B,-1,520,"(0.179, 0.247)",8.3235,11.4855,46.5,4.25,EOD,569,ESH6,0.84
2026-01-14,2026,B,1,325,"(0.8, 1.5)",37.18571428571428,69.72321428571428,46.482142857142854,-4.75,EOD,569,ESH6,0.84
2026-01-14,2026,B,1,325,"(0.8, 1.75)",37.18571428571428,81.34375,46.482142857142854,-4.75,EOD,569,ESH6,0.84
2026-01-14,2026,B,1,325,"(0.8, 2.0)",37.18571428571428,92.96428571428571,46.482142857142854,-4.75,EOD,569,ESH6,0.84
2026-01-14,2026,B,1,325,"(1.0, 1.5)",46.482142857142854,69.72321428571428,46.482142857142854,-4.75,EOD,569,ESH6,0.84
2026-01-14,2026,B,1,325,"(1.0, 1.75)",46.482142857142854,81.34375,46.482142857142854,-4.75,EOD,569,ESH6,0.84
2026-01-14,2026,B,1,325,"(1.0, 2.0)",46.482142857142854,92.96428571428571,46.482142857142854,-4.75,EOD,569,ESH6,0.84
2026-01-14,2026,B,1,325,"(1.2, 1.5)",55.778571428571425,69.72321428571428,46.482142857142854,-4.75,EOD,569,ESH6,0.84
2026-01-14,2026,B,1,325,"(1.2, 1.75)",55.778571428571425,81.34375,46.482142857142854,-4.75,EOD,569,ESH6,0.84
2026-01-14,2026,B,1,325,"(1.2, 2.0)",55.778571428571425,92.96428571428571,46.482142857142854,-4.75,EOD,569,ESH6,0.84
2026-01-14,2026,B,1,325,"(0.179, 0.247)",8.320303571428571,11.481089285714285,46.482142857142854,-8.320303571428667,SL,352,ESH6,0.84
2026-01-21,2026,B,1,430,"(0.8, 1.5)",47.642857142857146,89.33035714285714,59.55357142857143,29.75,EOD,569,ESH6,0.84
2026-01-21,2026,B,1,430,"(0.8, 1.75)",47.642857142857146,104.21875,59.55357142857143,29.75,EOD,569,ESH6,0.84
2026-01-21,2026,B,1,430,"(0.8, 2.0)",47.642857142857146,119.10714285714286,59.55357142857143,29.75,EOD,569,ESH6,0.84
2026-01-21,2026,B,1,430,"(1.0, 1.5)",59.55357142857143,89.33035714285714,59.55357142857143,29.75,EOD,569,ESH6,0.84
2026-01-21,2026,B,1,430,"(1.0, 1.75)",59.55357142857143,104.21875,59.55357142857143,29.75,EOD,569,ESH6,0.84
2026-01-21,2026,B,1,430,"(1.0, 2.0)",59.55357142857143,119.10714285714286,59.55357142857143,29.75,EOD,569,ESH6,0.84
2026-01-21,2026,B,1,430,"(1.2, 1.5)",71.46428571428571,89.33035714285714,59.55357142857143,29.75,EOD,569,ESH6,0.84
2026-01-21,2026,B,1,430,"(1.2, 1.75)",71.46428571428571,104.21875,59.55357142857143,29.75,EOD,569,ESH6,0.84
2026-01-21,2026,B,1,430,"(1.2, 2.0)",71.46428571428571,119.10714285714286,59.55357142857143,29.75,EOD,569,ESH6,0.84
2026-01-21,2026,B,1,430,"(0.179, 0.247)",10.660089285714285,14.709732142857144,59.55357142857143,14.70973214285732,TP,544,ESH6,0.84
2026-01-23,2026,B,1,545,"(0.8, 1.5)",49.885714285714286,93.53571428571428,62.357142857142854,7.0,EOD,569,ESH6,0.84
2026-01-23,2026,B,1,545,"(0.8, 1.75)",49.885714285714286,109.125,62.357142857142854,7.0,EOD,569,ESH6,0.84
2026-01-23,2026,B,1,545,"(0.8, 2.0)",49.885714285714286,124.71428571428571,62.357142857142854,7.0,EOD,569,ESH6,0.84
2026-01-23,2026,B,1,545,"(1.0, 1.5)",62.357142857142854,93.53571428571428,62.357142857142854,7.0,EOD,569,ESH6,0.84
2026-01-23,2026,B,1,545,"(1.0, 1.75)",62.357142857142854,109.125,62.357142857142854,7.0,EOD,569,ESH6,0.84
2026-01-23,2026,B,1,545,"(1.0, 2.0)",62.357142857142854,124.71428571428571,62.357142857142854,7.0,EOD,569,ESH6,0.84
2026-01-23,2026,B,1,545,"(1.2, 1.5)",74.82857142857142,93.53571428571428,62.357142857142854,7.0,EOD,569,ESH6,0.84
2026-01-23,2026,B,1,545,"(1.2, 1.75)",74.82857142857142,109.125,62.357142857142854,7.0,EOD,569,ESH6,0.84
2026-01-23,2026,B,1,545,"(1.2, 2.0)",74.82857142857142,124.71428571428571,62.357142857142854,7.0,EOD,569,ESH6,0.84
2026-01-23,2026,B,1,545,"(0.179, 0.247)",11.16192857142857,15.402214285714285,62.357142857142854,7.0,EOD,569,ESH6,0.84
2026-01-26,2026,B,1,300,"(0.8, 1.5)",48.5,90.9375,60.625,29.5,EOD,569,ESH6,0.84
2026-01-26,2026,B,1,300,"(0.8, 1.75)",48.5,106.09375,60.625,29.5,EOD,569,ESH6,0.84
2026-01-26,2026,B,1,300,"(0.8, 2.0)",48.5,121.25,60.625,29.5,EOD,569,ESH6,0.84
2026-01-26,2026,B,1,300,"(1.0, 1.5)",60.625,90.9375,60.625,29.5,EOD,569,ESH6,0.84
2026-01-26,2026,B,1,300,"(1.0, 1.75)",60.625,106.09375,60.625,29.5,EOD,569,ESH6,0.84
2026-01-26,2026,B,1,300,"(1.0, 2.0)",60.625,121.25,60.625,29.5,EOD,569,ESH6,0.84
2026-01-26,2026,B,1,300,"(1.2, 1.5)",72.75,90.9375,60.625,29.5,EOD,569,ESH6,0.84
2026-01-26,2026,B,1,300,"(1.2, 1.75)",72.75,106.09375,60.625,29.5,EOD,569,ESH6,0.84
2026-01-26,2026,B,1,300,"(1.2, 2.0)",72.75,121.25,60.625,29.5,EOD,569,ESH6,0.84
2026-01-26,2026,B,1,300,"(0.179, 0.247)",10.851875,14.974375,60.625,14.974374999999782,TP,428,ESH6,0.84
2026-01-27,2026,B,-1,540,"(0.8, 1.5)",48.72857142857143,91.36607142857143,60.910714285714285,1.0,EOD,569,ESH6,0.84
2026-01-27,2026,B,-1,540,"(0.8, 1.75)",48.72857142857143,106.59375,60.910714285714285,1.0,EOD,569,ESH6,0.84
2026-01-27,2026,B,-1,540,"(0.8, 2.0)",48.72857142857143,121.82142857142857,60.910714285714285,1.0,EOD,569,ESH6,0.84
2026-01-27,2026,B,-1,540,"(1.0, 1.5)",60.910714285714285,91.36607142857143,60.910714285714285,1.0,EOD,569,ESH6,0.84
2026-01-27,2026,B,-1,540,"(1.0, 1.75)",60.910714285714285,106.59375,60.910714285714285,1.0,EOD,569,ESH6,0.84
2026-01-27,2026,B,-1,540,"(1.0, 2.0)",60.910714285714285,121.82142857142857,60.910714285714285,1.0,EOD,569,ESH6,0.84
2026-01-27,2026,B,-1,540,"(1.2, 1.5)",73.09285714285714,91.36607142857143,60.910714285714285,1.0,EOD,569,ESH6,0.84
2026-01-27,2026,B,-1,540,"(1.2, 1.75)",73.09285714285714,106.59375,60.910714285714285,1.0,EOD,569,ESH6,0.84
2026-01-27,2026,B,-1,540,"(1.2, 2.0)",73.09285714285714,121.82142857142857,60.910714285714285,1.0,EOD,569,ESH6,0.84
2026-01-27,2026,B,-1,540,"(0.179, 0.247)",10.903017857142856,15.044946428571428,60.910714285714285,1.0,EOD,569,ESH6,0.84
2026-02-03,2026,B,-1,445,"(0.8, 1.5)",54.614285714285714,102.40178571428571,68.26785714285714,7.5,EOD,569,ESH6,0.84
2026-02-03,2026,B,-1,445,"(0.8, 1.75)",54.614285714285714,119.46875,68.26785714285714,7.5,EOD,569,ESH6,0.84
2026-02-03,2026,B,-1,445,"(0.8, 2.0)",54.614285714285714,136.53571428571428,68.26785714285714,7.5,EOD,569,ESH6,0.84
2026-02-03,2026,B,-1,445,"(1.0, 1.5)",68.26785714285714,102.40178571428571,68.26785714285714,7.5,EOD,569,ESH6,0.84
2026-02-03,2026,B,-1,445,"(1.0, 1.75)",68.26785714285714,119.46875,68.26785714285714,7.5,EOD,569,ESH6,0.84
2026-02-03,2026,B,-1,445,"(1.0, 2.0)",68.26785714285714,136.53571428571428,68.26785714285714,7.5,EOD,569,ESH6,0.84
2026-02-03,2026,B,-1,445,"(1.2, 1.5)",81.92142857142856,102.40178571428571,68.26785714285714,7.5,EOD,569,ESH6,0.84
2026-02-03,2026,B,-1,445,"(1.2, 1.75)",81.92142857142856,119.46875,68.26785714285714,7.5,EOD,569,ESH6,0.84
2026-02-03,2026,B,-1,445,"(1.2, 2.0)",81.92142857142856,136.53571428571428,68.26785714285714,7.5,EOD,569,ESH6,0.84
2026-02-03,2026,B,-1,445,"(0.179, 0.247)",12.219946428571427,16.862160714285714,68.26785714285714,7.5,EOD,569,ESH6,0.84
2026-02-05,2026,B,1,465,"(0.8, 1.5)",60.457142857142856,113.35714285714286,75.57142857142857,-14.75,EOD,569,ESH6,0.84
2026-02-05,2026,B,1,465,"(0.8, 1.75)",60.457142857142856,132.25,75.57142857142857,-14.75,EOD,569,ESH6,0.84
2026-02-05,2026,B,1,465,"(0.8, 2.0)",60.457142857142856,151.14285714285714,75.57142857142857,-14.75,EOD,569,ESH6,0.84
2026-02-05,2026,B,1,465,"(1.0, 1.5)",75.57142857142857,113.35714285714286,75.57142857142857,-14.75,EOD,569,ESH6,0.84
2026-02-05,2026,B,1,465,"(1.0, 1.75)",75.57142857142857,132.25,75.57142857142857,-14.75,EOD,569,ESH6,0.84
2026-02-05,2026,B,1,465,"(1.0, 2.0)",75.57142857142857,151.14285714285714,75.57142857142857,-14.75,EOD,569,ESH6,0.84
2026-02-05,2026,B,1,465,"(1.2, 1.5)",90.68571428571428,113.35714285714286,75.57142857142857,-14.75,EOD,569,ESH6,0.84
2026-02-05,2026,B,1,465,"(1.2, 1.75)",90.68571428571428,132.25,75.57142857142857,-14.75,EOD,569,ESH6,0.84
2026-02-05,2026,B,1,465,"(1.2, 2.0)",90.68571428571428,151.14285714285714,75.57142857142857,-14.75,EOD,569,ESH6,0.84
2026-02-05,2026,B,1,465,"(0.179, 0.247)",13.527285714285714,18.666142857142855,75.57142857142857,-13.527285714285426,SL,540,ESH6,0.84
2026-02-11,2026,B,1,315,"(0.8, 1.5)",63.02857142857144,118.17857142857144,78.78571428571429,46.75,EOD,569,ESH6,0.84
2026-02-11,2026,B,1,315,"(0.8, 1.75)",63.02857142857144,137.875,78.78571428571429,46.75,EOD,569,ESH6,0.84
2026-02-11,2026,B,1,315,"(0.8, 2.0)",63.02857142857144,157.57142857142858,78.78571428571429,46.75,EOD,569,ESH6,0.84
2026-02-11,2026,B,1,315,"(1.0, 1.5)",78.78571428571429,118.17857142857144,78.78571428571429,46.75,EOD,569,ESH6,0.84
2026-02-11,2026,B,1,315,"(1.0, 1.75)",78.78571428571429,137.875,78.78571428571429,46.75,EOD,569,ESH6,0.84
2026-02-11,2026,B,1,315,"(1.0, 2.0)",78.78571428571429,157.57142857142858,78.78571428571429,46.75,EOD,569,ESH6,0.84
2026-02-11,2026,B,1,315,"(1.2, 1.5)",94.54285714285714,118.17857142857144,78.78571428571429,46.75,EOD,569,ESH6,0.84
2026-02-11,2026,B,1,315,"(1.2, 1.75)",94.54285714285714,137.875,78.78571428571429,46.75,EOD,569,ESH6,0.84
2026-02-11,2026,B,1,315,"(1.2, 2.0)",94.54285714285714,157.57142857142858,78.78571428571429,46.75,EOD,569,ESH6,0.84
2026-02-11,2026,B,1,315,"(0.179, 0.247)",14.102642857142857,19.46007142857143,78.78571428571429,19.46007142857161,TP,510,ESH6,0.84
2026-02-13,2026,B,1,355,"(0.8, 1.5)",70.7,132.5625,88.375,9.25,EOD,569,ESH6,0.84
2026-02-13,2026,B,1,355,"(0.8, 1.75)",70.7,154.65625,88.375,9.25,EOD,569,ESH6,0.84
2026-02-13,2026,B,1,355,"(0.8, 2.0)",70.7,176.75,88.375,9.25,EOD,569,ESH6,0.84
2026-02-13,2026,B,1,355,"(1.0, 1.5)",88.375,132.5625,88.375,9.25,EOD,569,ESH6,0.84
2026-02-13,2026,B,1,355,"(1.0, 1.75)",88.375,154.65625,88.375,9.25,EOD,569,ESH6,0.84
2026-02-13,2026,B,1,355,"(1.0, 2.0)",88.375,176.75,88.375,9.25,EOD,569,ESH6,0.84
2026-02-13,2026,B,1,355,"(1.2, 1.5)",106.05,132.5625,88.375,9.25,EOD,569,ESH6,0.84
2026-02-13,2026,B,1,355,"(1.2, 1.75)",106.05,154.65625,88.375,9.25,EOD,569,ESH6,0.84
2026-02-13,2026,B,1,355,"(1.2, 2.0)",106.05,176.75,88.375,9.25,EOD,569,ESH6,0.84
2026-02-13,2026,B,1,355,"(0.179, 0.247)",15.819125,21.828625,88.375,-15.819124999999985,SL,375,ESH6,0.84
2026-02-25,2026,B,-1,310,"(0.8, 1.5)",68.12857142857143,127.74107142857144,85.16071428571429,-18.25,EOD,569,ESH6,0.84
2026-02-25,2026,B,-1,310,"(0.8, 1.75)",68.12857142857143,149.03125,85.16071428571429,-18.25,EOD,569,ESH6,0.84
2026-02-25,2026,B,-1,310,"(0.8, 2.0)",68.12857142857143,170.32142857142858,85.16071428571429,-18.25,EOD,569,ESH6,0.84
2026-02-25,2026,B,-1,310,"(1.0, 1.5)",85.16071428571429,127.74107142857144,85.16071428571429,-18.25,EOD,569,ESH6,0.84
2026-02-25,2026,B,-1,310,"(1.0, 1.75)",85.16071428571429,149.03125,85.16071428571429,-18.25,EOD,569,ESH6,0.84
2026-02-25,2026,B,-1,310,"(1.0, 2.0)",85.16071428571429,170.32142857142858,85.16071428571429,-18.25,EOD,569,ESH6,0.84
2026-02-25,2026,B,-1,310,"(1.2, 1.5)",102.19285714285715,127.74107142857144,85.16071428571429,-18.25,EOD,569,ESH6,0.84
2026-02-25,2026,B,-1,310,"(1.2, 1.75)",102.19285714285715,149.03125,85.16071428571429,-18.25,EOD,569,ESH6,0.84
2026-02-25,2026,B,-1,310,"(1.2, 2.0)",102.19285714285715,170.32142857142858,85.16071428571429,-18.25,EOD,569,ESH6,0.84
2026-02-25,2026,B,-1,310,"(0.179, 0.247)",15.243767857142858,21.03469642857143,85.16071428571429,-15.243767857143212,SL,440,ESH6,0.84
2026-02-26,2026,B,-1,500,"(0.8, 1.5)",65.71428571428571,123.21428571428571,82.14285714285714,3.75,EOD,569,ESH6,0.84
2026-02-26,2026,B,-1,500,"(0.8, 1.75)",65.71428571428571,143.75,82.14285714285714,3.75,EOD,569,ESH6,0.84
2026-02-26,2026,B,-1,500,"(0.8, 2.0)",65.71428571428571,164.28571428571428,82.14285714285714,3.75,EOD,569,ESH6,0.84
2026-02-26,2026,B,-1,500,"(1.0, 1.5)",82.14285714285714,123.21428571428571,82.14285714285714,3.75,EOD,569,ESH6,0.84
2026-02-26,2026,B,-1,500,"(1.0, 1.75)",82.14285714285714,143.75,82.14285714285714,3.75,EOD,569,ESH6,0.84
2026-02-26,2026,B,-1,500,"(1.0, 2.0)",82.14285714285714,164.28571428571428,82.14285714285714,3.75,EOD,569,ESH6,0.84
2026-02-26,2026,B,-1,500,"(1.2, 1.5)",98.57142857142857,123.21428571428571,82.14285714285714,3.75,EOD,569,ESH6,0.84
2026-02-26,2026,B,-1,500,"(1.2, 1.75)",98.57142857142857,143.75,82.14285714285714,3.75,EOD,569,ESH6,0.84
2026-02-26,2026,B,-1,500,"(1.2, 2.0)",98.57142857142857,164.28571428571428,82.14285714285714,3.75,EOD,569,ESH6,0.84
2026-02-26,2026,B,-1,500,"(0.179, 0.247)",14.703571428571427,20.289285714285715,82.14285714285714,3.75,EOD,569,ESH6,0.84
2026-02-27,2026,B,1,500,"(0.8, 1.5)",62.44285714285715,117.08035714285714,78.05357142857143,-17.0,EOD,569,ESH6,0.84
2026-02-27,2026,B,1,500,"(0.8, 1.75)",62.44285714285715,136.59375,78.05357142857143,-17.0,EOD,569,ESH6,0.84
2026-02-27,2026,B,1,500,"(0.8, 2.0)",62.44285714285715,156.10714285714286,78.05357142857143,-17.0,EOD,569,ESH6,0.84
2026-02-27,2026,B,1,500,"(1.0, 1.5)",78.05357142857143,117.08035714285714,78.05357142857143,-17.0,EOD,569,ESH6,0.84
2026-02-27,2026,B,1,500,"(1.0, 1.75)",78.05357142857143,136.59375,78.05357142857143,-17.0,EOD,569,ESH6,0.84
2026-02-27,2026,B,1,500,"(1.0, 2.0)",78.05357142857143,156.10714285714286,78.05357142857143,-17.0,EOD,569,ESH6,0.84
2026-02-27,2026,B,1,500,"(1.2, 1.5)",93.66428571428571,117.08035714285714,78.05357142857143,-17.0,EOD,569,ESH6,0.84
2026-02-27,2026,B,1,500,"(1.2, 1.75)",93.66428571428571,136.59375,78.05357142857143,-17.0,EOD,569,ESH6,0.84
2026-02-27,2026,B,1,500,"(1.2, 2.0)",93.66428571428571,156.10714285714286,78.05357142857143,-17.0,EOD,569,ESH6,0.84
2026-02-27,2026,B,1,500,"(0.179, 0.247)",13.971589285714286,19.279232142857143,78.05357142857143,-13.97158928571389,SL,510,ESH6,0.84
2026-03-04,2026,B,-1,365,"(0.8, 1.5)",70.95714285714286,133.04464285714286,88.69642857142857,7.75,EOD,569,ESH6,0.84
2026-03-04,2026,B,-1,365,"(0.8, 1.75)",70.95714285714286,155.21875,88.69642857142857,7.75,EOD,569,ESH6,0.84
2026-03-04,2026,B,-1,365,"(0.8, 2.0)",70.95714285714286,177.39285714285714,88.69642857142857,7.75,EOD,569,ESH6,0.84
2026-03-04,2026,B,-1,365,"(1.0, 1.5)",88.69642857142857,133.04464285714286,88.69642857142857,7.75,EOD,569,ESH6,0.84
2026-03-04,2026,B,-1,365,"(1.0, 1.75)",88.69642857142857,155.21875,88.69642857142857,7.75,EOD,569,ESH6,0.84
2026-03-04,2026,B,-1,365,"(1.0, 2.0)",88.69642857142857,177.39285714285714,88.69642857142857,7.75,EOD,569,ESH6,0.84
2026-03-04,2026,B,-1,365,"(1.2, 1.5)",106.43571428571428,133.04464285714286,88.69642857142857,7.75,EOD,569,ESH6,0.84
2026-03-04,2026,B,-1,365,"(1.2, 1.75)",106.43571428571428,155.21875,88.69642857142857,7.75,EOD,569,ESH6,0.84
2026-03-04,2026,B,-1,365,"(1.2, 2.0)",106.43571428571428,177.39285714285714,88.69642857142857,7.75,EOD,569,ESH6,0.84
2026-03-04,2026,B,-1,365,"(0.179, 0.247)",15.876660714285713,21.908017857142855,88.69642857142857,21.908017857143022,TP,440,ESH6,0.84
2026-03-06,2026,B,1,515,"(0.8, 1.5)",67.35714285714286,126.29464285714286,84.19642857142857,-35.0,EOD,569,ESH6,0.84
2026-03-06,2026,B,1,515,"(0.8, 1.75)",67.35714285714286,147.34375,84.19642857142857,-35.0,EOD,569,ESH6,0.84
2026-03-06,2026,B,1,515,"(0.8, 2.0)",67.35714285714286,168.39285714285714,84.19642857142857,-35.0,EOD,569,ESH6,0.84
2026-03-06,2026,B,1,515,"(1.0, 1.5)",84.19642857142857,126.29464285714286,84.19642857142857,-35.0,EOD,569,ESH6,0.84
2026-03-06,2026,B,1,515,"(1.0, 1.75)",84.19642857142857,147.34375,84.19642857142857,-35.0,EOD,569,ESH6,0.84
2026-03-06,2026,B,1,515,"(1.0, 2.0)",84.19642857142857,168.39285714285714,84.19642857142857,-35.0,EOD,569,ESH6,0.84
2026-03-06,2026,B,1,515,"(1.2, 1.5)",101.03571428571428,126.29464285714286,84.19642857142857,-35.0,EOD,569,ESH6,0.84
2026-03-06,2026,B,1,515,"(1.2, 1.75)",101.03571428571428,147.34375,84.19642857142857,-35.0,EOD,569,ESH6,0.84
2026-03-06,2026,B,1,515,"(1.2, 2.0)",101.03571428571428,168.39285714285714,84.19642857142857,-35.0,EOD,569,ESH6,0.84
2026-03-06,2026,B,1,515,"(0.179, 0.247)",15.071160714285714,20.796517857142856,84.19642857142857,-15.071160714285725,SL,519,ESH6,0.84
2026-03-10,2026,B,-1,430,"(0.8, 1.5)",77.7,145.6875,97.125,13.5,EOD,569,ESH6,0.84
2026-03-10,2026,B,-1,430,"(0.8, 1.75)",77.7,169.96875,97.125,13.5,EOD,569,ESH6,0.84
2026-03-10,2026,B,-1,430,"(0.8, 2.0)",77.7,194.25,97.125,13.5,EOD,569,ESH6,0.84
2026-03-10,2026,B,-1,430,"(1.0, 1.5)",97.125,145.6875,97.125,13.5,EOD,569,ESH6,0.84
2026-03-10,2026,B,-1,430,"(1.0, 1.75)",97.125,169.96875,97.125,13.5,EOD,569,ESH6,0.84
2026-03-10,2026,B,-1,430,"(1.0, 2.0)",97.125,194.25,97.125,13.5,EOD,569,ESH6,0.84
2026-03-10,2026,B,-1,430,"(1.2, 1.5)",116.55,145.6875,97.125,13.5,EOD,569,ESH6,0.84
2026-03-10,2026,B,-1,430,"(1.2, 1.75)",116.55,169.96875,97.125,13.5,EOD,569,ESH6,0.84
2026-03-10,2026,B,-1,430,"(1.2, 2.0)",116.55,194.25,97.125,13.5,EOD,569,ESH6,0.84
2026-03-10,2026,B,-1,430,"(0.179, 0.247)",17.385375,23.989875,97.125,23.98987500000021,TP,482,ESH6,0.84
2026-03-11,2026,B,1,530,"(0.8, 1.5)",79.0,148.125,98.75,23.25,EOD,569,ESH6,0.84
2026-03-11,2026,B,1,530,"(0.8, 1.75)",79.0,172.8125,98.75,23.25,EOD,569,ESH6,0.84
2026-03-11,2026,B,1,530,"(0.8, 2.0)",79.0,197.5,98.75,23.25,EOD,569,ESH6,0.84
2026-03-11,2026,B,1,530,"(1.0, 1.5)",98.75,148.125,98.75,23.25,EOD,569,ESH6,0.84
2026-03-11,2026,B,1,530,"(1.0, 1.75)",98.75,172.8125,98.75,23.25,EOD,569,ESH6,0.84
2026-03-11,2026,B,1,530,"(1.0, 2.0)",98.75,197.5,98.75,23.25,EOD,569,ESH6,0.84
2026-03-11,2026,B,1,530,"(1.2, 1.5)",118.5,148.125,98.75,23.25,EOD,569,ESH6,0.84
2026-03-11,2026,B,1,530,"(1.2, 1.75)",118.5,172.8125,98.75,23.25,EOD,569,ESH6,0.84
2026-03-11,2026,B,1,530,"(1.2, 2.0)",118.5,197.5,98.75,23.25,EOD,569,ESH6,0.84
2026-03-11,2026,B,1,530,"(0.179, 0.247)",17.67625,24.39125,98.75,23.25,EOD,569,ESH6,0.84
2026-03-24,2026,B,1,480,"(0.8, 1.5)",82.97142857142858,155.57142857142856,103.71428571428571,-38.0,EOD,569,ESM6,0.84
2026-03-24,2026,B,1,480,"(0.8, 1.75)",82.97142857142858,181.5,103.71428571428571,-38.0,EOD,569,ESM6,0.84
2026-03-24,2026,B,1,480,"(0.8, 2.0)",82.97142857142858,207.42857142857142,103.71428571428571,-38.0,EOD,569,ESM6,0.84
2026-03-24,2026,B,1,480,"(1.0, 1.5)",103.71428571428571,155.57142857142856,103.71428571428571,-38.0,EOD,569,ESM6,0.84
2026-03-24,2026,B,1,480,"(1.0, 1.75)",103.71428571428571,181.5,103.71428571428571,-38.0,EOD,569,ESM6,0.84
2026-03-24,2026,B,1,480,"(1.0, 2.0)",103.71428571428571,207.42857142857142,103.71428571428571,-38.0,EOD,569,ESM6,0.84
2026-03-24,2026,B,1,480,"(1.2, 1.5)",124.45714285714284,155.57142857142856,103.71428571428571,-38.0,EOD,569,ESM6,0.84
2026-03-24,2026,B,1,480,"(1.2, 1.75)",124.45714285714284,181.5,103.71428571428571,-38.0,EOD,569,ESM6,0.84
2026-03-24,2026,B,1,480,"(1.2, 2.0)",124.45714285714284,207.42857142857142,103.71428571428571,-38.0,EOD,569,ESM6,0.84
2026-03-24,2026,B,1,480,"(0.179, 0.247)",18.56485714285714,25.61742857142857,103.71428571428571,-18.564857142857363,SL,513,ESM6,0.84
2026-03-27,2026,B,1,320,"(0.8, 1.5)",81.60000000000001,153.0,102.0,-28.0,EOD,569,ESM6,0.84
2026-03-27,2026,B,1,320,"(0.8, 1.75)",81.60000000000001,178.5,102.0,-28.0,EOD,569,ESM6,0.84
2026-03-27,2026,B,1,320,"(0.8, 2.0)",81.60000000000001,204.0,102.0,-28.0,EOD,569,ESM6,0.84
2026-03-27,2026,B,1,320,"(1.0, 1.5)",102.0,153.0,102.0,-28.0,EOD,569,ESM6,0.84
2026-03-27,2026,B,1,320,"(1.0, 1.75)",102.0,178.5,102.0,-28.0,EOD,569,ESM6,0.84
2026-03-27,2026,B,1,320,"(1.0, 2.0)",102.0,204.0,102.0,-28.0,EOD,569,ESM6,0.84
2026-03-27,2026,B,1,320,"(1.2, 1.5)",122.39999999999999,153.0,102.0,-28.0,EOD,569,ESM6,0.84
2026-03-27,2026,B,1,320,"(1.2, 1.75)",122.39999999999999,178.5,102.0,-28.0,EOD,569,ESM6,0.84
2026-03-27,2026,B,1,320,"(1.2, 2.0)",122.39999999999999,204.0,102.0,-28.0,EOD,569,ESM6,0.84
2026-03-27,2026,B,1,320,"(0.179, 0.247)",18.258,25.194,102.0,-18.25799999999981,SL,400,ESM6,0.84
2026-04-07,2026,B,-1,370,"(0.8, 1.5)",84.12857142857143,157.74107142857144,105.16071428571429,25.0,EOD,569,ESM6,0.84
2026-04-07,2026,B,-1,370,"(0.8, 1.75)",84.12857142857143,184.03125,105.16071428571429,25.0,EOD,569,ESM6,0.84
2026-04-07,2026,B,-1,370,"(0.8, 2.0)",84.12857142857143,210.32142857142858,105.16071428571429,25.0,EOD,569,ESM6,0.84
2026-04-07,2026,B,-1,370,"(1.0, 1.5)",105.16071428571429,157.74107142857144,105.16071428571429,25.0,EOD,569,ESM6,0.84
2026-04-07,2026,B,-1,370,"(1.0, 1.75)",105.16071428571429,184.03125,105.16071428571429,25.0,EOD,569,ESM6,0.84
2026-04-07,2026,B,-1,370,"(1.0, 2.0)",105.16071428571429,210.32142857142858,105.16071428571429,25.0,EOD,569,ESM6,0.84
2026-04-07,2026,B,-1,370,"(1.2, 1.5)",126.19285714285715,157.74107142857144,105.16071428571429,25.0,EOD,569,ESM6,0.84
2026-04-07,2026,B,-1,370,"(1.2, 1.75)",126.19285714285715,184.03125,105.16071428571429,25.0,EOD,569,ESM6,0.84
2026-04-07,2026,B,-1,370,"(1.2, 2.0)",126.19285714285715,210.32142857142858,105.16071428571429,25.0,EOD,569,ESM6,0.84
2026-04-07,2026,B,-1,370,"(0.179, 0.247)",18.823767857142858,25.97469642857143,105.16071428571429,25.974696428571406,TP,408,ESM6,0.84
2026-04-10,2026,B,-1,510,"(0.8, 1.5)",90.37142857142857,169.44642857142856,112.96428571428571,-2.25,EOD,569,ESM6,0.84
2026-04-10,2026,B,-1,510,"(0.8, 1.75)",90.37142857142857,197.6875,112.96428571428571,-2.25,EOD,569,ESM6,0.84
2026-04-10,2026,B,-1,510,"(0.8, 2.0)",90.37142857142857,225.92857142857142,112.96428571428571,-2.25,EOD,569,ESM6,0.84
2026-04-10,2026,B,-1,510,"(1.0, 1.5)",112.96428571428571,169.44642857142856,112.96428571428571,-2.25,EOD,569,ESM6,0.84
2026-04-10,2026,B,-1,510,"(1.0, 1.75)",112.96428571428571,197.6875,112.96428571428571,-2.25,EOD,569,ESM6,0.84
2026-04-10,2026,B,-1,510,"(1.0, 2.0)",112.96428571428571,225.92857142857142,112.96428571428571,-2.25,EOD,569,ESM6,0.84
2026-04-10,2026,B,-1,510,"(1.2, 1.5)",135.55714285714285,169.44642857142856,112.96428571428571,-2.25,EOD,569,ESM6,0.84
2026-04-10,2026,B,-1,510,"(1.2, 1.75)",135.55714285714285,197.6875,112.96428571428571,-2.25,EOD,569,ESM6,0.84
2026-04-10,2026,B,-1,510,"(1.2, 2.0)",135.55714285714285,225.92857142857142,112.96428571428571,-2.25,EOD,569,ESM6,0.84
2026-04-10,2026,B,-1,510,"(0.179, 0.247)",20.22060714285714,27.90217857142857,112.96428571428571,-2.25,EOD,569,ESM6,0.84
2026-04-15,2026,B,-1,485,"(0.8, 1.5)",83.07142857142857,155.75892857142856,103.83928571428571,-7.0,EOD,569,ESM6,0.84
2026-04-15,2026,B,-1,485,"(0.8, 1.75)",83.07142857142857,181.71875,103.83928571428571,-7.0,EOD,569,ESM6,0.84
2026-04-15,2026,B,-1,485,"(0.8, 2.0)",83.07142857142857,207.67857142857142,103.83928571428571,-7.0,EOD,569,ESM6,0.84
2026-04-15,2026,B,-1,485,"(1.0, 1.5)",103.83928571428571,155.75892857142856,103.83928571428571,-7.0,EOD,569,ESM6,0.84
2026-04-15,2026,B,-1,485,"(1.0, 1.75)",103.83928571428571,181.71875,103.83928571428571,-7.0,EOD,569,ESM6,0.84
2026-04-15,2026,B,-1,485,"(1.0, 2.0)",103.83928571428571,207.67857142857142,103.83928571428571,-7.0,EOD,569,ESM6,0.84
2026-04-15,2026,B,-1,485,"(1.2, 1.5)",124.60714285714285,155.75892857142856,103.83928571428571,-7.0,EOD,569,ESM6,0.84
2026-04-15,2026,B,-1,485,"(1.2, 1.75)",124.60714285714285,181.71875,103.83928571428571,-7.0,EOD,569,ESM6,0.84
2026-04-15,2026,B,-1,485,"(1.2, 2.0)",124.60714285714285,207.67857142857142,103.83928571428571,-7.0,EOD,569,ESM6,0.84
2026-04-15,2026,B,-1,485,"(0.179, 0.247)",18.58723214285714,25.64830357142857,103.83928571428571,-7.0,EOD,569,ESM6,0.84
2026-04-23,2026,B,1,530,"(0.8, 1.5)",65.6857142857143,123.16071428571429,82.10714285714286,2.5,EOD,569,ESM6,0.84
2026-04-23,2026,B,1,530,"(0.8, 1.75)",65.6857142857143,143.6875,82.10714285714286,2.5,EOD,569,ESM6,0.84
2026-04-23,2026,B,1,530,"(0.8, 2.0)",65.6857142857143,164.21428571428572,82.10714285714286,2.5,EOD,569,ESM6,0.84
2026-04-23,2026,B,1,530,"(1.0, 1.5)",82.10714285714286,123.16071428571429,82.10714285714286,2.5,EOD,569,ESM6,0.84
2026-04-23,2026,B,1,530,"(1.0, 1.75)",82.10714285714286,143.6875,82.10714285714286,2.5,EOD,569,ESM6,0.84
2026-04-23,2026,B,1,530,"(1.0, 2.0)",82.10714285714286,164.21428571428572,82.10714285714286,2.5,EOD,569,ESM6,0.84
2026-04-23,2026,B,1,530,"(1.2, 1.5)",98.52857142857142,123.16071428571429,82.10714285714286,2.5,EOD,569,ESM6,0.84
2026-04-23,2026,B,1,530,"(1.2, 1.75)",98.52857142857142,143.6875,82.10714285714286,2.5,EOD,569,ESM6,0.84
2026-04-23,2026,B,1,530,"(1.2, 2.0)",98.52857142857142,164.21428571428572,82.10714285714286,2.5,EOD,569,ESM6,0.84
2026-04-23,2026,B,1,530,"(0.179, 0.247)",14.697178571428571,20.280464285714288,82.10714285714286,2.5,EOD,569,ESM6,0.84
2026-04-24,2026,B,-1,460,"(0.8, 1.5)",64.08571428571429,120.16071428571429,80.10714285714286,15.0,EOD,569,ESM6,0.84
2026-04-24,2026,B,-1,460,"(0.8, 1.75)",64.08571428571429,140.1875,80.10714285714286,15.0,EOD,569,ESM6,0.84
2026-04-24,2026,B,-1,460,"(0.8, 2.0)",64.08571428571429,160.21428571428572,80.10714285714286,15.0,EOD,569,ESM6,0.84
2026-04-24,2026,B,-1,460,"(1.0, 1.5)",80.10714285714286,120.16071428571429,80.10714285714286,15.0,EOD,569,ESM6,0.84
2026-04-24,2026,B,-1,460,"(1.0, 1.75)",80.10714285714286,140.1875,80.10714285714286,15.0,EOD,569,ESM6,0.84
2026-04-24,2026,B,-1,460,"(1.0, 2.0)",80.10714285714286,160.21428571428572,80.10714285714286,15.0,EOD,569,ESM6,0.84
2026-04-24,2026,B,-1,460,"(1.2, 1.5)",96.12857142857143,120.16071428571429,80.10714285714286,15.0,EOD,569,ESM6,0.84
2026-04-24,2026,B,-1,460,"(1.2, 1.75)",96.12857142857143,140.1875,80.10714285714286,15.0,EOD,569,ESM6,0.84
2026-04-24,2026,B,-1,460,"(1.2, 2.0)",96.12857142857143,160.21428571428572,80.10714285714286,15.0,EOD,569,ESM6,0.84
2026-04-24,2026,B,-1,460,"(0.179, 0.247)",14.33917857142857,19.786464285714285,80.10714285714286,19.78646428571392,TP,529,ESM6,0.84
2026-04-30,2026,B,-1,345,"(0.8, 1.5)",53.042857142857144,99.45535714285714,66.30357142857143,-27.5,EOD,569,ESM6,0.84
2026-04-30,2026,B,-1,345,"(0.8, 1.75)",53.042857142857144,116.03125,66.30357142857143,-27.5,EOD,569,ESM6,0.84
2026-04-30,2026,B,-1,345,"(0.8, 2.0)",53.042857142857144,132.60714285714286,66.30357142857143,-27.5,EOD,569,ESM6,0.84
2026-04-30,2026,B,-1,345,"(1.0, 1.5)",66.30357142857143,99.45535714285714,66.30357142857143,-27.5,EOD,569,ESM6,0.84
2026-04-30,2026,B,-1,345,"(1.0, 1.75)",66.30357142857143,116.03125,66.30357142857143,-27.5,EOD,569,ESM6,0.84
2026-04-30,2026,B,-1,345,"(1.0, 2.0)",66.30357142857143,132.60714285714286,66.30357142857143,-27.5,EOD,569,ESM6,0.84
2026-04-30,2026,B,-1,345,"(1.2, 1.5)",79.56428571428572,99.45535714285714,66.30357142857143,-27.5,EOD,569,ESM6,0.84
2026-04-30,2026,B,-1,345,"(1.2, 1.75)",79.56428571428572,116.03125,66.30357142857143,-27.5,EOD,569,ESM6,0.84
2026-04-30,2026,B,-1,345,"(1.2, 2.0)",79.56428571428572,132.60714285714286,66.30357142857143,-27.5,EOD,569,ESM6,0.84
2026-04-30,2026,B,-1,345,"(0.179, 0.247)",11.868339285714285,16.376982142857145,66.30357142857143,-11.868339285714683,SL,390,ESM6,0.84
2026-05-01,2026,B,-1,410,"(0.8, 1.5)",56.34285714285715,105.64285714285714,70.42857142857143,-13.5,EOD,569,ESM6,0.84
2026-05-01,2026,B,-1,410,"(0.8, 1.75)",56.34285714285715,123.25,70.42857142857143,-13.5,EOD,569,ESM6,0.84
2026-05-01,2026,B,-1,410,"(0.8, 2.0)",56.34285714285715,140.85714285714286,70.42857142857143,-13.5,EOD,569,ESM6,0.84
2026-05-01,2026,B,-1,410,"(1.0, 1.5)",70.42857142857143,105.64285714285714,70.42857142857143,-13.5,EOD,569,ESM6,0.84
2026-05-01,2026,B,-1,410,"(1.0, 1.75)",70.42857142857143,123.25,70.42857142857143,-13.5,EOD,569,ESM6,0.84
2026-05-01,2026,B,-1,410,"(1.0, 2.0)",70.42857142857143,140.85714285714286,70.42857142857143,-13.5,EOD,569,ESM6,0.84
2026-05-01,2026,B,-1,410,"(1.2, 1.5)",84.51428571428572,105.64285714285714,70.42857142857143,-13.5,EOD,569,ESM6,0.84
2026-05-01,2026,B,-1,410,"(1.2, 1.75)",84.51428571428572,123.25,70.42857142857143,-13.5,EOD,569,ESM6,0.84
2026-05-01,2026,B,-1,410,"(1.2, 2.0)",84.51428571428572,140.85714285714286,70.42857142857143,-13.5,EOD,569,ESM6,0.84
2026-05-01,2026,B,-1,410,"(0.179, 0.247)",12.606714285714286,17.395857142857142,70.42857142857143,-12.606714285714588,SL,493,ESM6,0.84
2026-05-07,2026,B,-1,395,"(0.8, 1.5)",57.68571428571429,108.16071428571429,72.10714285714286,-4.0,EOD,569,ESM6,0.84
2026-05-07,2026,B,-1,395,"(0.8, 1.75)",57.68571428571429,126.1875,72.10714285714286,-4.0,EOD,569,ESM6,0.84
2026-05-07,2026,B,-1,395,"(0.8, 2.0)",57.68571428571429,144.21428571428572,72.10714285714286,-4.0,EOD,569,ESM6,0.84
2026-05-07,2026,B,-1,395,"(1.0, 1.5)",72.10714285714286,108.16071428571429,72.10714285714286,-4.0,EOD,569,ESM6,0.84
2026-05-07,2026,B,-1,395,"(1.0, 1.75)",72.10714285714286,126.1875,72.10714285714286,-4.0,EOD,569,ESM6,0.84
2026-05-07,2026,B,-1,395,"(1.0, 2.0)",72.10714285714286,144.21428571428572,72.10714285714286,-4.0,EOD,569,ESM6,0.84
2026-05-07,2026,B,-1,395,"(1.2, 1.5)",86.52857142857142,108.16071428571429,72.10714285714286,-4.0,EOD,569,ESM6,0.84
2026-05-07,2026,B,-1,395,"(1.2, 1.75)",86.52857142857142,126.1875,72.10714285714286,-4.0,EOD,569,ESM6,0.84
2026-05-07,2026,B,-1,395,"(1.2, 2.0)",86.52857142857142,144.21428571428572,72.10714285714286,-4.0,EOD,569,ESM6,0.84
2026-05-07,2026,B,-1,395,"(0.179, 0.247)",12.907178571428572,17.810464285714286,72.10714285714286,-4.0,EOD,569,ESM6,0.84
2026-05-08,2026,B,-1,520,"(0.8, 1.5)",55.142857142857146,103.39285714285714,68.92857142857143,11.25,EOD,569,ESM6,0.84
2026-05-08,2026,B,-1,520,"(0.8, 1.75)",55.142857142857146,120.625,68.92857142857143,11.25,EOD,569,ESM6,0.84
2026-05-08,2026,B,-1,520,"(0.8, 2.0)",55.142857142857146,137.85714285714286,68.92857142857143,11.25,EOD,569,ESM6,0.84
2026-05-08,2026,B,-1,520,"(1.0, 1.5)",68.92857142857143,103.39285714285714,68.92857142857143,11.25,EOD,569,ESM6,0.84
2026-05-08,2026,B,-1,520,"(1.0, 1.75)",68.92857142857143,120.625,68.92857142857143,11.25,EOD,569,ESM6,0.84
2026-05-08,2026,B,-1,520,"(1.0, 2.0)",68.92857142857143,137.85714285714286,68.92857142857143,11.25,EOD,569,ESM6,0.84
2026-05-08,2026,B,-1,520,"(1.2, 1.5)",82.71428571428571,103.39285714285714,68.92857142857143,11.25,EOD,569,ESM6,0.84
2026-05-08,2026,B,-1,520,"(1.2, 1.75)",82.71428571428571,120.625,68.92857142857143,11.25,EOD,569,ESM6,0.84
2026-05-08,2026,B,-1,520,"(1.2, 2.0)",82.71428571428571,137.85714285714286,68.92857142857143,11.25,EOD,569,ESM6,0.84
2026-05-08,2026,B,-1,520,"(0.179, 0.247)",12.338214285714285,17.025357142857143,68.92857142857143,17.0253571428575,TP,552,ESM6,0.84
2026-05-18,2026,B,1,465,"(0.8, 1.5)",58.02857142857144,108.80357142857144,72.53571428571429,12.25,EOD,569,ESM6,0.84
2026-05-18,2026,B,1,465,"(0.8, 1.75)",58.02857142857144,126.93750000000001,72.53571428571429,12.25,EOD,569,ESM6,0.84
2026-05-18,2026,B,1,465,"(0.8, 2.0)",58.02857142857144,145.07142857142858,72.53571428571429,12.25,EOD,569,ESM6,0.84
2026-05-18,2026,B,1,465,"(1.0, 1.5)",72.53571428571429,108.80357142857144,72.53571428571429,12.25,EOD,569,ESM6,0.84
2026-05-18,2026,B,1,465,"(1.0, 1.75)",72.53571428571429,126.93750000000001,72.53571428571429,12.25,EOD,569,ESM6,0.84
2026-05-18,2026,B,1,465,"(1.0, 2.0)",72.53571428571429,145.07142857142858,72.53571428571429,12.25,EOD,569,ESM6,0.84
2026-05-18,2026,B,1,465,"(1.2, 1.5)",87.04285714285714,108.80357142857144,72.53571428571429,12.25,EOD,569,ESM6,0.84
2026-05-18,2026,B,1,465,"(1.2, 1.75)",87.04285714285714,126.93750000000001,72.53571428571429,12.25,EOD,569,ESM6,0.84
2026-05-18,2026,B,1,465,"(1.2, 2.0)",87.04285714285714,145.07142857142858,72.53571428571429,12.25,EOD,569,ESM6,0.84
2026-05-18,2026,B,1,465,"(0.179, 0.247)",12.983892857142857,17.91632142857143,72.53571428571429,-12.983892857142564,SL,475,ESM6,0.84
2026-05-20,2026,B,-1,520,"(0.8, 1.5)",61.08571428571429,114.53571428571429,76.35714285714286,15.25,EOD,569,ESM6,0.84
2026-05-20,2026,B,-1,520,"(0.8, 1.75)",61.08571428571429,133.625,76.35714285714286,15.25,EOD,569,ESM6,0.84
2026-05-20,2026,B,-1,520,"(0.8, 2.0)",61.08571428571429,152.71428571428572,76.35714285714286,15.25,EOD,569,ESM6,0.84
2026-05-20,2026,B,-1,520,"(1.0, 1.5)",76.35714285714286,114.53571428571429,76.35714285714286,15.25,EOD,569,ESM6,0.84
2026-05-20,2026,B,-1,520,"(1.0, 1.75)",76.35714285714286,133.625,76.35714285714286,15.25,EOD,569,ESM6,0.84
2026-05-20,2026,B,-1,520,"(1.0, 2.0)",76.35714285714286,152.71428571428572,76.35714285714286,15.25,EOD,569,ESM6,0.84
2026-05-20,2026,B,-1,520,"(1.2, 1.5)",91.62857142857143,114.53571428571429,76.35714285714286,15.25,EOD,569,ESM6,0.84
2026-05-20,2026,B,-1,520,"(1.2, 1.75)",91.62857142857143,133.625,76.35714285714286,15.25,EOD,569,ESM6,0.84
2026-05-20,2026,B,-1,520,"(1.2, 2.0)",91.62857142857143,152.71428571428572,76.35714285714286,15.25,EOD,569,ESM6,0.84
2026-05-20,2026,B,-1,520,"(0.179, 0.247)",13.667928571428572,18.860214285714285,76.35714285714286,15.25,EOD,569,ESM6,0.84
2026-06-01,2026,B,-1,535,"(0.8, 1.5)",54.985714285714295,103.09821428571429,68.73214285714286,26.75,EOD,569,ESM6,0.84
2026-06-01,2026,B,-1,535,"(0.8, 1.75)",54.985714285714295,120.28125,68.73214285714286,26.75,EOD,569,ESM6,0.84
2026-06-01,2026,B,-1,535,"(0.8, 2.0)",54.985714285714295,137.46428571428572,68.73214285714286,26.75,EOD,569,ESM6,0.84
2026-06-01,2026,B,-1,535,"(1.0, 1.5)",68.73214285714286,103.09821428571429,68.73214285714286,26.75,EOD,569,ESM6,0.84
2026-06-01,2026,B,-1,535,"(1.0, 1.75)",68.73214285714286,120.28125,68.73214285714286,26.75,EOD,569,ESM6,0.84
2026-06-01,2026,B,-1,535,"(1.0, 2.0)",68.73214285714286,137.46428571428572,68.73214285714286,26.75,EOD,569,ESM6,0.84
2026-06-01,2026,B,-1,535,"(1.2, 1.5)",82.47857142857143,103.09821428571429,68.73214285714286,26.75,EOD,569,ESM6,0.84
2026-06-01,2026,B,-1,535,"(1.2, 1.75)",82.47857142857143,120.28125,68.73214285714286,26.75,EOD,569,ESM6,0.84
2026-06-01,2026,B,-1,535,"(1.2, 2.0)",82.47857142857143,137.46428571428572,68.73214285714286,26.75,EOD,569,ESM6,0.84
2026-06-01,2026,B,-1,535,"(0.179, 0.247)",12.303053571428572,16.976839285714288,68.73214285714286,16.97683928571405,TP,551,ESM6,0.84
2026-06-12,2026,B,-1,525,"(0.8, 1.5)",74.4857142857143,139.66071428571428,93.10714285714286,-9.75,EOD,569,ESM6,0.84
2026-06-12,2026,B,-1,525,"(0.8, 1.75)",74.4857142857143,162.9375,93.10714285714286,-9.75,EOD,569,ESM6,0.84
2026-06-12,2026,B,-1,525,"(0.8, 2.0)",74.4857142857143,186.21428571428572,93.10714285714286,-9.75,EOD,569,ESM6,0.84
2026-06-12,2026,B,-1,525,"(1.0, 1.5)",93.10714285714286,139.66071428571428,93.10714285714286,-9.75,EOD,569,ESM6,0.84
2026-06-12,2026,B,-1,525,"(1.0, 1.75)",93.10714285714286,162.9375,93.10714285714286,-9.75,EOD,569,ESM6,0.84
2026-06-12,2026,B,-1,525,"(1.0, 2.0)",93.10714285714286,186.21428571428572,93.10714285714286,-9.75,EOD,569,ESM6,0.84
2026-06-12,2026,B,-1,525,"(1.2, 1.5)",111.72857142857143,139.66071428571428,93.10714285714286,-9.75,EOD,569,ESM6,0.84
2026-06-12,2026,B,-1,525,"(1.2, 1.75)",111.72857142857143,162.9375,93.10714285714286,-9.75,EOD,569,ESM6,0.84
2026-06-12,2026,B,-1,525,"(1.2, 2.0)",111.72857142857143,186.21428571428572,93.10714285714286,-9.75,EOD,569,ESM6,0.84
2026-06-12,2026,B,-1,525,"(0.179, 0.247)",16.66617857142857,22.997464285714287,93.10714285714286,-9.75,EOD,569,ESM6,0.84
2026-06-22,2026,B,-1,435,"(0.8, 1.5)",87.52857142857144,164.11607142857144,109.41071428571429,-10.25,EOD,569,ESU6,0.84
2026-06-22,2026,B,-1,435,"(0.8, 1.75)",87.52857142857144,191.46875,109.41071428571429,-10.25,EOD,569,ESU6,0.84
2026-06-22,2026,B,-1,435,"(0.8, 2.0)",87.52857142857144,218.82142857142858,109.41071428571429,-10.25,EOD,569,ESU6,0.84
2026-06-22,2026,B,-1,435,"(1.0, 1.5)",109.41071428571429,164.11607142857144,109.41071428571429,-10.25,EOD,569,ESU6,0.84
2026-06-22,2026,B,-1,435,"(1.0, 1.75)",109.41071428571429,191.46875,109.41071428571429,-10.25,EOD,569,ESU6,0.84
2026-06-22,2026,B,-1,435,"(1.0, 2.0)",109.41071428571429,218.82142857142858,109.41071428571429,-10.25,EOD,569,ESU6,0.84
2026-06-22,2026,B,-1,435,"(1.2, 1.5)",131.29285714285714,164.11607142857144,109.41071428571429,-10.25,EOD,569,ESU6,0.84
2026-06-22,2026,B,-1,435,"(1.2, 1.75)",131.29285714285714,191.46875,109.41071428571429,-10.25,EOD,569,ESU6,0.84
2026-06-22,2026,B,-1,435,"(1.2, 2.0)",131.29285714285714,218.82142857142858,109.41071428571429,-10.25,EOD,569,ESU6,0.84
2026-06-22,2026,B,-1,435,"(0.179, 0.247)",19.584517857142856,27.02444642857143,109.41071428571429,-10.25,EOD,569,ESU6,0.84
2026-06-30,2026,B,-1,495,"(0.8, 1.5)",82.17142857142858,154.07142857142856,102.71428571428571,2.75,EOD,569,ESU6,0.84
2026-06-30,2026,B,-1,495,"(0.8, 1.75)",82.17142857142858,179.75,102.71428571428571,2.75,EOD,569,ESU6,0.84
2026-06-30,2026,B,-1,495,"(0.8, 2.0)",82.17142857142858,205.42857142857142,102.71428571428571,2.75,EOD,569,ESU6,0.84
2026-06-30,2026,B,-1,495,"(1.0, 1.5)",102.71428571428571,154.07142857142856,102.71428571428571,2.75,EOD,569,ESU6,0.84
2026-06-30,2026,B,-1,495,"(1.0, 1.75)",102.71428571428571,179.75,102.71428571428571,2.75,EOD,569,ESU6,0.84
2026-06-30,2026,B,-1,495,"(1.0, 2.0)",102.71428571428571,205.42857142857142,102.71428571428571,2.75,EOD,569,ESU6,0.84
2026-06-30,2026,B,-1,495,"(1.2, 1.5)",123.25714285714284,154.07142857142856,102.71428571428571,2.75,EOD,569,ESU6,0.84
2026-06-30,2026,B,-1,495,"(1.2, 1.75)",123.25714285714284,179.75,102.71428571428571,2.75,EOD,569,ESU6,0.84
2026-06-30,2026,B,-1,495,"(1.2, 2.0)",123.25714285714284,205.42857142857142,102.71428571428571,2.75,EOD,569,ESU6,0.84
2026-06-30,2026,B,-1,495,"(0.179, 0.247)",18.38585714285714,25.37042857142857,102.71428571428571,2.75,EOD,569,ESU6,0.84
2026-07-06,2026,B,-1,370,"(0.8, 1.5)",68.4857142857143,128.41071428571428,85.60714285714286,-4.0,EOD,569,ESU6,0.84
2026-07-06,2026,B,-1,370,"(0.8, 1.75)",68.4857142857143,149.8125,85.60714285714286,-4.0,EOD,569,ESU6,0.84
2026-07-06,2026,B,-1,370,"(0.8, 2.0)",68.4857142857143,171.21428571428572,85.60714285714286,-4.0,EOD,569,ESU6,0.84
2026-07-06,2026,B,-1,370,"(1.0, 1.5)",85.60714285714286,128.41071428571428,85.60714285714286,-4.0,EOD,569,ESU6,0.84
2026-07-06,2026,B,-1,370,"(1.0, 1.75)",85.60714285714286,149.8125,85.60714285714286,-4.0,EOD,569,ESU6,0.84
2026-07-06,2026,B,-1,370,"(1.0, 2.0)",85.60714285714286,171.21428571428572,85.60714285714286,-4.0,EOD,569,ESU6,0.84
2026-07-06,2026,B,-1,370,"(1.2, 1.5)",102.72857142857143,128.41071428571428,85.60714285714286,-4.0,EOD,569,ESU6,0.84
2026-07-06,2026,B,-1,370,"(1.2, 1.75)",102.72857142857143,149.8125,85.60714285714286,-4.0,EOD,569,ESU6,0.84
2026-07-06,2026,B,-1,370,"(1.2, 2.0)",102.72857142857143,171.21428571428572,85.60714285714286,-4.0,EOD,569,ESU6,0.84
2026-07-06,2026,B,-1,370,"(0.179, 0.247)",15.323678571428571,21.144964285714288,85.60714285714286,-4.0,EOD,569,ESU6,0.84
2026-07-09,2026,B,-1,445,"(0.8, 1.5)",64.05714285714286,120.10714285714286,80.07142857142857,-11.25,EOD,569,ESU6,0.84
2026-07-09,2026,B,-1,445,"(0.8, 1.75)",64.05714285714286,140.125,80.07142857142857,-11.25,EOD,569,ESU6,0.84
2026-07-09,2026,B,-1,445,"(0.8, 2.0)",64.05714285714286,160.14285714285714,80.07142857142857,-11.25,EOD,569,ESU6,0.84
2026-07-09,2026,B,-1,445,"(1.0, 1.5)",80.07142857142857,120.10714285714286,80.07142857142857,-11.25,EOD,569,ESU6,0.84
2026-07-09,2026,B,-1,445,"(1.0, 1.75)",80.07142857142857,140.125,80.07142857142857,-11.25,EOD,569,ESU6,0.84
2026-07-09,2026,B,-1,445,"(1.0, 2.0)",80.07142857142857,160.14285714285714,80.07142857142857,-11.25,EOD,569,ESU6,0.84
2026-07-09,2026,B,-1,445,"(1.2, 1.5)",96.08571428571427,120.10714285714286,80.07142857142857,-11.25,EOD,569,ESU6,0.84
2026-07-09,2026,B,-1,445,"(1.2, 1.75)",96.08571428571427,140.125,80.07142857142857,-11.25,EOD,569,ESU6,0.84
2026-07-09,2026,B,-1,445,"(1.2, 2.0)",96.08571428571427,160.14285714285714,80.07142857142857,-11.25,EOD,569,ESU6,0.84
2026-07-09,2026,B,-1,445,"(0.179, 0.247)",14.332785714285713,19.777642857142858,80.07142857142857,-14.33278571428582,SL,491,ESU6,0.84
2026-07-10,2026,B,-1,495,"(0.8, 1.5)",67.10000000000001,125.8125,83.875,-3.25,EOD,569,ESU6,0.84
2026-07-10,2026,B,-1,495,"(0.8, 1.75)",67.10000000000001,146.78125,83.875,-3.25,EOD,569,ESU6,0.84
2026-07-10,2026,B,-1,495,"(0.8, 2.0)",67.10000000000001,167.75,83.875,-3.25,EOD,569,ESU6,0.84
2026-07-10,2026,B,-1,495,"(1.0, 1.5)",83.875,125.8125,83.875,-3.25,EOD,569,ESU6,0.84
2026-07-10,2026,B,-1,495,"(1.0, 1.75)",83.875,146.78125,83.875,-3.25,EOD,569,ESU6,0.84
2026-07-10,2026,B,-1,495,"(1.0, 2.0)",83.875,167.75,83.875,-3.25,EOD,569,ESU6,0.84
2026-07-10,2026,B,-1,495,"(1.2, 1.5)",100.64999999999999,125.8125,83.875,-3.25,EOD,569,ESU6,0.84
2026-07-10,2026,B,-1,495,"(1.2, 1.75)",100.64999999999999,146.78125,83.875,-3.25,EOD,569,ESU6,0.84
2026-07-10,2026,B,-1,495,"(1.2, 2.0)",100.64999999999999,167.75,83.875,-3.25,EOD,569,ESU6,0.84
2026-07-10,2026,B,-1,495,"(0.179, 0.247)",15.013625,20.717125,83.875,-3.25,EOD,569,ESU6,0.84
2026-07-14,2026,B,1,435,"(0.8, 1.5)",64.08571428571429,120.16071428571429,80.10714285714286,26.25,EOD,569,ESU6,0.84
2026-07-14,2026,B,1,435,"(0.8, 1.75)",64.08571428571429,140.1875,80.10714285714286,26.25,EOD,569,ESU6,0.84
2026-07-14,2026,B,1,435,"(0.8, 2.0)",64.08571428571429,160.21428571428572,80.10714285714286,26.25,EOD,569,ESU6,0.84
2026-07-14,2026,B,1,435,"(1.0, 1.5)",80.10714285714286,120.16071428571429,80.10714285714286,26.25,EOD,569,ESU6,0.84
2026-07-14,2026,B,1,435,"(1.0, 1.75)",80.10714285714286,140.1875,80.10714285714286,26.25,EOD,569,ESU6,0.84
2026-07-14,2026,B,1,435,"(1.0, 2.0)",80.10714285714286,160.21428571428572,80.10714285714286,26.25,EOD,569,ESU6,0.84
2026-07-14,2026,B,1,435,"(1.2, 1.5)",96.12857142857143,120.16071428571429,80.10714285714286,26.25,EOD,569,ESU6,0.84
2026-07-14,2026,B,1,435,"(1.2, 1.75)",96.12857142857143,140.1875,80.10714285714286,26.25,EOD,569,ESU6,0.84
2026-07-14,2026,B,1,435,"(1.2, 2.0)",96.12857142857143,160.21428571428572,80.10714285714286,26.25,EOD,569,ESU6,0.84
2026-07-14,2026,B,1,435,"(0.179, 0.247)",14.33917857142857,19.786464285714285,80.10714285714286,19.78646428571392,TP,510,ESU6,0.84
2026-07-20,2026,B,-1,460,"(0.8, 1.5)",55.97142857142857,104.94642857142856,69.96428571428571,4.5,EOD,569,ESU6,0.84
2026-07-20,2026,B,-1,460,"(0.8, 1.75)",55.97142857142857,122.43749999999999,69.96428571428571,4.5,EOD,569,ESU6,0.84
2026-07-20,2026,B,-1,460,"(0.8, 2.0)",55.97142857142857,139.92857142857142,69.96428571428571,4.5,EOD,569,ESU6,0.84
2026-07-20,2026,B,-1,460,"(1.0, 1.5)",69.96428571428571,104.94642857142856,69.96428571428571,4.5,EOD,569,ESU6,0.84
2026-07-20,2026,B,-1,460,"(1.0, 1.75)",69.96428571428571,122.43749999999999,69.96428571428571,4.5,EOD,569,ESU6,0.84
2026-07-20,2026,B,-1,460,"(1.0, 2.0)",69.96428571428571,139.92857142857142,69.96428571428571,4.5,EOD,569,ESU6,0.84
2026-07-20,2026,B,-1,460,"(1.2, 1.5)",83.95714285714284,104.94642857142856,69.96428571428571,4.5,EOD,569,ESU6,0.84
2026-07-20,2026,B,-1,460,"(1.2, 1.75)",83.95714285714284,122.43749999999999,69.96428571428571,4.5,EOD,569,ESU6,0.84
2026-07-20,2026,B,-1,460,"(1.2, 2.0)",83.95714285714284,139.92857142857142,69.96428571428571,4.5,EOD,569,ESU6,0.84
2026-07-20,2026,B,-1,460,"(0.179, 0.247)",12.523607142857141,17.28117857142857,69.96428571428571,17.281178571428427,TP,482,ESU6,0.84
2026-07-22,2026,B,1,540,"(0.8, 1.5)",55.78571428571429,104.59821428571429,69.73214285714286,13.25,EOD,569,ESU6,0.84
2026-07-22,2026,B,1,540,"(0.8, 1.75)",55.78571428571429,122.03125,69.73214285714286,13.25,EOD,569,ESU6,0.84
2026-07-22,2026,B,1,540,"(0.8, 2.0)",55.78571428571429,139.46428571428572,69.73214285714286,13.25,EOD,569,ESU6,0.84
2026-07-22,2026,B,1,540,"(1.0, 1.5)",69.73214285714286,104.59821428571429,69.73214285714286,13.25,EOD,569,ESU6,0.84
2026-07-22,2026,B,1,540,"(1.0, 1.75)",69.73214285714286,122.03125,69.73214285714286,13.25,EOD,569,ESU6,0.84
2026-07-22,2026,B,1,540,"(1.0, 2.0)",69.73214285714286,139.46428571428572,69.73214285714286,13.25,EOD,569,ESU6,0.84
2026-07-22,2026,B,1,540,"(1.2, 1.5)",83.67857142857143,104.59821428571429,69.73214285714286,13.25,EOD,569,ESU6,0.84
2026-07-22,2026,B,1,540,"(1.2, 1.75)",83.67857142857143,122.03125,69.73214285714286,13.25,EOD,569,ESU6,0.84
2026-07-22,2026,B,1,540,"(1.2, 2.0)",83.67857142857143,139.46428571428572,69.73214285714286,13.25,EOD,569,ESU6,0.84
2026-07-22,2026,B,1,540,"(0.179, 0.247)",12.48205357142857,17.223839285714288,69.73214285714286,13.25,EOD,569,ESU6,0.84
2026-08-04,2026,B,-1,355,"(0.8, 1.5)",72.01428571428572,135.02678571428572,90.01785714285714,-22.5,EOD,569,ESU6,0.84
2026-08-04,2026,B,-1,355,"(0.8, 1.75)",72.01428571428572,157.53125,90.01785714285714,-22.5,EOD,569,ESU6,0.84
2026-08-04,2026,B,-1,355,"(0.8, 2.0)",72.01428571428572,180.03571428571428,90.01785714285714,-22.5,EOD,569,ESU6,0.84
2026-08-04,2026,B,-1,355,"(1.0, 1.5)",90.01785714285714,135.02678571428572,90.01785714285714,-22.5,EOD,569,ESU6,0.84
2026-08-04,2026,B,-1,355,"(1.0, 1.75)",90.01785714285714,157.53125,90.01785714285714,-22.5,EOD,569,ESU6,0.84
2026-08-04,2026,B,-1,355,"(1.0, 2.0)",90.01785714285714,180.03571428571428,90.01785714285714,-22.5,EOD,569,ESU6,0.84
2026-08-04,2026,B,-1,355,"(1.2, 1.5)",108.02142857142856,135.02678571428572,90.01785714285714,-22.5,EOD,569,ESU6,0.84
2026-08-04,2026,B,-1,355,"(1.2, 1.75)",108.02142857142856,157.53125,90.01785714285714,-22.5,EOD,569,ESU6,0.84
2026-08-04,2026,B,-1,355,"(1.2, 2.0)",108.02142857142856,180.03571428571428,90.01785714285714,-22.5,EOD,569,ESU6,0.84
2026-08-04,2026,B,-1,355,"(0.179, 0.247)",16.113196428571428,22.234410714285712,90.01785714285714,-16.113196428571428,SL,463,ESU6,0.84
2026-08-07,2026,B,-1,515,"(0.8, 1.5)",74.81428571428572,140.27678571428572,93.51785714285714,9.0,EOD,569,ESU6,0.84
2026-08-07,2026,B,-1,515,"(0.8, 1.75)",74.81428571428572,163.65625,93.51785714285714,9.0,EOD,569,ESU6,0.84
2026-08-07,2026,B,-1,515,"(0.8, 2.0)",74.81428571428572,187.03571428571428,93.51785714285714,9.0,EOD,569,ESU6,0.84
2026-08-07,2026,B,-1,515,"(1.0, 1.5)",93.51785714285714,140.27678571428572,93.51785714285714,9.0,EOD,569,ESU6,0.84
2026-08-07,2026,B,-1,515,"(1.0, 1.75)",93.51785714285714,163.65625,93.51785714285714,9.0,EOD,569,ESU6,0.84
2026-08-07,2026,B,-1,515,"(1.0, 2.0)",93.51785714285714,187.03571428571428,93.51785714285714,9.0,EOD,569,ESU6,0.84
2026-08-07,2026,B,-1,515,"(1.2, 1.5)",112.22142857142856,140.27678571428572,93.51785714285714,9.0,EOD,569,ESU6,0.84
2026-08-07,2026,B,-1,515,"(1.2, 1.75)",112.22142857142856,163.65625,93.51785714285714,9.0,EOD,569,ESU6,0.84
2026-08-07,2026,B,-1,515,"(1.2, 2.0)",112.22142857142856,187.03571428571428,93.51785714285714,9.0,EOD,569,ESU6,0.84
2026-08-07,2026,B,-1,515,"(0.179, 0.247)",16.739696428571428,23.09891071428571,93.51785714285714,9.0,EOD,569,ESU6,0.84
2026-08-24,2026,B,1,460,"(0.8, 1.5)",47.74285714285715,89.51785714285714,59.67857142857143,-0.5,EOD,569,ESU6,0.84
2026-08-24,2026,B,1,460,"(0.8, 1.75)",47.74285714285715,104.4375,59.67857142857143,-0.5,EOD,569,ESU6,0.84
2026-08-24,2026,B,1,460,"(0.8, 2.0)",47.74285714285715,119.35714285714286,59.67857142857143,-0.5,EOD,569,ESU6,0.84
2026-08-24,2026,B,1,460,"(1.0, 1.5)",59.67857142857143,89.51785714285714,59.67857142857143,-0.5,EOD,569,ESU6,0.84
2026-08-24,2026,B,1,460,"(1.0, 1.75)",59.67857142857143,104.4375,59.67857142857143,-0.5,EOD,569,ESU6,0.84
2026-08-24,2026,B,1,460,"(1.0, 2.0)",59.67857142857143,119.35714285714286,59.67857142857143,-0.5,EOD,569,ESU6,0.84
2026-08-24,2026,B,1,460,"(1.2, 1.5)",71.61428571428571,89.51785714285714,59.67857142857143,-0.5,EOD,569,ESU6,0.84
2026-08-24,2026,B,1,460,"(1.2, 1.75)",71.61428571428571,104.4375,59.67857142857143,-0.5,EOD,569,ESU6,0.84
2026-08-24,2026,B,1,460,"(1.2, 2.0)",71.61428571428571,119.35714285714286,59.67857142857143,-0.5,EOD,569,ESU6,0.84
2026-08-24,2026,B,1,460,"(0.179, 0.247)",10.682464285714286,14.740607142857144,59.67857142857143,-10.682464285714559,SL,512,ESU6,0.84
2026-09-02,2026,B,1,430,"(0.8, 1.5)",42.471428571428575,79.63392857142857,53.089285714285715,22.25,EOD,569,ESU6,0.84
2026-09-02,2026,B,1,430,"(0.8, 1.75)",42.471428571428575,92.90625,53.089285714285715,22.25,EOD,569,ESU6,0.84
2026-09-02,2026,B,1,430,"(0.8, 2.0)",42.471428571428575,106.17857142857143,53.089285714285715,22.25,EOD,569,ESU6,0.84
2026-09-02,2026,B,1,430,"(1.0, 1.5)",53.089285714285715,79.63392857142857,53.089285714285715,22.25,EOD,569,ESU6,0.84
2026-09-02,2026,B,1,430,"(1.0, 1.75)",53.089285714285715,92.90625,53.089285714285715,22.25,EOD,569,ESU6,0.84
2026-09-02,2026,B,1,430,"(1.0, 2.0)",53.089285714285715,106.17857142857143,53.089285714285715,22.25,EOD,569,ESU6,0.84
2026-09-02,2026,B,1,430,"(1.2, 1.5)",63.707142857142856,79.63392857142857,53.089285714285715,22.25,EOD,569,ESU6,0.84
2026-09-02,2026,B,1,430,"(1.2, 1.75)",63.707142857142856,92.90625,53.089285714285715,22.25,EOD,569,ESU6,0.84
2026-09-02,2026,B,1,430,"(1.2, 2.0)",63.707142857142856,106.17857142857143,53.089285714285715,22.25,EOD,569,ESU6,0.84
2026-09-02,2026,B,1,430,"(0.179, 0.247)",9.502982142857142,13.113053571428571,53.089285714285715,13.113053571428281,TP,455,ESU6,0.84
2026-09-03,2026,B,-1,525,"(0.8, 1.5)",41.285714285714285,77.41071428571428,51.607142857142854,-13.25,EOD,569,ESU6,0.84
2026-09-03,2026,B,-1,525,"(0.8, 1.75)",41.285714285714285,90.3125,51.607142857142854,-13.25,EOD,569,ESU6,0.84
2026-09-03,2026,B,-1,525,"(0.8, 2.0)",41.285714285714285,103.21428571428571,51.607142857142854,-13.25,EOD,569,ESU6,0.84
2026-09-03,2026,B,-1,525,"(1.0, 1.5)",51.607142857142854,77.41071428571428,51.607142857142854,-13.25,EOD,569,ESU6,0.84
2026-09-03,2026,B,-1,525,"(1.0, 1.75)",51.607142857142854,90.3125,51.607142857142854,-13.25,EOD,569,ESU6,0.84
2026-09-03,2026,B,-1,525,"(1.0, 2.0)",51.607142857142854,103.21428571428571,51.607142857142854,-13.25,EOD,569,ESU6,0.84
2026-09-03,2026,B,-1,525,"(1.2, 1.5)",61.92857142857142,77.41071428571428,51.607142857142854,-13.25,EOD,569,ESU6,0.84
2026-09-03,2026,B,-1,525,"(1.2, 1.75)",61.92857142857142,90.3125,51.607142857142854,-13.25,EOD,569,ESU6,0.84
2026-09-03,2026,B,-1,525,"(1.2, 2.0)",61.92857142857142,103.21428571428571,51.607142857142854,-13.25,EOD,569,ESU6,0.84
2026-09-03,2026,B,-1,525,"(0.179, 0.247)",9.237678571428571,12.746964285714284,51.607142857142854,-9.23767857142866,SL,534,ESU6,0.84
2026-09-08,2026,B,-1,385,"(0.8, 1.5)",42.25714285714286,79.23214285714286,52.82142857142857,-4.0,EOD,569,ESU6,0.84
2026-09-08,2026,B,-1,385,"(0.8, 1.75)",42.25714285714286,92.4375,52.82142857142857,-4.0,EOD,569,ESU6,0.84
2026-09-08,2026,B,-1,385,"(0.8, 2.0)",42.25714285714286,105.64285714285714,52.82142857142857,-4.0,EOD,569,ESU6,0.84
2026-09-08,2026,B,-1,385,"(1.0, 1.5)",52.82142857142857,79.23214285714286,52.82142857142857,-4.0,EOD,569,ESU6,0.84
2026-09-08,2026,B,-1,385,"(1.0, 1.75)",52.82142857142857,92.4375,52.82142857142857,-4.0,EOD,569,ESU6,0.84
2026-09-08,2026,B,-1,385,"(1.0, 2.0)",52.82142857142857,105.64285714285714,52.82142857142857,-4.0,EOD,569,ESU6,0.84
2026-09-08,2026,B,-1,385,"(1.2, 1.5)",63.38571428571428,79.23214285714286,52.82142857142857,-4.0,EOD,569,ESU6,0.84
2026-09-08,2026,B,-1,385,"(1.2, 1.75)",63.38571428571428,92.4375,52.82142857142857,-4.0,EOD,569,ESU6,0.84
2026-09-08,2026,B,-1,385,"(1.2, 2.0)",63.38571428571428,105.64285714285714,52.82142857142857,-4.0,EOD,569,ESU6,0.84
2026-09-08,2026,B,-1,385,"(0.179, 0.247)",9.455035714285714,13.046892857142856,52.82142857142857,13.046892857142666,TP,428,ESU6,0.84
2026-09-23,2026,B,1,470,"(0.8, 1.5)",53.114285714285714,99.58928571428571,66.39285714285714,-2.75,EOD,569,ESZ6,0.84
2026-09-23,2026,B,1,470,"(0.8, 1.75)",53.114285714285714,116.1875,66.39285714285714,-2.75,EOD,569,ESZ6,0.84
2026-09-23,2026,B,1,470,"(0.8, 2.0)",53.114285714285714,132.78571428571428,66.39285714285714,-2.75,EOD,569,ESZ6,0.84
2026-09-23,2026,B,1,470,"(1.0, 1.5)",66.39285714285714,99.58928571428571,66.39285714285714,-2.75,EOD,569,ESZ6,0.84
2026-09-23,2026,B,1,470,"(1.0, 1.75)",66.39285714285714,116.1875,66.39285714285714,-2.75,EOD,569,ESZ6,0.84
2026-09-23,2026,B,1,470,"(1.0, 2.0)",66.39285714285714,132.78571428571428,66.39285714285714,-2.75,EOD,569,ESZ6,0.84
2026-09-23,2026,B,1,470,"(1.2, 1.5)",79.67142857142856,99.58928571428571,66.39285714285714,-2.75,EOD,569,ESZ6,0.84
2026-09-23,2026,B,1,470,"(1.2, 1.75)",79.67142857142856,116.1875,66.39285714285714,-2.75,EOD,569,ESZ6,0.84
2026-09-23,2026,B,1,470,"(1.2, 2.0)",79.67142857142856,132.78571428571428,66.39285714285714,-2.75,EOD,569,ESZ6,0.84
2026-09-23,2026,B,1,470,"(0.179, 0.247)",11.884321428571427,16.399035714285713,66.39285714285714,-2.75,EOD,569,ESZ6,0.84
2026-09-30,2026,B,-1,520,"(0.8, 1.5)",56.92857142857144,106.74107142857144,71.16071428571429,3.5,EOD,569,ESZ6,0.84
2026-09-30,2026,B,-1,520,"(0.8, 1.75)",56.92857142857144,124.53125000000001,71.16071428571429,3.5,EOD,569,ESZ6,0.84
2026-09-30,2026,B,-1,520,"(0.8, 2.0)",56.92857142857144,142.32142857142858,71.16071428571429,3.5,EOD,569,ESZ6,0.84
2026-09-30,2026,B,-1,520,"(1.0, 1.5)",71.16071428571429,106.74107142857144,71.16071428571429,3.5,EOD,569,ESZ6,0.84
2026-09-30,2026,B,-1,520,"(1.0, 1.75)",71.16071428571429,124.53125000000001,71.16071428571429,3.5,EOD,569,ESZ6,0.84
2026-09-30,2026,B,-1,520,"(1.0, 2.0)",71.16071428571429,142.32142857142858,71.16071428571429,3.5,EOD,569,ESZ6,0.84
2026-09-30,2026,B,-1,520,"(1.2, 1.5)",85.39285714285715,106.74107142857144,71.16071428571429,3.5,EOD,569,ESZ6,0.84
2026-09-30,2026,B,-1,520,"(1.2, 1.75)",85.39285714285715,124.53125000000001,71.16071428571429,3.5,EOD,569,ESZ6,0.84
2026-09-30,2026,B,-1,520,"(1.2, 2.0)",85.39285714285715,142.32142857142858,71.16071428571429,3.5,EOD,569,ESZ6,0.84
2026-09-30,2026,B,-1,520,"(0.179, 0.247)",12.737767857142858,17.57669642857143,71.16071428571429,3.5,EOD,569,ESZ6,0.84
2026-10-07,2026,B,1,360,"(0.8, 1.5)",55.84285714285715,104.70535714285714,69.80357142857143,-26.25,EOD,569,ESZ6,0.84
2026-10-07,2026,B,1,360,"(0.8, 1.75)",55.84285714285715,122.15625,69.80357142857143,-26.25,EOD,569,ESZ6,0.84
2026-10-07,2026,B,1,360,"(0.8, 2.0)",55.84285714285715,139.60714285714286,69.80357142857143,-26.25,EOD,569,ESZ6,0.84
2026-10-07,2026,B,1,360,"(1.0, 1.5)",69.80357142857143,104.70535714285714,69.80357142857143,-26.25,EOD,569,ESZ6,0.84
2026-10-07,2026,B,1,360,"(1.0, 1.75)",69.80357142857143,122.15625,69.80357142857143,-26.25,EOD,569,ESZ6,0.84
2026-10-07,2026,B,1,360,"(1.0, 2.0)",69.80357142857143,139.60714285714286,69.80357142857143,-26.25,EOD,569,ESZ6,0.84
2026-10-07,2026,B,1,360,"(1.2, 1.5)",83.76428571428572,104.70535714285714,69.80357142857143,-26.25,EOD,569,ESZ6,0.84
2026-10-07,2026,B,1,360,"(1.2, 1.75)",83.76428571428572,122.15625,69.80357142857143,-26.25,EOD,569,ESZ6,0.84
2026-10-07,2026,B,1,360,"(1.2, 2.0)",83.76428571428572,139.60714285714286,69.80357142857143,-26.25,EOD,569,ESZ6,0.84
2026-10-07,2026,B,1,360,"(0.179, 0.247)",12.494839285714285,17.241482142857144,69.80357142857143,-12.494839285714079,SL,409,ESZ6,0.84
