fecha,anio,bloque,dir,fin,combo,sl,tp,atr,pnl,motivo,salida,sym,costo,fold,elegido
2019-01-02,2019,A,1,640,"(1.0, 2.0)",206.26785714285714,412.5357142857143,206.26785714285714,79.25,EOD,959,NQH9,1.225,2019,"(1.0, 2.0)"
2019-01-03,2019,A,1,620,"(1.0, 2.0)",210.48214285714286,420.9642857142857,210.48214285714286,-47.75,EOD,959,NQH9,1.225,2019,"(1.0, 2.0)"
2019-01-04,2019,A,-1,615,"(1.0, 2.0)",214.69642857142858,429.39285714285717,214.69642857142858,-137.25,EOD,959,NQH9,1.225,2019,"(1.0, 2.0)"
2019-01-09,2019,A,-1,590,"(1.0, 2.0)",215.39285714285714,430.7857142857143,215.39285714285714,-30.25,EOD,959,NQH9,1.225,2019,"(1.0, 2.0)"
2019-01-14,2019,A,1,705,"(1.0, 2.0)",186.91071428571428,373.82142857142856,186.91071428571428,-22.25,EOD,959,NQH9,1.225,2019,"(1.0, 2.0)"
2019-01-16,2019,A,-1,665,"(1.0, 2.0)",166.75,333.5,166.75,4.0,EOD,959,NQH9,1.225,2019,"(1.0, 2.0)"
2019-01-17,2019,A,1,630,"(1.0, 2.0)",143.66071428571428,287.32142857142856,143.66071428571428,44.25,EOD,959,NQH9,1.225,2019,"(1.0, 2.0)"
2019-01-23,2019,A,1,715,"(1.0, 2.0)",123.03571428571429,246.07142857142858,123.03571428571429,57.25,EOD,959,NQH9,1.225,2019,"(1.0, 2.0)"
2019-02-04,2019,A,-1,640,"(1.0, 2.0)",109.78571428571429,219.57142857142858,109.78571428571429,-37.0,EOD,959,NQH9,1.225,2019,"(1.0, 2.0)"
2019-02-06,2019,A,-1,590,"(1.0, 2.0)",107.10714285714286,214.21428571428572,107.10714285714286,29.0,EOD,959,NQH9,1.225,2019,"(1.0, 2.0)"
2019-02-08,2019,A,1,590,"(1.0, 2.0)",107.07142857142857,214.14285714285714,107.07142857142857,61.25,EOD,959,NQH9,1.225,2019,"(1.0, 2.0)"
2019-02-11,2019,A,-1,705,"(1.0, 2.0)",108.96428571428571,217.92857142857142,108.96428571428571,3.0,EOD,959,NQH9,1.225,2019,"(1.0, 2.0)"
2019-02-13,2019,A,-1,705,"(1.0, 2.0)",101.64285714285714,203.28571428571428,101.64285714285714,3.25,EOD,959,NQH9,1.225,2019,"(1.0, 2.0)"
2019-02-14,2019,A,1,650,"(1.0, 2.0)",101.51785714285714,203.03571428571428,101.51785714285714,9.25,EOD,959,NQH9,1.225,2019,"(1.0, 2.0)"
2019-02-19,2019,A,1,595,"(1.0, 2.0)",88.96428571428571,177.92857142857142,88.96428571428571,6.75,EOD,959,NQH9,1.225,2019,"(1.0, 2.0)"
2019-02-20,2019,A,-1,600,"(1.0, 2.0)",79.14285714285714,158.28571428571428,79.14285714285714,21.25,EOD,959,NQH9,1.225,2019,"(1.0, 2.0)"
2019-02-21,2019,A,1,695,"(1.0, 2.0)",75.16071428571429,150.32142857142858,75.16071428571429,0.75,EOD,959,NQH9,1.225,2019,"(1.0, 2.0)"
2019-02-22,2019,A,-1,595,"(1.0, 2.0)",75.14285714285714,150.28571428571428,75.14285714285714,-26.5,EOD,959,NQH9,1.225,2019,"(1.0, 2.0)"
2019-02-26,2019,A,1,655,"(1.0, 2.0)",73.08928571428571,146.17857142857142,73.08928571428571,11.75,EOD,959,NQH9,1.225,2019,"(1.0, 2.0)"
2019-03-04,2019,A,1,710,"(1.0, 2.0)",65.26785714285714,130.53571428571428,65.26785714285714,47.75,EOD,959,NQH9,1.225,2019,"(1.0, 2.0)"
2019-03-06,2019,A,1,640,"(1.0, 2.0)",67.17857142857143,134.35714285714286,67.17857142857143,-8.75,EOD,959,NQH9,1.225,2019,"(1.0, 2.0)"
2019-03-08,2019,A,1,910,"(1.0, 2.0)",69.57142857142857,139.14285714285714,69.57142857142857,15.5,EOD,959,NQH9,1.225,2019,"(1.0, 2.0)"
2019-03-18,2019,A,-1,595,"(1.0, 2.0)",80.71428571428571,161.42857142857142,80.71428571428571,5.0,EOD,959,NQM9,1.225,2019,"(1.0, 2.0)"
2019-03-21,2019,A,-1,650,"(1.0, 2.0)",84.01785714285714,168.03571428571428,84.01785714285714,-69.75,EOD,959,NQM9,1.225,2019,"(1.0, 2.0)"
2019-03-22,2019,A,1,845,"(1.0, 2.0)",90.41071428571429,180.82142857142858,90.41071428571429,-34.0,EOD,959,NQM9,1.225,2019,"(1.0, 2.0)"
2019-03-25,2019,A,1,700,"(1.0, 2.0)",93.03571428571429,186.07142857142858,93.03571428571429,-13.25,EOD,959,NQM9,1.225,2019,"(1.0, 2.0)"
2019-04-02,2019,A,-1,585,"(1.0, 2.0)",94.19642857142857,188.39285714285714,94.19642857142857,-23.75,EOD,959,NQM9,1.225,2019,"(1.0, 2.0)"
2019-04-04,2019,A,1,640,"(1.0, 2.0)",95.375,190.75,95.375,14.5,EOD,959,NQM9,1.225,2019,"(1.0, 2.0)"
2019-04-05,2019,A,-1,590,"(1.0, 2.0)",94.42857142857143,188.85714285714286,94.42857142857143,-14.75,EOD,959,NQM9,1.225,2019,"(1.0, 2.0)"
2019-04-10,2019,A,-1,660,"(1.0, 2.0)",88.69642857142857,177.39285714285714,88.69642857142857,-18.0,EOD,959,NQM9,1.225,2019,"(1.0, 2.0)"
2019-04-12,2019,A,-1,585,"(1.0, 2.0)",71.98214285714286,143.96428571428572,71.98214285714286,-6.5,EOD,959,NQM9,1.225,2019,"(1.0, 2.0)"
2019-04-15,2019,A,-1,590,"(1.0, 2.0)",69.0,138.0,69.0,-3.75,EOD,959,NQM9,1.225,2019,"(1.0, 2.0)"
2019-04-17,2019,A,-1,865,"(1.0, 2.0)",59.517857142857146,119.03571428571429,59.517857142857146,-13.25,EOD,959,NQM9,1.225,2019,"(1.0, 2.0)"
2019-04-18,2019,A,1,605,"(1.0, 2.0)",58.42857142857143,116.85714285714286,58.42857142857143,30.25,EOD,959,NQM9,1.225,2019,"(1.0, 2.0)"
2019-04-22,2019,A,-1,665,"(1.0, 2.0)",57.875,115.75,57.875,-22.5,EOD,959,NQM9,1.225,2019,"(1.0, 2.0)"
2019-04-24,2019,A,-1,640,"(1.0, 2.0)",59.267857142857146,118.53571428571429,59.267857142857146,31.5,EOD,959,NQM9,1.225,2019,"(1.0, 2.0)"
2019-04-25,2019,A,1,625,"(1.0, 2.0)",55.892857142857146,111.78571428571429,55.892857142857146,28.0,EOD,959,NQM9,1.225,2019,"(1.0, 2.0)"
2019-04-26,2019,A,1,630,"(1.0, 2.0)",55.660714285714285,111.32142857142857,55.660714285714285,47.0,EOD,959,NQM9,1.225,2019,"(1.0, 2.0)"
2019-04-29,2019,A,-1,590,"(1.0, 2.0)",58.839285714285715,117.67857142857143,58.839285714285715,-13.0,EOD,959,NQM9,1.225,2019,"(1.0, 2.0)"
2019-05-02,2019,A,1,665,"(1.0, 2.0)",66.23214285714286,132.46428571428572,66.23214285714286,-66.23214285714312,SL,705,NQM9,1.225,2019,"(1.0, 2.0)"
2019-05-07,2019,A,1,695,"(1.0, 2.0)",86.76785714285714,173.53571428571428,86.76785714285714,-86.76785714285688,SL,886,NQM9,1.225,2019,"(1.0, 2.0)"
2019-05-14,2019,A,-1,715,"(1.0, 2.0)",132.14285714285714,264.2857142857143,132.14285714285714,29.0,EOD,959,NQM9,1.225,2019,"(1.0, 2.0)"
2019-05-21,2019,A,-1,615,"(1.0, 2.0)",156.08928571428572,312.17857142857144,156.08928571428572,-32.25,EOD,959,NQM9,1.225,2019,"(1.0, 2.0)"
2019-05-22,2019,A,1,665,"(1.0, 2.0)",155.55357142857142,311.10714285714283,155.55357142857142,1.5,EOD,959,NQM9,1.225,2019,"(1.0, 2.0)"
2019-05-24,2019,A,-1,635,"(1.0, 2.0)",153.14285714285714,306.2857142857143,153.14285714285714,33.0,EOD,959,NQM9,1.225,2019,"(1.0, 2.0)"
2019-05-28,2019,A,1,900,"(1.0, 2.0)",130.35714285714286,260.7142857142857,130.35714285714286,-27.75,EOD,959,NQM9,1.225,2019,"(1.0, 2.0)"
2019-05-30,2019,A,-1,610,"(1.0, 2.0)",126.94642857142857,253.89285714285714,126.94642857142857,1.75,EOD,959,NQM9,1.225,2019,"(1.0, 2.0)"
2019-06-04,2019,A,-1,690,"(1.0, 2.0)",109.85714285714286,219.71428571428572,109.85714285714286,-40.25,EOD,959,NQM9,1.225,2019,"(1.0, 2.0)"
2019-06-05,2019,A,-1,645,"(1.0, 2.0)",111.21428571428571,222.42857142857142,111.21428571428571,-54.0,EOD,959,NQM9,1.225,2019,"(1.0, 2.0)"
2019-06-06,2019,A,-1,585,"(1.0, 2.0)",108.53571428571429,217.07142857142858,108.53571428571429,-54.0,EOD,959,NQM9,1.225,2019,"(1.0, 2.0)"
2019-06-11,2019,A,-1,595,"(1.0, 2.0)",113.01785714285714,226.03571428571428,113.01785714285714,57.25,EOD,959,NQM9,1.225,2019,"(1.0, 2.0)"
2019-06-12,2019,A,1,595,"(1.0, 2.0)",116.89285714285714,233.78571428571428,116.89285714285714,-20.0,EOD,959,NQM9,1.225,2019,"(1.0, 2.0)"
2019-06-13,2019,A,-1,670,"(1.0, 2.0)",109.32142857142857,218.64285714285714,109.32142857142857,-20.75,EOD,959,NQM9,1.225,2019,"(1.0, 2.0)"
2019-07-08,2019,A,1,645,"(1.0, 2.0)",84.78571428571429,169.57142857142858,84.78571428571429,12.0,EOD,959,NQU9,1.225,2019,"(1.0, 2.0)"
2019-07-11,2019,A,-1,605,"(1.0, 2.0)",79.57142857142857,159.14285714285714,79.57142857142857,21.5,EOD,959,NQU9,1.225,2019,"(1.0, 2.0)"
2019-07-15,2019,A,-1,610,"(1.0, 2.0)",80.78571428571429,161.57142857142858,80.78571428571429,-21.5,EOD,959,NQU9,1.225,2019,"(1.0, 2.0)"
2019-07-17,2019,A,1,655,"(1.0, 2.0)",70.35714285714286,140.71428571428572,70.35714285714286,-15.0,EOD,959,NQU9,1.225,2019,"(1.0, 2.0)"
2019-07-18,2019,A,1,930,"(1.0, 2.0)",70.92857142857143,141.85714285714286,70.92857142857143,8.5,EOD,959,NQU9,1.225,2019,"(1.0, 2.0)"
2019-07-23,2019,A,-1,605,"(1.0, 2.0)",73.55357142857143,147.10714285714286,73.55357142857143,-34.25,EOD,959,NQU9,1.225,2019,"(1.0, 2.0)"
2019-07-24,2019,A,-1,590,"(1.0, 2.0)",73.21428571428571,146.42857142857142,73.21428571428571,-55.75,EOD,959,NQU9,1.225,2019,"(1.0, 2.0)"
2019-07-25,2019,A,1,910,"(1.0, 2.0)",78.16071428571429,156.32142857142858,78.16071428571429,7.0,EOD,959,NQU9,1.225,2019,"(1.0, 2.0)"
2019-07-29,2019,A,1,865,"(1.0, 2.0)",77.57142857142857,155.14285714285714,77.57142857142857,7.25,EOD,959,NQU9,1.225,2019,"(1.0, 2.0)"
2019-08-01,2019,A,1,890,"(1.0, 2.0)",84.73214285714286,169.46428571428572,84.73214285714286,-10.75,EOD,959,NQU9,1.225,2019,"(1.0, 2.0)"
2019-08-06,2019,A,-1,870,"(1.0, 2.0)",127.53571428571429,255.07142857142858,127.53571428571429,11.0,EOD,959,NQU9,1.225,2019,"(1.0, 2.0)"
2019-08-07,2019,A,-1,855,"(1.0, 2.0)",132.66071428571428,265.32142857142856,132.66071428571428,-23.0,EOD,959,NQU9,1.225,2019,"(1.0, 2.0)"
2019-08-12,2019,A,1,605,"(1.0, 2.0)",147.23214285714286,294.4642857142857,147.23214285714286,-29.75,EOD,959,NQU9,1.225,2019,"(1.0, 2.0)"
2019-08-14,2019,A,1,665,"(1.0, 2.0)",161.91071428571428,323.82142857142856,161.91071428571428,-57.25,EOD,959,NQU9,1.225,2019,"(1.0, 2.0)"
2019-08-15,2019,A,1,585,"(1.0, 2.0)",173.03571428571428,346.07142857142856,173.03571428571428,1.5,EOD,959,NQU9,1.225,2019,"(1.0, 2.0)"
2019-08-20,2019,A,1,585,"(1.0, 2.0)",182.80357142857142,365.60714285714283,182.80357142857142,-26.5,EOD,959,NQU9,1.225,2019,"(1.0, 2.0)"
2019-08-21,2019,A,-1,850,"(1.0, 2.0)",172.71428571428572,345.42857142857144,172.71428571428572,-4.75,EOD,959,NQU9,1.225,2019,"(1.0, 2.0)"
2019-08-22,2019,A,-1,590,"(1.0, 2.0)",162.25,324.5,162.25,44.5,EOD,959,NQU9,1.225,2019,"(1.0, 2.0)"
2019-08-23,2019,A,1,600,"(1.0, 2.0)",159.125,318.25,159.125,-159.125,SL,802,NQU9,1.225,2019,"(1.0, 2.0)"
2019-08-27,2019,A,-1,695,"(1.0, 2.0)",153.94642857142858,307.89285714285717,153.94642857142858,12.25,EOD,959,NQU9,1.225,2019,"(1.0, 2.0)"
2019-08-28,2019,A,1,590,"(1.0, 2.0)",148.33928571428572,296.67857142857144,148.33928571428572,54.75,EOD,959,NQU9,1.225,2019,"(1.0, 2.0)"
2019-08-30,2019,A,-1,615,"(1.0, 2.0)",143.23214285714286,286.4642857142857,143.23214285714286,21.5,EOD,959,NQU9,1.225,2019,"(1.0, 2.0)"
2019-09-03,2019,A,-1,600,"(1.0, 2.0)",133.17857142857142,266.35714285714283,133.17857142857142,54.0,EOD,959,NQU9,1.225,2019,"(1.0, 2.0)"
2019-09-04,2019,A,-1,615,"(1.0, 2.0)",121.75,243.5,121.75,-54.5,EOD,959,NQU9,1.225,2019,"(1.0, 2.0)"
2019-09-13,2019,A,1,640,"(1.0, 2.0)",102.78571428571429,205.57142857142858,102.78571428571429,-17.5,EOD,959,NQU9,1.225,2019,"(1.0, 2.0)"
2019-09-17,2019,A,-1,840,"(1.0, 2.0)",94.57142857142857,189.14285714285714,94.57142857142857,-27.75,EOD,959,NQZ9,1.225,2019,"(1.0, 2.0)"
2019-09-23,2019,A,1,615,"(1.0, 2.0)",87.57142857142857,175.14285714285714,87.57142857142857,26.0,EOD,959,NQZ9,1.225,2019,"(1.0, 2.0)"
2019-09-25,2019,A,1,595,"(1.0, 2.0)",90.82142857142857,181.64285714285714,90.82142857142857,117.25,EOD,959,NQZ9,1.225,2019,"(1.0, 2.0)"
2019-09-27,2019,A,1,700,"(1.0, 2.0)",95.5,191.0,95.5,-36.75,EOD,959,NQZ9,1.225,2019,"(1.0, 2.0)"
2019-10-01,2019,A,-1,615,"(1.0, 2.0)",100.78571428571429,201.57142857142858,100.78571428571429,65.75,EOD,959,NQZ9,1.225,2019,"(1.0, 2.0)"
2019-10-03,2019,A,1,660,"(1.0, 2.0)",111.5,223.0,111.5,101.25,EOD,959,NQZ9,1.225,2019,"(1.0, 2.0)"
2019-10-07,2019,A,-1,690,"(1.0, 2.0)",125.44642857142857,250.89285714285714,125.44642857142857,35.25,EOD,959,NQZ9,1.225,2019,"(1.0, 2.0)"
2019-10-14,2019,A,1,585,"(1.0, 2.0)",136.83928571428572,273.67857142857144,136.83928571428572,12.0,EOD,959,NQZ9,1.225,2019,"(1.0, 2.0)"
2019-10-17,2019,A,-1,680,"(1.0, 2.0)",118.55357142857143,237.10714285714286,118.55357142857143,-1.25,EOD,959,NQZ9,1.225,2019,"(1.0, 2.0)"
2019-10-22,2019,A,1,905,"(1.0, 2.0)",108.96428571428571,217.92857142857142,108.96428571428571,-11.75,EOD,959,NQZ9,1.225,2019,"(1.0, 2.0)"
2019-10-25,2019,A,-1,615,"(1.0, 2.0)",91.67857142857143,183.35714285714286,91.67857142857143,-58.0,EOD,959,NQZ9,1.225,2019,"(1.0, 2.0)"
2019-10-29,2019,A,1,635,"(1.0, 2.0)",92.10714285714286,184.21428571428572,92.10714285714286,-34.25,EOD,959,NQZ9,1.225,2019,"(1.0, 2.0)"
2019-11-05,2019,A,-1,605,"(1.0, 2.0)",79.85714285714286,159.71428571428572,79.85714285714286,11.75,EOD,959,NQZ9,1.225,2019,"(1.0, 2.0)"
2019-11-06,2019,A,1,585,"(1.0, 2.0)",79.57142857142857,159.14285714285714,79.57142857142857,6.0,EOD,959,NQZ9,1.225,2019,"(1.0, 2.0)"
2019-11-08,2019,A,1,605,"(1.0, 2.0)",75.39285714285714,150.78571428571428,75.39285714285714,56.5,EOD,959,NQZ9,1.225,2019,"(1.0, 2.0)"
2019-11-13,2019,A,1,595,"(1.0, 2.0)",72.125,144.25,72.125,20.5,EOD,959,NQZ9,1.225,2019,"(1.0, 2.0)"
2019-11-14,2019,A,1,665,"(1.0, 2.0)",69.48214285714286,138.96428571428572,69.48214285714286,24.5,EOD,959,NQZ9,1.225,2019,"(1.0, 2.0)"
2019-11-18,2019,A,1,590,"(1.0, 2.0)",62.92857142857143,125.85714285714286,62.92857142857143,39.0,EOD,959,NQZ9,1.225,2019,"(1.0, 2.0)"
2019-11-19,2019,A,-1,600,"(1.0, 2.0)",63.05357142857143,126.10714285714286,63.05357142857143,-3.5,EOD,959,NQZ9,1.225,2019,"(1.0, 2.0)"
2019-11-22,2019,A,-1,605,"(1.0, 2.0)",61.92857142857143,123.85714285714286,61.92857142857143,8.5,EOD,959,NQZ9,1.225,2019,"(1.0, 2.0)"
2019-12-05,2019,A,-1,585,"(1.0, 2.0)",71.51785714285714,143.03571428571428,71.51785714285714,3.0,EOD,959,NQZ9,1.225,2019,"(1.0, 2.0)"
2019-12-09,2019,A,-1,665,"(1.0, 2.0)",73.51785714285714,147.03571428571428,73.51785714285714,42.25,EOD,959,NQZ9,1.225,2019,"(1.0, 2.0)"
2019-12-10,2019,A,1,600,"(1.0, 2.0)",74.44642857142857,148.89285714285714,74.44642857142857,-3.75,EOD,959,NQZ9,1.225,2019,"(1.0, 2.0)"
2019-12-13,2019,A,-1,615,"(1.0, 2.0)",74.35714285714286,148.71428571428572,74.35714285714286,0.5,EOD,959,NQZ9,1.225,2019,"(1.0, 2.0)"
2019-12-18,2019,A,-1,590,"(1.0, 2.0)",75.64285714285714,151.28571428571428,75.64285714285714,6.0,EOD,959,NQH0,1.225,2019,"(1.0, 2.0)"
2019-12-19,2019,A,-1,675,"(1.0, 2.0)",77.23214285714286,154.46428571428572,77.23214285714286,-32.0,EOD,959,NQH0,1.225,2019,"(1.0, 2.0)"
2019-12-27,2019,A,-1,870,"(1.0, 2.0)",62.42857142857143,124.85714285714286,62.42857142857143,8.75,EOD,959,NQH0,1.225,2019,"(1.0, 2.0)"
2020-01-07,2020,A,-1,605,"(1.0, 2.0)",73.58928571428571,147.17857142857142,73.58928571428571,1.0,EOD,959,NQH0,1.475,2020,"(1.0, 2.0)"
2020-01-08,2020,A,-1,610,"(1.0, 2.0)",70.32142857142857,140.64285714285714,70.32142857142857,-70.32142857142935,SL,906,NQH0,1.475,2020,"(1.0, 2.0)"
2020-01-13,2020,A,-1,695,"(1.0, 2.0)",82.28571428571429,164.57142857142858,82.28571428571429,-45.75,EOD,959,NQH0,1.475,2020,"(1.0, 2.0)"
2020-01-15,2020,A,-1,650,"(1.0, 2.0)",88.35714285714286,176.71428571428572,88.35714285714286,36.75,EOD,959,NQH0,1.475,2020,"(1.0, 2.0)"
2020-01-16,2020,A,-1,660,"(1.0, 2.0)",91.58928571428571,183.17857142857142,91.58928571428571,-45.25,EOD,959,NQH0,1.475,2020,"(1.0, 2.0)"
2020-01-21,2020,A,1,585,"(1.0, 2.0)",86.5,173.0,86.5,17.5,EOD,959,NQH0,1.475,2020,"(1.0, 2.0)"
2020-01-23,2020,A,1,610,"(1.0, 2.0)",80.57142857142857,161.14285714285714,80.57142857142857,30.5,EOD,959,NQH0,1.475,2020,"(1.0, 2.0)"
2020-01-24,2020,A,-1,685,"(1.0, 2.0)",77.96428571428571,155.92857142857142,77.96428571428571,69.75,EOD,959,NQH0,1.475,2020,"(1.0, 2.0)"
2020-01-30,2020,A,1,880,"(1.0, 2.0)",94.92857142857143,189.85714285714286,94.92857142857143,68.0,EOD,959,NQH0,1.475,2020,"(1.0, 2.0)"
2020-01-31,2020,A,1,680,"(1.0, 2.0)",98.32142857142857,196.64285714285714,98.32142857142857,-51.75,EOD,959,NQH0,1.475,2020,"(1.0, 2.0)"
2020-02-05,2020,A,-1,670,"(1.0, 2.0)",124.73214285714286,249.46428571428572,124.73214285714286,-17.25,EOD,959,NQH0,1.475,2020,"(1.0, 2.0)"
2020-02-07,2020,A,-1,700,"(1.0, 2.0)",131.03571428571428,262.07142857142856,131.03571428571428,44.25,EOD,959,NQH0,1.475,2020,"(1.0, 2.0)"
2020-02-10,2020,A,-1,660,"(1.0, 2.0)",135.125,270.25,135.125,-66.25,EOD,959,NQH0,1.475,2020,"(1.0, 2.0)"
2020-02-11,2020,A,-1,910,"(1.0, 2.0)",142.19642857142858,284.39285714285717,142.19642857142858,-6.75,EOD,959,NQH0,1.475,2020,"(1.0, 2.0)"
2020-02-12,2020,A,-1,700,"(1.0, 2.0)",144.625,289.25,144.625,-11.25,EOD,959,NQH0,1.475,2020,"(1.0, 2.0)"
2020-02-13,2020,A,1,610,"(1.0, 2.0)",145.83928571428572,291.67857142857144,145.83928571428572,30.5,EOD,959,NQH0,1.475,2020,"(1.0, 2.0)"
2020-02-25,2020,A,1,630,"(1.0, 2.0)",136.82142857142858,273.64285714285717,136.82142857142858,-136.82142857142935,SL,838,NQH0,1.475,2020,"(1.0, 2.0)"
2020-03-05,2020,A,1,875,"(1.0, 2.0)",274.92857142857144,549.8571428571429,274.92857142857144,-7.0,EOD,959,NQH0,1.475,2020,"(1.0, 2.0)"
2020-03-10,2020,A,-1,620,"(1.0, 2.0)",361.4107142857143,722.8214285714286,361.4107142857143,-139.0,EOD,959,NQH0,1.475,2020,"(1.0, 2.0)"
2020-03-11,2020,A,1,920,"(1.0, 2.0)",384.4107142857143,768.8214285714286,384.4107142857143,63.0,EOD,959,NQH0,1.475,2020,"(1.0, 2.0)"
2020-03-18,2020,A,1,895,"(1.0, 2.0)",535.5,1071.0,535.5,228.75,EOD,959,NQM0,1.475,2020,"(1.0, 2.0)"
2020-03-19,2020,A,-1,620,"(1.0, 2.0)",548.1964285714286,1096.392857142857,548.1964285714286,42.25,EOD,959,NQM0,1.475,2020,"(1.0, 2.0)"
2020-03-23,2020,A,1,595,"(1.0, 2.0)",563.2142857142857,1126.4285714285713,563.2142857142857,23.75,EOD,959,NQM0,1.475,2020,"(1.0, 2.0)"
2020-03-25,2020,A,-1,690,"(1.0, 2.0)",568.8214285714286,1137.642857142857,568.8214285714286,38.75,EOD,959,NQM0,1.475,2020,"(1.0, 2.0)"
2020-03-26,2020,A,-1,875,"(1.0, 2.0)",572.8571428571429,1145.7142857142858,572.8571428571429,-109.25,EOD,959,NQM0,1.475,2020,"(1.0, 2.0)"
2020-03-30,2020,A,-1,670,"(1.0, 2.0)",549.6428571428571,1099.2857142857142,549.6428571428571,-72.75,EOD,959,NQM0,1.475,2020,"(1.0, 2.0)"
2020-03-31,2020,A,-1,610,"(1.0, 2.0)",540.75,1081.5,540.75,83.5,EOD,959,NQM0,1.475,2020,"(1.0, 2.0)"
2020-04-03,2020,A,-1,590,"(1.0, 2.0)",464.0357142857143,928.0714285714286,464.0357142857143,110.25,EOD,959,NQM0,1.475,2020,"(1.0, 2.0)"
2020-04-07,2020,A,-1,890,"(1.0, 2.0)",406.14285714285717,812.2857142857143,406.14285714285717,40.5,EOD,959,NQM0,1.475,2020,"(1.0, 2.0)"
2020-04-09,2020,A,-1,615,"(1.0, 2.0)",359.64285714285717,719.2857142857143,359.64285714285717,-7.0,EOD,959,NQM0,1.475,2020,"(1.0, 2.0)"
2020-04-13,2020,A,1,675,"(1.0, 2.0)",334.51785714285717,669.0357142857143,334.51785714285717,157.5,EOD,959,NQM0,1.475,2020,"(1.0, 2.0)"
2020-04-16,2020,A,-1,600,"(1.0, 2.0)",296.4642857142857,592.9285714285714,296.4642857142857,-100.5,EOD,959,NQM0,1.475,2020,"(1.0, 2.0)"
2020-04-22,2020,A,-1,845,"(1.0, 2.0)",267.51785714285717,535.0357142857143,267.51785714285717,-2.75,EOD,959,NQM0,1.475,2020,"(1.0, 2.0)"
2020-04-23,2020,A,-1,905,"(1.0, 2.0)",261.64285714285717,523.2857142857143,261.64285714285717,67.25,EOD,959,NQM0,1.475,2020,"(1.0, 2.0)"
2020-04-24,2020,A,1,595,"(1.0, 2.0)",258.94642857142856,517.8928571428571,258.94642857142856,161.75,EOD,959,NQM0,1.475,2020,"(1.0, 2.0)"
2020-05-04,2020,A,1,585,"(1.0, 2.0)",235.23214285714286,470.4642857142857,235.23214285714286,145.25,EOD,959,NQM0,1.475,2020,"(1.0, 2.0)"
2020-05-06,2020,A,-1,585,"(1.0, 2.0)",220.26785714285714,440.5357142857143,220.26785714285714,37.25,EOD,959,NQM0,1.475,2020,"(1.0, 2.0)"
2020-05-07,2020,A,-1,650,"(1.0, 2.0)",215.57142857142858,431.14285714285717,215.57142857142858,-56.5,EOD,959,NQM0,1.475,2020,"(1.0, 2.0)"
2020-05-11,2020,A,-1,595,"(1.0, 2.0)",213.10714285714286,426.2142857142857,213.10714285714286,-69.5,EOD,959,NQM0,1.475,2020,"(1.0, 2.0)"
2020-05-13,2020,A,1,590,"(1.0, 2.0)",195.76785714285714,391.5357142857143,195.76785714285714,-195.76785714285688,SL,734,NQM0,1.475,2020,"(1.0, 2.0)"
2020-05-14,2020,A,1,610,"(1.0, 2.0)",206.16071428571428,412.32142857142856,206.16071428571428,177.5,EOD,959,NQM0,1.475,2020,"(1.0, 2.0)"
2020-05-19,2020,A,-1,585,"(1.0, 2.0)",213.89285714285714,427.7857142857143,213.89285714285714,58.5,EOD,959,NQM0,1.475,2020,"(1.0, 2.0)"
2020-05-21,2020,A,-1,590,"(1.0, 2.0)",204.91071428571428,409.82142857142856,204.91071428571428,116.75,EOD,959,NQM0,1.475,2020,"(1.0, 2.0)"
2020-05-22,2020,A,1,590,"(1.0, 2.0)",193.89285714285714,387.7857142857143,193.89285714285714,46.75,EOD,959,NQM0,1.475,2020,"(1.0, 2.0)"
2020-05-26,2020,A,-1,590,"(1.0, 2.0)",183.08928571428572,366.17857142857144,183.08928571428572,133.75,EOD,959,NQM0,1.475,2020,"(1.0, 2.0)"
2020-05-27,2020,A,1,875,"(1.0, 2.0)",187.30357142857142,374.60714285714283,187.30357142857142,58.0,EOD,959,NQM0,1.475,2020,"(1.0, 2.0)"
2020-05-28,2020,A,-1,590,"(1.0, 2.0)",195.42857142857142,390.85714285714283,195.42857142857142,22.25,EOD,959,NQM0,1.475,2020,"(1.0, 2.0)"
2020-05-29,2020,A,1,625,"(1.0, 2.0)",199.26785714285714,398.5357142857143,199.26785714285714,146.25,EOD,959,NQM0,1.475,2020,"(1.0, 2.0)"
2020-06-01,2020,A,-1,615,"(1.0, 2.0)",199.83928571428572,399.67857142857144,199.83928571428572,-26.0,EOD,959,NQM0,1.475,2020,"(1.0, 2.0)"
2020-06-02,2020,A,-1,635,"(1.0, 2.0)",189.48214285714286,378.9642857142857,189.48214285714286,-63.5,EOD,959,NQM0,1.475,2020,"(1.0, 2.0)"
2020-06-04,2020,A,-1,600,"(1.0, 2.0)",166.07142857142858,332.14285714285717,166.07142857142858,96.5,EOD,959,NQM0,1.475,2020,"(1.0, 2.0)"
2020-06-09,2020,A,-1,590,"(1.0, 2.0)",165.64285714285714,331.2857142857143,165.64285714285714,-71.5,EOD,959,NQM0,1.475,2020,"(1.0, 2.0)"
2020-06-12,2020,A,1,680,"(1.0, 2.0)",193.53571428571428,387.07142857142856,193.53571428571428,75.0,EOD,959,NQM0,1.475,2020,"(1.0, 2.0)"
2020-06-17,2020,A,-1,595,"(1.0, 2.0)",216.58928571428572,433.17857142857144,216.58928571428572,28.25,EOD,959,NQU0,1.475,2020,"(1.0, 2.0)"
2020-06-18,2020,A,1,635,"(1.0, 2.0)",211.44642857142858,422.89285714285717,211.44642857142858,40.0,EOD,959,NQU0,1.475,2020,"(1.0, 2.0)"
2020-06-22,2020,A,-1,915,"(1.0, 2.0)",209.48214285714286,418.9642857142857,209.48214285714286,-18.0,EOD,959,NQU0,1.475,2020,"(1.0, 2.0)"
2020-06-25,2020,A,1,595,"(1.0, 2.0)",224.55357142857142,449.10714285714283,224.55357142857142,153.0,EOD,959,NQU0,1.475,2020,"(1.0, 2.0)"
2020-06-26,2020,A,1,635,"(1.0, 2.0)",224.125,448.25,224.125,-48.0,EOD,959,NQU0,1.475,2020,"(1.0, 2.0)"
2020-07-01,2020,A,-1,585,"(1.0, 2.0)",239.53571428571428,479.07142857142856,239.53571428571428,-94.25,EOD,959,NQU0,1.475,2020,"(1.0, 2.0)"
2020-07-07,2020,A,-1,595,"(1.0, 2.0)",186.41071428571428,372.82142857142856,186.41071428571428,88.25,EOD,959,NQU0,1.475,2020,"(1.0, 2.0)"
2020-07-09,2020,A,-1,650,"(1.0, 2.0)",196.30357142857142,392.60714285714283,196.30357142857142,-101.0,EOD,959,NQU0,1.475,2020,"(1.0, 2.0)"
2020-07-10,2020,A,-1,840,"(1.0, 2.0)",198.19642857142858,396.39285714285717,198.19642857142858,-52.0,EOD,959,NQU0,1.475,2020,"(1.0, 2.0)"
2020-07-13,2020,A,-1,875,"(1.0, 2.0)",202.48214285714286,404.9642857142857,202.48214285714286,199.5,EOD,959,NQU0,1.475,2020,"(1.0, 2.0)"
2020-07-15,2020,A,-1,890,"(1.0, 2.0)",227.60714285714286,455.2142857142857,227.60714285714286,1.0,EOD,959,NQU0,1.475,2020,"(1.0, 2.0)"
2020-07-16,2020,A,1,590,"(1.0, 2.0)",227.78571428571428,455.57142857142856,227.78571428571428,34.25,EOD,959,NQU0,1.475,2020,"(1.0, 2.0)"
2020-07-22,2020,A,1,680,"(1.0, 2.0)",229.375,458.75,229.375,73.25,EOD,959,NQU0,1.475,2020,"(1.0, 2.0)"
2020-07-24,2020,A,1,705,"(1.0, 2.0)",250.01785714285714,500.0357142857143,250.01785714285714,-47.25,EOD,959,NQU0,1.475,2020,"(1.0, 2.0)"
2020-07-30,2020,A,1,610,"(1.0, 2.0)",246.42857142857142,492.85714285714283,246.42857142857142,132.25,EOD,959,NQU0,1.475,2020,"(1.0, 2.0)"
2020-07-31,2020,A,-1,860,"(1.0, 2.0)",247.01785714285714,494.0357142857143,247.01785714285714,-175.75,EOD,959,NQU0,1.475,2020,"(1.0, 2.0)"
2020-08-04,2020,A,-1,620,"(1.0, 2.0)",215.48214285714286,430.9642857142857,215.48214285714286,-17.5,EOD,959,NQU0,1.475,2020,"(1.0, 2.0)"
2020-08-05,2020,A,-1,585,"(1.0, 2.0)",207.0,414.0,207.0,-41.5,EOD,959,NQU0,1.475,2020,"(1.0, 2.0)"
2020-08-06,2020,A,-1,640,"(1.0, 2.0)",196.41071428571428,392.82142857142856,196.41071428571428,-126.75,EOD,959,NQU0,1.475,2020,"(1.0, 2.0)"
2020-08-07,2020,A,1,840,"(1.0, 2.0)",201.16071428571428,402.32142857142856,201.16071428571428,54.0,EOD,959,NQU0,1.475,2020,"(1.0, 2.0)"
2020-08-11,2020,A,1,930,"(1.0, 2.0)",192.19642857142858,384.39285714285717,192.19642857142858,-78.75,EOD,959,NQU0,1.475,2020,"(1.0, 2.0)"
2020-08-13,2020,A,-1,595,"(1.0, 2.0)",196.51785714285714,393.0357142857143,196.51785714285714,7.0,EOD,959,NQU0,1.475,2020,"(1.0, 2.0)"
2020-08-14,2020,A,1,640,"(1.0, 2.0)",186.92857142857142,373.85714285714283,186.92857142857142,29.25,EOD,959,NQU0,1.475,2020,"(1.0, 2.0)"
2020-08-18,2020,A,-1,630,"(1.0, 2.0)",179.44642857142858,358.89285714285717,179.44642857142858,-114.0,EOD,959,NQU0,1.475,2020,"(1.0, 2.0)"
2020-08-19,2020,A,-1,665,"(1.0, 2.0)",178.58928571428572,357.17857142857144,178.58928571428572,81.75,EOD,959,NQU0,1.475,2020,"(1.0, 2.0)"
2020-08-24,2020,A,-1,895,"(1.0, 2.0)",170.58928571428572,341.17857142857144,170.58928571428572,-66.75,EOD,959,NQU0,1.475,2020,"(1.0, 2.0)"
2020-08-27,2020,A,-1,605,"(1.0, 2.0)",187.69642857142858,375.39285714285717,187.69642857142858,10.25,EOD,959,NQU0,1.475,2020,"(1.0, 2.0)"
2020-09-02,2020,A,-1,610,"(1.0, 2.0)",164.75,329.5,164.75,-135.75,EOD,959,NQU0,1.475,2020,"(1.0, 2.0)"
2020-09-03,2020,A,1,590,"(1.0, 2.0)",173.82142857142858,347.64285714285717,173.82142857142858,-173.82142857142935,SL,638,NQU0,1.475,2020,"(1.0, 2.0)"
2020-09-04,2020,A,1,905,"(1.0, 2.0)",219.60714285714286,439.2142857142857,219.60714285714286,-52.5,EOD,959,NQU0,1.475,2020,"(1.0, 2.0)"
2020-09-09,2020,A,-1,665,"(1.0, 2.0)",283.5357142857143,567.0714285714286,283.5357142857143,17.5,EOD,959,NQU0,1.475,2020,"(1.0, 2.0)"
2020-09-10,2020,A,-1,655,"(1.0, 2.0)",296.44642857142856,592.8928571428571,296.44642857142856,310.5,EOD,959,NQU0,1.475,2020,"(1.0, 2.0)"
2020-09-14,2020,A,-1,855,"(1.0, 2.0)",332.80357142857144,665.6071428571429,332.80357142857144,1.0,EOD,959,NQU0,1.475,2020,"(1.0, 2.0)"
2020-09-21,2020,A,1,585,"(1.0, 2.0)",374.2857142857143,748.5714285714286,374.2857142857143,186.0,EOD,959,NQZ0,1.475,2020,"(1.0, 2.0)"
2020-09-22,2020,A,-1,675,"(1.0, 2.0)",381.64285714285717,763.2857142857143,381.64285714285717,-200.75,EOD,959,NQZ0,1.475,2020,"(1.0, 2.0)"
2020-09-23,2020,A,1,855,"(1.0, 2.0)",382.05357142857144,764.1071428571429,382.05357142857144,-116.25,EOD,959,NQZ0,1.475,2020,"(1.0, 2.0)"
2020-09-24,2020,A,1,640,"(1.0, 2.0)",355.4107142857143,710.8214285714286,355.4107142857143,91.25,EOD,959,NQZ0,1.475,2020,"(1.0, 2.0)"
2020-09-29,2020,A,-1,585,"(1.0, 2.0)",323.25,646.5,323.25,32.75,EOD,959,NQZ0,1.475,2020,"(1.0, 2.0)"
2020-09-30,2020,A,-1,595,"(1.0, 2.0)",300.8392857142857,601.6785714285714,300.8392857142857,-20.25,EOD,959,NQZ0,1.475,2020,"(1.0, 2.0)"
2020-10-01,2020,A,-1,600,"(1.0, 2.0)",282.0892857142857,564.1785714285714,282.0892857142857,-49.0,EOD,959,NQZ0,1.475,2020,"(1.0, 2.0)"
2020-10-06,2020,A,-1,625,"(1.0, 2.0)",280.48214285714283,560.9642857142857,280.48214285714283,201.25,EOD,959,NQZ0,1.475,2020,"(1.0, 2.0)"
2020-10-19,2020,A,1,615,"(1.0, 2.0)",233.01785714285714,466.0357142857143,233.01785714285714,-233.01785714285688,SL,924,NQZ0,1.475,2020,"(1.0, 2.0)"
2020-10-22,2020,A,1,910,"(1.0, 2.0)",246.75,493.5,246.75,22.5,EOD,959,NQZ0,1.475,2020,"(1.0, 2.0)"
2020-10-26,2020,A,-1,610,"(1.0, 2.0)",226.89285714285714,453.7857142857143,226.89285714285714,181.0,EOD,959,NQZ0,1.475,2020,"(1.0, 2.0)"
2020-10-29,2020,A,-1,910,"(1.0, 2.0)",251.05357142857142,502.10714285714283,251.05357142857142,86.25,EOD,959,NQZ0,1.475,2020,"(1.0, 2.0)"
2020-11-02,2020,A,1,840,"(1.0, 2.0)",253.69642857142858,507.39285714285717,253.69642857142858,120.5,EOD,959,NQZ0,1.475,2020,"(1.0, 2.0)"
2020-11-06,2020,A,1,625,"(1.0, 2.0)",298.625,597.25,298.625,101.75,EOD,959,NQZ0,1.475,2020,"(1.0, 2.0)"
2020-11-12,2020,A,-1,700,"(1.0, 2.0)",324.375,648.75,324.375,61.25,EOD,959,NQZ0,1.475,2020,"(1.0, 2.0)"
2020-11-16,2020,A,-1,595,"(1.0, 2.0)",314.98214285714283,629.9642857142857,314.98214285714283,-72.25,EOD,959,NQZ0,1.475,2020,"(1.0, 2.0)"
2020-11-17,2020,A,-1,660,"(1.0, 2.0)",315.625,631.25,315.625,55.75,EOD,959,NQZ0,1.475,2020,"(1.0, 2.0)"
2020-11-18,2020,A,1,630,"(1.0, 2.0)",288.92857142857144,577.8571428571429,288.92857142857144,-62.75,EOD,959,NQZ0,1.475,2020,"(1.0, 2.0)"
2020-11-19,2020,A,1,590,"(1.0, 2.0)",275.85714285714283,551.7142857142857,275.85714285714283,85.5,EOD,959,NQZ0,1.475,2020,"(1.0, 2.0)"
2020-11-23,2020,A,1,615,"(1.0, 2.0)",248.82142857142858,497.64285714285717,248.82142857142858,-8.0,EOD,959,NQZ0,1.475,2020,"(1.0, 2.0)"
2020-11-24,2020,A,-1,665,"(1.0, 2.0)",242.76785714285714,485.5357142857143,242.76785714285714,-74.75,EOD,959,NQZ0,1.475,2020,"(1.0, 2.0)"
2020-11-25,2020,A,-1,610,"(1.0, 2.0)",217.01785714285714,434.0357142857143,217.01785714285714,-60.75,EOD,959,NQZ0,1.475,2020,"(1.0, 2.0)"
2020-12-02,2020,A,1,595,"(1.0, 2.0)",157.375,314.75,157.375,103.25,EOD,959,NQZ0,1.475,2020,"(1.0, 2.0)"
2020-12-08,2020,A,1,590,"(1.0, 2.0)",145.98214285714286,291.9642857142857,145.98214285714286,107.5,EOD,959,NQZ0,1.475,2020,"(1.0, 2.0)"
2020-12-22,2020,A,-1,620,"(1.0, 2.0)",161.53571428571428,323.07142857142856,161.53571428571428,-11.5,EOD,959,NQH1,1.475,2020,"(1.0, 2.0)"
2020-12-29,2020,A,-1,630,"(1.0, 2.0)",165.01785714285714,330.0357142857143,165.01785714285714,7.25,EOD,959,NQH1,1.475,2020,"(1.0, 2.0)"
2020-12-31,2020,A,1,705,"(1.0, 2.0)",144.58928571428572,289.17857142857144,144.58928571428572,42.5,EOD,959,NQH1,1.475,2020,"(1.0, 2.0)"
2021-01-04,2021,A,-1,595,"(1.0, 2.0)",135.21428571428572,270.42857142857144,135.21428571428572,270.42857142857065,TP,721,NQH1,1.1,2021,"(1.0, 2.0)"
2021-01-06,2021,A,1,610,"(1.0, 2.0)",151.91071428571428,303.82142857142856,151.91071428571428,-47.5,EOD,959,NQH1,1.1,2021,"(1.0, 2.0)"
2021-01-07,2021,A,-1,590,"(1.0, 2.0)",159.35714285714286,318.7142857142857,159.35714285714286,-159.35714285714312,SL,925,NQH1,1.1,2021,"(1.0, 2.0)"
2021-01-11,2021,A,1,595,"(1.0, 2.0)",180.58928571428572,361.17857142857144,180.58928571428572,-36.5,EOD,959,NQH1,1.1,2021,"(1.0, 2.0)"
2021-01-12,2021,A,1,595,"(1.0, 2.0)",183.625,367.25,183.625,6.5,EOD,959,NQH1,1.1,2021,"(1.0, 2.0)"
2021-01-14,2021,A,-1,605,"(1.0, 2.0)",177.66071428571428,355.32142857142856,177.66071428571428,99.25,EOD,959,NQH1,1.1,2021,"(1.0, 2.0)"
2021-01-21,2021,A,-1,590,"(1.0, 2.0)",205.33928571428572,410.67857142857144,205.33928571428572,-70.75,EOD,959,NQH1,1.1,2021,"(1.0, 2.0)"
2021-01-25,2021,A,1,675,"(1.0, 2.0)",183.64285714285714,367.2857142857143,183.64285714285714,148.5,EOD,959,NQH1,1.1,2021,"(1.0, 2.0)"
2021-02-03,2021,A,-1,585,"(1.0, 2.0)",235.91071428571428,471.82142857142856,235.91071428571428,96.75,EOD,959,NQH1,1.1,2021,"(1.0, 2.0)"
2021-02-05,2021,A,-1,600,"(1.0, 2.0)",235.14285714285714,470.2857142857143,235.14285714285714,-57.75,EOD,959,NQH1,1.1,2021,"(1.0, 2.0)"
2021-02-08,2021,A,-1,695,"(1.0, 2.0)",241.42857142857142,482.85714285714283,241.42857142857142,-72.25,EOD,959,NQH1,1.1,2021,"(1.0, 2.0)"
2021-02-09,2021,A,-1,595,"(1.0, 2.0)",234.60714285714286,469.2142857142857,234.60714285714286,12.0,EOD,959,NQH1,1.1,2021,"(1.0, 2.0)"
2021-02-10,2021,A,-1,585,"(1.0, 2.0)",216.60714285714286,433.2142857142857,216.60714285714286,73.0,EOD,959,NQH1,1.1,2021,"(1.0, 2.0)"
2021-02-12,2021,A,-1,690,"(1.0, 2.0)",227.32142857142858,454.64285714285717,227.32142857142858,-61.0,EOD,959,NQH1,1.1,2021,"(1.0, 2.0)"
2021-02-16,2021,A,1,590,"(1.0, 2.0)",210.66071428571428,421.32142857142856,210.66071428571428,-91.5,EOD,959,NQH1,1.1,2021,"(1.0, 2.0)"
2021-02-18,2021,A,1,585,"(1.0, 2.0)",185.16071428571428,370.32142857142856,185.16071428571428,75.0,EOD,959,NQH1,1.1,2021,"(1.0, 2.0)"
2021-02-23,2021,A,1,930,"(1.0, 2.0)",169.41071428571428,338.82142857142856,169.41071428571428,-61.0,EOD,959,NQH1,1.1,2021,"(1.0, 2.0)"
2021-02-24,2021,A,-1,845,"(1.0, 2.0)",193.625,387.25,193.625,-49.75,EOD,959,NQH1,1.1,2021,"(1.0, 2.0)"
2021-02-26,2021,A,1,635,"(1.0, 2.0)",236.44642857142858,472.89285714285717,236.44642857142858,116.5,EOD,959,NQH1,1.1,2021,"(1.0, 2.0)"
2021-03-01,2021,A,-1,590,"(1.0, 2.0)",253.625,507.25,253.625,-220.75,EOD,959,NQH1,1.1,2021,"(1.0, 2.0)"
2021-03-04,2021,A,1,645,"(1.0, 2.0)",294.8392857142857,589.6785714285714,294.8392857142857,-294.83928571428623,SL,802,NQH1,1.1,2021,"(1.0, 2.0)"
2021-03-05,2021,A,1,705,"(1.0, 2.0)",318.14285714285717,636.2857142857143,318.14285714285717,331.25,EOD,959,NQH1,1.1,2021,"(1.0, 2.0)"
2021-03-08,2021,A,-1,590,"(1.0, 2.0)",347.875,695.75,347.875,318.25,EOD,959,NQH1,1.1,2021,"(1.0, 2.0)"
2021-03-09,2021,A,-1,600,"(1.0, 2.0)",367.48214285714283,734.9642857142857,367.48214285714283,-82.25,EOD,959,NQH1,1.1,2021,"(1.0, 2.0)"
2021-03-11,2021,A,-1,585,"(1.0, 2.0)",394.1607142857143,788.3214285714286,394.1607142857143,-106.75,EOD,959,NQH1,1.1,2021,"(1.0, 2.0)"
2021-03-15,2021,A,-1,630,"(1.0, 2.0)",402.7142857142857,805.4285714285714,402.7142857142857,-141.5,EOD,959,NQH1,1.1,2021,"(1.0, 2.0)"
2021-03-18,2021,A,1,590,"(1.0, 2.0)",358.19642857142856,716.3928571428571,358.19642857142856,-162.75,EOD,959,NQM1,1.1,2021,"(1.0, 2.0)"
2021-03-23,2021,A,-1,685,"(1.0, 2.0)",356.3392857142857,712.6785714285714,356.3392857142857,151.5,EOD,959,NQM1,1.1,2021,"(1.0, 2.0)"
2021-03-25,2021,A,1,605,"(1.0, 2.0)",328.01785714285717,656.0357142857143,328.01785714285717,-50.5,EOD,959,NQM1,1.1,2021,"(1.0, 2.0)"
2021-03-26,2021,A,-1,610,"(1.0, 2.0)",309.2142857142857,618.4285714285714,309.2142857142857,-130.25,EOD,959,NQM1,1.1,2021,"(1.0, 2.0)"
2021-03-30,2021,A,1,585,"(1.0, 2.0)",270.67857142857144,541.3571428571429,270.67857142857144,73.5,EOD,959,NQM1,1.1,2021,"(1.0, 2.0)"
2021-04-06,2021,A,-1,660,"(1.0, 2.0)",261.55357142857144,523.1071428571429,261.55357142857144,35.0,EOD,959,NQM1,1.1,2021,"(1.0, 2.0)"
2021-04-07,2021,A,1,585,"(1.0, 2.0)",254.21428571428572,508.42857142857144,254.21428571428572,48.5,EOD,959,NQM1,1.1,2021,"(1.0, 2.0)"
2021-04-14,2021,A,1,690,"(1.0, 2.0)",200.625,401.25,200.625,-72.5,EOD,959,NQM1,1.1,2021,"(1.0, 2.0)"
2021-04-15,2021,A,-1,660,"(1.0, 2.0)",195.75,391.5,195.75,-34.25,EOD,959,NQM1,1.1,2021,"(1.0, 2.0)"
2021-04-19,2021,A,1,605,"(1.0, 2.0)",182.30357142857142,364.60714285714283,182.30357142857142,-54.0,EOD,959,NQM1,1.1,2021,"(1.0, 2.0)"
2021-04-20,2021,A,1,645,"(1.0, 2.0)",183.92857142857142,367.85714285714283,183.92857142857142,-25.5,EOD,959,NQM1,1.1,2021,"(1.0, 2.0)"
2021-04-21,2021,A,1,585,"(1.0, 2.0)",186.125,372.25,186.125,191.0,EOD,959,NQM1,1.1,2021,"(1.0, 2.0)"
2021-04-22,2021,A,-1,645,"(1.0, 2.0)",183.5,367.0,183.5,169.5,EOD,959,NQM1,1.1,2021,"(1.0, 2.0)"
2021-04-23,2021,A,-1,865,"(1.0, 2.0)",183.92857142857142,367.85714285714283,183.92857142857142,17.75,EOD,959,NQM1,1.1,2021,"(1.0, 2.0)"
2021-04-26,2021,A,-1,665,"(1.0, 2.0)",178.91071428571428,357.82142857142856,178.91071428571428,-39.5,EOD,959,NQM1,1.1,2021,"(1.0, 2.0)"
2021-04-29,2021,A,-1,600,"(1.0, 2.0)",175.73214285714286,351.4642857142857,175.73214285714286,11.0,EOD,959,NQM1,1.1,2021,"(1.0, 2.0)"
2021-05-06,2021,A,1,590,"(1.0, 2.0)",194.28571428571428,388.57142857142856,194.28571428571428,123.25,EOD,959,NQM1,1.1,2021,"(1.0, 2.0)"
2021-05-11,2021,A,1,925,"(1.0, 2.0)",213.92857142857142,427.85714285714283,213.92857142857142,-10.5,EOD,959,NQM1,1.1,2021,"(1.0, 2.0)"
2021-05-12,2021,A,1,640,"(1.0, 2.0)",218.57142857142858,437.14285714285717,218.57142857142858,-103.25,EOD,959,NQM1,1.1,2021,"(1.0, 2.0)"
2021-05-14,2021,A,-1,590,"(1.0, 2.0)",228.375,456.75,228.375,-164.25,EOD,959,NQM1,1.1,2021,"(1.0, 2.0)"
2021-05-17,2021,A,1,845,"(1.0, 2.0)",243.0,486.0,243.0,90.5,EOD,959,NQM1,1.1,2021,"(1.0, 2.0)"
2021-05-18,2021,A,-1,585,"(1.0, 2.0)",248.67857142857142,497.35714285714283,248.67857142857142,115.5,EOD,959,NQM1,1.1,2021,"(1.0, 2.0)"
2021-05-25,2021,A,-1,595,"(1.0, 2.0)",259.125,518.25,259.125,7.5,EOD,959,NQM1,1.1,2021,"(1.0, 2.0)"
2021-05-27,2021,A,1,595,"(1.0, 2.0)",243.17857142857142,486.35714285714283,243.17857142857142,-11.0,EOD,959,NQM1,1.1,2021,"(1.0, 2.0)"
2021-05-28,2021,A,-1,590,"(1.0, 2.0)",233.375,466.75,233.375,18.75,EOD,959,NQM1,1.1,2021,"(1.0, 2.0)"
2021-06-01,2021,A,1,625,"(1.0, 2.0)",198.03571428571428,396.07142857142856,198.03571428571428,-4.5,EOD,959,NQM1,1.1,2021,"(1.0, 2.0)"
2021-06-07,2021,A,-1,900,"(1.0, 2.0)",170.64285714285714,341.2857142857143,170.64285714285714,-24.25,EOD,959,NQM1,1.1,2021,"(1.0, 2.0)"
2021-06-08,2021,A,-1,665,"(1.0, 2.0)",163.73214285714286,327.4642857142857,163.73214285714286,-12.75,EOD,959,NQM1,1.1,2021,"(1.0, 2.0)"
2021-06-11,2021,A,-1,585,"(1.0, 2.0)",141.21428571428572,282.42857142857144,141.21428571428572,-32.5,EOD,959,NQM1,1.1,2021,"(1.0, 2.0)"
2021-06-17,2021,A,-1,630,"(1.0, 2.0)",146.32142857142858,292.64285714285717,146.32142857142858,-65.25,EOD,959,NQU1,1.1,2021,"(1.0, 2.0)"
2021-06-21,2021,A,1,585,"(1.0, 2.0)",165.10714285714286,330.2142857142857,165.10714285714286,116.75,EOD,959,NQU1,1.1,2021,"(1.0, 2.0)"
2021-06-22,2021,A,-1,585,"(1.0, 2.0)",165.44642857142858,330.89285714285717,165.44642857142858,-131.25,EOD,959,NQU1,1.1,2021,"(1.0, 2.0)"
2021-06-23,2021,A,-1,655,"(1.0, 2.0)",169.89285714285714,339.7857142857143,169.89285714285714,15.0,EOD,959,NQU1,1.1,2021,"(1.0, 2.0)"
2021-06-25,2021,A,1,605,"(1.0, 2.0)",153.85714285714286,307.7142857142857,153.85714285714286,-8.25,EOD,959,NQU1,1.1,2021,"(1.0, 2.0)"
2021-06-29,2021,A,-1,590,"(1.0, 2.0)",152.91071428571428,305.82142857142856,152.91071428571428,-47.25,EOD,959,NQU1,1.1,2021,"(1.0, 2.0)"
2021-06-30,2021,A,-1,590,"(1.0, 2.0)",152.94642857142858,305.89285714285717,152.94642857142858,20.75,EOD,959,NQU1,1.1,2021,"(1.0, 2.0)"
2021-07-01,2021,A,1,625,"(1.0, 2.0)",146.16071428571428,292.32142857142856,146.16071428571428,23.25,EOD,959,NQU1,1.1,2021,"(1.0, 2.0)"
2021-07-07,2021,A,-1,640,"(1.0, 2.0)",135.5,271.0,135.5,-33.5,EOD,959,NQU1,1.1,2021,"(1.0, 2.0)"
2021-07-08,2021,A,1,845,"(1.0, 2.0)",127.67857142857143,255.35714285714286,127.67857142857143,-9.5,EOD,959,NQU1,1.1,2021,"(1.0, 2.0)"
2021-07-12,2021,A,-1,595,"(1.0, 2.0)",134.39285714285714,268.7857142857143,134.39285714285714,-45.0,EOD,959,NQU1,1.1,2021,"(1.0, 2.0)"
2021-07-13,2021,A,-1,840,"(1.0, 2.0)",128.28571428571428,256.57142857142856,128.28571428571428,21.25,EOD,959,NQU1,1.1,2021,"(1.0, 2.0)"
2021-07-14,2021,A,-1,605,"(1.0, 2.0)",133.80357142857142,267.60714285714283,133.80357142857142,98.0,EOD,959,NQU1,1.1,2021,"(1.0, 2.0)"
2021-07-15,2021,A,1,590,"(1.0, 2.0)",132.01785714285714,264.0357142857143,132.01785714285714,-132.01785714285688,SL,730,NQU1,1.1,2021,"(1.0, 2.0)"
2021-07-20,2021,A,-1,595,"(1.0, 2.0)",152.10714285714286,304.2142857142857,152.10714285714286,-152.10714285714312,SL,723,NQU1,1.1,2021,"(1.0, 2.0)"
2021-07-21,2021,A,-1,670,"(1.0, 2.0)",166.91071428571428,333.82142857142856,166.91071428571428,-46.25,EOD,959,NQU1,1.1,2021,"(1.0, 2.0)"
2021-07-26,2021,A,-1,645,"(1.0, 2.0)",175.875,351.75,175.875,-21.0,EOD,959,NQU1,1.1,2021,"(1.0, 2.0)"
2021-07-27,2021,A,1,600,"(1.0, 2.0)",170.80357142857142,341.60714285714283,170.80357142857142,-170.80357142857065,SL,677,NQU1,1.1,2021,"(1.0, 2.0)"
2021-07-29,2021,A,-1,590,"(1.0, 2.0)",177.69642857142858,355.39285714285717,177.69642857142858,30.0,EOD,959,NQU1,1.1,2021,"(1.0, 2.0)"
2021-08-02,2021,A,-1,605,"(1.0, 2.0)",179.17857142857142,358.35714285714283,179.17857142857142,12.25,EOD,959,NQU1,1.1,2021,"(1.0, 2.0)"
2021-08-03,2021,A,1,630,"(1.0, 2.0)",176.17857142857142,352.35714285714283,176.17857142857142,110.75,EOD,959,NQU1,1.1,2021,"(1.0, 2.0)"
2021-08-04,2021,A,-1,590,"(1.0, 2.0)",180.96428571428572,361.92857142857144,180.96428571428572,-25.5,EOD,959,NQU1,1.1,2021,"(1.0, 2.0)"
2021-08-06,2021,A,1,660,"(1.0, 2.0)",167.16071428571428,334.32142857142856,167.16071428571428,18.75,EOD,959,NQU1,1.1,2021,"(1.0, 2.0)"
2021-08-10,2021,A,-1,590,"(1.0, 2.0)",145.83928571428572,291.67857142857144,145.83928571428572,95.5,EOD,959,NQU1,1.1,2021,"(1.0, 2.0)"
2021-08-11,2021,A,1,700,"(1.0, 2.0)",147.44642857142858,294.89285714285717,147.44642857142858,23.75,EOD,959,NQU1,1.1,2021,"(1.0, 2.0)"
2021-08-12,2021,A,1,590,"(1.0, 2.0)",151.25,302.5,151.25,99.0,EOD,959,NQU1,1.1,2021,"(1.0, 2.0)"
2021-08-16,2021,A,1,590,"(1.0, 2.0)",147.01785714285714,294.0357142857143,147.01785714285714,-147.01785714285688,SL,630,NQU1,1.1,2021,"(1.0, 2.0)"
2021-08-17,2021,A,1,840,"(1.0, 2.0)",138.23214285714286,276.4642857142857,138.23214285714286,60.25,EOD,959,NQU1,1.1,2021,"(1.0, 2.0)"
2021-08-19,2021,A,1,615,"(1.0, 2.0)",149.46428571428572,298.92857142857144,149.46428571428572,75.5,EOD,959,NQU1,1.1,2021,"(1.0, 2.0)"
2021-08-24,2021,A,-1,595,"(1.0, 2.0)",161.66071428571428,323.32142857142856,161.66071428571428,-25.5,EOD,959,NQU1,1.1,2021,"(1.0, 2.0)"
2021-08-25,2021,A,-1,595,"(1.0, 2.0)",159.03571428571428,318.07142857142856,159.03571428571428,3.0,EOD,959,NQU1,1.1,2021,"(1.0, 2.0)"
2021-08-26,2021,A,1,605,"(1.0, 2.0)",156.23214285714286,312.4642857142857,156.23214285714286,-82.25,EOD,959,NQU1,1.1,2021,"(1.0, 2.0)"
2021-08-27,2021,A,-1,605,"(1.0, 2.0)",155.57142857142858,311.14285714285717,155.57142857142858,-63.5,EOD,959,NQU1,1.1,2021,"(1.0, 2.0)"
2021-09-07,2021,A,1,850,"(1.0, 2.0)",140.96428571428572,281.92857142857144,140.96428571428572,-14.75,EOD,959,NQU1,1.1,2021,"(1.0, 2.0)"
2021-09-08,2021,A,1,845,"(1.0, 2.0)",133.80357142857142,267.60714285714283,133.80357142857142,7.75,EOD,959,NQU1,1.1,2021,"(1.0, 2.0)"
2021-09-09,2021,A,-1,590,"(1.0, 2.0)",127.67857142857143,255.35714285714286,127.67857142857143,95.0,EOD,959,NQU1,1.1,2021,"(1.0, 2.0)"
2021-09-10,2021,A,1,695,"(1.0, 2.0)",124.07142857142857,248.14285714285714,124.07142857142857,-110.5,EOD,959,NQU1,1.1,2021,"(1.0, 2.0)"
2021-09-15,2021,A,1,590,"(1.0, 2.0)",140.96428571428572,281.92857142857144,140.96428571428572,122.25,EOD,959,NQZ1,1.1,2021,"(1.0, 2.0)"
2021-09-16,2021,A,-1,920,"(1.0, 2.0)",147.89285714285714,295.7857142857143,147.89285714285714,0.75,EOD,959,NQZ1,1.1,2021,"(1.0, 2.0)"
2021-09-27,2021,A,1,635,"(1.0, 2.0)",201.55357142857142,403.10714285714283,201.55357142857142,4.0,EOD,959,NQZ1,1.1,2021,"(1.0, 2.0)"
2021-10-01,2021,A,1,695,"(1.0, 2.0)",236.55357142857142,473.10714285714283,236.55357142857142,87.5,EOD,959,NQZ1,1.1,2021,"(1.0, 2.0)"
2021-10-06,2021,A,1,610,"(1.0, 2.0)",262.92857142857144,525.8571428571429,262.92857142857144,228.0,EOD,959,NQZ1,1.1,2021,"(1.0, 2.0)"
2021-10-08,2021,A,1,590,"(1.0, 2.0)",271.55357142857144,543.1071428571429,271.55357142857144,-79.25,EOD,959,NQZ1,1.1,2021,"(1.0, 2.0)"
2021-10-13,2021,A,-1,845,"(1.0, 2.0)",244.89285714285714,489.7857142857143,244.89285714285714,-20.0,EOD,959,NQc0,1.1,2021,"(1.0, 2.0)"
2021-10-18,2021,A,-1,595,"(1.0, 2.0)",242.57142857142858,485.14285714285717,242.57142857142858,-158.25,EOD,959,NQc0,1.1,2021,"(1.0, 2.0)"
2021-10-20,2021,A,-1,605,"(1.0, 2.0)",221.92857142857142,443.85714285714283,221.92857142857142,7.75,EOD,959,NQc0,1.1,2021,"(1.0, 2.0)"
2021-10-22,2021,A,1,690,"(1.0, 2.0)",206.76785714285714,413.5357142857143,206.76785714285714,4.5,EOD,959,NQc0,1.1,2021,"(1.0, 2.0)"
2021-10-27,2021,A,-1,875,"(1.0, 2.0)",181.73214285714286,363.4642857142857,181.73214285714286,109.75,EOD,959,NQc0,1.1,2021,"(1.0, 2.0)"
2021-10-28,2021,A,-1,660,"(1.0, 2.0)",176.39285714285714,352.7857142857143,176.39285714285714,-48.75,EOD,959,NQc0,1.1,2021,"(1.0, 2.0)"
2021-10-29,2021,A,-1,875,"(1.0, 2.0)",178.875,357.75,178.875,-70.5,EOD,959,NQc0,1.1,2021,"(1.0, 2.0)"
2021-11-01,2021,A,-1,685,"(1.0, 2.0)",181.01785714285714,362.0357142857143,181.01785714285714,-49.0,EOD,959,NQc0,1.1,2021,"(1.0, 2.0)"
2021-11-05,2021,A,-1,890,"(1.0, 2.0)",182.23214285714286,364.4642857142857,182.23214285714286,16.75,EOD,959,NQc0,1.1,2021,"(1.0, 2.0)"
2021-11-10,2021,A,1,605,"(1.0, 2.0)",181.69642857142858,363.39285714285717,181.69642857142858,-181.69642857142935,SL,843,NQc0,1.1,2021,"(1.0, 2.0)"
2021-11-12,2021,A,1,590,"(1.0, 2.0)",189.25,378.5,189.25,181.0,EOD,959,NQc0,1.1,2021,"(1.0, 2.0)"
2021-11-16,2021,A,-1,620,"(1.0, 2.0)",186.73214285714286,373.4642857142857,186.73214285714286,-70.25,EOD,959,NQc0,1.1,2021,"(1.0, 2.0)"
2021-11-17,2021,A,-1,615,"(1.0, 2.0)",186.875,373.75,186.875,8.0,EOD,959,NQc0,1.1,2021,"(1.0, 2.0)"
2021-11-18,2021,A,-1,595,"(1.0, 2.0)",182.55357142857142,365.10714285714283,182.55357142857142,-96.0,EOD,959,NQc0,1.1,2021,"(1.0, 2.0)"
2021-11-22,2021,A,-1,695,"(1.0, 2.0)",181.53571428571428,363.07142857142856,181.53571428571428,242.0,EOD,959,NQc0,1.1,2021,"(1.0, 2.0)"
2021-11-24,2021,A,1,585,"(1.0, 2.0)",207.53571428571428,415.07142857142856,207.53571428571428,232.5,EOD,959,NQc0,1.1,2021,"(1.0, 2.0)"
2021-11-29,2021,A,-1,605,"(1.0, 2.0)",225.0,450.0,225.0,-101.5,EOD,959,NQc0,1.1,2021,"(1.0, 2.0)"
2021-11-30,2021,A,-1,615,"(1.0, 2.0)",236.60714285714286,473.2142857142857,236.60714285714286,270.25,EOD,959,NQc0,1.1,2021,"(1.0, 2.0)"
2021-12-02,2021,A,1,620,"(1.0, 2.0)",272.2857142857143,544.5714285714286,272.2857142857143,129.5,EOD,959,NQc0,1.1,2021,"(1.0, 2.0)"
2021-12-03,2021,A,1,615,"(1.0, 2.0)",278.85714285714283,557.7142857142857,278.85714285714283,-51.5,EOD,959,NQc0,1.1,2021,"(1.0, 2.0)"
2021-12-08,2021,A,-1,595,"(1.0, 2.0)",344.5,689.0,344.5,-85.5,EOD,959,NQc0,1.1,2021,"(1.0, 2.0)"
2021-12-09,2021,A,-1,585,"(1.0, 2.0)",340.67857142857144,681.3571428571429,340.67857142857144,247.75,EOD,959,NQc0,1.1,2021,"(1.0, 2.0)"
2021-12-10,2021,A,1,670,"(1.0, 2.0)",349.7857142857143,699.5714285714286,349.7857142857143,179.0,EOD,959,NQc0,1.1,2021,"(1.0, 2.0)"
2021-12-13,2021,A,1,720,"(1.0, 2.0)",336.32142857142856,672.6428571428571,336.32142857142856,-49.0,EOD,959,NQc0,1.1,2021,"(1.0, 2.0)"
2021-12-28,2021,A,-1,585,"(1.0, 2.0)",327.8392857142857,655.6785714285714,327.8392857142857,66.0,EOD,959,NQc1,1.1,2021,"(1.0, 2.0)"
2021-12-29,2021,A,1,650,"(1.0, 2.0)",311.32142857142856,622.6428571428571,311.32142857142856,26.75,EOD,959,NQc1,1.1,2021,"(1.0, 2.0)"
2021-12-30,2021,A,-1,655,"(1.0, 2.0)",282.25,564.5,282.25,120.25,EOD,959,NQc1,1.1,2021,"(1.0, 2.0)"
2021-12-31,2021,A,1,595,"(1.0, 2.0)",271.73214285714283,543.4642857142857,271.73214285714283,-90.75,EOD,959,NQc1,1.1,2021,"(1.0, 2.0)"
2022-01-03,2022,A,-1,585,"(1.0, 2.0)",243.0,486.0,243.0,-44.75,EOD,959,NQc1,1.1,2022,"(1.0, 2.0)"
2022-01-04,2022,A,-1,585,"(1.0, 2.0)",233.57142857142858,467.14285714285717,233.57142857142858,217.75,EOD,959,NQc1,1.1,2022,"(1.0, 2.0)"
2022-01-05,2022,A,1,645,"(1.0, 2.0)",224.35714285714286,448.7142857142857,224.35714285714286,-224.35714285714312,SL,880,NQc1,1.1,2022,"(1.0, 2.0)"
2022-01-07,2022,A,1,695,"(1.0, 2.0)",252.19642857142858,504.39285714285717,252.19642857142858,-22.5,EOD,959,NQc1,1.1,2022,"(1.0, 2.0)"
2022-01-11,2022,A,-1,610,"(1.0, 2.0)",274.80357142857144,549.6071428571429,274.80357142857144,-224.75,EOD,959,NQc1,1.1,2022,"(1.0, 2.0)"
2022-01-12,2022,A,-1,675,"(1.0, 2.0)",275.7857142857143,551.5714285714286,275.7857142857143,-70.0,EOD,959,NQc1,1.1,2022,"(1.0, 2.0)"
2022-01-13,2022,A,1,695,"(1.0, 2.0)",273.48214285714283,546.9642857142857,273.48214285714283,-273.4821428571431,SL,937,NQc1,1.1,2022,"(1.0, 2.0)"
2022-01-14,2022,A,1,650,"(1.0, 2.0)",297.3392857142857,594.6785714285714,297.3392857142857,83.25,EOD,959,NQc1,1.1,2022,"(1.0, 2.0)"
2022-01-19,2022,A,1,655,"(1.0, 2.0)",304.19642857142856,608.3928571428571,304.19642857142856,-148.5,EOD,959,NQc1,1.1,2022,"(1.0, 2.0)"
2022-01-20,2022,A,1,910,"(1.0, 2.0)",317.85714285714283,635.7142857142857,317.85714285714283,-195.25,EOD,959,NQc1,1.1,2022,"(1.0, 2.0)"
2022-01-27,2022,A,1,875,"(1.0, 2.0)",417.4107142857143,834.8214285714286,417.4107142857143,5.75,EOD,959,NQc1,1.1,2022,"(1.0, 2.0)"
2022-01-28,2022,A,1,640,"(1.0, 2.0)",427.875,855.75,427.875,442.0,EOD,959,NQc1,1.1,2022,"(1.0, 2.0)"
2022-02-01,2022,A,-1,675,"(1.0, 2.0)",445.6607142857143,891.3214285714286,445.6607142857143,-77.25,EOD,959,NQc1,1.1,2022,"(1.0, 2.0)"
2022-02-02,2022,A,-1,690,"(1.0, 2.0)",451.25,902.5,451.25,-112.75,EOD,959,NQc1,1.1,2022,"(1.0, 2.0)"
2022-02-04,2022,A,1,585,"(1.0, 2.0)",461.625,923.25,461.625,121.75,EOD,959,NQc1,1.1,2022,"(1.0, 2.0)"
2022-02-08,2022,A,1,620,"(1.0, 2.0)",477.67857142857144,955.3571428571429,477.67857142857144,194.5,EOD,959,NQc1,1.1,2022,"(1.0, 2.0)"
2022-02-10,2022,A,1,700,"(1.0, 2.0)",459.67857142857144,919.3571428571429,459.67857142857144,-163.5,EOD,959,NQc1,1.1,2022,"(1.0, 2.0)"
2022-02-11,2022,A,1,615,"(1.0, 2.0)",458.05357142857144,916.1071428571429,458.05357142857144,-391.75,EOD,959,NQc1,1.1,2022,"(1.0, 2.0)"
2022-02-14,2022,A,1,875,"(1.0, 2.0)",441.60714285714283,883.2142857142857,441.60714285714283,33.25,EOD,959,NQc1,1.1,2022,"(1.0, 2.0)"
2022-02-16,2022,A,1,590,"(1.0, 2.0)",405.98214285714283,811.9642857142857,405.98214285714283,161.0,EOD,959,NQc1,1.1,2022,"(1.0, 2.0)"
2022-02-17,2022,A,1,595,"(1.0, 2.0)",391.67857142857144,783.3571428571429,391.67857142857144,-221.25,EOD,959,NQc1,1.1,2022,"(1.0, 2.0)"
2022-02-22,2022,A,1,855,"(1.0, 2.0)",369.5357142857143,739.0714285714286,369.5357142857143,111.25,EOD,959,NQc1,1.1,2022,"(1.0, 2.0)"
2022-02-24,2022,A,1,680,"(1.0, 2.0)",372.39285714285717,744.7857142857143,372.39285714285717,410.0,EOD,959,NQc1,1.1,2022,"(1.0, 2.0)"
2022-02-25,2022,A,-1,625,"(1.0, 2.0)",410.85714285714283,821.7142857142857,410.85714285714283,-205.0,EOD,959,NQc1,1.1,2022,"(1.0, 2.0)"
2022-03-01,2022,A,1,845,"(1.0, 2.0)",414.32142857142856,828.6428571428571,414.32142857142856,-3.0,EOD,959,NQc1,1.1,2022,"(1.0, 2.0)"
2022-03-02,2022,A,-1,865,"(1.0, 2.0)",418.76785714285717,837.5357142857143,418.76785714285717,4.75,EOD,959,NQc1,1.1,2022,"(1.0, 2.0)"
2022-03-03,2022,A,-1,590,"(1.0, 2.0)",412.89285714285717,825.7857142857143,412.89285714285717,207.25,EOD,959,NQc1,1.1,2022,"(1.0, 2.0)"
2022-03-07,2022,A,1,590,"(1.0, 2.0)",400.35714285714283,800.7142857142857,400.35714285714283,-400.3571428571431,SL,953,NQc1,1.1,2022,"(1.0, 2.0)"
2022-03-08,2022,A,1,665,"(1.0, 2.0)",415.14285714285717,830.2857142857143,415.14285714285717,-78.0,EOD,959,NQc1,1.1,2022,"(1.0, 2.0)"
2022-03-09,2022,A,-1,660,"(1.0, 2.0)",435.4107142857143,870.8214285714286,435.4107142857143,-76.0,EOD,959,NQc1,1.1,2022,"(1.0, 2.0)"
2022-03-10,2022,A,1,585,"(1.0, 2.0)",441.67857142857144,883.3571428571429,441.67857142857144,61.5,EOD,959,NQc1,1.1,2022,"(1.0, 2.0)"
2022-03-11,2022,A,-1,585,"(1.0, 2.0)",443.89285714285717,887.7857142857143,443.89285714285717,330.0,EOD,959,NQc1,1.1,2022,"(1.0, 2.0)"
2022-03-14,2022,A,1,610,"(1.0, 2.0)",454.82142857142856,909.6428571428571,454.82142857142856,-289.0,EOD,959,NQc1,1.1,2022,"(1.0, 2.0)"
2022-03-15,2022,A,-1,700,"(1.0, 2.0)",453.35714285714283,906.7142857142857,453.35714285714283,-65.0,EOD,959,NQc1,1.1,2022,"(1.0, 2.0)"
2022-03-25,2022,A,-1,590,"(1.0, 2.0)",396.2142857142857,792.4285714285714,396.2142857142857,5.25,EOD,959,NQc2,1.1,2022,"(1.0, 2.0)"
2022-03-30,2022,A,1,930,"(1.0, 2.0)",381.60714285714283,763.2142857142857,381.60714285714283,45.5,EOD,959,NQc2,1.1,2022,"(1.0, 2.0)"
2022-03-31,2022,A,1,600,"(1.0, 2.0)",369.375,738.75,369.375,-156.75,EOD,959,NQc2,1.1,2022,"(1.0, 2.0)"
2022-04-01,2022,A,1,635,"(1.0, 2.0)",364.94642857142856,729.8928571428571,364.94642857142856,-1.75,EOD,959,NQc2,1.1,2022,"(1.0, 2.0)"
2022-04-05,2022,A,1,870,"(1.0, 2.0)",322.125,644.25,322.125,-54.75,EOD,959,NQc2,1.1,2022,"(1.0, 2.0)"
2022-04-07,2022,A,1,700,"(1.0, 2.0)",317.44642857142856,634.8928571428571,317.44642857142856,135.25,EOD,959,NQc2,1.1,2022,"(1.0, 2.0)"
2022-04-08,2022,A,1,600,"(1.0, 2.0)",308.51785714285717,617.0357142857143,308.51785714285717,13.5,EOD,959,NQc2,1.1,2022,"(1.0, 2.0)"
2022-04-12,2022,A,-1,695,"(1.0, 2.0)",291.82142857142856,583.6428571428571,291.82142857142856,247.5,EOD,959,NQc2,1.1,2022,"(1.0, 2.0)"
2022-04-18,2022,A,1,585,"(1.0, 2.0)",312.60714285714283,625.2142857142857,312.60714285714283,16.5,EOD,959,NQc2,1.1,2022,"(1.0, 2.0)"
2022-04-21,2022,A,-1,585,"(1.0, 2.0)",322.6607142857143,645.3214285714286,322.6607142857143,546.0,EOD,959,NQc2,1.1,2022,"(1.0, 2.0)"
2022-04-22,2022,A,1,595,"(1.0, 2.0)",348.60714285714283,697.2142857142857,348.60714285714283,-348.6071428571431,SL,959,NQc2,1.1,2022,"(1.0, 2.0)"
2022-04-25,2022,A,1,840,"(1.0, 2.0)",365.0892857142857,730.1785714285714,365.0892857142857,179.25,EOD,959,NQc2,1.1,2022,"(1.0, 2.0)"
2022-04-26,2022,A,1,610,"(1.0, 2.0)",365.0892857142857,730.1785714285714,365.0892857142857,-244.25,EOD,959,NQc2,1.1,2022,"(1.0, 2.0)"
2022-04-27,2022,A,1,920,"(1.0, 2.0)",375.0892857142857,750.1785714285714,375.0892857142857,-21.25,EOD,959,NQc2,1.1,2022,"(1.0, 2.0)"
2022-04-29,2022,A,1,855,"(1.0, 2.0)",383.07142857142856,766.1428571428571,383.07142857142856,-186.25,EOD,959,NQc2,1.1,2022,"(1.0, 2.0)"
2022-05-02,2022,A,1,585,"(1.0, 2.0)",411.57142857142856,823.1428571428571,411.57142857142856,155.5,EOD,959,NQc2,1.1,2022,"(1.0, 2.0)"
2022-05-03,2022,A,-1,610,"(1.0, 2.0)",413.05357142857144,826.1071428571429,413.05357142857144,-24.75,EOD,959,NQc2,1.1,2022,"(1.0, 2.0)"
2022-05-05,2022,A,1,670,"(1.0, 2.0)",423.4642857142857,846.9285714285714,423.4642857142857,-38.25,EOD,959,NQc2,1.1,2022,"(1.0, 2.0)"
2022-05-06,2022,A,1,650,"(1.0, 2.0)",456.7857142857143,913.5714285714286,456.7857142857143,-113.75,EOD,959,NQc2,1.1,2022,"(1.0, 2.0)"
2022-05-11,2022,A,1,585,"(1.0, 2.0)",485.80357142857144,971.6071428571429,485.80357142857144,-362.25,EOD,959,NQc2,1.1,2022,"(1.0, 2.0)"
2022-05-12,2022,A,1,625,"(1.0, 2.0)",481.30357142857144,962.6071428571429,481.30357142857144,-75.0,EOD,959,NQc2,1.1,2022,"(1.0, 2.0)"
2022-05-17,2022,A,-1,680,"(1.0, 2.0)",472.0892857142857,944.1785714285714,472.0892857142857,-160.5,EOD,959,NQc2,1.1,2022,"(1.0, 2.0)"
2022-05-18,2022,A,1,595,"(1.0, 2.0)",472.48214285714283,944.9642857142857,472.48214285714283,-393.25,EOD,959,NQc2,1.1,2022,"(1.0, 2.0)"
2022-05-19,2022,A,1,600,"(1.0, 2.0)",482.1607142857143,964.3214285714286,482.1607142857143,-17.75,EOD,959,NQc2,1.1,2022,"(1.0, 2.0)"
2022-05-23,2022,A,-1,890,"(1.0, 2.0)",470.7142857142857,941.4285714285714,470.7142857142857,-24.5,EOD,959,NQc2,1.1,2022,"(1.0, 2.0)"
2022-05-25,2022,A,-1,590,"(1.0, 2.0)",459.375,918.75,459.375,-191.0,EOD,959,NQc2,1.1,2022,"(1.0, 2.0)"
2022-05-31,2022,A,1,850,"(1.0, 2.0)",399.4642857142857,798.9285714285714,399.4642857142857,-113.0,EOD,959,NQc2,1.1,2022,"(1.0, 2.0)"
2022-06-06,2022,A,-1,590,"(1.0, 2.0)",389.9107142857143,779.8214285714286,389.9107142857143,94.75,EOD,959,NQc2,1.1,2022,"(1.0, 2.0)"
2022-06-07,2022,A,1,595,"(1.0, 2.0)",386.10714285714283,772.2142857142857,386.10714285714283,176.25,EOD,959,NQc2,1.1,2022,"(1.0, 2.0)"
2022-06-08,2022,A,-1,630,"(1.0, 2.0)",361.25,722.5,361.25,107.25,EOD,959,NQc2,1.1,2022,"(1.0, 2.0)"
2022-06-09,2022,A,1,590,"(1.0, 2.0)",355.69642857142856,711.3928571428571,355.69642857142856,-308.5,EOD,959,NQc2,1.1,2022,"(1.0, 2.0)"
2022-06-14,2022,A,1,635,"(1.0, 2.0)",365.94642857142856,731.8928571428571,365.94642857142856,39.75,EOD,959,NQc2,1.1,2022,"(1.0, 2.0)"
2022-06-27,2022,A,-1,660,"(1.0, 2.0)",353.26785714285717,706.5357142857143,353.26785714285717,92.0,EOD,959,NQc3,1.1,2022,"(1.0, 2.0)"
2022-06-29,2022,A,1,605,"(1.0, 2.0)",355.10714285714283,710.2142857142857,355.10714285714283,-43.0,EOD,959,NQc3,1.1,2022,"(1.0, 2.0)"
2022-06-30,2022,A,1,710,"(1.0, 2.0)",335.6607142857143,671.3214285714286,335.6607142857143,-45.5,EOD,959,NQc3,1.1,2022,"(1.0, 2.0)"
2022-07-05,2022,A,-1,645,"(1.0, 2.0)",310.7857142857143,621.5714285714286,310.7857142857143,-259.75,EOD,959,NQc3,1.1,2022,"(1.0, 2.0)"
2022-07-06,2022,A,-1,590,"(1.0, 2.0)",326.625,653.25,326.625,-118.75,EOD,959,NQc3,1.1,2022,"(1.0, 2.0)"
2022-07-08,2022,A,-1,870,"(1.0, 2.0)",301.7857142857143,603.5714285714286,301.7857142857143,10.5,EOD,959,NQc3,1.1,2022,"(1.0, 2.0)"
2022-07-12,2022,A,1,620,"(1.0, 2.0)",282.80357142857144,565.6071428571429,282.80357142857144,-77.75,EOD,959,NQc3,1.1,2022,"(1.0, 2.0)"
2022-07-13,2022,A,1,710,"(1.0, 2.0)",283.8392857142857,567.6785714285714,283.8392857142857,20.5,EOD,959,NQc3,1.1,2022,"(1.0, 2.0)"
2022-07-14,2022,A,1,610,"(1.0, 2.0)",291.57142857142856,583.1428571428571,291.57142857142856,271.75,EOD,959,NQc3,1.1,2022,"(1.0, 2.0)"
2022-07-18,2022,A,-1,865,"(1.0, 2.0)",284.76785714285717,569.5357142857143,284.76785714285717,91.5,EOD,959,NQc3,1.1,2022,"(1.0, 2.0)"
2022-07-19,2022,A,-1,700,"(1.0, 2.0)",272.10714285714283,544.2142857142857,272.10714285714283,-96.5,EOD,959,NQc3,1.1,2022,"(1.0, 2.0)"
2022-07-21,2022,A,-1,605,"(1.0, 2.0)",280.5357142857143,561.0714285714286,280.5357142857143,-188.5,EOD,959,NQc3,1.1,2022,"(1.0, 2.0)"
2022-07-22,2022,A,-1,585,"(1.0, 2.0)",283.6607142857143,567.3214285714286,283.6607142857143,194.75,EOD,959,NQc3,1.1,2022,"(1.0, 2.0)"
2022-07-25,2022,A,1,665,"(1.0, 2.0)",303.1607142857143,606.3214285714286,303.1607142857143,5.75,EOD,959,NQc3,1.1,2022,"(1.0, 2.0)"
2022-07-28,2022,A,-1,715,"(1.0, 2.0)",310.92857142857144,621.8571428571429,310.92857142857144,-56.5,EOD,959,NQc3,1.1,2022,"(1.0, 2.0)"
2022-08-01,2022,A,-1,600,"(1.0, 2.0)",314.75,629.5,314.75,27.75,EOD,959,NQc3,1.1,2022,"(1.0, 2.0)"
2022-08-02,2022,A,1,615,"(1.0, 2.0)",310.7142857142857,621.4285714285714,310.7142857142857,46.0,EOD,959,NQc3,1.1,2022,"(1.0, 2.0)"
2022-08-04,2022,A,-1,590,"(1.0, 2.0)",311.35714285714283,622.7142857142857,311.35714285714283,-21.0,EOD,959,NQc3,1.1,2022,"(1.0, 2.0)"
2022-08-05,2022,A,1,670,"(1.0, 2.0)",307.6607142857143,615.3214285714286,307.6607142857143,31.5,EOD,959,NQc3,1.1,2022,"(1.0, 2.0)"
2022-08-08,2022,A,-1,685,"(1.0, 2.0)",301.67857142857144,603.3571428571429,301.67857142857144,112.25,EOD,959,NQc3,1.1,2022,"(1.0, 2.0)"
2022-08-15,2022,A,-1,585,"(1.0, 2.0)",301.98214285714283,603.9642857142857,301.98214285714283,-129.25,EOD,959,NQc3,1.1,2022,"(1.0, 2.0)"
2022-08-16,2022,A,1,640,"(1.0, 2.0)",294.19642857142856,588.3928571428571,294.19642857142856,117.75,EOD,959,NQc3,1.1,2022,"(1.0, 2.0)"
2022-08-17,2022,A,1,600,"(1.0, 2.0)",268.35714285714283,536.7142857142857,268.35714285714283,-37.75,EOD,959,NQc3,1.1,2022,"(1.0, 2.0)"
2022-08-23,2022,A,1,590,"(1.0, 2.0)",265.9642857142857,531.9285714285714,265.9642857142857,-39.25,EOD,959,NQc3,1.1,2022,"(1.0, 2.0)"
2022-08-25,2022,A,-1,595,"(1.0, 2.0)",249.0,498.0,249.0,-153.0,EOD,959,NQc3,1.1,2022,"(1.0, 2.0)"
2022-08-26,2022,A,-1,615,"(1.0, 2.0)",247.67857142857142,495.35714285714283,247.67857142857142,495.3571428571431,TP,943,NQc3,1.1,2022,"(1.0, 2.0)"
2022-09-06,2022,A,1,670,"(1.0, 2.0)",266.0357142857143,532.0714285714286,266.0357142857143,-95.5,EOD,959,NQc3,1.1,2022,"(1.0, 2.0)"
2022-09-08,2022,A,-1,640,"(1.0, 2.0)",274.82142857142856,549.6428571428571,274.82142857142856,-25.75,EOD,959,NQc3,1.1,2022,"(1.0, 2.0)"
2022-09-26,2022,A,-1,595,"(1.0, 2.0)",306.32142857142856,612.6428571428571,306.32142857142856,146.25,EOD,959,NQc4,1.1,2022,"(1.0, 2.0)"
2022-09-27,2022,A,-1,590,"(1.0, 2.0)",299.5357142857143,599.0714285714286,299.5357142857143,155.5,EOD,959,NQc4,1.1,2022,"(1.0, 2.0)"
2022-09-28,2022,A,-1,915,"(1.0, 2.0)",306.5357142857143,613.0714285714286,306.5357142857143,9.0,EOD,959,NQc4,1.1,2022,"(1.0, 2.0)"
2022-09-30,2022,A,1,930,"(1.0, 2.0)",314.1607142857143,628.3214285714286,314.1607142857143,-98.0,EOD,959,NQc4,1.1,2022,"(1.0, 2.0)"
2022-10-03,2022,A,-1,900,"(1.0, 2.0)",333.42857142857144,666.8571428571429,333.42857142857144,51.75,EOD,959,NQc4,1.1,2022,"(1.0, 2.0)"
2022-10-05,2022,A,-1,930,"(1.0, 2.0)",346.9107142857143,693.8214285714286,346.9107142857143,33.25,EOD,959,NQc4,1.1,2022,"(1.0, 2.0)"
2022-10-06,2022,A,-1,585,"(1.0, 2.0)",352.67857142857144,705.3571428571429,352.67857142857144,159.5,EOD,959,NQc4,1.1,2022,"(1.0, 2.0)"
2022-10-10,2022,A,1,585,"(1.0, 2.0)",369.82142857142856,739.6428571428571,369.82142857142856,-64.25,EOD,959,NQc4,1.1,2022,"(1.0, 2.0)"
2022-10-11,2022,A,1,585,"(1.0, 2.0)",334.82142857142856,669.6428571428571,334.82142857142856,-35.75,EOD,959,NQc4,1.1,2022,"(1.0, 2.0)"
2022-10-13,2022,A,-1,685,"(1.0, 2.0)",319.19642857142856,638.3928571428571,319.19642857142856,-173.25,EOD,959,NQc4,1.1,2022,"(1.0, 2.0)"
2022-10-14,2022,A,-1,585,"(1.0, 2.0)",342.3392857142857,684.6785714285714,342.3392857142857,353.25,EOD,959,NQc4,1.1,2022,"(1.0, 2.0)"
2022-10-18,2022,A,-1,900,"(1.0, 2.0)",363.73214285714283,727.4642857142857,363.73214285714283,-63.5,EOD,959,NQc4,1.1,2022,"(1.0, 2.0)"
2022-10-19,2022,A,1,840,"(1.0, 2.0)",363.92857142857144,727.8571428571429,363.92857142857144,55.75,EOD,959,NQc4,1.1,2022,"(1.0, 2.0)"
2022-10-20,2022,A,-1,610,"(1.0, 2.0)",347.73214285714283,695.4642857142857,347.73214285714283,193.75,EOD,959,NQc4,1.1,2022,"(1.0, 2.0)"
2022-10-24,2022,A,-1,590,"(1.0, 2.0)",348.125,696.25,348.125,-132.5,EOD,959,NQc4,1.1,2022,"(1.0, 2.0)"
2022-10-26,2022,A,1,605,"(1.0, 2.0)",335.7857142857143,671.5714285714286,335.7857142857143,-66.5,EOD,959,NQc4,1.1,2022,"(1.0, 2.0)"
2022-10-28,2022,A,-1,650,"(1.0, 2.0)",323.5892857142857,647.1785714285714,323.5892857142857,-122.0,EOD,959,NQc4,1.1,2022,"(1.0, 2.0)"
2022-11-01,2022,A,-1,600,"(1.0, 2.0)",330.375,660.75,330.375,183.0,EOD,959,NQc4,1.1,2022,"(1.0, 2.0)"
2022-11-04,2022,A,-1,615,"(1.0, 2.0)",314.51785714285717,629.0357142857143,314.51785714285717,-4.75,EOD,959,NQc4,1.1,2022,"(1.0, 2.0)"
2022-11-08,2022,A,-1,585,"(1.0, 2.0)",296.9642857142857,593.9285714285714,296.9642857142857,-58.75,EOD,959,NQc4,1.1,2022,"(1.0, 2.0)"
2022-11-09,2022,A,1,660,"(1.0, 2.0)",301.75,603.5,301.75,-121.25,EOD,959,NQc4,1.1,2022,"(1.0, 2.0)"
2022-11-14,2022,A,-1,865,"(1.0, 2.0)",331.6607142857143,663.3214285714286,331.6607142857143,133.0,EOD,959,NQc4,1.1,2022,"(1.0, 2.0)"
2022-11-15,2022,A,-1,855,"(1.0, 2.0)",327.98214285714283,655.9642857142857,327.98214285714283,-35.25,EOD,959,NQc4,1.1,2022,"(1.0, 2.0)"
2022-11-16,2022,A,1,595,"(1.0, 2.0)",330.9642857142857,661.9285714285714,330.9642857142857,-29.75,EOD,959,NQc4,1.1,2022,"(1.0, 2.0)"
2022-11-21,2022,A,1,685,"(1.0, 2.0)",317.07142857142856,634.1428571428571,317.07142857142856,-36.5,EOD,959,NQc4,1.1,2022,"(1.0, 2.0)"
2022-11-22,2022,A,-1,840,"(1.0, 2.0)",306.44642857142856,612.8928571428571,306.44642857142856,-53.5,EOD,959,NQc4,1.1,2022,"(1.0, 2.0)"
2022-11-29,2022,A,1,590,"(1.0, 2.0)",252.01785714285714,504.0357142857143,252.01785714285714,-63.75,EOD,959,NQc4,1.1,2022,"(1.0, 2.0)"
2022-12-01,2022,A,-1,675,"(1.0, 2.0)",226.55357142857142,453.10714285714283,226.55357142857142,-13.5,EOD,959,NQc4,1.1,2022,"(1.0, 2.0)"
2022-12-02,2022,A,1,890,"(1.0, 2.0)",219.0,438.0,219.0,61.75,EOD,959,NQc4,1.1,2022,"(1.0, 2.0)"
2022-12-07,2022,A,1,605,"(1.0, 2.0)",224.57142857142858,449.14285714285717,224.57142857142858,-0.75,EOD,959,NQc4,1.1,2022,"(1.0, 2.0)"
2022-12-08,2022,A,-1,685,"(1.0, 2.0)",219.17857142857142,438.35714285714283,219.17857142857142,-53.25,EOD,959,NQc4,1.1,2022,"(1.0, 2.0)"
2022-12-09,2022,A,-1,670,"(1.0, 2.0)",217.25,434.5,217.25,112.5,EOD,959,NQc4,1.1,2022,"(1.0, 2.0)"
2022-12-12,2022,A,1,585,"(1.0, 2.0)",218.23214285714286,436.4642857142857,218.23214285714286,155.0,EOD,959,NQc4,1.1,2022,"(1.0, 2.0)"
2022-12-27,2022,A,1,590,"(1.0, 2.0)",269.1607142857143,538.3214285714286,269.1607142857143,-10.0,EOD,959,NQc5,1.1,2022,"(1.0, 2.0)"
2022-12-28,2022,A,1,630,"(1.0, 2.0)",269.9107142857143,539.8214285714286,269.9107142857143,-130.75,EOD,959,NQc5,1.1,2022,"(1.0, 2.0)"
2022-12-29,2022,A,-1,630,"(1.0, 2.0)",247.19642857142858,494.39285714285717,247.19642857142858,-39.0,EOD,959,NQc5,1.1,2022,"(1.0, 2.0)"
2022-12-30,2022,A,1,590,"(1.0, 2.0)",254.30357142857142,508.60714285714283,254.30357142857142,158.25,EOD,959,NQc5,1.1,2022,"(1.0, 2.0)"
2023-01-05,2023,A,1,605,"(0.8, 2.0)",199.10000000000002,497.75,248.875,-59.5,EOD,959,NQc5,1.1,2023,"(0.8, 2.0)"
2023-01-06,2023,A,1,595,"(0.8, 2.0)",201.12857142857143,502.82142857142856,251.41071428571428,285.5,EOD,959,NQc5,1.1,2023,"(0.8, 2.0)"
2023-01-10,2023,A,1,590,"(0.8, 2.0)",217.91428571428574,544.7857142857143,272.39285714285717,99.25,EOD,959,NQc5,1.1,2023,"(0.8, 2.0)"
2023-01-12,2023,A,-1,615,"(0.8, 2.0)",201.3714285714286,503.42857142857144,251.71428571428572,-53.25,EOD,959,NQc5,1.1,2023,"(0.8, 2.0)"
2023-01-13,2023,A,-1,875,"(0.8, 2.0)",204.5,511.25,255.625,-40.0,EOD,959,NQc5,1.1,2023,"(0.8, 2.0)"
2023-01-17,2023,A,1,585,"(0.8, 2.0)",182.14285714285714,455.35714285714283,227.67857142857142,49.0,EOD,959,NQc5,1.1,2023,"(0.8, 2.0)"
2023-01-18,2023,A,1,685,"(0.8, 2.0)",179.3714285714286,448.42857142857144,224.21428571428572,-73.5,EOD,959,NQc5,1.1,2023,"(0.8, 2.0)"
2023-01-25,2023,A,1,870,"(0.8, 2.0)",176.6857142857143,441.7142857142857,220.85714285714286,27.0,EOD,959,NQc5,1.1,2023,"(0.8, 2.0)"
2023-01-30,2023,A,1,630,"(0.8, 2.0)",173.32857142857142,433.32142857142856,216.66071428571428,-82.25,EOD,959,NQc5,1.1,2023,"(0.8, 2.0)"
2023-02-03,2023,A,1,850,"(0.8, 2.0)",207.14285714285717,517.8571428571429,258.92857142857144,-42.75,EOD,959,NQc5,1.1,2023,"(0.8, 2.0)"
2023-02-06,2023,A,1,610,"(0.8, 2.0)",222.5,556.25,278.125,-76.0,EOD,959,NQc5,1.1,2023,"(0.8, 2.0)"
2023-02-07,2023,A,-1,850,"(0.8, 2.0)",224.4,561.0,280.5,-170.25,EOD,959,NQc5,1.1,2023,"(0.8, 2.0)"
2023-02-10,2023,A,1,590,"(0.8, 2.0)",235.51428571428573,588.7857142857143,294.39285714285717,-23.75,EOD,959,NQc5,1.1,2023,"(0.8, 2.0)"
2023-02-13,2023,A,-1,585,"(0.8, 2.0)",228.24285714285716,570.6071428571429,285.30357142857144,-132.25,EOD,959,NQc5,1.1,2023,"(0.8, 2.0)"
2023-02-22,2023,A,1,685,"(0.8, 2.0)",209.21428571428575,523.0357142857143,261.51785714285717,-0.5,EOD,959,NQc5,1.1,2023,"(0.8, 2.0)"
2023-02-23,2023,A,-1,615,"(0.8, 2.0)",188.8,472.0,236.0,-18.25,EOD,959,NQc5,1.1,2023,"(0.8, 2.0)"
2023-02-28,2023,A,1,650,"(0.8, 2.0)",180.71428571428572,451.7857142857143,225.89285714285714,0.5,EOD,959,NQc5,1.1,2023,"(0.8, 2.0)"
2023-03-01,2023,A,1,590,"(0.8, 2.0)",173.3857142857143,433.4642857142857,216.73214285714286,-109.75,EOD,959,NQc5,1.1,2023,"(0.8, 2.0)"
2023-03-08,2023,A,1,605,"(0.8, 2.0)",161.62857142857143,404.07142857142856,202.03571428571428,80.5,EOD,959,NQc5,1.1,2023,"(0.8, 2.0)"
2023-03-10,2023,A,1,680,"(0.8, 2.0)",164.3857142857143,410.9642857142857,205.48214285714286,-164.38571428571413,SL,822,NQc5,1.1,2023,"(0.8, 2.0)"
2023-03-13,2023,A,-1,875,"(0.8, 2.0)",178.94285714285715,447.35714285714283,223.67857142857142,143.75,EOD,959,NQc5,1.1,2023,"(0.8, 2.0)"
2023-03-24,2023,A,1,675,"(0.8, 2.0)",204.32857142857142,510.82142857142856,255.41071428571428,155.25,EOD,959,NQc6,1.1,2023,"(0.8, 2.0)"
2023-03-27,2023,A,-1,660,"(0.8, 2.0)",202.9857142857143,507.4642857142857,253.73214285714286,62.75,EOD,959,NQc6,1.1,2023,"(0.8, 2.0)"
2023-04-04,2023,A,-1,630,"(0.8, 2.0)",200.84285714285716,502.10714285714283,251.05357142857142,53.5,EOD,959,NQc6,1.1,2023,"(0.8, 2.0)"
2023-04-06,2023,A,-1,855,"(0.8, 2.0)",192.4857142857143,481.2142857142857,240.60714285714286,10.0,EOD,959,NQc6,1.1,2023,"(0.8, 2.0)"
2023-04-12,2023,A,1,590,"(0.8, 2.0)",169.3,423.25,211.625,-107.5,EOD,959,NQc6,1.1,2023,"(0.8, 2.0)"
2023-04-14,2023,A,-1,590,"(0.8, 2.0)",157.54285714285714,393.85714285714283,196.92857142857142,42.0,EOD,959,NQc6,1.1,2023,"(0.8, 2.0)"
2023-04-18,2023,A,-1,630,"(0.8, 2.0)",155.17142857142858,387.92857142857144,193.96428571428572,-12.25,EOD,959,NQc6,1.1,2023,"(0.8, 2.0)"
2023-04-19,2023,A,1,660,"(0.8, 2.0)",154.84285714285716,387.10714285714283,193.55357142857142,44.25,EOD,959,NQc6,1.1,2023,"(0.8, 2.0)"
2023-04-20,2023,A,1,880,"(0.8, 2.0)",148.25714285714287,370.64285714285717,185.32142857142858,-12.75,EOD,959,NQc6,1.1,2023,"(0.8, 2.0)"
2023-04-24,2023,A,-1,590,"(0.8, 2.0)",145.04285714285714,362.60714285714283,181.30357142857142,55.75,EOD,959,NQc6,1.1,2023,"(0.8, 2.0)"
2023-04-25,2023,A,1,590,"(0.8, 2.0)",146.14285714285714,365.35714285714283,182.67857142857142,-146.14285714285688,SL,862,NQc6,1.1,2023,"(0.8, 2.0)"
2023-04-28,2023,A,-1,660,"(0.8, 2.0)",158.3714285714286,395.92857142857144,197.96428571428572,-114.5,EOD,959,NQc6,1.1,2023,"(0.8, 2.0)"
2023-05-01,2023,A,-1,595,"(0.8, 2.0)",155.4142857142857,388.5357142857143,194.26785714285714,16.0,EOD,959,NQc6,1.1,2023,"(0.8, 2.0)"
2023-05-04,2023,A,1,850,"(0.8, 2.0)",150.04285714285714,375.10714285714283,187.55357142857142,-52.75,EOD,959,NQc6,1.1,2023,"(0.8, 2.0)"
2023-05-08,2023,A,-1,895,"(0.8, 2.0)",156.57142857142858,391.42857142857144,195.71428571428572,3.25,EOD,959,NQc6,1.1,2023,"(0.8, 2.0)"
2023-05-11,2023,A,-1,695,"(0.8, 2.0)",151.8714285714286,379.67857142857144,189.83928571428572,-7.0,EOD,959,NQc6,1.1,2023,"(0.8, 2.0)"
2023-05-12,2023,A,-1,590,"(0.8, 2.0)",150.11428571428573,375.2857142857143,187.64285714285714,46.5,EOD,959,NQc6,1.1,2023,"(0.8, 2.0)"
2023-05-17,2023,A,-1,680,"(0.8, 2.0)",138.77142857142857,346.92857142857144,173.46428571428572,-106.25,EOD,959,NQc6,1.1,2023,"(0.8, 2.0)"
2023-05-22,2023,A,-1,590,"(0.8, 2.0)",135.18571428571428,337.9642857142857,168.98214285714286,22.5,EOD,959,NQc6,1.1,2023,"(0.8, 2.0)"
2023-05-23,2023,A,1,590,"(0.8, 2.0)",129.2857142857143,323.2142857142857,161.60714285714286,-129.28571428571377,SL,863,NQc6,1.1,2023,"(0.8, 2.0)"
2023-05-30,2023,A,-1,925,"(0.8, 2.0)",147.71428571428572,369.2857142857143,184.64285714285714,15.0,EOD,959,NQc6,1.1,2023,"(0.8, 2.0)"
2023-05-31,2023,A,1,840,"(0.8, 2.0)",149.9,374.75,187.375,-44.0,EOD,959,NQc6,1.1,2023,"(0.8, 2.0)"
2023-06-01,2023,A,-1,715,"(0.8, 2.0)",152.8857142857143,382.2142857142857,191.10714285714286,-61.75,EOD,959,NQc6,1.1,2023,"(0.8, 2.0)"
2023-06-02,2023,A,-1,625,"(0.8, 2.0)",158.57142857142858,396.42857142857144,198.21428571428572,-87.0,EOD,959,NQc6,1.1,2023,"(0.8, 2.0)"
2023-06-05,2023,A,-1,595,"(0.8, 2.0)",160.34285714285716,400.85714285714283,200.42857142857142,1.0,EOD,959,NQc6,1.1,2023,"(0.8, 2.0)"
2023-06-06,2023,A,1,590,"(0.8, 2.0)",162.12857142857143,405.32142857142856,202.66071428571428,25.75,EOD,959,NQc6,1.1,2023,"(0.8, 2.0)"
2023-06-07,2023,A,-1,615,"(0.8, 2.0)",157.8857142857143,394.7142857142857,197.35714285714286,266.25,EOD,959,NQc6,1.1,2023,"(0.8, 2.0)"
2023-06-26,2023,A,1,685,"(0.8, 2.0)",169.0857142857143,422.7142857142857,211.35714285714286,-133.0,EOD,959,NQc7,1.1,2023,"(0.8, 2.0)"
2023-06-28,2023,A,-1,870,"(0.8, 2.0)",180.3571428571429,450.89285714285717,225.44642857142858,-3.5,EOD,959,NQc7,1.1,2023,"(0.8, 2.0)"
2023-07-05,2023,A,1,585,"(0.8, 2.0)",158.5,396.25,198.125,-21.0,EOD,959,NQc7,1.1,2023,"(0.8, 2.0)"
2023-07-07,2023,A,-1,590,"(0.8, 2.0)",158.55714285714288,396.39285714285717,198.19642857142858,65.0,EOD,959,NQc7,1.1,2023,"(0.8, 2.0)"
2023-07-10,2023,A,1,875,"(0.8, 2.0)",155.10000000000002,387.75,193.875,12.75,EOD,959,NQc7,1.1,2023,"(0.8, 2.0)"
2023-07-11,2023,A,-1,585,"(0.8, 2.0)",154.3,385.75,192.875,-91.75,EOD,959,NQc7,1.1,2023,"(0.8, 2.0)"
2023-07-18,2023,A,-1,715,"(0.8, 2.0)",142.9714285714286,357.42857142857144,178.71428571428572,-142.971428571429,SL,913,NQc7,1.1,2023,"(0.8, 2.0)"
2023-07-19,2023,A,-1,585,"(0.8, 2.0)",148.8714285714286,372.17857142857144,186.08928571428572,56.0,EOD,959,NQc7,1.1,2023,"(0.8, 2.0)"
2023-07-24,2023,A,1,700,"(0.8, 2.0)",165.25714285714287,413.14285714285717,206.57142857142858,35.75,EOD,959,NQc7,1.1,2023,"(0.8, 2.0)"
2023-07-31,2023,A,-1,585,"(0.8, 2.0)",190.6857142857143,476.7142857142857,238.35714285714286,21.5,EOD,959,NQc7,1.1,2023,"(0.8, 2.0)"
2023-08-01,2023,A,1,610,"(0.8, 2.0)",187.0,467.5,233.75,14.5,EOD,959,NQc7,1.1,2023,"(0.8, 2.0)"
2023-08-03,2023,A,1,615,"(0.8, 2.0)",186.92857142857144,467.32142857142856,233.66071428571428,11.0,EOD,959,NQc7,1.1,2023,"(0.8, 2.0)"
2023-08-04,2023,A,-1,585,"(0.8, 2.0)",185.67142857142858,464.17857142857144,232.08928571428572,145.0,EOD,959,NQc7,1.1,2023,"(0.8, 2.0)"
2023-08-07,2023,A,1,695,"(0.8, 2.0)",191.04285714285714,477.60714285714283,238.80357142857142,129.5,EOD,959,NQc7,1.1,2023,"(0.8, 2.0)"
2023-08-08,2023,A,1,925,"(0.8, 2.0)",183.05714285714288,457.64285714285717,228.82142857142858,13.0,EOD,959,NQc7,1.1,2023,"(0.8, 2.0)"
2023-08-09,2023,A,1,665,"(0.8, 2.0)",189.74285714285713,474.35714285714283,237.17857142857142,-43.5,EOD,959,NQc7,1.1,2023,"(0.8, 2.0)"
2023-08-10,2023,A,1,845,"(0.8, 2.0)",179.0,447.5,223.75,29.75,EOD,959,NQc7,1.1,2023,"(0.8, 2.0)"
2023-08-11,2023,A,1,640,"(0.8, 2.0)",185.24285714285713,463.10714285714283,231.55357142857142,-46.5,EOD,959,NQc7,1.1,2023,"(0.8, 2.0)"
2023-08-16,2023,A,1,605,"(0.8, 2.0)",192.24285714285713,480.60714285714283,240.30357142857142,-140.5,EOD,959,NQc7,1.1,2023,"(0.8, 2.0)"
2023-08-17,2023,A,1,590,"(0.8, 2.0)",181.55714285714288,453.89285714285717,226.94642857142858,-181.55714285714203,SL,915,NQc7,1.1,2023,"(0.8, 2.0)"
2023-08-22,2023,A,-1,610,"(0.8, 2.0)",189.5857142857143,473.9642857142857,236.98214285714286,52.5,EOD,959,NQc7,1.1,2023,"(0.8, 2.0)"
2023-08-24,2023,A,-1,585,"(0.8, 2.0)",182.01428571428573,455.0357142857143,227.51785714285714,358.25,EOD,959,NQc7,1.1,2023,"(0.8, 2.0)"
2023-08-25,2023,A,1,640,"(0.8, 2.0)",194.0857142857143,485.2142857142857,242.60714285714286,113.75,EOD,959,NQc7,1.1,2023,"(0.8, 2.0)"
2023-08-28,2023,A,-1,615,"(0.8, 2.0)",202.0857142857143,505.2142857142857,252.60714285714286,-44.75,EOD,959,NQc7,1.1,2023,"(0.8, 2.0)"
2023-08-30,2023,A,-1,585,"(0.8, 2.0)",203.5857142857143,508.9642857142857,254.48214285714286,-92.0,EOD,959,NQc7,1.1,2023,"(0.8, 2.0)"
2023-09-01,2023,A,1,660,"(0.8, 2.0)",191.94285714285715,479.85714285714283,239.92857142857142,25.0,EOD,959,NQc7,1.1,2023,"(0.8, 2.0)"
2023-09-05,2023,A,1,710,"(0.8, 2.0)",182.17142857142858,455.42857142857144,227.71428571428572,12.25,EOD,959,NQc7,1.1,2023,"(0.8, 2.0)"
2023-09-08,2023,A,-1,670,"(0.8, 2.0)",179.62857142857143,449.07142857142856,224.53571428571428,12.0,EOD,959,NQc7,1.1,2023,"(0.8, 2.0)"
2023-09-11,2023,A,-1,585,"(0.8, 2.0)",172.2857142857143,430.7142857142857,215.35714285714286,-97.25,EOD,959,NQc7,1.1,2023,"(0.8, 2.0)"
2023-09-12,2023,A,1,840,"(0.8, 2.0)",174.6857142857143,436.7142857142857,218.35714285714286,-43.75,EOD,959,NQc7,1.1,2023,"(0.8, 2.0)"
2023-09-22,2023,A,-1,705,"(0.8, 2.0)",157.71428571428572,394.2857142857143,197.14285714285714,137.5,EOD,959,NQc8,1.1,2023,"(0.8, 2.0)"
2023-09-25,2023,A,1,590,"(0.8, 2.0)",159.20000000000002,398.0,199.0,76.25,EOD,959,NQc8,1.1,2023,"(0.8, 2.0)"
2023-09-29,2023,A,-1,700,"(0.8, 2.0)",166.05714285714288,415.14285714285717,207.57142857142858,63.25,EOD,959,NQc8,1.1,2023,"(0.8, 2.0)"
2023-10-05,2023,A,1,645,"(0.8, 2.0)",185.8714285714286,464.67857142857144,232.33928571428572,126.5,EOD,959,NQc8,1.1,2023,"(0.8, 2.0)"
2023-10-06,2023,A,1,585,"(0.8, 2.0)",190.17142857142858,475.42857142857144,237.71428571428572,370.75,EOD,959,NQc8,1.1,2023,"(0.8, 2.0)"
2023-10-10,2023,A,-1,585,"(0.8, 2.0)",209.17142857142858,522.9285714285714,261.4642857142857,-63.75,EOD,959,NQc8,1.1,2023,"(0.8, 2.0)"
2023-10-12,2023,A,-1,595,"(0.8, 2.0)",195.2857142857143,488.2142857142857,244.10714285714286,54.75,EOD,959,NQc8,1.1,2023,"(0.8, 2.0)"
2023-10-17,2023,A,1,625,"(0.8, 2.0)",205.0,512.5,256.25,53.0,EOD,959,NQc8,1.1,2023,"(0.8, 2.0)"
2023-10-18,2023,A,1,895,"(0.8, 2.0)",206.34285714285716,515.8571428571429,257.92857142857144,-29.75,EOD,959,NQc8,1.1,2023,"(0.8, 2.0)"
2023-10-19,2023,A,1,680,"(0.8, 2.0)",204.75714285714287,511.89285714285717,255.94642857142858,-98.5,EOD,959,NQc8,1.1,2023,"(0.8, 2.0)"
2023-10-23,2023,A,1,620,"(0.8, 2.0)",208.88571428571427,522.2142857142857,261.10714285714283,35.75,EOD,959,NQc8,1.1,2023,"(0.8, 2.0)"
2023-10-24,2023,A,-1,635,"(0.8, 2.0)",209.05714285714285,522.6428571428571,261.32142857142856,-1.75,EOD,959,NQc8,1.1,2023,"(0.8, 2.0)"
2023-10-31,2023,A,-1,850,"(0.8, 2.0)",206.5,516.25,258.125,-16.25,EOD,959,NQc8,1.1,2023,"(0.8, 2.0)"
2023-11-06,2023,A,-1,585,"(0.8, 2.0)",209.54285714285717,523.8571428571429,261.92857142857144,-14.5,EOD,959,NQc8,1.1,2023,"(0.8, 2.0)"
2023-11-08,2023,A,-1,595,"(0.8, 2.0)",197.3714285714286,493.42857142857144,246.71428571428572,26.25,EOD,959,NQc8,1.1,2023,"(0.8, 2.0)"
2023-11-09,2023,A,-1,605,"(0.8, 2.0)",188.5,471.25,235.625,135.0,EOD,959,NQc8,1.1,2023,"(0.8, 2.0)"
2023-11-15,2023,A,-1,600,"(0.8, 2.0)",184.21428571428572,460.5357142857143,230.26785714285714,27.5,EOD,959,NQc8,1.1,2023,"(0.8, 2.0)"
2023-11-16,2023,A,1,640,"(0.8, 2.0)",173.2857142857143,433.2142857142857,216.60714285714286,56.75,EOD,959,NQc8,1.1,2023,"(0.8, 2.0)"
2023-11-27,2023,A,-1,715,"(0.8, 2.0)",139.4714285714286,348.67857142857144,174.33928571428572,45.25,EOD,959,NQc8,1.1,2023,"(0.8, 2.0)"
2023-11-28,2023,A,1,590,"(0.8, 2.0)",135.5142857142857,338.7857142857143,169.39285714285714,67.25,EOD,959,NQc8,1.1,2023,"(0.8, 2.0)"
2023-11-29,2023,A,-1,680,"(0.8, 2.0)",134.5,336.25,168.125,34.75,EOD,959,NQc8,1.1,2023,"(0.8, 2.0)"
2023-12-05,2023,A,-1,690,"(0.8, 2.0)",123.9,309.75,154.875,-35.25,EOD,959,NQc8,1.1,2023,"(0.8, 2.0)"
2023-12-06,2023,A,-1,585,"(0.8, 2.0)",125.78571428571429,314.4642857142857,157.23214285714286,133.0,EOD,959,NQc8,1.1,2023,"(0.8, 2.0)"
2023-12-07,2023,A,-1,885,"(0.8, 2.0)",132.9714285714286,332.42857142857144,166.21428571428572,-2.75,EOD,959,NQc8,1.1,2023,"(0.8, 2.0)"
2023-12-22,2023,A,-1,860,"(0.8, 2.0)",161.25714285714287,403.14285714285717,201.57142857142858,-31.25,EOD,959,NQc9,1.1,2023,"(0.8, 2.0)"
2023-12-26,2023,A,-1,595,"(0.8, 2.0)",162.7714285714286,406.92857142857144,203.46428571428572,-49.75,EOD,959,NQc9,1.1,2023,"(0.8, 2.0)"
2023-12-27,2023,A,-1,595,"(0.8, 2.0)",163.8,409.5,204.75,-6.0,EOD,959,NQc9,1.1,2023,"(0.8, 2.0)"
2023-12-28,2023,A,-1,590,"(0.8, 2.0)",156.7857142857143,391.9642857142857,195.98214285714286,32.0,EOD,959,NQc9,1.1,2023,"(0.8, 2.0)"
2024-01-03,2024,A,1,590,"(0.8, 2.0)",154.60000000000002,386.5,193.25,-88.75,EOD,959,NQc9,1.1,2024,"(0.8, 2.0)"
2024-01-04,2024,A,1,650,"(0.8, 2.0)",155.81428571428572,389.5357142857143,194.76785714285714,-91.5,EOD,959,NQc9,1.1,2024,"(0.8, 2.0)"
2024-01-08,2024,A,-1,585,"(0.8, 2.0)",146.35714285714286,365.89285714285717,182.94642857142858,-146.3571428571413,SL,824,NQc9,1.1,2024,"(0.8, 2.0)"
2024-01-10,2024,A,-1,585,"(0.8, 2.0)",158.1857142857143,395.4642857142857,197.73214285714286,-84.5,EOD,959,NQc9,1.1,2024,"(0.8, 2.0)"
2024-01-11,2024,A,1,685,"(0.8, 2.0)",158.17142857142858,395.42857142857144,197.71428571428572,161.0,EOD,959,NQc9,1.1,2024,"(0.8, 2.0)"
2024-01-16,2024,A,1,620,"(0.8, 2.0)",146.84285714285713,367.10714285714283,183.55357142857142,2.75,EOD,959,NQc9,1.1,2024,"(0.8, 2.0)"
2024-01-23,2024,A,1,625,"(0.8, 2.0)",167.0857142857143,417.7142857142857,208.85714285714286,88.75,EOD,959,NQc9,1.1,2024,"(0.8, 2.0)"
2024-01-25,2024,A,1,905,"(0.8, 2.0)",169.75714285714287,424.39285714285717,212.19642857142858,26.75,EOD,959,NQc9,1.1,2024,"(0.8, 2.0)"
2024-01-26,2024,A,1,585,"(0.8, 2.0)",171.84285714285716,429.60714285714283,214.80357142857142,-28.75,EOD,959,NQc9,1.1,2024,"(0.8, 2.0)"
2024-01-29,2024,A,-1,885,"(0.8, 2.0)",159.67142857142858,399.17857142857144,199.58928571428572,-80.75,EOD,959,NQc9,1.1,2024,"(0.8, 2.0)"
2024-02-07,2024,A,-1,595,"(0.8, 2.0)",179.57142857142858,448.92857142857144,224.46428571428572,-102.0,EOD,959,NQc9,1.1,2024,"(0.8, 2.0)"
2024-02-08,2024,A,-1,690,"(0.8, 2.0)",177.10000000000002,442.75,221.375,-2.0,EOD,959,NQc9,1.1,2024,"(0.8, 2.0)"
2024-02-14,2024,A,-1,590,"(0.8, 2.0)",178.0857142857143,445.2142857142857,222.60714285714286,-92.0,EOD,959,NQc9,1.1,2024,"(0.8, 2.0)"
2024-02-21,2024,A,1,590,"(0.8, 2.0)",173.21428571428572,433.0357142857143,216.51785714285714,74.75,EOD,959,NQc9,1.1,2024,"(0.8, 2.0)"
2024-02-23,2024,A,-1,610,"(0.8, 2.0)",186.92857142857144,467.32142857142856,233.66071428571428,83.5,EOD,959,NQc9,1.1,2024,"(0.8, 2.0)"
2024-02-27,2024,A,1,590,"(0.8, 2.0)",180.8714285714286,452.17857142857144,226.08928571428572,45.25,EOD,959,NQc9,1.1,2024,"(0.8, 2.0)"
2024-02-28,2024,A,1,615,"(0.8, 2.0)",175.72857142857143,439.32142857142856,219.66071428571428,8.25,EOD,959,NQc9,1.1,2024,"(0.8, 2.0)"
2024-02-29,2024,A,-1,715,"(0.8, 2.0)",178.7714285714286,446.92857142857144,223.46428571428572,-93.5,EOD,959,NQc9,1.1,2024,"(0.8, 2.0)"
2024-03-08,2024,A,-1,590,"(0.8, 2.0)",190.84285714285716,477.10714285714283,238.55357142857142,315.75,EOD,959,NQc9,1.1,2024,"(0.8, 2.0)"
2024-03-22,2024,A,1,695,"(0.8, 2.0)",189.5857142857143,473.9642857142857,236.98214285714286,13.0,EOD,959,NQc10,1.1,2024,"(0.8, 2.0)"
2024-03-25,2024,A,1,650,"(0.8, 2.0)",191.44285714285715,478.60714285714283,239.30357142857142,1.75,EOD,959,NQc10,1.1,2024,"(0.8, 2.0)"
2024-03-26,2024,A,-1,680,"(0.8, 2.0)",193.3571428571429,483.39285714285717,241.69642857142858,115.75,EOD,959,NQc10,1.1,2024,"(0.8, 2.0)"
2024-04-01,2024,A,-1,630,"(0.8, 2.0)",181.57142857142858,453.92857142857144,226.96428571428572,39.75,EOD,959,NQc10,1.1,2024,"(0.8, 2.0)"
2024-04-03,2024,A,-1,610,"(0.8, 2.0)",179.62857142857143,449.07142857142856,224.53571428571428,-37.75,EOD,959,NQc10,1.1,2024,"(0.8, 2.0)"
2024-04-04,2024,A,1,885,"(0.8, 2.0)",177.9,444.75,222.375,-170.25,EOD,959,NQc10,1.1,2024,"(0.8, 2.0)"
2024-04-09,2024,A,-1,590,"(0.8, 2.0)",182.51428571428573,456.2857142857143,228.14285714285714,-13.75,EOD,959,NQc10,1.1,2024,"(0.8, 2.0)"
2024-04-10,2024,A,1,585,"(0.8, 2.0)",178.65714285714287,446.64285714285717,223.32142857142858,1.0,EOD,959,NQc10,1.1,2024,"(0.8, 2.0)"
2024-04-11,2024,A,-1,615,"(0.8, 2.0)",178.74285714285713,446.85714285714283,223.42857142857142,-178.74285714285725,SL,794,NQc10,1.1,2024,"(0.8, 2.0)"
2024-04-12,2024,A,1,850,"(0.8, 2.0)",185.8714285714286,464.67857142857144,232.33928571428572,3.25,EOD,959,NQc10,1.1,2024,"(0.8, 2.0)"
2024-04-16,2024,A,1,585,"(0.8, 2.0)",218.8,547.0,273.5,24.75,EOD,959,NQc10,1.1,2024,"(0.8, 2.0)"
2024-04-17,2024,A,1,625,"(0.8, 2.0)",218.84285714285716,547.1071428571429,273.55357142857144,-177.75,EOD,959,NQc10,1.1,2024,"(0.8, 2.0)"
2024-04-18,2024,A,1,590,"(0.8, 2.0)",227.4714285714286,568.6785714285714,284.3392857142857,-89.0,EOD,959,NQc10,1.1,2024,"(0.8, 2.0)"
2024-04-23,2024,A,-1,585,"(0.8, 2.0)",249.15714285714284,622.8928571428571,311.44642857142856,-161.0,EOD,959,NQc10,1.1,2024,"(0.8, 2.0)"
2024-04-24,2024,A,-1,705,"(0.8, 2.0)",254.55714285714285,636.3928571428571,318.19642857142856,-34.5,EOD,959,NQc10,1.1,2024,"(0.8, 2.0)"
2024-04-25,2024,A,1,840,"(0.8, 2.0)",239.10000000000002,597.75,298.875,-1.0,EOD,959,NQc10,1.1,2024,"(0.8, 2.0)"
2024-04-29,2024,A,-1,620,"(0.8, 2.0)",251.24285714285716,628.1071428571429,314.05357142857144,-10.0,EOD,959,NQc10,1.1,2024,"(0.8, 2.0)"
2024-04-30,2024,A,1,670,"(0.8, 2.0)",246.3,615.75,307.875,-233.25,EOD,959,NQc10,1.1,2024,"(0.8, 2.0)"
2024-05-02,2024,A,1,610,"(0.8, 2.0)",253.82857142857142,634.5714285714286,317.2857142857143,246.25,EOD,959,NQc10,1.1,2024,"(0.8, 2.0)"
2024-05-07,2024,A,-1,605,"(0.8, 2.0)",246.31428571428575,615.7857142857143,307.89285714285717,-0.0,EOD,959,NQc10,1.1,2024,"(0.8, 2.0)"
2024-05-08,2024,A,1,605,"(0.8, 2.0)",232.34285714285716,580.8571428571429,290.42857142857144,10.5,EOD,959,NQc10,1.1,2024,"(0.8, 2.0)"
2024-05-10,2024,A,-1,650,"(0.8, 2.0)",211.65714285714284,529.1428571428571,264.57142857142856,-16.25,EOD,959,NQc10,1.1,2024,"(0.8, 2.0)"
2024-05-14,2024,A,-1,640,"(0.8, 2.0)",191.9142857142857,479.7857142857143,239.89285714285714,-107.5,EOD,959,NQc10,1.1,2024,"(0.8, 2.0)"
2024-05-16,2024,A,-1,605,"(0.8, 2.0)",185.34285714285716,463.35714285714283,231.67857142857142,50.75,EOD,959,NQc10,1.1,2024,"(0.8, 2.0)"
2024-05-22,2024,A,-1,650,"(0.8, 2.0)",146.0,365.0,182.5,14.75,EOD,959,NQc10,1.1,2024,"(0.8, 2.0)"
2024-05-23,2024,A,-1,660,"(0.8, 2.0)",137.72857142857143,344.32142857142856,172.16071428571428,111.25,EOD,959,NQc10,1.1,2024,"(0.8, 2.0)"
2024-05-28,2024,A,1,620,"(0.8, 2.0)",136.21428571428572,340.5357142857143,170.26785714285714,48.75,EOD,959,NQc10,1.1,2024,"(0.8, 2.0)"
2024-05-29,2024,A,1,605,"(0.8, 2.0)",134.35714285714286,335.89285714285717,167.94642857142858,-16.0,EOD,959,NQc10,1.1,2024,"(0.8, 2.0)"
2024-06-03,2024,A,-1,700,"(0.8, 2.0)",159.81428571428572,399.5357142857143,199.76785714285714,-36.75,EOD,959,NQc10,1.1,2024,"(0.8, 2.0)"
2024-06-06,2024,A,-1,595,"(0.8, 2.0)",177.11428571428573,442.7857142857143,221.39285714285714,1.75,EOD,959,NQc10,1.1,2024,"(0.8, 2.0)"
2024-06-07,2024,A,1,585,"(0.8, 2.0)",175.20000000000002,438.0,219.0,17.25,EOD,959,NQc10,1.1,2024,"(0.8, 2.0)"
2024-06-10,2024,A,1,590,"(0.8, 2.0)",175.3857142857143,438.4642857142857,219.23214285714286,116.5,EOD,959,NQc10,1.1,2024,"(0.8, 2.0)"
2024-06-11,2024,A,-1,665,"(0.8, 2.0)",176.60000000000002,441.5,220.75,-126.0,EOD,959,NQc10,1.1,2024,"(0.8, 2.0)"
2024-06-13,2024,A,-1,620,"(0.8, 2.0)",181.4142857142857,453.5357142857143,226.76785714285714,-23.5,EOD,959,NQc10,1.1,2024,"(0.8, 2.0)"
2024-06-14,2024,A,-1,840,"(0.8, 2.0)",178.10000000000002,445.25,222.625,-30.0,EOD,959,NQc10,1.1,2024,"(0.8, 2.0)"
2024-06-17,2024,A,-1,585,"(0.8, 2.0)",181.15714285714287,452.89285714285717,226.44642857142858,-181.1571428571442,SL,795,NQc10,1.1,2024,"(0.8, 2.0)"
2024-06-28,2024,A,-1,670,"(0.8, 2.0)",168.15714285714287,420.39285714285717,210.19642857142858,156.75,EOD,959,NQc11,1.1,2024,"(0.8, 2.0)"
2024-07-01,2024,A,1,605,"(0.8, 2.0)",170.8571428571429,427.14285714285717,213.57142857142858,133.0,EOD,959,NQc11,1.1,2024,"(0.8, 2.0)"
2024-07-02,2024,A,-1,585,"(0.8, 2.0)",175.24285714285713,438.10714285714283,219.05357142857142,-175.24285714285725,SL,956,NQc11,1.1,2024,"(0.8, 2.0)"
2024-07-08,2024,A,-1,595,"(0.8, 2.0)",176.32857142857142,440.82142857142856,220.41071428571428,-40.5,EOD,959,NQc11,1.1,2024,"(0.8, 2.0)"
2024-07-09,2024,A,-1,700,"(0.8, 2.0)",167.5857142857143,418.9642857142857,209.48214285714286,-2.75,EOD,959,NQc11,1.1,2024,"(0.8, 2.0)"
2024-07-10,2024,A,-1,600,"(0.8, 2.0)",156.6857142857143,391.7142857142857,195.85714285714286,-130.25,EOD,959,NQc11,1.1,2024,"(0.8, 2.0)"
2024-07-15,2024,A,-1,695,"(0.8, 2.0)",180.17142857142858,450.42857142857144,225.21428571428572,113.0,EOD,959,NQc11,1.1,2024,"(0.8, 2.0)"
2024-07-16,2024,A,1,620,"(0.8, 2.0)",191.0,477.5,238.75,58.75,EOD,959,NQc11,1.1,2024,"(0.8, 2.0)"
2024-07-18,2024,A,1,660,"(0.8, 2.0)",222.60000000000002,556.5,278.25,-222.59999999999854,SL,913,NQc11,1.1,2024,"(0.8, 2.0)"
2024-07-22,2024,A,-1,600,"(0.8, 2.0)",227.38571428571427,568.4642857142857,284.23214285714283,-27.75,EOD,959,NQc11,1.1,2024,"(0.8, 2.0)"
2024-07-23,2024,A,-1,625,"(0.8, 2.0)",230.2714285714286,575.6785714285714,287.8392857142857,96.25,EOD,959,NQc11,1.1,2024,"(0.8, 2.0)"
2024-07-25,2024,A,1,655,"(0.8, 2.0)",268.42857142857144,671.0714285714286,335.5357142857143,-200.25,EOD,959,NQc11,1.1,2024,"(0.8, 2.0)"
2024-07-29,2024,A,-1,630,"(0.8, 2.0)",294.4714285714286,736.1785714285714,368.0892857142857,84.5,EOD,959,NQc11,1.1,2024,"(0.8, 2.0)"
2024-07-30,2024,A,1,640,"(0.8, 2.0)",300.64285714285717,751.6071428571429,375.80357142857144,-300.6428571428587,SL,776,NQc11,1.1,2024,"(0.8, 2.0)"
2024-08-01,2024,A,-1,620,"(0.8, 2.0)",322.8714285714286,807.1785714285714,403.5892857142857,513.75,EOD,959,NQc11,1.1,2024,"(0.8, 2.0)"
2024-08-06,2024,A,-1,685,"(0.8, 2.0)",418.90000000000003,1047.25,523.625,95.25,EOD,959,NQc11,1.1,2024,"(0.8, 2.0)"
2024-08-07,2024,A,-1,625,"(0.8, 2.0)",413.5,1033.75,516.875,502.0,EOD,959,NQc11,1.1,2024,"(0.8, 2.0)"
2024-08-09,2024,A,-1,615,"(0.8, 2.0)",440.7285714285715,1101.8214285714287,550.9107142857143,-62.0,EOD,959,NQc11,1.1,2024,"(0.8, 2.0)"
2024-08-12,2024,A,-1,620,"(0.8, 2.0)",437.1285714285715,1092.8214285714287,546.4107142857143,27.75,EOD,959,NQc11,1.1,2024,"(0.8, 2.0)"
2024-08-14,2024,A,-1,585,"(0.8, 2.0)",424.1142857142857,1060.2857142857142,530.1428571428571,-54.75,EOD,959,NQc11,1.1,2024,"(0.8, 2.0)"
2024-08-19,2024,A,-1,655,"(0.8, 2.0)",418.07142857142856,1045.1785714285713,522.5892857142857,-205.75,EOD,959,NQc11,1.1,2024,"(0.8, 2.0)"
2024-08-20,2024,A,-1,870,"(0.8, 2.0)",407.52857142857147,1018.8214285714286,509.4107142857143,38.25,EOD,959,NQc11,1.1,2024,"(0.8, 2.0)"
2024-08-21,2024,A,-1,650,"(0.8, 2.0)",381.6714285714286,954.1785714285714,477.0892857142857,4.5,EOD,959,NQc11,1.1,2024,"(0.8, 2.0)"
2024-08-22,2024,A,-1,600,"(0.8, 2.0)",347.1857142857143,867.9642857142857,433.98214285714283,390.5,EOD,959,NQc11,1.1,2024,"(0.8, 2.0)"
2024-08-26,2024,A,1,670,"(0.8, 2.0)",296.25714285714287,740.6428571428571,370.32142857142856,-8.75,EOD,959,NQc11,1.1,2024,"(0.8, 2.0)"
2024-08-27,2024,A,1,595,"(0.8, 2.0)",283.61428571428576,709.0357142857143,354.51785714285717,100.75,EOD,959,NQc11,1.1,2024,"(0.8, 2.0)"
2024-08-29,2024,A,-1,605,"(0.8, 2.0)",251.68571428571428,629.2142857142857,314.60714285714283,226.75,EOD,959,NQc11,1.1,2024,"(0.8, 2.0)"
2024-09-04,2024,A,1,585,"(0.8, 2.0)",262.0,655.0,327.5,12.75,EOD,959,NQc11,1.1,2024,"(0.8, 2.0)"
2024-09-05,2024,A,-1,610,"(0.8, 2.0)",249.45714285714286,623.6428571428571,311.82142857142856,106.25,EOD,959,NQc11,1.1,2024,"(0.8, 2.0)"
2024-09-06,2024,A,1,585,"(0.8, 2.0)",255.75714285714287,639.3928571428571,319.69642857142856,-255.75714285714275,SL,640,NQc11,1.1,2024,"(0.8, 2.0)"
2024-09-10,2024,A,-1,620,"(0.8, 2.0)",273.0571428571429,682.6428571428571,341.32142857142856,-126.25,EOD,959,NQc11,1.1,2024,"(0.8, 2.0)"
2024-09-11,2024,A,1,660,"(0.8, 2.0)",277.54285714285714,693.8571428571429,346.92857142857144,649.75,EOD,959,NQc11,1.1,2024,"(0.8, 2.0)"
2024-09-12,2024,A,-1,695,"(0.8, 2.0)",292.5857142857143,731.4642857142857,365.73214285714283,-169.0,EOD,959,NQc11,1.1,2024,"(0.8, 2.0)"
2024-09-13,2024,A,-1,590,"(0.8, 2.0)",291.42857142857144,728.5714285714286,364.2857142857143,-52.5,EOD,959,NQc11,1.1,2024,"(0.8, 2.0)"
2024-09-16,2024,A,1,590,"(0.8, 2.0)",284.7428571428572,711.8571428571429,355.92857142857144,29.75,EOD,959,NQc11,1.1,2024,"(0.8, 2.0)"
2024-09-27,2024,A,1,875,"(0.8, 2.0)",268.62857142857143,671.5714285714286,335.7857142857143,23.0,EOD,959,NQc12,1.1,2024,"(0.8, 2.0)"
2024-09-30,2024,A,1,610,"(0.8, 2.0)",275.90000000000003,689.75,344.875,83.0,EOD,959,NQc12,1.1,2024,"(0.8, 2.0)"
2024-10-01,2024,A,1,875,"(0.8, 2.0)",247.02857142857144,617.5714285714286,308.7857142857143,-83.25,EOD,959,NQc12,1.1,2024,"(0.8, 2.0)"
2024-10-03,2024,A,-1,615,"(0.8, 2.0)",254.11428571428576,635.2857142857143,317.64285714285717,37.0,EOD,959,NQc12,1.1,2024,"(0.8, 2.0)"
2024-10-04,2024,A,-1,605,"(0.8, 2.0)",236.3714285714286,590.9285714285714,295.4642857142857,-120.0,EOD,959,NQc12,1.1,2024,"(0.8, 2.0)"
2024-10-08,2024,A,-1,615,"(0.8, 2.0)",235.01428571428573,587.5357142857143,293.76785714285717,-117.25,EOD,959,NQc12,1.1,2024,"(0.8, 2.0)"
2024-10-09,2024,A,-1,655,"(0.8, 2.0)",211.24285714285716,528.1071428571429,264.05357142857144,-134.75,EOD,959,NQc12,1.1,2024,"(0.8, 2.0)"
2024-10-16,2024,A,1,610,"(0.8, 2.0)",219.84285714285716,549.6071428571429,274.80357142857144,59.5,EOD,959,NQc12,1.1,2024,"(0.8, 2.0)"
2024-10-21,2024,A,-1,610,"(0.8, 2.0)",208.31428571428575,520.7857142857143,260.39285714285717,7.25,EOD,959,NQc12,1.1,2024,"(0.8, 2.0)"
2024-10-22,2024,A,-1,860,"(0.8, 2.0)",194.44285714285715,486.10714285714283,243.05357142857142,11.5,EOD,959,NQc12,1.1,2024,"(0.8, 2.0)"
2024-10-23,2024,A,1,610,"(0.8, 2.0)",193.07142857142858,482.67857142857144,241.33928571428572,-193.07142857142753,SL,794,NQc12,1.1,2024,"(0.8, 2.0)"
2024-10-29,2024,A,1,585,"(0.8, 2.0)",194.04285714285714,485.10714285714283,242.55357142857142,206.75,EOD,959,NQc12,1.1,2024,"(0.8, 2.0)"
2024-11-04,2024,A,1,585,"(0.8, 2.0)",219.20000000000002,548.0,274.0,-24.75,EOD,959,NQc12,1.1,2024,"(0.8, 2.0)"
2024-11-05,2024,A,-1,585,"(0.8, 2.0)",208.25714285714287,520.6428571428571,260.32142857142856,-124.0,EOD,959,NQc12,1.1,2024,"(0.8, 2.0)"
2024-11-08,2024,A,-1,840,"(0.8, 2.0)",246.42857142857144,616.0714285714286,308.0357142857143,16.25,EOD,959,NQc12,1.1,2024,"(0.8, 2.0)"
2024-11-11,2024,A,1,610,"(0.8, 2.0)",240.38571428571427,600.9642857142857,300.48214285714283,38.0,EOD,959,NQc12,1.1,2024,"(0.8, 2.0)"
2024-11-13,2024,A,-1,845,"(0.8, 2.0)",223.12857142857143,557.8214285714286,278.9107142857143,84.0,EOD,959,NQc12,1.1,2024,"(0.8, 2.0)"
2024-11-14,2024,A,1,630,"(0.8, 2.0)",224.3714285714286,560.9285714285714,280.4642857142857,-90.75,EOD,959,NQc12,1.1,2024,"(0.8, 2.0)"
2024-11-20,2024,A,1,620,"(0.8, 2.0)",244.75714285714287,611.8928571428571,305.94642857142856,242.75,EOD,959,NQc12,1.1,2024,"(0.8, 2.0)"
2024-11-21,2024,A,-1,595,"(0.8, 2.0)",231.21428571428575,578.0357142857143,289.01785714285717,-112.25,EOD,959,NQc12,1.1,2024,"(0.8, 2.0)"
2024-12-03,2024,A,-1,695,"(0.8, 2.0)",211.95714285714286,529.8928571428571,264.94642857142856,-42.0,EOD,959,NQc12,1.1,2024,"(0.8, 2.0)"
2024-12-09,2024,A,1,665,"(0.8, 2.0)",182.0,455.0,227.5,-4.75,EOD,959,NQc12,1.1,2024,"(0.8, 2.0)"
2024-12-10,2024,A,1,855,"(0.8, 2.0)",178.45714285714288,446.14285714285717,223.07142857142858,-35.5,EOD,959,NQc12,1.1,2024,"(0.8, 2.0)"
2024-12-13,2024,A,-1,655,"(0.8, 2.0)",178.20000000000002,445.5,222.75,-66.25,EOD,959,NQc12,1.1,2024,"(0.8, 2.0)"
2024-12-30,2024,A,1,855,"(0.8, 2.0)",203.11428571428573,507.7857142857143,253.89285714285714,-90.75,EOD,959,NQc13,1.1,2024,"(0.8, 2.0)"
2024-12-31,2024,A,1,855,"(0.8, 2.0)",213.48571428571427,533.7142857142857,266.85714285714283,-49.0,EOD,959,NQc13,1.1,2024,"(0.8, 2.0)"
2025-01-02,2025,A,1,585,"(0.8, 2.0)",222.11428571428576,555.2857142857143,277.64285714285717,-222.11428571428405,SL,770,NQc13,1.1,2025,"(0.8, 2.0)"
2025-01-08,2025,A,1,620,"(0.8, 2.0)",277.62857142857143,694.0714285714286,347.0357142857143,70.75,EOD,959,NQc13,1.1,2025,"(0.8, 2.0)"
2025-01-13,2025,A,1,840,"(0.8, 2.0)",282.48571428571427,706.2142857142857,353.10714285714283,55.75,EOD,959,NQc13,1.1,2025,"(0.8, 2.0)"
2025-01-14,2025,A,-1,660,"(0.8, 2.0)",290.85714285714283,727.1428571428571,363.57142857142856,13.25,EOD,959,NQc13,1.1,2025,"(0.8, 2.0)"
2025-01-16,2025,A,-1,585,"(0.8, 2.0)",306.0714285714286,765.1785714285714,382.5892857142857,170.25,EOD,959,NQc13,1.1,2025,"(0.8, 2.0)"
2025-01-21,2025,A,1,590,"(0.8, 2.0)",304.51428571428573,761.2857142857143,380.64285714285717,64.0,EOD,959,NQc13,1.1,2025,"(0.8, 2.0)"
2025-01-23,2025,A,1,585,"(0.8, 2.0)",297.01428571428573,742.5357142857143,371.26785714285717,127.0,EOD,959,NQc13,1.1,2025,"(0.8, 2.0)"
2025-01-24,2025,A,-1,585,"(0.8, 2.0)",280.87142857142857,702.1785714285714,351.0892857142857,119.0,EOD,959,NQc13,1.1,2025,"(0.8, 2.0)"
2025-01-30,2025,A,-1,610,"(0.8, 2.0)",291.31428571428575,728.2857142857143,364.14285714285717,-33.0,EOD,959,NQc13,1.1,2025,"(0.8, 2.0)"
2025-01-31,2025,A,-1,850,"(0.8, 2.0)",282.3857142857143,705.9642857142857,352.98214285714283,114.5,EOD,959,NQc13,1.1,2025,"(0.8, 2.0)"
2025-02-04,2025,A,-1,585,"(0.8, 2.0)",295.41428571428577,738.5357142857143,369.26785714285717,-162.25,EOD,959,NQc13,1.1,2025,"(0.8, 2.0)"
2025-02-06,2025,A,-1,650,"(0.8, 2.0)",282.41428571428577,706.0357142857143,353.01785714285717,-116.75,EOD,959,NQc13,1.1,2025,"(0.8, 2.0)"
2025-02-07,2025,A,1,615,"(0.8, 2.0)",267.9428571428572,669.8571428571429,334.92857142857144,-131.25,EOD,959,NQc13,1.1,2025,"(0.8, 2.0)"
2025-02-12,2025,A,1,635,"(0.8, 2.0)",273.0,682.5,341.25,91.75,EOD,959,NQc13,1.1,2025,"(0.8, 2.0)"
2025-02-14,2025,A,-1,590,"(0.8, 2.0)",285.15714285714284,712.8928571428571,356.44642857142856,-72.0,EOD,959,NQc13,1.1,2025,"(0.8, 2.0)"
2025-02-18,2025,A,-1,585,"(0.8, 2.0)",223.11428571428576,557.7857142857143,278.89285714285717,-17.5,EOD,959,NQc13,1.1,2025,"(0.8, 2.0)"
2025-02-19,2025,A,-1,915,"(0.8, 2.0)",218.88571428571427,547.2142857142857,273.60714285714283,18.0,EOD,959,NQc13,1.1,2025,"(0.8, 2.0)"
2025-02-26,2025,A,-1,675,"(0.8, 2.0)",221.3714285714286,553.4285714285714,276.7142857142857,205.0,EOD,959,NQc13,1.1,2025,"(0.8, 2.0)"
2025-02-27,2025,A,1,615,"(0.8, 2.0)",231.31428571428575,578.2857142857143,289.14285714285717,-231.31428571428478,SL,873,NQc13,1.1,2025,"(0.8, 2.0)"
2025-02-28,2025,A,1,605,"(0.8, 2.0)",252.34285714285716,630.8571428571429,315.42857142857144,312.5,EOD,959,NQc13,1.1,2025,"(0.8, 2.0)"
2025-03-03,2025,A,-1,595,"(0.8, 2.0)",262.51428571428573,656.2857142857143,328.14285714285717,434.75,EOD,959,NQc13,1.1,2025,"(0.8, 2.0)"
2025-03-04,2025,A,1,585,"(0.8, 2.0)",298.7142857142857,746.7857142857143,373.39285714285717,67.0,EOD,959,NQc13,1.1,2025,"(0.8, 2.0)"
2025-03-07,2025,A,1,650,"(0.8, 2.0)",359.42857142857144,898.5714285714286,449.2857142857143,182.75,EOD,959,NQc13,1.1,2025,"(0.8, 2.0)"
2025-03-10,2025,A,1,595,"(0.8, 2.0)",385.8,964.5,482.25,-385.7999999999993,SL,894,NQc13,1.1,2025,"(0.8, 2.0)"
2025-03-11,2025,A,1,640,"(0.8, 2.0)",430.7428571428572,1076.857142857143,538.4285714285714,101.25,EOD,959,NQc13,1.1,2025,"(0.8, 2.0)"
2025-03-12,2025,A,-1,590,"(0.8, 2.0)",448.1142857142857,1120.2857142857142,560.1428571428571,58.0,EOD,959,NQc13,1.1,2025,"(0.8, 2.0)"
2025-03-13,2025,A,1,595,"(0.8, 2.0)",453.1857142857143,1132.9642857142858,566.4821428571429,-152.75,EOD,959,NQc13,1.1,2025,"(0.8, 2.0)"
2025-03-14,2025,A,-1,610,"(0.8, 2.0)",448.2428571428572,1120.607142857143,560.3035714285714,-206.5,EOD,959,NQc13,1.1,2025,"(0.8, 2.0)"
2025-03-17,2025,A,-1,640,"(0.8, 2.0)",453.84285714285716,1134.607142857143,567.3035714285714,-92.0,EOD,959,NQc13,1.1,2025,"(0.8, 2.0)"
2025-04-01,2025,A,-1,925,"(0.8, 2.0)",398.90000000000003,997.25,498.625,-114.0,EOD,959,NQc14,1.1,2025,"(0.8, 2.0)"
2025-04-02,2025,A,-1,915,"(0.8, 2.0)",391.62857142857143,979.0714285714286,489.5357142857143,-105.0,EOD,959,NQc14,1.1,2025,"(0.8, 2.0)"
2025-04-07,2025,A,-1,620,"(0.8, 2.0)",430.78571428571433,1076.9642857142858,538.4821428571429,421.5,EOD,959,NQc14,1.1,2025,"(0.8, 2.0)"
2025-04-14,2025,A,-1,720,"(0.8, 2.0)",721.0285714285715,1802.5714285714287,901.2857142857143,-113.5,EOD,959,NQc14,1.1,2025,"(0.8, 2.0)"
2025-04-24,2025,A,-1,640,"(0.8, 2.0)",764.8714285714286,1912.1785714285713,956.0892857142857,-166.25,EOD,959,NQc14,1.1,2025,"(0.8, 2.0)"
2025-04-25,2025,A,-1,585,"(0.8, 2.0)",734.4857142857144,1836.2142857142858,918.1071428571429,-234.25,EOD,959,NQc14,1.1,2025,"(0.8, 2.0)"
2025-04-28,2025,A,-1,595,"(0.8, 2.0)",686.6714285714286,1716.6785714285713,858.3392857142857,15.5,EOD,959,NQc14,1.1,2025,"(0.8, 2.0)"
2025-04-30,2025,A,1,700,"(0.8, 2.0)",548.3142857142857,1370.7857142857142,685.3928571428571,233.5,EOD,959,NQc14,1.1,2025,"(0.8, 2.0)"
2025-05-02,2025,A,-1,605,"(0.8, 2.0)",408.90000000000003,1022.25,511.125,-76.75,EOD,959,NQc14,1.1,2025,"(0.8, 2.0)"
2025-05-05,2025,A,1,585,"(0.8, 2.0)",397.2142857142858,993.0357142857143,496.51785714285717,30.0,EOD,959,NQc14,1.1,2025,"(0.8, 2.0)"
2025-05-08,2025,A,-1,655,"(0.8, 2.0)",356.4428571428572,891.1071428571429,445.55357142857144,-128.0,EOD,959,NQc14,1.1,2025,"(0.8, 2.0)"
2025-05-14,2025,A,-1,585,"(0.8, 2.0)",328.41428571428577,821.0357142857143,410.51785714285717,-55.5,EOD,959,NQc14,1.1,2025,"(0.8, 2.0)"
2025-05-15,2025,A,1,595,"(0.8, 2.0)",305.48571428571427,763.7142857142857,381.85714285714283,118.25,EOD,959,NQc14,1.1,2025,"(0.8, 2.0)"
2025-05-19,2025,A,1,590,"(0.8, 2.0)",293.34285714285716,733.3571428571429,366.67857142857144,161.25,EOD,959,NQc14,1.1,2025,"(0.8, 2.0)"
2025-05-21,2025,A,-1,665,"(0.8, 2.0)",274.5285714285714,686.3214285714286,343.1607142857143,321.5,EOD,959,NQc14,1.1,2025,"(0.8, 2.0)"
2025-05-27,2025,A,1,585,"(0.8, 2.0)",273.65714285714284,684.1428571428571,342.07142857142856,224.5,EOD,959,NQc14,1.1,2025,"(0.8, 2.0)"
2025-05-28,2025,A,-1,600,"(0.8, 2.0)",269.14285714285717,672.8571428571429,336.42857142857144,95.0,EOD,959,NQc14,1.1,2025,"(0.8, 2.0)"
2025-05-29,2025,A,-1,585,"(0.8, 2.0)",259.45714285714286,648.6428571428571,324.32142857142856,115.0,EOD,959,NQc14,1.1,2025,"(0.8, 2.0)"
2025-05-30,2025,A,1,705,"(0.8, 2.0)",268.42857142857144,671.0714285714286,335.5357142857143,67.5,EOD,959,NQc14,1.1,2025,"(0.8, 2.0)"
2025-06-02,2025,A,-1,585,"(0.8, 2.0)",242.3714285714286,605.9285714285714,302.9642857142857,-111.75,EOD,959,NQc14,1.1,2025,"(0.8, 2.0)"
2025-06-04,2025,A,-1,585,"(0.8, 2.0)",243.14285714285717,607.8571428571429,303.92857142857144,-0.75,EOD,959,NQc14,1.1,2025,"(0.8, 2.0)"
2025-06-05,2025,A,-1,630,"(0.8, 2.0)",236.28571428571428,590.7142857142857,295.35714285714283,214.5,EOD,959,NQc14,1.1,2025,"(0.8, 2.0)"
2025-06-09,2025,A,-1,645,"(0.8, 2.0)",246.81428571428575,617.0357142857143,308.51785714285717,39.5,EOD,959,NQc14,1.1,2025,"(0.8, 2.0)"
2025-06-10,2025,A,-1,595,"(0.8, 2.0)",241.94285714285718,604.8571428571429,302.42857142857144,-107.25,EOD,959,NQc14,1.1,2025,"(0.8, 2.0)"
2025-06-11,2025,A,-1,585,"(0.8, 2.0)",228.44285714285718,571.1071428571429,285.55357142857144,84.75,EOD,959,NQc14,1.1,2025,"(0.8, 2.0)"
2025-06-13,2025,A,1,720,"(0.8, 2.0)",219.84285714285716,549.6071428571429,274.80357142857144,-219.8428571428558,SL,878,NQc14,1.1,2025,"(0.8, 2.0)"
2025-06-27,2025,A,-1,870,"(0.8, 2.0)",205.74285714285716,514.3571428571429,257.17857142857144,-86.0,EOD,959,NQc15,1.1,2025,"(0.8, 2.0)"
2025-06-30,2025,A,-1,585,"(0.8, 2.0)",200.9714285714286,502.42857142857144,251.21428571428572,-71.0,EOD,959,NQc15,1.1,2025,"(0.8, 2.0)"
2025-07-01,2025,A,1,585,"(0.8, 2.0)",197.12857142857143,492.82142857142856,246.41071428571428,-197.1285714285732,SL,674,NQc15,1.1,2025,"(0.8, 2.0)"
2025-07-02,2025,A,-1,905,"(0.8, 2.0)",204.5,511.25,255.625,-2.5,EOD,959,NQc15,1.1,2025,"(0.8, 2.0)"
2025-07-07,2025,A,-1,605,"(0.8, 2.0)",191.55714285714288,478.89285714285717,239.44642857142858,48.75,EOD,959,NQc15,1.1,2025,"(0.8, 2.0)"
2025-07-09,2025,A,-1,665,"(0.8, 2.0)",179.81428571428572,449.5357142857143,224.76785714285714,-97.0,EOD,959,NQc15,1.1,2025,"(0.8, 2.0)"
2025-07-10,2025,A,1,605,"(0.8, 2.0)",183.32857142857142,458.32142857142856,229.16071428571428,94.0,EOD,959,NQc15,1.1,2025,"(0.8, 2.0)"
2025-07-11,2025,A,1,590,"(0.8, 2.0)",174.9,437.25,218.625,19.75,EOD,959,NQc15,1.1,2025,"(0.8, 2.0)"
2025-07-14,2025,A,1,590,"(0.8, 2.0)",164.11428571428573,410.2857142857143,205.14285714285714,115.0,EOD,959,NQc15,1.1,2025,"(0.8, 2.0)"
2025-07-16,2025,A,1,890,"(0.8, 2.0)",163.51428571428573,408.7857142857143,204.39285714285714,22.0,EOD,959,NQc15,1.1,2025,"(0.8, 2.0)"
2025-07-25,2025,A,-1,695,"(0.8, 2.0)",152.17142857142858,380.42857142857144,190.21428571428572,-5.5,EOD,959,NQc15,1.1,2025,"(0.8, 2.0)"
2025-07-29,2025,A,-1,660,"(0.8, 2.0)",148.3,370.75,185.375,71.25,EOD,959,NQc15,1.1,2025,"(0.8, 2.0)"
2025-07-31,2025,A,1,865,"(0.8, 2.0)",151.45714285714288,378.64285714285717,189.32142857142858,-33.75,EOD,959,NQc15,1.1,2025,"(0.8, 2.0)"
2025-08-08,2025,A,-1,615,"(0.8, 2.0)",220.01428571428573,550.0357142857143,275.01785714285717,-74.5,EOD,959,NQc15,1.1,2025,"(0.8, 2.0)"
2025-08-11,2025,A,-1,595,"(0.8, 2.0)",221.42857142857144,553.5714285714286,276.7857142857143,82.25,EOD,959,NQc15,1.1,2025,"(0.8, 2.0)"
2025-08-12,2025,A,-1,585,"(0.8, 2.0)",220.01428571428573,550.0357142857143,275.01785714285717,-197.5,EOD,959,NQc15,1.1,2025,"(0.8, 2.0)"
2025-08-13,2025,A,-1,685,"(0.8, 2.0)",228.5857142857143,571.4642857142857,285.73214285714283,-1.25,EOD,959,NQc15,1.1,2025,"(0.8, 2.0)"
2025-08-14,2025,A,1,690,"(0.8, 2.0)",231.8,579.5,289.75,34.0,EOD,959,NQc15,1.1,2025,"(0.8, 2.0)"
2025-08-18,2025,A,1,650,"(0.8, 2.0)",237.64285714285717,594.1071428571429,297.05357142857144,48.0,EOD,959,NQc15,1.1,2025,"(0.8, 2.0)"
2025-08-19,2025,A,1,610,"(0.8, 2.0)",230.44285714285718,576.1071428571429,288.05357142857144,-230.44285714285797,SL,760,NQc15,1.1,2025,"(0.8, 2.0)"
2025-08-26,2025,A,1,590,"(0.8, 2.0)",212.3714285714286,530.9285714285714,265.4642857142857,142.5,EOD,959,NQc15,1.1,2025,"(0.8, 2.0)"
2025-08-27,2025,A,-1,620,"(0.8, 2.0)",204.44285714285715,511.10714285714283,255.55357142857142,-21.75,EOD,959,NQc15,1.1,2025,"(0.8, 2.0)"
2025-08-28,2025,A,-1,610,"(0.8, 2.0)",194.61428571428573,486.5357142857143,243.26785714285714,-114.75,EOD,959,NQc15,1.1,2025,"(0.8, 2.0)"
2025-09-04,2025,A,-1,640,"(0.8, 2.0)",210.2714285714286,525.6785714285714,262.8392857142857,-147.0,EOD,959,NQc15,1.1,2025,"(0.8, 2.0)"
2025-09-05,2025,A,-1,630,"(0.8, 2.0)",215.0,537.5,268.75,-37.0,EOD,959,NQc15,1.1,2025,"(0.8, 2.0)"
2025-09-09,2025,A,1,650,"(0.8, 2.0)",221.72857142857143,554.3214285714286,277.1607142857143,107.0,EOD,959,NQc15,1.1,2025,"(0.8, 2.0)"
2025-09-10,2025,A,-1,855,"(0.8, 2.0)",206.22857142857143,515.5714285714286,257.7857142857143,14.0,EOD,959,NQc15,1.1,2025,"(0.8, 2.0)"
2025-09-11,2025,A,-1,610,"(0.8, 2.0)",205.44285714285718,513.6071428571429,256.80357142857144,-25.0,EOD,959,NQc15,1.1,2025,"(0.8, 2.0)"
2025-09-12,2025,A,-1,600,"(0.8, 2.0)",189.8571428571429,474.64285714285717,237.32142857142858,-67.75,EOD,959,NQc15,1.1,2025,"(0.8, 2.0)"
2025-09-16,2025,A,-1,595,"(0.8, 2.0)",190.81428571428572,477.0357142857143,238.51785714285714,9.0,EOD,959,NQc15,1.1,2025,"(0.8, 2.0)"
2025-09-26,2025,A,-1,585,"(0.8, 2.0)",186.02857142857144,465.07142857142856,232.53571428571428,-54.0,EOD,959,NQc16,1.1,2025,"(0.8, 2.0)"
2025-09-30,2025,A,1,585,"(0.8, 2.0)",181.74285714285713,454.35714285714283,227.17857142857142,100.0,EOD,959,NQc16,1.1,2025,"(0.8, 2.0)"
2025-10-01,2025,A,-1,665,"(0.8, 2.0)",178.4857142857143,446.2142857142857,223.10714285714286,-107.25,EOD,959,NQc16,1.1,2025,"(0.8, 2.0)"
2025-10-02,2025,A,-1,670,"(0.8, 2.0)",180.8,452.0,226.0,-77.0,EOD,959,NQc16,1.1,2025,"(0.8, 2.0)"
2025-10-03,2025,A,1,865,"(0.8, 2.0)",168.12857142857143,420.32142857142856,210.16071428571428,-23.75,EOD,959,NQc16,1.1,2025,"(0.8, 2.0)"
2025-10-06,2025,A,-1,585,"(0.8, 2.0)",170.8571428571429,427.14285714285717,213.57142857142858,-43.5,EOD,959,NQc16,1.1,2025,"(0.8, 2.0)"
2025-10-07,2025,A,-1,585,"(0.8, 2.0)",176.11428571428573,440.2857142857143,220.14285714285714,200.5,EOD,959,NQc16,1.1,2025,"(0.8, 2.0)"
2025-10-10,2025,A,-1,595,"(0.8, 2.0)",188.01428571428573,470.0357142857143,235.01785714285714,470.03571428571377,TP,681,NQc16,1.1,2025,"(0.8, 2.0)"
2025-10-14,2025,A,1,685,"(0.8, 2.0)",260.22857142857146,650.5714285714286,325.2857142857143,26.75,EOD,959,NQc16,1.1,2025,"(0.8, 2.0)"
2025-10-15,2025,A,-1,585,"(0.8, 2.0)",274.75714285714287,686.8928571428571,343.44642857142856,17.0,EOD,959,NQc16,1.1,2025,"(0.8, 2.0)"
2025-10-16,2025,A,-1,590,"(0.8, 2.0)",282.45714285714286,706.1428571428571,353.07142857142856,220.25,EOD,959,NQc16,1.1,2025,"(0.8, 2.0)"
2025-10-22,2025,A,1,620,"(0.8, 2.0)",308.7857142857143,771.9642857142857,385.98214285714283,-308.78571428571377,SL,750,NQc16,1.1,2025,"(0.8, 2.0)"
2025-10-30,2025,A,1,590,"(0.8, 2.0)",347.8571428571429,869.6428571428571,434.82142857142856,-184.5,EOD,959,NQc16,1.1,2025,"(0.8, 2.0)"
2025-10-31,2025,A,-1,680,"(0.8, 2.0)",314.0571428571429,785.1428571428571,392.57142857142856,186.25,EOD,959,NQc16,1.1,2025,"(0.8, 2.0)"
2025-11-05,2025,A,1,590,"(0.8, 2.0)",292.68571428571425,731.7142857142857,365.85714285714283,132.5,EOD,959,NQc16,1.1,2025,"(0.8, 2.0)"
2025-11-14,2025,A,1,635,"(0.8, 2.0)",333.0571428571429,832.6428571428571,416.32142857142856,95.0,EOD,959,NQc16,1.1,2025,"(0.8, 2.0)"
2025-11-18,2025,A,1,850,"(0.8, 2.0)",358.61428571428576,896.5357142857143,448.26785714285717,-164.0,EOD,959,NQc16,1.1,2025,"(0.8, 2.0)"
2025-12-01,2025,A,1,625,"(0.8, 2.0)",397.2428571428572,993.1071428571429,496.55357142857144,68.5,EOD,959,NQc16,1.1,2025,"(0.8, 2.0)"
2025-12-02,2025,A,-1,705,"(0.8, 2.0)",400.2142857142858,1000.5357142857143,500.26785714285717,-112.25,EOD,959,NQc16,1.1,2025,"(0.8, 2.0)"
2025-12-03,2025,A,-1,900,"(0.8, 2.0)",398.8285714285714,997.0714285714286,498.5357142857143,12.25,EOD,959,NQc16,1.1,2025,"(0.8, 2.0)"
2025-12-05,2025,A,-1,585,"(0.8, 2.0)",352.51428571428573,881.2857142857143,440.64285714285717,-17.25,EOD,959,NQc16,1.1,2025,"(0.8, 2.0)"
2025-12-08,2025,A,1,660,"(0.8, 2.0)",336.3857142857143,840.9642857142857,420.48214285714283,5.75,EOD,959,NQc16,1.1,2025,"(0.8, 2.0)"
2025-12-11,2025,A,1,615,"(0.8, 2.0)",256.8857142857143,642.2142857142857,321.10714285714283,158.75,EOD,959,NQc16,1.1,2025,"(0.8, 2.0)"
2025-12-15,2025,A,1,875,"(0.8, 2.0)",237.32857142857142,593.3214285714286,296.6607142857143,-43.5,EOD,959,NQc16,1.1,2025,"(0.8, 2.0)"
2025-12-16,2025,A,1,590,"(0.8, 2.0)",228.38571428571427,570.9642857142857,285.48214285714283,55.5,EOD,959,NQc16,1.1,2025,"(0.8, 2.0)"
2026-01-02,2026,A,-1,585,"(0.8, 2.0)",213.22857142857143,533.0714285714286,266.5357142857143,305.25,EOD,959,NQc17,1.1,2026,"(0.8, 2.0)"
2026-01-09,2026,A,-1,625,"(0.8, 2.0)",231.81428571428575,579.5357142857143,289.76785714285717,-133.5,EOD,959,NQc17,1.1,2026,"(0.8, 2.0)"
2026-01-13,2026,A,-1,585,"(0.8, 2.0)",211.2714285714286,528.1785714285714,264.0892857142857,87.5,EOD,959,NQc17,1.1,2026,"(0.8, 2.0)"
2026-01-15,2026,A,-1,880,"(0.8, 2.0)",215.62857142857143,539.0714285714286,269.5357142857143,70.75,EOD,959,NQc17,1.1,2026,"(0.8, 2.0)"
2026-01-20,2026,A,-1,675,"(0.8, 2.0)",251.9714285714286,629.9285714285714,314.9642857142857,256.75,EOD,959,NQc17,1.1,2026,"(0.8, 2.0)"
2026-01-21,2026,A,-1,870,"(0.8, 2.0)",263.75714285714287,659.3928571428571,329.69642857142856,-42.0,EOD,959,NQc17,1.1,2026,"(0.8, 2.0)"
2026-01-22,2026,A,-1,590,"(0.8, 2.0)",279.6714285714286,699.1785714285714,349.5892857142857,-87.0,EOD,959,NQc17,1.1,2026,"(0.8, 2.0)"
2026-01-23,2026,A,-1,840,"(0.8, 2.0)",263.7714285714286,659.4285714285714,329.7142857142857,-10.0,EOD,959,NQc17,1.1,2026,"(0.8, 2.0)"
2026-01-26,2026,A,-1,600,"(0.8, 2.0)",261.5285714285714,653.8214285714286,326.9107142857143,-7.75,EOD,959,NQc17,1.1,2026,"(0.8, 2.0)"
2026-02-02,2026,A,-1,850,"(0.8, 2.0)",284.3285714285714,710.8214285714286,355.4107142857143,82.75,EOD,959,NQc17,1.1,2026,"(0.8, 2.0)"
2026-02-03,2026,A,1,615,"(0.8, 2.0)",294.0571428571429,735.1428571428571,367.57142857142856,-294.057142857142,SL,839,NQc17,1.1,2026,"(0.8, 2.0)"
2026-02-04,2026,A,1,610,"(0.8, 2.0)",308.3571428571429,770.8928571428571,385.44642857142856,-308.3571428571413,SL,711,NQc17,1.1,2026,"(0.8, 2.0)"
2026-02-05,2026,A,1,715,"(0.8, 2.0)",328.11428571428576,820.2857142857143,410.14285714285717,-193.0,EOD,959,NQc17,1.1,2026,"(0.8, 2.0)"
2026-02-06,2026,A,-1,595,"(0.8, 2.0)",336.7857142857143,841.9642857142857,420.98214285714283,-236.25,EOD,959,NQc17,1.1,2026,"(0.8, 2.0)"
2026-02-09,2026,A,-1,625,"(0.8, 2.0)",344.5428571428572,861.3571428571429,430.67857142857144,-130.25,EOD,959,NQc17,1.1,2026,"(0.8, 2.0)"
2026-02-10,2026,A,-1,615,"(0.8, 2.0)",352.62857142857143,881.5714285714286,440.7857142857143,170.75,EOD,959,NQc17,1.1,2026,"(0.8, 2.0)"
2026-02-11,2026,A,1,675,"(0.8, 2.0)",336.8,842.0,421.0,20.5,EOD,959,NQc17,1.1,2026,"(0.8, 2.0)"
2026-02-13,2026,A,1,590,"(0.8, 2.0)",367.34285714285716,918.3571428571429,459.17857142857144,26.5,EOD,959,NQc17,1.1,2026,"(0.8, 2.0)"
2026-02-17,2026,A,-1,585,"(0.8, 2.0)",370.0,925.0,462.5,-76.25,EOD,959,NQc17,1.1,2026,"(0.8, 2.0)"
2026-02-18,2026,A,-1,595,"(0.8, 2.0)",382.31428571428575,955.7857142857143,477.89285714285717,-71.0,EOD,959,NQc17,1.1,2026,"(0.8, 2.0)"
2026-02-19,2026,A,1,890,"(0.8, 2.0)",367.3,918.25,459.125,97.0,EOD,959,NQc17,1.1,2026,"(0.8, 2.0)"
2026-02-23,2026,A,1,670,"(0.8, 2.0)",358.1,895.25,447.625,84.5,EOD,959,NQc17,1.1,2026,"(0.8, 2.0)"
2026-02-24,2026,A,-1,675,"(0.8, 2.0)",339.4428571428572,848.6071428571429,424.30357142857144,3.75,EOD,959,NQc17,1.1,2026,"(0.8, 2.0)"
2026-02-26,2026,A,1,605,"(0.8, 2.0)",318.72857142857146,796.8214285714286,398.4107142857143,-90.0,EOD,959,NQc17,1.1,2026,"(0.8, 2.0)"
2026-02-27,2026,A,1,590,"(0.8, 2.0)",315.2428571428572,788.1071428571429,394.05357142857144,71.5,EOD,959,NQc17,1.1,2026,"(0.8, 2.0)"
2026-03-02,2026,A,-1,710,"(0.8, 2.0)",305.41428571428577,763.5357142857143,381.76785714285717,-7.5,EOD,959,NQc17,1.1,2026,"(0.8, 2.0)"
2026-03-03,2026,A,1,695,"(0.8, 2.0)",319.52857142857147,798.8214285714286,399.4107142857143,149.0,EOD,959,NQc17,1.1,2026,"(0.8, 2.0)"
2026-03-05,2026,A,1,845,"(0.8, 2.0)",322.6,806.5,403.25,215.0,EOD,959,NQc17,1.1,2026,"(0.8, 2.0)"
2026-03-06,2026,A,1,620,"(0.8, 2.0)",323.7714285714286,809.4285714285714,404.7142857142857,-115.5,EOD,959,NQc17,1.1,2026,"(0.8, 2.0)"
2026-03-09,2026,A,1,685,"(0.8, 2.0)",341.8,854.5,427.25,372.5,EOD,959,NQc17,1.1,2026,"(0.8, 2.0)"
2026-03-10,2026,A,-1,635,"(0.8, 2.0)",359.20000000000005,898.0,449.0,67.5,EOD,959,NQc17,1.1,2026,"(0.8, 2.0)"
2026-03-11,2026,A,1,710,"(0.8, 2.0)",356.2857142857143,890.7142857142857,445.35714285714283,71.75,EOD,959,NQc17,1.1,2026,"(0.8, 2.0)"
2026-03-13,2026,A,1,655,"(0.8, 2.0)",360.64285714285717,901.6071428571429,450.80357142857144,-149.0,EOD,959,NQc17,1.1,2026,"(0.8, 2.0)"
2026-03-16,2026,A,-1,915,"(0.8, 2.0)",363.3857142857143,908.4642857142857,454.23214285714283,39.75,EOD,959,NQc17,1.1,2026,"(0.8, 2.0)"
2026-03-17,2026,A,-1,675,"(0.8, 2.0)",365.3285714285714,913.3214285714286,456.6607142857143,17.25,EOD,959,NQc17,1.1,2026,"(0.8, 2.0)"
2026-03-30,2026,A,1,645,"(0.8, 2.0)",359.22857142857146,898.0714285714286,449.0357142857143,-138.75,EOD,959,NQc18,1.1,2026,"(0.8, 2.0)"
2026-03-31,2026,A,-1,610,"(0.8, 2.0)",350.22857142857146,875.5714285714286,437.7857142857143,-350.22857142857174,SL,763,NQc18,1.1,2026,"(0.8, 2.0)"
2026-04-06,2026,A,-1,845,"(0.8, 2.0)",380.0857142857143,950.2142857142857,475.10714285714283,-115.5,EOD,959,NQc18,1.1,2026,"(0.8, 2.0)"
2026-04-07,2026,A,1,850,"(0.8, 2.0)",351.7714285714286,879.4285714285714,439.7142857142857,159.5,EOD,959,NQc18,1.1,2026,"(0.8, 2.0)"
2026-04-10,2026,A,-1,845,"(0.8, 2.0)",383.5428571428572,958.8571428571429,479.42857142857144,-33.25,EOD,959,NQc18,1.1,2026,"(0.8, 2.0)"
2026-04-16,2026,A,-1,595,"(0.8, 2.0)",388.2857142857143,970.7142857142857,485.35714285714283,-202.5,EOD,959,NQc18,1.1,2026,"(0.8, 2.0)"
2026-04-20,2026,A,1,655,"(0.8, 2.0)",363.9428571428572,909.8571428571429,454.92857142857144,72.5,EOD,959,NQc18,1.1,2026,"(0.8, 2.0)"
2026-04-21,2026,A,-1,605,"(0.8, 2.0)",349.3857142857143,873.4642857142857,436.73214285714283,184.5,EOD,959,NQc18,1.1,2026,"(0.8, 2.0)"
2026-04-23,2026,A,-1,590,"(0.8, 2.0)",321.15714285714284,802.8928571428571,401.44642857142856,153.75,EOD,959,NQc18,1.1,2026,"(0.8, 2.0)"
2026-04-30,2026,A,-1,590,"(0.8, 2.0)",284.0571428571429,710.1428571428571,355.07142857142856,-284.057142857142,SL,925,NQc18,1.1,2026,"(0.8, 2.0)"
2026-05-04,2026,A,-1,660,"(0.8, 2.0)",297.61428571428576,744.0357142857143,372.01785714285717,101.75,EOD,959,NQc18,1.1,2026,"(0.8, 2.0)"
2026-05-11,2026,A,-1,600,"(0.8, 2.0)",330.0571428571429,825.1428571428571,412.57142857142856,-119.0,EOD,959,NQc18,1.1,2026,"(0.8, 2.0)"
2026-05-14,2026,A,-1,610,"(0.8, 2.0)",338.7857142857143,846.9642857142857,423.48214285714283,-136.25,EOD,959,NQc18,1.1,2026,"(0.8, 2.0)"
2026-05-19,2026,A,1,715,"(0.8, 2.0)",357.8714285714286,894.6785714285714,447.3392857142857,103.25,EOD,959,NQc18,1.1,2026,"(0.8, 2.0)"
2026-05-20,2026,A,-1,595,"(0.8, 2.0)",372.01428571428573,930.0357142857143,465.01785714285717,-312.0,EOD,959,NQc18,1.1,2026,"(0.8, 2.0)"
2026-05-22,2026,A,-1,625,"(0.8, 2.0)",377.7857142857143,944.4642857142857,472.23214285714283,-33.5,EOD,959,NQc18,1.1,2026,"(0.8, 2.0)"
2026-05-26,2026,A,-1,605,"(0.8, 2.0)",378.2428571428572,945.6071428571429,472.80357142857144,-87.5,EOD,959,NQc18,1.1,2026,"(0.8, 2.0)"
2026-05-29,2026,A,-1,655,"(0.8, 2.0)",343.45714285714286,858.6428571428571,429.32142857142856,-57.0,EOD,959,NQc18,1.1,2026,"(0.8, 2.0)"
2026-06-01,2026,A,-1,695,"(0.8, 2.0)",345.3285714285714,863.3214285714286,431.6607142857143,-37.0,EOD,959,NQc18,1.1,2026,"(0.8, 2.0)"
2026-06-02,2026,A,-1,720,"(0.8, 2.0)",328.9714285714286,822.4285714285714,411.2142857142857,-17.75,EOD,959,NQc18,1.1,2026,"(0.8, 2.0)"
2026-06-03,2026,A,-1,585,"(0.8, 2.0)",317.9428571428572,794.8571428571429,397.42857142857144,-12.0,EOD,959,NQc18,1.1,2026,"(0.8, 2.0)"
2026-06-09,2026,A,-1,595,"(0.8, 2.0)",381.34285714285716,953.3571428571429,476.67857142857144,953.3571428571413,TP,716,NQc18,1.1,2026,"(0.8, 2.0)"
2026-06-11,2026,A,-1,845,"(0.8, 2.0)",465.8142857142857,1164.5357142857142,582.2678571428571,-342.5,EOD,959,NQc18,1.1,2026,"(0.8, 2.0)"
2026-06-12,2026,A,-1,625,"(0.8, 2.0)",506.70000000000005,1266.75,633.375,-151.25,EOD,959,NQc18,1.1,2026,"(0.8, 2.0)"
2026-06-16,2026,A,1,635,"(0.8, 2.0)",550.1857142857143,1375.4642857142858,687.7321428571429,-311.5,EOD,959,NQc18,1.1,2026,"(0.8, 2.0)"
2026-06-26,2026,A,1,585,"(0.8, 2.0)",614.9428571428572,1537.357142857143,768.6785714285714,-26.25,EOD,959,NQc19,1.1,2026,"(0.8, 2.0)"
2026-06-29,2026,A,-1,600,"(0.8, 2.0)",624.4857142857144,1561.2142857142858,780.6071428571429,-428.5,EOD,959,NQc19,1.1,2026,"(0.8, 2.0)"
2026-07-02,2026,A,1,585,"(0.8, 2.0)",666.0857142857144,1665.2142857142858,832.6071428571429,-666.085714285713,SL,757,NQc19,1.1,2026,"(0.8, 2.0)"
2026-07-06,2026,A,1,585,"(0.8, 2.0)",617.1428571428572,1542.857142857143,771.4285714285714,30.25,EOD,959,NQc19,1.1,2026,"(0.8, 2.0)"
2026-07-08,2026,A,1,645,"(0.8, 2.0)",541.8285714285715,1354.5714285714287,677.2857142857143,205.0,EOD,959,NQc19,1.1,2026,"(0.8, 2.0)"
2026-07-13,2026,A,1,640,"(0.8, 2.0)",478.52857142857147,1196.3214285714287,598.1607142857143,-218.25,EOD,959,NQc19,1.1,2026,"(0.8, 2.0)"
2026-07-14,2026,A,-1,645,"(0.8, 2.0)",481.1714285714286,1202.9285714285713,601.4642857142857,-57.0,EOD,959,NQc19,1.1,2026,"(0.8, 2.0)"
2026-07-15,2026,A,1,645,"(0.8, 2.0)",468.9428571428572,1172.357142857143,586.1785714285714,100.5,EOD,959,NQc19,1.1,2026,"(0.8, 2.0)"
2026-07-16,2026,A,1,610,"(0.8, 2.0)",450.84285714285716,1127.107142857143,563.5535714285714,-262.5,EOD,959,NQc19,1.1,2026,"(0.8, 2.0)"
2026-07-20,2026,A,-1,635,"(0.8, 2.0)",454.70000000000005,1136.75,568.375,217.0,EOD,959,NQc19,1.1,2026,"(0.8, 2.0)"
2026-07-21,2026,A,-1,585,"(0.8, 2.0)",446.78571428571433,1116.9642857142858,558.4821428571429,-166.25,EOD,959,NQc19,1.1,2026,"(0.8, 2.0)"
2026-07-24,2026,A,1,675,"(0.8, 2.0)",430.6857142857143,1076.7142857142858,538.3571428571429,-210.0,EOD,959,NQc19,1.1,2026,"(0.8, 2.0)"
2026-07-27,2026,A,1,920,"(0.8, 2.0)",436.4285714285715,1091.0714285714287,545.5357142857143,-22.75,EOD,959,NQc19,1.1,2026,"(0.8, 2.0)"
2026-07-28,2026,A,1,840,"(0.8, 2.0)",432.7142857142857,1081.7857142857142,540.8928571428571,-54.0,EOD,959,NQc19,1.1,2026,"(0.8, 2.0)"
2026-07-30,2026,A,-1,610,"(0.8, 2.0)",453.78571428571433,1134.4642857142858,567.2321428571429,-142.75,EOD,959,NQc19,1.1,2026,"(0.8, 2.0)"
2026-07-31,2026,A,-1,675,"(0.8, 2.0)",485.78571428571433,1214.4642857142858,607.2321428571429,-133.5,EOD,959,NQc19,1.1,2026,"(0.8, 2.0)"
2026-08-03,2026,A,-1,640,"(0.8, 2.0)",485.88571428571436,1214.7142857142858,607.3571428571429,-185.25,EOD,959,NQc19,1.1,2026,"(0.8, 2.0)"
2026-08-06,2026,A,1,620,"(0.8, 2.0)",517.6285714285715,1294.0714285714287,647.0357142857143,-144.0,EOD,959,NQc19,1.1,2026,"(0.8, 2.0)"
2026-08-07,2026,A,-1,605,"(0.8, 2.0)",496.84285714285716,1242.107142857143,621.0535714285714,-214.0,EOD,959,NQc19,1.1,2026,"(0.8, 2.0)"
2026-08-10,2026,A,-1,625,"(0.8, 2.0)",493.14285714285717,1232.857142857143,616.4285714285714,93.75,EOD,959,NQc19,1.1,2026,"(0.8, 2.0)"
2026-08-11,2026,A,1,585,"(0.8, 2.0)",470.38571428571436,1175.9642857142858,587.9821428571429,-87.25,EOD,959,NQc19,1.1,2026,"(0.8, 2.0)"
2026-08-12,2026,A,-1,700,"(0.8, 2.0)",473.6285714285715,1184.0714285714287,592.0357142857143,-20.25,EOD,959,NQc19,1.1,2026,"(0.8, 2.0)"
2026-08-14,2026,A,-1,590,"(0.8, 2.0)",453.01428571428573,1132.5357142857142,566.2678571428571,93.5,EOD,959,NQc19,1.1,2026,"(0.8, 2.0)"
2026-08-17,2026,A,-1,670,"(0.8, 2.0)",428.7428571428572,1071.857142857143,535.9285714285714,167.75,EOD,959,NQc19,1.1,2026,"(0.8, 2.0)"
2026-08-19,2026,A,1,855,"(0.8, 2.0)",396.0428571428572,990.1071428571429,495.05357142857144,2.0,EOD,959,NQc19,1.1,2026,"(0.8, 2.0)"
2026-08-20,2026,A,1,590,"(0.8, 2.0)",362.0,905.0,452.5,-77.75,EOD,959,NQc19,1.1,2026,"(0.8, 2.0)"
2026-08-25,2026,A,-1,625,"(0.8, 2.0)",286.85714285714283,717.1428571428571,358.57142857142856,-41.0,EOD,959,NQc19,1.1,2026,"(0.8, 2.0)"
2026-08-28,2026,A,-1,605,"(0.8, 2.0)",266.5571428571429,666.3928571428571,333.19642857142856,132.5,EOD,959,NQc19,1.1,2026,"(0.8, 2.0)"
2026-08-31,2026,A,1,590,"(0.8, 2.0)",277.64285714285717,694.1071428571429,347.05357142857144,67.0,EOD,959,NQc19,1.1,2026,"(0.8, 2.0)"
2026-09-04,2026,A,-1,645,"(0.8, 2.0)",273.68571428571425,684.2142857142857,342.10714285714283,-35.25,EOD,959,NQc19,1.1,2026,"(0.8, 2.0)"
2026-09-08,2026,A,1,895,"(0.8, 2.0)",245.51428571428573,613.7857142857143,306.89285714285717,-31.75,EOD,959,NQc19,1.1,2026,"(0.8, 2.0)"
2026-09-09,2026,A,1,680,"(0.8, 2.0)",239.5,598.75,299.375,10.25,EOD,959,NQc19,1.1,2026,"(0.8, 2.0)"
2026-09-25,2026,A,-1,660,"(0.8, 2.0)",245.12857142857143,612.8214285714286,306.4107142857143,-68.5,EOD,959,NQc20,1.1,2026,"(0.8, 2.0)"
2026-10-01,2026,A,1,610,"(0.8, 2.0)",247.10000000000002,617.75,308.875,68.0,EOD,959,NQc20,1.1,2026,"(0.8, 2.0)"
