fecha,anio,bloque,dir,fin,combo,sl,tp,atr,pnl,motivo,salida,sym,costo,fold,elegido
2019-01-02,2019,A,1,640,"(1.0, 1.5)",68.28571428571429,102.42857142857144,68.28571428571429,26.0,EOD,959,ESH9,0.84,2019,"(1.0, 1.5)"
2019-01-03,2019,A,1,685,"(1.0, 1.5)",68.23214285714286,102.34821428571429,68.23214285714286,-20.75,EOD,959,ESH9,0.84,2019,"(1.0, 1.5)"
2019-01-04,2019,A,-1,585,"(1.0, 1.5)",69.58928571428571,104.38392857142856,69.58928571428571,-41.0,EOD,959,ESH9,0.84,2019,"(1.0, 1.5)"
2019-01-07,2019,A,-1,605,"(1.0, 1.5)",73.67857142857143,110.51785714285714,73.67857142857143,-11.75,EOD,959,ESH9,0.84,2019,"(1.0, 1.5)"
2019-01-10,2019,A,1,625,"(1.0, 1.5)",68.66071428571429,102.99107142857144,68.66071428571429,22.0,EOD,959,ESH9,0.84,2019,"(1.0, 1.5)"
2019-01-14,2019,A,1,605,"(1.0, 1.5)",60.339285714285715,90.50892857142857,60.339285714285715,-0.5,EOD,959,ESH9,0.84,2019,"(1.0, 1.5)"
2019-01-17,2019,A,1,590,"(1.0, 1.5)",44.19642857142857,66.29464285714286,44.19642857142857,23.25,EOD,959,ESH9,0.84,2019,"(1.0, 1.5)"
2019-01-23,2019,A,1,720,"(1.0, 1.5)",38.25,57.375,38.25,20.5,EOD,959,ESH9,0.84,2019,"(1.0, 1.5)"
2019-01-29,2019,A,-1,585,"(1.0, 1.5)",31.053571428571427,46.58035714285714,31.053571428571427,3.75,EOD,959,ESH9,0.84,2019,"(1.0, 1.5)"
2019-02-01,2019,A,-1,585,"(1.0, 1.5)",32.410714285714285,48.61607142857143,32.410714285714285,2.0,EOD,959,ESH9,0.84,2019,"(1.0, 1.5)"
2019-02-08,2019,A,1,630,"(1.0, 1.5)",30.160714285714285,45.24107142857143,30.160714285714285,19.5,EOD,959,ESH9,0.84,2019,"(1.0, 1.5)"
2019-02-11,2019,A,-1,700,"(1.0, 1.5)",31.035714285714285,46.55357142857143,31.035714285714285,-1.75,EOD,959,ESH9,0.84,2019,"(1.0, 1.5)"
2019-02-19,2019,A,1,605,"(1.0, 1.5)",26.214285714285715,39.32142857142857,26.214285714285715,5.0,EOD,959,ESH9,0.84,2019,"(1.0, 1.5)"
2019-02-20,2019,A,-1,850,"(1.0, 1.5)",24.107142857142858,36.160714285714285,24.107142857142858,-2.25,EOD,959,ESH9,0.84,2019,"(1.0, 1.5)"
2019-02-21,2019,A,1,665,"(1.0, 1.5)",23.071428571428573,34.60714285714286,23.071428571428573,0.5,EOD,959,ESH9,0.84,2019,"(1.0, 1.5)"
2019-02-22,2019,A,-1,585,"(1.0, 1.5)",23.160714285714285,34.74107142857143,23.160714285714285,-11.25,EOD,959,ESH9,0.84,2019,"(1.0, 1.5)"
2019-02-26,2019,A,1,670,"(1.0, 1.5)",23.053571428571427,34.58035714285714,23.053571428571427,-1.5,EOD,959,ESH9,0.84,2019,"(1.0, 1.5)"
2019-03-01,2019,A,-1,685,"(1.0, 1.5)",20.196428571428573,30.29464285714286,20.196428571428573,-12.0,EOD,959,ESH9,0.84,2019,"(1.0, 1.5)"
2019-03-04,2019,A,1,870,"(1.0, 1.5)",20.803571428571427,31.20535714285714,20.803571428571427,5.25,EOD,959,ESH9,0.84,2019,"(1.0, 1.5)"
2019-03-06,2019,A,1,600,"(1.0, 1.5)",21.285714285714285,31.928571428571427,21.285714285714285,-12.5,EOD,959,ESH9,0.84,2019,"(1.0, 1.5)"
2019-03-18,2019,A,-1,845,"(1.0, 1.5)",24.125,36.1875,24.125,-3.25,EOD,959,ESM9,0.84,2019,"(1.0, 1.5)"
2019-03-21,2019,A,-1,665,"(1.0, 1.5)",26.160714285714285,39.24107142857143,26.160714285714285,-12.25,EOD,959,ESM9,0.84,2019,"(1.0, 1.5)"
2019-03-22,2019,A,1,885,"(1.0, 1.5)",27.803571428571427,41.70535714285714,27.803571428571427,-16.0,EOD,959,ESM9,0.84,2019,"(1.0, 1.5)"
2019-03-25,2019,A,1,670,"(1.0, 1.5)",28.178571428571427,42.26785714285714,28.178571428571427,-3.5,EOD,959,ESM9,0.84,2019,"(1.0, 1.5)"
2019-03-26,2019,A,-1,890,"(1.0, 1.5)",29.053571428571427,43.58035714285714,29.053571428571427,-8.25,EOD,959,ESM9,0.84,2019,"(1.0, 1.5)"
2019-03-27,2019,A,1,675,"(1.0, 1.5)",29.714285714285715,44.57142857142857,29.714285714285715,1.25,EOD,959,ESM9,0.84,2019,"(1.0, 1.5)"
2019-04-08,2019,A,1,610,"(1.0, 1.5)",28.446428571428573,42.66964285714286,28.446428571428573,11.0,EOD,959,ESM9,0.84,2019,"(1.0, 1.5)"
2019-04-09,2019,A,1,610,"(1.0, 1.5)",27.428571428571427,41.14285714285714,27.428571428571427,-1.25,EOD,959,ESM9,0.84,2019,"(1.0, 1.5)"
2019-04-10,2019,A,-1,845,"(1.0, 1.5)",26.678571428571427,40.01785714285714,26.678571428571427,-4.25,EOD,959,ESM9,0.84,2019,"(1.0, 1.5)"
2019-04-11,2019,A,-1,595,"(1.0, 1.5)",24.160714285714285,36.24107142857143,24.160714285714285,1.0,EOD,959,ESM9,0.84,2019,"(1.0, 1.5)"
2019-04-15,2019,A,1,655,"(1.0, 1.5)",20.892857142857142,31.339285714285715,20.892857142857142,6.0,EOD,959,ESM9,0.84,2019,"(1.0, 1.5)"
2019-04-16,2019,A,-1,660,"(1.0, 1.5)",19.571428571428573,29.35714285714286,19.571428571428573,1.0,EOD,959,ESM9,0.84,2019,"(1.0, 1.5)"
2019-04-17,2019,A,1,700,"(1.0, 1.5)",17.910714285714285,26.866071428571427,17.910714285714285,-1.5,EOD,959,ESM9,0.84,2019,"(1.0, 1.5)"
2019-04-18,2019,A,1,650,"(1.0, 1.5)",18.142857142857142,27.214285714285715,18.142857142857142,8.0,EOD,959,ESM9,0.84,2019,"(1.0, 1.5)"
2019-05-02,2019,A,1,670,"(1.0, 1.5)",19.196428571428573,28.79464285714286,19.196428571428573,-19.19642857142844,SL,704,ESM9,0.84,2019,"(1.0, 1.5)"
2019-05-03,2019,A,-1,625,"(1.0, 1.5)",20.517857142857142,30.776785714285715,20.517857142857142,-13.25,EOD,959,ESM9,0.84,2019,"(1.0, 1.5)"
2019-05-07,2019,A,1,605,"(1.0, 1.5)",23.839285714285715,35.75892857142857,23.839285714285715,-23.83928571428578,SL,871,ESM9,0.84,2019,"(1.0, 1.5)"
2019-05-09,2019,A,1,880,"(1.0, 1.5)",27.892857142857142,41.839285714285715,27.892857142857142,-2.25,EOD,959,ESM9,0.84,2019,"(1.0, 1.5)"
2019-05-10,2019,A,-1,895,"(1.0, 1.5)",29.857142857142858,44.785714285714285,29.857142857142858,-8.5,EOD,959,ESM9,0.84,2019,"(1.0, 1.5)"
2019-05-14,2019,A,-1,630,"(1.0, 1.5)",37.5,56.25,37.5,1.25,EOD,959,ESM9,0.84,2019,"(1.0, 1.5)"
2019-05-15,2019,A,1,590,"(1.0, 1.5)",39.642857142857146,59.46428571428572,39.642857142857146,29.5,EOD,959,ESM9,0.84,2019,"(1.0, 1.5)"
2019-05-20,2019,A,1,660,"(1.0, 1.5)",44.357142857142854,66.53571428571428,44.357142857142854,-11.75,EOD,959,ESM9,0.84,2019,"(1.0, 1.5)"
2019-05-22,2019,A,1,595,"(1.0, 1.5)",44.5,66.75,44.5,-2.25,EOD,959,ESM9,0.84,2019,"(1.0, 1.5)"
2019-05-24,2019,A,-1,635,"(1.0, 1.5)",44.910714285714285,67.36607142857143,44.910714285714285,3.5,EOD,959,ESM9,0.84,2019,"(1.0, 1.5)"
2019-05-28,2019,A,1,645,"(1.0, 1.5)",37.964285714285715,56.94642857142857,37.964285714285715,-27.25,EOD,959,ESM9,0.84,2019,"(1.0, 1.5)"
2019-06-05,2019,A,-1,655,"(1.0, 1.5)",32.875,49.3125,32.875,-22.75,EOD,959,ESM9,0.84,2019,"(1.0, 1.5)"
2019-06-11,2019,A,-1,590,"(1.0, 1.5)",32.625,48.9375,32.625,18.0,EOD,959,ESM9,0.84,2019,"(1.0, 1.5)"
2019-06-12,2019,A,1,630,"(1.0, 1.5)",33.785714285714285,50.67857142857143,33.785714285714285,1.0,EOD,959,ESM9,0.84,2019,"(1.0, 1.5)"
2019-06-13,2019,A,-1,715,"(1.0, 1.5)",31.125,46.6875,31.125,-4.25,EOD,959,ESM9,0.84,2019,"(1.0, 1.5)"
2019-06-14,2019,A,1,590,"(1.0, 1.5)",30.732142857142858,46.098214285714285,30.732142857142858,4.25,EOD,959,ESM9,0.84,2019,"(1.0, 1.5)"
2019-06-24,2019,A,1,840,"(1.0, 1.5)",28.089285714285715,42.13392857142857,28.089285714285715,-1.75,EOD,959,ESU9,0.84,2019,"(1.0, 1.5)"
2019-06-26,2019,A,1,900,"(1.0, 1.5)",24.821428571428573,37.23214285714286,24.821428571428573,-2.25,EOD,959,ESU9,0.84,2019,"(1.0, 1.5)"
2019-07-09,2019,A,1,620,"(1.0, 1.5)",21.857142857142858,32.785714285714285,21.857142857142858,9.25,EOD,959,ESU9,0.84,2019,"(1.0, 1.5)"
2019-07-15,2019,A,-1,625,"(1.0, 1.5)",21.160714285714285,31.741071428571427,21.160714285714285,-0.5,EOD,959,ESU9,0.84,2019,"(1.0, 1.5)"
2019-07-17,2019,A,1,590,"(1.0, 1.5)",19.178571428571427,28.76785714285714,19.178571428571427,-18.0,EOD,959,ESU9,0.84,2019,"(1.0, 1.5)"
2019-07-18,2019,A,1,645,"(1.0, 1.5)",19.714285714285715,29.571428571428573,19.714285714285715,9.0,EOD,959,ESU9,0.84,2019,"(1.0, 1.5)"
2019-07-23,2019,A,-1,705,"(1.0, 1.5)",19.375,29.0625,19.375,-14.5,EOD,959,ESU9,0.84,2019,"(1.0, 1.5)"
2019-07-24,2019,A,-1,595,"(1.0, 1.5)",19.071428571428573,28.60714285714286,19.071428571428573,-13.5,EOD,959,ESU9,0.84,2019,"(1.0, 1.5)"
2019-07-26,2019,A,-1,590,"(1.0, 1.5)",20.0,30.0,20.0,-9.5,EOD,959,ESU9,0.84,2019,"(1.0, 1.5)"
2019-07-30,2019,A,1,890,"(1.0, 1.5)",19.410714285714285,29.116071428571427,19.410714285714285,-1.0,EOD,959,ESU9,0.84,2019,"(1.0, 1.5)"
2019-08-01,2019,A,1,840,"(1.0, 1.5)",22.464285714285715,33.69642857142857,22.464285714285715,-22.46428571428578,SL,883,ESU9,0.84,2019,"(1.0, 1.5)"
2019-08-07,2019,A,1,630,"(1.0, 1.5)",36.839285714285715,55.25892857142857,36.839285714285715,35.0,EOD,959,ESU9,0.84,2019,"(1.0, 1.5)"
2019-08-12,2019,A,1,655,"(1.0, 1.5)",43.357142857142854,65.03571428571428,43.357142857142854,-17.25,EOD,959,ESU9,0.84,2019,"(1.0, 1.5)"
2019-08-14,2019,A,1,605,"(1.0, 1.5)",48.410714285714285,72.61607142857143,48.410714285714285,-35.75,EOD,959,ESU9,0.84,2019,"(1.0, 1.5)"
2019-08-15,2019,A,1,585,"(1.0, 1.5)",53.017857142857146,79.52678571428572,53.017857142857146,4.5,EOD,959,ESU9,0.84,2019,"(1.0, 1.5)"
2019-08-20,2019,A,1,710,"(1.0, 1.5)",57.857142857142854,86.78571428571428,57.857142857142854,-15.5,EOD,959,ESU9,0.84,2019,"(1.0, 1.5)"
2019-08-21,2019,A,-1,615,"(1.0, 1.5)",55.267857142857146,82.90178571428572,55.267857142857146,-2.0,EOD,959,ESU9,0.84,2019,"(1.0, 1.5)"
2019-08-22,2019,A,-1,890,"(1.0, 1.5)",52.32142857142857,78.48214285714286,52.32142857142857,4.75,EOD,959,ESU9,0.84,2019,"(1.0, 1.5)"
2019-08-23,2019,A,1,595,"(1.0, 1.5)",51.964285714285715,77.94642857142857,51.964285714285715,-51.96428571428578,SL,887,ESU9,0.84,2019,"(1.0, 1.5)"
2019-08-27,2019,A,-1,700,"(1.0, 1.5)",50.17857142857143,75.26785714285714,50.17857142857143,11.5,EOD,959,ESU9,0.84,2019,"(1.0, 1.5)"
2019-08-28,2019,A,1,585,"(1.0, 1.5)",48.125,72.1875,48.125,26.0,EOD,959,ESU9,0.84,2019,"(1.0, 1.5)"
2019-09-09,2019,A,-1,670,"(1.0, 1.5)",36.839285714285715,55.25892857142857,36.839285714285715,5.75,EOD,959,ESU9,0.84,2019,"(1.0, 1.5)"
2019-09-24,2019,A,-1,650,"(1.0, 1.5)",23.5,35.25,23.5,35.25,TP,761,ESZ9,0.84,2019,"(1.0, 1.5)"
2019-09-25,2019,A,1,605,"(1.0, 1.5)",24.785714285714285,37.17857142857143,24.785714285714285,24.5,EOD,959,ESZ9,0.84,2019,"(1.0, 1.5)"
2019-09-27,2019,A,1,700,"(1.0, 1.5)",24.821428571428573,37.23214285714286,24.821428571428573,-7.75,EOD,959,ESZ9,0.84,2019,"(1.0, 1.5)"
2019-10-01,2019,A,1,630,"(1.0, 1.5)",26.410714285714285,39.61607142857143,26.410714285714285,-26.41071428571422,SL,791,ESZ9,0.84,2019,"(1.0, 1.5)"
2019-10-03,2019,A,1,660,"(1.0, 1.5)",31.732142857142858,47.598214285714285,31.732142857142858,30.5,EOD,959,ESZ9,0.84,2019,"(1.0, 1.5)"
2019-10-07,2019,A,-1,700,"(1.0, 1.5)",36.517857142857146,54.77678571428572,36.517857142857146,14.25,EOD,959,ESZ9,0.84,2019,"(1.0, 1.5)"
2019-10-14,2019,A,1,610,"(1.0, 1.5)",42.625,63.9375,42.625,-5.75,EOD,959,ESZ9,0.84,2019,"(1.0, 1.5)"
2019-10-17,2019,A,-1,665,"(1.0, 1.5)",38.92857142857143,58.392857142857146,38.92857142857143,-2.0,EOD,959,ESZ9,0.84,2019,"(1.0, 1.5)"
2019-10-21,2019,A,-1,590,"(1.0, 1.5)",37.214285714285715,55.82142857142857,37.214285714285715,-8.5,EOD,959,ESZ9,0.84,2019,"(1.0, 1.5)"
2019-10-22,2019,A,-1,880,"(1.0, 1.5)",34.857142857142854,52.28571428571428,34.857142857142854,11.5,EOD,959,ESZ9,0.84,2019,"(1.0, 1.5)"
2019-10-23,2019,A,1,620,"(1.0, 1.5)",31.517857142857142,47.276785714285715,31.517857142857142,8.25,EOD,959,ESZ9,0.84,2019,"(1.0, 1.5)"
2019-10-24,2019,A,-1,605,"(1.0, 1.5)",28.553571428571427,42.83035714285714,28.553571428571427,-7.75,EOD,959,ESZ9,0.84,2019,"(1.0, 1.5)"
2019-10-29,2019,A,-1,645,"(1.0, 1.5)",24.910714285714285,37.36607142857143,24.910714285714285,6.75,EOD,959,ESZ9,0.84,2019,"(1.0, 1.5)"
2019-10-31,2019,A,1,645,"(1.0, 1.5)",22.732142857142858,34.098214285714285,22.732142857142858,10.75,EOD,959,ESZ9,0.84,2019,"(1.0, 1.5)"
2019-11-05,2019,A,1,615,"(1.0, 1.5)",20.464285714285715,30.696428571428573,20.464285714285715,-0.5,EOD,959,ESZ9,0.84,2019,"(1.0, 1.5)"
2019-11-06,2019,A,1,585,"(1.0, 1.5)",20.428571428571427,30.64285714285714,20.428571428571427,3.25,EOD,959,ESZ9,0.84,2019,"(1.0, 1.5)"
2019-11-08,2019,A,1,615,"(1.0, 1.5)",20.107142857142858,30.160714285714285,20.107142857142858,12.25,EOD,959,ESZ9,0.84,2019,"(1.0, 1.5)"
2019-11-12,2019,A,-1,915,"(1.0, 1.5)",19.732142857142858,29.598214285714285,19.732142857142858,-5.0,EOD,959,ESZ9,0.84,2019,"(1.0, 1.5)"
2019-11-13,2019,A,1,585,"(1.0, 1.5)",20.035714285714285,30.053571428571427,20.035714285714285,9.25,EOD,959,ESZ9,0.84,2019,"(1.0, 1.5)"
2019-11-18,2019,A,-1,675,"(1.0, 1.5)",19.607142857142858,29.410714285714285,19.607142857142858,-5.25,EOD,959,ESZ9,0.84,2019,"(1.0, 1.5)"
2019-11-19,2019,A,-1,590,"(1.0, 1.5)",19.5,29.25,19.5,3.5,EOD,959,ESZ9,0.84,2019,"(1.0, 1.5)"
2019-11-20,2019,A,1,630,"(1.0, 1.5)",18.75,28.125,18.75,-18.75,SL,790,ESZ9,0.84,2019,"(1.0, 1.5)"
2019-11-22,2019,A,-1,585,"(1.0, 1.5)",18.125,27.1875,18.125,-2.25,EOD,959,ESZ9,0.84,2019,"(1.0, 1.5)"
2019-11-26,2019,A,-1,585,"(1.0, 1.5)",18.642857142857142,27.964285714285715,18.642857142857142,-7.5,EOD,959,ESZ9,0.84,2019,"(1.0, 1.5)"
2019-12-09,2019,A,1,860,"(1.0, 1.5)",21.232142857142858,31.848214285714285,21.232142857142858,-2.25,EOD,959,ESZ9,0.84,2019,"(1.0, 1.5)"
2019-12-10,2019,A,1,665,"(1.0, 1.5)",21.142857142857142,31.714285714285715,21.142857142857142,-3.75,EOD,959,ESZ9,0.84,2019,"(1.0, 1.5)"
2019-12-13,2019,A,-1,615,"(1.0, 1.5)",21.785714285714285,32.67857142857143,21.785714285714285,4.0,EOD,959,ESZ9,0.84,2019,"(1.0, 1.5)"
2019-12-19,2019,A,-1,670,"(1.0, 1.5)",23.017857142857142,34.526785714285715,23.017857142857142,-7.5,EOD,959,ESH0,0.84,2019,"(1.0, 1.5)"
2019-12-23,2019,A,-1,670,"(1.0, 1.5)",22.142857142857142,33.214285714285715,22.142857142857142,2.75,EOD,959,ESH0,0.84,2019,"(1.0, 1.5)"
2019-12-27,2019,A,-1,635,"(1.0, 1.5)",17.928571428571427,26.89285714285714,17.928571428571427,0.75,EOD,959,ESH0,0.84,2019,"(1.0, 1.5)"
2019-12-31,2019,A,1,665,"(1.0, 1.5)",17.517857142857142,26.276785714285715,17.517857142857142,11.75,EOD,959,ESH0,0.84,2019,"(1.0, 1.5)"
2020-01-03,2020,A,1,585,"(1.0, 1.5)",18.892857142857142,28.339285714285715,18.892857142857142,-4.5,EOD,959,ESH0,0.965,2020,"(1.0, 1.5)"
2020-01-08,2020,A,-1,585,"(1.0, 1.5)",18.267857142857142,27.401785714285715,18.267857142857142,-18.267857142857338,SL,901,ESH0,0.965,2020,"(1.0, 1.5)"
2020-01-10,2020,A,-1,585,"(1.0, 1.5)",21.0,31.5,21.0,10.75,EOD,959,ESH0,0.965,2020,"(1.0, 1.5)"
2020-01-13,2020,A,-1,920,"(1.0, 1.5)",21.625,32.4375,21.625,-5.0,EOD,959,ESH0,0.965,2020,"(1.0, 1.5)"
2020-01-14,2020,A,-1,890,"(1.0, 1.5)",21.892857142857142,32.839285714285715,21.892857142857142,4.75,EOD,959,ESH0,0.965,2020,"(1.0, 1.5)"
2020-01-15,2020,A,-1,600,"(1.0, 1.5)",22.678571428571427,34.01785714285714,22.678571428571427,3.75,EOD,959,ESH0,0.965,2020,"(1.0, 1.5)"
2020-01-21,2020,A,1,590,"(1.0, 1.5)",22.785714285714285,34.17857142857143,22.785714285714285,0.0,EOD,959,ESH0,0.965,2020,"(1.0, 1.5)"
2020-01-22,2020,A,-1,700,"(1.0, 1.5)",22.375,33.5625,22.375,8.0,EOD,959,ESH0,0.965,2020,"(1.0, 1.5)"
2020-01-23,2020,A,1,850,"(1.0, 1.5)",21.589285714285715,32.38392857142857,21.589285714285715,4.75,EOD,959,ESH0,0.965,2020,"(1.0, 1.5)"
2020-01-24,2020,A,-1,595,"(1.0, 1.5)",20.732142857142858,31.098214285714285,20.732142857142858,31.09821428571422,TP,739,ESH0,0.965,2020,"(1.0, 1.5)"
2020-01-28,2020,A,-1,595,"(1.0, 1.5)",25.339285714285715,38.00892857142857,25.339285714285715,-25.33928571428578,SL,854,ESH0,0.965,2020,"(1.0, 1.5)"
2020-01-30,2020,A,1,925,"(1.0, 1.5)",26.160714285714285,39.24107142857143,26.160714285714285,11.25,EOD,959,ESH0,0.965,2020,"(1.0, 1.5)"
2020-01-31,2020,A,1,680,"(1.0, 1.5)",27.678571428571427,41.51785714285714,27.678571428571427,-27.67857142857156,SL,940,ESH0,0.965,2020,"(1.0, 1.5)"
2020-02-06,2020,A,-1,585,"(1.0, 1.5)",36.80357142857143,55.205357142857146,36.80357142857143,-9.0,EOD,959,ESH0,0.965,2020,"(1.0, 1.5)"
2020-02-07,2020,A,1,630,"(1.0, 1.5)",36.875,55.3125,36.875,-7.25,EOD,959,ESH0,0.965,2020,"(1.0, 1.5)"
2020-02-10,2020,A,-1,640,"(1.0, 1.5)",38.0,57.0,38.0,-10.5,EOD,959,ESH0,0.965,2020,"(1.0, 1.5)"
2020-02-12,2020,A,-1,585,"(1.0, 1.5)",39.910714285714285,59.86607142857143,39.910714285714285,-4.5,EOD,959,ESH0,0.965,2020,"(1.0, 1.5)"
2020-02-13,2020,A,-1,885,"(1.0, 1.5)",39.785714285714285,59.67857142857143,39.785714285714285,5.75,EOD,959,ESH0,0.965,2020,"(1.0, 1.5)"
2020-02-26,2020,A,1,850,"(1.0, 1.5)",41.07142857142857,61.607142857142854,41.07142857142857,-2.0,EOD,959,ESH0,0.965,2020,"(1.0, 1.5)"
2020-03-05,2020,A,1,840,"(1.0, 1.5)",86.21428571428571,129.32142857142856,86.21428571428571,-10.5,EOD,959,ESH0,0.965,2020,"(1.0, 1.5)"
2020-03-10,2020,A,-1,620,"(1.0, 1.5)",118.42857142857143,177.64285714285714,118.42857142857143,-49.0,EOD,959,ESH0,0.965,2020,"(1.0, 1.5)"
2020-03-11,2020,A,1,895,"(1.0, 1.5)",127.69642857142857,191.54464285714286,127.69642857142857,5.25,EOD,959,ESH0,0.965,2020,"(1.0, 1.5)"
2020-03-19,2020,A,-1,700,"(1.0, 1.5)",194.01785714285714,291.0267857142857,194.01785714285714,27.75,EOD,959,ESM0,0.965,2020,"(1.0, 1.5)"
2020-03-25,2020,A,-1,600,"(1.0, 1.5)",200.03571428571428,300.05357142857144,200.03571428571428,-46.0,EOD,959,ESM0,0.965,2020,"(1.0, 1.5)"
2020-03-26,2020,A,-1,625,"(1.0, 1.5)",202.66071428571428,303.99107142857144,202.66071428571428,-49.5,EOD,959,ESM0,0.965,2020,"(1.0, 1.5)"
2020-03-30,2020,A,-1,895,"(1.0, 1.5)",194.35714285714286,291.5357142857143,194.35714285714286,-12.0,EOD,959,ESM0,0.965,2020,"(1.0, 1.5)"
2020-03-31,2020,A,-1,630,"(1.0, 1.5)",189.80357142857142,284.7053571428571,189.80357142857142,43.75,EOD,959,ESM0,0.965,2020,"(1.0, 1.5)"
2020-04-02,2020,A,-1,645,"(1.0, 1.5)",172.44642857142858,258.6696428571429,172.44642857142858,-12.25,EOD,959,ESM0,0.965,2020,"(1.0, 1.5)"
2020-04-03,2020,A,-1,590,"(1.0, 1.5)",161.26785714285714,241.90178571428572,161.26785714285714,37.75,EOD,959,ESM0,0.965,2020,"(1.0, 1.5)"
2020-04-07,2020,A,-1,900,"(1.0, 1.5)",142.42857142857142,213.6428571428571,142.42857142857142,15.75,EOD,959,ESM0,0.965,2020,"(1.0, 1.5)"
2020-04-16,2020,A,-1,690,"(1.0, 1.5)",102.64285714285714,153.96428571428572,102.64285714285714,-2.25,EOD,959,ESM0,0.965,2020,"(1.0, 1.5)"
2020-04-22,2020,A,-1,590,"(1.0, 1.5)",92.03571428571429,138.05357142857144,92.03571428571429,-19.5,EOD,959,ESM0,0.965,2020,"(1.0, 1.5)"
2020-04-23,2020,A,-1,910,"(1.0, 1.5)",88.0,132.0,88.0,18.0,EOD,959,ESM0,0.965,2020,"(1.0, 1.5)"
2020-04-24,2020,A,1,675,"(1.0, 1.5)",85.85714285714286,128.78571428571428,85.85714285714286,42.0,EOD,959,ESM0,0.965,2020,"(1.0, 1.5)"
2020-04-30,2020,A,1,595,"(1.0, 1.5)",70.28571428571429,105.42857142857144,70.28571428571429,-5.5,EOD,959,ESM0,0.965,2020,"(1.0, 1.5)"
2020-05-04,2020,A,1,700,"(1.0, 1.5)",70.0,105.0,70.0,19.75,EOD,959,ESM0,0.965,2020,"(1.0, 1.5)"
2020-05-06,2020,A,1,620,"(1.0, 1.5)",64.66071428571429,96.99107142857144,64.66071428571429,-15.75,EOD,959,ESM0,0.965,2020,"(1.0, 1.5)"
2020-05-07,2020,A,-1,590,"(1.0, 1.5)",64.73214285714286,97.09821428571429,64.73214285714286,6.25,EOD,959,ESM0,0.965,2020,"(1.0, 1.5)"
2020-05-11,2020,A,-1,870,"(1.0, 1.5)",62.660714285714285,93.99107142857143,62.660714285714285,3.5,EOD,959,ESM0,0.965,2020,"(1.0, 1.5)"
2020-05-14,2020,A,1,645,"(1.0, 1.5)",60.714285714285715,91.07142857142857,60.714285714285715,60.25,EOD,959,ESM0,0.965,2020,"(1.0, 1.5)"
2020-05-20,2020,A,-1,860,"(1.0, 1.5)",62.732142857142854,94.09821428571428,62.732142857142854,-8.75,EOD,959,ESM0,0.965,2020,"(1.0, 1.5)"
2020-05-21,2020,A,1,645,"(1.0, 1.5)",63.660714285714285,95.49107142857143,63.660714285714285,-12.25,EOD,959,ESM0,0.965,2020,"(1.0, 1.5)"
2020-05-22,2020,A,1,590,"(1.0, 1.5)",60.125,90.1875,60.125,13.25,EOD,959,ESM0,0.965,2020,"(1.0, 1.5)"
2020-05-27,2020,A,1,690,"(1.0, 1.5)",56.67857142857143,85.01785714285714,56.67857142857143,45.25,EOD,959,ESM0,0.965,2020,"(1.0, 1.5)"
2020-05-29,2020,A,1,585,"(1.0, 1.5)",57.07142857142857,85.60714285714286,57.07142857142857,17.75,EOD,959,ESM0,0.965,2020,"(1.0, 1.5)"
2020-06-01,2020,A,-1,615,"(1.0, 1.5)",57.982142857142854,86.97321428571428,57.982142857142854,-8.0,EOD,959,ESM0,0.965,2020,"(1.0, 1.5)"
2020-06-02,2020,A,-1,665,"(1.0, 1.5)",54.75,82.125,54.75,-22.25,EOD,959,ESM0,0.965,2020,"(1.0, 1.5)"
2020-06-08,2020,A,-1,680,"(1.0, 1.5)",47.32142857142857,70.98214285714286,47.32142857142857,-20.5,EOD,959,ESM0,0.965,2020,"(1.0, 1.5)"
2020-06-09,2020,A,1,605,"(1.0, 1.5)",47.25,70.875,47.25,10.0,EOD,959,ESM0,0.965,2020,"(1.0, 1.5)"
2020-06-12,2020,A,1,845,"(1.0, 1.5)",57.839285714285715,86.75892857142857,57.839285714285715,42.5,EOD,959,ESM0,0.965,2020,"(1.0, 1.5)"
2020-06-18,2020,A,1,590,"(1.0, 1.5)",69.01785714285714,103.52678571428571,69.01785714285714,2.5,EOD,959,ESU0,0.965,2020,"(1.0, 1.5)"
2020-06-22,2020,A,1,585,"(1.0, 1.5)",70.08928571428571,105.13392857142856,70.08928571428571,33.0,EOD,959,ESU0,0.965,2020,"(1.0, 1.5)"
2020-06-25,2020,A,1,595,"(1.0, 1.5)",74.44642857142857,111.66964285714286,74.44642857142857,47.75,EOD,959,ESU0,0.965,2020,"(1.0, 1.5)"
2020-06-26,2020,A,1,645,"(1.0, 1.5)",71.875,107.8125,71.875,-18.25,EOD,959,ESU0,0.965,2020,"(1.0, 1.5)"
2020-06-29,2020,A,1,585,"(1.0, 1.5)",74.60714285714286,111.91071428571429,74.60714285714286,50.75,EOD,959,ESU0,0.965,2020,"(1.0, 1.5)"
2020-07-01,2020,A,-1,595,"(1.0, 1.5)",77.35714285714286,116.03571428571429,77.35714285714286,-9.75,EOD,959,ESU0,0.965,2020,"(1.0, 1.5)"
2020-07-07,2020,A,1,585,"(1.0, 1.5)",52.732142857142854,79.09821428571428,52.732142857142854,-19.75,EOD,959,ESU0,0.965,2020,"(1.0, 1.5)"
2020-07-08,2020,A,1,690,"(1.0, 1.5)",53.160714285714285,79.74107142857143,53.160714285714285,26.75,EOD,959,ESU0,0.965,2020,"(1.0, 1.5)"
2020-07-09,2020,A,-1,605,"(1.0, 1.5)",53.732142857142854,80.59821428571428,53.732142857142854,18.0,EOD,959,ESU0,0.965,2020,"(1.0, 1.5)"
2020-07-16,2020,A,1,610,"(1.0, 1.5)",53.517857142857146,80.27678571428572,53.517857142857146,12.5,EOD,959,ESU0,0.965,2020,"(1.0, 1.5)"
2020-07-20,2020,A,-1,660,"(1.0, 1.5)",47.910714285714285,71.86607142857143,47.910714285714285,-18.25,EOD,959,ESU0,0.965,2020,"(1.0, 1.5)"
2020-07-21,2020,A,-1,930,"(1.0, 1.5)",46.589285714285715,69.88392857142857,46.589285714285715,0.5,EOD,959,ESU0,0.965,2020,"(1.0, 1.5)"
2020-07-24,2020,A,1,670,"(1.0, 1.5)",47.857142857142854,71.78571428571428,47.857142857142854,-7.5,EOD,959,ESU0,0.965,2020,"(1.0, 1.5)"
2020-07-27,2020,A,-1,690,"(1.0, 1.5)",46.30357142857143,69.45535714285714,46.30357142857143,-14.0,EOD,959,ESU0,0.965,2020,"(1.0, 1.5)"
2020-07-28,2020,A,-1,705,"(1.0, 1.5)",45.214285714285715,67.82142857142857,45.214285714285715,19.75,EOD,959,ESU0,0.965,2020,"(1.0, 1.5)"
2020-07-30,2020,A,1,695,"(1.0, 1.5)",43.25,64.875,43.25,14.0,EOD,959,ESU0,0.965,2020,"(1.0, 1.5)"
2020-07-31,2020,A,-1,920,"(1.0, 1.5)",43.535714285714285,65.30357142857143,43.535714285714285,-21.5,EOD,959,ESU0,0.965,2020,"(1.0, 1.5)"
2020-08-04,2020,A,-1,655,"(1.0, 1.5)",38.125,57.1875,38.125,-5.0,EOD,959,ESU0,0.965,2020,"(1.0, 1.5)"
2020-08-06,2020,A,-1,615,"(1.0, 1.5)",36.42857142857143,54.642857142857146,36.42857142857143,-20.25,EOD,959,ESU0,0.965,2020,"(1.0, 1.5)"
2020-08-07,2020,A,-1,660,"(1.0, 1.5)",36.767857142857146,55.15178571428572,36.767857142857146,-1.5,EOD,959,ESU0,0.965,2020,"(1.0, 1.5)"
2020-08-11,2020,A,-1,910,"(1.0, 1.5)",35.19642857142857,52.794642857142854,35.19642857142857,27.75,EOD,959,ESU0,0.965,2020,"(1.0, 1.5)"
2020-08-12,2020,A,-1,670,"(1.0, 1.5)",37.19642857142857,55.794642857142854,37.19642857142857,-1.75,EOD,959,ESU0,0.965,2020,"(1.0, 1.5)"
2020-08-18,2020,A,-1,610,"(1.0, 1.5)",34.482142857142854,51.72321428571428,34.482142857142854,-13.25,EOD,959,ESU0,0.965,2020,"(1.0, 1.5)"
2020-08-19,2020,A,-1,675,"(1.0, 1.5)",33.07142857142857,49.607142857142854,33.07142857142857,17.75,EOD,959,ESU0,0.965,2020,"(1.0, 1.5)"
2020-08-20,2020,A,1,610,"(1.0, 1.5)",31.285714285714285,46.92857142857143,31.285714285714285,14.75,EOD,959,ESU0,0.965,2020,"(1.0, 1.5)"
2020-08-25,2020,A,-1,610,"(1.0, 1.5)",30.357142857142858,45.535714285714285,30.357142857142858,-14.75,EOD,959,ESU0,0.965,2020,"(1.0, 1.5)"
2020-08-27,2020,A,-1,615,"(1.0, 1.5)",30.410714285714285,45.61607142857143,30.410714285714285,-4.5,EOD,959,ESU0,0.965,2020,"(1.0, 1.5)"
2020-08-28,2020,A,-1,890,"(1.0, 1.5)",31.053571428571427,46.58035714285714,31.053571428571427,-7.25,EOD,959,ESU0,0.965,2020,"(1.0, 1.5)"
2020-08-31,2020,A,-1,665,"(1.0, 1.5)",30.892857142857142,46.339285714285715,30.892857142857142,14.0,EOD,959,ESU0,0.965,2020,"(1.0, 1.5)"
2020-09-01,2020,A,-1,635,"(1.0, 1.5)",28.571428571428573,42.85714285714286,28.571428571428573,-13.5,EOD,959,ESU0,0.965,2020,"(1.0, 1.5)"
2020-09-10,2020,A,-1,610,"(1.0, 1.5)",56.642857142857146,84.96428571428572,56.642857142857146,84.96428571428578,TP,916,ESU0,0.965,2020,"(1.0, 1.5)"
2020-09-11,2020,A,1,865,"(1.0, 1.5)",62.035714285714285,93.05357142857143,62.035714285714285,12.25,EOD,959,ESU0,0.965,2020,"(1.0, 1.5)"
2020-09-22,2020,A,-1,695,"(1.0, 1.5)",77.76785714285714,116.65178571428571,77.76785714285714,-39.75,EOD,959,ESZ0,0.965,2020,"(1.0, 1.5)"
2020-09-23,2020,A,-1,595,"(1.0, 1.5)",76.96428571428571,115.44642857142856,76.96428571428571,73.5,EOD,959,ESZ0,0.965,2020,"(1.0, 1.5)"
2020-09-24,2020,A,1,600,"(1.0, 1.5)",72.64285714285714,108.96428571428571,72.64285714285714,13.5,EOD,959,ESZ0,0.965,2020,"(1.0, 1.5)"
2020-09-29,2020,A,1,705,"(1.0, 1.5)",69.66071428571429,104.49107142857144,69.66071428571429,1.25,EOD,959,ESZ0,0.965,2020,"(1.0, 1.5)"
2020-09-30,2020,A,-1,895,"(1.0, 1.5)",65.375,98.0625,65.375,-1.5,EOD,959,ESZ0,0.965,2020,"(1.0, 1.5)"
2020-10-01,2020,A,-1,585,"(1.0, 1.5)",62.67857142857143,94.01785714285714,62.67857142857143,8.0,EOD,959,ESZ0,0.965,2020,"(1.0, 1.5)"
2020-10-02,2020,A,1,635,"(1.0, 1.5)",61.107142857142854,91.66071428571428,61.107142857142854,-12.0,EOD,959,ESZ0,0.965,2020,"(1.0, 1.5)"
2020-10-06,2020,A,-1,650,"(1.0, 1.5)",62.607142857142854,93.91071428571428,62.607142857142854,49.5,EOD,959,ESZ0,0.965,2020,"(1.0, 1.5)"
2020-10-15,2020,A,1,920,"(1.0, 1.5)",54.32142857142857,81.48214285714286,54.32142857142857,1.0,EOD,959,ESZ0,0.965,2020,"(1.0, 1.5)"
2020-10-19,2020,A,1,615,"(1.0, 1.5)",50.214285714285715,75.32142857142857,50.214285714285715,-50.21428571428578,SL,890,ESZ0,0.965,2020,"(1.0, 1.5)"
2020-10-21,2020,A,1,680,"(1.0, 1.5)",53.125,79.6875,53.125,-0.5,EOD,959,ESZ0,0.965,2020,"(1.0, 1.5)"
2020-10-22,2020,A,1,675,"(1.0, 1.5)",52.75,79.125,52.75,15.0,EOD,959,ESZ0,0.965,2020,"(1.0, 1.5)"
2020-10-23,2020,A,-1,605,"(1.0, 1.5)",51.857142857142854,77.78571428571428,51.857142857142854,-9.5,EOD,959,ESZ0,0.965,2020,"(1.0, 1.5)"
2020-10-29,2020,A,1,590,"(1.0, 1.5)",54.464285714285715,81.69642857142857,54.464285714285715,34.5,EOD,959,ESZ0,0.965,2020,"(1.0, 1.5)"
2020-10-30,2020,A,1,630,"(1.0, 1.5)",57.82142857142857,86.73214285714286,57.82142857142857,13.75,EOD,959,ESZ0,0.965,2020,"(1.0, 1.5)"
2020-11-02,2020,A,-1,890,"(1.0, 1.5)",58.0,87.0,58.0,-7.0,EOD,959,ESZ0,0.965,2020,"(1.0, 1.5)"
2020-11-06,2020,A,1,660,"(1.0, 1.5)",70.83928571428571,106.25892857142856,70.83928571428571,12.75,EOD,959,ESZ0,0.965,2020,"(1.0, 1.5)"
2020-11-10,2020,A,1,610,"(1.0, 1.5)",74.48214285714286,111.72321428571429,74.48214285714286,-0.5,EOD,959,ESZ0,0.965,2020,"(1.0, 1.5)"
2020-11-12,2020,A,1,595,"(1.0, 1.5)",74.625,111.9375,74.625,-21.0,EOD,959,ESZ0,0.965,2020,"(1.0, 1.5)"
2020-11-23,2020,A,1,700,"(1.0, 1.5)",62.089285714285715,93.13392857142857,62.089285714285715,21.25,EOD,959,ESZ0,0.965,2020,"(1.0, 1.5)"
2020-12-02,2020,A,1,610,"(1.0, 1.5)",41.42857142857143,62.142857142857146,41.42857142857143,16.25,EOD,959,ESZ0,0.965,2020,"(1.0, 1.5)"
2020-12-03,2020,A,-1,595,"(1.0, 1.5)",39.535714285714285,59.30357142857143,39.535714285714285,1.0,EOD,959,ESZ0,0.965,2020,"(1.0, 1.5)"
2020-12-08,2020,A,1,630,"(1.0, 1.5)",35.035714285714285,52.55357142857143,35.035714285714285,20.0,EOD,959,ESZ0,0.965,2020,"(1.0, 1.5)"
2020-12-09,2020,A,-1,590,"(1.0, 1.5)",33.482142857142854,50.22321428571428,33.482142857142854,38.75,EOD,959,ESZ0,0.965,2020,"(1.0, 1.5)"
2020-12-10,2020,A,1,590,"(1.0, 1.5)",34.232142857142854,51.34821428571428,34.232142857142854,2.25,EOD,959,ESZ0,0.965,2020,"(1.0, 1.5)"
2020-12-11,2020,A,1,590,"(1.0, 1.5)",34.892857142857146,52.33928571428572,34.892857142857146,14.5,EOD,959,ESZ0,0.965,2020,"(1.0, 1.5)"
2020-12-29,2020,A,-1,610,"(1.0, 1.5)",37.142857142857146,55.71428571428572,37.142857142857146,10.5,EOD,959,ESH1,0.965,2020,"(1.0, 1.5)"
2020-12-31,2020,A,1,600,"(1.0, 1.5)",34.607142857142854,51.91071428571428,34.607142857142854,22.25,EOD,959,ESH1,0.965,2020,"(1.0, 1.5)"
2021-01-08,2021,A,-1,695,"(0.8, 1.5)",35.32857142857143,66.24107142857143,44.160714285714285,-14.75,EOD,959,ESH1,0.84,2021,"(0.8, 1.5)"
2021-01-13,2021,A,-1,665,"(0.8, 1.5)",34.0,63.75,42.5,-3.75,EOD,959,ESH1,0.84,2021,"(0.8, 1.5)"
2021-01-14,2021,A,-1,600,"(0.8, 1.5)",34.42857142857143,64.55357142857143,43.035714285714285,22.5,EOD,959,ESH1,0.84,2021,"(0.8, 1.5)"
2021-01-21,2021,A,-1,635,"(0.8, 1.5)",37.385714285714286,70.09821428571428,46.732142857142854,5.75,EOD,959,ESH1,0.84,2021,"(0.8, 1.5)"
2021-01-22,2021,A,1,845,"(0.8, 1.5)",36.357142857142854,68.16964285714286,45.44642857142857,-4.0,EOD,959,ESH1,0.84,2021,"(0.8, 1.5)"
2021-01-25,2021,A,-1,590,"(0.8, 1.5)",31.585714285714285,59.22321428571428,39.482142857142854,-7.0,EOD,959,ESH1,0.84,2021,"(0.8, 1.5)"
2021-01-26,2021,A,-1,600,"(0.8, 1.5)",32.65714285714286,61.232142857142854,40.82142857142857,9.25,EOD,959,ESH1,0.84,2021,"(0.8, 1.5)"
2021-01-28,2021,A,-1,695,"(0.8, 1.5)",32.6,61.125,40.75,24.5,EOD,959,ESH1,0.84,2021,"(0.8, 1.5)"
2021-01-29,2021,A,1,635,"(0.8, 1.5)",34.32857142857143,64.36607142857143,42.910714285714285,-34.32857142857165,SL,688,ESH1,0.84,2021,"(0.8, 1.5)"
2021-02-01,2021,A,-1,865,"(0.8, 1.5)",37.65714285714286,70.60714285714286,47.07142857142857,5.25,EOD,959,ESH1,0.84,2021,"(0.8, 1.5)"
2021-02-03,2021,A,-1,900,"(0.8, 1.5)",42.05714285714286,78.85714285714286,52.57142857142857,11.25,EOD,959,ESH1,0.84,2021,"(0.8, 1.5)"
2021-02-04,2021,A,-1,595,"(0.8, 1.5)",42.2,79.125,52.75,-28.5,EOD,959,ESH1,0.84,2021,"(0.8, 1.5)"
2021-02-09,2021,A,-1,865,"(0.8, 1.5)",42.75714285714286,80.16964285714286,53.44642857142857,3.0,EOD,959,ESH1,0.84,2021,"(0.8, 1.5)"
2021-02-10,2021,A,1,630,"(0.8, 1.5)",40.18571428571428,75.34821428571428,50.232142857142854,7.25,EOD,959,ESH1,0.84,2021,"(0.8, 1.5)"
2021-02-17,2021,A,1,865,"(0.8, 1.5)",35.74285714285715,67.01785714285714,44.67857142857143,9.0,EOD,959,ESH1,0.84,2021,"(0.8, 1.5)"
2021-02-18,2021,A,1,585,"(0.8, 1.5)",33.4,62.625,41.75,12.5,EOD,959,ESH1,0.84,2021,"(0.8, 1.5)"
2021-02-23,2021,A,1,905,"(0.8, 1.5)",26.1,48.9375,32.625,6.75,EOD,959,ESH1,0.84,2021,"(0.8, 1.5)"
2021-02-26,2021,A,1,615,"(0.8, 1.5)",35.82857142857143,67.17857142857143,44.785714285714285,-8.75,EOD,959,ESH1,0.84,2021,"(0.8, 1.5)"
2021-03-04,2021,A,1,645,"(0.8, 1.5)",44.0,82.5,55.0,-44.0,SL,775,ESH1,0.84,2021,"(0.8, 1.5)"
2021-03-08,2021,A,-1,590,"(0.8, 1.5)",54.87142857142857,102.88392857142856,68.58928571428571,29.25,EOD,959,ESH1,0.84,2021,"(0.8, 1.5)"
2021-03-09,2021,A,-1,615,"(0.8, 1.5)",56.62857142857143,106.17857142857144,70.78571428571429,3.25,EOD,959,ESH1,0.84,2021,"(0.8, 1.5)"
2021-03-10,2021,A,-1,625,"(0.8, 1.5)",59.37142857142857,111.32142857142856,74.21428571428571,-1.5,EOD,959,ESH1,0.84,2021,"(0.8, 1.5)"
2021-03-12,2021,A,1,585,"(0.8, 1.5)",61.0,114.375,76.25,17.0,EOD,959,ESH1,0.84,2021,"(0.8, 1.5)"
2021-03-18,2021,A,1,875,"(0.8, 1.5)",52.47142857142857,98.38392857142856,65.58928571428571,-20.0,EOD,959,ESM1,0.84,2021,"(0.8, 1.5)"
2021-03-22,2021,A,-1,605,"(0.8, 1.5)",48.35714285714286,90.66964285714286,60.44642857142857,-13.25,EOD,959,ESM1,0.84,2021,"(0.8, 1.5)"
2021-03-23,2021,A,1,915,"(0.8, 1.5)",48.84285714285715,91.58035714285714,61.05357142857143,-4.75,EOD,959,ESM1,0.84,2021,"(0.8, 1.5)"
2021-03-25,2021,A,1,880,"(0.8, 1.5)",44.48571428571429,83.41071428571428,55.607142857142854,17.5,EOD,959,ESM1,0.84,2021,"(0.8, 1.5)"
2021-04-06,2021,A,-1,605,"(0.8, 1.5)",38.32857142857143,71.86607142857143,47.910714285714285,8.75,EOD,959,ESM1,0.84,2021,"(0.8, 1.5)"
2021-04-13,2021,A,-1,620,"(0.8, 1.5)",31.185714285714283,58.47321428571428,38.982142857142854,-9.5,EOD,959,ESM1,0.84,2021,"(0.8, 1.5)"
2021-04-14,2021,A,-1,640,"(0.8, 1.5)",29.82857142857143,55.92857142857143,37.285714285714285,18.0,EOD,959,ESM1,0.84,2021,"(0.8, 1.5)"
2021-04-15,2021,A,-1,585,"(0.8, 1.5)",28.6,53.625,35.75,-20.5,EOD,959,ESM1,0.84,2021,"(0.8, 1.5)"
2021-04-19,2021,A,1,625,"(0.8, 1.5)",24.871428571428574,46.63392857142857,31.089285714285715,-6.25,EOD,959,ESM1,0.84,2021,"(0.8, 1.5)"
2021-04-20,2021,A,1,615,"(0.8, 1.5)",24.642857142857142,46.20535714285714,30.803571428571427,-24.642857142856883,SL,682,ESM1,0.84,2021,"(0.8, 1.5)"
2021-04-22,2021,A,-1,700,"(0.8, 1.5)",26.728571428571428,50.11607142857143,33.410714285714285,50.11607142857156,TP,842,ESM1,0.84,2021,"(0.8, 1.5)"
2021-04-27,2021,A,1,585,"(0.8, 1.5)",27.12857142857143,50.86607142857143,33.910714285714285,5.0,EOD,959,ESM1,0.84,2021,"(0.8, 1.5)"
2021-04-29,2021,A,-1,630,"(0.8, 1.5)",27.342857142857145,51.267857142857146,34.17857142857143,-11.0,EOD,959,ESM1,0.84,2021,"(0.8, 1.5)"
2021-04-30,2021,A,1,840,"(0.8, 1.5)",27.814285714285717,52.15178571428572,34.767857142857146,7.0,EOD,959,ESM1,0.84,2021,"(0.8, 1.5)"
2021-05-03,2021,A,-1,675,"(0.8, 1.5)",28.885714285714286,54.16071428571428,36.107142857142854,1.5,EOD,959,ESM1,0.84,2021,"(0.8, 1.5)"
2021-05-05,2021,A,-1,600,"(0.8, 1.5)",30.92857142857143,57.99107142857143,38.660714285714285,8.5,EOD,959,ESM1,0.84,2021,"(0.8, 1.5)"
2021-05-06,2021,A,1,655,"(0.8, 1.5)",29.814285714285717,55.90178571428572,37.267857142857146,38.75,EOD,959,ESM1,0.84,2021,"(0.8, 1.5)"
2021-05-10,2021,A,1,900,"(0.8, 1.5)",31.857142857142858,59.732142857142854,39.82142857142857,-13.5,EOD,959,ESM1,0.84,2021,"(0.8, 1.5)"
2021-05-12,2021,A,1,640,"(0.8, 1.5)",33.74285714285715,63.267857142857146,42.17857142857143,-33.74285714285725,SL,736,ESM1,0.84,2021,"(0.8, 1.5)"
2021-05-18,2021,A,1,885,"(0.8, 1.5)",40.58571428571429,76.09821428571428,50.732142857142854,-14.75,EOD,959,ESM1,0.84,2021,"(0.8, 1.5)"
2021-05-25,2021,A,-1,585,"(0.8, 1.5)",44.5,83.4375,55.625,18.75,EOD,959,ESM1,0.84,2021,"(0.8, 1.5)"
2021-05-27,2021,A,-1,905,"(0.8, 1.5)",42.61428571428572,79.90178571428572,53.267857142857146,1.5,EOD,959,ESM1,0.84,2021,"(0.8, 1.5)"
2021-05-28,2021,A,-1,585,"(0.8, 1.5)",41.385714285714286,77.59821428571428,51.732142857142854,5.5,EOD,959,ESM1,0.84,2021,"(0.8, 1.5)"
2021-06-03,2021,A,1,665,"(0.8, 1.5)",29.885714285714286,56.03571428571428,37.357142857142854,-9.0,EOD,959,ESM1,0.84,2021,"(0.8, 1.5)"
2021-06-08,2021,A,-1,585,"(0.8, 1.5)",27.02857142857143,50.67857142857143,33.785714285714285,4.5,EOD,959,ESM1,0.84,2021,"(0.8, 1.5)"
2021-06-10,2021,A,-1,705,"(0.8, 1.5)",22.571428571428573,42.32142857142857,28.214285714285715,-4.25,EOD,959,ESM1,0.84,2021,"(0.8, 1.5)"
2021-06-22,2021,A,-1,590,"(0.8, 1.5)",26.614285714285717,49.90178571428572,33.267857142857146,-26.61428571428587,SL,908,ESU1,0.84,2021,"(0.8, 1.5)"
2021-06-23,2021,A,-1,620,"(0.8, 1.5)",27.771428571428572,52.07142857142857,34.714285714285715,13.25,EOD,959,ESU1,0.84,2021,"(0.8, 1.5)"
2021-06-29,2021,A,-1,875,"(0.8, 1.5)",25.242857142857144,47.33035714285714,31.553571428571427,-2.5,EOD,959,ESU1,0.84,2021,"(0.8, 1.5)"
2021-07-07,2021,A,-1,585,"(0.8, 1.5)",24.05714285714286,45.10714285714286,30.071428571428573,-4.5,EOD,959,ESU1,0.84,2021,"(0.8, 1.5)"
2021-07-13,2021,A,-1,645,"(0.8, 1.5)",22.700000000000003,42.5625,28.375,13.75,EOD,959,ESU1,0.84,2021,"(0.8, 1.5)"
2021-07-14,2021,A,-1,585,"(0.8, 1.5)",23.242857142857144,43.58035714285714,29.053571428571427,14.25,EOD,959,ESU1,0.84,2021,"(0.8, 1.5)"
2021-07-15,2021,A,1,600,"(0.8, 1.5)",23.3,43.6875,29.125,-23.300000000000182,SL,834,ESU1,0.84,2021,"(0.8, 1.5)"
2021-07-22,2021,A,-1,590,"(0.8, 1.5)",34.77142857142857,65.19642857142857,43.464285714285715,-12.75,EOD,959,ESU1,0.84,2021,"(0.8, 1.5)"
2021-07-26,2021,A,-1,840,"(0.8, 1.5)",36.34285714285715,68.14285714285714,45.42857142857143,-6.5,EOD,959,ESU1,0.84,2021,"(0.8, 1.5)"
2021-07-27,2021,A,1,600,"(0.8, 1.5)",35.05714285714286,65.73214285714286,43.82142857142857,-2.5,EOD,959,ESU1,0.84,2021,"(0.8, 1.5)"
2021-07-30,2021,A,1,615,"(0.8, 1.5)",32.7,61.3125,40.875,-13.5,EOD,959,ESU1,0.84,2021,"(0.8, 1.5)"
2021-08-03,2021,A,1,625,"(0.8, 1.5)",33.642857142857146,63.080357142857146,42.05357142857143,32.0,EOD,959,ESU1,0.84,2021,"(0.8, 1.5)"
2021-08-05,2021,A,-1,590,"(0.8, 1.5)",34.25714285714286,64.23214285714286,42.82142857142857,-14.0,EOD,959,ESU1,0.84,2021,"(0.8, 1.5)"
2021-08-09,2021,A,1,585,"(0.8, 1.5)",28.200000000000003,52.875,35.25,3.0,EOD,959,ESU1,0.84,2021,"(0.8, 1.5)"
2021-08-10,2021,A,-1,845,"(0.8, 1.5)",24.714285714285715,46.339285714285715,30.892857142857142,0.5,EOD,959,ESU1,0.84,2021,"(0.8, 1.5)"
2021-08-11,2021,A,-1,640,"(0.8, 1.5)",23.485714285714288,44.035714285714285,29.357142857142858,-3.0,EOD,959,ESU1,0.84,2021,"(0.8, 1.5)"
2021-08-12,2021,A,-1,695,"(0.8, 1.5)",23.014285714285716,43.151785714285715,28.767857142857142,-12.25,EOD,959,ESU1,0.84,2021,"(0.8, 1.5)"
2021-08-16,2021,A,-1,850,"(0.8, 1.5)",21.214285714285715,39.776785714285715,26.517857142857142,-11.25,EOD,959,ESU1,0.84,2021,"(0.8, 1.5)"
2021-08-19,2021,A,1,615,"(0.8, 1.5)",24.171428571428574,45.32142857142857,30.214285714285715,6.0,EOD,959,ESU1,0.84,2021,"(0.8, 1.5)"
2021-08-24,2021,A,-1,625,"(0.8, 1.5)",25.42857142857143,47.67857142857143,31.785714285714285,2.25,EOD,959,ESU1,0.84,2021,"(0.8, 1.5)"
2021-08-25,2021,A,-1,655,"(0.8, 1.5)",24.75714285714286,46.41964285714286,30.946428571428573,-4.25,EOD,959,ESU1,0.84,2021,"(0.8, 1.5)"
2021-09-01,2021,A,-1,600,"(0.8, 1.5)",27.614285714285717,51.77678571428572,34.517857142857146,1.5,EOD,959,ESU1,0.84,2021,"(0.8, 1.5)"
2021-09-02,2021,A,-1,620,"(0.8, 1.5)",27.02857142857143,50.67857142857143,33.785714285714285,-1.5,EOD,959,ESU1,0.84,2021,"(0.8, 1.5)"
2021-09-03,2021,A,1,590,"(0.8, 1.5)",27.771428571428572,52.07142857142857,34.714285714285715,9.75,EOD,959,ESU1,0.84,2021,"(0.8, 1.5)"
2021-09-08,2021,A,1,630,"(0.8, 1.5)",22.42857142857143,42.05357142857143,28.035714285714285,1.5,EOD,959,ESU1,0.84,2021,"(0.8, 1.5)"
2021-09-09,2021,A,1,850,"(0.8, 1.5)",21.171428571428574,39.69642857142857,26.464285714285715,-5.0,EOD,959,ESU1,0.84,2021,"(0.8, 1.5)"
2021-09-10,2021,A,1,615,"(0.8, 1.5)",21.08571428571429,39.535714285714285,26.357142857142858,-21.085714285713948,SL,923,ESU1,0.84,2021,"(0.8, 1.5)"
2021-09-21,2021,A,-1,605,"(0.8, 1.5)",34.51428571428572,64.71428571428572,43.142857142857146,27.5,EOD,959,ESZ1,0.84,2021,"(0.8, 1.5)"
2021-09-30,2021,A,1,665,"(0.8, 1.5)",45.82857142857143,85.92857142857143,57.285714285714285,-45.828571428571195,SL,959,ESZ1,0.84,2021,"(0.8, 1.5)"
2021-10-01,2021,A,1,600,"(0.8, 1.5)",46.81428571428572,87.77678571428572,58.517857142857146,48.25,EOD,959,ESZ1,0.84,2021,"(0.8, 1.5)"
2021-10-04,2021,A,1,660,"(0.8, 1.5)",49.08571428571429,92.03571428571428,61.357142857142854,7.5,EOD,959,ESZ1,0.84,2021,"(0.8, 1.5)"
2021-10-05,2021,A,-1,635,"(0.8, 1.5)",50.65714285714286,94.98214285714286,63.32142857142857,7.25,EOD,959,ESZ1,0.84,2021,"(0.8, 1.5)"
2021-10-06,2021,A,1,625,"(0.8, 1.5)",51.65714285714286,96.85714285714286,64.57142857142857,40.5,EOD,959,ESZ1,0.84,2021,"(0.8, 1.5)"
2021-10-08,2021,A,1,590,"(0.8, 1.5)",54.67142857142857,102.50892857142856,68.33928571428571,-9.75,EOD,959,ESZ1,0.84,2021,"(0.8, 1.5)"
2021-10-11,2021,A,-1,615,"(0.8, 1.5)",49.0,91.875,61.25,51.5,EOD,959,ESZ1,0.84,2021,"(0.8, 1.5)"
2021-10-12,2021,A,1,595,"(0.8, 1.5)",49.51428571428572,92.83928571428572,61.892857142857146,-13.25,EOD,959,ESZ1,0.84,2021,"(0.8, 1.5)"
2021-10-13,2021,A,1,595,"(0.8, 1.5)",47.77142857142857,89.57142857142857,59.714285714285715,22.5,EOD,959,ESZ1,0.84,2021,"(0.8, 1.5)"
2021-10-18,2021,A,-1,670,"(0.8, 1.5)",49.642857142857146,93.08035714285714,62.05357142857143,-10.0,EOD,959,ESZ1,0.84,2021,"(0.8, 1.5)"
2021-10-21,2021,A,-1,655,"(0.8, 1.5)",43.27142857142857,81.13392857142857,54.089285714285715,-11.75,EOD,959,ESZ1,0.84,2021,"(0.8, 1.5)"
2021-10-22,2021,A,-1,590,"(0.8, 1.5)",39.65714285714286,74.35714285714286,49.57142857142857,3.0,EOD,959,ESZ1,0.84,2021,"(0.8, 1.5)"
2021-10-25,2021,A,-1,680,"(0.8, 1.5)",37.18571428571428,69.72321428571428,46.482142857142854,-10.0,EOD,959,ESZ1,0.84,2021,"(0.8, 1.5)"
2021-10-27,2021,A,1,660,"(0.8, 1.5)",32.67142857142857,61.25892857142857,40.839285714285715,-18.25,EOD,959,ESZ1,0.84,2021,"(0.8, 1.5)"
2021-10-28,2021,A,-1,720,"(0.8, 1.5)",30.671428571428574,57.50892857142857,38.339285714285715,-12.0,EOD,959,ESZ1,0.84,2021,"(0.8, 1.5)"
2021-10-29,2021,A,-1,700,"(0.8, 1.5)",31.685714285714283,59.41071428571428,39.607142857142854,-11.25,EOD,959,ESZ1,0.84,2021,"(0.8, 1.5)"
2021-11-01,2021,A,-1,595,"(0.8, 1.5)",30.728571428571428,57.61607142857143,38.410714285714285,-5.5,EOD,959,ESZ1,0.84,2021,"(0.8, 1.5)"
2021-11-10,2021,A,1,585,"(0.8, 1.5)",25.942857142857147,48.642857142857146,32.42857142857143,-25.942857142857065,SL,863,ESZ1,0.84,2021,"(0.8, 1.5)"
2021-11-15,2021,A,-1,615,"(0.8, 1.5)",26.71428571428572,50.08928571428572,33.392857142857146,3.25,EOD,959,ESZ1,0.84,2021,"(0.8, 1.5)"
2021-11-16,2021,A,-1,595,"(0.8, 1.5)",26.485714285714284,49.66071428571428,33.107142857142854,-6.5,EOD,959,ESZ1,0.84,2021,"(0.8, 1.5)"
2021-11-18,2021,A,1,660,"(0.8, 1.5)",25.02857142857143,46.92857142857143,31.285714285714285,22.25,EOD,959,ESZ1,0.84,2021,"(0.8, 1.5)"
2021-11-22,2021,A,-1,840,"(0.8, 1.5)",24.742857142857144,46.39285714285714,30.928571428571427,32.0,EOD,959,ESZ1,0.84,2021,"(0.8, 1.5)"
2021-11-23,2021,A,1,895,"(0.8, 1.5)",27.085714285714285,50.78571428571428,33.857142857142854,6.75,EOD,959,ESZ1,0.84,2021,"(0.8, 1.5)"
2021-11-30,2021,A,1,585,"(0.8, 1.5)",36.142857142857146,67.76785714285714,45.17857142857143,-36.14285714285688,SL,655,ESZ1,0.84,2021,"(0.8, 1.5)"
2021-12-01,2021,A,-1,705,"(0.8, 1.5)",38.42857142857143,72.05357142857143,48.035714285714285,72.05357142857156,TP,903,ESZ1,0.84,2021,"(0.8, 1.5)"
2021-12-03,2021,A,1,845,"(0.8, 1.5)",48.471428571428575,90.88392857142857,60.589285714285715,24.25,EOD,959,ESZ1,0.84,2021,"(0.8, 1.5)"
2021-12-06,2021,A,-1,860,"(0.8, 1.5)",53.542857142857144,100.39285714285714,66.92857142857143,15.0,EOD,959,ESZ1,0.84,2021,"(0.8, 1.5)"
2021-12-08,2021,A,-1,595,"(0.8, 1.5)",60.6,113.625,75.75,-6.25,EOD,959,ESZ1,0.84,2021,"(0.8, 1.5)"
2021-12-09,2021,A,1,915,"(0.8, 1.5)",60.28571428571429,113.03571428571429,75.35714285714286,-5.5,EOD,959,ESZ1,0.84,2021,"(0.8, 1.5)"
2021-12-10,2021,A,-1,595,"(0.8, 1.5)",60.81428571428572,114.02678571428571,76.01785714285714,-18.5,EOD,959,ESZ1,0.84,2021,"(0.8, 1.5)"
2021-12-16,2021,A,-1,605,"(0.8, 1.5)",66.2,124.125,82.75,41.25,EOD,959,ESH2,0.84,2021,"(0.8, 1.5)"
2021-12-29,2021,A,1,620,"(0.8, 1.5)",47.81428571428572,89.65178571428572,59.767857142857146,8.5,EOD,959,ESH2,0.84,2021,"(0.8, 1.5)"
2021-12-30,2021,A,-1,585,"(0.8, 1.5)",47.5,89.0625,59.375,17.25,EOD,959,ESH2,0.84,2021,"(0.8, 1.5)"
2021-12-31,2021,A,1,590,"(0.8, 1.5)",47.44285714285715,88.95535714285714,59.30357142857143,-8.25,EOD,959,ESH2,0.84,2021,"(0.8, 1.5)"
2022-01-03,2022,A,-1,590,"(0.8, 1.5)",46.042857142857144,86.33035714285714,57.55357142857143,-28.25,EOD,959,ESH2,0.84,2022,"(0.8, 1.5)"
2022-01-04,2022,A,-1,720,"(0.8, 1.5)",45.68571428571428,85.66071428571428,57.107142857142854,-0.5,EOD,959,ESH2,0.84,2022,"(0.8, 1.5)"
2022-01-06,2022,A,1,590,"(0.8, 1.5)",44.24285714285715,82.95535714285714,55.30357142857143,-5.25,EOD,959,ESH2,0.84,2022,"(0.8, 1.5)"
2022-01-07,2022,A,1,670,"(0.8, 1.5)",42.67142857142858,80.00892857142857,53.339285714285715,5.5,EOD,959,ESH2,0.84,2022,"(0.8, 1.5)"
2022-01-12,2022,A,-1,675,"(0.8, 1.5)",41.61428571428572,78.02678571428572,52.017857142857146,-15.5,EOD,959,ESH2,0.84,2022,"(0.8, 1.5)"
2022-01-14,2022,A,1,610,"(0.8, 1.5)",43.871428571428574,82.25892857142857,54.839285714285715,7.5,EOD,959,ESH2,0.84,2022,"(0.8, 1.5)"
2022-01-19,2022,A,1,690,"(0.8, 1.5)",45.871428571428574,86.00892857142857,57.339285714285715,-38.5,EOD,959,ESH2,0.84,2022,"(0.8, 1.5)"
2022-01-20,2022,A,1,920,"(0.8, 1.5)",48.68571428571428,91.28571428571428,60.857142857142854,-48.68571428571431,SL,954,ESH2,0.84,2022,"(0.8, 1.5)"
2022-01-28,2022,A,1,615,"(0.8, 1.5)",78.75714285714287,147.66964285714286,98.44642857142857,117.25,EOD,959,ESH2,0.84,2022,"(0.8, 1.5)"
2022-01-31,2022,A,-1,590,"(0.8, 1.5)",81.3857142857143,152.59821428571428,101.73214285714286,-81.38571428571413,SL,950,ESH2,0.84,2022,"(0.8, 1.5)"
2022-02-01,2022,A,-1,665,"(0.8, 1.5)",82.85714285714286,155.35714285714286,103.57142857142857,-32.75,EOD,959,ESH2,0.84,2022,"(0.8, 1.5)"
2022-02-04,2022,A,1,585,"(0.8, 1.5)",85.42857142857144,160.17857142857144,106.78571428571429,9.75,EOD,959,ESH2,0.84,2022,"(0.8, 1.5)"
2022-02-08,2022,A,1,610,"(0.8, 1.5)",87.55714285714286,164.16964285714286,109.44642857142857,46.5,EOD,959,ESH2,0.84,2022,"(0.8, 1.5)"
2022-02-10,2022,A,1,600,"(0.8, 1.5)",83.54285714285714,156.64285714285714,104.42857142857143,-57.75,EOD,959,ESH2,0.84,2022,"(0.8, 1.5)"
2022-02-11,2022,A,1,700,"(0.8, 1.5)",83.77142857142857,157.07142857142856,104.71428571428571,-68.25,EOD,959,ESH2,0.84,2022,"(0.8, 1.5)"
2022-02-14,2022,A,1,615,"(0.8, 1.5)",79.77142857142857,149.57142857142856,99.71428571428571,-2.75,EOD,959,ESH2,0.84,2022,"(0.8, 1.5)"
2022-02-16,2022,A,1,635,"(0.8, 1.5)",71.47142857142858,134.00892857142856,89.33928571428571,33.5,EOD,959,ESH2,0.84,2022,"(0.8, 1.5)"
2022-02-17,2022,A,1,590,"(0.8, 1.5)",67.95714285714286,127.41964285714286,84.94642857142857,-50.5,EOD,959,ESH2,0.84,2022,"(0.8, 1.5)"
2022-02-22,2022,A,-1,585,"(0.8, 1.5)",63.300000000000004,118.6875,79.125,26.75,EOD,959,ESH2,0.84,2022,"(0.8, 1.5)"
2022-02-23,2022,A,1,840,"(0.8, 1.5)",65.9,123.5625,82.375,-41.5,EOD,959,ESH2,0.84,2022,"(0.8, 1.5)"
2022-02-25,2022,A,-1,605,"(0.8, 1.5)",71.35714285714286,133.79464285714286,89.19642857142857,-71.35714285714312,SL,682,ESH2,0.84,2022,"(0.8, 1.5)"
2022-02-28,2022,A,-1,690,"(0.8, 1.5)",74.14285714285715,139.01785714285714,92.67857142857143,10.25,EOD,959,ESH2,0.84,2022,"(0.8, 1.5)"
2022-03-01,2022,A,1,905,"(0.8, 1.5)",74.60000000000001,139.875,93.25,-14.75,EOD,959,ESH2,0.84,2022,"(0.8, 1.5)"
2022-03-02,2022,A,-1,680,"(0.8, 1.5)",76.32857142857144,143.11607142857144,95.41071428571429,-11.5,EOD,959,ESH2,0.84,2022,"(0.8, 1.5)"
2022-03-03,2022,A,-1,595,"(0.8, 1.5)",75.77142857142857,142.07142857142856,94.71428571428571,35.5,EOD,959,ESH2,0.84,2022,"(0.8, 1.5)"
2022-03-07,2022,A,1,605,"(0.8, 1.5)",73.60000000000001,138.0,92.0,-73.60000000000036,SL,912,ESH2,0.84,2022,"(0.8, 1.5)"
2022-03-08,2022,A,1,585,"(0.8, 1.5)",76.82857142857144,144.05357142857144,96.03571428571429,-43.25,EOD,959,ESH2,0.84,2022,"(0.8, 1.5)"
2022-03-09,2022,A,-1,855,"(0.8, 1.5)",80.25714285714287,150.48214285714286,100.32142857142857,-2.75,EOD,959,ESH2,0.84,2022,"(0.8, 1.5)"
2022-03-10,2022,A,1,595,"(0.8, 1.5)",82.0,153.75,102.5,24.0,EOD,959,ESH2,0.84,2022,"(0.8, 1.5)"
2022-03-11,2022,A,-1,645,"(0.8, 1.5)",82.05714285714286,153.85714285714286,102.57142857142857,58.25,EOD,959,ESH2,0.84,2022,"(0.8, 1.5)"
2022-03-17,2022,A,-1,690,"(0.8, 1.5)",77.9857142857143,146.22321428571428,97.48214285714286,-55.25,EOD,959,ESM2,0.84,2022,"(0.8, 1.5)"
2022-03-21,2022,A,-1,670,"(0.8, 1.5)",77.0,144.375,96.25,-0.75,EOD,959,ESM2,0.84,2022,"(0.8, 1.5)"
2022-03-23,2022,A,1,590,"(0.8, 1.5)",72.67142857142856,136.25892857142856,90.83928571428571,-20.5,EOD,959,ESM2,0.84,2022,"(0.8, 1.5)"
2022-03-24,2022,A,-1,715,"(0.8, 1.5)",71.9,134.8125,89.875,-20.25,EOD,959,ESM2,0.84,2022,"(0.8, 1.5)"
2022-03-28,2022,A,-1,605,"(0.8, 1.5)",66.45714285714286,124.60714285714286,83.07142857142857,-30.5,EOD,959,ESM2,0.84,2022,"(0.8, 1.5)"
2022-03-30,2022,A,1,930,"(0.8, 1.5)",58.828571428571436,110.30357142857144,73.53571428571429,16.0,EOD,959,ESM2,0.84,2022,"(0.8, 1.5)"
2022-03-31,2022,A,1,915,"(0.8, 1.5)",57.800000000000004,108.375,72.25,-47.75,EOD,959,ESM2,0.84,2022,"(0.8, 1.5)"
2022-04-01,2022,A,1,605,"(0.8, 1.5)",56.62857142857143,106.17857142857144,70.78571428571429,8.75,EOD,959,ESM2,0.84,2022,"(0.8, 1.5)"
2022-04-05,2022,A,-1,585,"(0.8, 1.5)",51.142857142857146,95.89285714285714,63.92857142857143,56.75,EOD,959,ESM2,0.84,2022,"(0.8, 1.5)"
2022-04-12,2022,A,-1,605,"(0.8, 1.5)",49.61428571428572,93.02678571428572,62.017857142857146,65.25,EOD,959,ESM2,0.84,2022,"(0.8, 1.5)"
2022-04-18,2022,A,1,600,"(0.8, 1.5)",52.6,98.625,65.75,2.75,EOD,959,ESM2,0.84,2022,"(0.8, 1.5)"
2022-04-19,2022,A,-1,590,"(0.8, 1.5)",51.6,96.75,64.5,-51.600000000000364,SL,913,ESM2,0.84,2022,"(0.8, 1.5)"
2022-04-20,2022,A,-1,625,"(0.8, 1.5)",52.74285714285715,98.89285714285714,65.92857142857143,5.75,EOD,959,ESM2,0.84,2022,"(0.8, 1.5)"
2022-04-21,2022,A,-1,665,"(0.8, 1.5)",52.08571428571429,97.66071428571429,65.10714285714286,97.66071428571468,TP,935,ESM2,0.84,2022,"(0.8, 1.5)"
2022-04-25,2022,A,1,875,"(0.8, 1.5)",60.08571428571429,112.66071428571429,75.10714285714286,29.0,EOD,959,ESM2,0.84,2022,"(0.8, 1.5)"
2022-04-27,2022,A,1,620,"(0.8, 1.5)",65.7,123.1875,82.125,8.75,EOD,959,ESM2,0.84,2022,"(0.8, 1.5)"
2022-04-29,2022,A,1,840,"(0.8, 1.5)",68.77142857142857,128.94642857142856,85.96428571428571,-55.5,EOD,959,ESM2,0.84,2022,"(0.8, 1.5)"
2022-05-02,2022,A,1,585,"(0.8, 1.5)",75.58571428571429,141.72321428571428,94.48214285714286,24.5,EOD,959,ESM2,0.84,2022,"(0.8, 1.5)"
2022-05-03,2022,A,-1,610,"(0.8, 1.5)",77.08571428571429,144.53571428571428,96.35714285714286,-21.0,EOD,959,ESM2,0.84,2022,"(0.8, 1.5)"
2022-05-05,2022,A,1,690,"(0.8, 1.5)",80.7,151.3125,100.875,-7.75,EOD,959,ESM2,0.84,2022,"(0.8, 1.5)"
2022-05-06,2022,A,1,650,"(0.8, 1.5)",87.97142857142858,164.94642857142856,109.96428571428571,-4.0,EOD,959,ESM2,0.84,2022,"(0.8, 1.5)"
2022-05-09,2022,A,1,595,"(0.8, 1.5)",90.80000000000001,170.25,113.5,-90.80000000000018,SL,951,ESM2,0.84,2022,"(0.8, 1.5)"
2022-05-10,2022,A,1,680,"(0.8, 1.5)",94.62857142857143,177.42857142857144,118.28571428571429,8.75,EOD,959,ESM2,0.84,2022,"(0.8, 1.5)"
2022-05-11,2022,A,1,855,"(0.8, 1.5)",98.72857142857144,185.11607142857144,123.41071428571429,-22.25,EOD,959,ESM2,0.84,2022,"(0.8, 1.5)"
2022-05-12,2022,A,1,640,"(0.8, 1.5)",98.28571428571429,184.28571428571428,122.85714285714286,-0.25,EOD,959,ESM2,0.84,2022,"(0.8, 1.5)"
2022-05-16,2022,A,-1,885,"(0.8, 1.5)",97.65714285714286,183.10714285714286,122.07142857142857,29.25,EOD,959,ESM2,0.84,2022,"(0.8, 1.5)"
2022-05-19,2022,A,1,700,"(0.8, 1.5)",97.45714285714286,182.73214285714286,121.82142857142857,-27.0,EOD,959,ESM2,0.84,2022,"(0.8, 1.5)"
2022-05-23,2022,A,-1,595,"(0.8, 1.5)",93.27142857142857,174.88392857142856,116.58928571428571,-38.5,EOD,959,ESM2,0.84,2022,"(0.8, 1.5)"
2022-05-24,2022,A,1,890,"(0.8, 1.5)",94.72857142857144,177.61607142857144,118.41071428571429,34.0,EOD,959,ESM2,0.84,2022,"(0.8, 1.5)"
2022-05-25,2022,A,-1,590,"(0.8, 1.5)",91.28571428571429,171.16071428571428,114.10714285714286,-42.0,EOD,959,ESM2,0.84,2022,"(0.8, 1.5)"
2022-06-01,2022,A,1,645,"(0.8, 1.5)",74.5,139.6875,93.125,-5.5,EOD,959,ESM2,0.84,2022,"(0.8, 1.5)"
2022-06-06,2022,A,-1,710,"(0.8, 1.5)",74.37142857142857,139.44642857142856,92.96428571428571,17.75,EOD,959,ESM2,0.84,2022,"(0.8, 1.5)"
2022-06-09,2022,A,1,595,"(0.8, 1.5)",67.0,125.625,83.75,-67.0,SL,929,ESM2,0.84,2022,"(0.8, 1.5)"
2022-06-22,2022,A,1,595,"(0.8, 1.5)",74.72857142857144,140.11607142857144,93.41071428571429,3.0,EOD,959,ESU2,0.84,2022,"(0.8, 1.5)"
2022-06-27,2022,A,-1,665,"(0.8, 1.5)",76.02857142857144,142.55357142857144,95.03571428571429,13.5,EOD,959,ESU2,0.84,2022,"(0.8, 1.5)"
2022-06-29,2022,A,1,605,"(0.8, 1.5)",77.47142857142858,145.25892857142856,96.83928571428571,-15.5,EOD,959,ESU2,0.84,2022,"(0.8, 1.5)"
2022-06-30,2022,A,1,870,"(0.8, 1.5)",73.77142857142857,138.32142857142856,92.21428571428571,-14.25,EOD,959,ESU2,0.84,2022,"(0.8, 1.5)"
2022-07-01,2022,A,-1,920,"(0.8, 1.5)",71.6857142857143,134.41071428571428,89.60714285714286,-9.25,EOD,959,ESU2,0.84,2022,"(0.8, 1.5)"
2022-07-05,2022,A,-1,885,"(0.8, 1.5)",63.94285714285715,119.89285714285714,79.92857142857143,-19.75,EOD,959,ESU2,0.84,2022,"(0.8, 1.5)"
2022-07-06,2022,A,-1,590,"(0.8, 1.5)",62.35714285714286,116.91964285714286,77.94642857142857,-22.0,EOD,959,ESU2,0.84,2022,"(0.8, 1.5)"
2022-07-08,2022,A,-1,675,"(0.8, 1.5)",56.75714285714286,106.41964285714286,70.94642857142857,11.0,EOD,959,ESU2,0.84,2022,"(0.8, 1.5)"
2022-07-12,2022,A,1,620,"(0.8, 1.5)",55.900000000000006,104.8125,69.875,-26.75,EOD,959,ESU2,0.84,2022,"(0.8, 1.5)"
2022-07-13,2022,A,1,855,"(0.8, 1.5)",55.07142857142857,103.25892857142856,68.83928571428571,-8.25,EOD,959,ESU2,0.84,2022,"(0.8, 1.5)"
2022-07-19,2022,A,-1,680,"(0.8, 1.5)",53.02857142857144,99.42857142857144,66.28571428571429,-32.75,EOD,959,ESU2,0.84,2022,"(0.8, 1.5)"
2022-07-22,2022,A,-1,595,"(0.8, 1.5)",54.985714285714295,103.09821428571429,68.73214285714286,37.0,EOD,959,ESU2,0.84,2022,"(0.8, 1.5)"
2022-07-26,2022,A,1,595,"(0.8, 1.5)",54.62857142857143,102.42857142857144,68.28571428571429,-23.5,EOD,959,ESU2,0.84,2022,"(0.8, 1.5)"
2022-08-01,2022,A,-1,660,"(0.8, 1.5)",60.52857142857144,113.49107142857144,75.66071428571429,23.75,EOD,959,ESU2,0.84,2022,"(0.8, 1.5)"
2022-08-02,2022,A,1,590,"(0.8, 1.5)",59.300000000000004,111.1875,74.125,-4.5,EOD,959,ESU2,0.84,2022,"(0.8, 1.5)"
2022-08-05,2022,A,1,665,"(0.8, 1.5)",55.828571428571436,104.67857142857144,69.78571428571429,9.0,EOD,959,ESU2,0.84,2022,"(0.8, 1.5)"
2022-08-08,2022,A,-1,710,"(0.8, 1.5)",53.6,100.5,67.0,10.25,EOD,959,ESU2,0.84,2022,"(0.8, 1.5)"
2022-08-09,2022,A,1,650,"(0.8, 1.5)",50.71428571428572,95.08928571428572,63.392857142857146,-4.75,EOD,959,ESU2,0.84,2022,"(0.8, 1.5)"
2022-08-11,2022,A,-1,900,"(0.8, 1.5)",50.21428571428572,94.15178571428572,62.767857142857146,0.5,EOD,959,ESU2,0.84,2022,"(0.8, 1.5)"
2022-08-15,2022,A,-1,600,"(0.8, 1.5)",51.42857142857144,96.42857142857144,64.28571428571429,-19.0,EOD,959,ESU2,0.84,2022,"(0.8, 1.5)"
2022-08-16,2022,A,-1,695,"(0.8, 1.5)",50.871428571428574,95.38392857142857,63.589285714285715,-3.75,EOD,959,ESU2,0.84,2022,"(0.8, 1.5)"
2022-08-17,2022,A,1,605,"(0.8, 1.5)",46.81428571428572,87.77678571428572,58.517857142857146,-2.5,EOD,959,ESU2,0.84,2022,"(0.8, 1.5)"
2022-08-23,2022,A,1,585,"(0.8, 1.5)",45.642857142857146,85.58035714285714,57.05357142857143,-0.75,EOD,959,ESU2,0.84,2022,"(0.8, 1.5)"
2022-08-26,2022,A,-1,615,"(0.8, 1.5)",44.72857142857143,83.86607142857143,55.910714285714285,83.86607142857156,TP,681,ESU2,0.84,2022,"(0.8, 1.5)"
2022-08-31,2022,A,1,875,"(0.8, 1.5)",50.542857142857144,94.76785714285714,63.17857142857143,-9.0,EOD,959,ESU2,0.84,2022,"(0.8, 1.5)"
2022-09-01,2022,A,1,915,"(0.8, 1.5)",50.800000000000004,95.25,63.5,11.25,EOD,959,ESU2,0.84,2022,"(0.8, 1.5)"
2022-09-06,2022,A,1,660,"(0.8, 1.5)",52.457142857142856,98.35714285714286,65.57142857142857,-23.25,EOD,959,ESU2,0.84,2022,"(0.8, 1.5)"
2022-09-07,2022,A,-1,680,"(0.8, 1.5)",52.78571428571429,98.97321428571429,65.98214285714286,-37.25,EOD,959,ESU2,0.84,2022,"(0.8, 1.5)"
2022-09-08,2022,A,-1,905,"(0.8, 1.5)",55.800000000000004,104.625,69.75,-20.75,EOD,959,ESU2,0.84,2022,"(0.8, 1.5)"
2022-09-14,2022,A,1,630,"(0.8, 1.5)",64.0,120.0,80.0,25.25,EOD,959,ESZ2,0.84,2022,"(0.8, 1.5)"
2022-09-15,2022,A,1,660,"(0.8, 1.5)",63.614285714285714,119.27678571428571,79.51785714285714,-12.0,EOD,959,ESZ2,0.84,2022,"(0.8, 1.5)"
2022-09-19,2022,A,-1,655,"(0.8, 1.5)",60.37142857142857,113.19642857142856,75.46428571428571,-26.0,EOD,959,ESZ2,0.84,2022,"(0.8, 1.5)"
2022-09-20,2022,A,1,860,"(0.8, 1.5)",59.42857142857144,111.42857142857144,74.28571428571429,17.5,EOD,959,ESZ2,0.84,2022,"(0.8, 1.5)"
2022-09-26,2022,A,1,840,"(0.8, 1.5)",64.72857142857144,121.36607142857144,80.91071428571429,10.25,EOD,959,ESZ2,0.84,2022,"(0.8, 1.5)"
2022-09-27,2022,A,-1,585,"(0.8, 1.5)",65.60000000000001,123.0,82.0,64.0,EOD,959,ESZ2,0.84,2022,"(0.8, 1.5)"
2022-09-29,2022,A,1,675,"(0.8, 1.5)",68.14285714285715,127.76785714285714,85.17857142857143,0.75,EOD,959,ESZ2,0.84,2022,"(0.8, 1.5)"
2022-09-30,2022,A,1,890,"(0.8, 1.5)",70.37142857142857,131.94642857142856,87.96428571428571,-26.25,EOD,959,ESZ2,0.84,2022,"(0.8, 1.5)"
2022-10-05,2022,A,1,605,"(0.8, 1.5)",71.54285714285714,134.14285714285714,89.42857142857143,47.0,EOD,959,ESZ2,0.84,2022,"(0.8, 1.5)"
2022-10-10,2022,A,1,885,"(0.8, 1.5)",75.34285714285714,141.26785714285714,94.17857142857143,-10.25,EOD,959,ESZ2,0.84,2022,"(0.8, 1.5)"
2022-10-11,2022,A,1,665,"(0.8, 1.5)",74.77142857142857,140.19642857142856,93.46428571428571,-15.0,EOD,959,ESZ2,0.84,2022,"(0.8, 1.5)"
2022-10-13,2022,A,1,675,"(0.8, 1.5)",71.62857142857143,134.30357142857144,89.53571428571429,91.0,EOD,959,ESZ2,0.84,2022,"(0.8, 1.5)"
2022-10-14,2022,A,-1,595,"(0.8, 1.5)",76.47142857142858,143.38392857142856,95.58928571428571,87.75,EOD,959,ESZ2,0.84,2022,"(0.8, 1.5)"
2022-10-19,2022,A,1,930,"(0.8, 1.5)",79.60000000000001,149.25,99.5,8.5,EOD,959,ESZ2,0.84,2022,"(0.8, 1.5)"
2022-10-20,2022,A,-1,635,"(0.8, 1.5)",76.94285714285715,144.26785714285714,96.17857142857143,58.75,EOD,959,ESZ2,0.84,2022,"(0.8, 1.5)"
2022-10-24,2022,A,-1,625,"(0.8, 1.5)",76.55714285714286,143.54464285714286,95.69642857142857,-53.75,EOD,959,ESZ2,0.84,2022,"(0.8, 1.5)"
2022-10-25,2022,A,-1,585,"(0.8, 1.5)",74.02857142857144,138.80357142857144,92.53571428571429,-49.0,EOD,959,ESZ2,0.84,2022,"(0.8, 1.5)"
2022-10-26,2022,A,-1,660,"(0.8, 1.5)",72.95714285714286,136.79464285714286,91.19642857142857,30.0,EOD,959,ESZ2,0.84,2022,"(0.8, 1.5)"
2022-10-27,2022,A,1,605,"(0.8, 1.5)",73.10000000000001,137.0625,91.375,-18.75,EOD,959,ESZ2,0.84,2022,"(0.8, 1.5)"
2022-11-01,2022,A,-1,595,"(0.8, 1.5)",69.24285714285715,129.83035714285714,86.55357142857143,35.0,EOD,959,ESZ2,0.84,2022,"(0.8, 1.5)"
2022-11-04,2022,A,-1,925,"(0.8, 1.5)",64.08571428571429,120.16071428571429,80.10714285714286,-24.0,EOD,959,ESZ2,0.84,2022,"(0.8, 1.5)"
2022-11-08,2022,A,-1,600,"(0.8, 1.5)",61.24285714285715,114.83035714285714,76.55357142857143,-15.75,EOD,959,ESZ2,0.84,2022,"(0.8, 1.5)"
2022-11-09,2022,A,1,660,"(0.8, 1.5)",61.828571428571436,115.92857142857144,77.28571428571429,-41.0,EOD,959,ESZ2,0.84,2022,"(0.8, 1.5)"
2022-11-11,2022,A,-1,700,"(0.8, 1.5)",67.51428571428572,126.58928571428571,84.39285714285714,-39.75,EOD,959,ESZ2,0.84,2022,"(0.8, 1.5)"
2022-11-14,2022,A,-1,880,"(0.8, 1.5)",66.85714285714286,125.35714285714286,83.57142857142857,39.25,EOD,959,ESZ2,0.84,2022,"(0.8, 1.5)"
2022-11-15,2022,A,-1,670,"(0.8, 1.5)",66.07142857142857,123.88392857142856,82.58928571428571,16.25,EOD,959,ESZ2,0.84,2022,"(0.8, 1.5)"
2022-11-21,2022,A,1,720,"(0.8, 1.5)",64.0,120.0,80.0,14.0,EOD,959,ESZ2,0.84,2022,"(0.8, 1.5)"
2022-11-22,2022,A,-1,590,"(0.8, 1.5)",61.94285714285715,116.14285714285714,77.42857142857143,-42.25,EOD,959,ESZ2,0.84,2022,"(0.8, 1.5)"
2022-11-29,2022,A,1,665,"(0.8, 1.5)",49.25714285714286,92.35714285714286,61.57142857142857,0.0,EOD,959,ESZ2,0.84,2022,"(0.8, 1.5)"
2022-12-01,2022,A,-1,660,"(0.8, 1.5)",42.74285714285715,80.14285714285714,53.42857142857143,2.25,EOD,959,ESZ2,0.84,2022,"(0.8, 1.5)"
2022-12-02,2022,A,1,700,"(0.8, 1.5)",42.55714285714286,79.79464285714286,53.19642857142857,18.0,EOD,959,ESZ2,0.84,2022,"(0.8, 1.5)"
2022-12-05,2022,A,1,605,"(0.8, 1.5)",42.81428571428572,80.27678571428572,53.517857142857146,-42.81428571428569,SL,870,ESZ2,0.84,2022,"(0.8, 1.5)"
2022-12-06,2022,A,1,590,"(0.8, 1.5)",43.34285714285715,81.26785714285714,54.17857142857143,-43.342857142857156,SL,736,ESZ2,0.84,2022,"(0.8, 1.5)"
2022-12-08,2022,A,-1,680,"(0.8, 1.5)",44.85714285714286,84.10714285714286,56.07142857142857,-9.25,EOD,959,ESZ2,0.84,2022,"(0.8, 1.5)"
2022-12-09,2022,A,-1,665,"(0.8, 1.5)",44.385714285714286,83.22321428571428,55.482142857142854,40.0,EOD,959,ESZ2,0.84,2022,"(0.8, 1.5)"
2022-12-12,2022,A,-1,915,"(0.8, 1.5)",44.900000000000006,84.1875,56.125,-17.25,EOD,959,ESZ2,0.84,2022,"(0.8, 1.5)"
2022-12-19,2022,A,1,710,"(0.8, 1.5)",59.97142857142857,112.44642857142856,74.96428571428571,-13.0,EOD,959,ESH3,0.84,2022,"(0.8, 1.5)"
2022-12-20,2022,A,1,590,"(0.8, 1.5)",60.87142857142857,114.13392857142856,76.08928571428571,21.75,EOD,959,ESH3,0.84,2022,"(0.8, 1.5)"
2022-12-27,2022,A,-1,650,"(0.8, 1.5)",57.485714285714295,107.78571428571429,71.85714285714286,14.5,EOD,959,ESH3,0.84,2022,"(0.8, 1.5)"
2022-12-28,2022,A,-1,585,"(0.8, 1.5)",54.728571428571435,102.61607142857144,68.41071428571429,60.25,EOD,959,ESH3,0.84,2022,"(0.8, 1.5)"
2022-12-29,2022,A,-1,915,"(0.8, 1.5)",56.62857142857143,106.17857142857144,70.78571428571429,1.75,EOD,959,ESH3,0.84,2022,"(0.8, 1.5)"
2022-12-30,2022,A,1,590,"(0.8, 1.5)",58.62857142857143,109.92857142857144,73.28571428571429,31.5,EOD,959,ESH3,0.84,2022,"(0.8, 1.5)"
2023-01-03,2023,A,-1,605,"(0.8, 1.5)",58.97142857142857,110.57142857142856,73.71428571428571,13.25,EOD,959,ESH3,0.84,2023,"(0.8, 1.5)"
2023-01-05,2023,A,1,610,"(0.8, 1.5)",57.47142857142857,107.75892857142856,71.83928571428571,-14.0,EOD,959,ESH3,0.84,2023,"(0.8, 1.5)"
2023-01-06,2023,A,-1,605,"(0.8, 1.5)",55.042857142857144,103.20535714285714,68.80357142857143,-55.042857142856974,SL,822,ESH3,0.84,2023,"(0.8, 1.5)"
2023-01-10,2023,A,1,590,"(0.8, 1.5)",53.228571428571435,99.80357142857144,66.53571428571429,28.25,EOD,959,ESH3,0.84,2023,"(0.8, 1.5)"
2023-01-12,2023,A,-1,660,"(0.8, 1.5)",52.84285714285715,99.08035714285714,66.05357142857143,-14.5,EOD,959,ESH3,0.84,2023,"(0.8, 1.5)"
2023-01-17,2023,A,-1,590,"(0.8, 1.5)",46.74285714285715,87.64285714285714,58.42857142857143,9.25,EOD,959,ESH3,0.84,2023,"(0.8, 1.5)"
2023-01-18,2023,A,1,660,"(0.8, 1.5)",46.55714285714286,87.29464285714286,58.19642857142857,-46.557142857142935,SL,788,ESH3,0.84,2023,"(0.8, 1.5)"
2023-01-26,2023,A,-1,665,"(0.8, 1.5)",46.35714285714286,86.91964285714286,57.94642857142857,-39.25,EOD,959,ESH3,0.84,2023,"(0.8, 1.5)"
2023-01-27,2023,A,-1,590,"(0.8, 1.5)",43.5,81.5625,54.375,-7.25,EOD,959,ESH3,0.84,2023,"(0.8, 1.5)"
2023-01-30,2023,A,1,585,"(0.8, 1.5)",42.7,80.0625,53.375,-29.25,EOD,959,ESH3,0.84,2023,"(0.8, 1.5)"
2023-02-02,2023,A,-1,600,"(0.8, 1.5)",46.82857142857143,87.80357142857143,58.535714285714285,-46.828571428571195,SL,840,ESH3,0.84,2023,"(0.8, 1.5)"
2023-02-03,2023,A,1,605,"(0.8, 1.5)",47.71428571428572,89.46428571428572,59.642857142857146,-8.5,EOD,959,ESH3,0.84,2023,"(0.8, 1.5)"
2023-02-07,2023,A,-1,850,"(0.8, 1.5)",51.02857142857143,95.67857142857143,63.785714285714285,-51.02857142857101,SL,953,ESH3,0.84,2023,"(0.8, 1.5)"
2023-02-10,2023,A,1,590,"(0.8, 1.5)",52.12857142857143,97.74107142857144,65.16071428571429,14.5,EOD,959,ESH3,0.84,2023,"(0.8, 1.5)"
2023-02-14,2023,A,-1,915,"(0.8, 1.5)",50.85714285714286,95.35714285714286,63.57142857142857,3.0,EOD,959,ESH3,0.84,2023,"(0.8, 1.5)"
2023-02-16,2023,A,1,620,"(0.8, 1.5)",50.300000000000004,94.3125,62.875,-18.0,EOD,959,ESH3,0.84,2023,"(0.8, 1.5)"
2023-02-22,2023,A,1,625,"(0.8, 1.5)",45.7,85.6875,57.125,-3.75,EOD,959,ESH3,0.84,2023,"(0.8, 1.5)"
2023-02-23,2023,A,-1,585,"(0.8, 1.5)",43.82857142857143,82.17857142857143,54.785714285714285,4.25,EOD,959,ESH3,0.84,2023,"(0.8, 1.5)"
2023-02-24,2023,A,1,900,"(0.8, 1.5)",43.885714285714286,82.28571428571428,54.857142857142854,-3.75,EOD,959,ESH3,0.84,2023,"(0.8, 1.5)"
2023-02-28,2023,A,1,650,"(0.8, 1.5)",43.11428571428572,80.83928571428572,53.892857142857146,-8.5,EOD,959,ESH3,0.84,2023,"(0.8, 1.5)"
2023-03-01,2023,A,1,595,"(0.8, 1.5)",41.85714285714286,78.48214285714286,52.32142857142857,-15.25,EOD,959,ESH3,0.84,2023,"(0.8, 1.5)"
2023-03-02,2023,A,1,610,"(0.8, 1.5)",38.71428571428572,72.58928571428572,48.392857142857146,40.25,EOD,959,ESH3,0.84,2023,"(0.8, 1.5)"
2023-03-06,2023,A,-1,915,"(0.8, 1.5)",41.400000000000006,77.625,51.75,0.5,EOD,959,ESH3,0.84,2023,"(0.8, 1.5)"
2023-03-08,2023,A,1,605,"(0.8, 1.5)",41.02857142857143,76.92857142857143,51.285714285714285,8.5,EOD,959,ESH3,0.84,2023,"(0.8, 1.5)"
2023-03-09,2023,A,-1,625,"(0.8, 1.5)",39.32857142857143,73.74107142857143,49.160714285714285,73.74107142857156,TP,913,ESH3,0.84,2023,"(0.8, 1.5)"
2023-03-10,2023,A,1,665,"(0.8, 1.5)",43.11428571428572,80.83928571428572,53.892857142857146,-43.11428571428587,SL,802,ESH3,0.84,2023,"(0.8, 1.5)"
2023-03-13,2023,A,1,620,"(0.8, 1.5)",47.31428571428572,88.71428571428572,59.142857142857146,10.25,EOD,959,ESH3,0.84,2023,"(0.8, 1.5)"
2023-03-23,2023,A,1,900,"(0.8, 1.5)",59.62857142857143,111.80357142857144,74.53571428571429,7.75,EOD,959,ESM3,0.84,2023,"(0.8, 1.5)"
2023-03-24,2023,A,1,585,"(0.8, 1.5)",61.01428571428571,114.40178571428571,76.26785714285714,53.25,EOD,959,ESM3,0.84,2023,"(0.8, 1.5)"
2023-03-28,2023,A,1,590,"(0.8, 1.5)",60.67142857142857,113.75892857142856,75.83928571428571,-0.75,EOD,959,ESM3,0.84,2023,"(0.8, 1.5)"
2023-04-03,2023,A,-1,585,"(0.8, 1.5)",52.02857142857144,97.55357142857144,65.03571428571429,-13.75,EOD,959,ESM3,0.84,2023,"(0.8, 1.5)"
2023-04-04,2023,A,-1,610,"(0.8, 1.5)",48.971428571428575,91.82142857142857,61.214285714285715,27.0,EOD,959,ESM3,0.84,2023,"(0.8, 1.5)"
2023-04-05,2023,A,1,610,"(0.8, 1.5)",46.957142857142856,88.04464285714286,58.69642857142857,1.75,EOD,959,ESM3,0.84,2023,"(0.8, 1.5)"
2023-04-06,2023,A,1,585,"(0.8, 1.5)",42.800000000000004,80.25,53.5,32.5,EOD,959,ESM3,0.84,2023,"(0.8, 1.5)"
2023-04-11,2023,A,-1,595,"(0.8, 1.5)",41.24285714285715,77.33035714285714,51.55357142857143,-1.25,EOD,959,ESM3,0.84,2023,"(0.8, 1.5)"
2023-04-12,2023,A,-1,590,"(0.8, 1.5)",39.2,73.5,49.0,24.75,EOD,959,ESM3,0.84,2023,"(0.8, 1.5)"
2023-04-18,2023,A,-1,840,"(0.8, 1.5)",32.77142857142857,61.44642857142857,40.964285714285715,-2.75,EOD,959,ESM3,0.84,2023,"(0.8, 1.5)"
2023-04-19,2023,A,1,620,"(0.8, 1.5)",32.81428571428572,61.52678571428572,41.017857142857146,13.75,EOD,959,ESM3,0.84,2023,"(0.8, 1.5)"
2023-04-20,2023,A,1,635,"(0.8, 1.5)",31.085714285714285,58.28571428571428,38.857142857142854,-6.0,EOD,959,ESM3,0.84,2023,"(0.8, 1.5)"
2023-04-24,2023,A,-1,600,"(0.8, 1.5)",29.814285714285717,55.90178571428572,37.267857142857146,0.25,EOD,959,ESM3,0.84,2023,"(0.8, 1.5)"
2023-05-01,2023,A,-1,700,"(0.8, 1.5)",34.18571428571428,64.09821428571428,42.732142857142854,5.0,EOD,959,ESM3,0.84,2023,"(0.8, 1.5)"
2023-05-09,2023,A,1,605,"(0.8, 1.5)",38.68571428571428,72.53571428571428,48.357142857142854,-4.0,EOD,959,ESM3,0.84,2023,"(0.8, 1.5)"
2023-05-10,2023,A,-1,630,"(0.8, 1.5)",38.25714285714286,71.73214285714286,47.82142857142857,-7.5,EOD,959,ESM3,0.84,2023,"(0.8, 1.5)"
2023-05-12,2023,A,1,920,"(0.8, 1.5)",39.457142857142856,73.98214285714286,49.32142857142857,14.25,EOD,959,ESM3,0.84,2023,"(0.8, 1.5)"
2023-05-22,2023,A,1,610,"(0.8, 1.5)",37.24285714285715,69.83035714285714,46.55357142857143,12.0,EOD,959,ESM3,0.84,2023,"(0.8, 1.5)"
2023-05-23,2023,A,1,620,"(0.8, 1.5)",34.471428571428575,64.63392857142857,43.089285714285715,-34.47142857142899,SL,864,ESM3,0.84,2023,"(0.8, 1.5)"
2023-05-25,2023,A,-1,590,"(0.8, 1.5)",33.871428571428574,63.50892857142857,42.339285714285715,-33.87142857142862,SL,841,ESM3,0.84,2023,"(0.8, 1.5)"
2023-05-30,2023,A,1,610,"(0.8, 1.5)",33.61428571428572,63.02678571428572,42.017857142857146,-8.0,EOD,959,ESM3,0.84,2023,"(0.8, 1.5)"
2023-06-01,2023,A,-1,650,"(0.8, 1.5)",33.11428571428572,62.08928571428572,41.392857142857146,-33.11428571428587,SL,901,ESM3,0.84,2023,"(0.8, 1.5)"
2023-06-05,2023,A,-1,595,"(0.8, 1.5)",36.08571428571428,67.66071428571428,45.107142857142854,11.75,EOD,959,ESM3,0.84,2023,"(0.8, 1.5)"
2023-06-06,2023,A,1,585,"(0.8, 1.5)",36.300000000000004,68.0625,45.375,16.5,EOD,959,ESM3,0.84,2023,"(0.8, 1.5)"
2023-06-07,2023,A,-1,625,"(0.8, 1.5)",34.6,64.875,43.25,15.75,EOD,959,ESM3,0.84,2023,"(0.8, 1.5)"
2023-06-08,2023,A,1,600,"(0.8, 1.5)",33.72857142857143,63.24107142857143,42.160714285714285,26.25,EOD,959,ESM3,0.84,2023,"(0.8, 1.5)"
2023-06-15,2023,A,-1,610,"(0.8, 1.5)",33.142857142857146,62.142857142857146,41.42857142857143,-33.14285714285688,SL,877,ESU3,0.84,2023,"(0.8, 1.5)"
2023-06-21,2023,A,1,600,"(0.8, 1.5)",34.1,63.9375,42.625,-3.0,EOD,959,ESU3,0.84,2023,"(0.8, 1.5)"
2023-06-22,2023,A,1,650,"(0.8, 1.5)",32.31428571428572,60.58928571428572,40.392857142857146,19.25,EOD,959,ESU3,0.84,2023,"(0.8, 1.5)"
2023-06-23,2023,A,1,620,"(0.8, 1.5)",30.12857142857143,56.49107142857143,37.660714285714285,-6.5,EOD,959,ESU3,0.84,2023,"(0.8, 1.5)"
2023-06-26,2023,A,1,645,"(0.8, 1.5)",30.671428571428574,57.50892857142857,38.339285714285715,-15.0,EOD,959,ESU3,0.84,2023,"(0.8, 1.5)"
2023-06-29,2023,A,-1,695,"(0.8, 1.5)",31.771428571428572,59.57142857142857,39.714285714285715,-8.25,EOD,959,ESU3,0.84,2023,"(0.8, 1.5)"
2023-07-05,2023,A,1,660,"(0.8, 1.5)",28.65714285714286,53.732142857142854,35.82142857142857,-6.5,EOD,959,ESU3,0.84,2023,"(0.8, 1.5)"
2023-07-07,2023,A,-1,605,"(0.8, 1.5)",26.585714285714285,49.84821428571428,33.232142857142854,15.0,EOD,959,ESU3,0.84,2023,"(0.8, 1.5)"
2023-07-10,2023,A,1,670,"(0.8, 1.5)",28.385714285714286,53.22321428571428,35.482142857142854,13.5,EOD,959,ESU3,0.84,2023,"(0.8, 1.5)"
2023-07-14,2023,A,-1,635,"(0.8, 1.5)",29.01428571428572,54.40178571428572,36.267857142857146,11.0,EOD,959,ESU3,0.84,2023,"(0.8, 1.5)"
2023-07-24,2023,A,-1,590,"(0.8, 1.5)",27.057142857142857,50.732142857142854,33.82142857142857,-5.25,EOD,959,ESU3,0.84,2023,"(0.8, 1.5)"
2023-07-27,2023,A,1,885,"(0.8, 1.5)",27.442857142857147,51.455357142857146,34.30357142857143,-11.25,EOD,959,ESU3,0.84,2023,"(0.8, 1.5)"
2023-07-31,2023,A,-1,590,"(0.8, 1.5)",31.200000000000003,58.5,39.0,-0.25,EOD,959,ESU3,0.84,2023,"(0.8, 1.5)"
2023-08-01,2023,A,1,645,"(0.8, 1.5)",30.342857142857145,56.892857142857146,37.92857142857143,3.0,EOD,959,ESU3,0.84,2023,"(0.8, 1.5)"
2023-08-03,2023,A,1,845,"(0.8, 1.5)",30.642857142857146,57.455357142857146,38.30357142857143,-8.25,EOD,959,ESU3,0.84,2023,"(0.8, 1.5)"
2023-08-04,2023,A,1,880,"(0.8, 1.5)",30.942857142857147,58.017857142857146,38.67857142857143,-6.75,EOD,959,ESU3,0.84,2023,"(0.8, 1.5)"
2023-08-09,2023,A,1,720,"(0.8, 1.5)",34.57142857142858,64.82142857142857,43.214285714285715,3.5,EOD,959,ESU3,0.84,2023,"(0.8, 1.5)"
2023-08-10,2023,A,-1,665,"(0.8, 1.5)",34.82857142857143,65.30357142857143,43.535714285714285,28.25,EOD,959,ESU3,0.84,2023,"(0.8, 1.5)"
2023-08-11,2023,A,1,615,"(0.8, 1.5)",37.74285714285715,70.76785714285714,47.17857142857143,1.75,EOD,959,ESU3,0.84,2023,"(0.8, 1.5)"
2023-08-14,2023,A,-1,680,"(0.8, 1.5)",38.042857142857144,71.33035714285714,47.55357142857143,-14.0,EOD,959,ESU3,0.84,2023,"(0.8, 1.5)"
2023-08-15,2023,A,1,690,"(0.8, 1.5)",38.542857142857144,72.26785714285714,48.17857142857143,-18.75,EOD,959,ESU3,0.84,2023,"(0.8, 1.5)"
2023-08-16,2023,A,1,720,"(0.8, 1.5)",39.84285714285715,74.70535714285714,49.80357142857143,-29.0,EOD,959,ESU3,0.84,2023,"(0.8, 1.5)"
2023-08-17,2023,A,1,645,"(0.8, 1.5)",37.971428571428575,71.19642857142857,47.464285714285715,-37.97142857142899,SL,915,ESU3,0.84,2023,"(0.8, 1.5)"
2023-08-22,2023,A,-1,595,"(0.8, 1.5)",40.971428571428575,76.82142857142857,51.214285714285715,17.5,EOD,959,ESU3,0.84,2023,"(0.8, 1.5)"
2023-08-24,2023,A,-1,590,"(0.8, 1.5)",40.08571428571429,75.16071428571428,50.107142857142854,67.75,EOD,959,ESU3,0.84,2023,"(0.8, 1.5)"
2023-08-25,2023,A,1,640,"(0.8, 1.5)",41.08571428571429,77.03571428571428,51.357142857142854,28.5,EOD,959,ESU3,0.84,2023,"(0.8, 1.5)"
2023-08-31,2023,A,-1,585,"(0.8, 1.5)",40.35714285714286,75.66964285714286,50.44642857142857,14.75,EOD,959,ESU3,0.84,2023,"(0.8, 1.5)"
2023-09-01,2023,A,-1,615,"(0.8, 1.5)",39.957142857142856,74.91964285714286,49.94642857142857,14.75,EOD,959,ESU3,0.84,2023,"(0.8, 1.5)"
2023-09-07,2023,A,1,660,"(0.8, 1.5)",35.714285714285715,66.96428571428572,44.642857142857146,8.0,EOD,959,ESU3,0.84,2023,"(0.8, 1.5)"
2023-09-08,2023,A,-1,855,"(0.8, 1.5)",35.18571428571428,65.97321428571428,43.982142857142854,-3.25,EOD,959,ESU3,0.84,2023,"(0.8, 1.5)"
2023-09-11,2023,A,-1,605,"(0.8, 1.5)",33.885714285714286,63.53571428571428,42.357142857142854,-14.5,EOD,959,ESU3,0.84,2023,"(0.8, 1.5)"
2023-09-13,2023,A,1,615,"(0.8, 1.5)",32.31428571428572,60.58928571428572,40.392857142857146,10.5,EOD,959,ESZ3,0.84,2023,"(0.8, 1.5)"
2023-09-18,2023,A,1,595,"(0.8, 1.5)",29.42857142857143,55.17857142857143,36.785714285714285,6.75,EOD,959,ESZ3,0.84,2023,"(0.8, 1.5)"
2023-09-25,2023,A,1,605,"(0.8, 1.5)",33.042857142857144,61.955357142857146,41.30357142857143,22.0,EOD,959,ESZ3,0.84,2023,"(0.8, 1.5)"
2023-09-27,2023,A,1,660,"(0.8, 1.5)",35.11428571428572,65.83928571428572,43.892857142857146,8.75,EOD,959,ESZ3,0.84,2023,"(0.8, 1.5)"
2023-09-29,2023,A,-1,670,"(0.8, 1.5)",37.785714285714285,70.84821428571428,47.232142857142854,28.5,EOD,959,ESZ3,0.84,2023,"(0.8, 1.5)"
2023-10-02,2023,A,1,645,"(0.8, 1.5)",39.385714285714286,73.84821428571428,49.232142857142854,8.25,EOD,959,ESZ3,0.84,2023,"(0.8, 1.5)"
2023-10-06,2023,A,1,585,"(0.8, 1.5)",41.85714285714286,78.48214285714286,52.32142857142857,78.48214285714312,TP,802,ESZ3,0.84,2023,"(0.8, 1.5)"
2023-10-10,2023,A,-1,585,"(0.8, 1.5)",47.77142857142857,89.57142857142857,59.714285714285715,-17.25,EOD,959,ESZ3,0.84,2023,"(0.8, 1.5)"
2023-10-12,2023,A,-1,685,"(0.8, 1.5)",44.6,83.625,55.75,26.75,EOD,959,ESZ3,0.84,2023,"(0.8, 1.5)"
2023-10-13,2023,A,1,720,"(0.8, 1.5)",45.75714285714286,85.79464285714286,57.19642857142857,2.25,EOD,959,ESZ3,0.84,2023,"(0.8, 1.5)"
2023-10-16,2023,A,-1,635,"(0.8, 1.5)",47.48571428571429,89.03571428571428,59.357142857142854,3.25,EOD,959,ESZ3,0.84,2023,"(0.8, 1.5)"
2023-10-17,2023,A,-1,715,"(0.8, 1.5)",46.471428571428575,87.13392857142857,58.089285714285715,11.25,EOD,959,ESZ3,0.84,2023,"(0.8, 1.5)"
2023-10-18,2023,A,1,660,"(0.8, 1.5)",46.62857142857143,87.42857142857143,58.285714285714285,-23.0,EOD,959,ESZ3,0.84,2023,"(0.8, 1.5)"
2023-10-19,2023,A,1,840,"(0.8, 1.5)",47.6,89.25,59.5,-31.0,EOD,959,ESZ3,0.84,2023,"(0.8, 1.5)"
2023-10-23,2023,A,1,625,"(0.8, 1.5)",48.98571428571429,91.84821428571428,61.232142857142854,-10.25,EOD,959,ESZ3,0.84,2023,"(0.8, 1.5)"
2023-10-24,2023,A,-1,640,"(0.8, 1.5)",48.642857142857146,91.20535714285714,60.80357142857143,9.0,EOD,959,ESZ3,0.84,2023,"(0.8, 1.5)"
2023-10-25,2023,A,1,665,"(0.8, 1.5)",48.25714285714286,90.48214285714286,60.32142857142857,-33.5,EOD,959,ESZ3,0.84,2023,"(0.8, 1.5)"
2023-10-30,2023,A,-1,610,"(0.8, 1.5)",46.900000000000006,87.9375,58.625,-10.0,EOD,959,ESZ3,0.84,2023,"(0.8, 1.5)"
2023-11-08,2023,A,-1,605,"(0.8, 1.5)",44.07142857142858,82.63392857142857,55.089285714285715,-2.0,EOD,959,ESZ3,0.84,2023,"(0.8, 1.5)"
2023-11-13,2023,A,-1,715,"(0.8, 1.5)",41.82857142857143,78.42857142857143,52.285714285714285,7.25,EOD,959,ESZ3,0.84,2023,"(0.8, 1.5)"
2023-11-15,2023,A,-1,585,"(0.8, 1.5)",42.85714285714286,80.35714285714286,53.57142857142857,4.0,EOD,959,ESZ3,0.84,2023,"(0.8, 1.5)"
2023-11-16,2023,A,1,650,"(0.8, 1.5)",40.68571428571428,76.28571428571428,50.857142857142854,8.0,EOD,959,ESZ3,0.84,2023,"(0.8, 1.5)"
2023-11-20,2023,A,-1,590,"(0.8, 1.5)",36.81428571428572,69.02678571428572,46.017857142857146,-36.81428571428569,SL,914,ESZ3,0.84,2023,"(0.8, 1.5)"
2023-11-27,2023,A,1,615,"(0.8, 1.5)",28.642857142857146,53.705357142857146,35.80357142857143,-4.25,EOD,959,ESZ3,0.84,2023,"(0.8, 1.5)"
2023-11-28,2023,A,1,635,"(0.8, 1.5)",27.700000000000003,51.9375,34.625,7.5,EOD,959,ESZ3,0.84,2023,"(0.8, 1.5)"
2023-11-29,2023,A,-1,635,"(0.8, 1.5)",27.42857142857143,51.42857142857143,34.285714285714285,17.0,EOD,959,ESZ3,0.84,2023,"(0.8, 1.5)"
2023-11-30,2023,A,1,585,"(0.8, 1.5)",26.842857142857145,50.330357142857146,33.55357142857143,16.0,EOD,959,ESZ3,0.84,2023,"(0.8, 1.5)"
2023-12-01,2023,A,-1,605,"(0.8, 1.5)",24.8,46.5,31.0,-24.800000000000182,SL,767,ESZ3,0.84,2023,"(0.8, 1.5)"
2023-12-06,2023,A,-1,625,"(0.8, 1.5)",22.85714285714286,42.85714285714286,28.571428571428573,22.5,EOD,959,ESZ3,0.84,2023,"(0.8, 1.5)"
2023-12-08,2023,A,-1,645,"(0.8, 1.5)",25.1,47.0625,31.375,-12.25,EOD,959,ESZ3,0.84,2023,"(0.8, 1.5)"
2023-12-11,2023,A,-1,660,"(0.8, 1.5)",24.471428571428575,45.88392857142857,30.589285714285715,-11.75,EOD,959,ESZ3,0.84,2023,"(0.8, 1.5)"
2023-12-20,2023,A,-1,605,"(0.8, 1.5)",30.757142857142856,57.669642857142854,38.44642857142857,57.66964285714312,TP,908,ESH4,0.84,2023,"(0.8, 1.5)"
2023-12-22,2023,A,-1,865,"(0.8, 1.5)",33.68571428571428,63.16071428571428,42.107142857142854,-13.5,EOD,959,ESH4,0.84,2023,"(0.8, 1.5)"
2023-12-28,2023,A,-1,585,"(0.8, 1.5)",31.671428571428574,59.38392857142857,39.589285714285715,-0.5,EOD,959,ESH4,0.84,2023,"(0.8, 1.5)"
2024-01-03,2024,A,1,875,"(0.8, 1.5)",31.742857142857147,59.517857142857146,39.67857142857143,-20.0,EOD,959,ESH4,0.84,2024,"(0.8, 1.5)"
2024-01-04,2024,A,1,875,"(0.8, 1.5)",32.357142857142854,60.669642857142854,40.44642857142857,-12.75,EOD,959,ESH4,0.84,2024,"(0.8, 1.5)"
2024-01-08,2024,A,-1,655,"(0.8, 1.5)",30.471428571428575,57.13392857142857,38.089285714285715,-30.471428571428987,SL,872,ESH4,0.84,2024,"(0.8, 1.5)"
2024-01-10,2024,A,-1,595,"(0.8, 1.5)",33.128571428571426,62.11607142857143,41.410714285714285,-20.75,EOD,959,ESH4,0.84,2024,"(0.8, 1.5)"
2024-01-11,2024,A,-1,585,"(0.8, 1.5)",33.55714285714286,62.919642857142854,41.94642857142857,7.25,EOD,959,ESH4,0.84,2024,"(0.8, 1.5)"
2024-01-12,2024,A,-1,590,"(0.8, 1.5)",32.22857142857143,60.42857142857143,40.285714285714285,14.75,EOD,959,ESH4,0.84,2024,"(0.8, 1.5)"
2024-01-16,2024,A,1,635,"(0.8, 1.5)",29.742857142857147,55.767857142857146,37.17857142857143,-29.742857142857247,SL,858,ESH4,0.84,2024,"(0.8, 1.5)"
2024-01-26,2024,A,-1,635,"(0.8, 1.5)",31.957142857142856,59.919642857142854,39.94642857142857,9.25,EOD,959,ESH4,0.84,2024,"(0.8, 1.5)"
2024-01-30,2024,A,-1,930,"(0.8, 1.5)",30.0,56.25,37.5,5.5,EOD,959,ESH4,0.84,2024,"(0.8, 1.5)"
2024-02-06,2024,A,-1,590,"(0.8, 1.5)",35.385714285714286,66.34821428571428,44.232142857142854,-0.5,EOD,959,ESH4,0.84,2024,"(0.8, 1.5)"
2024-02-14,2024,A,-1,670,"(0.8, 1.5)",35.52857142857143,66.61607142857143,44.410714285714285,-29.75,EOD,959,ESH4,0.84,2024,"(0.8, 1.5)"
2024-02-15,2024,A,-1,675,"(0.8, 1.5)",36.6,68.625,45.75,-27.5,EOD,959,ESH4,0.84,2024,"(0.8, 1.5)"
2024-02-21,2024,A,1,870,"(0.8, 1.5)",35.128571428571426,65.86607142857143,43.910714285714285,24.75,EOD,959,ESH4,0.84,2024,"(0.8, 1.5)"
2024-02-23,2024,A,-1,840,"(0.8, 1.5)",36.357142857142854,68.16964285714286,45.44642857142857,7.0,EOD,959,ESH4,0.84,2024,"(0.8, 1.5)"
2024-02-26,2024,A,1,670,"(0.8, 1.5)",35.74285714285715,67.01785714285714,44.67857142857143,-13.5,EOD,959,ESH4,0.84,2024,"(0.8, 1.5)"
2024-02-27,2024,A,1,590,"(0.8, 1.5)",36.08571428571428,67.66071428571428,45.107142857142854,9.5,EOD,959,ESH4,0.84,2024,"(0.8, 1.5)"
2024-03-01,2024,A,-1,605,"(0.8, 1.5)",35.91428571428572,67.33928571428572,44.892857142857146,-35.91428571428605,SL,821,ESH4,0.84,2024,"(0.8, 1.5)"
2024-03-06,2024,A,-1,665,"(0.8, 1.5)",33.800000000000004,63.375,42.25,7.75,EOD,959,ESH4,0.84,2024,"(0.8, 1.5)"
2024-03-08,2024,A,-1,680,"(0.8, 1.5)",35.55714285714286,66.66964285714286,44.44642857142857,38.0,EOD,959,ESH4,0.84,2024,"(0.8, 1.5)"
2024-03-11,2024,A,1,870,"(0.8, 1.5)",39.15714285714286,73.41964285714286,48.94642857142857,0.75,EOD,959,ESH4,0.84,2024,"(0.8, 1.5)"
2024-03-14,2024,A,1,630,"(0.8, 1.5)",34.75714285714286,65.16964285714286,43.44642857142857,0.25,EOD,959,ESM4,0.84,2024,"(0.8, 1.5)"
2024-03-22,2024,A,1,610,"(0.8, 1.5)",40.61428571428572,76.15178571428572,50.767857142857146,-8.75,EOD,959,ESM4,0.84,2024,"(0.8, 1.5)"
2024-03-26,2024,A,-1,595,"(0.8, 1.5)",37.042857142857144,69.45535714285714,46.30357142857143,21.25,EOD,959,ESM4,0.84,2024,"(0.8, 1.5)"
2024-03-28,2024,A,-1,585,"(0.8, 1.5)",35.25714285714286,66.10714285714286,44.07142857142857,4.75,EOD,959,ESM4,0.84,2024,"(0.8, 1.5)"
2024-04-01,2024,A,1,625,"(0.8, 1.5)",32.2,60.375,40.25,-11.5,EOD,959,ESM4,0.84,2024,"(0.8, 1.5)"
2024-04-04,2024,A,1,870,"(0.8, 1.5)",32.042857142857144,60.080357142857146,40.05357142857143,-32.04285714285743,SL,917,ESM4,0.84,2024,"(0.8, 1.5)"
2024-04-09,2024,A,-1,585,"(0.8, 1.5)",34.857142857142854,65.35714285714286,43.57142857142857,4.75,EOD,959,ESM4,0.84,2024,"(0.8, 1.5)"
2024-04-10,2024,A,1,620,"(0.8, 1.5)",35.800000000000004,67.125,44.75,-8.0,EOD,959,ESM4,0.84,2024,"(0.8, 1.5)"
2024-04-11,2024,A,1,625,"(0.8, 1.5)",36.857142857142854,69.10714285714286,46.07142857142857,52.25,EOD,959,ESM4,0.84,2024,"(0.8, 1.5)"
2024-04-12,2024,A,1,655,"(0.8, 1.5)",39.18571428571428,73.47321428571428,48.982142857142854,-18.5,EOD,959,ESM4,0.84,2024,"(0.8, 1.5)"
2024-04-16,2024,A,1,585,"(0.8, 1.5)",49.285714285714285,92.41071428571428,61.607142857142854,-4.5,EOD,959,ESM4,0.84,2024,"(0.8, 1.5)"
2024-04-17,2024,A,1,655,"(0.8, 1.5)",50.02857142857143,93.80357142857143,62.535714285714285,-20.0,EOD,959,ESM4,0.84,2024,"(0.8, 1.5)"
2024-04-18,2024,A,1,840,"(0.8, 1.5)",51.6,96.75,64.5,-1.0,EOD,959,ESM4,0.84,2024,"(0.8, 1.5)"
2024-04-24,2024,A,-1,620,"(0.8, 1.5)",58.214285714285715,109.15178571428571,72.76785714285714,6.5,EOD,959,ESM4,0.84,2024,"(0.8, 1.5)"
2024-04-25,2024,A,1,840,"(0.8, 1.5)",54.12857142857143,101.49107142857144,67.66071428571429,-0.25,EOD,959,ESM4,0.84,2024,"(0.8, 1.5)"
2024-04-29,2024,A,-1,605,"(0.8, 1.5)",56.88571428571429,106.66071428571429,71.10714285714286,-2.5,EOD,959,ESM4,0.84,2024,"(0.8, 1.5)"
2024-05-02,2024,A,1,615,"(0.8, 1.5)",56.05714285714286,105.10714285714286,70.07142857142857,42.75,EOD,959,ESM4,0.84,2024,"(0.8, 1.5)"
2024-05-09,2024,A,-1,615,"(0.8, 1.5)",47.785714285714285,89.59821428571428,59.732142857142854,-24.75,EOD,959,ESM4,0.84,2024,"(0.8, 1.5)"
2024-05-10,2024,A,-1,670,"(0.8, 1.5)",46.01428571428572,86.27678571428572,57.517857142857146,-5.5,EOD,959,ESM4,0.84,2024,"(0.8, 1.5)"
2024-05-14,2024,A,-1,875,"(0.8, 1.5)",41.642857142857146,78.08035714285714,52.05357142857143,-5.5,EOD,959,ESM4,0.84,2024,"(0.8, 1.5)"
2024-05-16,2024,A,-1,615,"(0.8, 1.5)",40.27142857142857,75.50892857142857,50.339285714285715,17.0,EOD,959,ESM4,0.84,2024,"(0.8, 1.5)"
2024-05-22,2024,A,1,850,"(0.8, 1.5)",30.942857142857147,58.017857142857146,38.67857142857143,4.75,EOD,959,ESM4,0.84,2024,"(0.8, 1.5)"
2024-05-28,2024,A,1,600,"(0.8, 1.5)",29.185714285714283,54.72321428571428,36.482142857142854,5.75,EOD,959,ESM4,0.84,2024,"(0.8, 1.5)"
2024-06-03,2024,A,-1,610,"(0.8, 1.5)",35.142857142857146,65.89285714285714,43.92857142857143,-2.25,EOD,959,ESM4,0.84,2024,"(0.8, 1.5)"
2024-06-06,2024,A,-1,605,"(0.8, 1.5)",37.44285714285714,70.20535714285714,46.80357142857143,0.25,EOD,959,ESM4,0.84,2024,"(0.8, 1.5)"
2024-06-07,2024,A,1,585,"(0.8, 1.5)",37.72857142857143,70.74107142857143,47.160714285714285,2.5,EOD,959,ESM4,0.84,2024,"(0.8, 1.5)"
2024-06-11,2024,A,1,600,"(0.8, 1.5)",39.42857142857143,73.92857142857143,49.285714285714285,42.25,EOD,959,ESM4,0.84,2024,"(0.8, 1.5)"
2024-06-13,2024,A,1,670,"(0.8, 1.5)",39.27142857142857,73.63392857142857,49.089285714285715,14.5,EOD,959,ESM4,0.84,2024,"(0.8, 1.5)"
2024-06-20,2024,A,1,615,"(0.8, 1.5)",37.628571428571426,70.55357142857143,47.035714285714285,-16.75,EOD,959,ESU4,0.84,2024,"(0.8, 1.5)"
2024-06-24,2024,A,-1,600,"(0.8, 1.5)",32.91428571428572,61.71428571428572,41.142857142857146,31.0,EOD,959,ESU4,0.84,2024,"(0.8, 1.5)"
2024-06-27,2024,A,-1,590,"(0.8, 1.5)",31.257142857142856,58.607142857142854,39.07142857142857,-0.25,EOD,959,ESU4,0.84,2024,"(0.8, 1.5)"
2024-06-28,2024,A,1,910,"(0.8, 1.5)",30.142857142857146,56.517857142857146,37.67857142857143,-7.75,EOD,959,ESU4,0.84,2024,"(0.8, 1.5)"
2024-07-01,2024,A,1,620,"(0.8, 1.5)",32.4,60.75,40.5,12.0,EOD,959,ESU4,0.84,2024,"(0.8, 1.5)"
2024-07-05,2024,A,-1,590,"(0.8, 1.5)",29.171428571428574,54.69642857142857,36.464285714285715,-29.171428571428805,SL,928,ESU4,0.84,2024,"(0.8, 1.5)"
2024-07-08,2024,A,-1,655,"(0.8, 1.5)",27.414285714285718,51.40178571428572,34.267857142857146,-1.75,EOD,959,ESU4,0.84,2024,"(0.8, 1.5)"
2024-07-09,2024,A,-1,625,"(0.8, 1.5)",27.614285714285717,51.77678571428572,34.517857142857146,3.25,EOD,959,ESU4,0.84,2024,"(0.8, 1.5)"
2024-07-10,2024,A,-1,645,"(0.8, 1.5)",28.285714285714285,53.03571428571428,35.357142857142854,-28.285714285714675,SL,885,ESU4,0.84,2024,"(0.8, 1.5)"
2024-07-11,2024,A,-1,590,"(0.8, 1.5)",28.71428571428572,53.83928571428572,35.892857142857146,53.839285714285325,TP,723,ESU4,0.84,2024,"(0.8, 1.5)"
2024-07-15,2024,A,-1,695,"(0.8, 1.5)",32.55714285714286,61.044642857142854,40.69642857142857,18.0,EOD,959,ESU4,0.84,2024,"(0.8, 1.5)"
2024-07-18,2024,A,1,640,"(0.8, 1.5)",37.542857142857144,70.39285714285714,46.92857142857143,-37.54285714285743,SL,708,ESU4,0.84,2024,"(0.8, 1.5)"
2024-07-22,2024,A,-1,595,"(0.8, 1.5)",40.11428571428572,75.21428571428572,50.142857142857146,-6.25,EOD,959,ESU4,0.84,2024,"(0.8, 1.5)"
2024-07-23,2024,A,-1,595,"(0.8, 1.5)",40.542857142857144,76.01785714285714,50.67857142857143,14.25,EOD,959,ESU4,0.84,2024,"(0.8, 1.5)"
2024-07-25,2024,A,1,585,"(0.8, 1.5)",47.957142857142856,89.91964285714286,59.94642857142857,-25.75,EOD,959,ESU4,0.84,2024,"(0.8, 1.5)"
2024-07-30,2024,A,-1,585,"(0.8, 1.5)",56.58571428571429,106.09821428571429,70.73214285714286,47.25,EOD,959,ESU4,0.84,2024,"(0.8, 1.5)"
2024-08-01,2024,A,1,655,"(0.8, 1.5)",61.2,114.75,76.5,-61.19999999999982,SL,806,ESU4,0.84,2024,"(0.8, 1.5)"
2024-08-06,2024,A,-1,615,"(0.8, 1.5)",82.60000000000001,154.875,103.25,10.5,EOD,959,ESU4,0.84,2024,"(0.8, 1.5)"
2024-08-07,2024,A,-1,585,"(0.8, 1.5)",84.81428571428572,159.02678571428572,106.01785714285714,112.5,EOD,959,ESU4,0.84,2024,"(0.8, 1.5)"
2024-08-09,2024,A,-1,615,"(0.8, 1.5)",91.07142857142857,170.75892857142856,113.83928571428571,-14.5,EOD,959,ESU4,0.84,2024,"(0.8, 1.5)"
2024-08-12,2024,A,-1,630,"(0.8, 1.5)",90.97142857142858,170.57142857142856,113.71428571428571,9.0,EOD,959,ESU4,0.84,2024,"(0.8, 1.5)"
2024-08-14,2024,A,-1,585,"(0.8, 1.5)",89.05714285714286,166.98214285714286,111.32142857142857,-21.0,EOD,959,ESU4,0.84,2024,"(0.8, 1.5)"
2024-08-19,2024,A,-1,595,"(0.8, 1.5)",86.32857142857144,161.86607142857144,107.91071428571429,-47.25,EOD,959,ESU4,0.84,2024,"(0.8, 1.5)"
2024-08-20,2024,A,-1,870,"(0.8, 1.5)",84.51428571428572,158.46428571428572,105.64285714285714,7.5,EOD,959,ESU4,0.84,2024,"(0.8, 1.5)"
2024-08-21,2024,A,-1,650,"(0.8, 1.5)",79.95714285714286,149.91964285714286,99.94642857142857,-0.0,EOD,959,ESU4,0.84,2024,"(0.8, 1.5)"
2024-08-22,2024,A,-1,605,"(0.8, 1.5)",73.42857142857143,137.67857142857144,91.78571428571429,59.0,EOD,959,ESU4,0.84,2024,"(0.8, 1.5)"
2024-08-26,2024,A,-1,590,"(0.8, 1.5)",60.300000000000004,113.0625,75.375,24.0,EOD,959,ESU4,0.84,2024,"(0.8, 1.5)"
2024-08-27,2024,A,1,590,"(0.8, 1.5)",56.07142857142857,105.13392857142856,70.08928571428571,22.5,EOD,959,ESU4,0.84,2024,"(0.8, 1.5)"
2024-08-29,2024,A,-1,605,"(0.8, 1.5)",47.0,88.125,58.75,29.5,EOD,959,ESU4,0.84,2024,"(0.8, 1.5)"
2024-09-04,2024,A,1,915,"(0.8, 1.5)",49.94285714285715,93.64285714285714,62.42857142857143,10.75,EOD,959,ESU4,0.84,2024,"(0.8, 1.5)"
2024-09-05,2024,A,1,665,"(0.8, 1.5)",47.285714285714285,88.66071428571428,59.107142857142854,-4.0,EOD,959,ESU4,0.84,2024,"(0.8, 1.5)"
2024-09-06,2024,A,1,610,"(0.8, 1.5)",48.91428571428572,91.71428571428572,61.142857142857146,-48.91428571428605,SL,644,ESU4,0.84,2024,"(0.8, 1.5)"
2024-09-10,2024,A,-1,610,"(0.8, 1.5)",54.68571428571429,102.53571428571429,68.35714285714286,-9.25,EOD,959,ESU4,0.84,2024,"(0.8, 1.5)"
2024-09-11,2024,A,1,720,"(0.8, 1.5)",55.6,104.25,69.5,104.25,TP,957,ESU4,0.84,2024,"(0.8, 1.5)"
2024-09-12,2024,A,-1,615,"(0.8, 1.5)",59.77142857142857,112.07142857142856,74.71428571428571,-36.75,EOD,959,ESU4,0.84,2024,"(0.8, 1.5)"
2024-09-23,2024,A,-1,595,"(0.8, 1.5)",63.57142857142857,119.19642857142856,79.46428571428571,-6.0,EOD,959,ESZ4,0.84,2024,"(0.8, 1.5)"
2024-09-24,2024,A,1,605,"(0.8, 1.5)",56.44285714285715,105.83035714285714,70.55357142857143,31.75,EOD,959,ESZ4,0.84,2024,"(0.8, 1.5)"
2024-09-25,2024,A,-1,585,"(0.8, 1.5)",55.84285714285715,104.70535714285714,69.80357142857143,13.25,EOD,959,ESZ4,0.84,2024,"(0.8, 1.5)"
2024-09-26,2024,A,-1,675,"(0.8, 1.5)",53.75714285714286,100.79464285714286,67.19642857142857,-9.75,EOD,959,ESZ4,0.84,2024,"(0.8, 1.5)"
2024-09-30,2024,A,1,605,"(0.8, 1.5)",47.68571428571428,89.41071428571428,59.607142857142854,32.75,EOD,959,ESZ4,0.84,2024,"(0.8, 1.5)"
2024-10-01,2024,A,1,700,"(0.8, 1.5)",48.042857142857144,90.08035714285714,60.05357142857143,-1.75,EOD,959,ESZ4,0.84,2024,"(0.8, 1.5)"
2024-10-02,2024,A,1,590,"(0.8, 1.5)",43.900000000000006,82.3125,54.875,16.25,EOD,959,ESZ4,0.84,2024,"(0.8, 1.5)"
2024-10-04,2024,A,-1,625,"(0.8, 1.5)",43.2,81.0,54.0,-37.0,EOD,959,ESZ4,0.84,2024,"(0.8, 1.5)"
2024-10-07,2024,A,1,875,"(0.8, 1.5)",44.48571428571429,83.41071428571428,55.607142857142854,-7.25,EOD,959,ESZ4,0.84,2024,"(0.8, 1.5)"
2024-10-08,2024,A,-1,645,"(0.8, 1.5)",44.84285714285715,84.08035714285714,56.05357142857143,-12.25,EOD,959,ESZ4,0.84,2024,"(0.8, 1.5)"
2024-10-09,2024,A,-1,610,"(0.8, 1.5)",43.65714285714286,81.85714285714286,54.57142857142857,-34.0,EOD,959,ESZ4,0.84,2024,"(0.8, 1.5)"
2024-10-15,2024,A,1,845,"(0.8, 1.5)",41.61428571428572,78.02678571428572,52.017857142857146,-13.25,EOD,959,ESZ4,0.84,2024,"(0.8, 1.5)"
2024-10-17,2024,A,-1,860,"(0.8, 1.5)",42.971428571428575,80.57142857142857,53.714285714285715,3.0,EOD,959,ESZ4,0.84,2024,"(0.8, 1.5)"
2024-10-21,2024,A,1,865,"(0.8, 1.5)",41.02857142857143,76.92857142857143,51.285714285714285,10.0,EOD,959,ESZ4,0.84,2024,"(0.8, 1.5)"
2024-10-23,2024,A,1,610,"(0.8, 1.5)",38.41428571428572,72.02678571428572,48.017857142857146,-38.41428571428605,SL,792,ESZ4,0.84,2024,"(0.8, 1.5)"
2024-10-25,2024,A,-1,895,"(0.8, 1.5)",39.94285714285715,74.89285714285714,49.92857142857143,10.75,EOD,959,ESZ4,0.84,2024,"(0.8, 1.5)"
2024-10-29,2024,A,1,635,"(0.8, 1.5)",38.55714285714286,72.29464285714286,48.19642857142857,6.75,EOD,959,ESZ4,0.84,2024,"(0.8, 1.5)"
2024-11-04,2024,A,1,585,"(0.8, 1.5)",43.42857142857143,81.42857142857143,54.285714285714285,-12.0,EOD,959,ESZ4,0.84,2024,"(0.8, 1.5)"
2024-11-05,2024,A,-1,585,"(0.8, 1.5)",42.471428571428575,79.63392857142857,53.089285714285715,-42.47142857142899,SL,767,ESZ4,0.84,2024,"(0.8, 1.5)"
2024-11-08,2024,A,-1,590,"(0.8, 1.5)",52.17142857142857,97.82142857142856,65.21428571428571,-14.75,EOD,959,ESZ4,0.84,2024,"(0.8, 1.5)"
2024-11-11,2024,A,-1,585,"(0.8, 1.5)",51.85714285714286,97.23214285714286,64.82142857142857,5.75,EOD,959,ESZ4,0.84,2024,"(0.8, 1.5)"
2024-11-12,2024,A,1,715,"(0.8, 1.5)",51.27142857142857,96.13392857142856,64.08928571428571,-1.75,EOD,959,ESZ4,0.84,2024,"(0.8, 1.5)"
2024-11-14,2024,A,1,845,"(0.8, 1.5)",49.35714285714286,92.54464285714286,61.69642857142857,-15.75,EOD,959,ESZ4,0.84,2024,"(0.8, 1.5)"
2024-11-19,2024,A,1,625,"(0.8, 1.5)",52.02857142857144,97.55357142857144,65.03571428571429,46.0,EOD,959,ESZ4,0.84,2024,"(0.8, 1.5)"
2024-11-21,2024,A,-1,595,"(0.8, 1.5)",50.55714285714286,94.79464285714286,63.19642857142857,-32.75,EOD,959,ESZ4,0.84,2024,"(0.8, 1.5)"
2024-11-22,2024,A,-1,605,"(0.8, 1.5)",51.1,95.8125,63.875,-4.75,EOD,959,ESZ4,0.84,2024,"(0.8, 1.5)"
2024-11-27,2024,A,1,665,"(0.8, 1.5)",42.885714285714286,80.41071428571428,53.607142857142854,2.25,EOD,959,ESZ4,0.84,2024,"(0.8, 1.5)"
2024-12-02,2024,A,-1,635,"(0.8, 1.5)",41.12857142857143,77.11607142857143,51.410714285714285,-2.25,EOD,959,ESZ4,0.84,2024,"(0.8, 1.5)"
2024-12-03,2024,A,1,635,"(0.8, 1.5)",39.35714285714286,73.79464285714286,49.19642857142857,12.25,EOD,959,ESZ4,0.84,2024,"(0.8, 1.5)"
2024-12-05,2024,A,-1,610,"(0.8, 1.5)",37.22857142857143,69.80357142857143,46.535714285714285,12.75,EOD,959,ESZ4,0.84,2024,"(0.8, 1.5)"
2024-12-06,2024,A,-1,605,"(0.8, 1.5)",32.75714285714286,61.419642857142854,40.94642857142857,7.0,EOD,959,ESZ4,0.84,2024,"(0.8, 1.5)"
2024-12-09,2024,A,1,615,"(0.8, 1.5)",31.642857142857146,59.330357142857146,39.55357142857143,-25.5,EOD,959,ESZ4,0.84,2024,"(0.8, 1.5)"
2024-12-12,2024,A,1,620,"(0.8, 1.5)",26.914285714285718,50.46428571428572,33.642857142857146,-15.75,EOD,959,ESZ4,0.84,2024,"(0.8, 1.5)"
2024-12-26,2024,A,-1,705,"(0.8, 1.5)",51.81428571428572,97.15178571428571,64.76785714285714,4.5,EOD,959,ESH5,0.84,2024,"(0.8, 1.5)"
2024-12-30,2024,A,1,850,"(0.8, 1.5)",58.228571428571435,109.17857142857144,72.78571428571429,-25.5,EOD,959,ESH5,0.84,2024,"(0.8, 1.5)"
2024-12-31,2024,A,1,885,"(0.8, 1.5)",62.328571428571436,116.86607142857144,77.91071428571429,10.75,EOD,959,ESH5,0.84,2024,"(0.8, 1.5)"
2025-01-02,2025,A,-1,610,"(0.8, 1.5)",63.900000000000006,119.8125,79.875,61.0,EOD,959,ESH5,0.84,2025,"(0.8, 1.5)"
2025-01-07,2025,A,1,625,"(0.8, 1.5)",71.82857142857144,134.67857142857144,89.78571428571429,-51.0,EOD,959,ESH5,0.84,2025,"(0.8, 1.5)"
2025-01-08,2025,A,1,595,"(0.8, 1.5)",76.0,142.5,95.0,21.25,EOD,959,ESH5,0.84,2025,"(0.8, 1.5)"
2025-01-13,2025,A,1,650,"(0.8, 1.5)",71.15714285714286,133.41964285714286,88.94642857142857,24.75,EOD,959,ESH5,0.84,2025,"(0.8, 1.5)"
2025-01-14,2025,A,-1,665,"(0.8, 1.5)",70.6857142857143,132.53571428571428,88.35714285714286,-18.0,EOD,959,ESH5,0.84,2025,"(0.8, 1.5)"
2025-01-16,2025,A,-1,585,"(0.8, 1.5)",68.17142857142856,127.82142857142856,85.21428571428571,15.5,EOD,959,ESH5,0.84,2025,"(0.8, 1.5)"
2025-01-21,2025,A,-1,880,"(0.8, 1.5)",64.55714285714286,121.04464285714286,80.69642857142857,-10.0,EOD,959,ESH5,0.84,2025,"(0.8, 1.5)"
2025-01-23,2025,A,-1,875,"(0.8, 1.5)",59.97142857142857,112.44642857142856,74.96428571428571,-18.75,EOD,959,ESH5,0.84,2025,"(0.8, 1.5)"
2025-01-24,2025,A,-1,700,"(0.8, 1.5)",56.114285714285714,105.21428571428571,70.14285714285714,20.75,EOD,959,ESH5,0.84,2025,"(0.8, 1.5)"
2025-01-30,2025,A,-1,615,"(0.8, 1.5)",55.37142857142857,103.82142857142856,69.21428571428571,-12.5,EOD,959,ESH5,0.84,2025,"(0.8, 1.5)"
2025-02-06,2025,A,-1,920,"(0.8, 1.5)",53.84285714285715,100.95535714285714,67.30357142857143,-18.75,EOD,959,ESH5,0.84,2025,"(0.8, 1.5)"
2025-02-07,2025,A,1,660,"(0.8, 1.5)",51.74285714285715,97.01785714285714,64.67857142857143,-26.25,EOD,959,ESH5,0.84,2025,"(0.8, 1.5)"
2025-02-11,2025,A,1,610,"(0.8, 1.5)",54.01428571428571,101.27678571428571,67.51785714285714,19.75,EOD,959,ESH5,0.84,2025,"(0.8, 1.5)"
2025-02-13,2025,A,-1,590,"(0.8, 1.5)",54.67142857142857,102.50892857142856,68.33928571428571,-54.671428571428805,SL,917,ESH5,0.84,2025,"(0.8, 1.5)"
2025-02-14,2025,A,-1,640,"(0.8, 1.5)",56.24285714285715,105.45535714285714,70.30357142857143,4.25,EOD,959,ESH5,0.84,2025,"(0.8, 1.5)"
2025-02-18,2025,A,1,590,"(0.8, 1.5)",45.77142857142857,85.82142857142857,57.214285714285715,11.0,EOD,959,ESH5,0.84,2025,"(0.8, 1.5)"
2025-02-20,2025,A,1,895,"(0.8, 1.5)",43.142857142857146,80.89285714285714,53.92857142857143,5.75,EOD,959,ESH5,0.84,2025,"(0.8, 1.5)"
2025-02-24,2025,A,1,595,"(0.8, 1.5)",41.34285714285715,77.51785714285714,51.67857142857143,-23.5,EOD,959,ESH5,0.84,2025,"(0.8, 1.5)"
2025-02-26,2025,A,-1,605,"(0.8, 1.5)",43.6,81.75,54.5,33.75,EOD,959,ESH5,0.84,2025,"(0.8, 1.5)"
2025-02-27,2025,A,1,610,"(0.8, 1.5)",45.871428571428574,86.00892857142857,57.339285714285715,-45.87142857142862,SL,902,ESH5,0.84,2025,"(0.8, 1.5)"
2025-02-28,2025,A,1,585,"(0.8, 1.5)",48.85714285714286,91.60714285714286,61.07142857142857,80.75,EOD,959,ESH5,0.84,2025,"(0.8, 1.5)"
2025-03-03,2025,A,-1,650,"(0.8, 1.5)",53.214285714285715,99.77678571428571,66.51785714285714,99.77678571428532,TP,910,ESH5,0.84,2025,"(0.8, 1.5)"
2025-03-06,2025,A,1,915,"(0.8, 1.5)",67.75714285714285,127.04464285714286,84.69642857142857,-3.25,EOD,959,ESH5,0.84,2025,"(0.8, 1.5)"
2025-03-07,2025,A,1,650,"(0.8, 1.5)",74.11428571428571,138.96428571428572,92.64285714285714,39.5,EOD,959,ESH5,0.84,2025,"(0.8, 1.5)"
2025-03-10,2025,A,1,605,"(0.8, 1.5)",79.9857142857143,149.97321428571428,99.98214285714286,-79.9857142857145,SL,895,ESH5,0.84,2025,"(0.8, 1.5)"
2025-03-11,2025,A,1,630,"(0.8, 1.5)",89.8857142857143,168.53571428571428,112.35714285714286,1.5,EOD,959,ESH5,0.84,2025,"(0.8, 1.5)"
2025-03-13,2025,A,1,705,"(0.8, 1.5)",96.0,180.0,120.0,-27.5,EOD,959,ESH5,0.84,2025,"(0.8, 1.5)"
2025-03-14,2025,A,-1,600,"(0.8, 1.5)",94.95714285714286,178.04464285714286,118.69642857142857,-42.0,EOD,959,ESH5,0.84,2025,"(0.8, 1.5)"
2025-03-17,2025,A,-1,720,"(0.8, 1.5)",98.10000000000001,183.9375,122.625,-32.0,EOD,959,ESH5,0.84,2025,"(0.8, 1.5)"
2025-03-25,2025,A,-1,615,"(0.8, 1.5)",86.12857142857143,161.49107142857144,107.66071428571429,-3.5,EOD,959,ESM5,0.84,2025,"(0.8, 1.5)"
2025-03-26,2025,A,1,605,"(0.8, 1.5)",80.92857142857144,151.74107142857144,101.16071428571429,-52.25,EOD,959,ESM5,0.84,2025,"(0.8, 1.5)"
2025-03-27,2025,A,1,845,"(0.8, 1.5)",78.6857142857143,147.53571428571428,98.35714285714286,-3.5,EOD,959,ESM5,0.84,2025,"(0.8, 1.5)"
2025-04-02,2025,A,-1,705,"(0.8, 1.5)",72.42857142857143,135.80357142857144,90.53571428571429,-21.5,EOD,959,ESM5,0.84,2025,"(0.8, 1.5)"
2025-04-07,2025,A,1,660,"(0.8, 1.5)",98.34285714285716,184.39285714285714,122.92857142857143,-98.34285714285761,SL,674,ESM5,0.84,2025,"(0.8, 1.5)"
2025-04-08,2025,A,-1,600,"(0.8, 1.5)",117.62857142857143,220.55357142857142,147.03571428571428,220.55357142857156,TP,903,ESM5,0.84,2025,"(0.8, 1.5)"
2025-04-11,2025,A,-1,855,"(0.8, 1.5)",174.67142857142858,327.50892857142856,218.33928571428572,-2.0,EOD,959,ESM5,0.84,2025,"(0.8, 1.5)"
2025-04-14,2025,A,-1,720,"(0.8, 1.5)",177.8571428571429,333.4821428571429,222.32142857142858,-32.75,EOD,959,ESM5,0.84,2025,"(0.8, 1.5)"
2025-04-22,2025,A,-1,595,"(0.8, 1.5)",187.2857142857143,351.1607142857143,234.10714285714286,-56.75,EOD,959,ESM5,0.84,2025,"(0.8, 1.5)"
2025-04-24,2025,A,-1,840,"(0.8, 1.5)",194.04285714285714,363.8303571428571,242.55357142857142,-11.75,EOD,959,ESM5,0.84,2025,"(0.8, 1.5)"
2025-04-25,2025,A,-1,585,"(0.8, 1.5)",184.9142857142857,346.7142857142857,231.14285714285714,-40.5,EOD,959,ESM5,0.84,2025,"(0.8, 1.5)"
2025-04-28,2025,A,-1,610,"(0.8, 1.5)",170.12857142857143,318.99107142857144,212.66071428571428,2.25,EOD,959,ESM5,0.84,2025,"(0.8, 1.5)"
2025-04-30,2025,A,1,685,"(0.8, 1.5)",134.24285714285713,251.7053571428571,167.80357142857142,54.5,EOD,959,ESM5,0.84,2025,"(0.8, 1.5)"
2025-05-02,2025,A,-1,605,"(0.8, 1.5)",98.07142857142857,183.88392857142856,122.58928571428571,-25.75,EOD,959,ESM5,0.84,2025,"(0.8, 1.5)"
2025-05-05,2025,A,1,585,"(0.8, 1.5)",94.24285714285715,176.70535714285714,117.80357142857143,10.25,EOD,959,ESM5,0.84,2025,"(0.8, 1.5)"
2025-05-06,2025,A,1,700,"(0.8, 1.5)",91.07142857142857,170.75892857142856,113.83928571428571,-30.0,EOD,959,ESM5,0.84,2025,"(0.8, 1.5)"
2025-05-08,2025,A,-1,610,"(0.8, 1.5)",85.60000000000001,160.5,107.0,-15.75,EOD,959,ESM5,0.84,2025,"(0.8, 1.5)"
2025-05-15,2025,A,1,585,"(0.8, 1.5)",68.81428571428572,129.02678571428572,86.01785714285714,42.0,EOD,959,ESM5,0.84,2025,"(0.8, 1.5)"
2025-05-19,2025,A,-1,905,"(0.8, 1.5)",66.05714285714286,123.85714285714286,82.57142857142857,-7.5,EOD,959,ESM5,0.84,2025,"(0.8, 1.5)"
2025-05-21,2025,A,1,590,"(0.8, 1.5)",60.85714285714286,114.10714285714286,76.07142857142857,-60.85714285714312,SL,810,ESM5,0.84,2025,"(0.8, 1.5)"
2025-05-22,2025,A,1,660,"(0.8, 1.5)",61.6,115.5,77.0,1.0,EOD,959,ESM5,0.84,2025,"(0.8, 1.5)"
2025-05-27,2025,A,-1,605,"(0.8, 1.5)",60.91428571428571,114.21428571428571,76.14285714285714,-43.25,EOD,959,ESM5,0.84,2025,"(0.8, 1.5)"
2025-05-28,2025,A,-1,595,"(0.8, 1.5)",60.42857142857144,113.30357142857144,75.53571428571429,34.0,EOD,959,ESM5,0.84,2025,"(0.8, 1.5)"
2025-05-29,2025,A,1,720,"(0.8, 1.5)",58.47142857142857,109.63392857142856,73.08928571428571,28.25,EOD,959,ESM5,0.84,2025,"(0.8, 1.5)"
2025-05-30,2025,A,1,845,"(0.8, 1.5)",59.88571428571429,112.28571428571429,74.85714285714286,28.0,EOD,959,ESM5,0.84,2025,"(0.8, 1.5)"
2025-06-02,2025,A,-1,860,"(0.8, 1.5)",53.65714285714286,100.60714285714286,67.07142857142857,-18.0,EOD,959,ESM5,0.84,2025,"(0.8, 1.5)"
2025-06-03,2025,A,-1,595,"(0.8, 1.5)",54.51428571428571,102.21428571428571,68.14285714285714,-33.5,EOD,959,ESM5,0.84,2025,"(0.8, 1.5)"
2025-06-04,2025,A,-1,620,"(0.8, 1.5)",55.542857142857144,104.14285714285714,69.42857142857143,12.0,EOD,959,ESM5,0.84,2025,"(0.8, 1.5)"
2025-06-05,2025,A,1,585,"(0.8, 1.5)",53.52857142857144,100.36607142857144,66.91071428571429,-29.5,EOD,959,ESM5,0.84,2025,"(0.8, 1.5)"
2025-06-06,2025,A,-1,635,"(0.8, 1.5)",55.1,103.3125,68.875,1.0,EOD,959,ESM5,0.84,2025,"(0.8, 1.5)"
2025-06-09,2025,A,-1,840,"(0.8, 1.5)",55.214285714285715,103.52678571428571,69.01785714285714,14.75,EOD,959,ESM5,0.84,2025,"(0.8, 1.5)"
2025-06-10,2025,A,-1,660,"(0.8, 1.5)",53.68571428571429,100.66071428571429,67.10714285714286,-20.0,EOD,959,ESM5,0.84,2025,"(0.8, 1.5)"
2025-06-11,2025,A,-1,585,"(0.8, 1.5)",49.85714285714286,93.48214285714286,62.32142857142857,17.0,EOD,959,ESM5,0.84,2025,"(0.8, 1.5)"
2025-06-13,2025,A,1,840,"(0.8, 1.5)",48.18571428571428,90.34821428571428,60.232142857142854,-28.75,EOD,959,ESM5,0.84,2025,"(0.8, 1.5)"
2025-06-25,2025,A,-1,590,"(0.8, 1.5)",52.985714285714295,99.34821428571429,66.23214285714286,6.5,EOD,959,ESU5,0.84,2025,"(0.8, 1.5)"
2025-06-27,2025,A,-1,875,"(0.8, 1.5)",48.67142857142858,91.25892857142857,60.839285714285715,-23.5,EOD,959,ESU5,0.84,2025,"(0.8, 1.5)"
2025-06-30,2025,A,-1,590,"(0.8, 1.5)",50.27142857142857,94.25892857142857,62.839285714285715,-15.5,EOD,959,ESU5,0.84,2025,"(0.8, 1.5)"
2025-07-02,2025,A,-1,640,"(0.8, 1.5)",48.74285714285715,91.39285714285714,60.92857142857143,-14.5,EOD,959,ESU5,0.84,2025,"(0.8, 1.5)"
2025-07-09,2025,A,-1,650,"(0.8, 1.5)",43.98571428571429,82.47321428571428,54.982142857142854,-20.75,EOD,959,ESU5,0.84,2025,"(0.8, 1.5)"
2025-07-10,2025,A,-1,650,"(0.8, 1.5)",42.77142857142857,80.19642857142857,53.464285714285715,-10.25,EOD,959,ESU5,0.84,2025,"(0.8, 1.5)"
2025-07-11,2025,A,1,655,"(0.8, 1.5)",39.72857142857143,74.49107142857143,49.660714285714285,0.75,EOD,959,ESU5,0.84,2025,"(0.8, 1.5)"
2025-07-14,2025,A,-1,910,"(0.8, 1.5)",37.31428571428572,69.96428571428572,46.642857142857146,0.25,EOD,959,ESU5,0.84,2025,"(0.8, 1.5)"
2025-07-15,2025,A,-1,650,"(0.8, 1.5)",34.800000000000004,65.25,43.5,31.75,EOD,959,ESU5,0.84,2025,"(0.8, 1.5)"
2025-07-16,2025,A,1,605,"(0.8, 1.5)",36.52857142857143,68.49107142857143,45.660714285714285,-36.52857142857101,SL,696,ESU5,0.84,2025,"(0.8, 1.5)"
2025-07-21,2025,A,-1,930,"(0.8, 1.5)",36.01428571428572,67.52678571428572,45.017857142857146,7.0,EOD,959,ESU5,0.84,2025,"(0.8, 1.5)"
2025-07-22,2025,A,1,845,"(0.8, 1.5)",36.31428571428572,68.08928571428572,45.392857142857146,2.5,EOD,959,ESU5,0.84,2025,"(0.8, 1.5)"
2025-07-28,2025,A,-1,625,"(0.8, 1.5)",32.65714285714286,61.232142857142854,40.82142857142857,5.75,EOD,959,ESU5,0.84,2025,"(0.8, 1.5)"
2025-07-29,2025,A,-1,590,"(0.8, 1.5)",32.61428571428572,61.15178571428572,40.767857142857146,24.25,EOD,959,ESU5,0.84,2025,"(0.8, 1.5)"
2025-07-31,2025,A,1,860,"(0.8, 1.5)",33.9,63.5625,42.375,-6.5,EOD,959,ESU5,0.84,2025,"(0.8, 1.5)"
2025-08-06,2025,A,-1,845,"(0.8, 1.5)",43.471428571428575,81.50892857142857,54.339285714285715,-0.25,EOD,959,ESU5,0.84,2025,"(0.8, 1.5)"
2025-08-08,2025,A,-1,840,"(0.8, 1.5)",46.92857142857143,87.99107142857143,58.660714285714285,0.25,EOD,959,ESU5,0.84,2025,"(0.8, 1.5)"
2025-08-11,2025,A,-1,585,"(0.8, 1.5)",47.62857142857143,89.30357142857143,59.535714285714285,17.25,EOD,959,ESU5,0.84,2025,"(0.8, 1.5)"
2025-08-12,2025,A,-1,585,"(0.8, 1.5)",48.142857142857146,90.26785714285714,60.17857142857143,-44.75,EOD,959,ESU5,0.84,2025,"(0.8, 1.5)"
2025-08-18,2025,A,1,600,"(0.8, 1.5)",50.71428571428572,95.08928571428572,63.392857142857146,6.0,EOD,959,ESU5,0.84,2025,"(0.8, 1.5)"
2025-08-19,2025,A,-1,615,"(0.8, 1.5)",49.24285714285715,92.33035714285714,61.55357142857143,40.0,EOD,959,ESU5,0.84,2025,"(0.8, 1.5)"
2025-08-26,2025,A,1,585,"(0.8, 1.5)",41.81428571428572,78.40178571428572,52.267857142857146,24.75,EOD,959,ESU5,0.84,2025,"(0.8, 1.5)"
2025-08-28,2025,A,-1,585,"(0.8, 1.5)",38.15714285714286,71.54464285714286,47.69642857142857,-17.5,EOD,959,ESU5,0.84,2025,"(0.8, 1.5)"
2025-09-04,2025,A,-1,615,"(0.8, 1.5)",40.15714285714286,75.29464285714286,50.19642857142857,-40.1571428571433,SL,911,ESU5,0.84,2025,"(0.8, 1.5)"
2025-09-05,2025,A,1,675,"(0.8, 1.5)",41.300000000000004,77.4375,51.625,23.25,EOD,959,ESU5,0.84,2025,"(0.8, 1.5)"
2025-09-09,2025,A,1,640,"(0.8, 1.5)",43.642857142857146,81.83035714285714,54.55357142857143,27.25,EOD,959,ESU5,0.84,2025,"(0.8, 1.5)"
2025-09-10,2025,A,-1,925,"(0.8, 1.5)",41.75714285714286,78.29464285714286,52.19642857142857,-13.5,EOD,959,ESU5,0.84,2025,"(0.8, 1.5)"
2025-09-11,2025,A,-1,590,"(0.8, 1.5)",41.62857142857143,78.05357142857143,52.035714285714285,-31.25,EOD,959,ESU5,0.84,2025,"(0.8, 1.5)"
2025-09-12,2025,A,-1,920,"(0.8, 1.5)",38.92857142857143,72.99107142857143,48.660714285714285,11.5,EOD,959,ESU5,0.84,2025,"(0.8, 1.5)"
2025-09-18,2025,A,-1,595,"(0.8, 1.5)",40.07142857142858,75.13392857142857,50.089285714285715,-11.0,EOD,959,ESZ5,0.84,2025,"(0.8, 1.5)"
2025-09-22,2025,A,-1,650,"(0.8, 1.5)",41.457142857142856,77.73214285714286,51.82142857142857,-21.25,EOD,959,ESZ5,0.84,2025,"(0.8, 1.5)"
2025-09-23,2025,A,1,870,"(0.8, 1.5)",38.01428571428572,71.27678571428572,47.517857142857146,7.0,EOD,959,ESZ5,0.84,2025,"(0.8, 1.5)"
2025-09-26,2025,A,-1,620,"(0.8, 1.5)",37.357142857142854,70.04464285714286,46.69642857142857,-22.25,EOD,959,ESZ5,0.84,2025,"(0.8, 1.5)"
2025-09-29,2025,A,-1,925,"(0.8, 1.5)",38.51428571428572,72.21428571428572,48.142857142857146,-10.75,EOD,959,ESZ5,0.84,2025,"(0.8, 1.5)"
2025-09-30,2025,A,1,645,"(0.8, 1.5)",38.400000000000006,72.0,48.0,36.5,EOD,959,ESZ5,0.84,2025,"(0.8, 1.5)"
2025-10-02,2025,A,-1,590,"(0.8, 1.5)",39.12857142857143,73.36607142857143,48.910714285714285,-1.5,EOD,959,ESZ5,0.84,2025,"(0.8, 1.5)"
2025-10-03,2025,A,-1,605,"(0.8, 1.5)",40.02857142857143,75.05357142857143,50.035714285714285,10.25,EOD,959,ESZ5,0.84,2025,"(0.8, 1.5)"
2025-10-07,2025,A,-1,590,"(0.8, 1.5)",40.871428571428574,76.63392857142857,51.089285714285715,32.75,EOD,959,ESZ5,0.84,2025,"(0.8, 1.5)"
2025-10-08,2025,A,-1,855,"(0.8, 1.5)",39.67142857142858,74.38392857142857,49.589285714285715,-0.75,EOD,959,ESZ5,0.84,2025,"(0.8, 1.5)"
2025-10-09,2025,A,-1,585,"(0.8, 1.5)",38.7,72.5625,48.375,15.75,EOD,959,ESZ5,0.84,2025,"(0.8, 1.5)"
2025-10-14,2025,A,1,650,"(0.8, 1.5)",51.84285714285715,97.20535714285714,64.80357142857143,22.5,EOD,959,ESZ5,0.84,2025,"(0.8, 1.5)"
2025-10-16,2025,A,1,925,"(0.8, 1.5)",59.05714285714286,110.73214285714286,73.82142857142857,14.0,EOD,959,ESZ5,0.84,2025,"(0.8, 1.5)"
2025-10-21,2025,A,-1,710,"(0.8, 1.5)",67.24285714285715,126.08035714285714,84.05357142857143,10.75,EOD,959,ESZ5,0.84,2025,"(0.8, 1.5)"
2025-10-22,2025,A,1,665,"(0.8, 1.5)",65.31428571428572,122.46428571428571,81.64285714285714,-65.31428571428569,SL,821,ESZ5,0.84,2025,"(0.8, 1.5)"
2025-10-28,2025,A,-1,595,"(0.8, 1.5)",72.01428571428572,135.02678571428572,90.01785714285714,-17.0,EOD,959,ESZ5,0.84,2025,"(0.8, 1.5)"
2025-10-30,2025,A,1,590,"(0.8, 1.5)",73.27142857142857,137.38392857142856,91.58928571428571,-39.75,EOD,959,ESZ5,0.84,2025,"(0.8, 1.5)"
2025-11-05,2025,A,1,590,"(0.8, 1.5)",56.65714285714286,106.23214285714286,70.82142857142857,15.25,EOD,959,ESZ5,0.84,2025,"(0.8, 1.5)"
2025-11-07,2025,A,1,890,"(0.8, 1.5)",54.52857142857144,102.24107142857144,68.16071428571429,18.25,EOD,959,ESZ5,0.84,2025,"(0.8, 1.5)"
2025-11-12,2025,A,-1,595,"(0.8, 1.5)",58.15714285714286,109.04464285714286,72.69642857142857,2.0,EOD,959,ESZ5,0.84,2025,"(0.8, 1.5)"
2025-11-14,2025,A,1,645,"(0.8, 1.5)",61.27142857142857,114.88392857142856,76.58928571428571,9.0,EOD,959,ESZ5,0.84,2025,"(0.8, 1.5)"
2025-11-18,2025,A,1,930,"(0.8, 1.5)",67.84285714285714,127.20535714285714,84.80357142857143,-22.75,EOD,959,ESZ5,0.84,2025,"(0.8, 1.5)"
2025-11-25,2025,A,-1,650,"(0.8, 1.5)",86.04285714285714,161.33035714285714,107.55357142857143,-50.5,EOD,959,ESZ5,0.84,2025,"(0.8, 1.5)"
2025-12-01,2025,A,1,620,"(0.8, 1.5)",77.80000000000001,145.875,97.25,-4.75,EOD,959,ESZ5,0.84,2025,"(0.8, 1.5)"
2025-12-02,2025,A,-1,605,"(0.8, 1.5)",77.52857142857144,145.36607142857144,96.91071428571429,16.25,EOD,959,ESZ5,0.84,2025,"(0.8, 1.5)"
2025-12-05,2025,A,-1,700,"(0.8, 1.5)",68.57142857142857,128.57142857142856,85.71428571428571,-2.25,EOD,959,ESZ5,0.84,2025,"(0.8, 1.5)"
2025-12-08,2025,A,1,620,"(0.8, 1.5)",64.12857142857143,120.24107142857144,80.16071428571429,-13.25,EOD,959,ESZ5,0.84,2025,"(0.8, 1.5)"
2025-12-11,2025,A,-1,895,"(0.8, 1.5)",48.75714285714286,91.41964285714286,60.94642857142857,-2.5,EOD,959,ESZ5,0.84,2025,"(0.8, 1.5)"
2025-12-12,2025,A,1,845,"(0.8, 1.5)",44.91428571428572,84.21428571428572,56.142857142857146,-7.0,EOD,959,ESZ5,0.84,2025,"(0.8, 1.5)"
2025-12-17,2025,A,1,650,"(0.8, 1.5)",41.471428571428575,77.75892857142857,51.839285714285715,-41.47142857142899,SL,932,ESH6,0.84,2025,"(0.8, 1.5)"
2025-12-18,2025,A,-1,700,"(0.8, 1.5)",46.55714285714286,87.29464285714286,58.19642857142857,40.25,EOD,959,ESH6,0.84,2025,"(0.8, 1.5)"
2025-12-23,2025,A,-1,600,"(0.8, 1.5)",51.25714285714286,96.10714285714286,64.07142857142857,-25.25,EOD,959,ESH6,0.84,2025,"(0.8, 1.5)"
2025-12-26,2025,A,-1,595,"(0.8, 1.5)",50.24285714285715,94.20535714285714,62.80357142857143,5.25,EOD,959,ESH6,0.84,2025,"(0.8, 1.5)"
2026-01-02,2026,A,1,625,"(0.8, 2.0)",47.5,118.75,59.375,9.75,EOD,959,ESH6,0.84,2026,"(0.8, 2.0)"
2026-01-05,2026,A,-1,595,"(0.8, 2.0)",47.6,119.0,59.5,-7.5,EOD,959,ESH6,0.84,2026,"(0.8, 2.0)"
2026-01-07,2026,A,-1,640,"(0.8, 2.0)",44.1,110.25,55.125,21.75,EOD,959,ESH6,0.84,2026,"(0.8, 2.0)"
2026-01-08,2026,A,1,615,"(0.8, 2.0)",43.21428571428572,108.03571428571429,54.017857142857146,-1.75,EOD,959,ESH6,0.84,2026,"(0.8, 2.0)"
2026-01-12,2026,A,-1,870,"(0.8, 2.0)",37.7,94.25,47.125,1.25,EOD,959,ESH6,0.84,2026,"(0.8, 2.0)"
2026-01-15,2026,A,-1,925,"(0.8, 2.0)",39.042857142857144,97.60714285714286,48.80357142857143,-6.0,EOD,959,ESH6,0.84,2026,"(0.8, 2.0)"
2026-01-20,2026,A,1,630,"(0.8, 2.0)",43.62857142857143,109.07142857142857,54.535714285714285,-43.62857142857138,SL,816,ESH6,0.84,2026,"(0.8, 2.0)"
2026-01-21,2026,A,-1,650,"(0.8, 2.0)",47.642857142857146,119.10714285714286,59.55357142857143,-6.5,EOD,959,ESH6,0.84,2026,"(0.8, 2.0)"
2026-01-22,2026,A,-1,635,"(0.8, 2.0)",50.74285714285715,126.85714285714286,63.42857142857143,-1.0,EOD,959,ESH6,0.84,2026,"(0.8, 2.0)"
2026-01-23,2026,A,1,585,"(0.8, 2.0)",49.885714285714286,124.71428571428571,62.357142857142854,12.5,EOD,959,ESH6,0.84,2026,"(0.8, 2.0)"
2026-01-27,2026,A,-1,585,"(0.8, 2.0)",48.72857142857143,121.82142857142857,60.910714285714285,-15.0,EOD,959,ESH6,0.84,2026,"(0.8, 2.0)"
2026-02-04,2026,A,1,850,"(0.8, 2.0)",57.65714285714286,144.14285714285714,72.07142857142857,18.0,EOD,959,ESH6,0.84,2026,"(0.8, 2.0)"
2026-02-05,2026,A,1,585,"(0.8, 2.0)",60.457142857142856,151.14285714285714,75.57142857142857,-60.45714285714257,SL,614,ESH6,0.84,2026,"(0.8, 2.0)"
2026-02-09,2026,A,-1,625,"(0.8, 2.0)",67.41428571428571,168.53571428571428,84.26785714285714,-15.5,EOD,959,ESH6,0.84,2026,"(0.8, 2.0)"
2026-02-10,2026,A,-1,600,"(0.8, 2.0)",66.57142857142857,166.42857142857142,83.21428571428571,36.75,EOD,959,ESH6,0.84,2026,"(0.8, 2.0)"
2026-02-11,2026,A,1,665,"(0.8, 2.0)",63.02857142857144,157.57142857142858,78.78571428571429,1.25,EOD,959,ESH6,0.84,2026,"(0.8, 2.0)"
2026-02-13,2026,A,1,590,"(0.8, 2.0)",70.7,176.75,88.375,1.5,EOD,959,ESH6,0.84,2026,"(0.8, 2.0)"
2026-02-17,2026,A,1,585,"(0.8, 2.0)",72.08571428571429,180.21428571428572,90.10714285714286,21.25,EOD,959,ESH6,0.84,2026,"(0.8, 2.0)"
2026-02-18,2026,A,-1,585,"(0.8, 2.0)",75.11428571428571,187.78571428571428,93.89285714285714,-12.0,EOD,959,ESH6,0.84,2026,"(0.8, 2.0)"
2026-02-19,2026,A,1,715,"(0.8, 2.0)",71.74285714285715,179.35714285714286,89.67857142857143,5.25,EOD,959,ESH6,0.84,2026,"(0.8, 2.0)"
2026-02-23,2026,A,1,690,"(0.8, 2.0)",70.82857142857144,177.07142857142858,88.53571428571429,-4.25,EOD,959,ESH6,0.84,2026,"(0.8, 2.0)"
2026-02-26,2026,A,1,605,"(0.8, 2.0)",65.71428571428571,164.28571428571428,82.14285714285714,-9.5,EOD,959,ESH6,0.84,2026,"(0.8, 2.0)"
2026-02-27,2026,A,1,615,"(0.8, 2.0)",62.44285714285715,156.10714285714286,78.05357142857143,17.25,EOD,959,ESH6,0.84,2026,"(0.8, 2.0)"
2026-03-02,2026,A,-1,710,"(0.8, 2.0)",62.65714285714286,156.64285714285714,78.32142857142857,2.0,EOD,959,ESH6,0.84,2026,"(0.8, 2.0)"
2026-03-05,2026,A,1,635,"(0.8, 2.0)",66.7,166.75,83.375,11.75,EOD,959,ESH6,0.84,2026,"(0.8, 2.0)"
2026-03-09,2026,A,1,865,"(0.8, 2.0)",72.85714285714286,182.14285714285714,91.07142857142857,82.75,EOD,959,ESH6,0.84,2026,"(0.8, 2.0)"
2026-03-10,2026,A,-1,645,"(0.8, 2.0)",77.7,194.25,97.125,30.0,EOD,959,ESH6,0.84,2026,"(0.8, 2.0)"
2026-03-11,2026,A,1,695,"(0.8, 2.0)",79.0,197.5,98.75,14.25,EOD,959,ESH6,0.84,2026,"(0.8, 2.0)"
2026-03-13,2026,A,-1,590,"(0.8, 2.0)",81.32857142857144,203.32142857142858,101.66071428571429,88.25,EOD,959,ESH6,0.84,2026,"(0.8, 2.0)"
2026-03-19,2026,A,1,915,"(0.8, 2.0)",82.85714285714286,207.14285714285714,103.57142857142857,-22.0,EOD,959,ESM6,0.84,2026,"(0.8, 2.0)"
2026-03-24,2026,A,1,665,"(0.8, 2.0)",82.97142857142858,207.42857142857142,103.71428571428571,-17.75,EOD,959,ESM6,0.84,2026,"(0.8, 2.0)"
2026-03-25,2026,A,-1,600,"(0.8, 2.0)",82.75714285714287,206.89285714285714,103.44642857142857,-2.5,EOD,959,ESM6,0.84,2026,"(0.8, 2.0)"
2026-03-26,2026,A,1,600,"(0.8, 2.0)",81.45714285714286,203.64285714285714,101.82142857142857,-81.45714285714257,SL,839,ESM6,0.84,2026,"(0.8, 2.0)"
2026-03-30,2026,A,1,855,"(0.8, 2.0)",78.58571428571429,196.46428571428572,98.23214285714286,-11.75,EOD,959,ESM6,0.84,2026,"(0.8, 2.0)"
2026-03-31,2026,A,-1,585,"(0.8, 2.0)",80.0,200.0,100.0,-80.0,SL,761,ESM6,0.84,2026,"(0.8, 2.0)"
2026-04-02,2026,A,1,715,"(0.8, 2.0)",86.14285714285715,215.35714285714286,107.67857142857143,13.5,EOD,959,ESM6,0.84,2026,"(0.8, 2.0)"
2026-04-06,2026,A,-1,605,"(0.8, 2.0)",87.27142857142857,218.17857142857142,109.08928571428571,-25.0,EOD,959,ESM6,0.84,2026,"(0.8, 2.0)"
2026-04-07,2026,A,1,595,"(0.8, 2.0)",84.12857142857143,210.32142857142858,105.16071428571429,35.5,EOD,959,ESM6,0.84,2026,"(0.8, 2.0)"
2026-04-09,2026,A,-1,700,"(0.8, 2.0)",90.71428571428572,226.78571428571428,113.39285714285714,-25.5,EOD,959,ESM6,0.84,2026,"(0.8, 2.0)"
2026-04-10,2026,A,-1,660,"(0.8, 2.0)",90.37142857142857,225.92857142857142,112.96428571428571,20.25,EOD,959,ESM6,0.84,2026,"(0.8, 2.0)"
2026-04-13,2026,A,1,595,"(0.8, 2.0)",84.75714285714287,211.89285714285714,105.94642857142857,73.5,EOD,959,ESM6,0.84,2026,"(0.8, 2.0)"
2026-04-16,2026,A,-1,865,"(0.8, 2.0)",82.08571428571429,205.21428571428572,102.60714285714286,-16.25,EOD,959,ESM6,0.84,2026,"(0.8, 2.0)"
2026-04-21,2026,A,-1,645,"(0.8, 2.0)",72.55714285714286,181.39285714285714,90.69642857142857,58.0,EOD,959,ESM6,0.84,2026,"(0.8, 2.0)"
2026-04-23,2026,A,1,885,"(0.8, 2.0)",65.6857142857143,164.21428571428572,82.10714285714286,-2.0,EOD,959,ESM6,0.84,2026,"(0.8, 2.0)"
2026-04-30,2026,A,-1,595,"(0.8, 2.0)",53.042857142857144,132.60714285714286,66.30357142857143,-53.04285714285743,SL,811,ESM6,0.84,2026,"(0.8, 2.0)"
2026-05-04,2026,A,1,615,"(0.8, 2.0)",54.300000000000004,135.75,67.875,-54.30000000000018,SL,728,ESM6,0.84,2026,"(0.8, 2.0)"
2026-05-05,2026,A,-1,590,"(0.8, 2.0)",53.42857142857144,133.57142857142858,66.78571428571429,-16.25,EOD,959,ESM6,0.84,2026,"(0.8, 2.0)"
2026-05-07,2026,A,-1,610,"(0.8, 2.0)",57.68571428571429,144.21428571428572,72.10714285714286,31.0,EOD,959,ESM6,0.84,2026,"(0.8, 2.0)"
2026-05-08,2026,A,-1,595,"(0.8, 2.0)",55.142857142857146,137.85714285714286,68.92857142857143,-14.5,EOD,959,ESM6,0.84,2026,"(0.8, 2.0)"
2026-05-12,2026,A,1,585,"(0.8, 2.0)",54.042857142857144,135.10714285714286,67.55357142857143,16.0,EOD,959,ESM6,0.84,2026,"(0.8, 2.0)"
2026-05-13,2026,A,-1,655,"(0.8, 2.0)",54.214285714285715,135.53571428571428,67.76785714285714,-35.25,EOD,959,ESM6,0.84,2026,"(0.8, 2.0)"
2026-05-18,2026,A,1,590,"(0.8, 2.0)",58.02857142857144,145.07142857142858,72.53571428571429,-2.25,EOD,959,ESM6,0.84,2026,"(0.8, 2.0)"
2026-05-19,2026,A,1,590,"(0.8, 2.0)",59.15714285714286,147.89285714285714,73.94642857142857,-7.25,EOD,959,ESM6,0.84,2026,"(0.8, 2.0)"
2026-05-20,2026,A,-1,620,"(0.8, 2.0)",61.08571428571429,152.71428571428572,76.35714285714286,-40.0,EOD,959,ESM6,0.84,2026,"(0.8, 2.0)"
2026-05-27,2026,A,1,710,"(0.8, 2.0)",57.58571428571429,143.96428571428572,71.98214285714286,20.0,EOD,959,ESM6,0.84,2026,"(0.8, 2.0)"
2026-06-04,2026,A,1,640,"(0.8, 2.0)",50.51428571428572,126.28571428571429,63.142857142857146,35.25,EOD,959,ESM6,0.84,2026,"(0.8, 2.0)"
2026-06-09,2026,A,-1,595,"(0.8, 2.0)",56.65714285714286,141.64285714285714,70.82142857142857,141.64285714285688,TP,689,ESM6,0.84,2026,"(0.8, 2.0)"
2026-06-11,2026,A,1,660,"(0.8, 2.0)",68.87142857142857,172.17857142857142,86.08928571428571,118.75,EOD,959,ESM6,0.84,2026,"(0.8, 2.0)"
2026-06-12,2026,A,-1,615,"(0.8, 2.0)",74.4857142857143,186.21428571428572,93.10714285714286,-24.0,EOD,959,ESM6,0.84,2026,"(0.8, 2.0)"
2026-06-24,2026,A,-1,665,"(0.8, 2.0)",93.21428571428572,233.03571428571428,116.51785714285714,61.75,EOD,959,ESU6,0.84,2026,"(0.8, 2.0)"
2026-06-25,2026,A,1,605,"(0.8, 2.0)",94.5,236.25,118.125,0.75,EOD,959,ESU6,0.84,2026,"(0.8, 2.0)"
2026-06-29,2026,A,-1,605,"(0.8, 2.0)",88.97142857142858,222.42857142857142,111.21428571428571,-47.0,EOD,959,ESU6,0.84,2026,"(0.8, 2.0)"
2026-07-02,2026,A,-1,585,"(0.8, 2.0)",74.10000000000001,185.25,92.625,52.25,EOD,959,ESU6,0.84,2026,"(0.8, 2.0)"
2026-07-07,2026,A,1,620,"(0.8, 2.0)",68.27142857142857,170.67857142857142,85.33928571428571,0.25,EOD,959,ESU6,0.84,2026,"(0.8, 2.0)"
2026-07-10,2026,A,-1,585,"(0.8, 2.0)",67.10000000000001,167.75,83.875,-26.5,EOD,959,ESU6,0.84,2026,"(0.8, 2.0)"
2026-07-13,2026,A,1,930,"(0.8, 2.0)",67.24285714285715,168.10714285714286,84.05357142857143,8.25,EOD,959,ESU6,0.84,2026,"(0.8, 2.0)"
2026-07-15,2026,A,-1,665,"(0.8, 2.0)",61.51428571428571,153.78571428571428,76.89285714285714,-15.0,EOD,959,ESU6,0.84,2026,"(0.8, 2.0)"
2026-07-16,2026,A,1,885,"(0.8, 2.0)",58.91428571428571,147.28571428571428,73.64285714285714,2.5,EOD,959,ESU6,0.84,2026,"(0.8, 2.0)"
2026-07-22,2026,A,-1,610,"(0.8, 2.0)",55.78571428571429,139.46428571428572,69.73214285714286,11.25,EOD,959,ESU6,0.84,2026,"(0.8, 2.0)"
2026-07-24,2026,A,-1,680,"(0.8, 2.0)",56.542857142857144,141.35714285714286,70.67857142857143,26.5,EOD,959,ESU6,0.84,2026,"(0.8, 2.0)"
2026-07-27,2026,A,-1,590,"(0.8, 2.0)",57.400000000000006,143.5,71.75,47.0,EOD,959,ESU6,0.84,2026,"(0.8, 2.0)"
2026-07-31,2026,A,-1,600,"(0.8, 2.0)",65.4857142857143,163.71428571428572,81.85714285714286,-65.4857142857145,SL,945,ESU6,0.84,2026,"(0.8, 2.0)"
2026-08-05,2026,A,-1,675,"(0.8, 2.0)",77.9,194.75,97.375,34.75,EOD,959,ESU6,0.84,2026,"(0.8, 2.0)"
2026-08-06,2026,A,1,585,"(0.8, 2.0)",78.22857142857144,195.57142857142858,97.78571428571429,-20.0,EOD,959,ESU6,0.84,2026,"(0.8, 2.0)"
2026-08-07,2026,A,-1,590,"(0.8, 2.0)",74.81428571428572,187.03571428571428,93.51785714285714,-13.5,EOD,959,ESU6,0.84,2026,"(0.8, 2.0)"
2026-08-10,2026,A,-1,625,"(0.8, 2.0)",73.52857142857144,183.82142857142858,91.91071428571429,8.25,EOD,959,ESU6,0.84,2026,"(0.8, 2.0)"
2026-08-11,2026,A,1,695,"(0.8, 2.0)",71.55714285714286,178.89285714285714,89.44642857142857,-15.25,EOD,959,ESU6,0.84,2026,"(0.8, 2.0)"
2026-08-17,2026,A,1,585,"(0.8, 2.0)",64.4857142857143,161.21428571428572,80.60714285714286,-28.5,EOD,959,ESU6,0.84,2026,"(0.8, 2.0)"
2026-08-19,2026,A,-1,590,"(0.8, 2.0)",58.542857142857144,146.35714285714286,73.17857142857143,-6.0,EOD,959,ESU6,0.84,2026,"(0.8, 2.0)"
2026-08-24,2026,A,1,720,"(0.8, 2.0)",47.74285714285715,119.35714285714286,59.67857142857143,-9.75,EOD,959,ESU6,0.84,2026,"(0.8, 2.0)"
2026-08-25,2026,A,-1,615,"(0.8, 2.0)",40.84285714285715,102.10714285714286,51.05357142857143,-6.25,EOD,959,ESU6,0.84,2026,"(0.8, 2.0)"
2026-08-26,2026,A,-1,605,"(0.8, 2.0)",38.75714285714286,96.89285714285714,48.44642857142857,8.75,EOD,959,ESU6,0.84,2026,"(0.8, 2.0)"
2026-08-28,2026,A,-1,585,"(0.8, 2.0)",38.885714285714286,97.21428571428571,48.607142857142854,32.5,EOD,959,ESU6,0.84,2026,"(0.8, 2.0)"
2026-09-17,2026,A,-1,630,"(0.8, 2.0)",49.94285714285715,124.85714285714286,62.42857142857143,-9.75,EOD,959,ESZ6,0.84,2026,"(0.8, 2.0)"
2026-09-24,2026,A,1,840,"(0.8, 2.0)",52.2,130.5,65.25,2.5,EOD,959,ESZ6,0.84,2026,"(0.8, 2.0)"
2026-09-25,2026,A,-1,670,"(0.8, 2.0)",52.985714285714295,132.46428571428572,66.23214285714286,-23.25,EOD,959,ESZ6,0.84,2026,"(0.8, 2.0)"
2026-09-29,2026,A,1,675,"(0.8, 2.0)",57.27142857142857,143.17857142857142,71.58928571428571,1.75,EOD,959,ESZ6,0.84,2026,"(0.8, 2.0)"
2026-10-01,2026,A,1,850,"(0.8, 2.0)",57.7,144.25,72.125,14.25,EOD,959,ESZ6,0.84,2026,"(0.8, 2.0)"
2026-10-05,2026,A,-1,630,"(0.8, 2.0)",57.985714285714295,144.96428571428572,72.48214285714286,-23.25,EOD,959,ESZ6,0.84,2026,"(0.8, 2.0)"
