Datetime,Adj Close,Close,High,Low,Open,Volume
2024-05-16 10:00:00-04:00,18748.0,18748.0,18749.75,18673.75,18709.0,75465
2024-05-16 11:00:00-04:00,18740.75,18740.75,18760.75,18724.25,18748.0,58003
2024-05-16 12:00:00-04:00,18733.5,18733.5,18740.5,18707.0,18740.5,45756
2024-05-16 13:00:00-04:00,18710.0,18710.0,18741.0,18670.75,18733.75,71298
2024-05-16 14:00:00-04:00,18695.25,18695.25,18711.0,18661.0,18710.25,55403
2024-05-16 15:00:00-04:00,18650.75,18650.75,18703.5,18643.75,18695.5,69621
2024-05-17 10:00:00-04:00,18665.25,18665.25,18677.0,18622.0,18638.5,69101
2024-05-17 11:00:00-04:00,18654.0,18654.0,18666.0,18621.5,18665.0,58148
2024-05-17 12:00:00-04:00,18640.5,18640.5,18661.0,18607.75,18653.75,42689
2024-05-17 13:00:00-04:00,18615.25,18615.25,18640.75,18609.25,18640.75,32518
2024-05-17 14:00:00-04:00,18617.25,18617.25,18622.5,18545.0,18615.5,64602
2024-05-17 15:00:00-04:00,18638.5,18638.5,18643.0,18608.75,18617.75,58506
2024-05-20 10:00:00-04:00,18743.5,18743.5,18772.0,18731.75,18749.75,62703
2024-05-20 11:00:00-04:00,18742.0,18742.0,18762.5,18729.5,18743.75,43071
2024-05-20 12:00:00-04:00,18791.25,18791.25,18794.5,18741.25,18742.0,43738
2024-05-20 13:00:00-04:00,18745.5,18745.5,18793.75,18735.5,18791.25,47316
2024-05-20 14:00:00-04:00,18748.75,18748.75,18767.25,18707.0,18745.75,53546
2024-05-20 15:00:00-04:00,18766.25,18766.25,18784.0,18740.75,18748.75,61052
2024-05-21 10:00:00-04:00,18755.0,18755.0,18758.75,18701.75,18707.75,66234
2024-05-21 11:00:00-04:00,18745.0,18745.0,18763.5,18731.5,18754.5,40213
2024-05-21 12:00:00-04:00,18747.0,18747.0,18771.75,18738.25,18745.0,33539
2024-05-21 13:00:00-04:00,18775.75,18775.75,18775.75,18734.0,18747.0,35103
2024-05-21 14:00:00-04:00,18769.5,18769.5,18781.0,18755.25,18775.75,29418
2024-05-21 15:00:00-04:00,18800.75,18800.75,18808.75,18764.0,18769.5,54894
2024-05-22 10:00:00-04:00,18821.0,18821.0,18832.75,18801.5,18823.75,59538
2024-05-22 11:00:00-04:00,18819.5,18819.5,18838.5,18800.0,18822.0,42734
2024-05-22 12:00:00-04:00,18803.75,18803.75,18832.5,18790.5,18819.25,35879
2024-05-22 13:00:00-04:00,18771.75,18771.75,18826.0,18746.0,18803.5,60341
2024-05-22 14:00:00-04:00,18730.0,18730.0,18771.75,18684.25,18771.75,105282
2024-05-22 15:00:00-04:00,18793.75,18793.75,18794.0,18694.25,18730.25,88489
2024-05-23 10:00:00-04:00,18807.75,18807.75,18915.5,18802.0,18852.0,120872
2024-05-23 11:00:00-04:00,18915.75,18915.75,18931.0,18805.0,18808.25,79159
2024-05-23 12:00:00-04:00,18843.25,18843.25,18933.5,18843.25,18915.5,61142
2024-05-23 13:00:00-04:00,18716.5,18716.5,18859.0,18711.25,18843.5,103412
2024-05-23 14:00:00-04:00,18634.0,18634.0,18725.25,18627.75,18716.5,118121
2024-05-23 15:00:00-04:00,18696.75,18696.75,18716.75,18621.5,18633.5,114089
2024-05-24 10:00:00-04:00,18862.0,18862.0,18866.75,18750.0,18750.0,101450
2024-05-24 11:00:00-04:00,18896.75,18896.75,18919.0,18858.75,18862.25,83268
2024-05-24 12:00:00-04:00,18885.0,18885.0,18915.75,18883.5,18896.5,41552
2024-05-24 13:00:00-04:00,18903.5,18903.5,18911.0,18874.25,18885.25,34695
2024-05-24 14:00:00-04:00,18870.75,18870.75,18926.0,18870.0,18903.25,37187
2024-05-24 15:00:00-04:00,18874.25,18874.25,18883.25,18835.5,18870.5,66794
2024-05-28 10:00:00-04:00,18923.5,18923.5,18929.75,18842.5,18864.5,74868
2024-05-28 11:00:00-04:00,18922.5,18922.5,18939.5,18899.25,18924.25,43024
2024-05-28 12:00:00-04:00,18921.5,18921.5,18943.75,18909.75,18922.5,46479
2024-05-28 13:00:00-04:00,18902.25,18902.25,18944.5,18891.25,18921.5,52085
2024-05-28 14:00:00-04:00,18867.5,18867.5,18927.75,18819.5,18902.25,75555
2024-05-28 15:00:00-04:00,18943.25,18943.25,18945.5,18862.5,18867.0,80569
2024-05-29 10:00:00-04:00,18868.25,18868.25,18879.75,18810.5,18831.25,88490
2024-05-29 11:00:00-04:00,18850.5,18850.5,18874.75,18822.75,18867.75,50786
2024-05-29 12:00:00-04:00,18871.25,18871.25,18878.0,18821.0,18851.0,39734
2024-05-29 13:00:00-04:00,18859.5,18859.5,18874.5,18816.5,18871.5,50780
2024-05-29 14:00:00-04:00,18825.25,18825.25,18865.5,18814.0,18859.25,44584
2024-05-29 15:00:00-04:00,18810.5,18810.5,18862.75,18785.0,18825.25,73562
2024-05-30 10:00:00-04:00,18658.5,18658.5,18752.75,18645.5,18739.0,103472
2024-05-30 11:00:00-04:00,18669.0,18669.0,18698.5,18623.75,18658.25,60253
2024-05-30 12:00:00-04:00,18696.5,18696.5,18706.0,18668.25,18669.0,42503
2024-05-30 13:00:00-04:00,18702.75,18702.75,18729.0,18686.5,18696.75,39730
2024-05-30 14:00:00-04:00,18670.25,18670.25,18705.0,18650.75,18702.75,45090
2024-05-30 15:00:00-04:00,18604.25,18604.25,18675.0,18546.25,18670.5,112537
2024-05-31 10:00:00-04:00,18386.75,18386.75,18548.75,18356.0,18543.5,145662
2024-05-31 11:00:00-04:00,18300.75,18300.75,18388.0,18294.75,18387.0,83356
2024-05-31 12:00:00-04:00,18293.0,18293.0,18313.75,18241.25,18300.5,76675
2024-05-31 13:00:00-04:00,18341.25,18341.25,18367.0,18291.5,18292.75,61332
2024-05-31 14:00:00-04:00,18352.5,18352.5,18366.5,18310.25,18341.5,49308
2024-05-31 15:00:00-04:00,18598.0,18598.0,18601.0,18339.0,18352.5,145418
2024-06-03 10:00:00-04:00,18590.0,18590.0,18728.5,18571.0,18681.0,118857
2024-06-03 11:00:00-04:00,18604.0,18604.0,18637.25,18564.25,18590.5,71424
2024-06-03 12:00:00-04:00,18483.25,18483.25,18618.75,18467.75,18604.5,81730
2024-06-03 13:00:00-04:00,18557.25,18557.25,18578.75,18435.75,18483.25,70621
2024-06-03 14:00:00-04:00,18560.5,18560.5,18584.75,18526.5,18557.25,46092
2024-06-03 15:00:00-04:00,18652.5,18652.5,18654.75,18552.75,18560.75,66886
2024-06-04 10:00:00-04:00,18601.0,18601.0,18663.75,18567.75,18603.0,114655
2024-06-04 11:00:00-04:00,18586.0,18586.0,18640.0,18576.25,18610.5,61217
2024-06-04 12:00:00-04:00,18629.0,18629.0,18652.25,18570.75,18585.75,53196
2024-06-04 13:00:00-04:00,18629.5,18629.5,18645.75,18594.75,18628.75,42501
2024-06-04 14:00:00-04:00,18711.0,18711.0,18753.25,18624.0,18628.5,70328
2024-06-04 15:00:00-04:00,18701.5,18701.5,18712.75,18632.0,18710.75,92426
2024-06-05 10:00:00-04:00,18921.25,18921.25,18936.75,18800.0,18854.0,107245
2024-06-05 11:00:00-04:00,18965.0,18965.0,18987.0,18921.25,18921.5,66072
2024-06-05 12:00:00-04:00,19003.5,19003.5,19008.0,18954.75,18964.75,39947
2024-06-05 13:00:00-04:00,19024.25,19024.25,19028.25,18977.25,19003.75,49112
2024-06-05 14:00:00-04:00,19037.5,19037.5,19043.75,19005.5,19024.5,36913
2024-06-05 15:00:00-04:00,19077.5,19077.5,19079.5,19020.5,19037.25,86344
2024-06-06 10:00:00-04:00,19083.0,19083.0,19106.5,19032.25,19033.75,85117
2024-06-06 11:00:00-04:00,19063.25,19063.25,19095.75,19052.0,19082.25,48086
2024-06-06 12:00:00-04:00,19057.0,19057.0,19077.0,19035.25,19063.5,46278
2024-06-06 13:00:00-04:00,19072.25,19072.25,19090.5,19049.0,19056.5,41325
2024-06-06 14:00:00-04:00,19065.5,19065.5,19077.75,19017.25,19072.25,55624
2024-06-06 15:00:00-04:00,19065.75,19065.75,19075.0,19040.75,19066.0,60411
2024-06-07 10:00:00-04:00,19076.0,19076.0,19117.25,19019.25,19032.25,73279
2024-06-07 11:00:00-04:00,19083.75,19083.75,19088.75,19015.25,19076.0,63385
2024-06-07 12:00:00-04:00,19141.75,19141.75,19145.75,19071.0,19083.5,57971
2024-06-07 13:00:00-04:00,19114.75,19114.75,19155.0,19113.75,19141.75,46572
2024-06-07 14:00:00-04:00,19051.5,19051.5,19116.25,18997.0,19114.5,84591
2024-06-07 15:00:00-04:00,19041.25,19041.25,19067.75,18999.0,19052.25,78739
2024-06-10 10:00:00-04:00,19065.75,19065.75,19069.75,18988.0,18993.75,81903
2024-06-10 11:00:00-04:00,19088.25,19088.25,19113.5,19062.25,19065.75,63230
2024-06-10 12:00:00-04:00,19106.25,19106.25,19121.25,19082.75,19088.25,47740
2024-06-10 13:00:00-04:00,19101.75,19101.75,19118.0,19054.0,19106.0,60050
2024-06-10 14:00:00-04:00,19077.75,19077.75,19106.5,19034.0,19101.75,72658
2024-06-10 15:00:00-04:00,19112.5,19112.5,19129.75,19072.75,19077.0,78429
2024-06-11 10:00:00-04:00,19134.25,19134.25,19136.5,19026.0,19032.25,89460
2024-06-11 11:00:00-04:00,19077.5,19077.5,19137.0,19063.25,19134.25,70546
2024-06-11 12:00:00-04:00,19099.0,19099.0,19111.0,19074.25,19078.25,37002
2024-06-11 13:00:00-04:00,19164.25,19164.25,19166.5,19086.5,19098.75,54030
2024-06-11 14:00:00-04:00,19210.25,19210.25,19232.25,19152.0,19164.75,61960
2024-06-11 15:00:00-04:00,19242.25,19242.25,19247.5,19187.25,19210.25,65638
2024-06-12 10:00:00-04:00,19504.75,19504.75,19546.75,19480.0,19491.75,95779
2024-06-12 11:00:00-04:00,19515.25,19515.25,19538.75,19497.5,19505.0,53228
2024-06-12 12:00:00-04:00,19509.5,19509.5,19526.0,19493.25,19514.75,38565
2024-06-12 13:00:00-04:00,19517.75,19517.75,19536.75,19490.75,19509.75,31886
2024-06-12 14:00:00-04:00,19517.75,19517.75,19542.0,19448.5,19518.5,101533
2024-06-12 15:00:00-04:00,19492.5,19492.5,19588.75,19433.0,19518.25,120479
2024-06-13 10:00:00-04:00,19554.75,19554.75,19650.5,19534.75,19631.0,104977
2024-06-13 11:00:00-04:00,19587.5,19587.5,19609.0,19546.25,19555.0,56104
2024-06-13 12:00:00-04:00,19544.0,19544.0,19589.0,19500.0,19588.0,66261
2024-06-13 13:00:00-04:00,19568.0,19568.0,19586.0,19537.25,19543.75,43769
2024-06-13 14:00:00-04:00,19599.0,19599.0,19605.5,19548.0,19568.25,40905
2024-06-13 15:00:00-04:00,19593.0,19593.0,19632.25,19584.75,19599.25,63513
2024-06-14 10:00:00-04:00,19628.5,19628.5,19648.5,19574.0,19638.75,105271
2024-06-14 11:00:00-04:00,19617.75,19617.75,19633.0,19563.5,19628.25,65693
2024-06-14 12:00:00-04:00,19632.25,19632.25,19643.0,19601.0,19617.75,51543
2024-06-14 13:00:00-04:00,19657.5,19657.5,19676.25,19627.0,19632.5,46957
2024-06-14 14:00:00-04:00,19665.5,19665.5,19675.25,19629.25,19657.5,45740
2024-06-14 15:00:00-04:00,19687.5,19687.5,19692.5,19646.0,19665.25,49952
2024-06-17 10:00:00-04:00,19713.5,19713.5,19720.0,19665.75,19690.5,48796
2024-06-17 11:00:00-04:00,19750.0,19750.0,19759.75,19713.5,19713.75,39895
2024-06-17 12:00:00-04:00,19827.5,19827.5,19850.5,19742.75,19750.0,47902
2024-06-17 13:00:00-04:00,19963.0,19963.0,19967.25,19828.25,19828.25,55653
2024-06-17 14:00:00-04:00,19967.0,19967.0,20001.0,19947.75,19962.75,42356
2024-06-17 15:00:00-04:00,19925.25,19925.25,19991.25,19916.0,19966.0,44294
2024-06-18 10:00:00-04:00,19886.0,19886.0,19938.0,19880.0,19904.25,31092
2024-06-18 11:00:00-04:00,19911.5,19911.5,19913.25,19851.75,19886.25,23086
2024-06-18 12:00:00-04:00,19929.75,19929.75,19934.5,19893.25,19910.75,14413
2024-06-18 13:00:00-04:00,19927.0,19927.0,19953.0,19910.5,19929.0,13033
2024-06-18 14:00:00-04:00,19924.25,19924.25,19931.75,19885.0,19927.75,14853
2024-06-18 15:00:00-04:00,19923.75,19923.75,19933.0,19900.0,19924.0,21229
2024-06-20 10:00:00-04:00,19946.0,19946.0,19968.0,19847.75,19962.5,18190
2024-06-20 11:00:00-04:00,19893.5,19893.5,19957.75,19885.5,19946.75,11003
2024-06-20 12:00:00-04:00,19812.5,19812.5,19907.0,19745.5,19893.25,20952
2024-06-20 13:00:00-04:00,19766.5,19766.5,19813.25,19694.25,19812.0,14864
2024-06-20 14:00:00-04:00,19747.25,19747.25,19813.0,19745.0,19766.5,13066
2024-06-20 15:00:00-04:00,19767.25,19767.25,19799.0,19696.75,19747.25,14346
2024-06-24 10:00:00-04:00,19907.25,19907.25,19995.5,19821.25,19947.0,135141
2024-06-24 11:00:00-04:00,19918.0,19918.0,19931.75,19872.25,19907.25,72714
2024-06-24 12:00:00-04:00,19851.0,19851.0,19921.75,19841.25,19918.0,51371
2024-06-24 13:00:00-04:00,19810.25,19810.25,19866.25,19787.75,19851.5,65225
2024-06-24 14:00:00-04:00,19820.5,19820.5,19834.25,19767.25,19810.25,61983
2024-06-24 15:00:00-04:00,19744.75,19744.75,19855.0,19740.5,19820.5,81169
2024-06-25 10:00:00-04:00,19866.25,19866.25,19902.0,19828.25,19832.0,98172
2024-06-25 11:00:00-04:00,19958.75,19958.75,19960.75,19866.5,19866.5,70530
2024-06-25 12:00:00-04:00,19874.25,19874.25,19968.0,19856.0,19959.25,63958
2024-06-25 13:00:00-04:00,19924.25,19924.25,19931.75,19837.75,19874.25,48253
2024-06-25 14:00:00-04:00,19949.75,19949.75,19965.75,19916.0,19924.5,43256
2024-06-25 15:00:00-04:00,19966.75,19966.75,19981.25,19933.75,19949.5,58478
2024-06-26 10:00:00-04:00,19974.75,19974.75,20024.0,19944.5,19970.5,87243
2024-06-26 11:00:00-04:00,20019.0,20019.0,20028.0,19912.0,19974.75,84762
2024-06-26 12:00:00-04:00,19974.0,19974.0,20020.75,19944.25,20019.0,49424
2024-06-26 13:00:00-04:00,19984.5,19984.5,19990.75,19935.25,19974.0,41119
2024-06-26 14:00:00-04:00,19951.0,19951.0,19986.5,19948.25,19984.75,39403
2024-06-26 15:00:00-04:00,20005.0,20005.0,20027.5,19927.25,19951.75,71688
2024-06-27 10:00:00-04:00,20030.5,20030.5,20116.75,20001.5,20059.5,99495
2024-06-27 11:00:00-04:00,19989.75,19989.75,20039.0,19954.0,20030.5,80989
2024-06-27 12:00:00-04:00,20028.75,20028.75,20058.0,19980.75,19988.75,49141
2024-06-27 13:00:00-04:00,20034.25,20034.25,20066.0,20023.25,20028.75,35381
2024-06-27 14:00:00-04:00,20043.5,20043.5,20046.0,19993.5,20034.75,54265
2024-06-27 15:00:00-04:00,20047.75,20047.75,20061.25,20000.25,20043.25,57017
2024-06-28 10:00:00-04:00,20140.75,20140.75,20273.25,20119.5,20148.25,142088
2024-06-28 11:00:00-04:00,20108.25,20108.25,20140.75,20075.75,20140.25,87013
2024-06-28 12:00:00-04:00,20036.25,20036.25,20115.25,19985.25,20109.0,83393
2024-06-28 13:00:00-04:00,20041.0,20041.0,20072.5,20017.25,20036.0,43722
2024-06-28 14:00:00-04:00,20012.5,20012.5,20071.75,20003.25,20040.25,47521
2024-06-28 15:00:00-04:00,19932.25,19932.25,20018.25,19906.25,20012.5,123065
2024-07-01 10:00:00-04:00,19907.75,19907.75,19950.5,19811.75,19888.0,135229
2024-07-01 11:00:00-04:00,19975.5,19975.5,19976.25,19885.0,19907.75,69198
2024-07-01 12:00:00-04:00,20013.5,20013.5,20026.5,19957.25,19975.75,55257
2024-07-01 13:00:00-04:00,19999.25,19999.25,20020.25,19977.5,20013.75,36893
2024-07-01 14:00:00-04:00,20013.75,20013.75,20050.75,19982.5,19999.5,48021
2024-07-01 15:00:00-04:00,20049.25,20049.25,20074.0,19983.75,20013.75,75556
2024-07-02 10:00:00-04:00,20111.0,20111.0,20124.25,20017.75,20063.5,116529
2024-07-02 11:00:00-04:00,20094.5,20094.5,20156.25,20084.75,20111.25,68724
2024-07-02 12:00:00-04:00,20126.75,20126.75,20127.75,20065.25,20094.75,45728
2024-07-02 13:00:00-04:00,20209.0,20209.0,20216.0,20120.0,20127.25,58816
2024-07-02 14:00:00-04:00,20223.0,20223.0,20240.0,20204.0,20209.25,42887
2024-07-02 15:00:00-04:00,20256.75,20256.75,20259.25,20208.0,20222.5,62479
2024-07-03 09:30:00-04:00,20274.25,20274.25,20279.5,20207.0,20219.0,76838
2024-07-03 10:30:00-04:00,20313.0,20313.0,20320.75,20235.75,20275.5,90948
2024-07-03 11:30:00-04:00,20379.5,20379.5,20382.5,20292.5,20313.25,68563
2024-07-03 12:30:00-04:00,20414.0,20414.0,20423.5,20369.75,20379.25,69862
2024-07-05 10:00:00-04:00,20524.25,20524.25,20552.0,20462.25,20514.75,101861
2024-07-05 11:00:00-04:00,20596.25,20596.25,20607.0,20510.0,20523.5,64247
2024-07-05 12:00:00-04:00,20589.0,20589.0,20617.0,20577.0,20596.0,45516
2024-07-05 13:00:00-04:00,20624.25,20624.25,20638.5,20575.75,20589.25,42525
2024-07-05 14:00:00-04:00,20614.0,20614.0,20629.5,20594.25,20624.75,36141
2024-07-05 15:00:00-04:00,20622.25,20622.25,20639.5,20608.25,20613.75,58540
2024-07-08 10:00:00-04:00,20609.0,20609.0,20642.25,20588.0,20635.0,85166
2024-07-08 11:00:00-04:00,20667.25,20667.25,20670.75,20603.75,20609.25,65531
2024-07-08 12:00:00-04:00,20634.25,20634.25,20669.75,20609.0,20668.0,45951
2024-07-08 13:00:00-04:00,20653.75,20653.75,20668.25,20625.75,20634.75,32630
2024-07-08 14:00:00-04:00,20646.0,20646.0,20656.25,20609.0,20653.5,41619
2024-07-08 15:00:00-04:00,20666.0,20666.0,20688.0,20617.75,20646.0,56887
2024-07-09 10:00:00-04:00,20709.0,20709.0,20771.75,20680.5,20749.5,112290
2024-07-09 11:00:00-04:00,20705.5,20705.5,20721.25,20670.25,20708.75,64648
2024-07-09 12:00:00-04:00,20676.0,20676.0,20717.0,20644.0,20705.25,60093
2024-07-09 13:00:00-04:00,20660.5,20660.5,20690.75,20615.75,20676.25,64258
2024-07-09 14:00:00-04:00,20671.75,20671.75,20679.25,20641.75,20660.25,43050
2024-07-09 15:00:00-04:00,20680.75,20680.75,20686.25,20654.5,20671.75,41828
2024-07-10 10:00:00-04:00,20729.5,20729.5,20796.5,20723.75,20765.25,101135
2024-07-10 11:00:00-04:00,20767.25,20767.25,20769.5,20703.0,20729.5,63437
2024-07-10 12:00:00-04:00,20847.75,20847.75,20850.0,20760.25,20767.0,68071
2024-07-10 13:00:00-04:00,20874.0,20874.0,20880.5,20840.5,20847.5,51228
2024-07-10 14:00:00-04:00,20879.75,20879.75,20895.25,20861.0,20874.5,36348
2024-07-10 15:00:00-04:00,20894.25,20894.25,20916.75,20853.0,20879.5,79891
2024-07-11 10:00:00-04:00,20604.0,20604.0,20872.0,20600.75,20869.25,172964
2024-07-11 11:00:00-04:00,20480.75,20480.75,20647.5,20475.75,20604.0,147300
2024-07-11 12:00:00-04:00,20443.5,20443.5,20539.25,20442.25,20481.5,96502
2024-07-11 13:00:00-04:00,20391.0,20391.0,20483.5,20385.75,20444.0,72959
2024-07-11 14:00:00-04:00,20468.25,20468.25,20470.5,20377.25,20390.5,62931
2024-07-11 15:00:00-04:00,20429.25,20429.25,20493.75,20429.0,20468.25,93467
2024-07-12 10:00:00-04:00,20636.25,20636.25,20661.25,20522.0,20543.5,120409
2024-07-12 11:00:00-04:00,20595.0,20595.0,20666.75,20589.75,20636.25,68432
2024-07-12 12:00:00-04:00,20630.5,20630.5,20632.75,20554.75,20594.75,66476
2024-07-12 13:00:00-04:00,20709.25,20709.25,20741.0,20622.75,20630.5,64407
2024-07-12 14:00:00-04:00,20710.0,20710.0,20723.75,20681.25,20710.0,48235
2024-07-12 15:00:00-04:00,20539.75,20539.75,20712.0,20510.25,20709.0,119987
2024-07-15 10:00:00-04:00,20727.75,20727.75,20738.5,20623.25,20627.5,87934
2024-07-15 11:00:00-04:00,20701.25,20701.25,20797.0,20664.0,20727.75,93283
2024-07-15 12:00:00-04:00,20651.5,20651.5,20704.75,20603.25,20700.75,81470
2024-07-15 13:00:00-04:00,20569.5,20569.5,20653.0,20556.5,20652.25,78275
2024-07-15 14:00:00-04:00,20617.75,20617.75,20633.0,20547.5,20569.75,54054
2024-07-15 15:00:00-04:00,20593.5,20593.5,20643.25,20506.25,20617.5,92134
2024-07-16 10:00:00-04:00,20539.5,20539.5,20595.0,20485.5,20581.25,127062
2024-07-16 11:00:00-04:00,20550.5,20550.5,20608.5,20522.5,20532.0,71443
2024-07-16 12:00:00-04:00,20545.5,20545.5,20567.25,20464.5,20550.75,75262
2024-07-16 13:00:00-04:00,20525.5,20525.5,20544.75,20495.0,20544.75,43615
2024-07-16 14:00:00-04:00,20590.0,20590.0,20590.25,20485.75,20525.25,57912
2024-07-16 15:00:00-04:00,20599.5,20599.5,20614.25,20558.75,20590.0,64089
2024-07-17 10:00:00-04:00,20123.5,20123.5,20212.75,20097.75,20209.0,146973
2024-07-17 11:00:00-04:00,20086.75,20086.75,20151.75,20053.0,20123.0,95860
2024-07-17 12:00:00-04:00,20063.0,20063.0,20089.25,20007.75,20087.0,89336
2024-07-17 13:00:00-04:00,20031.5,20031.5,20084.5,20011.25,20063.5,66919
2024-07-17 14:00:00-04:00,20026.25,20026.25,20075.0,20011.75,20032.0,54993
2024-07-17 15:00:00-04:00,19992.25,19992.25,20072.5,19987.75,20026.0,93387
2024-07-18 10:00:00-04:00,19989.75,19989.75,20107.0,19893.25,20069.25,162961
2024-07-18 11:00:00-04:00,19797.0,19797.0,20004.75,19785.0,19990.0,130668
2024-07-18 12:00:00-04:00,19913.5,19913.5,19914.25,19773.0,19797.5,84824
2024-07-18 13:00:00-04:00,19873.25,19873.25,19946.25,19855.0,19913.5,76758
2024-07-18 14:00:00-04:00,19846.25,19846.25,19892.25,19812.5,19873.25,84550
2024-07-18 15:00:00-04:00,19892.0,19892.0,19961.0,19758.75,19846.25,140671
2024-07-19 10:00:00-04:00,19826.25,19826.25,19917.0,19774.5,19883.75,117106
2024-07-19 11:00:00-04:00,19816.75,19816.75,19875.25,19704.0,19826.5,103295
2024-07-19 12:00:00-04:00,19729.25,19729.25,19826.25,19686.5,19817.75,78605
2024-07-19 13:00:00-04:00,19721.5,19721.5,19731.25,19654.0,19729.25,68976
2024-07-19 14:00:00-04:00,19720.5,19720.5,19746.0,19669.75,19720.75,54397
2024-07-19 15:00:00-04:00,19712.25,19712.25,19784.5,19685.0,19721.0,89669
2024-07-22 10:00:00-04:00,19954.25,19954.25,20018.5,19895.0,19970.0,107266
2024-07-22 11:00:00-04:00,19865.25,19865.25,19998.0,19809.75,19961.5,93628
2024-07-22 12:00:00-04:00,19961.5,19961.5,19973.25,19835.5,19865.25,53648
2024-07-22 13:00:00-04:00,19999.5,19999.5,20016.25,19957.5,19961.5,44378
2024-07-22 14:00:00-04:00,20011.0,20011.0,20044.75,19992.5,20000.0,37732
2024-07-22 15:00:00-04:00,19998.0,19998.0,20032.5,19979.25,20011.25,58926
2024-07-23 10:00:00-04:00,19972.75,19972.75,20047.75,19927.5,20006.5,107177
2024-07-23 11:00:00-04:00,20034.0,20034.0,20084.75,19978.0,19979.0,72473
2024-07-23 12:00:00-04:00,19949.25,19949.25,20040.75,19926.5,20034.75,64424
2024-07-23 13:00:00-04:00,19979.75,19979.75,19988.0,19915.75,19949.25,46199
2024-07-23 14:00:00-04:00,19975.5,19975.5,19997.0,19946.5,19979.0,38770
2024-07-23 15:00:00-04:00,19924.5,19924.5,19995.75,19904.0,19976.0,57476
2024-07-24 10:00:00-04:00,19435.0,19435.0,19523.75,19411.75,19510.5,117061
2024-07-24 11:00:00-04:00,19359.25,19359.25,19443.5,19357.25,19436.25,81718
2024-07-24 12:00:00-04:00,19321.5,19321.5,19367.5,19308.5,19359.5,73426
2024-07-24 13:00:00-04:00,19320.0,19320.0,19380.5,19310.75,19321.25,61598
2024-07-24 14:00:00-04:00,19248.5,19248.5,19330.75,19224.0,19320.0,75088
2024-07-24 15:00:00-04:00,19205.25,19205.25,19307.5,19169.0,19248.0,125110
2024-07-25 10:00:00-04:00,19214.75,19214.75,19217.0,18883.25,19031.25,184743
2024-07-25 11:00:00-04:00,19235.0,19235.0,19280.0,19142.5,19214.5,106039
2024-07-25 12:00:00-04:00,19334.0,19334.0,19361.25,19190.75,19234.75,91845
2024-07-25 13:00:00-04:00,19289.5,19289.5,19390.5,19245.0,19334.5,67053
2024-07-25 14:00:00-04:00,19128.25,19128.25,19294.25,19110.0,19289.25,69181
2024-07-25 15:00:00-04:00,18991.75,18991.75,19244.5,18982.0,19127.5,104901
2024-07-26 10:00:00-04:00,19128.0,19128.0,19192.25,19040.25,19130.0,120295
2024-07-26 11:00:00-04:00,19184.5,19184.5,19194.25,19090.5,19127.75,72386
2024-07-26 12:00:00-04:00,19276.75,19276.75,19289.5,19177.25,19185.25,63763
2024-07-26 13:00:00-04:00,19194.25,19194.25,19297.75,19148.5,19277.0,73318
2024-07-26 14:00:00-04:00,19130.0,19130.0,19221.75,19117.75,19195.25,49646
2024-07-26 15:00:00-04:00,19176.75,19176.75,19191.25,19104.25,19129.75,90221
2024-07-29 10:00:00-04:00,19222.0,19222.0,19377.0,19218.5,19358.25,98838
2024-07-29 11:00:00-04:00,19260.75,19260.75,19271.25,19113.25,19221.5,84048
2024-07-29 12:00:00-04:00,19308.5,19308.5,19342.5,19260.5,19261.0,63407
2024-07-29 13:00:00-04:00,19255.0,19255.0,19348.75,19245.0,19308.25,46591
2024-07-29 14:00:00-04:00,19220.0,19220.0,19257.5,19186.0,19255.0,44570
2024-07-29 15:00:00-04:00,19209.0,19209.0,19267.5,19198.75,19220.5,51055
2024-07-30 10:00:00-04:00,19108.0,19108.0,19244.75,19097.25,19227.0,114361
2024-07-30 11:00:00-04:00,18929.25,18929.25,19116.25,18926.0,19106.5,110643
2024-07-30 12:00:00-04:00,18816.25,18816.25,18973.25,18810.75,18929.75,77211
2024-07-30 13:00:00-04:00,18937.25,18937.25,18950.0,18803.0,18816.5,76117
2024-07-30 14:00:00-04:00,18952.5,18952.5,18999.5,18922.5,18936.75,61220
2024-07-30 15:00:00-04:00,18939.0,18939.0,19016.25,18903.75,18953.0,86580
2024-07-31 10:00:00-04:00,19451.75,19451.75,19494.0,19371.75,19390.75,107767
2024-07-31 11:00:00-04:00,19471.75,19471.75,19515.75,19441.75,19452.5,61439
2024-07-31 12:00:00-04:00,19428.75,19428.75,19490.75,19424.5,19471.5,38936
2024-07-31 13:00:00-04:00,19426.75,19426.75,19479.75,19344.75,19429.25,47641
2024-07-31 14:00:00-04:00,19554.25,19554.25,19570.25,19385.0,19431.5,69728
2024-07-31 15:00:00-04:00,19496.75,19496.75,19573.25,19416.25,19554.25,117747
2024-08-01 10:00:00-04:00,19342.0,19342.0,19667.25,19329.5,19641.25,138557
2024-08-01 11:00:00-04:00,19162.0,19162.0,19357.0,19146.25,19342.25,113086
2024-08-01 12:00:00-04:00,19090.25,19090.25,19236.25,19074.5,19162.75,82826
2024-08-01 13:00:00-04:00,19018.75,19018.75,19108.25,18911.5,19091.0,82860
2024-08-01 14:00:00-04:00,18891.0,18891.0,19034.25,18868.25,19019.0,76542
2024-08-01 15:00:00-04:00,19027.25,19027.25,19064.25,18883.25,18891.75,107627
2024-08-02 10:00:00-04:00,18425.25,18425.25,18581.75,18386.0,18581.25,144952
2024-08-02 11:00:00-04:00,18593.25,18593.25,18630.0,18404.75,18425.75,98545
2024-08-02 12:00:00-04:00,18508.0,18508.0,18633.0,18482.25,18589.0,77662
2024-08-02 13:00:00-04:00,18492.0,18492.0,18559.25,18445.0,18507.75,52702
2024-08-02 14:00:00-04:00,18501.0,18501.0,18588.25,18452.25,18492.25,53574
2024-08-02 15:00:00-04:00,18561.0,18561.0,18580.5,18461.25,18500.25,81834
2024-08-05 10:00:00-04:00,17943.5,17943.5,18112.5,17851.0,17889.25,135327
2024-08-05 11:00:00-04:00,18105.5,18105.5,18189.25,17888.25,17943.75,87581
2024-08-05 12:00:00-04:00,18041.0,18041.0,18289.0,18020.0,18105.5,64636
2024-08-05 13:00:00-04:00,18077.5,18077.5,18168.25,18021.5,18042.25,45994
2024-08-05 14:00:00-04:00,17907.25,17907.25,18088.5,17892.5,18079.5,55808
2024-08-05 15:00:00-04:00,18020.25,18020.25,18033.5,17907.0,17907.0,90660
2024-08-06 10:00:00-04:00,18300.5,18300.5,18340.5,18102.25,18142.25,113435
2024-08-06 11:00:00-04:00,18341.25,18341.25,18349.75,18182.0,18301.75,73780
2024-08-06 12:00:00-04:00,18426.25,18426.25,18446.75,18316.25,18342.25,48594
2024-08-06 13:00:00-04:00,18442.75,18442.75,18449.5,18379.25,18427.25,41853
2024-08-06 14:00:00-04:00,18386.75,18386.75,18483.25,18385.0,18418.75,42132
2024-08-06 15:00:00-04:00,18172.0,18172.0,18392.75,18164.75,18386.75,97004
2024-08-07 10:00:00-04:00,18511.0,18511.0,18557.0,18405.75,18520.25,101025
2024-08-07 11:00:00-04:00,18399.0,18399.0,18548.75,18341.25,18512.0,72045
2024-08-07 12:00:00-04:00,18282.75,18282.75,18404.5,18259.25,18400.75,66110
2024-08-07 13:00:00-04:00,18117.75,18117.75,18298.0,18095.0,18281.75,73694
2024-08-07 14:00:00-04:00,18030.0,18030.0,18134.25,18000.5,18117.75,72075
2024-08-07 15:00:00-04:00,17967.25,17967.25,18147.0,17951.75,18030.25,77401
2024-08-08 10:00:00-04:00,18412.0,18412.0,18438.0,18190.0,18209.25,100080
2024-08-08 11:00:00-04:00,18403.5,18403.5,18419.75,18323.25,18412.0,63905
2024-08-08 12:00:00-04:00,18406.25,18406.25,18463.75,18361.0,18403.75,53951
2024-08-08 13:00:00-04:00,18514.5,18514.5,18532.25,18358.0,18407.5,54192
2024-08-08 14:00:00-04:00,18492.25,18492.25,18555.25,18472.25,18514.25,44026
2024-08-08 15:00:00-04:00,18519.25,18519.25,18539.75,18404.25,18493.5,82970
2024-08-09 10:00:00-04:00,18526.25,18526.25,18564.75,18404.5,18432.0,82899
2024-08-09 11:00:00-04:00,18482.0,18482.0,18578.75,18473.5,18525.75,51293
2024-08-09 12:00:00-04:00,18529.5,18529.5,18531.0,18455.5,18490.25,34693
2024-08-09 13:00:00-04:00,18608.75,18608.75,18674.5,18521.5,18529.75,46123
2024-08-09 14:00:00-04:00,18595.0,18595.0,18628.5,18565.25,18610.75,34526
2024-08-09 15:00:00-04:00,18609.5,18609.5,18633.75,18566.75,18594.5,51029
2024-08-12 10:00:00-04:00,18727.75,18727.75,18743.25,18531.0,18540.75,78672
2024-08-12 11:00:00-04:00,18720.0,18720.0,18765.25,18576.25,18728.0,74614
2024-08-12 12:00:00-04:00,18622.5,18622.5,18731.75,18620.75,18719.75,44051
2024-08-12 13:00:00-04:00,18618.25,18618.25,18690.0,18586.0,18622.75,39771
2024-08-12 14:00:00-04:00,18647.0,18647.0,18649.25,18598.0,18618.5,29872
2024-08-12 15:00:00-04:00,18645.5,18645.5,18651.0,18581.5,18647.5,50891
2024-08-13 10:00:00-04:00,18941.0,18941.0,18951.5,18856.0,18897.75,75717
2024-08-13 11:00:00-04:00,18980.75,18980.75,18997.5,18933.5,18941.0,45878
2024-08-13 12:00:00-04:00,19073.75,19073.75,19075.0,18966.0,18981.25,51586
2024-08-13 13:00:00-04:00,19057.5,19057.5,19087.5,19006.5,19073.75,43971
2024-08-13 14:00:00-04:00,19082.25,19082.25,19084.75,19037.5,19058.0,29905
2024-08-13 15:00:00-04:00,19101.5,19101.5,19112.5,19032.25,19082.5,60165
2024-08-14 10:00:00-04:00,19066.75,19066.75,19072.25,18925.5,19029.5,97360
2024-08-14 11:00:00-04:00,19196.75,19196.75,19203.5,19053.5,19067.0,61575
2024-08-14 12:00:00-04:00,19071.0,19071.0,19198.25,19018.0,19196.75,69075
2024-08-14 13:00:00-04:00,19071.75,19071.75,19102.5,19052.25,19070.0,39055
2024-08-14 14:00:00-04:00,19110.0,19110.0,19113.0,19044.5,19071.75,31159
2024-08-14 15:00:00-04:00,19107.5,19107.5,19142.25,19038.25,19109.25,52112
2024-08-15 10:00:00-04:00,19481.5,19481.5,19514.75,19405.5,19461.25,80867
2024-08-15 11:00:00-04:00,19525.75,19525.75,19547.0,19471.75,19481.5,52863
2024-08-15 12:00:00-04:00,19537.5,19537.5,19570.0,19513.25,19526.0,45785
2024-08-15 13:00:00-04:00,19583.5,19583.5,19585.0,19519.75,19538.0,34419
2024-08-15 14:00:00-04:00,19583.75,19583.75,19592.0,19565.25,19584.0,32925
2024-08-15 15:00:00-04:00,19587.25,19587.25,19603.25,19543.0,19584.0,68910
2024-08-16 10:00:00-04:00,19519.75,19519.75,19591.25,19488.25,19494.25,82864
2024-08-16 11:00:00-04:00,19575.75,19575.75,19584.0,19495.0,19520.25,48108
2024-08-16 12:00:00-04:00,19651.5,19651.5,19660.75,19564.25,19575.25,40211
2024-08-16 13:00:00-04:00,19628.25,19628.25,19655.5,19603.5,19652.25,30587
2024-08-16 14:00:00-04:00,19622.75,19622.75,19629.25,19590.5,19628.75,25842
2024-08-16 15:00:00-04:00,19603.5,19603.5,19625.0,19572.25,19623.5,40540
2024-08-19 10:00:00-04:00,19654.75,19654.75,19662.0,19529.0,19588.0,77849
2024-08-19 11:00:00-04:00,19638.0,19638.0,19680.0,19618.25,19655.25,42498
2024-08-19 12:00:00-04:00,19692.75,19692.75,19699.75,19620.25,19639.0,30202
2024-08-19 13:00:00-04:00,19721.25,19721.25,19722.75,19674.0,19692.5,27039
2024-08-19 14:00:00-04:00,19769.75,19769.75,19786.25,19719.0,19721.75,34869
2024-08-19 15:00:00-04:00,19860.0,19860.0,19861.25,19756.0,19769.75,56615
2024-08-20 10:00:00-04:00,19785.5,19785.5,19923.5,19743.0,19918.5,105868
2024-08-20 11:00:00-04:00,19852.75,19852.75,19853.25,19772.75,19786.0,59771
2024-08-20 12:00:00-04:00,19777.5,19777.5,19858.5,19776.0,19852.75,42359
2024-08-20 13:00:00-04:00,19809.75,19809.75,19812.75,19748.25,19778.25,35836
2024-08-20 14:00:00-04:00,19851.5,19851.5,19867.75,19802.25,19810.0,36822
2024-08-20 15:00:00-04:00,19811.25,19811.25,19859.75,19803.5,19851.75,48842
2024-08-21 10:00:00-04:00,19833.75,19833.75,19981.75,19804.0,19879.75,114911
2024-08-21 11:00:00-04:00,19824.0,19824.0,19894.5,19802.5,19834.25,57701
2024-08-21 12:00:00-04:00,19870.5,19870.5,19879.5,19771.5,19824.75,40043
2024-08-21 13:00:00-04:00,19893.25,19893.25,19901.0,19854.5,19871.0,25627
2024-08-21 14:00:00-04:00,19905.0,19905.0,19953.25,19878.25,19895.0,50735
2024-08-21 15:00:00-04:00,19906.0,19906.0,19922.25,19832.75,19904.25,57113
2024-08-22 10:00:00-04:00,19878.25,19878.25,19985.75,19854.5,19977.5,96392
2024-08-22 11:00:00-04:00,19711.25,19711.25,19915.25,19664.0,19878.5,95798
2024-08-22 12:00:00-04:00,19707.0,19707.0,19831.75,19692.0,19711.25,75241
2024-08-22 13:00:00-04:00,19610.5,19610.5,19738.75,19586.5,19707.5,66412
2024-08-22 14:00:00-04:00,19610.25,19610.25,19675.0,19584.0,19611.25,54904
2024-08-22 15:00:00-04:00,19584.5,19584.5,19666.0,19542.0,19610.5,83987
2024-08-23 10:00:00-04:00,19720.5,19720.5,19904.25,19622.5,19754.75,153114
2024-08-23 11:00:00-04:00,19717.0,19717.0,19818.25,19662.5,19720.0,88452
2024-08-23 12:00:00-04:00,19681.0,19681.0,19725.25,19591.75,19717.25,67862
2024-08-23 13:00:00-04:00,19732.75,19732.75,19768.75,19665.75,19680.75,43779
2024-08-23 14:00:00-04:00,19738.75,19738.75,19766.5,19722.5,19732.75,34114
2024-08-23 15:00:00-04:00,19789.5,19789.5,19811.25,19705.75,19738.75,65324
2024-08-26 10:00:00-04:00,19601.25,19601.25,19727.0,19505.5,19722.5,99260
2024-08-26 11:00:00-04:00,19555.75,19555.75,19634.0,19546.25,19600.25,55555
2024-08-26 12:00:00-04:00,19619.75,19619.75,19643.0,19541.75,19556.25,41471
2024-08-26 13:00:00-04:00,19536.75,19536.75,19626.75,19523.75,19620.25,41878
2024-08-26 14:00:00-04:00,19615.5,19615.5,19620.75,19514.0,19537.0,43874
2024-08-26 15:00:00-04:00,19593.0,19593.0,19624.5,19557.5,19615.5,48980
2024-08-27 10:00:00-04:00,19669.5,19669.5,19673.5,19530.5,19542.75,76839
2024-08-27 11:00:00-04:00,19610.75,19610.75,19694.25,19578.0,19669.5,58877
2024-08-27 12:00:00-04:00,19625.25,19625.25,19648.0,19583.25,19610.25,39942
2024-08-27 13:00:00-04:00,19686.25,19686.25,19690.5,19618.0,19625.0,37404
2024-08-27 14:00:00-04:00,19655.5,19655.5,19692.75,19639.5,19686.5,28252
2024-08-27 15:00:00-04:00,19651.75,19651.75,19668.75,19631.0,19656.0,40416
2024-08-28 10:00:00-04:00,19454.75,19454.75,19593.25,19454.5,19558.0,73029
2024-08-28 11:00:00-04:00,19426.75,19426.75,19455.0,19339.25,19454.5,81869
2024-08-28 12:00:00-04:00,19453.5,19453.5,19462.75,19362.25,19426.5,43395
2024-08-28 13:00:00-04:00,19296.75,19296.75,19468.75,19291.25,19452.75,49342
2024-08-28 14:00:00-04:00,19430.0,19430.0,19435.5,19278.5,19297.25,49843
2024-08-28 15:00:00-04:00,19421.25,19421.25,19482.75,19407.25,19429.75,67253
2024-08-29 10:00:00-04:00,19642.5,19642.5,19693.5,19530.75,19643.75,100383
2024-08-29 11:00:00-04:00,19632.25,19632.25,19686.5,19591.5,19640.75,52863
2024-08-29 12:00:00-04:00,19652.25,19652.25,19690.0,19626.0,19632.75,38456
2024-08-29 13:00:00-04:00,19633.75,19633.75,19652.75,19575.75,19652.5,41702
2024-08-29 14:00:00-04:00,19400.75,19400.75,19633.75,19342.0,19633.25,92256
2024-08-29 15:00:00-04:00,19393.5,19393.5,19466.5,19337.0,19401.25,91877
2024-08-30 10:00:00-04:00,19468.75,19468.75,19628.75,19466.75,19593.75,82080
2024-08-30 11:00:00-04:00,19461.75,19461.75,19503.0,19414.25,19469.0,63660
2024-08-30 12:00:00-04:00,19463.25,19463.25,19483.0,19370.5,19461.75,50000
2024-08-30 13:00:00-04:00,19446.5,19446.5,19491.75,19438.25,19463.25,36899
2024-08-30 14:00:00-04:00,19524.0,19524.0,19538.25,19434.0,19447.25,34587
2024-08-30 15:00:00-04:00,19610.5,19610.5,19632.75,19493.25,19524.25,72346
2024-09-03 10:00:00-04:00,19162.75,19162.75,19386.0,19158.0,19366.5,105058
2024-09-03 11:00:00-04:00,19148.25,19148.25,19234.0,19143.0,19162.5,63552
2024-09-03 12:00:00-04:00,19139.0,19139.0,19205.0,19132.25,19148.25,43755
2024-09-03 13:00:00-04:00,19108.0,19108.0,19178.75,19103.25,19139.25,44770
2024-09-03 14:00:00-04:00,19045.0,19045.0,19113.5,19030.5,19108.75,50794
2024-09-03 15:00:00-04:00,19012.0,19012.0,19072.0,18911.0,19044.75,92761
2024-09-04 10:00:00-04:00,19091.75,19091.75,19095.75,18838.25,18972.75,109360
2024-09-04 11:00:00-04:00,19008.75,19008.75,19114.75,18978.0,19091.25,66641
2024-09-04 12:00:00-04:00,19065.75,19065.75,19087.75,18977.0,19008.0,43406
2024-09-04 13:00:00-04:00,19005.25,19005.25,19068.0,18996.5,19065.0,35173
2024-09-04 14:00:00-04:00,18937.0,18937.0,19031.75,18933.25,19005.5,44020
2024-09-04 15:00:00-04:00,18957.5,18957.5,19019.5,18907.75,18937.0,67035
2024-09-05 10:00:00-04:00,18983.0,18983.0,19150.5,18980.75,19051.0,105130
2024-09-05 11:00:00-04:00,18860.75,18860.75,18991.75,18842.0,18983.0,78978
2024-09-05 12:00:00-04:00,18932.5,18932.5,18963.5,18857.0,18861.25,45357
2024-09-05 13:00:00-04:00,19012.0,19012.0,19015.25,18887.0,18933.0,39808
2024-09-05 14:00:00-04:00,18989.5,18989.5,19040.25,18983.0,19012.5,36045
2024-09-05 15:00:00-04:00,18975.5,18975.5,18998.25,18899.25,18989.75,67668
2024-09-06 10:00:00-04:00,18533.75,18533.75,18788.0,18506.0,18745.75,122515
2024-09-06 11:00:00-04:00,18462.0,18462.0,18636.75,18445.75,18534.5,104105
2024-09-06 12:00:00-04:00,18450.75,18450.75,18498.0,18430.25,18461.5,50684
2024-09-06 13:00:00-04:00,18477.5,18477.5,18545.75,18439.5,18450.75,54732
2024-09-06 14:00:00-04:00,18481.5,18481.5,18493.75,18432.25,18478.5,39897
2024-09-06 15:00:00-04:00,18458.25,18458.25,18532.75,18436.25,18480.75,81551
2024-09-09 10:00:00-04:00,18517.5,18517.5,18720.5,18516.5,18687.0,87158
2024-09-09 11:00:00-04:00,18644.0,18644.0,18644.5,18497.25,18518.0,61010
2024-09-09 12:00:00-04:00,18710.75,18710.75,18718.5,18636.0,18653.0,45269
2024-09-09 13:00:00-04:00,18639.5,18639.5,18730.0,18629.75,18711.25,48112
2024-09-09 14:00:00-04:00,18603.75,18603.75,18642.25,18566.75,18639.25,47368
2024-09-09 15:00:00-04:00,18688.5,18688.5,18698.25,18581.0,18604.0,58086
2024-09-10 10:00:00-04:00,18728.75,18728.75,18817.0,18686.75,18762.75,90572
2024-09-10 11:00:00-04:00,18623.75,18623.75,18790.0,18622.25,18728.5,62643
2024-09-10 12:00:00-04:00,18688.75,18688.75,18718.75,18597.25,18623.75,56017
2024-09-10 13:00:00-04:00,18787.25,18787.25,18795.5,18684.25,18688.0,43783
2024-09-10 14:00:00-04:00,18820.75,18820.75,18847.5,18787.25,18787.25,40931
2024-09-10 15:00:00-04:00,18864.75,18864.75,18878.5,18818.75,18826.0,45401
2024-09-11 10:00:00-04:00,18604.75,18604.75,18816.5,18547.0,18792.25,114508
2024-09-11 11:00:00-04:00,18789.75,18789.75,18819.0,18569.5,18604.25,94069
2024-09-11 12:00:00-04:00,18912.75,18912.75,18940.25,18784.0,18789.0,72414
2024-09-11 13:00:00-04:00,19040.25,19040.25,19070.25,18908.0,18912.25,64061
2024-09-11 14:00:00-04:00,19127.75,19127.75,19180.0,19031.5,19040.0,67841
2024-09-11 15:00:00-04:00,19254.75,19254.75,19293.5,19097.75,19127.75,85813
2024-09-12 10:00:00-04:00,19310.25,19310.25,19366.25,19230.25,19257.5,95196
2024-09-12 11:00:00-04:00,19265.75,19265.75,19388.75,19246.25,19286.25,69856
2024-09-12 12:00:00-04:00,19381.5,19381.5,19383.25,19258.0,19265.25,44444
2024-09-12 13:00:00-04:00,19466.0,19466.0,19469.25,19370.25,19381.0,46277
2024-09-12 14:00:00-04:00,19454.0,19454.0,19483.5,19356.75,19466.25,53647
2024-09-12 15:00:00-04:00,19451.0,19451.0,19464.25,19410.75,19453.75,54467
2024-09-13 10:00:00-04:00,19512.5,19512.5,19534.25,19413.25,19466.25,95272
2024-09-13 11:00:00-04:00,19535.5,19535.5,19544.0,19498.75,19512.25,46438
2024-09-13 12:00:00-04:00,19542.5,19542.5,19561.0,19478.0,19535.0,49712
2024-09-13 13:00:00-04:00,19560.75,19560.75,19577.0,19536.0,19542.25,36092
2024-09-13 14:00:00-04:00,19513.25,19513.25,19573.25,19496.5,19561.0,47404
2024-09-13 15:00:00-04:00,19527.5,19527.5,19552.0,19492.0,19513.25,49797
2024-09-16 10:00:00-04:00,19340.25,19340.25,19460.25,19299.5,19428.75,66006
2024-09-16 11:00:00-04:00,19367.75,19367.75,19411.0,19303.0,19339.5,37953
2024-09-16 12:00:00-04:00,19386.75,19386.75,19389.0,19312.0,19367.75,33907
2024-09-16 13:00:00-04:00,19428.25,19428.25,19437.0,19358.0,19387.25,25755
2024-09-16 14:00:00-04:00,19433.75,19433.75,19438.0,19394.75,19429.0,23314
2024-09-16 15:00:00-04:00,19437.75,19437.75,19453.0,19404.75,19434.5,28496
2024-09-17 10:00:00-04:00,19536.0,19536.0,19615.0,19511.75,19527.0,38507
2024-09-17 11:00:00-04:00,19538.75,19538.75,19580.25,19506.0,19546.75,22755
2024-09-17 12:00:00-04:00,19402.5,19402.5,19549.25,19364.25,19542.0,34409
2024-09-17 13:00:00-04:00,19427.0,19427.0,19459.5,19341.0,19401.5,23424
2024-09-17 14:00:00-04:00,19404.0,19404.0,19446.5,19374.0,19427.0,24783
2024-09-17 15:00:00-04:00,19444.75,19444.75,19447.75,19386.0,19402.5,20351
2024-09-18 10:00:00-04:00,19454.25,19454.25,19488.0,19411.25,19472.75,15089
2024-09-18 11:00:00-04:00,19362.5,19362.5,19472.5,19352.5,19455.75,10261
2024-09-18 12:00:00-04:00,19471.0,19471.0,19476.75,19350.0,19372.75,10499
2024-09-18 13:00:00-04:00,19460.75,19460.75,19494.25,19438.0,19471.5,8059
2024-09-18 14:00:00-04:00,19491.5,19491.5,19660.0,19401.0,19444.0,20838
2024-09-18 15:00:00-04:00,19350.25,19350.25,19540.5,19331.25,19486.5,25229
2024-09-19 10:00:00-04:00,19827.25,19827.25,19921.5,19765.0,19772.25,16688
2024-09-19 11:00:00-04:00,19864.0,19864.0,19918.0,19813.75,19830.75,9915
2024-09-19 12:00:00-04:00,19921.5,19921.5,19937.25,19858.25,19864.0,5900
2024-09-19 13:00:00-04:00,19957.0,19957.0,19966.25,19902.25,19920.5,6956
2024-09-19 14:00:00-04:00,19911.75,19911.75,19965.75,19871.5,19956.25,8855
2024-09-19 15:00:00-04:00,19844.75,19844.75,19920.0,19827.75,19911.75,10938
2024-09-23 10:00:00-04:00,20095.25,20095.25,20126.75,20044.25,20066.75,66187
2024-09-23 11:00:00-04:00,20105.25,20105.25,20125.75,20047.25,20089.75,48192
2024-09-23 12:00:00-04:00,20046.25,20046.25,20108.0,20035.25,20105.25,40193
2024-09-23 13:00:00-04:00,20073.5,20073.5,20078.5,20018.75,20045.5,29646
2024-09-23 14:00:00-04:00,20081.25,20081.25,20085.75,20056.75,20073.25,22999
2024-09-23 15:00:00-04:00,20076.5,20076.5,20089.25,20054.0,20081.0,36842
2024-09-24 10:00:00-04:00,20074.0,20074.0,20093.25,19953.0,20091.5,97442
2024-09-24 11:00:00-04:00,20187.0,20187.0,20214.75,20069.5,20074.0,71619
2024-09-24 12:00:00-04:00,20162.0,20162.0,20214.25,20160.25,20187.5,40017
2024-09-24 13:00:00-04:00,20165.5,20165.5,20193.5,20151.0,20162.5,28453
2024-09-24 14:00:00-04:00,20147.75,20147.75,20175.75,20109.0,20165.25,34926
2024-09-24 15:00:00-04:00,20169.75,20169.75,20174.25,20138.75,20147.25,38410
2024-09-25 10:00:00-04:00,20230.0,20230.0,20271.0,20205.0,20231.5,64194
2024-09-25 11:00:00-04:00,20206.75,20206.75,20245.5,20179.0,20229.5,51027
2024-09-25 12:00:00-04:00,20178.5,20178.5,20216.0,20169.75,20206.5,33333
2024-09-25 13:00:00-04:00,20200.75,20200.75,20203.0,20135.75,20178.75,43694
2024-09-25 14:00:00-04:00,20190.0,20190.0,20206.5,20145.0,20199.5,29650
2024-09-25 15:00:00-04:00,20194.75,20194.75,20200.0,20173.75,20190.25,33414
2024-09-26 10:00:00-04:00,20214.5,20214.5,20436.75,20205.75,20428.0,93398
2024-09-26 11:00:00-04:00,20321.5,20321.5,20324.5,20188.0,20214.5,68320
2024-09-26 12:00:00-04:00,20252.25,20252.25,20321.75,20228.0,20321.5,38555
2024-09-26 13:00:00-04:00,20274.25,20274.25,20290.5,20189.0,20251.75,40971
2024-09-26 14:00:00-04:00,20339.25,20339.25,20350.25,20274.0,20274.0,37820
2024-09-26 15:00:00-04:00,20341.5,20341.5,20362.5,20321.5,20339.0,40913
2024-09-27 10:00:00-04:00,20307.5,20307.5,20376.5,20272.5,20328.0,66804
2024-09-27 11:00:00-04:00,20235.5,20235.5,20312.5,20231.5,20308.5,48563
2024-09-27 12:00:00-04:00,20261.5,20261.5,20268.5,20210.0,20235.75,36734
2024-09-27 13:00:00-04:00,20280.25,20280.25,20284.75,20218.25,20262.25,32375
2024-09-27 14:00:00-04:00,20248.5,20248.5,20293.0,20173.25,20279.75,47741
2024-09-27 15:00:00-04:00,20223.5,20223.5,20255.0,20211.25,20248.25,42280
2024-09-30 10:00:00-04:00,20179.75,20179.75,20221.25,20127.5,20204.75,64598
2024-09-30 11:00:00-04:00,20206.5,20206.5,20234.75,20167.25,20180.0,45363
2024-09-30 12:00:00-04:00,20212.0,20212.0,20254.5,20204.5,20207.5,33050
2024-09-30 13:00:00-04:00,20205.5,20205.5,20218.0,20169.0,20212.5,37808
2024-09-30 14:00:00-04:00,20147.25,20147.25,20212.0,20056.0,20206.25,81607
2024-09-30 15:00:00-04:00,20271.0,20271.0,20286.75,20119.0,20147.75,83581
2024-10-01 10:00:00-04:00,19923.75,19923.75,20078.25,19866.25,20044.5,113690
2024-10-01 11:00:00-04:00,19923.0,19923.0,19976.5,19821.0,19923.5,88813
2024-10-01 12:00:00-04:00,19934.5,19934.5,19996.0,19855.0,19923.25,74969
2024-10-01 13:00:00-04:00,19999.25,19999.25,20001.0,19844.5,19935.0,68313
2024-10-01 14:00:00-04:00,20054.25,20054.25,20081.25,19996.5,19998.75,59633
2024-10-01 15:00:00-04:00,19978.25,19978.25,20064.25,19953.25,20054.5,57711
2024-10-02 10:00:00-04:00,19996.5,19996.5,20056.75,19905.5,19916.0,85536
2024-10-02 11:00:00-04:00,20060.75,20060.75,20090.25,19991.25,19996.75,54262
2024-10-02 12:00:00-04:00,19980.5,19980.5,20084.75,19977.75,20061.25,38677
2024-10-02 13:00:00-04:00,20045.25,20045.25,20048.5,19968.5,19980.0,41444
2024-10-02 14:00:00-04:00,20024.75,20024.75,20058.25,19985.75,20044.25,32916
2024-10-02 15:00:00-04:00,20009.25,20009.25,20058.0,20004.75,20024.75,40973
2024-10-03 10:00:00-04:00,19940.0,19940.0,20113.5,19912.5,20024.5,130008
2024-10-03 11:00:00-04:00,20040.25,20040.25,20059.5,19926.5,19940.75,55341
2024-10-03 12:00:00-04:00,19920.0,19920.0,20051.75,19901.75,20039.75,49569
2024-10-03 13:00:00-04:00,19962.75,19962.75,19988.75,19879.0,19920.75,49557
2024-10-03 14:00:00-04:00,19942.75,19942.75,19975.75,19924.75,19963.0,27502
2024-10-03 15:00:00-04:00,19988.0,19988.0,20006.75,19913.75,19942.75,45969
2024-10-04 10:00:00-04:00,20126.75,20126.75,20129.25,20013.25,20086.5,103710
2024-10-04 11:00:00-04:00,20141.5,20141.5,20160.5,20034.25,20126.0,72402
2024-10-04 12:00:00-04:00,20154.0,20154.0,20182.25,20081.5,20141.5,49798
2024-10-04 13:00:00-04:00,20115.5,20115.5,20171.0,20083.75,20154.0,39217
2024-10-04 14:00:00-04:00,20170.25,20170.25,20171.5,20093.5,20115.75,33512
2024-10-04 15:00:00-04:00,20227.0,20227.0,20245.5,20154.75,20170.25,50715
2024-10-07 10:00:00-04:00,20165.0,20165.0,20183.0,20104.5,20110.75,60536
2024-10-07 11:00:00-04:00,20150.25,20150.25,20176.0,20119.0,20166.0,36812
2024-10-07 12:00:00-04:00,20133.5,20133.5,20168.0,20107.75,20150.75,31867
2024-10-07 13:00:00-04:00,20148.75,20148.75,20163.25,20113.25,20146.75,25170
2024-10-07 14:00:00-04:00,19969.25,19969.25,20152.75,19961.0,20148.5,65217
2024-10-07 15:00:00-04:00,19987.0,19987.0,20028.25,19948.0,19969.5,57229
2024-10-08 10:00:00-04:00,20239.0,20239.0,20273.75,20155.25,20155.75,81168
2024-10-08 11:00:00-04:00,20257.75,20257.75,20261.75,20211.5,20240.25,37012
2024-10-08 12:00:00-04:00,20232.75,20232.75,20257.25,20200.0,20257.25,29419
2024-10-08 13:00:00-04:00,20232.0,20232.0,20234.0,20164.75,20231.25,37910
2024-10-08 14:00:00-04:00,20274.0,20274.0,20282.75,20223.0,20232.0,29542
2024-10-08 15:00:00-04:00,20300.0,20300.0,20329.5,20255.25,20273.75,53587
2024-10-09 10:00:00-04:00,20361.25,20361.25,20363.75,20263.25,20265.5,67785
2024-10-09 11:00:00-04:00,20445.5,20445.5,20448.25,20360.75,20361.75,49698
2024-10-09 12:00:00-04:00,20395.5,20395.5,20447.25,20368.0,20446.0,43006
2024-10-09 13:00:00-04:00,20398.75,20398.75,20429.25,20377.25,20395.25,32262
2024-10-09 14:00:00-04:00,20433.5,20433.5,20461.75,20389.0,20399.75,35951
2024-10-09 15:00:00-04:00,20458.25,20458.25,20482.5,20405.25,20433.25,50280
2024-10-10 10:00:00-04:00,20382.25,20382.25,20420.0,20353.75,20357.5,64091
2024-10-10 11:00:00-04:00,20475.25,20475.25,20477.5,20363.0,20382.25,43831
2024-10-10 12:00:00-04:00,20438.75,20438.75,20508.25,20416.75,20475.0,53987
2024-10-10 13:00:00-04:00,20445.75,20445.75,20473.25,20378.5,20439.25,47428
2024-10-10 14:00:00-04:00,20419.25,20419.25,20446.5,20372.5,20445.75,33386
2024-10-10 15:00:00-04:00,20429.5,20429.5,20443.5,20388.75,20419.0,44177
2024-10-11 10:00:00-04:00,20428.25,20428.25,20481.0,20325.75,20358.5,85449
2024-10-11 11:00:00-04:00,20469.25,20469.25,20472.0,20405.75,20428.0,39181
2024-10-11 12:00:00-04:00,20440.25,20440.25,20471.25,20404.5,20469.25,32998
2024-10-11 13:00:00-04:00,20436.75,20436.75,20452.0,20417.25,20440.25,21939
2024-10-11 14:00:00-04:00,20467.5,20467.5,20476.0,20425.0,20436.75,25765
2024-10-11 15:00:00-04:00,20449.75,20449.75,20494.25,20446.25,20467.0,40436
2024-10-14 10:00:00-04:00,20563.0,20563.0,20680.0,20551.0,20671.75,69041
2024-10-14 11:00:00-04:00,20584.25,20584.25,20586.75,20525.0,20563.25,55134
2024-10-14 12:00:00-04:00,20604.25,20604.25,20618.5,20578.0,20584.0,27902
2024-10-14 13:00:00-04:00,20607.75,20607.75,20624.0,20594.25,20604.5,21853
2024-10-14 14:00:00-04:00,20626.25,20626.25,20642.0,20596.5,20608.0,26139
2024-10-14 15:00:00-04:00,20621.25,20621.25,20666.75,20613.0,20626.25,49572
2024-10-15 10:00:00-04:00,20399.0,20399.0,20648.25,20331.25,20629.0,133674
2024-10-15 11:00:00-04:00,20350.5,20350.5,20448.0,20345.5,20400.0,66583
2024-10-15 12:00:00-04:00,20376.5,20376.5,20416.5,20337.75,20350.5,38786
2024-10-15 13:00:00-04:00,20358.75,20358.75,20389.25,20334.25,20376.0,36746
2024-10-15 14:00:00-04:00,20330.25,20330.25,20389.0,20323.25,20359.25,31988
2024-10-15 15:00:00-04:00,20343.5,20343.5,20350.25,20254.0,20330.25,75284
2024-10-16 10:00:00-04:00,20273.5,20273.5,20349.25,20206.25,20224.25,83743
2024-10-16 11:00:00-04:00,20275.0,20275.0,20329.5,20266.0,20273.75,43943
2024-10-16 12:00:00-04:00,20335.25,20335.25,20337.75,20270.0,20274.75,30404
2024-10-16 13:00:00-04:00,20337.25,20337.25,20348.75,20303.25,20335.5,29563
2024-10-16 14:00:00-04:00,20362.0,20362.0,20379.25,20318.0,20337.0,32492
2024-10-16 15:00:00-04:00,20347.0,20347.0,20370.25,20331.25,20362.0,40108
2024-10-17 10:00:00-04:00,20399.75,20399.75,20464.0,20366.5,20434.25,89235
2024-10-17 11:00:00-04:00,20508.5,20508.5,20511.0,20369.0,20401.0,50123
2024-10-17 12:00:00-04:00,20467.5,20467.5,20528.75,20447.0,20508.0,40291
2024-10-17 13:00:00-04:00,20477.5,20477.5,20501.25,20459.25,20467.25,26384
2024-10-17 14:00:00-04:00,20431.75,20431.75,20484.0,20365.75,20477.5,59505
2024-10-17 15:00:00-04:00,20363.75,20363.75,20436.0,20354.0,20431.75,54898
2024-10-18 10:00:00-04:00,20463.25,20463.25,20523.25,20452.0,20476.0,57999
2024-10-18 11:00:00-04:00,20469.0,20469.0,20529.75,20459.25,20470.75,50196
2024-10-18 12:00:00-04:00,20496.25,20496.25,20521.5,20442.0,20469.0,36440
2024-10-18 13:00:00-04:00,20485.5,20485.5,20523.75,20479.25,20496.5,30382
2024-10-18 14:00:00-04:00,20492.25,20492.25,20508.75,20451.75,20485.75,24954
2024-10-18 15:00:00-04:00,20482.5,20482.5,20496.0,20457.25,20492.25,36346
2024-10-21 10:00:00-04:00,20427.75,20427.75,20554.5,20382.0,20493.5,95338
2024-10-21 11:00:00-04:00,20456.25,20456.25,20465.0,20345.0,20428.5,77541
2024-10-21 12:00:00-04:00,20470.75,20470.75,20477.0,20426.0,20455.5,34770
2024-10-21 13:00:00-04:00,20491.75,20491.75,20497.25,20455.25,20471.0,28693
2024-10-21 14:00:00-04:00,20457.75,20457.75,20496.5,20451.25,20492.0,25332
2024-10-21 15:00:00-04:00,20520.0,20520.0,20523.0,20446.0,20458.25,45951
2024-10-22 10:00:00-04:00,20492.25,20492.25,20520.0,20439.75,20461.0,75159
2024-10-22 11:00:00-04:00,20473.25,20473.25,20511.75,20455.5,20493.25,39957
2024-10-22 12:00:00-04:00,20499.0,20499.0,20505.0,20425.25,20473.0,45915
2024-10-22 13:00:00-04:00,20574.5,20574.5,20576.5,20480.25,20499.0,45349
2024-10-22 14:00:00-04:00,20521.25,20521.25,20602.25,20513.0,20574.75,41270
2024-10-22 15:00:00-04:00,20540.0,20540.0,20572.5,20516.0,20521.25,42280
2024-10-23 10:00:00-04:00,20392.0,20392.0,20457.75,20346.0,20433.0,100589
2024-10-23 11:00:00-04:00,20358.5,20358.5,20418.25,20303.0,20393.0,78589
2024-10-23 12:00:00-04:00,20248.5,20248.5,20357.75,20232.5,20357.75,64220
2024-10-23 13:00:00-04:00,20126.25,20126.25,20248.75,20121.25,20248.75,67653
2024-10-23 14:00:00-04:00,20177.5,20177.5,20189.25,20079.0,20125.5,64949
2024-10-23 15:00:00-04:00,20218.5,20218.5,20231.25,20143.0,20177.25,70821
2024-10-24 10:00:00-04:00,20316.5,20316.5,20378.25,20306.0,20337.25,77399
2024-10-24 11:00:00-04:00,20327.5,20327.5,20367.75,20264.0,20316.75,56753
2024-10-24 12:00:00-04:00,20357.25,20357.25,20365.5,20261.75,20328.25,51326
2024-10-24 13:00:00-04:00,20344.5,20344.5,20389.0,20341.0,20357.5,35267
2024-10-24 14:00:00-04:00,20368.5,20368.5,20383.5,20327.25,20345.5,30215
2024-10-24 15:00:00-04:00,20380.0,20380.0,20408.5,20344.0,20368.0,49338
2024-10-25 10:00:00-04:00,20656.0,20656.0,20707.25,20621.0,20649.25,99407
2024-10-25 11:00:00-04:00,20620.25,20620.25,20675.75,20603.25,20656.0,63738
2024-10-25 12:00:00-04:00,20639.0,20639.0,20664.75,20608.75,20620.25,37283
2024-10-25 13:00:00-04:00,20510.5,20510.5,20642.25,20483.5,20639.5,82669
2024-10-25 14:00:00-04:00,20543.0,20543.0,20562.0,20460.0,20510.75,61952
2024-10-25 15:00:00-04:00,20494.75,20494.75,20544.5,20482.25,20543.5,55042
2024-10-28 10:00:00-04:00,20575.25,20575.25,20618.0,20552.5,20555.5,63567
2024-10-28 11:00:00-04:00,20531.25,20531.25,20579.75,20524.5,20575.25,49865
2024-10-28 12:00:00-04:00,20530.25,20530.25,20571.5,20516.5,20529.25,36260
2024-10-28 13:00:00-04:00,20555.5,20555.5,20560.25,20506.75,20530.25,30985
2024-10-28 14:00:00-04:00,20523.25,20523.25,20560.0,20504.5,20555.5,33510
2024-10-28 15:00:00-04:00,20500.25,20500.25,20539.25,20486.0,20523.5,44680
2024-10-29 10:00:00-04:00,20599.75,20599.75,20604.0,20494.75,20515.0,80006
2024-10-29 11:00:00-04:00,20621.5,20621.5,20625.25,20571.0,20599.5,51376
2024-10-29 12:00:00-04:00,20648.75,20648.75,20658.25,20585.25,20622.0,50777
2024-10-29 13:00:00-04:00,20672.0,20672.0,20688.0,20647.5,20648.25,43788
2024-10-29 14:00:00-04:00,20695.25,20695.25,20714.5,20660.0,20672.25,33425
2024-10-29 15:00:00-04:00,20695.0,20695.0,20746.5,20681.75,20694.75,62742
2024-10-30 10:00:00-04:00,20650.5,20650.5,20699.5,20629.0,20631.5,71658
2024-10-30 11:00:00-04:00,20672.0,20672.0,20685.75,20607.75,20649.5,53751
2024-10-30 12:00:00-04:00,20644.75,20644.75,20682.75,20636.5,20671.5,34061
2024-10-30 13:00:00-04:00,20576.5,20576.5,20653.75,20558.0,20644.5,44950
2024-10-30 14:00:00-04:00,20604.75,20604.75,20622.25,20575.25,20576.0,31925
2024-10-30 15:00:00-04:00,20534.5,20534.5,20605.0,20514.75,20604.75,60649
2024-10-31 10:00:00-04:00,20088.25,20088.25,20201.25,20070.25,20166.0,108384
2024-10-31 11:00:00-04:00,20060.75,20060.75,20117.5,20023.25,20087.75,83558
2024-10-31 12:00:00-04:00,20086.5,20086.5,20105.75,20049.5,20068.5,46393
2024-10-31 13:00:00-04:00,20035.5,20035.5,20115.0,20025.5,20086.75,46097
2024-10-31 14:00:00-04:00,20048.25,20048.25,20055.75,20009.25,20036.25,50394
2024-10-31 15:00:00-04:00,20012.75,20012.75,20132.0,20009.25,20048.5,87045
2024-11-01 10:00:00-04:00,20235.0,20235.0,20277.0,20132.25,20171.75,105300
2024-11-01 11:00:00-04:00,20221.75,20221.75,20288.0,20208.25,20235.5,64575
2024-11-01 12:00:00-04:00,20210.75,20210.75,20253.75,20191.25,20222.25,41356
2024-11-01 13:00:00-04:00,20157.25,20157.25,20252.75,20155.25,20211.0,57850
2024-11-01 14:00:00-04:00,20166.25,20166.25,20179.75,20127.75,20157.75,38208
2024-11-01 15:00:00-04:00,20147.0,20147.0,20202.25,20122.75,20166.25,60949
2024-11-04 10:00:00-05:00,20185.75,20185.75,20209.75,20119.5,20131.25,68722
2024-11-04 11:00:00-05:00,20077.0,20077.0,20226.75,20052.75,20186.0,65665
2024-11-04 12:00:00-05:00,20128.25,20128.25,20146.75,20028.75,20077.25,53105
2024-11-04 13:00:00-05:00,20148.5,20148.5,20175.75,20084.25,20128.5,45996
2024-11-04 14:00:00-05:00,20135.75,20135.75,20169.0,20122.5,20148.75,26881
2024-11-04 15:00:00-05:00,20085.25,20085.25,20141.75,20070.25,20136.25,54681
2024-11-05 10:00:00-05:00,20257.0,20257.0,20321.25,20241.0,20289.75,75159
2024-11-05 11:00:00-05:00,20340.5,20340.5,20347.75,20232.5,20257.25,53208
2024-11-05 12:00:00-05:00,20351.25,20351.25,20372.75,20327.5,20340.75,35313
2024-11-05 13:00:00-05:00,20308.75,20308.75,20368.5,20286.5,20351.5,37935
2024-11-05 14:00:00-05:00,20294.5,20294.5,20335.0,20280.5,20308.5,33246
2024-11-05 15:00:00-05:00,20341.75,20341.75,20349.75,20281.5,20294.0,50601
2024-11-06 10:00:00-05:00,20724.25,20724.25,20822.0,20666.0,20676.0,96773
2024-11-06 11:00:00-05:00,20798.25,20798.25,20809.0,20692.5,20724.25,55089
2024-11-06 12:00:00-05:00,20817.75,20817.75,20826.0,20778.25,20798.25,34598
2024-11-06 13:00:00-05:00,20861.0,20861.0,20877.0,20810.25,20817.5,38069
2024-11-06 14:00:00-05:00,20890.0,20890.0,20895.25,20848.75,20861.5,34300
2024-11-06 15:00:00-05:00,20894.75,20894.75,20931.0,20878.0,20890.25,64829
2024-11-07 10:00:00-05:00,21161.0,21161.0,21167.25,21086.5,21108.75,68967
2024-11-07 11:00:00-05:00,21194.0,21194.0,21199.0,21124.25,21160.75,47194
2024-11-07 12:00:00-05:00,21194.25,21194.25,21197.5,21158.75,21194.5,32404
2024-11-07 13:00:00-05:00,21180.0,21180.0,21196.25,21151.25,21194.75,29017
2024-11-07 14:00:00-05:00,21233.0,21233.0,21233.0,21159.25,21180.0,47323
2024-11-07 15:00:00-05:00,21221.75,21221.75,21253.0,21204.5,21233.25,63985
2024-11-08 10:00:00-05:00,21197.5,21197.5,21226.5,21161.25,21208.5,65193
2024-11-08 11:00:00-05:00,21219.0,21219.0,21236.5,21171.0,21197.75,41325
2024-11-08 12:00:00-05:00,21217.75,21217.75,21228.75,21196.5,21219.5,30381
2024-11-08 13:00:00-05:00,21250.25,21250.25,21265.0,21214.25,21217.75,35597
2024-11-08 14:00:00-05:00,21234.75,21234.75,21264.75,21233.75,21250.25,24392
2024-11-08 15:00:00-05:00,21234.0,21234.0,21238.75,21208.0,21234.25,48509
2024-11-11 10:00:00-05:00,21223.25,21223.25,21244.25,21155.5,21172.0,74739
2024-11-11 11:00:00-05:00,21203.0,21203.0,21232.5,21190.5,21223.25,38478
2024-11-11 12:00:00-05:00,21158.0,21158.0,21213.0,21157.0,21203.25,37525
2024-11-11 13:00:00-05:00,21179.75,21179.75,21197.75,21098.25,21157.75,57516
2024-11-11 14:00:00-05:00,21175.5,21175.5,21183.0,21156.25,21180.0,26000
2024-11-11 15:00:00-05:00,21219.75,21219.75,21223.5,21169.5,21175.25,47659
2024-11-12 10:00:00-05:00,21185.25,21185.25,21241.5,21178.25,21234.75,74904
2024-11-12 11:00:00-05:00,21154.75,21154.75,21205.5,21143.75,21183.75,59788
2024-11-12 12:00:00-05:00,21066.25,21066.25,21170.75,21065.25,21154.5,51045
2024-11-12 13:00:00-05:00,21182.0,21182.0,21198.0,21054.75,21066.5,59030
2024-11-12 14:00:00-05:00,21188.5,21188.5,21210.5,21176.0,21181.5,34972
2024-11-12 15:00:00-05:00,21185.0,21185.0,21206.5,21167.0,21188.5,51184
2024-11-13 10:00:00-05:00,21115.5,21115.5,21141.5,21056.5,21140.75,86711
2024-11-13 11:00:00-05:00,21165.5,21165.5,21176.5,21090.5,21116.0,60694
2024-11-13 12:00:00-05:00,21228.5,21228.5,21233.0,21157.75,21165.25,49312
2024-11-13 13:00:00-05:00,21257.25,21257.25,21268.5,21209.0,21228.5,39948
2024-11-13 14:00:00-05:00,21182.75,21182.75,21258.25,21168.25,21257.75,55257
2024-11-13 15:00:00-05:00,21159.25,21159.25,21220.0,21124.0,21182.5,65399
2024-11-14 10:00:00-05:00,21091.0,21091.0,21138.0,21040.5,21091.75,76141
2024-11-14 11:00:00-05:00,21101.25,21101.25,21140.25,21086.5,21090.5,45713
2024-11-14 12:00:00-05:00,21083.0,21083.0,21111.75,21016.75,21101.75,63133
2024-11-14 13:00:00-05:00,21027.5,21027.5,21120.75,21021.5,21083.25,43250
2024-11-14 14:00:00-05:00,21069.25,21069.25,21090.25,21024.25,21026.75,45326
2024-11-14 15:00:00-05:00,21009.0,21009.0,21069.5,20971.25,21069.5,94639
2024-11-15 10:00:00-05:00,20561.25,20561.25,20697.5,20542.75,20690.25,116065
2024-11-15 11:00:00-05:00,20495.5,20495.5,20590.75,20481.0,20561.5,82465
2024-11-15 12:00:00-05:00,20484.0,20484.0,20513.25,20446.5,20495.75,61623
2024-11-15 13:00:00-05:00,20429.0,20429.0,20491.5,20405.25,20483.5,54945
2024-11-15 14:00:00-05:00,20460.75,20460.75,20493.75,20419.5,20429.25,52783
2024-11-15 15:00:00-05:00,20491.75,20491.75,20513.5,20452.25,20460.25,83658
2024-11-18 10:00:00-05:00,20680.75,20680.75,20695.75,20521.75,20525.0,78685
2024-11-18 11:00:00-05:00,20662.25,20662.25,20724.25,20639.25,20680.75,58744
2024-11-18 12:00:00-05:00,20661.25,20661.25,20671.25,20616.75,20662.5,42480
2024-11-18 13:00:00-05:00,20660.0,20660.0,20668.75,20595.75,20661.25,40805
2024-11-18 14:00:00-05:00,20638.75,20638.75,20660.5,20589.5,20660.0,41275
2024-11-18 15:00:00-05:00,20631.5,20631.5,20653.5,20611.0,20638.5,48854
2024-11-19 10:00:00-05:00,20636.75,20636.75,20657.25,20524.5,20553.75,71746
2024-11-19 11:00:00-05:00,20669.5,20669.5,20700.75,20636.5,20637.0,52892
2024-11-19 12:00:00-05:00,20689.25,20689.25,20709.0,20643.25,20669.75,37458
2024-11-19 13:00:00-05:00,20784.75,20784.75,20792.5,20681.25,20691.25,42911
2024-11-19 14:00:00-05:00,20739.75,20739.75,20792.0,20709.25,20784.75,48315
2024-11-19 15:00:00-05:00,20765.75,20765.75,20779.75,20726.75,20739.25,49322
2024-11-20 10:00:00-05:00,20627.0,20627.0,20645.0,20477.25,20614.0,119731
2024-11-20 11:00:00-05:00,20689.0,20689.0,20709.0,20548.0,20627.25,81803
2024-11-20 12:00:00-05:00,20607.25,20607.25,20708.0,20580.0,20688.5,54031
2024-11-20 13:00:00-05:00,20589.75,20589.75,20632.0,20556.5,20608.0,39096
2024-11-20 14:00:00-05:00,20609.0,20609.0,20627.25,20558.0,20589.0,34161
2024-11-20 15:00:00-05:00,20751.25,20751.25,20764.5,20594.5,20609.0,69171
2024-11-21 10:00:00-05:00,20708.5,20708.5,20716.0,20514.25,20668.75,136362
2024-11-21 11:00:00-05:00,20732.25,20732.25,20791.25,20688.0,20708.75,71118
2024-11-21 12:00:00-05:00,20819.5,20819.5,20857.0,20697.5,20732.75,55408
2024-11-21 13:00:00-05:00,20857.0,20857.0,20866.0,20811.75,20819.5,41003
2024-11-21 14:00:00-05:00,20848.25,20848.25,20869.25,20792.25,20856.5,41174
2024-11-21 15:00:00-05:00,20823.25,20823.25,20878.75,20819.25,20848.0,49689
2024-11-22 10:00:00-05:00,20842.0,20842.0,20855.5,20722.25,20853.0,100504
2024-11-22 11:00:00-05:00,20813.0,20813.0,20847.5,20743.25,20842.75,69987
2024-11-22 12:00:00-05:00,20854.75,20854.75,20864.75,20797.5,20813.75,45088
2024-11-22 13:00:00-05:00,20846.75,20846.75,20880.0,20825.5,20854.75,37100
2024-11-22 14:00:00-05:00,20846.75,20846.75,20854.25,20795.5,20847.25,31029
2024-11-22 15:00:00-05:00,20847.25,20847.25,20868.5,20801.75,20847.0,52562
2024-11-25 10:00:00-05:00,20895.0,20895.0,20957.0,20869.5,20944.25,97953
2024-11-25 11:00:00-05:00,20905.0,20905.0,20961.5,20887.0,20895.5,51790
2024-11-25 12:00:00-05:00,20851.25,20851.25,20910.25,20780.25,20904.75,68837
2024-11-25 13:00:00-05:00,20851.5,20851.5,20890.0,20842.25,20851.5,39074
2024-11-25 14:00:00-05:00,20861.5,20861.5,20879.5,20825.5,20851.5,31237
2024-11-25 15:00:00-05:00,20878.25,20878.25,20886.5,20835.75,20861.5,46675
2024-11-26 10:00:00-05:00,20950.25,20950.25,20997.0,20919.5,20974.0,80984
2024-11-26 11:00:00-05:00,20965.25,20965.25,20983.75,20923.5,20950.0,54043
2024-11-26 12:00:00-05:00,20981.25,20981.25,20984.25,20926.75,20965.25,34501
2024-11-26 13:00:00-05:00,20969.0,20969.0,20981.25,20943.75,20981.0,26139
2024-11-26 14:00:00-05:00,20932.5,20932.5,20981.5,20903.75,20968.25,46613
2024-11-26 15:00:00-05:00,20989.5,20989.5,21008.75,20927.0,20932.0,54422
2024-11-27 10:00:00-05:00,20743.5,20743.5,20861.5,20726.0,20860.5,101434
2024-11-27 11:00:00-05:00,20716.5,20716.5,20762.0,20694.75,20743.5,69457
2024-11-27 12:00:00-05:00,20743.0,20743.0,20746.0,20675.25,20716.0,45327
2024-11-27 13:00:00-05:00,20810.25,20810.25,20818.5,20735.5,20742.5,45703
2024-11-27 14:00:00-05:00,20804.0,20804.0,20826.25,20790.25,20810.5,35875
2024-11-27 15:00:00-05:00,20816.5,20816.5,20829.75,20769.25,20804.25,55963
2024-11-29 09:30:00-05:00,20915.75,20915.75,20919.25,20805.5,20828.75,51848
2024-11-29 10:30:00-05:00,20954.0,20954.0,20981.75,20905.5,20915.5,65418
2024-11-29 11:30:00-05:00,20996.5,20996.5,21006.5,20954.5,20954.5,44590
2024-11-29 12:30:00-05:00,20990.5,20990.5,21017.5,20979.5,20996.5,48580
2024-12-02 10:00:00-05:00,21156.25,21156.25,21204.5,21141.0,21153.0,82458
2024-12-02 11:00:00-05:00,21229.5,21229.5,21238.75,21152.5,21156.25,54390
2024-12-02 12:00:00-05:00,21228.0,21228.0,21259.75,21225.25,21229.5,39291
2024-12-02 13:00:00-05:00,21212.75,21212.75,21233.5,21194.5,21227.75,33404
2024-12-02 14:00:00-05:00,21219.5,21219.5,21220.5,21176.25,21212.5,34464
2024-12-02 15:00:00-05:00,21217.0,21217.0,21241.0,21202.25,21219.5,53893
2024-12-03 10:00:00-05:00,21207.0,21207.0,21234.0,21164.5,21203.0,79222
2024-12-03 11:00:00-05:00,21205.75,21205.75,21262.75,21196.5,21207.25,64865
2024-12-03 12:00:00-05:00,21242.25,21242.25,21243.0,21190.0,21206.25,34624
2024-12-03 13:00:00-05:00,21232.0,21232.0,21246.5,21213.0,21242.5,29324
2024-12-03 14:00:00-05:00,21255.0,21255.0,21262.0,21223.75,21232.5,29719
2024-12-03 15:00:00-05:00,21279.0,21279.0,21289.5,21239.0,21254.75,46654
2024-12-04 10:00:00-05:00,21483.0,21483.0,21491.75,21391.5,21416.0,85304
2024-12-04 11:00:00-05:00,21473.25,21473.25,21496.75,21448.25,21483.0,44061
2024-12-04 12:00:00-05:00,21481.0,21481.0,21492.0,21455.5,21472.75,34325
2024-12-04 13:00:00-05:00,21471.75,21471.75,21494.0,21439.5,21480.75,36820
2024-12-04 14:00:00-05:00,21512.25,21512.25,21518.5,21463.25,21472.0,40997
2024-12-04 15:00:00-05:00,21537.0,21537.0,21548.5,21507.0,21512.0,51697
2024-12-05 10:00:00-05:00,21502.5,21502.5,21536.75,21487.75,21511.0,68455
2024-12-05 11:00:00-05:00,21531.0,21531.0,21539.75,21497.5,21502.5,36215
2024-12-05 12:00:00-05:00,21560.0,21560.0,21567.25,21524.0,21530.5,32677
2024-12-05 13:00:00-05:00,21493.25,21493.25,21560.75,21481.5,21560.25,52729
2024-12-05 14:00:00-05:00,21493.75,21493.75,21517.0,21474.0,21493.75,36655
2024-12-05 15:00:00-05:00,21475.25,21475.25,21511.0,21459.0,21493.25,56968
2024-12-06 10:00:00-05:00,21619.5,21619.5,21645.25,21593.25,21607.5,75893
2024-12-06 11:00:00-05:00,21614.5,21614.5,21637.5,21573.0,21619.75,54992
2024-12-06 12:00:00-05:00,21619.0,21619.0,21637.25,21597.5,21615.25,38138
2024-12-06 13:00:00-05:00,21658.25,21658.25,21669.25,21615.5,21618.75,40762
2024-12-06 14:00:00-05:00,21635.5,21635.5,21658.5,21611.75,21658.5,36377
2024-12-06 15:00:00-05:00,21658.75,21658.75,21663.5,21626.25,21635.5,46507
2024-12-09 10:00:00-05:00,21507.75,21507.75,21631.5,21503.25,21623.25,94476
2024-12-09 11:00:00-05:00,21510.25,21510.25,21527.75,21436.0,21508.0,81723
2024-12-09 12:00:00-05:00,21487.75,21487.75,21524.5,21485.75,21510.0,35541
2024-12-09 13:00:00-05:00,21529.75,21529.75,21549.75,21474.25,21488.0,34240
2024-12-09 14:00:00-05:00,21476.25,21476.25,21530.25,21444.25,21530.0,41317
2024-12-09 15:00:00-05:00,21485.5,21485.5,21491.0,21441.25,21476.25,58633
2024-12-10 10:00:00-05:00,21505.25,21505.25,21606.75,21497.0,21546.5,86002
2024-12-10 11:00:00-05:00,21484.5,21484.5,21516.0,21449.0,21505.0,76957
2024-12-10 12:00:00-05:00,21470.25,21470.25,21502.5,21444.0,21484.25,51050
2024-12-10 13:00:00-05:00,21452.5,21452.5,21484.75,21450.75,21470.25,33468
2024-12-10 14:00:00-05:00,21411.25,21411.25,21460.0,21400.0,21453.5,47716
2024-12-10 15:00:00-05:00,21408.0,21408.0,21413.0,21352.75,21411.25,78880
2024-12-11 10:00:00-05:00,21696.75,21696.75,21736.25,21672.75,21696.0,106850
2024-12-11 11:00:00-05:00,21760.25,21760.25,21770.0,21690.5,21696.5,65763
2024-12-11 12:00:00-05:00,21781.25,21781.25,21791.0,21759.0,21760.5,44713
2024-12-11 13:00:00-05:00,21793.0,21793.0,21811.75,21778.75,21781.25,37066
2024-12-11 14:00:00-05:00,21800.0,21800.0,21810.75,21779.75,21793.0,32114
2024-12-11 15:00:00-05:00,21791.25,21791.25,21820.0,21787.5,21799.75,55742
2024-12-12 10:00:00-05:00,21721.75,21721.75,21728.5,21624.75,21682.25,95612
2024-12-12 11:00:00-05:00,21674.0,21674.0,21739.75,21671.25,21720.75,48591
2024-12-12 12:00:00-05:00,21739.5,21739.5,21741.75,21669.25,21674.0,42595
2024-12-12 13:00:00-05:00,21697.0,21697.0,21745.0,21695.0,21739.5,40221
2024-12-12 14:00:00-05:00,21684.25,21684.25,21715.5,21664.0,21696.75,41729
2024-12-12 15:00:00-05:00,21643.25,21643.25,21687.5,21642.25,21684.25,52431
2024-12-13 10:00:00-05:00,21688.25,21688.25,21886.5,21686.5,21880.5,126876
2024-12-13 11:00:00-05:00,21699.25,21699.25,21757.5,21666.5,21688.25,96479
2024-12-13 12:00:00-05:00,21684.5,21684.5,21741.5,21679.5,21699.0,54134
2024-12-13 13:00:00-05:00,21773.5,21773.5,21776.25,21681.25,21684.75,49455
2024-12-13 14:00:00-05:00,21801.5,21801.5,21815.75,21759.25,21774.25,42854
2024-12-13 15:00:00-05:00,21797.5,21797.5,21824.0,21774.5,21801.25,58513
2024-12-16 10:00:00-05:00,21991.75,21991.75,22024.25,21929.25,21971.5,86897
2024-12-16 11:00:00-05:00,22055.5,22055.5,22057.5,21990.5,21992.0,52235
2024-12-16 12:00:00-05:00,22086.0,22086.0,22087.75,22038.25,22055.75,40312
2024-12-16 13:00:00-05:00,22117.0,22117.0,22125.0,22080.25,22086.5,43282
2024-12-16 14:00:00-05:00,22124.25,22124.25,22142.5,22104.75,22117.25,33362
2024-12-16 15:00:00-05:00,22111.5,22111.5,22152.5,22097.5,22125.0,48983
2024-12-17 10:00:00-05:00,22005.75,22005.75,22014.5,21942.25,22004.0,46344
2024-12-17 11:00:00-05:00,22036.5,22036.5,22080.5,21980.25,22005.25,30267
2024-12-17 12:00:00-05:00,22036.25,22036.25,22053.25,21994.75,22037.75,21269
2024-12-17 13:00:00-05:00,22003.75,22003.75,22044.25,22000.25,22036.0,15757
2024-12-17 14:00:00-05:00,21981.25,21981.25,22005.75,21966.25,22004.25,14258
2024-12-17 15:00:00-05:00,22015.75,22015.75,22030.25,21954.0,21981.0,26682
2024-12-18 10:00:00-05:00,22022.0,22022.0,22053.5,21975.75,21991.5,18322
2024-12-18 11:00:00-05:00,22008.5,22008.5,22042.5,21954.5,22021.75,13585
2024-12-18 12:00:00-05:00,22003.75,22003.75,22026.5,21982.0,22007.5,9586
2024-12-18 13:00:00-05:00,21994.75,21994.75,22015.75,21972.0,22003.5,7672
2024-12-18 14:00:00-05:00,21625.0,21625.0,22001.0,21619.25,22001.0,33656
2024-12-18 15:00:00-05:00,21212.75,21212.75,21650.0,21156.0,21629.25,48893
2024-12-19 10:00:00-05:00,21282.5,21282.5,21362.5,21197.25,21310.75,20061
2024-12-19 11:00:00-05:00,21297.25,21297.25,21360.25,21193.75,21280.5,8832
2024-12-19 12:00:00-05:00,21255.25,21255.25,21301.5,21168.25,21292.0,8803
2024-12-19 13:00:00-05:00,21332.25,21332.25,21334.0,21173.25,21253.75,8754
2024-12-19 14:00:00-05:00,21195.25,21195.25,21333.75,21195.25,21329.5,8741
2024-12-19 15:00:00-05:00,21110.75,21110.75,21262.75,21099.5,21196.75,12145
2024-12-23 10:00:00-05:00,21560.25,21560.25,21641.0,21477.0,21633.0,92771
2024-12-23 11:00:00-05:00,21693.25,21693.25,21696.0,21554.5,21559.5,55722
2024-12-23 12:00:00-05:00,21694.5,21694.5,21726.5,21642.25,21693.25,44992
2024-12-23 13:00:00-05:00,21745.5,21745.5,21756.25,21685.25,21695.5,32777
2024-12-23 14:00:00-05:00,21707.5,21707.5,21776.75,21706.25,21744.75,28536
2024-12-23 15:00:00-05:00,21755.5,21755.5,21767.25,21666.0,21707.75,57176
2024-12-24 09:30:00-05:00,21904.25,21904.25,21907.5,21799.25,21826.0,50463
2024-12-24 10:30:00-05:00,21960.75,21960.75,21968.5,21897.25,21903.25,63193
2024-12-24 11:30:00-05:00,21961.75,21961.75,21994.75,21951.0,21960.75,38423
2024-12-24 12:30:00-05:00,22033.0,22033.0,22034.25,21943.0,21961.75,45421
2024-12-26 10:00:00-05:00,22006.25,22006.25,22011.0,21928.0,21957.0,61403
2024-12-26 11:00:00-05:00,22039.75,22039.75,22040.5,21975.75,22007.0,36537
2024-12-26 12:00:00-05:00,22005.5,22005.5,22076.25,21972.75,22039.75,47201
2024-12-26 13:00:00-05:00,22017.0,22017.0,22041.0,21994.75,22006.5,37121
2024-12-26 14:00:00-05:00,22044.25,22044.25,22047.25,21994.25,22016.75,27372
2024-12-26 15:00:00-05:00,22007.0,22007.0,22061.25,22001.25,22044.5,38045
2024-12-27 10:00:00-05:00,21592.0,21592.0,21707.5,21507.0,21695.25,115854
2024-12-27 11:00:00-05:00,21551.25,21551.25,21651.25,21525.0,21592.25,67807
2024-12-27 12:00:00-05:00,21572.25,21572.25,21579.5,21498.75,21550.75,57958
2024-12-27 13:00:00-05:00,21669.0,21669.0,21677.75,21556.5,21571.75,44400
2024-12-27 14:00:00-05:00,21705.75,21705.75,21716.5,21635.75,21666.75,41463
2024-12-27 15:00:00-05:00,21702.75,21702.75,21712.0,21606.5,21705.5,72056
2024-12-30 10:00:00-05:00,21372.5,21372.5,21402.75,21253.0,21288.75,90132
2024-12-30 11:00:00-05:00,21458.5,21458.5,21469.75,21340.75,21371.5,49501
2024-12-30 12:00:00-05:00,21552.75,21552.75,21567.0,21447.5,21459.25,47860
2024-12-30 13:00:00-05:00,21542.5,21542.5,21571.0,21487.75,21552.75,40827
2024-12-30 14:00:00-05:00,21529.5,21529.5,21548.75,21475.75,21542.5,33204
2024-12-30 15:00:00-05:00,21412.25,21412.25,21544.0,21408.5,21528.75,57368
2024-12-31 10:00:00-05:00,21379.25,21379.25,21468.5,21333.5,21434.0,67630
2024-12-31 11:00:00-05:00,21330.0,21330.0,21384.0,21287.0,21379.25,49779
2024-12-31 12:00:00-05:00,21313.75,21313.75,21344.0,21208.0,21329.75,48655
2024-12-31 13:00:00-05:00,21220.0,21220.0,21337.5,21204.5,21313.25,45397
2024-12-31 14:00:00-05:00,21268.75,21268.75,21275.0,21182.0,21220.5,41496
2024-12-31 15:00:00-05:00,21220.75,21220.75,21316.0,21189.0,21268.25,75503
2025-01-02 10:00:00-05:00,21277.0,21277.0,21444.0,21209.75,21392.5,97685
2025-01-02 11:00:00-05:00,21316.25,21316.25,21357.5,21186.5,21278.25,62781
2025-01-02 12:00:00-05:00,21075.75,21075.75,21342.25,20983.75,21316.25,87232
2025-01-02 13:00:00-05:00,21047.5,21047.5,21090.25,20987.75,21076.5,61506
2025-01-02 14:00:00-05:00,21064.0,21064.0,21145.5,21028.0,21048.0,52521
2025-01-02 15:00:00-05:00,21169.25,21169.25,21195.75,21062.0,21063.25,56839
2025-01-03 10:00:00-05:00,21377.5,21377.5,21440.5,21262.0,21382.75,90349
2025-01-03 11:00:00-05:00,21464.0,21464.0,21492.25,21337.25,21376.25,65433
2025-01-03 12:00:00-05:00,21471.0,21471.0,21487.0,21441.5,21464.75,33938
2025-01-03 13:00:00-05:00,21509.25,21509.25,21531.25,21449.75,21470.5,34795
2025-01-03 14:00:00-05:00,21534.5,21534.5,21559.25,21496.75,21509.5,30763
2025-01-03 15:00:00-05:00,21508.0,21508.0,21534.5,21474.75,21534.5,58078
2025-01-06 10:00:00-05:00,21869.5,21869.5,21892.75,21780.25,21818.25,81330
2025-01-06 11:00:00-05:00,21857.5,21857.5,21896.75,21844.5,21870.25,45223
2025-01-06 12:00:00-05:00,21794.5,21794.5,21869.25,21768.75,21857.25,51257
2025-01-06 13:00:00-05:00,21707.25,21707.25,21795.75,21701.5,21794.5,55738
2025-01-06 14:00:00-05:00,21660.0,21660.0,21723.25,21657.5,21706.75,51725
2025-01-06 15:00:00-05:00,21750.0,21750.0,21756.0,21647.75,21659.75,67379
2025-01-07 10:00:00-05:00,21549.75,21549.75,21709.75,21399.5,21709.75,165664
2025-01-07 11:00:00-05:00,21435.0,21435.0,21567.5,21425.5,21548.5,84999
2025-01-07 12:00:00-05:00,21445.0,21445.0,21475.75,21387.0,21435.75,51600
2025-01-07 13:00:00-05:00,21440.0,21440.0,21517.25,21427.75,21445.5,39600
2025-01-07 14:00:00-05:00,21417.5,21417.5,21474.75,21403.0,21439.25,39200
2025-01-07 15:00:00-05:00,21359.5,21359.5,21423.0,21279.5,21417.75,80738
2025-01-08 10:00:00-05:00,21358.75,21358.75,21406.25,21231.0,21343.5,92541
2025-01-08 11:00:00-05:00,21385.5,21385.5,21419.0,21285.5,21358.25,50876
2025-01-08 12:00:00-05:00,21268.5,21268.5,21387.5,21166.25,21385.75,65208
2025-01-08 13:00:00-05:00,21325.5,21325.5,21408.0,21264.75,21268.0,60653
2025-01-08 14:00:00-05:00,21337.0,21337.0,21431.75,21287.5,21327.25,67820
2025-01-08 15:00:00-05:00,21361.0,21361.0,21377.75,21301.25,21337.25,49853
2025-01-10 10:00:00-05:00,20989.0,20989.0,21123.5,20874.75,21053.0,132400
2025-01-10 11:00:00-05:00,20899.75,20899.75,21002.0,20885.0,20989.5,77850
2025-01-10 12:00:00-05:00,21033.75,21033.75,21039.0,20886.0,20900.75,51618
2025-01-10 13:00:00-05:00,21167.25,21167.25,21176.5,21005.5,21033.25,61502
2025-01-10 14:00:00-05:00,21086.5,21086.5,21171.5,21042.5,21168.25,52236
2025-01-10 15:00:00-05:00,21016.25,21016.25,21099.25,20982.0,21086.25,73277
2025-01-13 10:00:00-05:00,20798.25,20798.25,20880.25,20714.5,20802.0,91270
2025-01-13 11:00:00-05:00,20737.5,20737.5,20826.5,20727.0,20799.0,64825
2025-01-13 12:00:00-05:00,20890.0,20890.0,20895.0,20718.25,20737.5,62745
2025-01-13 13:00:00-05:00,20892.5,20892.5,20913.75,20856.25,20890.0,45286
2025-01-13 14:00:00-05:00,20906.25,20906.25,20926.5,20835.5,20891.75,44717
2025-01-13 15:00:00-05:00,20947.5,20947.5,20964.5,20873.75,20905.5,51998
2025-01-14 10:00:00-05:00,20936.25,20936.25,21110.75,20935.25,20980.75,105358
2025-01-14 11:00:00-05:00,20822.75,20822.75,20956.25,20819.5,20936.5,79277
2025-01-14 12:00:00-05:00,20863.75,20863.75,20884.25,20791.75,20822.75,58745
2025-01-14 13:00:00-05:00,20997.5,20997.5,21010.0,20855.25,20862.75,47382
2025-01-14 14:00:00-05:00,20860.5,20860.5,21013.25,20855.75,20997.25,50321
2025-01-14 15:00:00-05:00,20923.5,20923.5,20929.25,20773.5,20861.25,93663
2025-01-15 10:00:00-05:00,21318.75,21318.75,21408.0,21318.5,21328.25,91249
2025-01-15 11:00:00-05:00,21273.25,21273.25,21370.75,21246.25,21319.75,68009
2025-01-15 12:00:00-05:00,21322.0,21322.0,21365.0,21262.25,21273.0,47446
2025-01-15 13:00:00-05:00,21380.25,21380.25,21395.75,21321.25,21322.5,33176
2025-01-15 14:00:00-05:00,21419.5,21419.5,21435.5,21377.25,21380.75,34937
2025-01-15 15:00:00-05:00,21396.5,21396.5,21452.75,21387.75,21419.25,62262
2025-01-16 10:00:00-05:00,21424.75,21424.75,21427.25,21336.5,21377.5,92497
2025-01-16 11:00:00-05:00,21400.75,21400.75,21474.75,21317.75,21424.25,75239
2025-01-16 12:00:00-05:00,21385.5,21385.5,21426.0,21369.25,21400.25,39664
2025-01-16 13:00:00-05:00,21290.5,21290.5,21413.25,21262.25,21386.5,50959
2025-01-16 14:00:00-05:00,21374.5,21374.5,21380.75,21277.25,21289.75,43711
2025-01-16 15:00:00-05:00,21247.75,21247.75,21395.75,21243.5,21374.5,63853
2025-01-17 10:00:00-05:00,21587.5,21587.5,21590.25,21481.25,21505.5,91247
2025-01-17 11:00:00-05:00,21583.75,21583.75,21637.75,21570.5,21590.0,61977
2025-01-17 12:00:00-05:00,21626.25,21626.25,21630.0,21559.75,21583.5,41085
2025-01-17 13:00:00-05:00,21631.75,21631.75,21672.0,21612.0,21626.0,46263
2025-01-17 14:00:00-05:00,21622.5,21622.5,21644.75,21609.0,21632.0,36331
2025-01-17 15:00:00-05:00,21600.25,21600.25,21638.5,21579.5,21622.0,67813
2025-01-21 10:00:00-05:00,21634.0,21634.0,21649.5,21525.75,21630.75,81246
2025-01-21 11:00:00-05:00,21674.75,21674.75,21682.0,21593.0,21633.75,52194
2025-01-21 12:00:00-05:00,21741.25,21741.25,21743.0,21649.75,21675.25,43032
2025-01-21 13:00:00-05:00,21752.75,21752.75,21772.0,21719.75,21741.0,37042
2025-01-21 14:00:00-05:00,21724.75,21724.75,21763.5,21697.0,21752.75,37119
2025-01-21 15:00:00-05:00,21714.5,21714.5,21755.5,21697.5,21724.75,50122
2025-01-22 10:00:00-05:00,21994.75,21994.75,22042.75,21976.0,22013.75,76407
2025-01-22 11:00:00-05:00,22074.75,22074.75,22078.5,21989.5,21994.75,57141
2025-01-22 12:00:00-05:00,22057.25,22057.25,22093.5,22046.0,22075.75,37970
2025-01-22 13:00:00-05:00,22027.25,22027.25,22062.25,22010.5,22057.25,44755
2025-01-22 14:00:00-05:00,22040.25,22040.25,22044.75,22006.5,22027.5,33226
2025-01-22 15:00:00-05:00,21997.75,21997.75,22041.5,21982.0,22040.25,59502
2025-01-23 10:00:00-05:00,21931.5,21931.5,21941.5,21868.25,21898.0,61946
2025-01-23 11:00:00-05:00,21947.75,21947.75,21971.5,21896.75,21931.75,71473
2025-01-23 12:00:00-05:00,21938.5,21938.5,21948.25,21900.25,21948.25,37239
2025-01-23 13:00:00-05:00,21954.75,21954.75,21985.0,21931.75,21938.5,37369
2025-01-23 14:00:00-05:00,21954.0,21954.0,21963.5,21923.75,21954.75,34144
2025-01-23 15:00:00-05:00,22041.75,22041.75,22043.75,21943.5,21953.75,61944
2025-01-24 10:00:00-05:00,21986.5,21986.5,22070.0,21978.0,22058.0,69628
2025-01-24 11:00:00-05:00,21982.75,21982.75,22035.75,21970.25,21986.75,50214
2025-01-24 12:00:00-05:00,21941.5,21941.5,22008.25,21930.75,21983.0,44159
2025-01-24 13:00:00-05:00,21867.75,21867.75,21952.5,21862.25,21941.75,52587
2025-01-24 14:00:00-05:00,21868.0,21868.0,21896.75,21844.0,21868.25,46159
2025-01-24 15:00:00-05:00,21908.5,21908.5,21919.25,21857.0,21868.0,55687
2025-01-27 10:00:00-05:00,21311.75,21311.75,21418.5,21228.0,21330.5,131716
2025-01-27 11:00:00-05:00,21209.25,21209.25,21326.25,21185.5,21312.0,99582
2025-01-27 12:00:00-05:00,21142.25,21142.25,21267.0,21140.25,21210.5,63038
2025-01-27 13:00:00-05:00,21150.75,21150.75,21217.0,21138.75,21142.5,50762
2025-01-27 14:00:00-05:00,21133.0,21133.0,21260.5,21095.0,21151.75,70243
2025-01-27 15:00:00-05:00,21258.25,21258.25,21265.0,21127.5,21133.0,95233
2025-01-28 10:00:00-05:00,21455.0,21455.0,21481.5,21281.0,21284.75,112377
2025-01-28 11:00:00-05:00,21472.5,21472.5,21479.0,21387.5,21456.0,74742
2025-01-28 12:00:00-05:00,21544.75,21544.75,21563.5,21470.5,21472.75,60756
2025-01-28 13:00:00-05:00,21540.25,21540.25,21584.0,21521.5,21544.75,44685
2025-01-28 14:00:00-05:00,21615.5,21615.5,21626.0,21513.5,21540.5,45675
2025-01-28 15:00:00-05:00,21576.25,21576.25,21622.5,21558.0,21615.25,65714
2025-01-29 10:00:00-05:00,21506.0,21506.0,21564.5,21456.0,21518.75,83737
2025-01-29 11:00:00-05:00,21484.0,21484.0,21525.0,21466.75,21507.0,55271
2025-01-29 12:00:00-05:00,21484.75,21484.75,21548.25,21478.25,21483.5,36477
2025-01-29 13:00:00-05:00,21467.25,21467.25,21516.0,21367.0,21485.25,73050
2025-01-29 14:00:00-05:00,21537.75,21537.75,21578.0,21386.75,21464.0,91414
2025-01-29 15:00:00-05:00,21530.75,21530.75,21600.75,21463.0,21538.5,79621
2025-01-30 10:00:00-05:00,21462.0,21462.0,21676.0,21461.25,21674.0,105145
2025-01-30 11:00:00-05:00,21610.0,21610.0,21625.75,21420.0,21462.75,78730
2025-01-30 12:00:00-05:00,21552.75,21552.75,21610.25,21503.25,21610.25,46418
2025-01-30 13:00:00-05:00,21606.5,21606.5,21612.25,21527.25,21552.75,35204
2025-01-30 14:00:00-05:00,21659.75,21659.75,21661.5,21587.25,21606.5,32077
2025-01-30 15:00:00-05:00,21624.75,21624.75,21700.0,21523.5,21660.0,104089
2025-01-31 10:00:00-05:00,21937.25,21937.25,21957.0,21865.75,21868.25,83025
2025-01-31 11:00:00-05:00,21903.0,21903.0,21965.75,21877.0,21936.75,53101
2025-01-31 12:00:00-05:00,21915.0,21915.0,21939.0,21865.0,21903.75,45988
2025-01-31 13:00:00-05:00,21751.75,21751.75,21926.5,21721.0,21915.5,97123
2025-01-31 14:00:00-05:00,21660.75,21660.75,21781.75,21584.75,21752.0,87873
2025-01-31 15:00:00-05:00,21580.5,21580.5,21660.5,21535.75,21660.5,95661
2025-02-03 10:00:00-05:00,21420.0,21420.0,21453.75,21113.25,21215.25,139293
2025-02-03 11:00:00-05:00,21382.5,21382.5,21474.5,21340.75,21419.0,76166
2025-02-03 12:00:00-05:00,21401.25,21401.25,21455.75,21341.0,21382.0,56866
2025-02-03 13:00:00-05:00,21467.75,21467.75,21473.0,21351.0,21400.75,45955
2025-02-03 14:00:00-05:00,21485.5,21485.5,21519.75,21448.0,21466.75,41829
2025-02-03 15:00:00-05:00,21406.25,21406.25,21506.75,21398.5,21486.25,56685
2025-02-04 10:00:00-05:00,21633.5,21633.5,21680.0,21561.0,21561.0,84433
2025-02-04 11:00:00-05:00,21657.5,21657.5,21694.0,21634.0,21634.5,43752
2025-02-04 12:00:00-05:00,21622.75,21622.75,21660.75,21550.0,21658.0,52911
2025-02-04 13:00:00-05:00,21622.0,21622.0,21646.0,21570.0,21623.5,29725
2025-02-04 14:00:00-05:00,21638.75,21638.75,21680.0,21609.5,21622.75,35064
2025-02-04 15:00:00-05:00,21668.0,21668.0,21685.25,21625.25,21638.0,45615
2025-02-05 10:00:00-05:00,21592.25,21592.25,21605.0,21501.0,21570.5,116250
2025-02-05 11:00:00-05:00,21711.0,21711.0,21719.25,21562.75,21591.0,65876
2025-02-05 12:00:00-05:00,21704.75,21704.75,21742.25,21684.25,21711.0,42562
2025-02-05 13:00:00-05:00,21710.5,21710.5,21722.25,21672.0,21705.5,29069
2025-02-05 14:00:00-05:00,21709.5,21709.5,21736.25,21703.0,21710.5,24393
2025-02-05 15:00:00-05:00,21761.5,21761.5,21769.0,21689.75,21708.75,51109
2025-02-06 10:00:00-05:00,21771.75,21771.75,21848.75,21740.25,21789.5,81806
2025-02-06 11:00:00-05:00,21770.75,21770.75,21815.0,21753.75,21772.0,36130
2025-02-06 12:00:00-05:00,21815.5,21815.5,21830.75,21748.0,21772.0,30574
2025-02-06 13:00:00-05:00,21816.5,21816.5,21841.75,21801.75,21815.5,29745
2025-02-06 14:00:00-05:00,21747.5,21747.5,21830.25,21711.5,21815.25,43930
2025-02-06 15:00:00-05:00,21871.0,21871.0,21882.25,21735.25,21747.25,49486
2025-02-07 10:00:00-05:00,21722.0,21722.0,21904.0,21613.25,21904.0,142139
2025-02-07 11:00:00-05:00,21629.25,21629.25,21759.25,21606.75,21721.25,90980
2025-02-07 12:00:00-05:00,21652.5,21652.5,21683.0,21585.0,21628.75,68956
2025-02-07 13:00:00-05:00,21624.25,21624.25,21730.75,21619.0,21652.75,43484
2025-02-07 14:00:00-05:00,21607.5,21607.5,21637.25,21566.0,21625.0,41226
2025-02-07 15:00:00-05:00,21588.25,21588.25,21621.25,21552.75,21607.0,54888
2025-02-10 10:00:00-05:00,21865.75,21865.75,21894.0,21782.5,21792.5,69547
2025-02-10 11:00:00-05:00,21871.5,21871.5,21886.25,21836.25,21865.5,40408
2025-02-10 12:00:00-05:00,21866.0,21866.0,21872.25,21817.25,21871.5,32224
2025-02-10 13:00:00-05:00,21878.75,21878.75,21886.25,21858.0,21865.75,20781
2025-02-10 14:00:00-05:00,21862.0,21862.0,21881.5,21845.0,21878.5,23864
2025-02-10 15:00:00-05:00,21843.0,21843.0,21875.5,21832.75,21862.5,44913
2025-02-11 10:00:00-05:00,21841.25,21841.25,21871.5,21761.0,21777.5,65932
2025-02-11 11:00:00-05:00,21791.0,21791.0,21850.25,21785.0,21841.5,44832
2025-02-11 12:00:00-05:00,21763.75,21763.75,21796.0,21715.75,21790.25,57043
2025-02-11 13:00:00-05:00,21801.5,21801.5,21833.5,21747.75,21764.0,34374
2025-02-11 14:00:00-05:00,21826.25,21826.25,21840.25,21792.25,21802.25,26549
2025-02-11 15:00:00-05:00,21790.5,21790.5,21840.5,21766.0,21826.75,45771
2025-02-12 10:00:00-05:00,21728.0,21728.0,21773.25,21580.5,21677.25,103440
2025-02-12 11:00:00-05:00,21780.0,21780.0,21784.5,21646.0,21728.5,58840
2025-02-12 12:00:00-05:00,21817.75,21817.75,21825.75,21755.5,21780.0,49957
2025-02-12 13:00:00-05:00,21792.5,21792.5,21826.75,21770.25,21818.0,32295
2025-02-12 14:00:00-05:00,21828.5,21828.5,21839.0,21758.0,21793.0,31925
2025-02-12 15:00:00-05:00,21801.75,21801.75,21837.25,21776.25,21828.75,44280
2025-02-13 10:00:00-05:00,22038.25,22038.25,22057.75,21876.75,21919.5,95664
2025-02-13 11:00:00-05:00,21962.0,21962.0,22046.5,21942.0,22038.0,50894
2025-02-13 12:00:00-05:00,21966.5,21966.5,21999.0,21943.25,21962.5,33697
2025-02-13 13:00:00-05:00,21996.0,21996.0,21997.25,21890.5,21967.25,57805
2025-02-13 14:00:00-05:00,22057.0,22057.0,22075.5,21988.0,21997.0,41369
2025-02-13 15:00:00-05:00,22110.0,22110.0,22123.75,22052.75,22057.5,51387
2025-02-14 10:00:00-05:00,22164.75,22164.75,22171.75,22099.0,22127.5,72586
2025-02-14 11:00:00-05:00,22138.5,22138.5,22170.25,22102.0,22164.5,50566
2025-02-14 12:00:00-05:00,22157.25,22157.25,22163.0,22092.0,22139.25,39055
2025-02-14 13:00:00-05:00,22185.5,22185.5,22198.75,22145.0,22157.75,34126
2025-02-14 14:00:00-05:00,22178.25,22178.25,22206.75,22156.0,22185.5,30502
2025-02-14 15:00:00-05:00,22194.5,22194.5,22225.0,22159.25,22178.5,51043
2025-02-18 10:00:00-05:00,22187.0,22187.0,22207.25,22125.0,22202.25,78604
2025-02-18 11:00:00-05:00,22186.25,22186.25,22215.75,22165.0,22187.25,48568
2025-02-18 12:00:00-05:00,22195.0,22195.0,22202.75,22162.0,22186.75,34268
2025-02-18 13:00:00-05:00,22158.75,22158.75,22206.0,22138.5,22195.0,35243
2025-02-18 14:00:00-05:00,22178.5,22178.5,22186.75,22102.75,22159.0,43309
2025-02-18 15:00:00-05:00,22239.0,22239.0,22239.5,22160.5,22178.5,47182
2025-02-19 10:00:00-05:00,22160.75,22160.75,22208.5,22118.0,22168.25,87583
2025-02-19 11:00:00-05:00,22238.5,22238.5,22243.5,22159.75,22160.75,52861
2025-02-19 12:00:00-05:00,22245.5,22245.5,22256.5,22207.5,22238.75,36473
2025-02-19 13:00:00-05:00,22232.5,22232.5,22264.25,22195.0,22245.5,37822
2025-02-19 14:00:00-05:00,22295.0,22295.0,22299.75,22226.25,22232.5,45416
2025-02-19 15:00:00-05:00,22246.75,22246.75,22295.25,22205.5,22295.25,71445
2025-02-20 10:00:00-05:00,21988.75,21988.75,22107.5,21951.0,22011.0,121347
2025-02-20 11:00:00-05:00,22031.25,22031.25,22076.5,21983.5,21988.75,63059
2025-02-20 12:00:00-05:00,22040.0,22040.0,22098.0,22023.25,22030.5,41596
2025-02-20 13:00:00-05:00,22067.5,22067.5,22077.25,22027.5,22039.75,37060
2025-02-20 14:00:00-05:00,22116.75,22116.75,22127.75,22056.0,22067.5,48167
2025-02-20 15:00:00-05:00,22145.0,22145.0,22148.25,22084.5,22116.5,63807
2025-02-21 10:00:00-05:00,22006.75,22006.75,22110.75,21940.75,22096.25,113224
2025-02-21 11:00:00-05:00,21979.25,21979.25,22029.75,21960.0,22006.25,66522
2025-02-21 12:00:00-05:00,21852.5,21852.5,21998.5,21837.5,21978.5,76794
2025-02-21 13:00:00-05:00,21771.75,21771.75,21854.25,21759.75,21852.25,94246
2025-02-21 14:00:00-05:00,21687.5,21687.5,21784.5,21667.25,21772.25,89291
2025-02-21 15:00:00-05:00,21682.5,21682.5,21719.5,21662.5,21687.0,85163
2025-02-24 10:00:00-05:00,21492.0,21492.0,21585.25,21436.25,21567.75,130876
2025-02-24 11:00:00-05:00,21576.5,21576.5,21625.0,21477.5,21493.0,90148
2025-02-24 12:00:00-05:00,21605.25,21605.25,21659.75,21569.25,21577.25,63062
2025-02-24 13:00:00-05:00,21608.75,21608.75,21660.5,21595.25,21605.75,37844
2025-02-24 14:00:00-05:00,21553.25,21553.25,21639.5,21538.5,21608.5,43885
2025-02-24 15:00:00-05:00,21421.25,21421.25,21569.0,21408.75,21553.75,83570
2025-02-25 10:00:00-05:00,21104.25,21104.25,21265.5,21028.25,21259.75,160297
2025-02-25 11:00:00-05:00,21170.5,21170.5,21202.75,20990.0,21105.0,96799
2025-02-25 12:00:00-05:00,21219.75,21219.75,21225.75,21109.25,21170.0,60028
2025-02-25 13:00:00-05:00,21199.5,21199.5,21281.25,21165.5,21220.0,64937
2025-02-25 14:00:00-05:00,21202.5,21202.5,21214.75,21123.75,21199.5,64217
2025-02-25 15:00:00-05:00,21150.0,21150.0,21263.0,21121.0,21202.5,93817
2025-02-26 10:00:00-05:00,21352.0,21352.0,21373.0,21264.25,21301.75,91041
2025-02-26 11:00:00-05:00,21349.75,21349.75,21409.0,21339.75,21351.75,62880
2025-02-26 12:00:00-05:00,21248.75,21248.75,21407.75,21229.0,21349.75,73066
2025-02-26 13:00:00-05:00,21102.25,21102.25,21261.75,21083.0,21249.5,76465
2025-02-26 14:00:00-05:00,21093.75,21093.75,21173.25,21064.5,21100.75,65411
2025-02-26 15:00:00-05:00,21191.25,21191.25,21224.5,21077.75,21094.25,65642
2025-02-27 10:00:00-05:00,21018.5,21018.5,21166.0,20896.5,21006.5,158399
2025-02-27 11:00:00-05:00,21006.25,21006.25,21159.75,20994.5,21020.5,73923
2025-02-27 12:00:00-05:00,21038.75,21038.75,21076.5,20956.5,21006.25,63756
2025-02-27 13:00:00-05:00,21052.25,21052.25,21117.5,21028.5,21038.75,52905
2025-02-27 14:00:00-05:00,20834.0,20834.0,21056.5,20795.75,21051.75,90621
2025-02-27 15:00:00-05:00,20608.5,20608.5,20840.5,20597.75,20835.0,125450
2025-02-28 10:00:00-05:00,20759.75,20759.75,20777.75,20554.0,20591.75,123070
2025-02-28 11:00:00-05:00,20696.75,20696.75,20776.25,20624.5,20760.0,77241
2025-02-28 12:00:00-05:00,20540.5,20540.5,20749.0,20537.0,20697.25,75534
2025-02-28 13:00:00-05:00,20542.25,20542.25,20666.75,20484.25,20540.5,93768
2025-02-28 14:00:00-05:00,20710.5,20710.5,20721.75,20537.75,20541.5,68772
2025-02-28 15:00:00-05:00,20920.75,20920.75,20944.25,20683.25,20711.5,118535
2025-03-03 10:00:00-05:00,20858.0,20858.0,20989.25,20760.0,20845.0,130368
2025-03-03 11:00:00-05:00,20922.0,20922.0,20985.0,20831.0,20858.5,77917
2025-03-03 12:00:00-05:00,20849.25,20849.25,20964.5,20822.0,20922.0,47665
2025-03-03 13:00:00-05:00,20747.75,20747.75,20857.0,20653.25,20849.5,92921
2025-03-03 14:00:00-05:00,20603.25,20603.25,20819.75,20598.75,20747.25,78920
2025-03-03 15:00:00-05:00,20473.0,20473.0,20606.0,20316.75,20604.25,148894
2025-03-04 10:00:00-05:00,20196.25,20196.25,20263.25,20075.25,20230.5,150128
2025-03-04 11:00:00-05:00,20299.0,20299.0,20337.75,20108.5,20197.5,101793
2025-03-04 12:00:00-05:00,20337.0,20337.0,20436.25,20265.75,20298.0,85474
2025-03-04 13:00:00-05:00,20500.5,20500.5,20523.0,20310.75,20338.0,76010
2025-03-04 14:00:00-05:00,20618.75,20618.75,20632.25,20497.75,20500.0,73292
2025-03-04 15:00:00-05:00,20397.5,20397.5,20732.5,20324.5,20619.25,121894
2025-03-05 10:00:00-05:00,20391.25,20391.25,20497.0,20300.0,20322.75,120796
2025-03-05 11:00:00-05:00,20338.0,20338.0,20390.75,20215.0,20390.75,94832
2025-03-05 12:00:00-05:00,20570.5,20570.5,20575.75,20331.0,20337.0,79025
2025-03-05 13:00:00-05:00,20590.5,20590.5,20596.75,20446.0,20570.25,77111
2025-03-05 14:00:00-05:00,20651.0,20651.0,20711.25,20558.25,20590.25,67482
2025-03-05 15:00:00-05:00,20657.5,20657.5,20725.0,20602.0,20651.0,80903
2025-03-06 10:00:00-05:00,20429.75,20429.75,20513.25,20253.25,20282.75,104373
2025-03-06 11:00:00-05:00,20252.0,20252.0,20496.0,20246.25,20431.0,82938
2025-03-06 12:00:00-05:00,20171.25,20171.25,20277.25,20088.25,20252.0,92693
2025-03-06 13:00:00-05:00,20119.0,20119.0,20208.0,20040.0,20171.0,66959
2025-03-06 14:00:00-05:00,20050.5,20050.5,20207.5,20003.0,20118.5,81322
2025-03-06 15:00:00-05:00,20093.5,20093.5,20155.0,20026.5,20051.25,91614
2025-03-07 10:00:00-05:00,20021.0,20021.0,20193.0,19887.75,20139.5,114547
2025-03-07 11:00:00-05:00,19830.25,19830.25,20034.5,19765.75,20021.0,87052
2025-03-07 12:00:00-05:00,19945.75,19945.75,20084.25,19771.0,19831.25,93649
2025-03-07 13:00:00-05:00,20169.25,20169.25,20176.75,19943.0,19945.5,83578
2025-03-07 14:00:00-05:00,20192.75,20192.75,20274.0,20120.75,20169.75,67522
2025-03-07 15:00:00-05:00,20225.0,20225.0,20286.25,20098.5,20193.5,82191
2025-03-10 10:00:00-04:00,19554.25,19554.25,19791.0,19521.0,19791.0,115492
2025-03-10 11:00:00-04:00,19587.5,19587.5,19702.75,19550.0,19554.0,86519
2025-03-10 12:00:00-04:00,19542.75,19542.75,19639.25,19522.75,19586.5,61626
2025-03-10 13:00:00-04:00,19441.75,19441.75,19553.0,19422.0,19542.5,73018
2025-03-10 14:00:00-04:00,19338.75,19338.75,19500.0,19330.0,19442.0,66637
2025-03-10 15:00:00-04:00,19464.0,19464.0,19551.25,19272.5,19338.5,129435
2025-03-11 10:00:00-04:00,19315.0,19315.0,19613.25,19264.5,19523.25,136254
2025-03-11 11:00:00-04:00,19423.25,19423.25,19544.25,19286.0,19311.5,88835
2025-03-11 12:00:00-04:00,19323.0,19323.0,19446.0,19296.0,19422.25,62435
2025-03-11 13:00:00-04:00,19325.0,19325.0,19369.5,19201.0,19323.0,77917
2025-03-11 14:00:00-04:00,19638.75,19638.75,19686.75,19319.0,19326.0,91972
2025-03-11 15:00:00-04:00,19393.25,19393.25,19677.25,19391.75,19640.0,100556
2025-03-12 10:00:00-04:00,19475.75,19475.75,19724.5,19469.5,19643.25,105600
2025-03-12 11:00:00-04:00,19633.0,19633.0,19638.0,19395.25,19475.0,86211
2025-03-12 12:00:00-04:00,19626.5,19626.5,19727.75,19586.5,19634.0,77450
2025-03-12 13:00:00-04:00,19539.75,19539.75,19719.5,19535.5,19627.0,58833
2025-03-12 14:00:00-04:00,19677.75,19677.75,19706.25,19531.25,19540.0,52139
2025-03-12 15:00:00-04:00,19609.5,19609.5,19677.75,19554.0,19677.5,74614
2025-03-13 10:00:00-04:00,19423.25,19423.25,19570.0,19324.5,19367.5,125470
2025-03-13 11:00:00-04:00,19296.75,19296.75,19477.5,19276.5,19424.5,90383
2025-03-13 12:00:00-04:00,19288.25,19288.25,19390.75,19240.5,19297.0,61553
2025-03-13 13:00:00-04:00,19191.0,19191.0,19312.75,19170.0,19287.5,58230
2025-03-13 14:00:00-04:00,19363.5,19363.5,19377.0,19186.75,19190.0,67547
2025-03-13 15:00:00-04:00,19251.5,19251.5,19396.25,19184.25,19362.25,79262
2025-03-14 10:00:00-04:00,19609.75,19609.75,19611.0,19437.0,19545.25,135774
2025-03-14 11:00:00-04:00,19680.0,19680.0,19703.0,19589.25,19610.25,85379
2025-03-14 12:00:00-04:00,19687.0,19687.0,19707.75,19604.5,19680.0,63753
2025-03-14 13:00:00-04:00,19629.75,19629.75,19707.25,19619.75,19686.75,57036
2025-03-14 14:00:00-04:00,19674.25,19674.25,19704.5,19612.25,19630.0,51360
2025-03-14 15:00:00-04:00,19705.25,19705.25,19742.5,19650.0,19673.75,84990
2025-03-17 10:00:00-04:00,19686.0,19686.0,19816.75,19671.25,19790.0,99448
2025-03-17 11:00:00-04:00,19681.5,19681.5,19734.5,19628.75,19686.25,53877
2025-03-17 12:00:00-04:00,19699.25,19699.25,19745.0,19654.75,19682.25,48514
2025-03-17 13:00:00-04:00,19816.0,19816.0,19833.25,19673.25,19698.5,54868
2025-03-17 14:00:00-04:00,19937.5,19937.5,19959.25,19814.75,19815.75,62186
2025-03-17 15:00:00-04:00,19832.5,19832.5,19944.5,19826.0,19936.75,65050
2025-03-18 10:00:00-04:00,19478.0,19478.0,19530.0,19431.25,19469.25,52108
2025-03-18 11:00:00-04:00,19456.5,19456.5,19497.5,19397.75,19476.0,35993
2025-03-18 12:00:00-04:00,19529.0,19529.0,19548.0,19446.75,19456.5,34061
2025-03-18 13:00:00-04:00,19508.25,19508.25,19545.0,19447.5,19529.0,26129
2025-03-18 14:00:00-04:00,19542.75,19542.75,19579.0,19454.75,19508.0,27806
2025-03-18 15:00:00-04:00,19500.25,19500.25,19547.75,19458.0,19541.5,28913
2025-03-19 10:00:00-04:00,19595.0,19595.0,19694.25,19585.0,19618.75,24235
2025-03-19 11:00:00-04:00,19715.0,19715.0,19731.5,19588.0,19590.5,17355
2025-03-19 12:00:00-04:00,19672.0,19672.0,19728.0,19651.5,19715.0,12302
2025-03-19 13:00:00-04:00,19610.5,19610.5,19680.75,19584.75,19672.25,10335
2025-03-19 14:00:00-04:00,19820.25,19820.25,19824.0,19550.0,19603.25,30490
2025-03-19 15:00:00-04:00,19748.5,19748.5,19935.0,19729.5,19819.0,27007
2025-03-20 10:00:00-04:00,19838.0,19838.0,19898.75,19723.25,19728.5,14565
2025-03-20 11:00:00-04:00,19784.0,19784.0,19857.75,19757.0,19840.5,12084
2025-03-20 12:00:00-04:00,19674.5,19674.5,19835.0,19659.25,19779.25,12475
2025-03-20 13:00:00-04:00,19650.25,19650.25,19742.5,19627.25,19675.0,9049
2025-03-20 14:00:00-04:00,19618.25,19618.25,19699.0,19597.75,19650.75,8265
2025-03-20 15:00:00-04:00,19681.0,19681.0,19720.0,19615.0,19620.5,12020
2025-03-24 10:00:00-04:00,20349.25,20349.25,20359.25,20275.0,20315.5,74212
2025-03-24 11:00:00-04:00,20354.5,20354.5,20370.25,20328.25,20349.25,46953
2025-03-24 12:00:00-04:00,20341.75,20341.75,20380.75,20319.0,20354.75,50064
2025-03-24 13:00:00-04:00,20342.5,20342.5,20350.25,20309.0,20342.5,37005
2025-03-24 14:00:00-04:00,20366.0,20366.0,20373.5,20308.25,20342.75,49802
2025-03-24 15:00:00-04:00,20365.75,20365.75,20409.5,20359.75,20366.25,69956
2025-03-25 10:00:00-04:00,20477.0,20477.0,20491.0,20371.0,20414.5,71490
2025-03-25 11:00:00-04:00,20442.5,20442.5,20495.25,20432.25,20476.0,44461
2025-03-25 12:00:00-04:00,20450.0,20450.0,20461.25,20417.5,20443.25,44140
2025-03-25 13:00:00-04:00,20414.25,20414.25,20480.0,20402.0,20450.25,41406
2025-03-25 14:00:00-04:00,20427.75,20427.75,20457.25,20402.75,20414.25,40913
2025-03-25 15:00:00-04:00,20488.0,20488.0,20492.75,20425.0,20427.5,57019
2025-03-26 10:00:00-04:00,20295.5,20295.5,20356.25,20227.0,20316.5,101561
2025-03-26 11:00:00-04:00,20192.5,20192.5,20320.5,20170.25,20295.75,70742
2025-03-26 12:00:00-04:00,20132.25,20132.25,20218.0,20124.75,20193.0,64110
2025-03-26 13:00:00-04:00,20083.75,20083.75,20157.75,20076.5,20132.5,66005
2025-03-26 14:00:00-04:00,20057.25,20057.25,20146.25,20050.0,20083.25,58042
2025-03-26 15:00:00-04:00,20112.5,20112.5,20135.0,20045.0,20056.25,84370
2025-03-27 10:00:00-04:00,20189.25,20189.25,20199.5,20028.0,20076.5,93078
2025-03-27 11:00:00-04:00,20048.0,20048.0,20193.75,20040.5,20189.75,65381
2025-03-27 12:00:00-04:00,20008.5,20008.5,20155.75,20006.0,20048.25,62176
2025-03-27 13:00:00-04:00,20015.0,20015.0,20070.75,20001.0,20008.5,47283
2025-03-27 14:00:00-04:00,20045.25,20045.25,20109.25,20011.0,20014.75,50386
2025-03-27 15:00:00-04:00,19994.75,19994.75,20129.75,19975.0,20045.0,75434
2025-03-28 10:00:00-04:00,19605.5,19605.5,19879.0,19575.75,19856.75,131724
2025-03-28 11:00:00-04:00,19542.25,19542.25,19632.0,19542.0,19605.25,84308
2025-03-28 12:00:00-04:00,19493.0,19493.0,19582.5,19485.25,19542.75,64720
2025-03-28 13:00:00-04:00,19482.75,19482.75,19500.0,19439.0,19492.5,59930
2025-03-28 14:00:00-04:00,19481.5,19481.5,19518.5,19444.25,19482.75,48607
2025-03-28 15:00:00-04:00,19461.75,19461.75,19504.25,19421.5,19481.5,83802
2025-03-31 10:00:00-04:00,19139.5,19139.5,19168.0,19056.0,19090.0,110549
2025-03-31 11:00:00-04:00,19221.5,19221.5,19263.75,19113.75,19139.5,88889
2025-03-31 12:00:00-04:00,19217.25,19217.25,19286.25,19174.25,19220.75,62575
2025-03-31 13:00:00-04:00,19222.75,19222.75,19307.5,19207.5,19217.75,59216
2025-03-31 14:00:00-04:00,19348.5,19348.5,19416.0,19218.25,19222.5,83210
2025-03-31 15:00:00-04:00,19449.75,19449.75,19489.75,19346.0,19348.25,121315
2025-04-01 10:00:00-04:00,19516.0,19516.0,19519.5,19261.25,19410.5,135004
2025-04-01 11:00:00-04:00,19592.0,19592.0,19606.0,19503.0,19516.0,93790
2025-04-01 12:00:00-04:00,19564.25,19564.25,19644.0,19496.5,19592.75,86435
2025-04-01 13:00:00-04:00,19505.5,19505.5,19582.5,19500.75,19564.0,56976
2025-04-01 14:00:00-04:00,19448.0,19448.0,19514.25,19385.0,19505.75,74970
2025-04-01 15:00:00-04:00,19603.25,19603.25,19626.25,19437.5,19448.25,88865
2025-04-02 10:00:00-04:00,19632.5,19632.5,19639.75,19491.25,19530.75,108081
2025-04-02 11:00:00-04:00,19668.5,19668.5,19714.0,19578.5,19632.5,88831
2025-04-02 12:00:00-04:00,19813.25,19813.25,19829.0,19658.5,19668.75,74731
2025-04-02 13:00:00-04:00,19744.5,19744.5,19890.25,19718.75,19815.5,84168
2025-04-02 14:00:00-04:00,19607.25,19607.25,19762.25,19604.75,19744.75,80567
2025-04-02 15:00:00-04:00,19746.5,19746.5,19796.0,19608.0,19608.0,81149
2025-04-03 10:00:00-04:00,18766.25,18766.25,19002.25,18762.25,18984.5,127240
2025-04-03 11:00:00-04:00,18885.0,18885.0,18934.5,18720.0,18766.0,105007
2025-04-03 12:00:00-04:00,18875.0,18875.0,18987.75,18858.75,18885.0,73051
2025-04-03 13:00:00-04:00,18814.0,18814.0,18918.5,18812.0,18875.75,51265
2025-04-03 14:00:00-04:00,18850.25,18850.25,18862.0,18754.75,18814.25,61596
2025-04-03 15:00:00-04:00,18686.0,18686.0,18862.75,18664.75,18850.5,107584
2025-04-04 10:00:00-04:00,17855.75,17855.75,18200.25,17656.0,18195.0,150808
2025-04-04 11:00:00-04:00,17881.0,17881.0,18147.75,17823.0,17855.0,144139
2025-04-04 12:00:00-04:00,17751.75,17751.75,17978.25,17710.0,17881.0,97577
2025-04-04 13:00:00-04:00,17866.25,17866.25,17867.25,17619.75,17752.75,93724
2025-04-04 14:00:00-04:00,17623.5,17623.5,17913.0,17548.5,17867.25,101808
2025-04-04 15:00:00-04:00,17535.25,17535.25,17870.25,17528.5,17625.25,160137
2025-04-07 10:00:00-04:00,17658.5,17658.5,18361.5,17163.0,17273.0,248378
2025-04-07 11:00:00-04:00,17389.25,17389.25,17799.0,17150.0,17657.75,109858
2025-04-07 12:00:00-04:00,17255.25,17255.25,17496.75,17212.75,17388.25,49173
2025-04-07 13:00:00-04:00,17783.5,17783.5,17792.0,17248.0,17253.25,64756
2025-04-07 14:00:00-04:00,17531.25,17531.25,17824.0,17498.0,17784.75,53865
2025-04-07 15:00:00-04:00,17561.5,17561.5,17660.75,17405.0,17532.5,77840
2025-04-08 10:00:00-04:00,18119.25,18119.25,18356.75,18117.25,18247.75,111876
2025-04-08 11:00:00-04:00,18054.0,18054.0,18182.25,17952.5,18120.25,98441
2025-04-08 12:00:00-04:00,17662.75,17662.75,18073.25,17655.5,18053.75,109187
2025-04-08 13:00:00-04:00,17669.25,17669.25,17761.25,17488.25,17661.0,116611
2025-04-08 14:00:00-04:00,17439.5,17439.5,17703.5,17438.5,17670.5,76249
2025-04-08 15:00:00-04:00,17237.0,17237.0,17462.0,16973.5,17441.0,130159
2025-04-09 10:00:00-04:00,17225.0,17225.0,17597.25,17219.0,17446.75,103497
2025-04-09 11:00:00-04:00,17322.5,17322.5,17462.0,17206.0,17224.5,75102
2025-04-09 12:00:00-04:00,17530.25,17530.25,17579.75,17281.5,17320.25,52377
2025-04-09 13:00:00-04:00,18878.25,18878.25,18897.75,17422.5,17532.25,166231
2025-04-09 14:00:00-04:00,18776.25,18776.25,19112.25,18743.5,18877.75,119012
2025-04-09 15:00:00-04:00,19271.5,19271.5,19386.75,18719.25,18776.75,132001
2025-04-10 10:00:00-04:00,18585.0,18585.0,18800.75,18568.5,18661.25,107609
2025-04-10 11:00:00-04:00,18277.25,18277.25,18677.75,18257.5,18586.5,88888
2025-04-10 12:00:00-04:00,18313.0,18313.0,18335.0,17919.0,18278.25,135373
2025-04-10 13:00:00-04:00,18458.75,18458.75,18515.75,18030.25,18309.0,100792
2025-04-10 14:00:00-04:00,18538.25,18538.25,18674.75,18300.75,18460.25,95814
2025-04-10 15:00:00-04:00,18482.0,18482.0,18657.75,18241.25,18537.25,118522
2025-04-11 10:00:00-04:00,18413.0,18413.0,18623.0,18270.0,18562.0,101293
2025-04-11 11:00:00-04:00,18568.5,18568.5,18576.0,18323.0,18412.0,62741
2025-04-11 12:00:00-04:00,18736.25,18736.25,18790.0,18532.0,18568.75,54995
2025-04-11 13:00:00-04:00,18822.5,18822.5,18873.5,18594.75,18737.25,64504
2025-04-11 14:00:00-04:00,18739.5,18739.5,18838.25,18713.25,18821.5,49029
2025-04-11 15:00:00-04:00,18810.0,18810.0,18867.5,18735.0,18742.25,64131
2025-04-14 10:00:00-04:00,19128.25,19128.25,19193.0,19030.0,19046.75,68119
2025-04-14 11:00:00-04:00,18828.75,18828.75,19151.0,18803.5,19128.25,71341
2025-04-14 12:00:00-04:00,18784.5,18784.5,18898.0,18737.5,18829.5,63162
2025-04-14 13:00:00-04:00,18941.0,18941.0,18951.75,18772.0,18784.75,48058
2025-04-14 14:00:00-04:00,19014.0,19014.0,19044.25,18936.0,18940.75,38924
2025-04-14 15:00:00-04:00,18940.25,18940.25,19095.0,18921.25,19015.0,59542
2025-04-15 10:00:00-04:00,19019.5,19019.5,19144.5,18924.5,19068.25,99310
2025-04-15 11:00:00-04:00,19049.25,19049.25,19088.75,18983.0,19019.0,60389
2025-04-15 12:00:00-04:00,18964.0,18964.0,19090.5,18943.5,19050.0,42055
2025-04-15 13:00:00-04:00,18952.0,18952.0,19009.5,18908.0,18964.5,50178
2025-04-15 14:00:00-04:00,18975.0,18975.0,18994.25,18884.25,18951.25,47500
2025-04-15 15:00:00-04:00,18960.5,18960.5,19000.75,18922.5,18975.5,50811
2025-04-16 10:00:00-04:00,18628.0,18628.0,18669.5,18509.25,18522.75,67656
2025-04-16 11:00:00-04:00,18587.75,18587.75,18735.0,18576.25,18628.0,63131
2025-04-16 12:00:00-04:00,18560.0,18560.0,18616.5,18548.0,18588.5,50085
2025-04-16 13:00:00-04:00,18293.0,18293.0,18595.75,18288.0,18561.0,73113
2025-04-16 14:00:00-04:00,18213.5,18213.5,18387.75,18209.5,18292.5,77374
2025-04-16 15:00:00-04:00,18388.25,18388.25,18400.0,18116.25,18213.25,104742
2025-04-17 10:00:00-04:00,18304.0,18304.0,18488.0,18261.5,18466.25,87604
2025-04-17 11:00:00-04:00,18339.5,18339.5,18443.75,18291.0,18304.0,73680
2025-04-17 12:00:00-04:00,18454.0,18454.0,18478.75,18317.0,18340.25,77548
2025-04-17 13:00:00-04:00,18453.0,18453.0,18487.5,18366.75,18454.0,50291
2025-04-17 14:00:00-04:00,18420.0,18420.0,18526.0,18418.0,18453.75,51895
2025-04-17 15:00:00-04:00,18373.25,18373.25,18431.25,18330.0,18419.75,63424
2025-04-21 10:00:00-04:00,17931.25,17931.25,17998.25,17899.75,17994.5,63836
2025-04-21 11:00:00-04:00,17796.75,17796.75,17949.5,17786.5,17931.75,53562
2025-04-21 12:00:00-04:00,17794.75,17794.75,17875.0,17788.25,17796.0,39486
2025-04-21 13:00:00-04:00,17712.25,17712.25,17812.75,17703.0,17794.5,41930
2025-04-21 14:00:00-04:00,17709.0,17709.0,17781.25,17700.0,17712.75,40228
2025-04-21 15:00:00-04:00,17923.0,17923.0,17952.0,17705.25,17708.0,74872
2025-04-22 10:00:00-04:00,18340.5,18340.5,18354.75,18241.0,18253.75,78477
2025-04-22 11:00:00-04:00,18378.5,18378.5,18396.25,18287.25,18340.75,58483
2025-04-22 12:00:00-04:00,18450.5,18450.5,18513.75,18378.75,18378.75,68695
2025-04-22 13:00:00-04:00,18223.25,18223.25,18493.0,18211.25,18449.75,93425
2025-04-22 14:00:00-04:00,18382.75,18382.75,18399.75,18218.0,18223.5,47007
2025-04-22 15:00:00-04:00,18379.5,18379.5,18406.25,18240.5,18383.0,73914
2025-04-23 10:00:00-04:00,19061.75,19061.75,19165.5,18974.0,19074.25,99215
2025-04-23 11:00:00-04:00,18876.75,18876.75,19104.75,18797.25,19062.25,98188
2025-04-23 12:00:00-04:00,18916.75,18916.75,18933.75,18747.0,18876.5,69084
2025-04-23 13:00:00-04:00,18925.75,18925.75,18966.25,18832.0,18915.75,52282
2025-04-23 14:00:00-04:00,18869.5,18869.5,18959.0,18846.75,18927.5,48533
2025-04-23 15:00:00-04:00,18788.0,18788.0,18894.25,18729.75,18869.25,81811
2025-04-24 10:00:00-04:00,19141.25,19141.25,19180.0,19044.75,19052.5,86799
2025-04-24 11:00:00-04:00,19162.25,19162.25,19215.0,19120.75,19141.0,64023
2025-04-24 12:00:00-04:00,19262.5,19262.5,19278.0,19140.25,19163.0,59721
2025-04-24 13:00:00-04:00,19265.0,19265.0,19273.5,19203.5,19262.0,44983
2025-04-24 14:00:00-04:00,19293.25,19293.25,19325.0,19258.5,19265.75,42734
2025-04-24 15:00:00-04:00,19319.0,19319.0,19338.0,19221.0,19292.0,69360
2025-04-25 10:00:00-04:00,19338.25,19338.25,19405.75,19233.75,19257.0,88886
2025-04-25 11:00:00-04:00,19362.75,19362.75,19393.0,19309.25,19338.0,50233
2025-04-25 12:00:00-04:00,19466.5,19466.5,19469.0,19349.75,19363.0,43029
2025-04-25 13:00:00-04:00,19428.25,19428.25,19554.25,19374.25,19467.0,74671
2025-04-25 14:00:00-04:00,19500.5,19500.5,19528.5,19414.25,19428.75,49322
2025-04-25 15:00:00-04:00,19531.0,19531.0,19546.75,19447.25,19500.5,57399
2025-04-28 10:00:00-04:00,19471.75,19471.75,19539.25,19433.25,19464.5,72581
2025-04-28 11:00:00-04:00,19347.75,19347.75,19496.0,19311.75,19471.5,70643
2025-04-28 12:00:00-04:00,19318.0,19318.0,19356.25,19267.5,19347.0,52644
2025-04-28 13:00:00-04:00,19371.25,19371.25,19378.75,19257.25,19317.0,45116
2025-04-28 14:00:00-04:00,19428.5,19428.5,19438.75,19356.75,19372.0,38625
2025-04-28 15:00:00-04:00,19524.5,19524.5,19578.75,19423.5,19429.0,59950
2025-04-29 10:00:00-04:00,19597.0,19597.0,19609.0,19466.25,19506.0,87100
2025-04-29 11:00:00-04:00,19539.0,19539.0,19615.25,19500.0,19598.0,58557
2025-04-29 12:00:00-04:00,19494.25,19494.25,19606.0,19471.0,19538.5,57303
2025-04-29 13:00:00-04:00,19656.0,19656.0,19667.5,19483.0,19494.0,55581
2025-04-29 14:00:00-04:00,19646.25,19646.25,19688.5,19638.75,19656.5,47467
2025-04-29 15:00:00-04:00,19645.0,19645.0,19683.25,19615.0,19646.5,61184
2025-04-30 10:00:00-04:00,19333.0,19333.0,19356.75,19103.75,19120.25,103366
2025-04-30 11:00:00-04:00,19443.25,19443.25,19455.0,19327.5,19332.75,74266
2025-04-30 12:00:00-04:00,19438.25,19438.25,19473.5,19356.75,19442.75,58687
2025-04-30 13:00:00-04:00,19478.25,19478.25,19509.0,19337.0,19438.25,54488
2025-04-30 14:00:00-04:00,19474.25,19474.25,19582.0,19447.5,19478.5,68518
2025-04-30 15:00:00-04:00,19642.5,19642.5,19715.75,19467.25,19474.75,89921
2025-05-01 10:00:00-04:00,20072.75,20072.75,20073.5,19866.0,19877.0,81460
2025-05-01 11:00:00-04:00,19962.0,19962.0,20125.75,19933.0,20073.25,72522
2025-05-01 12:00:00-04:00,19942.75,19942.75,19999.5,19910.0,19963.0,57576
2025-05-01 13:00:00-04:00,19982.0,19982.0,20029.0,19939.0,19942.25,43273
2025-05-01 14:00:00-04:00,20009.0,20009.0,20049.25,19976.5,19982.0,38420
2025-05-01 15:00:00-04:00,19878.0,19878.0,20022.5,19857.75,20009.0,67979
2025-05-02 10:00:00-04:00,20166.0,20166.0,20180.5,20062.0,20073.25,67007
2025-05-02 11:00:00-04:00,20197.25,20197.25,20207.0,20127.25,20166.0,47246
2025-05-02 12:00:00-04:00,20241.75,20241.75,20266.0,20192.0,20197.0,51293
2025-05-02 13:00:00-04:00,20226.0,20226.0,20254.5,20196.25,20242.0,36755
2025-05-02 14:00:00-04:00,20221.25,20221.25,20276.75,20198.75,20225.75,32956
2025-05-02 15:00:00-04:00,20185.5,20185.5,20235.5,20152.25,20220.75,64478
2025-05-05 10:00:00-04:00,20105.0,20105.0,20115.25,20009.0,20059.25,67204
2025-05-05 11:00:00-04:00,20102.0,20102.0,20124.0,20065.5,20103.75,40850
2025-05-05 12:00:00-04:00,20134.25,20134.25,20146.75,20094.5,20102.25,27860
2025-05-05 13:00:00-04:00,20143.75,20143.75,20156.25,20106.25,20134.0,26138
2025-05-05 14:00:00-04:00,20151.5,20151.5,20191.5,20138.25,20144.0,29922
2025-05-05 15:00:00-04:00,20065.5,20065.5,20155.0,20044.75,20152.0,51027
2025-05-06 10:00:00-04:00,19905.0,19905.0,19937.75,19739.25,19757.5,73800
2025-05-06 11:00:00-04:00,19897.0,19897.0,19952.5,19885.25,19903.75,46672
2025-05-06 12:00:00-04:00,19864.25,19864.25,20026.25,19860.25,19895.75,67197
2025-05-06 13:00:00-04:00,19846.75,19846.75,19920.0,19837.5,19864.75,40503
2025-05-06 14:00:00-04:00,19954.25,19954.25,19955.0,19845.5,19847.0,39102
2025-05-06 15:00:00-04:00,19875.5,19875.5,19972.5,19870.75,19953.75,52133
2025-05-07 10:00:00-04:00,19842.5,19842.5,19977.25,19829.25,19936.75,61098
2025-05-07 11:00:00-04:00,19850.0,19850.0,19857.25,19787.0,19843.0,65791
2025-05-07 12:00:00-04:00,19898.75,19898.75,19904.25,19806.0,19848.0,38610
2025-05-07 13:00:00-04:00,19818.75,19818.75,19925.75,19802.5,19898.5,35694
2025-05-07 14:00:00-04:00,19886.25,19886.25,19902.75,19678.75,19817.5,87731
2025-05-07 15:00:00-04:00,19949.5,19949.5,20053.5,19764.0,19886.75,102347
2025-05-08 10:00:00-04:00,20017.25,20017.25,20124.25,19979.0,20090.5,71690
2025-05-08 11:00:00-04:00,20273.0,20273.0,20316.5,19993.25,20016.25,101809
2025-05-08 12:00:00-04:00,20331.75,20331.75,20337.25,20268.75,20273.0,45335
2025-05-08 13:00:00-04:00,20250.75,20250.75,20335.75,20246.75,20331.0,36717
2025-05-08 14:00:00-04:00,20283.75,20283.75,20317.75,20234.25,20250.0,36910
2025-05-08 15:00:00-04:00,20152.5,20152.5,20331.25,20141.25,20283.75,72040
2025-05-09 10:00:00-04:00,20142.0,20142.0,20275.0,20058.0,20254.0,81203
2025-05-09 11:00:00-04:00,20169.75,20169.75,20176.25,20103.0,20143.0,52128
2025-05-09 12:00:00-04:00,20087.75,20087.75,20174.75,20072.0,20170.25,41888
2025-05-09 13:00:00-04:00,20156.0,20156.0,20161.0,20061.5,20088.25,37366
2025-05-09 14:00:00-04:00,20141.5,20141.5,20160.25,20110.0,20155.25,27319
2025-05-09 15:00:00-04:00,20136.25,20136.25,20185.5,20127.75,20141.25,47481
2025-05-12 10:00:00-04:00,20770.5,20770.5,20849.25,20690.0,20796.25,84900
2025-05-12 11:00:00-04:00,20764.75,20764.75,20806.5,20753.75,20772.0,49344
2025-05-12 12:00:00-04:00,20877.75,20877.75,20883.5,20756.75,20765.25,45810
2025-05-12 13:00:00-04:00,20914.0,20914.0,20935.0,20872.25,20878.25,45643
2025-05-12 14:00:00-04:00,20896.5,20896.5,20943.5,20893.25,20919.5,38479
2025-05-12 15:00:00-04:00,20950.25,20950.25,20954.25,20859.0,20896.0,74074
2025-05-13 10:00:00-04:00,21250.0,21250.0,21260.0,21115.5,21125.0,87967
2025-05-13 11:00:00-04:00,21284.25,21284.25,21304.75,21230.75,21250.75,55103
2025-05-13 12:00:00-04:00,21321.25,21321.25,21338.5,21252.5,21284.0,46991
2025-05-13 13:00:00-04:00,21295.75,21295.75,21346.5,21294.0,21322.0,41637
2025-05-13 14:00:00-04:00,21327.5,21327.5,21331.25,21275.0,21296.5,35078
2025-05-13 15:00:00-04:00,21291.25,21291.25,21341.5,21257.75,21326.75,51266
2025-05-14 10:00:00-04:00,21357.0,21357.0,21370.0,21297.75,21331.75,64892
2025-05-14 11:00:00-04:00,21376.25,21376.25,21389.25,21289.0,21357.5,53499
2025-05-14 12:00:00-04:00,21367.5,21367.5,21419.5,21355.75,21375.75,35942
2025-05-14 13:00:00-04:00,21365.25,21365.25,21369.75,21281.5,21367.25,45688
2025-05-14 14:00:00-04:00,21369.5,21369.5,21400.5,21336.0,21365.25,40673
2025-05-14 15:00:00-04:00,21396.5,21396.5,21406.5,21331.0,21369.75,60119
2025-05-15 10:00:00-04:00,21335.25,21335.25,21346.5,21257.25,21299.0,67477
2025-05-15 11:00:00-04:00,21429.25,21429.25,21446.5,21327.75,21335.25,61600
2025-05-15 12:00:00-04:00,21491.75,21491.75,21492.75,21419.0,21429.5,42347
2025-05-15 13:00:00-04:00,21475.5,21475.5,21529.75,21468.0,21491.5,39849
2025-05-15 14:00:00-04:00,21392.5,21392.5,21474.75,21376.0,21474.75,57613
2025-05-15 15:00:00-04:00,21418.5,21418.5,21423.25,21303.75,21392.25,83549
2025-05-16 10:00:00-04:00,21391.0,21391.0,21456.5,21320.5,21435.75,71178
2025-05-16 11:00:00-04:00,21412.5,21412.5,21443.25,21373.75,21391.5,40922
2025-05-16 12:00:00-04:00,21427.5,21427.5,21451.25,21405.5,21411.5,29443
2025-05-16 13:00:00-04:00,21445.0,21445.0,21478.0,21419.25,21427.25,30581
2025-05-16 14:00:00-04:00,21476.5,21476.5,21493.25,21435.25,21445.5,26953
2025-05-16 15:00:00-04:00,21504.75,21504.75,21512.0,21461.75,21477.0,47811
2025-05-19 10:00:00-04:00,21394.0,21394.0,21462.25,21347.75,21356.0,68523
2025-05-19 11:00:00-04:00,21433.75,21433.75,21476.25,21379.75,21394.0,41938
2025-05-19 12:00:00-04:00,21498.5,21498.5,21503.5,21428.25,21434.0,34777
2025-05-19 13:00:00-04:00,21499.25,21499.25,21544.5,21493.5,21498.25,43212
2025-05-19 14:00:00-04:00,21495.75,21495.75,21505.75,21449.75,21499.25,38110
2025-05-19 15:00:00-04:00,21523.25,21523.25,21533.5,21443.5,21496.25,58982
2025-05-20 10:00:00-04:00,21408.0,21408.0,21451.0,21363.0,21394.75,56540
2025-05-20 11:00:00-04:00,21435.5,21435.5,21445.75,21387.5,21407.25,37547
2025-05-20 12:00:00-04:00,21458.75,21458.75,21472.0,21402.75,21435.5,31466
2025-05-20 13:00:00-04:00,21431.5,21431.5,21474.25,21408.0,21459.25,30641
2025-05-20 14:00:00-04:00,21348.75,21348.75,21441.5,21340.75,21430.5,45946
2025-05-20 15:00:00-04:00,21447.0,21447.0,21452.0,21298.0,21348.75,64739
2025-05-21 10:00:00-04:00,21456.25,21456.25,21459.0,21363.0,21374.25,64560
2025-05-21 11:00:00-04:00,21515.75,21515.75,21535.0,21447.0,21456.5,57284
2025-05-21 12:00:00-04:00,21515.25,21515.25,21558.5,21508.5,21515.0,34769
2025-05-21 13:00:00-04:00,21271.25,21271.25,21523.25,21159.5,21515.25,126208
2025-05-21 14:00:00-04:00,21176.5,21176.5,21282.5,21167.0,21271.5,60812
2025-05-21 15:00:00-04:00,21149.0,21149.0,21221.0,21072.75,21178.0,86139
2025-05-22 10:00:00-04:00,21231.25,21231.25,21330.25,21166.5,21285.75,81592
2025-05-22 11:00:00-04:00,21271.75,21271.75,21281.25,21198.75,21231.75,50400
2025-05-22 12:00:00-04:00,21218.0,21218.0,21324.5,21208.75,21272.25,45214
2025-05-22 13:00:00-04:00,21292.5,21292.5,21310.25,21196.5,21217.75,41136
2025-05-22 14:00:00-04:00,21305.25,21305.25,21317.75,21268.25,21292.25,31150
2025-05-22 15:00:00-04:00,21184.25,21184.25,21337.5,21166.0,21305.25,60147
2025-05-23 10:00:00-04:00,20911.25,20911.25,20994.25,20882.0,20888.25,62290
2025-05-23 11:00:00-04:00,20935.25,20935.25,21008.75,20885.25,20911.25,46516
2025-05-23 12:00:00-04:00,20983.0,20983.0,21006.0,20917.75,20935.75,36643
2025-05-23 13:00:00-04:00,21052.0,21052.0,21074.25,20971.75,20983.5,39575
2025-05-23 14:00:00-04:00,21039.0,21039.0,21083.0,21006.25,21051.75,36163
2025-05-23 15:00:00-04:00,20978.5,20978.5,21069.75,20958.75,21038.75,53528
2025-05-26 10:00:00-04:00,21230.25,21230.25,21282.0,21224.75,21280.5,7393
2025-05-26 11:00:00-04:00,21273.5,21273.5,21276.25,21215.5,21231.25,6196
2025-05-26 12:00:00-04:00,21283.5,21283.5,21294.0,21268.0,21274.0,4795
2025-05-27 10:00:00-04:00,21355.25,21355.25,21389.5,21292.25,21292.5,61271
2025-05-27 11:00:00-04:00,21399.5,21399.5,21406.5,21353.0,21355.5,39160
2025-05-27 12:00:00-04:00,21430.25,21430.25,21459.25,21395.5,21400.0,39142
2025-05-27 13:00:00-04:00,21476.75,21476.75,21480.25,21430.0,21430.5,31738
2025-05-27 14:00:00-04:00,21442.75,21442.75,21488.5,21440.75,21476.5,32453
2025-05-27 15:00:00-04:00,21466.5,21466.5,21469.5,21414.25,21442.5,61255
2025-05-28 10:00:00-04:00,21432.5,21432.5,21486.5,21426.0,21477.5,55121
2025-05-28 11:00:00-04:00,21437.0,21437.0,21477.5,21428.5,21432.0,39964
2025-05-28 12:00:00-04:00,21465.25,21465.25,21481.0,21436.5,21437.25,27560
2025-05-28 13:00:00-04:00,21470.5,21470.5,21490.5,21456.25,21465.5,25199
2025-05-28 14:00:00-04:00,21469.0,21469.0,21502.25,21401.5,21469.75,35532
2025-05-28 15:00:00-04:00,21372.5,21372.5,21514.25,21349.0,21468.25,65929
2025-05-29 10:00:00-04:00,21516.0,21516.0,21533.25,21380.5,21517.5,76188
2025-05-29 11:00:00-04:00,21348.75,21348.75,21519.5,21325.5,21515.0,55818
2025-05-29 12:00:00-04:00,21456.25,21456.25,21471.5,21301.0,21348.0,47971
2025-05-29 13:00:00-04:00,21372.25,21372.25,21485.0,21368.0,21455.25,37592
2025-05-29 14:00:00-04:00,21362.75,21362.75,21405.0,21317.25,21373.0,39479
2025-05-29 15:00:00-04:00,21411.75,21411.75,21447.25,21338.5,21363.0,54225
2025-05-30 10:00:00-04:00,21354.5,21354.5,21399.5,21254.0,21257.25,61106
2025-05-30 11:00:00-04:00,21323.5,21323.5,21378.75,21288.25,21356.5,49716
2025-05-30 12:00:00-04:00,21109.0,21109.0,21337.0,21071.5,21323.75,79837
2025-05-30 13:00:00-04:00,21176.0,21176.0,21214.75,21089.0,21109.25,48107
2025-05-30 14:00:00-04:00,21300.75,21300.75,21307.25,21174.75,21176.5,44856
2025-05-30 15:00:00-04:00,21369.25,21369.25,21433.5,21295.75,21300.5,78383
2025-06-02 10:00:00-04:00,21397.25,21397.25,21418.75,21235.0,21311.0,72715
2025-06-02 11:00:00-04:00,21434.25,21434.25,21444.75,21355.25,21396.75,45806
2025-06-02 12:00:00-04:00,21445.5,21445.5,21454.5,21401.25,21434.0,29424
2025-06-02 13:00:00-04:00,21445.5,21445.5,21474.25,21425.25,21445.75,28590
2025-06-02 14:00:00-04:00,21517.75,21517.75,21525.75,21426.75,21445.5,37263
2025-06-02 15:00:00-04:00,21534.0,21534.0,21543.75,21495.25,21517.75,43390
2025-06-03 10:00:00-04:00,21661.0,21661.0,21664.0,21557.5,21594.75,62230
2025-06-03 11:00:00-04:00,21684.5,21684.5,21688.25,21652.5,21661.0,44496
2025-06-03 12:00:00-04:00,21737.75,21737.75,21747.75,21675.25,21684.5,35421
2025-06-03 13:00:00-04:00,21717.75,21717.75,21759.75,21715.75,21738.25,31566
2025-06-03 14:00:00-04:00,21710.75,21710.75,21721.75,21635.75,21718.25,45951
2025-06-03 15:00:00-04:00,21704.25,21704.25,21725.75,21673.5,21710.75,50570
2025-06-04 10:00:00-04:00,21761.0,21761.0,21764.25,21641.0,21746.0,73463
2025-06-04 11:00:00-04:00,21754.25,21754.25,21784.5,21731.75,21761.25,43105
2025-06-04 12:00:00-04:00,21754.25,21754.25,21758.0,21707.25,21753.75,35025
2025-06-04 13:00:00-04:00,21786.0,21786.0,21787.0,21752.75,21754.25,26771
2025-06-04 14:00:00-04:00,21782.75,21782.75,21803.0,21771.75,21785.75,30587
2025-06-04 15:00:00-04:00,21757.5,21757.5,21798.25,21748.25,21783.0,43425
2025-06-05 10:00:00-04:00,21858.25,21858.25,21878.75,21704.0,21724.75,88677
2025-06-05 11:00:00-04:00,21920.0,21920.0,21935.0,21844.5,21858.25,50002
2025-06-05 12:00:00-04:00,21687.25,21687.25,21923.0,21670.25,21920.25,73911
2025-06-05 13:00:00-04:00,21729.0,21729.0,21789.75,21659.5,21687.0,44275
2025-06-05 14:00:00-04:00,21686.75,21686.75,21740.0,21606.5,21730.0,58996
2025-06-05 15:00:00-04:00,21587.0,21587.0,21698.0,21503.5,21686.5,90318
2025-06-06 10:00:00-04:00,21820.0,21820.0,21852.25,21762.75,21840.25,60117
2025-06-06 11:00:00-04:00,21806.0,21806.0,21870.0,21736.5,21819.75,60079
2025-06-06 12:00:00-04:00,21755.25,21755.25,21834.5,21722.0,21806.5,37321
2025-06-06 13:00:00-04:00,21821.5,21821.5,21826.75,21737.0,21755.25,31827
2025-06-06 14:00:00-04:00,21835.0,21835.0,21873.5,21821.5,21822.25,42398
2025-06-06 15:00:00-04:00,21789.0,21789.0,21847.5,21784.75,21834.5,49424
2025-06-09 10:00:00-04:00,21842.5,21842.5,21880.5,21787.0,21787.0,55719
2025-06-09 11:00:00-04:00,21838.5,21838.5,21867.25,21816.5,21842.5,34311
2025-06-09 12:00:00-04:00,21870.25,21870.25,21885.0,21815.5,21839.25,28725
2025-06-09 13:00:00-04:00,21867.25,21867.25,21881.75,21834.25,21870.25,30127
2025-06-09 14:00:00-04:00,21869.25,21869.25,21879.25,21845.25,21867.5,23641
2025-06-09 15:00:00-04:00,21818.5,21818.5,21875.25,21814.0,21869.75,49317
2025-06-10 10:00:00-04:00,21865.25,21865.25,21890.75,21847.5,21857.25,38355
2025-06-10 11:00:00-04:00,21874.5,21874.5,21878.5,21743.25,21873.25,59829
2025-06-10 12:00:00-04:00,21909.75,21909.75,21918.0,21871.75,21874.25,34025
2025-06-10 13:00:00-04:00,21873.0,21873.0,21931.0,21867.0,21905.5,31805
2025-06-10 14:00:00-04:00,21948.5,21948.5,21967.25,21820.75,21873.5,49136
2025-06-10 15:00:00-04:00,21964.75,21964.75,21992.25,21910.75,21949.0,62350
2025-06-11 10:00:00-04:00,22059.25,22059.25,22062.0,21973.75,21981.0,54270
2025-06-11 11:00:00-04:00,21993.5,21993.5,22066.25,21986.25,22058.75,55242
2025-06-11 12:00:00-04:00,21977.5,21977.5,22006.75,21908.0,21994.25,49808
2025-06-11 13:00:00-04:00,21916.5,21916.5,22018.5,21910.75,21978.25,39023
2025-06-11 14:00:00-04:00,21861.0,21861.0,21931.0,21790.75,21917.25,86916
2025-06-11 15:00:00-04:00,21887.5,21887.5,21892.5,21824.25,21862.25,58781
2025-06-12 10:00:00-04:00,21934.75,21934.75,21948.25,21840.5,21857.25,53289
2025-06-12 11:00:00-04:00,21922.5,21922.5,21977.25,21881.0,21934.5,52642
2025-06-12 12:00:00-04:00,21923.5,21923.5,21969.75,21901.5,21922.25,46016
2025-06-12 13:00:00-04:00,21937.0,21937.0,21967.5,21917.0,21924.25,30913
2025-06-12 14:00:00-04:00,21937.25,21937.25,21950.0,21903.75,21937.75,31128
2025-06-12 15:00:00-04:00,21936.75,21936.75,21953.0,21893.5,21937.0,40736
2025-06-13 10:00:00-04:00,21743.5,21743.5,21751.75,21617.0,21727.0,75402
2025-06-13 11:00:00-04:00,21833.75,21833.75,21843.0,21735.5,21743.75,53126
2025-06-13 12:00:00-04:00,21827.5,21827.5,21853.75,21798.75,21833.25,37815
2025-06-13 13:00:00-04:00,21787.75,21787.75,21834.75,21749.75,21827.25,42728
2025-06-13 14:00:00-04:00,21668.25,21668.25,21805.25,21601.5,21788.25,66063
2025-06-13 15:00:00-04:00,21652.25,21652.25,21693.0,21600.25,21668.0,66672
2025-06-16 10:00:00-04:00,21958.25,21958.25,21981.25,21921.75,21928.0,54464
2025-06-16 11:00:00-04:00,21945.75,21945.75,21999.25,21930.5,21958.75,42003
2025-06-16 12:00:00-04:00,21938.75,21938.75,21969.75,21918.0,21946.25,28356
2025-06-16 13:00:00-04:00,21938.25,21938.25,21983.0,21923.5,21944.0,25806
2025-06-16 14:00:00-04:00,21940.75,21940.75,21956.5,21910.75,21938.75,23830
2025-06-16 15:00:00-04:00,21948.5,21948.5,21957.0,21914.25,21940.0,35462
2025-06-17 10:00:00-04:00,21850.25,21850.25,21907.5,21845.0,21871.5,20132
2025-06-17 11:00:00-04:00,21872.0,21872.0,21910.0,21847.75,21849.25,13406
2025-06-17 12:00:00-04:00,21812.0,21812.0,21905.75,21801.25,21874.75,13024
2025-06-17 13:00:00-04:00,21738.0,21738.0,21832.5,21718.5,21809.5,13541
2025-06-17 14:00:00-04:00,21751.5,21751.5,21753.5,21685.0,21736.5,11859
2025-06-17 15:00:00-04:00,21730.25,21730.25,21779.5,21720.5,21752.25,12449
2025-06-18 10:00:00-04:00,21854.0,21854.0,21871.25,21761.75,21761.75,14992
2025-06-18 11:00:00-04:00,21815.0,21815.0,21854.25,21810.0,21846.5,6840
2025-06-18 12:00:00-04:00,21804.5,21804.5,21840.75,21797.75,21813.75,5949
2025-06-18 13:00:00-04:00,21808.75,21808.75,21815.25,21716.25,21801.75,6013
2025-06-18 14:00:00-04:00,21692.75,21692.75,21846.25,21667.75,21836.25,16179
2025-06-18 15:00:00-04:00,21718.75,21718.75,21787.75,21660.0,21692.5,18664
2025-06-19 10:00:00-04:00,21509.25,21509.25,21516.25,21457.0,21467.25,2486
2025-06-19 11:00:00-04:00,21463.75,21463.75,21522.5,21459.25,21509.5,3049
2025-06-19 12:00:00-04:00,21484.75,21484.75,21524.75,21461.75,21461.75,0
2025-06-23 10:00:00-04:00,21952.75,21952.75,22016.0,21925.75,21925.75,67287
2025-06-23 11:00:00-04:00,21938.5,21938.5,22004.0,21922.25,21988.5,43280
2025-06-23 12:00:00-04:00,21840.75,21840.75,21945.25,21738.25,21938.5,89997
2025-06-23 13:00:00-04:00,22052.0,22052.0,22088.0,21821.75,21841.25,78428
2025-06-23 14:00:00-04:00,22036.0,22036.0,22085.5,22021.25,22052.0,34293
2025-06-23 15:00:00-04:00,22073.0,22073.0,22093.0,22024.0,22036.0,49801
2025-06-24 10:00:00-04:00,22314.75,22314.75,22340.25,22282.0,22292.0,57040
2025-06-24 11:00:00-04:00,22362.25,22362.25,22388.0,22335.75,22345.25,47020
2025-06-24 12:00:00-04:00,22400.0,22400.0,22417.75,22357.25,22362.5,36662
2025-06-24 13:00:00-04:00,22417.5,22417.5,22426.0,22379.75,22400.0,31169
2025-06-24 14:00:00-04:00,22426.0,22426.0,22432.0,22408.0,22417.5,24667
2025-06-24 15:00:00-04:00,22405.75,22405.75,22448.25,22405.25,22425.5,53036
2025-06-25 10:00:00-04:00,22497.0,22497.0,22530.0,22463.75,22523.0,61290
2025-06-25 11:00:00-04:00,22444.0,22444.0,22492.25,22429.0,22491.25,47107
2025-06-25 12:00:00-04:00,22442.75,22442.75,22458.0,22410.0,22444.0,33620
2025-06-25 13:00:00-04:00,22412.25,22412.25,22462.75,22388.75,22442.75,40072
2025-06-25 14:00:00-04:00,22420.0,22420.0,22434.75,22402.0,22413.0,23393
2025-06-25 15:00:00-04:00,22462.75,22462.75,22465.75,22418.75,22420.5,47522
2025-06-26 10:00:00-04:00,22571.25,22571.25,22597.0,22537.25,22564.0,58586
2025-06-26 11:00:00-04:00,22610.0,22610.0,22618.75,22550.0,22570.0,51493
2025-06-26 12:00:00-04:00,22607.25,22607.25,22632.75,22596.75,22610.0,30743
2025-06-26 13:00:00-04:00,22640.0,22640.0,22652.0,22597.5,22607.25,29967
2025-06-26 14:00:00-04:00,22667.0,22667.0,22687.0,22634.25,22640.25,36241
2025-06-26 15:00:00-04:00,22672.75,22672.75,22694.0,22652.5,22667.25,51775
2025-06-27 10:00:00-04:00,22759.0,22759.0,22825.5,22748.5,22764.5,69688
2025-06-27 11:00:00-04:00,22809.25,22809.25,22820.0,22745.0,22760.5,43125
2025-06-27 12:00:00-04:00,22795.0,22795.0,22810.0,22770.25,22809.25,34719
2025-06-27 13:00:00-04:00,22736.0,22736.0,22798.25,22696.0,22794.75,51287
2025-06-27 14:00:00-04:00,22609.75,22609.75,22742.5,22600.0,22736.25,65013
2025-06-27 15:00:00-04:00,22751.75,22751.75,22759.75,22605.25,22611.0,69934
2025-06-30 10:00:00-04:00,22821.5,22821.5,22853.75,22807.5,22837.0,52923
2025-06-30 11:00:00-04:00,22843.25,22843.25,22858.5,22801.5,22821.75,39303
2025-06-30 12:00:00-04:00,22842.25,22842.25,22867.5,22832.25,22843.5,30321
2025-06-30 13:00:00-04:00,22821.0,22821.0,22849.5,22786.25,22842.25,33421
2025-06-30 14:00:00-04:00,22849.5,22849.5,22853.25,22781.0,22821.0,40474
2025-06-30 15:00:00-04:00,22885.25,22885.25,22934.75,22848.25,22849.25,79084
2025-07-01 10:00:00-04:00,22688.0,22688.0,22848.25,22674.5,22809.75,85881
2025-07-01 11:00:00-04:00,22659.25,22659.25,22718.0,22594.5,22687.25,82554
2025-07-01 12:00:00-04:00,22700.75,22700.75,22736.75,22631.75,22659.75,50905
2025-07-01 13:00:00-04:00,22742.5,22742.5,22762.25,22701.25,22701.5,35942
2025-07-01 14:00:00-04:00,22702.75,22702.75,22753.5,22701.0,22742.5,29608
2025-07-01 15:00:00-04:00,22692.25,22692.25,22745.25,22647.25,22702.5,68254
2025-07-02 10:00:00-04:00,22811.5,22811.5,22831.5,22702.75,22706.5,74164
2025-07-02 11:00:00-04:00,22822.0,22822.0,22847.5,22798.25,22811.75,43621
2025-07-02 12:00:00-04:00,22840.25,22840.25,22845.0,22809.5,22822.0,32934
2025-07-02 13:00:00-04:00,22825.25,22825.25,22848.25,22808.5,22840.75,30514
2025-07-02 14:00:00-04:00,22828.25,22828.25,22838.25,22818.0,22823.75,25841
2025-07-02 15:00:00-04:00,22844.5,22844.5,22854.0,22813.25,22829.0,48000
2025-07-03 09:30:00-04:00,22997.5,22997.5,23004.5,22891.25,22893.25,57749
2025-07-03 10:30:00-04:00,23051.5,23051.5,23067.75,23023.25,23027.75,54288
2025-07-03 11:30:00-04:00,23081.75,23081.75,23102.5,23048.5,23050.0,38287
2025-07-03 12:30:00-04:00,23057.5,23057.5,23094.5,23027.5,23086.5,42703
2025-07-04 10:00:00-04:00,22936.75,22936.75,22945.5,22908.5,22923.75,5993
2025-07-04 11:00:00-04:00,22934.25,22934.25,22943.0,22910.75,22936.25,4677
2025-07-04 12:00:00-04:00,22906.75,22906.75,22936.25,22896.0,22933.75,3956
2025-07-07 10:00:00-04:00,22895.5,22895.5,22962.75,22882.5,22944.5,56102
2025-07-07 11:00:00-04:00,22929.0,22929.0,22937.5,22892.5,22894.75,41718
2025-07-07 12:00:00-04:00,22870.5,22870.5,22962.5,22833.75,22928.5,73108
2025-07-07 13:00:00-04:00,22871.0,22871.0,22930.0,22846.0,22870.0,45284
2025-07-07 14:00:00-04:00,22877.5,22877.5,22881.25,22779.75,22876.0,51755
2025-07-07 15:00:00-04:00,22883.25,22883.25,22891.25,22840.75,22877.25,51317
2025-07-08 10:00:00-04:00,22866.75,22866.75,22942.75,22841.0,22882.0,80194
2025-07-08 11:00:00-04:00,22906.0,22906.0,22915.0,22853.75,22885.5,48257
2025-07-08 12:00:00-04:00,22916.5,22916.5,22962.75,22888.0,22906.5,52770
2025-07-08 13:00:00-04:00,22934.0,22934.0,22939.0,22875.75,22916.75,38445
2025-07-08 14:00:00-04:00,22899.0,22899.0,22942.75,22890.25,22934.0,31069
2025-07-08 15:00:00-04:00,22898.0,22898.0,22903.75,22870.25,22899.0,35610
2025-07-09 10:00:00-04:00,22947.5,22947.5,23112.0,22928.0,23105.25,102160
2025-07-09 11:00:00-04:00,22948.25,22948.25,22990.0,22920.0,22945.25,58017
2025-07-09 12:00:00-04:00,22983.0,22983.0,23008.5,22937.0,22948.25,34072
2025-07-09 13:00:00-04:00,22983.5,22983.5,23000.5,22960.0,22982.75,40747
2025-07-09 14:00:00-04:00,23032.25,23032.25,23039.75,22981.75,22983.25,36034
2025-07-09 15:00:00-04:00,23051.0,23051.0,23057.0,23022.75,23032.5,44184
2025-07-10 10:00:00-04:00,22963.25,22963.25,22986.75,22901.25,22960.75,76528
2025-07-10 11:00:00-04:00,23020.0,23020.0,23024.25,22940.0,22963.25,44377
2025-07-10 12:00:00-04:00,22992.0,22992.0,23022.75,22963.25,23018.25,37332
2025-07-10 13:00:00-04:00,23037.0,23037.0,23041.75,22988.25,22992.0,31479
2025-07-10 14:00:00-04:00,23037.5,23037.5,23050.0,23024.0,23037.25,26321
2025-07-10 15:00:00-04:00,23015.0,23015.0,23044.5,22990.75,23037.25,40223
2025-07-11 10:00:00-04:00,22970.0,22970.0,23009.0,22942.0,22963.75,62412
2025-07-11 11:00:00-04:00,22976.75,22976.75,23005.0,22908.75,22970.0,57617
2025-07-11 12:00:00-04:00,23003.75,23003.75,23008.25,22958.75,22976.75,40864
2025-07-11 13:00:00-04:00,22998.5,22998.5,23021.5,22960.0,23003.25,35281
2025-07-11 14:00:00-04:00,22976.5,22976.5,23018.5,22969.5,22997.75,31579
2025-07-11 15:00:00-04:00,22955.5,22955.5,22997.25,22924.0,22976.75,57878
2025-07-14 10:00:00-04:00,22991.5,22991.5,22992.5,22905.5,22912.0,63642
2025-07-14 11:00:00-04:00,23009.0,23009.0,23022.5,22984.75,22991.25,48754
2025-07-14 12:00:00-04:00,23034.0,23034.0,23040.75,22999.5,23008.75,30075
2025-07-14 13:00:00-04:00,23045.25,23045.25,23066.5,23033.75,23034.25,32027
2025-07-14 14:00:00-04:00,23051.25,23051.25,23060.0,23035.75,23045.0,21762
2025-07-14 15:00:00-04:00,23034.0,23034.0,23059.25,23016.0,23051.5,47213
2025-07-15 10:00:00-04:00,23099.5,23099.5,23198.5,23096.0,23139.0,82116
2025-07-15 11:00:00-04:00,23158.0,23158.0,23181.0,23099.75,23100.25,54919
2025-07-15 12:00:00-04:00,23098.75,23098.75,23168.0,23083.0,23157.5,43584
2025-07-15 13:00:00-04:00,23169.5,23169.5,23171.0,23086.75,23098.5,40446
2025-07-15 14:00:00-04:00,23094.5,23094.5,23180.0,23094.5,23170.0,40157
2025-07-15 15:00:00-04:00,23073.75,23073.75,23119.0,23069.25,23114.0,52393
2025-07-16 10:00:00-04:00,22990.25,22990.25,23033.75,22948.75,22968.5,86447
2025-07-16 11:00:00-04:00,22990.75,22990.75,23045.75,22835.75,22989.75,137042
2025-07-16 12:00:00-04:00,23045.75,23045.75,23051.25,22953.0,22990.0,46233
2025-07-16 13:00:00-04:00,23028.0,23028.0,23069.5,23020.0,23045.75,31902
2025-07-16 14:00:00-04:00,23072.75,23072.75,23074.0,23016.5,23028.5,29483
2025-07-16 15:00:00-04:00,23074.5,23074.5,23100.0,23058.25,23074.0,48881
2025-07-17 10:00:00-04:00,23194.5,23194.5,23198.75,23115.0,23150.5,70089
2025-07-17 11:00:00-04:00,23249.5,23249.5,23255.5,23193.75,23194.25,54587
2025-07-17 12:00:00-04:00,23256.75,23256.75,23276.0,23246.0,23249.0,37944
2025-07-17 13:00:00-04:00,23275.25,23275.25,23276.0,23240.5,23257.25,27021
2025-07-17 14:00:00-04:00,23252.5,23252.5,23279.75,23236.5,23276.0,33199
2025-07-17 15:00:00-04:00,23258.25,23258.25,23278.0,23245.25,23253.0,55227
2025-07-18 10:00:00-04:00,23217.0,23217.0,23295.0,23188.5,23257.25,77241
2025-07-18 11:00:00-04:00,23247.5,23247.5,23254.25,23186.75,23195.0,49681
2025-07-18 12:00:00-04:00,23187.5,23187.5,23249.25,23169.5,23247.75,58683
2025-07-18 13:00:00-04:00,23198.5,23198.5,23222.75,23172.25,23187.25,41209
2025-07-18 14:00:00-04:00,23204.0,23204.0,23227.0,23193.75,23199.25,28794
2025-07-18 15:00:00-04:00,23226.5,23226.5,23232.5,23198.5,23203.5,44501
2025-07-21 10:00:00-04:00,23397.5,23397.5,23424.75,23380.0,23389.75,58988
2025-07-21 11:00:00-04:00,23385.5,23385.5,23404.75,23378.75,23397.5,35746
2025-07-21 12:00:00-04:00,23405.25,23405.25,23410.25,23358.75,23385.5,43025
2025-07-21 13:00:00-04:00,23411.25,23411.25,23423.5,23404.0,23405.25,23757
2025-07-21 14:00:00-04:00,23390.5,23390.5,23417.75,23386.25,23411.5,26779
2025-07-21 15:00:00-04:00,23344.5,23344.5,23392.75,23330.5,23390.5,68847
2025-07-22 10:00:00-04:00,23224.25,23224.25,23228.25,23108.0,23142.25,100779
2025-07-22 11:00:00-04:00,23221.0,23221.0,23237.25,23194.5,23224.5,48492
2025-07-22 12:00:00-04:00,23198.75,23198.75,23224.5,23159.5,23208.5,52985
2025-07-22 13:00:00-04:00,23217.5,23217.5,23250.75,23195.25,23198.5,38419
2025-07-22 14:00:00-04:00,23251.75,23251.75,23253.5,23171.0,23217.0,42345
2025-07-22 15:00:00-04:00,23222.0,23222.0,23257.75,23219.25,23251.5,50124
2025-07-23 10:00:00-04:00,23199.25,23199.25,23203.5,23146.75,23165.5,65706
2025-07-23 11:00:00-04:00,23257.75,23257.75,23289.0,23179.0,23199.5,63837
2025-07-23 12:00:00-04:00,23228.5,23228.5,23262.75,23192.75,23257.0,54913
2025-07-23 13:00:00-04:00,23263.25,23263.25,23269.75,23213.75,23228.25,42649
2025-07-23 14:00:00-04:00,23301.5,23301.5,23323.75,23263.25,23263.75,47295
2025-07-23 15:00:00-04:00,23324.0,23324.0,23324.75,23269.0,23302.25,51009
2025-07-24 10:00:00-04:00,23372.5,23372.5,23381.0,23298.25,23364.0,69010
2025-07-24 11:00:00-04:00,23388.25,23388.25,23400.5,23368.75,23372.75,46111
2025-07-24 12:00:00-04:00,23370.5,23370.5,23388.75,23340.0,23388.0,42206
2025-07-24 13:00:00-04:00,23384.25,23384.25,23423.0,23365.75,23370.25,36839
2025-07-24 14:00:00-04:00,23400.75,23400.75,23422.0,23376.75,23383.75,38379
2025-07-24 15:00:00-04:00,23376.5,23376.5,23424.5,23372.25,23400.0,52005
2025-07-25 10:00:00-04:00,23405.25,23405.25,23423.5,23384.0,23389.5,62046
2025-07-25 11:00:00-04:00,23421.0,23421.0,23429.25,23392.75,23405.5,39059
2025-07-25 12:00:00-04:00,23450.5,23450.5,23476.0,23416.0,23421.0,44715
2025-07-25 13:00:00-04:00,23439.0,23439.0,23455.0,23432.0,23450.25,28991
2025-07-25 14:00:00-04:00,23443.0,23443.0,23459.75,23424.0,23439.5,30685
2025-07-25 15:00:00-04:00,23422.25,23422.25,23455.5,23408.25,23443.0,44526
2025-07-28 10:00:00-04:00,23493.0,23493.0,23529.0,23473.5,23520.0,66817
2025-07-28 11:00:00-04:00,23493.5,23493.5,23500.0,23442.5,23493.5,49959
2025-07-28 12:00:00-04:00,23485.75,23485.75,23509.25,23474.0,23494.0,36663
2025-07-28 13:00:00-04:00,23461.25,23461.25,23488.25,23455.0,23486.0,34077
2025-07-28 14:00:00-04:00,23463.0,23463.0,23471.0,23440.0,23461.0,35967
2025-07-28 15:00:00-04:00,23491.75,23491.75,23496.25,23450.0,23462.5,46182
2025-07-29 10:00:00-04:00,23525.5,23525.5,23593.5,23514.5,23588.5,78797
2025-07-29 11:00:00-04:00,23503.75,23503.75,23542.5,23438.25,23540.25,94460
2025-07-29 12:00:00-04:00,23507.25,23507.25,23513.75,23448.5,23503.25,52709
2025-07-29 13:00:00-04:00,23491.5,23491.5,23525.75,23462.0,23507.5,48810
2025-07-29 14:00:00-04:00,23479.0,23479.0,23507.5,23467.75,23491.5,36657
2025-07-29 15:00:00-04:00,23457.25,23457.25,23486.0,23421.5,23478.25,66268
2025-07-30 10:00:00-04:00,23516.75,23516.75,23541.25,23467.0,23483.25,56110
2025-07-30 11:00:00-04:00,23530.0,23530.0,23530.5,23475.5,23523.0,43310
2025-07-30 12:00:00-04:00,23534.0,23534.0,23547.0,23518.25,23529.75,30153
2025-07-30 13:00:00-04:00,23544.75,23544.75,23551.0,23523.0,23534.0,22289
2025-07-30 14:00:00-04:00,23412.5,23412.5,23589.5,23400.25,23542.0,87858
2025-07-30 15:00:00-04:00,23483.75,23483.75,23490.25,23356.5,23412.25,117665
2025-07-31 10:00:00-04:00,23547.25,23547.25,23700.0,23546.75,23671.5,88992
2025-07-31 11:00:00-04:00,23584.0,23584.0,23585.0,23483.25,23553.5,83547
2025-07-31 12:00:00-04:00,23570.0,23570.0,23617.0,23557.5,23583.75,44482
2025-07-31 13:00:00-04:00,23389.5,23389.5,23571.75,23365.0,23570.25,88971
2025-07-31 14:00:00-04:00,23414.75,23414.75,23465.75,23305.75,23389.75,86569
2025-07-31 15:00:00-04:00,23354.25,23354.25,23443.0,23311.25,23415.0,100816
2025-08-01 10:00:00-04:00,22929.75,22929.75,23017.75,22800.0,22872.25,136690
2025-08-01 11:00:00-04:00,23006.5,23006.5,23018.75,22896.0,22929.5,70743
2025-08-01 12:00:00-04:00,22879.0,22879.0,23045.5,22872.75,23006.25,63384
2025-08-01 13:00:00-04:00,22845.0,22845.0,22899.75,22827.5,22879.0,60995
2025-08-01 14:00:00-04:00,22870.25,22870.25,22942.75,22775.0,22844.75,67999
2025-08-01 15:00:00-04:00,22881.0,22881.0,22944.5,22836.25,22870.25,79864
2025-08-04 10:00:00-04:00,23215.25,23215.25,23264.25,23194.0,23246.75,68196
2025-08-04 11:00:00-04:00,23254.0,23254.0,23263.5,23187.75,23215.0,43970
2025-08-04 12:00:00-04:00,23270.5,23270.5,23279.5,23248.0,23254.25,32291
2025-08-04 13:00:00-04:00,23268.0,23268.0,23285.25,23241.25,23270.0,30673
2025-08-04 14:00:00-04:00,23261.5,23261.5,23283.75,23255.75,23268.25,26644
2025-08-04 15:00:00-04:00,23296.75,23296.75,23307.25,23253.25,23261.0,58336
2025-08-05 10:00:00-04:00,23181.25,23181.25,23374.0,23138.5,23374.0,105566
2025-08-05 11:00:00-04:00,23156.25,23156.25,23219.75,23113.5,23180.5,72579
2025-08-05 12:00:00-04:00,23180.5,23180.5,23225.25,23137.0,23155.75,52025
2025-08-05 13:00:00-04:00,23241.25,23241.25,23252.0,23166.75,23180.0,33968
2025-08-05 14:00:00-04:00,23147.0,23147.0,23249.0,23115.0,23241.0,50816
2025-08-05 15:00:00-04:00,23133.5,23133.5,23178.5,23121.25,23147.75,57121
2025-08-06 10:00:00-04:00,23282.25,23282.25,23287.0,23164.25,23201.5,91586
2025-08-06 11:00:00-04:00,23368.0,23368.0,23375.5,23258.0,23282.25,76808
2025-08-06 12:00:00-04:00,23371.0,23371.0,23389.5,23346.0,23367.75,43341
2025-08-06 13:00:00-04:00,23373.0,23373.0,23396.5,23358.5,23370.75,28243
2025-08-06 14:00:00-04:00,23416.0,23416.0,23435.25,23370.5,23373.0,37557
2025-08-06 15:00:00-04:00,23423.75,23423.75,23445.25,23407.5,23415.5,50478
2025-08-07 10:00:00-04:00,23538.25,23538.25,23671.0,23516.0,23654.0,92658
2025-08-07 11:00:00-04:00,23497.75,23497.75,23558.5,23477.0,23546.25,57579
2025-08-07 12:00:00-04:00,23461.5,23461.5,23513.75,23397.0,23497.5,57670
2025-08-07 13:00:00-04:00,23419.25,23419.25,23488.0,23381.0,23460.25,50272
2025-08-07 14:00:00-04:00,23406.0,23406.0,23430.5,23329.0,23418.75,49120
2025-08-07 15:00:00-04:00,23501.5,23501.5,23503.75,23379.75,23406.5,53533
2025-08-08 10:00:00-04:00,23652.5,23652.5,23703.0,23626.25,23643.75,78157
2025-08-08 11:00:00-04:00,23680.5,23680.5,23681.75,23612.0,23652.25,58948
2025-08-08 12:00:00-04:00,23677.0,23677.0,23707.5,23674.5,23680.0,40740
2025-08-08 13:00:00-04:00,23699.75,23699.75,23703.5,23655.25,23677.0,36842
2025-08-08 14:00:00-04:00,23711.0,23711.0,23724.0,23689.75,23700.5,32506
2025-08-08 15:00:00-04:00,23713.75,23713.75,23721.0,23677.75,23711.5,54305
2025-08-11 10:00:00-04:00,23727.0,23727.0,23767.5,23722.5,23744.75,55748
2025-08-11 11:00:00-04:00,23764.25,23764.25,23764.25,23715.0,23726.75,47865
2025-08-11 12:00:00-04:00,23736.5,23736.5,23804.5,23733.25,23763.75,48205
2025-08-11 13:00:00-04:00,23697.75,23697.75,23753.0,23688.5,23736.75,37748
2025-08-11 14:00:00-04:00,23685.75,23685.75,23701.25,23650.75,23698.0,45740
2025-08-11 15:00:00-04:00,23638.75,23638.75,23690.0,23587.5,23686.5,61394
2025-08-12 10:00:00-04:00,23776.5,23776.5,23781.75,23622.0,23653.75,79264
2025-08-12 11:00:00-04:00,23868.0,23868.0,23871.0,23773.0,23776.75,66477
2025-08-12 12:00:00-04:00,23899.75,23899.75,23910.75,23846.25,23867.5,38453
2025-08-12 13:00:00-04:00,23914.5,23914.5,23916.0,23885.5,23900.25,27266
2025-08-12 14:00:00-04:00,23907.0,23907.0,23932.75,23905.5,23914.25,27203
2025-08-12 15:00:00-04:00,23934.5,23934.5,23950.0,23902.25,23907.0,52755
2025-08-13 10:00:00-04:00,23959.5,23959.5,24018.25,23932.5,24017.5,81423
2025-08-13 11:00:00-04:00,23924.75,23924.75,23961.0,23892.25,23959.0,65747
2025-08-13 12:00:00-04:00,23899.25,23899.25,23940.0,23886.0,23925.5,36850
2025-08-13 13:00:00-04:00,23939.0,23939.0,23947.5,23895.5,23899.25,42246
2025-08-13 14:00:00-04:00,23933.75,23933.75,23954.25,23887.25,23938.75,39380
2025-08-13 15:00:00-04:00,23943.0,23943.0,23958.5,23911.5,23934.0,48494
2025-08-14 10:00:00-04:00,23955.0,23955.0,24007.75,23904.75,23935.75,66270
2025-08-14 11:00:00-04:00,23931.25,23931.25,23960.75,23863.25,23955.75,68110
2025-08-14 12:00:00-04:00,23947.5,23947.5,23951.25,23864.75,23931.5,51399
2025-08-14 13:00:00-04:00,23962.25,23962.25,23980.0,23937.5,23947.5,36233
2025-08-14 14:00:00-04:00,23923.5,23923.5,23963.0,23893.5,23963.0,41980
2025-08-14 15:00:00-04:00,23922.0,23922.0,23958.5,23917.0,23924.0,50509
2025-08-15 10:00:00-04:00,23800.5,23800.5,23881.0,23770.25,23800.75,73666
2025-08-15 11:00:00-04:00,23787.75,23787.75,23836.25,23734.5,23800.25,57424
2025-08-15 12:00:00-04:00,23819.0,23819.0,23826.0,23763.75,23787.75,41239
2025-08-15 13:00:00-04:00,23839.75,23839.75,23843.25,23786.0,23818.25,35406
2025-08-15 14:00:00-04:00,23811.5,23811.5,23847.5,23790.0,23839.75,33717
2025-08-15 15:00:00-04:00,23806.0,23806.0,23830.5,23775.75,23811.0,49932
2025-08-18 10:00:00-04:00,23778.0,23778.0,23824.25,23719.0,23749.25,74420
2025-08-18 11:00:00-04:00,23747.75,23747.75,23784.25,23728.75,23777.5,40483
2025-08-18 12:00:00-04:00,23735.0,23735.0,23780.5,23722.5,23747.25,37598
2025-08-18 13:00:00-04:00,23760.0,23760.0,23800.0,23733.0,23735.25,36493
2025-08-18 14:00:00-04:00,23795.5,23795.5,23802.0,23748.25,23761.25,30017
2025-08-18 15:00:00-04:00,23796.25,23796.25,23816.25,23784.5,23795.75,41496
2025-08-19 10:00:00-04:00,23540.75,23540.75,23728.75,23540.0,23677.75,105329
2025-08-19 11:00:00-04:00,23559.25,23559.25,23589.5,23514.5,23541.0,59779
2025-08-19 12:00:00-04:00,23482.25,23482.25,23577.75,23472.75,23558.75,60694
2025-08-19 13:00:00-04:00,23506.75,23506.75,23517.25,23445.0,23482.75,49834
2025-08-19 14:00:00-04:00,23462.25,23462.25,23508.0,23444.25,23507.0,45069
2025-08-19 15:00:00-04:00,23470.5,23470.5,23477.0,23426.0,23462.0,62476
2025-08-20 10:00:00-04:00,23057.0,23057.0,23215.0,23035.0,23174.0,139664
2025-08-20 11:00:00-04:00,23171.75,23171.75,23266.0,23046.0,23057.75,100013
2025-08-20 12:00:00-04:00,23234.0,23234.0,23305.0,23168.75,23171.25,64226
2025-08-20 13:00:00-04:00,23264.75,23264.75,23315.5,23225.25,23233.5,53457
2025-08-20 14:00:00-04:00,23243.75,23243.75,23281.0,23191.0,23264.5,57963
2025-08-20 15:00:00-04:00,23335.25,23335.25,23368.75,23243.75,23243.75,57895
2025-08-21 10:00:00-04:00,23295.0,23295.0,23348.25,23156.0,23184.5,82375
2025-08-21 11:00:00-04:00,23204.25,23204.25,23312.75,23191.25,23295.0,68188
2025-08-21 12:00:00-04:00,23161.25,23161.25,23213.75,23150.5,23204.5,51967
2025-08-21 13:00:00-04:00,23215.0,23215.0,23224.25,23119.0,23161.75,54945
2025-08-21 14:00:00-04:00,23225.5,23225.5,23235.0,23179.5,23214.5,39726
2025-08-21 15:00:00-04:00,23218.5,23218.5,23255.25,23203.75,23225.0,46935
2025-08-22 10:00:00-04:00,23603.0,23603.0,23647.25,23269.0,23269.0,119587
2025-08-22 11:00:00-04:00,23569.0,23569.0,23650.0,23565.0,23603.75,52697
2025-08-22 12:00:00-04:00,23528.5,23528.5,23591.5,23507.25,23569.25,46495
2025-08-22 13:00:00-04:00,23605.75,23605.75,23625.0,23527.75,23528.0,42420
2025-08-22 14:00:00-04:00,23586.5,23586.5,23616.75,23582.25,23606.25,28909
2025-08-22 15:00:00-04:00,23565.75,23565.75,23593.75,23531.25,23586.0,55834
2025-08-25 10:00:00-04:00,23571.0,23571.0,23574.25,23505.0,23519.0,67786
2025-08-25 11:00:00-04:00,23601.25,23601.25,23616.25,23564.25,23570.75,44511
2025-08-25 12:00:00-04:00,23596.25,23596.25,23613.75,23588.75,23600.75,24961
2025-08-25 13:00:00-04:00,23578.0,23578.0,23598.0,23557.25,23596.25,28645
2025-08-25 14:00:00-04:00,23552.5,23552.5,23583.75,23549.25,23578.5,27004
2025-08-25 15:00:00-04:00,23495.5,23495.5,23573.5,23489.0,23552.25,49829
2025-08-26 10:00:00-04:00,23522.25,23522.25,23553.75,23483.5,23494.75,66344
2025-08-26 11:00:00-04:00,23517.75,23517.75,23537.5,23493.25,23521.75,40139
2025-08-26 12:00:00-04:00,23539.5,23539.5,23556.75,23517.5,23517.5,30060
2025-08-26 13:00:00-04:00,23502.75,23502.75,23544.0,23479.0,23539.25,33908
2025-08-26 14:00:00-04:00,23550.0,23550.0,23556.0,23498.75,23502.75,30932
2025-08-26 15:00:00-04:00,23586.75,23586.75,23600.0,23534.5,23549.75,60985
2025-08-27 10:00:00-04:00,23600.0,23600.0,23616.0,23526.5,23534.75,59880
2025-08-27 11:00:00-04:00,23623.25,23623.25,23630.75,23572.25,23600.75,40133
2025-08-27 12:00:00-04:00,23600.0,23600.0,23624.25,23542.0,23623.25,49041
2025-08-27 13:00:00-04:00,23621.25,23621.25,23624.5,23587.25,23600.5,23758
2025-08-27 14:00:00-04:00,23626.75,23626.75,23657.5,23613.25,23621.25,30144
2025-08-27 15:00:00-04:00,23620.0,23620.0,23646.75,23553.5,23626.5,58390
2025-08-28 10:00:00-04:00,23714.25,23714.25,23730.0,23593.25,23608.5,84159
2025-08-28 11:00:00-04:00,23687.5,23687.5,23752.75,23665.0,23714.5,58333
2025-08-28 12:00:00-04:00,23732.0,23732.0,23766.0,23682.5,23688.0,39776
2025-08-28 13:00:00-04:00,23766.75,23766.75,23773.25,23722.25,23732.25,28370
2025-08-28 14:00:00-04:00,23789.0,23789.0,23792.5,23761.5,23766.25,24955
2025-08-28 15:00:00-04:00,23766.5,23766.5,23803.75,23765.0,23788.5,47107
2025-08-29 10:00:00-04:00,23435.5,23435.5,23515.75,23415.25,23507.0,121274
2025-08-29 11:00:00-04:00,23431.75,23431.75,23498.75,23425.0,23434.25,51673
2025-08-29 12:00:00-04:00,23477.75,23477.75,23492.0,23428.75,23431.5,36798
2025-08-29 13:00:00-04:00,23459.5,23459.5,23477.75,23397.5,23477.75,48410
2025-08-29 14:00:00-04:00,23459.0,23459.0,23467.25,23433.5,23459.25,30302
2025-08-29 15:00:00-04:00,23473.25,23473.25,23495.25,23426.0,23459.0,65960
2025-09-02 10:00:00-04:00,23161.75,23161.75,23280.0,23135.5,23230.0,97232
2025-09-02 11:00:00-04:00,23048.75,23048.75,23179.5,23027.0,23162.25,70503
2025-09-02 12:00:00-04:00,23126.75,23126.75,23131.0,23037.75,23047.75,48937
2025-09-02 13:00:00-04:00,23189.25,23189.25,23225.5,23104.5,23126.5,54525
2025-09-02 14:00:00-04:00,23189.0,23189.0,23232.75,23157.5,23189.0,43970
2025-09-02 15:00:00-04:00,23277.0,23277.0,23290.25,23188.5,23189.0,63684
2025-09-03 10:00:00-04:00,23504.75,23504.75,23525.25,23372.5,23380.0,87325
2025-09-03 11:00:00-04:00,23415.5,23415.5,23515.0,23400.25,23504.5,70567
2025-09-03 12:00:00-04:00,23410.75,23410.75,23464.0,23391.5,23415.0,49441
2025-09-03 13:00:00-04:00,23364.75,23364.75,23462.0,23346.75,23411.0,58530
2025-09-03 14:00:00-04:00,23342.5,23342.5,23366.0,23318.25,23365.25,48482
2025-09-03 15:00:00-04:00,23452.25,23452.25,23455.0,23330.0,23342.5,60414
2025-09-04 10:00:00-04:00,23522.25,23522.25,23530.25,23410.0,23477.5,88845
2025-09-04 11:00:00-04:00,23538.75,23538.75,23556.0,23492.25,23522.0,57410
2025-09-04 12:00:00-04:00,23538.25,23538.25,23565.25,23512.5,23538.5,38180
2025-09-04 13:00:00-04:00,23583.75,23583.75,23608.25,23536.5,23538.5,39082
2025-09-04 14:00:00-04:00,23620.25,23620.25,23625.0,23582.5,23583.25,29967
2025-09-04 15:00:00-04:00,23666.0,23666.0,23680.0,23616.5,23620.0,54017
2025-09-05 10:00:00-04:00,23547.75,23547.75,23853.5,23544.75,23852.75,160444
2025-09-05 11:00:00-04:00,23619.0,23619.0,23669.0,23505.0,23547.75,95577
2025-09-05 12:00:00-04:00,23654.5,23654.5,23658.75,23595.0,23618.5,52664
2025-09-05 13:00:00-04:00,23613.5,23613.5,23663.75,23585.75,23654.0,46792
2025-09-05 14:00:00-04:00,23657.25,23657.25,23664.0,23603.25,23614.25,35433
2025-09-05 15:00:00-04:00,23690.75,23690.75,23694.25,23641.25,23657.0,69086
2025-09-08 10:00:00-04:00,23859.5,23859.5,23888.0,23806.25,23846.25,74558
2025-09-08 11:00:00-04:00,23872.5,23872.5,23884.75,23829.75,23859.5,47238
2025-09-08 12:00:00-04:00,23811.75,23811.75,23873.75,23790.0,23873.0,47537
2025-09-08 13:00:00-04:00,23782.25,23782.25,23817.0,23762.75,23811.5,37373
2025-09-08 14:00:00-04:00,23793.75,23793.75,23819.75,23772.25,23782.75,32263
2025-09-08 15:00:00-04:00,23803.0,23803.0,23812.5,23760.0,23793.75,56239
2025-09-09 10:00:00-04:00,23785.75,23785.75,23850.75,23726.0,23815.5,102289
2025-09-09 11:00:00-04:00,23784.5,23784.5,23812.75,23752.0,23785.75,55653
2025-09-09 12:00:00-04:00,23821.5,23821.5,23833.75,23781.5,23784.5,38033
2025-09-09 13:00:00-04:00,23839.5,23839.5,23855.5,23821.0,23821.25,37997
2025-09-09 14:00:00-04:00,23843.75,23843.75,23849.0,23823.5,23839.5,31142
2025-09-09 15:00:00-04:00,23867.25,23867.25,23890.0,23834.75,23843.5,49838
2025-09-10 10:00:00-04:00,23967.0,23967.0,23991.0,23924.75,23930.75,76065
2025-09-10 11:00:00-04:00,23950.0,23950.0,23979.0,23922.5,23966.75,56204
2025-09-10 12:00:00-04:00,23924.5,23924.5,23950.75,23897.25,23950.25,40750
2025-09-10 13:00:00-04:00,23897.25,23897.25,23940.25,23872.5,23924.0,43537
2025-09-10 14:00:00-04:00,23862.25,23862.25,23899.75,23835.75,23897.75,43354
2025-09-10 15:00:00-04:00,23874.0,23874.0,23893.0,23785.0,23862.5,72234
2025-09-11 10:00:00-04:00,24003.5,24003.5,24020.0,23947.0,23978.75,81947
2025-09-11 11:00:00-04:00,24024.75,24024.75,24046.0,24000.5,24003.25,54166
2025-09-11 12:00:00-04:00,24008.5,24008.5,24043.5,23994.0,24024.5,33124
2025-09-11 13:00:00-04:00,24032.25,24032.25,24033.75,23997.25,24009.0,32894
2025-09-11 14:00:00-04:00,24033.75,24033.75,24044.5,24014.25,24032.75,26548
2025-09-11 15:00:00-04:00,24011.75,24011.75,24044.0,24007.75,24033.75,43134
2025-09-12 10:00:00-04:00,24106.0,24106.0,24115.25,24023.25,24049.25,68101
2025-09-12 11:00:00-04:00,24090.75,24090.75,24111.5,24072.25,24106.25,46471
2025-09-12 12:00:00-04:00,24110.75,24110.75,24122.0,24071.75,24090.75,39012
2025-09-12 13:00:00-04:00,24123.75,24123.75,24128.25,24091.5,24111.25,27668
2025-09-12 14:00:00-04:00,24154.0,24154.0,24159.0,24113.0,24123.75,36403
2025-09-12 15:00:00-04:00,24109.5,24109.5,24157.75,24087.5,24154.0,65697
2025-09-15 10:00:00-04:00,24262.0,24262.0,24265.25,24227.75,24260.5,68562
2025-09-15 11:00:00-04:00,24279.75,24279.75,24289.75,24240.25,24262.0,45428
2025-09-15 12:00:00-04:00,24266.0,24266.0,24295.0,24261.0,24280.0,31350
2025-09-15 13:00:00-04:00,24286.75,24286.75,24288.5,24248.75,24266.0,27244
2025-09-15 14:00:00-04:00,24270.75,24270.75,24290.5,24245.0,24286.5,31834
2025-09-15 15:00:00-04:00,24311.75,24311.75,24315.5,24261.75,24271.25,36423
2025-09-16 10:00:00-04:00,24295.25,24295.25,24318.0,24279.5,24292.5,31551
2025-09-16 11:00:00-04:00,24267.25,24267.25,24300.5,24261.25,24295.5,26706
2025-09-16 12:00:00-04:00,24283.0,24283.0,24291.75,24258.25,24267.75,17454
2025-09-16 13:00:00-04:00,24294.0,24294.0,24305.25,24282.0,24282.75,12967
2025-09-16 14:00:00-04:00,24308.25,24308.25,24310.5,24283.75,24294.25,12121
2025-09-16 15:00:00-04:00,24524.25,24524.25,24563.0,24279.25,24308.75,240907
2025-09-17 10:00:00-04:00,24420.25,24420.25,24481.0,24410.0,24477.5,69212
2025-09-17 11:00:00-04:00,24411.25,24411.25,24445.0,24398.0,24420.25,44713
2025-09-17 12:00:00-04:00,24389.75,24389.75,24422.0,24374.75,24410.75,36968
2025-09-17 13:00:00-04:00,24455.5,24455.5,24461.25,24388.0,24389.75,30803
2025-09-17 14:00:00-04:00,24393.0,24393.0,24524.0,24242.0,24455.75,155132
2025-09-17 15:00:00-04:00,24475.25,24475.25,24550.5,24382.75,24392.25,122951
2025-09-18 10:00:00-04:00,24734.5,24734.5,24809.25,24694.0,24696.75,89439
2025-09-18 11:00:00-04:00,24736.5,24736.5,24816.0,24517.5,24734.75,66153
2025-09-18 12:00:00-04:00,24787.75,24787.75,24793.25,24720.75,24736.25,39396
2025-09-18 13:00:00-04:00,24734.25,24734.25,24796.75,24723.5,24787.5,43385
2025-09-18 14:00:00-04:00,24756.25,24756.25,24769.0,24727.75,24734.5,39008
2025-09-18 15:00:00-04:00,24698.5,24698.5,24758.75,24696.75,24756.0,62330
2025-09-19 10:00:00-04:00,24763.5,24763.5,24807.5,24734.0,24790.5,69766
2025-09-19 11:00:00-04:00,24771.25,24771.25,24778.5,24708.0,24763.5,57692
2025-09-19 12:00:00-04:00,24821.5,24821.5,24835.5,24770.5,24771.0,54877
2025-09-19 13:00:00-04:00,24815.75,24815.75,24829.25,24795.5,24821.5,31117
2025-09-19 14:00:00-04:00,24825.25,24825.25,24833.0,24804.0,24816.5,26716
2025-09-19 15:00:00-04:00,24860.25,24860.25,24888.0,24821.5,24825.0,67954
2025-09-22 10:00:00-04:00,24926.75,24926.75,24931.0,24855.0,24872.75,63395
2025-09-22 11:00:00-04:00,24911.25,24911.25,24937.75,24897.25,24926.5,45056
2025-09-22 12:00:00-04:00,24986.75,24986.75,24994.5,24910.0,24911.25,66457
2025-09-22 13:00:00-04:00,24988.75,24988.75,25000.5,24973.25,24986.5,38600
2025-09-22 14:00:00-04:00,25012.75,25012.75,25019.25,24986.75,24988.5,36780
2025-09-22 15:00:00-04:00,24999.0,24999.0,25027.25,24989.75,25012.5,60706
2025-09-23 10:00:00-04:00,24944.5,24944.5,24975.25,24929.5,24940.5,74554
2025-09-23 11:00:00-04:00,24946.25,24946.25,24969.75,24929.5,24944.5,52551
2025-09-23 12:00:00-04:00,24928.75,24928.75,24954.5,24915.0,24945.75,53306
2025-09-23 13:00:00-04:00,24835.75,24835.75,24930.5,24780.5,24928.75,102063
2025-09-23 14:00:00-04:00,24790.25,24790.25,24846.25,24784.0,24835.25,58915
2025-09-23 15:00:00-04:00,24830.25,24830.25,24843.0,24789.75,24790.75,68838
2025-09-24 10:00:00-04:00,24794.0,24794.0,24841.0,24790.25,24821.0,68782
2025-09-24 11:00:00-04:00,24679.75,24679.75,24810.0,24678.25,24794.0,77043
2025-09-24 12:00:00-04:00,24685.0,24685.0,24706.0,24627.0,24679.75,73947
2025-09-24 13:00:00-04:00,24709.75,24709.75,24759.0,24682.75,24685.25,53428
2025-09-24 14:00:00-04:00,24739.0,24739.0,24741.5,24682.75,24709.5,42318
2025-09-24 15:00:00-04:00,24740.0,24740.0,24749.25,24700.5,24739.75,52374
2025-09-25 10:00:00-04:00,24635.25,24635.25,24656.75,24445.0,24452.5,118973
2025-09-25 11:00:00-04:00,24677.75,24677.75,24696.75,24583.75,24635.0,82243
2025-09-25 12:00:00-04:00,24625.0,24625.0,24691.75,24613.0,24677.25,49981
2025-09-25 13:00:00-04:00,24517.25,24517.25,24644.75,24511.75,24624.75,58956
2025-09-25 14:00:00-04:00,24628.0,24628.0,24640.25,24453.5,24517.5,84901
2025-09-25 15:00:00-04:00,24630.75,24630.75,24646.25,24592.0,24627.75,60070
2025-09-26 10:00:00-04:00,24565.0,24565.0,24733.25,24520.0,24707.5,124859
2025-09-26 11:00:00-04:00,24581.0,24581.0,24636.5,24545.75,24566.25,65562
2025-09-26 12:00:00-04:00,24691.0,24691.0,24700.0,24568.25,24581.5,48045
2025-09-26 13:00:00-04:00,24692.0,24692.0,24717.0,24665.0,24691.5,34035
2025-09-26 14:00:00-04:00,24725.75,24725.75,24737.0,24671.75,24691.75,36389
2025-09-26 15:00:00-04:00,24726.0,24726.0,24735.75,24700.25,24725.5,39362
2025-09-29 10:00:00-04:00,24929.0,24929.0,24975.5,24917.5,24942.0,70293
2025-09-29 11:00:00-04:00,24849.25,24849.25,24942.75,24830.75,24929.25,76666
2025-09-29 12:00:00-04:00,24834.75,24834.75,24867.5,24822.0,24849.0,47137
2025-09-29 13:00:00-04:00,24844.75,24844.75,24849.25,24800.25,24835.0,41998
2025-09-29 14:00:00-04:00,24843.0,24843.0,24869.25,24834.25,24845.0,32179
2025-09-29 15:00:00-04:00,24837.75,24837.75,24848.25,24780.5,24842.75,72684
2025-09-30 10:00:00-04:00,24842.25,24842.25,24854.5,24747.0,24785.5,81515
2025-09-30 11:00:00-04:00,24810.75,24810.75,24862.75,24755.5,24842.5,71792
2025-09-30 12:00:00-04:00,24783.25,24783.25,24843.75,24767.75,24810.5,39164
2025-09-30 13:00:00-04:00,24769.0,24769.0,24797.5,24731.75,24783.0,43639
2025-09-30 14:00:00-04:00,24837.75,24837.75,24851.75,24762.0,24768.5,41895
2025-09-30 15:00:00-04:00,24897.5,24897.5,24913.75,24821.5,24838.0,74396
2025-10-01 10:00:00-04:00,24897.5,24897.5,24912.0,24750.0,24781.25,72535
2025-10-01 11:00:00-04:00,24931.0,24931.0,24938.5,24875.25,24896.75,49821
2025-10-01 12:00:00-04:00,24955.0,24955.0,24957.75,24928.75,24931.5,30616
2025-10-01 13:00:00-04:00,24983.5,24983.5,24990.0,24952.25,24955.0,35787
2025-10-01 14:00:00-04:00,25024.0,25024.0,25034.75,24972.75,24983.0,41839
2025-10-01 15:00:00-04:00,25011.5,25011.5,25036.75,25000.75,25023.75,51910
2025-10-02 10:00:00-04:00,25022.0,25022.0,25091.5,25019.0,25063.5,78563
2025-10-02 11:00:00-04:00,25077.5,25077.5,25082.25,24993.75,25021.25,67435
2025-10-02 12:00:00-04:00,25077.25,25077.25,25080.25,25034.0,25077.5,39328
2025-10-02 13:00:00-04:00,25085.5,25085.5,25113.0,25059.5,25077.0,31371
2025-10-02 14:00:00-04:00,25112.25,25112.25,25120.0,25079.25,25085.5,28465
2025-10-02 15:00:00-04:00,25108.5,25108.5,25126.5,25091.25,25111.75,42126
2025-10-03 10:00:00-04:00,25116.75,25116.75,25128.75,25051.0,25105.5,77945
2025-10-03 11:00:00-04:00,25145.25,25145.25,25152.0,25099.25,25117.25,47368
2025-10-03 12:00:00-04:00,25118.0,25118.0,25156.0,25108.0,25144.75,29707
2025-10-03 13:00:00-04:00,24973.5,24973.5,25117.5,24923.25,25117.5,94800
2025-10-03 14:00:00-04:00,25009.0,25009.0,25044.5,24926.0,24973.5,63409
2025-10-03 15:00:00-04:00,24996.25,24996.25,25030.0,24980.0,25008.5,47452
2025-10-06 10:00:00-04:00,25152.25,25152.25,25185.0,25108.5,25156.0,65879
2025-10-06 11:00:00-04:00,25208.0,25208.0,25216.0,25143.0,25152.0,43439
2025-10-06 12:00:00-04:00,25202.25,25202.25,25211.5,25182.75,25207.75,27788
2025-10-06 13:00:00-04:00,25227.5,25227.5,25231.75,25183.0,25202.5,33552
2025-10-06 14:00:00-04:00,25238.75,25238.75,25252.75,25218.5,25227.75,30509
2025-10-06 15:00:00-04:00,25184.25,25184.25,25239.0,25180.5,25238.25,51818
2025-10-07 10:00:00-04:00,25186.0,25186.0,25257.5,25172.25,25242.0,73526
2025-10-07 11:00:00-04:00,25029.5,25029.5,25191.5,24984.75,25186.5,129209
2025-10-07 12:00:00-04:00,25024.75,25024.75,25092.0,24998.0,25029.75,69856
2025-10-07 13:00:00-04:00,25015.5,25015.5,25065.0,25013.5,25024.5,40656
2025-10-07 14:00:00-04:00,25053.25,25053.25,25053.25,24991.0,25016.0,35617
2025-10-07 15:00:00-04:00,25045.25,25045.25,25072.75,25027.0,25053.0,47754
2025-10-08 10:00:00-04:00,25193.75,25193.75,25231.0,25172.75,25174.25,79380
2025-10-08 11:00:00-04:00,25254.5,25254.5,25261.0,25190.0,25193.75,47032
2025-10-08 12:00:00-04:00,25251.5,25251.5,25276.25,25233.5,25254.75,33865
2025-10-08 13:00:00-04:00,25273.75,25273.75,25290.75,25238.25,25251.25,28869
2025-10-08 14:00:00-04:00,25270.75,25270.75,25297.5,25265.25,25273.25,35645
2025-10-08 15:00:00-04:00,25329.75,25329.75,25344.25,25267.0,25270.5,61871
2025-10-09 10:00:00-04:00,25250.5,25250.5,25288.5,25193.5,25279.5,84106
2025-10-09 11:00:00-04:00,25263.0,25263.0,25274.5,25197.75,25251.5,64170
2025-10-09 12:00:00-04:00,25203.75,25203.75,25274.0,25196.0,25263.25,49056
2025-10-09 13:00:00-04:00,25215.5,25215.5,25233.75,25160.75,25204.25,57296
2025-10-09 14:00:00-04:00,25235.0,25235.0,25244.0,25182.5,25215.5,36060
2025-10-09 15:00:00-04:00,25294.5,25294.5,25295.75,25233.25,25235.25,53383
2025-10-10 10:00:00-04:00,25194.5,25194.5,25370.75,25127.75,25357.5,92752
2025-10-10 11:00:00-04:00,24827.5,24827.5,25195.25,24670.75,25191.75,240452
2025-10-10 12:00:00-04:00,24658.0,24658.0,24848.0,24647.5,24825.0,114146
2025-10-10 13:00:00-04:00,24680.0,24680.0,24751.0,24604.0,24657.25,94485
2025-10-10 14:00:00-04:00,24588.25,24588.25,24718.5,24572.0,24680.25,66373
2025-10-10 15:00:00-04:00,24402.75,24402.75,24635.75,24384.5,24589.0,123602
2025-10-13 10:00:00-04:00,24758.25,24758.25,24913.25,24744.0,24887.0,102225
2025-10-13 11:00:00-04:00,24893.5,24893.5,24901.75,24745.75,24758.25,60439
2025-10-13 12:00:00-04:00,24948.25,24948.25,24956.25,24869.0,24893.75,54721
2025-10-13 13:00:00-04:00,24926.5,24926.5,24959.0,24888.5,24948.0,40184
2025-10-13 14:00:00-04:00,24901.0,24901.0,24965.0,24889.75,24926.25,36068
2025-10-13 15:00:00-04:00,24921.0,24921.0,24948.5,24883.0,24901.25,60572
2025-10-14 10:00:00-04:00,24690.0,24690.0,24743.75,24556.75,24575.0,91095
2025-10-14 11:00:00-04:00,24805.0,24805.0,24839.25,24684.25,24689.5,72003
2025-10-14 12:00:00-04:00,24892.25,24892.25,24947.25,24762.0,24805.0,71200
2025-10-14 13:00:00-04:00,24899.5,24899.5,24938.0,24858.0,24892.0,46099
2025-10-14 14:00:00-04:00,24899.25,24899.25,24926.75,24881.5,24900.25,32900
2025-10-14 15:00:00-04:00,24756.5,24756.5,24927.0,24685.75,24899.25,89946
2025-10-15 10:00:00-04:00,25100.0,25100.0,25115.0,25013.0,25013.75,74898
2025-10-15 11:00:00-04:00,24934.25,24934.25,25109.75,24877.25,25100.5,87493
2025-10-15 12:00:00-04:00,24903.0,24903.0,24992.25,24892.25,24934.5,58143
2025-10-15 13:00:00-04:00,24903.5,24903.5,24914.0,24663.25,24902.75,101477
2025-10-15 14:00:00-04:00,24953.0,24953.0,24959.0,24859.0,24904.0,44184
2025-10-15 15:00:00-04:00,24924.75,24924.75,24956.25,24845.0,24952.75,60092
2025-10-16 10:00:00-04:00,25106.5,25106.5,25179.5,25013.75,25062.5,98399
2025-10-16 11:00:00-04:00,24972.75,24972.75,25131.25,24946.0,25107.5,87032
2025-10-16 12:00:00-04:00,24927.5,24927.5,24996.5,24732.0,24972.25,117084
2025-10-16 13:00:00-04:00,24865.5,24865.5,24967.0,24826.25,24926.75,73275
2025-10-16 14:00:00-04:00,24798.5,24798.5,24871.5,24643.5,24864.5,85475
2025-10-16 15:00:00-04:00,24831.0,24831.0,24846.0,24692.5,24797.0,73319
2025-10-17 10:00:00-04:00,24764.0,24764.0,24960.75,24749.0,24822.25,107303
2025-10-17 11:00:00-04:00,24849.5,24849.5,24873.25,24675.0,24764.5,94162
2025-10-17 12:00:00-04:00,24902.75,24902.75,24973.25,24849.0,24849.75,68880
2025-10-17 13:00:00-04:00,24936.5,24936.5,24946.5,24829.0,24903.25,50015
2025-10-17 14:00:00-04:00,24996.75,24996.75,25030.0,24935.0,24935.25,43792
2025-10-17 15:00:00-04:00,24988.25,24988.25,25055.75,24979.25,24997.75,54347
2025-10-20 10:00:00-04:00,25314.25,25314.25,25322.0,25212.0,25222.5,74549
2025-10-20 11:00:00-04:00,25316.75,25316.75,25345.5,25289.25,25314.5,55092
2025-10-20 12:00:00-04:00,25314.5,25314.5,25327.5,25290.75,25319.0,33797
2025-10-20 13:00:00-04:00,25336.75,25336.75,25354.5,25311.75,25314.25,26662
2025-10-20 14:00:00-04:00,25327.25,25327.25,25353.25,25306.5,25336.25,26807
2025-10-20 15:00:00-04:00,25300.0,25300.0,25336.5,25297.0,25327.5,46610
2025-10-21 10:00:00-04:00,25298.0,25298.0,25301.75,25203.25,25235.0,75726
2025-10-21 11:00:00-04:00,25322.75,25322.75,25326.75,25242.25,25297.75,58399
2025-10-21 12:00:00-04:00,25285.5,25285.5,25348.5,25277.5,25322.0,40707
2025-10-21 13:00:00-04:00,25313.25,25313.25,25317.5,25250.0,25285.75,40184
2025-10-21 14:00:00-04:00,25309.75,25309.75,25327.0,25290.0,25313.5,24465
2025-10-21 15:00:00-04:00,25291.5,25291.5,25334.25,25286.75,25309.25,34288
2025-10-22 10:00:00-04:00,25173.25,25173.25,25280.75,25050.75,25258.0,126177
2025-10-22 11:00:00-04:00,25100.25,25100.25,25192.25,25003.25,25173.75,91732
2025-10-22 12:00:00-04:00,24992.75,24992.75,25110.0,24867.0,25101.0,99137
2025-10-22 13:00:00-04:00,24874.0,24874.0,25011.0,24804.75,24991.5,72218
2025-10-22 14:00:00-04:00,24957.5,24957.5,24960.0,24827.0,24873.75,63971
2025-10-22 15:00:00-04:00,25040.5,25040.5,25058.0,24923.25,24957.75,68628
2025-10-23 10:00:00-04:00,25190.0,25190.0,25198.5,25084.0,25160.75,89692
2025-10-23 11:00:00-04:00,25193.75,25193.75,25216.5,25119.75,25189.75,67564
2025-10-23 12:00:00-04:00,25240.0,25240.0,25241.25,25183.75,25194.75,42216
2025-10-23 13:00:00-04:00,25278.75,25278.75,25283.25,25189.5,25240.0,53436
2025-10-23 14:00:00-04:00,25273.75,25273.75,25288.0,25245.5,25279.5,30442
2025-10-23 15:00:00-04:00,25252.75,25252.75,25282.5,25230.75,25274.25,41853
2025-10-24 10:00:00-04:00,25468.0,25468.0,25548.75,25431.5,25506.0,83341
2025-10-24 11:00:00-04:00,25523.0,25523.0,25546.5,25456.75,25468.75,56341
2025-10-24 12:00:00-04:00,25551.5,25551.5,25563.0,25520.0,25522.5,36353
2025-10-24 13:00:00-04:00,25549.25,25549.25,25570.75,25538.75,25551.0,24954
2025-10-24 14:00:00-04:00,25544.0,25544.0,25555.0,25528.25,25549.0,25409
2025-10-24 15:00:00-04:00,25509.0,25509.0,25566.75,25497.5,25543.75,55076
2025-10-27 10:00:00-04:00,25857.5,25857.5,25892.0,25823.0,25849.0,68982
2025-10-27 11:00:00-04:00,25893.0,25893.0,25910.0,25855.5,25857.75,42760
2025-10-27 12:00:00-04:00,25913.75,25913.75,25918.0,25889.0,25893.0,26580
2025-10-27 13:00:00-04:00,25926.5,25926.5,25929.0,25891.0,25913.5,27757
2025-10-27 14:00:00-04:00,25941.5,25941.5,25946.25,25919.5,25926.75,27129
2025-10-27 15:00:00-04:00,25960.75,25960.75,25981.25,25920.5,25941.75,62993
2025-10-28 10:00:00-04:00,26035.0,26035.0,26076.5,26008.75,26065.0,56021
2025-10-28 11:00:00-04:00,26060.5,26060.5,26061.75,26006.0,26035.5,37898
2025-10-28 12:00:00-04:00,26108.5,26108.5,26146.0,26060.5,26060.75,52466
2025-10-28 13:00:00-04:00,26153.25,26153.25,26158.25,26102.75,26108.5,41206
2025-10-28 14:00:00-04:00,26194.5,26194.5,26197.0,26147.25,26153.5,35555
2025-10-28 15:00:00-04:00,26160.5,26160.5,26231.5,26157.75,26194.75,67929
2025-10-29 10:00:00-04:00,26259.5,26259.5,26326.5,26243.5,26319.5,65408
2025-10-29 11:00:00-04:00,26237.75,26237.75,26278.0,26218.5,26260.25,54156
2025-10-29 12:00:00-04:00,26254.25,26254.25,26266.5,26203.5,26237.75,41395
2025-10-29 13:00:00-04:00,26254.0,26254.0,26268.25,26219.0,26254.0,21906
2025-10-29 14:00:00-04:00,26184.75,26184.75,26290.0,26049.25,26255.0,96093
2025-10-29 15:00:00-04:00,26280.0,26280.0,26287.5,26111.75,26185.25,81992
2025-10-30 10:00:00-04:00,26016.5,26016.5,26182.5,25979.0,26124.75,102279
2025-10-30 11:00:00-04:00,25991.0,25991.0,26077.0,25965.25,26016.25,56430
2025-10-30 12:00:00-04:00,26073.25,26073.25,26097.0,25985.25,25991.75,50958
2025-10-30 13:00:00-04:00,26067.5,26067.5,26075.5,25999.0,26073.25,39984
2025-10-30 14:00:00-04:00,25989.0,25989.0,26067.5,25975.25,26067.5,41936
2025-10-30 15:00:00-04:00,25869.75,25869.75,25993.75,25869.75,25989.0,71397
2025-10-31 10:00:00-04:00,26164.5,26164.5,26182.0,26060.0,26102.25,76445
2025-10-31 11:00:00-04:00,26052.25,26052.25,26182.75,26050.0,26164.0,67697
2025-10-31 12:00:00-04:00,25949.5,25949.5,26053.5,25929.75,26052.25,70374
2025-10-31 13:00:00-04:00,25947.75,25947.75,25980.75,25888.75,25949.25,68866
2025-10-31 14:00:00-04:00,26014.0,26014.0,26022.5,25944.5,25948.0,45643
2025-10-31 15:00:00-04:00,25994.25,25994.25,26118.25,25992.25,26014.5,78085
2025-11-03 10:00:00-05:00,26088.5,26088.5,26155.75,26015.5,26140.5,92387
2025-11-03 11:00:00-05:00,26118.5,26118.5,26128.0,26043.5,26088.5,53350
2025-11-03 12:00:00-05:00,26149.75,26149.75,26159.5,26083.25,26118.75,42125
2025-11-03 13:00:00-05:00,26129.5,26129.5,26166.25,26123.75,26150.0,28322
2025-11-03 14:00:00-05:00,26116.5,26116.5,26138.5,26066.25,26129.5,37933
2025-11-03 15:00:00-05:00,26111.0,26111.0,26124.5,26071.5,26116.5,42940
2025-11-04 10:00:00-05:00,25789.5,25789.5,25893.5,25763.75,25874.75,84076
2025-11-04 11:00:00-05:00,25756.25,25756.25,25822.75,25723.25,25789.0,64867
2025-11-04 12:00:00-05:00,25679.25,25679.25,25757.75,25642.25,25756.25,64107
2025-11-04 13:00:00-05:00,25669.25,25669.25,25684.5,25601.75,25677.25,58170
2025-11-04 14:00:00-05:00,25605.25,25605.25,25688.25,25574.25,25668.0,50569
2025-11-04 15:00:00-05:00,25579.5,25579.5,25642.5,25544.0,25605.75,70741
2025-11-05 10:00:00-05:00,25720.75,25720.75,25736.0,25615.0,25680.5,92042
2025-11-05 11:00:00-05:00,25774.25,25774.25,25788.5,25658.25,25719.75,66269
2025-11-05 12:00:00-05:00,25812.25,25812.25,25828.25,25740.25,25774.0,43623
2025-11-05 13:00:00-05:00,25864.5,25864.5,25872.75,25804.5,25811.75,32049
2025-11-05 14:00:00-05:00,25863.25,25863.25,25880.0,25823.25,25864.25,35547
2025-11-05 15:00:00-05:00,25741.5,25741.5,25877.75,25729.5,25863.25,63035
2025-11-06 10:00:00-05:00,25303.0,25303.0,25547.0,25290.75,25513.25,155031
2025-11-06 11:00:00-05:00,25220.5,25220.5,25370.25,25201.75,25302.75,94373
2025-11-06 12:00:00-05:00,25337.25,25337.25,25356.25,25197.75,25220.25,74237
2025-11-06 13:00:00-05:00,25330.25,25330.25,25371.25,25225.5,25337.25,61265
2025-11-06 14:00:00-05:00,25404.25,25404.25,25438.5,25321.0,25331.25,61312
2025-11-06 15:00:00-05:00,25258.75,25258.75,25414.75,25226.75,25403.75,77023
2025-11-07 10:00:00-05:00,24823.5,24823.5,25045.0,24823.0,25018.0,126350
2025-11-07 11:00:00-05:00,24746.75,24746.75,24861.0,24718.75,24822.75,82342
2025-11-07 12:00:00-05:00,24841.25,24841.25,24864.5,24709.25,24745.75,68918
2025-11-07 13:00:00-05:00,24922.5,24922.5,24953.5,24821.25,24841.5,63389
2025-11-07 14:00:00-05:00,25114.5,25114.5,25116.75,24900.75,24922.5,64720
2025-11-07 15:00:00-05:00,25163.5,25163.5,25172.75,25023.5,25113.75,81122
2025-11-10 10:00:00-05:00,25524.0,25524.0,25666.5,25516.5,25637.25,88349
2025-11-10 11:00:00-05:00,25521.25,25521.25,25537.75,25452.0,25523.75,88330
2025-11-10 12:00:00-05:00,25635.0,25635.0,25647.25,25507.5,25521.25,60316
2025-11-10 13:00:00-05:00,25646.75,25646.75,25682.5,25628.75,25635.5,40963
2025-11-10 14:00:00-05:00,25702.0,25702.0,25716.5,25642.5,25647.25,39861
2025-11-10 15:00:00-05:00,25713.0,25713.0,25760.5,25696.75,25702.25,75844
2025-11-11 10:00:00-05:00,25513.0,25513.0,25628.0,25486.5,25626.75,89234
2025-11-11 11:00:00-05:00,25510.25,25510.25,25591.5,25478.5,25513.0,74500
2025-11-11 12:00:00-05:00,25618.0,25618.0,25631.25,25506.75,25510.25,51423
2025-11-11 13:00:00-05:00,25690.5,25690.5,25696.25,25607.25,25617.5,52805
2025-11-11 14:00:00-05:00,25663.25,25663.25,25691.25,25637.75,25690.5,34622
2025-11-11 15:00:00-05:00,25647.0,25647.0,25688.5,25619.75,25663.75,47741
2025-11-12 10:00:00-05:00,25557.0,25557.0,25660.0,25528.5,25593.5,106830
2025-11-12 11:00:00-05:00,25532.0,25532.0,25608.5,25488.75,25557.25,84090
2025-11-12 12:00:00-05:00,25608.75,25608.75,25629.0,25518.0,25532.25,68247
2025-11-12 13:00:00-05:00,25612.5,25612.5,25637.25,25582.75,25608.75,43870
2025-11-12 14:00:00-05:00,25580.25,25580.25,25624.5,25552.25,25613.0,45249
2025-11-12 15:00:00-05:00,25625.5,25625.5,25651.5,25545.0,25580.25,60801
2025-11-13 10:00:00-05:00,25258.5,25258.5,25496.75,25197.0,25382.0,129217
2025-11-13 11:00:00-05:00,25192.5,25192.5,25277.75,25159.0,25257.75,88370
2025-11-13 12:00:00-05:00,25136.0,25136.0,25254.75,25125.75,25192.5,69984
2025-11-13 13:00:00-05:00,25070.5,25070.5,25166.0,25012.75,25137.5,75431
2025-11-13 14:00:00-05:00,25054.5,25054.5,25132.5,25002.5,25070.0,66877
2025-11-13 15:00:00-05:00,25100.25,25100.25,25145.0,25015.0,25054.25,87595
2025-11-14 10:00:00-05:00,25143.0,25143.0,25179.0,24863.25,24953.0,149407
2025-11-14 11:00:00-05:00,25247.75,25247.75,25268.25,25069.0,25142.5,87079
2025-11-14 12:00:00-05:00,25203.5,25203.5,25293.25,25160.25,25247.75,73024
2025-11-14 13:00:00-05:00,25172.75,25172.75,25224.25,25088.25,25204.0,78253
2025-11-14 14:00:00-05:00,25228.0,25228.0,25241.75,25124.5,25172.5,46649
2025-11-14 15:00:00-05:00,25106.0,25106.0,25251.25,25071.25,25228.0,72310
2025-11-17 10:00:00-05:00,25080.5,25080.5,25216.0,25053.75,25199.25,104905
2025-11-17 11:00:00-05:00,25196.75,25196.75,25201.0,24945.0,25080.5,88204
2025-11-17 12:00:00-05:00,25001.0,25001.0,25199.75,24997.0,25196.25,62990
2025-11-17 13:00:00-05:00,24895.25,24895.25,25050.75,24886.75,25001.0,68491
2025-11-17 14:00:00-05:00,24756.25,24756.25,24911.5,24754.25,24895.5,74731
2025-11-17 15:00:00-05:00,24887.75,24887.75,24890.75,24731.75,24756.25,89403
2025-11-18 10:00:00-05:00,24458.5,24458.5,24613.0,24430.0,24521.75,152350
2025-11-18 11:00:00-05:00,24653.25,24653.25,24696.75,24378.0,24458.75,110530
2025-11-18 12:00:00-05:00,24752.75,24752.75,24783.25,24493.5,24653.0,83376
2025-11-18 13:00:00-05:00,24708.75,24708.75,24804.5,24692.0,24753.5,63028
2025-11-18 14:00:00-05:00,24775.5,24775.5,24810.25,24686.0,24710.25,58309
2025-11-18 15:00:00-05:00,24583.5,24583.5,24795.75,24578.75,24775.25,77553
2025-11-19 10:00:00-05:00,24769.5,24769.5,24988.0,24748.0,24894.0,123164
2025-11-19 11:00:00-05:00,24714.5,24714.5,24785.75,24648.75,24768.75,102668
2025-11-19 12:00:00-05:00,24635.25,24635.25,24721.25,24507.0,24714.5,81462
2025-11-19 13:00:00-05:00,24686.75,24686.75,24712.75,24587.25,24633.5,56374
2025-11-19 14:00:00-05:00,24658.5,24658.5,24701.25,24571.0,24688.25,52765
2025-11-19 15:00:00-05:00,24724.75,24724.75,24830.25,24644.5,24656.75,77009
2025-11-20 10:00:00-05:00,25162.75,25162.75,25310.0,25156.75,25275.0,110964
2025-11-20 11:00:00-05:00,24554.75,24554.75,25164.75,24512.0,25162.75,188902
2025-11-20 12:00:00-05:00,24395.0,24395.0,24641.5,24308.5,24554.0,151996
2025-11-20 13:00:00-05:00,24278.5,24278.5,24598.75,24235.5,24395.25,102153
2025-11-20 14:00:00-05:00,24396.5,24396.5,24402.0,24205.0,24278.75,73176
2025-11-20 15:00:00-05:00,24137.25,24137.25,24396.25,24098.0,24396.25,93184
2025-11-21 10:00:00-05:00,24022.25,24022.25,24228.5,23927.25,24174.25,150210
2025-11-21 11:00:00-05:00,24372.25,24372.25,24373.25,23935.0,24018.5,95087
2025-11-21 12:00:00-05:00,24350.25,24350.25,24415.5,24305.5,24371.75,68502
2025-11-21 13:00:00-05:00,24477.25,24477.25,24559.5,24203.5,24350.5,84010
2025-11-21 14:00:00-05:00,24458.75,24458.75,24596.25,24427.5,24477.5,63057
2025-11-21 15:00:00-05:00,24317.75,24317.75,24496.25,24285.0,24458.75,72239
2025-11-24 10:00:00-05:00,24780.25,24780.25,24817.25,24664.0,24683.0,96442
2025-11-24 11:00:00-05:00,24846.25,24846.25,24889.75,24779.5,24780.0,59780
2025-11-24 12:00:00-05:00,24920.5,24920.5,24939.75,24829.0,24847.0,52104
2025-11-24 13:00:00-05:00,24925.5,24925.5,24953.75,24914.0,24920.25,36455
2025-11-24 14:00:00-05:00,24914.0,24914.0,24961.0,24893.0,24925.25,43358
2025-11-24 15:00:00-05:00,24942.5,24942.5,24993.5,24912.75,24914.25,76273
2025-11-25 10:00:00-05:00,24818.0,24818.0,24873.0,24655.5,24819.0,122365
2025-11-25 11:00:00-05:00,24899.25,24899.25,24913.5,24773.5,24818.25,58778
2025-11-25 12:00:00-05:00,24986.25,24986.25,25060.75,24893.75,24899.25,61296
2025-11-25 13:00:00-05:00,25023.75,25023.75,25049.5,24982.75,24986.5,35785
2025-11-25 14:00:00-05:00,25013.75,25013.75,25033.25,24938.0,25024.0,40346
2025-11-25 15:00:00-05:00,25079.75,25079.75,25135.25,25012.5,25014.5,62008
2025-11-26 10:00:00-05:00,25268.0,25268.0,25271.5,25133.75,25167.0,87844
2025-11-26 11:00:00-05:00,25354.25,25354.25,25376.0,25263.25,25268.25,63158
2025-11-26 12:00:00-05:00,25338.75,25338.75,25369.25,25313.25,25355.0,40549
2025-11-26 13:00:00-05:00,25316.5,25316.5,25360.0,25281.0,25339.0,50492
2025-11-26 14:00:00-05:00,25332.5,25332.5,25355.25,25297.75,25316.5,37672
2025-11-26 15:00:00-05:00,25296.25,25296.25,25360.75,25294.75,25332.5,51026
2025-11-28 09:30:00-05:00,25369.25,25369.25,25422.0,25331.0,25373.0,23792
2025-11-28 10:30:00-05:00,25409.5,25409.5,25421.75,25352.25,25370.5,26400
2025-11-28 11:30:00-05:00,25426.25,25426.25,25436.25,25367.5,25409.0,34404
2025-11-28 12:30:00-05:00,25487.0,25487.0,25490.5,25394.25,25426.75,41805
2025-12-01 10:00:00-05:00,25412.75,25412.75,25420.0,25267.5,25365.75,94809
2025-12-01 11:00:00-05:00,25435.5,25435.5,25451.0,25322.5,25413.0,60880
2025-12-01 12:00:00-05:00,25450.5,25450.5,25495.75,25414.25,25434.75,42008
2025-12-01 13:00:00-05:00,25486.5,25486.5,25492.75,25446.5,25450.75,26876
2025-12-01 14:00:00-05:00,25373.75,25373.75,25488.0,25357.0,25486.75,56745
2025-12-01 15:00:00-05:00,25402.0,25402.0,25421.25,25365.0,25373.75,62520
2025-12-02 10:00:00-05:00,25647.75,25647.75,25670.0,25531.0,25598.5,97069
2025-12-02 11:00:00-05:00,25509.25,25509.25,25663.5,25414.5,25648.0,106762
2025-12-02 12:00:00-05:00,25506.25,25506.25,25622.25,25504.5,25509.75,56304
2025-12-02 13:00:00-05:00,25577.0,25577.0,25587.25,25496.5,25506.25,44662
2025-12-02 14:00:00-05:00,25633.75,25633.75,25643.0,25563.25,25577.25,38457
2025-12-02 15:00:00-05:00,25600.5,25600.5,25646.75,25591.5,25634.0,46000
2025-12-03 10:00:00-05:00,25563.0,25563.0,25605.5,25482.25,25497.5,97862
2025-12-03 11:00:00-05:00,25560.25,25560.25,25621.5,25521.75,25563.25,59700
2025-12-03 12:00:00-05:00,25625.5,25625.5,25637.25,25555.0,25560.75,41886
2025-12-03 13:00:00-05:00,25629.0,25629.0,25654.75,25608.25,25625.25,32987
2025-12-03 14:00:00-05:00,25669.75,25669.75,25672.25,25625.75,25628.5,27796
2025-12-03 15:00:00-05:00,25657.25,25657.25,25685.25,25640.75,25670.0,45299
2025-12-04 10:00:00-05:00,25569.75,25569.75,25639.25,25520.5,25555.5,83398
2025-12-04 11:00:00-05:00,25642.0,25642.0,25650.25,25505.0,25569.5,72362
2025-12-04 12:00:00-05:00,25617.5,25617.5,25653.25,25585.75,25642.0,41848
2025-12-04 13:00:00-05:00,25604.0,25604.0,25632.5,25574.75,25617.5,35893
2025-12-04 14:00:00-05:00,25589.0,25589.0,25612.0,25488.75,25603.75,60494
2025-12-04 15:00:00-05:00,25627.25,25627.25,25632.75,25551.75,25589.25,53268
2025-12-05 10:00:00-05:00,25743.0,25743.0,25868.0,25716.25,25791.25,92669
2025-12-05 11:00:00-05:00,25730.25,25730.25,25767.0,25651.25,25743.0,81936
2025-12-05 12:00:00-05:00,25730.5,25730.5,25740.75,25664.75,25729.5,45267
2025-12-05 13:00:00-05:00,25726.75,25726.75,25758.5,25700.0,25729.75,34938
2025-12-05 14:00:00-05:00,25737.5,25737.5,25743.75,25702.5,25727.75,31401
2025-12-05 15:00:00-05:00,25726.0,25726.0,25740.25,25677.75,25737.75,47838
2025-12-08 10:00:00-05:00,25663.0,25663.0,25778.0,25649.75,25744.75,69668
2025-12-08 11:00:00-05:00,25639.5,25639.5,25671.5,25626.25,25662.75,55898
2025-12-08 12:00:00-05:00,25680.5,25680.5,25690.0,25593.75,25640.25,54365
2025-12-08 13:00:00-05:00,25592.5,25592.5,25696.25,25564.75,25680.25,53415
2025-12-08 14:00:00-05:00,25591.75,25591.75,25622.25,25568.0,25592.75,36805
2025-12-08 15:00:00-05:00,25669.0,25669.0,25671.75,25582.5,25591.75,46594
2025-12-09 10:00:00-05:00,25684.5,25684.5,25685.25,25605.5,25630.5,67690
2025-12-09 11:00:00-05:00,25709.0,25709.0,25716.0,25668.25,25683.75,51909
2025-12-09 12:00:00-05:00,25717.75,25717.75,25733.0,25689.25,25709.0,38618
2025-12-09 13:00:00-05:00,25721.75,25721.75,25735.75,25690.75,25716.75,38976
2025-12-09 14:00:00-05:00,25702.5,25702.5,25724.25,25683.0,25721.75,30377
2025-12-09 15:00:00-05:00,25703.25,25703.25,25722.0,25683.75,25701.75,37881
2025-12-10 10:00:00-05:00,25566.75,25566.75,25656.5,25550.25,25630.5,73573
2025-12-10 11:00:00-05:00,25650.5,25650.5,25658.25,25528.75,25567.0,55942
2025-12-10 12:00:00-05:00,25665.25,25665.25,25682.25,25615.75,25650.5,33387
2025-12-10 13:00:00-05:00,25616.75,25616.75,25667.75,25595.0,25664.75,30692
2025-12-10 14:00:00-05:00,25824.75,25824.75,25834.75,25602.5,25614.5,128266
2025-12-10 15:00:00-05:00,25800.0,25800.0,25870.75,25788.0,25824.0,73747
2025-12-11 10:00:00-05:00,25531.0,25531.0,25629.25,25390.25,25414.75,120822
2025-12-11 11:00:00-05:00,25501.25,25501.25,25589.25,25456.25,25531.25,76225
2025-12-11 12:00:00-05:00,25592.5,25592.5,25647.5,25494.75,25501.25,55226
2025-12-11 13:00:00-05:00,25637.5,25637.5,25687.0,25582.0,25592.0,46946
2025-12-11 14:00:00-05:00,25689.5,25689.5,25722.75,25635.25,25636.75,34340
2025-12-11 15:00:00-05:00,25715.0,25715.0,25720.0,25660.5,25690.25,46829
2025-12-12 10:00:00-05:00,25240.5,25240.5,25559.0,25214.0,25558.25,166012
2025-12-12 11:00:00-05:00,25174.5,25174.5,25277.25,25118.0,25240.25,124420
2025-12-12 12:00:00-05:00,25276.5,25276.5,25311.5,25162.75,25173.5,72664
2025-12-12 13:00:00-05:00,25278.25,25278.25,25372.5,25262.75,25277.25,62249
2025-12-12 14:00:00-05:00,25244.0,25244.0,25285.5,25215.25,25279.0,51415
2025-12-12 15:00:00-05:00,25209.75,25209.75,25262.75,25145.5,25244.25,81969
2025-12-15 10:00:00-05:00,25153.0,25153.0,25235.75,25033.25,25225.75,91087
2025-12-15 11:00:00-05:00,25162.5,25162.5,25266.75,25119.0,25154.25,58377
2025-12-15 12:00:00-05:00,25131.25,25131.25,25187.75,25084.25,25161.0,43669
2025-12-15 13:00:00-05:00,25152.5,25152.5,25169.5,25080.25,25130.0,36237
2025-12-15 14:00:00-05:00,25150.0,25150.0,25181.5,25106.25,25152.5,29878
2025-12-15 15:00:00-05:00,25084.0,25084.0,25157.25,25082.5,25149.5,39569
2025-12-16 10:00:00-05:00,25321.75,25321.75,25409.0,24937.25,25149.25,236454
2025-12-16 11:00:00-05:00,25335.5,25335.5,25344.0,24971.0,25322.0,75744
2025-12-16 12:00:00-05:00,25200.0,25200.0,25355.0,24952.5,25335.75,65717
2025-12-16 13:00:00-05:00,25316.25,25316.25,25350.25,24934.0,25200.5,64919
2025-12-16 14:00:00-05:00,25318.5,25318.5,25349.25,24985.5,25315.75,54324
2025-12-16 15:00:00-05:00,25132.75,25132.75,25444.0,25072.0,25318.25,0
2025-12-17 10:00:00-05:00,25059.5,25059.5,25345.75,24807.5,25099.5,133625
2025-12-17 11:00:00-05:00,25034.5,25034.5,25122.5,24758.75,25058.25,105398
2025-12-17 12:00:00-05:00,25022.5,25022.5,25085.0,24756.25,25035.25,70764
2025-12-17 13:00:00-05:00,24957.75,24957.75,25078.0,24795.25,25022.0,49108
2025-12-17 14:00:00-05:00,24975.5,24975.5,24985.5,24922.0,24956.5,43370
2025-12-17 15:00:00-05:00,24892.0,24892.0,24983.25,24887.75,24975.0,61619
2025-12-18 10:00:00-05:00,25366.0,25366.0,25407.25,25174.75,25277.5,117828
2025-12-18 11:00:00-05:00,25386.5,25386.5,25412.5,25343.25,25365.75,60492
2025-12-18 12:00:00-05:00,25355.25,25355.25,25386.75,25184.5,25386.75,101231
2025-12-18 13:00:00-05:00,25338.5,25338.5,25402.25,25317.25,25355.5,51661
2025-12-18 14:00:00-05:00,25208.0,25208.0,25340.0,25193.75,25338.0,70462
2025-12-18 15:00:00-05:00,25252.0,25252.0,25343.5,25192.5,25208.25,72742
2025-12-19 10:00:00-05:00,25483.0,25483.0,25600.25,25465.25,25558.75,81974
2025-12-19 11:00:00-05:00,25505.25,25505.25,25565.0,25460.0,25483.0,56775
2025-12-19 12:00:00-05:00,25578.25,25578.25,25597.5,25502.0,25505.25,40406
2025-12-19 13:00:00-05:00,25551.75,25551.75,25592.0,25543.75,25577.75,27927
2025-12-19 14:00:00-05:00,25569.0,25569.0,25589.5,25550.5,25551.5,20572
2025-12-19 15:00:00-05:00,25581.0,25581.0,25593.0,25549.75,25569.5,55108
2025-12-22 10:00:00-05:00,25674.5,25674.5,25754.75,25628.0,25747.0,67091
2025-12-22 11:00:00-05:00,25714.75,25714.75,25721.25,25672.5,25674.25,38433
2025-12-22 12:00:00-05:00,25721.0,25721.0,25727.25,25686.5,25715.0,30789
2025-12-22 13:00:00-05:00,25689.5,25689.5,25722.25,25673.0,25721.25,29437
2025-12-22 14:00:00-05:00,25690.5,25690.5,25712.25,25676.25,25689.75,22906
2025-12-22 15:00:00-05:00,25688.25,25688.25,25703.5,25679.25,25690.75,33732
2025-12-23 10:00:00-05:00,25731.25,25731.25,25741.0,25628.25,25692.25,66020
2025-12-23 11:00:00-05:00,25773.25,25773.25,25776.5,25726.5,25731.5,40649
2025-12-23 12:00:00-05:00,25754.75,25754.75,25777.75,25750.75,25774.0,24433
2025-12-23 13:00:00-05:00,25774.0,25774.0,25780.25,25751.5,25754.25,19535
2025-12-23 14:00:00-05:00,25797.25,25797.25,25800.5,25772.5,25774.0,20387
2025-12-23 15:00:00-05:00,25811.25,25811.25,25820.5,25792.25,25797.0,34744
2025-12-24 09:30:00-05:00,25809.75,25809.75,25827.5,25784.0,25822.75,34303
2025-12-24 10:30:00-05:00,25828.75,25828.75,25840.75,25803.75,25809.5,34124
2025-12-24 11:30:00-05:00,25876.25,25876.25,25885.0,25828.0,25829.0,31422
2025-12-24 12:30:00-05:00,25877.75,25877.75,25892.0,25864.0,25876.5,26844
2025-12-26 10:00:00-05:00,25899.5,25899.5,25906.0,25834.25,25881.0,45918
2025-12-26 11:00:00-05:00,25873.75,25873.75,25912.0,25857.0,25899.0,27951
2025-12-26 12:00:00-05:00,25871.75,25871.75,25881.75,25847.75,25873.5,21696
2025-12-26 13:00:00-05:00,25891.75,25891.75,25893.25,25854.5,25871.75,16975
2025-12-26 14:00:00-05:00,25891.25,25891.25,25899.0,25873.0,25891.75,17696
2025-12-26 15:00:00-05:00,25866.75,25866.75,25892.0,25853.5,25890.75,27054
2025-12-29 10:00:00-05:00,25702.75,25702.75,25772.75,25661.75,25723.0,63573
2025-12-29 11:00:00-05:00,25695.5,25695.5,25718.25,25680.0,25702.5,33196
2025-12-29 12:00:00-05:00,25700.0,25700.0,25707.75,25648.0,25695.5,29091
2025-12-29 13:00:00-05:00,25694.5,25694.5,25729.0,25680.5,25699.25,23480
2025-12-29 14:00:00-05:00,25765.5,25765.5,25774.25,25683.5,25694.0,28393
2025-12-29 15:00:00-05:00,25741.0,25741.0,25766.25,25729.25,25765.75,31045
2025-12-30 10:00:00-05:00,25744.0,25744.0,25761.5,25681.5,25756.0,52761
2025-12-30 11:00:00-05:00,25720.5,25720.5,25793.75,25717.0,25744.5,38613
2025-12-30 12:00:00-05:00,25728.75,25728.75,25739.0,25699.5,25720.0,25479
2025-12-30 13:00:00-05:00,25732.5,25732.5,25744.25,25707.5,25728.75,19582
2025-12-30 14:00:00-05:00,25712.0,25712.0,25743.0,25705.5,25732.5,21698
2025-12-30 15:00:00-05:00,25677.5,25677.5,25717.75,25668.25,25711.5,33595
2025-12-31 10:00:00-05:00,25555.0,25555.0,25618.0,25542.5,25606.25,42444
2025-12-31 11:00:00-05:00,25605.0,25605.0,25607.5,25552.75,25554.25,27312
2025-12-31 12:00:00-05:00,25581.5,25581.5,25606.5,25568.0,25605.0,22184
2025-12-31 13:00:00-05:00,25614.25,25614.25,25629.5,25572.5,25581.5,20214
2025-12-31 14:00:00-05:00,25535.75,25535.75,25634.5,25532.0,25614.5,28955
2025-12-31 15:00:00-05:00,25455.25,25455.25,25539.5,25444.5,25535.75,57219
2026-01-02 10:00:00-05:00,25375.0,25375.0,25780.0,25360.5,25733.75,123411
2026-01-02 11:00:00-05:00,25341.5,25341.5,25427.25,25294.25,25375.75,85884
2026-01-02 12:00:00-05:00,25323.75,25323.75,25405.5,25310.75,25341.25,40356
2026-01-02 13:00:00-05:00,25295.0,25295.0,25363.75,25265.25,25323.5,36929
2026-01-02 14:00:00-05:00,25399.5,25399.5,25457.0,25288.5,25294.5,42858
2026-01-02 15:00:00-05:00,25386.0,25386.0,25450.5,25362.0,25399.5,49650
2026-01-05 10:00:00-05:00,25665.0,25665.0,25690.5,25566.0,25593.25,71997
2026-01-05 11:00:00-05:00,25658.25,25658.25,25708.0,25651.25,25665.25,44850
2026-01-05 12:00:00-05:00,25626.75,25626.75,25673.5,25607.5,25659.0,41602
2026-01-05 13:00:00-05:00,25612.75,25612.75,25632.25,25557.0,25627.0,36633
2026-01-05 14:00:00-05:00,25577.5,25577.5,25618.75,25549.5,25612.75,30774
2026-01-05 15:00:00-05:00,25587.0,25587.0,25613.0,25565.0,25577.0,42872
2026-01-06 10:00:00-05:00,25687.5,25687.5,25779.0,25676.75,25753.0,78197
2026-01-06 11:00:00-05:00,25695.5,25695.5,25706.75,25644.75,25687.0,61540
2026-01-06 12:00:00-05:00,25760.25,25760.25,25772.5,25674.5,25696.0,43504
2026-01-06 13:00:00-05:00,25800.0,25800.0,25805.75,25745.0,25759.75,31573
2026-01-06 14:00:00-05:00,25809.75,25809.75,25821.0,25794.0,25805.0,24717
2026-01-06 15:00:00-05:00,25834.75,25834.75,25837.75,25802.0,25812.25,32208
2026-01-07 10:00:00-05:00,25903.25,25903.25,25911.25,25810.75,25857.25,78758
2026-01-07 11:00:00-05:00,25970.0,25970.0,25971.0,25879.25,25919.25,59659
2026-01-07 12:00:00-05:00,25971.0,25971.0,25996.25,25960.0,25970.25,42024
2026-01-07 13:00:00-05:00,25955.5,25955.5,25979.0,25926.0,25971.0,40804
2026-01-07 14:00:00-05:00,25902.75,25902.75,25956.25,25890.0,25956.0,40804
2026-01-07 15:00:00-05:00,25834.25,25834.25,25913.5,25814.5,25902.75,66681
2026-01-08 10:00:00-05:00,25684.25,25684.25,25713.5,25569.0,25603.75,100524
2026-01-08 11:00:00-05:00,25671.25,25671.25,25686.5,25583.75,25684.25,60366
2026-01-08 12:00:00-05:00,25680.5,25680.5,25703.75,25627.0,25670.75,35637
2026-01-08 13:00:00-05:00,25631.75,25631.75,25684.75,25619.25,25681.0,35316
2026-01-08 14:00:00-05:00,25634.25,25634.25,25657.75,25595.0,25631.25,34689
2026-01-08 15:00:00-05:00,25683.0,25683.0,25700.0,25625.5,25633.5,44798
2026-01-09 10:00:00-05:00,25812.25,25812.25,25879.0,25615.5,25734.0,116964
2026-01-09 11:00:00-05:00,25910.25,25910.25,25920.5,25810.75,25811.75,61920
2026-01-09 12:00:00-05:00,25923.5,25923.5,25936.0,25885.5,25910.0,39396
2026-01-09 13:00:00-05:00,25961.25,25961.25,25967.75,25882.0,25923.5,41137
2026-01-09 14:00:00-05:00,25954.5,25954.5,25972.75,25948.0,25961.25,23267
2026-01-09 15:00:00-05:00,25932.75,25932.75,25985.5,25930.25,25954.25,43532
2026-01-12 10:00:00-05:00,25915.5,25915.5,25933.5,25863.75,25901.25,70197
2026-01-12 11:00:00-05:00,25961.0,25961.0,25969.5,25901.0,25915.5,46839
2026-01-12 12:00:00-05:00,25968.0,25968.0,25974.0,25938.25,25961.0,26929
2026-01-12 13:00:00-05:00,25978.5,25978.5,25997.5,25965.0,25968.5,25934
2026-01-12 14:00:00-05:00,26014.75,26014.75,26016.5,25962.0,25978.5,26699
2026-01-12 15:00:00-05:00,25952.25,25952.25,26020.5,25950.5,26015.0,44466
2026-01-13 10:00:00-05:00,25894.5,25894.5,25969.75,25809.25,25947.25,104591
2026-01-13 11:00:00-05:00,26008.5,26008.5,26025.75,25847.25,25894.5,66405
2026-01-13 12:00:00-05:00,25877.25,25877.25,26018.25,25857.75,26008.75,58248
2026-01-13 13:00:00-05:00,25839.75,25839.75,25910.75,25833.75,25876.5,47501
2026-01-13 14:00:00-05:00,25866.25,25866.25,25885.25,25821.25,25840.25,42467
2026-01-13 15:00:00-05:00,25903.75,25903.75,25912.0,25803.25,25866.0,51450
2026-01-14 10:00:00-05:00,25492.0,25492.0,25693.5,25469.5,25586.25,127424
2026-01-14 11:00:00-05:00,25460.25,25460.25,25592.25,25440.0,25491.75,72993
2026-01-14 12:00:00-05:00,25449.75,25449.75,25509.0,25433.25,25459.5,55917
2026-01-14 13:00:00-05:00,25515.0,25515.0,25526.0,25420.75,25449.75,49799
2026-01-14 14:00:00-05:00,25500.5,25500.5,25534.0,25486.0,25515.25,35458
2026-01-14 15:00:00-05:00,25636.75,25636.75,25643.5,25460.5,25500.0,93705
2026-01-15 10:00:00-05:00,25884.25,25884.25,25925.75,25803.25,25863.5,93760
2026-01-15 11:00:00-05:00,25924.75,25924.75,25937.25,25877.25,25884.5,52788
2026-01-15 12:00:00-05:00,25853.5,25853.5,25938.0,25849.25,25924.5,39485
2026-01-15 13:00:00-05:00,25886.0,25886.0,25911.0,25848.75,25853.25,30783
2026-01-15 14:00:00-05:00,25757.5,25757.5,25885.0,25746.25,25885.0,67368
2026-01-15 15:00:00-05:00,25719.25,25719.25,25771.75,25676.5,25756.0,77971
2026-01-16 10:00:00-05:00,25680.5,25680.5,25765.5,25591.5,25729.0,108023
2026-01-16 11:00:00-05:00,25716.5,25716.5,25752.75,25661.0,25680.25,57045
2026-01-16 12:00:00-05:00,25660.0,25660.0,25721.5,25657.75,25716.5,35319
2026-01-16 13:00:00-05:00,25716.5,25716.5,25732.25,25654.0,25660.75,28491
2026-01-16 14:00:00-05:00,25716.25,25716.25,25748.0,25672.75,25716.25,38607
2026-01-16 15:00:00-05:00,25684.75,25684.75,25729.5,25681.5,25715.75,55638
2026-01-20 10:00:00-05:00,25362.75,25362.75,25417.0,25254.75,25322.0,95340
2026-01-20 11:00:00-05:00,25398.75,25398.75,25429.75,25333.75,25363.0,74879
2026-01-20 12:00:00-05:00,25292.75,25292.75,25406.75,25257.5,25398.5,57209
2026-01-20 13:00:00-05:00,25199.25,25199.25,25311.25,25170.5,25293.0,46802
2026-01-20 14:00:00-05:00,25168.75,25168.75,25225.0,25128.0,25199.0,52416
2026-01-20 15:00:00-05:00,25141.25,25141.25,25169.75,25098.0,25169.25,80629
2026-01-21 10:00:00-05:00,25470.0,25470.0,25488.0,25294.75,25323.5,96192
2026-01-21 11:00:00-05:00,25229.25,25229.25,25494.25,25220.5,25469.75,100955
2026-01-21 12:00:00-05:00,25246.25,25246.25,25262.75,25142.0,25229.75,88644
2026-01-21 13:00:00-05:00,25283.25,25283.25,25294.75,25150.75,25244.75,64064
2026-01-21 14:00:00-05:00,25638.75,25638.75,25648.25,25232.75,25282.25,106875
2026-01-21 15:00:00-05:00,25471.5,25471.5,25653.5,25446.0,25639.0,87403
2026-01-22 10:00:00-05:00,25606.0,25606.0,25658.75,25536.75,25582.0,91838
2026-01-22 11:00:00-05:00,25669.5,25669.5,25700.0,25603.75,25605.25,50565
2026-01-22 12:00:00-05:00,25712.25,25712.25,25722.0,25652.5,25668.75,40162
2026-01-22 13:00:00-05:00,25673.5,25673.5,25723.5,25667.0,25711.75,32845
2026-01-22 14:00:00-05:00,25639.75,25639.75,25715.25,25634.0,25673.5,36657
2026-01-22 15:00:00-05:00,25663.0,25663.0,25665.75,25584.75,25639.5,69450
2026-01-23 10:00:00-05:00,25826.5,25826.5,25827.5,25661.5,25668.0,85406
2026-01-23 11:00:00-05:00,25789.0,25789.0,25845.75,25761.0,25826.5,61038
2026-01-23 12:00:00-05:00,25693.75,25693.75,25808.0,25683.0,25789.0,52202
2026-01-23 13:00:00-05:00,25725.5,25725.5,25764.25,25688.5,25693.75,41274
2026-01-23 14:00:00-05:00,25748.0,25748.0,25774.75,25719.5,25726.25,31747
2026-01-23 15:00:00-05:00,25734.5,25734.5,25755.75,25691.25,25748.0,53785
2026-01-26 10:00:00-05:00,25881.25,25881.25,25898.5,25803.0,25837.0,72027
2026-01-26 11:00:00-05:00,25906.25,25906.25,25928.5,25850.75,25881.0,50514
2026-01-26 12:00:00-05:00,25891.25,25891.25,25936.5,25881.75,25906.5,30995
2026-01-26 13:00:00-05:00,25898.75,25898.75,25932.25,25873.5,25890.5,30416
2026-01-26 14:00:00-05:00,25878.5,25878.5,25913.75,25877.75,25898.25,25564
2026-01-26 15:00:00-05:00,25844.5,25844.5,25895.0,25840.5,25879.0,47136
2026-01-27 10:00:00-05:00,26078.5,26078.5,26098.5,26021.5,26052.5,74137
2026-01-27 11:00:00-05:00,26079.75,26079.75,26106.75,26073.25,26078.5,40325
2026-01-27 12:00:00-05:00,26061.75,26061.75,26092.0,26050.25,26080.0,35465
2026-01-27 13:00:00-05:00,26090.25,26090.25,26097.75,26038.0,26062.0,30527
2026-01-27 14:00:00-05:00,26091.75,26091.75,26099.75,26072.75,26090.0,23275
2026-01-27 15:00:00-05:00,26075.5,26075.5,26114.25,26068.25,26092.0,46922
2026-01-28 10:00:00-05:00,26162.75,26162.75,26265.5,26159.5,26253.0,72391
2026-01-28 11:00:00-05:00,26116.75,26116.75,26198.5,26100.75,26162.5,45972
2026-01-28 12:00:00-05:00,26140.75,26140.75,26165.5,26110.5,26117.25,39705
2026-01-28 13:00:00-05:00,26171.5,26171.5,26180.0,26122.0,26140.5,25475
2026-01-28 14:00:00-05:00,26160.75,26160.75,26210.25,26112.75,26171.0,59204
2026-01-28 15:00:00-05:00,26150.75,26150.75,26212.25,26131.25,26161.0,50323
2026-01-29 10:00:00-05:00,25576.75,25576.75,25868.25,25536.0,25864.5,160333
2026-01-29 11:00:00-05:00,25711.25,25711.25,25739.75,25538.0,25576.75,90904
2026-01-29 12:00:00-05:00,25760.5,25760.5,25878.75,25708.75,25711.25,61914
2026-01-29 13:00:00-05:00,25836.75,25836.75,25891.5,25758.25,25760.25,45077
2026-01-29 14:00:00-05:00,25849.0,25849.0,25898.5,25820.0,25836.25,35238
2026-01-29 15:00:00-05:00,25992.75,25992.75,26020.0,25841.5,25849.25,61925
2026-01-30 10:00:00-05:00,25859.25,25859.25,25925.5,25810.25,25827.25,40155
2026-02-02 13:00:00-05:00,25941.75,25941.75,25949.5,25926.5,25929.0,201706
2026-02-02 14:00:00-05:00,25846.5,25846.5,25945.0,25841.5,25941.75,27676
2026-02-02 15:00:00-05:00,25855.75,25855.75,25900.0,25821.75,25846.75,58946
2026-02-03 10:00:00-05:00,25617.5,25617.5,25646.75,25470.25,25632.75,138944
2026-02-03 11:00:00-05:00,25491.25,25491.25,25619.75,25467.75,25617.5,75628
2026-02-03 12:00:00-05:00,25387.25,25387.25,25502.5,25345.0,25491.5,71904
2026-02-03 13:00:00-05:00,25245.5,25245.5,25423.5,25245.5,25386.5,57831
2026-02-03 14:00:00-05:00,25316.25,25316.25,25359.25,25219.0,25245.5,72440
2026-02-03 15:00:00-05:00,25446.25,25446.25,25459.0,25269.5,25316.25,68763
2026-02-04 10:00:00-05:00,25151.5,25151.5,25305.0,25108.0,25194.25,125690
2026-02-04 11:00:00-05:00,25035.5,25035.5,25171.5,24928.0,25152.25,89902
2026-02-04 12:00:00-05:00,24874.25,24874.25,25057.5,24783.5,25035.75,84863
2026-02-04 13:00:00-05:00,24925.0,24925.0,24959.75,24819.0,24873.75,68756
2026-02-04 14:00:00-05:00,25106.25,25106.25,25115.5,24863.75,24923.5,72445
2026-02-04 15:00:00-05:00,24996.5,24996.5,25123.75,24979.0,25106.0,59864
2026-02-05 10:00:00-05:00,24634.5,24634.5,24800.75,24550.0,24769.0,130047
2026-02-05 11:00:00-05:00,24829.0,24829.0,24856.5,24543.25,24634.25,93393
2026-02-05 12:00:00-05:00,24782.25,24782.25,24887.5,24722.25,24829.5,55374
2026-02-05 13:00:00-05:00,24700.25,24700.25,24834.5,24662.0,24783.75,44225
2026-02-05 14:00:00-05:00,24712.0,24712.0,24839.25,24672.5,24700.25,48015
2026-02-05 15:00:00-05:00,24638.75,24638.75,24808.0,24567.75,24711.75,75907
2026-02-06 10:00:00-05:00,24878.0,24878.0,24962.25,24743.25,24856.75,111080
2026-02-06 11:00:00-05:00,25000.75,25000.75,25051.75,24940.5,24945.25,72562
2026-02-06 12:00:00-05:00,25097.0,25097.0,25108.75,24986.5,25001.0,44797
2026-02-06 13:00:00-05:00,25084.5,25084.5,25124.0,25074.0,25096.0,30852
2026-02-06 14:00:00-05:00,25070.75,25070.75,25108.75,25065.25,25084.25,24219
2026-02-06 15:00:00-05:00,25148.0,25148.0,25222.0,25052.75,25070.25,59977
2026-02-09 10:00:00-05:00,25312.25,25312.25,25329.0,25102.75,25112.25,68931
2026-02-09 11:00:00-05:00,25391.0,25391.0,25404.0,25305.75,25311.5,49248
2026-02-09 12:00:00-05:00,25355.25,25355.25,25416.5,25349.5,25390.75,36844
2026-02-09 13:00:00-05:00,25369.5,25369.5,25388.75,25312.25,25355.0,38192
2026-02-09 14:00:00-05:00,25399.0,25399.0,25428.75,25363.75,25370.0,24463
2026-02-09 15:00:00-05:00,25338.5,25338.5,25413.0,25332.25,25399.25,49387
2026-02-10 10:00:00-05:00,25375.0,25375.0,25447.25,25348.0,25392.5,73772
2026-02-10 11:00:00-05:00,25327.0,25327.0,25400.25,25316.25,25375.0,50979
2026-02-10 12:00:00-05:00,25384.0,25384.0,25397.75,25304.0,25327.25,32816
2026-02-10 13:00:00-05:00,25312.5,25312.5,25386.0,25270.75,25383.75,48537
2026-02-10 14:00:00-05:00,25294.5,25294.5,25323.25,25274.5,25312.5,29738
2026-02-10 15:00:00-05:00,25219.0,25219.0,25296.75,25198.25,25292.5,52198
2026-02-11 10:00:00-05:00,25244.0,25244.0,25343.25,25058.25,25306.5,122373
2026-02-11 11:00:00-05:00,25181.0,25181.0,25275.0,25175.0,25244.25,50899
2026-02-11 12:00:00-05:00,25263.75,25263.75,25325.0,25141.75,25180.75,46980
2026-02-11 13:00:00-05:00,25301.25,25301.25,25312.5,25200.75,25264.5,41048
2026-02-11 14:00:00-05:00,25309.0,25309.0,25360.5,25257.75,25302.0,35035
2026-02-11 15:00:00-05:00,25278.25,25278.25,25322.5,25271.75,25308.75,39954
2026-02-12 10:00:00-05:00,25010.25,25010.25,25260.25,25006.5,25208.25,100860
2026-02-12 11:00:00-05:00,24878.5,24878.5,25031.75,24805.75,25011.0,116307
2026-02-12 12:00:00-05:00,24825.25,24825.25,24940.75,24823.75,24878.0,67482
2026-02-12 13:00:00-05:00,24905.5,24905.5,24929.75,24800.25,24825.5,61135
2026-02-12 14:00:00-05:00,24898.5,24898.5,24943.75,24846.5,24906.25,56805
2026-02-12 15:00:00-05:00,24762.75,24762.75,24912.75,24721.5,24899.75,81536
2026-02-13 10:00:00-05:00,24810.25,24810.25,24928.5,24692.25,24699.0,107593
2026-02-13 11:00:00-05:00,24894.5,24894.5,24934.5,24762.75,24811.0,58541
2026-02-13 12:00:00-05:00,24938.25,24938.25,24993.5,24883.5,24894.25,42596
2026-02-13 13:00:00-05:00,24939.75,24939.75,24995.5,24900.75,24938.5,40810
2026-02-13 14:00:00-05:00,24852.75,24852.75,24968.5,24848.75,24940.5,38179
2026-02-13 15:00:00-05:00,24802.75,24802.75,24890.5,24731.75,24852.25,75056
2026-02-17 10:00:00-05:00,24600.25,24600.25,24641.0,24449.25,24483.75,114005
2026-02-17 11:00:00-05:00,24759.25,24759.25,24796.75,24593.25,24599.25,75964
2026-02-17 12:00:00-05:00,24697.5,24697.5,24764.5,24608.75,24759.0,51888
2026-02-17 13:00:00-05:00,24845.0,24845.0,24874.75,24649.25,24698.0,55677
2026-02-17 14:00:00-05:00,24815.0,24815.0,24889.75,24807.75,24845.5,43026
2026-02-17 15:00:00-05:00,24776.75,24776.75,24841.75,24735.75,24815.0,62988
2026-02-18 10:00:00-05:00,25086.75,25086.75,25099.75,24937.5,24940.75,84633
2026-02-18 11:00:00-05:00,25061.5,25061.5,25117.25,25057.5,25086.5,44394
2026-02-18 12:00:00-05:00,25098.25,25098.25,25128.25,25058.75,25061.25,38420
2026-02-18 13:00:00-05:00,25027.5,25027.5,25127.25,24981.75,25097.75,41814
2026-02-18 14:00:00-05:00,24883.0,24883.0,25036.75,24862.0,25025.75,57208
2026-02-18 15:00:00-05:00,24957.5,24957.5,24998.0,24856.0,24884.0,67097
2026-02-19 10:00:00-05:00,24924.25,24924.25,24956.5,24848.25,24880.0,80529
2026-02-19 11:00:00-05:00,24843.75,24843.75,24959.5,24801.25,24925.0,62372
2026-02-19 12:00:00-05:00,24780.0,24780.0,24904.75,24764.75,24844.25,47871
2026-02-19 13:00:00-05:00,24842.0,24842.0,24849.0,24749.0,24779.5,45832
2026-02-19 14:00:00-05:00,24782.0,24782.0,24849.25,24751.5,24840.75,35077
2026-02-19 15:00:00-05:00,24863.5,24863.5,24866.0,24777.5,24781.25,46074
2026-02-20 10:00:00-05:00,25118.75,25118.75,25127.0,24858.25,24900.5,120568
2026-02-20 11:00:00-05:00,25098.0,25098.0,25139.5,24967.25,25118.25,69876
2026-02-20 12:00:00-05:00,25034.25,25034.25,25109.25,24879.25,25098.5,79254
2026-02-20 13:00:00-05:00,25097.75,25097.75,25122.25,24928.0,25034.25,68220
2026-02-20 14:00:00-05:00,25023.0,25023.0,25118.75,25018.0,25098.5,33277
2026-02-20 15:00:00-05:00,25074.0,25074.0,25079.25,25014.25,25023.0,44287
2026-02-23 10:00:00-05:00,24743.25,24743.25,24952.25,24738.75,24913.25,98412
2026-02-23 11:00:00-05:00,24734.75,24734.75,24789.25,24668.0,24743.25,78592
2026-02-23 12:00:00-05:00,24744.75,24744.75,24763.75,24677.5,24735.0,47609
2026-02-23 13:00:00-05:00,24727.5,24727.5,24820.25,24720.0,24744.5,45176
2026-02-23 14:00:00-05:00,24692.0,24692.0,24755.0,24683.75,24727.75,40840
2026-02-23 15:00:00-05:00,24768.0,24768.0,24772.75,24678.75,24692.0,63702
2026-02-24 10:00:00-05:00,24976.5,24976.5,25031.0,24819.5,24878.5,92008
2026-02-24 11:00:00-05:00,25028.75,25028.75,25047.25,24969.25,24976.5,55564
2026-02-24 12:00:00-05:00,25046.0,25046.0,25076.25,25021.25,25028.75,37479
2026-02-24 13:00:00-05:00,25030.0,25030.0,25078.75,25011.5,25046.0,33174
2026-02-24 14:00:00-05:00,25021.5,25021.5,25060.25,24988.5,25030.0,32640
2026-02-24 15:00:00-05:00,25029.5,25029.5,25072.0,24994.75,25021.75,53209
2026-02-25 10:00:00-05:00,25295.25,25295.25,25361.75,25264.5,25343.25,72760
2026-02-25 11:00:00-05:00,25316.5,25316.5,25333.25,25282.75,25295.25,39633
2026-02-25 12:00:00-05:00,25352.25,25352.25,25355.0,25310.5,25316.75,28249
2026-02-25 13:00:00-05:00,25350.5,25350.5,25358.0,25334.25,25352.75,17073
2026-02-25 14:00:00-05:00,25368.75,25368.75,25378.5,25349.5,25350.25,18793
2026-02-25 15:00:00-05:00,25383.25,25383.25,25396.5,25352.0,25368.5,45165
2026-02-26 10:00:00-05:00,24998.75,24998.75,25210.75,24861.75,25193.5,141357
2026-02-26 11:00:00-05:00,24963.5,24963.5,25085.5,24954.25,24999.5,65793
2026-02-26 12:00:00-05:00,24934.75,24934.75,25009.25,24912.0,24963.75,42556
2026-02-26 13:00:00-05:00,25001.5,25001.5,25030.75,24888.75,24935.25,49465
2026-02-26 14:00:00-05:00,25063.0,25063.0,25099.0,24988.25,25002.0,40668
2026-02-26 15:00:00-05:00,25083.25,25083.25,25094.75,25024.0,25062.75,52419
2026-02-27 10:00:00-05:00,24982.75,24982.75,25017.25,24866.5,24879.5,78804
2026-02-27 11:00:00-05:00,24968.75,24968.75,25021.5,24931.5,24983.5,52984
2026-02-27 12:00:00-05:00,24945.5,24945.5,25036.75,24900.25,24969.25,53647
2026-02-27 13:00:00-05:00,24902.75,24902.75,24955.25,24874.75,24945.0,35868
2026-02-27 14:00:00-05:00,24895.25,24895.25,24963.0,24873.0,24902.5,31525
2026-02-27 15:00:00-05:00,24998.25,24998.25,25022.75,24893.5,24894.25,74903
2026-03-02 10:00:00-05:00,24924.5,24924.5,24958.5,24802.0,24862.0,76550
2026-03-02 11:00:00-05:00,25033.5,25033.5,25044.25,24852.0,24923.75,68063
2026-03-02 12:00:00-05:00,25065.75,25065.75,25076.5,25007.5,25033.75,37356
2026-03-02 13:00:00-05:00,24972.5,24972.5,25074.75,24968.5,25066.0,33277
2026-03-02 14:00:00-05:00,25082.75,25082.75,25101.0,24966.25,24972.0,43573
2026-03-02 15:00:00-05:00,25021.75,25021.75,25090.5,24946.75,25082.5,74986
2026-03-03 10:00:00-05:00,24446.75,24446.75,24562.5,24352.0,24489.0,105104
2026-03-03 11:00:00-05:00,24671.0,24671.0,24724.75,24436.5,24447.25,83104
2026-03-03 12:00:00-05:00,24641.5,24641.5,24712.25,24602.5,24672.0,48539
2026-03-03 13:00:00-05:00,24800.25,24800.25,24832.5,24640.75,24641.0,49796
2026-03-03 14:00:00-05:00,24787.25,24787.25,24850.0,24709.5,24799.5,49276
2026-03-03 15:00:00-05:00,24756.5,24756.5,24821.75,24718.0,24787.25,53655
2026-03-04 10:00:00-05:00,25127.5,25127.5,25148.5,24891.5,24919.25,101718
2026-03-04 11:00:00-05:00,25145.5,25145.5,25170.5,25051.0,25127.25,63304
2026-03-04 12:00:00-05:00,25168.75,25168.75,25181.5,25105.0,25146.25,37499
2026-03-04 13:00:00-05:00,25192.75,25192.75,25214.25,25140.5,25170.0,33756
2026-03-04 14:00:00-05:00,25189.0,25189.0,25217.75,25180.25,25192.5,23411
2026-03-04 15:00:00-05:00,25120.5,25120.5,25195.25,25113.5,25188.75,52616
2026-03-05 10:00:00-05:00,25082.5,25082.5,25209.75,24930.5,25185.5,100179
2026-03-05 11:00:00-05:00,25042.5,25042.5,25093.25,24942.0,25080.25,62324
2026-03-05 12:00:00-05:00,24807.0,24807.0,25123.0,24789.0,25043.0,81381
2026-03-05 13:00:00-05:00,24814.0,24814.0,24888.75,24772.5,24807.0,53072
2026-03-05 14:00:00-05:00,24858.0,24858.0,24882.25,24792.5,24814.0,37461
2026-03-05 15:00:00-05:00,25048.0,25048.0,25056.0,24826.75,24857.75,75404
2026-03-06 10:00:00-05:00,24858.5,24858.5,24893.25,24664.5,24691.25,92265
2026-03-06 11:00:00-05:00,24880.75,24880.75,24915.0,24790.0,24859.0,61280
2026-03-06 12:00:00-05:00,24784.25,24784.25,24926.25,24744.25,24881.0,46944
2026-03-06 13:00:00-05:00,24799.75,24799.75,24898.5,24779.0,24783.75,46433
2026-03-06 14:00:00-05:00,24808.25,24808.25,24854.0,24773.5,24800.5,36584
2026-03-06 15:00:00-05:00,24667.25,24667.25,24853.25,24601.0,24808.0,74971
2026-03-09 10:00:00-04:00,24549.0,24549.0,24585.5,24320.0,24370.75,88626
2026-03-09 11:00:00-04:00,24642.5,24642.5,24659.25,24549.5,24549.5,51691
2026-03-09 12:00:00-04:00,24709.25,24709.25,24749.25,24631.25,24642.75,46272
2026-03-09 13:00:00-04:00,24611.0,24611.0,24712.25,24575.75,24709.75,39871
2026-03-09 14:00:00-04:00,24655.5,24655.5,24708.25,24609.0,24611.25,36126
2026-03-09 15:00:00-04:00,24992.0,24992.0,25058.0,24640.0,24655.5,109803
2026-03-10 10:00:00-04:00,25151.25,25151.25,25152.75,24892.25,24964.75,77277
2026-03-10 11:00:00-04:00,25148.75,25148.75,25182.0,25109.75,25151.25,51167
2026-03-10 12:00:00-04:00,25156.25,25156.25,25169.25,25080.25,25149.5,40763
2026-03-10 13:00:00-04:00,25170.25,25170.25,25217.5,25102.25,25155.75,51982
2026-03-10 14:00:00-04:00,25030.0,25030.0,25181.0,24987.75,25169.75,67950
2026-03-10 15:00:00-04:00,24986.25,24986.25,25072.5,24940.25,25030.25,62795
2026-03-11 10:00:00-04:00,25065.0,25065.0,25180.0,24958.25,25101.5,78074
2026-03-11 11:00:00-04:00,24934.75,24934.75,25090.0,24888.0,25065.75,67894
2026-03-11 12:00:00-04:00,25007.25,25007.25,25012.5,24897.75,24934.25,40974
2026-03-11 13:00:00-04:00,24951.0,24951.0,25026.5,24873.5,25006.5,45619
2026-03-11 14:00:00-04:00,24957.5,24957.5,24977.0,24888.75,24951.5,36689
2026-03-11 15:00:00-04:00,24984.0,24984.0,25006.75,24913.5,24958.0,37263
2026-03-12 10:00:00-04:00,24619.75,24619.75,24747.5,24572.5,24658.75,89311
2026-03-12 11:00:00-04:00,24665.5,24665.5,24709.75,24561.0,24620.5,67617
2026-03-12 12:00:00-04:00,24662.25,24662.25,24735.25,24587.75,24666.0,63043
2026-03-12 13:00:00-04:00,24625.5,24625.5,24724.0,24585.25,24661.5,39293
2026-03-12 14:00:00-04:00,24599.75,24599.75,24671.5,24595.25,24625.25,31710
2026-03-12 15:00:00-04:00,24555.75,24555.75,24643.0,24542.75,24599.5,54173
2026-03-13 10:00:00-04:00,24489.75,24489.75,24765.0,24482.0,24728.5,100078
2026-03-13 11:00:00-04:00,24408.75,24408.75,24569.25,24391.75,24490.5,81123
2026-03-13 12:00:00-04:00,24397.25,24397.25,24488.5,24382.0,24408.75,56014
2026-03-13 13:00:00-04:00,24374.25,24374.25,24473.75,24353.0,24396.0,48202
2026-03-13 14:00:00-04:00,24448.5,24448.5,24472.5,24367.25,24374.75,41134
2026-03-13 15:00:00-04:00,24397.25,24397.25,24449.5,24350.5,24448.25,54282
2026-03-16 10:00:00-04:00,24693.75,24693.75,24764.5,24610.75,24735.5,70565
2026-03-16 11:00:00-04:00,24890.25,24890.25,24954.0,24647.5,24694.25,51652
2026-03-16 12:00:00-04:00,24890.0,24890.0,24917.75,24832.25,24889.25,42893
2026-03-16 13:00:00-04:00,24897.0,24897.0,24939.5,24867.0,24891.5,33257
2026-03-16 14:00:00-04:00,24919.0,24919.0,24949.75,24891.75,24896.75,29108
2026-03-16 15:00:00-04:00,24884.75,24884.75,25035.0,24850.0,24919.75,57526
2026-03-17 10:00:00-04:00,25075.75,25075.75,25098.0,24995.75,25092.75,72147
2026-03-17 11:00:00-04:00,24991.0,24991.0,25089.5,24951.25,25076.0,64590
2026-03-17 12:00:00-04:00,24995.5,24995.5,25026.25,24946.25,24990.75,47204
2026-03-17 13:00:00-04:00,25034.5,25034.5,25044.25,24994.0,24995.5,34465
2026-03-17 14:00:00-04:00,25003.25,25003.25,25057.75,24989.75,25034.25,33841
2026-03-17 15:00:00-04:00,25010.5,25010.5,25027.75,24982.0,25003.5,40799
2026-03-18 10:00:00-04:00,24882.25,24882.25,24984.75,24811.75,24969.0,69627
2026-03-18 11:00:00-04:00,24899.25,24899.25,24931.75,24860.0,24883.25,47926
2026-03-18 12:00:00-04:00,24845.0,24845.0,24912.0,24830.75,24899.0,33257
2026-03-18 13:00:00-04:00,24880.0,24880.0,24884.75,24795.5,24844.25,29618
2026-03-18 14:00:00-04:00,24743.75,24743.75,24916.5,24741.25,24881.5,49209
2026-03-18 15:00:00-04:00,24651.5,24651.5,24801.5,24641.75,24742.75,69732
2026-03-19 10:00:00-04:00,24489.0,24489.0,24546.75,24407.25,24501.75,70729
2026-03-19 11:00:00-04:00,24475.0,24475.0,24577.5,24397.0,24488.75,63701
2026-03-19 12:00:00-04:00,24454.75,24454.75,24522.75,24423.75,24474.75,42556
2026-03-19 13:00:00-04:00,24453.5,24453.5,24488.25,24377.75,24454.5,41007
2026-03-19 14:00:00-04:00,24509.75,24509.75,24524.5,24418.0,24452.75,42882
2026-03-19 15:00:00-04:00,24574.75,24574.75,24691.5,24506.0,24508.75,93878
2026-03-20 10:00:00-04:00,24271.0,24271.0,24328.0,24231.25,24285.75,77975
2026-03-20 11:00:00-04:00,24310.75,24310.75,24343.25,24237.0,24270.0,54523
2026-03-20 12:00:00-04:00,24272.25,24272.25,24356.75,24235.5,24311.75,45024
2026-03-20 13:00:00-04:00,24212.25,24212.25,24292.5,24164.0,24272.5,44933
2026-03-20 14:00:00-04:00,24094.25,24094.25,24222.25,24070.5,24211.75,45698
2026-03-20 15:00:00-04:00,24113.0,24113.0,24118.0,23971.25,24094.5,87781
2026-03-23 10:00:00-04:00,24609.5,24609.5,24688.25,24527.5,24600.5,72171
2026-03-23 11:00:00-04:00,24381.5,24381.5,24690.0,24370.25,24611.0,68035
2026-03-23 12:00:00-04:00,24368.75,24368.75,24465.5,24308.5,24382.0,63545
2026-03-23 13:00:00-04:00,24468.25,24468.25,24473.75,24311.25,24369.0,41552
2026-03-23 14:00:00-04:00,24514.0,24514.0,24536.75,24416.75,24468.5,38854
2026-03-23 15:00:00-04:00,24399.25,24399.25,24516.5,24398.25,24514.25,49336
2026-03-24 10:00:00-04:00,24242.5,24242.5,24343.0,24175.75,24215.75,83483
2026-03-24 11:00:00-04:00,24295.5,24295.5,24385.25,24240.5,24244.5,51675
2026-03-24 12:00:00-04:00,24281.25,24281.25,24346.25,24244.25,24295.0,37262
2026-03-24 13:00:00-04:00,24242.5,24242.5,24294.75,24160.25,24280.75,48606
2026-03-24 14:00:00-04:00,24275.75,24275.75,24348.0,24209.25,24243.0,41650
2026-03-24 15:00:00-04:00,24218.75,24218.75,24319.75,24188.5,24276.25,44274
2026-03-25 10:00:00-04:00,24484.25,24484.25,24519.5,24327.5,24368.5,70402
2026-03-25 11:00:00-04:00,24378.25,24378.25,24494.25,24286.5,24483.75,75517
2026-03-25 12:00:00-04:00,24422.0,24422.0,24450.25,24330.75,24377.5,44574
2026-03-25 13:00:00-04:00,24427.75,24427.75,24493.75,24377.25,24422.5,44719
2026-03-25 14:00:00-04:00,24354.5,24354.5,24453.0,24322.75,24426.0,32537
2026-03-25 15:00:00-04:00,24372.0,24372.0,24395.0,24311.75,24354.75,48365
2026-03-26 10:00:00-04:00,24103.0,24103.0,24242.5,24030.25,24216.0,74239
2026-03-26 11:00:00-04:00,24093.0,24093.0,24129.75,24051.25,24104.0,47477
2026-03-26 12:00:00-04:00,23998.0,23998.0,24101.75,23970.0,24092.5,48843
2026-03-26 13:00:00-04:00,23861.25,23861.25,24018.0,23851.5,23998.5,40512
2026-03-26 14:00:00-04:00,23882.75,23882.75,23900.75,23844.5,23860.75,37951
2026-03-26 15:00:00-04:00,23787.25,23787.25,23886.5,23775.0,23882.75,66117
2026-03-27 10:00:00-04:00,23511.5,23511.5,23558.5,23440.0,23481.0,70469
2026-03-27 11:00:00-04:00,23549.5,23549.5,23610.5,23458.5,23511.5,63413
2026-03-27 12:00:00-04:00,23473.5,23473.5,23556.75,23444.25,23550.5,38459
2026-03-27 13:00:00-04:00,23360.25,23360.25,23529.5,23344.0,23473.5,47108
2026-03-27 14:00:00-04:00,23340.0,23340.0,23396.25,23325.25,23359.75,39095
2026-03-27 15:00:00-04:00,23309.0,23309.0,23360.5,23269.0,23339.25,63710
2026-03-30 10:00:00-04:00,23377.5,23377.5,23382.75,23262.25,23302.5,73231
2026-03-30 11:00:00-04:00,23375.0,23375.0,23436.25,23282.0,23377.5,63348
2026-03-30 12:00:00-04:00,23288.0,23288.0,23380.25,23267.0,23374.5,39051
2026-03-30 13:00:00-04:00,23210.75,23210.75,23306.25,23169.5,23288.0,47246
2026-03-30 14:00:00-04:00,23120.75,23120.75,23212.75,23115.25,23210.5,31652
2026-03-30 15:00:00-04:00,23135.5,23135.5,23165.25,23024.5,23120.75,66567
2026-03-31 10:00:00-04:00,23409.5,23409.5,23587.75,23376.5,23569.0,77924
2026-03-31 11:00:00-04:00,23446.5,23446.5,23558.75,23407.5,23409.25,61901
2026-03-31 12:00:00-04:00,23775.25,23775.25,23857.25,23435.75,23446.25,109422
2026-03-31 13:00:00-04:00,23761.0,23761.0,23876.0,23747.5,23775.75,81436
2026-03-31 14:00:00-04:00,23855.5,23855.5,23872.0,23760.0,23760.0,41982
2026-03-31 15:00:00-04:00,23909.75,23909.75,23975.25,23833.5,23856.25,77958
2026-04-01 10:00:00-04:00,24260.0,24260.0,24270.0,24108.75,24121.75,81192
2026-04-01 11:00:00-04:00,24313.25,24313.25,24327.0,24229.75,24260.25,50782
2026-04-01 12:00:00-04:00,24318.75,24318.75,24330.75,24288.25,24314.0,31162
2026-04-01 13:00:00-04:00,24266.75,24266.75,24348.25,24265.5,24319.75,30558
2026-04-01 14:00:00-04:00,24159.0,24159.0,24273.5,24124.5,24266.75,65668
2026-04-01 15:00:00-04:00,24200.5,24200.5,24255.75,24153.75,24159.0,67048
2026-04-02 10:00:00-04:00,24175.0,24175.0,24266.75,23859.0,23897.75,125169
2026-04-02 11:00:00-04:00,24136.0,24136.0,24214.5,24089.0,24174.5,67292
2026-04-02 12:00:00-04:00,24121.0,24121.0,24177.0,24057.5,24136.0,42629
2026-04-02 13:00:00-04:00,24090.75,24090.75,24182.75,24063.5,24120.5,31591
2026-04-02 14:00:00-04:00,24140.5,24140.5,24165.0,24091.0,24091.25,29013
2026-04-02 15:00:00-04:00,24220.75,24220.75,24225.75,24135.0,24141.0,39924
2026-04-06 10:00:00-04:00,24306.25,24306.25,24452.25,24262.25,24411.5,75644
2026-04-06 11:00:00-04:00,24323.25,24323.25,24337.5,24252.25,24306.25,37674
2026-04-06 12:00:00-04:00,24309.25,24309.25,24346.75,24283.25,24324.0,25550
2026-04-06 13:00:00-04:00,24263.5,24263.5,24334.25,24202.75,24309.0,37072
2026-04-06 14:00:00-04:00,24351.25,24351.25,24364.25,24245.5,24264.5,31897
2026-04-06 15:00:00-04:00,24363.0,24363.0,24376.25,24326.25,24351.5,31050
2026-04-07 10:00:00-04:00,24009.25,24009.25,24144.5,23994.0,24121.25,82638
2026-04-07 11:00:00-04:00,24108.5,24108.5,24133.0,23941.5,24009.25,61263
2026-04-07 12:00:00-04:00,24202.25,24202.25,24241.75,24105.5,24107.5,50084
2026-04-07 13:00:00-04:00,24225.5,24225.5,24299.75,24169.75,24201.75,42770
2026-04-07 14:00:00-04:00,24102.0,24102.0,24238.25,24076.75,24226.0,37403
2026-04-07 15:00:00-04:00,24370.0,24370.0,24381.0,24083.25,24102.5,85924
2026-04-08 10:00:00-04:00,24993.0,24993.0,25105.0,24926.5,25080.75,85792
2026-04-08 11:00:00-04:00,25078.5,25078.5,25089.0,24978.75,24993.25,52323
2026-04-08 12:00:00-04:00,25142.25,25142.25,25157.5,25061.75,25078.75,37663
2026-04-08 13:00:00-04:00,25094.25,25094.25,25156.75,25065.0,25142.5,34408
2026-04-08 14:00:00-04:00,24953.25,24953.25,25131.75,24948.75,25094.5,46814
2026-04-08 15:00:00-04:00,25079.75,25079.75,25097.0,24943.25,24953.25,67593
2026-04-09 10:00:00-04:00,25041.25,25041.25,25056.0,24960.5,25033.0,67167
2026-04-09 11:00:00-04:00,25189.0,25189.0,25197.75,25016.0,25041.5,77645
2026-04-09 12:00:00-04:00,25196.5,25196.5,25265.75,25161.75,25189.0,56481
2026-04-09 13:00:00-04:00,25226.75,25226.75,25257.0,25188.0,25196.75,36354
2026-04-09 14:00:00-04:00,25179.75,25179.75,25231.25,25145.0,25227.0,47793
2026-04-09 15:00:00-04:00,25248.75,25248.75,25269.75,25175.75,25180.25,50358
2026-04-10 10:00:00-04:00,25352.5,25352.5,25373.75,25268.0,25319.0,65335
2026-04-10 11:00:00-04:00,25264.5,25264.5,25393.0,25244.75,25352.5,59743
2026-04-10 12:00:00-04:00,25264.5,25264.5,25301.5,25222.25,25264.5,43686
2026-04-10 13:00:00-04:00,25272.0,25272.0,25276.0,25223.25,25265.5,29572
2026-04-10 14:00:00-04:00,25260.75,25260.75,25281.25,25238.5,25271.75,29032
2026-04-10 15:00:00-04:00,25284.25,25284.25,25302.0,25259.0,25261.25,44175
2026-04-13 10:00:00-04:00,25351.75,25351.75,25360.75,25245.5,25308.0,71540
2026-04-13 11:00:00-04:00,25309.5,25309.5,25355.0,25296.5,25352.0,43689
2026-04-13 12:00:00-04:00,25410.75,25410.75,25435.0,25282.5,25309.0,65096
2026-04-13 13:00:00-04:00,25404.0,25404.0,25439.5,25396.75,25411.0,30733
2026-04-13 14:00:00-04:00,25445.25,25445.25,25454.5,25396.0,25404.5,26143
2026-04-13 15:00:00-04:00,25537.75,25537.75,25550.25,25431.0,25445.5,53370
2026-04-14 10:00:00-04:00,25806.0,25806.0,25820.25,25712.0,25721.5,64170
2026-04-14 11:00:00-04:00,25875.75,25875.75,25899.75,25762.5,25805.75,56734
2026-04-14 12:00:00-04:00,25914.0,25914.0,25938.0,25872.0,25876.0,40265
2026-04-14 13:00:00-04:00,25958.0,25958.0,25969.25,25911.75,25914.25,31295
2026-04-14 14:00:00-04:00,25917.75,25917.75,25964.75,25884.25,25958.75,40537
2026-04-14 15:00:00-04:00,26001.25,26001.25,26003.25,25915.0,25917.5,66066
2026-04-15 10:00:00-04:00,26163.0,26163.0,26176.25,26048.5,26069.25,69144
2026-04-15 11:00:00-04:00,26196.75,26196.75,26215.5,26138.75,26163.0,51975
2026-04-15 12:00:00-04:00,26144.25,26144.25,26251.5,26102.25,26197.25,58806
2026-04-15 13:00:00-04:00,26190.75,26190.75,26220.0,26136.75,26144.25,37709
2026-04-15 14:00:00-04:00,26303.25,26303.25,26315.25,26173.25,26190.25,45920
2026-04-15 15:00:00-04:00,26363.5,26363.5,26377.5,26292.25,26303.0,65270
2026-04-16 10:00:00-04:00,26404.25,26404.25,26422.75,26290.5,26321.25,81626
2026-04-16 11:00:00-04:00,26533.25,26533.25,26543.0,26403.75,26403.75,74598
2026-04-16 12:00:00-04:00,26473.25,26473.25,26564.0,26430.5,26533.75,56987
2026-04-16 13:00:00-04:00,26460.75,26460.75,26509.75,26431.0,26474.25,51513
2026-04-16 14:00:00-04:00,26438.0,26438.0,26484.25,26355.0,26460.25,68984
2026-04-16 15:00:00-04:00,26483.75,26483.75,26498.5,26434.25,26438.0,54378
2026-04-17 10:00:00-04:00,26827.25,26827.25,26855.75,26714.5,26731.75,83035
2026-04-17 11:00:00-04:00,26804.75,26804.75,26877.0,26799.25,26827.75,64324
2026-04-17 12:00:00-04:00,26859.25,26859.25,26884.75,26791.5,26804.75,44075
2026-04-17 13:00:00-04:00,26808.0,26808.0,26877.25,26735.5,26859.5,70348
2026-04-17 14:00:00-04:00,26784.75,26784.75,26822.0,26755.5,26808.25,50934
2026-04-17 15:00:00-04:00,26827.5,26827.5,26831.0,26757.75,26785.0,54613
2026-04-20 10:00:00-04:00,26637.75,26637.75,26788.25,26611.25,26782.75,85545
2026-04-20 11:00:00-04:00,26658.5,26658.5,26710.75,26568.75,26638.25,69428
2026-04-20 12:00:00-04:00,26679.25,26679.25,26699.75,26639.25,26658.25,34153
2026-04-20 13:00:00-04:00,26707.25,26707.25,26727.0,26660.5,26679.5,33252
2026-04-20 14:00:00-04:00,26732.25,26732.25,26748.5,26696.75,26707.5,35082
2026-04-20 15:00:00-04:00,26745.0,26745.0,26752.0,26709.25,26732.0,39581
2026-04-21 10:00:00-04:00,26736.75,26736.75,26885.25,26730.0,26838.75,76329
2026-04-21 11:00:00-04:00,26731.5,26731.5,26786.25,26662.5,26737.75,84915
2026-04-21 12:00:00-04:00,26670.75,26670.75,26782.75,26668.25,26733.0,53222
2026-04-21 13:00:00-04:00,26699.25,26699.25,26765.75,26600.0,26670.75,81666
2026-04-21 14:00:00-04:00,26724.0,26724.0,26746.25,26659.5,26699.0,46538
2026-04-21 15:00:00-04:00,26641.5,26641.5,26786.5,26551.75,26724.25,87870
2026-04-22 10:00:00-04:00,26972.0,26972.0,27006.25,26852.0,26864.25,85076
2026-04-22 11:00:00-04:00,26980.5,26980.5,27008.75,26940.25,26972.25,51858
2026-04-22 12:00:00-04:00,26966.75,26966.75,27005.0,26957.25,26980.5,38333
2026-04-22 13:00:00-04:00,27030.0,27030.0,27050.0,26965.75,26966.5,42045
2026-04-22 14:00:00-04:00,27013.75,27013.75,27041.0,26992.5,27029.75,30323
2026-04-22 15:00:00-04:00,27079.75,27079.75,27093.0,26978.0,27014.0,62217
2026-04-23 10:00:00-04:00,27094.25,27094.25,27106.25,26970.0,27017.25,74617
2026-04-23 11:00:00-04:00,27093.0,27093.0,27155.75,27061.0,27094.5,57403
2026-04-23 12:00:00-04:00,27087.75,27087.75,27119.0,27038.75,27093.25,40050
2026-04-23 13:00:00-04:00,26880.5,26880.5,27099.0,26681.75,27089.0,143004
2026-04-23 14:00:00-04:00,26860.5,26860.5,26982.25,26842.5,26879.0,59167
2026-04-23 15:00:00-04:00,26926.5,26926.5,26944.5,26840.25,26861.0,55264
2026-04-24 10:00:00-04:00,27290.25,27290.25,27297.25,27158.5,27193.75,75098
2026-04-24 11:00:00-04:00,27396.0,27396.0,27417.5,27286.25,27290.5,69321
2026-04-24 12:00:00-04:00,27409.75,27409.75,27430.5,27360.0,27396.25,41651
2026-04-24 13:00:00-04:00,27432.75,27432.75,27462.5,27367.0,27409.75,39054
2026-04-24 14:00:00-04:00,27408.0,27408.0,27443.0,27383.75,27433.0,31653
2026-04-24 15:00:00-04:00,27433.25,27433.25,27454.5,27404.0,27408.5,54835
2026-04-27 10:00:00-04:00,27368.0,27368.0,27409.5,27321.5,27401.5,74251
2026-04-27 11:00:00-04:00,27367.25,27367.25,27383.0,27307.5,27369.0,50847
2026-04-27 12:00:00-04:00,27390.5,27390.5,27406.5,27347.75,27367.0,27813
2026-04-27 13:00:00-04:00,27428.5,27428.5,27439.75,27380.25,27391.0,31847
2026-04-27 14:00:00-04:00,27399.25,27399.25,27437.25,27391.0,27428.5,20002
2026-04-27 15:00:00-04:00,27445.0,27445.0,27454.75,27390.5,27399.75,36641
2026-04-28 10:00:00-04:00,27091.75,27091.75,27235.0,27012.5,27201.75,99909
2026-04-28 11:00:00-04:00,27053.5,27053.5,27119.75,27009.5,27091.25,66014
2026-04-28 12:00:00-04:00,27084.25,27084.25,27095.75,27028.0,27053.5,46498
2026-04-28 13:00:00-04:00,27141.5,27141.5,27144.25,27047.5,27084.5,36323
2026-04-28 14:00:00-04:00,27194.25,27194.25,27194.75,27120.75,27141.5,38578
2026-04-28 15:00:00-04:00,27169.25,27169.25,27224.5,27154.5,27194.75,52163
2026-04-29 10:00:00-04:00,27302.25,27302.25,27315.5,27177.75,27220.75,59520
2026-04-29 11:00:00-04:00,27240.25,27240.25,27309.5,27199.25,27303.0,62965
2026-04-29 12:00:00-04:00,27199.25,27199.25,27273.5,27153.5,27239.75,46668
2026-04-29 13:00:00-04:00,27249.5,27249.5,27254.0,27170.0,27199.0,32107
2026-04-29 14:00:00-04:00,27295.25,27295.25,27301.0,27158.0,27249.5,49651
2026-04-29 15:00:00-04:00,27337.0,27337.0,27340.25,27262.25,27295.5,57273
2026-04-30 10:00:00-04:00,27359.5,27359.5,27376.0,27163.25,27247.25,107261
2026-04-30 11:00:00-04:00,27388.5,27388.5,27435.75,27331.25,27359.25,73225
2026-04-30 12:00:00-04:00,27371.25,27371.25,27435.0,27347.75,27388.25,43050
2026-04-30 13:00:00-04:00,27543.25,27543.25,27548.0,27369.5,27370.75,50556
2026-04-30 14:00:00-04:00,27551.25,27551.25,27591.75,27542.0,27543.5,41998
2026-04-30 15:00:00-04:00,27577.5,27577.5,27622.0,27542.0,27551.25,61845
2026-05-01 10:00:00-04:00,27814.75,27814.75,27909.25,27751.0,27873.5,92006
2026-05-01 11:00:00-04:00,27890.75,27890.75,27917.0,27769.0,27815.25,59836
2026-05-01 12:00:00-04:00,27831.5,27831.5,27901.5,27805.5,27890.75,47514
2026-05-01 13:00:00-04:00,27883.75,27883.75,27897.0,27828.5,27831.0,30057
2026-05-01 14:00:00-04:00,27821.75,27821.75,27890.25,27794.75,27883.25,38788
2026-05-01 15:00:00-04:00,27837.0,27837.0,27900.75,27818.0,27822.25,54088
2026-05-04 10:00:00-04:00,27882.0,27882.0,27941.0,27844.0,27896.0,63333
2026-05-04 11:00:00-04:00,27734.75,27734.75,27914.25,27697.25,27882.0,93848
2026-05-04 12:00:00-04:00,27706.25,27706.25,27747.75,27613.0,27734.25,67985
2026-05-04 13:00:00-04:00,27792.25,27792.25,27803.75,27704.0,27705.25,41694
2026-05-04 14:00:00-04:00,27759.75,27759.75,27818.75,27718.0,27792.25,35847
2026-05-04 15:00:00-04:00,27780.25,27780.25,27794.0,27739.75,27759.0,43310
2026-05-05 10:00:00-04:00,28096.0,28096.0,28139.25,28031.75,28085.0,80823
2026-05-05 11:00:00-04:00,28127.0,28127.0,28149.75,28087.75,28095.75,41678
2026-05-05 12:00:00-04:00,28125.5,28125.5,28152.5,28090.25,28126.75,36618
2026-05-05 13:00:00-04:00,28159.0,28159.0,28167.75,28107.75,28125.5,27692
2026-05-05 14:00:00-04:00,28169.25,28169.25,28186.25,28154.25,28159.5,24313
2026-05-05 15:00:00-04:00,28135.5,28135.5,28188.25,28108.75,28168.75,48794
2026-05-06 10:00:00-04:00,28537.25,28537.25,28550.75,28385.0,28468.25,96046
2026-05-06 11:00:00-04:00,28560.25,28560.25,28586.75,28518.0,28537.5,51617
2026-05-06 12:00:00-04:00,28539.25,28539.25,28601.25,28512.25,28560.5,36067
2026-05-06 13:00:00-04:00,28600.0,28600.0,28610.25,28528.5,28539.5,27477
2026-05-06 14:00:00-04:00,28640.25,28640.25,28665.75,28591.75,28599.5,34337
2026-05-06 15:00:00-04:00,28711.25,28711.25,28725.75,28637.75,28640.0,64456
2026-05-07 10:00:00-04:00,28928.5,28928.5,28944.75,28779.0,28781.5,82644
2026-05-07 11:00:00-04:00,28784.25,28784.25,28930.5,28772.75,28928.0,71365
2026-05-07 12:00:00-04:00,28696.75,28696.75,28788.25,28637.0,28785.5,91043
2026-05-07 13:00:00-04:00,28696.5,28696.5,28713.5,28552.0,28697.5,83794
2026-05-07 14:00:00-04:00,28644.75,28644.75,28721.5,28582.75,28696.75,63658
2026-05-07 15:00:00-04:00,28683.75,28683.75,28708.75,28586.75,28645.0,63669
2026-05-08 10:00:00-04:00,29162.0,29162.0,29175.25,29073.5,29106.5,79997
2026-05-08 11:00:00-04:00,29191.5,29191.5,29217.75,29124.75,29162.25,59511
2026-05-08 12:00:00-04:00,29241.0,29241.0,29247.75,29190.25,29191.0,42037
2026-05-08 13:00:00-04:00,29264.25,29264.25,29317.5,29235.0,29241.25,48471
2026-05-08 14:00:00-04:00,29240.5,29240.5,29305.5,29237.75,29264.25,34212
2026-05-08 15:00:00-04:00,29340.0,29340.0,29341.0,29238.5,29240.5,63268
2026-05-11 10:00:00-04:00,29391.5,29391.5,29417.75,29246.75,29311.25,80080
2026-05-11 11:00:00-04:00,29465.25,29465.25,29475.25,29359.75,29390.75,51137
2026-05-11 12:00:00-04:00,29405.0,29405.0,29480.0,29369.0,29465.25,43158
2026-05-11 13:00:00-04:00,29441.5,29441.5,29476.5,29377.25,29404.5,35833
2026-05-11 14:00:00-04:00,29387.75,29387.75,29475.0,29386.0,29442.0,32397
2026-05-11 15:00:00-04:00,29429.25,29429.25,29434.5,29371.25,29388.75,62343
2026-05-12 10:00:00-04:00,29014.25,29014.25,29228.25,29000.0,29129.0,112278
2026-05-12 11:00:00-04:00,28839.75,28839.75,29031.0,28828.5,29013.75,86908
2026-05-12 12:00:00-04:00,28749.0,28749.0,28913.5,28742.0,28840.0,64678
2026-05-12 13:00:00-04:00,28920.5,28920.5,28929.75,28749.0,28749.5,57324
2026-05-12 14:00:00-04:00,28956.0,28956.0,29007.25,28911.25,28920.25,53945
2026-05-12 15:00:00-04:00,29174.5,29174.5,29188.25,28955.75,28956.25,74187
2026-05-13 10:00:00-04:00,29317.5,29317.5,29322.0,29112.0,29170.25,84205
2026-05-13 11:00:00-04:00,29310.0,29310.0,29386.75,29281.5,29317.5,52031
2026-05-13 12:00:00-04:00,29447.75,29447.75,29463.5,29299.25,29310.25,49050
2026-05-13 13:00:00-04:00,29444.25,29444.25,29496.25,29442.5,29448.0,33828
2026-05-13 14:00:00-04:00,29472.25,29472.25,29565.5,29441.5,29445.25,47887
2026-05-13 15:00:00-04:00,29476.0,29476.0,29540.0,29449.5,29472.5,51298
2026-05-14 10:00:00-04:00,29674.25,29674.25,29730.0,29533.0,29542.0,88933
2026-05-14 11:00:00-04:00,29755.25,29755.25,29773.75,29665.0,29674.75,53805
2026-05-14 12:00:00-04:00,29728.0,29728.0,29782.0,29692.25,29756.0,49743
2026-05-14 13:00:00-04:00,29731.0,29731.0,29754.5,29595.25,29728.25,65693
2026-05-14 14:00:00-04:00,29708.5,29708.5,29730.75,29640.5,29730.75,51007
2026-05-14 15:00:00-04:00,29686.75,29686.75,29735.0,29678.5,29709.0,52971
2026-05-15 10:00:00-04:00,29281.25,29281.25,29382.75,29132.0,29144.0,111015
2026-05-15 11:00:00-04:00,29281.25,29281.25,29382.0,29212.0,29281.0,72996
2026-05-15 12:00:00-04:00,29322.75,29322.75,29351.0,29251.5,29282.0,46787
2026-05-15 13:00:00-04:00,29447.25,29447.25,29453.75,29312.0,29323.25,40113
2026-05-15 14:00:00-04:00,29389.75,29389.75,29486.75,29316.0,29449.0,52286
2026-05-15 15:00:00-04:00,29231.25,29231.25,29398.25,29208.25,29389.5,66260
2026-05-18 10:00:00-04:00,29082.5,29082.5,29299.0,28970.75,29242.5,125229
2026-05-18 11:00:00-04:00,28997.25,28997.25,29126.25,28941.5,29082.25,77183
2026-05-18 12:00:00-04:00,29006.0,29006.0,29074.0,28842.5,28996.25,76630
2026-05-18 13:00:00-04:00,29014.0,29014.0,29038.0,28959.75,29004.75,44137
2026-05-18 14:00:00-04:00,28840.0,28840.0,29020.5,28814.75,29014.25,61401
2026-05-18 15:00:00-04:00,29098.75,29098.75,29114.0,28837.75,28842.25,98880
2026-05-19 10:00:00-04:00,28804.0,28804.0,28944.0,28663.0,28936.75,135025
2026-05-19 11:00:00-04:00,28815.75,28815.75,28877.75,28726.0,28803.75,68756
2026-05-19 12:00:00-04:00,29021.75,29021.75,29034.75,28791.5,28818.0,57143
2026-05-19 13:00:00-04:00,29068.75,29068.75,29126.5,29007.0,29022.5,56186
2026-05-19 14:00:00-04:00,28959.5,28959.5,29101.75,28941.75,29069.25,44667
2026-05-19 15:00:00-04:00,28923.25,28923.25,29059.75,28867.0,28959.75,63437
2026-05-20 10:00:00-04:00,29261.25,29261.25,29279.5,29008.5,29100.75,108830
2026-05-20 11:00:00-04:00,29331.5,29331.5,29395.5,29230.75,29261.5,68445
2026-05-20 12:00:00-04:00,29261.75,29261.75,29337.5,29210.0,29331.5,51601
2026-05-20 13:00:00-04:00,29301.25,29301.25,29326.0,29229.0,29263.0,34154
2026-05-20 14:00:00-04:00,29300.5,29300.5,29345.0,29275.25,29302.5,30253
2026-05-20 15:00:00-04:00,29396.0,29396.0,29396.75,29298.25,29301.25,49546
2026-05-21 10:00:00-04:00,29235.75,29235.75,29340.0,29127.0,29287.5,98835
2026-05-21 11:00:00-04:00,29266.25,29266.25,29304.5,29139.0,29235.5,63922
2026-05-21 12:00:00-04:00,29257.75,29257.75,29310.5,29207.75,29267.0,33742
2026-05-21 13:00:00-04:00,29497.25,29497.25,29554.0,29258.25,29258.75,69792
2026-05-21 14:00:00-04:00,29337.0,29337.0,29521.5,29293.25,29497.0,55462
2026-05-21 15:00:00-04:00,29445.25,29445.25,29466.0,29335.25,29338.5,54223
2026-05-22 10:00:00-04:00,29647.25,29647.25,29655.0,29490.25,29643.0,76881
2026-05-22 11:00:00-04:00,29687.5,29687.5,29713.75,29644.5,29647.0,44678
2026-05-22 12:00:00-04:00,29671.5,29671.5,29694.75,29632.5,29687.0,33535
2026-05-22 13:00:00-04:00,29678.5,29678.5,29749.0,29645.0,29671.75,44712
2026-05-22 14:00:00-04:00,29650.25,29650.25,29688.75,29624.0,29679.25,30341
2026-05-22 15:00:00-04:00,29551.25,29551.25,29664.5,29532.0,29650.5,55496
2026-05-26 10:00:00-04:00,30054.75,30054.75,30118.75,29976.0,30006.75,77646
2026-05-26 11:00:00-04:00,29927.25,29927.25,30066.75,29886.0,30055.5,80529
2026-05-26 12:00:00-04:00,29974.75,29974.75,30015.5,29921.75,29926.75,48629
2026-05-26 13:00:00-04:00,29996.75,29996.75,30013.25,29954.5,29975.5,34656
2026-05-26 14:00:00-04:00,30014.5,30014.5,30060.75,29982.0,29996.5,36373
2026-05-26 15:00:00-04:00,30079.25,30079.25,30112.0,30005.75,30014.0,54362
2026-05-27 10:00:00-04:00,29940.75,29940.75,30099.25,29877.5,30060.75,119731
2026-05-27 11:00:00-04:00,29936.0,29936.0,29981.25,29882.5,29940.5,69301
2026-05-27 12:00:00-04:00,29988.0,29988.0,30048.25,29917.25,29934.75,48539
2026-05-27 13:00:00-04:00,29972.5,29972.5,29997.25,29894.75,29989.75,43462
2026-05-27 14:00:00-04:00,30038.75,30038.75,30060.25,29963.0,29972.5,37407
2026-05-27 15:00:00-04:00,30047.25,30047.25,30072.0,30009.5,30039.0,46142
2026-05-28 10:00:00-04:00,30187.75,30187.75,30191.5,29963.25,29992.25,103778
2026-05-28 11:00:00-04:00,30264.5,30264.5,30293.0,30180.75,30188.0,52590
2026-05-28 12:00:00-04:00,30327.0,30327.0,30329.75,30238.5,30264.75,36140
2026-05-28 13:00:00-04:00,30319.5,30319.5,30344.5,30282.5,30326.75,37358
2026-05-28 14:00:00-04:00,30293.5,30293.5,30337.5,30280.5,30319.5,33103
2026-05-28 15:00:00-04:00,30306.75,30306.75,30331.5,30274.25,30292.0,48196
2026-05-29 10:00:00-04:00,30359.5,30359.5,30536.0,30270.0,30518.0,137208
2026-05-29 11:00:00-04:00,30362.5,30362.5,30439.75,30335.25,30359.75,61395
2026-05-29 12:00:00-04:00,30396.75,30396.75,30447.75,30357.75,30364.0,41555
2026-05-29 13:00:00-04:00,30302.0,30302.0,30410.75,30296.0,30398.0,37835
2026-05-29 14:00:00-04:00,30324.5,30324.5,30402.25,30291.0,30301.75,42423
2026-05-29 15:00:00-04:00,30396.25,30396.25,30445.25,30315.25,30324.0,61184
2026-06-01 10:00:00-04:00,30436.75,30436.75,30447.25,30292.0,30314.5,82561
2026-06-01 11:00:00-04:00,30502.25,30502.25,30554.25,30412.5,30437.0,60505
2026-06-01 12:00:00-04:00,30580.75,30580.75,30584.25,30450.0,30501.5,49136
2026-06-01 13:00:00-04:00,30670.0,30670.0,30693.0,30535.0,30581.25,58236
2026-06-01 14:00:00-04:00,30623.5,30623.5,30675.75,30614.0,30670.0,30068
2026-06-01 15:00:00-04:00,30571.25,30571.25,30648.75,30555.75,30622.75,49814
2026-06-02 10:00:00-04:00,30642.25,30642.25,30647.25,30537.75,30603.0,78735
2026-06-02 11:00:00-04:00,30689.5,30689.5,30697.75,30611.75,30642.5,52519
2026-06-02 12:00:00-04:00,30691.25,30691.25,30713.25,30640.5,30690.0,40978
2026-06-02 13:00:00-04:00,30627.5,30627.5,30703.25,30608.75,30691.0,38785
2026-06-02 14:00:00-04:00,30638.5,30638.5,30664.0,30598.5,30628.5,32582
2026-06-02 15:00:00-04:00,30707.25,30707.25,30721.25,30637.5,30639.0,51985
2026-06-03 10:00:00-04:00,30667.25,30667.25,30739.5,30547.5,30562.0,93981
2026-06-03 11:00:00-04:00,30604.25,30604.25,30715.5,30568.0,30667.75,61581
2026-06-03 12:00:00-04:00,30606.75,30606.75,30623.25,30505.75,30605.0,57343
2026-06-03 13:00:00-04:00,30642.75,30642.75,30647.25,30516.25,30607.25,43837
2026-06-03 14:00:00-04:00,30652.0,30652.0,30682.25,30608.0,30643.25,37969
2026-06-03 15:00:00-04:00,30635.75,30635.75,30694.75,30611.25,30652.0,59408
2026-06-04 10:00:00-04:00,30356.75,30356.75,30360.0,30151.0,30247.75,101536
2026-06-04 11:00:00-04:00,30413.75,30413.75,30469.5,30354.5,30357.25,68304
2026-06-04 12:00:00-04:00,30479.0,30479.0,30493.25,30393.0,30413.25,43471
2026-06-04 13:00:00-04:00,30559.5,30559.5,30563.25,30464.25,30479.0,41859
2026-06-04 14:00:00-04:00,30558.0,30558.0,30598.5,30550.0,30559.25,43789
2026-06-04 15:00:00-04:00,30485.25,30485.25,30603.25,30481.25,30558.0,64712
2026-06-05 10:00:00-04:00,29853.0,29853.0,29942.5,29758.0,29774.25,124936
2026-06-05 11:00:00-04:00,29658.5,29658.5,29870.0,29614.5,29853.25,93976
2026-06-05 12:00:00-04:00,29490.5,29490.5,29660.25,29379.0,29658.75,113050
2026-06-05 13:00:00-04:00,29471.0,29471.0,29505.0,29361.75,29490.5,85478
2026-06-05 14:00:00-04:00,29191.0,29191.0,29477.0,29096.0,29471.5,112919
2026-06-05 15:00:00-04:00,29016.5,29016.5,29211.0,28974.25,29191.5,136646
2026-06-08 10:00:00-04:00,29676.5,29676.5,29681.0,29331.5,29350.25,109496
2026-06-08 11:00:00-04:00,29610.0,29610.0,29743.0,29559.0,29676.5,84684
2026-06-08 12:00:00-04:00,29580.5,29580.5,29692.25,29554.0,29610.25,57175
2026-06-08 13:00:00-04:00,29558.25,29558.25,29624.25,29485.25,29580.75,64553
2026-06-08 14:00:00-04:00,29542.0,29542.0,29617.75,29527.5,29559.25,43673
2026-06-08 15:00:00-04:00,29452.75,29452.75,29548.0,29377.0,29543.0,82644
2026-06-09 10:00:00-04:00,29239.75,29239.75,29712.0,29083.75,29672.75,188891
2026-06-09 11:00:00-04:00,28695.25,28695.25,29302.0,28681.5,29242.0,141921
2026-06-09 12:00:00-04:00,28480.0,28480.0,28787.5,28227.75,28696.0,172882
2026-06-09 13:00:00-04:00,28832.5,28832.5,28924.5,28462.5,28480.25,121570
2026-06-09 14:00:00-04:00,29065.75,29065.75,29091.25,28784.75,28831.5,75324
2026-06-09 15:00:00-04:00,29117.0,29117.0,29146.5,28839.0,29066.0,106395
2026-06-10 10:00:00-04:00,28900.25,28900.25,29250.0,28856.0,29021.25,111092
2026-06-10 11:00:00-04:00,28855.25,28855.25,28985.75,28627.0,28901.25,106006
2026-06-10 12:00:00-04:00,28717.5,28717.5,28896.5,28664.75,28855.25,50388
2026-06-10 13:00:00-04:00,28780.0,28780.0,28793.75,28616.0,28717.75,55703
2026-06-10 14:00:00-04:00,28607.5,28607.5,28832.5,28574.0,28779.5,50483
2026-06-10 15:00:00-04:00,28527.25,28527.25,28669.0,28493.0,28608.25,77922
2026-06-11 10:00:00-04:00,28648.25,28648.25,29049.5,28607.5,28899.5,92108
2026-06-11 11:00:00-04:00,28858.0,28858.0,28907.25,28577.5,28649.5,69617
2026-06-11 12:00:00-04:00,28769.5,28769.5,28975.25,28763.25,28858.5,52853
2026-06-11 13:00:00-04:00,29214.0,29214.0,29302.25,28678.5,28770.0,89685
2026-06-11 14:00:00-04:00,29268.75,29268.75,29312.25,29068.5,29213.5,58232
2026-06-11 15:00:00-04:00,29457.75,29457.75,29544.25,29229.5,29269.0,85469
2026-06-12 10:00:00-04:00,29631.0,29631.0,29644.0,29339.0,29354.0,93369
2026-06-12 11:00:00-04:00,29439.75,29439.75,29760.0,29410.0,29634.0,64032
2026-06-12 12:00:00-04:00,29673.0,29673.0,29678.75,29409.0,29440.25,44021
2026-06-12 13:00:00-04:00,29682.5,29682.5,29752.25,29647.75,29673.0,31253
2026-06-12 14:00:00-04:00,29645.0,29645.0,29719.0,29608.5,29684.0,29350
2026-06-12 15:00:00-04:00,29650.5,29650.5,29711.0,29580.5,29645.0,43513
2026-06-15 10:00:00-04:00,30775.0,30775.0,30800.0,30671.25,30703.75,82811
2026-06-15 11:00:00-04:00,30879.25,30879.25,30887.0,30772.5,30776.25,55400
2026-06-15 12:00:00-04:00,30867.5,30867.5,30915.0,30850.5,30879.25,46373
2026-06-15 13:00:00-04:00,30858.75,30858.75,30893.0,30833.0,30868.0,38432
2026-06-15 14:00:00-04:00,30861.25,30861.25,30891.0,30824.0,30858.5,35809
2026-06-15 15:00:00-04:00,30872.75,30872.75,30879.0,30815.0,30861.25,60400
2026-06-16 10:00:00-04:00,30602.75,30602.75,30858.5,30562.5,30808.0,100899
2026-06-16 11:00:00-04:00,30467.25,30467.25,30665.25,30407.75,30601.0,75828
2026-06-16 12:00:00-04:00,30496.5,30496.5,30575.0,30444.0,30466.25,50244
2026-06-16 13:00:00-04:00,30477.25,30477.25,30521.0,30401.75,30495.5,42982
2026-06-16 14:00:00-04:00,30443.0,30443.0,30496.5,30422.0,30477.25,35362
2026-06-16 15:00:00-04:00,30309.75,30309.75,30480.75,30302.25,30443.25,81142
2026-06-17 10:00:00-04:00,30359.25,30359.25,30545.75,30284.75,30346.0,85174
2026-06-17 11:00:00-04:00,30450.0,30450.0,30458.5,30346.0,30357.5,42706
2026-06-17 12:00:00-04:00,30410.25,30410.25,30472.25,30396.25,30450.0,26198
2026-06-17 13:00:00-04:00,30466.75,30466.75,30484.75,30326.5,30408.25,29038
2026-06-17 14:00:00-04:00,30274.75,30274.75,30520.0,30070.25,30465.5,104233
2026-06-17 15:00:00-04:00,29994.75,29994.75,30370.0,29923.0,30274.5,104322
2026-06-18 10:00:00-04:00,30623.5,30623.5,30660.75,30449.5,30469.25,83916
2026-06-18 11:00:00-04:00,30640.75,30640.75,30675.75,30496.25,30623.75,59453
2026-06-18 12:00:00-04:00,30684.75,30684.75,30707.75,30628.75,30641.0,43095
2026-06-18 13:00:00-04:00,30708.5,30708.5,30736.75,30656.25,30685.5,30295
2026-06-18 14:00:00-04:00,30690.75,30690.75,30718.75,30666.0,30708.75,27516
2026-06-18 15:00:00-04:00,30693.5,30693.5,30783.25,30645.25,30690.75,62775
2026-06-22 10:00:00-04:00,30639.0,30639.0,30968.0,30545.0,30936.25,100911
2026-06-22 11:00:00-04:00,30557.25,30557.25,30680.0,30541.25,30639.75,65988
2026-06-22 12:00:00-04:00,30589.0,30589.0,30615.25,30503.0,30556.75,41523
2026-06-22 13:00:00-04:00,30615.0,30615.0,30650.0,30532.0,30589.5,26557
2026-06-22 14:00:00-04:00,30558.5,30558.5,30665.0,30550.5,30614.5,26169
2026-06-22 15:00:00-04:00,30654.0,30654.0,30673.5,30534.5,30560.5,44386
2026-06-23 10:00:00-04:00,29854.5,29854.5,30047.0,29812.5,29926.0,105239
2026-06-23 11:00:00-04:00,29797.75,29797.75,29886.25,29695.25,29854.25,64556
2026-06-23 12:00:00-04:00,29864.0,29864.0,29915.75,29790.25,29798.0,44099
2026-06-23 13:00:00-04:00,29733.0,29733.0,29896.5,29732.0,29864.0,37968
2026-06-23 14:00:00-04:00,29630.0,29630.0,29782.5,29577.25,29732.75,45189
2026-06-23 15:00:00-04:00,29651.0,29651.0,29753.0,29612.5,29628.75,77430
2026-06-24 10:00:00-04:00,29891.0,29891.0,29893.25,29525.0,29684.25,82992
2026-06-24 11:00:00-04:00,29756.0,29756.0,29907.5,29700.0,29891.0,57481
2026-06-24 12:00:00-04:00,29606.5,29606.5,29806.25,29596.25,29757.25,45022
2026-06-24 13:00:00-04:00,29387.25,29387.25,29661.5,29364.75,29606.5,66864
2026-06-24 14:00:00-04:00,29345.25,29345.25,29563.5,29325.0,29389.25,57449
2026-06-24 15:00:00-04:00,29514.0,29514.0,29529.0,29264.75,29346.0,79882
2026-06-25 10:00:00-04:00,29633.25,29633.25,29776.75,29306.5,29316.75,116617
2026-06-25 11:00:00-04:00,29659.75,29659.75,29761.5,29462.5,29633.25,62939
2026-06-25 12:00:00-04:00,29682.0,29682.0,29872.0,29586.5,29661.75,56007
2026-06-25 13:00:00-04:00,29794.5,29794.5,29811.0,29671.75,29681.5,40956
2026-06-25 14:00:00-04:00,29773.5,29773.5,29891.25,29678.75,29793.75,56405
2026-06-25 15:00:00-04:00,29749.25,29749.25,29777.5,29616.25,29773.75,53645
2026-06-26 10:00:00-04:00,29501.75,29501.75,29665.25,29414.0,29444.0,74704
2026-06-26 11:00:00-04:00,29621.25,29621.25,29716.0,29408.75,29505.25,61186
2026-06-26 12:00:00-04:00,29612.25,29612.25,29645.5,29493.75,29620.75,39843
2026-06-26 13:00:00-04:00,29544.0,29544.0,29700.0,29535.75,29612.0,33382
2026-06-26 14:00:00-04:00,29415.5,29415.5,29582.0,29388.75,29545.25,33190
2026-06-26 15:00:00-04:00,29317.75,29317.75,29569.5,29283.75,29417.0,59022
2026-06-29 10:00:00-04:00,29713.75,29713.75,29716.5,29273.75,29618.75,103994
2026-06-29 11:00:00-04:00,29838.75,29838.75,29847.25,29659.25,29714.25,55089
2026-06-29 12:00:00-04:00,29915.5,29915.5,29932.5,29834.25,29839.75,38612
2026-06-29 13:00:00-04:00,30003.5,30003.5,30038.25,29915.75,29916.0,35209
2026-06-29 14:00:00-04:00,30032.25,30032.25,30069.5,29986.5,30004.0,29251
2026-06-29 15:00:00-04:00,30047.5,30047.5,30069.0,29973.75,30032.75,52992
2026-06-30 10:00:00-04:00,30305.25,30305.25,30442.5,30274.5,30366.75,75126
2026-06-30 11:00:00-04:00,30459.75,30459.75,30482.0,30299.75,30305.25,43368
2026-06-30 12:00:00-04:00,30528.0,30528.0,30546.5,30452.5,30460.5,32728
2026-06-30 13:00:00-04:00,30524.5,30524.5,30562.75,30515.75,30528.25,28586
2026-06-30 14:00:00-04:00,30554.5,30554.5,30575.25,30498.75,30524.75,26607
2026-06-30 15:00:00-04:00,30514.0,30514.0,30599.75,30510.0,30554.0,62668
2026-07-01 10:00:00-04:00,30192.25,30192.25,30327.25,30137.25,30280.0,74880
2026-07-01 11:00:00-04:00,30254.75,30254.75,30356.5,30186.0,30193.0,54386
2026-07-01 12:00:00-04:00,30190.25,30190.25,30284.25,30172.75,30255.0,32689
2026-07-01 13:00:00-04:00,30163.75,30163.75,30240.5,30152.25,30190.0,30416
2026-07-01 14:00:00-04:00,30132.75,30132.75,30190.0,30099.0,30164.25,29254
2026-07-01 15:00:00-04:00,30080.25,30080.25,30231.5,30054.0,30132.75,59179
2026-07-02 10:00:00-04:00,29840.25,29840.25,30293.5,29730.75,30257.75,108482
2026-07-02 11:00:00-04:00,29676.0,29676.0,29852.0,29610.75,29840.25,72684
2026-07-02 12:00:00-04:00,29462.25,29462.25,29688.25,29434.0,29676.75,61788
2026-07-02 13:00:00-04:00,29338.5,29338.5,29482.75,29328.5,29461.0,48159
2026-07-02 14:00:00-04:00,29489.0,29489.0,29528.0,29330.5,29339.5,46994
2026-07-02 15:00:00-04:00,29539.5,29539.5,29588.0,29349.5,29488.75,62920
2026-07-06 10:00:00-04:00,30025.25,30025.25,30067.5,29903.25,29935.5,62489
2026-07-06 11:00:00-04:00,30074.25,30074.25,30083.75,29941.25,30025.75,44660
2026-07-06 12:00:00-04:00,29990.0,29990.0,30094.0,29981.0,30074.0,31501
2026-07-06 13:00:00-04:00,29896.75,29896.75,30036.75,29882.25,29989.0,39481
2026-07-06 14:00:00-04:00,29990.0,29990.0,30004.0,29895.5,29896.25,32137
2026-07-06 15:00:00-04:00,29951.0,29951.0,30052.0,29931.5,29990.75,51173
2026-07-07 10:00:00-04:00,29302.5,29302.5,29505.75,29210.0,29468.75,99922
2026-07-07 11:00:00-04:00,29386.75,29386.75,29389.25,29248.25,29302.25,54117
2026-07-07 12:00:00-04:00,29540.0,29540.0,29558.25,29377.0,29388.0,56185
2026-07-07 13:00:00-04:00,29567.25,29567.25,29580.75,29510.0,29539.5,35209
2026-07-07 14:00:00-04:00,29391.0,29391.0,29574.25,29385.25,29567.5,40005
2026-07-07 15:00:00-04:00,29395.5,29395.5,29410.0,29271.0,29390.25,65476
2026-07-08 10:00:00-04:00,29210.25,29210.25,29389.25,29151.0,29366.25,77369
2026-07-08 11:00:00-04:00,29096.25,29096.25,29224.25,29034.0,29212.0,54994
2026-07-08 12:00:00-04:00,29373.25,29373.25,29377.0,29092.75,29097.25,53184
2026-07-08 13:00:00-04:00,29352.5,29352.5,29457.75,29324.25,29372.25,38876
2026-07-08 14:00:00-04:00,29405.75,29405.75,29429.25,29330.0,29352.25,29582
2026-07-08 15:00:00-04:00,29457.75,29457.75,29500.0,29375.75,29405.75,42862
2026-07-09 10:00:00-04:00,29787.75,29787.75,29922.75,29614.5,29909.75,83694
2026-07-09 11:00:00-04:00,29886.25,29886.25,29905.25,29779.5,29788.25,39798
2026-07-09 12:00:00-04:00,29897.25,29897.25,29924.25,29864.0,29886.5,29530
2026-07-09 13:00:00-04:00,29973.75,29973.75,29993.5,29893.5,29897.0,31856
2026-07-09 14:00:00-04:00,29939.25,29939.25,29985.0,29929.5,29974.75,25264
2026-07-09 15:00:00-04:00,29948.0,29948.0,29958.25,29896.75,29939.75,48990
2026-07-10 10:00:00-04:00,29818.25,29818.25,29966.0,29675.0,29922.75,71988
2026-07-10 11:00:00-04:00,29944.25,29944.25,29991.5,29780.0,29818.5,57546
2026-07-10 12:00:00-04:00,30026.75,30026.75,30043.25,29943.75,29944.25,35107
2026-07-10 13:00:00-04:00,30038.0,30038.0,30072.25,29996.5,30026.5,22704
2026-07-10 14:00:00-04:00,30038.25,30038.25,30071.0,30021.5,30039.0,24375
2026-07-10 15:00:00-04:00,30037.25,30037.25,30077.75,30024.75,30038.5,36455
2026-07-13 10:00:00-04:00,29717.75,29717.75,29724.0,29488.5,29631.0,75945
2026-07-13 11:00:00-04:00,29612.25,29612.25,29752.5,29596.75,29718.0,39143
2026-07-13 12:00:00-04:00,29525.75,29525.75,29638.5,29460.75,29611.25,50481
2026-07-13 13:00:00-04:00,29479.5,29479.5,29580.75,29468.0,29526.5,29043
2026-07-13 14:00:00-04:00,29493.5,29493.5,29539.5,29454.5,29480.0,28684
2026-07-13 15:00:00-04:00,29466.5,29466.5,29525.75,29393.25,29493.5,66857
2026-07-14 10:00:00-04:00,29772.5,29772.5,29839.75,29567.5,29780.25,77331
2026-07-14 11:00:00-04:00,29785.5,29785.5,29895.75,29753.75,29773.5,54910
2026-07-14 12:00:00-04:00,29826.75,29826.75,29830.0,29704.5,29786.0,36133
2026-07-14 13:00:00-04:00,29863.25,29863.25,29867.0,29807.0,29826.75,24238
2026-07-14 14:00:00-04:00,29824.0,29824.0,29878.25,29810.5,29863.0,22897
2026-07-14 15:00:00-04:00,29786.75,29786.75,29837.75,29771.0,29824.5,41404
2026-07-15 10:00:00-04:00,29630.75,29630.75,29892.5,29536.75,29823.5,92068
2026-07-15 11:00:00-04:00,29582.0,29582.0,29661.75,29526.5,29632.0,50387
2026-07-15 12:00:00-04:00,29512.75,29512.75,29599.5,29397.0,29580.25,55063
2026-07-15 13:00:00-04:00,29686.5,29686.5,29705.75,29504.75,29512.75,42167
2026-07-15 14:00:00-04:00,29613.25,29613.25,29742.75,29595.0,29686.5,42022
2026-07-15 15:00:00-04:00,29700.5,29700.5,29707.0,29589.0,29613.0,49692
2026-07-16 10:00:00-04:00,29433.75,29433.75,29513.5,29315.25,29346.5,68786
2026-07-16 11:00:00-04:00,29392.0,29392.0,29468.0,29336.0,29435.5,52429
2026-07-16 12:00:00-04:00,29338.25,29338.25,29395.25,29260.75,29392.5,43088
2026-07-16 13:00:00-04:00,29244.5,29244.5,29345.0,29219.0,29339.0,35699
2026-07-16 14:00:00-04:00,29210.5,29210.5,29304.0,29198.5,29244.25,35628
2026-07-16 15:00:00-04:00,29217.0,29217.0,29242.0,29078.5,29210.0,68267
2026-07-17 10:00:00-04:00,28727.25,28727.25,28896.0,28665.25,28678.25,103746
2026-07-17 11:00:00-04:00,28933.5,28933.5,28948.5,28672.25,28727.0,64669
2026-07-17 12:00:00-04:00,28974.25,28974.25,29028.0,28846.0,28934.0,56622
2026-07-17 13:00:00-04:00,28895.5,28895.5,29050.25,28883.75,28976.25,41833
2026-07-17 14:00:00-04:00,28861.5,28861.5,28937.0,28797.0,28896.75,41962
2026-07-17 15:00:00-04:00,28764.25,28764.25,28869.25,28718.5,28861.0,59301
2026-07-20 10:00:00-04:00,28891.5,28891.5,29053.75,28874.0,28995.75,75455
2026-07-20 11:00:00-04:00,29051.0,29051.0,29066.75,28873.25,28891.75,50650
2026-07-20 12:00:00-04:00,28983.75,28983.75,29119.0,28956.0,29051.75,46146
2026-07-20 13:00:00-04:00,28956.75,28956.75,28999.75,28900.75,28983.0,32687
2026-07-20 14:00:00-04:00,28870.0,28870.0,29009.75,28855.75,28957.0,35113
2026-07-20 15:00:00-04:00,28785.75,28785.75,28896.0,28767.75,28871.5,58242
2026-07-21 10:00:00-04:00,29237.5,29237.5,29256.5,29064.25,29153.75,71919
2026-07-21 11:00:00-04:00,29259.25,29259.25,29320.0,29181.0,29237.25,48629
2026-07-21 12:00:00-04:00,29331.5,29331.5,29352.5,29254.25,29258.25,32917
2026-07-21 13:00:00-04:00,29341.25,29341.25,29364.75,29323.0,29331.25,24414
2026-07-21 14:00:00-04:00,29327.75,29327.75,29361.75,29310.5,29341.5,24143
2026-07-21 15:00:00-04:00,29310.75,29310.75,29352.0,29290.75,29328.25,51971
2026-07-22 10:00:00-04:00,29240.25,29240.25,29283.75,29172.75,29275.75,68107
2026-07-22 11:00:00-04:00,29329.5,29329.5,29342.25,29240.25,29241.0,44384
2026-07-22 12:00:00-04:00,29310.5,29310.5,29335.0,29276.75,29330.0,25129
2026-07-22 13:00:00-04:00,29244.25,29244.25,29331.25,29234.25,29308.5,27689
2026-07-22 14:00:00-04:00,29245.75,29245.75,29271.25,29207.75,29244.0,31334
2026-07-22 15:00:00-04:00,29159.5,29159.5,29260.0,29158.25,29246.25,44275
2026-07-23 10:00:00-04:00,28596.75,28596.75,28801.25,28577.25,28706.5,99521
2026-07-23 11:00:00-04:00,28588.75,28588.75,28604.5,28432.5,28600.25,84291
2026-07-23 12:00:00-04:00,28640.75,28640.75,28738.25,28573.25,28588.5,56797
2026-07-23 13:00:00-04:00,28568.0,28568.0,28676.75,28565.5,28641.75,42650
2026-07-23 14:00:00-04:00,28552.0,28552.0,28603.5,28525.25,28568.0,35805
2026-07-23 15:00:00-04:00,28614.25,28614.25,28633.5,28486.25,28550.0,63938
2026-07-24 10:00:00-04:00,28449.25,28449.25,28461.5,28254.5,28322.5,97931
2026-07-24 11:00:00-04:00,28576.0,28576.0,28583.75,28355.0,28449.0,78965
2026-07-24 12:00:00-04:00,28495.75,28495.75,28630.75,28460.25,28577.0,45983
2026-07-24 13:00:00-04:00,28466.0,28466.0,28544.0,28427.0,28495.5,39419
2026-07-24 14:00:00-04:00,28302.5,28302.5,28486.0,28259.0,28467.75,45304
2026-07-24 15:00:00-04:00,28283.25,28283.25,28328.5,28212.5,28303.5,65990
2026-07-27 10:00:00-04:00,28169.0,28169.0,28372.75,27939.0,28348.25,127090
2026-07-27 11:00:00-04:00,28062.5,28062.5,28198.5,27980.25,28173.75,73191
2026-07-27 12:00:00-04:00,28048.5,28048.5,28204.5,28027.75,28062.5,59027
2026-07-27 13:00:00-04:00,28104.75,28104.75,28106.25,27986.0,28048.75,37800
2026-07-27 14:00:00-04:00,28188.75,28188.75,28191.0,28019.25,28104.75,39659
2026-07-27 15:00:00-04:00,28193.0,28193.0,28255.75,28155.25,28188.75,52748
2026-07-28 10:00:00-04:00,27801.75,27801.75,27890.0,27603.5,27663.0,117956
2026-07-28 11:00:00-04:00,28048.0,28048.0,28062.5,27768.0,27803.0,81016
2026-07-28 12:00:00-04:00,28057.0,28057.0,28080.0,27953.5,28047.5,52170
2026-07-28 13:00:00-04:00,27972.5,27972.5,28066.5,27925.0,28056.5,44512
2026-07-28 14:00:00-04:00,27972.75,27972.75,27999.5,27912.5,27974.25,35025
2026-07-28 15:00:00-04:00,27919.5,27919.5,28023.75,27911.0,27972.25,54842
2026-07-29 10:00:00-04:00,27600.0,27600.0,27826.5,27510.0,27734.0,107455
2026-07-29 11:00:00-04:00,27517.0,27517.0,27657.5,27464.5,27601.75,67763
2026-07-29 12:00:00-04:00,27603.25,27603.25,27603.5,27409.25,27518.5,56866
2026-07-29 13:00:00-04:00,27721.25,27721.25,27750.0,27595.25,27604.25,48401
2026-07-29 14:00:00-04:00,28056.75,28056.75,28096.75,27709.0,27730.0,99577
2026-07-29 15:00:00-04:00,27338.75,27338.75,28099.5,27317.5,28059.0,133673
2026-07-30 10:00:00-04:00,28069.5,28069.5,28246.5,28022.5,28152.25,118442
2026-07-30 11:00:00-04:00,28079.5,28079.5,28137.75,27996.25,28071.5,79402
2026-07-30 12:00:00-04:00,28126.75,28126.75,28192.75,28054.5,28078.25,51323
2026-07-30 13:00:00-04:00,28177.75,28177.75,28208.5,28126.0,28127.5,37788
2026-07-30 14:00:00-04:00,28181.0,28181.0,28205.0,28148.5,28177.75,28849
2026-07-30 15:00:00-04:00,28230.25,28230.25,28297.75,28179.75,28181.75,78559
2026-07-31 10:00:00-04:00,28307.75,28307.75,28393.0,28079.75,28356.0,129583
2026-07-31 11:00:00-04:00,28274.0,28274.0,28342.25,28115.5,28309.5,80204
2026-07-31 12:00:00-04:00,28367.5,28367.5,28390.0,28243.75,28274.0,50019
2026-07-31 13:00:00-04:00,28427.75,28427.75,28503.0,28360.0,28366.75,43752
2026-07-31 14:00:00-04:00,28433.5,28433.5,28462.0,28395.25,28428.75,30820
2026-07-31 15:00:00-04:00,28403.5,28403.5,28524.0,28380.0,28432.5,63488
2026-08-03 10:00:00-04:00,28802.0,28802.0,28803.75,28529.5,28623.75,89664
2026-08-03 11:00:00-04:00,28792.5,28792.5,28814.5,28722.0,28801.0,51774
2026-08-03 12:00:00-04:00,28822.25,28822.25,28847.25,28790.0,28792.5,35117
2026-08-03 13:00:00-04:00,28917.5,28917.5,28921.75,28813.0,28823.75,33797
2026-08-03 14:00:00-04:00,28907.0,28907.0,28964.25,28882.75,28918.25,41500
2026-08-03 15:00:00-04:00,28900.5,28900.5,28943.75,28865.25,28907.5,56537
2026-08-04 10:00:00-04:00,29549.75,29549.75,29572.75,29432.0,29464.25,87255
2026-08-04 11:00:00-04:00,29671.5,29671.5,29696.75,29544.0,29549.5,62627
2026-08-04 12:00:00-04:00,29742.75,29742.75,29744.5,29661.25,29669.75,40889
2026-08-04 13:00:00-04:00,29834.75,29834.75,29898.75,29739.25,29743.25,52371
2026-08-04 14:00:00-04:00,29881.25,29881.25,29895.5,29808.0,29834.5,40068
2026-08-04 15:00:00-04:00,29875.0,29875.0,29956.5,29847.5,29881.75,77814
2026-08-05 10:00:00-04:00,29848.25,29848.25,30048.5,29788.0,30041.0,106916
2026-08-05 11:00:00-04:00,29739.0,29739.0,29890.75,29713.25,29850.25,67866
2026-08-05 12:00:00-04:00,29808.25,29808.25,29839.75,29702.0,29738.25,48615
2026-08-05 13:00:00-04:00,29756.75,29756.75,29819.75,29734.25,29809.75,29224
2026-08-05 14:00:00-04:00,29725.75,29725.75,29788.5,29722.75,29757.25,26882
2026-08-05 15:00:00-04:00,29607.5,29607.5,29779.25,29592.75,29726.75,52374
2026-08-06 10:00:00-04:00,29656.75,29656.75,29667.0,29488.0,29529.0,91438
2026-08-06 11:00:00-04:00,29516.25,29516.25,29686.25,29506.0,29656.5,69666
2026-08-06 12:00:00-04:00,29557.0,29557.0,29558.5,29448.5,29515.75,51393
2026-08-06 13:00:00-04:00,29529.0,29529.0,29574.25,29493.75,29557.25,30649
2026-08-06 14:00:00-04:00,29515.5,29515.5,29575.5,29498.5,29529.0,29793
2026-08-06 15:00:00-04:00,29497.0,29497.0,29570.25,29475.0,29515.75,47620
2026-08-07 10:00:00-04:00,29721.0,29721.0,29779.5,29564.5,29679.75,103003
2026-08-07 11:00:00-04:00,29813.5,29813.5,29855.25,29709.0,29720.25,53115
2026-08-07 12:00:00-04:00,29739.5,29739.5,29830.0,29668.75,29814.75,47640
2026-08-07 13:00:00-04:00,29743.25,29743.25,29768.0,29726.25,29739.75,23785
2026-08-07 14:00:00-04:00,29725.0,29725.0,29754.75,29676.5,29743.25,23438
2026-08-07 15:00:00-04:00,29834.25,29834.25,29860.25,29723.0,29725.25,54074
2026-08-10 10:00:00-04:00,29780.75,29780.75,29900.0,29777.75,29806.75,64892
2026-08-10 11:00:00-04:00,29844.5,29844.5,29854.5,29740.75,29779.5,45606
2026-08-10 12:00:00-04:00,29780.0,29780.0,29858.75,29729.5,29844.75,35997
2026-08-10 13:00:00-04:00,29760.25,29760.25,29811.25,29744.25,29780.25,23608
2026-08-10 14:00:00-04:00,29782.5,29782.5,29784.5,29741.5,29758.0,18616
2026-08-10 15:00:00-04:00,29744.25,29744.25,29796.0,29722.5,29783.0,39231
2026-08-11 10:00:00-04:00,29777.25,29777.25,29804.75,29718.25,29732.25,67857
2026-08-11 11:00:00-04:00,29663.25,29663.25,29792.25,29658.75,29778.0,50126
2026-08-11 12:00:00-04:00,29626.0,29626.0,29681.75,29614.75,29664.0,37031
2026-08-11 13:00:00-04:00,29628.75,29628.75,29640.75,29573.0,29627.0,32415
2026-08-11 14:00:00-04:00,29582.75,29582.75,29635.75,29533.5,29629.0,33814
2026-08-11 15:00:00-04:00,29635.75,29635.75,29660.25,29571.5,29582.25,46650
2026-08-12 10:00:00-04:00,29868.25,29868.25,29945.75,29828.25,29907.5,73548
2026-08-12 11:00:00-04:00,29831.75,29831.75,29892.0,29818.5,29869.0,38494
2026-08-12 12:00:00-04:00,29906.0,29906.0,29918.0,29829.0,29831.5,31332
2026-08-12 13:00:00-04:00,29910.25,29910.25,29924.5,29889.25,29906.0,23941
2026-08-12 14:00:00-04:00,29889.75,29889.75,29932.0,29885.0,29909.75,20982
2026-08-12 15:00:00-04:00,29852.75,29852.75,29905.0,29825.75,29890.5,42726
2026-08-13 10:00:00-04:00,30199.0,30199.0,30267.5,30155.75,30175.75,77627
2026-08-13 11:00:00-04:00,30116.0,30116.0,30238.75,30104.0,30199.25,62094
2026-08-13 12:00:00-04:00,30192.5,30192.5,30203.25,30114.25,30117.25,32621
2026-08-13 13:00:00-04:00,30204.5,30204.5,30250.0,30193.25,30194.0,29343
2026-08-13 14:00:00-04:00,30244.25,30244.25,30246.0,30181.0,30205.0,29132
2026-08-13 15:00:00-04:00,30193.75,30193.75,30272.75,30173.0,30244.25,52283
2026-08-14 10:00:00-04:00,30123.5,30123.5,30272.25,30123.0,30225.75,66771
2026-08-14 11:00:00-04:00,30065.75,30065.75,30143.0,30028.5,30124.5,55959
2026-08-14 12:00:00-04:00,30059.0,30059.0,30107.75,30050.5,30066.75,35076
2026-08-14 13:00:00-04:00,30081.5,30081.5,30084.5,30046.5,30059.25,24808
2026-08-14 14:00:00-04:00,30088.75,30088.75,30104.0,30062.5,30081.25,22033
2026-08-14 15:00:00-04:00,30144.25,30144.25,30148.0,30076.0,30088.75,42647
2026-08-17 10:00:00-04:00,30244.25,30244.25,30246.0,30155.25,30235.25,58577
2026-08-17 11:00:00-04:00,30240.25,30240.25,30287.5,30207.75,30244.75,48037
2026-08-17 12:00:00-04:00,30183.5,30183.5,30243.25,30175.25,30239.25,27230
2026-08-17 13:00:00-04:00,30102.25,30102.25,30187.25,30086.5,30182.0,45204
2026-08-17 14:00:00-04:00,30122.25,30122.25,30136.5,30079.25,30101.75,27860
2026-08-17 15:00:00-04:00,30090.5,30090.5,30124.75,30066.5,30122.5,42354
2026-08-18 10:00:00-04:00,29547.75,29547.75,29705.75,29536.25,29647.0,101131
2026-08-18 11:00:00-04:00,29637.0,29637.0,29641.0,29514.0,29547.5,66262
2026-08-18 12:00:00-04:00,29649.75,29649.75,29670.75,29603.25,29636.75,43595
2026-08-18 13:00:00-04:00,29565.75,29565.75,29660.75,29565.0,29649.75,31753
2026-08-18 14:00:00-04:00,29571.25,29571.25,29615.0,29547.25,29566.5,33139
2026-08-18 15:00:00-04:00,29586.5,29586.5,29610.0,29559.25,29571.0,52862
2026-08-19 10:00:00-04:00,29623.25,29623.25,29624.5,29375.75,29497.5,103119
2026-08-19 11:00:00-04:00,29606.5,29606.5,29631.25,29550.25,29623.0,47459
2026-08-19 12:00:00-04:00,29559.5,29559.5,29667.25,29553.0,29606.75,33660
2026-08-19 13:00:00-04:00,29544.25,29544.25,29573.25,29510.5,29560.0,28169
2026-08-19 14:00:00-04:00,29534.75,29534.75,29592.5,29492.0,29544.0,35065
2026-08-19 15:00:00-04:00,29521.5,29521.5,29590.0,29485.25,29536.5,46638
2026-08-20 10:00:00-04:00,29392.75,29392.75,29433.5,29305.0,29354.0,88890
2026-08-20 11:00:00-04:00,29330.25,29330.25,29457.5,29269.25,29392.5,63968
2026-08-20 12:00:00-04:00,29380.0,29380.0,29389.0,29302.75,29329.75,35621
2026-08-20 13:00:00-04:00,29292.75,29292.75,29382.0,29282.75,29380.0,31916
2026-08-20 14:00:00-04:00,29243.75,29243.75,29293.0,29202.75,29291.25,42657
2026-08-20 15:00:00-04:00,29305.25,29305.25,29335.25,29242.25,29244.25,56587
2026-08-21 10:00:00-04:00,29331.75,29331.75,29335.5,29220.0,29303.25,89500
2026-08-21 11:00:00-04:00,29443.0,29443.0,29488.75,29326.75,29332.0,66503
2026-08-21 12:00:00-04:00,29411.75,29411.75,29452.75,29380.75,29442.5,39478
2026-08-21 13:00:00-04:00,29383.5,29383.5,29424.0,29376.25,29411.75,25537
2026-08-21 14:00:00-04:00,29400.75,29400.75,29405.25,29353.75,29384.0,23853
2026-08-21 15:00:00-04:00,29395.25,29395.25,29432.25,29375.25,29400.0,46657
2026-08-24 10:00:00-04:00,29083.25,29083.25,29110.75,28953.5,29023.0,78826
2026-08-24 11:00:00-04:00,29168.75,29168.75,29205.5,29038.75,29084.25,62149
2026-08-24 12:00:00-04:00,29170.75,29170.75,29224.75,29156.75,29169.0,34988
2026-08-24 13:00:00-04:00,29124.0,29124.0,29210.5,29116.5,29171.5,35896
2026-08-24 14:00:00-04:00,29153.75,29153.75,29233.25,29123.0,29123.5,36083
2026-08-24 15:00:00-04:00,29099.5,29099.5,29173.0,29095.5,29153.25,48593
2026-08-25 10:00:00-04:00,29232.5,29232.5,29315.0,29138.0,29310.0,89236
2026-08-25 11:00:00-04:00,29262.0,29262.0,29309.75,29197.0,29233.0,48036
2026-08-25 12:00:00-04:00,29274.75,29274.75,29299.75,29252.75,29264.0,31662
2026-08-25 13:00:00-04:00,29226.75,29226.75,29279.0,29214.5,29275.5,27424
2026-08-25 14:00:00-04:00,29255.75,29255.75,29275.0,29202.0,29227.5,29337
2026-08-25 15:00:00-04:00,29270.5,29270.5,29289.5,29211.5,29256.5,43829
2026-08-26 10:00:00-04:00,29251.25,29251.25,29332.5,29156.75,29331.25,62610
2026-08-26 11:00:00-04:00,29216.75,29216.75,29291.5,29215.5,29253.75,42801
2026-08-26 12:00:00-04:00,29216.75,29216.75,29224.75,29170.0,29217.0,30693
2026-08-26 13:00:00-04:00,29284.25,29284.25,29293.75,29210.5,29213.25,28943
2026-08-26 14:00:00-04:00,29321.75,29321.75,29329.75,29264.75,29283.0,26599
2026-08-26 15:00:00-04:00,29297.25,29297.25,29368.25,29280.25,29321.25,50395
2026-08-27 10:00:00-04:00,29602.0,29602.0,29623.5,29478.5,29483.5,79967
2026-08-27 11:00:00-04:00,29598.0,29598.0,29635.0,29511.5,29601.5,53361
2026-08-27 12:00:00-04:00,29651.75,29651.75,29659.5,29570.0,29597.0,35409
2026-08-27 13:00:00-04:00,29611.5,29611.5,29678.5,29607.0,29652.75,34357
2026-08-27 14:00:00-04:00,29571.25,29571.25,29622.0,29526.5,29612.25,43558
2026-08-27 15:00:00-04:00,29692.0,29692.0,29704.5,29567.0,29571.75,57495
2026-08-28 10:00:00-04:00,29797.0,29797.0,29799.0,29505.0,29632.0,123681
2026-08-28 11:00:00-04:00,29552.5,29552.5,29811.5,29544.25,29797.0,81204
2026-08-28 12:00:00-04:00,29502.75,29502.75,29593.0,29464.5,29553.0,75520
2026-08-28 13:00:00-04:00,29514.5,29514.5,29529.25,29436.25,29502.25,45165
2026-08-28 14:00:00-04:00,29455.5,29455.5,29521.5,29441.0,29516.25,30720
2026-08-28 15:00:00-04:00,29496.25,29496.25,29521.5,29443.5,29456.0,54288
2026-08-31 10:00:00-04:00,29415.5,29415.5,29447.75,29355.0,29439.0,65087
2026-08-31 11:00:00-04:00,29389.0,29389.0,29445.75,29383.0,29416.0,45684
2026-08-31 12:00:00-04:00,29440.25,29440.25,29443.25,29362.5,29388.75,35058
2026-08-31 13:00:00-04:00,29441.0,29441.0,29457.5,29388.0,29440.0,26064
2026-08-31 14:00:00-04:00,29403.75,29403.75,29464.25,29382.5,29442.0,28414
2026-08-31 15:00:00-04:00,29507.25,29507.25,29538.25,29403.5,29404.5,57621
2026-09-01 10:00:00-04:00,29228.0,29228.0,29268.0,29085.25,29108.75,74390
2026-09-01 11:00:00-04:00,29296.25,29296.25,29317.75,29178.25,29228.5,52872
2026-09-01 12:00:00-04:00,29190.75,29190.75,29300.75,29131.25,29296.25,57422
2026-09-01 13:00:00-04:00,29140.75,29140.75,29191.75,29100.5,29191.25,34358
2026-09-01 14:00:00-04:00,29076.0,29076.0,29151.5,29002.0,29139.75,44616
2026-09-01 15:00:00-04:00,29126.0,29126.0,29141.0,29070.5,29076.5,57287
2026-09-02 10:00:00-04:00,29120.25,29120.25,29213.0,29032.25,29060.25,75733
2026-09-02 11:00:00-04:00,29185.25,29185.25,29208.5,29106.25,29119.5,49093
2026-09-02 12:00:00-04:00,29155.0,29155.0,29198.5,29137.0,29184.5,26768
2026-09-02 13:00:00-04:00,29158.75,29158.75,29182.5,29125.25,29155.5,29364
2026-09-02 14:00:00-04:00,29145.5,29145.5,29199.75,29130.25,29159.75,29165
2026-09-02 15:00:00-04:00,29190.5,29190.5,29197.25,29139.0,29145.75,35804
2026-09-03 10:00:00-04:00,29363.5,29363.5,29368.0,29241.75,29331.75,89183
2026-09-03 11:00:00-04:00,29538.0,29538.0,29542.5,29362.25,29363.25,76136
2026-09-03 12:00:00-04:00,29527.5,29527.5,29544.0,29483.0,29538.75,34984
2026-09-03 13:00:00-04:00,29543.75,29543.75,29552.5,29476.0,29528.75,29186
2026-09-03 14:00:00-04:00,29568.25,29568.25,29584.25,29551.5,29551.5,30759
2026-09-03 15:00:00-04:00,29530.75,29530.75,29570.5,29509.25,29568.5,49329
2026-09-04 10:00:00-04:00,29520.25,29520.25,29691.0,29498.75,29689.0,84623
2026-09-04 11:00:00-04:00,29515.0,29515.0,29543.0,29478.0,29520.0,51834
2026-09-04 12:00:00-04:00,29576.0,29576.0,29595.75,29505.0,29515.25,35291
2026-09-04 13:00:00-04:00,29491.25,29491.25,29580.5,29468.0,29576.25,35480
2026-09-04 14:00:00-04:00,29538.75,29538.75,29542.5,29471.25,29491.75,28408
2026-09-04 15:00:00-04:00,29569.25,29569.25,29586.5,29506.75,29538.5,45441
2026-09-08 10:00:00-04:00,29562.75,29562.75,29563.5,29424.75,29503.25,75017
2026-09-08 11:00:00-04:00,29604.25,29604.25,29645.25,29545.5,29564.0,51492
2026-09-08 12:00:00-04:00,29573.5,29573.5,29622.0,29549.5,29604.25,37591
2026-09-08 13:00:00-04:00,29590.25,29590.25,29641.5,29572.0,29572.25,27021
2026-09-08 14:00:00-04:00,29576.25,29576.25,29615.5,29519.75,29590.75,37290
2026-09-08 15:00:00-04:00,29542.0,29542.0,29586.25,29496.0,29576.25,51237
2026-09-09 10:00:00-04:00,29527.0,29527.0,29593.75,29459.5,29558.25,75044
2026-09-09 11:00:00-04:00,29448.0,29448.0,29562.25,29358.0,29528.5,82317
2026-09-09 12:00:00-04:00,29458.5,29458.5,29478.0,29386.75,29448.25,36653
2026-09-09 13:00:00-04:00,29468.75,29468.75,29483.75,29428.25,29458.25,27626
2026-09-09 14:00:00-04:00,29447.5,29447.5,29474.0,29436.75,29467.75,22430
2026-09-09 15:00:00-04:00,29454.5,29454.5,29471.25,29423.25,29448.0,37278
2026-09-10 10:00:00-04:00,29262.5,29262.5,29275.0,29097.25,29099.5,96835
2026-09-10 11:00:00-04:00,29204.75,29204.75,29272.75,29186.0,29264.0,54508
2026-09-10 12:00:00-04:00,29232.5,29232.5,29242.75,29133.75,29205.5,46989
2026-09-10 13:00:00-04:00,29186.0,29186.0,29267.5,29175.5,29232.25,30762
2026-09-10 14:00:00-04:00,29174.25,29174.25,29199.75,29146.25,29185.25,32059
2026-09-10 15:00:00-04:00,29138.25,29138.25,29176.0,29123.25,29172.25,49916
2026-09-11 10:00:00-04:00,29370.5,29370.5,29473.25,29334.0,29473.0,97788
2026-09-11 11:00:00-04:00,29450.0,29450.0,29499.75,29361.0,29370.25,54106
2026-09-11 12:00:00-04:00,29436.75,29436.75,29485.25,29392.0,29450.25,39257
2026-09-11 13:00:00-04:00,29452.5,29452.5,29479.0,29435.75,29437.0,29095
2026-09-11 14:00:00-04:00,29428.75,29428.75,29460.5,29417.0,29452.75,28790
2026-09-11 15:00:00-04:00,29386.5,29386.5,29433.25,29378.75,29429.0,47558
2026-09-14 10:00:00-04:00,29012.0,29012.0,29089.0,28955.75,29003.25,76772
2026-09-14 11:00:00-04:00,29471.75,29471.75,29505.25,28986.25,29012.0,76926
2026-09-14 12:00:00-04:00,29558.25,29558.25,29575.5,29428.5,29472.0,47793
2026-09-14 13:00:00-04:00,29581.5,29581.5,29604.5,29537.25,29556.75,38083
2026-09-14 14:00:00-04:00,29557.25,29557.25,29601.25,29554.0,29582.0,27524
2026-09-14 15:00:00-04:00,29448.5,29448.5,29559.0,29444.5,29557.25,47174
2026-09-15 10:00:00-04:00,29239.75,29239.75,29432.0,29215.75,29429.5,87200
2026-09-15 11:00:00-04:00,29277.5,29277.5,29311.5,29239.25,29239.25,54045
2026-09-15 12:00:00-04:00,29280.0,29280.0,29302.5,29240.0,29277.75,39328
2026-09-15 13:00:00-04:00,29262.75,29262.75,29284.0,29241.25,29280.25,28904
2026-09-15 14:00:00-04:00,29252.5,29252.5,29287.75,29229.75,29263.5,30057
2026-09-15 15:00:00-04:00,29251.5,29251.5,29258.75,29207.5,29252.75,49329
2026-09-16 10:00:00-04:00,29499.25,29499.25,29501.0,29418.0,29479.75,60029
2026-09-16 11:00:00-04:00,29499.25,29499.25,29549.75,29482.25,29499.25,56816
2026-09-16 12:00:00-04:00,29468.5,29468.5,29502.5,29464.25,29499.5,26163
2026-09-16 13:00:00-04:00,29475.0,29475.0,29478.5,29419.25,29469.5,23584
2026-09-16 14:00:00-04:00,29231.0,29231.0,29539.0,29221.5,29487.0,114072
2026-09-16 15:00:00-04:00,29254.25,29254.25,29303.75,29053.0,29231.0,130378
2026-09-17 10:00:00-04:00,29680.0,29680.0,29748.0,29639.5,29689.5,78583
2026-09-17 11:00:00-04:00,29742.5,29742.5,29745.75,29652.0,29681.0,45660
2026-09-17 12:00:00-04:00,29740.75,29740.75,29753.25,29704.25,29743.25,36774
2026-09-17 13:00:00-04:00,29743.0,29743.0,29762.5,29717.25,29741.25,30458
2026-09-17 14:00:00-04:00,29722.0,29722.0,29747.5,29705.0,29742.5,27696
2026-09-17 15:00:00-04:00,29744.75,29744.75,29793.25,29720.0,29722.25,60591
2026-09-18 10:00:00-04:00,29757.75,29757.75,29783.75,29692.75,29776.0,79329
2026-09-18 11:00:00-04:00,29708.25,29708.25,29772.5,29702.75,29758.0,43250
2026-09-18 12:00:00-04:00,29727.5,29727.5,29735.0,29659.25,29708.75,40479
2026-09-18 13:00:00-04:00,29763.25,29763.25,29768.0,29719.75,29728.0,25506
2026-09-18 14:00:00-04:00,29832.0,29832.0,29849.5,29748.0,29763.0,33032
2026-09-18 15:00:00-04:00,29915.75,29915.75,29937.75,29822.75,29832.25,62595
2026-09-21 10:00:00-04:00,30550.5,30550.5,30559.5,30397.0,30416.25,86799
2026-09-21 11:00:00-04:00,30610.0,30610.0,30639.25,30549.0,30551.0,53183
2026-09-21 12:00:00-04:00,30680.5,30680.5,30704.25,30601.5,30610.5,46605
2026-09-21 13:00:00-04:00,30712.5,30712.5,30724.5,30664.25,30681.0,33531
2026-09-21 14:00:00-04:00,30786.5,30786.5,30797.25,30712.5,30712.75,38783
2026-09-21 15:00:00-04:00,30784.0,30784.0,30862.75,30773.0,30787.25,69704
2026-09-22 10:00:00-04:00,30927.0,30927.0,30997.5,30890.5,30929.75,81564
2026-09-22 11:00:00-04:00,30910.5,30910.5,30949.0,30885.75,30926.25,46015
2026-09-22 12:00:00-04:00,30940.75,30940.75,30947.0,30889.25,30911.25,35260
2026-09-22 13:00:00-04:00,30977.25,30977.25,30988.25,30921.75,30941.25,30289
2026-09-22 14:00:00-04:00,30976.25,30976.25,31009.5,30951.25,30976.25,31004
2026-09-22 15:00:00-04:00,31030.5,31030.5,31065.5,30975.25,30976.0,58654
2026-09-23 10:00:00-04:00,30822.5,30822.5,30871.0,30642.75,30846.25,123358
2026-09-23 11:00:00-04:00,30746.5,30746.5,30827.75,30723.25,30823.25,55171
2026-09-23 12:00:00-04:00,30686.75,30686.75,30756.25,30667.75,30747.5,39792
2026-09-23 13:00:00-04:00,30771.0,30771.0,30774.5,30646.5,30687.5,49801
2026-09-23 14:00:00-04:00,30762.0,30762.0,30772.0,30725.0,30771.0,29670
2026-09-23 15:00:00-04:00,30769.5,30769.5,30782.5,30710.0,30762.25,57682
2026-09-24 10:00:00-04:00,30542.0,30542.0,30639.75,30532.5,30578.75,70996
2026-09-24 11:00:00-04:00,30554.75,30554.75,30572.75,30502.5,30542.5,62404
2026-09-24 12:00:00-04:00,30792.25,30792.25,30815.75,30506.5,30554.0,104828
2026-09-24 13:00:00-04:00,30696.5,30696.5,30827.5,30665.75,30791.5,63886
2026-09-24 14:00:00-04:00,30779.75,30779.75,30792.5,30622.0,30697.5,55960
2026-09-24 15:00:00-04:00,30756.75,30756.75,30791.0,30724.0,30780.25,48646
2026-09-25 10:00:00-04:00,30823.5,30823.5,30905.0,30684.0,30900.25,106172
2026-09-25 11:00:00-04:00,30857.75,30857.75,30871.5,30731.25,30823.0,69218
2026-09-25 12:00:00-04:00,30877.25,30877.25,30951.5,30838.0,30856.75,75192
2026-09-25 13:00:00-04:00,30911.5,30911.5,30927.0,30872.75,30880.0,29409
2026-09-25 14:00:00-04:00,30868.5,30868.5,30931.0,30867.25,30912.25,27722
2026-09-25 15:00:00-04:00,30891.5,30891.5,30935.0,30845.0,30869.0,45370
2026-09-28 10:00:00-04:00,30410.0,30410.0,30658.0,30356.75,30650.75,109507
2026-09-28 11:00:00-04:00,30522.25,30522.25,30531.25,30404.75,30410.0,67611
2026-09-28 12:00:00-04:00,30603.0,30603.0,30722.0,30498.5,30522.5,89189
2026-09-28 13:00:00-04:00,30625.75,30625.75,30694.0,30564.25,30602.25,61850
2026-09-28 14:00:00-04:00,30637.75,30637.75,30650.0,30578.75,30625.75,34063
2026-09-28 15:00:00-04:00,30566.75,30566.75,30641.25,30534.75,30640.75,60940
2026-09-29 10:00:00-04:00,30663.25,30663.25,30706.25,30589.25,30608.75,88453
2026-09-29 11:00:00-04:00,30587.75,30587.75,30665.75,30531.25,30663.0,78085
2026-09-29 12:00:00-04:00,30538.0,30538.0,30594.0,30504.5,30585.75,46004
2026-09-29 13:00:00-04:00,30522.25,30522.25,30584.75,30508.25,30536.0,37081
2026-09-29 14:00:00-04:00,30647.0,30647.0,30660.75,30521.25,30523.0,55791
2026-09-29 15:00:00-04:00,30617.25,30617.25,30656.5,30592.25,30647.5,48879
2026-09-30 10:00:00-04:00,30843.5,30843.5,30894.75,30780.25,30841.25,87317
2026-09-30 11:00:00-04:00,30879.5,30879.5,30906.0,30806.0,30843.75,58938
2026-09-30 12:00:00-04:00,30861.25,30861.25,30896.75,30819.75,30878.75,35346
2026-09-30 13:00:00-04:00,30856.5,30856.5,30871.0,30760.5,30860.75,41056
2026-09-30 14:00:00-04:00,30812.0,30812.0,30864.75,30790.5,30856.5,38890
2026-09-30 15:00:00-04:00,30693.75,30693.75,30858.25,30680.75,30812.75,71514
2026-10-01 10:00:00-04:00,30635.25,30635.25,30754.0,30560.75,30749.5,142646
2026-10-01 11:00:00-04:00,30610.75,30610.75,30680.5,30529.25,30637.75,98722
2026-10-01 12:00:00-04:00,30595.5,30595.5,30673.75,30555.75,30612.75,53327
2026-10-01 13:00:00-04:00,30794.75,30794.75,30883.5,30589.0,30594.5,88903
2026-10-01 14:00:00-04:00,30839.25,30839.25,30841.75,30705.0,30794.75,63174
2026-10-01 15:00:00-04:00,30772.5,30772.5,30856.5,30747.75,30840.5,52872
2026-10-02 10:00:00-04:00,31165.25,31165.25,31282.5,31155.75,31185.5,88813
2026-10-02 11:00:00-04:00,31101.25,31101.25,31181.25,30988.0,31166.75,88597
2026-10-02 12:00:00-04:00,31071.5,31071.5,31130.25,31042.0,31102.25,41158
2026-10-02 13:00:00-04:00,31047.75,31047.75,31108.5,30994.75,31072.0,38863
2026-10-02 14:00:00-04:00,31043.0,31043.0,31057.5,31011.25,31048.0,22681
2026-10-02 15:00:00-04:00,31069.75,31069.75,31090.75,31026.75,31043.75,49138
2026-10-05 10:00:00-04:00,31248.25,31248.25,31254.75,31115.0,31156.0,66841
2026-10-05 11:00:00-04:00,31236.0,31236.0,31254.5,31206.0,31248.0,38283
2026-10-05 12:00:00-04:00,31248.5,31248.5,31274.75,31200.5,31235.5,33968
2026-10-05 13:00:00-04:00,31296.0,31296.0,31318.75,31235.75,31250.5,30024
2026-10-05 14:00:00-04:00,31320.5,31320.5,31325.0,31273.5,31296.25,25342
2026-10-05 15:00:00-04:00,31338.5,31338.5,31371.0,31291.25,31321.5,64677
2026-10-06 10:00:00-04:00,31583.5,31583.5,31590.75,31480.0,31548.5,78656
2026-10-06 11:00:00-04:00,31569.0,31569.0,31616.5,31563.0,31584.0,46257
2026-10-06 12:00:00-04:00,31529.5,31529.5,31573.5,31515.75,31569.0,37240
2026-10-06 13:00:00-04:00,31526.25,31526.25,31546.0,31480.75,31529.0,38033
2026-10-06 14:00:00-04:00,31532.75,31532.75,31557.5,31505.25,31526.25,31801
2026-10-06 15:00:00-04:00,31480.75,31480.75,31537.5,31467.75,31532.25,49180
2026-10-07 10:00:00-04:00,31253.5,31253.5,31288.25,31191.25,31238.75,73038
2026-10-07 11:00:00-04:00,31338.5,31338.5,31373.0,31228.5,31255.5,61577
2026-10-07 12:00:00-04:00,31330.25,31330.25,31359.75,31313.25,31338.5,35077
2026-10-07 13:00:00-04:00,31356.0,31356.0,31386.5,31317.5,31330.0,35482
2026-10-07 14:00:00-04:00,31374.0,31374.0,31394.25,31341.5,31354.75,24430
2026-10-07 15:00:00-04:00,31395.25,31395.25,31422.25,31335.25,31374.25,51284
